time,raw_wavelength_shift,moving_average,butterworth,savitzky_golay,median
0.02,-0.00023869999972703226,-0.002102699999750257,-0.000291408537444971,0.0002854958044602504,-0.00023869999972703226
0.04,-0.0012086999997791281,-0.002102699999750257,-0.0016953378309449252,-0.001342546153575154,-0.00023869999972703226
0.06,-0.003348699999605742,-0.002102699999750257,-0.0028274168895125627,-0.0025386533796830186,-0.0012086999997791281
0.079999,0.002681300000176634,-0.003150699999741846,-0.0034645253533879886,-0.003284259440294231,-0.003348699999605742
0.1,-0.008398699999816017,-0.0029946999997264357,-0.003462382410208615,-0.0035607979018396772,-0.003348699999605742
0.119999,-0.005478699999684977,-0.003110699999751887,-0.0028101141161886362,-0.003349702330750244,-0.0039286999997329985
0.139999,-0.00042869999970207573,-0.0026826999997410896,-0.0016680152184516614,-0.001690821211870855,-0.0039286999997329985
0.159999,-0.0039286999997329985,-0.0007786999997279054,-0.00035393242996927535,-0.0011494692305150523,-0.00042869999970207573
0.179998,0.004821300000230622,0.0013973000002806657,0.0007375111061665916,0.0012510669000612429,0.001121300000249903
0.199998,0.001121300000249903,0.0008133000002999325,0.0012622328361827136,0.001460530769550656,0.001121300000249903
0.219998,0.005401300000357878,0.002679300000318108,0.0010507542831038083,0.0017230016320293048,0.004821300000230622
0.239998,-0.003348699999605742,-0.0011306999996577361,0.00017513264212747374,0.0003596449886623268,0.001121300000249903
0.259998,0.005401300000357878,-0.0003906999996615923,-0.00107197483128677,-0.001206415617395045,0.004821300000230622
0.279997,-0.014228699999648597,-0.0031506999996963716,-0.0022782425820919625,-0.003248000698974659,-0.003348699999605742
0.299997,0.004821300000230622,-0.0031506999996963716,-0.00304997328294318,-0.0036337349647219156,-0.003348699999605742
0.319997,-0.008398699999816017,-0.0038886999996975645,-0.0031317480496275626,-0.002708047319053147,-0.003348699999605742
0.339997,-0.003348699999605742,-0.000390699999707067,-0.0024652433521783978,-0.0013795391605320008,0.0017113000003519119
0.359997,0.0017113000003519119,-0.00027469999968161575,-0.0011759467183478202,-0.0017293293703082903,0.0017113000003519119
0.379996,0.0032613000003038906,0.0007353000003604393,0.0004918636245816356,0.0012581531471921393,0.0017113000003519119
0.399996,0.005401300000357878,0.0016293000003315683,0.002251935725163887,0.0017267079257463809,0.0017113000003519119
0.419996,-0.003348699999605742,0.003689300000314688,0.0038286586631991943,0.004297127506148748,0.0032613000003038906
0.439996,0.001121300000249903,0.00431130000029043,0.004979063213725314,0.004978036597029438,0.005401300000357878
0.459996,0.01201130000026751,0.0038833000002796323,0.00550855265005551,0.0046387125876934535,0.0032613000003038906
0.479995,0.0063713000001826,0.005205300000261559,0.005303116962604851,0.004693864102820207,0.0032613000003038906
0.499995,0.0032613000003038906,0.004739300000255753,0.004369378200338716,0.004037850116806218,0.0032613000003038906
0.519995,0.0032613000003038906,0.0025613000002522313,0.002852305958761924,0.004107360606314524,0.0032613000003038906
0.539995,-0.0012086999997791281,0.0006173000002945628,0.001012367473626241,0.0012667778557500218,0.001121300000249903
0.559995,0.001121300000249903,-0.000276699999722041,-0.0008300084329615629,-0.0017374645684902605,-0.0012086999997791281
0.579994,-0.003348699999605742,-0.002492699999720571,-0.0023621495978010582,-0.002011240792246257,-0.0012086999997791281
0.599994,-0.0012086999997791281,-0.002608699999700548,-0.0033423694975339975,-0.0024288864798789585,-0.001788699999679011
0.619994,-0.00781869999968876,-0.0027646999996704833,-0.00364874362073629,-0.0045788864798658345,-0.001788699999679011
0.639994,-0.001788699999679011,-0.003192699999681281,-0.0033048960282475734,-0.0036149237758914396,-0.001788699999679011
0.659994,0.00034130000040022423,-0.004202699999677861,-0.0024745246361481577,-0.0025011009320843997,-0.00548869999965973
0.679993,-0.00548869999965973,-0.00023669999968660703,-0.0014215139945690073,-0.0011505648015723469,-0.001788699999679011
0.699993,-0.00625869999976203,0.0003453000002991757,-0.00044009329005471534,0.0004477335667426261,0.00034130000040022423
0.719993,0.01201130000026751,-8.06999997166713e-05,0.00023248433146884185,0.0007459153849210408,-0.001788699999679011
0.739993,0.001121300000249903,0.0010853000002953195,0.0004940429126663826,-0.00017525011625237194,0.00034130000040022423
0.759993,-0.001788699999679011,0.0007733000003099733,0.00040612643791950354,8.878251778092553e-05,0.00034130000040022423
0.779992,0.00034130000040022423,-0.0014046999996935484,0.0001468016741862613,1.6101865109400702e-05,0.00034130000040022423
0.799992,-0.00781869999968876,-0.0009766999996827508,-9.20099968288548e-05,-7.935268034847974e-05,0.00034130000040022423
0.819992,0.001121300000249903,-0.0008606999997027743,-0.00020094550609888498,-0.001604247785250471,0.00034130000040022423
0.839992,0.0032613000003038906,3.5300000263305265e-05,-0.0001854516158701309,0.00020183613081040016,0.001121300000249903
0.859992,-0.0012086999997791281,0.0012413000002652551,-0.00012224315706124456,0.0007747032636659173,0.001121300000249903
0.879992,0.004821300000230622,0.0012413000002652551,-7.900383396457252e-05,0.00038589207485533556,0.001121300000249903
0.899991,-0.001788699999679011,-8.06999997166713e-05,-5.519253737212573e-05,0.001288269697256503,-0.0012086999997791281
0.919991,0.001121300000249903,-0.00019669999969664786,1.8298120050922125e-05,-0.0010114738924663724,-0.001788699999679011
0.939991,-0.003348699999605742,-0.0005086999996819941,0.00022307118123593767,-0.0009935251745158,-0.001788699999679011
0.959991,-0.001788699999679011,-0.0009366999996927916,0.0005785130806479495,0.0009490855480918269,-0.001788699999679011
0.97999,0.0032613000003038906,0.0008133000002999325,0.0009982141327166667,0.0005809037298892723,-0.001788699999679011
0.99999,-0.0039286999997329985,0.002447300000267205,0.0013097385333474406,0.0012509037298746336,0.0032613000003038906
1.01999,0.009871300000213523,0.0012413000002652551,0.001332538611119629,0.0014650296040068615,0.0032613000003038906
1.03999,0.004821300000230622,0.000657300000284522,0.0009725850484296818,0.0010941904431769937,0.00034130000040022423
1.05999,-0.00781869999968876,0.0015113000003111666,0.00028003085384863433,0.001276707925732932,0.00034130000040022423
1.079989,0.00034130000040022423,-0.0011326999996526866,-0.0005603771975412693,-0.0005668118877668411,0.00034130000040022423
1.099989,0.00034130000040022423,-0.0014446999996380328,-0.0012938379759151145,-0.0012499587409077343,0.00034130000040022423
1.119989,-0.003348699999605742,-0.001560699999663484,-0.0016778681692555413,-0.002708140559101101,0.00034130000040022423
1.139989,0.0032613000003038906,-0.001092699999708202,-0.00155336639829675,-0.0012383736593731024,0.00034130000040022423
1.159989,-0.008398699999816017,-0.0006246999997529201,-0.0008930894596205798,-0.0002728724939176617,0.002681300000176634
1.179988,0.002681300000176634,0.0005813000002035551,0.00017892157637535604,-5.676526785996518e-05,0.002681300000176634
1.199988,0.002681300000176634,-0.00031269999981304865,0.0014058716855286204,0.00019393403280847067,0.002681300000176634
1.219988,0.002681300000176634,0.002641300000186675,0.002457212110705679,0.002559155478023559,0.002681300000176634
1.239988,-0.0012086999997791281,0.002329300000201329,0.0030163183547423453,0.0032569177158097173,0.002681300000176634
1.259988,0.0063713000001826,0.00365130000022873,0.0028757773627743504,0.0038692953382196025,0.002681300000176634
1.279987,0.001121300000249903,0.002017300000261457,0.0020164103222413735,0.00209041421938772,0.001121300000249903
1.299987,0.00929130000031364,0.001161300000285337,0.0006417734623141494,0.00025440023340609415,0.001121300000249903
1.319987,-0.00548869999965973,-0.0007826999996723317,-0.0008600863770976998,-0.0008045974355970596,-0.003348699999605742
1.339987,-0.00548869999965973,-0.0019486999996843224,-0.002033652816169146,-0.0012187466197468555,-0.004708699999810051
1.359987,-0.003348699999605742,-0.0032706999997117237,-0.0025150161700820514,-0.0035647372957150663,-0.004708699999810051
1.379986,-0.004708699999810051,-0.002104699999699733,-0.0021646703878755507,-0.002758933099912216,-0.003348699999605742
1.399986,0.002681300000176634,-0.0016766999996889354,-0.001114930509161164,-0.002038863169868326,-0.003348699999605742
1.419986,0.00034130000040022423,0.0009673000002749177,0.00028364764851604245,0.0012173139862986751,0.00034130000040022423
1.439986,-0.003348699999605742,0.0024453000002722545,0.0015885146412660993,0.0026650062939670037,0.002681300000176634
1.459986,0.009871300000213523,0.002561300000297706,0.0024148745824778203,0.0026655657345340416,0.002681300000176634
1.479985,0.002681300000176634,0.0022513000002618356,0.0025588237711006495,0.0028421391611174714,0.002681300000176634
1.499985,0.0032613000003038906,0.0022513000002618356,0.002052437079507105,0.001403374592360171,0.002681300000176634
1.519985,-0.0012086999997791281,0.0005013000002691114,0.0011306074151033105,0.0007123489513275217,0.001121300000249903
1.539985,-0.003348699999605742,-0.0007046999996873637,0.00012589406015748984,0.000669062238038795,-0.0012086999997791281
1.559985,0.001121300000249903,-0.0011326999996981613,-0.0006590313266036409,-0.0012691428901372597,-0.0012086999997791281
1.579984,-0.003348699999605742,-0.00035469999970700884,-0.0010462280793671556,-0.0018805881115953674,0.001121300000249903
1.599984,0.001121300000249903,-0.0007826999997178063,-0.0010142175826508627,-0.001233408624433323,0.001121300000249903
1.619984,0.002681300000176634,-0.0012486999997236125,-0.0006705203047102999,-0.00011424778526678448,-0.0012086999997791281
1.639984,-0.00548869999965973,0.0009673000002749177,-0.00019044387782941237,0.000857756876736684,0.001121300000249903
1.659984,-0.0012086999997791281,0.000811300000304982,0.0002516034894686311,0.0005612766902863455,0.00034130000040022423
1.679983,0.007731300000386909,0.0003433000003497,0.0005413316666238849,0.0008207871798136855,0.00034130000040022423
1.699983,0.00034130000040022423,0.0007713000003604975,0.0006598768159160427,0.00013481981390816179,0.00034130000040022423
1.719983,0.00034130000040022423,0.001081300000396368,0.0006778542747771225,0.000313374592478541,0.00034130000040022423
1.739983,-0.003348699999605742,-0.00039669999960096903,0.0007028216598442099,0.0008504375295290978,0.00034130000040022423
1.759983,0.00034130000040022423,7.130000035431295e-05,0.0008048776797440106,0.00021297832205484162,0.00034130000040022423
1.779982,0.00034130000040022423,0.00022730000032424868,0.0009654692574487287,3.9090939571028056e-07,0.00034130000040022423
1.799982,0.002681300000176634,0.001433300000280724,0.0010820173147865547,0.001999481818456467,0.001121300000249903
1.819982,0.001121300000249903,0.001901300000236006,0.0010254605147275032,0.0018812300701842105,0.002681300000176634
1.839982,0.002681300000176634,0.001901300000236006,0.0007165662749268691,0.0008331648021033468,0.002681300000176634
1.859982,0.002681300000176634,-0.00043069999974250096,0.00017746190623400463,-0.00022532004639146087,0.001121300000249903
1.879981,0.00034130000040022423,-0.0014406999997390812,-0.0004711872031177018,-0.0012009610719982617,0.00034130000040022423
1.899981,-0.0089786999997159,-0.00132469999971363,-0.0010659001233965639,-0.0010905414915431686,0.00034130000040022423
1.919981,-0.0039286999997329985,-0.001792699999668912,-0.0014728395583873133,-0.0009950170160234848,0.00034130000040022423
1.939981,0.0032613000003038906,-0.001092699999708202,-0.0016272620912706596,-0.0015531755241587524,0.00034130000040022423
1.95998,0.00034130000040022423,-8.269999971162178e-05,-0.0015171019447767166,-0.0011108212118114379,0.00034130000040022423
1.97998,0.0038413000002037734,3.330000031382951e-05,-0.0011379277703763904,-0.0014699820509871692,0.00034130000040022423
1.99998,-0.0039286999997329985,-0.000394699999696968,-0.0004723643704495783,0.0005620692310641651,0.00034130000040022423
2.01998,-0.003348699999605742,-0.0008206999997128151,0.0004782864674348619,-0.00020051818152289292,-0.001788699999679011
2.03998,0.001121300000249903,0.0008133000002999325,0.0016351039388821892,0.000655099534104983,-0.001788699999679011
2.059979,-0.001788699999679011,0.001667300000326577,0.0028115315872022273,0.0027068944059163106,0.00034130000040022423
2.079979,0.01201130000026751,0.004621300000326301,0.003752177303542891,0.0037580599070911698,0.001121300000249903
2.099979,0.00034130000040022423,0.005049300000337098,0.004230921242707766,0.0054831648021978,0.0032613000003038906
2.119979,0.011421300000392876,0.005165300000317075,0.004154652254446539,0.0044327452217648574,0.0032613000003038906
2.139979,0.0032613000003038906,0.002831300000343617,0.0036103532594770143,0.003192139161179872,0.00034130000040022423
2.159979,-0.0012086999997791281,0.0019773000003169726,0.002824422595857234,0.0026578734269035553,0.00034130000040022423
2.179978,0.00034130000040022423,0.0007733000003099733,0.0020548795691020115,0.0011181764571830096,0.00034130000040022423
2.199978,-0.0039286999997329985,0.0010853000002953195,0.001478493656799468,0.0013330482520497343,0.00034130000040022423
2.219978,0.005401300000357878,0.0015513000003011257,0.0011376386984878225,0.0006278734268675839,0.001121300000249903
2.239978,0.004821300000230622,0.0015513000003011257,0.0009705973333690401,0.002231556410554638,0.001121300000249903
2.259978,0.001121300000249903,0.0028733000002830523,0.0008926774917584906,0.0019992487182393256,0.002681300000176634
2.279977,0.00034130000040022423,0.0017453000002660701,0.0008663063724606841,0.000548596037564037,0.001121300000249903
2.299977,0.002681300000176634,-0.0004706999997324601,0.0009149962221915381,0.000556381585337348,0.00034130000040022423
2.319977,-0.00023869999972703226,-0.0004706999997324601,0.0010795655823963596,0.00047533263428632243,0.00034130000040022423
2.339977,-0.00625869999976203,0.0014353000002301996,0.001353254992046502,0.001177337296301544,0.001121300000249903
2.359977,0.001121300000249903,0.0019793000002664486,0.0016464327908697343,0.0025138641028232133,0.001121300000249903
2.379977,0.009871300000213523,0.0017853000002560292,0.001813277294420982,0.0011781764571057258,0.001121300000249903
2.399976,0.005401300000357878,0.0027953000002526097,0.0017262099826076435,0.0013329550119137992,0.001121300000249903
2.419976,-0.0012086999997791281,0.0008913000002394256,0.0013418530340766194,0.0021035610725162208,-0.0012086999997791281
2.439976,-0.0012086999997791281,0.0004633000002741028,0.0007079362634612117,0.0017468011657523202,-0.0012086999997791281
2.459975,-0.008398699999816017,-0.0008586999997532985,-8.681424460485173e-05,-0.0009241079251508498,-0.0012086999997791281
2.479975,0.007731300000386909,-0.0018686999997498787,-0.0009709037070093202,-0.002735156876197611,-0.0012086999997791281
2.499975,-0.0012086999997791281,-0.002724699999725999,-0.0019110714097500502,-0.0018453666663992457,-0.00548869999965973
2.519975,-0.00625869999976203,-0.001092699999708202,-0.0028916853094301752,-0.0021667186477396755,-0.0012086999997791281
2.539975,-0.00548869999965973,-0.002996699999721386,-0.0038785400389187773,-0.0030056463866555815,-0.001788699999679011
2.559974,-0.00023869999972703226,-0.0051746999997249075,-0.0047918249387226535,-0.003853082284089966,-0.00548869999965973
2.579974,-0.001788699999679011,-0.005020699999704448,-0.005501553654302372,-0.006735762936788656,-0.00548869999965973
2.599974,-0.012098699999796736,-0.0051746999997249075,-0.005853819060246507,-0.006644434265459484,-0.00548869999965973
2.619974,-0.00548869999965973,-0.006378699999731907,-0.005725191145057482,-0.0050024995335223865,-0.00625869999976203
2.639974,-0.00625869999976203,-0.005796699999746124,-0.0050799205091155925,-0.0045394459204776815,-0.00625869999976203
2.659973,-0.00625869999976203,-0.0022966999997152014,-0.003993582743314453,-0.0041986766897091354,-0.00548869999965973
2.679973,0.001121300000249903,-0.0021786999997402746,-0.002625695898483545,-0.002901497202535085,-0.004898699999785094
2.699973,0.005401300000357878,-0.0011686999997436941,-0.0011595308480088643,-0.000994550815599272,-0.0012086999997791281
2.719973,-0.004898699999785094,0.0003073000002586923,0.0002497506183476224,0.0004807638697011957,0.001121300000249903
2.739973,-0.0012086999997791281,0.001047300000254836,0.0014881109253682373,0.0019341904431470834,0.001121300000249903
2.759973,0.001121300000249903,0.0015133000002606422,0.0024633569075967004,0.0025118128207877104,0.001121300000249903
2.779972,0.004821300000230622,0.002561300000297706,0.0030878992765752925,0.0018793652683702271,0.001121300000249903
2.799972,0.007731300000386909,0.0028713000003335763,0.0032882385696724505,0.0018202044292273123,0.001121300000249903
2.819972,0.00034130000040022423,0.002715300000363641,0.003033635448637397,0.004135122844196942,0.00034130000040022423
2.839972,0.00034130000040022423,0.0024033000003782943,0.0023596566878948313,0.0031198314689063374,0.00034130000040022423
2.859972,0.00034130000040022423,0.0019373000003724884,0.001373753163387243,0.0021261251751971974,0.00034130000040022423
2.879972,0.0032613000003038906,0.00018930000032924,0.00024633125168910383,8.435361340825356e-05,0.00034130000040022423
2.899971,0.005401300000357878,-0.00023669999968660703,-0.0008112277370099056,-0.0014207046617064612,0.00034130000040022423
2.919971,-0.008398699999816017,-0.001556699999719058,-0.0015907829414378502,-0.0018940846151049657,-0.001788699999679011
2.939971,-0.001788699999679011,-0.0024506999997356616,-0.0019549818533954205,-0.002423968064997872,-0.001788699999679011
2.95997,-0.00625869999976203,-0.003462699999727192,-0.0019001856921575355,-0.0020336650346976255,-0.001788699999679011
2.97997,-0.0012086999997791281,-0.0011306999997032108,-0.0015688205202319496,-0.001371520512532008,-0.0012086999997791281
2.99997,0.00034130000040022423,-0.00012069999970663048,-0.001185429948106376,-0.0009873480183563593,0.00034130000040022423
3.01997,0.0032613000003038906,0.0007713000003150228,-0.0009391709192279631,0.00034437692340047915,0.00034130000040022423
3.03997,0.0032613000003038906,-0.000240699999676508,-0.0008768650970951757,-0.0005304016313785504,0.00034130000040022423
3.05997,-0.0017986999996537634,-0.0006686999996873055,-0.0008740938752461243,-0.0005333153843013773,-0.0017986999996537634
3.079969,-0.006268699999736782,-0.0015626999997039094,-0.0007098791472290218,-0.0015370216780340312,-0.0017986999996537634
3.099969,-0.0017986999996537634,-0.0016786999997293606,-0.0002065538483439516,-0.0010493526803735478,-0.0017986999996537634
3.119969,-0.0012086999997791281,-0.0006666999997378298,0.000646325894717497,-0.00037585617688249036,-0.0012086999997791281
3.139969,0.002681300000176634,0.0021333000002869084,0.0016561704653477024,0.001957547086511538,0.002681300000176634
3.159968,0.0032613000003038906,0.003029300000252988,0.0024993646517358697,0.0025539340328995684,0.002681300000176634
3.179968,0.007731300000386909,0.003923300000269592,0.0028617361960503467,0.0037163582753326424,0.0032613000003038906
3.199968,0.002681300000176634,0.0018233000002965127,0.0025758148215209806,0.002888712587690443,0.0032613000003038906
3.219968,0.0032613000003038906,0.0021333000002869084,0.0016905822055342105,0.0020815564105443243,0.0032613000003038906
3.239968,-0.00781869999968876,-0.0001986999997370731,0.00044922157589684006,9.384079282483918e-05,0.002681300000176634
3.259968,0.004811300000255869,-0.0009766999997282255,-0.0008017772115524686,-0.0012164389274884504,-0.0012086999997791281
3.279967,-0.0039286999997329985,-0.0024146999997356035,-0.0017230970149995665,-0.0024086300696774016,-0.0039286999997329985
3.299967,-0.0012086999997791281,-0.0006266999997478706,-0.0020714597161573794,-0.0017842477852661326,-0.0012086999997791281
3.319967,-0.0039286999997329985,-0.0015206999997189996,-0.0017493871280146928,-0.0013991195801424862,-0.0012086999997791281
3.339967,0.001121300000249903,-8.269999971162178e-05,-0.0008151654356069863,2.663799562105005e-05,0.00034130000040022423
3.359967,0.00034130000040022423,0.00038330000029418443,0.0005406835002593432,8.409557392523217e-06,0.001121300000249903
3.379966,0.0032613000003038906,0.002131300000291958,0.0020413103333176406,0.0023966846156660906,0.001121300000249903
3.399966,0.001121300000249903,0.0028693000002931513,0.003378352579212603,0.0031616729606723996,0.0032613000003038906
3.419966,0.004811300000255869,0.003881300000284682,0.004266047615464261,0.003926055245064107,0.004811300000255869
3.439966,0.004811300000255869,0.0032973000003039487,0.004490995297791224,0.003999644988644548,0.004811300000255869
3.459966,0.005401300000357878,0.003491300000314368,0.00395451301774647,0.0038997848487810666,0.004811300000255869
3.479965,0.00034130000040022423,0.0027533000003131746,0.002700398443465002,0.002802838461863526,0.002091300000301999
3.499965,0.002091300000301999,0.0011213000003408523,0.0009193027646989791,0.00131682447585791,0.001121300000249903
3.519965,0.001121300000249903,-0.0010566999996626692,-0.0010758706575664957,-0.0013770449880165653,0.00034130000040022423
3.539965,-0.003348699999605742,-0.0023786999996900705,-0.0029047195198879374,-0.0027519634029378546,-0.003348699999605742
3.559964,-0.00548869999965973,-0.003894699999682416,-0.004199304651245839,-0.003954294405268626,-0.00548869999965973
3.579964,-0.006268699999736782,-0.004050699999652352,-0.004692916030230262,-0.004673921444879752,-0.00548869999965973
3.599964,-0.00548869999965973,-0.004050699999652352,-0.004289995163076224,-0.0041602850812416745,-0.00548869999965973
3.619964,0.00034130000040022423,-0.0030406999996557714,-0.0030914460279249023,-0.002919679020624358,-0.003348699999605742
3.639964,-0.003348699999605742,-0.0005526999996618542,-0.0013673197536031177,-0.0016713340323035537,-0.00043869999967682816
3.659964,-0.00043869999967682816,0.0006133000003501366,0.0005107684096505712,-3.3991374959657975e-05,0.00034130000040022423
3.679963,0.0061713000002328045,0.0007693000003200723,0.0021556360311269164,0.002585029604063973,0.00034130000040022423
3.699963,0.00034130000040022423,0.0029853000003186025,0.0032483277766776936,0.004272955011989053,0.001121300000249903
3.719963,0.001121300000249903,0.00461930000033135,0.0036040106409454785,0.0032793419583813975,0.0061713000002328045
3.739963,0.007731300000386909,0.002715300000363641,0.003208705187685466,0.002831323310357018,0.001121300000249903
3.759963,0.007731300000386909,0.0008493000003454654,0.002216593683733888,0.0014914864805289129,0.001121300000249903
3.779962,-0.003348699999605742,0.0008493000003454654,0.0008988699700655998,0.0005899713290272591,0.001121300000249903
3.799962,-0.008988699999690652,-0.0006286999996518716,-0.000448576653791933,3.5682284734195845e-05,0.00034130000040022423
3.819962,0.001121300000249903,-0.0021066999996492085,-0.0016000936985801953,-0.0013982804192185223,0.00034130000040022423
3.839962,0.00034130000040022423,-0.0025346999996600063,-0.0024470763229416763,-0.0033166254075919998,0.00034130000040022423
3.859962,0.00034130000040022423,-0.0015246999996634258,-0.002978349732294583,-0.003146975057947028,0.00034130000040022423
3.879961,-0.00548869999965973,-0.002536699999654957,-0.003224611264668246,-0.0022781172490849264,-0.003938699999707751
3.899961,-0.003938699999707751,-0.002536699999654957,-0.003213293723280879,-0.0016161358970820674,-0.003938699999707751
3.919961,-0.003938699999707751,-0.00327469999965615,-0.0029558988672691694,-0.0035273946383357776,-0.003938699999707751
3.939961,0.00034130000040022423,-0.002108699999644159,-0.002460036814241263,-0.003193128904064379,-0.003348699999605742
3.95996,-0.003348699999605742,-0.0024186999996345547,-0.0017495386890145567,-0.00173511025605603,-0.003348699999605742
3.97996,0.00034130000040022423,-0.0005526999996163795,-0.0008819426172232875,-0.0013386999996390665,0.00034130000040022423
3.99996,-0.00548869999965973,-8.669999965604802e-05,4.397834122669112e-05,-0.0002151801861070687,0.00034130000040022423
4.01996,0.005391300000383126,-8.669999965604802e-05,0.0008993293619499493,0.0011867312357894282,0.00034130000040022423
4.03996,0.0026713000002018816,0.0017013000003316848,0.001558560055612859,0.0016547731937966337,0.0026713000002018816
4.05996,-0.003348699999605742,0.003333300000304007,0.0019447690525226061,0.0028977335667289272,0.0026713000002018816
4.079959,0.009281300000338888,0.002013300000271556,0.0020645858186944385,0.0018703675993433347,0.0026713000002018816
4.099959,0.0026713000002018816,0.0017033000002811606,0.00201053719453998,0.0022273372962968844,0.001121300000249903
4.119959,-0.0012086999997791281,0.0015853000002607586,0.0019200491155636087,0.0011552860142545252,0.001121300000249903
4.139959,0.001121300000249903,0.001157300000249961,0.001901517998221204,0.0018419759909465562,0.001121300000249903
4.159958,-0.003938699999707751,0.0009633000002850167,0.0019636690270985104,0.0014621624711252364,0.001121300000249903
4.179958,0.0071413000002849,0.0017393000002812187,0.0019939141402852915,0.0008245400935237333,0.0017013000003771594
4.199958,0.0017013000003771594,0.0011553000003004855,0.00180793621792015,0.0023412067602011015,0.0017013000003771594
4.219958,0.0026713000002018816,0.0029053000002932095,0.001249903061319036,0.0024165913755856624,0.0026713000002018816
4.239958,-0.0017986999996537634,0.0012353000002804037,0.00029322214876451855,0.0006993885783770803,0.0017013000003771594
4.259958,0.004811300000255869,-0.0006686999997327803,-0.0009074603066630639,-0.0002817769227964292,-0.0012086999997791281
4.279957,-0.0012086999997791281,-0.002456699999720513,-0.0020407273238606314,-0.0022356930067216844,-0.0017986999996537634
4.299957,-0.00781869999968876,-0.0018726999997397797,-0.002737943166098734,-0.002956252447297839,-0.0012086999997791281
4.319957,-0.006268699999736782,-0.0030766999997467793,-0.002713611595817182,-0.0034409377619901227,-0.0012086999997791281
4.339957,0.001121300000249903,-0.0030766999997467793,-0.0018866525606360347,-0.002548653379720313,-0.0012086999997791281
4.359957,-0.0012086999997791281,-0.0005506999997578532,-0.0004263865959679853,-0.0006767186477528095,-0.0012086999997791281
4.379956,-0.0012086999997791281,0.002249300000266885,0.0012972225747179117,0.0016668710958465012,0.001121300000249903
4.399956,0.004811300000255869,0.003571300000294286,0.0028375341582262074,0.004320367599351366,0.004811300000255869
4.419956,0.007731300000386909,0.003571300000294286,0.0038214506855721586,0.0037288524478477406,0.004811300000255869
4.439956,0.007731300000386909,0.00446530000031089,0.004068522278672807,0.0036838407928484977,0.004811300000255869
4.459955,-0.0012086999997791281,0.0025213000003077466,0.0036309987969077506,0.0036036076926022525,0.0032613000003038906
4.479955,0.0032613000003038906,0.002403300000287345,0.0027416453988315806,0.002900320979310867,0.0032613000003038906
4.499955,-0.004908699999759847,0.0006153000002541376,0.0017030882384728543,0.0010842836832735147,-0.0012086999997791281
4.519955,0.0071413000002849,0.000925300000290008,0.0007781439463933186,6.300163196972831e-05,0.00034130000040022423
4.539955,-0.0012086999997791281,-8.669999970152275e-05,0.0001260072435543698,6.901561799821094e-05,-0.0012086999997791281
4.559954,0.00034130000040022423,0.0011193000003004272,-0.00020822769435766214,7.081048982989185e-05,0.00034130000040022423
4.579954,-0.0017986999996537634,-0.000240699999676508,-0.00026984442721318387,0.0003756356646619206,0.00034130000040022423
4.599954,0.001121300000249903,-0.00035869999965143506,-0.00015765671907429322,0.00046757039660781375,0.00034130000040022423
4.619954,0.00034130000040022423,0.000535300000319694,1.4280742195568676e-05,-0.0005749703959529822,0.00034130000040022423
4.639954,-0.0017986999996537634,0.0001093000003038469,0.00014973655505044387,0.0005601578091782395,0.00034130000040022423
4.659954,0.004811300000255869,0.0001093000003038469,0.0001915352615468362,-2.960909061705823e-05,0.00034130000040022423
4.679953,-0.0039286999997329985,0.0001093000003038469,0.00012579841874536774,-8.793239793341212e-06,0.00034130000040022423
4.699953,0.001121300000249903,-0.0003166999997120001,-3.053443117407082e-05,-0.00028303566402973187,0.00034130000040022423
4.719953,0.00034130000040022423,-0.0009386999996877421,-0.0002510507397290421,-0.0005214272724326799,0.00034130000040022423
4.739953,-0.0039286999997329985,-0.000240699999676508,-0.0005174195197036792,-0.00010765104862575197,0.00034130000040022423
4.759953,0.0017013000003771594,-0.0008246999996572412,-0.0008229148983455382,-0.000923268764231656,-0.00043869999967682816
4.779952,-0.00043869999967682816,-0.0008246999996572412,-0.0011608307406666617,-0.0014653200462749238,-0.00043869999967682816
4.799952,-0.0017986999996537634,-0.0012926999996579979,-0.001507567758200914,-0.0013208212117640772,-0.00043869999967682816
4.819952,0.00034130000040022423,-0.0023026999996545784,-0.001815116155967702,-0.0014811475521059295,-0.0017986999996537634
4.839952,-0.006268699999736782,-0.001134699999647637,-0.0020211101374480317,-0.0016988631698204278,-0.0017986999996537634
4.859951,-0.003348699999605742,-0.002028699999664241,-0.0020708295063729372,-0.0020506813516497796,-0.003348699999605742
4.879951,0.005401300000357878,-0.002456699999675038,-0.001937699551908155,-0.002155389976339435,-0.003348699999605742
4.899951,-0.006268699999736782,-0.001134699999647637,-0.0016347931931087044,-0.0021572547782080093,-0.0017986999996537634
4.919951,-0.0017986999996537634,-0.001134699999647637,-0.0012197949013990161,-0.0011941312350865567,-0.0017986999996537634
4.939951,0.00034130000040022423,-0.0019906999996692322,-0.0007947435304982069,-0.00022212657308944808,-0.0017986999996537634
4.95995,-0.003348699999605742,-8.469999966109754e-05,-0.0004930858174776976,-0.0007934785544463595,0.00034130000040022423
4.97995,0.001121300000249903,-0.0005106999996769446,-0.00044693012681686864,-0.0009735018644720223,0.00034130000040022423
4.99995,0.0032613000003038906,-0.0012486999996781378,-0.000740904601549074,-0.0005810543120273675,-0.003348699999605742
5.01995,-0.0039286999997329985,-0.0008206999997128151,-0.0013729063810299764,-0.0010437582747651758,-0.0012086999997791281
5.03995,-0.003348699999605742,-0.002298699999710152,-0.002242511291672735,-0.002305296736327764,-0.003348699999605742
5.059949,-0.0012086999997791281,-0.0031926999997267556,-0.0031731447093821578,-0.0025046906757212606,-0.003348699999605742
5.079949,-0.006268699999736782,-0.0039706999997179086,-0.0039572403623621445,-0.004620797901814013,-0.003348699999605742
5.099949,-0.0012086999997791281,-0.0036606999997275125,-0.004408000747107039,-0.004824457575467773,-0.0017986999996537634
5.119949,-0.00781869999968876,-0.004982699999709439,-0.0044052656245813105,-0.00393070466171088,-0.006268699999736782
5.139949,-0.0017986999996537634,-0.0030766999997013044,-0.003926405392226706,-0.0036701452211748676,-0.0017986999996537634
5.159948,-0.00781869999968876,-0.0030766999997013044,-0.00305357470313234,-0.003283501864498554,-0.0017986999996537634
5.179948,0.0032613000003038906,-0.001754699999719378,-0.0019519382417565808,-0.0020097023306994894,-0.0012086999997791281
5.199948,-0.0012086999997791281,-0.0013266999997085804,-0.000823771608205851,-0.0009959727269979832,-0.0012086999997791281
5.219948,-0.0012086999997791281,0.0007733000002644985,0.00014492432482266003,0.0009148431237943444,0.00034130000040022423
5.239948,0.00034130000040022423,0.0006573000002390473,0.0008265638569201359,0.0006084794874367484,0.00034130000040022423
5.259948,0.002681300000176634,0.0009673000002749177,0.0011730488753171613,0.0012400179489961962,0.00034130000040022423
5.279947,0.002681300000176634,0.000539300000309595,0.001214562101277258,0.0007008337998308431,0.00034130000040022423
5.299947,0.00034130000040022423,0.0011233000002903281,0.0010373249356233976,0.001802279021290981,0.002681300000176634
5.319947,-0.003348699999605742,0.000811300000304982,0.0007455711147484386,-7.333869434384722e-05,0.001121300000249903
5.339947,0.0032613000003038906,3.330000031382951e-05,0.00042235003006582244,-0.00035825710927220495,0.00034130000040022423
5.359946,0.001121300000249903,-0.0017166999997243692,0.0001078034801967894,-0.0006884902094941212,-0.0012086999997791281
5.379946,-0.0012086999997791281,0.0008093000002645567,-0.00019541971832848898,0.0004878501168331527,0.001121300000249903
5.399946,-0.00840869999979077,0.0003813000002537592,-0.0004925668637037927,0.00165074055969945,0.001121300000249903
5.419946,0.009281300000338888,0.0008093000002645567,-0.0007536236861271309,-0.000382452913506562,0.001121300000249903
5.439946,0.001121300000249903,-0.00020269999972697406,-0.0008777679597780501,-0.0019208445218784026,0.001121300000249903
5.459945,0.0032613000003038906,-0.0009406999997281674,-0.0007003339592717037,-0.0010597256407627194,0.001121300000249903
5.479945,-0.006268699999736782,-0.0009406999997281674,-6.730603209103904e-05,0.0005506473196255108,0.001121300000249903
5.499945,-0.012098699999796736,0.0008093000002645567,0.0010475579941972093,0.001331533100503958,0.0032613000003038906
5.519945,0.009281300000338888,0.0012353000002804037,0.0024604210965492165,0.0009313466203271943,0.005391300000383126
5.539945,0.009871300000213523,0.0027133000002777406,0.0038012596048646783,0.0028714631704607257,0.005391300000383126
5.559945,0.005391300000383126,0.006211300000313713,0.004643308246788366,0.004595752214731304,0.005391300000383126
5.579944,0.001121300000249903,0.004889300000286312,0.004665834441760902,0.006315169464161998,0.005391300000383126
5.599944,0.005391300000383126,0.0034493000002839835,0.0037700005371608444,0.005741020280018655,0.0026713000002018816
5.619944,0.0026713000002018816,0.00170130000028621,0.0021109642295578583,0.000809854778841575,0.0026713000002018816
5.639944,0.0026713000002018816,0.000223300000288873,4.9852453787876995e-05,-0.0007916603726725191,0.0026713000002018816
5.659943,-0.003348699999605742,-0.002846699999736302,-0.00195445625007724,-0.00273732470835997,-0.003348699999605742
5.679943,-0.006268699999736782,-0.0031566999997266975,-0.0034835992878724563,-0.0034267419577750377,-0.003348699999605742
5.699943,-0.009958699999742748,-0.0049446999997144305,-0.0042826723522592786,-0.004165389976432262,-0.006268699999736782
5.719943,0.001121300000249903,-0.003622699999732504,-0.004317919982246032,-0.0042888864798909816,-0.006268699999736782
5.739943,-0.006268699999736782,-0.0027286999997159,-0.003744041307378797,-0.003994457575454946,-0.0017986999996537634
5.759943,0.0032613000003038906,-0.0014066999996884988,-0.0028023415202302515,-0.0017663223773356307,-0.0017986999996537634
5.779942,-0.0017986999996537634,-0.0014066999996884988,-0.001706794920637858,-0.00022888647987150847,-0.0017986999996537634
5.799942,-0.003348699999605742,0.0008093000003100315,-0.000574928281505168,-0.0003508911418697139,0.001121300000249903
5.819942,0.001121300000249903,-0.00020269999968149932,0.0005719417038436028,-0.0006959494169339658,-0.0017986999996537634
5.839942,0.004811300000255869,-8.469999970657227e-05,0.0017533188370818177,0.0015378501168481034,-0.0012086999997791281
5.859941,-0.0017986999996537634,0.0025593000002572808,0.0029555528557115725,0.002061486480442384,0.001121300000249903
5.879941,-0.0012086999997791281,0.004309300000250005,0.0040794220778658345,0.004245565734496673,0.004811300000255869
5.899941,0.009871300000213523,0.0038813000002392074,0.004940382895499875,0.004968852447790564,0.0026713000002018816
5.919941,0.009871300000213523,0.005319300000246585,0.005328020439779873,0.005383304662261706,0.005391300000383126
5.939941,0.0026713000002018816,0.005629300000282456,0.005094886900096483,0.004789948018932369,0.005391300000383126
5.959941,0.005391300000383126,0.004307300000300529,0.004224536032051406,0.005099272028267245,0.0032613000003038906
5.97994,0.00034130000040022423,0.001663300000336676,0.0028452478767414437,0.003127826806851808,0.0026713000002018816
5.99994,0.0032613000003038906,0.0013533000003462803,0.0011919757920709597,0.00041957505862023025,0.001121300000249903
6.01994,-0.003348699999605742,-0.0008226999996622907,-0.0004580113640835814,-0.0006658328667848007,0.00034130000040022423
6.03994,0.001121300000249903,-0.0012506999996730883,-0.001849711704949684,-0.0016362757572246105,-0.0017986999996537634
6.05994,-0.00548869999965973,-0.002456699999675038,-0.002799117276125224,-0.003358047319023813,-0.0027686999997058592
6.079939,-0.0017986999996537634,-0.002884699999685836,-0.003219487486757249,-0.0029177209787073,-0.0027686999997058592
6.099939,-0.0027686999997058592,-0.003350699999691642,-0.003124394118725303,-0.0025583037293118466,-0.0027686999997058592
6.119939,-0.00548869999965973,-0.0012906999997085223,-0.0026099555073527433,-0.0017841312351435164,-0.0017986999996537634
6.139939,-0.0012086999997791281,-0.001172699999733595,-0.0018213702488226863,-0.0022380706290906537,-0.0012086999997791281
6.159938,0.004811300000255869,-0.0012886999997135718,-0.0009137166079942128,-0.0008626627036863896,-0.0012086999997791281
6.179938,-0.0012086999997791281,-0.00043269999973745145,-2.3121573027552117e-05,-0.00027543659646946035,-0.0012086999997791281
6.199938,-0.003348699999605742,0.0008873000002949993,0.0007381656720678533,0.0007392487182298649,-0.0012086999997791281
6.219938,-0.0012086999997791281,0.00014930000029380607,0.0012682111165668634,0.00046183613083661485,-0.0012086999997791281
6.239938,0.005391300000383126,0.00045930000032967655,0.0014688843934065688,0.0009919060609319603,0.00034130000040022423
6.259938,0.001121300000249903,0.0007693000003200723,0.001267603907374196,0.001633001632027039,0.00034130000040022423
6.279937,0.00034130000040022423,0.002439300000332878,0.0006611501776429248,0.0017620925411275209,0.001121300000249903
6.299937,-0.0017986999996537634,0.0005733000003147026,-0.00024670134655106974,-0.00016872330969858315,0.00034130000040022423
6.319937,0.0071413000002849,-0.0017586999996638043,-0.0012424128766338595,-0.0018982337992018037,-0.0017986999996537634
6.339936,-0.003938699999707751,-0.0030806999996912054,-0.0020498032756028186,-0.002477954078942456,-0.003938699999707751
6.359936,-0.010538699999642631,-0.001758699999709279,-0.002419720831751739,-0.002290028671021926,-0.003938699999707751
6.379936,-0.006268699999736782,-0.002224699999715085,-0.0022243956531112366,-0.001582033333059244,-0.003938699999707751
6.399936,0.004811300000255869,-0.0016786999997293606,-0.0015018776988877278,-0.0009298188808574571,-0.0012086999997791281
6.419936,0.004811300000255869,0.0009633000002395419,-0.0004234274896878486,-0.0013864389274954388,0.0026713000002018816
6.439936,-0.0012086999997791281,0.0019753000002310727,0.0007858906131243109,0.0008337242426428244,0.0026713000002018816
6.459935,0.0026713000002018816,0.0007713000002240733,0.001913320894249978,0.0023484095573321822,-0.0012086999997791281
6.479935,-0.0012086999997791281,0.0012373000002298795,0.002778566154266764,0.00304516946410052,-0.0012086999997791281
6.499935,-0.0012086999997791281,0.0025573000002623303,0.0032266214236802726,0.0027301344990924284,0.0026713000002018816
6.519935,0.0071413000002849,0.0029853000002731276,0.0031354345606208873,0.0020256822846692244,0.004811300000255869
6.539935,0.005391300000383126,0.002557300000307805,0.002458412192601234,0.0025029550119543852,0.004811300000255869
6.559934,0.004811300000255869,0.0015453000003162742,0.0012778714519918425,0.0018823489513575076,0.004811300000255869
6.579934,-0.003348699999605742,0.0006513000002996705,-0.0001782773875792826,0.0007406706296699164,0.0026713000002018816
6.599934,-0.006268699999736782,-0.0012146999997185049,-0.001584755834097044,-0.0010678375288355768,-0.003348699999605742
6.619934,0.0026713000002018816,-0.003430699999717035,-0.002616558141975557,-0.0030429191139412664,-0.003938699999707751
6.639934,-0.003938699999707751,-0.0031206999997266394,-0.003053560052974869,-0.0037697955708232587,-0.003938699999707751
6.659934,-0.006268699999736782,-0.0021086999997351084,-0.0028544994281935647,-0.0035606580416768516,-0.0017986999996537634
6.679933,-0.0017986999996537634,-0.0030026999997062377,-0.0021794549732023533,-0.00216124079227459,-0.0017986999996537634
6.699933,-0.0012086999997791281,-0.0019906999997147067,-0.0013513405599196858,-0.0009730822840959018,-0.0017986999996537634
6.719933,-0.0017986999996537634,-0.0005126999997173698,-0.0007592622752359052,-0.001344457575475917,-0.0012086999997791281
6.739933,0.001121300000249903,-0.00024069999972198275,-0.0007267463986273037,-0.00015802400903371525,-0.00043869999967682816
6.759933,0.001121300000249903,-0.0012526999997135135,-0.0013871673094966695,-0.0002024296034448583,-0.00043869999967682816
6.779932,-0.00043869999967682816,-0.0015626999997039094,-0.002614953202814162,-0.00213897971999711,-0.00043869999967682816
6.799932,-0.006268699999736782,-0.0034686999997120436,-0.004047904315662583,-0.004260168531175047,-0.003348699999605742
6.819932,-0.003348699999605742,-0.00580069999969055,-0.005203625343749228,-0.006052942423945719,-0.006268699999736782
6.839932,-0.00840869999979077,-0.006810699999687131,-0.0056529152711255045,-0.0065463456873085,-0.006268699999736782
6.859931,-0.010538699999642631,-0.00548869999965973,-0.005183571680053181,-0.0057526393935904965,-0.00548869999965973
6.879931,-0.00548869999965973,-0.003740699999661956,-0.0038840088509573575,-0.003757464568440177,-0.00548869999965973
6.899931,0.00034130000040022423,-0.0015246999996634258,-0.002104204571714885,-0.0013677909087731295,0.00034130000040022423
6.919931,0.005391300000383126,0.0011173000003054767,-0.0003074971532490357,0.0006020925411014384,0.0026713000002018816
6.939931,0.0026713000002018816,0.0022833000003174677,0.0011152232730815318,0.0019048431238855195,0.0026713000002018816
6.95993,0.0026713000002018816,0.0022833000003174677,0.001976627003897744,0.002179155478182653,0.0026713000002018816
6.97993,0.00034130000040022423,0.000535300000319694,0.002311527987042198,0.0013480832171013312,0.00034130000040022423
6.99993,0.00034130000040022423,0.000535300000319694,0.0022914682057271927,0.0014939107229125837,0.00034130000040022423
7.01993,-0.003348699999605742,0.0009633000003304914,0.0020986197915789984,0.0014471508161562527,0.00034130000040022423
7.03993,0.0026713000002018816,0.0023233000003074268,0.0018354411754764027,0.002100647319677665,0.0026713000002018816
7.05993,0.004811300000255869,0.0018953000002966292,0.0015143296380806888,0.0011697149187233215,0.0026713000002018816
7.079929,0.0071413000002849,0.002205300000287025,0.0011145568376079726,0.0017869876459762019,0.0026713000002018816
7.099929,-0.0017986999996537634,0.0006893000002946792,0.0006498373126739272,0.001274050583033008,-0.0017986999996537634
7.119929,-0.0017986999996537634,0.0008053000003201305,0.00019181645903582214,0.00031053076952847636,-0.0017986999996537634
7.139929,-0.004908699999759847,-0.0014106999996783998,-0.00016104052662047034,-0.0005090263399978661,-0.0017986999996537634
7.159929,0.005391300000383126,-0.0009826999996676022,-0.0003350469733594669,-0.00020054149149208254,-0.0017986999996537634
7.179929,-0.003938699999707751,0.0004553000003397756,-0.00031213365106693466,-0.0006291195800608544,0.00034130000040022423
7.199928,0.00034130000040022423,0.0015053000003717898,-0.00012533662168066182,4.342121248061549e-05,0.00034130000040022423
7.219928,0.005391300000383126,-0.0008266999996521917,0.00016674256531686626,-0.00026643892740069674,0.00034130000040022423
7.239928,0.00034130000040022423,0.00018530000033933902,0.0005019067022424077,0.0007929083919506937,0.00034130000040022423
7.259928,-0.006268699999736782,0.0006513000002996705,0.0008180480131489901,0.0008807405597513797,0.001121300000249903
7.279927,0.001121300000249903,0.0011193000003004272,0.001046368360844222,0.0014820226110104963,0.001121300000249903
7.299927,0.0026713000002018816,0.0008093000002645567,0.001117619192735851,0.0007789223778870993,0.001121300000249903
7.319927,0.007731300000386909,0.001275300000270363,0.0009918670221294034,0.0006721391611090099,0.001121300000249903
7.339927,-0.0012086999997791281,0.0011193000003004272,0.000690121443814085,0.00044358438257476686,0.00034130000040022423
7.359926,-0.003938699999707751,0.0006533000003400957,0.00029404335696458096,0.0014306706297097247,0.00034130000040022423
7.379926,0.00034130000040022423,-0.0015626999996584344,-9.405125993288224e-05,-0.00015343193437373354,-0.0012086999997791281
7.399926,0.00034130000040022423,-0.00024269999962598377,-0.00040347302148389307,-0.0012166020975282466,0.00034130000040022423
7.419926,-0.003348699999605742,-0.00070869999963179,-0.0006248665527100825,-0.0013441778551285322,0.00034130000040022423
7.439926,0.005391300000383126,-0.0008646999996472004,-0.0008038232557477877,-0.0007104016313481012,-0.00043869999967682816
7.459925,-0.006268699999736782,-0.0007086999996772647,-0.0010090426937487344,5.300163205433715e-05,-0.00043869999967682816
7.479925,-0.00043869999967682816,-0.0007086999996772647,-0.001294474376421162,-0.0009461825171538083,-0.00043869999967682816
7.499925,0.001121300000249903,-0.001718699999673845,-0.0016703049406891063,-0.0021774878784642264,-0.00043869999967682816
7.519925,-0.003348699999605742,-0.0021466999996846425,-0.0020912303276020387,-0.002277161538159719,-0.00043869999967682816
7.539925,0.00034130000040022423,-0.002846699999690827,-0.002467009797246977,-0.003105809556820269,-0.003348699999605742
7.559924,-0.00840869999979077,-0.0025366999997004313,-0.002693385160056445,-0.0018222664332704142,-0.003348699999605742
7.579924,-0.003938699999707751,-0.0022266999997100356,-0.0026885113198299813,-0.002521940092944618,-0.0017986999996537634
7.599924,0.0026713000002018816,-0.0022266999997100356,-0.002413993623274948,-0.002051403962394946,-0.0017986999996537634
7.619924,-0.0017986999996537634,-0.0012146999996730302,-0.0018730924000446836,-0.002017301398287321,-0.0017986999996537634
7.639924,0.00034130000040022423,-0.00035869999965143506,-0.0011010667301413531,-0.0020707512817056085,0.00034130000040022423
7.659924,-0.003348699999605742,-0.0015626999996129598,-0.00016772131738476077,-0.00014807062897879367,-0.0017986999996537634
7.679923,0.00034130000040022423,-0.000124699999605582,0.0008083733318246821,0.0016420226111238238,0.00034130000040022423
7.699923,-0.003348699999605742,0.0016633000003821508,0.0016587442317930125,0.0011984328675224668,0.00034130000040022423
7.719923,0.005391300000383126,0.003295300000354473,0.002202181635138777,0.0025900645691121966,0.004811300000255869
7.739923,0.009281300000338888,0.0015453000003162742,0.002316324210262418,0.0015883396273622529,0.004811300000255869
7.759923,0.004811300000255869,0.002867300000298201,0.0020028416878024834,0.002063631002624953,0.004811300000255869
7.779922,-0.00840869999979077,0.0006913000002896297,0.001396963173996175,0.0015457522147450903,0.0032613000003038906
7.799922,0.0032613000003038906,0.00026330000027883214,0.0007091829388562524,0.0016129550119441103,0.0032613000003038906
7.819922,-0.00548869999965973,-0.0006306999996922968,0.00013871729614877912,0.0002806939396906554,0.00034130000040022423
7.839922,0.0071413000002849,0.0012753000003158377,-0.00018680058135507293,-0.0014680240090213506,0.001121300000249903
7.859921,0.00034130000040022423,-0.00016469999968649063,-0.00022432457427579456,-0.0006997722607657085,0.00034130000040022423
7.879921,0.001121300000249903,-4.8699999706514066e-05,-1.9264435330469927e-06,0.00067491305392784,0.00034130000040022423
7.899921,-0.003938699999707751,-4.8699999706514066e-05,0.0003922112612099884,0.00034927202825407397,0.00034130000040022423
7.919921,-0.004908699999759847,0.0005333000002792687,0.0008162881784963772,0.001519575058545514,0.001121300000249903
7.939921,0.0071413000002849,0.0008433000002696645,0.0011002650405025874,0.0007713233103082775,0.0026713000002018816
7.95992,0.003251300000329138,0.0016993000002912596,0.001103673253613862,0.001177010955996698,0.0026713000002018816
7.97992,0.0026713000002018816,0.0020113000003220806,0.0007816594204821222,0.0010267545457624228,0.0026713000002018816
7.99992,0.00034130000040022423,-0.0002046999996764498,0.00021192614354514962,0.0004387592077914551,0.00034130000040022423
8.01992,-0.003348699999605742,-0.0012146999996730302,-0.0004446616521552541,-0.0010872314681821412,-0.0017986999996537634
8.03992,-0.003938699999707751,-0.0024186999996345547,-0.001030065062255531,-0.0018892594402198926,-0.003348699999605742
8.059919,-0.0017986999996537634,-0.0022626999996646193,-0.0014678902096283445,-0.0015011941721618282,-0.003348699999605742
8.079919,-0.003348699999605742,-0.0006306999996922968,-0.0017850832820316843,-0.0015950403260042469,-0.0017986999996537634
8.099919,0.001121300000249903,-0.0009406999996826926,-0.0020639852977282613,-0.0013409377619310694,-0.0017986999996537634
8.119919,0.004811300000255869,-0.0016786999996838859,-0.0023588142972164557,-0.0018122664332675708,-0.003348699999605742
8.139919,-0.00548869999965973,-0.0017966999997042876,-0.0026365180018881667,-0.002049912120904221,-0.003938699999707751
8.159918,-0.00548869999965973,-0.003118699999686214,-0.00278689676848828,-0.003205949416932554,-0.00548869999965973
8.179918,-0.003938699999707751,-0.004012699999657343,-0.0026973581557127157,-0.003870961071926265,-0.00548869999965973
8.199918,-0.00548869999965973,-0.0035846999996465454,-0.0023401489761566093,-0.002680331701276592,-0.003938699999707751
8.219918,0.00034130000040022423,-0.001836699999648772,-0.001811323348446894,-0.0018718701628066773,-0.003348699999605742
8.239918,-0.003348699999605742,0.0003793000003497582,-0.0012938329136265678,-0.0003593993003505609,0.00034130000040022423
8.259917,0.003251300000329138,-8.86999996509985e-05,-0.0009650485498890128,-0.0006523130532710303,0.00034130000040022423
8.279917,0.0071413000002849,-0.0011386999996830128,-0.0009033618183703296,-0.001097091608058197,-0.003348699999605742
8.299917,-0.007828699999663513,-0.0012566999997034145,-0.0010515322990740123,-0.0010962990672973376,-0.003938699999707751
8.319917,-0.004908699999759847,-0.0016826999997192615,-0.0012597368288286598,-0.0010008445218797385,-0.003938699999707751
8.339916,-0.003938699999707751,-0.0025766999997358653,-0.0013762572699123929,-0.001400797901839891,-0.003938699999707751
8.359916,0.001121300000249903,-0.000786699999753182,-0.001321938244283709,-0.0018090729601256215,0.001121300000249903
8.379916,0.0026713000002018816,-0.0009026999997331586,-0.0011060242810867066,-0.002148956409994723,0.001121300000249903
8.399916,0.001121300000249903,0.00010930000025837217,-0.0007932813987118828,0.00010008787904979379,0.001121300000249903
8.419916,-0.00548869999965973,-0.0007846999997127568,-0.00046361552450852403,0.0002424421914225921,0.001121300000249903
8.439916,0.001121300000249903,-0.0003566999997019593,-0.00019230219028548284,-0.0004106114216178274,0.001121300000249903
8.459916,-0.003348699999605742,-0.0009406999996826926,-4.574450019549773e-05,-0.0004635018644923968,-0.0017986999996537634
8.479915,0.004811300000255869,-0.00020269999968149932,-7.231607953502871e-05,-0.0007131522141140003,-0.0017986999996537634
8.499915,-0.0017986999996537634,0.0002233000003343477,-0.0002806608618864484,0.0004925121215581185,-0.0017986999996537634
8.519915,-0.0017986999996537634,0.0002233000003343477,-0.0006182853037002992,0.00013167296070777304,-0.0017986999996537634
8.539915,0.003251300000329138,-0.0005146999996668456,-0.0009699244236931733,-0.0012249470859253067,-0.0017986999996537634
8.559914,-0.003348699999605742,-0.0018366999996942469,-0.0011866004629448902,-0.000997348018343832,-0.0017986999996537634
8.579914,0.001121300000249903,-0.0012526999997135135,-0.0011417241218581147,-0.0020880473190454294,0.001121300000249903
8.599914,-0.00840869999979077,-0.0012526999997135135,-0.0007943979057172387,-0.0013021498831711602,0.001121300000249903
8.619914,0.001121300000249903,-0.0008266999997431412,-0.00022699224635035857,7.733566695979207e-06,0.001121300000249903
8.639914,0.003251300000329138,-8.869999974194797e-05,0.000372447119425687,0.000590111189065535,0.001121300000249903
8.659913,-0.0012186999997538805,0.00255530000026738,0.0007846931625746054,0.0016961484850966132,0.003251300000329138
8.679913,0.004811300000255869,0.001543300000275849,0.0008564179097753954,0.0006922557112362516,0.003251300000329138
8.699913,0.004811300000255869,0.0001053000002684712,0.0005680621243397378,0.0008011135201001257,-0.0012186999997538805
8.719913,-0.003938699999707751,-0.0007486999997126986,3.414905483287557e-05,-0.0006372314682640938,-0.003938699999707751
8.739913,-0.003938699999707751,-0.001176699999723496,-0.0005643888613428419,-0.0009913806524137927,-0.003938699999707751
8.759912,-0.00548869999965973,-0.0019146999997246895,-0.0010736422026403404,-0.0004890962701106941,-0.003938699999707751
8.779912,0.0026713000002018816,-0.0010586999997030944,-0.0014264698326866122,-0.002029166200161918,0.00034130000040022423
8.799912,0.001121300000249903,-0.0006306999996922968,-0.0016364325059537443,-0.0016074412584268709,0.00034130000040022423
8.819912,0.00034130000040022423,-0.0010986999996930535,-0.0017457895562438914,-0.001598117249105202,0.00034130000040022423
8.839911,-0.0017986999996537634,-0.0014086999996834493,-0.0017782394980526165,-0.0011106813516846509,0.00034130000040022423
8.859911,-0.007828699999663513,-0.0026146999996853994,-0.001731657745445276,-0.0015793060603123566,-0.0017986999996537634
8.879911,0.001121300000249903,-0.0017206999997142701,-0.001604074237101179,-0.001969259440253236,-0.0017986999996537634
8.899911,-0.004908699999759847,-0.002030699999704666,-0.0014184289147215442,-0.001540658041654853,-0.003348699999605742
8.919911,0.004811300000255869,-0.00012469999969653145,-0.001219840164908775,-0.0015418235428094611,0.001121300000249903
8.939911,-0.003348699999605742,-0.0010186999996676604,-0.0010492455474811696,-0.0012386999996705282,-0.003348699999605742
8.95991,0.0017013000003771594,-0.0007066999996368395,-0.0009189060561584148,-3.24296033827492e-05,-0.003348699999605742
8.97991,-0.003348699999605742,-0.0014446999996380328,-0.000811377957979398,-0.0007260426569766678,-0.003348699999605742
8.99991,-0.003348699999605742,-0.0001246999996510567,-0.0007017064742432336,-0.0004921498830882265,0.001121300000249903
9.01991,0.001121300000249903,-0.0012526999996680388,-0.000583840588199691,-0.001502709323670504,-0.003348699999605742
9.03991,0.003251300000329138,-0.0008266999996976665,-0.0004823317425660285,-0.0005076510486525471,-0.0012186999997538805
9.059909,-0.003938699999707751,-0.0004006999997272942,-0.00044585988152716344,-0.001028443589462656,-0.0012186999997538805
9.079909,-0.0012186999997538805,-0.0004006999997272942,-0.0005309290686662325,-0.00021305897410622355,-0.0012186999997538805
9.099909,-0.0012186999997538805,-0.0016046999997342936,-0.0007810824051675886,-0.0002073713284175677,-0.0012186999997538805
9.119909,0.001121300000249903,-0.0005926999997427629,-0.0012008974008771575,-0.0014154365964628266,-0.0012186999997538805
9.139909,-0.0027686999997058592,-0.0010186999997131353,-0.0017295652135515321,-0.0015273713283799552,-0.0012186999997538805
9.159909,0.001121300000249903,-0.001872699999694305,-0.002230367054204081,-0.002230727971727314,-0.0027686999997058592
9.179909,-0.003348699999605742,-0.002184699999679651,-0.002513410557894673,-0.0018766487176410085,-0.0027686999997058592
9.199908,-0.00548869999965973,-0.0025726999997004894,-0.0023940249617634443,-0.0025649004658924585,-0.003348699999605742
9.219908,-0.00043869999967682816,-0.00136869999969349,-0.0017672346264312217,-0.001863128904122999,-0.003348699999605742
9.239908,-0.004708699999810051,-0.001486699999713892,-0.0006650141005423816,-0.0011116603726686206,-0.003938699999707751
9.259907,0.0071413000002849,0.001039300000275034,0.0007315340973219505,-4.851351954053931e-05,-0.00043869999967682816
9.279907,-0.003938699999707751,0.0013513000002603804,0.0021319232637098044,0.0026499013988557237,0.001121300000249903
9.299907,0.0071413000002849,0.0037213000002793706,0.0032137324821318197,0.003780484149465687,0.0071413000002849
9.319907,0.001121300000249903,0.003371300000299016,0.0037135045904725145,0.0033401344991412936,0.005391300000383126
9.339907,0.0071413000002849,0.0034893000003194175,0.0035051890853230916,0.0038993419583551944,0.005391300000383126
9.359906,0.005391300000383126,0.0018173000003116613,0.0026411604214479655,0.00251537925438224,0.001121300000249903
9.379906,-0.003348699999605742,0.002127300000302057,0.001337971352621325,0.0013936310026464816,0.0026713000002018816
9.399906,-0.0012186999997538805,-0.00039869999968686896,-9.140234153004561e-05,-0.00029075128174601,-0.0012186999997538805
9.419906,0.0026713000002018816,-0.00257469999969544,-0.0013328520506018637,-0.0015071382281322172,-0.003348699999605742
9.439906,-0.00548869999965973,-0.0013706999997339154,-0.002157604507765664,-0.003098583449597566,-0.0012186999997538805
9.459905,-0.00548869999965973,-0.002224699999715085,-0.0024721739219860537,-0.002702033333056465,-0.00548869999965973
9.479905,0.0026713000002018816,-0.002534699999705481,-0.002319761731451469,-0.0010807512817739662,-0.00548869999965973
9.499905,-0.00548869999965973,-0.0007866999997077073,-0.0018363666105986334,-0.0006676044286160205,0.001121300000249903
9.519905,0.001121300000249903,0.0005353000002742192,-0.0011811835019337215,-0.002023944754951536,0.001121300000249903
9.539905,0.003251300000329138,-0.0007866999997077073,-0.000473281544491947,-0.00018851351952627884,0.001121300000249903
9.559905,0.001121300000249903,-0.0007866999997077073,0.00023453077949181172,0.0007546333336185684,0.001121300000249903
9.579904,-0.003938699999707751,0.0013893000003008637,0.0009326493567887291,-1.4037995028565024e-05,0.001121300000249903
9.599904,-0.00548869999965973,0.0009633000002850167,0.0016022586717972258,0.0014530249420086575,0.001121300000249903
9.619904,0.012001300000292758,0.00037930000030428346,0.0021770734398820083,0.0012248198138157624,-0.0017986999996537634
9.639904,0.001121300000249903,0.00271130000028279,0.002552408178315656,0.002492582051562033,0.001121300000249903
9.659904,-0.0017986999996537634,0.004149300000290168,0.0026362133628576637,0.0035267312357174264,0.0017013000003771594
9.679903,0.007721300000184783,0.00271130000028279,0.002407857632452979,0.0032967079257029902,0.0017013000003771594
9.699903,0.0017013000003771594,0.0018173000003116613,0.0019508034000525576,0.002437010956024179,0.0017013000003771594
9.719903,0.004811300000255869,0.0015073000003212656,0.0014396271083953747,0.00011537925439955262,0.0017013000003771594
9.739903,-0.003348699999605742,0.0006133000003501366,0.0010787306830361439,0.0009540972031417091,0.0017013000003771594
9.759902,-0.003348699999605742,0.0004973000003246853,0.001014397770534797,0.0012672673663082575,0.001121300000249903
9.779902,0.003251300000329138,0.0006133000003501366,0.0012649805581348087,0.00046188275092551756,0.001121300000249903
9.799902,0.001121300000249903,0.0020513000003120397,0.001711407725765615,0.0023608104898210575,0.003251300000329138
9.819902,0.005391300000383126,0.0029453000002831685,0.002155393630976516,0.0017386892776858228,0.003251300000329138
9.839902,0.0038413000002037734,0.0032573000002685147,0.002411287363124914,0.0032283396273000715,0.0038413000002037734
9.859901,0.001121300000249903,0.0017793000002711778,0.0023807553836126386,0.003046917715878808,0.0038413000002037734
9.879901,0.004811300000255869,0.002129300000251533,0.002075593861714176,0.001952558741527837,0.0038413000002037734
9.899901,-0.006268699999736782,0.0010013000002800255,0.0015873333134407747,0.0009691787881565964,0.001121300000249903
9.919901,0.0071413000002849,0.0005333000002792687,0.001030329360031997,5.985477882021993e-05,-0.0012186999997538805
9.939901,-0.0017986999996537634,-0.0006726999997226813,0.0004924393206303903,0.00017666130563871426,-0.0012186999997538805
9.9599,-0.0012186999997538805,0.0011153000002650515,1.470276807409068e-05,0.0005998547788221547,-0.0012186999997538805
9.9799,-0.0012186999997538805,-8.869999974194797e-05,-0.0003971818186617255,-0.00013678857784394852,-0.0012186999997538805
9.9999,0.0026713000002018816,2.7300000238028587e-05,-0.000740483635636298,0.0002891088580504084,-0.0012186999997538805
10.0199,0.001121300000249903,-0.0007106999997631647,-0.0009830293666386303,-0.0011309377619837305,-0.0012186999997538805
10.0399,-0.0012186999997538805,-0.0003986999997323437,-0.0010562684752871202,-0.0013674878785175058,0.00034130000040022423
10.0599,-0.004908699999759847,-0.0012926999997034728,-0.0008875294042690603,-0.0009400752911022826,-0.0012186999997538805
10.079899,0.00034130000040022423,-0.0017606999997042295,-0.0004568601503096504,-0.0005907979018179084,-0.0012186999997538805
10.099899,-0.0017986999996537634,2.7300000283503323e-05,0.00015925173263396636,-0.0006488864798843795,-0.0012186999997538805
10.119899,-0.0012186999997538805,0.0010773000003155176,0.0007917157400040397,0.0005989923080122123,0.00034130000040022423
10.139899,0.007721300000184783,0.0010773000003155176,0.0012367284490968362,0.001998432867453625,0.00034130000040022423
10.159898,0.00034130000040022423,0.002087300000312098,0.001340837582015246,0.0018767778558031276,0.00034130000040022423
10.179898,0.00034130000040022423,0.002087300000312098,0.001068426462154483,0.0017462883452943254,0.00034130000040022423
10.199898,0.003251300000329138,-0.0005546999996568047,0.0005157733577275758,-0.0002359727269594751,0.00034130000040022423
10.219898,-0.0012186999997538805,-0.00039869999968686896,-0.00013517252956481428,-0.0007932920742730708,0.00034130000040022423
10.239898,-0.00548869999965973,-0.0020326999996996163,-0.0006997924271470262,-0.0007049703959401193,-0.0012186999997538805
10.259897,0.001121300000249903,-0.0008266999996976665,-0.0010692588791666126,-0.0009687699297700548,-0.0012186999997538805
10.279897,-0.007828699999663513,-0.0005146999996668456,-0.0012445271368195627,-0.0019185834495673878,0.00034130000040022423
10.299897,0.009281300000338888,-0.0014086999996834493,-0.0013099598136562674,-0.0009817536127161872,0.00034130000040022423
10.319897,0.00034130000040022423,-0.001564699999653385,-0.0013681250610031914,-0.0005163923073558356,0.00034130000040022423
10.339897,-0.009958699999742748,0.0009633000003304914,-0.0014810332265601024,-0.0006477675987391722,0.00034130000040022423
10.359896,0.00034130000040022423,-0.00257469999969544,-0.00165103925951973,-0.0022883037292949792,0.00034130000040022423
10.379896,0.004811300000255869,-0.003430699999717035,-0.0018404068734191078,-0.0021040613050746348,-0.003938699999707751
10.399896,-0.00840869999979077,-0.002110699999730059,-0.0020075367749640394,-0.003083525174562469,-0.003358699999807868
10.419896,-0.003938699999707751,-0.0015286999997442762,-0.0021387093405091134,-0.001985296736334313,-0.003358699999807868
10.439896,-0.003358699999807868,-0.002734699999746226,-0.0022581068537348504,-0.0013464156174533956,-0.003358699999807868
10.459895,0.003251300000329138,-0.0021506999997200184,-0.002404834639367475,-0.003179469230511273,-0.003358699999807868
10.479895,-0.0012186999997538805,-0.0020346999997400417,-0.002586891820972007,-0.003196648717680777,-0.003358699999807868
10.499895,-0.00548869999965973,-0.0021506999997200184,-0.0027451252787436048,-0.0008640846151110708,-0.003358699999807868
10.519895,-0.003358699999807868,-0.0022666999997454696,-0.002756394826681003,-0.001675716316755335,-0.003358699999807868
10.539895,-0.003938699999707751,-0.0018006999997396632,-0.002476251060008191,-0.003325809556854723,-0.003358699999807868
10.559894,0.0026713000002018816,-0.0023846999997658713,-0.0017986736975882595,-0.003030401631461748,-0.003358699999807868
10.579894,0.0011113000002751505,-0.001956699999755074,-0.0007110095560198986,-0.0013958328668826213,-0.0012186999997538805
10.599894,-0.00840869999979077,0.001231300000245028,0.0006697280814182493,0.0016966379955700474,0.0011113000002751505
10.619894,-0.0012186999997538805,0.0016593000002558256,0.0020966495791097176,0.0021494351983852972,0.0011113000002751505
10.639894,0.012001300000292758,0.002981300000237752,0.00324925593315323,0.002897034265987931,0.004811300000255869
10.659893,0.004811300000255869,0.0035653000002639603,0.0038416174583328693,0.003418269697222322,0.004811300000255869
10.679893,0.007721300000184783,0.00477130000026591,0.003734489730971312,0.004671882750832341,0.004811300000255869
10.699893,-0.00548869999965973,0.0029053000002477345,0.0029891732908150833,0.0038081531471162383,0.004811300000255869
10.719893,0.004811300000255869,0.0015833000002658082,0.0018373115193090327,0.001483211422175635,0.0026713000002018816
10.739893,0.0026713000002018816,-0.001526699999703851,0.0005912700706228279,-0.0006692361302462529,-0.0017986999996537634
10.759892,-0.0017986999996537634,0.0002213000002939225,-0.000459557100209539,-0.0009747372957255352,0.0026713000002018816
10.779892,-0.007828699999663513,-0.0006726999996772065,-0.0011297372998779235,-0.0011242011651740405,0.00034130000040022423
10.799892,0.003251300000329138,-0.001450699999668359,-0.0013727753219022274,-0.0002020100230003671,-0.0012186999997538805
10.819892,0.00034130000040022423,-0.0008686999996825762,-0.001261219554535942,-0.0015307046616767823,0.00034130000040022423
10.839892,-0.0012186999997538805,0.00045330000029935035,-0.0009267634587734927,-0.0008634086244018065,0.00034130000040022423
10.859891,0.0011113000002751505,-0.00055669999969723,-0.0004959874778512764,9.155641053721465e-05,-0.0012186999997538805
10.879891,-0.0012186999997538805,-9.069999973689846e-05,-5.4414675003721915e-05,0.000555286014276874,-0.0012186999997538805
10.899891,-0.0017986999996537634,0.0002213000002939225,0.0003523115329416352,-3.65088575168952e-05,0.00034130000040022423
10.919891,0.0026713000002018816,6.730000031893724e-05,0.000694428182914494,3.9551748562089946e-05,0.00034130000040022423
10.939891,0.00034130000040022423,0.0005333000003247435,0.0009331254590140162,0.0004590855481094069,0.00034130000040022423
10.95989,0.00034130000040022423,0.0005333000003247435,0.0010100343131447564,0.0004284095574244742,0.00034130000040022423
10.97989,0.0011113000002751505,0.0005333000003247435,0.0008562283772518595,0.0011423256413544349,0.00034130000040022423
10.99989,-0.0017986999996537634,0.00037730000030933297,0.00041911235233447965,0.0012314631704895172,0.00034130000040022423
11.01989,0.0026713000002018816,0.00037730000030933297,-0.0002998641270383451,-0.000784970395954912,0.00034130000040022423
11.03989,-0.00043869999967682816,-0.0008266999996976665,-0.0012119575201510902,-0.0008210776220955282,-0.00043869999967682816
11.059889,0.00034130000040022423,-0.002148699999725068,-0.0021344496946472864,-0.0017682571092697183,-0.00043869999967682816
11.079889,-0.004908699999759847,-0.0020326999996996163,-0.0028272580252846867,-0.002619772260786838,-0.00043869999967682816
11.099889,-0.00840869999979077,-0.0030426999996961968,-0.003067743008109162,-0.0033051568761730938,-0.004908699999759847
11.119889,0.003251300000329138,-0.003354699999727018,-0.002733352186299643,-0.0033552734262669937,-0.004908699999759847
11.139889,-0.00548869999965973,-0.0023046999996950033,-0.0018542303823594264,-0.0019698188808086143,-0.0012186999997538805
11.159888,-0.0012186999997538805,0.0004553000003397756,-0.0006134618556318006,-0.0007320799530538421,0.00034130000040022423
11.179888,0.00034130000040022423,0.0004553000003397756,0.0007045600469631495,0.0010427918418392597,0.00034130000040022423
11.199888,0.005391300000383126,0.0017753000003267517,0.0018000392880599312,0.0026760785551093623,0.0011113000002751505
11.219888,0.003251300000329138,0.0025533000003179042,0.0024482479268235157,0.0020174072264097587,0.0026713000002018816
11.239888,0.0011113000002751505,0.0030193000002782357,0.0025601356187358805,0.002878642657630567,0.0026713000002018816
11.259887,0.0026713000002018816,0.00115330000026006,0.002190321322533973,0.0019064282053902772,0.0026713000002018816
11.279887,0.0026713000002018816,0.0007253000002492626,0.0014946098249185751,0.0012454491844020592,0.0011113000002751505
11.299887,-0.003938699999707751,0.0002593000002434565,0.0006610172709485808,-0.0005522664333137618,0.0011113000002751505
11.319887,0.0011113000002751505,-0.00020669999971687503,-0.00015364224046432765,-5.324545429073735e-05,0.00034130000040022423
11.339886,-0.0012186999997538805,-0.001412699999718825,-0.0008557377243068952,0.00012992470889291395,-0.0012186999997538805
11.359886,0.00034130000040022423,0.0003373000002738991,-0.001407457864572315,-0.0012654132864229023,0.00034130000040022423
11.379886,-0.003358699999807868,-0.000982699999713077,-0.0017945893595949915,-0.0016368818178821415,-0.0012186999997538805
11.399886,0.004811300000255869,-0.0023046999996950033,-0.001997682059872529,-0.0018453899763912266,-0.003358699999807868
11.419886,-0.00548869999965973,-0.0021506999997200184,-0.0019909152742819307,-0.001913222144232338,-0.003358699999807868
11.439886,-0.007828699999663513,-0.0017226999997092206,-0.0017717487859309957,-0.0023508678318839757,-0.0012186999997538805
11.459885,0.0011113000002751505,-0.0021506999997200184,-0.0013969614504415904,-0.0016209377619635004,-0.0012186999997538805
11.479885,-0.0012186999997538805,-0.0018406999997296225,-0.0009894091799105308,-0.0006359494169714989,-0.0012186999997538805
11.499885,0.0026713000002018816,0.0006873000002542539,-0.0006998505890979369,-0.0015250636361024694,0.0011113000002751505
11.519885,-0.003938699999707751,-0.00020669999976234975,-0.0006432521364639725,6.572890466308525e-05,-0.0012186999997538805
11.539885,0.004811300000255869,-0.00121669999975893,-0.0008473442978132712,0.00039426037318448593,-0.003358699999807868
11.559884,-0.003358699999807868,-0.00121669999975893,-0.00124209353987995,-0.0016923130533753603,-0.003358699999807868
11.579884,-0.006268699999736782,-0.00121669999975893,-0.0016946790676241254,-0.0025442011652443584,-0.003358699999807868
11.599884,0.0026713000002018816,-0.0037446999997428065,-0.00207077910309919,-0.00260529673632931,-0.003938699999707751
11.619884,-0.003938699999707751,-0.002850699999726203,-0.002291007044698856,-0.0020354599065065156,-0.003938699999707751
11.639884,-0.007828699999663513,-0.00106269999973847,-0.002356161757642353,-0.0025808678319027213,0.0011113000002751505
11.659883,0.0011113000002751505,-0.00226869999974042,-0.0023303824096805262,-0.001982243123283639,-0.003358699999807868
11.679883,0.0026713000002018816,-0.00226869999974042,-0.002290490691560758,-0.00166825710930065,-0.003358699999807868
11.699883,-0.003358699999807868,-0.001374699999769291,-0.0022697560657844616,-0.0026053899764429847,-0.003358699999807868
11.719883,-0.003938699999707751,-0.0016466999997646781,-0.0022317772946826887,-0.001632732633809154,-0.003358699999807868
11.739882,-0.003358699999807868,-0.002852699999766628,-0.0020910267762787333,-0.0016598888109608998,-0.003358699999807868
11.759882,-0.0002486999997017847,-0.0019586999997500245,-0.0017641829808270578,-0.003012452913497925,-0.003358699999807868
11.779882,-0.003358699999807868,-0.0015306999997392267,-0.0012200437013123377,-0.0014981871792154279,-0.0017986999996537634
11.799882,0.0011113000002751505,-0.0006366999997226231,-0.0005037041883581834,-0.00015760442864010474,-0.0002486999997017847
11.819882,-0.0017986999996537634,0.0009573000002546905,0.00027244036052446487,0.0006484561773983685,0.0011113000002751505
11.839882,0.0011113000002751505,0.0009573000002546905,0.0009649646430291005,0.000678293007254209,0.0011113000002751505
11.859881,0.007721300000184783,0.0009573000002546905,0.0014477122080832957,0.0014025121214664871,0.0011113000002751505
11.879881,-0.003358699999807868,0.001385300000265488,0.0016515588569381385,0.0016999480189135844,0.0011113000002751505
11.899881,0.0011113000002751505,0.002125300000261632,0.0015800123498647422,0.0012654958044786275,0.0011113000002751505
11.919881,0.00034130000040022423,0.0002213000002939225,0.0013011955950981717,0.0016999480189395545,0.00034130000040022423
11.939881,0.004811300000255869,0.001233300000330928,0.0009295108749456122,0.001468339627345628,0.0011113000002751505
11.95988,-0.0017986999996537634,0.0015453000003162742,0.0006059684290788829,0.0001707871798064494,0.0017013000003771594
11.97988,0.0017013000003771594,0.0012333000002854532,0.0004735293019676982,0.0003112533802656926,0.0017013000003771594
11.99988,0.0026713000002018816,-0.0005166999997072708,0.0006411426467734195,0.0006908337998115698,-0.0012186999997538805
12.01988,-0.0012186999997538805,0.0008053000002746557,0.001140671654128458,0.0012572440562164423,0.0017013000003771594
12.03988,-0.003938699999707751,0.002437300000246978,0.0018951020579404771,0.0018369643359279443,0.0026713000002018816
12.059879,0.004811300000255869,0.0022433000002820337,0.002723243233748409,0.0023292487182191893,0.0017013000003771594
12.079879,0.00986130000023877,0.003021300000273186,0.0033938747042623237,0.002878269697248478,0.0026713000002018816
12.099879,0.0017013000003771594,0.003877300000294781,0.0037111175320642758,0.003980833799816192,0.0026713000002018816
12.119879,0.0026713000002018816,0.004459300000280564,0.0035885606819246233,0.004992045921019291,0.0026713000002018816
12.139879,0.00034130000040022423,0.003021300000273186,0.003077958709290134,0.0037280832170661416,0.0026713000002018816
12.159878,0.007721300000184783,0.0023213000002670014,0.0023474735806626756,0.0015299713289494566,0.0026713000002018816
12.179878,0.0026713000002018816,0.0006893000002946792,0.001622690821242729,0.00025787342684242744,0.00034130000040022423
12.199878,-0.0017986999996537634,0.0011553000002550106,0.0011058636964275661,0.0011129317018937252,0.0026713000002018816
12.219878,-0.00548869999965973,0.00026130000028388165,0.000895708054578275,0.0012707405597329312,0.0026713000002018816
12.239878,0.0026713000002018816,0.0008053000003201305,0.0009444391032159345,0.0010052627042691918,0.0026713000002018816
12.259877,0.003251300000329138,0.001233300000330928,0.001084135835086775,0.0005900179490647512,0.0026713000002018816
12.279877,0.005391300000383126,0.001971300000332121,0.0011166919265317944,0.0013281065271549372,0.0026713000002018816
12.299877,0.00034130000040022423,0.001659300000346775,0.000918264380338455,0.001541882750911897,0.0011113000002751505
12.319877,-0.0017986999996537634,0.0007653000003301713,0.0005004259716553242,0.001302162471174622,0.00034130000040022423
12.339876,0.0011113000002751505,-0.00055669999969723,1.7053761958059459e-06,0.00016768694670079329,-0.0012186999997538805
12.359876,-0.0012186999997538805,-0.00040269999972224467,-0.00037626598810672787,-0.0005405181815289201,-0.0012186999997538805
12.379876,-0.0012186999997538805,2.5300000288552837e-05,-0.0004536675520380854,-0.001251031002035059,0.00034130000040022423
12.399876,0.0011113000002751505,-0.00055669999969723,-0.00014671572380214429,-0.0005158561768565697,-0.0012186999997538805
12.419876,0.00034130000040022423,-0.000244699999666409,0.0004894208081118837,-4.6392307380692025e-05,0.00034130000040022423
12.439876,-0.0017986999996537634,0.000961300000335541,0.0012605204598962372,0.0008871974362269352,0.00034130000040022423
12.459876,0.00034130000040022423,0.0013893000003463384,0.0018815213639940198,0.002646265035315463,0.00034130000040022423
12.479875,0.004811300000255869,0.002399300000342919,0.0020691886576117693,0.0027713699304288643,0.003251300000329138
12.499875,0.003251300000329138,0.0028273000003537162,0.0016557652273187522,0.0019238641029241958,0.003251300000329138
12.519875,0.005391300000383126,0.0011933000003409688,0.0006770073653629284,0.0008106006996449738,0.003251300000329138
12.539875,0.00034130000040022423,-0.0008666999996421509,-0.0006165988016134894,-0.0004055065264611597,0.00034130000040022423
12.559875,-0.007828699999663513,-0.002304699999649529,-0.001846440065603528,-0.00299368834464505,-0.003938699999707751
12.579874,-0.00548869999965973,-0.0037426999996569067,-0.0026568336266906308,-0.00316769766863269,-0.003938699999707751
12.599874,-0.003938699999707751,-0.0041706999996677045,-0.0028545473160098717,-0.0029334785544341026,-0.003938699999707751
12.619874,-0.0017986999996537634,-0.0007486999996672239,-0.002464042971537045,-0.0023538748248621765,-0.0017986999996537634
12.639874,-0.0017986999996537634,-0.0003226999996968516,-0.0016755610676828909,-0.0014527093237167103,-0.0017986999996537634
12.659873,0.009281300000338888,0.0002213000002939225,-0.0007252979226221862,0.00022395734295314342,-0.0017986999996537634
12.679873,-0.003358699999807868,0.0002213000002939225,0.00021837546978687678,0.00046999463900420507,-0.0017986999996537634
12.699873,-0.0012186999997538805,0.0016593000003013003,0.0011013775121652702,0.0016077568767622792,-0.0012186999997538805
12.719873,-0.0017986999996537634,0.00045330000029935035,0.0019524147857360918,0.0016590156180166862,-0.0012186999997538805
12.739872,0.005391300000383126,0.0026693000002978805,0.0028135487099123758,0.002322162471151893,0.003251300000329138
12.759872,0.003251300000329138,0.003135300000303687,0.0036847885629785206,0.0029567545457360443,0.003251300000329138
12.779872,0.007721300000184783,0.005039300000271396,0.0045072161764659465,0.004326148485133027,0.005391300000383126
12.799872,0.0011113000002751505,0.004923300000245945,0.005176989855843477,0.004710554079508326,0.004811300000255869
12.819872,0.007721300000184783,0.004495300000235148,0.005572904160873259,0.006447220746150716,0.004811300000255869
12.839872,0.004811300000255869,0.004923300000245945,0.0055888033807452615,0.005512558741503746,0.004811300000255869
12.859871,0.0011113000002751505,0.006557300000258693,0.005169942431759353,0.00561523939420765,0.007721300000184783
12.879871,0.00986130000023877,0.0039133000002948394,0.004348874210395485,0.004247733566714152,0.004811300000255869
12.899871,0.009281300000338888,0.0034853000002840417,0.003264609672780092,0.0037800645690333847,0.0026713000002018816
12.919871,-0.005498699999634482,0.002591300000267438,0.0021419498411916938,0.0011098547788309307,0.0026713000002018816
12.939871,0.0026713000002018816,0.000841300000274714,0.0012228809937321397,0.0009084561774404831,0.0011113000002751505
12.95987,-0.003358699999807868,-0.0013746999997238164,0.0006767675558832129,0.0006708337998095937,-0.0017986999996537634
12.97987,0.0011113000002751505,0.0015813000002708577,0.0005400671808591094,0.000814610023589584,0.0011113000002751505
12.99987,-0.0017986999996537634,0.0015813000002708577,0.0007230447927181867,0.0008600878790549105,0.0011113000002751505
13.01987,0.009281300000338888,0.002903300000298259,0.0010787331361448394,0.002368479487464863,0.0026713000002018816
13.03987,0.0026713000002018816,0.0014273000002958725,0.0014879609581315812,0.001352465501469901,0.0026713000002018816
13.059869,0.003251300000329138,0.0024373000002924526,0.001901688188920748,0.0020458221448223677,0.003251300000329138
13.079869,-0.006268699999736782,0.0006473000002642948,0.002311839841218846,0.0015131881121508424,0.0026713000002018816
13.099869,0.003251300000329138,0.0013473000002704794,0.0026782415772794574,0.001940927039880452,0.003251300000329138
13.119869,0.00033130000019809813,0.001231300000245028,0.0028777030255187227,0.00204808321704169,0.0026713000002018816
13.139868,0.0061713000002328045,0.00356330000026901,0.002727557762620448,0.0027723722613396226,0.003251300000329138
13.159868,0.0026713000002018816,0.003135300000258212,0.002081322965914246,0.0022259620049287754,0.0026713000002018816
13.179868,0.005391300000383126,0.001815300000271236,0.0009417260640780236,0.002731626340590044,0.0026713000002018816
13.199868,0.0011113000002751505,-0.00020669999971687503,-0.00047953959039141324,0.00019398065295090492,0.0011113000002751505
13.219868,-0.006268699999736782,-0.0006746999997176318,-0.0017994958708018442,-0.0018389797200040452,0.00033130000019809813
13.239868,-0.003938699999707751,-0.0033186999997269597,-0.0025915518315369076,-0.00338462074563562,-0.003938699999707751
13.259867,0.00033130000019809813,-0.0037846999997327656,-0.002548864374918745,-0.003479445920462008,-0.003938699999707751
13.279867,-0.007828699999663513,-0.001452699999708784,-0.0016128260415528956,-0.002061940092964367,-0.0012186999997538805
13.299867,-0.0012186999997538805,0.0002973000002839399,-1.3104080704655265e-05,0.00011887575787397869,0.00033130000019809813
13.319867,0.005391300000383126,0.0018913000003067282,0.0017992324442711533,0.0025175470865493694,0.004811300000255869
13.339866,0.004811300000255869,0.003679300000294461,0.0033025453860222264,0.003579668298659699,0.004811300000255869
13.359866,0.00830130000031204,0.0044573000002856135,0.004079654089819111,0.0037767545457354293,0.004811300000255869
13.379866,0.0011113000002751505,0.0034453000002486077,0.003945768867872441,0.004439761538710459,0.0026713000002018816
13.399866,0.0026713000002018816,0.002239300000246658,0.002984291713516503,0.0032869410258923783,0.0011113000002751505
13.419866,0.00033130000019809813,0.0008013000002392801,0.0014925937364410038,0.0012250995340385956,0.0011113000002751505
13.439866,-0.0012186999997538805,0.00021930000025349727,-0.0001244880442489842,-0.001123618414672263,0.00033130000019809813
13.459865,0.0011113000002751505,-0.0015686999997342355,-0.0014692870611702957,-0.0020986766897142144,-0.0012186999997538805
13.479865,-0.0017986999996537634,-0.0024226999997154055,-0.0022450040136545594,-0.0014885368295555225,-0.0017986999996537634
13.499865,-0.006268699999736782,-0.001100699999688004,-0.002315826772010194,-0.0019168351978293796,-0.0017986999996537634
13.519865,-0.003938699999707751,-0.001100699999688004,-0.0017265094708305319,-0.0012483969693737563,-0.0017986999996537634
13.539865,0.005391300000383126,-0.001100699999688004,-0.0006764104680448303,-0.0008872314682148545,-0.0017986999996537634
13.559864,0.0011113000002751505,0.00080330000032518,0.0005447525106062483,0.00018332797235215002,0.0011113000002751505
13.579864,-0.0017986999996537634,0.0018133000003217603,0.0016345002161952252,0.0018695983686168563,0.0011113000002751505
13.599864,0.003251300000329138,0.0018133000003217603,0.0023417410447321312,0.0027606706297046354,0.0011113000002751505
13.619864,0.0011113000002751505,0.0018133000003217603,0.0025077886206392934,0.002441649650682433,0.0011113000002751505
13.639863,0.005391300000383126,0.0018133000003217603,0.0020884372555516634,0.0016352160842221198,0.0011113000002751505
13.659863,0.0011113000002751505,0.0009193000003051566,0.0011585340858243798,1.120676021128459e-05,0.0011113000002751505
13.679863,-0.0017986999996537634,2.5300000288552837e-05,-0.00010624514865961173,0.0003183629373583602,-0.0012186999997538805
13.699863,-0.0012186999997538805,-0.002618699999720775,-0.0014709889319264717,-0.0008266720276943595,-0.0017986999996537634
13.719863,-0.003358699999807868,-0.001412699999718825,-0.0026943026981344916,-0.0023995857806093056,-0.0017986999996537634
13.739862,-0.007828699999663513,-0.002734699999746226,-0.003573911799647374,-0.003967301398339241,-0.003358699999807868
13.759862,0.0071413000002849,-0.004056699999728153,-0.0039750406736990315,-0.003524341025374145,-0.007828699999663513
13.779862,-0.00840869999979077,-0.0036286999997173553,-0.0038470700426320595,-0.0032401452211724044,-0.007828699999663513
13.799862,-0.007828699999663513,-0.0018406999997296225,-0.0032395561682702348,-0.004206299067326579,-0.0012186999997538805
13.819862,-0.0012186999997538805,-0.004056699999728153,-0.0023140864165965545,-0.002751520512542723,-0.003938699999707751
13.839861,0.0011113000002751505,-0.0030466999997315726,-0.0013299538465317076,-0.001736602097649047,-0.003358699999807868
13.859861,-0.003938699999707751,0.00037530000026890774,-0.0005855019441671514,-0.0006415671325893412,-0.0012186999997538805
13.879861,-0.003358699999807868,0.00037530000026890774,-0.0003218731214451329,0.0006318827508694362,-0.0012186999997538805
13.899861,0.009281300000338888,0.0002213000002939225,-0.0006201106382351811,8.046083943043692e-05,-0.0012186999997538805
13.919861,-0.0012186999997538805,-0.0014106999997238745,-0.0013368648765353997,-0.0015201219111318808,-0.0012186999997538805
13.939861,0.00034130000040022423,-0.000982699999713077,-0.0021237101835410413,-0.001606975057983578,-0.0012186999997538805
13.95986,-0.012098699999796736,-0.003198699999711607,-0.002545248855447799,-0.0025304482514736967,-0.0012186999997538805
13.97986,-0.0012186999997538805,-0.002420699999720455,-0.002255275338707237,-0.002886928437953813,-0.0012186999997538805
13.99986,-0.0017986999996537634,-0.0031606999997620734,-0.0011490904729206843,-0.003070075291113683,-0.0017986999996537634
14.01986,0.0026713000002018816,0.0011153000002650515,0.0005799672772198152,0.0007999247088798654,-0.0012186999997538805
14.03986,-0.003358699999807868,0.0027873000002728078,0.0025019560150645677,0.0024698314687824985,0.0026713000002018816
14.059859,0.009281300000338888,0.005119300000251315,0.004101962558419049,0.005734283683267266,0.0071413000002849
14.079859,0.0071413000002849,0.004225300000280185,0.004964543028575675,0.005551649650619982,0.0071413000002849
14.099859,0.00986130000023877,0.006325300000298739,0.004921688473542819,0.0051849596739214025,0.0071413000002849
14.119859,-0.0017986999996537634,0.003797300000269388,0.004103979420861309,0.004374913053905388,0.0071413000002849
14.139858,0.0071413000002849,0.0020093000002816552,0.002872607121431392,0.0019227452217466584,-0.0017986999996537634
14.159858,-0.003358699999807868,0.00010530000031394593,0.0016639607199214568,7.225571124973372e-05,-0.0017986999996537634
14.179858,-0.0017986999996537634,-0.0003226999996968516,0.0008174954421536585,0.0006038874128970781,-0.0017986999996537634
14.199858,0.00034130000040022423,0.00064930000030472,0.0004622324289663464,0.00036223240125168627,-0.0017986999996537634
14.219858,-0.003938699999707751,0.001971300000332121,0.000508572714290185,0.0013156123546265882,0.00034130000040022423
14.239857,0.012001300000292758,0.0015433000003213238,0.0007411344476276844,0.001390181119200009,0.00034130000040022423
14.259857,0.003251300000329138,0.001697300000296309,0.0009553927922675682,0.00165649813550662,0.0011113000002751505
14.279857,-0.003938699999707751,0.002707300000292889,0.00105757853683818,0.0018912300702315734,0.0011113000002751505
14.299857,0.0011113000002751505,-0.00048069999970721253,0.0010755740658865726,0.0008956589746453798,0.0011113000002751505
14.319857,0.0011113000002751505,-5.269999969641504e-05,0.0010905096081986366,-4.921282021793424e-05,0.0011113000002751505
14.339857,-0.003938699999707751,6.330000028356153e-05,0.0011459017615811757,-0.0006626627036666326,0.0011113000002751505
14.359856,0.005391300000383126,0.000491300000294359,0.0011942222693315657,0.0013172673662514515,0.0011113000002751505
14.379856,-0.003358699999807868,0.001697300000296309,0.0011110370309128747,0.002068759207748691,0.003251300000329138
14.399856,0.003251300000329138,0.002241300000287083,0.0007686801543787464,0.001247803496786998,0.003251300000329138
14.419856,0.0071413000002849,6.530000027851201e-05,0.00012979082349018735,-4.438764539116142e-05,-0.0012186999997538805
14.439856,-0.0012186999997538805,-5.069999970146455e-05,-0.0006939028996446646,0.00014733729633520978,-0.0012186999997538805
14.459856,-0.00548869999965973,-0.0013706999996884405,-0.0014588636567228874,-0.0009865787875800603,-0.003348699999605742
14.479855,-0.003938699999707751,-0.0018366999996942469,-0.0018816654027658567,-0.002201310722289465,-0.003348699999605742
14.499855,-0.003348699999605742,-0.002380699999685021,-0.0017578091935591849,-0.003264107925106939,-0.003938699999707751
14.519855,0.004811300000255869,-0.0020706999996946253,-0.0010468031553238796,-0.001575133566124957,-0.003938699999707751
14.539855,-0.003938699999707751,0.0006893000002946792,0.00011020650141936733,0.0008820925410851078,-0.003348699999605742
14.559854,-0.003938699999707751,0.003215300000283605,0.001438113552076563,0.0024317662007571554,0.004811300000255869
14.579854,0.00986130000023877,0.0020093000002816552,0.002619112950340825,0.002426731235731722,-0.0012186999997538805
14.599854,0.009281300000338888,0.0028653000003032504,0.00339552723113728,0.0035751228440981603,0.00034130000040022423
14.619854,-0.0012186999997538805,0.003877300000294781,0.003642677481089736,0.0033313466203422114,0.001121300000249903
14.639853,0.00034130000040022423,0.0034493000002839835,0.0033795406664379637,0.003452535431534576,0.001121300000249903
14.659853,0.001121300000249903,0.0009233000002950575,0.0027228650769193083,0.0025993419583354217,0.00034130000040022423
14.679853,0.007721300000184783,0.0009233000002950575,0.0018247338395057581,0.000617477156463111,0.00034130000040022423
14.699853,-0.003348699999605742,0.001389300000255389,0.0008302164841063582,0.0007291321680906253,0.001121300000249903
14.719853,-0.0012186999997538805,0.0009213000002546324,-0.00013640689366595888,0.0007956356645894598,-0.0012186999997538805
14.739852,0.0026713000002018816,-0.0008666999997331004,-0.0009677263165426288,-0.0006957163167592248,-0.0012186999997538805
14.759852,-0.0012186999997538805,-0.001294699999743898,-0.0015661752271921366,-0.0012516137526359487,-0.0012186999997538805
14.779852,-0.0012186999997538805,-0.0014106999997238745,-0.0018474450008674444,-0.0019426627036860187,-0.0012186999997538805
14.799852,-0.00548869999965973,-0.0014106999997238745,-0.001761145044048379,-0.0018839214449579153,-0.0012186999997538805
14.819852,-0.0017986999996537634,-0.0016426999997293024,-0.0013194321403950677,-0.001608606759641371,-0.0017986999996537634
14.839852,0.0026713000002018816,-0.0016426999997293024,-0.0006118410387063679,-0.000910145221193188,-0.0017986999996537634
14.859851,-0.00237869999978102,0.0009993000002396003,0.00020974239365507816,0.00045029766924142384,-0.0012186999997538805
14.879851,-0.0012186999997538805,0.0017773000002307526,0.0009739157414658928,0.0016037009326651645,0.002091300000301999
14.899851,0.007721300000184783,0.001311300000270421,0.0015436628052489488,0.0014790156179904246,0.00034130000040022423
14.919851,0.002091300000301999,0.0018553000003066699,0.0018580377726163768,0.0019033979023739852,0.00034130000040022423
14.939851,0.00034130000040022423,0.0016233000003012422,0.0019396494712604765,0.001863817482821415,0.00034130000040022423
14.95985,0.00034130000040022423,0.0016233000003012422,0.001861380988787846,0.0017332114222127874,0.00034130000040022423
14.97985,-0.00237869999978102,0.0008453000003100896,0.0016924925816893506,0.0008690156180205302,0.00034130000040022423
14.99985,0.007721300000184783,0.0005333000002792687,0.0014597938993141852,0.0008386426576421029,-0.0012186999997538805
15.01985,-0.0017986999996537634,0.0011153000002650515,0.0011474038179802473,0.0016484561774324953,-0.0012186999997538805
15.03985,-0.0012186999997538805,0.0025533000002724293,0.0007312448847447876,0.0012666379955919647,0.003251300000329138
15.059849,0.003251300000329138,0.0002213000002939225,0.0002256317950782137,0.0009226752916438384,-0.0012186999997538805
15.079849,0.004811300000255869,-0.00020669999971687503,-0.00028504394808375,0.00011433030334000001,-0.0012186999997538805
15.099849,-0.003938699999707751,0.00010530000031394593,-0.0006528451254579947,-0.0014438048947833526,0.00034130000040022423
15.119849,-0.003938699999707751,-0.0009046999996826343,-0.0007191445395366616,-0.0008145974355956626,-0.0017986999996537634
15.139848,0.00034130000040022423,-0.0016426999996838275,-0.00039278373300138887,-0.0002638748248663884,-0.0017986999996537634
15.159848,-0.0017986999996537634,0.00010730000030889641,0.00029033240785771854,-0.00018634568731992974,0.00034130000040022423
15.179848,0.001121300000249903,0.0019733000003270716,0.0011632477840585736,0.0010475004665354663,0.001121300000249903
15.199848,0.004811300000255869,0.0019733000003270716,0.0019844030121766412,0.002541603030615069,0.001121300000249903
15.219848,0.005391300000383126,0.002867300000298201,0.0025258328001382443,0.0023689923080044786,0.0026713000002018816
15.239848,0.00034130000040022423,0.002399300000297444,0.00264963842864585,0.0023832580422485056,0.0026713000002018816
15.259847,0.0026713000002018816,0.0015053000003263151,0.002340688821198917,0.002754819813835201,0.00034130000040022423
15.279847,-0.0012186999997538805,0.0013893000003008637,0.0016927288207245054,0.002020647319666052,0.00034130000040022423
15.299847,0.00034130000040022423,0.0013893000003008637,0.0008696581980280735,0.0003032114222154181,0.00034130000040022423
15.319847,0.004811300000255869,0.0001833000002989138,6.537527491484202e-05,0.000349132168117747,0.00034130000040022423
15.339846,0.00034130000040022423,-0.0003606999996918603,-0.0005320995239194617,-0.0001959027969069704,0.00034130000040022423
15.359846,-0.003358699999807868,0.0002213000002939225,-0.000780972261765237,-0.0018171848481783387,0.00034130000040022423
15.379846,-0.003938699999707751,-0.0018386999996891974,-0.0006318036222807627,-0.0011619867129866216,-0.003358699999807868
15.399846,0.003251300000329138,-0.001684699999714212,-0.0001589682058745864,0.0005645634035743011,-0.003358699999807868
15.419846,-0.00548869999965973,0.0012713000003259367,0.0004521401657231406,0.000656777855806628,0.0011113000002751505
15.439846,0.0011113000002751505,0.003137300000344112,0.0009739941619265204,0.001493444522466111,0.003251300000329138
15.459845,0.011421300000392876,0.0008053000003201305,0.0012392085710704402,0.001385822144853629,0.0011113000002751505
15.479845,0.005391300000383126,0.0016593000003013003,0.0012224326948217258,0.001474167133162661,0.0011113000002751505
15.499845,-0.00840869999979077,0.001193300000295494,0.0010455346685802498,0.0007159853149801445,-0.0012186999997538805
15.519845,-0.0012186999997538805,-0.00012869999973190714,0.0008935493453278596,0.0009765913755695494,-0.0012186999997538805
15.539845,-0.0012186999997538805,-0.0011386999997284875,0.0008944265007912179,0.00016591538488123332,-0.0012186999997538805
15.559844,0.004811300000255869,0.0010773000002700429,0.0010429491960021555,-0.00020487715590743256,0.00034130000040022423
15.579844,0.00034130000040022423,0.0019713000002866466,0.0012123891101673578,0.0012694118883917146,0.0026713000002018816
15.599844,0.0026713000002018816,0.0022833000003174677,0.0012356853548767628,0.0024500645690665656,0.0026713000002018816
15.619844,0.003251300000329138,0.0010773000003155176,0.0010022783690390817,0.0019767079257241725,0.00034130000040022423
15.639844,0.00034130000040022423,0.00064930000030472,0.0005197207653536148,0.0005430482520890894,0.00034130000040022423
15.659843,-0.0012186999997538805,0.00018330000034438854,-8.530494112031043e-05,-0.0008627093236756513,0.00034130000040022423
15.679843,-0.0017986999996537634,-0.001564699999653385,-0.0006210106020456362,-0.0003392827502577702,-0.0012186999997538805
15.699843,0.00034130000040022423,-0.0010986999996930535,-0.0009102195267942412,-0.0010858328667955513,-0.0012186999997538805
15.719843,-0.00548869999965973,-0.0002046999996764498,-0.0008590495477948259,-0.0017344342654108972,0.00034130000040022423
15.739842,0.0026713000002018816,-0.0006326999996872473,-0.00048783890016759236,0.00010081048981192063,0.00034130000040022423
15.759842,0.003251300000329138,-0.00047869999971226205,8.221186397078698e-05,0.00020941188840042127,0.0011113000002751505
15.779842,-0.003938699999707751,0.0021633000002566406,0.0006734170129626637,0.0007004142193699213,0.0026713000002018816
15.799842,0.0011113000002751505,0.00037530000026890774,0.0011053571944689231,0.0008634445224036094,0.0011113000002751505
15.819842,0.007721300000184783,0.00037530000026890774,0.0012414818228603278,0.001915915384893255,0.0011113000002751505
15.839842,-0.006268699999736782,0.0012313000002905027,0.001020037519276996,0.0008346799536729738,0.0011113000002751505
15.859841,0.003251300000329138,0.0012313000002905027,0.00046496371862068844,-0.00012578624679731448,0.0011113000002751505
15.879841,0.00034130000040022423,-0.0015666999996938103,-0.0003234722220206602,4.1438231412690854e-06,0.00034130000040022423
15.899841,0.0011113000002751505,-0.001100699999688004,-0.0011947063109655385,-0.0013016370626241234,0.00034130000040022423
15.919841,-0.006268699999736782,-0.0015286999996988015,-0.0019859988170596223,-0.002259049650033668,0.00034130000040022423
15.939841,-0.003938699999707751,-0.0023846999997203964,-0.002564353160687376,-0.0023402384612591816,-0.003938699999707751
15.95984,0.0011113000002751505,-0.003278699999737,-0.002857416481744856,-0.0028277209787691653,-0.003938699999707751
15.97984,-0.003938699999707751,-0.0026966999997512175,-0.0028613785801890647,-0.002578979720025737,-0.003358699999807868
15.99984,-0.003358699999807868,-0.0012586999997438396,-0.0026278271722913796,-0.002958956410000804,-0.003358699999807868
16.01984,-0.003358699999807868,-0.0025786999997308158,-0.002241237272920285,-0.0018507279717660957,-0.003358699999807868
16.03984,0.003251300000329138,-0.002462699999750839,-0.0017968646765789311,-0.0017295624706070527,-0.003358699999807868
16.059839,-0.00548869999965973,-0.001140699999723438,-0.0013837872653005344,-0.0017578142188431236,-0.003358699999807868
16.079839,-0.003358699999807868,-0.0007126999997126404,-0.0010743592610825499,-0.0011956930067127563,-0.0012186999997538805
16.099839,0.003251300000329138,-0.0017226999997092206,-0.0009170314012013292,1.5915384904841533e-05,-0.0017986999996537634
16.119839,-0.0012186999997538805,-0.0008686999997280509,-0.0009288813754113604,-0.0013180240090370076,-0.0012186999997538805
16.139838,-0.0017986999996537634,2.5300000288552837e-05,-0.0010912915646700883,-0.0020221965032076977,-0.0012186999997538805
16.159838,-0.0012186999997538805,-0.0029286999997111705,-0.0013569702090154745,-0.0012698188808269132,-0.0012186999997538805
16.179838,0.0011113000002751505,-0.0020346999996945668,-0.0016695505560181427,-0.0013349470859576387,-0.0012186999997538805
16.199838,-0.01151869999966948,-0.0016086999997241946,-0.0019847842669752634,-0.002070891141911367,0.00033130000019809813
16.219838,0.003251300000329138,-0.0016086999997241946,-0.002276947905145458,-0.001958513519518545,0.00033130000019809813
16.239838,0.00033130000019809813,-0.002930699999706121,-0.002522917487267381,-0.00272958578059871,-0.0012186999997538805
16.259837,-0.0012186999997538805,-0.0014146999997137755,-0.002677530352367832,-0.0022580240090503668,-0.0012186999997538805
16.279837,-0.005498699999634482,-0.0027366999997411766,-0.002668187142352804,-0.0028840846151161094,-0.003358699999807868
16.299837,-0.003938699999707751,-0.00226869999974042,-0.0024232472410411353,-0.0016752268062697109,-0.003358699999807868
16.319837,-0.003358699999807868,-0.0031246999997165403,-0.0019172567248647596,-0.0032196557106906345,-0.003938699999707751
16.339837,0.0026713000002018816,-0.00106269999973847,-0.0011993207050445796,-0.001221776922797068,-0.003358699999807868
16.359836,-0.005498699999634482,-0.0003626999997322855,-0.00038350439016723517,-0.0002778142188304797,-0.00043869999967682816
16.379836,0.004811300000255869,0.0017373000002862682,0.0003944824495917336,0.0008273839163518964,0.0026713000002018816
16.399836,-0.00043869999967682816,0.0004153000003043417,0.0010322859879253166,0.0017586193475968449,-0.00043869999967682816
16.419836,0.0071413000002849,0.0020493000002716143,0.0015003071963648083,0.0011187125877040066,0.0026713000002018816
16.439836,-0.003938699999707751,0.0017373000002862682,0.0018442839939449545,0.0016275237765211426,0.0026713000002018816
16.459835,0.0026713000002018816,0.0014653000002908811,0.002148213053383818,0.0024986659676517887,0.0026713000002018816
16.479835,0.003251300000329138,0.0018933000003016787,0.0024783207125147395,0.0019335144525136098,0.0026713000002018816
16.499835,-0.0017986999996537634,0.002903300000298259,0.0028401538585442546,0.0027802510492568188,0.0026713000002018816
16.519835,0.009281300000338888,0.00301930000032371,0.003170930411882969,0.0021863582753746847,0.003251300000329138
16.539835,0.0011113000002751505,0.00301930000032371,0.003367349886772793,0.0041837941728222385,0.003251300000329138
16.559834,0.003251300000329138,0.003601300000309493,0.0033314644346548457,0.0031180599070825365,0.003251300000329138
16.579834,0.003251300000329138,0.0031733000002986955,0.0030136328879477627,0.004090414219406683,0.003251300000329138
16.599834,0.0011113000002751505,0.002279300000282092,0.0024390319954990707,0.0027679899769726423,0.003251300000329138
16.619834,0.0071413000002849,0.002591300000267438,0.0017114102562030317,0.0001222790212479789,0.003251300000329138
16.639833,-0.003358699999807868,-5.269999974188977e-05,0.0009900089669825612,0.0012900878790504835,0.0011113000002751505
16.659833,0.004811300000255869,0.0002593000002434565,0.0004406046082675672,0.001098992307936524,0.0026713000002018816
16.679833,-0.0099686999997175,0.0008033000002342306,0.0001757034245365767,0.0002867079256396374,0.0026713000002018816
16.699833,0.0026713000002018816,0.0008033000002342306,0.0002125405435277487,9.717412609357588e-05,0.0026713000002018816
16.719833,0.00986130000023877,-0.000830699999778517,0.0004718320797606935,-0.0002045741256613482,-0.003358699999807868
16.739832,-0.003358699999807868,0.0016973000002053595,0.0008123746156450796,0.0007092254081498537,0.0026713000002018816
16.759832,-0.003358699999807868,0.0013853000002200134,0.00107395177797612,0.0009154958044040363,0.0011113000002751505
16.779832,0.0026713000002018816,-0.0003646999997727107,0.0011099724950490964,0.0025985261074500804,0.0011113000002751505
16.799832,0.0011113000002751505,0.0008413000002292393,0.0008156904314295953,0.00028892237785485846,0.0011113000002751505
16.819832,0.0011113000002751505,0.00115330000026006,0.00016092240501976217,-0.000569655710715316,0.0011113000002751505
16.839831,0.0026713000002018816,-0.00106269999973847,-0.0007842718892141238,-0.00010716153819895785,0.0011113000002751505
16.859831,-0.0017986999996537634,-0.001644699999724253,-0.0018558139527811916,-0.001927837528846863,-0.0017986999996537634
16.879831,-0.00840869999979077,-0.0029666999997061795,-0.0028455677092469665,-0.003428863169853264,-0.0017986999996537634
16.899831,-0.0017986999996537634,-0.004600699999673452,-0.0035771131831377158,-0.0031410076919957883,-0.005498699999634482
16.919831,-0.005498699999634482,-0.004018699999687669,-0.003968094238352297,-0.004017301398276604,-0.005498699999634482
16.939831,-0.005498699999634482,-0.0025806999996802913,-0.004045789097042684,-0.004926532167507785,-0.0017986999996537634
16.95983,0.0011113000002751505,-0.004214699999693039,-0.003911302046394308,-0.003968630069634877,-0.005498699999634482
16.97983,-0.0012186999997538805,-0.003786699999727716,-0.0036776642202371217,-0.0025333853144044035,-0.003358699999807868
16.99983,-0.0099686999997175,-0.0021526999997604434,-0.003417940848445217,-0.002679445920508589,-0.0012186999997538805
17.01983,-0.003358699999807868,-0.0026186999997662498,-0.00314510347325893,-0.0030887699298438025,-0.0012186999997538805
17.039829,0.0026713000002018816,-0.00362869999976283,-0.0028213147249316803,-0.0033138748249315723,-0.003358699999807868
17.059829,-0.0012186999997538805,-0.002734699999746226,-0.0023850148629990056,-0.003031310722350523,-0.003358699999807868
17.079829,-0.006268699999736782,-0.001412699999718825,-0.001789999165906204,-0.002514084615109503,-0.0012186999997538805
17.099829,-0.005498699999634482,-0.001412699999718825,-0.0010474768301682615,-0.00026995874099377485,-0.0012186999997538805
17.119829,0.003251300000329138,-0.001412699999718825,-0.00024699714851072926,0.0004097615387403259,-0.0012186999997538805
17.139829,0.0026713000002018816,0.001385300000265488,0.0004663868328726011,-0.00017184685287519117,0.0026713000002018816
17.159828,-0.0012186999997538805,0.002125300000261632,0.0009517182404552788,0.0007545167834853519,0.0026713000002018816
17.179828,0.007721300000184783,0.00022130000024844776,0.0011317937816563704,0.001440111189076098,-0.0012186999997538805
17.199828,-0.0017986999996537634,0.0003373000002738991,0.0010158789548623964,0.001460950349917236,-0.0012186999997538805
17.219828,-0.006268699999736782,0.0008033000002797053,0.0006763638955077043,0.00038812983710864805,0.0011113000002751505
17.239827,0.003251300000329138,-0.0005186999997022212,0.00020342328554105973,-0.0007223829833999055,0.0011113000002751505
17.259827,0.0011113000002751505,-0.0008306999997330422,-0.0003259906833206648,-0.00010142727245691019,0.0011113000002751505
17.279827,0.0011113000002751505,-0.00024869999974725944,-0.00084809195074284,-0.0010424995335456533,0.0011113000002751505
17.299827,-0.003358699999807868,6.330000023808679e-05,-0.0012954525337005086,-0.0003115904426496886,0.0011113000002751505
17.319827,-0.003358699999807868,-0.0014126999997642997,-0.0015885321817472888,-0.0012206580417223527,-0.003358699999807868
17.339826,0.004811300000255869,-0.0019946999997500826,-0.0016475722774271313,-0.0018816137526661194,-0.003358699999807868
17.359826,-0.006268699999736782,-0.0018006999997396632,-0.0014211874369073542,-0.0016153200463536084,-0.0023886999997557723
17.379826,-0.0017986999996537634,-5.069999970146455e-05,-0.0009199085793343728,-0.001310051981073977,-0.0017986999996537634
17.399826,-0.0023886999997557723,-0.0012566999997034145,-0.00023712494625530424,-7.068298064274374e-06,-0.0017986999996537634
17.419826,0.005391300000383126,0.00021930000029897202,0.00046062240546137275,0.0004515797205896692,-0.0012186999997538805
17.439825,-0.0012186999997538805,0.0012293000002955522,0.0009778879577755529,0.0003911135201150086,0.0011113000002751505
17.459825,0.0011113000002751505,0.0014633000002959307,0.0011520834196324361,0.0014946799536708628,0.0011113000002751505
17.479825,0.003251300000329138,0.0001413000002685294,0.0009071531468296925,0.000736871095849765,-0.0012186999997538805
17.499825,-0.0012186999997538805,0.0001413000002685294,0.0002811198243456407,0.0005289223778875779,-0.0012186999997538805
17.519825,-0.0012186999997538805,-0.0003246999997372768,-0.0005780028343754013,-0.0005339680650165412,-0.0012186999997538805
17.539824,-0.0012186999997538805,-0.0009086999997634848,-0.0014436843932609535,-0.0006063456873900406,-0.0012186999997538805
17.559824,-0.0012186999997538805,-0.001452699999754259,-0.0020607341894850317,-0.0022735018645765963,-0.0012186999997538805
17.579824,0.00033130000019809813,-0.0018806999997650563,-0.0022055048441519494,-0.002980051981119966,-0.0012186999997538805
17.599824,-0.003938699999707751,-0.002308699999775854,-0.001749829216809261,-0.0022583270393950333,-0.003358699999807868
17.619824,-0.003358699999807868,-0.0009866999997484526,-0.0007152923997912661,0.00019454009347342257,-0.003358699999807868
17.639823,-0.003358699999807868,0.0004913000002488843,0.0007079208136456721,0.0006575703965229669,-0.003358699999807868
17.659823,0.005391300000383126,0.003135300000258212,0.002203172167037446,0.001763957342920833,0.005391300000383126
17.679823,0.007721300000184783,0.002707300000292889,0.0034289331415946964,0.0037226752916750504,0.005391300000383126
17.699823,0.009281300000338888,0.004807300000311443,0.0041373676333959514,0.004175216084220227,0.0071413000002849
17.719823,-0.005498699999634482,0.004807300000311443,0.004249807031780302,0.005280437529455534,0.0071413000002849
17.739822,0.0071413000002849,0.002591300000312913,0.0038558416481445867,0.0037977801867938475,0.005391300000383126
17.759822,0.005391300000383126,0.002163300000302115,0.0031506318719782254,0.0019687358977277503,0.005391300000383126
17.779822,-0.003358699999807868,0.0020073000002867047,0.002351481272158109,0.001166498135498229,0.005391300000383126
17.799822,0.0071413000002849,0.001539300000285948,0.001628980221029031,0.002130717249698177,0.004801300000281117
17.819822,-0.0062786999997115345,0.0011113000002751505,0.0010716264023725784,0.002258735897722744,0.003251300000329138
17.839822,0.004801300000281117,0.0024333000003025516,0.0006895616035398632,6.16496506481907e-05,0.003251300000329138
17.859821,0.003251300000329138,-0.0005606999996871309,0.0004485908624711623,0.0006883396273470149,0.003251300000329138
17.879821,0.003251300000329138,0.0009173000003102061,0.0003100274601999376,0.0008456356646529652,0.003251300000329138
17.899821,-0.007828699999663513,0.0009173000003102061,0.0002493827643317544,-6.226643326032058e-05,0.003251300000329138
17.919821,0.0011113000002751505,-0.00040469999971719516,0.00024712564388264924,0.0006092487182353076,0.0011113000002751505
17.939821,0.004801300000281117,-0.0008326999997279927,0.0002706985590231693,-0.0003660659670952679,0.0011113000002751505
17.95982,-0.003358699999807868,0.0007993000002443296,0.00027059472344213604,-2.576293681135519e-05,0.0011113000002751505
17.97982,0.0011113000002751505,0.0007993000002443296,0.00019471642556668356,-2.7093237714262723e-06,0.0011113000002751505
17.99982,0.00033130000019809813,-0.0004046999997626699,9.924644133246336e-06,0.0012456123545446771,0.00033130000019809813
18.01982,0.0011113000002751505,-0.00021069999975225072,-0.0002812950251670414,-0.0007275811186336774,0.00033130000019809813
18.039819,-0.0012186999997538805,-0.00021069999975225072,-0.000637017894173239,-0.0008222664333131385,0.00033130000019809813
18.059819,-0.0023886999997557723,-0.0015326999997341772,-0.0009882204971399763,-0.001285996037049618,-0.0012186999997538805
18.079819,0.0011113000002751505,-0.001220699999748831,-0.0012628544602138016,-0.0014738515148993343,-0.0012186999997538805
18.099819,-0.0062786999997115345,-0.0019206999997550156,-0.0014099063987118904,-0.0007802850813232973,-0.0023886999997557723
18.119819,0.0026713000002018816,-0.000364699999727236,-0.001411304859877803,-0.0010715438225796833,0.0011113000002751505
18.139818,-0.004718699999784803,-0.0008306999997330422,-0.0012772722575543516,-0.0013823596733946834,-0.0012186999997538805
18.159818,0.005391300000383126,-0.0008306999997330422,-0.0010327084226303314,-0.0011290962701172075,-0.0012186999997538805
18.179818,-0.0012186999997538805,-0.0016086999997241946,-0.0007105387330793151,-0.001019935430953718,-0.0012186999997538805
18.199818,-0.0062786999997115345,-1.469999970140634e-05,-0.00036237074366424004,-0.00014760442862772198,-0.0012186999997538805
18.219818,-0.0012186999997538805,-0.001026699999738412,-7.617753765946498e-05,-0.0005983503493857385,-0.0012186999997538805
18.239818,0.003251300000329138,-0.0007166999997480161,2.6003112924704975e-05,0.000422279021232565,0.00033130000019809813
18.259817,0.00033130000019809813,0.00029530000024351465,-0.00017274638604416326,-0.0009912407922901857,0.00033130000019809813
18.279817,0.00033130000019809813,0.00017730000026858762,-0.000722902608807692,-0.0005254365964700415,0.00033130000019809813
18.299817,-0.0012186999997538805,-0.0020386999997299426,-0.0015614152387379162,-0.0013936650346980017,-0.0012186999997538805
18.319817,-0.0018086999996285158,-0.0023486999997203383,-0.0025078138594987922,-0.001715156876168398,-0.0012186999997538805
18.339816,-0.007828699999663513,-0.003202699999701508,-0.003306902997614974,-0.002969492540511394,-0.0018086999996285158
18.359816,-0.0012186999997538805,-0.0023086999996849043,-0.0036987891675203826,-0.0035952967362848027,-0.0018086999996285158
18.379816,-0.003938699999707751,-0.0036286999997173553,-0.003490308954021788,-0.003998350349344251,-0.003938699999707751
18.399816,0.003251300000329138,-0.002424699999710356,-0.002611442433636275,-0.002997324708342724,-0.0018086999996285158
18.419816,-0.00840869999979077,-0.0016466999997192034,-0.0011518325716115667,-0.0015570216780471365,-0.0018086999996285158
18.439816,-0.0018086999996285158,0.0005693000002793269,0.0006302401905963185,0.0013849363639287444,0.0026713000002018816
18.459815,0.0026713000002018816,0.0009973000002901245,0.00234560183576346,0.0017251927741873542,0.0026713000002018816
18.479815,0.0071413000002849,0.004107300000305259,0.0035717027149787524,0.003540973659957813,0.005391300000383126
18.499815,0.005391300000383126,0.003797300000269388,0.0039888771750433765,0.003861416550404697,0.005391300000383126
18.519814,0.0071413000002849,0.004223300000285235,0.003499403906287573,0.0043698547788418645,0.005391300000383126
18.539814,-0.003358699999807868,0.0020073000002867047,0.002272450732459491,0.002352209091172474,0.004801300000281117
18.559814,0.004801300000281117,0.000257300000248506,0.0006936643784331151,0.000704306993265057,-0.003358699999807868
18.579814,-0.003938699999707751,-0.0014146999997592502,-0.0007575639935737476,-0.0009763689974124784,-0.003358699999807868
18.599814,-0.003358699999807868,-0.0005206999997426464,-0.0016545239737916163,-0.0018054599065063196,-0.0012186999997538805
18.619814,-0.0012186999997538805,-0.001842699999724573,-0.0017439523361000276,-0.002532079953117179,-0.0018086999996285158
18.639813,0.0011113000002751505,-0.000988699999743403,-0.0010080133812467949,-0.0010376277386570083,-0.0012186999997538805
18.659813,-0.0018086999996285158,0.0002173000002585468,0.00034256433668223814,0.0005865214454731938,0.00033130000019809813
18.679813,0.00033130000019809813,0.002433300000257077,0.0019351356616605364,0.002679714918662873,0.0011113000002751505
18.699813,0.0026713000002018816,0.0037553000002390037,0.0033431246498737918,0.00413274522168434,0.0026713000002018816
18.719813,0.00986130000023877,0.0038733000002139305,0.004209896834261026,0.0034214864804177334,0.0026713000002018816
18.739813,0.007721300000184783,0.004341300000214687,0.004351381744615433,0.003916474825391274,0.0026713000002018816
18.759812,-0.0012186999997538805,0.003019300000232761,0.003796788992788726,0.004395169464068786,0.0026713000002018816
18.779812,0.0026713000002018816,0.0025913000002219634,0.0027504925197418474,0.0027996216785568123,0.0026713000002018816
18.799812,-0.003938699999707751,0.0008033000002342306,0.001500417252809665,0.0010155890445365996,-0.0012186999997538805
18.819812,0.007721300000184783,-5.269999974188977e-05,0.00032303040860397723,-0.0004605648016274106,-0.0012186999997538805
18.839812,-0.0012186999997538805,-0.0005206999997426464,-0.0005785371026251362,-0.0012042477852952272,-0.0012186999997538805
18.859811,-0.005498699999634482,0.00033330000023852336,-0.001098325752305071,0.0001116496506009245,0.00033130000019809813
18.879811,0.00033130000019809813,-0.0015726999997241365,-0.001224607608935645,-0.0009706813517095116,-0.0012186999997538805
18.899811,0.00033130000019809813,-0.000368699999717137,-0.0010178311623965659,-0.00045625244726446254,0.00033130000019809813
18.919811,-0.0018086999996285158,-0.000368699999717137,-0.0005748429954863444,-0.0012122897432956812,0.00033130000019809813
18.93981,0.004801300000281117,0.0005253000002994668,7.707514914178633e-06,0.0004860552450528827,0.00033130000019809813
18.95981,-0.005498699999634482,0.0005253000002994668,0.0006543356302069722,0.0010717895107711368,0.00033130000019809813
18.97981,0.004801300000281117,0.0015373000002909976,0.0013095575097646452,0.0006582463872444213,0.003251300000329138
18.99981,0.00033130000019809813,0.0006433000002743939,0.0019229246947645988,0.0015618361308127793,0.00033130000019809813
19.01981,0.003251300000329138,0.002393300000267118,0.0024352396806611057,0.0022312067601809593,0.003251300000329138
19.039809,0.00033130000019809813,0.002665300000262505,0.002777281275268596,0.0026921857811669104,0.003251300000329138
19.059809,0.003251300000329138,0.0029373000003033666,0.002884923408149354,0.0036875703965464244,0.003251300000329138
19.079809,0.006161300000258052,0.0028213000002779154,0.0027261498334552035,0.0024226286716114253,0.0026713000002018816
19.099809,0.001691300000402407,0.0025113000002875197,0.0023257107662505044,0.0021557988347895777,0.0026713000002018816
19.119809,0.0026713000002018816,0.001617300000270916,0.001768723311081585,0.001781556410528468,0.001691300000402407
19.139808,-0.0012186999997538805,0.0006073000002743356,0.0011746681981102444,0.0013098547788220679,0.0011113000002751505
19.159808,-0.0012186999997538805,0.0008033000002342306,0.000653875616505239,0.0006654258743628515,0.0011113000002751505
19.179808,0.0011113000002751505,2.53000002430781e-05,0.0002721154223661329,9.367762262445063e-05,-0.0012186999997538805
19.199808,0.0026713000002018816,0.0004913000002488843,4.2348462317400923e-05,6.706296143036512e-07,0.0011113000002751505
19.219808,-0.0012186999997538805,0.00037330000027395726,-5.822411651358696e-05,-0.0005036650346956771,0.0011113000002751505
19.239807,0.0011113000002751505,-9.269999973184894e-05,-6.369930479044173e-05,0.0003790622380385021,-0.0012186999997538805
19.259807,-0.0018086999996285158,-0.00040469999971719516,-3.524709726683123e-06,0.0006046799536515775,-0.0012186999997538805
19.279807,-0.0012186999997538805,0.0007993000002898043,0.00010298326559138044,-3.6392307413359633e-05,0.0011113000002751505
19.299807,0.0011113000002751505,0.0003333000002839981,0.00024935052254681806,0.0002943303033307515,-0.0012186999997538805
19.319807,0.004801300000281117,0.0003333000002839981,0.0004457133949885379,0.0003331881121863856,-0.0012186999997538805
19.339806,-0.0012186999997538805,0.0012273000003006017,0.0007165205103303855,0.0004001111890963205,0.0011113000002751505
19.359806,-0.0018086999996285158,0.0007613000002947956,0.0010831182996272168,0.0011960086250052335,-0.0012186999997538805
19.379806,0.003251300000329138,0.0007613000002947956,0.001536123513506089,0.001362069231076944,-0.0012186999997538805
19.399806,-0.0012186999997538805,0.0018493000003218184,0.0020178934862196893,0.00198999463899589,0.003251300000329138
19.419806,0.004801300000281117,0.002745300000287898,0.00243326347361772,0.002561603030593194,0.003251300000329138
19.439806,0.004221300000381234,0.003055300000278294,0.0026871716798268623,0.002976637995628125,0.004221300000381234
19.459805,0.0026713000002018816,0.0032493000002887127,0.0027275332092058756,0.0029375237765114277,0.004221300000381234
19.479805,0.004801300000281117,0.0019273000003067863,0.0025661020414640256,0.0020063815853812138,0.0026713000002018816
19.499805,-0.0002486999997017847,0.0017333000002963672,0.002263373878881473,0.0027990389280417843,0.0026713000002018816
19.519804,-0.0018086999996285158,0.001421300000311021,0.001887911804402885,0.0010974771564845585,0.0011113000002751505
19.539804,0.003251300000329138,0.001421300000311021,0.0014792513405134957,0.0011529783219796897,0.0011113000002751505
19.559804,0.0011113000002751505,0.0003713000003244815,0.0010413108188902266,0.0008442603732885657,0.0011113000002751505
19.579804,0.004801300000281117,0.0016933000003064081,0.0005696043153516837,0.0009581997672302057,0.003251300000329138
19.599804,-0.005498699999634482,0.0006813000003148773,8.992561134851373e-05,0.0012690622380848175,0.0011113000002751505
19.619804,0.004801300000281117,0.0006813000003148773,-0.0003203700390488639,0.0004074538464570103,0.0011113000002751505
19.639803,-0.0018086999996285158,-0.0009506999997029198,-0.0005445681158600264,-0.0015642710952846108,-0.0018086999996285158
19.659803,0.0011113000002751505,-0.0005226999997375969,-0.00047102306268353555,-0.0011376976687361106,-0.0018086999996285158
19.679803,-0.003358699999807868,-0.0014166999997542006,-5.3774056900766634e-05,-0.0005935018645622155,-0.0018086999996285158
19.699803,-0.003358699999807868,0.0009173000002192566,0.0006402863890206836,0.0013558454547777203,0.00033130000019809813
19.719803,0.00033130000019809813,0.001345300000230054,0.0014321388894242971,0.0010815564105001272,0.00033130000019809813
19.739802,0.00986130000023877,0.0026673000002574556,0.0020944285766242273,0.0028222090911449683,0.003251300000329138
19.759802,0.003251300000329138,0.003095300000268253,0.0024519283938284177,0.0023300179489642177,0.003251300000329138
19.779802,0.003251300000329138,0.00356330000026901,0.002459649991783388,0.003194516783483651,0.003251300000329138
19.799802,-0.0012186999997538805,0.0008033000002797053,0.002209278272196775,0.002208596037587043,0.0026713000002018816
19.819802,0.0026713000002018816,0.0012313000002905027,0.0018624969283096912,0.0012202510492452827,0.0026713000002018816
19.839802,-0.003938699999707751,0.00021930000029897202,0.0015562454513027243,-2.6182517173696258e-05,-0.0012186999997538805
19.859801,0.005391300000383126,0.0014233000003059716,0.0013368266485743194,0.0018451927742140486,0.0026713000002018816
19.879801,-0.0018086999996285158,0.0012273000003460766,0.0011560190219192595,0.001652931701961381,0.001691300000402407
19.899801,0.004801300000281117,0.00297530000034385,0.0009234592671883436,0.0016305773896030868,0.004801300000281117
19.919801,0.001691300000402407,0.00021530000030907105,0.0005782517953813394,0.0007732347322625744,0.001691300000402407
19.939801,0.004801300000281117,0.0003333000002839981,0.00013384750686815634,0.00021078717979185072,0.001691300000402407
19.9598,-0.00840869999979077,-0.0009886999996979284,-0.00033159296763685033,-0.001988979719993158,-0.0012186999997538805
19.9798,-0.0012186999997538805,-0.001570699999729186,-0.0007294077457874781,8.57289047085214e-05,-0.0012186999997538805
19.9998,-0.0018086999996285158,-0.002308699999730379,-0.0010157899718305154,-0.0008132687642989657,-0.0012186999997538805
20.0198,-0.0012186999997538805,0.001345300000275529,-0.0012041732281109128,-0.0011252268062686434,-0.0012186999997538805
20.039799,0.0011113000002751505,-0.0008326999997279927,-0.0013268105892357926,-0.0016736650346922718,-0.0012186999997538805
20.059799,0.00986130000023877,-0.0012586999997438396,-0.0013820798340839963,-0.00035965571069695567,-0.0012186999997538805
20.079799,-0.012108699999771488,-0.0012586999997438396,-0.0013194510831234824,-0.0014184668995077393,-0.0012186999997538805
20.099799,-0.003938699999707751,-0.0009466999997584935,-0.0010838527667433534,-0.0015730589741176134,-0.0012186999997538805
20.119799,-0.0012186999997538805,-0.0032806999997319506,-0.0006865351947030075,-0.0014835951046326343,-0.0018086999996285158
20.139798,0.0026713000002018816,-0.0003246999997372768,-0.00024085337457024523,0.00021426037321281447,-0.0012186999997538805
20.159798,-0.0018086999996285158,0.001113300000270101,7.232131322202376e-05,-0.00047604265707678803,0.0026713000002018816
20.179798,0.0026713000002018816,0.001889300000266303,9.137699021203155e-05,0.0006291088580940667,0.0026713000002018816
20.199798,0.003251300000329138,-0.0014946999996936939,-0.00023908468600036906,0.00023106690005588034,0.002661300000227129
20.219798,0.002661300000227129,-0.0012226999996983068,-0.0008309692795338281,-0.001117184848166958,0.002661300000227129
20.239798,-0.014248699999598102,-0.0007966999996824597,-0.0014850916448621923,-0.0017516836826522745,0.002661300000227129
20.259797,-0.0004486999996515806,-0.0025466999996751837,-0.0019707382350417414,-0.0014263223773179432,-0.0004486999996515806
20.279797,0.004801300000281117,-0.0025466999996751837,-0.002103015431185154,-0.0016372780882535612,-0.0004486999996515806
20.299797,-0.005498699999634482,0.0003693000002840563,-0.001783591603565554,-0.002035716316716168,0.00033130000019809813
20.319797,0.002661300000227129,9.730000028866926e-05,-0.0010112968681896108,-0.0011932920743025154,0.00033130000019809813
20.339796,0.00033130000019809813,-0.0015346999997291277,0.00011012147420673815,0.000989691608653668,-0.0018086999996285158
20.359796,-0.0018086999996285158,0.0005253000002539921,0.0013566812244388373,-8.047156151117657e-05,0.00033130000019809813
20.379796,-0.003358699999807868,0.0009533000002647895,0.0023821062247914395,0.0012109736599356657,0.00033130000019809813
20.399796,0.004801300000281117,0.0011093000002802,0.002764956897066888,0.0029303909093567593,0.0011113000002751505
20.419796,0.004801300000281117,0.0024313000002621266,0.0021228496860342203,0.0038759503499218736,0.004801300000281117
20.439795,0.0011113000002751505,0.0018473000002813933,0.0002655315130479634,0.0034002743592522074,0.004801300000281117
20.459795,0.004801300000281117,0.0018473000002813933,-0.00268415496733861,0.0008559853149689976,0.0011113000002751505
20.479795,-0.0062786999997115345,0.0018473000002813933,-0.0062759291363107695,-0.004404294405306514,0.0
