time,raw_wavelength_shift,moving_average,butterworth,savitzky_golay,median
0.02,-0.0006485999999767955,0.0004873999999745138,-0.0006484303307177864,-0.0004136349650373451,0.0
0.039999,0.0021913999999014777,0.0004873999999745138,-0.00010982264820874697,0.0006989524475251876,0.0
0.059999,-0.0006485999999767955,0.0004873999999745138,0.00028749792910956376,0.0010872741258315935,0.0003013999998984218
0.079999,0.0003013999998984218,0.0006773999999495573,0.0004442297726764047,0.0009368662004167715,0.0003013999998984218
0.099999,0.0012414000000262604,0.00010939999997390259,0.0003350124005089352,0.0004332648018156205,0.0003013999998984218
0.119999,0.0003013999998984218,-7.860000005166512e-05,1.4152059274714703e-05,-0.00023799393943697053,0.0003013999998984218
0.139999,-0.0006485999999767955,-0.0003066000000217173,-0.0004036187564058112,-0.0005894158508297118,-0.0006485999999767955
0.159998,-0.001588600000104634,-0.0010626000000229397,-0.0007811902272874198,-0.0006441011655248317,-0.000838599999951839
0.179998,-0.000838599999951839,-0.0008745999999973719,-0.0010034917198637773,-0.0012155230769249964,-0.000838599999951839
0.199998,-0.0025385999999798514,-0.0010626000000229397,-0.001012711384521874,-0.0010892993007177991,-0.001588600000104634
0.219998,0.0012414000000262604,-0.0008745999999973719,-0.0008222952557090626,-0.0007260358974488019,-0.000838599999951839
0.239998,-0.001588600000104634,-0.0002686000000267086,-0.0005067892645460531,-0.0003599519813748929,-0.0006485999999767955
0.259997,-0.0006485999999767955,0.00010939999997390259,-0.00017379551607847723,-0.0003298587412627594,-0.0006485999999767955
0.279997,0.0021913999999014777,-0.0002686000000267086,7.09329661385797e-05,0.00017771701629026442,-0.0006485999999767955
0.299997,-0.0006485999999767955,-8.060000000114087e-05,0.000154136276331684,0.0003398382284229871,-0.0006485999999767955
0.319997,-0.0006485999999767955,0.0004873999999745138,5.320055961936445e-05,-0.0001269216783435648,-0.0006485999999767955
0.339997,-0.0006485999999767955,-0.00045860000000175205,-0.00020117629662197865,3.585221443648079e-05,-0.0006485999999767955
0.359996,0.0021913999999014777,-0.0006466000000273197,-0.0005356991128601915,-0.0005607445221703501,-0.0006485999999767955
0.379996,-0.0025385999999798514,-0.0006466000000273197,-0.0008550996786685196,-0.0012594391608558148,-0.0006485999999767955
0.399996,-0.001588600000104634,-0.0010246000000279309,-0.0010694825488066825,-0.001100954312367765,-0.001588600000104634
0.419996,-0.0006485999999767955,-0.0015926000000035857,-0.0011220622178647575,-0.0010813738927811303,-0.001588600000104634
0.439996,-0.0025385999999798514,-0.0008366000000023632,-0.0010065721910321505,-0.0009048004662162512,-0.0006485999999767955
0.459995,-0.0006485999999767955,-0.00045860000000175205,-0.0007651203728871092,-0.0007727491841618108,-0.0006485999999767955
0.479995,0.0012414000000262604,-0.0002686000000267086,-0.00046624413263334673,-0.00016251608392919446,0.0003013999998984218
0.499995,0.0003013999998984218,0.00010939999997390259,-0.0001741099637844232,-0.00014906620048517826,0.0003013999998984218
0.519995,0.0003013999998984218,0.00010939999997390259,7.428003467620364e-05,-0.00010239953382874178,0.0003013999998984218
0.539994,-0.0006485999999767955,-7.860000005166512e-05,0.0002719346818706212,0.00044888251743948005,0.0003013999998984218
0.559994,-0.0006485999999767955,0.00010939999997390259,0.0004266195940388374,0.0003428452214096678,0.0003013999998984218
0.579994,0.0003013999998984218,0.0004873999999745138,0.0005415843392447481,0.0002743137528842717,0.0003013999998984218
0.599994,0.0012414000000262604,0.0004873999999745138,0.0006071972388664772,0.00046345128202976286,0.0003013999998984218
0.619994,0.0021913999999014777,0.0006773999999495573,0.0006078666242936363,0.0004952927738459838,0.0003013999998984218
0.639993,-0.0006485999999767955,0.0006773999999495573,0.0005363100310507344,0.0009434046619347471,0.0003013999998984218
0.659993,0.0003013999998984218,0.0004893999999239895,0.0004034769042372068,0.0007120526805838634,0.0003013999998984218
0.679993,0.0003013999998984218,0.00029939999994894607,0.0002384487439087408,0.00012326480181122561,0.0003013999998984218
0.699993,0.0003013999998984218,-7.860000005166512e-05,8.029620053429789e-05,-0.0003443109557505669,0.0003013999998984218
0.719993,0.0012414000000262604,-0.0002686000000267086,-3.3694376534181865e-05,-0.0002549403263559423,0.0003013999998984218
0.739992,-0.0025385999999798514,-8.060000000114087e-05,-7.986583109846229e-05,0.0002936144521982525,0.0003013999998984218
0.759992,-0.0006485999999767955,0.00029739999999947033,-5.572294927022487e-05,0.0003064116550060762,0.0012414000000262604
0.779992,0.0012414000000262604,0.00010939999997390259,2.2135571397472863e-05,7.717016288575598e-06,0.0003013999998984218
0.799992,0.0021913999999014777,0.00029939999994894607,0.00012987209855900973,-0.00034211981355912664,0.0003013999998984218
0.819992,0.0003013999998984218,0.00011139999992337835,0.000248718747959531,0.00016813659666248173,0.0003013999998984218
0.839991,-0.001588600000104634,0.00011139999992337835,0.00036627136770281686,0.000756691375207908,0.0003013999998984218
0.859991,-0.001588600000104634,0.0004893999999239895,0.0004668472281352521,0.000507180885712031,0.0003013999998984218
0.879991,0.0012414000000262604,0.00029939999994894607,0.0005246591571317603,0.0004316331001806123,-0.0006485999999767955
0.899991,0.004081399999904534,0.0004873999999745138,0.0005121114925479711,9.209930066504886e-05,-0.0006485999999767955
0.919991,-0.0006485999999767955,0.0008653999999751249,0.0004188080031153444,0.0004976703962303233,0.0003013999998984218
0.939991,-0.0006485999999767955,0.00029939999994894607,0.0002639994648808168,0.0007506773892456763,-0.0006485999999767955
0.95999,0.0003013999998984218,-0.00011660000004667381,9.087762299397366e-05,0.0002159920745444787,-0.0006485999999767955
0.97999,-0.001588600000104634,-0.00011660000004667381,-5.252113414651643e-05,-0.0003345673660193871,-0.0006485999999767955
0.99999,0.0020013999999264342,-0.0003046000000722415,-0.00013216122700243616,-0.0005441477855921959,-0.0006485999999767955
1.01999,-0.0006485999999767955,-0.00011660000004667381,-0.00013727215664163515,-2.5896037354625182e-05,-0.0006485999999767955
1.039989,-0.001588600000104634,0.00026139999995393736,-7.925616052641478e-05,6.66447551857284e-05,0.0003013999998984218
1.059989,0.0012414000000262604,-7.860000005166512e-05,1.6567611149395315e-05,2.9372027908523965e-05,0.0003013999998984218
1.079989,0.0003013999998984218,0.00011139999992337835,0.00012318133444747076,0.00037774032626914196,0.0003013999998984218
1.099989,0.0003013999998984218,0.0004893999999239895,0.000223944131416472,0.00017263543117009808,0.0003013999998984218
1.119989,0.0003013999998984218,0.0004893999999239895,0.00031887419337341436,0.0004127519812756125,0.0003013999998984218
1.139988,0.0003013999998984218,0.00029939999994894607,0.000421265379274207,0.0003720993006481886,0.0003013999998984218
1.159988,0.0012414000000262604,0.00029939999994894607,0.0005457889390402988,0.0003675771561289812,0.0003013999998984218
1.179988,-0.0006485999999767955,0.0004873999999745138,0.000693827212585029,0.0003959221444813767,0.0003013999998984218
1.199988,0.0003013999998984218,0.0008653999999751249,0.000844006847125056,0.0010523090908705639,0.0012414000000262604
1.219988,0.0012414000000262604,0.0006773999999495573,0.0009549999384152653,0.001040770629345334,0.0003013999998984218
1.239988,0.0021913999999014777,0.0014333999999507796,0.0009821236173847509,0.0008848498834122632,0.0012414000000262604
1.259987,0.0003013999998984218,0.0008653999999751249,0.0009003584825714225,0.0009206307691796622,0.0012414000000262604
1.279987,0.0031314000000293163,0.0006773999999495573,0.0007205502760981399,0.0008101412586988062,0.0003013999998984218
1.299987,-0.0025385999999798514,0.0004873999999745138,0.0004886309434513597,0.0006331016316795039,0.0003013999998984218
1.319987,0.0003013999998984218,0.00029739999999947033,0.0002682826907249414,0.0003487193473023534,0.0003013999998984218
1.339987,0.0012414000000262604,-8.060000000114087e-05,0.00011737711909675917,-5.9788811181438485e-05,0.0003013999998984218
1.359986,-0.0006485999999767955,0.00029739999999947033,6.982615581021333e-05,-6.887972026529553e-05,0.0003013999998984218
1.379986,0.0012414000000262604,0.00010740000002442684,0.00012764724192443057,-0.00013703822842715303,-0.0006485999999767955
1.399986,-0.0006485999999767955,0.00010740000002442684,0.00026152889123513595,0.0006313300699526957,-0.0006485999999767955
1.419986,-0.0006485999999767955,0.000485400000025038,0.0004178184215430345,0.000403497902144009,0.0012414000000262604
1.439986,0.0012414000000262604,0.000485400000025038,0.0005324424909863073,0.0003930083916412314,0.0012414000000262604
1.459985,0.0012414000000262604,0.000485400000025038,0.0005512742959072253,0.000719535198155611,0.0012414000000262604
1.479985,0.0012414000000262604,0.0006754000000000815,0.0004507486273667739,0.0006480666666560468,0.0012414000000262604
1.499985,-0.0006485999999767955,0.0004873999999745138,0.0002482276446982298,0.0003423324009098023,0.0003013999998984218
1.519985,0.0003013999998984218,-7.860000005166512e-05,-5.0837534784746785e-06,-0.0002117235431735396,0.0003013999998984218
1.539984,0.0003013999998984218,-0.0008346000000528875,-0.0002466629776768278,-0.0006212806527354348,-0.0006485999999767955
1.559984,-0.001588600000104634,-0.000644600000077844,-0.00043042794847863216,-0.0005483668998271583,0.0003013999998984218
1.579984,-0.0025385999999798514,-0.0004566000000522763,-0.000546207065718569,-0.0004865254079896885,0.0003013999998984218
1.599984,0.0003013999998984218,-0.0004566000000522763,-0.0006195307359009874,-0.00029006853154279956,0.0003013999998984218
1.619984,0.0012414000000262604,-0.0004566000000522763,-0.0006895362734878284,-0.000711630303084348,0.0003013999998984218
1.639983,0.0003013999998984218,-0.00026660000007723285,-0.000777367527137552,-0.000731094172557377,0.0003013999998984218
1.659983,-0.001588600000104634,-0.0008346000000528875,-0.0008666280406031904,-0.0006872713287285732,-0.001588600000104634
1.679983,-0.001588600000104634,-0.0010226000000784553,-0.0009103611201155981,-0.0008584368299108408,-0.001588600000104634
1.699983,-0.0025385999999798514,-0.0012126000000534987,-0.000859735045482503,-0.0009954764569389118,-0.001588600000104634
1.719983,0.0003013999998984218,-0.0008346000000528875,-0.0006946451935034415,-0.0008612107226703099,-0.0006485999999767955
1.739982,-0.0006485999999767955,-0.0002686000000267086,-0.00043742847824977286,-0.0006310242424554843,0.0003013999998984218
1.759982,0.0003013999998984218,0.00010939999997390259,-0.00014438924481519145,-0.00018228298369759856,0.0003013999998984218
1.779982,0.0012414000000262604,-8.060000000114087e-05,0.00011642510249671357,0.0003785561771645544,-0.0006485999999767955
1.799982,-0.0006485999999767955,0.00029739999999947033,0.0002878832466679412,0.0005309104895099856,0.0003013999998984218
1.819982,-0.0006485999999767955,0.000485400000025038,0.00033799879797649445,0.00025074731935666725,0.0012414000000262604
1.839982,0.0012414000000262604,-8.060000000114087e-05,0.00026469248388501617,-4.622237761268623e-05,-0.0006485999999767955
1.859981,0.0012414000000262604,-8.060000000114087e-05,9.414855461745497e-05,2.3917482536121027e-05,-0.0006485999999767955
1.879981,-0.001588600000104634,-8.060000000114087e-05,-0.00012553439349950417,8.251888110404736e-05,-0.0006485999999767955
1.899981,-0.0006485999999767955,7.13999999788939e-05,-0.00033517001781647353,-0.0002829822844018324,-0.0006485999999767955
1.919981,-0.0006485999999767955,-0.000494600000047285,-0.0004774550156933034,-0.00034880979024705296,-0.0006485999999767955
1.939981,0.0020013999999264342,-0.0006846000000223284,-0.0005083291799587833,-0.0006655696970186617,-0.0006485999999767955
1.95998,-0.001588600000104634,-0.00011660000004667381,-0.0004058392797792131,-0.00043692167835908375,-0.0006485999999767955
1.97998,-0.0025385999999798514,-7.860000005166512e-05,-0.00017761593162626065,-0.00023643216787013198,-0.00045860000000175205
1.99998,0.0021913999999014777,-0.0002306000000316999,0.000135685427375521,5.044428899383393e-05,-0.00045860000000175205
2.01998,-0.00045860000000175205,0.0001473999999689113,0.00046734779415884736,0.0005523090908688708,0.0003013999998984218
2.039979,0.0012414000000262604,0.0012813999999707448,0.0007442815980967198,0.0007893720279533922,0.0012414000000262604
2.059979,0.0003013999998984218,0.0010913999999957013,0.0009130211409583325,0.001244034032638276,0.0012414000000262604
2.079979,0.0031314000000293163,0.0010534000000006927,0.0009603702003320043,0.0009360620046551489,0.0012414000000262604
2.099979,0.0012414000000262604,0.0006754000000000815,0.0009177402514727503,0.0007726820512843532,0.0003013999998984218
2.119979,-0.0006485999999767955,0.0006754000000000815,0.0008441961392262386,0.0007686960372988628,0.0003013999998984218
2.139978,-0.0006485999999767955,0.0006754000000000815,0.0007944586815095017,0.0005953860139817275,0.0003013999998984218
2.159978,0.0003013999998984218,0.00029739999999947033,0.0007893663369401535,0.00079349790209747,-0.0006485999999767955
2.179978,0.0031314000000293163,0.0008273999999801162,0.0008068667746046271,0.0006641272727116141,0.0003013999998984218
2.199978,-0.0006485999999767955,0.0012053999999807274,0.0007982795203038613,0.0007659454545287243,0.0012414000000262604
2.219978,0.0020013999999264342,0.0010154000000056839,0.0007182573199603325,0.00109119020979344,0.0012414000000262604
2.239977,0.0012414000000262604,0.0002594000000044616,0.0005504899945335311,0.0007449198135333774,-0.0006485999999767955
2.259977,-0.0006485999999767955,0.0005994000000100641,0.00031651532826736155,0.0003442205128281276,0.001051400000051217
2.279977,-0.0006485999999767955,-0.00011859999999614956,6.555546783540294e-05,-9.496363638034769e-05,-0.0006485999999767955
2.299977,0.001051400000051217,-0.0003066000000217173,-0.00014730035549999284,-0.00016144382285063045,-0.0006485999999767955
2.319977,-0.001588600000104634,-0.0003066000000217173,-0.0002832637167198223,-0.0006656163170307136,-0.0006485999999767955
2.339977,0.0003013999998984218,-0.00034460000001672596,-0.00033335148449357104,-0.000414217715649902,-0.0006485999999767955
2.359976,-0.0006485999999767955,-0.000494600000047285,-0.00031924984841540755,-0.00012997529140907848,-0.0006485999999767955
2.379976,-0.000838599999951839,7.13999999788939e-05,-0.0002818855657937819,5.263543120753447e-05,0.0003013999998984218
2.399976,0.0003013999998984218,-0.00011859999999614956,-0.000261634637663385,-0.00038184009325544356,-0.0006485999999767955
2.419976,0.0012414000000262604,-0.00011859999999614956,-0.00027779917036701836,-0.0003150335664225436,-0.0006485999999767955
2.439976,-0.0006485999999767955,-0.00045860000000175205,-0.000317315018454452,-0.00029542983681318786,-0.0006485999999767955
2.459975,-0.0006485999999767955,-0.0002705999999761843,-0.0003398920374676994,-0.0002820032633918927,-0.0006485999999767955
2.479975,-0.0025385999999798514,-0.0002705999999761843,-0.0002976115674660735,-0.00017699160836181176,-0.0006485999999767955
2.499975,0.0012414000000262604,-0.0002705999999761843,-0.00015749498904108706,-0.00024139720276539052,-0.0006485999999767955
2.519975,0.0012414000000262604,0.00010740000002442684,8.508619906455124e-05,-6.654871793752836e-05,0.0012414000000262604
2.539974,-0.0006485999999767955,0.0006754000000000815,0.0004053682297793885,0.0003496517482668509,0.0012414000000262604
2.559974,0.0012414000000262604,0.0006754000000000815,0.0007552896017613603,0.0007865048951030383,0.0012414000000262604
2.579974,0.0003013999998984218,0.0006754000000000815,0.001071616959057866,0.001235922144519838,0.0012414000000262604
2.599974,0.0012414000000262604,0.0012433999999757362,0.0012862285520079608,0.0011551762237546471,0.0012414000000262604
2.619974,0.0012414000000262604,0.0012433999999757362,0.0013408065434141097,0.0012591156176839037,0.0012414000000262604
2.639973,0.0021913999999014777,0.0012433999999757362,0.0012047280906660155,0.001353474592052159,0.0012414000000262604
2.659973,0.0012414000000262604,0.0008653999999751249,0.0008896527394219693,0.000602658741237683,0.0012414000000262604
2.679973,0.0003013999998984218,0.0004873999999745138,0.00045241402161365726,0.0005671808857656591,0.0003013999998984218
2.699973,-0.0006485999999767955,-0.0002686000000267086,-1.782107549043463e-05,0.0002732181817718564,-0.0006485999999767955
2.719973,-0.0006485999999767955,-0.00011660000004667381,-0.0004238668693950781,-0.00037459067603333945,-0.0006485999999767955
2.739972,-0.001588600000104634,-0.000494600000047285,-0.0006861935135531587,-0.0009096722611207969,-0.0006485999999767955
2.759972,0.0020013999999264342,-0.0008726000000478962,-0.0007611088776201697,-0.0009151734266388137,-0.001588600000104634
2.779972,-0.001588600000104634,-0.0006826000000728528,-0.000649012854085444,-0.0006231221445637972,-0.001588600000104634
2.799972,-0.0025385999999798514,-0.00011660000004667381,-0.00039455355005651776,-0.0002903715618159144,0.0003013999998984218
2.819972,0.0003013999998984218,-0.0003066000000217173,-7.83598008112149e-05,4.016456871780698e-05,0.0003013999998984218
2.839971,0.0012414000000262604,7.13999999788939e-05,0.00020280509830855714,0.0002466913752584927,0.0003013999998984218
2.859971,0.001051400000051217,0.0006393999999545485,0.0003657532435209109,5.009463867527682e-05,0.0003013999998984218
2.879971,0.0003013999998984218,0.0004493999999795051,0.00036916141645808683,0.0005279501165242263,0.0003013999998984218
2.899971,0.0003013999998984218,7.13999999788939e-05,0.00022645976251185063,0.00039802004659306254,0.0003013999998984218
2.919971,-0.0006485999999767955,-7.860000005166512e-05,-2.5069539258005316e-06,0.00015582890439858358,0.0003013999998984218
2.93997,-0.0006485999999767955,-0.0002686000000267086,-0.00023551572324131812,-0.00043610582755271293,-0.0006485999999767955
2.95997,0.0003013999998984218,-0.0002686000000267086,-0.000396315194725224,-0.0005579240093543085,-0.0006485999999767955
2.97997,-0.0006485999999767955,-0.0006466000000273197,-0.00043752479426661863,-0.0005851734265942885,-0.0006485999999767955
2.99997,0.0003013999998984218,-0.0002686000000267086,-0.00035341616566265005,-0.0003074344988596221,0.0003013999998984218
3.01997,-0.0025385999999798514,-0.0002686000000267086,-0.00018124077493566028,-0.00019913613057020627,0.0003013999998984218
3.039969,0.0012414000000262604,0.00010939999997390259,9.864256090859987e-06,0.00023440699298392517,0.0003013999998984218
3.059969,0.0003013999998984218,-8.060000000114087e-05,0.00014190808713186812,0.0001565515151474604,0.0003013999998984218
3.079969,0.0012414000000262604,0.0006754000000000815,0.00015687138177389786,0.00018566573426078434,0.0012414000000262604
3.099969,-0.0006485999999767955,-8.060000000114087e-05,3.9258934659565593e-05,-6.887972025416533e-05,0.0003013999998984218
3.119969,0.0012414000000262604,-0.0002705999999761843,-0.00017884702869483122,5.242564104756479e-05,-0.0006485999999767955
3.139968,-0.0025385999999798514,-0.0006865999999718042,-0.00043277859146269727,-0.000648017249397638,-0.0006485999999767955
3.159968,-0.0006485999999767955,-0.0004965999999967608,-0.0006522395180504236,-0.0005570382284352533,-0.0006485999999767955
3.179968,-0.000838599999951839,-0.0010626000000229397,-0.0007865472991818945,-0.0010227491841793526,-0.000838599999951839
3.199968,0.0003013999998984218,-0.000494600000047285,-0.0008173795917647764,-0.0009080871795201069,-0.0006485999999767955
3.219968,-0.001588600000104634,-0.0008726000000478962,-0.0007571185137447152,-0.0008703249417657578,-0.000838599999951839
3.239968,0.0003013999998984218,-0.0004566000000522763,-0.0006382930262371967,-0.0001337748252350599,0.0003013999998984218
3.259967,-0.0025385999999798514,-0.0004566000000522763,-0.0005004741980357271,-0.00041149044294700517,0.0003013999998984218
3.279967,0.0012414000000262604,-7.860000005166512e-05,-0.00037785539785960265,-0.0003694158508779395,0.0003013999998984218
3.299967,0.0003013999998984218,-0.0006466000000273197,-0.0002895054715741082,-0.0006303482517854405,0.0003013999998984218
3.319967,0.0003013999998984218,-7.860000005166512e-05,-0.0002359479102224138,-0.00013934592077671955,0.0003013999998984218
3.339967,-0.0025385999999798514,-0.0004566000000522763,-0.00020512774537208896,-0.00026904289048067183,0.0003013999998984218
3.359966,0.0003013999998984218,-0.00011660000004667381,-0.00018462339395118564,-2.3355244822367426e-05,0.0003013999998984218
3.379966,-0.0006485999999767955,-0.000494600000047285,-0.00017077119347065013,-0.00042239953385876395,-0.0006485999999767955
3.399966,0.0020013999999264342,7.339999992836966e-05,-0.00016761144758211958,-0.0002907212121678619,0.0003013999998984218
3.419966,-0.001588600000104634,-0.00011660000004667381,-0.00017800721622047899,-4.328531474981969e-05,-0.0006485999999767955
3.439965,0.0003013999998984218,7.339999992836966e-05,-0.0001957559975237735,0.0003780200465417962,0.0003013999998984218
3.459965,-0.0006485999999767955,-0.00026660000007723285,-0.00020517608748658365,-0.00036086107231666934,0.0003013999998984218
3.479965,0.0003013999998984218,-7.860000005166512e-05,-0.0001881375477844509,-0.0004463855478510002,0.0003013999998984218
3.499965,0.0003013999998984218,-0.0006466000000273197,-0.00013469700238610924,-0.0003832153846627732,-0.0006485999999767955
3.519965,-0.0006485999999767955,-7.860000005166512e-05,-5.287786227055981e-05,6.95818181487666e-05,0.0003013999998984218
3.539964,-0.0025385999999798514,0.00010939999997390259,2.7666343491373578e-05,-8.983543124812968e-05,0.0003013999998984218
3.559964,0.0021913999999014777,-8.060000000114087e-05,6.381247686502486e-05,-1.840093249704639e-06,-0.0006485999999767955
3.579964,0.0012414000000262604,-8.060000000114087e-05,1.9828984569056364e-05,0.0002117729603651672,-0.0006485999999767955
3.599964,-0.0006485999999767955,0.0004873999999745138,-0.00010831323899475854,0.00011526946385091422,0.0003013999998984218
3.619964,-0.0006485999999767955,0.00010939999997390259,-0.00028047574356378506,-0.00010661864805257397,0.0003013999998984218
3.639963,0.0003013999998984218,-0.0006466000000273197,-0.0004216153396127813,-0.00019752773894679521,-0.0006485999999767955
3.659963,0.0003013999998984218,-0.0006466000000273197,-0.00045092489107442075,-0.0007790662004861987,-0.0006485999999767955
3.679963,-0.0025385999999798514,-0.0002686000000267086,-0.0003200003130624522,-0.0004194158508502834,0.0003013999998984218
3.699963,-0.0006485999999767955,-0.0002686000000267086,-4.4730413389499085e-05,-5.1723543152963435e-05,0.0003013999998984218
3.719963,0.0012414000000262604,-8.060000000114087e-05,0.00028475444932438897,4.687785546184506e-05,0.0003013999998984218
3.739962,0.0003013999998984218,0.00029739999999947033,0.0005250336359706124,0.00011387086248764442,0.0003013999998984218
3.759962,0.0012414000000262604,0.00029739999999947033,0.000527222424567109,-6.419440558703991e-05,0.0003013999998984218
3.779962,-0.0006485999999767955,-8.060000000114087e-05,0.00019673462963493946,0.00024883589743788116,-0.0006485999999767955
3.799962,-0.0006485999999767955,-0.00045860000000175205,-0.0004526545054966169,-0.00042291235431410877,-0.0006485999999767955
3.819962,-0.0006485999999767955,-0.00045860000000175205,-0.0012656729387676064,-0.0006689263403461601,-0.0006485999999767955
3.839962,-0.001588600000104634,-0.0006466000000273197,-0.0019473698269406549,-0.000492469463894887,-0.0006485999999767955
3.859961,0.0012414000000262604,-7.860000005166512e-05,-0.0021146407716710097,6.566573422030935e-05,-0.0006485999999767955
3.879961,-0.001588600000104634,0.00029939999994894607,-0.0014085645257570418,0.0003098149183790169,0.0012414000000262604
3.899961,0.0021913999999014777,0.0008653999999751249,0.0003373095819854225,0.00038452354309247383,0.0012414000000262604
3.919961,0.0012414000000262604,0.00010939999997390259,0.0029079197538413007,0.0005059687645305305,0.0012414000000262604
3.93996,0.0012414000000262604,0.0004873999999745138,0.0055686201981444,0.0003929151514946959,0.0012414000000262604
3.95996,-0.0025385999999798514,0.00010939999997390259,0.007075029537186463,2.5339393910981723e-05,0.0003013999998984218
3.97996,0.0003013999998984218,-0.0002686000000267086,0.005917829111791805,0.00019697109554767263,0.0003013999998984218
3.99996,0.0003013999998984218,-0.0004566000000522763,0.0008215133198386527,0.018689208857765923,0.0003013999998984218
4.01996,-0.0006485999999767955,0.00011139999992337835,-0.008612381724970811,-0.00388556969704737,0.0003013999998984218
4.039959,0.0003013999998984218,-0.00026660000007723285,-0.02137499477940202,-0.022846222377712153,0.0003013999998984218
4.059959,0.0003013999998984218,-0.045818600000075094,-0.03497241311486441,-0.03720549976698742,-0.0006485999999767955
4.079959,-0.001588600000104634,-0.04880460000008498,-0.04605027948960469,-0.047774054545526565,-0.001588600000104634
4.099959,-0.22745860000009088,-0.05160260000006929,-0.05163867191782334,-0.05356577948723852,-0.013688600000023143
4.119959,-0.0155786000000262,-0.05477860000005421,-0.05047024662924891,-0.053835616317083085,-0.0155786000000262
4.139959,-0.013688600000023143,-0.05757660000003852,-0.04360448358256004,-0.04849976550121474,-0.0155786000000262
4.159958,-0.0155786000000262,-0.014634600000044884,-0.03394534635323808,-0.03260288904434121,-0.0155786000000262
4.179958,-0.0155786000000262,-0.014256600000044273,-0.024947826482281582,-0.020916012587446582,-0.013688600000023143
4.199958,-0.012748600000122678,-0.014634600000044884,-0.01925402544446002,-0.0022778074592447175,-0.0155786000000262
4.219958,-0.013688600000023143,-0.02590060000002268,-0.017892199470525633,-0.021220931002356253,-0.0155786000000262
4.239957,-0.0155786000000262,-0.026618600000028893,-0.020259645805238275,-0.027059975291387855,-0.0155786000000262
4.259957,-0.07190859999991517,-0.027714599999990243,-0.0247255088096186,-0.02938631561771505,-0.01822859999992943
4.279957,-0.019168600000057268,-0.0348985999999968,-0.029469973306568538,-0.03312396130537203,-0.019168600000057268
4.299957,-0.01822859999992943,-0.035958600000003574,-0.03315940584844634,-0.034147854079251326,-0.020878600000060032
4.319957,-0.04960860000005596,-0.02949460000004365,-0.03523218607276434,-0.03502207319350148,-0.020878600000060032
4.339957,-0.020878600000060032,-0.031196600000021134,-0.03581428329737009,-0.03324093100236282,-0.02767859999994471
4.359956,-0.03958860000011555,-0.03584660000005897,-0.03543283224176785,-0.02972804055948459,-0.03958860000011555
4.379956,-0.02767859999994471,-0.03221660000003794,-0.034704724744858195,-0.035345919347369005,-0.03145859999995082
4.399956,-0.041478600000118604,-0.03524060000004283,-0.03411334411441249,-0.03521100093245096,-0.03599860000008448
4.419956,-0.03145859999995082,-0.03414460000003601,-0.03391187872634439,-0.03338230629374953,-0.034108600000081424
4.439955,-0.03599860000008448,-0.03565660000003845,-0.03413230948944822,-0.03590981212124897,-0.03523859999995693
4.459955,-0.034108600000081424,-0.034560600000031624,-0.034651951259684934,-0.03452934592077429,-0.03523859999995693
4.479955,-0.03523859999995693,-0.03531660000003285,-0.03527487514950693,-0.03592533659676658,-0.03523859999995693
4.499955,-0.03599860000008448,-0.03546860000001288,-0.0358043595123146,-0.035624031235441236,-0.03523859999995693
4.519955,-0.03523859999995693,-0.03637659999999414,-0.03609701227952287,-0.0364195324009358,-0.03599860000008448
4.539954,-0.036758599999984654,-0.036300600000004124,-0.03609503165641406,-0.03568214312352619,-0.03599860000008448
4.559954,-0.03864859999998771,-0.035318599999982325,-0.0358333198846861,-0.03551081445220342,-0.03523859999995693
4.579954,-0.034858600000006845,-0.035092600000007225,-0.03541832626892374,-0.03528225967366918,-0.034858600000006845
4.599954,-0.031088599999975486,-0.03494060000002719,-0.03498231666511866,-0.035152469463887594,-0.034858600000006845
4.619954,-0.034108600000081424,-0.034410600000046546,-0.03463084070976303,-0.0345401151515635,-0.034858600000006845
4.639954,-0.03599860000008448,-0.03426060000006146,-0.034409708991147314,-0.03402202657349028,-0.034108600000081424
4.659953,-0.03599860000008448,-0.03448660000008204,-0.03430687470438161,-0.03437871655020351,-0.034108600000081424
4.679953,-0.034108600000081424,-0.034864600000082645,-0.03428076046811369,-0.0345621664336508,-0.03599860000008448
4.699953,-0.03221860000007837,-0.034864600000082645,-0.034292384959237525,-0.03487172354320441,-0.03599860000008448
4.719953,-0.03599860000008448,-0.033882600000060846,-0.03432439443058633,-0.0342199286714026,-0.034108600000081424
4.739953,-0.03599860000008448,-0.03426060000006146,-0.03438356619228533,-0.03408936923084365,-0.03599860000008448
4.759952,-0.031088599999975486,-0.03463860000006207,-0.03449072594551883,-0.03454100093245871,-0.03599860000008448
4.779952,-0.03599860000008448,-0.0347906000000421,-0.03466423765842167,-0.03461549976692527,-0.03599860000008448
4.799952,-0.034108600000081424,-0.03471460000000661,-0.03490526509507725,-0.03514813379953956,-0.03561859999990702
4.819952,-0.036758599999984654,-0.03516660000000229,-0.03519189761537004,-0.034777574358970685,-0.03561859999990702
4.839952,-0.03561859999990702,-0.0355446000000029,-0.035482710511079735,-0.035451094172494535,-0.03561859999990702
4.859951,-0.033348599999953876,-0.0355446000000029,-0.035725037200298786,-0.03593512680654267,-0.03561859999990702
4.879951,-0.037888600000087536,-0.03577060000002348,-0.03586482629458551,-0.03574766759908823,-0.03561859999990702
4.899951,-0.034108600000081424,-0.03546860000005836,-0.03585897217965228,-0.03577612913758338,-0.034108600000081424
4.91995,-0.037888600000087536,-0.03599860000008448,-0.035690261692172785,-0.035718413519886805,-0.03599860000008448
4.93995,-0.034108600000081424,-0.03524260000008326,-0.03538020041310847,-0.03544526666676018,-0.034108600000081424
4.95995,-0.03599860000008448,-0.03546860000005836,-0.03499231022782034,-0.035200418181895454,-0.03523859999995693
4.97995,-0.034108600000081424,-0.034334600000056524,-0.03462121761660541,-0.03450323869469217,-0.034108600000081424
4.99995,-0.03523859999995693,-0.034560600000031624,-0.034368738942130855,-0.034480021911447084,-0.03523859999995693
5.01995,-0.03221860000007837,-0.0343326000000161,-0.034313853628552306,-0.03402652540794701,-0.034858600000006845
5.039949,-0.03523859999995693,-0.0345585999999912,-0.03448698958159244,-0.034725196736600225,-0.03523859999995693
5.059949,-0.034858600000006845,-0.03471060000001671,-0.03485864252109363,-0.03486985874124361,-0.03523859999995693
5.079949,-0.03523859999995693,-0.03576859999998305,-0.03534688346607272,-0.03529750442889612,-0.03523859999995693
5.099949,-0.03599860000008448,-0.03569259999999304,-0.035840339700063104,-0.035546385547781174,-0.03523859999995693
5.119949,-0.037508599999910075,-0.03592060000000856,-0.036227775184239794,-0.036445406526799194,-0.03599860000008448
5.139948,-0.034858600000006845,-0.036260600000014166,-0.03642501302510652,-0.03657932261074393,-0.03599860000008448
5.159948,-0.03599860000008448,-0.03663860000001477,-0.036393591095393904,-0.03632860000002416,-0.036938599999984945
5.179948,-0.036938599999984945,-0.035958600000049044,-0.03614981850256575,-0.036079882051324653,-0.03599860000008448
5.199948,-0.037888600000087536,-0.03558060000004844,-0.03576363302701268,-0.03554440419585147,-0.03599860000008448
5.219948,-0.034108600000081424,-0.03558060000004844,-0.03534434567028778,-0.035473355244826074,-0.03599860000008448
5.239947,-0.03296860000000379,-0.035164600000052816,-0.03501202230073478,-0.03550156037299815,-0.034858600000006845
5.259947,-0.03599860000008448,-0.03493860000003224,-0.03486180242762655,-0.03478284242425884,-0.034858600000006845
5.279947,-0.034858600000006845,-0.034862599999996746,-0.034935065081349616,-0.034512586014000514,-0.034858600000006845
5.299947,-0.036758599999984654,-0.035090600000012274,-0.03520740064038095,-0.03490906620047081,-0.034858600000006845
5.319947,-0.03372859999990396,-0.03546860000001288,-0.035594060001470584,-0.03571591934733321,-0.034858600000006845
5.339947,-0.034108600000081424,-0.036074600000029024,-0.03596991249964707,-0.03625426433569703,-0.036758599999984654
5.359946,-0.037888600000087536,-0.03592260000004899,-0.03620277765352807,-0.03626235291380812,-0.03599860000008448
5.379946,-0.037888600000087536,-0.036376600000085094,-0.036196156731928594,-0.036403331934800616,-0.03599860000008448
5.399946,-0.03599860000008448,-0.036376600000085094,-0.03592717580273518,-0.03580715477863934,-0.03599860000008448
5.419945,-0.03599860000008448,-0.03546860000005836,-0.03545960228727589,-0.03537580279728725,-0.03599860000008448
5.439945,-0.034108600000081424,-0.034334600000056524,-0.03492100838541227,-0.0349303948718405,-0.034108600000081424
5.459945,-0.033348599999953876,-0.034108600000035946,-0.03445289107381288,-0.03423482377625267,-0.034108600000081424
5.479945,-0.03221860000007837,-0.03426060000001598,-0.034158320764229505,-0.034059019580440233,-0.034108600000081424
5.499945,-0.0348685999999816,-0.03426060000001598,-0.034072884037240854,-0.03395151375294242,-0.034108600000081424
5.519945,-0.036758599999984654,-0.034412600000041496,-0.034170194072880064,-0.034227411188847666,-0.034108600000081424
5.539944,-0.034108600000081424,-0.0347906000000421,-0.034391955250697985,-0.034835429836860825,-0.034108600000081424
5.559944,-0.034108600000081424,-0.03516860000004272,-0.03467992386134989,-0.035020418181855945,-0.034108600000081424
5.579944,-0.034108600000081424,-0.034864600000037174,-0.034992294230512595,-0.03497801724944758,-0.034108600000081424
5.599944,-0.036758599999984654,-0.034864600000037174,-0.03530248208902248,-0.03498598927743287,-0.034108600000081424
5.619944,-0.03523859999995693,-0.03524260000003778,-0.03558887773965313,-0.03527603589749239,-0.03523859999995693
5.639943,-0.034108600000081424,-0.035998600000039,-0.0358251113318486,-0.03588790069934994,-0.03599860000008448
5.659943,-0.03599860000008448,-0.03584660000005897,-0.035977607313198864,-0.03597160699304577,-0.03599860000008448
5.679943,-0.037888600000087536,-0.03584660000005897,-0.036013618871306635,-0.03626237622381547,-0.03599860000008448
5.699943,-0.03599860000008448,-0.035998600000039,-0.035916345667794156,-0.03560552307698246,-0.03599860000008448
5.719943,-0.03523859999995693,-0.035998600000039,-0.035697183269514245,-0.03573862331006942,-0.03599860000008448
5.739942,-0.0348685999999816,-0.034864600000037174,-0.03539632138930404,-0.03541762097904596,-0.03523859999995693
5.759942,-0.03599860000008448,-0.03505460000001222,-0.03507178848205212,-0.03507216643358909,-0.03523859999995693
5.779942,-0.03221860000007837,-0.03482860000003711,-0.03478469916097277,-0.034860861072300464,-0.0348685999999816
5.799942,-0.0369485999999597,-0.03505460000005769,-0.03458867031424435,-0.03470419440563502,-0.03599860000008448
5.819942,-0.034108600000081424,-0.03467660000005708,-0.03452556006271217,-0.03456911282057647,-0.034108600000081424
5.839942,-0.03599860000008448,-0.03490260000003218,-0.03462290519735703,-0.03471209650354419,-0.034108600000081424
5.859941,-0.034108600000081424,-0.03471260000005714,-0.034886522245977325,-0.03474060466203655,-0.034108600000081424
5.879941,-0.033348599999953876,-0.03528060000003279,-0.03528792009692416,-0.03541449743593189,-0.03599860000008448
5.899941,-0.03599860000008448,-0.03528060000003279,-0.035755860414479895,-0.035372446153899326,-0.03599860000008448
5.91994,-0.0369485999999597,-0.036036600000034016,-0.036184416570879535,-0.036117924009370736,-0.03599860000008448
5.93994,-0.03599860000008448,-0.03656660000006014,-0.036461318798244165,-0.036527620979066304,-0.03599860000008448
5.95994,-0.037888600000087536,-0.036718600000040166,-0.03650682011849534,-0.036730021911461325,-0.036758599999984654
5.97994,-0.03599860000008448,-0.036376600000039616,-0.03630558859280868,-0.03641955571098343,-0.03599860000008448
5.99994,-0.036758599999984654,-0.035846600000013495,-0.03591650429752266,-0.036011630303046466,-0.03599860000008448
6.01994,-0.03523859999995693,-0.03524259999999231,-0.035454706957397476,-0.03544246946388259,-0.03523859999995693
6.039939,-0.033348599999953876,-0.03524259999999231,-0.035052062277681574,-0.034881373892763086,-0.03523859999995693
6.059939,-0.0348685999999816,-0.034560599999986154,-0.03481175871844561,-0.03451622237759537,-0.0348685999999816
6.079939,-0.03599860000008448,-0.03448659999999108,-0.03477515478219221,-0.034666432167808056,-0.0348685999999816
6.099939,-0.033348599999953876,-0.03516859999999724,-0.03491259271831016,-0.03497515011654741,-0.0348685999999816
6.119939,-0.0348685999999816,-0.03539460000001782,-0.0351394369316687,-0.035341560372984464,-0.03599860000008448
6.139939,-0.036758599999984654,-0.03539460000001782,-0.035350263198162694,-0.03555368158512133,-0.03599860000008448
6.159938,-0.03599860000008448,-0.035546600000043324,-0.0354587682257054,-0.035511467132897385,-0.03599860000008448
6.179938,-0.03599860000008448,-0.035546600000043324,-0.035427979881417146,-0.03543853006995526,-0.03599860000008448
6.199938,-0.034108600000081424,-0.03524260000003778,-0.035278310292445915,-0.03524235291380275,-0.03523859999995693
6.219938,-0.0348685999999816,-0.034864600000037174,-0.035071691830832544,-0.03503277249421404,-0.0348685999999816
6.239937,-0.03523859999995693,-0.03448660000003656,-0.03488192653382207,-0.03477475384618856,-0.034108600000081424
6.259937,-0.034108600000081424,-0.0350166000000172,-0.03476596122090448,-0.034536991608425056,-0.0348685999999816
6.279937,-0.034108600000081424,-0.034864600000037174,-0.0347469375055971,-0.03472039487183327,-0.034108600000081424
6.299937,-0.036758599999984654,-0.03463860000006207,-0.034812461007277286,-0.03517277249421569,-0.034108600000081424
6.319937,-0.034108600000081424,-0.03516860000004272,-0.03492482768200043,-0.03489333193477415,-0.034108600000081424
6.339936,-0.034108600000081424,-0.03532060000002275,-0.0350363143799233,-0.034850255011685136,-0.0348685999999816
6.359936,-0.036758599999984654,-0.034564600000021525,-0.03510339347195793,-0.03515020839162163,-0.034108600000081424
6.379936,-0.0348685999999816,-0.03498060000001715,-0.035096968132811074,-0.03514787738929386,-0.0348685999999816
6.399936,-0.03297859999997854,-0.03535860000001776,-0.0350081608477057,-0.03509668857811822,-0.03599860000008448
6.419935,-0.03618860000005952,-0.03482860000003711,-0.03485036512264144,-0.03497953240097216,-0.0348685999999816
6.439935,-0.03599860000008448,-0.03467660000005708,-0.03465807397080387,-0.034586199067658266,-0.034108600000081424
6.459935,-0.034108600000081424,-0.034524600000077045,-0.034480553200580556,-0.0341930988345716,-0.034108600000081424
6.479935,-0.034108600000081424,-0.03426060000006146,-0.0343674947672192,-0.03420906620052515,-0.034108600000081424
6.499935,-0.03221860000007837,-0.0341106000000309,-0.03434954865174938,-0.034553495104923455,-0.034108600000081424
6.519934,-0.0348685999999816,-0.034338600000000954,-0.03442496673593066,-0.03434400792541927,-0.0348685999999816
6.539934,-0.035248599999931685,-0.0348685999999816,-0.03456360553921575,-0.03492622237761759,-0.035248599999931685
6.559934,-0.035248599999931685,-0.03524659999998221,-0.03472790081944021,-0.03475992867129535,-0.035248599999931685
6.579934,-0.036758599999984654,-0.035322599999972226,-0.03489651811274427,-0.03492058135194098,-0.035248599999931685
6.599934,-0.034108600000081424,-0.034566599999971005,-0.03507262038889669,-0.03509391468529197,-0.035248599999931685
6.619934,-0.035248599999931685,-0.035094600000002175,-0.03526915970479265,-0.035116688578091575,-0.035248599999931685
6.639934,-0.03146859999992557,-0.03498060000001715,-0.03548136769278945,-0.03527839020980419,-0.035248599999931685
6.659933,-0.037888600000087536,-0.035548599999992804,-0.035668503063784544,-0.0355240545454509,-0.03618860000005952
6.679933,-0.03618860000005952,-0.035548599999992804,-0.035762190864380684,-0.035606548717931306,-0.03618860000005952
6.699933,-0.0369485999999597,-0.036304599999994025,-0.03569926852311732,-0.035935686247079504,-0.03618860000005952
6.719933,-0.035248599999931685,-0.035548599999992804,-0.035458721757071106,-0.035679858741259236,-0.035248599999931685
6.739932,-0.035248599999931685,-0.03513259999999718,-0.035080009394469626,-0.035366688578097986,-0.035248599999931685
6.759932,-0.034108600000081424,-0.03441459999999097,-0.03465319075036886,-0.03449911282051257,-0.034108600000081424
6.779932,-0.034108600000081424,-0.03418660000002092,-0.03428739237007706,-0.03415258601399145,-0.034108600000081424
6.799932,-0.03335859999992863,-0.03418660000002092,-0.03407321800882122,-0.03382727132866971,-0.034108600000081424
6.819932,-0.034108600000081424,-0.034036599999990355,-0.03405464123375084,-0.03414915944055127,-0.034108600000081424
6.839931,-0.035248599999931685,-0.03426459999996041,-0.034219372964189636,-0.03420055804194253,-0.034108600000081424
6.859931,-0.03335859999992863,-0.03479259999999158,-0.03450798227112265,-0.0344916069929849,-0.035248599999931685
6.879931,-0.035248599999931685,-0.03479259999999158,-0.034835702399558646,-0.034909648951051024,-0.035248599999931685
6.899931,-0.03599860000008448,-0.03494260000002214,-0.03511889136012282,-0.03515780745922907,-0.035248599999931685
6.91993,-0.034108600000081424,-0.03550860000004832,-0.03529887749534012,-0.03565277249421169,-0.03599860000008448
6.93993,-0.03599860000008448,-0.0354326000000583,-0.03535736990361541,-0.03525580279726426,-0.03599860000008448
6.95993,-0.03618860000005952,-0.0354326000000583,-0.03531947793379467,-0.03519018508164579,-0.03599860000008448
6.97993,-0.0348685999999816,-0.03490460000002713,-0.03524270506834903,-0.03503974219117463,-0.03599860000008448
6.99993,-0.03599860000008448,-0.03505660000000717,-0.03519368576813246,-0.03516386806528127,-0.03599860000008448
7.01993,-0.03146859999992557,-0.0352085999999872,-0.03522013575502624,-0.03540396130536406,-0.03599860000008448
7.039929,-0.036758599999984654,-0.035434600000007775,-0.035330936363107156,-0.03531365827504947,-0.03599860000008448
7.059929,-0.0369485999999597,-0.03528459999997722,-0.035495373215868826,-0.03529918275056119,-0.03599860000008448
7.079929,-0.03599860000008448,-0.03604059999997844,-0.0356608128861857,-0.035671537062914045,-0.03599860000008448
7.099929,-0.035248599999931685,-0.03573859999996785,-0.03577597702813392,-0.03586827365963359,-0.035248599999931685
7.119929,-0.035248599999931685,-0.03570059999997284,-0.035806517085021215,-0.03615925268061891,-0.035248599999931685
7.139929,-0.035248599999931685,-0.03555059999994228,-0.03573976572831524,-0.03551508018643613,-0.035248599999931685
7.159928,-0.036758599999984654,-0.03547459999995226,-0.035583973998413926,-0.0353587631701168,-0.035248599999931685
7.179928,-0.035248599999931685,-0.03539859999996224,-0.035366677614011285,-0.03533074452209363,-0.035248599999931685
7.199928,-0.0348685999999816,-0.035322599999972226,-0.03513163099740747,-0.035167224708586506,-0.0348685999999816
7.219928,-0.0348685999999816,-0.03494459999997161,-0.034931768596878916,-0.035187131468502365,-0.0348685999999816
7.239928,-0.0348685999999816,-0.0348685999999816,-0.03481823490514771,-0.03492046480184964,-0.0348685999999816
7.259927,-0.0348685999999816,-0.035094600000002175,-0.034828346337701654,-0.03468687505828413,-0.0348685999999816
7.279927,-0.0348685999999816,-0.03494260000002214,-0.034975530204701795,-0.03499645547787954,-0.0348685999999816
7.299927,-0.03599860000008448,-0.03516860000004272,-0.035243080502583075,-0.03519491701635836,-0.0348685999999816
7.319927,-0.034108600000081424,-0.035546600000043324,-0.03558315819897149,-0.03535955571100062,-0.03599860000008448
7.339926,-0.03599860000008448,-0.0357726000000639,-0.03592309631771362,-0.036008763170213606,-0.03599860000008448
7.359926,-0.036758599999984654,-0.03592460000004394,-0.036180773761698704,-0.036453262004724936,-0.03599860000008448
7.379926,-0.03599860000008448,-0.03668060000004516,-0.03628737305849742,-0.036243984615436375,-0.036758599999984654
7.399926,-0.036758599999984654,-0.03630260000004455,-0.03621026124227053,-0.03609002191146753,-0.036758599999984654
7.419926,-0.037888600000087536,-0.035546600000043324,-0.03596545750509364,-0.0358965487179846,-0.03599860000008448
7.439925,-0.034108600000081424,-0.035546600000043324,-0.035611932599459266,-0.035660954312398296,-0.03599860000008448
7.459925,-0.03297859999997854,-0.03516860000004272,-0.0352291148874725,-0.035075056876498735,-0.0348685999999816
7.479925,-0.03599860000008448,-0.0347906000000421,-0.03488968964872259,-0.03500361165505528,-0.0348685999999816
7.499925,-0.0348685999999816,-0.034564600000021525,-0.03464273922081288,-0.03451934592077993,-0.0348685999999816
7.519925,-0.03599860000008448,-0.03516860000004272,-0.034512879789780154,-0.034660674592099996,-0.03599860000008448
7.539925,-0.03297859999997854,-0.03464060000001155,-0.034508007378353044,-0.03455927599070299,-0.0348685999999816
7.559924,-0.03599860000008448,-0.034866600000032125,-0.0346243925457228,-0.03493631561773411,-0.03599860000008448
7.579924,-0.03335859999992863,-0.03426260000001093,-0.03484465540639043,-0.034627644289058214,-0.03335859999992863
7.599924,-0.03599860000008448,-0.035434600000007775,-0.03513284818257662,-0.0348945207459377,-0.03599860000008448
7.619924,-0.03297859999997854,-0.03505660000000717,-0.03543446296200194,-0.035344404195808914,-0.034108600000081424
7.639924,-0.03883859999996275,-0.03577460000001338,-0.035686646987713296,-0.03597468391608259,-0.03599860000008448
7.659924,-0.034108600000081424,-0.03592659999999341,-0.035837128236842854,-0.03583710815850967,-0.036758599999984654
7.679923,-0.0369485999999597,-0.036304599999994025,-0.035863285062955164,-0.03601461398602792,-0.036758599999984654
7.699923,-0.036758599999984654,-0.03535860000001776,-0.035780582165954436,-0.03571125734265489,-0.0348685999999816
7.719923,-0.0348685999999816,-0.03558659999998781,-0.035634251711232724,-0.03553780745920142,-0.035248599999931685
7.739923,-0.034108600000081424,-0.03524659999998221,-0.035477149011556366,-0.03499848344985628,-0.035248599999931685
7.759922,-0.035248599999931685,-0.03494459999997161,-0.03534552387658716,-0.035516735198093854,-0.035248599999931685
7.779922,-0.035248599999931685,-0.035322599999972226,-0.03524713572488399,-0.03540165361303675,-0.035248599999931685
7.799922,-0.035248599999931685,-0.03570059999997284,-0.03516888889774772,-0.03528062797201881,-0.035248599999931685
7.819921,-0.036758599999984654,-0.03547260000000278,-0.03509781980178835,-0.03522876317015404,-0.035248599999931685
7.839921,-0.03599860000008448,-0.035018600000012154,-0.03503940494496389,-0.0351203948717901,-0.035248599999931685
7.859921,-0.034108600000081424,-0.03494260000002214,-0.0350182692213592,-0.034926338927762465,-0.0348685999999816
7.879921,-0.03297859999997854,-0.034792600000037054,-0.03505901208969161,-0.03490790069933687,-0.0348685999999816
7.899921,-0.0348685999999816,-0.034794600000032004,-0.0351610090703404,-0.035110301631744605,-0.0348685999999816
7.91992,-0.03600860000005923,-0.03517460000002757,-0.03528744144082574,-0.035158972960413364,-0.03600860000005923
7.93992,-0.03600860000005923,-0.035780600000043704,-0.035378730848240336,-0.035337620979064024,-0.03600860000005923
7.95992,-0.03600860000005923,-0.03563060000005862,-0.03538231138926375,-0.03562440419584983,-0.03600860000005923
7.97992,-0.03600860000005923,-0.03525260000005801,-0.03527957252586442,-0.03540832027977563,-0.03600860000005923
7.99992,-0.034118600000056176,-0.03502460000004248,-0.03509418535316492,-0.035187271328734095,-0.0348685999999816
8.01992,-0.034118600000056176,-0.03464660000004187,-0.034879149707128285,-0.03472741118886155,-0.034118600000056176
8.039919,-0.0348685999999816,-0.03464660000004187,-0.03469263094615709,-0.03444023170165716,-0.034118600000056176
8.059919,-0.034118600000056176,-0.03449460000001636,-0.034576908518165785,-0.034645546386961754,-0.034118600000056176
8.079919,-0.03600860000005923,-0.03472059999999146,-0.0345492875583708,-0.03451699160838969,-0.0348685999999816
8.099919,-0.03335859999992863,-0.03494860000000699,-0.03460458639191588,-0.034792958974356206,-0.035248599999931685
8.119919,-0.035248599999931685,-0.03472059999999146,-0.034723175763956324,-0.034761630303021304,-0.035248599999931685
8.139918,-0.03600860000005923,-0.03472059999999146,-0.03487874049807173,-0.034779369230765265,-0.035248599999931685
8.159918,-0.03297859999997854,-0.035022600000002055,-0.03504319700653331,-0.035024986946394096,-0.035248599999931685
8.179918,-0.03600860000005923,-0.03517460000002757,-0.035189638496969745,-0.03513827365969,-0.03600860000005923
8.199918,-0.0348685999999816,-0.03517460000002757,-0.035296162627692626,-0.03554792400934808,-0.03600860000005923
8.219918,-0.03600860000005923,-0.0356286000000182,-0.035352118582848556,-0.03525957902099703,-0.03600860000005923
8.239917,-0.03600860000005923,-0.03540060000000267,-0.035363930403536796,-0.03523566293707031,-0.035248599999931685
8.259917,-0.035248599999931685,-0.03525060000001758,-0.03535464625525109,-0.03546107086248684,-0.035248599999931685
8.279917,-0.0348685999999816,-0.03525060000001758,-0.03535399290126979,-0.03529307552450225,-0.035248599999931685
8.299917,-0.034118600000056176,-0.03525060000001758,-0.03538286242170173,-0.035350767832194645,-0.035248599999931685
8.319916,-0.03600860000005923,-0.0354026000000431,-0.035441789115997546,-0.03539494032636692,-0.03600860000005923
8.339916,-0.03600860000005923,-0.03547860000003311,-0.03551134824872113,-0.03552125734268991,-0.03600860000005923
8.359916,-0.03600860000005923,-0.035856600000033725,-0.0355640173540708,-0.03550202657346636,-0.03600860000005923
8.379916,-0.035248599999931685,-0.0356286000000182,-0.035579097234116605,-0.03584477715620542,-0.03600860000005923
8.399916,-0.03600860000005923,-0.03540060000000267,-0.03555144393345622,-0.035633145454541985,-0.035248599999931685
8.419916,-0.0348685999999816,-0.035550599999987754,-0.035490457262907636,-0.03527547645685857,-0.035248599999931685
8.439915,-0.0348685999999816,-0.03517259999998714,-0.035412356850678825,-0.0351915603729397,-0.0348685999999816
8.459915,-0.036758599999984654,-0.03517259999998714,-0.03533178549760838,-0.03544517342657231,-0.0348685999999816
8.479915,-0.03335859999992863,-0.03540060000000267,-0.03525753147737222,-0.035472189743595145,-0.03600860000005923
8.499915,-0.03600860000005923,-0.0356286000000182,-0.03519368245854226,-0.0352218400932495,-0.03600860000005923
8.519915,-0.03600860000005923,-0.03494860000000699,-0.03514402424259039,-0.035016152447572356,-0.03600860000005923
8.539914,-0.03600860000005923,-0.0351006000000325,-0.035114966946779055,-0.03496710815851781,-0.03600860000005923
8.559914,-0.03335859999992863,-0.03494860000000699,-0.035112588356321216,-0.03510300559441028,-0.035248599999931685
8.579914,-0.034118600000056176,-0.035136599999987084,-0.03513485910015544,-0.03537839020979976,-0.035248599999931685
8.599914,-0.035248599999931685,-0.035136599999987084,-0.03516716275832649,-0.03517953240092249,-0.035248599999931685
8.619914,-0.0369485999999597,-0.03528860000001259,-0.035188696849630885,-0.03501846013985144,-0.035248599999931685
8.639914,-0.03600860000005923,-0.035438599999997676,-0.035186950908669974,-0.03500992867133992,-0.035248599999931685
8.659913,-0.034118600000056176,-0.035212600000022576,-0.03516786192650138,-0.03567841351983674,-0.0348685999999816
8.679913,-0.0348685999999816,-0.03502460000004248,-0.035151803418409726,-0.03520589603732344,-0.0348685999999816
8.699913,-0.034118600000056176,-0.03517660000002252,-0.035157923289341836,-0.03501811048955196,-0.0348685999999816
8.719913,-0.03600860000005923,-0.034798600000021905,-0.03518857349208215,-0.0348723529137829,-0.0348685999999816
8.739912,-0.036768599999959406,-0.03517860000001747,-0.035223664050569044,-0.03504302890443767,-0.03600860000005923
8.759912,-0.03222860000005312,-0.035330599999997506,-0.03522641421853817,-0.0352052899766887,-0.03600860000005923
8.779912,-0.036768599999959406,-0.03510459999997693,-0.035156650618666005,-0.03540267925405557,-0.03487859999995635
8.799912,-0.03487859999995635,-0.034726599999976314,-0.034987685651451564,-0.035209695571064625,-0.03487859999995635
8.819911,-0.03487859999995635,-0.03533059999995203,-0.034722584787114985,-0.03465573286709071,-0.03487859999995635
8.839911,-0.03487859999995635,-0.034384599999975764,-0.034403143219974876,-0.03427102424239884,-0.03487859999995635
8.859911,-0.035248599999931685,-0.03408059999997022,-0.03410451289857616,-0.034346641958014325,-0.03487859999995635
8.879911,-0.03203860000007808,-0.033928599999990185,-0.03391353916627083,-0.03388512680650314,-0.034118600000056176
8.899911,-0.03335859999992863,-0.03400259999998525,-0.03389764033631665,-0.0338028424242304,-0.034118600000056176
8.91991,-0.034118600000056176,-0.033928599999990185,-0.03407804011797952,-0.03394379813518374,-0.034118600000056176
8.93991,-0.035248599999931685,-0.034344599999985806,-0.03442027863322503,-0.03427904289043116,-0.034118600000056176
8.95991,-0.03487859999995635,-0.035026599999991956,-0.03484559648777767,-0.03487706153846373,-0.03487859999995635
8.97991,-0.034118600000056176,-0.03540459999999257,-0.03525658192517051,-0.03548181678320848,-0.035248599999931685
8.99991,-0.036768599999959406,-0.035556600000018077,-0.035566643848721366,-0.03576193333334232,-0.03600860000005923
9.019909,-0.03600860000005923,-0.035556600000018077,-0.03572426356963428,-0.035722562703983114,-0.03600860000005923
9.039909,-0.03600860000005923,-0.03593460000001869,-0.03572498197876667,-0.035704613986042605,-0.03600860000005923
9.059909,-0.03487859999995635,-0.03540460000003805,-0.035606809250825294,-0.03548570955713223,-0.03600860000005923
9.079909,-0.03600860000005923,-0.035252600000012534,-0.03543053526515653,-0.03527573286714878,-0.035248599999931685
9.099909,-0.034118600000056176,-0.03487460000001193,-0.035253304026518724,-0.035140558041994056,-0.03487859999995635
9.119909,-0.035248599999931685,-0.0351006000000325,-0.03510714831266788,-0.03493929930071768,-0.035248599999931685
9.139908,-0.034118600000056176,-0.0351006000000325,-0.03499197022068456,-0.03518540652682471,-0.035248599999931685
9.159908,-0.03600860000005923,-0.03494860000000699,-0.034885702401862916,-0.035006572028006055,-0.035248599999931685
9.179908,-0.03600860000005923,-0.0351006000000325,-0.03476553983677309,-0.03475156037298634,-0.03600860000005923
9.199908,-0.03335859999992863,-0.03472260000003189,-0.034627698366461,-0.03481866993008599,-0.03600860000005923
9.219908,-0.03600860000005923,-0.03449660000001131,-0.034494144974614775,-0.03446829696970881,-0.03487859999995635
9.239907,-0.03222860000005312,-0.034270599999990735,-0.03440333777996819,-0.034415732867144916,-0.03487859999995635
9.259907,-0.03487859999995635,-0.03442260000001625,-0.03439193466538837,-0.03434067459208004,-0.03487859999995635
9.279907,-0.03487859999995635,-0.03434660000002623,-0.03447860097013592,-0.03427678181819859,-0.03487859999995635
9.299907,-0.034118600000056176,-0.03495060000000194,-0.03465761311459642,-0.03451503356645249,-0.03487859999995635
9.319906,-0.035628600000109145,-0.034798600000021905,-0.03490287139532303,-0.035100977622392726,-0.03487859999995635
9.339906,-0.035248599999931685,-0.03517660000002252,-0.03517783705731208,-0.03553279580420719,-0.035248599999931685
9.359906,-0.034118600000056176,-0.03593260000002374,-0.03544623560223691,-0.035426898368316355,-0.035628600000109145
9.379906,-0.036768599999959406,-0.03540459999999257,-0.0356802939739475,-0.03541589603731053,-0.035248599999931685
9.399906,-0.03789860000006229,-0.035556600000018077,-0.03586465370413273,-0.03570274918416502,-0.03600860000005923
9.419906,-0.032988599999953294,-0.03593460000001869,-0.0359945467136381,-0.03606487039628359,-0.03600860000005923
9.439905,-0.03600860000005923,-0.03616060000003927,-0.036069456978650556,-0.03626044149187979,-0.03600860000005923
9.459905,-0.03600860000005923,-0.03593460000001869,-0.03608824286860464,-0.03616601258743542,-0.03600860000005923
9.479905,-0.03789860000006229,-0.03616060000003927,-0.03605152258045036,-0.03579575617718312,-0.03600860000005923
9.499905,-0.036768599999959406,-0.03593460000001869,-0.035968844933661426,-0.035682842424272485,-0.03600860000005923
9.519905,-0.034118600000056176,-0.03593460000001869,-0.03586116771593534,-0.036279998601424626,-0.03600860000005923
9.539904,-0.03487859999995635,-0.035556600000018077,-0.03575354150999163,-0.03571419440561156,-0.03600860000005923
9.559904,-0.03600860000005923,-0.03559460000001309,-0.03566413394926705,-0.035734450815857105,-0.03600860000005923
9.579904,-0.03600860000005923,-0.03559460000001309,-0.0356000497039761,-0.0354425627039634,-0.03600860000005923
9.599904,-0.03695859999993445,-0.0359726000000137,-0.0355628410779597,-0.035378110489525515,-0.03600860000005923
9.619904,-0.034118600000056176,-0.03559460000001309,-0.03555650686795453,-0.03594151375293151,-0.03600860000005923
9.639903,-0.036768599999959406,-0.03551860000002307,-0.03558906351403279,-0.035766828438262704,-0.035628600000109145
9.659903,-0.034118600000056176,-0.03570660000004864,-0.03566573409496152,-0.0355307212121654,-0.035628600000109145
9.679903,-0.035628600000109145,-0.03570660000004864,-0.03577943572993819,-0.03562193333337725,-0.035628600000109145
9.699903,-0.03789860000006229,-0.035554600000068604,-0.035906028498057345,-0.035601070862540954,-0.035628600000109145
9.719903,-0.034118600000056176,-0.03608460000004925,-0.036007804767709053,-0.03610417109563134,-0.03600860000005923
9.739902,-0.03600860000005923,-0.03608460000004925,-0.03604388587649553,-0.03605636223781705,-0.03600860000005923
9.759902,-0.036768599999959406,-0.03589660000002368,-0.035984318522714775,-0.036462749184166435,-0.03600860000005923
9.779902,-0.035628600000109145,-0.03604860000000372,-0.035824042996387986,-0.03568561631702082,-0.03600860000005923
9.799902,-0.03695859999993445,-0.03582259999998314,-0.03559088135587922,-0.03522072121211649,-0.035628600000109145
9.819902,-0.03487859999995635,-0.034914600000001884,-0.035340910977897634,-0.03557836689974273,-0.03487859999995635
9.839901,-0.03487859999995635,-0.03518059999996694,-0.03513945947292306,-0.03519657202795407,-0.03487859999995635
9.859901,-0.03222860000005312,-0.035142599999971935,-0.03503525936872707,-0.03510435757573181,-0.03487859999995635
9.879901,-0.03695859999993445,-0.0349905999999919,-0.035041618306785205,-0.03478936923073153,-0.03487859999995635
9.899901,-0.036768599999959406,-0.03506659999998192,-0.03513458124370041,-0.03510246946386596,-0.03525859999990644
9.9199,-0.034118600000056176,-0.03544459999998253,-0.03526586162002904,-0.03528894965034174,-0.03525859999990644
9.9399,-0.03525859999990644,-0.0356326000000081,-0.035379688764581925,-0.03553885641024984,-0.03525859999990644
9.9599,-0.034118600000056176,-0.03495060000000194,-0.03542576067181675,-0.03564354172493745,-0.034118600000056176
9.9799,-0.03789860000006229,-0.035328600000002555,-0.03536856990788642,-0.03496293566436538,-0.03525859999990644
9.9999,-0.03335859999992863,-0.0351006000000325,-0.03519550457757496,-0.03514820372962521,-0.034118600000056176
10.0199,-0.03600860000005923,-0.0351006000000325,-0.034922348572745995,-0.03494433426574417,-0.034118600000056176
10.039899,-0.034118600000056176,-0.03457260000000133,-0.03459269944640712,-0.034838250349676865,-0.034118600000056176
10.059899,-0.034118600000056176,-0.03434660000002623,-0.03426988076783763,-0.034553215384643385,-0.034118600000056176
10.079899,-0.03525859999990644,-0.03427060000003621,-0.034022654149773436,-0.03355384475527202,-0.034118600000056176
10.099899,-0.03222860000005312,-0.0338926000000356,-0.03390738481792346,-0.03400822703966358,-0.034118600000056176
10.119899,-0.035628600000109145,-0.03366660000001502,-0.03395049789083384,-0.03382675850819687,-0.032988599999953294
10.139898,-0.03222860000005312,-0.03419460000004619,-0.034136905303090964,-0.03408713146855906,-0.032988599999953294
10.159898,-0.032988599999953294,-0.034572600000046805,-0.03441106577518915,-0.03454752773896373,-0.034118600000056176
10.179898,-0.03789860000006229,-0.03449860000000626,-0.034694498115298095,-0.03459976550119363,-0.034118600000056176
10.199898,-0.034118600000056176,-0.035254600000007484,-0.03491543379619182,-0.03516232960372973,-0.03525859999990644
10.219898,-0.03525859999990644,-0.035328600000002555,-0.03503722958583309,-0.03502682843823253,-0.03525859999990644
10.239897,-0.03600860000005923,-0.03495060000000194,-0.03507069292821765,-0.03537181678322385,-0.03525859999990644
10.259897,-0.03335859999992863,-0.03495060000000194,-0.035064207744762044,-0.03495309883450728,-0.03525859999990644
10.279897,-0.03600860000005923,-0.03495060000000194,-0.035077496061748994,-0.03462787738925681,-0.03525859999990644
10.299897,-0.034118600000056176,-0.03472459999998136,-0.03515211567887324,-0.035196805128189235,-0.03487859999995635
10.319897,-0.03525859999990644,-0.03544459999998253,-0.03529206795053603,-0.03511813379952626,-0.03525859999990644
10.339896,-0.03487859999995635,-0.03544459999998253,-0.03546273560981559,-0.0354486233099997,-0.03525859999990644
10.359896,-0.03695859999993445,-0.035596599999962564,-0.03560826639216948,-0.03582776083914409,-0.03525859999990644
10.379896,-0.03600860000005923,-0.035898599999973156,-0.035679153594394865,-0.035824241025593936,-0.03600860000005923
10.399896,-0.03487859999995635,-0.035898599999973156,-0.035656808064129054,-0.035740651282012245,-0.03600860000005923
10.419895,-0.036768599999959406,-0.035558599999967556,-0.035563638313819555,-0.03562482377620581,-0.03525859999990644
10.439895,-0.03487859999995635,-0.03518059999996694,-0.03545451708727498,-0.03546736456872862,-0.03487859999995635
10.459895,-0.03525859999990644,-0.035558599999967556,-0.035393766158788,-0.03529654871792056,-0.03525859999990644
10.479895,-0.034118600000056176,-0.035256599999956964,-0.03542751035014001,-0.03511626899763172,-0.03525859999990644
10.499895,-0.036768599999959406,-0.035482599999977535,-0.03556310380631216,-0.03566484708620863,-0.03525859999990644
10.519895,-0.03525859999990644,-0.035482599999977535,-0.03576413643131297,-0.03566442750578852,-0.03525859999990644
10.539894,-0.03600860000005923,-0.036428599999953806,-0.03596239621081251,-0.0361439146852836,-0.03600860000005923
10.559894,-0.03525859999990644,-0.035898599999973156,-0.03608150994928536,-0.03604605920744039,-0.03525859999990644
10.579894,-0.038848599999937505,-0.03604860000000372,-0.036063641323515,-0.03604757435897292,-0.03600860000005923
10.599894,-0.034118600000056176,-0.035670600000003105,-0.03588986338797411,-0.035811327272739286,-0.03525859999990644
10.619894,-0.03600860000005923,-0.03582060000003366,-0.03558683749581416,-0.03581622237765542,-0.03600860000005923
10.639893,-0.034118600000056176,-0.03510260000002745,-0.03521836859402309,-0.03543974219116962,-0.03525859999990644
10.659893,-0.03600860000005923,-0.03510260000002745,-0.03486690147434623,-0.03479020839162741,-0.03525859999990644
10.679893,-0.03525859999990644,-0.03457459999999628,-0.03461143845017638,-0.03420559300698864,-0.034118600000056176
10.699893,-0.034118600000056176,-0.03442459999996572,-0.034505494965052466,-0.03449286573423887,-0.034118600000056176
10.719893,-0.03336859999990338,-0.03442459999996572,-0.03455824592194009,-0.034476572027956086,-0.034118600000056176
10.739892,-0.03336859999990338,-0.03457459999999628,-0.03472615088244303,-0.03480076783215383,-0.034118600000056176
10.759892,-0.03600860000005923,-0.03495259999999689,-0.034924246115207974,-0.03507405454543745,-0.03600860000005923
10.779892,-0.03600860000005923,-0.035330599999997506,-0.03505855759059638,-0.035274101165505826,-0.03600860000005923
10.799892,-0.03600860000005923,-0.0356326000000081,-0.03506669065851118,-0.03498167692307841,-0.03600860000005923
10.819891,-0.03525859999990644,-0.03487660000000688,-0.034944833582288136,-0.03508976550116651,-0.03525859999990644
10.839891,-0.03487859999995635,-0.034272599999985685,-0.03474516908097266,-0.03483160699299781,-0.03487859999995635
10.859891,-0.03222860000005312,-0.03446259999996073,-0.034545029156098174,-0.03417253939391407,-0.03487859999995635
10.879891,-0.032988599999953294,-0.034160599999995614,-0.03440637158512916,-0.03417053473191765,-0.03374860000008084
10.899891,-0.03695859999993445,-0.03400860000001558,-0.0343494370296189,-0.03431013846155317,-0.03374860000008084
10.919891,-0.03374860000008084,-0.0347646000000168,-0.03435361577426412,-0.034430861072289515,-0.034118600000056176
10.93989,-0.034118600000056176,-0.034990600000037377,-0.03438006257855257,-0.03441815710958106,-0.034118600000056176
10.95989,-0.03600860000005923,-0.03427260000003116,-0.0343990346089532,-0.0348593226107574,-0.034118600000056176
10.97989,-0.034118600000056176,-0.03434660000002623,-0.03440631306911928,-0.03463638554781821,-0.034118600000056176
10.99989,-0.03336859999990338,-0.03472460000002684,-0.03442210490136006,-0.03402559300702174,-0.034118600000056176
11.019889,-0.034118600000056176,-0.03419659999999567,-0.0344758221635158,-0.034343075524473854,-0.034118600000056176
11.039889,-0.03600860000005923,-0.03419659999999567,-0.03458678230657939,-0.03453053473193572,-0.034118600000056176
11.059889,-0.03336859999990338,-0.03487660000000688,-0.03475105114248949,-0.034828390209790734,-0.034118600000056176
11.079889,-0.034118600000056176,-0.035254600000007484,-0.03493973590235784,-0.03497766759906224,-0.03600860000005923
11.099889,-0.036768599999959406,-0.035028599999986906,-0.03510863962163377,-0.03506135058275072,-0.03487859999995635
11.119889,-0.03600860000005923,-0.03495259999999689,-0.03521459141621941,-0.03525703822843456,-0.03487859999995635
11.139888,-0.03487859999995635,-0.035332599999992456,-0.03523011849118311,-0.0350660358974364,-0.03600860000005923
11.159888,-0.032988599999953294,-0.03518260000000737,-0.03514951949991449,-0.03529631561770766,-0.03600860000005923
11.179888,-0.036018600000033985,-0.0346545999999762,-0.03498696273924307,-0.03503151375288322,-0.03487859999995635
11.199888,-0.036018600000033985,-0.034730599999966215,-0.03477284972049114,-0.03463477715615187,-0.03525859999990644
11.219887,-0.03336859999990338,-0.03495659999998679,-0.034551584366618524,-0.03454151375289656,-0.03525859999990644
11.239887,-0.03525859999990644,-0.03457659999999123,-0.034377404967374244,-0.03457340186480381,-0.034118600000056176
11.259887,-0.034118600000056176,-0.03419659999999567,-0.03430405094629948,-0.03448519673659453,-0.034118600000056176
11.279887,-0.034118600000056176,-0.03449860000000626,-0.034368898993819764,-0.03418605920745222,-0.034118600000056176
11.299887,-0.034118600000056176,-0.03442260000001625,-0.03457715887321897,-0.03440668857809166,-0.034118600000056176
11.319886,-0.03487859999995635,-0.034802600000011806,-0.034893623894777244,-0.03489281911424036,-0.03487859999995635
11.339886,-0.03487859999995635,-0.03518260000000737,-0.035247842914253404,-0.035082329603749386,-0.03487859999995635
11.359886,-0.036018600000033985,-0.03556260000000293,-0.035553606780399066,-0.03563239953381332,-0.036018600000033985
11.379886,-0.036018600000033985,-0.035790600000018456,-0.035737105370822975,-0.03606825034966773,-0.036018600000033985
11.399886,-0.036018600000033985,-0.036018600000033985,-0.03576320544543019,-0.03601615244756356,-0.036018600000033985
11.419885,-0.036018600000033985,-0.035790600000018456,-0.03564863106342258,-0.03539776083917925,-0.036018600000033985
11.439885,-0.036018600000033985,-0.03518460000000232,-0.03545504829254852,-0.035248483449898206,-0.036018600000033985
11.459885,-0.03487859999995635,-0.034804600000006757,-0.035262958124017814,-0.035331327272740104,-0.03487859999995635
11.479885,-0.032988599999953294,-0.03518260000000737,-0.035136614265882424,-0.035035173426578706,-0.03487859999995635
11.499885,-0.034118600000056176,-0.03518260000000737,-0.03509689894105368,-0.03497086107227449,-0.03487859999995635
11.519885,-0.03790860000003704,-0.034804600000006757,-0.03511701918903093,-0.035153495104908526,-0.034118600000056176
11.539884,-0.036018600000033985,-0.0354106000000229,-0.0351425773598343,-0.035021560372957096,-0.036018600000033985
11.559884,-0.032988599999953294,-0.03563859999999295,-0.03512208657618104,-0.035232842424239956,-0.036018600000033985
11.579884,-0.036018600000033985,-0.034730599999966215,-0.03503029062545021,-0.035551816783195515,-0.03525859999990644
11.599884,-0.03525859999990644,-0.034730599999966215,-0.03487603651496722,-0.034953238694604385,-0.03525859999990644
11.619884,-0.03336859999990338,-0.03510859999996683,-0.034696711262688196,-0.0343194624708319,-0.03525859999990644
11.639883,-0.036018600000033985,-0.03435259999996561,-0.03454433645557707,-0.03444552307688906,-0.03487859999995635
11.659883,-0.03487859999995635,-0.034276599999975586,-0.034467424174619676,-0.034506828438190695,-0.03487859999995635
11.679883,-0.03223860000002787,-0.0346545999999762,-0.034492713705217365,-0.034261070862428716,-0.03487859999995635
11.699883,-0.03487859999995635,-0.03442659999996067,-0.034612925987341656,-0.03469405454542747,-0.03487859999995635
11.719882,-0.03525859999990644,-0.0346545999999762,-0.03478764370016085,-0.035031560372938204,-0.03487859999995635
11.739882,-0.03487859999995635,-0.03541059999997742,-0.03495984069284447,-0.03489925268064019,-0.03525859999990644
11.759882,-0.036018600000033985,-0.035258599999997385,-0.03508122126664374,-0.03504820372960473,-0.03525859999990644
11.779882,-0.036018600000033985,-0.035030600000027334,-0.03513292468779786,-0.03531981212123017,-0.03487859999995635
11.799882,-0.034118600000056176,-0.035030600000027334,-0.0351302949284432,-0.03501589603731978,-0.03487859999995635
11.819882,-0.034118600000056176,-0.035030600000027334,-0.035110193467099426,-0.035054870396304914,-0.03487859999995635
11.839881,-0.03487859999995635,-0.03487860000000183,-0.0351101692500165,-0.035157620979036706,-0.03487859999995635
11.859881,-0.036018600000033985,-0.035258599999997385,-0.03515263137366855,-0.03513990536129691,-0.03525859999990644
11.879881,-0.03525859999990644,-0.035486599999967436,-0.0352409313614647,-0.03517976550113327,-0.03525859999990644
11.899881,-0.036018600000033985,-0.035486599999967436,-0.03536410346547386,-0.03526475384610791,-0.03525859999990644
11.91988,-0.03525859999990644,-0.035258599999951915,-0.035502283116952436,-0.03572967226103921,-0.03525859999990644
11.93988,-0.03487859999995635,-0.03541059999997742,-0.03562846262168014,-0.03540743449880304,-0.03525859999990644
11.95988,-0.03487859999995635,-0.035788599999978035,-0.03570936148616736,-0.035809742191109446,-0.03525859999990644
11.97988,-0.036018600000033985,-0.03541059999997742,-0.035711570868512954,-0.03581484708623113,-0.03487859999995635
11.99988,-0.03790860000003704,-0.03601659999999356,-0.035614942930406436,-0.03545223636362218,-0.036018600000033985
12.01988,-0.03336859999990338,-0.035488600000007864,-0.035426694159613394,-0.03548869324010149,-0.036018600000033985
12.039879,-0.03790860000003704,-0.03511060000000725,-0.035185463035074555,-0.03518377482518759,-0.03412860000003093
12.059879,-0.03223860000002787,-0.03473260000000664,-0.034949850691122414,-0.03496762097905,-0.03412860000003093
12.079879,-0.03412860000003093,-0.03488460000003215,-0.03477676863441369,-0.03486065128207848,-0.03412860000003093
12.099879,-0.036018600000033985,-0.03450660000003154,-0.03470215873127239,-0.03443771421913596,-0.03412860000003093
12.119879,-0.03412860000003093,-0.03511060000000725,-0.03473431044235162,-0.03482253939394674,-0.03525859999990644
12.139879,-0.036018600000033985,-0.03495859999998174,-0.0348601385045235,-0.03483382144520455,-0.03525859999990644
12.159878,-0.03525859999990644,-0.035146599999961836,-0.03505622588921927,-0.035442889044253405,-0.03525859999990644
12.179878,-0.03336859999990338,-0.03552459999996245,-0.03529617276261813,-0.035273028904391754,-0.036018600000033985
12.199878,-0.03695859999993445,-0.03529659999994692,-0.035552094299978534,-0.03536920606055876,-0.03525859999990644
12.219877,-0.036018600000033985,-0.03544859999997243,-0.03579369710960796,-0.03565139720276091,-0.036018600000033985
12.239877,-0.03487859999995635,-0.03616659999997864,-0.035988872168044306,-0.03597505687642493,-0.036018600000033985
12.259877,-0.036018600000033985,-0.03597859999999855,-0.03610743172679087,-0.03623645547784886,-0.036018600000033985
12.279877,-0.03695859999993445,-0.03616659999997864,-0.03612793648339879,-0.03620577948717135,-0.036018600000033985
12.299877,-0.036018600000033985,-0.03601659999999356,-0.03604572930292515,-0.03583377482517257,-0.036018600000033985
12.319876,-0.03695859999993445,-0.035788599999978035,-0.03587758211573942,-0.035835289976680715,-0.036018600000033985
12.339876,-0.03412860000003093,-0.03560059999999794,-0.03565837556130871,-0.03578118741257323,-0.036018600000033985
12.359876,-0.03487859999995635,-0.03544859999997243,-0.03543035513089575,-0.035454497435867996,-0.03525859999990644
12.379876,-0.036018600000033985,-0.03510859999996683,-0.03523141444804641,-0.035192702564070526,-0.03525859999990644
12.399876,-0.03525859999990644,-0.035258599999951915,-0.03508897312185198,-0.034967504428856364,-0.03525859999990644
12.419876,-0.03525859999990644,-0.035258599999951915,-0.03502005233168582,-0.03512750442885044,-0.03525859999990644
12.439875,-0.03487859999995635,-0.035030599999936386,-0.03503283173929902,-0.03527643216776788,-0.03487859999995635
12.459875,-0.03487859999995635,-0.03533259999994698,-0.03512555389268993,-0.03515792400927219,-0.03487859999995635
12.479875,-0.03487859999995635,-0.03510659999997188,-0.03528311561825847,-0.035061560372926064,-0.03487859999995635
12.499875,-0.036768599999959406,-0.03533459999998741,-0.03547476677749132,-0.035502795804184875,-0.03487859999995635
12.519875,-0.03412860000003093,-0.03556260000000293,-0.03565592995429678,-0.035613984615395076,-0.036018600000033985
12.539875,-0.036018600000033985,-0.03594060000000354,-0.03577522902703694,-0.035698600000014125,-0.036018600000033985
12.559874,-0.036018600000033985,-0.03541260000001785,-0.035786259624946866,-0.0357079240093305,-0.036018600000033985
12.579874,-0.036768599999959406,-0.03563859999999295,-0.03566167854789829,-0.03575184009323429,-0.036018600000033985
12.599874,-0.03412860000003093,-0.035486599999967436,-0.035404679745917086,-0.03537783076920092,-0.03525859999990644
12.619874,-0.03525859999990644,-0.035258599999951915,-0.03505270729233025,-0.03524610582745556,-0.03525859999990644
12.639873,-0.03525859999990644,-0.03450259999995069,-0.03467143161513048,-0.03469960233094853,-0.03487859999995635
12.659873,-0.03487859999995635,-0.03450259999995069,-0.03434023582690069,-0.034360767832122024,-0.03487859999995635
12.679873,-0.032988599999953294,-0.034276599999975586,-0.03413179088429221,-0.03387757435895597,-0.03412860000003093
12.699873,-0.03412860000003093,-0.034050600000000486,-0.03409014881892787,-0.03422498694637336,-0.03412860000003093
12.719872,-0.03412860000003093,-0.0339006000000154,-0.034214808119213326,-0.034082702564111125,-0.03412860000003093
12.739872,-0.03412860000003093,-0.034694600000011636,-0.03445861136734832,-0.034268809790226014,-0.03412860000003093
12.759872,-0.03412860000003093,-0.034694600000011636,-0.03474279133672587,-0.03482936923078637,-0.03412860000003093
12.779872,-0.03695859999993445,-0.03507260000001224,-0.034985232268076503,-0.03530920606062438,-0.03412860000003093
12.799872,-0.03412860000003093,-0.03545060000001286,-0.03513156694522894,-0.035356781818195036,-0.036018600000033985
12.819872,-0.036018600000033985,-0.03545060000001286,-0.03517602450580374,-0.03502873986015608,-0.036018600000033985
12.839871,-0.036018600000033985,-0.03488460000003215,-0.03516208670984051,-0.03510172354314577,-0.03412860000003093
12.859871,-0.03412860000003093,-0.03488460000003215,-0.03516134523003503,-0.03513076783219835,-0.03412860000003093
12.879871,-0.03412860000003093,-0.035262600000032764,-0.035239160244105464,-0.035008879720327,-0.03412860000003093
12.899871,-0.03412860000003093,-0.035262600000032764,-0.03542338447272702,-0.03549685174828339,-0.03412860000003093
12.91987,-0.03790860000003704,-0.03564060000003337,-0.03569206384340615,-0.03561971888114454,-0.036018600000033985
12.93987,-0.036018600000033985,-0.03616860000001907,-0.035985160602940255,-0.036035593007025524,-0.036018600000033985
12.95987,-0.036018600000033985,-0.03654660000001968,-0.0362309044813118,-0.03629971888114441,-0.036018600000033985
12.97987,-0.036768599999959406,-0.03616860000001907,-0.03637113060365962,-0.03649253939395404,-0.036018600000033985
12.99987,-0.036018600000033985,-0.03601659999999356,-0.03637529204234445,-0.036321933333319734,-0.036018600000033985
13.01987,-0.036018600000033985,-0.03620459999997365,-0.03624233293223786,-0.03622225967362795,-0.036018600000033985
13.039869,-0.03525859999990644,-0.03590259999996306,-0.035995490070012286,-0.035984147785518325,-0.036018600000033985
13.059869,-0.03695859999993445,-0.03590259999996306,-0.0356753960666922,-0.03568668857804745,-0.036018600000033985
13.079869,-0.03525859999990644,-0.035146599999961836,-0.035333237012950665,-0.035055359906728,-0.03525859999990644
13.099869,-0.036018600000033985,-0.035146599999961836,-0.035021853182338004,-0.03512890303026989,-0.03525859999990644
13.119869,-0.03223860000002787,-0.03458059999998113,-0.03478317660762349,-0.03493925268061393,-0.03525859999990644
13.139868,-0.03525859999990644,-0.034920599999986736,-0.034635844538833456,-0.034691676923055324,-0.03525859999990644
13.159868,-0.03412860000003093,-0.034390599999960615,-0.03457092283100544,-0.03447356503493602,-0.03412860000003093
13.179868,-0.03695859999993445,-0.03476859999996122,-0.03455984774404086,-0.03457654871791727,-0.03412860000003093
13.199868,-0.03336859999990338,-0.03469259999997121,-0.034569454149747,-0.034468506759877796,-0.03412860000003093
13.219867,-0.03412860000003093,-0.03469259999997121,-0.03457424183735718,-0.034693005594387,-0.03412860000003093
13.239867,-0.03487859999995635,-0.0341265999999905,-0.03456075486191816,-0.034402166433557084,-0.03412860000003093
13.259867,-0.03412860000003093,-0.034504599999991115,-0.03452685436849652,-0.0347368284381946,-0.03412860000003093
13.279867,-0.03412860000003093,-0.034730599999966215,-0.03448124023315168,-0.034412119813493285,-0.03487859999995635
13.299867,-0.03525859999990644,-0.034806599999956236,-0.0344449056775003,-0.03457002191138363,-0.03525859999990644
13.319866,-0.03525859999990644,-0.03442859999995562,-0.03445093666999429,-0.0346179240092729,-0.03525859999990644
13.339866,-0.03525859999990644,-0.03457859999994071,-0.03453663986936715,-0.03433428764564138,-0.03525859999990644
13.359866,-0.03223860000002787,-0.034730599999966215,-0.0347255377835444,-0.034742096503459434,-0.03525859999990644
13.379866,-0.03487859999995635,-0.03454259999998612,-0.0350059100252584,-0.03488093100230594,-0.03487859999995635
13.399866,-0.036018600000033985,-0.03507260000001224,-0.03531999276453125,-0.03517009184149198,-0.03487859999995635
13.419866,-0.03431860000000597,-0.03560059999999794,-0.03557507014130609,-0.03535354172496366,-0.03487859999995635
13.439865,-0.03790860000003704,-0.035828600000013464,-0.035675235238495244,-0.03567097762239153,-0.036018600000033985
13.459865,-0.03487859999995635,-0.03545060000001286,-0.03556022987237626,-0.03622624568764577,-0.03487859999995635
13.479865,-0.036018600000033985,-0.03563859999999295,-0.03523357690140239,-0.035437947319359675,-0.03525859999990644
13.499865,-0.03412860000003093,-0.03488259999999173,-0.03476719461029222,-0.034575173426575664,-0.03487859999995635
13.519864,-0.03525859999990644,-0.03397660000000542,-0.03427983290790098,-0.03382787738926045,-0.03412860000003093
13.539864,-0.03412860000003093,-0.0334465999999793,-0.03389682984253644,-0.033733658275029055,-0.03412860000003093
13.559864,-0.030348600000024817,-0.0336725999999544,-0.03370615312120155,-0.03388384475521637,-0.03412860000003093
13.579864,-0.03336859999990338,-0.03420259999998052,-0.03372952535045678,-0.03376053473190762,-0.03412860000003093
13.599864,-0.03525859999990644,-0.03382459999997991,-0.03392357188279,-0.033860301631683395,-0.03336859999990338
13.619864,-0.03790860000003704,-0.03458059999998113,-0.03421040233951425,-0.03429153706292453,-0.03412860000003093
13.639863,-0.03223860000002787,-0.03488259999999173,-0.03451784507611107,-0.034829602330987613,-0.03487859999995635
13.659863,-0.03412860000003093,-0.03518460000000232,-0.034804559341469726,-0.03521225967364822,-0.03487859999995635
13.679863,-0.03487859999995635,-0.0344286000000011,-0.03506012612477434,-0.034851397202807485,-0.03412860000003093
13.699863,-0.036768599999959406,-0.03495659999998679,-0.035288897591119486,-0.03475013846154469,-0.03487859999995635
13.719862,-0.03412860000003093,-0.03533459999998741,-0.03549212734583755,-0.035209765501143915,-0.03487859999995635
13.739862,-0.03487859999995635,-0.03575059999998302,-0.03565774754314023,-0.03605983543120728,-0.036018600000033985
13.759862,-0.036018600000033985,-0.035788599999978035,-0.03576159974323873,-0.03580475384612733,-0.036018600000033985
13.779862,-0.03695859999993445,-0.035788599999978035,-0.035779580099504896,-0.03557109417248572,-0.036018600000033985
13.799862,-0.03695859999993445,-0.03563859999999295,-0.03570381125465506,-0.035837038228428264,-0.036018600000033985
13.819861,-0.03412860000003093,-0.03563859999999295,-0.03555153410059865,-0.03572398461537281,-0.036018600000033985
13.839861,-0.03412860000003093,-0.03560059999999794,-0.03535993178995895,-0.03549123403263481,-0.036018600000033985
13.859861,-0.036018600000033985,-0.03465660000001662,-0.035170918591241204,-0.03511850675991206,-0.03412860000003093
13.879861,-0.036768599999959406,-0.035034600000017235,-0.035015868126309274,-0.034580627972056716,-0.036018600000033985
13.899861,-0.03223860000002787,-0.035034600000017235,-0.03490666375317955,-0.034745383216807285,-0.036018600000033985
13.91986,-0.036018600000033985,-0.03465660000001662,-0.034833905051534254,-0.03494503356645654,-0.03412860000003093
13.93986,-0.03412860000003093,-0.03465660000001662,-0.034772363900214695,-0.03511202657343657,-0.03412860000003093
13.95986,-0.03412860000003093,-0.035034600000017235,-0.03469423079085903,-0.034728693240095844,-0.03412860000003093
13.97986,-0.036768599999959406,-0.03488259999999173,-0.03458694343307126,-0.034502026573439114,-0.03412860000003093
13.99986,-0.03412860000003093,-0.034504599999991115,-0.03446659716653817,-0.0347847538461437,-0.03412860000003093
14.01986,-0.03525859999990644,-0.034504599999991115,-0.034376574235591394,-0.034216268997648805,-0.03412860000003093
14.039859,-0.03223860000002787,-0.03420259999998052,-0.03436793221197218,-0.03429132727270573,-0.03412860000003093
14.059859,-0.03412860000003093,-0.03420259999998052,-0.03447029287252865,-0.03435559300698835,-0.03412860000003093
14.079859,-0.03525859999990644,-0.03435460000000603,-0.034670213523279585,-0.03441200326340565,-0.03412860000003093
14.099859,-0.03412860000003093,-0.03511060000000725,-0.034910773841682174,-0.034985406526797005,-0.03525859999990644
14.119859,-0.036018600000033985,-0.03533659999998236,-0.035113657954154075,-0.035133774825176024,-0.03525859999990644
14.139858,-0.036018600000033985,-0.035260599999992336,-0.03521260235302779,-0.03536428764566919,-0.03525859999990644
14.159858,-0.03525859999990644,-0.035260599999992336,-0.03518176475467994,-0.035482819114200856,-0.03525859999990644
14.179858,-0.03487859999995635,-0.03503259999997681,-0.03504581991294456,-0.03508846013986126,-0.03487859999995635
14.199858,-0.03412860000003093,-0.03503259999997681,-0.034868074974788464,-0.034971397202776935,-0.03487859999995635
14.219857,-0.03487859999995635,-0.0344286000000011,-0.03472325995680886,-0.03442515011652779,-0.03487859999995635
14.239857,-0.036018600000033985,-0.034504599999991115,-0.03466695437103849,-0.03423936923076121,-0.03487859999995635
14.259857,-0.03223860000002787,-0.034504599999991115,-0.03471272911134312,-0.034555662937071505,-0.03487859999995635
14.279857,-0.03525859999990644,-0.03473260000000664,-0.034825046954082735,-0.0349014205128158,-0.03525859999990644
14.299857,-0.03412860000003093,-0.03488259999999173,-0.034932894487337496,-0.03519083776223481,-0.03525859999990644
14.319857,-0.036018600000033985,-0.03541059999997742,-0.03496285209338961,-0.03510692167831064,-0.03525859999990644
14.339856,-0.036768599999959406,-0.03518460000000232,-0.034879484087735405,-0.03503291235428836,-0.03487859999995635
14.359856,-0.03487859999995635,-0.03503259999997681,-0.034712228742616445,-0.03507034825173787,-0.03487859999995635
14.379856,-0.03412860000003093,-0.0346545999999762,-0.034550775051962974,-0.03435678181816939,-0.03412860000003093
14.399856,-0.03336859999990338,-0.0341265999999905,-0.03450687513318203,-0.03443857668994908,-0.03412860000003093
14.419856,-0.03412860000003093,-0.03420259999998052,-0.03466013044378237,-0.0343251034964889,-0.03412860000003093
14.439855,-0.03412860000003093,-0.03495859999998174,-0.035015270732644536,-0.03464552307692101,-0.03412860000003093
14.459855,-0.03525859999990644,-0.035488600000007864,-0.035492773494381354,-0.03561589603728418,-0.03525859999990644
14.479855,-0.03790860000003704,-0.03605459999998857,-0.03595765178984655,-0.03607501025639042,-0.036018600000033985
14.499855,-0.036018600000033985,-0.03662059999996927,-0.03627255387451476,-0.03646048811188775,-0.03695859999993445
14.519854,-0.03695859999993445,-0.03639459999999417,-0.03635053211926737,-0.03658132727270591,-0.03695859999993445
14.539854,-0.03695859999993445,-0.03601659999999356,-0.03618499073004435,-0.03640510349648185,-0.036018600000033985
14.559854,-0.03412860000003093,-0.03586459999996805,-0.03584680767088579,-0.035709439160826986,-0.036018600000033985
14.579854,-0.036018600000033985,-0.03529859999998734,-0.03545351166295759,-0.03518654871793646,-0.03525859999990644
14.599854,-0.03525859999990644,-0.03473260000000664,-0.03512534256900694,-0.03491132727272776,-0.03412860000003093
14.619853,-0.03412860000003093,-0.03511060000000725,-0.03494505077255133,-0.03491223636364038,-0.03525859999990644
14.639853,-0.03412860000003093,-0.03488259999999173,-0.03493431989657808,-0.034791723543129725,-0.03487859999995635
14.659853,-0.036018600000033985,-0.03518659999999727,-0.03505332814012732,-0.03530869324008,-0.03487859999995635
14.679853,-0.03487859999995635,-0.03518659999999727,-0.035222355625727716,-0.03516990536128954,-0.03487859999995635
14.699853,-0.03677859999993416,-0.03575259999997797,-0.0353561141423388,-0.03568780745919954,-0.036018600000033985
14.719852,-0.03412860000003093,-0.035374599999977364,-0.035396376768070476,-0.03551167692305842,-0.03487859999995635
14.739852,-0.03695859999993445,-0.03560259999999289,-0.03533013515632165,-0.03540829696968507,-0.036018600000033985
14.759852,-0.03412860000003093,-0.034694600000011636,-0.035187613454030084,-0.03491298228438283,-0.03412860000003093
14.779852,-0.036018600000033985,-0.03507260000001224,-0.03502281750232422,-0.034942096503516824,-0.036018600000033985
14.799852,-0.03223860000002787,-0.03450660000003154,-0.03488613859579962,-0.03457976550119537,-0.03412860000003093
14.819851,-0.036018600000033985,-0.03488460000003215,-0.03480221497598384,-0.034857620979051054,-0.036018600000033985
14.839851,-0.03412860000003093,-0.03450660000003154,-0.034764183370755236,-0.03455636223780243,-0.03412860000003093
14.859851,-0.036018600000033985,-0.035262600000032764,-0.034746665377623796,-0.03517272587415858,-0.036018600000033985
14.879851,-0.03412860000003093,-0.03488460000003215,-0.034728956369093775,-0.03495559300703173,-0.03412860000003093
14.899851,-0.036018600000033985,-0.035262600000032764,-0.03471422567188674,-0.03492643216787137,-0.036018600000033985
14.91985,-0.03412860000003093,-0.03450660000003154,-0.034733102230603864,-0.034573914685336535,-0.03412860000003093
14.93985,-0.036018600000033985,-0.03465660000001662,-0.03482829008664199,-0.03470396130537918,-0.03487859999995635
14.95985,-0.03223860000002787,-0.03480859999999666,-0.035026962897726735,-0.034726851748259,-0.03487859999995635
14.97985,-0.03487859999995635,-0.03518659999999727,-0.03531590599242273,-0.03534885641024777,-0.036018600000033985
14.99985,-0.03677859999993416,-0.03533859999997731,-0.03563557788045804,-0.03564281911419069,-0.036018600000033985
15.01985,-0.036018600000033985,-0.03628259999995862,-0.03589973898346831,-0.03590237622373379,-0.03677859999993416
15.039849,-0.03677859999993416,-0.03628259999995862,-0.0360315925791213,-0.03602428764564854,-0.03677859999993416
15.059849,-0.03695859999993445,-0.035790599999972986,-0.035997111074594905,-0.036054497435858375,-0.036018600000033985
15.079849,-0.03487859999995635,-0.035790599999972986,-0.035818790982948136,-0.03604412447550471,-0.036018600000033985
15.099849,-0.03431860000000597,-0.03541059999997742,-0.03556537253595825,-0.03571358834496993,-0.03487859999995635
15.119848,-0.036018600000033985,-0.03560059999999794,-0.03532584274235432,-0.035487737529120635,-0.03487859999995635
15.139848,-0.03487859999995635,-0.03522259999999733,-0.03518086696864089,-0.0347785300699367,-0.03487859999995635
15.159848,-0.03790860000003704,-0.03518460000000232,-0.035179940482087335,-0.03473568624708816,-0.03487859999995635
15.179848,-0.032988599999953294,-0.034844599999996714,-0.03532546004571423,-0.03530466060605702,-0.03431860000000597
15.199847,-0.03412860000003093,-0.03560259999999289,-0.03556493200572618,-0.03596734125873356,-0.03431860000000597
15.219847,-0.03431860000000597,-0.03560259999999289,-0.03579881511519024,-0.03581682843823186,-0.03431860000000597
15.239847,-0.038668599999937214,-0.03620860000000903,-0.03591179393992972,-0.03587333193473634,-0.036018600000033985
15.259847,-0.03790860000003704,-0.035830600000008414,-0.03582128075540827,-0.0356352200466177,-0.036018600000033985
15.279847,-0.036018600000033985,-0.03594459999999344,-0.03551890223583112,-0.035762702564101134,-0.036018600000033985
15.299847,-0.03223860000002787,-0.035036600000012186,-0.03507899163562823,-0.03551549976690394,-0.0348885999999311
15.319846,-0.0348885999999311,-0.034280600000010965,-0.034628271267463595,-0.03460584941726802,-0.03412860000003093
15.339846,-0.03412860000003093,-0.03413060000002588,-0.0342952069710367,-0.033672376223815866,-0.03412860000003093
15.359846,-0.03412860000003093,-0.03413060000002588,-0.0341652975789495,-0.03388433426576984,-0.03412860000003093
15.379846,-0.03526860000010856,-0.03435660000004646,-0.03425847592711371,-0.03430785407927826,-0.03412860000003093
15.399846,-0.03223860000002787,-0.0348866000000271,-0.03453088964383156,-0.03495249277390487,-0.03526860000010856
15.419846,-0.036018600000033985,-0.035038600000007136,-0.03489568799736775,-0.03512908951050837,-0.03526860000010856
15.439845,-0.03677859999993416,-0.03518859999999222,-0.03525446679420929,-0.03520871655013259,-0.036018600000033985
15.459845,-0.0348885999999311,-0.03579460000000836,-0.035528272681595,-0.03545256270396042,-0.036018600000033985
15.479845,-0.036018600000033985,-0.03541660000000775,-0.03567642102317156,-0.03557752773891841,-0.03526860000010856
15.499845,-0.03526860000010856,-0.03541660000000775,-0.03569732048600419,-0.035830744522168986,-0.03526860000010856
15.519845,-0.03412860000003093,-0.03549260000004324,-0.035615718077701634,-0.03530724801868136,-0.03526860000010856
15.539844,-0.03677859999993416,-0.03534260000005816,-0.03546714614477896,-0.035531910023357566,-0.03526860000010856
15.559844,-0.03526860000010856,-0.035266600000022665,-0.03528815679922034,-0.03531783076927449,-0.03526860000010856
15.579844,-0.03526860000010856,-0.03564460000002327,-0.03511322702249333,-0.035114683916121124,-0.03526860000010856
15.599844,-0.0348885999999311,-0.034736600000042014,-0.034973246621678784,-0.03508107086249912,-0.03526860000010856
15.619843,-0.036018600000033985,-0.0348866000000271,-0.034890789742237506,-0.0348945906760085,-0.03526860000010856
15.639843,-0.03223860000002787,-0.03481059999999161,-0.034872347716589716,-0.03469340186481725,-0.0348885999999311
15.659843,-0.036018600000033985,-0.03481059999999161,-0.034902801730723895,-0.034941653613032655,-0.0348885999999311
15.679843,-0.0348885999999311,-0.03481059999999161,-0.034948595339689935,-0.03490156037292669,-0.0348885999999311
15.699843,-0.0348885999999311,-0.03534059999997226,-0.03497145832253634,-0.0350373179487035,-0.0348885999999311
15.719842,-0.036018600000033985,-0.034962599999971644,-0.03494693850945024,-0.03511685174824691,-0.0348885999999311
15.739842,-0.0348885999999311,-0.035038600000007136,-0.03487759785041946,-0.03499981212121499,-0.0348885999999311
15.759842,-0.03412860000003093,-0.0348866000000271,-0.034792998333792145,-0.03465377482518267,-0.0348885999999311
15.779842,-0.03526860000010856,-0.03435660000000098,-0.0347357685386639,-0.03479885641026154,-0.03412860000003093
15.799842,-0.03412860000003093,-0.03473460000000159,-0.03474057616834393,-0.03453862331002508,-0.03412860000003093
15.819841,-0.03336859999990338,-0.03488659999998163,-0.03481661681133054,-0.0346126792540504,-0.0348885999999311
15.839841,-0.03677859999993416,-0.0346585999999661,-0.034942533142268396,-0.03496344848483133,-0.03412860000003093
15.859841,-0.0348885999999311,-0.035188599999946744,-0.035076290651321125,-0.03520214312351428,-0.0348885999999311
15.879841,-0.03412860000003093,-0.03556859999998778,-0.03517475082337342,-0.03526237622374212,-0.03526860000010856
15.899841,-0.03677859999993416,-0.03519059999998717,-0.035213302987899146,-0.035495802797171905,-0.0348885999999311
15.91984,-0.03526860000010856,-0.03519059999998717,-0.035196747122842216,-0.03533463729601156,-0.0348885999999311
15.93984,-0.0348885999999311,-0.03534259999996721,-0.03515638699505689,-0.03478591934731156,-0.0348885999999311
15.95984,-0.0348885999999311,-0.03481259999998656,-0.035133604094733505,-0.034993168764556076,-0.0348885999999311
15.97984,-0.0348885999999311,-0.03481259999998656,-0.03515680015423825,-0.035244124475505186,-0.0348885999999311
15.99984,-0.03412860000003093,-0.03522859999998218,-0.03522339510298271,-0.03521675850816008,-0.0348885999999311
16.01984,-0.03526860000010856,-0.03545460000000276,-0.03529739128677401,-0.03517109417248012,-0.03526860000010856
16.039839,-0.0369685999999092,-0.03530260000002272,-0.03532519872296454,-0.03520722470862279,-0.03526860000010856
16.059839,-0.036018600000033985,-0.035150599999997215,-0.03526172503444451,-0.035402655944072596,-0.03526860000010856
16.079839,-0.03412860000003093,-0.03530059999998229,-0.035092386900573036,-0.03525699160840131,-0.036018600000033985
16.099839,-0.03336859999990338,-0.03496060000002217,-0.034840548271336445,-0.03502764428904102,-0.03526860000010856
16.119838,-0.036018600000033985,-0.03435660000000098,-0.03456050713822068,-0.03457111748251406,-0.03412860000003093
16.139838,-0.03526860000010856,-0.03435660000000098,-0.03432268725740271,-0.03395468391611147,-0.03412860000003093
16.159838,-0.03299859999992805,-0.03450860000002649,-0.034195750540499364,-0.03424440419581368,-0.03412860000003093
16.179838,-0.03412860000003093,-0.03413060000002588,-0.03422733527609364,-0.03440128065268891,-0.03412860000003093
16.199837,-0.03412860000003093,-0.03447059999998601,-0.03442744983119655,-0.03434643216784534,-0.03412860000003093
16.219837,-0.03412860000003093,-0.034696600000006586,-0.034761889403978535,-0.03470724801864647,-0.03412860000003093
16.239837,-0.0369685999999092,-0.03507460000000719,-0.035160571641749884,-0.03506771421912055,-0.03412860000003093
16.259837,-0.03412860000003093,-0.035830600000008414,-0.03553839658068186,-0.03581314545456083,-0.036018600000033985
16.279837,-0.036018600000033985,-0.035830600000008414,-0.03582041480649252,-0.035830814452217544,-0.036018600000033985
16.299837,-0.03790860000003704,-0.03579260000001341,-0.03596219896131462,-0.03580170023311535,-0.036018600000033985
16.319836,-0.03412860000003093,-0.03579260000001341,-0.03595893292768574,-0.036004613986022956,-0.036018600000033985
16.339836,-0.03677859999993416,-0.03579260000001341,-0.03584098582445728,-0.03583713146854193,-0.036018600000033985
16.359836,-0.03412860000003093,-0.03560459999998784,-0.03565919184571588,-0.035837900699302865,-0.036018600000033985
16.379836,-0.036018600000033985,-0.03560459999998784,-0.03546725133024243,-0.03528104755243733,-0.036018600000033985
16.399836,-0.0369685999999092,-0.03507460000000719,-0.03530775855793667,-0.03500144382282932,-0.03412860000003093
16.419836,-0.03412860000003093,-0.03522659999998723,-0.03520336120614032,-0.03539999860138857,-0.0348885999999311
16.439835,-0.03412860000003093,-0.03522659999998723,-0.03515177908670162,-0.03520349510489624,-0.0348885999999311
16.459835,-0.0348885999999311,-0.035036600000012186,-0.03512600970567965,-0.035291257342656326,-0.0348885999999311
16.479835,-0.036018600000033985,-0.035036600000012186,-0.0350835511389931,-0.034876781818200094,-0.0348885999999311
16.499835,-0.036018600000033985,-0.035036600000012186,-0.034984307914521486,-0.03479062797205229,-0.0348885999999311
16.519834,-0.03412860000003093,-0.03488460000003215,-0.03480915046168083,-0.03495855337996501,-0.03412860000003093
16.539834,-0.03412860000003093,-0.03465860000001157,-0.034569268348953866,-0.03501804055946312,-0.03412860000003093
16.559834,-0.03412860000003093,-0.034280600000010965,-0.03430288461377762,-0.03438377482519283,-0.03412860000003093
16.579834,-0.0348885999999311,-0.034280600000010965,-0.034063083305904074,-0.0336351967366041,-0.03412860000003093
16.599834,-0.03412860000003093,-0.03367659999998977,-0.03390184576053193,-0.033593005594391226,-0.03412860000003093
16.619833,-0.03412860000003093,-0.03367659999998977,-0.0338532407205635,-0.03405004522143978,-0.03412860000003093
16.639833,-0.03110859999992499,-0.03405459999999039,-0.03391936520812596,-0.034163238694638436,-0.03412860000003093
16.659833,-0.03412860000003093,-0.034282600000005915,-0.034066268100717674,-0.0340598354312323,-0.03412860000003093
16.679833,-0.03677859999993416,-0.03405659999998534,-0.03423619092058348,-0.03394971888110439,-0.03412860000003093
16.699833,-0.03526860000010856,-0.034508599999981016,-0.03437237712397451,-0.03450694498831172,-0.03412860000003093
16.719832,-0.03299859999992805,-0.03466059999996105,-0.034441750785064035,-0.03454410116547585,-0.0348885999999311
16.739832,-0.03336859999990338,-0.034508599999981016,-0.034442276174946884,-0.03473314545451986,-0.0348885999999311
16.759832,-0.0348885999999311,-0.03390259999996488,-0.03439508586275156,-0.03427225967362426,-0.03336859999990338
16.779832,-0.036018600000033985,-0.03428059999996549,-0.03433132854528123,-0.0338105347319107,-0.0348885999999311
16.799832,-0.03223860000002787,-0.034432599999991,-0.03428159971348219,-0.03422393799531116,-0.0348885999999311
16.819831,-0.0348885999999311,-0.034280600000010965,-0.03426944275171556,-0.03452657202798408,-0.03412860000003093
16.839831,-0.03412860000003093,-0.03431860000000597,-0.034308641653706666,-0.03459748111889541,-0.03412860000003093
16.859831,-0.03412860000003093,-0.034696600000006586,-0.03440480241740622,-0.03435948578089409,-0.03412860000003093
16.879831,-0.03620860000000903,-0.034696600000006586,-0.034559774063268045,-0.0344430988344985,-0.03412860000003093
16.899831,-0.03412860000003093,-0.034696600000006586,-0.03477420305427862,-0.03477552307692829,-0.03412860000003093
16.91983,-0.0348885999999311,-0.03507460000000719,-0.03504404125010839,-0.035070394871819344,-0.0348885999999311
16.939831,-0.03412860000003093,-0.035036600000012186,-0.035352424250996314,-0.03540983543124403,-0.0348885999999311
16.95983,-0.036018600000033985,-0.03579260000001341,-0.035664284518577616,-0.035686548717948754,-0.036018600000033985
16.97983,-0.036018600000033985,-0.03579260000001341,-0.03593088200045502,-0.03571570955712024,-0.036018600000033985
16.99983,-0.03790860000003704,-0.03617060000001402,-0.03610406047513668,-0.03605356503498504,-0.036018600000033985
17.01983,-0.0348885999999311,-0.036020600000028935,-0.03615207946151354,-0.03618361165505419,-0.036018600000033985
17.039829,-0.036018600000033985,-0.036020600000028935,-0.03606808663065848,-0.03624797062939802,-0.036018600000033985
17.059829,-0.03526860000010856,-0.03564260000002832,-0.03586906667255017,-0.03578249277390922,-0.036018600000033985
17.079829,-0.036018600000033985,-0.03564260000002832,-0.03558989633370269,-0.035657597669029456,-0.036018600000033985
17.099829,-0.036018600000033985,-0.035264600000027714,-0.03527729237095932,-0.03505013846156691,-0.03526860000010856
17.119828,-0.0348885999999311,-0.035264600000027714,-0.034983666104041376,-0.03516023170166151,-0.03526860000010856
17.139828,-0.03412860000003093,-0.03466060000000652,-0.03475813010484194,-0.03471727132868369,-0.0348885999999311
17.159828,-0.03526860000010856,-0.03466060000000652,-0.03463452909703975,-0.034747551048956396,-0.0348885999999311
17.179828,-0.03299859999992805,-0.03450860000002649,-0.03462107849485981,-0.034544637296046135,-0.03412860000003093
17.199828,-0.036018600000033985,-0.0348866000000271,-0.03469779034367561,-0.03444566293709482,-0.03526860000010856
17.219827,-0.03412860000003093,-0.03465860000001157,-0.03482465446405808,-0.034754054545492234,-0.03412860000003093
17.239827,-0.036018600000033985,-0.03511260000004768,-0.03495788350860279,-0.03548093100236574,-0.03526860000010856
17.259827,-0.03412860000003093,-0.035264600000027714,-0.035067345658121335,-0.0350358727272932,-0.03526860000010856
17.279827,-0.03526860000010856,-0.03564260000002832,-0.035148004606375335,-0.035237387878814745,-0.036018600000033985
17.299827,-0.03677859999993416,-0.03466060000000652,-0.035220657701157836,-0.035152842424246364,-0.03526860000010856
17.319826,-0.036018600000033985,-0.03541660000000775,-0.035320229205350925,-0.03525866993008758,-0.036018600000033985
17.339826,-0.03110859999992499,-0.03556659999999283,-0.03547419114940178,-0.035318716550125175,-0.036018600000033985
17.359826,-0.03790860000003704,-0.035264600000027714,-0.035680569630901854,-0.03548832027972418,-0.036018600000033985
17.379826,-0.036018600000033985,-0.03545460000000276,-0.035898985781101185,-0.03604062797203188,-0.036018600000033985
17.399826,-0.03526860000010856,-0.036436600000024556,-0.03606211016164961,-0.03599501025644188,-0.036018600000033985
17.419825,-0.0369685999999092,-0.036436600000024556,-0.03610246237034073,-0.0360522596736782,-0.036018600000033985
17.439825,-0.036018600000033985,-0.035680600000023335,-0.03598142220629477,-0.03634046480188498,-0.036018600000033985
17.459825,-0.03790860000003704,-0.03560459999998784,-0.0357073640864866,-0.03552503356643805,-0.036018600000033985
17.479825,-0.03223860000002787,-0.0354146000000128,-0.035335213927765875,-0.035231420512822166,-0.036018600000033985
17.499825,-0.0348885999999311,-0.035036600000012186,-0.034948657547191266,-0.035186478787890024,-0.0348885999999311
17.519824,-0.036018600000033985,-0.034280600000010965,-0.034634868239175914,-0.034724683916104594,-0.03412860000003093
17.539824,-0.03412860000003093,-0.035036600000012186,-0.034462842998081514,-0.03421864662005117,-0.0348885999999311
17.559824,-0.03412860000003093,-0.03465860000001157,-0.03446973480183423,-0.034262702564107184,-0.03412860000003093
17.579824,-0.036018600000033985,-0.034280600000010965,-0.03465359935235422,-0.034872795804214596,-0.03412860000003093
17.599824,-0.03299859999992805,-0.035036600000012186,-0.03497161038754036,-0.03493892634034407,-0.03412860000003093
17.619823,-0.03412860000003093,-0.0354146000000128,-0.035346767022310474,-0.03540829696969991,-0.036018600000033985
17.639823,-0.03790860000003704,-0.03556659999999283,-0.03568689204804567,-0.03581936923076412,-0.036018600000033985
17.659823,-0.036018600000033985,-0.03617060000001402,-0.03591368016267034,-0.03587277249417777,-0.036018600000033985
17.679823,-0.03677859999993416,-0.03617060000001402,-0.035990002930432426,-0.035842143123561605,-0.036018600000033985
17.699823,-0.036018600000033985,-0.03564260000002832,-0.035930341444402464,-0.03617915944060315,-0.036018600000033985
17.719822,-0.03412860000003093,-0.03564260000002832,-0.035787868656413584,-0.035871257342696125,-0.036018600000033985
17.739822,-0.03526860000010856,-0.03549060000004829,-0.03562614239254469,-0.035272679254105,-0.036018600000033985
17.759822,-0.036018600000033985,-0.035264600000027714,-0.03549178210584591,-0.03538088438231201,-0.03526860000010856
17.779822,-0.036018600000033985,-0.03541660000000775,-0.03540099116762665,-0.035276572027981054,-0.03526860000010856
17.799822,-0.0348885999999311,-0.03556659999999283,-0.03534199775578009,-0.035409532400932225,-0.036018600000033985
17.819822,-0.0348885999999311,-0.03534059999997226,-0.03528725215632151,-0.03564494032631768,-0.0348885999999311
17.839821,-0.036018600000033985,-0.03519059999998717,-0.03520815023578273,-0.03532396130533549,-0.0348885999999311
17.859821,-0.0348885999999311,-0.03519059999998717,-0.035087446599287635,-0.03491044149182619,-0.0348885999999311
17.879821,-0.03526860000010856,-0.03488860000002205,-0.03492603641820643,-0.03474151375293169,-0.0348885999999311
17.899821,-0.0348885999999311,-0.034510600000021444,-0.03474209655336703,-0.03469997529142019,-0.0348885999999311
17.919821,-0.03337860000010551,-0.034586600000056936,-0.03456375958116562,-0.034636245687683476,-0.0348885999999311
17.93982,-0.03412860000003093,-0.034510600000021444,-0.03442032129234401,-0.03466025501167935,-0.0348885999999311
17.95982,-0.03526860000010856,-0.034510600000021444,-0.03433766682454168,-0.034132982284413374,-0.0348885999999311
17.97982,-0.0348885999999311,-0.03466060000000652,-0.03433905593965759,-0.03430738787878409,-0.0348885999999311
17.99982,-0.0348885999999311,-0.034282600000005915,-0.03444602567723339,-0.0345658960373005,-0.0348885999999311
18.019819,-0.03412860000003093,-0.034962599999971644,-0.03467297233587065,-0.03500055804194101,-0.0348885999999311
18.039819,-0.03223860000002787,-0.035038600000007136,-0.03501558270399488,-0.03493347179487308,-0.0348885999999311
18.059819,-0.038668599999937214,-0.035264600000027714,-0.035441191451360626,-0.035183728205154335,-0.03526860000010856
18.079819,-0.03526860000010856,-0.03549260000004324,-0.03588929812497199,-0.03580727132871054,-0.03526860000010856
18.099818,-0.036018600000033985,-0.03662660000004507,-0.03628288055072616,-0.036124567366022764,-0.036018600000033985
18.119818,-0.03526860000010856,-0.03628660000003947,-0.03654527929040974,-0.03662228298371404,-0.036018600000033985
18.139818,-0.03790860000003704,-0.03628660000003947,-0.03661844309948033,-0.0368494624708966,-0.036018600000033985
18.159818,-0.0369685999999092,-0.036476600000014514,-0.036480298134690364,-0.03627897296040528,-0.0369685999999092
18.179818,-0.03526860000010856,-0.036476600000014514,-0.036156767250528854,-0.03641193333333896,-0.0369685999999092
18.199818,-0.0369685999999092,-0.0357586000000083,-0.03572167480730842,-0.035666455477879735,-0.03526860000010856
18.219817,-0.03526860000010856,-0.03519060000003264,-0.035280520094114226,-0.03533156037298639,-0.03526860000010856
18.239817,-0.03431860000000597,-0.034812600000032036,-0.03494061273389083,-0.034652049883484345,-0.03431860000000597
18.259817,-0.03412860000003093,-0.03477460000003703,-0.03477685723816482,-0.03474328531470355,-0.03431860000000597
18.279817,-0.03337860000010551,-0.03469860000000154,-0.03480689208223383,-0.034925569696961256,-0.03431860000000597
18.299817,-0.03677859999993416,-0.03519059999998717,-0.0349876367307341,-0.03505246946387877,-0.0348885999999311
18.319816,-0.0348885999999311,-0.0354186000000027,-0.035235582507865605,-0.03517368158508962,-0.03526860000010856
18.339816,-0.03677859999993416,-0.03579660000000331,-0.03546039882356125,-0.035626688578099294,-0.03526860000010856
18.359816,-0.03526860000010856,-0.035266600000022665,-0.035594997633633836,-0.03571300559442045,-0.03526860000010856
18.379816,-0.03526860000010856,-0.035682600000018286,-0.03560976677179915,-0.03552515011655642,-0.03526860000010856
18.399816,-0.03412860000003093,-0.035152600000037636,-0.03550995921791252,-0.03521044149187067,-0.03526860000010856
18.419815,-0.0369685999999092,-0.035076600000002144,-0.035324377983072745,-0.0355005114219264,-0.0348885999999311
18.439815,-0.03412860000003093,-0.03522659999998723,-0.035094559626052256,-0.03493480046619787,-0.0348885999999311
18.459815,-0.0348885999999311,-0.035378599999967265,-0.03486803697382375,-0.034945849417227406,-0.0348885999999311
18.479815,-0.036018600000033985,-0.034432599999991,-0.03469327130093238,-0.03492076783213653,-0.0348885999999311
18.499815,-0.0348885999999311,-0.03481259999998656,-0.034611888320669616,-0.034692189743569496,-0.0348885999999311
18.519814,-0.03223860000002787,-0.03481259999998656,-0.03464643523056888,-0.03446738787877181,-0.0348885999999311
18.539814,-0.03602860000000874,-0.03443459999998595,-0.03478758250959963,-0.03461400792540593,-0.0348885999999311
18.559814,-0.0348885999999311,-0.03466260000000147,-0.034989235085028755,-0.03489023170163722,-0.0348885999999311
18.579814,-0.03412860000003093,-0.035268600000017615,-0.03517829516911532,-0.03502939254080181,-0.03526860000010856
18.599813,-0.03602860000000874,-0.03545659999999771,-0.035278649645370495,-0.035527224708643265,-0.03526860000010856
18.619813,-0.03526860000010856,-0.03530460000001767,-0.03524167569200765,-0.03571869324009798,-0.03526860000010856
18.639813,-0.0369685999999092,-0.03545659999999771,-0.03507094969997098,-0.034863355244751766,-0.03526860000010856
18.659813,-0.03412860000003093,-0.034850599999981566,-0.03482808442521786,-0.03481023170160229,-0.0348885999999311
18.679813,-0.0348885999999311,-0.03439659999994547,-0.03461254959104882,-0.034728763170124785,-0.03412860000003093
18.699813,-0.03299859999992805,-0.03435859999995046,-0.03452103875845664,-0.034377131468484624,-0.03412860000003093
18.719812,-0.03299859999992805,-0.03458659999996598,-0.034604568572008755,-0.03441967226102136,-0.0348885999999311
18.739812,-0.03677859999993416,-0.03458659999996598,-0.03484459280331193,-0.03463139720277621,-0.0348885999999311
18.759812,-0.03526860000010856,-0.03519259999998212,-0.0351594271195284,-0.03517184009320508,-0.03526860000010856
18.779812,-0.0348885999999311,-0.03579859999999826,-0.03543601383861418,-0.03544804055943803,-0.03602860000000874
18.799812,-0.03602860000000874,-0.03542059999999765,-0.03557134725842837,-0.035824986946388325,-0.03526860000010856
18.819811,-0.03602860000000874,-0.03542059999999765,-0.03550779217345748,-0.03585309883450238,-0.03526860000010856
18.839811,-0.0348885999999311,-0.03542059999999765,-0.03525212163414433,-0.03521211981351455,-0.03526860000010856
18.859811,-0.03526860000010856,-0.03504060000000209,-0.03487372144994498,-0.03471445081584751,-0.0348885999999311
18.879811,-0.0348885999999311,-0.034282600000005915,-0.03448248069135031,-0.03446163030305209,-0.0348885999999311
18.899811,-0.03412860000003093,-0.03398060000004079,-0.03419228217693828,-0.033900931002363355,-0.03412860000003093
18.91981,-0.03223860000002787,-0.03413260000002083,-0.03408139629388311,-0.03404650209793316,-0.03412860000003093
18.93981,-0.03337860000010551,-0.03398060000004079,-0.03416485898587684,-0.034157294638723704,-0.03412860000003093
18.95981,-0.03602860000000874,-0.034510600000021444,-0.034392072316905616,-0.03438654871797403,-0.03412860000003093
18.97981,-0.03412860000003093,-0.03488860000002205,-0.03467221882615333,-0.03481309883452737,-0.03412860000003093
18.99981,-0.03677859999993416,-0.03534260000001268,-0.03491528714899492,-0.03509414778555045,-0.03564860000005865
19.019809,-0.03412860000003093,-0.03511459999999715,-0.035068309657362226,-0.03526955571096019,-0.0348885999999311
19.039809,-0.03564860000005865,-0.03511459999999715,-0.03513058126667279,-0.03521477715618797,-0.0348885999999311
19.059809,-0.0348885999999311,-0.034812600000032036,-0.035143888729252816,-0.034930977622395276,-0.0348885999999311
19.079809,-0.03412860000003093,-0.035192600000027593,-0.035165765000233225,-0.035064660606077304,-0.03526860000010856
19.099809,-0.03526860000010856,-0.03504060000000209,-0.03523990044178982,-0.034990418181838935,-0.0348885999999311
19.119808,-0.03602860000000874,-0.035268600000017615,-0.03537668021477642,-0.035481187412601894,-0.03526860000010856
19.139808,-0.0348885999999311,-0.03564860000001317,-0.03555016695514914,-0.035459042890446504,-0.03602860000000874
19.159808,-0.03602860000000874,-0.03580059999999321,-0.03571000172375785,-0.0356033785547877,-0.03602860000000874
19.179808,-0.03602860000000874,-0.03557259999997768,-0.03580181956045478,-0.035980558041938705,-0.03602860000000874
19.199808,-0.03602860000000874,-0.03580059999999321,-0.03578860874309971,-0.0359487398601081,-0.03602860000000874
19.219808,-0.0348885999999311,-0.035950599999978294,-0.035666409603755174,-0.03574974219113055,-0.03602860000000874
19.239807,-0.03602860000000874,-0.03557059999998273,-0.035469793010760337,-0.03558729463867602,-0.03602860000000874
19.259807,-0.03677859999993416,-0.03519059999998717,-0.035264804784917114,-0.03519034825173117,-0.0348885999999311
19.279807,-0.03412860000003093,-0.03519059999998717,-0.035129171441052195,-0.03487326200465259,-0.0348885999999311
19.299807,-0.03412860000003093,-0.035038600000007136,-0.035123526643323785,-0.03511687505827229,-0.0348885999999311
19.319806,-0.0348885999999311,-0.03488860000002205,-0.03526398099190221,-0.035378903030318695,-0.0348885999999311
19.339806,-0.03526860000010856,-0.03564460000002327,-0.03551014566571202,-0.03543524335667048,-0.03526860000010856
19.359806,-0.03602860000000874,-0.0358726000000388,-0.03577731530073199,-0.03547186340333058,-0.03526860000010856
19.379806,-0.03790860000003704,-0.03594860000007429,-0.035968666619473656,-0.03600165361311458,-0.03526860000010856
19.399806,-0.03526860000010856,-0.03594860000007429,-0.036012266589711295,-0.03636827365974871,-0.03526860000010856
19.419805,-0.03526860000010856,-0.036136600000054385,-0.03588638508366763,-0.03622643216789326,-0.03526860000010856
19.439805,-0.03526860000010856,-0.03568460000005871,-0.035624943449510976,-0.03577249277393288,-0.03526860000010856
19.459805,-0.0369685999999092,-0.03523060000002261,-0.035304741163314966,-0.034961770163220315,-0.03526860000010856
19.479805,-0.03564860000005865,-0.034852600000021994,-0.035019913177507654,-0.03440750442892771,-0.03526860000010856
19.499804,-0.03299859999992805,-0.034624600000006465,-0.03484919583704755,-0.03491748111888197,-0.03412860000003093
19.519804,-0.03337860000010551,-0.034624600000006465,-0.03482529802102191,-0.035060231701626185,-0.03412860000003093
19.539804,-0.03412860000003093,-0.035076600000002144,-0.034921417189335315,-0.03502009184150022,-0.03412860000003093
19.559804,-0.0369685999999092,-0.03530260000002272,-0.03506657838933891,-0.034935243356653954,-0.03412860000003093
19.579804,-0.03790860000003704,-0.03545260000000781,-0.03518451890275356,-0.03534256270396571,-0.03412860000003093
19.599804,-0.03412860000003093,-0.03560459999998784,-0.03523285380589191,-0.03542139720282007,-0.0348885999999311
19.619803,-0.03412860000003093,-0.035264600000027714,-0.03521816804852902,-0.03546260932401559,-0.0348885999999311
19.639803,-0.0348885999999311,-0.03450860000002649,-0.03518090203923717,-0.03507309883451383,-0.03412860000003093
19.659803,-0.03526860000010856,-0.035038600000007136,-0.03516464267641279,-0.03466591934734052,-0.0348885999999311
19.679803,-0.03412860000003093,-0.035076600000002144,-0.03519080292287051,-0.03478535990676573,-0.0348885999999311
19.699803,-0.03677859999993416,-0.03530460000001767,-0.03525124576937114,-0.03559859999999577,-0.03526860000010856
19.719802,-0.03431860000000597,-0.035492599999997765,-0.035318811684970544,-0.03560981212120979,-0.03602860000000874
19.739802,-0.03602860000000874,-0.03587259999999333,-0.035367041818577145,-0.035446758508177766,-0.03602860000000874
19.759802,-0.03620860000000903,-0.035192600000027593,-0.03538754466454063,-0.03538757435899305,-0.03602860000000874
19.779802,-0.03602860000000874,-0.035382600000048114,-0.035395519459315364,-0.03542251608395627,-0.03602860000000874
19.799802,-0.03337860000010551,-0.035382600000048114,-0.03542008313383604,-0.035323937995384316,-0.03602860000000874
19.819801,-0.03526860000010856,-0.03534660000004806,-0.035484970289977665,-0.03543512680658391,-0.03602860000000874
19.839801,-0.03602860000000874,-0.03534660000004806,-0.035591966851586374,-0.03533218974364862,-0.03602860000000874
19.859801,-0.03602860000000874,-0.035724600000048665,-0.03571766989906052,-0.035812259673693184,-0.03602860000000874
19.879801,-0.03602860000000874,-0.036026600000013786,-0.03582455504435593,-0.03595197995339461,-0.03602860000000874
19.899801,-0.03526860000010856,-0.03617659999999887,-0.035878595618200636,-0.03597822703964433,-0.03602860000000874
19.919801,-0.03677859999993416,-0.03564660000001822,-0.035863980006361075,-0.03576156037297401,-0.03602860000000874
19.9398,-0.03677859999993416,-0.03549460000003819,-0.035788841550166955,-0.035664101165520774,-0.03526860000010856
19.9598,-0.03337860000010551,-0.035834599999998315,-0.03568053835925039,-0.03592501025643312,-0.03677859999993416
19.9798,-0.03526860000010856,-0.035684600000013236,-0.03557410372635312,-0.035717924009325386,-0.03602860000000874
19.999799,-0.0369685999999092,-0.03553460000002815,-0.03550102783330873,-0.03532053473193188,-0.03602860000000874
20.019799,-0.03602860000000874,-0.03545859999999266,-0.03548307037979022,-0.0351666885781148,-0.03602860000000874
20.039799,-0.03602860000000874,-0.03545859999999266,-0.03552885612433742,-0.0356238214452341,-0.03602860000000874
20.059799,-0.03299859999992805,-0.03564660000001822,-0.03562888765781297,-0.03598072121210252,-0.03602860000000874
20.079799,-0.03526860000010856,-0.035834599999998315,-0.035751195860864345,-0.03575288904427529,-0.03602860000000874
20.099798,-0.03790860000003704,-0.035492599999997765,-0.035845678493474975,-0.03558249277390642,-0.03526860000010856
20.119798,-0.0369685999999092,-0.03594660000003387,-0.035860044509856026,-0.03576720139862889,-0.03526860000010856
20.139798,-0.03431860000000597,-0.03594660000003387,-0.035758944931276834,-0.035789345920792234,-0.03526860000010856
20.159798,-0.03526860000010856,-0.03541860000004817,-0.0355345817901791,-0.035835033566488546,-0.03526860000010856
20.179798,-0.03526860000010856,-0.03485060000007252,-0.03520552888067007,-0.03510128065273686,-0.03526860000010856
20.199797,-0.03526860000010856,-0.03481260000007751,-0.03480943281704239,-0.03445661864809549,-0.03526860000010856
20.219797,-0.03412860000003093,-0.0344346000000769,-0.03439561110996623,-0.03436006853155063,-0.03412860000003093
20.239797,-0.03412860000003093,-0.03420660000006137,-0.03401886139073109,-0.03443286573433735,-0.03412860000003093
20.259797,-0.03337860000010551,-0.03397860000004584,-0.03373317254612468,-0.03383783076929629,-0.03412860000003093
20.279797,-0.03412860000003093,-0.03382860000006076,-0.03358448065379176,-0.03329426433571414,-0.03412860000003093
20.299797,-0.03412860000003093,-0.03345060000006015,-0.03360239731920239,-0.03371354172499086,-0.03337860000010551
20.319796,-0.03337860000010551,-0.033752600000025265,-0.03379145918782996,-0.03385279580423362,-0.03412860000003093
20.339796,-0.03223860000002787,-0.03450860000002649,-0.03412463386604578,-0.03403228298370807,-0.03412860000003093
20.359796,-0.0348885999999311,-0.034282600000005915,-0.03454464869468289,-0.03457170023308952,-0.03337860000010551
20.379796,-0.03790860000003704,-0.03481259999998656,-0.03497718603424519,-0.03490130396269372,-0.0348885999999311
20.399796,-0.03299859999992805,-0.035720599999967816,-0.035352309894975883,-0.03550200326338692,-0.03602860000000874
20.419795,-0.03602860000000874,-0.03579660000000331,-0.03562384340310846,-0.03574839020977403,-0.03602860000000874
20.439795,-0.03677859999993416,-0.03542059999999765,-0.03577817389881508,-0.03577717808858622,-0.03602860000000874
20.459795,-0.03526860000010856,-0.03564660000001822,-0.035830899319788674,-0.03547337855480268,-0.03602860000000874
20.479795,-0.03602860000000874,-0.03564660000001822,-0.03581468892783388,-0.035663145454550516,-0.03602860000000874
20.499794,-0.03412860000003093,-0.03564660000001822,-0.035764194260876035,-0.03617999860140361,-0.03602860000000874
20.519794,-0.03602860000000874,-0.03598659999997835,-0.035705377486947534,-0.03557878648018881,-0.03602860000000874
20.539794,-0.03677859999993416,-0.035606599999982794,-0.03565438707321681,-0.03544009184148765,-0.03602860000000874
20.559794,-0.0369685999999092,-0.035606599999982794,-0.03562367916584316,-0.03565878648015008,-0.03602860000000874
20.579794,-0.03412860000003093,-0.03579459999996289,-0.03562674647484289,-0.03585477715614678,-0.03677859999993416
20.599794,-0.03412860000003093,-0.03579459999996289,-0.035675376184472446,-0.035886245687611125,-0.03677859999993416
20.619793,-0.0369685999999092,-0.03564259999998285,-0.03577259290597665,-0.03573274918410942,-0.03620860000000903
20.639793,-0.03677859999993416,-0.03579459999996289,-0.03590897832488617,-0.035753378554742365,-0.03620860000000903
20.659793,-0.03620860000000903,-0.03632459999994353,-0.036064698033891535,-0.035884847086215525,-0.03677859999993416
20.679793,-0.0348885999999311,-0.03613659999996344,-0.03621285255410689,-0.03632654871790173,-0.03620860000000903
20.699793,-0.03677859999993416,-0.03598659999997835,-0.036320965607689173,-0.03624405454542186,-0.03602860000000874
20.719792,-0.03602860000000874,-0.03610059999996338,-0.03635341228202813,-0.036247201398574014,-0.03602860000000874
20.739792,-0.03602860000000874,-0.03632859999997891,-0.03627935299276745,-0.036494590675959865,-0.03602860000000874
20.759792,-0.03677859999993416,-0.036366599999973916,-0.03608613671600479,-0.03609890303027376,-0.03602860000000874
20.779792,-0.03602860000000874,-0.03598659999997835,-0.035792003265007505,-0.035776595337980555,-0.03602860000000874
20.799792,-0.0369685999999092,-0.03522859999998218,-0.035449006483438385,-0.03552207319345494,-0.03602860000000874
20.819791,-0.03412860000003093,-0.035078599999997094,-0.035129959694378814,-0.03509771421910629,-0.03602860000000874
20.839791,-0.03223860000002787,-0.035078599999997094,-0.03490224779454198,-0.034765429836839334,-0.03602860000000874
20.859791,-0.03602860000000874,-0.03436060000003636,-0.03480168025543826,-0.03458815710958486,-0.03412860000003093
20.879791,-0.03602860000000874,-0.034740600000031915,-0.03482167646887918,-0.034884427505856686,-0.03602860000000874
20.899791,-0.03337860000010551,-0.035498600000028094,-0.03492316372533044,-0.03518577948722641,-0.03602860000000874
20.919791,-0.03602860000000874,-0.035498600000028094,-0.035057365310085235,-0.035252329603764856,-0.03602860000000874
20.93979,-0.03602860000000874,-0.03511860000003253,-0.035187945071983424,-0.035260837762260015,-0.03602860000000874
20.95979,-0.03602860000000874,-0.03504259999999704,-0.03530149286603005,-0.034946641958046566,-0.03602860000000874
20.97979,-0.03412860000003093,-0.03523059999997713,-0.03540204121970175,-0.03532505687643783,-0.03602860000000874
20.999789,-0.03299859999992805,-0.035380599999962216,-0.035494892271720604,-0.03583041818175762,-0.03602860000000874
21.019789,-0.0369685999999092,-0.0355305999999473,-0.03557340131987418,-0.035419695571038995,-0.03677859999993416
21.039789,-0.03677859999993416,-0.03568259999992733,-0.035620516084450556,-0.035298856410210765,-0.03677859999993416
21.059789,-0.03677859999993416,-0.03575859999996282,-0.03562333450163113,-0.03550188671323992,-0.03677859999993416
21.079789,-0.0348885999999311,-0.03557059999998273,-0.035586658506388445,-0.0359879939393553,-0.03602860000000874
21.099788,-0.03337860000010551,-0.035608599999977744,-0.03553379869816534,-0.03577575617714511,-0.03602860000000874
21.119788,-0.03602860000000874,-0.03545859999999266,-0.03549633588106437,-0.03534608251747558,-0.03602860000000874
21.139788,-0.0369685999999092,-0.03530860000000757,-0.035503220053417175,-0.03550186340326225,-0.03602860000000874
21.159788,-0.03602860000000874,-0.0359885999999733,-0.03557502977482515,-0.03558065128204096,-0.03602860000000874
21.179788,-0.03413860000000568,-0.0359885999999733,-0.03572001433951097,-0.035636152447536616,-0.03602860000000874
21.199788,-0.03677859999993416,-0.03557259999997768,-0.03592734652895288,-0.03600494032630077,-0.03602860000000874
21.219787,-0.03602860000000874,-0.03557259999997768,-0.036159896725142,-0.035938739860108974,-0.03602860000000874
21.239787,-0.0348885999999311,-0.03647859999996399,-0.03635424726928068,-0.036160278321662104,-0.03602860000000874
21.259787,-0.03602860000000874,-0.03632859999997891,-0.03643438611273229,-0.03649426433563488,-0.03602860000000874
21.279787,-0.038668599999937214,-0.03632859999997891,-0.036338894704162884,-0.03656929930067173,-0.03602860000000874
21.299787,-0.03602860000000874,-0.03632859999997891,-0.036052062318577466,-0.03610741118879171,-0.03602860000000874
21.319786,-0.03602860000000874,-0.035950599999978294,-0.035622454073018915,-0.03582720139858128,-0.03602860000000874
21.339786,-0.0348885999999311,-0.03504459999999199,-0.03515542386816581,-0.03518804055943725,-0.0348885999999311
21.359786,-0.03413860000000568,-0.034666599999991374,-0.03477928114162086,-0.03453762097901786,-0.03413860000000568
21.379786,-0.03413860000000568,-0.03428859999999077,-0.03459914216619548,-0.03428412447551476,-0.03413860000000568
21.399786,-0.03413860000000568,-0.034666599999991374,-0.03465877624171989,-0.03485109417247077,-0.03413860000000568
21.419785,-0.03413860000000568,-0.03523259999997208,-0.034926771811730595,-0.03500307552445001,-0.03413860000000568
21.439785,-0.03677859999993416,-0.035610599999972695,-0.035311984721313965,-0.03529957902096388,-0.03602860000000874
21.459785,-0.0369685999999092,-0.035610599999972695,-0.03569949677276937,-0.03564039487177204,-0.03602860000000874
21.479785,-0.03602860000000874,-0.0359885999999733,-0.03598902690582843,-0.03607664195801589,-0.03602860000000874
21.499785,-0.03413860000000568,-0.0359885999999733,-0.03611940340452783,-0.03637957902093436,-0.03602860000000874
21.519784,-0.03602860000000874,-0.035950599999978294,-0.03607462128423541,-0.03602424102560521,-0.03602860000000874
21.539784,-0.03677859999993416,-0.035722599999962766,-0.035878383353460476,-0.03584589603727642,-0.03602860000000874
21.559784,-0.03677859999993416,-0.03557059999998273,-0.035584552862368356,-0.03532957902096605,-0.03602860000000874
21.579784,-0.0348885999999311,-0.03557059999998273,-0.03526372143435348,-0.03520901958041048,-0.03602860000000874
21.599783,-0.03337860000010551,-0.03466459999999642,-0.034983340763743556,-0.03497988205127375,-0.0348885999999311
21.619783,-0.03602860000000874,-0.034514600000011345,-0.03478524300140173,-0.034720558041955216,-0.0348885999999311
21.639783,-0.032248600000002625,-0.034514600000011345,-0.03467163994504219,-0.03465342517482436,-0.0348885999999311
21.659783,-0.03602860000000874,-0.03504459999999199,-0.03460950462046688,-0.034615756177165134,-0.03602860000000874
21.679783,-0.0348885999999311,-0.034666599999991374,-0.03455339044979124,-0.034925965967376134,-0.0348885999999311
21.699783,-0.03602860000000874,-0.03489260000001195,-0.034474991340250324,-0.034570627972027375,-0.0348885999999311
21.719782,-0.03413860000000568,-0.034514600000011345,-0.03438207095840811,-0.03400468391609707,-0.03413860000000568
21.739782,-0.03337860000010551,-0.033986600000025645,-0.03431493436065834,-0.034593028904440125,-0.03413860000000568
21.759782,-0.03413860000000568,-0.033986600000025645,-0.0343230178751427,-0.034283495104927786,-0.03413860000000568
21.779782,-0.032248600000002625,-0.034742600000026866,-0.03443729155223199,-0.03442197995340909,-0.03413860000000568
21.799782,-0.03602860000000874,-0.034742600000026866,-0.03465597465187365,-0.034325406526833566,-0.03413860000000568
21.819781,-0.03791860000001179,-0.03489260000001195,-0.03494997917446964,-0.035045126806545646,-0.0348885999999311
21.839781,-0.03337860000010551,-0.03549660000003314,-0.03527938050553335,-0.035317784149207845,-0.03526860000010856
21.859781,-0.0348885999999311,-0.03587460000003375,-0.03560648958521258,-0.03593197995342284,-0.03526860000010856
21.879781,-0.03526860000010856,-0.03534460000005311,-0.03589945713651496,-0.0360716303030842,-0.03526860000010856
21.899781,-0.03791860000001179,-0.036252600000034364,-0.036131666172511435,-0.03577051142196236,-0.03526860000010856
21.91978,-0.03526860000010856,-0.03610260000004928,-0.03628332958724677,-0.036010161771584295,-0.03526860000010856
21.93978,-0.03791860000001179,-0.0364046000000144,-0.03634467602065086,-0.0365717002331037,-0.03677859999993416
21.95978,-0.03413860000000568,-0.03617659999999887,-0.03631633167897428,-0.03633149044290995,-0.03677859999993416
21.97978,-0.03677859999993416,-0.03617659999999887,-0.036205961059973334,-0.036248856410263534,-0.03677859999993416
21.999779,-0.03677859999993416,-0.03564660000001822,-0.036024729893946034,-0.03573566293707889,-0.03526860000010856
22.019779,-0.03526860000010856,-0.036024600000018836,-0.03578680738377605,-0.03592771421911965,-0.03602860000000874
22.039779,-0.03526860000010856,-0.03549660000003314,-0.035511365589556344,-0.03552044149187241,-0.03526860000010856
22.059779,-0.03602860000000874,-0.03534660000004806,-0.035224352386352034,-0.035327294638739376,-0.03526860000010856
22.079779,-0.03413860000000568,-0.034968600000047444,-0.034957964918046966,-0.034927644289098975,-0.03526860000010856
22.099778,-0.03602860000000874,-0.034742600000026866,-0.034746965257775535,-0.034734847086298815,-0.03413860000000568
22.119778,-0.03337860000010551,-0.034742600000026866,-0.03462204879275161,-0.03457191002333587,-0.03413860000000568
22.139778,-0.03413860000000568,-0.034742600000026866,-0.03460226299115569,-0.0346780405594555,-0.03413860000000568
22.159778,-0.03602860000000874,-0.034514600000011345,-0.034689974521044546,-0.03478790069930859,-0.03413860000000568
22.179778,-0.03413860000000568,-0.03519459999997707,-0.03487079568817139,-0.03497589603727713,-0.0348885999999311
22.199778,-0.0348885999999311,-0.03534459999996216,-0.03511757789422995,-0.034940278321645465,-0.0348885999999311
22.219777,-0.03677859999993416,-0.03511659999994663,-0.03539535104183053,-0.03545286573420544,-0.0348885999999311
22.239777,-0.0348885999999311,-0.03549459999994724,-0.03566473767186018,-0.03559354172488189,-0.0348885999999311
22.259777,-0.0348885999999311,-0.03591059999994286,-0.03588395009302173,-0.03584272587406762,-0.03602860000000874
22.279777,-0.03602860000000874,-0.03576059999995777,-0.036012370824136886,-0.03589915944052036,-0.03602860000000874
22.299777,-0.0369685999999092,-0.0359885999999733,-0.03601915074814455,-0.0360192060605766,-0.03602860000000874
22.319777,-0.03602860000000874,-0.035838599999988216,-0.035895867424037296,-0.03601591934730136,-0.03602860000000874
22.339776,-0.03602860000000874,-0.03602659999996831,-0.03566631654078424,-0.03577524335662245,-0.03602860000000874
22.359776,-0.03413860000000568,-0.03546059999998761,-0.035385644705003765,-0.03546165361302148,-0.03602860000000874
22.379776,-0.0369685999999092,-0.03485459999997147,-0.035126512219144215,-0.03499990536127937,-0.03413860000000568
22.399776,-0.03413860000000568,-0.03485459999997147,-0.034956616213837347,-0.03476645547784648,-0.03413860000000568
22.419775,-0.03299859999992805,-0.035080599999992045,-0.03491585416342162,-0.03496069790209564,-0.03526860000010856
22.439775,-0.03602860000000874,-0.03489260000001195,-0.03500268278559728,-0.03507913613052793,-0.03526860000010856
22.459775,-0.03526860000010856,-0.035270600000012566,-0.035176752028888036,-0.03523519673660529,-0.03602860000000874
22.479775,-0.03602860000000874,-0.03564860000001317,-0.03537703729439202,-0.035189182750608894,-0.03602860000000874
22.499775,-0.03602860000000874,-0.03549660000003314,-0.03554570738464911,-0.03581454405596862,-0.03526860000010856
22.519774,-0.0348885999999311,-0.03564860000001317,-0.035645670804065964,-0.035701070862508434,-0.03602860000000874
22.539774,-0.03526860000010856,-0.03564860000001317,-0.035665836294791906,-0.03568002191142782,-0.03602860000000874
22.559774,-0.03602860000000874,-0.035270600000012566,-0.035616372124255925,-0.035497038228437076,-0.03526860000010856
22.579774,-0.03602860000000874,-0.03568660000000819,-0.03551990578855196,-0.03545736456877507,-0.03602860000000874
22.599773,-0.03413860000000568,-0.03530860000000757,-0.03540288576720249,-0.035252819114231934,-0.03602860000000874
22.619773,-0.0369685999999092,-0.03530860000000757,-0.0352885339957834,-0.03514165361307679,-0.03602860000000874
22.639773,-0.03337860000010551,-0.03493060000000696,-0.03519215203824478,-0.03536079114218099,-0.03413860000000568
22.659773,-0.03602860000000874,-0.03530860000000757,-0.03512012021643329,-0.035296408857811795,-0.03602860000000874
22.679773,-0.03413860000000568,-0.03530860000000757,-0.035073585023539106,-0.03510678181818916,-0.03602860000000874
22.699773,-0.03602860000000874,-0.03530860000000757,-0.0350555096751144,-0.035192819114222826,-0.03602860000000874
22.719772,-0.0369685999999092,-0.03493060000000696,-0.03507610911723432,-0.034946338927757545,-0.03413860000000568
22.739772,-0.03337860000010551,-0.03530860000000757,-0.03515016615760873,-0.035243401864812486,-0.03602860000000874
22.759772,-0.03413860000000568,-0.03515660000002754,-0.035284568538566936,-0.03494832027974715,-0.03526860000010856
22.779772,-0.03602860000000874,-0.034968600000047444,-0.03546386510661638,-0.03553675850819222,-0.03526860000010856
22.799772,-0.03526860000010856,-0.035498600000028094,-0.035646494843580095,-0.03546906620050334,-0.03602860000000874
22.819771,-0.03602860000000874,-0.036254600000029315,-0.03577831891942487,-0.035820208391647276,-0.03602860000000874
22.839771,-0.03602860000000874,-0.0358766000000287,-0.035818119452145636,-0.036211187412610674,-0.03602860000000874
22.859771,-0.03791860000001179,-0.03602860000000874,-0.03576122588823469,-0.03591351841493584,-0.03602860000000874
22.879771,-0.03413860000000568,-0.03565060000000812,-0.035646990801908016,-0.035490837762248546,-0.03602860000000874
22.89977,-0.03602860000000874,-0.0354225999999926,-0.03554351924213891,-0.035429648951040386,-0.0348885999999311
22.91977,-0.03413860000000568,-0.03504459999999199,-0.03551580391475815,-0.035415289976671024,-0.0348885999999311
22.93977,-0.0348885999999311,-0.035610599999972695,-0.035593945538021615,-0.035495942657310875,-0.03602860000000874
22.95977,-0.03602860000000874,-0.03576059999995777,-0.03575887972615487,-0.03576643216779376,-0.03602860000000874
22.97977,-0.0369685999999092,-0.03613859999995839,-0.03595286107040396,-0.03595361165497237,-0.03602860000000874
22.999769,-0.03677859999993416,-0.036366599999973916,-0.03610740149419297,-0.03615314545451756,-0.03602860000000874
23.019769,-0.03602860000000874,-0.0359885999999733,-0.03617216060999281,-0.03632727132864637,-0.03602860000000874
23.039769,-0.03602860000000874,-0.03617859999999382,-0.03613047417367334,-0.0362539613053529,-0.03602860000000874
23.059769,-0.03413860000000568,-0.03580059999999321,-0.03599799154036245,-0.036054544055929255,-0.03602860000000874
23.079769,-0.03791860000001179,-0.03580059999999321,-0.035810922706277996,-0.035607690909083334,-0.03602860000000874
23.099768,-0.0348885999999311,-0.03557259999997768,-0.03561235836271664,-0.0355766419580285,-0.0348885999999311
23.119768,-0.03602860000000874,-0.03557259999997768,-0.03544036929968471,-0.03534866993004798,-0.0348885999999311
23.139768,-0.0348885999999311,-0.03519459999997707,-0.03531768397130041,-0.03519901958039916,-0.0348885999999311
23.159768,-0.03413860000000568,-0.03504459999999199,-0.035244169566994415,-0.03519062797201283,-0.0348885999999311
23.179768,-0.03602860000000874,-0.03504459999999199,-0.03519672820236424,-0.03517685174825178,-0.0348885999999311
23.199768,-0.03413860000000568,-0.035272600000007516,-0.03514064243673982,-0.03547006853146498,-0.03602860000000874
23.219768,-0.03602860000000874,-0.03565060000000812,-0.035050439567534834,-0.0352330055944059,-0.03602860000000874
23.239767,-0.03602860000000874,-0.03504459999999199,-0.03493074411166111,-0.03482323869465011,-0.03602860000000874
23.259767,-0.03602860000000874,-0.03489260000001195,-0.034823805068148715,-0.03485153706294116,-0.03602860000000874
23.279767,-0.03299859999992805,-0.034514600000011345,-0.03479485671266156,-0.03450181678323462,-0.03413860000000568
23.299767,-0.03337860000010551,-0.03489260000001195,-0.03489960208144945,-0.035248739860163504,-0.03413860000000568
23.319766,-0.03413860000000568,-0.03481660000002194,-0.035152159476939296,-0.035083495104915124,-0.03413860000000568
23.339766,-0.03791860000001179,-0.03595060000002377,-0.03551394121082803,-0.03530587272728357,-0.03564860000005865
23.359766,-0.03564860000005865,-0.03587459999998828,-0.03590961244851859,-0.03564412447551554,-0.03564860000005865
23.379766,-0.038668599999937214,-0.03640259999997397,-0.036257312500085806,-0.03639167692306055,-0.03677859999993416
23.399765,-0.03299859999992805,-0.036174599999958444,-0.03649379455386832,-0.03686804055939122,-0.03677859999993416
23.419765,-0.03677859999993416,-0.03662859999994907,-0.03658519518411882,-0.03666291235426203,-0.03677859999993416
23.439765,-0.03677859999993416,-0.036250599999948466,-0.036528183657238485,-0.03640335524470303,-0.03677859999993416
23.459765,-0.03791860000001179,-0.03647859999996399,-0.03634936300472744,-0.03636356503492529,-0.03677859999993416
23.479765,-0.03677859999993416,-0.03632859999997891,-0.0361023918027244,-0.03572027832165415,-0.03677859999993416
23.499765,-0.03413860000000568,-0.03580059999999321,-0.03585574827022145,-0.03605300559438885,-0.03602860000000874
23.519764,-0.03602860000000874,-0.03519459999997707,-0.03566939459475174,-0.03556622237761085,-0.0348885999999311
23.539764,-0.03413860000000568,-0.0354225999999926,-0.035570396318706864,-0.035721187412585856,-0.0348885999999311
23.559764,-0.0348885999999311,-0.03580059999999321,-0.03554277706706989,-0.03555041818180733,-0.03602860000000874
23.579764,-0.03791860000001179,-0.03580059999999321,-0.035539556340224945,-0.03536160699300697,-0.03602860000000874
23.599763,-0.03602860000000874,-0.03557259999997768,-0.03551023166602425,-0.03567720139858316,-0.03602860000000874
23.619763,-0.03602860000000874,-0.0354225999999926,-0.035426223089464005,-0.0353354997668745,-0.03602860000000874
23.639763,-0.03299859999992805,-0.03523259999997208,-0.03528944306164028,-0.035379579020944754,-0.03602860000000874
23.659763,-0.03413860000000568,-0.03485459999997147,-0.03512375724315632,-0.035296921678309535,-0.03413860000000568
23.679763,-0.0369685999999092,-0.03485459999997147,-0.034961998128677195,-0.03469601258739488,-0.03413860000000568
23.699763,-0.03413860000000568,-0.03530860000000757,-0.03484002851756455,-0.03477279580418352,-0.03526860000010856
23.719762,-0.03602860000000874,-0.035080599999992045,-0.03479728993880853,-0.034916152447549226,-0.03526860000010856
23.739762,-0.03526860000010856,-0.03489260000001195,-0.03487446591643411,-0.03522174685316286,-0.03526860000010856
23.759762,-0.03299859999992805,-0.035270600000012566,-0.03510171405669786,-0.03502985874127267,-0.03602860000000874
23.779762,-0.03602860000000874,-0.035270600000012566,-0.03548106671037832,-0.03516825034965832,-0.03602860000000874
23.799762,-0.03602860000000874,-0.03557259999997768,-0.035974120970055166,-0.0358943575757444,-0.03602860000000874
23.819761,-0.03602860000000874,-0.036706599999979515,-0.036504832731410114,-0.03657062797199652,-0.03602860000000874
23.839761,-0.03677859999993416,-0.03708459999998013,-0.03697901858351719,-0.037183215384587576,-0.03677859999993416
23.859761,-0.038668599999937214,-0.037462599999980736,-0.03731349912385526,-0.03735197995338345,-0.03791860000001179
23.879761,-0.03791860000001179,-0.03731060000000071,-0.037462722650417356,-0.037282586013992994,-0.03791860000001179
23.899761,-0.03791860000001179,-0.03716060000001562,-0.03743064222596451,-0.037433984615385656,-0.03791860000001179
23.91976,-0.03526860000010856,-0.03716060000001562,-0.03726228556168977,-0.03741629230768395,-0.03791860000001179
23.93976,-0.03602860000000874,-0.0369705999999951,-0.03702107621853257,-0.03702223636364239,-0.0369685999999092
23.95976,-0.038668599999937214,-0.03659259999999449,-0.036765902003824937,-0.036572119813526996,-0.03602860000000874
23.97976,-0.0369685999999092,-0.03659259999999449,-0.03653841901063595,-0.03635846013986668,-0.03602860000000874
23.999759,-0.03602860000000874,-0.03659259999999449,-0.036360145403015104,-0.03625076783217385,-0.03602860000000874
24.019759,-0.03526860000010856,-0.036064600000008794,-0.03623300142841436,-0.03661191002329836,-0.03602860000000874
24.039759,-0.03602860000000874,-0.036026600000013786,-0.03614106717463275,-0.0361300918414946,-0.03602860000000874
24.059759,-0.03602860000000874,-0.03621459999999388,-0.03605715757262121,-0.03592412447552678,-0.03602860000000874
24.079759,-0.03677859999993416,-0.0359885999999733,-0.03595628149851279,-0.036297131468512114,-0.03602860000000874
24.099758,-0.0369685999999092,-0.036176599999953395,-0.03583069998182329,-0.035780814452165174,-0.03677859999993416
24.11976,-0.03413860000000568,-0.035948599999937866,-0.03569672114912659,-0.03557873986008401,-0.03677859999993416
24.139758,-0.0369685999999092,-0.03504259999995156,-0.03558700994567756,-0.035464031235377204,-0.0348885999999311
24.159758,-0.0348885999999311,-0.03523259999997208,-0.03553154132928662,-0.03554023170158827,-0.0348885999999311
24.179758,-0.032248600000002625,-0.03579859999995279,-0.03553852886069593,-0.03549643216778696,-0.0369685999999092
24.199757,-0.03791860000001179,-0.035610599999972695,-0.03558824019833807,-0.035621933333308355,-0.03602860000000874
24.219757,-0.0369685999999092,-0.035610599999972695,-0.035645121659162345,-0.03576188671326084,-0.03602860000000874
24.239757,-0.03602860000000874,-0.03621459999999388,-0.035680065266980844,-0.03548489370629088,-0.03602860000000874
24.259757,-0.0348885999999311,-0.035608599999977744,-0.03568603126722567,-0.03600048811187464,-0.03526860000010856
24.279757,-0.03526860000010856,-0.03542059999999765,-0.035676135812904616,-0.03599808717945857,-0.03526860000010856
24.299757,-0.0348885999999311,-0.035608599999977744,-0.03566827188140239,-0.0351036582750417,-0.03526860000010856
24.319756,-0.03602860000000874,-0.03545659999999771,-0.03566963024991832,-0.035486735198138324,-0.03526860000010856
24.339756,-0.0369685999999092,-0.03545659999999771,-0.03567145927594741,-0.03559708484849292,-0.03526860000010856
24.359756,-0.03412860000003093,-0.03606060000001889,-0.03565505228839131,-0.035899415850834955,-0.03602860000000874
24.379756,-0.03526860000010856,-0.035680600000023335,-0.0356035240468613,-0.035808273659697624,-0.03526860000010856
24.399755,-0.03790860000003704,-0.03549260000004324,-0.03551314760923444,-0.03566114079258642,-0.03526860000010856
24.419755,-0.03412860000003093,-0.03549260000004324,-0.035399022661667966,-0.0353543808858166,-0.03526860000010856
24.439755,-0.03602860000000874,-0.03541660000000775,-0.03529085081604657,-0.034908273659690334,-0.0348885999999311
24.459755,-0.03412860000003093,-0.03481259999998656,-0.035218676826795796,-0.03534053473191795,-0.0348885999999311
24.479755,-0.0348885999999311,-0.034964599999966595,-0.035195586059530326,-0.03513857668993556,-0.0348885999999311
24.499754,-0.0348885999999311,-0.03534059999997226,-0.035208440443212224,-0.035093448484819524,-0.0348885999999311
24.519754,-0.0348885999999311,-0.03534059999997226,-0.035224111680051295,-0.035390464801856585,-0.0348885999999311
24.539754,-0.03790860000003704,-0.03541660000000775,-0.0352089976231762,-0.03530165361305232,-0.0348885999999311
24.559754,-0.03412860000003093,-0.035264600000027714,-0.03515012014106939,-0.03522659533800599,-0.0348885999999311
24.579754,-0.03526860000010856,-0.035264600000027714,-0.03506403593362552,-0.03500584941727891,-0.0348885999999311
24.599753,-0.03412860000003093,-0.03450860000002649,-0.03498791321084153,-0.034915779487212195,-0.03412860000003093
24.619753,-0.0348885999999311,-0.03488860000002205,-0.03495945761403955,-0.035009532400959484,-0.0348885999999311
24.639753,-0.03412860000003093,-0.03504060000000209,-0.03499900049340318,-0.03495361165501987,-0.0348885999999311
24.659753,-0.03602860000000874,-0.03542059999999765,-0.03510377757484342,-0.03504883310023411,-0.03602860000000874
24.679753,-0.03602860000000874,-0.03530660000001262,-0.03525495954623134,-0.03519953240093135,-0.03602860000000874
24.699753,-0.03602860000000874,-0.03530660000001262,-0.03542943881142228,-0.035458716550136354,-0.03602860000000874
24.719752,-0.03431860000000597,-0.035682600000018286,-0.03560696237073332,-0.035739509090923285,-0.03602860000000874
24.739752,-0.03412860000003093,-0.035682600000018286,-0.035770094414840775,-0.03598379813521567,-0.03602860000000874
24.759752,-0.03790860000003704,-0.035832600000003365,-0.035902753202006234,-0.03579032494174016,-0.03602860000000874
24.779752,-0.03602860000000874,-0.036022600000023886,-0.03599332741534529,-0.03566566293707171,-0.03602860000000874
24.799752,-0.03677859999993416,-0.03617460000000392,-0.03604052843141255,-0.03602687505827447,-0.03602860000000874
24.819751,-0.03526860000010856,-0.03579859999999826,-0.03605457850569156,-0.03626790069930903,-0.03602860000000874
24.839751,-0.0348885999999311,-0.03617460000000392,-0.036050455411924885,-0.03628288904430936,-0.03602860000000874
24.859751,-0.03602860000000874,-0.0358726000000388,-0.03603850381752401,-0.03582426433568397,-0.03526860000010856
24.879751,-0.03790860000003704,-0.036024600000018836,-0.03602028842258003,-0.03590731794874042,-0.03602860000000874
24.89975,-0.03526860000010856,-0.036024600000018836,-0.035991445677168936,-0.03585988205130504,-0.03602860000000874
24.91975,-0.03602860000000874,-0.036024600000018836,-0.03594636249422895,-0.03606258601398536,-0.03602860000000874
24.93975,-0.0348885999999311,-0.03564860000001317,-0.03587992623269816,-0.03594239953381983,-0.03602860000000874
24.95975,-0.03602860000000874,-0.03580059999999321,-0.03578751317189933,-0.03594319207461355,-0.03602860000000874
24.97975,-0.03602860000000874,-0.03564860000001317,-0.03566735492903053,-0.035485732867143294,-0.03602860000000874
24.999749,-0.03602860000000874,-0.0358766000000287,-0.03552588655327963,-0.03557964895104434,-0.03602860000000874
25.019749,-0.03526860000010856,-0.035270600000012566,-0.03538141215239823,-0.03543939254081608,-0.03602860000000874
25.039749,-0.03602860000000874,-0.035270600000012566,-0.035260671246556734,-0.035280301631729336,-0.03602860000000874
25.059749,-0.03299859999992805,-0.03511860000003253,-0.035187847270098764,-0.03503860000001624,-0.03526860000010856
25.079749,-0.03602860000000874,-0.03504259999999704,-0.035172124766712214,-0.03518463729604576,-0.03526860000010856
25.099749,-0.03526860000010856,-0.03504259999999704,-0.035202377678910456,-0.03508946247086637,-0.03526860000010856
25.119748,-0.0348885999999311,-0.03564860000001317,-0.035253371467693195,-0.03520519673659464,-0.03602860000000874
25.139748,-0.03602860000000874,-0.035268600000017615,-0.03530023538241547,-0.03549188671329644,-0.03526860000010856
25.159748,-0.03602860000000874,-0.03545659999999771,-0.0353328027913357,-0.035734287645712376,-0.03602860000000874
25.179748,-0.03412860000003093,-0.035684600000013236,-0.035361619998885443,-0.03516025501166091,-0.03602860000000874
25.199748,-0.03620860000000903,-0.03530460000001767,-0.03541197220747018,-0.03544636223776818,-0.03602860000000874
25.219747,-0.03602860000000874,-0.035076600000002144,-0.03550828882009039,-0.0354674344988466,-0.0348885999999311
25.239747,-0.03412860000003093,-0.035832600000003365,-0.035655831763852064,-0.03527298228437706,-0.03602860000000874
25.259747,-0.0348885999999311,-0.03556859999998778,-0.035828585134340105,-0.035782306293695644,-0.0348885999999311
25.279747,-0.03790860000003704,-0.03556859999998778,-0.03597132676503957,-0.036142213053600575,-0.0348885999999311
25.299747,-0.0348885999999311,-0.03632459999998901,-0.03601831283542302,-0.03577158368298527,-0.03602860000000874
25.319746,-0.03602860000000874,-0.03617260000000897,-0.03592206762967331,-0.03605673519812759,-0.03602860000000874
25.339746,-0.03790860000003704,-0.03541660000000775,-0.035679350822442564,-0.03612969557109138,-0.0348885999999311
25.359746,-0.03412860000003093,-0.03579460000000836,-0.035341561825870955,-0.035537597669026616,-0.03602860000000874
25.379746,-0.03412860000003093,-0.035264600000027714,-0.03500295222194782,-0.034808017249444836,-0.03412860000003093
25.399746,-0.03677859999993416,-0.03435860000004141,-0.03476936886294609,-0.03473302890446614,-0.03412860000003093
25.419745,-0.03337860000010551,-0.034510600000021444,-0.03471860628025665,-0.03422494032637562,-0.03412860000003093
25.439745,-0.03337860000010551,-0.034890600000017,-0.034867285478317446,-0.03468368158509872,-0.0348885999999311
25.459745,-0.0348885999999311,-0.034740600000031915,-0.03515865795320564,-0.03529389137530013,-0.0348885999999311
25.479745,-0.03602860000000874,-0.035836599999993266,-0.03548043238380104,-0.03586088438228523,-0.03602860000000874
25.499745,-0.03602860000000874,-0.03598659999997835,-0.035709365642550076,-0.03562393799533763,-0.03602860000000874
25.519744,-0.03885859999991226,-0.03621459999999388,-0.03576379148460964,-0.036064264335643546,-0.03602860000000874
25.539744,-0.03412860000003093,-0.03545659999999771,-0.035637594895779445,-0.03583323869463355,-0.03602860000000874
25.559744,-0.03602860000000874,-0.03545659999999771,-0.03539733215198272,-0.03518358834500317,-0.03602860000000874
25.579744,-0.03223860000002787,-0.034510600000021444,-0.0351447476603493,-0.034883984615376756,-0.03412860000003093
25.599744,-0.03602860000000874,-0.03466260000000147,-0.03496646654240915,-0.034816035897433165,-0.0348885999999311
25.619743,-0.03412860000003093,-0.03481259999998656,-0.03489791403258707,-0.03474948578088624,-0.0348885999999311
25.639743,-0.0348885999999311,-0.0354186000000027,-0.034917364074756464,-0.03488605920747049,-0.03526860000010856
25.659743,-0.03677859999993416,-0.035038600000007136,-0.034967915692839704,-0.035028833100244315,-0.0348885999999311
25.679743,-0.03526860000010856,-0.03488860000002205,-0.0349916774244483,-0.035215896037309326,-0.0348885999999311
25.699743,-0.03412860000003093,-0.03530460000001767,-0.03495774084038809,-0.03510927599068657,-0.03526860000010856
25.719742,-0.03337860000010551,-0.03477460000003703,-0.0348733566735199,-0.03517932261074502,-0.03412860000003093
25.739742,-0.0369685999999092,-0.03492660000001706,-0.034779119785120306,-0.03474890303034365,-0.03412860000003093
25.759742,-0.03412860000003093,-0.03477660000003198,-0.034734374233137175,-0.034497411188849164,-0.03412860000003093
25.779742,-0.03602860000000874,-0.03492660000001706,-0.034796708356136026,-0.034656525407955455,-0.03412860000003093
25.799742,-0.03337860000010551,-0.034738600000036965,-0.034997550276211556,-0.034863425174847494,-0.03412860000003093
25.819741,-0.03412860000003093,-0.03511860000003253,-0.03532044489239346,-0.035394287645709,-0.03602860000000874
25.839741,-0.03602860000000874,-0.03530660000001262,-0.03569436393967559,-0.03543170023312306,-0.03602860000000874
25.859741,-0.03602860000000874,-0.03621259999999893,-0.03601185222615759,-0.03620253939392884,-0.03602860000000874
25.879741,-0.0369685999999092,-0.036364599999978965,-0.036169175463954976,-0.03610230629369387,-0.03602860000000874
25.89974,-0.03790860000003704,-0.036364599999978965,-0.036111364746189714,-0.036512562703936866,-0.03602860000000874
25.91974,-0.0348885999999311,-0.035834599999998315,-0.035859748380211644,-0.03598901958041757,-0.03602860000000874
25.93974,-0.03602860000000874,-0.03564660000001822,-0.03550734330657148,-0.03544538321679587,-0.03602860000000874
25.95974,-0.03337860000010551,-0.034740600000031915,-0.035183741896875585,-0.035010884382324484,-0.0348885999999311
25.97974,-0.03602860000000874,-0.034968600000047444,-0.035005952130442594,-0.03474829696975449,-0.03602860000000874
25.99974,-0.03337860000010551,-0.03489260000005743,-0.035036703406395545,-0.03496624568767659,-0.03564860000005865
26.019739,-0.03602860000000874,-0.03557260000002316,-0.03526600129269262,-0.03544079114222758,-0.03602860000000874
26.039739,-0.03564860000005865,-0.035722600000008244,-0.035620259261463436,-0.035498879720299886,-0.03602860000000874
26.059739,-0.03677859999993416,-0.03610060000000885,-0.035991985406925574,-0.036283238694645406,-0.03602860000000874
26.079739,-0.03677859999993416,-0.03610060000000885,-0.03627606424854602,-0.036219718881127495,-0.03602860000000874
26.099739,-0.03526860000010856,-0.03655459999999948,-0.036398890452916666,-0.03649573286712461,-0.03677859999993416
26.119738,-0.03602860000000874,-0.036026600000013786,-0.036333246523745755,-0.03627811048952273,-0.03602860000000874
26.139738,-0.03791860000001179,-0.0358766000000287,-0.036099473292682566,-0.03599911282052614,-0.03602860000000874
26.159738,-0.03413860000000568,-0.0358766000000287,-0.03575665881142051,-0.03564505687650495,-0.03602860000000874
26.179738,-0.03602860000000874,-0.035498600000028094,-0.035386777312186264,-0.03548757435901935,-0.03526860000010856
26.199738,-0.03526860000010856,-0.034968600000047444,-0.03507441983223716,-0.03523946247088251,-0.03526860000010856
26.219737,-0.03413860000000568,-0.03511860000003253,-0.03488619948031227,-0.034554054545498966,-0.03526860000010856
26.239737,-0.03526860000010856,-0.034740600000031915,-0.0348548272734496,-0.034793192074629525,-0.0348885999999311
26.259737,-0.0348885999999311,-0.034740600000031915,-0.03497221499444436,-0.035115313286747316,-0.0348885999999311
26.279737,-0.03413860000000568,-0.035684600000013236,-0.03519428111483126,-0.03530517342659292,-0.03526860000010856
26.299736,-0.03526860000010856,-0.03545859999999266,-0.03545735116415158,-0.03556682843821803,-0.0348885999999311
26.319736,-0.03885859999991226,-0.035836599999993266,-0.03570150446169819,-0.03588605920743253,-0.03526860000010856
26.339736,-0.03413860000000568,-0.03598659999997835,-0.03589096217297115,-0.03570335524472503,-0.03526860000010856
26.359736,-0.03677859999993416,-0.03613859999995839,-0.03602059134809188,-0.03598584941723845,-0.03602860000000874
26.379735,-0.0348885999999311,-0.03542059999999765,-0.03610511139928825,-0.03620326200464009,-0.03526860000010856
26.399735,-0.03602860000000874,-0.03617659999999887,-0.03615924693190102,-0.035915662937064344,-0.03602860000000874
26.419735,-0.03526860000010856,-0.036026600000013786,-0.03618287768367953,-0.0359578074592339,-0.03602860000000874
26.439735,-0.03791860000001179,-0.03610260000004928,-0.03616069246246489,-0.03626382144524697,-0.03602860000000874
26.459735,-0.03602860000000874,-0.03629060000002937,-0.03607521973266204,-0.03599811048954383,-0.03602860000000874
26.479735,-0.03526860000010856,-0.036064600000008794,-0.0359234225223795,-0.036231303962731026,-0.03602860000000874
26.499735,-0.0369685999999092,-0.03568660000000819,-0.03572606086025056,-0.036001583682993415,-0.03602860000000874
26.519734,-0.03413860000000568,-0.03568660000000819,-0.035524842412743306,-0.03563202657341427,-0.03602860000000874
26.539734,-0.03602860000000874,-0.03546059999998761,-0.03536921540758961,-0.034837854079263576,-0.03602860000000874
26.559734,-0.03602860000000874,-0.0348946000000069,-0.03529839721283592,-0.035108460139868014,-0.03413860000000568
26.579734,-0.03413860000000568,-0.03512060000002748,-0.035325180961779404,-0.035368390209787375,-0.03526860000010856
26.599733,-0.03413860000000568,-0.03564860000001317,-0.03542833391798476,-0.035566362237788515,-0.03526860000010856
26.619733,-0.03526860000010856,-0.03564860000001317,-0.03555979148840675,-0.035754800466225346,-0.03526860000010856
26.639733,-0.038668599999937214,-0.03587460000003375,-0.035667462039777,-0.03559762097905155,-0.03526860000010856
26.659733,-0.03602860000000874,-0.03587460000003375,-0.03572332489211356,-0.03574097762240666,-0.03526860000010856
26.679733,-0.03526860000010856,-0.036026600000013786,-0.0357387151954782,-0.036049742191159126,-0.03602860000000874
26.699733,-0.03413860000000568,-0.0355366000000231,-0.035755136937379604,-0.03583685174828094,-0.03602860000000874
26.719732,-0.03602860000000874,-0.0355366000000231,-0.035816350474208225,-0.03547582610724353,-0.03602860000000874
26.739732,-0.03621859999998378,-0.0355366000000231,-0.03593992362888205,-0.03547836689979221,-0.03602860000000874
26.759732,-0.03602860000000874,-0.0361026000000038,-0.036104220549194786,-0.03611601258741379,-0.03602860000000874
26.779732,-0.03526860000010856,-0.036480600000004415,-0.03625573140770882,-0.03655631561771606,-0.03621859999998378
26.799731,-0.0369685999999092,-0.03644260000000941,-0.036332060776436505,-0.03642647878790334,-0.03602860000000874
26.819731,-0.03791860000001179,-0.03629060000002937,-0.03629061550298558,-0.03619013846155762,-0.03602860000000874
26.839731,-0.03602860000000874,-0.036064600000008794,-0.03613033958330151,-0.036258180419595276,-0.03602860000000874
26.859731,-0.03526860000010856,-0.036064600000008794,-0.03589562481901153,-0.035996851748256994,-0.03602860000000874
26.879731,-0.03413860000000568,-0.03568660000000819,-0.03566039359914762,-0.035755243356641146,-0.03602860000000874
26.89973,-0.0369685999999092,-0.03530860000000757,-0.035501241933254615,-0.035325150116567935,-0.03526860000010856
26.91973,-0.03602860000000874,-0.03546059999998761,-0.03547206724160706,-0.03531778414918082,-0.03602860000000874
26.93973,-0.03413860000000568,-0.035838599999988216,-0.03558750828237798,-0.0356548237762101,-0.03602860000000874
26.95973,-0.03602860000000874,-0.03580059999999321,-0.03581700256286803,-0.0358837515151312,-0.03602860000000874
26.97973,-0.03602860000000874,-0.03580059999999321,-0.03609039444723412,-0.03581629230769178,-0.03602860000000874
26.99973,-0.03677859999993416,-0.03617859999999382,-0.03631579804010482,-0.03621270256409126,-0.03602860000000874
27.019729,-0.03602860000000874,-0.03621659999998883,-0.03640687482417828,-0.03655962564100819,-0.03602860000000874
27.039729,-0.03602860000000874,-0.03678259999996954,-0.03631242026104586,-0.03664736456875138,-0.03621859999998378
27.059729,-0.03621859999998378,-0.0361026000000038,-0.0360394278159359,-0.03603934592073822,-0.03602860000000874
27.079729,-0.03885859999991226,-0.035724600000003194,-0.035660715207592536,-0.03571570955710168,-0.03602860000000874
27.099729,-0.03337860000010551,-0.03534660000000258,-0.03529953140323394,-0.03515197995339296,-0.03413860000000568
27.119728,-0.03413860000000568,-0.03530860000000757,-0.035090380344688685,-0.03518391468533345,-0.03413860000000568
27.139728,-0.03413860000000568,-0.03459060000004684,-0.03512851346427869,-0.034968576690013894,-0.03413860000000568
27.159728,-0.03602860000000874,-0.035498600000028094,-0.035430708586726326,-0.035261840093284195,-0.03526860000010856
27.179728,-0.03526860000010856,-0.0358766000000287,-0.03592623756657749,-0.035760068531496006,-0.03602860000000874
27.199727,-0.03791860000001179,-0.036820600000010015,-0.03648126965269364,-0.0368123529137477,-0.03602860000000874
27.219727,-0.03602860000000874,-0.03700859999999011,-0.036944433621127974,-0.037037760839157885,-0.0369685999999092
27.239727,-0.03885859999991226,-0.037160599999970144,-0.03719447318423908,-0.03729580279718806,-0.0369685999999092
27.259727,-0.0369685999999092,-0.03678259999996954,-0.03717318487968283,-0.03700864662000904,-0.03602860000000874
27.279727,-0.03602860000000874,-0.036932599999954616,-0.03689483532832884,-0.0370921664335125,-0.03677859999993416
27.299726,-0.03602860000000874,-0.03613859999995839,-0.03643342746029981,-0.03613270256406428,-0.03602860000000874
27.319726,-0.03677859999993416,-0.035950599999978294,-0.03589697617808189,-0.0357448004661642,-0.03602860000000874
27.339726,-0.0348885999999311,-0.03519459999997707,-0.03539929130202049,-0.035348739860115615,-0.03602860000000874
27.359726,-0.03602860000000874,-0.03534459999996216,-0.0350357327415196,-0.03525174685311521,-0.03602860000000874
27.379726,-0.032248600000002625,-0.03519459999997707,-0.03486570331088388,-0.03507503356640817,-0.03602860000000874
27.399725,-0.03677859999993416,-0.03504459999999199,-0.03490401795850203,-0.034802329603721725,-0.03602860000000874
27.419725,-0.03602860000000874,-0.03489260000001195,-0.03512246548331558,-0.03494908951051126,-0.03526860000010856
27.439725,-0.03413860000000568,-0.03564860000001317,-0.035459567131872316,-0.035529858741278605,-0.03602860000000874
27.459725,-0.03526860000010856,-0.0358766000000287,-0.035834544750719,-0.03605748111889283,-0.03602860000000874
27.479725,-0.03602860000000874,-0.036064600000008794,-0.036163791071411114,-0.036231746853157956,-0.03602860000000874
27.499724,-0.03791860000001179,-0.03644260000000941,-0.036379773982047246,-0.03613531328671664,-0.03602860000000874
27.519724,-0.0369685999999092,-0.03621659999998883,-0.03644835290803905,-0.036508600000001126,-0.03602860000000874
27.539724,-0.03602860000000874,-0.036594599999989444,-0.036375950236063874,-0.036475616317018573,-0.0369685999999092
27.559724,-0.03413860000000568,-0.036064600000008794,-0.036201359866765294,-0.03603636223776896,-0.03602860000000874
27.579724,-0.03791860000001179,-0.035498600000028094,-0.03597684920968423,-0.03574962564104185,-0.03526860000010856
27.599724,-0.03526860000010856,-0.035498600000028094,-0.035749521786490476,-0.03566358834500766,-0.03526860000010856
27.619723,-0.03413860000000568,-0.036026600000013786,-0.03555140488459738,-0.03574258601401258,-0.03602860000000874
27.639723,-0.03602860000000874,-0.03564860000001317,-0.03540020436984465,-0.03570349510491065,-0.03602860000000874
27.659723,-0.03677859999993416,-0.0354225999999926,-0.03530725149178802,-0.03549825034964878,-0.03602860000000874
27.679723,-0.03602860000000874,-0.03546059999998761,-0.03528494909945435,-0.03480915944055022,-0.03602860000000874
27.699723,-0.03413860000000568,-0.03523259999997208,-0.035345133026969545,-0.03532440419577196,-0.0348885999999311
27.719722,-0.034328599999980725,-0.035082599999986995,-0.03548688040927988,-0.03560841351978345,-0.0348885999999311
27.739722,-0.0348885999999311,-0.0356485999999677,-0.03568403844547724,-0.03578475384612377,-0.0348885999999311
27.759722,-0.03602860000000874,-0.03602659999996831,-0.03588697613841199,-0.035789648951025065,-0.03602860000000874
27.779722,-0.03885859999991226,-0.036366599999973916,-0.03604297596280698,-0.036024497435870516,-0.03602860000000874
27.799721,-0.03602860000000874,-0.03621659999998883,-0.0361230893781296,-0.036126152447533345,-0.03602860000000874
27.819721,-0.03602860000000874,-0.03621659999998883,-0.03613570221931646,-0.03627209650349,-0.03602860000000874
27.839721,-0.03413860000000568,-0.03565060000000812,-0.0361165248044923,-0.03628004522144197,-0.03602860000000874
27.859721,-0.03602860000000874,-0.03602860000000874,-0.03610311822123755,-0.0360697188811193,-0.03602860000000874
27.879721,-0.03602860000000874,-0.03602860000000874,-0.03611268258174163,-0.03576330862473799,-0.03602860000000874
27.89972,-0.03791860000001179,-0.036254600000029315,-0.036136198933911325,-0.035947784149227946,-0.03602860000000874
27.91972,-0.03602860000000874,-0.03610260000004928,-0.03614750475120229,-0.036107690909133794,-0.03602860000000874
27.93972,-0.03526860000010856,-0.03610260000004928,-0.0361167499165615,-0.03650349510492661,-0.03602860000000874
27.95972,-0.03526860000010856,-0.03591260000002876,-0.03602048213574236,-0.036075336596763645,-0.03602860000000874
27.97972,-0.03602860000000874,-0.03591260000002876,-0.03584878474858027,-0.035693518414955445,-0.03602860000000874
27.999719,-0.0369685999999092,-0.03553460000002815,-0.03561247481327925,-0.0355830289044608,-0.03602860000000874
28.019719,-0.03602860000000874,-0.03553460000002815,-0.03534810094245146,-0.03542204988348859,-0.03602860000000874
28.039719,-0.03337860000010551,-0.03553460000002815,-0.03511381791250285,-0.03541584941728576,-0.03602860000000874
28.059719,-0.03526860000010856,-0.03481660000006741,-0.034972814563494554,-0.034983425174876834,-0.03526860000010856
28.079719,-0.03602860000000874,-0.03481660000006741,-0.03496966583600454,-0.034617690909149575,-0.03526860000010856
28.099718,-0.03337860000010551,-0.034968600000047444,-0.035109899034974794,-0.03491417109563277,-0.03526860000010856
28.119718,-0.03602860000000874,-0.035270600000012566,-0.03535161614452081,-0.035360441491859254,-0.03602860000000874
28.139718,-0.03413860000000568,-0.03564860000001317,-0.03561408601617562,-0.03583034825175252,-0.03602860000000874
28.159718,-0.03677859999993416,-0.035950599999978294,-0.0358032609064506,-0.035849555710947,-0.03602860000000874
28.179718,-0.03791860000001179,-0.03579859999999826,-0.035846676394947145,-0.03570594265733189,-0.03526860000010856
28.199718,-0.0348885999999311,-0.035948599999983344,-0.03572288193326388,-0.03594391468529458,-0.03526860000010856
28.219717,-0.03526860000010856,-0.03542059999999765,-0.03547063306732841,-0.03558072121211283,-0.0348885999999311
28.239717,-0.0348885999999311,-0.03504259999999704,-0.035173334541571344,-0.03522454405594187,-0.0348885999999311
28.259717,-0.03413860000000568,-0.03489260000001195,-0.034927463515585115,-0.0346530055944122,-0.0348885999999311
28.279717,-0.03602860000000874,-0.034666599999991374,-0.03480984280512729,-0.03447771421912348,-0.03413860000000568
28.299716,-0.03413860000000568,-0.0348946000000069,-0.034855463701520026,-0.035004753846151655,-0.03413860000000568
28.319716,-0.03413860000000568,-0.035272600000007516,-0.03505088049494544,-0.03511048811188609,-0.03602860000000874
28.339716,-0.03602860000000874,-0.0354225999999926,-0.03534324728743726,-0.03546897296038383,-0.03602860000000874
28.359716,-0.03602860000000874,-0.03564860000001317,-0.03566144966933371,-0.035712026573437014,-0.03602860000000874
28.379716,-0.03677859999993416,-0.03617659999999887,-0.03594148296462922,-0.03616461398600431,-0.03602860000000874
28.399715,-0.03526860000010856,-0.03617659999999887,-0.0361454964954673,-0.03616580279719489,-0.03602860000000874
28.419715,-0.03677859999993416,-0.036364599999978965,-0.036266814313066664,-0.03615477715618066,-0.03677859999993416
28.439715,-0.03602860000000874,-0.035684600000013236,-0.036320714702223214,-0.036101537062934,-0.03602860000000874
28.459715,-0.0369685999999092,-0.03621459999999388,-0.03632744169012669,-0.036227317948703666,-0.03677859999993416
28.479715,-0.03337860000010551,-0.03625259999998889,-0.03629678373327651,-0.03616624568764249,-0.0369685999999092
28.499714,-0.03791860000001179,-0.03625259999998889,-0.03622277524453043,-0.036397224708618184,-0.0369685999999092
28.519714,-0.0369685999999092,-0.03591260000002876,-0.03609202835556295,-0.03619764428906093,-0.03602860000000874
28.539714,-0.03602860000000874,-0.03644260000000941,-0.03590024325921206,-0.03588225967367652,-0.03602860000000874
28.559714,-0.03526860000010856,-0.03568660000000819,-0.035664838081976034,-0.0355836582750817,-0.03602860000000874
28.579714,-0.03602860000000874,-0.03512060000002748,-0.03542431418527476,-0.03556417109558012,-0.03526860000010856
28.599714,-0.03413860000000568,-0.03512060000002748,-0.035224823272088986,-0.0352276909091041,-0.03526860000010856
28.619713,-0.03413860000000568,-0.035272600000007516,-0.03510284106859495,-0.03505400792543614,-0.03602860000000874
28.639713,-0.03602860000000874,-0.035272600000007516,-0.035074257320514265,-0.035162469463895736,-0.03602860000000874
28.659713,-0.03602860000000874,-0.03512060000002748,-0.03513436753702193,-0.035065523076945014,-0.03602860000000874
28.679713,-0.03602860000000874,-0.035498600000028094,-0.03526446365974625,-0.03517901958043693,-0.03602860000000874
28.699712,-0.03337860000010551,-0.035270600000012566,-0.035436756784958716,-0.03551083776224417,-0.03602860000000874
28.719712,-0.03602860000000874,-0.03545859999999266,-0.03561461379493213,-0.03559629230768913,-0.03602860000000874
28.739712,-0.0348885999999311,-0.03545859999999266,-0.035753607270088916,-0.03570853006991913,-0.03602860000000874
28.759712,-0.0369685999999092,-0.0359885999999733,-0.03581037632940972,-0.0360061524475358,-0.03602860000000874
28.779712,-0.03602860000000874,-0.0359885999999733,-0.03575870943592203,-0.035684613985994526,-0.03602860000000874
28.799711,-0.03602860000000874,-0.035838599999988216,-0.03560353966219349,-0.035597551048926146,-0.03602860000000874
28.819711,-0.03602860000000874,-0.0348946000000069,-0.03538211135464575,-0.035206315617700094,-0.03602860000000874
28.839711,-0.03413860000000568,-0.03493260000000191,-0.03514899370667735,-0.03509013846153959,-0.03602860000000874
28.859711,-0.032248600000002625,-0.03493260000000191,-0.034953033490779516,-0.03480253939395378,-0.03602860000000874
28.879711,-0.03621859999998378,-0.03478060000002188,-0.03482160214644121,-0.03496636223779285,-0.03526860000010856
28.899711,-0.03602860000000874,-0.03500660000004245,-0.034763163252953526,-0.03503393799538668,-0.03526860000010856
28.91971,-0.03526860000010856,-0.03561060000006364,-0.034784151544402966,-0.03490666526813158,-0.03526860000010856
28.93971,-0.03526860000010856,-0.03519460000006802,-0.034902960086908026,-0.034952516083988014,-0.03526860000010856
28.95971,-0.03526860000010856,-0.03481660000006741,-0.03514521424398334,-0.035383308624762994,-0.03526860000010856
28.97971,-0.03413860000000568,-0.03511860000003253,-0.035519495656939126,-0.035153774825208206,-0.03526860000010856
28.99971,-0.03413860000000568,-0.035836599999993266,-0.03598911178561896,-0.03553337855478423,-0.03526860000010856
29.019709,-0.03677859999993416,-0.0359885999999733,-0.03646176561511488,-0.0364900219113915,-0.03602860000000874
29.039709,-0.03885859999991226,-0.03674459999997452,-0.03681023923435571,-0.036913401864772086,-0.03677859999993416
29.059709,-0.03602860000000874,-0.03750059999997575,-0.03691811982918681,-0.03699191002329669,-0.03791860000001179
29.079709,-0.03791860000001179,-0.036820600000010015,-0.03672834421634105,-0.036861606992999334,-0.03791860000001179
29.099709,-0.03791860000001179,-0.0358766000000287,-0.036270128030889276,-0.0366168284382404,-0.03602860000000874
29.119708,-0.03337860000010551,-0.03564860000001317,-0.035651376091688655,-0.03550242284384572,-0.0348885999999311
29.139708,-0.03413860000000568,-0.03511860000003253,-0.035020922212847236,-0.03469265594408594,-0.0348885999999311
29.159708,-0.0348885999999311,-0.033984600000030694,-0.034519050061655406,-0.03437862331006227,-0.03413860000000568
29.179708,-0.03526860000010856,-0.03436260000003131,-0.03423795800936747,-0.03410832027977547,-0.0348885999999311
29.199708,-0.032248600000002625,-0.034588600000051886,-0.03420497438658322,-0.034209229370679425,-0.03526860000010856
29.219707,-0.03526860000010856,-0.03481660000006741,-0.034388973302816574,-0.03487239953383099,-0.03526860000010856
29.239707,-0.03526860000010856,-0.034740600000031915,-0.034722704361256684,-0.03490780745926241,-0.03526860000010856
29.259707,-0.03602860000000874,-0.03549660000003314,-0.035130263735103126,-0.03516435757580293,-0.03526860000010856
29.279706,-0.0348885999999311,-0.03549660000003314,-0.03554804675959616,-0.035453215384640066,-0.03526860000010856
29.299706,-0.03602860000000874,-0.03580059999999321,-0.0359316829632288,-0.03586323869464632,-0.03602860000000874
29.319706,-0.03526860000010856,-0.03580059999999321,-0.03625051588253633,-0.03602027832165941,-0.03602860000000874
29.339706,-0.03678859999990891,-0.03621659999998883,-0.03647885491918899,-0.036329345920721554,-0.03602860000000874
29.359706,-0.03602860000000874,-0.036594599999989444,-0.03659376784207949,-0.03667790069928567,-0.03678859999990891
29.379705,-0.0369685999999092,-0.03674659999996947,-0.036582947106058215,-0.03663020839160618,-0.03678859999990891
29.399705,-0.03791860000001179,-0.036594599999989444,-0.036457739403923904,-0.03648885641023584,-0.03602860000000874
29.419705,-0.03602860000000874,-0.03621659999998883,-0.0362609166046246,-0.036403541724913946,-0.03602860000000874
29.439705,-0.03602860000000874,-0.03618059999998877,-0.03606013479183767,-0.03603850675990595,-0.03602860000000874
29.459705,-0.03413860000000568,-0.03580259999998816,-0.03592666468997077,-0.03595482377621695,-0.03602860000000874
29.479705,-0.03678859999990891,-0.03580259999998816,-0.03590918932748222,-0.03588932261070625,-0.03602860000000874
29.499704,-0.03602860000000874,-0.03599059999996825,-0.03601586220875086,-0.036039625640994444,-0.03602860000000874
29.519704,-0.03602860000000874,-0.0365205999999489,-0.03621193317567033,-0.03608076783212286,-0.03678859999990891
29.539704,-0.0369685999999092,-0.036368599999968866,-0.03643121943405515,-0.03617484708619727,-0.03602860000000874
29.559704,-0.03678859999990891,-0.03614059999995334,-0.036594757476937474,-0.0367536116549666,-0.03602860000000874
29.579704,-0.03602860000000874,-0.03651859999995395,-0.036630632132997894,-0.03665839020975766,-0.03678859999990891
29.599703,-0.0348885999999311,-0.036708599999974466,-0.03649236636991755,-0.03667368158504064,-0.03678859999990891
29.619703,-0.03791860000001179,-0.03617859999999382,-0.03617522635670986,-0.03627039487177889,-0.03602860000000874
29.639703,-0.03791860000001179,-0.03580059999999321,-0.03572694280329764,-0.035558972960385564,-0.0348885999999311
29.659703,-0.03413860000000568,-0.035498600000028094,-0.03524409947833126,-0.03512377482520127,-0.03413860000000568
29.679703,-0.03413860000000568,-0.034742600000026866,-0.03484705581320067,-0.034921467132891834,-0.03413860000000568
29.699703,-0.03337860000010551,-0.03436460000002626,-0.03463897959803284,-0.03494195664338845,-0.03413860000000568
29.719702,-0.03413860000000568,-0.03478060000002188,-0.034668126124690946,-0.034427970629401075,-0.03413860000000568
29.739702,-0.03602860000000874,-0.03515860000002249,-0.03491282877426595,-0.0345409076923233,-0.03602860000000874
29.759702,-0.03621859999998378,-0.03531060000000252,-0.03529458540664685,-0.03548857668997092,-0.03602860000000874
29.779702,-0.03602860000000874,-0.035840599999983166,-0.03570844126984776,-0.03596880979019309,-0.03602860000000874
29.799701,-0.03413860000000568,-0.03621859999998378,-0.03605426213832471,-0.03620869324008252,-0.03621859999998378
29.819701,-0.03678859999990891,-0.03602860000000874,-0.036258988386869334,-0.03625983543125406,-0.03602860000000874
29.839701,-0.03791860000001179,-0.0358766000000287,-0.03628886799257735,-0.03597454405596694,-0.03526860000010856
29.859701,-0.03526860000010856,-0.036254600000029315,-0.03615310205025831,-0.03595149044290952,-0.03602860000000874
29.879701,-0.03526860000010856,-0.03587460000003375,-0.03589855827799573,-0.03602370489513404,-0.03526860000010856
29.8997,-0.03602860000000874,-0.03549660000003314,-0.03559634583762596,-0.03578512680656469,-0.03526860000010856
29.9197,-0.0348885999999311,-0.03549660000003314,-0.03532470162775085,-0.03525170023314343,-0.03526860000010856
29.9397,-0.03602860000000874,-0.035270600000012566,-0.035153058834163364,-0.03525869324011826,-0.03526860000010856
29.9597,-0.03526860000010856,-0.035270600000012566,-0.0351288720904575,-0.035151140792552736,-0.03526860000010856
29.9797,-0.03413860000000568,-0.035498600000028094,-0.035266769191409864,-0.03512573286714324,-0.03602860000000874
29.999699,-0.03602860000000874,-0.03512060000002748,-0.035541462484126804,-0.03546137389279388,-0.03526860000010856
30.019699,-0.03602860000000874,-0.03568860000000314,-0.03588874975009798,-0.035900651282072565,-0.03602860000000874
30.039699,-0.03413860000000568,-0.03644460000000436,-0.03621880140426635,-0.03613797062937681,-0.03602860000000874
30.059699,-0.038108599999986836,-0.03644460000000436,-0.0364417733109978,-0.03664284242423853,-0.03602860000000874
30.079699,-0.03791860000001179,-0.03644460000000436,-0.03649904443994014,-0.03670671188810839,-0.03602860000000874
30.099698,-0.03602860000000874,-0.036822600000004965,-0.036386999859729305,-0.036329579020986394,-0.03602860000000874
30.119698,-0.03602860000000874,-0.03602860000000874,-0.0361599147288486,-0.035965732867149366,-0.03602860000000874
30.139698,-0.03602860000000874,-0.035498600000028094,-0.035907861674692065,-0.03606769090912189,-0.03602860000000874
30.159698,-0.03413860000000568,-0.035498600000028094,-0.03571944102299289,-0.03561839020982505,-0.03602860000000874
30.179698,-0.03526860000010856,-0.0358766000000287,-0.035647528190857355,-0.035426525407953345,-0.03602860000000874
30.199697,-0.03602860000000874,-0.03564860000001317,-0.03569393943853263,-0.035506711888117576,-0.03526860000010856
30.219697,-0.03791860000001179,-0.03579859999999826,-0.03581770305791761,-0.0359927025640902,-0.03526860000010856
30.239697,-0.0348885999999311,-0.03613859999995839,-0.03595856279441713,-0.036222399533778586,-0.03602860000000874
30.259697,-0.0348885999999311,-0.036516599999959,-0.0360617194953045,-0.036206921678289455,-0.0369685999999092
30.279697,-0.0369685999999092,-0.03576059999995777,-0.036094532263749174,-0.036043541724884214,-0.0348885999999311
30.299696,-0.03791860000001179,-0.03576059999995777,-0.03605319990630602,-0.035982772494125306,-0.0348885999999311
30.319696,-0.03413860000000568,-0.036176599999953395,-0.035959852455763885,-0.03576237622372632,-0.0369685999999092
30.339696,-0.0348885999999311,-0.0359885999999733,-0.03585107059358388,-0.036025080186431656,-0.03602860000000874
30.359696,-0.0369685999999092,-0.035382599999957166,-0.03576253363487601,-0.035727457808833,-0.0348885999999311
30.379696,-0.03602860000000874,-0.03576059999995777,-0.03571713531461708,-0.035514777156155065,-0.03602860000000874
30.399695,-0.0348885999999311,-0.035836599999993266,-0.035720493542399534,-0.03566605920742511,-0.03602860000000874
30.419695,-0.03602860000000874,-0.035836599999993266,-0.035762632304583,-0.03602291235430004,-0.03602860000000874
30.439695,-0.03526860000010856,-0.035836599999993266,-0.03582350212232872,-0.03590906620047843,-0.03602860000000874
30.459695,-0.0369685999999092,-0.03591260000002876,-0.03588089964271023,-0.035915359906784336,-0.03602860000000874
30.479695,-0.03602860000000874,-0.03591260000002876,-0.03591830682360013,-0.03565650209793135,-0.03602860000000874
30.499694,-0.03526860000010856,-0.036064600000008794,-0.03592880891760153,-0.03605997529140402,-0.03602860000000874
30.519694,-0.03602860000000874,-0.035498600000028094,-0.03591314973512251,-0.0359830522144711,-0.03602860000000874
30.539694,-0.03602860000000874,-0.036026600000013786,-0.03587432262974891,-0.03582664195804233,-0.03602860000000874
30.559694,-0.03413860000000568,-0.03580059999999321,-0.03581360628839897,-0.03557568624709058,-0.03602860000000874
30.579694,-0.038668599999937214,-0.03557259999997768,-0.035731285622417445,-0.03563685174823415,-0.0348885999999311
30.599693,-0.03413860000000568,-0.03557259999997768,-0.03563108560705327,-0.03584859999997038,-0.0348885999999311
30.619693,-0.0348885999999311,-0.035950599999978294,-0.03552444123671941,-0.035771746853127354,-0.03602860000000874
30.639693,-0.03602860000000874,-0.0354225999999926,-0.03543167839020961,-0.035340418181803286,-0.03602860000000874
30.659693,-0.03602860000000874,-0.0354225999999926,-0.03537971909769938,-0.03540720139859545,-0.03602860000000874
30.679693,-0.03602860000000874,-0.035272600000007516,-0.035396098038533025,-0.03509139720281158,-0.03602860000000874
30.699692,-0.03413860000000568,-0.03565060000000812,-0.03549860594322634,-0.03582048811189926,-0.03602860000000874
30.719692,-0.03413860000000568,-0.03565060000000812,-0.03568333323625539,-0.03580466060606348,-0.03602860000000874
30.739692,-0.03791860000001179,-0.035838599999988216,-0.03591873514030073,-0.03562230629369044,-0.03602860000000874
30.759692,-0.03602860000000874,-0.0359885999999733,-0.03615175062272402,-0.03594118741256413,-0.03602860000000874
30.779691,-0.0369685999999092,-0.036366599999973916,-0.036323520392537625,-0.036360394871774795,-0.03602860000000874
30.799691,-0.0348885999999311,-0.036366599999973916,-0.0363862135205784,-0.03672762097899384,-0.03602860000000874
30.819691,-0.03602860000000874,-0.036366599999973916,-0.036314958333831734,-0.03646398461536164,-0.03602860000000874
30.839691,-0.03791860000001179,-0.035950599999978294,-0.03611428652166992,-0.035837807459171166,-0.03602860000000874
30.859691,-0.03602860000000874,-0.03580059999999321,-0.03581890899698794,-0.03573706153844587,-0.03602860000000874
30.879691,-0.0348885999999311,-0.03557259999997768,-0.035485892019562953,-0.03543365827506026,-0.0348885999999311
30.89969,-0.03413860000000568,-0.03504259999999704,-0.03517732214483536,-0.03528027832166103,-0.0348885999999311
30.91969,-0.0348885999999311,-0.03481459999998151,-0.03494000546819152,-0.03503566293703571,-0.0348885999999311
30.93969,-0.03526860000010856,-0.03481459999998151,-0.03479295759328011,-0.03452808717947739,-0.0348885999999311
30.95969,-0.0348885999999311,-0.03504060000000209,-0.034728598706109885,-0.034688693240093486,-0.0348885999999311
30.97969,-0.0348885999999311,-0.034738600000036965,-0.03472434371754018,-0.034953355244784774,-0.0348885999999311
30.999689,-0.03526860000010856,-0.034890600000017,-0.03475605172818896,-0.03504321538465548,-0.0348885999999311
31.019689,-0.03337860000010551,-0.03496660000005249,-0.03480641339817101,-0.034753728205180495,-0.03526860000010856
31.039689,-0.03602860000000874,-0.03481660000006741,-0.034866420569549916,-0.034759439160890276,-0.03526860000010856
31.059689,-0.03526860000010856,-0.03459060000004684,-0.03493187421845246,-0.03474053473199224,-0.03413860000000568
31.079689,-0.03413860000000568,-0.03512060000002748,-0.03499784688938771,-0.03487239953382887,-0.03526860000010856
31.099689,-0.03413860000000568,-0.03489260000001195,-0.03505424326285988,-0.03511167692308409,-0.0348885999999311
31.119688,-0.03602860000000874,-0.03504459999999199,-0.0350863025507899,-0.0353167585081636,-0.0348885999999311
31.139688,-0.0348885999999311,-0.035270600000012566,-0.035082212814236576,-0.0349225860139957,-0.03526860000010856
31.159688,-0.03602860000000874,-0.035270600000012566,-0.035044402775186174,-0.035084683916094046,-0.03526860000010856
31.179688,-0.03526860000010856,-0.03489260000001195,-0.034996179576923435,-0.03517232960373576,-0.0348885999999311
31.199687,-0.03413860000000568,-0.03512060000002748,-0.03497693849060537,-0.03486783076924408,-0.03526860000010856
31.219687,-0.03413860000000568,-0.03489260000001195,-0.03502689589632746,-0.03489862331004315,-0.0348885999999311
31.239687,-0.03602860000000874,-0.03489260000001195,-0.03516997218948603,-0.035220651282076944,-0.0348885999999311
31.259687,-0.0348885999999311,-0.03564860000001317,-0.03540468354222064,-0.03535461398603639,-0.03526860000010856
31.279687,-0.03526860000010856,-0.036026600000013786,-0.03570709426482738,-0.03580484708625744,-0.03602860000000874
31.299686,-0.03791860000001179,-0.036026600000013786,-0.036042202100154366,-0.036256688578099786,-0.03602860000000874
31.319686,-0.03602860000000874,-0.03644260000000941,-0.03637559894227597,-0.0365619566433492,-0.03602860000000874
31.339686,-0.03602860000000874,-0.03674459999997452,-0.03667789654668678,-0.03645372820510675,-0.03677859999993416
31.359686,-0.0369685999999092,-0.036516599999959,-0.03692021032422995,-0.03674137389275072,-0.03677859999993416
31.379686,-0.03677859999993416,-0.036516599999959,-0.03706654835731495,-0.036891886713228045,-0.03677859999993416
31.399685,-0.03677859999993416,-0.03689459999995961,-0.03707238602846717,-0.03668859999995743,-0.03677859999993416
31.419685,-0.03602860000000874,-0.0368565999999646,-0.036895608779798555,-0.03712244615381754,-0.03677859999993416
31.439685,-0.03791860000001179,-0.03655459999999948,-0.03651879998692731,-0.03674188671327603,-0.03677859999993416
31.459685,-0.03677859999993416,-0.0364046000000144,-0.035973745080206954,-0.036150488111900324,-0.03602860000000874
31.479685,-0.03526860000010856,-0.03564860000001317,-0.0353535719607169,-0.03537016177158679,-0.03602860000000874
31.499685,-0.03602860000000874,-0.03489260000001195,-0.0347999361330894,-0.03506769090911055,-0.03526860000010856
31.519684,-0.032248600000002625,-0.03436460000002626,-0.03446374717458035,-0.03436447412588945,-0.03413860000000568
31.539684,-0.03413860000000568,-0.034666599999991374,-0.034452768455088684,-0.034228693240099986,-0.03413860000000568
31.559684,-0.03413860000000568,-0.03428859999999077,-0.03478870235929475,-0.034490954312350816,-0.03413860000000568
31.579684,-0.03677859999993416,-0.035610599999972695,-0.035393572566754274,-0.03534468391604765,-0.03413860000000568
31.599683,-0.03413860000000568,-0.03613859999995839,-0.03611186263763563,-0.03618696829831861,-0.03677859999993416
31.619683,-0.03885859999991226,-0.0370825999999397,-0.03675961230978191,-0.03719270256403278,-0.03677859999993416
31.639683,-0.03677859999993416,-0.0370825999999397,-0.03718214712602927,-0.03728901958035731,-0.03677859999993416
31.659683,-0.03885859999991226,-0.037460599999940315,-0.03729986310890395,-0.037267131468484184,-0.03677859999993416
31.679682,-0.03677859999993416,-0.03674259999997957,-0.037125819726971564,-0.037020045221426566,-0.03677859999993416
31.699682,-0.03602860000000874,-0.03659259999999449,-0.03674973168372097,-0.03681657202795087,-0.03602860000000874
31.719682,-0.03526860000010856,-0.036026600000013786,-0.036297266119558254,-0.035848320279736945,-0.03602860000000874
31.739682,-0.03602860000000874,-0.03564860000001317,-0.03588388271481952,-0.035870161771582657,-0.03602860000000874
31.759682,-0.03602860000000874,-0.03549660000003314,-0.03558232016760356,-0.03531703822846858,-0.03526860000010856
31.779682,-0.0348885999999311,-0.035836599999993266,-0.03541315344396186,-0.03557512680654368,-0.03602860000000874
31.799681,-0.03526860000010856,-0.03545859999999266,-0.03535620262805578,-0.035679998601389734,-0.03526860000010856
31.819681,-0.0369685999999092,-0.03564659999997275,-0.03537340801205975,-0.03559549976686043,-0.03526860000010856
31.839681,-0.03413860000000568,-0.03564659999997275,-0.03543180657998545,-0.035386292307657524,-0.03526860000010856
31.859681,-0.0369685999999092,-0.03557059999993726,-0.03551701401501291,-0.035516012587363,-0.0348885999999311
31.879681,-0.0348885999999311,-0.035382599999957166,-0.035632722901427785,-0.03572149044283618,-0.0348885999999311
31.89968,-0.0348885999999311,-0.035948599999937866,-0.035788828081775824,-0.035602306293640765,-0.03602860000000874
31.91968,-0.03602860000000874,-0.03576059999995777,-0.03598649166645159,-0.03574473053609869,-0.03602860000000874
31.93968,-0.0369685999999092,-0.0359885999999733,-0.03620931117485741,-0.036315220046584176,-0.03602860000000874
31.95968,-0.03602860000000874,-0.036594599999989444,-0.036425047221400025,-0.036314450815837555,-0.03602860000000874
31.97968,-0.03602860000000874,-0.03678259999996954,-0.03659579398821244,-0.037014893706265796,-0.0369685999999092
31.999679,-0.03791860000001179,-0.036594599999989444,-0.03669076498087783,-0.03667904289042074,-0.03602860000000874
32.019679,-0.0369685999999092,-0.03678259999996954,-0.03669559497199668,-0.036469509090896024,-0.0369685999999092
32.039679,-0.03602860000000874,-0.03625259999998889,-0.03661357675830612,-0.036563774825168094,-0.0369685999999092
32.059679,-0.0369685999999092,-0.03625259999998889,-0.036458105516516966,-0.036391024242408455,-0.0369685999999092
32.079679,-0.03337860000010551,-0.03621459999999388,-0.03624173170663895,-0.03625440419579202,-0.03677859999993416
32.099679,-0.03791860000001179,-0.035836599999993266,-0.035970969236460766,-0.03587594265733782,-0.03677859999993416
32.119678,-0.03677859999993416,-0.03564860000001317,-0.035652143799069634,-0.03570060466201161,-0.03602860000000874
32.139678,-0.03413860000000568,-0.03580059999999321,-0.03530386684906151,-0.035297784149185205,-0.03602860000000874
32.159678,-0.03602860000000874,-0.03504459999999199,-0.03496520513628668,-0.035193005594403005,-0.03413860000000568
32.179677,-0.03413860000000568,-0.034516600000006295,-0.0346916336351605,-0.03500559300697757,-0.03413860000000568
32.199677,-0.03413860000000568,-0.0348946000000069,-0.03453967287565414,-0.03409736456878329,-0.03413860000000568
32.219677,-0.03413860000000568,-0.03436460000002626,-0.03454783215999649,-0.034494986946432105,-0.03413860000000568
32.239677,-0.03602860000000874,-0.03459060000004684,-0.034722632156678174,-0.03480466060610568,-0.03413860000000568
32.259677,-0.03337860000010551,-0.035384600000043065,-0.03503525574491778,-0.0349470149184578,-0.03526860000010856
32.279677,-0.03526860000010856,-0.03553460000002815,-0.035429751105140364,-0.03551883310026331,-0.03526860000010856
32.299676,-0.038108599999986836,-0.035684600000013236,-0.03583979524335418,-0.036081350582742304,-0.03526860000010856
32.319676,-0.0348885999999311,-0.03640259999997397,-0.036207728737807456,-0.03618384475522045,-0.03677859999993416
32.339676,-0.03677859999993416,-0.0367425999999341,-0.03649785545687859,-0.0365545906759589,-0.0369685999999092
32.359676,-0.0369685999999092,-0.036174599999958444,-0.03669866837941013,-0.03660114079249696,-0.03677859999993416
32.379676,-0.0369685999999092,-0.036780599999974586,-0.03681484244360639,-0.03653752773888604,-0.0369685999999092
32.399676,-0.03526860000010856,-0.03640259999997397,-0.036854950683828616,-0.036581327272690006,-0.0369685999999092
32.419675,-0.03791860000001179,-0.036780599999974586,-0.03682262243245494,-0.03702302890438735,-0.0369685999999092
32.439675,-0.0348885999999311,-0.036780599999974586,-0.03671722289372383,-0.03694109417246497,-0.0369685999999092
32.459675,-0.03885859999991226,-0.036932599999954616,-0.036544542364895495,-0.0366258261072074,-0.0369685999999092
32.479675,-0.0369685999999092,-0.03640259999997397,-0.036329955376765456,-0.0362187165500996,-0.03602860000000874
32.499674,-0.03602860000000874,-0.03625259999998889,-0.03612179381801835,-0.036304963636331934,-0.03602860000000874
32.519674,-0.03526860000010856,-0.03568660000000819,-0.03597720839163035,-0.035779089510492815,-0.03602860000000874
32.539674,-0.03413860000000568,-0.0358766000000287,-0.03593564011036128,-0.036068600000024445,-0.03602860000000874
32.559674,-0.03602860000000874,-0.035724600000048665,-0.0359963116545411,-0.03574426433571369,-0.03526860000010856
32.579674,-0.03791860000001179,-0.036254600000029315,-0.03611522463364442,-0.03619570955716766,-0.03602860000000874
32.599673,-0.03526860000010856,-0.03648060000004989,-0.036223917107732984,-0.03617645547791025,-0.03602860000000874
32.619673,-0.03791860000001179,-0.03648060000004989,-0.03625803181133047,-0.0363687398601851,-0.03602860000000874
32.639673,-0.03526860000010856,-0.035724600000048665,-0.036179806537420804,-0.0362202317016687,-0.03526860000010856
32.659673,-0.03602860000000874,-0.036026600000013786,-0.03598576796865346,-0.036033378554803944,-0.03602860000000874
32.679673,-0.03413860000000568,-0.03542059999999765,-0.03570161763077102,-0.03543349510489272,-0.03526860000010856
32.699672,-0.03677859999993416,-0.03557259999997768,-0.0353726057073502,-0.035464217715589184,-0.03602860000000874
32.719672,-0.0348885999999311,-0.034966599999961545,-0.03505602786747604,-0.03499720139855945,-0.0348885999999311
32.739672,-0.03602860000000874,-0.03534459999996216,-0.03481556589164568,-0.035056641957992504,-0.03602860000000874
32.759672,-0.03299859999992805,-0.03481659999997646,-0.03471245257775753,-0.03469743449881797,-0.0348885999999311
32.779672,-0.03602860000000874,-0.03489260000001195,-0.03479074911460815,-0.034883238694656565,-0.03526860000010856
32.799671,-0.03413860000000568,-0.034740600000031915,-0.035060433817722204,-0.03500482377625745,-0.03526860000010856
32.819671,-0.03526860000010856,-0.035724600000048665,-0.03548616697632017,-0.0354584601399055,-0.03526860000010856
32.839671,-0.03526860000010856,-0.03591260000002876,-0.035988851795420856,-0.03573694498837414,-0.03526860000010856
32.859671,-0.03791860000001179,-0.03629060000002937,-0.03646247595430067,-0.036625849417277825,-0.03602860000000874
32.879671,-0.0369685999999092,-0.0366305999999895,-0.03680198594699649,-0.03659608251748856,-0.0369685999999092
32.89967,-0.03602860000000874,-0.037160599999970144,-0.03693250234771814,-0.037130791142164776,-0.0369685999999092
32.91967,-0.0369685999999092,-0.03655459999995401,-0.0368300464664428,-0.03701855337989768,-0.0369685999999092
32.93967,-0.03791860000001179,-0.03655459999995401,-0.036528406745247856,-0.03649906620040607,-0.0369685999999092
32.95967,-0.0348885999999311,-0.036176599999953395,-0.03611093933388778,-0.035860697902052575,-0.0369685999999092
32.97967,-0.0369685999999092,-0.035610599999972695,-0.035688461895617245,-0.03571163030299245,-0.0348885999999311
32.999669,-0.03413860000000568,-0.03523259999997208,-0.03536779244539823,-0.035464753846129786,-0.0348885999999311
33.019669,-0.03413860000000568,-0.03546059999998761,-0.03522033350263284,-0.035120581351989894,-0.03602860000000874
33.039669,-0.03602860000000874,-0.03512060000002748,-0.035262398091574415,-0.03516193333334347,-0.03526860000010856
33.059669,-0.03602860000000874,-0.035498600000028094,-0.03545498259578742,-0.035574264335688686,-0.03602860000000874
33.079669,-0.03526860000010856,-0.036026600000013786,-0.03572170893527036,-0.035679182750608274,-0.03602860000000874
33.099668,-0.03602860000000874,-0.036026600000013786,-0.0359759933122028,-0.036145593007006975,-0.03602860000000874
33.119668,-0.03677859999993416,-0.036026600000013786,-0.03614702625846315,-0.03644293566433722,-0.03602860000000874
33.139668,-0.03602860000000874,-0.03617859999999382,-0.03619727935485439,-0.035883308624714866,-0.03602860000000874
33.159668,-0.03602860000000874,-0.03617859999999382,-0.03612812441715137,-0.035838203729618906,-0.03602860000000874
33.179668,-0.03602860000000874,-0.035498600000028094,-0.03597379337123087,-0.03620692167833557,-0.03602860000000874
33.199667,-0.03602860000000874,-0.0358766000000287,-0.03578741901550996,-0.03577985874128237,-0.03602860000000874
33.219667,-0.03337860000010551,-0.036026600000013786,-0.03562508651580965,-0.03567533659674215,-0.03602860000000874
33.239667,-0.03791860000001179,-0.03542059999999765,-0.03553326332818747,-0.035622306293701576,-0.03602860000000874
33.259667,-0.03677859999993416,-0.03557059999998273,-0.03554119506998338,-0.035577434498826464,-0.03677859999993416
33.279666,-0.03299859999992805,-0.035948599999983344,-0.03565546672383252,-0.035302399533786284,-0.03677859999993416
33.299666,-0.03677859999993416,-0.03557059999998273,-0.035854514544338606,-0.03577629230768041,-0.03602860000000874
33.319666,-0.03526860000010856,-0.03542059999999765,-0.03608705284910863,-0.036397038228425806,-0.03602860000000874
33.339666,-0.03602860000000874,-0.03674460000002,-0.03628205303067751,-0.036148110489513864,-0.03602860000000874
33.359666,-0.03602860000000874,-0.036594600000034914,-0.03637279816403223,-0.03634890303033529,-0.03602860000000874
33.379666,-0.039618600000039805,-0.036366600000019386,-0.03632697660482363,-0.03658188671333124,-0.03602860000000874
33.399665,-0.03602860000000874,-0.03621460000003936,-0.03616666775786802,-0.036222166433601724,-0.03602860000000874
33.419665,-0.03412860000003093,-0.03621460000003936,-0.03596359278972894,-0.036047924009361965,-0.03602860000000874
33.439665,-0.03526860000010856,-0.03549660000003314,-0.03580851586660055,-0.035804893706339457,-0.03602860000000874
33.459665,-0.03602860000000874,-0.03534460000005311,-0.03577048234602807,-0.03536671188816099,-0.03526860000010856
33.479665,-0.03602860000000874,-0.03587460000003375,-0.035867360715003356,-0.0354414205128506,-0.03602860000000874
33.499664,-0.03526860000010856,-0.036026600000013786,-0.036060517360026335,-0.036349672261086145,-0.03602860000000874
33.519664,-0.03677859999993416,-0.03659259999999449,-0.03627337342188798,-0.03643643216782788,-0.03602860000000874
33.539664,-0.03602860000000874,-0.03659259999999449,-0.03642479061314153,-0.03657946247083998,-0.03602860000000874
33.559664,-0.03885859999991226,-0.036364599999978965,-0.03646386387353,-0.03652967226106789,-0.03602860000000874
33.579664,-0.03602860000000874,-0.03659059999999954,-0.03639153878469097,-0.036496105827509354,-0.03602860000000874
33.599663,-0.03412860000003093,-0.03643860000001951,-0.036259054341489176,-0.03641498694639652,-0.03602860000000874
33.619663,-0.03790860000003704,-0.0358726000000388,-0.03614421766869695,-0.036062166433607656,-0.03602860000000874
33.639663,-0.03526860000010856,-0.0358726000000388,-0.03611728832915778,-0.03577107086251402,-0.03602860000000874
33.659663,-0.03602860000000874,-0.036252600000034364,-0.036211228928466996,-0.03572834358977484,-0.03602860000000874
33.679662,-0.03602860000000874,-0.036026600000013786,-0.03640712023868252,-0.03650964895105591,-0.03602860000000874
33.699662,-0.03602860000000874,-0.03674459999997452,-0.03664013787810499,-0.03694438088577147,-0.03602860000000874
33.719662,-0.03677859999993416,-0.037120599999980186,-0.03682570747060945,-0.0369626559440412,-0.03677859999993416
33.739662,-0.03885859999991226,-0.037120599999980186,-0.036897374351473396,-0.03717053473190449,-0.03677859999993416
33.759662,-0.03790860000003704,-0.037120599999980186,-0.03683956249006879,-0.03689757435895857,-0.03677859999993416
33.779662,-0.03602860000000874,-0.03674259999997957,-0.036696660266943425,-0.03659146713284349,-0.03602860000000874
33.799661,-0.03602860000000874,-0.03617659999999887,-0.03655023651203254,-0.03655358834496493,-0.03602860000000874
33.819661,-0.0348885999999311,-0.0359885999999733,-0.03647478853397723,-0.03626596596735852,-0.03602860000000874
33.839661,-0.03602860000000874,-0.03640259999997397,-0.036496448462380045,-0.036081117482505025,-0.03602860000000874
33.859661,-0.0369685999999092,-0.03640259999997397,-0.03657783829399699,-0.03655939254075288,-0.03602860000000874
33.879661,-0.038098600000012084,-0.036818599999969594,-0.03663665041067732,-0.03677720139855191,-0.0369685999999092
33.89966,-0.03602860000000874,-0.03696859999995468,-0.036586578902885455,-0.03675072121209246,-0.0369685999999092
33.91966,-0.0369685999999092,-0.03640059999997902,-0.036379100934309426,-0.03633025501163524,-0.03677859999993416
33.93966,-0.03677859999993416,-0.035834599999998315,-0.03602754060313304,-0.03634657202795558,-0.03602860000000874
33.95966,-0.03412860000003093,-0.035606599999982794,-0.03560574211073356,-0.03583759766899742,-0.03526860000010856
33.97966,-0.03526860000010856,-0.03579460000000836,-0.03522494513661625,-0.03512988205129149,-0.03526860000010856
33.999659,-0.0348885999999311,-0.0348866000000271,-0.03499923164513266,-0.03485596596737903,-0.0348885999999311
34.019659,-0.03790860000003704,-0.0348866000000271,-0.03501023195477023,-0.03466228298371386,-0.0348885999999311
34.039659,-0.03223860000002787,-0.03518859999999222,-0.03527825708972968,-0.035243984615399064,-0.0348885999999311
34.059659,-0.03412860000003093,-0.03579260000001341,-0.03574634709632826,-0.0357833086247034,-0.03677859999993416
34.079659,-0.03677859999993416,-0.03594459999999344,-0.0362867916817979,-0.03633018508156761,-0.03677859999993416
34.099658,-0.03790860000003704,-0.036700599999994664,-0.03673675220647172,-0.037016502097908285,-0.03677859999993416
34.119658,-0.038668599999937214,-0.037456599999995885,-0.03695465398424782,-0.036712912354326596,-0.03790860000003704
34.139658,-0.036018600000033985,-0.03715460000003077,-0.0368728760892037,-0.03707466060607631,-0.03790860000003704
34.159658,-0.03790860000003704,-0.036020600000028935,-0.03652101939406998,-0.03668703822845949,-0.036018600000033985
34.179657,-0.03526860000010856,-0.03564260000002832,-0.03600959591504009,-0.03591801724945723,-0.036018600000033985
34.199657,-0.03223860000002787,-0.03564260000002832,-0.03548450790521024,-0.03528272587414322,-0.036018600000033985
34.219657,-0.03677859999993416,-0.0348866000000271,-0.035075604824862924,-0.034914287645704506,-0.03526860000010856
34.239657,-0.036018600000033985,-0.03481059999999161,-0.034861307959115885,-0.034940627972035045,-0.0348885999999311
34.259657,-0.03412860000003093,-0.03541660000000775,-0.03485778184638179,-0.03459356503498391,-0.03526860000010856
34.279657,-0.0348885999999311,-0.03511460000004263,-0.035027072247297786,-0.03517093100236082,-0.03526860000010856
34.299656,-0.03526860000010856,-0.03496460000005754,-0.03529492779646134,-0.035597271328725574,-0.03526860000010856
34.319656,-0.03526860000010856,-0.035720600000058764,-0.035573460469372896,-0.0355925160839871,-0.03526860000010856
34.339656,-0.03526860000010856,-0.03594660000007934,-0.03578669351922469,-0.03577039487186094,-0.03526860000010856
34.359656,-0.03790860000003704,-0.03609660000006443,-0.03589457518103979,-0.036007341258808,-0.036018600000033985
34.379656,-0.036018600000033985,-0.0358686000000489,-0.03590676212364207,-0.0359662223776864,-0.036018600000033985
34.399655,-0.036018600000033985,-0.036018600000033985,-0.03587710987806445,-0.03584307552452293,-0.036018600000033985
34.419655,-0.03412860000003093,-0.03564060000003337,-0.03587718484846526,-0.03580776083919776,-0.036018600000033985
34.439655,-0.036018600000033985,-0.03564060000003337,-0.03595945777608502,-0.035788763170185506,-0.036018600000033985
34.459655,-0.036018600000033985,-0.035830600000008414,-0.036128660758646305,-0.0358261757575736,-0.036018600000033985
34.479655,-0.036018600000033985,-0.03639859999998407,-0.03633614362125041,-0.03619722470860955,-0.036018600000033985
34.499654,-0.0369685999999092,-0.036588599999959115,-0.03649994191981174,-0.036625616316986485,-0.0369685999999092
34.519654,-0.0369685999999092,-0.036588599999959115,-0.03654112113532348,-0.03702209650343769,-0.0369685999999092
34.539654,-0.0369685999999092,-0.03674059999993915,-0.03642040243677707,-0.03642573286708192,-0.0369685999999092
34.559655,-0.036018600000033985,-0.03632459999994353,-0.036159308494712564,-0.03626589603725007,-0.03677859999993416
34.579654,-0.03677859999993416,-0.035606599999982794,-0.035836250682544736,-0.03593722470857274,-0.036018600000033985
34.599653,-0.0348885999999311,-0.035606599999982794,-0.03555792748391726,-0.035474870396243585,-0.036018600000033985
34.619653,-0.03337860000010551,-0.035380599999962216,-0.035416826126911244,-0.035080837762224745,-0.0348885999999311
34.639653,-0.0369685999999092,-0.035078599999997094,-0.035452512857697585,-0.03513328531469358,-0.0348885999999311
34.659653,-0.0348885999999311,-0.03530460000001767,-0.035633671017322885,-0.035575476456869655,-0.03526860000010856
34.679652,-0.03526860000010856,-0.03621060000000398,-0.03586896906791173,-0.03598058135199376,-0.036018600000033985
34.699652,-0.036018600000033985,-0.03621060000000398,-0.0360430221731613,-0.036391770163188,-0.036018600000033985
34.719652,-0.03790860000003704,-0.03628660000003947,-0.03606423966968939,-0.03631046480187327,-0.036018600000033985
34.739652,-0.0369685999999092,-0.03605860000002394,-0.03590548447520119,-0.03574498694642706,-0.036018600000033985
34.759652,-0.03526860000010856,-0.035680600000023335,-0.03561848973102733,-0.03590265594409231,-0.03526860000010856
34.779652,-0.03412860000003093,-0.035152600000037636,-0.03531328439568563,-0.03510482377626892,-0.03526860000010856
34.799651,-0.03412860000003093,-0.03496260000006259,-0.03511198644620236,-0.03469246946392908,-0.03526860000010856
34.819651,-0.03526860000010856,-0.034584600000061985,-0.035100112145139244,-0.03505421771566819,-0.03412860000003093
34.839651,-0.036018600000033985,-0.03553060000003825,-0.035297814429493694,-0.03544962564107211,-0.03526860000010856
34.859651,-0.03337860000010551,-0.03643860000001951,-0.03566043334360761,-0.03588866993009443,-0.036018600000033985
34.87965,-0.03885859999991226,-0.03621060000000398,-0.03610277129041888,-0.03621013846154423,-0.036018600000033985
34.89965,-0.038668599999937214,-0.03621259999999893,-0.03653187514353745,-0.03653160699300356,-0.03602860000000874
34.91965,-0.03412860000003093,-0.036930599999959665,-0.03687140037157372,-0.036604264335632755,-0.0369685999999092
34.93965,-0.03602860000000874,-0.03674059999998462,-0.037069014199338245,-0.0370984135197788,-0.0369685999999092
34.95965,-0.0369685999999092,-0.03640059999997902,-0.03709321200679609,-0.03714279580416298,-0.0369685999999092
34.97965,-0.03790860000003704,-0.03715659999998024,-0.03693377094436805,-0.036676711888101454,-0.0369685999999092
34.999649,-0.0369685999999092,-0.036776599999984685,-0.03661182776459172,-0.036599835431235704,-0.0369685999999092
35.019649,-0.03790860000003704,-0.03658860000000459,-0.03619041947276539,-0.036570091841484534,-0.0369685999999092
35.039649,-0.03412860000003093,-0.035832600000003365,-0.03577045563075925,-0.035864870396278135,-0.03602860000000874
35.059649,-0.03602860000000874,-0.03541660000000775,-0.035465518437194025,-0.035480255011661244,-0.0348885999999311
35.079648,-0.03412860000003093,-0.03504060000000209,-0.03536361045507545,-0.0350352666666627,-0.0348885999999311
35.099648,-0.0348885999999311,-0.035608599999977744,-0.03549376459909841,-0.035234567365955774,-0.03602860000000874
35.119648,-0.03602860000000874,-0.035608599999977744,-0.03581434739046978,-0.03586020839156907,-0.03602860000000874
35.139648,-0.0369685999999092,-0.036516599999959,-0.03622942152416342,-0.03660631561768522,-0.03602860000000874
35.159648,-0.03602860000000874,-0.037120599999980186,-0.03662594832453524,-0.036718343589734574,-0.0369685999999092
35.179647,-0.038668599999937214,-0.03696860000000015,-0.03691498293084673,-0.03697083776222939,-0.0369685999999092
35.199647,-0.03790860000003704,-0.03678060000002006,-0.037058640892725835,-0.03705172354313674,-0.03602860000000874
35.219647,-0.03526860000010856,-0.03696860000000015,-0.0370718354516637,-0.037106898368296816,-0.0369685999999092
35.239647,-0.03602860000000874,-0.036816600000020114,-0.03700096572162205,-0.036763704895115976,-0.0369685999999092
35.259647,-0.0369685999999092,-0.03659059999999954,-0.03689422183045089,-0.03689547645689299,-0.03677859999993416
35.279647,-0.03790860000003704,-0.03659059999999954,-0.03678073423725513,-0.03645727132869446,-0.03677859999993416
35.299646,-0.03677859999993416,-0.0369666000000052,-0.03666625376235785,-0.03652321538461831,-0.0369685999999092
35.319646,-0.03526860000010856,-0.03655060000000958,-0.03654106805258639,-0.03687291235430106,-0.03677859999993416
35.339646,-0.03790860000003704,-0.036362599999984015,-0.03639169370827009,-0.03690200326338424,-0.03677859999993416
35.359646,-0.0348885999999311,-0.036362599999984015,-0.036210838471172874,-0.036120767832150666,-0.03677859999993416
35.379646,-0.0369685999999092,-0.03628659999994852,-0.03600324936293361,-0.035451770163133306,-0.03677859999993416
35.399645,-0.03677859999993416,-0.03515259999994669,-0.035785691404490894,-0.03585260932396746,-0.0348885999999311
35.419645,-0.0348885999999311,-0.0355305999999473,-0.035580221349538234,-0.03582160699293423,-0.03677859999993416
35.439645,-0.03223860000002787,-0.0358705999999529,-0.035403889897770026,-0.03533908951041861,-0.03677859999993416
35.459645,-0.03677859999993416,-0.03511459999995168,-0.03526277188233888,-0.035269812121170904,-0.0348885999999311
35.479645,-0.038668599999937214,-0.034962599999971644,-0.03515644542546731,-0.03505232960371542,-0.03412860000003093
35.499644,-0.03299859999992805,-0.03556859999998778,-0.03508864994263262,-0.03504379813518959,-0.03526860000010856
35.519644,-0.03412860000003093,-0.0354186000000027,-0.035072332739768536,-0.035293098834495815,-0.03526860000010856
35.539644,-0.03526860000010856,-0.03466260000000147,-0.03512339954120981,-0.0355921897435858,-0.0348885999999311
35.559644,-0.03602860000000874,-0.035268600000017615,-0.03524941514533599,-0.03477125734267704,-0.03526860000010856
35.579643,-0.0348885999999311,-0.03564860000001317,-0.035442444858156584,-0.03497151375293824,-0.03602860000000874
35.599643,-0.03602860000000874,-0.03542059999999765,-0.03567902416396641,-0.03592673519814045,-0.03602860000000874
35.619643,-0.03602860000000874,-0.035948599999983344,-0.03592520470978546,-0.03620151375288459,-0.03602860000000874
35.639643,-0.03412860000003093,-0.036364599999978965,-0.03614470235497993,-0.03623344848481766,-0.03602860000000874
35.659643,-0.038668599999937214,-0.036364599999978965,-0.03630916594678056,-0.03620757435897017,-0.03602860000000874
35.679642,-0.0369685999999092,-0.03621259999999893,-0.036407630898987305,-0.03636515011655461,-0.03602860000000874
35.699642,-0.03602860000000874,-0.03659259999999449,-0.03644910542350298,-0.03640573286712076,-0.03602860000000874
35.719642,-0.03526860000010856,-0.03625259999998889,-0.036453987036765625,-0.0364811407925238,-0.03602860000000874
35.739642,-0.03602860000000874,-0.03621459999999388,-0.036438347882777805,-0.03649570955709288,-0.03602860000000874
35.759642,-0.0369685999999092,-0.03621459999999388,-0.036402167398486465,-0.036110185081570254,-0.03602860000000874
35.779642,-0.03677859999993416,-0.036366599999973916,-0.036329999898810646,-0.03619547645687101,-0.03602860000000874
35.799641,-0.03602860000000874,-0.036366599999973916,-0.036202921064953236,-0.03632841351981059,-0.03602860000000874
35.819641,-0.03602860000000874,-0.036026600000013786,-0.03601350539579855,-0.03641752773892719,-0.03602860000000874
35.839641,-0.03602860000000874,-0.0358766000000287,-0.03577575124413054,-0.03563818041958703,-0.03602860000000874
35.859641,-0.03526860000010856,-0.03564860000001317,-0.03552611502390442,-0.035448763170185846,-0.03602860000000874
35.879641,-0.03602860000000874,-0.03504259999999704,-0.03531565394631872,-0.03527519673660447,-0.03526860000010856
35.89964,-0.0348885999999311,-0.0354186000000027,-0.03519580121775167,-0.03526202657341614,-0.03526860000010856
35.91964,-0.03299859999992805,-0.03534259999996721,-0.03520262050872603,-0.03520470722609576,-0.0348885999999311
35.93964,-0.03790860000003704,-0.03534259999996721,-0.03534586031599983,-0.035422539393910615,-0.0348885999999311
35.95964,-0.0348885999999311,-0.03557059999998273,-0.03560706412360183,-0.03555836689972326,-0.03602860000000874
35.97964,-0.03602860000000874,-0.036364599999978965,-0.035945515854514914,-0.03596370489507776,-0.03602860000000874
35.999639,-0.03602860000000874,-0.0359885999999733,-0.0363071296450387,-0.0362892759906611,-0.03602860000000874
36.019639,-0.0369685999999092,-0.03659259999999449,-0.03663300923385478,-0.03666333193473302,-0.03602860000000874
36.039639,-0.03602860000000874,-0.03659259999999449,-0.03686793806407745,-0.03670729463869285,-0.03602860000000874
36.059639,-0.03790860000003704,-0.03696860000000015,-0.036969983197855424,-0.03713601258741703,-0.0369685999999092
36.079638,-0.03602860000000874,-0.03696860000000015,-0.03692056322190832,-0.036792702564095024,-0.0369685999999092
36.099638,-0.03790860000003704,-0.03674059999998462,-0.03673188985406334,-0.036565336596720094,-0.0369685999999092
36.119638,-0.0369685999999092,-0.03613659999996344,-0.03644741459258717,-0.036637597668954545,-0.03602860000000874
36.139638,-0.0348885999999311,-0.03632459999994353,-0.03613238695352446,-0.03635053473186535,-0.0369685999999092
36.159638,-0.0348885999999311,-0.03613659999991796,-0.03585642600353046,-0.035644870396206584,-0.0369685999999092
36.179637,-0.0369685999999092,-0.03541859999995722,-0.03567500486460077,-0.03573598927733869,-0.0348885999999311
36.199637,-0.0369685999999092,-0.035494599999992715,-0.035616626488280644,-0.03542622237761451,-0.03526860000010856
36.219637,-0.03337860000010551,-0.0360986000000139,-0.0356774268936427,-0.03575347179488784,-0.0369685999999092
36.239637,-0.03526860000010856,-0.03575860000005378,-0.0358220932777313,-0.035997737529178175,-0.03526860000010856
36.259637,-0.03790860000003704,-0.03575860000005378,-0.03599193543765927,-0.035916875058339126,-0.03526860000010856
36.279636,-0.03526860000010856,-0.036136600000054385,-0.03612104832157413,-0.0360228424243029,-0.03526860000010856
36.299636,-0.0369685999999092,-0.03628860000003442,-0.03615637186487206,-0.0361167818182187,-0.03602860000000874
36.319636,-0.03526860000010856,-0.03606260000001384,-0.036073592721823124,-0.036337481118902996,-0.03602860000000874
36.339636,-0.03602860000000874,-0.035834599999998315,-0.03588327026488774,-0.03589130396272288,-0.03602860000000874
36.359636,-0.03677859999993416,-0.03549460000003819,-0.03562658604391509,-0.0354133319347333,-0.03526860000010856
36.379636,-0.03412860000003093,-0.0354186000000027,-0.03536297680365207,-0.035321793473193266,-0.03526860000010856
36.399635,-0.03526860000010856,-0.03519059999998717,-0.035153238097332666,-0.03504018508159997,-0.0348885999999311
36.419635,-0.0348885999999311,-0.03488860000002205,-0.03504338136410164,-0.03513293566433633,-0.0348885999999311
36.439635,-0.0348885999999311,-0.035268600000017615,-0.035055096946880984,-0.035182469463874926,-0.03526860000010856
36.459635,-0.03526860000010856,-0.03542059999999765,-0.03518587116059424,-0.03518878648021574,-0.03526860000010856
36.479635,-0.03602860000000874,-0.03564860000001317,-0.03541677544140261,-0.0355858960373207,-0.03602860000000874
36.499634,-0.03602860000000874,-0.035724600000048665,-0.03572204720847751,-0.03566542983683814,-0.03602860000000874
36.519634,-0.03602860000000874,-0.036064600000008794,-0.036074377737102446,-0.03600286573428124,-0.03602860000000874
36.539634,-0.03526860000010856,-0.03625259999998889,-0.03644393740321377,-0.036360394871798644,-0.03602860000000874
36.559634,-0.0369685999999092,-0.03662859999999455,-0.03679517264763359,-0.03685727132865924,-0.0369685999999092
36.579633,-0.0369685999999092,-0.03700460000000021,-0.03708818485547445,-0.0370858027972068,-0.0369685999999092
36.599633,-0.03790860000003704,-0.037532599999985906,-0.037287810642020844,-0.0373621431235411,-0.03790860000003704
36.619633,-0.03790860000003704,-0.03734460000000581,-0.037376142339154324,-0.03730566293705458,-0.03790860000003704
36.639633,-0.03790860000003704,-0.037306600000010806,-0.037359705370211355,-0.037271327272717626,-0.03790860000003704
36.659633,-0.03602860000000874,-0.03693060000000514,-0.03726514270585827,-0.03714892634034959,-0.03677859999993416
36.679632,-0.03677859999993416,-0.03693060000000514,-0.03712559373426529,-0.03721466060606789,-0.03677859999993416
36.699632,-0.03602860000000874,-0.03693060000000514,-0.03696756985038721,-0.036902539393947636,-0.03677859999993416
36.719632,-0.03790860000003704,-0.03708059999999023,-0.03680806269162945,-0.036915220046614294,-0.03677859999993416
36.739632,-0.03790860000003704,-0.036778600000025106,-0.03666270943743614,-0.03665321538461657,-0.03677859999993416
36.759632,-0.03677859999993416,-0.0369666000000052,-0.03655529746473485,-0.03683428764570391,-0.0369685999999092
36.779632,-0.03526860000010856,-0.03643860000001951,-0.036516678735038895,-0.03654692167834742,-0.03677859999993416
36.799631,-0.0369685999999092,-0.03643860000001951,-0.03657008763635913,-0.03638321538464741,-0.03677859999993416
36.819631,-0.03526860000010856,-0.03628860000003442,-0.03671201043162488,-0.036432772494203944,-0.03602860000000874
36.839631,-0.03790860000003704,-0.036816600000020114,-0.03690260941713496,-0.036877154778563515,-0.0369685999999092
36.859631,-0.03602860000000874,-0.03719460000002073,-0.03707433752382541,-0.03719575617716667,-0.03790860000003704
36.879631,-0.03790860000003704,-0.03753459999998086,-0.03715682572717819,-0.0374176909090769,-0.03790860000003704
36.89963,-0.03885859999991226,-0.03700659999999516,-0.037106707525486914,-0.03704880979022451,-0.0369685999999092
36.91963,-0.0369685999999092,-0.03700659999999516,-0.036927011226839335,-0.036913355244755267,-0.0369685999999092
36.93963,-0.03526860000010856,-0.036478600000009465,-0.036665067220049065,-0.036456245687653384,-0.03602860000000874
36.95963,-0.03602860000000874,-0.03610060000000885,-0.03639015317984617,-0.036555359906763285,-0.03602860000000874
36.97963,-0.03526860000010856,-0.03606260000001384,-0.03616470835915765,-0.03628333193471774,-0.03602860000000874
36.999629,-0.0369685999999092,-0.03640259999997397,-0.03602545194552547,-0.035762586013969505,-0.03677859999993416
37.019629,-0.03677859999993416,-0.036174599999958444,-0.035981001542743495,-0.03591757435895398,-0.03677859999993416
37.039629,-0.0369685999999092,-0.035946599999942916,-0.03601966551694023,-0.03611232960368657,-0.03677859999993416
37.059629,-0.0348885999999311,-0.036134599999968486,-0.03611630299687972,-0.03638316876451663,-0.03677859999993416
37.079628,-0.03412860000003093,-0.036172599999963494,-0.036233840224141146,-0.036140907692249216,-0.0369685999999092
37.099629,-0.03790860000003704,-0.036172599999963494,-0.0363253145656649,-0.03623575617712483,-0.0369685999999092
37.119628,-0.0369685999999092,-0.03602059999998346,-0.03634425058708437,-0.036157411188792135,-0.0369685999999092
37.139628,-0.0369685999999092,-0.036776599999984685,-0.03626226847709577,-0.0361478540792475,-0.0369685999999092
37.159628,-0.03412860000003093,-0.03602059999998346,-0.036083833362348015,-0.03644025501165008,-0.0369685999999092
37.179627,-0.03790860000003704,-0.035832600000003365,-0.035849061321651755,-0.03608118741258379,-0.03602860000000874
37.199627,-0.03412860000003093,-0.03564460000002327,-0.03562349034286682,-0.035302679254087026,-0.03602860000000874
37.219627,-0.03602860000000874,-0.03564460000002327,-0.03547961682281019,-0.03550253939396145,-0.03602860000000874
37.239627,-0.03602860000000874,-0.035268600000017615,-0.03547613519333618,-0.03544417109560218,-0.03602860000000874
37.259627,-0.03412860000003093,-0.036024600000018836,-0.03564027113589242,-0.03574454405597151,-0.03602860000000874
37.279626,-0.03602860000000874,-0.0358726000000388,-0.03595815281274625,-0.03593708484852121,-0.03602860000000874
37.299626,-0.03790860000003704,-0.03624860000004446,-0.03637669288078415,-0.03631759766903848,-0.03602860000000874
37.319626,-0.03526860000010856,-0.037004600000045684,-0.03681674045213064,-0.0367899752914234,-0.03790860000003704
37.339626,-0.03790860000003704,-0.037004600000045684,-0.03719300894516252,-0.037110045221492964,-0.03790860000003704
37.359626,-0.03790860000003704,-0.037346600000046234,-0.037434705778832504,-0.03779242284386551,-0.03790860000003704
37.379626,-0.03602860000000874,-0.03749860000002627,-0.037501967380321605,-0.03743883310027755,-0.03790860000003704
37.399625,-0.039618600000039805,-0.03750060000002122,-0.037394647429075584,-0.03722473053615108,-0.03790860000003704
37.419625,-0.03602860000000874,-0.03674660000001495,-0.037150912345068905,-0.03712713146853766,-0.03602860000000874
37.439625,-0.03791860000001179,-0.036934599999995044,-0.03683484845813501,-0.036597760839163704,-0.0369685999999092
37.459625,-0.03413860000000568,-0.03621659999998883,-0.03651625982342733,-0.03659337855476545,-0.03602860000000874
37.479625,-0.0369685999999092,-0.036366599999973916,-0.03625078051882248,-0.036425965967330866,-0.03677859999993416
37.499624,-0.03602860000000874,-0.036176599999953395,-0.036069549389645246,-0.03598237622372421,-0.03677859999993416
37.519624,-0.03677859999993416,-0.03632659999993848,-0.0359816566493904,-0.03618188671323184,-0.03677859999993416
37.539624,-0.0369685999999092,-0.03613859999995839,-0.03598332439340271,-0.03596652540788161,-0.03602860000000874
37.559624,-0.0348885999999311,-0.03613859999995839,-0.036063735494109246,-0.03616811048946336,-0.03602860000000874
37.579623,-0.03602860000000874,-0.0359885999999733,-0.036202511880845334,-0.03608270256407179,-0.03602860000000874
37.599623,-0.03602860000000874,-0.0359885999999733,-0.03636330912756822,-0.03626344848482248,-0.03602860000000874
37.619623,-0.03602860000000874,-0.03651859999999942,-0.03649321134424402,-0.03639104755244814,-0.03602860000000874
37.639623,-0.0369685999999092,-0.03651859999999942,-0.03653428450845963,-0.036392562703966354,-0.03602860000000874
37.659623,-0.037538600000061706,-0.03651859999999942,-0.036444796151069575,-0.03666326200466115,-0.03602860000000874
37.679622,-0.03602860000000874,-0.036290599999983894,-0.03621982146537291,-0.036316222377604644,-0.03602860000000874
37.699622,-0.03602860000000874,-0.0361026000000038,-0.03589958888599834,-0.035998646620031965,-0.03602860000000874
37.719622,-0.0348885999999311,-0.0354225999999926,-0.03555996856474736,-0.035568809790217704,-0.03602860000000874
37.739622,-0.03602860000000874,-0.035270600000012566,-0.03528861287115756,-0.035251700233120645,-0.03526860000010856
37.759622,-0.03413860000000568,-0.03511860000003253,-0.03515638296965012,-0.03497650209793732,-0.03526860000010856
37.779622,-0.03526860000010856,-0.03534660000004806,-0.03519456678392815,-0.035014310955759895,-0.03526860000010856
37.799621,-0.03526860000010856,-0.03519460000006802,-0.035385595619172795,-0.035452329603776665,-0.03526860000010856
37.819621,-0.03602860000000874,-0.035722600000053714,-0.03567023105081733,-0.0357461524476193,-0.03526860000010856
37.839621,-0.03526860000010856,-0.036252600000034364,-0.035968637599780265,-0.03608349510493706,-0.03602860000000874
37.859621,-0.03677859999993416,-0.036252600000034364,-0.03620805070659299,-0.036408903030339626,-0.03602860000000874
37.879621,-0.03791860000001179,-0.03640260000001945,-0.03634717933001523,-0.03630813379956458,-0.03677859999993416
37.89962,-0.03526860000010856,-0.03640260000001945,-0.03638766017508685,-0.036328856410282044,-0.03677859999993416
37.91962,-0.03677859999993416,-0.036252600000034364,-0.0363672003602135,-0.0363636815850972,-0.03602860000000874
37.93962,-0.03526860000010856,-0.03606260000001384,-0.03633759160436975,-0.03639701491841263,-0.03602860000000874
37.95962,-0.03602860000000874,-0.036364599999978965,-0.03633886465039919,-0.03604526666666787,-0.03677859999993416
37.97962,-0.0369685999999092,-0.03621459999999388,-0.036382294840201224,-0.0361902550116389,-0.03602860000000874
37.999619,-0.03677859999993416,-0.036366599999973916,-0.03644881616104606,-0.03665932261070361,-0.03602860000000874
38.019619,-0.03602860000000874,-0.03674459999997452,-0.03650085751346442,-0.03636922937061455,-0.03677859999993416
38.039619,-0.03602860000000874,-0.03655659999999443,-0.03650069228974897,-0.03660221305358401,-0.03602860000000874
38.059619,-0.03791860000001179,-0.03617859999999382,-0.03642825138275507,-0.036686432167819985,-0.03602860000000874
38.079618,-0.03602860000000874,-0.03655659999999443,-0.03629272661159796,-0.03644041818181125,-0.03602860000000874
38.099618,-0.0348885999999311,-0.03655659999999443,-0.036133559876739066,-0.036066711888109296,-0.03602860000000874
38.119618,-0.03791860000001179,-0.03580059999999321,-0.036009163070237424,-0.03588246946387465,-0.03602860000000874
38.139618,-0.03602860000000874,-0.03564860000001317,-0.03597588360163275,-0.03595717808859605,-0.03526860000010856
38.159618,-0.03413860000000568,-0.03617860000003929,-0.03606352510564243,-0.03579426433569293,-0.03602860000000874
38.179617,-0.03526860000010856,-0.03617860000003929,-0.03625715641581624,-0.036310091841530404,-0.03602860000000874
38.199617,-0.037538600000061706,-0.03617860000003929,-0.036496207259536916,-0.036588296969743334,-0.03602860000000874
38.219617,-0.03791860000001179,-0.03693460000004052,-0.03669554147761679,-0.03654566293709875,-0.037538600000061706
38.239617,-0.03602860000000874,-0.03708660000002055,-0.03678006908186419,-0.03705260932403831,-0.037538600000061706
38.259617,-0.03791860000001179,-0.03678460000000996,-0.03671530595499727,-0.036903681585107616,-0.03602860000000874
38.279616,-0.03602860000000874,-0.03640660000000935,-0.03651910090540392,-0.03660950909091568,-0.03602860000000874
38.299616,-0.03602860000000874,-0.03602860000000874,-0.03625073444785362,-0.03601403123542385,-0.03602860000000874
38.319616,-0.03602860000000874,-0.035838599999988216,-0.03598442106598711,-0.035569439160823224,-0.03602860000000874
38.339616,-0.03413860000000568,-0.035610599999972695,-0.035780304963382525,-0.0358751034964801,-0.03602860000000874
38.359616,-0.0369685999999092,-0.035610599999972695,-0.035666014658390366,-0.03562591934729172,-0.03602860000000874
38.379616,-0.0348885999999311,-0.0359885999999733,-0.03563588715577554,-0.035846082517447066,-0.03602860000000874
38.399615,-0.03602860000000874,-0.0359885999999733,-0.03566562021979107,-0.035749089510477394,-0.03602860000000874
38.419615,-0.03791860000001179,-0.03580059999999321,-0.035732126754730816,-0.03586202657342083,-0.03602860000000874
38.439615,-0.03413860000000568,-0.0358766000000287,-0.03582617080553275,-0.03595990536131856,-0.03602860000000874
38.459615,-0.03602860000000874,-0.03602860000000874,-0.03595069687802218,-0.0356904881119047,-0.03602860000000874
38.479614,-0.03526860000010856,-0.03565060000000812,-0.03610794050526874,-0.0361228657342719,-0.03602860000000874
38.499614,-0.03678859999990891,-0.03618059999998877,-0.036286196873287324,-0.0361993459207376,-0.03602860000000874
38.519614,-0.03602860000000874,-0.03655859999998938,-0.03645641036492723,-0.036230837762232085,-0.03678859999990891
38.539614,-0.03678859999990891,-0.036710599999969416,-0.036581067846954474,-0.03693755104893238,-0.03678859999990891
38.559614,-0.03791860000001179,-0.03655859999998938,-0.03662984322069448,-0.036529672261043505,-0.03602860000000874
38.579613,-0.03602860000000874,-0.03674659999996947,-0.036592792488668494,-0.036597620978987624,-0.03678859999990891
38.599613,-0.03602860000000874,-0.03621659999998883,-0.036483930918467244,-0.036420674592062385,-0.03602860000000874
38.619613,-0.0369685999999092,-0.03621659999998883,-0.03633440467643947,-0.03636731794870424,-0.03602860000000874
38.639613,-0.03413860000000568,-0.03621659999998883,-0.036180894607024054,-0.03623027832166769,-0.03602860000000874
38.659613,-0.03791860000001179,-0.03621659999998883,-0.036056548279166434,-0.036027271328666025,-0.03602860000000874
38.679613,-0.03602860000000874,-0.03602860000000874,-0.03598765162959925,-0.03595454405595277,-0.03602860000000874
38.699612,-0.03602860000000874,-0.036254600000029315,-0.035993257340511,-0.035917271328694114,-0.03602860000000874
38.719612,-0.03602860000000874,-0.0358766000000287,-0.036082779649095766,-0.03618860000003736,-0.03602860000000874
38.739612,-0.03526860000010856,-0.036254600000029315,-0.03625046509460039,-0.036567014918445585,-0.03602860000000874
38.759612,-0.03602860000000874,-0.03663260000002992,-0.036471454931943474,-0.0363163622377998,-0.03602860000000874
38.779612,-0.03791860000001179,-0.03663260000002992,-0.036705191555643384,-0.036529648951072725,-0.03602860000000874
38.799611,-0.03791860000001179,-0.03678460000000996,-0.03690639605371308,-0.03662734125875742,-0.03602860000000874
38.819611,-0.03602860000000874,-0.03697259999999005,-0.03703734445328268,-0.03724573286712794,-0.0369685999999092
38.839611,-0.03602860000000874,-0.03697259999999005,-0.03707517002426468,-0.0373093692307441,-0.0369685999999092
38.859611,-0.0369685999999092,-0.03712259999997514,-0.03701441206401079,-0.036979066200451896,-0.0369685999999092
38.879611,-0.03791860000001179,-0.03674459999997452,-0.03686917887872597,-0.03671846013983334,-0.0369685999999092
38.89961,-0.038668599999937214,-0.03674459999997452,-0.0366750715533909,-0.036665289976657495,-0.0369685999999092
38.91961,-0.03413860000000568,-0.03674459999997452,-0.03648458983321458,-0.03662612913750596,-0.0369685999999092
38.93961,-0.03602860000000874,-0.036366599999973916,-0.03635157337242925,-0.036436711888093644,-0.03602860000000874
38.95961,-0.0369685999999092,-0.035838599999988216,-0.03630999033277151,-0.03619974219112704,-0.03602860000000874
38.979609,-0.03602860000000874,-0.03640459999996892,-0.0363588661786961,-0.03616067459203352,-0.03602860000000874
38.999609,-0.03602860000000874,-0.03655659999994896,-0.03646175024283873,-0.03614424102559374,-0.03678859999990891
39.019609,-0.0369685999999092,-0.0365205999999489,-0.03656101344026776,-0.03678932261066531,-0.03678859999990891
39.039609,-0.03678859999990891,-0.0365205999999489,-0.03660132647191685,-0.03679647878781772,-0.03678859999990891
39.059609,-0.03678859999990891,-0.03689859999994951,-0.03655379017422414,-0.03679109417246419,-0.03678859999990891
39.079608,-0.03602860000000874,-0.036710599999969416,-0.03643147413484871,-0.036728040559404415,-0.03678859999990891
39.099608,-0.03791860000001179,-0.03640660000000935,-0.03628903793124761,-0.03608424102562969,-0.03602860000000874
39.119608,-0.03602860000000874,-0.036026600000013786,-0.036203650086935324,-0.035920278321701464,-0.03602860000000874
39.139608,-0.03526860000010856,-0.03587460000003375,-0.03624128135552298,-0.036030884382324546,-0.03526860000010856
39.159608,-0.0348885999999311,-0.03621460000003936,-0.03642115206164652,-0.03643545314689903,-0.03526860000010856
39.179608,-0.03526860000010856,-0.036592600000039964,-0.036697232778973396,-0.03676589603733339,-0.03526860000010856
39.199607,-0.039618600000039805,-0.037122600000020614,-0.036971178823067066,-0.036974380885820814,-0.03791860000001179
39.219607,-0.03791860000001179,-0.037350600000036135,-0.03713379795010767,-0.03715090769234078,-0.03791860000001179
39.239607,-0.03791860000001179,-0.03750260000001617,-0.03711316806260607,-0.03722911282051806,-0.03791860000001179
39.259607,-0.03602860000000874,-0.03655659999999443,-0.03690292118832591,-0.037045173426572424,-0.03602860000000874
39.279606,-0.03602860000000874,-0.03633059999997386,-0.036558300175205255,-0.03672314545451637,-0.03602860000000874
39.299606,-0.0348885999999311,-0.035952599999973245,-0.03616809946433806,-0.03583349510486599,-0.03602860000000874
39.319606,-0.03678859999990891,-0.035952599999973245,-0.035821586844440714,-0.03565025501162743,-0.03602860000000874
39.339606,-0.03602860000000874,-0.03557459999997263,-0.03558556725730827,-0.03546769090907534,-0.03602860000000874
39.359606,-0.03602860000000874,-0.03580259999998816,-0.035494940821358956,-0.03567978881117093,-0.03602860000000874
39.379606,-0.03413860000000568,-0.03565060000000812,-0.03555177583616631,-0.035704707226101695,-0.03602860000000874
39.399605,-0.03602860000000874,-0.03580259999998816,-0.03572838527539345,-0.035844544055946934,-0.03602860000000874
39.419605,-0.03602860000000874,-0.03580259999998816,-0.03597449146124332,-0.03590354172492656,-0.03602860000000874
39.439605,-0.03678859999990891,-0.03633259999996881,-0.03622964892008239,-0.03611372820509807,-0.03602860000000874
39.459605,-0.03602860000000874,-0.03648459999994884,-0.03643864355414915,-0.0364285300698816,-0.03678859999990891
39.479604,-0.03678859999990891,-0.03648459999994884,-0.0365647235226664,-0.03663344848479941,-0.03678859999990891
39.499604,-0.03678859999990891,-0.0365205999999489,-0.03659645465126068,-0.03667960233094909,-0.03678859999990891
39.519604,-0.03602860000000874,-0.0365205999999489,-0.036546988968379074,-0.036572143123482934,-0.03678859999990891
39.539604,-0.0369685999999092,-0.03655659999994896,-0.036446944119740664,-0.03639428764563394,-0.03678859999990891
39.559604,-0.03602860000000874,-0.036176599999953395,-0.036333235085997416,-0.03622836689972028,-0.03602860000000874
39.579603,-0.0369685999999092,-0.036176599999953395,-0.036236560290174476,-0.036059695571065115,-0.03602860000000874
39.599603,-0.0348885999999311,-0.0359885999999733,-0.03617065129954896,-0.036343518414869394,-0.03602860000000874
39.619603,-0.03602860000000874,-0.036176599999953395,-0.03612730584450416,-0.03599123403258509,-0.03602860000000874
39.639603,-0.03602860000000874,-0.03614059999995334,-0.0360811479772878,-0.03603258601396146,-0.03602860000000874
39.659603,-0.0369685999999092,-0.035838599999988216,-0.03600443428393163,-0.03601892634029917,-0.03602860000000874
39.679602,-0.03678859999990891,-0.03621659999998883,-0.03588576450326102,-0.03603137389276724,-0.03678859999990891
39.699602,-0.03337860000010551,-0.0359885999999733,-0.03574267784650096,-0.036101070862448834,-0.03678859999990891
39.719602,-0.03791860000001179,-0.03580059999999321,-0.035620986652343235,-0.03579626899764589,-0.03602860000000874
39.739602,-0.0348885999999311,-0.03542059999999765,-0.03558044621377961,-0.03526307552446827,-0.0348885999999311
39.759602,-0.03602860000000874,-0.03579859999999826,-0.03567138028103004,-0.03524398461540755,-0.03526860000010856
39.779602,-0.0348885999999311,-0.03534460000000763,-0.03590969943675972,-0.03589687505829528,-0.03526860000010856
39.799601,-0.03526860000010856,-0.03629060000002937,-0.03626066666711743,-0.03656659533800109,-0.03564860000005865
39.819601,-0.03564860000005865,-0.036818600000015064,-0.036642349926005735,-0.03656263263405157,-0.03564860000005865
39.839601,-0.039618600000039805,-0.03704660000003059,-0.03695253893710202,-0.03707239953382519,-0.03602860000000874
39.859601,-0.038668599999937214,-0.03719860000001063,-0.03710857790618745,-0.037116245687662405,-0.03602860000000874
39.8796,-0.03602860000000874,-0.03727460000000064,-0.03707845624273597,-0.03716368158509514,-0.03602860000000874
39.8996,-0.03602860000000874,-0.03655659999999443,-0.03688549709165776,-0.036877224708617894,-0.03602860000000874
39.9196,-0.03602860000000874,-0.03602860000000874,-0.03658711239745346,-0.03647034825173784,-0.03602860000000874
39.9396,-0.03602860000000874,-0.03602860000000874,-0.03624477027801513,-0.03586244615385949,-0.03602860000000874
39.959599,-0.03602860000000874,-0.03602860000000874,-0.03590410304839214,-0.035863798135221836,-0.03602860000000874
39.979599,-0.03602860000000874,-0.0358766000000287,-0.03559282237496628,-0.035813565034973516,-0.03602860000000874
39.999599,-0.03602860000000874,-0.03564860000001317,-0.03533096908010093,-0.03558230629373048,-0.03602860000000874
40.019599,-0.03526860000010856,-0.035270600000012566,-0.0351415208520088,-0.03516298228441309,-0.03526860000010856
40.039599,-0.0348885999999311,-0.03511860000003253,-0.03505159936175681,-0.034990837762261695,-0.03526860000010856
40.059599,-0.03413860000000568,-0.034890600000017,-0.035082776241707164,-0.03507102424242858,-0.0348885999999311
40.079598,-0.03526860000010856,-0.03523059999997713,-0.03523760675297145,-0.03524445081583865,-0.0348885999999311
40.099598,-0.0348885999999311,-0.035608599999977744,-0.03549262850492132,-0.03543223636361914,-0.03526860000010856
40.119598,-0.0369685999999092,-0.03598659999997835,-0.03580348834514453,-0.035954520745874394,-0.03602860000000874
40.139598,-0.03677859999993416,-0.03613859999995839,-0.03611906020449842,-0.036164544055922364,-0.03602860000000874
40.159598,-0.03602860000000874,-0.03655459999995401,-0.036395224468611174,-0.03628673519809969,-0.03677859999993416
40.179598,-0.03602860000000874,-0.03621459999999388,-0.03660047614124702,-0.036324777156139944,-0.03602860000000874
40.199597,-0.0369685999999092,-0.03625259999998889,-0.036713384118519515,-0.03681039487178401,-0.03602860000000874
40.219597,-0.03526860000010856,-0.0366305999999895,-0.036719110636060634,-0.0367926792540776,-0.0369685999999092
40.239597,-0.0369685999999092,-0.03700859999999011,-0.03661256831935854,-0.036603611655010346,-0.0369685999999092
40.259597,-0.03791860000001179,-0.03644260000000941,-0.03640891734483761,-0.03637228298368696,-0.0369685999999092
40.279596,-0.03791860000001179,-0.03621659999998883,-0.036152738620437115,-0.03638799393939322,-0.0369685999999092
40.299597,-0.03413860000000568,-0.03602860000000874,-0.03591337182188783,-0.0358402317016301,-0.03602860000000874
40.319596,-0.03413860000000568,-0.035838599999988216,-0.03576186532689826,-0.035781816783204724,-0.03602860000000874
40.339596,-0.03602860000000874,-0.035082599999986995,-0.03574026075927043,-0.03553587272727422,-0.03413860000000568
40.359596,-0.0369685999999092,-0.035838599999988216,-0.03584205507623692,-0.03572906620045058,-0.03602860000000874
40.379595,-0.03413860000000568,-0.036366599999973916,-0.03601555624499705,-0.035972166433533834,-0.03677859999993416
40.399595,-0.03791860000001179,-0.036516599999959,-0.036187347504572955,-0.036535103496453614,-0.03677859999993416
40.419595,-0.03677859999993416,-0.03610059999996338,-0.036293148537405305,-0.036373961305328176,-0.03677859999993416
40.439595,-0.03677859999993416,-0.03647859999996399,-0.03630147957770747,-0.03611652540790146,-0.03677859999993416
40.459594,-0.0348885999999311,-0.035948599999983344,-0.03622026002817059,-0.036283401864781135,-0.03602860000000874
40.479594,-0.03602860000000874,-0.03598659999997835,-0.03608617991172339,-0.03624083776220789,-0.03602860000000874
40.499594,-0.03526860000010856,-0.03598659999997835,-0.03594612006295474,-0.03573246946384525,-0.03602860000000874
40.519594,-0.0369685999999092,-0.035836599999993266,-0.03584172197453994,-0.035594940326329434,-0.03602860000000874
40.539594,-0.03677859999993416,-0.035836599999993266,-0.035801607557327156,-0.035924404195804734,-0.03602860000000874
40.559594,-0.03413860000000568,-0.0359885999999733,-0.03583830780513784,-0.03621785407925362,-0.03602860000000874
40.579593,-0.03602860000000874,-0.03617859999999382,-0.03594612839347886,-0.03572151375289017,-0.03602860000000874
40.599593,-0.03602860000000874,-0.03580059999999321,-0.036100759082163904,-0.03603013846150949,-0.03602860000000874
40.619593,-0.03791860000001179,-0.035950599999978294,-0.036263785974600865,-0.03618911282049588,-0.03602860000000874
40.639593,-0.0348885999999311,-0.03666859999998451,-0.03639230163815701,-0.036461606992990024,-0.03602860000000874
40.659593,-0.0348885999999311,-0.03666859999998451,-0.03645070058654176,-0.036640511421908106,-0.03602860000000874
40.679592,-0.039618600000039805,-0.036138600000003865,-0.03642201893076602,-0.036202702564114383,-0.03526860000010856
40.699592,-0.03602860000000874,-0.03621460000003936,-0.03631603088179855,-0.03639873986016872,-0.03526860000010856
40.719592,-0.03526860000010856,-0.03644260000005488,-0.036169224910321006,-0.03607417109562706,-0.03602860000000874
40.739592,-0.03526860000010856,-0.03610060000005433,-0.036033680033835905,-0.036289299300761205,-0.03602860000000874
40.759592,-0.03602860000000874,-0.035720600000058764,-0.03595931380036603,-0.036024520745977506,-0.03526860000010856
40.779592,-0.03790860000003704,-0.03606060000001889,-0.035978371349962186,-0.035538366899791785,-0.03602860000000874
40.799591,-0.03412860000003093,-0.03621259999999893,-0.036097165604325715,-0.03630871655012731,-0.03602860000000874
40.819591,-0.0369685999999092,-0.036362599999984015,-0.03629446664580001,-0.03635305221442736,-0.03677859999993416
40.839591,-0.03602860000000874,-0.03640059999997902,-0.036525386097787216,-0.03640820372956736,-0.03677859999993416
40.859591,-0.03677859999993416,-0.03655259999995906,-0.03673143963987391,-0.03669794731931083,-0.03677859999993416
40.879591,-0.038098600000012084,-0.03674059999998462,-0.03685631214478579,-0.03675971888109604,-0.03677859999993416
40.89959,-0.0348885999999311,-0.037116599999990285,-0.03686340259185877,-0.03708974219113996,-0.03790860000003704
40.91959,-0.03790860000003704,-0.03681460000002516,-0.03674950582469099,-0.03683603589744987,-0.03790860000003704
40.93959,-0.03790860000003704,-0.0364006000000245,-0.03654966449768267,-0.03666666526809345,-0.03602860000000874
40.95959,-0.03526860000010856,-0.03662860000004002,-0.03632956516924082,-0.0362481571096137,-0.03602860000000874
40.979589,-0.03602860000000874,-0.03610060000005433,-0.0361647951147051,-0.03585330862476252,-0.03602860000000874
40.999589,-0.03602860000000874,-0.035724600000048665,-0.03611254134526821,-0.036237271328714064,-0.03602860000000874
41.019589,-0.03526860000010856,-0.036064600000008794,-0.03618751310480608,-0.0360336815851025,-0.03602860000000874
41.039589,-0.03602860000000874,-0.03659259999999449,-0.036354127158057484,-0.03648992867132235,-0.03602860000000874
41.059589,-0.0369685999999092,-0.03659259999999449,-0.03654001306964003,-0.03671913613051081,-0.03602860000000874
41.079588,-0.038668599999937214,-0.03689459999995961,-0.03666517245960149,-0.03638661864799968,-0.03677859999993416
41.099588,-0.03602860000000874,-0.03651459999996405,-0.03667232958011674,-0.036736851748218266,-0.03677859999993416
41.119588,-0.03677859999993416,-0.03632659999998396,-0.036543567710960706,-0.03678731794867683,-0.03602860000000874
41.139588,-0.03412860000003093,-0.03632659999998396,-0.03629817360222167,-0.03642109417247296,-0.03602860000000874
41.159588,-0.03602860000000874,-0.03594659999998839,-0.03597914842538913,-0.035651420512829206,-0.03602860000000874
41.179587,-0.038668599999937214,-0.03541660000000775,-0.03563975011487332,-0.03543274918415134,-0.03412860000003093
41.199587,-0.03412860000003093,-0.03541660000000775,-0.03533429106513322,-0.03535114079253911,-0.03412860000003093
41.219587,-0.03412860000003093,-0.03560459999998784,-0.035109548469364475,-0.035327947319349066,-0.03412860000003093
41.239587,-0.03412860000003093,-0.034696600000006586,-0.034994702679831576,-0.035225616317013014,-0.03412860000003093
41.259587,-0.0369685999999092,-0.035076600000002144,-0.03499459321965259,-0.034681840093241205,-0.03412860000003093
41.279586,-0.03412860000003093,-0.035076600000002144,-0.03509171875934355,-0.034886129137546074,-0.03412860000003093
41.299586,-0.03602860000000874,-0.03545659999999771,-0.03525578458064748,-0.03562501025642043,-0.03602860000000874
41.319586,-0.03412860000003093,-0.03564460000002327,-0.03545505364272541,-0.03562748111888983,-0.03602860000000874
41.339586,-0.03602860000000874,-0.03579660000000331,-0.03566537865623035,-0.03557065128204341,-0.03602860000000874
41.359586,-0.03790860000003704,-0.03556859999998778,-0.03587538860282057,-0.03566062797202402,-0.0348885999999311
41.379586,-0.0348885999999311,-0.03613659999996344,-0.036086114541941584,-0.03619836689974197,-0.03602860000000874
41.399585,-0.0348885999999311,-0.0365125999999691,-0.03630391836154034,-0.03633160699297374,-0.0369685999999092
41.419585,-0.0369685999999092,-0.03628659999994852,-0.03653012200424506,-0.03675468391602926,-0.03677859999993416
41.439585,-0.03790860000003704,-0.03666459999994913,-0.036754301975840474,-0.03654797062930681,-0.03677859999993416
41.459584,-0.03677859999993416,-0.03708059999994475,-0.03695479067424309,-0.03658461398595252,-0.0369685999999092
41.479584,-0.03677859999993416,-0.03689259999996466,-0.03710340637668905,-0.03715496363633189,-0.03677859999993416
41.499584,-0.0369685999999092,-0.03689259999996466,-0.03717037051578934,-0.03746967226104521,-0.03677859999993416
41.519584,-0.03602860000000874,-0.037118599999985236,-0.03712990546349905,-0.03701538321677103,-0.0369685999999092
41.539584,-0.03790860000003704,-0.037118599999985236,-0.03696953458255435,-0.03687808717946017,-0.0369685999999092
41.559584,-0.03790860000003704,-0.03655060000000958,-0.036702179927644615,-0.03673818041957856,-0.03677859999993416
41.579583,-0.03677859999993416,-0.036700599999994664,-0.03637358192570585,-0.03657778414920088,-0.03677859999993416
41.599583,-0.03412860000003093,-0.03617260000000897,-0.03605631560324492,-0.03613535990678063,-0.03677859999993416
41.619583,-0.03677859999993416,-0.03579660000000331,-0.035829139494103025,-0.03575729463869149,-0.03602860000000874
41.639583,-0.03526860000010856,-0.0354186000000027,-0.035750361338123565,-0.03544603589742305,-0.03526860000010856
41.659583,-0.03602860000000874,-0.035948599999983344,-0.03583740314142248,-0.03595263263402179,-0.03602860000000874
41.679582,-0.0348885999999311,-0.03617460000000392,-0.03606076922081246,-0.03608841351981232,-0.03602860000000874
41.699582,-0.03677859999993416,-0.036702599999989614,-0.036354392574299316,-0.03641549976689533,-0.03677859999993416
41.719582,-0.03790860000003704,-0.03632259999999406,-0.036638430159213385,-0.03669368158509668,-0.03677859999993416
41.739582,-0.03790860000003704,-0.03692660000001524,-0.03684504152929025,-0.03679570955710927,-0.03790860000003704
41.759582,-0.03412860000003093,-0.03715260000003582,-0.03693592816451891,-0.03704659533801884,-0.03790860000003704
41.779581,-0.03790860000003704,-0.03654860000001463,-0.03690611956942386,-0.03700685174827754,-0.03790860000003704
41.799581,-0.03790860000003704,-0.03654860000001463,-0.036777312151083805,-0.03654976550118672,-0.03790860000003704
41.819581,-0.0348885999999311,-0.036700599999994664,-0.036587356469757526,-0.03634988205127686,-0.03790860000003704
41.839581,-0.03790860000003704,-0.03632459999998901,-0.03637957991523173,-0.036283751515139975,-0.03602860000000874
41.859581,-0.0348885999999311,-0.03609859999996843,-0.03619315270798536,-0.03666435757572957,-0.03602860000000874
41.87958,-0.03602860000000874,-0.03632659999998396,-0.03605616732917181,-0.03612020839156667,-0.03602860000000874
41.89958,-0.03677859999993416,-0.03610059999996338,-0.03598319913194277,-0.03562053473190427,-0.03602860000000874
41.91958,-0.03602860000000874,-0.035948599999983344,-0.03597680254584211,-0.0360322596736529,-0.03602860000000874
41.93958,-0.03677859999993416,-0.03579660000000331,-0.03602974939975907,-0.0359970848484858,-0.03602860000000874
41.95958,-0.03412860000003093,-0.036364600000024436,-0.03612548121642528,-0.036446245687659556,-0.03602860000000874
41.979579,-0.03526860000010856,-0.036364600000024436,-0.036238603105141515,-0.03638603589745602,-0.03602860000000874
41.999579,-0.039618600000039805,-0.03621460000003936,-0.03633973519945843,-0.03616018508164277,-0.03602860000000874
42.019579,-0.03602860000000874,-0.03644260000005488,-0.03640443331634408,-0.03618675850822066,-0.03602860000000874
42.039579,-0.03602860000000874,-0.03644260000005488,-0.03641893776967095,-0.036203425174886054,-0.03602860000000874
42.059579,-0.03526860000010856,-0.03591260000002876,-0.03637691476402418,-0.03657333193476574,-0.03602860000000874
42.079578,-0.03526860000010856,-0.03606260000001384,-0.03627172564309821,-0.03637834358974233,-0.03602860000000874
42.099578,-0.0369685999999092,-0.03621259999999893,-0.03609557648804022,-0.035921443822829045,-0.03677859999993416
42.119578,-0.03677859999993416,-0.03613659999996344,-0.03585086817669466,-0.03605626899764295,-0.03677859999993416
42.139578,-0.03677859999993416,-0.03590859999994791,-0.03556567570977912,-0.03546703822840204,-0.03677859999993416
42.159578,-0.0348885999999311,-0.03534059999997226,-0.03529798344487598,-0.03537076783212825,-0.0348885999999311
42.179577,-0.03412860000003093,-0.03481059999999161,-0.03511976926277884,-0.0352712340326046,-0.03412860000003093
42.199577,-0.03412860000003093,-0.035036600000012186,-0.035087441895047304,-0.03492834358976736,-0.03412860000003093
42.219577,-0.03412860000003093,-0.035264600000027714,-0.035216655258087544,-0.03502368158512171,-0.03412860000003093
42.239577,-0.03790860000003704,-0.03549260000004324,-0.035477361906035336,-0.03539023170167124,-0.03526860000010856
42.259577,-0.03602860000000874,-0.03606060000001889,-0.03581073857248076,-0.03613034825175884,-0.03602860000000874
42.279576,-0.03526860000010856,-0.03662859999999455,-0.036155274243634905,-0.03633563962703329,-0.0369685999999092
42.299576,-0.0369685999999092,-0.03640259999997397,-0.036466327876715623,-0.03649498694637475,-0.03677859999993416
42.319576,-0.0369685999999092,-0.036250599999993936,-0.036721625412479635,-0.0365838214452065,-0.03677859999993416
42.339576,-0.03677859999993416,-0.036780599999974586,-0.036914920050994005,-0.03667239953378568,-0.0369685999999092
42.359576,-0.03526860000010856,-0.0369705999999951,-0.037045098180493174,-0.03718111748250133,-0.0369685999999092
42.379575,-0.03791860000001179,-0.03716060000001562,-0.037108830581881164,-0.037071933333332606,-0.03791860000001179
42.399575,-0.03791860000001179,-0.037010600000030536,-0.037101723391881565,-0.037018063869499504,-0.03791860000001179
42.419575,-0.03791860000001179,-0.037010600000030536,-0.037025729920298095,-0.03702526666671062,-0.03791860000001179
42.439575,-0.03602860000000874,-0.037010600000030536,-0.03689469050885716,-0.03681419440563278,-0.03791860000001179
42.459575,-0.03526860000010856,-0.03663260000002992,-0.03673213028272715,-0.03688191002333272,-0.03602860000000874
42.479574,-0.03791860000001179,-0.036254600000029315,-0.03656380990079682,-0.03669922937065908,-0.03602860000000874
42.499574,-0.03602860000000874,-0.03663260000002992,-0.03641218856132924,-0.03634293566436974,-0.03602860000000874
42.519574,-0.03602860000000874,-0.03678460000000996,-0.036296180685508175,-0.03629197995339745,-0.03602860000000874
42.539574,-0.03791860000001179,-0.03602860000000874,-0.03623288823160635,-0.03623242284382376,-0.03602860000000874
42.559574,-0.03602860000000874,-0.03621659999998883,-0.03623561695131139,-0.036164264335648656,-0.03602860000000874
42.579573,-0.03413860000000568,-0.03621659999998883,-0.03630626058327846,-0.036120558041955714,-0.03602860000000874
42.599573,-0.0369685999999092,-0.03621659999998883,-0.03642721178889377,-0.03666060466199779,-0.03602860000000874
42.619573,-0.03602860000000874,-0.036594599999989444,-0.036562077904574275,-0.036694870396248566,-0.0369685999999092
42.639573,-0.03791860000001179,-0.037160599999970144,-0.03666969114839967,-0.03662377482514434,-0.0369685999999092
42.659573,-0.03791860000001179,-0.03674459999997452,-0.036724463339140305,-0.0366896256409932,-0.0369685999999092
42.679572,-0.0369685999999092,-0.03674459999997452,-0.036728534822327505,-0.03673382144519349,-0.0369685999999092
42.699572,-0.0348885999999311,-0.036366599999973916,-0.036705613005106164,-0.036628599999982775,-0.03602860000000874
42.719572,-0.03602860000000874,-0.036366599999973916,-0.03668050347813459,-0.0366249636363487,-0.03602860000000874
42.739572,-0.03602860000000874,-0.03655659999999443,-0.036660445482716165,-0.03651249277387825,-0.03602860000000874
42.759572,-0.03791860000001179,-0.03678460000000996,-0.036633263318612476,-0.03677048811188048,-0.03602860000000874
42.779571,-0.03791860000001179,-0.036934599999995044,-0.0365832539881258,-0.03670601258742358,-0.03677859999993416
42.799571,-0.03602860000000874,-0.036934599999995044,-0.036510941709120615,-0.03652957902098708,-0.03677859999993416
42.819571,-0.03677859999993416,-0.03617859999999382,-0.036440016350696144,-0.036451397202787464,-0.03602860000000874
42.839571,-0.03602860000000874,-0.035950599999978294,-0.03640541227083698,-0.036386618647997554,-0.03602860000000874
42.859571,-0.03413860000000568,-0.036516599999959,-0.036431129063558616,-0.0363368517482079,-0.03677859999993416
42.87957,-0.03677859999993416,-0.036516599999959,-0.03651405200473754,-0.03656738787872327,-0.03677859999993416
42.89957,-0.03885859999991226,-0.036704599999939094,-0.03662540727437091,-0.03669347179482169,-0.03677859999993416
42.91957,-0.03677859999993416,-0.0370825999999397,-0.036727572445140994,-0.03656540652676388,-0.03677859999993416
42.93957,-0.0369685999999092,-0.036780599999974586,-0.03679195110650066,-0.03677836689973407,-0.03677859999993416
42.95957,-0.03602860000000874,-0.036364599999978965,-0.03680473068316415,-0.03698326200463393,-0.03677859999993416
42.979569,-0.03526860000010856,-0.03659259999999449,-0.03676030839696502,-0.036801327272713326,-0.03677859999993416
42.999569,-0.03677859999993416,-0.03659259999999449,-0.03665380680910913,-0.036312772494174604,-0.03677859999993416
43.019569,-0.03791860000001179,-0.03659259999999449,-0.03648345174716381,-0.03647580279718762,-0.03677859999993416
43.039569,-0.0369685999999092,-0.036366599999973916,-0.03626206584552856,-0.036397737529115924,-0.03677859999993416
43.059569,-0.03602860000000874,-0.03640459999996892,-0.036026065239969415,-0.03626484708622709,-0.0369685999999092
43.079569,-0.03413860000000568,-0.03587459999998828,-0.03583077078430131,-0.03604491701630638,-0.03602860000000874
43.099568,-0.0369685999999092,-0.03553460000002815,-0.035731650855744555,-0.0354181337995612,-0.03526860000010856
43.119568,-0.03526860000010856,-0.03553460000002815,-0.03576139540742523,-0.03552267925410399,-0.03526860000010856
43.139568,-0.03526860000010856,-0.03591260000002876,-0.03591454937065123,-0.03581195664339622,-0.03602860000000874
43.159568,-0.03602860000000874,-0.03629060000002937,-0.03614686998023029,-0.036289206060622616,-0.03602860000000874
43.179567,-0.03602860000000874,-0.03644260000000941,-0.036390608809024436,-0.03665727132867552,-0.03602860000000874
43.199567,-0.03885859999991226,-0.03678259999996954,-0.036580461701176986,-0.03665790069928582,-0.03602860000000874
43.219567,-0.03602860000000874,-0.03678259999996954,-0.03667860705912029,-0.03664006853143454,-0.03602860000000874
43.239567,-0.0369685999999092,-0.03678259999996954,-0.03668583071202516,-0.03662538321676616,-0.03602860000000874
43.259567,-0.03602860000000874,-0.036064600000008794,-0.036632975115878305,-0.03659424102563476,-0.03602860000000874
43.279566,-0.03602860000000874,-0.03644260000000941,-0.03655892305625604,-0.03649074452214515,-0.03602860000000874
43.299566,-0.03526860000010856,-0.03644260000000941,-0.03648925109956591,-0.0362511174825295,-0.03602860000000874
43.319566,-0.03791860000001179,-0.03644260000000941,-0.036428097740972824,-0.036411886713302526,-0.03602860000000874
43.339566,-0.0369685999999092,-0.03644260000000941,-0.036366082027315866,-0.03640850675991786,-0.03602860000000874
43.359565,-0.03602860000000874,-0.036594599999989444,-0.03629617145522478,-0.03658041818179964,-0.03602860000000874
43.379565,-0.03602860000000874,-0.036368599999968866,-0.03622536651041809,-0.03638510349649312,-0.03602860000000874
43.399565,-0.03602860000000874,-0.03618059999998877,-0.03617517556371512,-0.03638279580416634,-0.03602860000000874
43.419565,-0.03678859999990891,-0.03602860000000874,-0.03617199922552137,-0.03572030163169065,-0.03602860000000874
43.439565,-0.03602860000000874,-0.03621659999998883,-0.036233022170783634,-0.03609428764570023,-0.03602860000000874
43.459565,-0.03526860000010856,-0.036064600000008794,-0.03635385047435508,-0.03633992867135285,-0.03602860000000874
43.479564,-0.0369685999999092,-0.036592600000039964,-0.0365038999416852,-0.03656673519815916,-0.03602860000000874
43.499564,-0.03526860000010856,-0.036592600000039964,-0.03663410286233185,-0.036788040559471824,-0.03602860000000874
43.519564,-0.03942860000006476,-0.036896600000000036,-0.03669632293669068,-0.03653433426575894,-0.03678859999990891
43.539564,-0.03602860000000874,-0.03670860000001994,-0.03666610284804926,-0.03672410116550147,-0.03602860000000874
43.559564,-0.03678859999990891,-0.03663259999998445,-0.03655614349747754,-0.036749159440544174,-0.03602860000000874
43.579563,-0.03602860000000874,-0.03633059999997386,-0.036412344465698056,-0.036575849417231805,-0.03602860000000874
43.599563,-0.0348885999999311,-0.03633059999997386,-0.03629482528764377,-0.03624496363633554,-0.03602860000000874
43.619563,-0.03791860000001179,-0.03617859999999382,-0.03625447982782511,-0.035650558041945064,-0.03602860000000874
43.639563,-0.03602860000000874,-0.036026600000013786,-0.03631546428286289,-0.036441956643360134,-0.03602860000000874
43.659563,-0.03602860000000874,-0.03663260000002992,-0.036468293844563536,-0.036580441491884906,-0.03602860000000874
43.679563,-0.03526860000010856,-0.03697260000003553,-0.03667380703271427,-0.03693011515155713,-0.03602860000000874
43.699562,-0.03791860000001179,-0.03682060000005549,-0.03687696989267936,-0.037020534731990636,-0.03602860000000874
43.719562,-0.039618600000039805,-0.037008600000035585,-0.03702674125367018,-0.03680204988349135,-0.0369685999999092
43.739562,-0.03526860000010856,-0.03716060000001562,-0.03709294111527061,-0.036923028904443184,-0.0369685999999092
43.759562,-0.0369685999999092,-0.036934599999995044,-0.03707070319369435,-0.03708841351980246,-0.03678859999990891
43.779561,-0.03602860000000874,-0.03640459999996892,-0.0369722334146854,-0.03705589603726107,-0.03678859999990891
43.799561,-0.03678859999990891,-0.036934599999949566,-0.036816032600196995,-0.03666426433562808,-0.0369685999999092
43.819561,-0.0369685999999092,-0.03674659999996947,-0.03662410309341829,-0.036617364568729605,-0.03678859999990891
43.839561,-0.03791860000001179,-0.03674659999996947,-0.03642782353339659,-0.0366279706293322,-0.03678859999990891
43.859561,-0.03602860000000874,-0.036594599999989444,-0.0362730782846891,-0.03640871655010645,-0.03602860000000874
43.87956,-0.03602860000000874,-0.03617859999999382,-0.03621389471449357,-0.03639228298367462,-0.03602860000000874
43.89956,-0.03602860000000874,-0.03617859999999382,-0.03629233943621058,-0.03605454405593243,-0.03602860000000874
43.91956,-0.0348885999999311,-0.03632859999997891,-0.03651392942205302,-0.0363364088577974,-0.03602860000000874
43.93956,-0.03791860000001179,-0.036516599999959,-0.03683342563735897,-0.036724847086211584,-0.03677859999993416
43.959559,-0.03677859999993416,-0.037234599999965215,-0.037161631913975014,-0.03714990536127048,-0.0369685999999092
43.979559,-0.0369685999999092,-0.03765059999996083,-0.037392947747693576,-0.03743137389272799,-0.0369685999999092
43.999559,-0.039618600000039805,-0.03727259999996022,-0.0374428186459593,-0.03759223636358077,-0.0369685999999092
44.019559,-0.0369685999999092,-0.03731059999995523,-0.03727920851492128,-0.03748899627035117,-0.0369685999999092
44.039559,-0.03602860000000874,-0.03712259999997514,-0.03693469319989574,-0.03689755104891783,-0.0369685999999092
44.059559,-0.0369685999999092,-0.03625259999998889,-0.03649476024200579,-0.036483658275066194,-0.03602860000000874
44.079558,-0.03602860000000874,-0.03591260000002876,-0.036068565663684084,-0.035797900699334424,-0.03602860000000874
44.099558,-0.03526860000010856,-0.03576060000004873,-0.03575435656052291,-0.035509182750627255,-0.03526860000010856
44.119558,-0.03526860000010856,-0.035572600000068635,-0.03561145902422645,-0.03594328531475266,-0.03526860000010856
44.139558,-0.03526860000010856,-0.03595060000006924,-0.03564722177871746,-0.03575722470868375,-0.03526860000010856
44.159558,-0.03602860000000874,-0.03610260000004928,-0.035822142233958534,-0.03565002191148608,-0.03602860000000874
44.179557,-0.03791860000001179,-0.0358766000000287,-0.03606934153534058,-0.03603216643361555,-0.03602860000000874
44.199557,-0.03602860000000874,-0.03633060000001933,-0.03631829990291408,-0.03651470722611891,-0.03602860000000874
44.219557,-0.03413860000000568,-0.03670860000001994,-0.036512701252565165,-0.036570068531484604,-0.037538600000061706
44.239557,-0.037538600000061706,-0.036480600000004415,-0.03661932889145141,-0.036725662937062475,-0.03677859999993416
44.259557,-0.03791860000001179,-0.03632860000002438,-0.03663155325854803,-0.03647822703964814,-0.03677859999993416
44.279556,-0.03677859999993416,-0.036894600000005086,-0.03656958419288162,-0.036388833100246695,-0.0369685999999092
44.299556,-0.03526860000010856,-0.03644060000001446,-0.0364745203726485,-0.03643661864802555,-0.03677859999993416
44.319556,-0.0369685999999092,-0.036250599999993936,-0.03639411583373769,-0.03660563962704274,-0.03677859999993416
44.339556,-0.03526860000010856,-0.03610060000000885,-0.03636514847723951,-0.03614589603729016,-0.03602860000000874
44.359555,-0.0369685999999092,-0.0366305999999895,-0.03640143844668498,-0.0363682969696951,-0.0369685999999092
44.379555,-0.03602860000000874,-0.036480600000004415,-0.036493315549685046,-0.036798087179494135,-0.03621859999998378
44.399555,-0.03791860000001179,-0.03701059999998506,-0.03661710601112506,-0.03673610582749278,-0.0369685999999092
44.419555,-0.03621859999998378,-0.036822600000004965,-0.0367473998805087,-0.036573868065265,-0.03621859999998378
44.439555,-0.03791860000001179,-0.036594599999989444,-0.03686388945958635,-0.03673692167830392,-0.03621859999998378
44.459555,-0.03602860000000874,-0.036594599999989444,-0.03694922902173496,-0.036954124475530745,-0.03621859999998378
44.479554,-0.0348885999999311,-0.036934599999995044,-0.03698222003091415,-0.03709487039626741,-0.03791860000001179
44.499554,-0.03791860000001179,-0.036934599999995044,-0.03693606911786063,-0.036706991608383165,-0.03791860000001179
44.519554,-0.03791860000001179,-0.036706599999979515,-0.03678852467010178,-0.03678041818178813,-0.03791860000001179
44.539554,-0.03791860000001179,-0.036706599999979515,-0.03653957335907486,-0.036632236363605714,-0.03791860000001179
44.559554,-0.0348885999999311,-0.03647859999996399,-0.03622304317565402,-0.03625729463866986,-0.03677859999993416
44.579553,-0.0348885999999311,-0.035948599999983344,-0.03590142532623249,-0.03623104755243392,-0.03526860000010856
44.599553,-0.03677859999993416,-0.03519259999998212,-0.035645909015538414,-0.03547503356642701,-0.0348885999999311
44.619553,-0.03526860000010856,-0.03579859999999826,-0.03551298802419385,-0.03535834358973538,-0.03526860000010856
44.639553,-0.03413860000000568,-0.03564860000001317,-0.03552811297651271,-0.03540843682983889,-0.03526860000010856
44.659553,-0.03791860000001179,-0.03568660000000819,-0.03568074125600332,-0.035636432167844255,-0.03526860000010856
44.679552,-0.03413860000000568,-0.035838599999988216,-0.03593027773752675,-0.03605638554777988,-0.03602860000000874
44.699552,-0.0369685999999092,-0.036366599999973916,-0.03621990637485642,-0.036232749184129664,-0.03677859999993416
44.719552,-0.03602860000000874,-0.03655459999995401,-0.036494319332027673,-0.03666552307688047,-0.03677859999993416
44.739552,-0.03677859999993416,-0.036932599999954616,-0.03671697873559028,-0.036990558041906776,-0.03677859999993416
44.759552,-0.03885859999991226,-0.03689459999995961,-0.03688149402147308,-0.0366402783216279,-0.03677859999993416
44.779551,-0.03602860000000874,-0.0370825999999397,-0.03701093433718457,-0.03708048811183134,-0.03677859999993416
44.799551,-0.03677859999993416,-0.036932599999954616,-0.03714215765252229,-0.036992772494121466,-0.03677859999993416
44.819551,-0.0369685999999092,-0.036932599999954616,-0.037300570387605265,-0.037206525407872136,-0.03677859999993416
44.839551,-0.03602860000000874,-0.03731059999995523,-0.037478645703412986,-0.037358390209760034,-0.0369685999999092
44.85955,-0.03885859999991226,-0.03753859999997076,-0.03763161246269546,-0.037489975291348385,-0.03791860000001179
44.87955,-0.03791860000001179,-0.03772859999999127,-0.03769450626245471,-0.03783794731931957,-0.03791860000001179
44.89955,-0.03791860000001179,-0.03787859999997636,-0.03761235494222384,-0.037630488111881695,-0.03791860000001179
44.91955,-0.03791860000001179,-0.03731259999999566,-0.037368045029165346,-0.03762731794871106,-0.03791860000001179
44.93955,-0.03677859999993416,-0.036934599999995044,-0.03699450420342605,-0.03714873986012489,-0.03677859999993416
44.95955,-0.03602860000000874,-0.036706599999979515,-0.03656666442161654,-0.03624363496502559,-0.03677859999993416
44.979549,-0.03602860000000874,-0.035950599999978294,-0.036178203516446544,-0.036106641958023884,-0.03602860000000874
44.999549,-0.03677859999993416,-0.03580059999999321,-0.03591338500499484,-0.03590300559439709,-0.03602860000000874
45.019549,-0.03413860000000568,-0.03617859999999382,-0.035824095724334995,-0.03605587272726994,-0.03602860000000874
45.039549,-0.03602860000000874,-0.03617859999999382,-0.03591855463614982,-0.035901816783218694,-0.03602860000000874
45.059549,-0.03791860000001179,-0.03617859999999382,-0.03616344003373619,-0.03601922937061681,-0.03602860000000874
45.079548,-0.03602860000000874,-0.03632859999997891,-0.036495991299743846,-0.03653368158505013,-0.03602860000000874
45.099548,-0.03677859999993416,-0.03689459999995961,-0.036839320236522054,-0.03684487039623609,-0.03677859999993416
45.119548,-0.0348885999999311,-0.0370825999999397,-0.037116439676515324,-0.03731643216777489,-0.03677859999993416
45.139548,-0.03885859999991226,-0.0370825999999397,-0.03726404505052164,-0.037120884382225786,-0.03677859999993416
45.159548,-0.03885859999991226,-0.0370825999999397,-0.03724765871184833,-0.03713682843817093,-0.03677859999993416
45.179548,-0.03602860000000874,-0.03731059999995523,-0.03707349162019171,-0.037136572027913047,-0.03677859999993416
45.199547,-0.03677859999993416,-0.03689459999995961,-0.03678837046444901,-0.036846478787831406,-0.03677859999993416
45.219547,-0.03602860000000874,-0.03610059999996338,-0.03646449666324694,-0.03650535990672999,-0.03602860000000874
45.239547,-0.03677859999993416,-0.03610059999996338,-0.036175376053809605,-0.03598699160835338,-0.03602860000000874
45.259547,-0.0348885999999311,-0.035950599999978294,-0.03597358395439066,-0.035842912354284905,-0.03602860000000874
45.279546,-0.03602860000000874,-0.03613859999995839,-0.035878593899828906,-0.03601897296034674,-0.03602860000000874
45.299546,-0.03602860000000874,-0.035836599999993266,-0.03587779482872298,-0.03594053473192369,-0.03602860000000874
45.319546,-0.0369685999999092,-0.0361026000000038,-0.0359384141684397,-0.03592528997669252,-0.03602860000000874
45.339546,-0.03526860000010856,-0.0361026000000038,-0.03602366829717946,-0.03602505687646458,-0.03602860000000874
45.359546,-0.03621859999998378,-0.0361026000000038,-0.036105778280635464,-0.036103868065271306,-0.03602860000000874
45.379545,-0.03602860000000874,-0.0361026000000038,-0.03617224962030613,-0.03638941585080996,-0.03602860000000874
45.399545,-0.03602860000000874,-0.03625459999998384,-0.03622631291744856,-0.03626030163170371,-0.03602860000000874
45.419545,-0.0369685999999092,-0.036594599999989444,-0.03628373568899189,-0.03619925268065519,-0.03602860000000874
45.439545,-0.03602860000000874,-0.03621659999998883,-0.03636664734209369,-0.03616137389273954,-0.03602860000000874
45.459545,-0.03791860000001179,-0.03640459999996892,-0.03649381900455211,-0.03650878648015587,-0.0369685999999092
45.479544,-0.03413860000000568,-0.03640459999996892,-0.0366685815035847,-0.03672755104892568,-0.0369685999999092
45.499544,-0.0369685999999092,-0.03712259999997514,-0.036869765582967146,-0.03695843682980624,-0.0369685999999092
45.519544,-0.0369685999999092,-0.03674459999997452,-0.03705325605037179,-0.03685939254076503,-0.0369685999999092
45.539544,-0.039618600000039805,-0.03731059999995523,-0.03716692140027686,-0.0372090428903981,-0.0369685999999092
45.559544,-0.03602860000000874,-0.03712259999997514,-0.03717175980727938,-0.03714284242421373,-0.0369685999999092
45.579543,-0.0369685999999092,-0.03731259999999566,-0.03705685842394588,-0.03736556969695319,-0.0369685999999092
45.599543,-0.03602860000000874,-0.03644260000000941,-0.036841178671836734,-0.036594986946404236,-0.03602860000000874
45.619543,-0.03791860000001179,-0.03644260000000941,-0.03656501805124768,-0.03638121072264303,-0.03602860000000874
45.639543,-0.03526860000010856,-0.03610260000004928,-0.036278382557735564,-0.03626636223779619,-0.03602860000000874
45.659543,-0.03602860000000874,-0.03648060000004989,-0.03603129116162542,-0.036319019580466336,-0.03602860000000874
45.679542,-0.03526860000010856,-0.03610260000004928,-0.035867630474135,-0.035881280652734944,-0.03602860000000874
45.699542,-0.03791860000001179,-0.0358766000000287,-0.03582178799729064,-0.035890371561818804,-0.03602860000000874
45.719542,-0.03602860000000874,-0.0358766000000287,-0.03591486736873844,-0.03578678181820651,-0.03602860000000874
45.739542,-0.03413860000000568,-0.03640660000000935,-0.03614712026217516,-0.03620776083916148,-0.03602860000000874
45.759542,-0.03602860000000874,-0.03621659999998883,-0.0364886628351551,-0.03651230629371026,-0.03602860000000874
45.779541,-0.03791860000001179,-0.036594599999989444,-0.036877243117506675,-0.03676314545452509,-0.0369685999999092
45.799541,-0.0369685999999092,-0.037350599999990665,-0.03723061932852638,-0.03689274918412809,-0.03791860000001179
45.819541,-0.03791860000001179,-0.03753859999997076,-0.03747134926297029,-0.037782446153821786,-0.03791860000001179
45.839541,-0.03791860000001179,-0.03753859999997076,-0.037553045640095636,-0.037778040559416186,-0.03791860000001179
45.859541,-0.0369685999999092,-0.03772859999999127,-0.037476427596709286,-0.037474707226095555,-0.03791860000001179
45.87954,-0.03791860000001179,-0.03697259999999005,-0.037288838575015554,-0.03717957902097417,-0.03791860000001179
45.89954,-0.03791860000001179,-0.03697259999999005,-0.03706739093242341,-0.036984241025631144,-0.03791860000001179
45.91954,-0.03413860000000568,-0.03697259999999005,-0.036891415781487726,-0.03692687505824836,-0.03791860000001179
45.93954,-0.03791860000001179,-0.03674659999996947,-0.03681419148054276,-0.03683083776221821,-0.0369685999999092
45.95954,-0.0369685999999092,-0.03674659999996947,-0.036845010440421995,-0.03691682843820432,-0.0369685999999092
45.979539,-0.03678859999990891,-0.03712459999997009,-0.03694787355424457,-0.03666939254075129,-0.0369685999999092
45.999539,-0.03791860000001179,-0.036934599999949566,-0.03705487834434045,-0.03674853006988778,-0.0369685999999092
46.019539,-0.03602860000000874,-0.03674659999996947,-0.037087376485032894,-0.03748738787875903,-0.03678859999990891
46.039539,-0.0369685999999092,-0.03697259999999005,-0.03697892582107404,-0.03705953240090786,-0.0369685999999092
46.059539,-0.03602860000000874,-0.03697259999999005,-0.03669698074666243,-0.03682580279719172,-0.0369685999999092
46.079538,-0.03791860000001179,-0.036366599999973916,-0.036259993392617554,-0.0362926559440516,-0.0369685999999092
46.099538,-0.03791860000001179,-0.03580059999999321,-0.03574262777539537,-0.03570920606059394,-0.03602860000000874
46.119538,-0.03299859999992805,-0.0354225999999926,-0.03526019614709586,-0.03504139720278571,-0.03413860000000568
46.139538,-0.03413860000000568,-0.03481659999997646,-0.03493145958649176,-0.03491496363633374,-0.03413860000000568
46.159538,-0.03413860000000568,-0.034210599999960324,-0.03483412369829091,-0.03488032494168445,-0.03413860000000568
46.179538,-0.0348885999999311,-0.035382599999957166,-0.034976160717916226,-0.03477855337992444,-0.0348885999999311
46.199537,-0.0348885999999311,-0.035608599999977744,-0.03529859124057274,-0.03523293566431388,-0.0348885999999311
46.219537,-0.03885859999991226,-0.03598659999997835,-0.035706706324732815,-0.03623876317012953,-0.03526860000010856
46.239537,-0.03526860000010856,-0.036366599999973916,-0.03611064160238168,-0.03626936923073517,-0.03602860000000874
46.259537,-0.03602860000000874,-0.03674659999996947,-0.03645310161153758,-0.03652170023308684,-0.03678859999990891
46.279536,-0.03678859999990891,-0.03602860000000874,-0.03671295522959465,-0.03658351841492066,-0.03602860000000874
46.299536,-0.03678859999990891,-0.03655859999998938,-0.03688961306439135,-0.03642752773892685,-0.03678859999990891
46.319536,-0.03526860000010856,-0.036710599999969416,-0.03698309908918756,-0.036695243356620055,-0.03678859999990891
46.339536,-0.03791860000001179,-0.03674659999996947,-0.03698431167658852,-0.03700757435893154,-0.03678859999990891
46.359536,-0.03678859999990891,-0.037160599999970144,-0.036882077080569106,-0.037088763170124724,-0.0369685999999092
46.379535,-0.0369685999999092,-0.036934599999949566,-0.036682589741381694,-0.036873262004616436,-0.0369685999999092
46.399535,-0.03885859999991226,-0.03674459999992905,-0.036427719424662636,-0.03670032494166443,-0.0369685999999092
46.419535,-0.03413860000000568,-0.03636459999993349,-0.03619703819676064,-0.03630235291368169,-0.0369685999999092
46.439535,-0.0369685999999092,-0.036176599999953395,-0.036086561196336256,-0.03587309883444764,-0.03602860000000874
46.459535,-0.0348885999999311,-0.035610599999972695,-0.03617103330676425,-0.036085919347279394,-0.03602860000000874
46.479534,-0.03602860000000874,-0.036516599999959,-0.03646753143173164,-0.036319648951013556,-0.03602860000000874
46.499534,-0.03602860000000874,-0.0368565999999646,-0.03691930951327689,-0.036760674592051984,-0.03602860000000874
46.519534,-0.038668599999937214,-0.037462599999980736,-0.03740971474776103,-0.03754545314681762,-0.03791860000001179
46.539534,-0.038668599999937214,-0.03784059999998135,-0.03780148639548941,-0.03757102424240895,-0.03791860000001179
46.559534,-0.03791860000001179,-0.03802859999996144,-0.03798437071976606,-0.0383480172493965,-0.03791860000001179
46.579533,-0.03791860000001179,-0.03780259999998634,-0.03791105612771552,-0.038302795804168926,-0.03791860000001179
46.599533,-0.0369685999999092,-0.03780259999998634,-0.03760922287611487,-0.03755200326338194,-0.03791860000001179
46.619533,-0.037538600000061706,-0.03704659999998512,-0.03716908372733214,-0.03698011515149767,-0.037538600000061706
46.639533,-0.038668599999937214,-0.036290599999983894,-0.03671312557789458,-0.03623769090908435,-0.0369685999999092
46.659533,-0.03413860000000568,-0.036480600000004415,-0.036357023148860614,-0.03633692167832059,-0.037538600000061706
46.679533,-0.03413860000000568,-0.036026600000013786,-0.036172881885204775,-0.03631510349652357,-0.03526860000010856
46.699532,-0.03791860000001179,-0.03621660000003431,-0.036168875267225724,-0.03629605920750775,-0.03526860000010856
46.719532,-0.03526860000010856,-0.0365186000000449,-0.03629579043302771,-0.03626582610726989,-0.03564860000005865
46.739532,-0.039618600000039805,-0.03689660000004551,-0.03647726200104872,-0.03647706153850201,-0.03602860000000874
46.759531,-0.03564860000005865,-0.036670600000024936,-0.03664603829970006,-0.03680995198137509,-0.03602860000000874
46.779531,-0.03602860000000874,-0.036974599999985,-0.036766658433726125,-0.03700181678321076,-0.03678859999990891
46.799531,-0.03678859999990891,-0.036294599999973795,-0.03683676512545244,-0.03678843682980455,-0.03621859999998378
46.819531,-0.03678859999990891,-0.03693659999994452,-0.036873673194864155,-0.03684869324004716,-0.03678859999990891
46.839531,-0.03621859999998378,-0.03693659999994452,-0.03689843547419316,-0.03638214312349464,-0.03678859999990891
46.859531,-0.03885859999991226,-0.03678459999996449,-0.036925347824509375,-0.03703678181812356,-0.03621859999998378
46.87953,-0.03602860000000874,-0.036820599999964544,-0.036957655955596455,-0.03706535990671854,-0.03621859999998378
46.89953,-0.03602860000000874,-0.03731059999995523,-0.03698693644723471,-0.037080045221409175,-0.0369685999999092
46.91953,-0.0369685999999092,-0.03674459999997452,-0.03699535755375373,-0.03697006853143879,-0.03602860000000874
46.93953,-0.038668599999937214,-0.03689659999995456,-0.03696206059356554,-0.0369457328670893,-0.03678859999990891
46.95953,-0.03602860000000874,-0.03689659999995456,-0.036872648824749464,-0.036704450815807976,-0.03678859999990891
46.979529,-0.03678859999990891,-0.03689659999995456,-0.03672693099095974,-0.03685848344983385,-0.03678859999990891
46.999529,-0.03602860000000874,-0.036368599999968866,-0.036540706085982776,-0.03665195664331702,-0.03602860000000874
47.019529,-0.0369685999999092,-0.036368599999968866,-0.03634192456817891,-0.03638612913749974,-0.03602860000000874
47.039529,-0.03602860000000874,-0.03621659999998883,-0.036164186143644486,-0.03597424102563658,-0.03602860000000874
47.059529,-0.03602860000000874,-0.03621659999998883,-0.03603947015398518,-0.036073728205135464,-0.03602860000000874
47.079528,-0.03602860000000874,-0.0358766000000287,-0.03599060908451157,-0.036051350582761335,-0.03602860000000874
47.099528,-0.03602860000000874,-0.036064600000008794,-0.03602454751651946,-0.03612864662004667,-0.03602860000000874
47.119528,-0.03526860000010856,-0.03621659999998883,-0.03612873822958777,-0.035939742191144285,-0.03602860000000874
47.139528,-0.0369685999999092,-0.03621659999998883,-0.03627317787863148,-0.036199485780882404,-0.03602860000000874
47.159528,-0.03678859999990891,-0.03621659999998883,-0.03641870041202764,-0.0364578773892603,-0.03602860000000874
47.179528,-0.03602860000000874,-0.03674659999996947,-0.03652909190437158,-0.03666447412584371,-0.03678859999990891
47.199527,-0.03602860000000874,-0.036710599999969416,-0.03658280178333684,-0.03671563962700988,-0.03678859999990891
47.219527,-0.03791860000001179,-0.03655859999998938,-0.03658058734066743,-0.03653337855475264,-0.03602860000000874
47.239527,-0.03678859999990891,-0.036482599999999366,-0.03654645006754833,-0.036313331934734745,-0.03602860000000874
47.259526,-0.03602860000000874,-0.036482599999999366,-0.036519986284630226,-0.03657671188812019,-0.03602860000000874
47.279526,-0.03564860000005865,-0.036482599999999366,-0.03654139553316576,-0.03652619906761141,-0.03602860000000874
47.299526,-0.03602860000000874,-0.03670860000001994,-0.03663589563217168,-0.03672633892775477,-0.03602860000000874
47.319526,-0.03791860000001179,-0.03670860000001994,-0.03680633873097387,-0.036738366899770405,-0.03602860000000874
47.339526,-0.03791860000001179,-0.037350599999990665,-0.03703716701705759,-0.03721547645688274,-0.03791860000001179
47.359525,-0.03602860000000874,-0.03753859999997076,-0.03730412957094137,-0.03730853006990176,-0.03791860000001179
47.379525,-0.03885859999991226,-0.03753859999997076,-0.03758108235011229,-0.03756519673655959,-0.03791860000001179
47.399525,-0.0369685999999092,-0.03731259999995018,-0.03783993329811426,-0.03776853006988572,-0.0369685999999092
47.419525,-0.03791860000001179,-0.038030599999956394,-0.038046824563043556,-0.03797762097897343,-0.03791860000001179
47.439525,-0.03678859999990891,-0.037992599999961386,-0.038161396689984355,-0.03808170023306604,-0.03791860000001179
47.459525,-0.039618600000039805,-0.0381825999999819,-0.03814462239027797,-0.038158809790186564,-0.03791860000001179
47.479524,-0.038668599999937214,-0.03780459999998129,-0.037974469309130135,-0.03785997529135394,-0.03791860000001179
47.499524,-0.03791860000001179,-0.03784059999998135,-0.03766105892263377,-0.03778288904426144,-0.03791860000001179
47.519524,-0.03602860000000874,-0.03727459999995517,-0.03725101193803467,-0.03735512680649003,-0.0369685999999092
47.539524,-0.0369685999999092,-0.03674659999996947,-0.03681731322416037,-0.03689494032631953,-0.03678859999990891
47.559524,-0.03678859999990891,-0.036368599999968866,-0.03644004181763754,-0.03633424102560377,-0.03602860000000874
47.579523,-0.03602860000000874,-0.036368599999968866,-0.036186475745015524,-0.03614577948715694,-0.03602860000000874
47.599523,-0.03602860000000874,-0.03633259999996881,-0.03609605148092136,-0.03616682843820098,-0.03602860000000874
47.619523,-0.03602860000000874,-0.03618059999998877,-0.03617202911625034,-0.036228833100197505,-0.03602860000000874
47.639523,-0.03678859999990891,-0.036368599999968866,-0.03638046325210333,-0.036233518414886354,-0.03602860000000874
47.659523,-0.03602860000000874,-0.0365205999999489,-0.03665683438968128,-0.03663748111884571,-0.03678859999990891
47.679522,-0.0369685999999092,-0.03689859999994951,-0.03692002519032954,-0.036996478787831646,-0.03678859999990891
47.699522,-0.03678859999990891,-0.03712459999997009,-0.03709209020571334,-0.037205593006941554,-0.0369685999999092
47.719522,-0.03791860000001179,-0.037162599999965094,-0.03712006691562215,-0.03712132727269777,-0.0369685999999092
47.739522,-0.03791860000001179,-0.036974599999985,-0.03699305749899431,-0.03674629230768958,-0.03678859999990891
47.759522,-0.03621859999998378,-0.036670600000024936,-0.03674665197223548,-0.036820931002331164,-0.03621859999998378
47.779521,-0.03602860000000874,-0.03629260000002432,-0.03645086192022823,-0.03652978881122178,-0.03602860000000874
47.799521,-0.03526860000010856,-0.03629260000002432,-0.03618623020438617,-0.036361024242460876,-0.03602860000000874
47.819521,-0.03602860000000874,-0.03610260000004928,-0.03601924700542441,-0.03594843682988958,-0.03602860000000874
47.839521,-0.03791860000001179,-0.03610260000004928,-0.03598665133621443,-0.03571149044294888,-0.03602860000000874
47.85952,-0.03526860000010856,-0.03610260000004928,-0.03609029387982597,-0.036094427505882674,-0.03602860000000874
47.87952,-0.03602860000000874,-0.036254600000029315,-0.0362984371479615,-0.036269369230794005,-0.03602860000000874
47.89952,-0.03526860000010856,-0.0364046000000144,-0.036551342324105306,-0.03679300559440842,-0.03602860000000874
47.91952,-0.03678859999990891,-0.036708599999974466,-0.0367742521434547,-0.0367444741258691,-0.03678859999990891
47.93952,-0.038668599999937214,-0.03708659999997508,-0.03690013688305103,-0.036780138461501695,-0.03678859999990891
47.959519,-0.03678859999990891,-0.03701059999993959,-0.03689599365526984,-0.03717074452209096,-0.03678859999990891
47.979519,-0.03791860000001179,-0.03701059999993959,-0.03677880660970657,-0.036693122144450134,-0.03678859999990891
47.999519,-0.0348885999999311,-0.03648259999995389,-0.03660980955952295,-0.03666361165495162,-0.03678859999990891
48.019519,-0.03678859999990891,-0.03610459999995328,-0.03646788520387242,-0.03646207319343544,-0.03602860000000874
48.039519,-0.03602860000000874,-0.036294599999973795,-0.03641525821392627,-0.03623200326337927,-0.03602860000000874
48.059519,-0.034898599999905855,-0.03667459999996936,-0.036472371876304935,-0.03631102424239843,-0.03678859999990891
48.079518,-0.038868600000114384,-0.03652259999998932,-0.03661278799479745,-0.036558366899735656,-0.03602860000000874
48.099518,-0.03678859999990891,-0.03667459999996936,-0.03677792163632645,-0.03682969557107625,-0.03678859999990891
48.119518,-0.03602860000000874,-0.037278599999990544,-0.0369022240014289,-0.036946968298353415,-0.03678859999990891
48.139518,-0.03678859999990891,-0.036710599999969416,-0.03693744157140408,-0.037203774825148105,-0.03678859999990891
48.159518,-0.03791860000001179,-0.036936599999989994,-0.03686902557216477,-0.03702612913753063,-0.03678859999990891
48.179517,-0.03602860000000874,-0.036936599999989994,-0.03672209470452095,-0.03670142051282031,-0.03678859999990891
48.199517,-0.03791860000001179,-0.03663260000002992,-0.036555161383894495,-0.03651225967367117,-0.03602860000000874
48.219517,-0.03602860000000874,-0.03640660000000935,-0.03644073653036949,-0.03620438088577893,-0.03602860000000874
48.239517,-0.03526860000010856,-0.03618059999998877,-0.03643663486488449,-0.03638701491841827,-0.03602860000000874
48.259516,-0.03678859999990891,-0.03618059999998877,-0.03655860821295059,-0.036365033566424565,-0.03602860000000874
48.279516,-0.034898599999905855,-0.03689859999999499,-0.03676842679974164,-0.03684752773891746,-0.03678859999990891
48.299516,-0.03791860000001179,-0.03705059999997502,-0.03698697390961784,-0.03691813379953183,-0.03678859999990891
48.319516,-0.039618600000039805,-0.037276599999995594,-0.03712941014386983,-0.03737552307690847,-0.03791860000001179
48.339516,-0.03602860000000874,-0.03750260000001617,-0.03714574105160791,-0.03728079114217668,-0.03791860000001179
48.359515,-0.03791860000001179,-0.037276599999995594,-0.037045296717604474,-0.03725927599068193,-0.03678859999990891
48.379515,-0.03602860000000874,-0.036482599999999366,-0.036892504533534716,-0.03695253939395868,-0.03602860000000874
48.399515,-0.03678859999990891,-0.03686059999999998,-0.03677745126808903,-0.03643079114220163,-0.03678859999990891
48.419515,-0.03564860000005865,-0.03640660000000935,-0.03677668450877036,-0.03646890303029679,-0.03602860000000874
48.439515,-0.03791860000001179,-0.036936599999989994,-0.03692190945193321,-0.037091723543102535,-0.03678859999990891
48.459514,-0.03564860000005865,-0.03731459999999061,-0.03718845665037192,-0.03717834358972861,-0.03791860000001179
48.479514,-0.03867859999991197,-0.03776859999998124,-0.03750595458524522,-0.03766515011653569,-0.03791860000001179
48.499514,-0.03867859999991197,-0.037580600000001144,-0.03778448709330298,-0.03773626899767588,-0.03791860000001179
48.519514,-0.03791860000001179,-0.03803459999999177,-0.03794387582027259,-0.03796167692309242,-0.03791860000001179
48.539514,-0.03697860000011133,-0.03769460000003164,-0.03793437495170719,-0.03795468391611388,-0.03791860000001179
48.559514,-0.03791860000001179,-0.03754260000005161,-0.03774410130610942,-0.03781421771563981,-0.03791860000001179
48.579513,-0.03697860000011133,-0.03731660000003103,-0.03739657094958263,-0.037152026573454185,-0.03697860000011133
48.599513,-0.03791860000001179,-0.03690059999998994,-0.036944049696794795,-0.03693512680654182,-0.03697860000011133
48.619513,-0.03678859999990891,-0.03652259999998932,-0.03645879150212141,-0.03650738787877458,-0.03678859999990891
48.639513,-0.034898599999905855,-0.03633259999996881,-0.03602072401730416,-0.03606619906757498,-0.03602860000000874
48.659513,-0.03602860000000874,-0.035614599999962596,-0.035701333634181445,-0.03564755104891068,-0.03602860000000874
48.679512,-0.03602860000000874,-0.03546259999998256,-0.035547499347363766,-0.035744567365935925,-0.03602860000000874
48.699512,-0.034328599999980725,-0.035840599999983166,-0.03557092906702048,-0.035549555710946514,-0.03602860000000874
48.719512,-0.03602860000000874,-0.03603060000000369,-0.035747135138408236,-0.03558752773892973,-0.03602860000000874
48.739512,-0.03678859999990891,-0.03580459999998311,-0.03602438953292335,-0.036065756177131085,-0.03602860000000874
48.759511,-0.03697860000011133,-0.036296599999968746,-0.03633928064166718,-0.0363290662004383,-0.03678859999990891
48.779511,-0.034898599999905855,-0.036826599999949396,-0.03663313765668416,-0.03659657202793602,-0.03678859999990891
48.799511,-0.03678859999990891,-0.03686459999998988,-0.03686505970754046,-0.03706391468528703,-0.03697860000011133
48.819511,-0.03867859999991197,-0.036826599999949396,-0.0370206321385827,-0.03717685174821509,-0.03678859999990891
48.839511,-0.03697860000011133,-0.03743059999997058,-0.03711539039863629,-0.036999485780842715,-0.03697860000011133
48.85951,-0.03678859999990891,-0.03743059999997058,-0.0371892892394311,-0.037245196736546526,-0.03697860000011133
48.87951,-0.03791860000001179,-0.03690059999998994,-0.03728945971125764,-0.03734251608392069,-0.03678859999990891
48.89951,-0.03678859999990891,-0.037278599999990544,-0.03744531720064966,-0.03707638554779796,-0.03678859999990891
48.91951,-0.03602860000000874,-0.03731660000003103,-0.03764706495846196,-0.03725428764570512,-0.03697860000011133
48.93951,-0.038868600000114384,-0.037468600000011065,-0.03784028885490427,-0.03789018508159716,-0.03697860000011133
48.95951,-0.03697860000011133,-0.03803460000003724,-0.03794388890801095,-0.03812573286716824,-0.03867859999991197
48.979509,-0.03867859999991197,-0.03841260000003786,-0.037887392225112206,-0.03814920606062775,-0.03867859999991197
48.999509,-0.039618600000039805,-0.03784460000001673,-0.037651649503190596,-0.03812151375295713,-0.03791860000001179
49.019509,-0.03791860000001179,-0.03765459999999621,-0.03729096102447853,-0.03744661864803919,-0.03791860000001179
49.039509,-0.03602860000000874,-0.03697260000003553,-0.036920092477867074,-0.03660862331003479,-0.03602860000000874
49.059509,-0.03602860000000874,-0.03602860000000874,-0.03666659387362421,-0.03643694498834789,-0.03602860000000874
49.079508,-0.03526860000010856,-0.03602860000000874,-0.036609371088556344,-0.03607356503496528,-0.03602860000000874
49.099508,-0.034898599999905855,-0.03655859999998938,-0.03673553959345795,-0.036497248018631696,-0.03602860000000874
49.119508,-0.03791860000001179,-0.036936599999989994,-0.03694090602739817,-0.03723918275057423,-0.03791860000001179
49.139508,-0.03867859999991197,-0.03765659999999116,-0.03707736379753632,-0.03754065128206445,-0.03791860000001179
49.159508,-0.03791860000001179,-0.0377306000000317,-0.037024483099458674,-0.03723412447555363,-0.03791860000001179
49.179507,-0.038868600000114384,-0.03682260000005044,-0.03674777090944677,-0.03687911282055318,-0.03791860000001179
49.199507,-0.03526860000010856,-0.035914600000069186,-0.03631261818330355,-0.0362506279721043,-0.03526860000010856
49.219507,-0.03337860000010551,-0.03553660000006857,-0.035848128262501784,-0.035523518414979194,-0.03526860000010856
49.239507,-0.03413860000000568,-0.034968600000047444,-0.035483844245097526,-0.0352767118881725,-0.03526860000010856
49.259506,-0.03602860000000874,-0.035272600000007516,-0.03529626978104764,-0.0353124694638875,-0.03602860000000874
49.279506,-0.03602860000000874,-0.03580259999998816,-0.035291536444536614,-0.03503321538459646,-0.03602860000000874
49.299506,-0.03678859999990891,-0.035954599999968195,-0.0354243889283978,-0.035584940326296374,-0.03602860000000874
49.319506,-0.03602860000000874,-0.03557659999996758,-0.035632432478446316,-0.03604866993003286,-0.03602860000000874
49.339506,-0.034898599999905855,-0.035954599999968195,-0.035862379555506134,-0.036042586013976495,-0.03602860000000874
49.359506,-0.03413860000000568,-0.03599260000000868,-0.03607894288300961,-0.03595228298366719,-0.03602860000000874
49.379505,-0.03791860000001179,-0.03599260000000868,-0.03626259695989791,-0.03616871655011878,-0.03602860000000874
49.399505,-0.03697860000011133,-0.03637060000000929,-0.036406752811080065,-0.03639554638696052,-0.03678859999990891
49.419505,-0.03602860000000874,-0.03693860000003042,-0.03651760399645673,-0.03636433426576838,-0.03697860000011133
49.439505,-0.03678859999990891,-0.03656060000002981,-0.036612194999143206,-0.036450488111927304,-0.03678859999990891
49.459505,-0.03697860000011133,-0.03621860000002926,-0.03671086175830355,-0.036895056876485074,-0.03602860000000874
49.479504,-0.03602860000000874,-0.0367486000000099,-0.036826407962997916,-0.03684379813522007,-0.03678859999990891
49.499504,-0.03526860000010856,-0.03731460000003608,-0.036956974461910465,-0.036959648951061935,-0.03697860000011133
49.519504,-0.03867859999991197,-0.037124600000015565,-0.037088692198776294,-0.03722174685317811,-0.03602860000000874
49.539504,-0.039618600000039805,-0.037124600000015565,-0.037207294465419496,-0.037177364568785454,-0.03602860000000874
49.559504,-0.03602860000000874,-0.03765459999999621,-0.03730901006986783,-0.03726307552446657,-0.03791860000001179
49.579504,-0.03602860000000874,-0.037276599999995594,-0.037399877922621456,-0.03736612913752606,-0.03678859999990891
49.599503,-0.03791860000001179,-0.036936599999989994,-0.03748322874458081,-0.037610301631683635,-0.03678859999990891
49.619503,-0.03678859999990891,-0.03731459999999061,-0.03754713719481608,-0.037195499766890766,-0.03791860000001179
49.639503,-0.03791860000001179,-0.0378425999999763,-0.03756430633729871,-0.03740657202794899,-0.03791860000001179
49.659503,-0.03791860000001179,-0.03746459999997569,-0.037506565913351955,-0.03791328531467246,-0.03791860000001179
49.679502,-0.038668599999937214,-0.037690599999996265,-0.03736507947247124,-0.037489415850799374,-0.03791860000001179
49.699502,-0.03602860000000874,-0.03731259999999566,-0.03716309779493555,-0.036971956643348625,-0.03791860000001179
49.719502,-0.03791860000001179,-0.036706599999979515,-0.036952285527356105,-0.03714468391606859,-0.03602860000000874
49.739502,-0.03602860000000874,-0.03655659999999443,-0.03679330674138594,-0.036807201398591706,-0.03602860000000874
49.759501,-0.0348885999999311,-0.03708459999998013,-0.036730569245436336,-0.036570721212109664,-0.03791860000001179
49.779501,-0.03791860000001179,-0.03655459999999948,-0.03677429526764593,-0.03654193333332557,-0.03602860000000874
49.799501,-0.038668599999937214,-0.03674259999997957,-0.036898214700551886,-0.037038530069916156,-0.0369685999999092
49.819501,-0.03526860000010856,-0.037348599999995714,-0.03705135451637588,-0.0369396023309912,-0.03791860000001179
49.839501,-0.0369685999999092,-0.037348599999995714,-0.03717577747046819,-0.03747871655011913,-0.03791860000001179
49.8595,-0.03791860000001179,-0.036820600000010015,-0.03722341483762513,-0.037269998601402905,-0.0369685999999092
49.8795,-0.03791860000001179,-0.037350599999990665,-0.03716910781633776,-0.037083168764570414,-0.03791860000001179
49.8995,-0.03602860000000874,-0.036934599999995044,-0.0370174392190274,-0.03691822703962165,-0.03791860000001179
49.9195,-0.03791860000001179,-0.036934599999995044,-0.03680039920007106,-0.036902096503482015,-0.03791860000001179
49.9395,-0.0348885999999311,-0.03632859999997891,-0.03656591062126257,-0.03645566293705939,-0.03602860000000874
49.959499,-0.03791860000001179,-0.03632859999997891,-0.0363618577219245,-0.03618941585079126,-0.03602860000000874
49.979499,-0.0348885999999311,-0.03610259999995833,-0.03622219379430903,-0.03629396130530543,-0.03602860000000874
49.999499,-0.03602860000000874,-0.03648259999995389,-0.03616022506101086,-0.03636515011649259,-0.03678859999990891
50.019499,-0.03678859999990891,-0.03625659999993332,-0.036170890003555355,-0.035985802797157504,-0.03678859999990891
50.039499,-0.03678859999990891,-0.03633259999996881,-0.03623966885685682,-0.03643542983679204,-0.03678859999990891
50.059499,-0.03678859999990891,-0.03633259999996881,-0.03635197795019752,-0.036332982284353506,-0.03678859999990891
50.079498,-0.03526860000010856,-0.036708599999974466,-0.03649685637550458,-0.0366772713286563,-0.03678859999990891
50.099498,-0.03602860000000874,-0.03655659999999443,-0.0366639461612384,-0.03647302890441066,-0.03602860000000874
50.119498,-0.038668599999937214,-0.03655659999999443,-0.03683860896394626,-0.0366984135197997,-0.03602860000000874
50.139498,-0.03602860000000874,-0.03689659999995456,-0.03700043335169875,-0.037025942657306465,-0.03678859999990891
50.159497,-0.03678859999990891,-0.037462599999935266,-0.037126188095055954,-0.03718456736591759,-0.0369685999999092
50.179497,-0.0369685999999092,-0.0370865999999296,-0.03719533507799915,-0.03733549976682403,-0.03678859999990891
50.199497,-0.03885859999991226,-0.0370865999999296,-0.03719598491936577,-0.037220091841411736,-0.03678859999990891
50.219497,-0.03678859999990891,-0.0370865999999296,-0.03712855472376141,-0.03686929930063035,-0.03678859999990891
50.239497,-0.03602860000000874,-0.037050599999929545,-0.037004019164938576,-0.037035709557033336,-0.03678859999990891
50.259497,-0.03678859999990891,-0.03648459999994884,-0.03683709368132704,-0.03672104755239461,-0.03678859999990891
50.279496,-0.03678859999990891,-0.0365205999999489,-0.03663986877851078,-0.03666009184144493,-0.03678859999990891
50.299496,-0.03602860000000874,-0.0365205999999489,-0.03642192421759036,-0.03643032494167936,-0.03678859999990891
50.319496,-0.0369685999999092,-0.03655659999994896,-0.03619750563896162,-0.03630659533794838,-0.03678859999990891
50.339496,-0.03602860000000874,-0.036176599999953395,-0.035994017741038546,-0.0362381571094879,-0.03602860000000874
50.359496,-0.0369685999999092,-0.035948599999937866,-0.035853638778796305,-0.03592659533794529,-0.03602860000000874
50.379495,-0.0348885999999311,-0.03591259999993781,-0.03582277176235198,-0.03572617575751867,-0.03602860000000874
50.399495,-0.0348885999999311,-0.035836599999947795,-0.03593142555549247,-0.03578647878781627,-0.03564860000005865
50.419495,-0.03678859999990891,-0.03580059999994774,-0.0361726048318372,-0.03599967226103328,-0.03564860000005865
50.439495,-0.03564860000005865,-0.03640659999996387,-0.03649441471438523,-0.03640549976686439,-0.03678859999990891
50.459495,-0.03678859999990891,-0.03701259999998001,-0.03681210129409565,-0.03680456736593676,-0.03678859999990891
50.479494,-0.03791860000001179,-0.03704859999998007,-0.03703712013737783,-0.037211979953355304,-0.0369685999999092
50.499495,-0.03791860000001179,-0.03731259999995018,-0.03711130050365164,-0.03749542983679605,-0.0369685999999092
50.519494,-0.0369685999999092,-0.037160599999970144,-0.0370303832864488,-0.0370624461538132,-0.0369685999999092
50.539494,-0.0369685999999092,-0.036934599999949566,-0.03684500662368951,-0.036739066200410696,-0.0369685999999092
50.559494,-0.03602860000000874,-0.036178599999948345,-0.03663770369907592,-0.0363373878787395,-0.03678859999990891
50.579494,-0.03678859999990891,-0.03614259999994829,-0.036486215951526756,-0.03630058135192679,-0.03678859999990891
50.599493,-0.03413860000000568,-0.03633259999996881,-0.036430198310606454,-0.03638948578084314,-0.03678859999990891
50.619493,-0.03678859999990891,-0.036710599999969416,-0.03645729739553626,-0.036711933333312415,-0.03678859999990891
50.639493,-0.03791860000001179,-0.03655859999998938,-0.03651547995102995,-0.03643640885779668,-0.03678859999990891
50.659492,-0.03791860000001179,-0.036936599999989994,-0.0365441255647703,-0.03658090769229905,-0.03678859999990891
50.679492,-0.03602860000000874,-0.03640660000000935,-0.03650506261135991,-0.03656703822844605,-0.03602860000000874
50.699492,-0.03602860000000874,-0.03640660000000935,-0.03639614997759764,-0.036730558041972255,-0.03602860000000874
50.719492,-0.03413860000000568,-0.03602860000000874,-0.03624404456815596,-0.036152376223792144,-0.03602860000000874
50.739492,-0.03791860000001179,-0.03602860000000874,-0.0360869622775986,-0.03565615244755291,-0.03602860000000874
50.759491,-0.03602860000000874,-0.03580059999999321,-0.03596053209858437,-0.03579237622377248,-0.03602860000000874
50.779491,-0.03602860000000874,-0.03617859999999382,-0.03589135772301199,-0.03629985874124893,-0.03602860000000874
50.799491,-0.0348885999999311,-0.03617859999999382,-0.03589490877752,-0.03613887972028255,-0.03602860000000874
50.819491,-0.03602860000000874,-0.03617859999999382,-0.0359740209511994,-0.03599822703962404,-0.03602860000000874
50.839491,-0.03791860000001179,-0.035724600000003194,-0.03611760277824768,-0.03567263263402646,-0.03602860000000874
50.859491,-0.03602860000000874,-0.03610459999999875,-0.03629999219041939,-0.03603440419579891,-0.03602860000000874
50.87949,-0.033758600000055594,-0.036482599999999366,-0.03648144171611685,-0.03668263263403163,-0.03678859999990891
50.89949,-0.03678859999990891,-0.036482599999999366,-0.03661335851001707,-0.03695522004663203,-0.03678859999990891
50.91949,-0.03791860000001179,-0.03686059999999998,-0.03665358317841511,-0.036700348251744924,-0.03791860000001179
50.93949,-0.03791860000001179,-0.036936599999989994,-0.0365894571660331,-0.03631214312353357,-0.03791860000001179
50.95949,-0.03791860000001179,-0.03655659999999443,-0.03645417902533187,-0.0365475277389244,-0.03791860000001179
50.979489,-0.03413860000000568,-0.03617859999999382,-0.03631999238730923,-0.03669741118879778,-0.03602860000000874
50.999489,-0.0348885999999311,-0.03617859999999382,-0.036266451922228805,-0.03605612913752677,-0.03602860000000874
51.019489,-0.03602860000000874,-0.035952599999973245,-0.036341433208920436,-0.035902446153828455,-0.03602860000000874
51.039489,-0.03791860000001179,-0.03633059999997386,-0.0365386618657561,-0.036399509090877184,-0.03602860000000874
51.059489,-0.03678859999990891,-0.03708659999997508,-0.03680335422191325,-0.03687277249414247,-0.03678859999990891
51.079488,-0.03602860000000874,-0.03761459999996077,-0.03705945791304192,-0.03757356503492584,-0.03791860000001179
51.099488,-0.038668599999937214,-0.037236599999960165,-0.03724240929390921,-0.037424310955671225,-0.03678859999990891
51.119488,-0.038668599999937214,-0.037236599999960165,-0.03732226569261729,-0.037436478787824246,-0.03678859999990891
51.139488,-0.03602860000000874,-0.037236599999960165,-0.037307782013585804,-0.03699559300695659,-0.03678859999990891
51.159487,-0.03678859999990891,-0.03708659999997508,-0.037230530485382496,-0.03692496363635184,-0.03678859999990891
51.179487,-0.03602860000000874,-0.03640660000000935,-0.03711901594794776,-0.03698489370629119,-0.03602860000000874
51.199487,-0.03791860000001179,-0.03678460000000996,-0.03697953609009915,-0.036821467132891916,-0.03678859999990891
51.219487,-0.03526860000010856,-0.037010600000030536,-0.03679658923632398,-0.03674755104897641,-0.03791860000001179
51.239487,-0.03791860000001179,-0.037010600000030536,-0.03655319473201868,-0.03709922937065619,-0.03791860000001179
51.259487,-0.03791860000001179,-0.0364046000000144,-0.03625878147316357,-0.0363930755244959,-0.03602860000000874
51.279486,-0.03602860000000874,-0.03655659999999443,-0.03596601622575018,-0.03617002191141872,-0.03602860000000874
51.299486,-0.0348885999999311,-0.03557259999997768,-0.035762023782384446,-0.03566328531466776,-0.03602860000000874
51.319486,-0.03602860000000874,-0.03557259999997768,-0.03573375538250542,-0.03563146713284352,-0.03602860000000874
51.339486,-0.03299859999992805,-0.03557259999997768,-0.035924003669512435,-0.035558390209768774,-0.03602860000000874
51.359486,-0.03791860000001179,-0.03617859999999382,-0.036302243804667615,-0.036166292307670975,-0.03602860000000874
51.379485,-0.03602860000000874,-0.036706599999979515,-0.036767651346719776,-0.036717341258725236,-0.03791860000001179
51.399485,-0.03791860000001179,-0.037690599999996265,-0.037184800194337404,-0.03737013846153321,-0.03791860000001179
51.419485,-0.038668599999937214,-0.03731259999999566,-0.03743594288724593,-0.03764055804195217,-0.03791860000001179
51.439485,-0.03791860000001179,-0.037690599999996265,-0.0374663377522503,-0.03768090769231072,-0.03791860000001179
51.459485,-0.03602860000000874,-0.03731259999999566,-0.037303597569384256,-0.037205313286718195,-0.03791860000001179
51.479484,-0.03791860000001179,-0.03678460000000996,-0.037045015235043444,-0.0370860825174837,-0.03602860000000874
51.499484,-0.03602860000000874,-0.03678460000000996,-0.0368207989316918,-0.03684692167832883,-0.03602860000000874
51.519484,-0.03602860000000874,-0.036934599999995044,-0.036748968028356255,-0.03654971888111901,-0.03677859999993416
51.539484,-0.03791860000001179,-0.036934599999995044,-0.03689737771067088,-0.03675776083914665,-0.03677859999993416
51.559484,-0.03677859999993416,-0.03708459999998013,-0.037262894511321726,-0.03722687505825892,-0.03677859999993416
51.579483,-0.03791860000001179,-0.03780259999998634,-0.03777117892596526,-0.03772211981350889,-0.03791860000001179
51.599483,-0.03677859999993416,-0.03814259999999194,-0.03829596156144112,-0.038398343589739946,-0.03791860000001179
51.619483,-0.039618600000039805,-0.03871060000001307,-0.03869427312702317,-0.03885463729604235,-0.039618600000039805
51.639483,-0.039618600000039805,-0.03871060000001307,-0.03885055881044237,-0.03869009184150634,-0.039618600000039805
51.659482,-0.039618600000039805,-0.0389386000000286,-0.03871679300321723,-0.0386624694638954,-0.039618600000039805
51.679482,-0.03791860000001179,-0.038220600000022385,-0.03833272859931531,-0.03868855337997653,-0.03791860000001179
51.699482,-0.03791860000001179,-0.037880600000016786,-0.03781613634229133,-0.03804834358976924,-0.03791860000001179
51.719482,-0.03602860000000874,-0.03754060000001118,-0.037325580807023515,-0.0372061757575875,-0.03791860000001179
51.739482,-0.03791860000001179,-0.03678460000000996,-0.03700948934040739,-0.03669090769231389,-0.03791860000001179
51.759482,-0.03791860000001179,-0.03678460000000996,-0.03695856845576723,-0.03662482377622986,-0.03791860000001179
51.779481,-0.03413860000000568,-0.03716260000001057,-0.03717536353175517,-0.03708764428906432,-0.03791860000001179
51.799481,-0.03791860000001179,-0.03750260000001617,-0.03757043232594864,-0.037682049883474934,-0.03791860000001179
51.819481,-0.03791860000001179,-0.03784260000002178,-0.037989995429186824,-0.038354893706296946,-0.03791860000001179
51.839481,-0.039618600000039805,-0.038748600000008085,-0.03827032043022617,-0.038279718881127474,-0.038668599999937214
51.85948,-0.039618600000039805,-0.038558599999987564,-0.03829993161095685,-0.03822319207459233,-0.038668599999937214
51.87948,-0.038668599999937214,-0.03802860000000692,-0.03806229953199108,-0.038585732867127825,-0.038668599999937214
51.89948,-0.0369685999999092,-0.037460599999985786,-0.037638455817478954,-0.0374716769230729,-0.0369685999999092
51.91948,-0.03526860000010856,-0.037120599999980186,-0.03716889898068184,-0.037013961305353775,-0.0369685999999092
51.93948,-0.03677859999993416,-0.03621459999999388,-0.036794721094064294,-0.036425383216761774,-0.03677859999993416
51.959479,-0.03791860000001179,-0.03655459999999948,-0.036605870123638695,-0.036404031235414414,-0.03677859999993416
51.97948,-0.03413860000000568,-0.0368565999999646,-0.03661649450720952,-0.03653596596734941,-0.03677859999993416
51.999479,-0.038668599999937214,-0.03708459999998013,-0.03677194601519236,-0.03705971888109387,-0.03791860000001179
52.019479,-0.03677859999993416,-0.0368565999999646,-0.03697946675968069,-0.03719643216779006,-0.03677859999993416
52.039479,-0.03791860000001179,-0.03761259999996582,-0.037147944579842905,-0.0372655230768984,-0.03791860000001179
52.059479,-0.03677859999993416,-0.03708459999998013,-0.03722088473804076,-0.03728027832165562,-0.03677859999993416
52.079479,-0.03791860000001179,-0.03731259999999566,-0.03719124897799135,-0.03731559300697919,-0.03791860000001179
52.099478,-0.03602860000000874,-0.036934599999995044,-0.03709535735241296,-0.03705067459208143,-0.03677859999993416
52.119478,-0.03791860000001179,-0.03685860000000503,-0.03699115818066392,-0.03670650209790284,-0.03639859999998407
52.139478,-0.03602860000000874,-0.03685860000000503,-0.03693072405033566,-0.03662587272726875,-0.03639859999998407
52.159477,-0.03639859999998407,-0.0366305999999895,-0.03693763782513914,-0.03698062797202987,-0.03639859999998407
52.179477,-0.03791860000001179,-0.0369705999999951,-0.03699781145822206,-0.036997551048954205,-0.03639859999998407
52.199477,-0.0348885999999311,-0.037348599999995714,-0.03706760409415324,-0.037446572027966196,-0.03791860000001179
52.219477,-0.039618600000039805,-0.03727460000000064,-0.03709627129712068,-0.03693878648018059,-0.03791860000001179
52.239477,-0.03791860000001179,-0.03708459999998013,-0.03705251094062806,-0.03699601258739737,-0.0369685999999092
52.259476,-0.03602860000000874,-0.036934599999995044,-0.036941142006873255,-0.03715391468530255,-0.0369685999999092
52.279476,-0.0369685999999092,-0.03674459999997452,-0.03680042712129927,-0.03685887972026464,-0.0369685999999092
52.299476,-0.03413860000000568,-0.03674459999997452,-0.036682581769424814,-0.03690908951046214,-0.0369685999999092
52.319476,-0.038668599999937214,-0.036516599999959,-0.0366303219020592,-0.03622032494167743,-0.0369685999999092
52.339476,-0.03791860000001179,-0.036516599999959,-0.03666161670989679,-0.03623780745915821,-0.0369685999999092
52.359475,-0.0348885999999311,-0.03689459999995961,-0.03676558438467944,-0.03686587272723362,-0.0369685999999092
52.379475,-0.0369685999999092,-0.03674459999997452,-0.03690621079047585,-0.0371288097901879,-0.0369685999999092
52.399475,-0.03602860000000874,-0.03708459999998013,-0.03703253642361948,-0.03738461398599551,-0.0369685999999092
52.419475,-0.03791860000001179,-0.03731259999999566,-0.03709653595915921,-0.03689713146853747,-0.0369685999999092
52.439475,-0.039618600000039805,-0.037124600000015565,-0.037074994628801226,-0.03701412447553243,-0.03602860000000874
52.459474,-0.03602860000000874,-0.037124600000015565,-0.03698353716858964,-0.03718417109558751,-0.03602860000000874
52.479474,-0.03602860000000874,-0.036934599999995044,-0.03687115530147116,-0.036810208391604884,-0.03602860000000874
52.499474,-0.03602860000000874,-0.036366599999973916,-0.03679569265338844,-0.03681426433564105,-0.03602860000000874
52.519474,-0.0369685999999092,-0.03655459999995401,-0.03679460565012004,-0.03648934592070238,-0.03677859999993416
52.539474,-0.03677859999993416,-0.036932599999954616,-0.03686821159631698,-0.03651300559435002,-0.0369685999999092
52.559474,-0.0369685999999092,-0.0370825999999397,-0.03698338301804025,-0.03724584941719597,-0.0369685999999092
52.579473,-0.03791860000001179,-0.03727259999996022,-0.03709341053244098,-0.03746647878783277,-0.0369685999999092
52.599473,-0.03677859999993416,-0.03750059999997575,-0.03716246705285838,-0.03741321538459094,-0.03791860000001179
52.619473,-0.03791860000001179,-0.03731259999999566,-0.03718239055643147,-0.037132003263393984,-0.03791860000001179
52.639473,-0.03791860000001179,-0.036934599999995044,-0.0371737183806721,-0.037019998601393315,-0.03677859999993416
52.659472,-0.03602860000000874,-0.036934599999995044,-0.03717023352463424,-0.03687293566434074,-0.03677859999993416
52.679472,-0.03602860000000874,-0.036934599999995044,-0.03719500004102976,-0.03700475384615472,-0.03677859999993416
52.699472,-0.03677859999993416,-0.036934599999995044,-0.03724243462335222,-0.03725636223776016,-0.03677859999993416
52.719472,-0.03791860000001179,-0.037462599999980736,-0.03727966278130106,-0.037419206060569685,-0.03791860000001179
52.739472,-0.03791860000001179,-0.03765059999996083,-0.037268932425627725,-0.03741894965031815,-0.03791860000001179
52.759472,-0.038668599999937214,-0.03765059999996083,-0.037197872021646906,-0.03741114079250516,-0.03791860000001179
52.779471,-0.0369685999999092,-0.037120599999980186,-0.037097243886799136,-0.03709403123539592,-0.0369685999999092
52.799471,-0.03677859999993416,-0.03689259999996466,-0.03703254912897517,-0.037141467132850915,-0.03677859999993416
52.819471,-0.03526860000010856,-0.03674259999997957,-0.0370723278910387,-0.03685431095568726,-0.03677859999993416
52.839471,-0.03677859999993416,-0.03727260000000569,-0.03725129416260248,-0.03702738787878143,-0.03677859999993416
52.859471,-0.03791860000001179,-0.03727260000000569,-0.03754992962575324,-0.03740897296037567,-0.03677859999993416
52.87947,-0.039618600000039805,-0.03814259999999194,-0.03790128619378571,-0.03807878648019887,-0.03791860000001179
52.89947,-0.03677859999993416,-0.03852059999999256,-0.038218912137732146,-0.038229019580410424,-0.038668599999937214
52.91947,-0.039618600000039805,-0.03852059999999256,-0.038429584360022966,-0.03854209650347548,-0.038668599999937214
52.93947,-0.038668599999937214,-0.037990599999966436,-0.03849604453818374,-0.03872151375289344,-0.03791860000001179
52.959469,-0.03791860000001179,-0.038558599999987564,-0.038423191488788803,-0.038469159440540246,-0.038668599999937214
52.979469,-0.0369685999999092,-0.03836859999996704,-0.0382494038092433,-0.03798396130534121,-0.038668599999937214
52.999469,-0.039618600000039805,-0.037764599999991336,-0.038029637355927653,-0.03797510349648138,-0.03791860000001179
53.019469,-0.038668599999937214,-0.03753859999997076,-0.03781717636718487,-0.03765776083913592,-0.0369685999999092
53.039469,-0.03564860000005865,-0.03787859999997636,-0.037647861982098726,-0.037666735198116766,-0.038668599999937214
53.059469,-0.03678859999990891,-0.03753859999997076,-0.0375295134153699,-0.03770284242420385,-0.03791860000001179
53.079468,-0.038668599999937214,-0.03719859999996515,-0.037441113443716485,-0.03732731794868248,-0.0369685999999092
53.099468,-0.03791860000001179,-0.037462599999935266,-0.03734465834828786,-0.0373242410255847,-0.0369685999999092
53.119468,-0.0369685999999092,-0.03731059999995523,-0.03720495809397928,-0.037281910023257224,-0.0369685999999092
53.139468,-0.0369685999999092,-0.03731059999995523,-0.03700699899338413,-0.03719724801860015,-0.0369685999999092
53.159467,-0.03602860000000874,-0.03655459999995401,-0.036763131427609896,-0.036714404195776505,-0.0369685999999092
53.179467,-0.038668599999937214,-0.036366599999973916,-0.0365091774187238,-0.03636582610718702,-0.03602860000000874
53.199467,-0.03413860000000568,-0.03633059999997386,-0.03629283147939372,-0.036311140792496144,-0.03602860000000874
53.219467,-0.03602860000000874,-0.03648259999995389,-0.03615911837305736,-0.036136432167799305,-0.03678859999990891
53.239467,-0.03678859999990891,-0.035954599999968195,-0.03613839797002124,-0.03604109417246934,-0.03602860000000874
53.259466,-0.03678859999990891,-0.03633259999996881,-0.036241052267783715,-0.03638207319344715,-0.03602860000000874
53.279466,-0.03602860000000874,-0.036710599999969416,-0.03645850117072403,-0.03662915944052968,-0.03678859999990891
53.299466,-0.03602860000000874,-0.03708659999997508,-0.036766757717370493,-0.037038483449851105,-0.03678859999990891
53.319466,-0.03791860000001179,-0.03708659999997508,-0.03712971935857526,-0.036907877389240354,-0.03678859999990891
53.339466,-0.038668599999937214,-0.03708659999997508,-0.03750172057749225,-0.03723482377619816,-0.03678859999990891
53.359465,-0.03678859999990891,-0.03761459999996077,-0.03782944641911906,-0.037554334265715,-0.03791860000001179
53.379465,-0.03602860000000874,-0.03795459999996638,-0.03805469210119629,-0.038139439160807066,-0.038668599999937214
53.399465,-0.038668599999937214,-0.03780459999998129,-0.03812285971424064,-0.038350418181779714,-0.03791860000001179
53.419465,-0.039618600000039805,-0.03818059999998695,-0.03800124625209419,-0.038202376223756954,-0.038668599999937214
53.439465,-0.03791860000001179,-0.03818059999998695,-0.037701638595055514,-0.03758337855478243,-0.038668599999937214
53.459465,-0.038668599999937214,-0.03750060000002122,-0.03729143182360922,-0.03729573286714905,-0.03791860000001179
53.479464,-0.03602860000000874,-0.0364046000000144,-0.036879044337640464,-0.03699002191144673,-0.03602860000000874
53.499464,-0.03526860000010856,-0.0364046000000144,-0.03657461914455897,-0.03632827365969652,-0.03602860000000874
53.519464,-0.03413860000000568,-0.036254600000029315,-0.03644493187684755,-0.03627256270397358,-0.03602860000000874
53.539464,-0.03791860000001179,-0.03640660000000935,-0.036488253944065914,-0.036356711888119134,-0.03678859999990891
53.559464,-0.03791860000001179,-0.036936599999989994,-0.036644006423589975,-0.036699229370633635,-0.03791860000001179
53.579463,-0.03678859999990891,-0.037352599999985615,-0.03683016652035055,-0.0371812340326303,-0.03791860000001179
53.599463,-0.03791860000001179,-0.037352599999985615,-0.03698514360895802,-0.03728999860137414,-0.03791860000001179
53.619463,-0.03621859999998378,-0.036974599999985,-0.037091560236893605,-0.03721855337993864,-0.03678859999990891
53.639463,-0.03791860000001179,-0.036974599999985,-0.0371731643889005,-0.03702857668996247,-0.03678859999990891
53.659462,-0.03602860000000874,-0.036974599999985,-0.03727116929483919,-0.03691866993004222,-0.03678859999990891
53.679462,-0.03678859999990891,-0.03746459999997569,-0.0374149207273322,-0.03727496363633739,-0.03791860000001179
53.699462,-0.03791860000001179,-0.037238599999955116,-0.03760227469507132,-0.037655756177118825,-0.03678859999990891
53.719462,-0.038668599999937214,-0.03795659999996133,-0.037798441474361046,-0.037711117482481335,-0.03791860000001179
53.739462,-0.03678859999990891,-0.0381825999999819,-0.037951782129929584,-0.03785016177153286,-0.03791860000001179
53.759461,-0.039618600000039805,-0.03780459999998129,-0.03801706476357636,-0.03833452074590704,-0.03791860000001179
53.779461,-0.03791860000001179,-0.03799460000000181,-0.03797498374644816,-0.038263774825180744,-0.03791860000001179
53.799461,-0.03602860000000874,-0.038220600000022385,-0.03784038934299833,-0.03772025501167212,-0.03791860000001179
53.819461,-0.039618600000039805,-0.03750260000001617,-0.037657325411531946,-0.03760563962706944,-0.03791860000001179
53.839461,-0.03791860000001179,-0.037124600000015565,-0.037483379842056186,-0.037619275990690995,-0.03602860000000874
53.85946,-0.03602860000000874,-0.037690599999996265,-0.03736784565432902,-0.03701410116549487,-0.03791860000001179
53.87946,-0.03602860000000874,-0.03712459999997009,-0.03733023130602634,-0.037075872727251456,-0.03678859999990891
53.89946,-0.03885859999991226,-0.03678459999996449,-0.03734862397575203,-0.037346105827469035,-0.03621859999998378
53.91946,-0.03678859999990891,-0.03735059999994519,-0.03736626371902773,-0.0374164787878159,-0.03678859999990891
53.93946,-0.03621859999998378,-0.03787859999993089,-0.03731656940027007,-0.03768904289037078,-0.038668599999937214
53.95946,-0.03885859999991226,-0.037464599999930216,-0.03715707515557593,-0.037249532400865946,-0.03678859999990891
53.979459,-0.038668599999937214,-0.036934599999949566,-0.03689690288120875,-0.03700466060599758,-0.03678859999990891
53.999459,-0.03678859999990891,-0.03651859999995395,-0.03660213713762151,-0.03639442750578087,-0.03678859999990891
54.019459,-0.03413860000000568,-0.03648059999995894,-0.036371602057510485,-0.03645570955708098,-0.03678859999990891
54.039459,-0.03413860000000568,-0.035952599999973245,-0.03629251418570801,-0.03627475384612209,-0.03602860000000874
54.059458,-0.038668599999937214,-0.03617859999999382,-0.03640019397498028,-0.03607953240091175,-0.03602860000000874
54.079458,-0.03602860000000874,-0.03674459999997452,-0.036663869943129986,-0.03659685174823464,-0.0369685999999092
54.099458,-0.03791860000001179,-0.03750059999997575,-0.03700259485657664,-0.03699244615384153,-0.03791860000001179
54.119458,-0.0369685999999092,-0.037350599999990665,-0.03731808763482553,-0.03771682843820914,-0.03791860000001179
54.139458,-0.03791860000001179,-0.037350599999990665,-0.037527162721266466,-0.03778305221443214,-0.03791860000001179
54.159457,-0.03791860000001179,-0.03753859999997076,-0.03758256435973604,-0.037242725874106285,-0.03791860000001179
54.179457,-0.03602860000000874,-0.037350599999990665,-0.03747912552948084,-0.0374882969696706,-0.03791860000001179
54.199457,-0.03885859999991226,-0.03697259999999005,-0.03724793207695907,-0.036954986946381496,-0.03602860000000874
54.219457,-0.03602860000000874,-0.036896600000000036,-0.03694376107444145,-0.03703757435899837,-0.03602860000000874
54.239457,-0.03602860000000874,-0.03674460000002,-0.03663085073553162,-0.036708180419598654,-0.03602860000000874
54.259457,-0.037538600000061706,-0.03655660000003991,-0.03637047964531512,-0.036447993939424064,-0.03602860000000874
54.279456,-0.03526860000010856,-0.03632860000002438,-0.03621184521887112,-0.036270021911445564,-0.03602860000000874
54.299456,-0.03791860000001179,-0.03632860000002438,-0.03618546663859848,-0.03610787738930602,-0.03602860000000874
54.319456,-0.0348885999999311,-0.03617859999999382,-0.03629732933380299,-0.03636822703962376,-0.03602860000000874
54.339456,-0.03602860000000874,-0.036708599999974466,-0.03652419843019116,-0.03647489370626969,-0.03678859999990891
54.359455,-0.03678859999990891,-0.03648259999995389,-0.03681430931454992,-0.03671612913749603,-0.03678859999990891
54.379455,-0.03791860000001179,-0.03708859999997003,-0.03709805601998798,-0.03705999860135116,-0.03678859999990891
54.399455,-0.03678859999990891,-0.03746659999997064,-0.03730812389042706,-0.03728771421907592,-0.03791860000001179
54.419455,-0.03791860000001179,-0.03746659999997064,-0.03740186263515983,-0.03773326200463355,-0.03791860000001179
54.439455,-0.03791860000001179,-0.03746659999997064,-0.03737621192457701,-0.03741699160836452,-0.03791860000001179
54.459455,-0.03678859999990891,-0.03731459999999061,-0.03726820222733308,-0.037323868065256144,-0.03791860000001179
54.479454,-0.03791860000001179,-0.036936599999989994,-0.03713958864447303,-0.0369599286713171,-0.03678859999990891
54.499454,-0.03602860000000874,-0.036936599999989994,-0.0370505739705363,-0.0367967818181926,-0.03678859999990891
54.519454,-0.03602860000000874,-0.03678460000000996,-0.03703312642124169,-0.03678815710955045,-0.03602860000000874
54.539454,-0.03791860000001179,-0.03678460000000996,-0.037076354004828185,-0.037161583682974446,-0.03602860000000874
54.559453,-0.03602860000000874,-0.037350599999990665,-0.03713226720471389,-0.03743438088579788,-0.03791860000001179
54.579453,-0.03791860000001179,-0.03765260000000126,-0.0371406704228894,-0.03726121072261867,-0.03791860000001179
54.599453,-0.03885859999991226,-0.037122600000020614,-0.037061395107315605,-0.03717319207460653,-0.037538600000061706
54.619453,-0.037538600000061706,-0.036894600000005086,-0.036896477169651165,-0.0367016536130666,-0.037538600000061706
54.639453,-0.03526860000010856,-0.03651660000000447,-0.03668885501151832,-0.03650316876457513,-0.03602860000000874
54.659452,-0.0348885999999311,-0.03610060000000885,-0.03649818022789696,-0.03671885641025299,-0.03602860000000874
54.679452,-0.03602860000000874,-0.03632659999998396,-0.03637013106250637,-0.03645892634031031,-0.03602860000000874
54.699452,-0.03677859999993416,-0.03662859999994907,-0.036319657384356,-0.0361349170162901,-0.03677859999993416
54.719452,-0.038668599999937214,-0.03662859999994907,-0.03633595072244677,-0.036171257342589025,-0.03677859999993416
54.739452,-0.03677859999993416,-0.036400599999933544,-0.03639875828566092,-0.036369555710881234,-0.03677859999993416
54.759451,-0.0348885999999311,-0.03643859999992856,-0.03648889918133147,-0.03680901958035918,-0.03677859999993416
54.779451,-0.0348885999999311,-0.03628859999994347,-0.03658627294052035,-0.036774683916004205,-0.03677859999993416
54.799451,-0.0369685999999092,-0.03666659999994408,-0.03666458997260402,-0.03631074452209345,-0.0369685999999092
54.819451,-0.03791860000001179,-0.03666659999994408,-0.03669605719678595,-0.03650932261068481,-0.0369685999999092
54.839451,-0.038668599999937214,-0.03674259999997957,-0.036667217038528724,-0.03681466060602519,-0.0369685999999092
54.859451,-0.0348885999999311,-0.037120599999980186,-0.03659308370481905,-0.036812003263372965,-0.03791860000001179
54.87945,-0.03526860000010856,-0.03651459999996405,-0.03651627239953394,-0.03672904289042541,-0.03526860000010856
54.89945,-0.03885859999991226,-0.03598659999997835,-0.03649016311309873,-0.03634284242422268,-0.03526860000010856
54.91945,-0.0348885999999311,-0.03659259999999449,-0.03655616977209447,-0.03620286573424481,-0.03602860000000874
54.93945,-0.03602860000000874,-0.03689459999995961,-0.03672644484695418,-0.03645554638693253,-0.03677859999993416
54.95945,-0.03791860000001179,-0.036706599999979515,-0.03697895597254739,-0.0373843109556837,-0.03677859999993416
54.979449,-0.03677859999993416,-0.037462599999980736,-0.03726684429734058,-0.037388460139825594,-0.03791860000001179
54.999449,-0.03791860000001179,-0.037990599999966436,-0.0375381404931286,-0.03754811048949104,-0.03791860000001179
55.019449,-0.038668599999937214,-0.03761259999996582,-0.037756361814692954,-0.03802081445217816,-0.03791860000001179
55.039449,-0.038668599999937214,-0.03802859999996144,-0.03791115584337977,-0.03786398461534042,-0.038668599999937214
55.059449,-0.03602860000000874,-0.037800599999945915,-0.03801298327331237,-0.03778650209785159,-0.038668599999937214
55.079448,-0.03885859999991226,-0.03765059999996083,-0.038075217565878734,-0.037747807459159774,-0.03791860000001179
55.099448,-0.03677859999993416,-0.03765059999996083,-0.03809574931054665,-0.03790678181814351,-0.03791860000001179
55.119448,-0.03791860000001179,-0.03802859999996144,-0.03805166537667363,-0.038220021911394134,-0.03791860000001179
55.139448,-0.038668599999937214,-0.03818059999998695,-0.037912906848447815,-0.03805752773891059,-0.03791860000001179
55.159447,-0.03791860000001179,-0.03818059999998695,-0.03766856210139515,-0.03802335524473374,-0.03791860000001179
55.179447,-0.039618600000039805,-0.03742459999998573,-0.0373496444557596,-0.037301350582738806,-0.03791860000001179
55.199447,-0.03677859999993416,-0.03704659999998512,-0.0370310809976142,-0.036991327272721766,-0.03677859999993416
55.219447,-0.03413860000000568,-0.03666859999998451,-0.03680628456558464,-0.036692865734246315,-0.03677859999993416
55.239447,-0.03677859999993416,-0.03632859999997891,-0.0367456966395666,-0.036596362237742666,-0.03677859999993416
55.259446,-0.03602860000000874,-0.03674459999997452,-0.03686338477719144,-0.036860907692285894,-0.03677859999993416
55.279446,-0.03791860000001179,-0.03750059999997575,-0.037111798188470255,-0.037066711888091484,-0.03791860000001179
55.299446,-0.03885859999991226,-0.03772859999999127,-0.037406373079100795,-0.03750528997667582,-0.03791860000001179
55.319446,-0.03791860000001179,-0.03787859999997636,-0.03766328924576305,-0.037918390209757055,-0.03791860000001179
55.339446,-0.03791860000001179,-0.03765059999996083,-0.03782832998926916,-0.037875662937039076,-0.03791860000001179
55.359445,-0.03677859999993416,-0.03761259999996582,-0.037884380771422296,-0.0377506279719933,-0.03791860000001179
55.379445,-0.03677859999993416,-0.03761059999997087,-0.03784099966944593,-0.03770074452210065,-0.03790860000003704
55.399445,-0.038668599999937214,-0.03742059999995036,-0.037719639929768005,-0.03756692167828601,-0.0369685999999092
55.419445,-0.03790860000003704,-0.037798599999950964,-0.03754601566520832,-0.037638553379901685,-0.03790860000003704
55.439445,-0.0369685999999092,-0.03764859999996588,-0.03735076857057414,-0.037465359906719356,-0.03790860000003704
55.459445,-0.038668599999937214,-0.03727059999996527,-0.0371710797688299,-0.03720510349647183,-0.0369685999999092
55.479444,-0.03602860000000874,-0.03689459999995961,-0.037045562280259674,-0.036943145454513715,-0.03677859999993416
55.499444,-0.03677859999993416,-0.03689459999995961,-0.037001252933645944,-0.03716389137524239,-0.03677859999993416
55.519444,-0.03602860000000874,-0.03689459999995961,-0.03703936274199609,-0.03694570955705757,-0.03677859999993416
55.539444,-0.0369685999999092,-0.037460599999940315,-0.03713000690402853,-0.03724901958038039,-0.0369685999999092
55.559443,-0.038668599999937214,-0.036930599999959665,-0.03722181360041124,-0.03687363496499163,-0.0369685999999092
55.579443,-0.03885859999991226,-0.037458599999945365,-0.03726221733666709,-0.03713682843816616,-0.038668599999937214
55.599443,-0.03412860000003093,-0.037042599999949744,-0.03721692016210026,-0.03746934592068736,-0.038668599999937214
55.619443,-0.038668599999937214,-0.03708059999994475,-0.03707971560087712,-0.037271910023262335,-0.038668599999937214
55.639442,-0.0348885999999311,-0.03689059999996971,-0.03687316061826566,-0.03694755104891667,-0.03790860000003704
55.659442,-0.03885859999991226,-0.03689059999996971,-0.03664527892163344,-0.03653657202794812,-0.03790860000003704
55.679442,-0.03790860000003704,-0.0365125999999691,-0.03646300494106699,-0.0363893925407655,-0.03677859999993416
55.699442,-0.03412860000003093,-0.03674059999998462,-0.036397428227878725,-0.03659729463867112,-0.03677859999993416
55.719442,-0.03677859999993416,-0.03632459999998901,-0.036498923486764555,-0.03637041818180195,-0.03677859999993416
55.739442,-0.03602860000000874,-0.03632459999998901,-0.03677069840434763,-0.03681939254077857,-0.03677859999993416
55.759441,-0.03677859999993416,-0.037232599999970264,-0.03715595673216865,-0.036779136130523624,-0.03677859999993416
55.779441,-0.03790860000003704,-0.037458599999990835,-0.037549159061986324,-0.037433401864792715,-0.03790860000003704
55.799441,-0.038668599999937214,-0.0378345999999965,-0.037829480107848416,-0.038214917016319086,-0.03790860000003704
55.819441,-0.03790860000003704,-0.03806060000001708,-0.03790333343496223,-0.03775386806527875,-0.03790860000003704
55.839441,-0.03790860000003704,-0.0378345999999965,-0.037738733849866014,-0.03800654871794103,-0.03790860000003704
55.859441,-0.03790860000003704,-0.03707859999999528,-0.03737827343805071,-0.037530791142181504,-0.03790860000003704
55.87944,-0.03677859999993416,-0.037230599999975314,-0.036926405330234065,-0.03695165361303167,-0.03790860000003704
55.89944,-0.0348885999999311,-0.036474599999974086,-0.036516072784783256,-0.036178063869440905,-0.03677859999993416
55.91944,-0.038668599999937214,-0.03609859999996843,-0.03626632015937715,-0.03601002191140345,-0.03602860000000874
55.93944,-0.03412860000003093,-0.035948599999983344,-0.03624464796574052,-0.036334683916065154,-0.03602860000000874
55.95944,-0.03602860000000874,-0.03685660000001008,-0.03644585792555022,-0.03672312214450266,-0.03602860000000874
55.979439,-0.03602860000000874,-0.036894600000005086,-0.03679480933264376,-0.036647690909101804,-0.03602860000000874
55.999439,-0.03942860000006476,-0.03727460000000064,-0.0371734568534086,-0.0373211407925506,-0.03602860000000874
56.019439,-0.03885859999991226,-0.037122600000020614,-0.037461955999305525,-0.037248110489538785,-0.03602860000000874
56.039439,-0.03602860000000874,-0.037990600000011907,-0.03757570340315622,-0.03770114079256694,-0.03885859999991226
56.059438,-0.03526860000010856,-0.03715860000002067,-0.03748417186125166,-0.03767794731936047,-0.03602860000000874
56.079438,-0.04036859999996523,-0.03678060000002006,-0.03721094920500852,-0.037137737529148215,-0.03602860000000874
56.099438,-0.03526860000010856,-0.03696860000000015,-0.03682335633510009,-0.036465709557111384,-0.0369685999999092
56.119438,-0.0369685999999092,-0.03674059999998462,-0.036417406960785347,-0.036428530069924005,-0.0369685999999092
56.139438,-0.0369685999999092,-0.03602259999997841,-0.03609806140653171,-0.036603914685273395,-0.03677859999993416
56.159437,-0.03412860000003093,-0.03632459999994353,-0.035954798661353704,-0.035996828438180216,-0.03677859999993416
56.179437,-0.03677859999993416,-0.03613659999996344,-0.036037046810396565,-0.03552258601395693,-0.03677859999993416
56.199437,-0.03677859999993416,-0.03579660000000331,-0.03633707416093494,-0.036368879720258894,-0.03602860000000874
56.219437,-0.03602860000000874,-0.036894600000005086,-0.03678702251108392,-0.036878296969716076,-0.03677859999993416
56.239437,-0.03526860000010856,-0.037462600000026214,-0.03727339587595269,-0.037344031235472294,-0.03677859999993416
56.259436,-0.039618600000039805,-0.03768860000004679,-0.037668128279501896,-0.03782281911425977,-0.03790860000003704
56.279436,-0.039618600000039805,-0.03768860000004679,-0.037868840283620836,-0.03771223636368008,-0.03790860000003704
56.299436,-0.03790860000003704,-0.03802860000000692,-0.037832829102514585,-0.03788918275058835,-0.03790860000003704
56.319436,-0.03602860000000874,-0.0374985999999808,-0.037588210161217175,-0.03766321538460478,-0.0369685999999092
56.339436,-0.0369685999999092,-0.03696859999995468,-0.03721739016226492,-0.037231420512789715,-0.0369685999999092
56.359435,-0.0369685999999092,-0.03644059999996898,-0.03682403669680723,-0.03655249277384669,-0.0369685999999092
56.379436,-0.0369685999999092,-0.03662859999994907,-0.03650072527248871,-0.03633288904423931,-0.0369685999999092
56.399435,-0.03526860000010856,-0.03662859999994907,-0.036308293209235266,-0.03643286573421639,-0.0369685999999092
56.419435,-0.0369685999999092,-0.03644059999996898,-0.03626884838729191,-0.03655589603725302,-0.0369685999999092
56.439435,-0.0369685999999092,-0.03640259999997397,-0.03636918339401694,-0.03637820372956095,-0.03677859999993416
56.459434,-0.03602860000000874,-0.036704599999939094,-0.03656974360739749,-0.036452819114172925,-0.03677859999993416
56.479434,-0.03677859999993416,-0.03666659999994408,-0.036814984037081576,-0.03677377482513557,-0.03677859999993416
56.499434,-0.03677859999993416,-0.03685459999996965,-0.037043760587954735,-0.037010977622324616,-0.03677859999993416
56.519434,-0.03677859999993416,-0.037230599999975314,-0.037201141162318076,-0.03724314545451315,-0.03677859999993416
56.539433,-0.03790860000003704,-0.037230599999975314,-0.037252431264258194,-0.037349765501152855,-0.03677859999993416
56.559433,-0.03790860000003704,-0.037456599999995885,-0.037196205334804305,-0.03721354172493858,-0.03790860000003704
56.579433,-0.03677859999993416,-0.03715460000003077,-0.03706939129629148,-0.03704300559442384,-0.03790860000003704
56.599433,-0.03790860000003704,-0.036778600000025106,-0.03693822115678802,-0.03686762097906279,-0.03677859999993416
56.619433,-0.03526860000010856,-0.036778600000025106,-0.036875310408688244,-0.03696274918419887,-0.03677859999993416
56.639433,-0.03602860000000874,-0.03693060000005062,-0.03693179409158448,-0.03682069790213204,-0.037538600000061706
56.659432,-0.03790860000003704,-0.03708260000003065,-0.03711806659553393,-0.036917993939408214,-0.037538600000061706
56.679432,-0.037538600000061706,-0.03742259999999078,-0.03740264877206747,-0.03754384475525886,-0.037538600000061706
56.699432,-0.038668599999937214,-0.03795059999997648,-0.03772798146293195,-0.037839462470838844,-0.03790860000003704
56.719432,-0.0369685999999092,-0.03829259999997703,-0.038032863039515794,-0.03823270256406927,-0.038668599999937214
56.739432,-0.038668599999937214,-0.03817859999994653,-0.03827038860122624,-0.03824811048947857,-0.038668599999937214
56.759431,-0.039618600000039805,-0.03802659999996649,-0.038415699165037585,-0.03834335524471341,-0.03790860000003704
56.779431,-0.0369685999999092,-0.03840459999996711,-0.038463618006262794,-0.03828797062932128,-0.038668599999937214
56.799431,-0.03790860000003704,-0.038442599999962114,-0.03842009151645488,-0.03834720139855834,-0.03885859999991226
56.819431,-0.03885859999991226,-0.03791259999993599,-0.03829364594093741,-0.03863097762232035,-0.03790860000003704
56.839431,-0.03885859999991226,-0.03825259999994159,-0.03809202884704251,-0.03791037156170194,-0.038668599999937214
56.859431,-0.0369685999999092,-0.038026599999921015,-0.03782407864631591,-0.037468553379879865,-0.038668599999937214
56.87943,-0.038668599999937214,-0.03708059999994475,-0.03750235626675262,-0.03753985874120925,-0.0369685999999092
56.89943,-0.03677859999993416,-0.03689059999996971,-0.03714294318663058,-0.03732678181814081,-0.0369685999999092
56.91943,-0.03412860000003093,-0.03707859999999528,-0.03676370655713385,-0.03681859999998538,-0.03790860000003704
56.93943,-0.03790860000003704,-0.03655060000000958,-0.03638591305961109,-0.03637752773894338,-0.03677859999993416
56.95943,-0.03790860000003704,-0.036020600000028935,-0.03604147247367975,-0.03599326200469646,-0.03602860000000874
56.979429,-0.03602860000000874,-0.03624860000004446,-0.03577974463323103,-0.035843588345034975,-0.03602860000000874
56.999429,-0.03412860000003093,-0.0358726000000388,-0.03566284011109479,-0.036070837762287825,-0.03602860000000874
57.019429,-0.03526860000010856,-0.0358726000000388,-0.035745310436707325,-0.03589172354316101,-0.03602860000000874
57.039429,-0.03602860000000874,-0.0358726000000388,-0.03604748806772592,-0.035535103496543506,-0.03602860000000874
57.059428,-0.03790860000003704,-0.036252600000034364,-0.03653734184041295,-0.03634006853150772,-0.03602860000000874
57.079428,-0.03602860000000874,-0.037122600000020614,-0.03712962778101794,-0.03715941585083753,-0.03602860000000874
57.099428,-0.03602860000000874,-0.037990600000011907,-0.037702543128882875,-0.037865103496504696,-0.03790860000003704
57.119428,-0.039618600000039805,-0.037764599999991336,-0.038127984804425495,-0.03816195664335621,-0.03677859999993416
57.139428,-0.04036859999996523,-0.03814059999999699,-0.03830840974014102,-0.03822825034965691,-0.03790860000003704
57.159427,-0.03677859999993416,-0.038442600000007585,-0.03820793920085171,-0.038316711888102345,-0.03790860000003704
57.179427,-0.03790860000003704,-0.03787459999998646,-0.03786394592110862,-0.038006199067594906,-0.037538600000061706
57.199427,-0.037538600000061706,-0.03715659999998024,-0.03737363576267113,-0.03744337855476171,-0.03677859999993416
57.219427,-0.03677859999993416,-0.0366265999999996,-0.036862039311163684,-0.03642885641022991,-0.03677859999993416
57.239427,-0.03677859999993416,-0.03643859999997403,-0.036443959115800964,-0.036236875058256256,-0.03677859999993416
57.259427,-0.03412860000003093,-0.03613659999996344,-0.03619223619772491,-0.03641016177154431,-0.03677859999993416
57.279426,-0.0369685999999092,-0.036362599999984015,-0.036122343314880484,-0.0360676675990414,-0.03677859999993416
57.299426,-0.03602860000000874,-0.03621259999999893,-0.036198695168520624,-0.03612279580417882,-0.03602860000000874
57.319426,-0.03790860000003704,-0.03659259999999449,-0.036359446908507925,-0.036497061538476955,-0.03602860000000874
57.339426,-0.03602860000000874,-0.03678060000002006,-0.03654758517357795,-0.03699692167834497,-0.03602860000000874
57.359426,-0.03602860000000874,-0.03715660000002572,-0.03673382216494881,-0.03693237622378387,-0.03790860000003704
57.379425,-0.03790860000003704,-0.03693060000000514,-0.036922748731241344,-0.03675815710957531,-0.03677859999993416
57.399425,-0.03790860000003704,-0.036702599999989614,-0.03714193608844352,-0.036912003263396095,-0.03677859999993416
57.419425,-0.03677859999993416,-0.03742059999999583,-0.03741913815331963,-0.03717566293705313,-0.03790860000003704
57.439425,-0.0348885999999311,-0.037572599999975864,-0.03775686014260631,-0.03776375151513937,-0.03790860000003704
57.459424,-0.039618600000039805,-0.037914599999976414,-0.03811738048637508,-0.03826060466198466,-0.038668599999937214
57.479424,-0.038668599999937214,-0.03829259999997703,-0.038429150720446434,-0.0383107678321293,-0.038668599999937214
57.499424,-0.039618600000039805,-0.03904859999997825,-0.03861355639173743,-0.03860372820509628,-0.038668599999937214
57.519424,-0.038668599999937214,-0.03848059999995712,-0.03861746463590971,-0.03859382144520128,-0.038668599999937214
57.539424,-0.038668599999937214,-0.038328599999977085,-0.03843398293635977,-0.03863496363633499,-0.038668599999937214
57.559423,-0.03677859999993416,-0.03776059999995596,-0.038103099313259774,-0.038202236363583525,-0.03790860000003704
57.579423,-0.03790860000003704,-0.037798599999950964,-0.03769645303937815,-0.0375162456876044,-0.03790860000003704
57.599423,-0.03677859999993416,-0.03742059999995036,-0.03729706135121723,-0.03717414778549888,-0.03677859999993416
57.619423,-0.03885859999991226,-0.03689059999996971,-0.036982385549098884,-0.03696519673654749,-0.03677859999993416
57.639423,-0.03677859999993416,-0.03708059999994475,-0.03681197382900728,-0.03688771421906343,-0.03677859999993416
57.659422,-0.03412860000003093,-0.03708059999994475,-0.03681709286209773,-0.03697535990672104,-0.03677859999993416
57.679422,-0.03885859999991226,-0.03689059999996971,-0.03699285598993196,-0.037052213053569365,-0.03677859999993416
57.699422,-0.03677859999993416,-0.037116599999990285,-0.03729772116419668,-0.03718552307689845,-0.03790860000003704
57.719422,-0.03790860000003704,-0.03802459999997154,-0.037663537945126384,-0.03760195664335389,-0.03790860000003704
57.739422,-0.03790860000003704,-0.0378345999999965,-0.038013153526500976,-0.03807652540792866,-0.03790860000003704
57.759421,-0.038668599999937214,-0.03840260000001763,-0.03827897870324778,-0.03846258601397759,-0.03790860000003704
57.779421,-0.03790860000003704,-0.03817659999999705,-0.0384168934971738,-0.038279835431243726,-0.03790860000003704
57.799421,-0.039618600000039805,-0.038328599999977085,-0.03841247805067962,-0.038357690909082844,-0.038668599999937214
57.819421,-0.03677859999993416,-0.03817659999999705,-0.038279019257591265,-0.03819873986012659,-0.03790860000003704
57.839421,-0.038668599999937214,-0.03795059999997648,-0.03804921766293316,-0.03809312214449781,-0.03790860000003704
57.859421,-0.03790860000003704,-0.03760859999997592,-0.03776443004437313,-0.03772477715616218,-0.03790860000003704
57.87942,-0.03677859999993416,-0.03764659999997093,-0.03746529153857213,-0.037426525407902346,-0.03790860000003704
57.89942,-0.03790860000003704,-0.037116599999990285,-0.03718572826223116,-0.03697442750579311,-0.0369685999999092
57.91942,-0.0369685999999092,-0.03689059999996971,-0.036950393135972225,-0.03715298228435289,-0.03677859999993416
57.93942,-0.036018600000033985,-0.036928599999964715,-0.03677469816865123,-0.03689927599064478,-0.0369685999999092
57.959419,-0.03677859999993416,-0.036928599999964715,-0.03666681574007698,-0.03687025501162233,-0.0369685999999092
57.979419,-0.0369685999999092,-0.03673859999998967,-0.03663111064988599,-0.03650661864800093,-0.03677859999993416
57.999419,-0.03790860000003704,-0.03673859999998967,-0.03667110152590857,-0.03649699160838336,-0.03677859999993416
58.019419,-0.036018600000033985,-0.03658660000000964,-0.03678853755331597,-0.03678894965036749,-0.036018600000033985
58.039419,-0.036018600000033985,-0.03711460000004081,-0.03697735297674002,-0.03708827365969846,-0.036018600000033985
58.059418,-0.036018600000033985,-0.03711460000004081,-0.037217281128978104,-0.03734524335669884,-0.036018600000033985
58.079418,-0.03960860000006505,-0.03749260000004142,-0.037475040975219504,-0.0373058960373438,-0.03790860000003704
58.099418,-0.03790860000003704,-0.03787060000004203,-0.037715419117542066,-0.03771857669001712,-0.03790860000003704
58.119418,-0.03790860000003704,-0.03802260000002207,-0.03791480429622839,-0.037933378554801896,-0.03790860000003704
58.139418,-0.03790860000003704,-0.03802260000002207,-0.03806672046313697,-0.038031187412599664,-0.03790860000003704
58.159417,-0.03677859999993416,-0.03779660000000149,-0.03817616392451786,-0.03838818041958972,-0.03790860000003704
58.179417,-0.03960860000006505,-0.03813660000000709,-0.03824904121897552,-0.03808424102564865,-0.03790860000003704
58.199417,-0.03677859999993416,-0.0384766000000127,-0.03828560792522713,-0.03817396130538409,-0.03960860000006505
58.219417,-0.03960860000006505,-0.03832460000003266,-0.038281707660362846,-0.03833720139862969,-0.03960860000006505
58.239417,-0.03960860000006505,-0.037984600000027055,-0.03823449858185255,-0.03816750442893451,-0.03790860000003704
58.259417,-0.036018600000033985,-0.03836260000002767,-0.03814615560809618,-0.03825848344990802,-0.038668599999937214
58.279416,-0.03790860000003704,-0.03779660000000149,-0.03802225256511929,-0.03786074452213288,-0.03790860000003704
58.299416,-0.038668599999937214,-0.03764659999997093,-0.0378680488388482,-0.03797759766898357,-0.03790860000003704
58.319416,-0.03677859999993416,-0.037798599999950964,-0.0376885069848404,-0.03775612913748906,-0.03790860000003704
58.339416,-0.03885859999991226,-0.037798599999950964,-0.03749347193212985,-0.03736006853141663,-0.03790860000003704
58.359415,-0.03677859999993416,-0.03742059999995036,-0.03730326024774038,-0.03743943916077448,-0.03677859999993416
58.379415,-0.03790860000003704,-0.037042599999949744,-0.03714820034632461,-0.0372697421910793,-0.03677859999993416
58.399415,-0.03677859999993416,-0.037004599999954736,-0.03705937485933728,-0.036993634964990765,-0.03677859999993416
58.419415,-0.0348885999999311,-0.037230599999975314,-0.03705421162441619,-0.037014637296007916,-0.03790860000003704
58.439415,-0.038668599999937214,-0.0368525999999747,-0.03712547331024617,-0.03688577948716645,-0.03677859999993416
58.459414,-0.03790860000003704,-0.03707859999999528,-0.03724123217317399,-0.037180534731932766,-0.03790860000003704
58.479414,-0.036018600000033985,-0.03768260000001646,-0.037356482601975174,-0.03752682843822986,-0.03790860000003704
58.499414,-0.03790860000003704,-0.037530600000036426,-0.03743033838102384,-0.03759256270399692,-0.03790860000003704
58.519414,-0.03790860000003704,-0.037530600000036426,-0.037441351238872815,-0.03785664195810163,-0.03790860000003704
58.539414,-0.03790860000003704,-0.03738060000005135,-0.037395192758216136,-0.0370354531469053,-0.03790860000003704
58.559413,-0.03790860000003704,-0.03738060000005135,-0.03732066639861507,-0.03707417109561189,-0.03790860000003704
58.579413,-0.03526860000010856,-0.036776600000030156,-0.037253827868950394,-0.0371896722611103,-0.03790860000003704
58.599413,-0.03790860000003704,-0.0370806000000357,-0.03721731312993111,-0.03720342517486029,-0.03790860000003704
58.619413,-0.0348885999999311,-0.0370806000000357,-0.03720768878788071,-0.037194310955753714,-0.03790860000003704
58.639413,-0.03942860000006476,-0.0376086000000214,-0.037200824169214254,-0.03724309883453396,-0.03790860000003704
58.659412,-0.03790860000003704,-0.037230600000020785,-0.03717346871092816,-0.037335826107246006,-0.03790860000003704
58.679412,-0.03790860000003704,-0.037646600000016406,-0.03712647605445823,-0.03740400792539879,-0.03790860000003704
58.699412,-0.036018600000033985,-0.037116599999990285,-0.0370922005324446,-0.03712734125872625,-0.0369685999999092
58.719412,-0.0369685999999092,-0.03689059999996971,-0.03711908438734863,-0.037083168764549215,-0.03677859999993416
58.739412,-0.03677859999993416,-0.03689059999996971,-0.03724221767266331,-0.036872982284350674,-0.03677859999993416
58.759411,-0.03677859999993416,-0.03726859999997032,-0.037457560852668825,-0.03736111748250586,-0.0369685999999092
58.779411,-0.03790860000003704,-0.03779660000000149,-0.0377147980273568,-0.03770211981351963,-0.03790860000003704
58.799411,-0.03790860000003704,-0.03802260000002207,-0.03793334201707409,-0.03782391468530964,-0.03790860000003704
58.819411,-0.03960860000006505,-0.03806060000001708,-0.03803419032383393,-0.0383058261072345,-0.03790860000003704
58.839411,-0.03790860000003704,-0.037872599999991506,-0.03797252735712961,-0.03816722470863959,-0.03790860000003704
58.85941,-0.0369685999999092,-0.03821259999999711,-0.03775617756645472,-0.037838693240104415,-0.03790860000003704
58.87941,-0.0369685999999092,-0.037116599999990285,-0.037443194624036204,-0.03722939254078064,-0.0369685999999092
58.89941,-0.03960860000006505,-0.03689059999996971,-0.03712198519436546,-0.03711794731931257,-0.0369685999999092
58.91941,-0.03412860000003093,-0.03689059999996971,-0.03688278407148151,-0.036732865734220056,-0.0369685999999092
58.939409,-0.03677859999993416,-0.037230599999975314,-0.03679008901658686,-0.036771886713257,-0.0369685999999092
58.959409,-0.0369685999999092,-0.0365125999999691,-0.036865116970880935,-0.036978646620024896,-0.03677859999993416
58.979409,-0.038668599999937214,-0.03726859999997032,-0.03708415730799881,-0.03713519673657144,-0.0369685999999092
58.999409,-0.036018600000033985,-0.03764659999997093,-0.03739128918966909,-0.03721878648016426,-0.03790860000003704
59.019409,-0.03790860000003704,-0.0378345999999965,-0.037717640739542584,-0.038026595337978905,-0.03790860000003704
59.039409,-0.038668599999937214,-0.03768260000001646,-0.03799954064917661,-0.03801277249417135,-0.03790860000003704
59.059409,-0.03790860000003704,-0.03825059999999212,-0.038191687169685296,-0.038111187412593256,-0.03790860000003704
59.079408,-0.03790860000003704,-0.03825059999999212,-0.03827388050674036,-0.03811342517483014,-0.03790860000003704
59.099408,-0.03885859999991226,-0.038098600000012084,-0.0382509706835922,-0.038500837762239296,-0.03790860000003704
59.119408,-0.03790860000003704,-0.038098600000012084,-0.038146966555802436,-0.03807090769231824,-0.03790860000003704
59.139408,-0.03790860000003704,-0.038098600000012084,-0.03799526599715876,-0.03780377482519996,-0.03790860000003704
59.159407,-0.03790860000003704,-0.037530600000036426,-0.03782748987631988,-0.03770204988347373,-0.03790860000003704
59.179407,-0.03790860000003704,-0.037530600000036426,-0.03766400041753245,-0.03765328531472787,-0.03790860000003704
59.199407,-0.036018600000033985,-0.037530600000036426,-0.03750960711026481,-0.037571676923121994,-0.03790860000003704
59.219407,-0.03790860000003704,-0.037530600000036426,-0.037357268589563716,-0.03754158368300987,-0.03790860000003704
59.239407,-0.03790860000003704,-0.037304600000015856,-0.037199582103446066,-0.037284194405622764,-0.03790860000003704
59.259406,-0.03790860000003704,-0.037304600000015856,-0.03704243814048959,-0.03682929930071067,-0.03790860000003704
59.279406,-0.03677859999993416,-0.03692660000001524,-0.036911266219330593,-0.03703883310023803,-0.03677859999993416
59.299406,-0.036018600000033985,-0.036700599999994664,-0.03684335119510038,-0.03713156037297129,-0.03677859999993416
59.319406,-0.036018600000033985,-0.03704060000000027,-0.036869406005222365,-0.03683034825174743,-0.03677859999993416
59.339406,-0.03677859999993416,-0.036888600000020234,-0.0369958532059841,-0.03664678181817858,-0.036018600000033985
59.359405,-0.03960860000006505,-0.03704060000000027,-0.037198355115567794,-0.0369643808857867,-0.03677859999993416
59.379405,-0.036018600000033985,-0.03734460000000581,-0.03742836932307868,-0.037422539393959786,-0.03677859999993416
59.399405,-0.03677859999993416,-0.03791060000003199,-0.03762722365291181,-0.03809876317018236,-0.037538600000061706
59.419405,-0.037538600000061706,-0.03757060000002639,-0.03774249861732546,-0.037789695571133985,-0.037538600000061706
59.439405,-0.03960860000006505,-0.037948600000027,-0.03774442742544098,-0.037670791142236676,-0.03790860000003704
59.459404,-0.03790860000003704,-0.037418600000046355,-0.03763810153190713,-0.03744433426576059,-0.03790860000003704
59.479404,-0.03790860000003704,-0.03768260000001646,-0.03746353487116699,-0.03755202657343487,-0.03790860000003704
59.499404,-0.03412860000003093,-0.037116599999990285,-0.037279388119819394,-0.03735307552448262,-0.03790860000003704
59.519404,-0.03885859999991226,-0.03689059999996971,-0.03713740524718406,-0.037168133799503254,-0.03677859999993416
59.539403,-0.03677859999993416,-0.03689059999996971,-0.03706201945026263,-0.03683111748248291,-0.03677859999993416
59.559403,-0.03677859999993416,-0.037458599999945365,-0.03704526686783721,-0.03671060466195371,-0.0369685999999092
59.579403,-0.03790860000003704,-0.03689059999996971,-0.037056441011595304,-0.037228366899725265,-0.03677859999993416
59.599403,-0.0369685999999092,-0.036928599999964715,-0.03705895410649121,-0.03743764428901383,-0.0369685999999092
59.619403,-0.036018600000033985,-0.0374945999999909,-0.037026791106920254,-0.03694792400931042,-0.0369685999999092
59.639403,-0.0369685999999092,-0.03689059999996971,-0.036956175966200766,-0.03706978881116859,-0.0369685999999092
59.659403,-0.03960860000006505,-0.0368525999999747,-0.036870175278397505,-0.03697328531465434,-0.03677859999993416
59.679402,-0.0348885999999311,-0.037042599999949744,-0.03681362339308587,-0.036738133799477476,-0.0369685999999092
59.699402,-0.03677859999993416,-0.037004599999954736,-0.03683671259467239,-0.03667473053607316,-0.03677859999993416
59.719402,-0.0369685999999092,-0.03643859999992856,-0.03697148205892186,-0.036952492773830545,-0.03677859999993416
59.739402,-0.03677859999993416,-0.037042599999949744,-0.03721219717013897,-0.036923611654966694,-0.03677859999993416
59.759402,-0.03677859999993416,-0.03760859999997592,-0.03751101525111143,-0.037447504428869745,-0.0369685999999092
59.779401,-0.03790860000003704,-0.03779660000000149,-0.03779360716589956,-0.03818535990677299,-0.03790860000003704
59.799401,-0.03960860000006505,-0.03836260000002767,-0.03798975358333377,-0.038034823776255465,-0.03790860000003704
59.819401,-0.03790860000003704,-0.03821060000004763,-0.038065263368300975,-0.038049439160880064,-0.03790860000003704
59.839401,-0.03960860000006505,-0.03802260000002207,-0.03803833956427277,-0.03826132727275792,-0.03790860000003704
59.8594,-0.036018600000033985,-0.0378345999999965,-0.03796993984937496,-0.03822927599068155,-0.03790860000003704
59.8794,-0.0369685999999092,-0.03802459999997154,-0.03793188962779574,-0.0376914438228017,-0.038668599999937214
59.8994,-0.038668599999937214,-0.03749659999994037,-0.03796928938397764,-0.037421863403197524,-0.0369685999999092
59.9194,-0.03885859999991226,-0.03764859999992041,-0.03807584371225402,-0.03778934592067922,-0.0369685999999092
59.9394,-0.0369685999999092,-0.03817659999995158,-0.03819213003269316,-0.03816013846147637,-0.038668599999937214
59.959399,-0.03677859999993416,-0.03836459999997714,-0.03822657271667475,-0.03857701491838418,-0.03885859999991226
59.979399,-0.03960860000006505,-0.0381746000000021,-0.03809296068570356,-0.038458693240102065,-0.03790860000003704
59.999399,-0.03960860000006505,-0.03790860000003704,-0.03775311189416808,-0.03785542983685547,-0.03790860000003704
60.019399,-0.03790860000003704,-0.037756600000057004,-0.03724645173919689,-0.03710801724947117,-0.03790860000003704
60.039399,-0.0356386000000839,-0.036660600000050184,-0.036687992917707454,-0.03669181678328534,-0.036018600000033985
60.059398,-0.036018600000033985,-0.035792600000058884,-0.03623006173595037,-0.03621211981358789,-0.0356386000000839
60.079398,-0.03412860000003093,-0.035792600000058884,-0.03600415226654251,-0.03584419440566018,-0.0356386000000839
60.099398,-0.03526860000010856,-0.03624660000004951,-0.036071636937150806,-0.03584186340332393,-0.036018600000033985
60.119398,-0.03790860000003704,-0.03662460000005012,-0.036406717223033506,-0.03646575617719128,-0.03790860000003704
60.139398,-0.03790860000003704,-0.03719260000002578,-0.036915969746018344,-0.03712960233102137,-0.03790860000003704
60.159397,-0.03790860000003704,-0.03791059999998651,-0.037478978601386014,-0.037701816783214194,-0.03790860000003704
60.179397,-0.0369685999999092,-0.03791059999998651,-0.03798701922035166,-0.0380967118880875,-0.03790860000003704
60.199397,-0.03885859999991226,-0.03806259999996655,-0.03836481732721489,-0.03823729463866777,-0.03790860000003704
60.219397,-0.03790860000003704,-0.03806259999996655,-0.038574657110501336,-0.03837736456874658,-0.03790860000003704
60.239397,-0.038668599999937214,-0.03859059999999772,-0.03861092490170566,-0.038608926340301955,-0.038668599999937214
60.259396,-0.03790860000003704,-0.03855260000000271,-0.03849325591077987,-0.038434683916064846,-0.038668599999937214
60.279397,-0.03960860000006505,-0.038326599999982135,-0.038261481483613934,-0.03833442750583683,-0.038668599999937214
60.299396,-0.038668599999937214,-0.03779660000000149,-0.037970018599350584,-0.037931280652690205,-0.03790860000003704
60.319396,-0.03677859999993416,-0.03779660000000149,-0.03767717124338152,-0.03756237622376687,-0.03790860000003704
60.339396,-0.036018600000033985,-0.03726859999997032,-0.03742891099226465,-0.0374550102563863,-0.0369685999999092
60.359395,-0.03790860000003704,-0.036928599999964715,-0.037244366345301684,-0.037332049883404585,-0.0369685999999092
60.379395,-0.0369685999999092,-0.03730659999996533,-0.03711312303129962,-0.036807900699262736,-0.0369685999999092
60.399395,-0.0369685999999092,-0.03730659999996533,-0.03700794626561515,-0.03723232960369916,-0.0369685999999092
60.419395,-0.038668599999937214,-0.036928599999964715,-0.036906015218289775,-0.0372056163169929,-0.0369685999999092
60.439395,-0.036018600000033985,-0.03726859999997032,-0.036805972697711374,-0.036837364568739143,-0.0369685999999092
60.459394,-0.036018600000033985,-0.036700599999994664,-0.03673073154502925,-0.0367560125873832,-0.036018600000033985
60.479394,-0.038668599999937214,-0.03632259999999406,-0.036714486810747925,-0.03674410116549444,-0.036018600000033985
60.499394,-0.03412860000003093,-0.03689059999996971,-0.036781076326170815,-0.036445523076901666,-0.03677859999993416
60.519394,-0.03677859999993416,-0.03689059999996971,-0.03692523783631265,-0.03673887972024907,-0.03677859999993416
60.539394,-0.03885859999991226,-0.03655059999996411,-0.03710715437097685,-0.03708680512816685,-0.03677859999993416
60.559393,-0.036018600000033985,-0.03764659999997093,-0.03726434962304705,-0.037361746853119326,-0.0369685999999092
60.579393,-0.0369685999999092,-0.0374945999999909,-0.037336271541383886,-0.037385173426566255,-0.0369685999999092
60.599393,-0.03960860000006505,-0.037304600000015856,-0.03729094001179815,-0.03771920606060833,-0.0369685999999092
60.619393,-0.036018600000033985,-0.037304600000015856,-0.037142090629505235,-0.037081606993033256,-0.0369685999999092
60.639393,-0.03790860000003704,-0.03711460000004081,-0.036948201162902886,-0.03680715477860245,-0.036018600000033985
60.659392,-0.036018600000033985,-0.0363966000000346,-0.036791614369371686,-0.03675225967370283,-0.036018600000033985
60.679392,-0.036018600000033985,-0.036774600000035206,-0.03674562248028496,-0.036540861072302123,-0.036018600000033985
60.699392,-0.036018600000033985,-0.03658660000000964,-0.03684459998597228,-0.0367849170163143,-0.036018600000033985
60.719392,-0.03790860000003704,-0.03715459999998529,-0.03707172516498047,-0.03708316876454444,-0.0369685999999092
60.739392,-0.0369685999999092,-0.03772259999996095,-0.03736999090914416,-0.03727701491839091,-0.03790860000003704
60.759391,-0.03885859999991226,-0.03772259999996095,-0.03766993131010333,-0.0380816536130153,-0.03790860000003704
60.779391,-0.03885859999991226,-0.03806259999996655,-0.037919099949084774,-0.03822060466196216,-0.03885859999991226
60.799391,-0.036018600000033985,-0.038440599999967164,-0.038098706719784305,-0.038002889044259316,-0.03885859999991226
60.819391,-0.03960860000006505,-0.037872599999991506,-0.03822110189849721,-0.03799158368297243,-0.03885859999991226
60.839391,-0.03885859999991226,-0.03768260000001646,-0.038312087194488864,-0.03832382144523158,-0.03790860000003704
60.85939,-0.036018600000033985,-0.03855260000000271,-0.03838840957097277,-0.037965779487185686,-0.03885859999991226
60.87939,-0.03790860000003704,-0.03836459999997714,-0.03844221266762481,-0.038444544055931895,-0.038668599999937214
60.89939,-0.04036859999996523,-0.03794859999998153,-0.038441482879559015,-0.03874498694635348,-0.03790860000003704
60.91939,-0.038668599999937214,-0.03881859999996777,-0.03834739106005734,-0.038172282983648,-0.038668599999937214
60.93939,-0.03677859999993416,-0.038440599999967164,-0.038138642292838455,-0.03824172354310404,-0.038668599999937214
60.95939,-0.04036859999996523,-0.037570599999980914,-0.03782832903643814,-0.0381757328671109,-0.03677859999993416
60.979389,-0.036018600000033985,-0.03741860000000088,-0.037464149946068406,-0.03734242284381602,-0.03677859999993416
60.999389,-0.036018600000033985,-0.03726660000002084,-0.03711271475729326,-0.03673787738929432,-0.036018600000033985
61.019389,-0.03790860000003704,-0.0363966000000346,-0.0368366313616825,-0.036883914685348754,-0.036018600000033985
61.039389,-0.036018600000033985,-0.036774600000035206,-0.03667578754447287,-0.03685020839165919,-0.036018600000033985
61.059388,-0.036018600000033985,-0.03715260000003582,-0.03664055628097515,-0.036488949650388736,-0.03790860000003704
61.079388,-0.03790860000003704,-0.036774600000035206,-0.03671730860535755,-0.03702843682987066,-0.036018600000033985
61.099388,-0.03790860000003704,-0.03692660000001524,-0.03688023235485984,-0.03685118741260235,-0.03677859999993416
61.119388,-0.036018600000033985,-0.037304600000015856,-0.03710097543464796,-0.03691773752915192,-0.03790860000003704
61.139388,-0.03677859999993416,-0.03707859999999528,-0.037350831358758566,-0.03759020839160827,-0.03677859999993416
61.159387,-0.03790860000003704,-0.03741860000000088,-0.037597719843610045,-0.03763242284381366,-0.03677859999993416
61.179387,-0.03677859999993416,-0.03794859999998153,-0.03780542303997809,-0.03748011515151367,-0.03790860000003704
61.199387,-0.03960860000006505,-0.03779660000000149,-0.03794001117263535,-0.03784405454545271,-0.03790860000003704
61.219387,-0.038668599999937214,-0.03779660000000149,-0.03798090409205166,-0.03799216643356272,-0.03790860000003704
61.239387,-0.036018600000033985,-0.03821259999999711,-0.03792924969220832,-0.038129112820499904,-0.038668599999937214
61.259386,-0.03790860000003704,-0.03764659999997093,-0.03780870883211765,-0.037790208391586685,-0.03790860000003704
61.279386,-0.03885859999991226,-0.03764659999997093,-0.03765986741269583,-0.037891816783188176,-0.03790860000003704
61.299386,-0.03677859999993416,-0.03764659999997093,-0.037531903809259366,-0.037358972960337605,-0.03790860000003704
61.319386,-0.038668599999937214,-0.037798599999950964,-0.037472395792080115,-0.037325989277352395,-0.038668599999937214
61.339386,-0.036018600000033985,-0.037230599999975314,-0.03751437263428625,-0.037698040559398745,-0.03677859999993416
61.359385,-0.038668599999937214,-0.03760859999997592,-0.037662640573598145,-0.0376489962703691,-0.038668599999937214
61.379385,-0.036018600000033985,-0.03779660000000149,-0.037885618986240516,-0.03761542983682699,-0.038668599999937214
61.399385,-0.038668599999937214,-0.0381746000000021,-0.038119423877674585,-0.038325429836835914,-0.038668599999937214
61.419385,-0.03960860000006505,-0.03802260000002207,-0.038286047515251415,-0.03827848344991954,-0.03790860000003704
61.439384,-0.03790860000003704,-0.03874060000002828,-0.03831957155143166,-0.038327341258774836,-0.038668599999937214
61.459384,-0.03790860000003704,-0.03806060000006255,-0.03818898376316945,-0.03804727132872565,-0.03790860000003704
61.479384,-0.03960860000006505,-0.03753260000003138,-0.03790782067288541,-0.038080954312389316,-0.03790860000003704
61.499384,-0.03526860000010856,-0.03753260000003138,-0.03752807447497648,-0.03750414778557626,-0.03790860000003704
61.519384,-0.0369685999999092,-0.03734460000000581,-0.03712330978214699,-0.0371332386946406,-0.0369685999999092
61.539383,-0.03790860000003704,-0.0366265999999996,-0.0367695129273172,-0.03668100093241094,-0.0369685999999092
61.559383,-0.0369685999999092,-0.036776599999984685,-0.03652991881912025,-0.03651524335665368,-0.0369685999999092
61.579383,-0.036018600000033985,-0.03651060000001962,-0.036444293698320494,-0.03645587272727289,-0.036018600000033985
61.599383,-0.036018600000033985,-0.03666259999999966,-0.036520639308858086,-0.036674986946381924,-0.036018600000033985
61.619383,-0.0356386000000839,-0.03666259999999966,-0.03673084565583597,-0.03664773752912764,-0.036018600000033985
61.639382,-0.038668599999937214,-0.03681459999997969,-0.037015398309709874,-0.036930697902074275,-0.03677859999993416
61.659382,-0.0369685999999092,-0.03738259999995534,-0.03729943408600346,-0.037250511421878005,-0.0369685999999092
61.679382,-0.03677859999993416,-0.03783659999994597,-0.03751548231578647,-0.03766342517477853,-0.03790860000003704
61.699382,-0.03885859999991226,-0.037458599999945365,-0.03762410628502569,-0.03779559300694658,-0.0369685999999092
61.719382,-0.03790860000003704,-0.03764659999997093,-0.037624719655856995,-0.03776083776219004,-0.03790860000003704
61.739382,-0.03677859999993416,-0.03764659999997093,-0.03755247925195674,-0.037245989277358796,-0.03790860000003704
61.759381,-0.03790860000003704,-0.03726859999997032,-0.037461910558403796,-0.0373077608391281,-0.0369685999999092
61.779381,-0.03677859999993416,-0.037042599999949744,-0.03740353680302843,-0.037449579020936444,-0.03677859999993416
61.799381,-0.0369685999999092,-0.037458599999945365,-0.037403647445343,-0.03744109417243221,-0.0369685999999092
61.819381,-0.03677859999993416,-0.0376105999999254,-0.037456524966643076,-0.03723093100225798,-0.0369685999999092
61.839381,-0.03885859999991226,-0.0376105999999254,-0.03753270264392085,-0.037631816783156136,-0.0369685999999092
61.85938,-0.038668599999937214,-0.03742059999995036,-0.037598308996754676,-0.03773349510483373,-0.03677859999993416
61.87938,-0.03677859999993416,-0.03813859999995657,-0.037634097208243615,-0.037824753846100574,-0.038668599999937214
61.89938,-0.036018600000033985,-0.03772259999996095,-0.03764390480338957,-0.037772586013940956,-0.03677859999993416
61.91938,-0.04036859999996523,-0.03738059999996039,-0.03765021605077277,-0.037780604661977524,-0.03677859999993416
61.93938,-0.03677859999993416,-0.03760659999998097,-0.03768114701538556,-0.037319812121186596,-0.03695859999993445
61.959379,-0.03695859999993445,-0.037984599999981584,-0.037754216661322386,-0.03746058135196983,-0.03790860000003704
61.979379,-0.03790860000003704,-0.03726659999997537,-0.037862125531838126,-0.037951700233094805,-0.03695859999993445
61.999379,-0.03790860000003704,-0.03783260000000155,-0.037967340849688044,-0.03795652540790621,-0.03790860000003704
62.019379,-0.03677859999993416,-0.0381746000000021,-0.03801139407951913,-0.037940068531463325,-0.03790860000003704
62.039379,-0.03960860000006505,-0.03794859999998153,-0.03793843502645493,-0.03809813379953391,-0.03790860000003704
62.059378,-0.038668599999937214,-0.03794859999998153,-0.03772389670112657,-0.03790375151513517,-0.03790860000003704
62.079378,-0.03677859999993416,-0.03756859999998596,-0.037393706759265635,-0.037514683916050805,-0.03790860000003704
62.099378,-0.03790860000003704,-0.03703859999995984,-0.03702201493766859,-0.03698065128202026,-0.03695859999993445
62.119378,-0.03487859999995635,-0.0365085999999792,-0.03670618265927618,-0.0365439613053516,-0.03677859999993416
62.139378,-0.03695859999993445,-0.03635659999999916,-0.036530315611466926,-0.03630100093239142,-0.036018600000033985
62.159377,-0.036018600000033985,-0.03635659999999916,-0.0365345923541891,-0.03654179347319878,-0.036018600000033985
62.179377,-0.036018600000033985,-0.03715059999999539,-0.03670404311598471,-0.036732632634032064,-0.03695859999993445
62.199377,-0.03790860000003704,-0.03715059999999539,-0.03698033391190301,-0.037185686247061735,-0.03695859999993445
62.219377,-0.038848599999937505,-0.037338599999975484,-0.0372888540403844,-0.03747918275056455,-0.03695859999993445
62.239377,-0.03695859999993445,-0.03790459999995619,-0.03756628030693089,-0.037532842424208526,-0.03790860000003704
62.259376,-0.03695859999993445,-0.03752659999995558,-0.03777520239681702,-0.03770834358970173,-0.03695859999993445
62.279376,-0.038848599999937505,-0.03752659999995558,-0.037902144109415545,-0.037975476456827965,-0.03695859999993445
62.299376,-0.036018600000033985,-0.0377165999999761,-0.037946125483863356,-0.03769239953375765,-0.03790860000003704
62.319376,-0.038848599999937505,-0.03805859999997665,-0.037908773084184645,-0.0377754764568559,-0.038668599999937214
62.339375,-0.03790860000003704,-0.03749259999999595,-0.03779274798057603,-0.03775004522143852,-0.03790860000003704
62.359375,-0.038668599999937214,-0.037870599999996556,-0.03760746896753847,-0.037653961305375655,-0.03790860000003704
62.379375,-0.036018600000033985,-0.037304600000015856,-0.03737550782063558,-0.03741032494174596,-0.03790860000003704
62.399375,-0.03790860000003704,-0.037304600000015856,-0.03713344656476458,-0.0375836815850937,-0.03790860000003704
62.419375,-0.036018600000033985,-0.03692660000001524,-0.03692598653152155,-0.03678659533800905,-0.03677859999993416
62.439375,-0.03790860000003704,-0.03707859999999528,-0.03679609643304798,-0.036599019580415025,-0.03677859999993416
62.459374,-0.03677859999993416,-0.036472599999979136,-0.03677400918003826,-0.036906315617700546,-0.03677859999993416
62.479374,-0.03677859999993416,-0.037002599999959786,-0.036866651985010754,-0.036754567365925195,-0.03677859999993416
62.499374,-0.03487859999995635,-0.03715459999993982,-0.03705034344683209,-0.03684922937056763,-0.03677859999993416
62.519374,-0.038668599999937214,-0.03677459999994426,-0.0372721734340222,-0.03734253939388192,-0.03677859999993416
62.539373,-0.038668599999937214,-0.03749259999995047,-0.03746407725548402,-0.03762107086241932,-0.038668599999937214
62.559373,-0.03487859999995635,-0.038098599999966606,-0.0375665584140665,-0.03761361165496835,-0.038668599999937214
62.579373,-0.04036859999996523,-0.037720599999966,-0.03755210828126079,-0.03765941585078675,-0.03790860000003704
62.599373,-0.03790860000003704,-0.03696259999996983,-0.037437130006064835,-0.03751878648015574,-0.03677859999993416
62.619373,-0.03677859999993416,-0.03756859999998596,-0.037275226068399524,-0.03709687505825959,-0.03790860000003704
62.639373,-0.03487859999995635,-0.03685059999997975,-0.03713286195423892,-0.03697825034963122,-0.03677859999993416
62.659372,-0.03790860000003704,-0.03685059999997975,-0.03705893622210631,-0.037102282983662346,-0.03677859999993416
62.679372,-0.03677859999993416,-0.03685059999997975,-0.037065014201525213,-0.03684135058273258,-0.03677859999993416
62.699372,-0.03790860000003704,-0.037456599999995885,-0.037126304737672464,-0.03709195664334299,-0.03790860000003704
62.719372,-0.03677859999993416,-0.037456599999995885,-0.03720014673737638,-0.03742466060607511,-0.03790860000003704
62.739372,-0.03790860000003704,-0.037304600000015856,-0.037249961236770324,-0.03759284242426162,-0.03790860000003704
62.759371,-0.03790860000003704,-0.037304600000015856,-0.037262479586623265,-0.03719347179487692,-0.03790860000003704
62.779371,-0.036018600000033985,-0.037304600000015856,-0.037251369309328104,-0.037197784149191636,-0.03790860000003704
62.799371,-0.03790860000003704,-0.03707859999999528,-0.0372474100433149,-0.037048040559446625,-0.03677859999993416
62.819371,-0.03677859999993416,-0.03707859999999528,-0.037281510251787935,-0.03733941585082615,-0.03677859999993416
62.839371,-0.03677859999993416,-0.037456599999995885,-0.03736948209519851,-0.037317084848467796,-0.03790860000003704
62.85937,-0.03790860000003704,-0.03760859999997592,-0.03750554921990265,-0.03742696829835048,-0.03790860000003704
62.87937,-0.03790860000003704,-0.03764459999997598,-0.03766646229319305,-0.03778151375288591,-0.03790860000003704
62.89937,-0.038668599999937214,-0.037870599999996556,-0.03782239672585319,-0.03781859999997339,-0.03790860000003704
62.91937,-0.03695859999993445,-0.03802259999997659,-0.037947689452961945,-0.0381334018647972,-0.03790860000003704
62.939369,-0.03790860000003704,-0.03802259999997659,-0.0380262508480858,-0.038068530069918005,-0.03790860000003704
62.959369,-0.038668599999937214,-0.037870599999996556,-0.038051330455914766,-0.037893984615363786,-0.03790860000003704
62.979369,-0.03790860000003704,-0.037870599999996556,-0.038022419668174275,-0.03782312214451062,-0.03790860000003704
62.999369,-0.03790860000003704,-0.037870599999996556,-0.03794174103622264,-0.03785594265735851,-0.03790860000003704
63.019369,-0.03695859999993445,-0.03771860000001652,-0.03781186347357994,-0.038004077855490176,-0.03790860000003704
63.039369,-0.03790860000003704,-0.03771860000001652,-0.037636241247649506,-0.03767780745922043,-0.03790860000003704
63.059368,-0.03790860000003704,-0.03749259999999595,-0.03742362440969514,-0.03738755104896968,-0.03790860000003704
63.079368,-0.03790860000003704,-0.037304600000015856,-0.03719369790165897,-0.03736869324009747,-0.03790860000003704
63.099368,-0.03677859999993416,-0.03707859999999528,-0.03697812646209366,-0.03685204988344144,-0.03677859999993416
63.119368,-0.036018600000033985,-0.0368525999999747,-0.036813026741420354,-0.03671988205125484,-0.03677859999993416
63.139368,-0.03677859999993416,-0.03632259999994858,-0.03672548133479133,-0.03666610582746175,-0.03677859999993416
63.159367,-0.03677859999993416,-0.03673659999994925,-0.03672230358066525,-0.036800231701572816,-0.03677859999993416
63.179367,-0.03525859999990644,-0.03711459999994986,-0.03678887589603763,-0.03668790069924983,-0.03677859999993416
63.199367,-0.038848599999937505,-0.03711459999994986,-0.036899877346291896,-0.037066105827467874,-0.03677859999993416
63.219367,-0.03790860000003704,-0.03696259999996983,-0.037035842192675486,-0.03731638554774535,-0.03677859999993416
63.239367,-0.03677859999993416,-0.03768059999997604,-0.03719442591365212,-0.03714577948714072,-0.03790860000003704
63.259366,-0.036018600000033985,-0.03730259999997543,-0.03738771927351408,-0.03725771421907799,-0.03695859999993445
63.279366,-0.038848599999937505,-0.03711259999995491,-0.03762681720594178,-0.03760132727271074,-0.03695859999993445
63.299366,-0.03695859999993445,-0.03767859999998109,-0.03790417662170493,-0.03761074452213178,-0.03695859999993445
63.319366,-0.03695859999993445,-0.038396599999987305,-0.03818565037111968,-0.03831792400929921,-0.038848599999937505
63.339366,-0.03960860000006505,-0.03836059999998724,-0.038418207492238725,-0.038503681585073814,-0.038668599999937214
63.359365,-0.03960860000006505,-0.0387025999999878,-0.03855058124874461,-0.038551606992996944,-0.038668599999937214
63.379365,-0.038668599999937214,-0.038514600000007705,-0.038555966288408294,-0.0384150335664233,-0.038668599999937214
63.399365,-0.038668599999937214,-0.038326599999982135,-0.03844357665552443,-0.038552772494156326,-0.038668599999937214
63.419365,-0.036018600000033985,-0.03813859999995657,-0.03825314479479801,-0.03844316876455477,-0.038668599999937214
63.439365,-0.038668599999937214,-0.037986599999976535,-0.038038290884738875,-0.0379144974358635,-0.038668599999937214
63.459364,-0.038668599999937214,-0.0378345999999965,-0.03785035614049632,-0.03774643216780332,-0.03790860000003704
63.479364,-0.03790860000003704,-0.037986599999976535,-0.037729227740129954,-0.03769244615384549,-0.03790860000003704
63.499364,-0.03790860000003704,-0.0378345999999965,-0.037698843729514236,-0.03780004522144214,-0.03790860000003704
63.519364,-0.03677859999993416,-0.03768260000001646,-0.03776243085309241,-0.03800461398600747,-0.03790860000003704
63.539364,-0.03790860000003704,-0.0378345999999965,-0.03789749456988783,-0.03768286573428131,-0.03790860000003704
63.559363,-0.03790860000003704,-0.0378345999999965,-0.03805586201893523,-0.03783160699301433,-0.03790860000003704
63.579363,-0.038668599999937214,-0.03806060000001708,-0.03817345509162253,-0.03812650209790638,-0.03790860000003704
63.599363,-0.03790860000003704,-0.03824859999999717,-0.0381889124898604,-0.03835545314684649,-0.03790860000003704
63.619363,-0.03790860000003704,-0.03824859999999717,-0.03806484144755525,-0.0384189263403338,-0.03790860000003704
63.639363,-0.038848599999937505,-0.03790659999999661,-0.037803529243070635,-0.0378272013986029,-0.03790860000003704
63.659362,-0.03790860000003704,-0.037452600000005984,-0.03744991489105149,-0.0371441244755254,-0.03790860000003704
63.679362,-0.03695859999993445,-0.03684659999998985,-0.03707799416289719,-0.03686575617715659,-0.03695859999993445
63.699362,-0.0356386000000839,-0.03643259999998918,-0.03676370687213302,-0.03680433426570637,-0.03677859999993416
63.719362,-0.03487859999995635,-0.03662059999996927,-0.03655630393792948,-0.03657165361302646,-0.03677859999993416
63.739362,-0.03677859999993416,-0.036584599999969214,-0.03646431766673927,-0.03648281911418622,-0.03677859999993416
63.759361,-0.038848599999937505,-0.03666059999995923,-0.036464802331044946,-0.0364614671328219,-0.03677859999993416
63.779361,-0.03677859999993416,-0.03704059999995479,-0.03652833471165281,-0.03673186340323563,-0.03677859999993416
63.799361,-0.036018600000033985,-0.03688859999997476,-0.03664066818968906,-0.036912282983644365,-0.03677859999993416
63.819361,-0.03677859999993416,-0.036700599999994664,-0.036805852668339856,-0.036981816783198715,-0.03677859999993416
63.839361,-0.036018600000033985,-0.03673659999999472,-0.03703100371037393,-0.036837108158503516,-0.03677859999993416
63.85936,-0.03790860000003704,-0.037114599999995335,-0.0373055962368335,-0.03673167692308036,-0.03695859999993445
63.87936,-0.03695859999993445,-0.03734060000001591,-0.03758969509791193,-0.037541070862485086,-0.03790860000003704
63.89936,-0.03790860000003704,-0.03771860000001652,-0.03781868746108144,-0.03779834358976124,-0.03790860000003704
63.91936,-0.03790860000003704,-0.038058600000022126,-0.03792355709580076,-0.038112935664380024,-0.03790860000003704
63.939359,-0.03790860000003704,-0.03787060000004203,-0.037859173154192495,-0.03803787738931515,-0.03790860000003704
63.959359,-0.03960860000006505,-0.03787060000004203,-0.03762901575496835,-0.03773438088580579,-0.03790860000003704
63.979359,-0.036018600000033985,-0.03734060000001591,-0.03729411690603554,-0.03734731794873693,-0.03790860000003704
63.999359,-0.03790860000003704,-0.037114599999995335,-0.03695884888184715,-0.03691748111887973,-0.03677859999993416
64.019359,-0.03525859999990644,-0.03639659999998912,-0.036736373208387775,-0.03670396130535309,-0.036018600000033985
64.039358,-0.03677859999993416,-0.036774599999989735,-0.03670705067198096,-0.03665892634031205,-0.03677859999993416
64.059358,-0.036018600000033985,-0.036774599999989735,-0.03688739066756314,-0.03653608251747415,-0.03677859999993416
64.079358,-0.03790860000003704,-0.037304600000015856,-0.037222627000644846,-0.03733510349652469,-0.03790860000003704
64.099358,-0.03790860000003704,-0.03745460000004641,-0.03760549598526041,-0.03745887972032019,-0.03790860000003704
64.119358,-0.03790860000003704,-0.038172600000052626,-0.037913059281409985,-0.03826675850821254,-0.03790860000003704
64.139358,-0.037528600000086954,-0.03794660000003205,-0.03804775955343648,-0.03805044149187456,-0.03790860000003704
64.159357,-0.03960860000006505,-0.038098600000012084,-0.03796949723166199,-0.03793568624709476,-0.03790860000003704
64.179357,-0.03677859999993416,-0.03749259999999595,-0.0377094665138661,-0.03786165361305717,-0.037528600000086954
64.199357,-0.038668599999937214,-0.03756859999998596,-0.037361417031278085,-0.03750232960372663,-0.03790860000003704
64.219357,-0.03487859999995635,-0.037228599999980364,-0.03705228397356473,-0.036940091841467286,-0.03790860000003704
64.239357,-0.03790860000003704,-0.0368485999999848,-0.036901178075962854,-0.03653883310019871,-0.03790860000003704
64.259356,-0.03790860000003704,-0.03650659999998425,-0.03697991165989859,-0.03699503356641446,-0.03695859999993445
64.279356,-0.03487859999995635,-0.037452600000005984,-0.03728731935971554,-0.037417084848499406,-0.03790860000003704
64.299356,-0.03695859999993445,-0.0381706000000122,-0.03774589742618342,-0.037648157109580284,-0.03790860000003704
64.319356,-0.03960860000006505,-0.03779260000001159,-0.038224221464771516,-0.03845293566435213,-0.03695859999993445
64.339355,-0.04149860000006811,-0.03858660000000782,-0.038579552531088725,-0.03837629230768816,-0.038848599999937505
64.359355,-0.036018600000033985,-0.03896460000000843,-0.03870396843901387,-0.038708786480178156,-0.038848599999937505
64.379355,-0.038848599999937505,-0.038396599999987305,-0.03855486756930004,-0.0388392993006959,-0.038848599999937505
64.399355,-0.038848599999937505,-0.03767859999998109,-0.03816126699856129,-0.03816915944055301,-0.03790860000003704
64.419355,-0.036768599999959406,-0.03767859999998109,-0.037610232922054836,-0.037367271328654236,-0.03790860000003704
64.439355,-0.03790860000003704,-0.037112600000000384,-0.0370221781645085,-0.03678018508158318,-0.036768599999959406
64.459355,-0.036018600000033985,-0.03654660000001968,-0.03652173855496623,-0.036747947319352076,-0.036018600000033985
64.479354,-0.036018600000033985,-0.0363966000000346,-0.036209397222434964,-0.036171397202823405,-0.036018600000033985
64.499354,-0.036018600000033985,-0.03616860000001907,-0.03613941612143876,-0.03614724801868219,-0.036018600000033985
64.519354,-0.036018600000033985,-0.03647060000002966,-0.036309516377840884,-0.03655559300703396,-0.036018600000033985
64.539354,-0.036768599999959406,-0.03684860000003028,-0.03666530865691705,-0.03652356503499039,-0.036768599999959406
64.559355,-0.037528600000086954,-0.037226600000030884,-0.037117949014712416,-0.037067527738960396,-0.037528600000086954
64.579353,-0.03790860000003704,-0.03737660000001597,-0.03756892991150373,-0.03766638554781676,-0.037528600000086954
64.599353,-0.03790860000003704,-0.0379446000000371,-0.03793397364643355,-0.03797619906761341,-0.03790860000003704
64.619353,-0.036768599999959406,-0.03820860000000721,-0.03816003766598626,-0.03809149044290044,-0.03790860000003704
64.639353,-0.03960860000006505,-0.03801859999998669,-0.03823363768954356,-0.038268413519817794,-0.03790860000003704
64.659352,-0.038848599999937505,-0.03801859999998669,-0.038180993188642515,-0.03808906620044839,-0.03790860000003704
64.679352,-0.03695859999993445,-0.038396599999987305,-0.03805976647434158,-0.038071513752885144,-0.03865859999996246
64.699352,-0.03790860000003704,-0.03782859999996617,-0.037942281625546796,-0.03798575617713208,-0.03790860000003704
64.719352,-0.03865859999996246,-0.03779059999997116,-0.03789356210917917,-0.03797738787876901,-0.03790860000003704
64.739352,-0.036768599999959406,-0.037980599999991684,-0.03795090937670511,-0.03786156037292494,-0.03790860000003704
64.759351,-0.03865859999996246,-0.038168599999971776,-0.03811152979811792,-0.038047457808838524,-0.03865859999996246
64.779351,-0.03790860000003704,-0.038206599999966784,-0.03833198047994479,-0.03817412447550233,-0.03865859999996246
64.799351,-0.038848599999937505,-0.03843459999998231,-0.03853992248357477,-0.03859403123539835,-0.03865859999996246
64.819351,-0.038848599999937505,-0.03843459999998231,-0.03865524628826625,-0.03876859999997741,-0.03865859999996246
64.83935,-0.03790860000003704,-0.038924599999973,-0.038614890246356594,-0.038662655944040066,-0.038848599999937505
64.85935,-0.03865859999996246,-0.03835859999999229,-0.038394591374991544,-0.03838934592073796,-0.03865859999996246
64.87935,-0.040358599999990474,-0.03779260000001159,-0.038020810833307515,-0.03806181678322272,-0.03790860000003704
64.89935,-0.036018600000033985,-0.03779260000001159,-0.037566965167466555,-0.03762846013987951,-0.03790860000003704
64.91935,-0.036018600000033985,-0.03726460000002589,-0.03713230965605262,-0.037077970629391235,-0.036018600000033985
64.939349,-0.03790860000003704,-0.03654660000001968,-0.03681003621089964,-0.03684995198137481,-0.036018600000033985
64.959349,-0.036018600000033985,-0.03654660000001968,-0.03665745473940873,-0.03639307552450544,-0.036018600000033985
64.979349,-0.036768599999959406,-0.03692460000002029,-0.036679615815922675,-0.03647139720281965,-0.036768599999959406
64.999349,-0.036018600000033985,-0.03669660000000476,-0.036830990441301927,-0.03698188671328543,-0.036768599999959406
65.019349,-0.03790860000003704,-0.03722459999999046,-0.037033764875409395,-0.0372785067598933,-0.036768599999959406
65.039349,-0.036768599999959406,-0.03726259999998547,-0.0372068815676542,-0.03732454405592566,-0.03695859999993445
65.059348,-0.03865859999996246,-0.03764059999998608,-0.03729593390529308,-0.03736230629369061,-0.03790860000003704
65.079348,-0.03695859999993445,-0.03726259999998547,-0.03729218264052063,-0.03717025501165568,-0.03695859999993445
65.099348,-0.03790860000003704,-0.037112600000000384,-0.037232172140097906,-0.03738517342656838,-0.03695859999993445
65.119348,-0.036018600000033985,-0.0369626000000153,-0.037177730075632666,-0.03702097762238629,-0.03695859999993445
65.139348,-0.036018600000033985,-0.037302600000020905,-0.03718591651517971,-0.03696025501166912,-0.03790860000003704
65.159347,-0.03790860000003704,-0.03692460000002029,-0.037283902516815126,-0.03720279580422032,-0.036018600000033985
65.179347,-0.03865859999996246,-0.037452600000005984,-0.03746037844259031,-0.03754708484850297,-0.03790860000003704
65.199347,-0.036018600000033985,-0.0381706000000122,-0.03767489520237183,-0.03773321538461885,-0.03865859999996246
65.219347,-0.03865859999996246,-0.037942599999996676,-0.03787748248924175,-0.03802027832168684,-0.03865859999996246
65.239347,-0.03960860000006505,-0.03779260000001159,-0.03802834576199436,-0.03813218974359344,-0.03790860000003704
65.259346,-0.036768599999959406,-0.0381706000000122,-0.038109679379952216,-0.03812006853148005,-0.03790860000003704
65.279346,-0.03790860000003704,-0.0381706000000122,-0.038126005669040064,-0.03788720139861042,-0.03790860000003704
65.299346,-0.03790860000003704,-0.0378306000000066,-0.038095452747005834,-0.038235196736607496,-0.03790860000003704
65.319346,-0.03865859999996246,-0.0378306000000066,-0.03803887238681455,-0.03788708484849416,-0.03790860000003704
65.339346,-0.03790860000003704,-0.0381706000000122,-0.037972696077183746,-0.03782216643356633,-0.03790860000003704
65.359345,-0.036768599999959406,-0.037942599999996676,-0.03790692533951161,-0.03797496363637845,-0.03790860000003704
65.379345,-0.03960860000006505,-0.03779260000001159,-0.03784669380752621,-0.038066105827509425,-0.03790860000003704
65.399345,-0.036768599999959406,-0.03779260000001159,-0.03779525317233802,-0.03787461398601874,-0.03790860000003704
65.419345,-0.03790860000003704,-0.0381706000000122,-0.03775616455871412,-0.03780139720281615,-0.03790860000003704
65.439345,-0.03790860000003704,-0.037452600000005984,-0.03773293449267323,-0.03755197995338678,-0.03790860000003704
65.459344,-0.03865859999996246,-0.03768060000002151,-0.03772578522405634,-0.03762727132868417,-0.03790860000003704
65.479344,-0.036018600000033985,-0.037452600000005984,-0.03772701862488156,-0.03758344848486331,-0.03790860000003704
65.499344,-0.03790860000003704,-0.03779260000001159,-0.037718398060129485,-0.037939718881137875,-0.03790860000003704
65.519344,-0.036768599999959406,-0.037642600000026505,-0.037675222391794064,-0.03762132727273762,-0.03790860000003704
65.539343,-0.03960860000006505,-0.03779260000001159,-0.03757895656689385,-0.03764135058276391,-0.03790860000003704
65.559343,-0.03790860000003704,-0.03741460000001098,-0.03743279728223911,-0.037309788811217735,-0.036768599999959406
65.579343,-0.036768599999959406,-0.037642600000026505,-0.03726892291315797,-0.037601606993022084,-0.03790860000003704
65.599343,-0.036018600000033985,-0.03692460000002029,-0.03713976065066009,-0.03719650209791388,-0.036768599999959406
65.619343,-0.03790860000003704,-0.037112600000000384,-0.03709658202781789,-0.03693111748252936,-0.036768599999959406
65.639343,-0.036018600000033985,-0.0369626000000153,-0.03716710220273441,-0.03686866993007624,-0.036018600000033985
65.659342,-0.038848599999937505,-0.03734060000001591,-0.03734297061945379,-0.03739978881121365,-0.03790860000003704
65.679342,-0.036018600000033985,-0.03768060000002151,-0.03758132643271303,-0.03762720139863508,-0.03790860000003704
65.699342,-0.03790860000003704,-0.038058600000022126,-0.03781854395318374,-0.03806822703964065,-0.03790860000003704
65.719342,-0.03960860000006505,-0.03768060000002151,-0.037990946204751165,-0.037855080186491856,-0.03790860000003704
65.739341,-0.03790860000003704,-0.03824660000000222,-0.03805504708644248,-0.03809272587413699,-0.03790860000003704
65.759341,-0.03695859999993445,-0.037868600000001605,-0.03799941882165847,-0.03774053473193986,-0.03790860000003704
65.779341,-0.038848599999937505,-0.03767859999998109,-0.03784422412166003,-0.03814179347317929,-0.03790860000003704
65.799341,-0.036018600000033985,-0.03748859999996057,-0.03763122243353916,-0.03775741118877106,-0.03695859999993445
65.819341,-0.03865859999996246,-0.03782859999996617,-0.03741079212644356,-0.03732405454540771,-0.03865859999996246
65.83934,-0.03695859999993445,-0.037110599999959956,-0.03723054719755779,-0.0368324694638177,-0.03695859999993445
65.85934,-0.03865859999996246,-0.037110599999959956,-0.03712577178768177,-0.037198530069892745,-0.03695859999993445
65.87934,-0.03525859999990644,-0.03673259999995935,-0.03711032289301788,-0.037245010256380134,-0.036768599999959406
65.89934,-0.036018600000033985,-0.03764059999998608,-0.03717018138377782,-0.03723696829835317,-0.036768599999959406
65.91934,-0.036768599999959406,-0.037112600000000384,-0.03726642295804509,-0.03725328531468465,-0.036018600000033985
65.939339,-0.04149860000006811,-0.03726460000002589,-0.037351813478141975,-0.037412259673678464,-0.036018600000033985
65.95934,-0.036018600000033985,-0.0378306000000066,-0.03739409567437173,-0.03722811048953098,-0.036768599999959406
65.979339,-0.036018600000033985,-0.03768060000002151,-0.03739077822506923,-0.03766773752915791,-0.036018600000033985
65.999339,-0.038848599999937505,-0.036772599999994784,-0.03736583054700264,-0.037546292307691236,-0.036018600000033985
66.019339,-0.036018600000033985,-0.03730059999998048,-0.03735259373958198,-0.03704829696967324,-0.03695859999993445
66.039338,-0.03695859999993445,-0.03748859999996057,-0.037375232975361626,-0.036969882051245885,-0.03695859999993445
66.059338,-0.03865859999996246,-0.037110599999959956,-0.03743875420596186,-0.037542236363597825,-0.03695859999993445
66.079338,-0.03695859999993445,-0.03782859999996617,-0.03753064299431098,-0.037775476456840006,-0.03695859999993445
66.099338,-0.03695859999993445,-0.03782859999996617,-0.03763096619108887,-0.03776288904425628,-0.03695859999993445
66.119338,-0.03960860000006505,-0.03782859999996617,-0.037724559246236855,-0.03788839020974905,-0.03695859999993445
66.139338,-0.03695859999993445,-0.03782859999996617,-0.037808742743911675,-0.0376398121211705,-0.03695859999993445
66.159337,-0.03865859999996246,-0.03779059999997116,-0.03789205890995304,-0.03763563962700801,-0.03695859999993445
66.179337,-0.03695859999993445,-0.03760059999995065,-0.037984139712583936,-0.038031210722578396,-0.03695859999993445
66.199337,-0.036768599999959406,-0.03813059999997677,-0.03808326438213825,-0.038237014918388754,-0.03865859999996246
66.219337,-0.03865859999996246,-0.038168599999971776,-0.038171641770751226,-0.038062655944021605,-0.03865859999996246
66.239336,-0.03960860000006505,-0.03835859999999229,-0.03822396740459772,-0.0382269916083828,-0.03865859999996246
66.259336,-0.038848599999937505,-0.03835859999999229,-0.03822405338955976,-0.038189695571087645,-0.03865859999996246
66.279336,-0.03790860000003704,-0.03820860000000721,-0.03817660963630498,-0.038384404195798645,-0.03790860000003704
66.299336,-0.036768599999959406,-0.03801859999998669,-0.03810480514013851,-0.038158763170171334,-0.03790860000003704
66.319336,-0.03790860000003704,-0.0378306000000066,-0.0380362379958523,-0.03787813379954133,-0.03790860000003704
66.339336,-0.03865859999996246,-0.03775460000001658,-0.03798871013795232,-0.03771076783217921,-0.03790860000003704
66.359335,-0.03790860000003704,-0.03813260000001719,-0.03796527305677438,-0.03792160699302613,-0.03790860000003704
66.379335,-0.037528600000086954,-0.03813260000001719,-0.037959468218898576,-0.03822997529139552,-0.03790860000003704
66.399335,-0.03865859999996246,-0.03813260000001719,-0.03796526200328877,-0.03826307552449169,-0.03790860000003704
66.419335,-0.03790860000003704,-0.03813260000001719,-0.03798506234869601,-0.037916828438229966,-0.03790860000003704
66.439334,-0.03865859999996246,-0.03801859999998669,-0.03803098270586427,-0.037823122144524934,-0.03790860000003704
66.459334,-0.03790860000003704,-0.037868600000001605,-0.03811757023312207,-0.03814841351981283,-0.03790860000003704
66.479334,-0.03695859999993445,-0.03820860000000721,-0.038248982787985955,-0.03826461398602573,-0.03790860000003704
66.499334,-0.03790860000003704,-0.038398600000027726,-0.038408580572309656,-0.038295662937093286,-0.03790860000003704
66.519334,-0.03960860000006505,-0.038398600000027726,-0.03855949175718152,-0.03854974219116335,-0.03790860000003704
66.539334,-0.03960860000006505,-0.03873860000003333,-0.03865807483313122,-0.038568390209821,-0.03865859999996246
66.559333,-0.03790860000003704,-0.03888860000001841,-0.038672739715810756,-0.038857900699326126,-0.03865859999996246
66.579333,-0.03865859999996246,-0.03854860000001281,-0.038597005314114335,-0.03879554638695964,-0.03865859999996246
66.599333,-0.03865859999996246,-0.03835859999999229,-0.03845073938089674,-0.03838132727272154,-0.03865859999996246
66.619333,-0.03790860000003704,-0.038168599999971776,-0.03827110275617283,-0.03815859999998472,-0.03865859999996246
66.639333,-0.03865859999996246,-0.03801859999998669,-0.038098540506032556,-0.03792713146850751,-0.03790860000003704
66.659332,-0.03695859999993445,-0.03801859999998669,-0.03796328585319494,-0.03806967226104883,-0.03790860000003704
66.679332,-0.03790860000003704,-0.03782859999996617,-0.03787692758634088,-0.03776818041955762,-0.03790860000003704
66.699332,-0.03865859999996246,-0.03782859999996617,-0.03783199400175242,-0.037782282983642064,-0.03790860000003704
66.719332,-0.03695859999993445,-0.03782859999996617,-0.03780938083694888,-0.037946851748208214,-0.03790860000003704
66.739332,-0.03865859999996246,-0.03801659999994626,-0.037789921526232985,-0.03794090769227175,-0.03865859999996246
66.759331,-0.03695859999993445,-0.037866599999961184,-0.037764852181801346,-0.037928903030256575,-0.03790860000003704
66.779331,-0.038848599999937505,-0.037866599999961184,-0.03774078829737996,-0.037563634964977916,-0.03790860000003704
66.799331,-0.03790860000003704,-0.03752659999995558,-0.037736724597072314,-0.03763076783212944,-0.03695859999993445
66.819331,-0.03695859999993445,-0.0377165999999761,-0.0377733007002769,-0.03788095431232928,-0.03790860000003704
66.83933,-0.03695859999993445,-0.037868600000001605,-0.037858856445671364,-0.03766184009323296,-0.03790860000003704
66.85933,-0.03790860000003704,-0.037868600000001605,-0.037980562175001835,-0.037998786480204744,-0.03790860000003704
66.87933,-0.03960860000006505,-0.037982600000032105,-0.03810737974993894,-0.03814107086251256,-0.03790860000003704
66.89933,-0.03790860000003704,-0.038512600000058225,-0.038203823490706314,-0.03829920606064866,-0.03790860000003704
66.91933,-0.037528600000086954,-0.038512600000058225,-0.038245931484967875,-0.038315989277451515,-0.03790860000003704
66.939329,-0.03960860000006505,-0.0379446000000371,-0.03823031872737595,-0.03827333193478209,-0.03790860000003704
66.959329,-0.03790860000003704,-0.0379446000000371,-0.03817260559906797,-0.03792706153848758,-0.03790860000003704
66.979329,-0.036768599999959406,-0.0381706000000122,-0.03809752163228698,-0.03801584941727283,-0.03790860000003704
66.999329,-0.03790860000003704,-0.0378306000000066,-0.03802706581787715,-0.038180954312362625,-0.03790860000003704
67.019329,-0.03865859999996246,-0.0381706000000122,-0.03797406414602298,-0.0381925860139957,-0.03790860000003704
67.039329,-0.03790860000003704,-0.0381706000000122,-0.03794417454078133,-0.037819555710970676,-0.03790860000003704
67.059329,-0.03960860000006505,-0.03809460000002218,-0.037941769936871664,-0.03776687505829159,-0.03790860000003704
67.079328,-0.036768599999959406,-0.03771660000002157,-0.03797136304829779,-0.038048110489524535,-0.037528600000086954
67.099328,-0.037528600000086954,-0.037866600000006655,-0.038030943811855705,-0.03814006853147831,-0.037528600000086954
67.119328,-0.036768599999959406,-0.03801659999999174,-0.038103034530077795,-0.038042749184152916,-0.037528600000086954
67.139328,-0.03865859999996246,-0.03824460000000727,-0.03815423484412655,-0.0382199986013889,-0.03790860000003704
67.159327,-0.040358599999990474,-0.038092599999981755,-0.03814834669412338,-0.03780915944054607,-0.03790860000003704
67.179327,-0.03790860000003704,-0.03832059999999728,-0.0380659296754434,-0.03809832027972099,-0.03790860000003704
67.199327,-0.036768599999959406,-0.03779260000001159,-0.037916404852472954,-0.038117084848493826,-0.03790860000003704
67.219327,-0.03790860000003704,-0.037642600000026505,-0.03773490173873322,-0.03800722470865771,-0.03790860000003704
67.239327,-0.036018600000033985,-0.037642600000026505,-0.037568374614503616,-0.037597341258774536,-0.03790860000003704
67.259326,-0.03960860000006505,-0.037642600000026505,-0.03746123380712524,-0.037189089510511,-0.03790860000003704
67.279326,-0.03790860000003704,-0.037452600000005984,-0.03744569478083532,-0.03739689836830082,-0.03695859999993445
67.299326,-0.036768599999959406,-0.03764059999998608,-0.037534338410562515,-0.037478017249398275,-0.03695859999993445
67.319326,-0.03695859999993445,-0.03748859999996057,-0.037711927434369075,-0.03779643216779899,-0.03695859999993445
67.339325,-0.03695859999993445,-0.037638599999945656,-0.03793054718895365,-0.03799153706289095,-0.03695859999993445
67.359325,-0.038848599999937505,-0.038206599999966784,-0.038116919592145006,-0.03780857668992822,-0.03865859999996246
67.379325,-0.03865859999996246,-0.038168599999971776,-0.03819541487863355,-0.03844165361301853,-0.03865859999996246
67.399325,-0.03960860000006505,-0.03835859999999229,-0.03811838857744857,-0.038314613986013976,-0.03865859999996246
67.419325,-0.036768599999959406,-0.0381706000000122,-0.03788788518196671,-0.03787314545455604,-0.03790860000003704
67.439324,-0.03790860000003704,-0.03726260000003094,-0.03755636424116001,-0.03750787738930387,-0.03790860000003704
67.459324,-0.03790860000003704,-0.03673260000000482,-0.037205908766072215,-0.036842749184176946,-0.03695859999993445
67.479324,-0.034118600000056176,-0.03696060000002035,-0.036916831514044395,-0.036873005594413144,-0.03790860000003704
67.499324,-0.03695859999993445,-0.036770599999999834,-0.03674158659672757,-0.03686540652679563,-0.03695859999993445
67.519324,-0.03790860000003704,-0.03695859999997993,-0.036696426510387126,-0.03703601258740927,-0.03695859999993445
67.539324,-0.03695859999993445,-0.037338599999975484,-0.036771967300149346,-0.03668964895102599,-0.03695859999993445
67.559324,-0.038848599999937505,-0.03715059999999539,-0.03695082537351598,-0.03684267925405472,-0.03695859999993445
67.579323,-0.036018600000033985,-0.03692259999997986,-0.03721638456588069,-0.03743953240092579,-0.036768599999959406
67.599323,-0.036018600000033985,-0.037452600000005984,-0.03754633069870492,-0.03752104755245403,-0.036768599999959406
67.619323,-0.036768599999959406,-0.0376046000000315,-0.03790008459806765,-0.037758366899775235,-0.036768599999959406
67.639323,-0.03960860000006505,-0.03813260000001719,-0.038216551837002,-0.03809277249420045,-0.03865859999996246
67.659322,-0.03960860000006505,-0.038508600000022854,-0.03843024102816431,-0.03824326200469639,-0.03865859999996246
67.679322,-0.03865859999996246,-0.03873460000004343,-0.03849728410285708,-0.038763378554821086,-0.03865859999996246
67.699322,-0.03789860000006229,-0.038392600000042874,-0.038414046939472986,-0.03860818041962205,-0.03789860000006229
67.719322,-0.03789860000006229,-0.038050600000042324,-0.03821719044768437,-0.038211024242469,-0.03789860000006229
67.739322,-0.03789860000006229,-0.03767260000004171,-0.03796737430655539,-0.037687178088613514,-0.03789860000006229
67.759321,-0.03789860000006229,-0.03767260000004171,-0.037727182420525335,-0.037708390209830384,-0.03789860000006229
67.779321,-0.036768599999959406,-0.03767260000004171,-0.03754344929026071,-0.03749696829842603,-0.03789860000006229
67.799321,-0.03789860000006229,-0.03767260000004171,-0.03743912028789326,-0.037578320279770844,-0.03789860000006229
67.819321,-0.03789860000006229,-0.0372946000000411,-0.0374144923969074,-0.037407317948758755,-0.03789860000006229
67.83932,-0.03789860000006229,-0.03767260000004171,-0.037453838035733336,-0.03745440419582417,-0.03789860000006229
67.85932,-0.03600860000005923,-0.03748460000001615,-0.03753238230994762,-0.037716968298377805,-0.03789860000006229
67.87932,-0.03865859999996246,-0.037636599999996176,-0.03762122684618341,-0.03767955571096428,-0.03789860000006229
67.89932,-0.03695859999993445,-0.037636599999996176,-0.03769141986929979,-0.037439602331006676,-0.03789860000006229
67.91932,-0.03865859999996246,-0.037636599999996176,-0.03771885333746453,-0.0376073878787942,-0.03789860000006229
67.93932,-0.03789860000006229,-0.03748460000001615,-0.037689183359358724,-0.03771351841492603,-0.03789860000006229
67.959319,-0.03600860000005923,-0.037824600000021746,-0.03760065684505729,-0.03784811048951273,-0.03789860000006229
67.979319,-0.03789860000006229,-0.03744660000002113,-0.03746451107581546,-0.03733449743590797,-0.03789860000006229
67.999319,-0.03865859999996246,-0.03722060000000056,-0.03730435475843536,-0.03725025501166782,-0.036768599999959406
68.019319,-0.036768599999959406,-0.03722060000000056,-0.03715432281246027,-0.03712494032635788,-0.036768599999959406
68.039318,-0.036768599999959406,-0.03722060000000056,-0.03705339069868773,-0.037131723543125564,-0.036768599999959406
68.059318,-0.03600860000005923,-0.037068600000020525,-0.037035173551773944,-0.03722414778555231,-0.036768599999959406
68.079318,-0.03789860000006229,-0.037068600000020525,-0.03711752145361251,-0.03692242284383654,-0.036768599999959406
68.099318,-0.03789860000006229,-0.0372946000000411,-0.03729754169211608,-0.03720563962707763,-0.03789860000006229
68.119318,-0.036768599999959406,-0.03767260000004171,-0.037553538350892396,-0.03763608251754307,-0.03789860000006229
68.139318,-0.03789860000006229,-0.03801260000004732,-0.0378512598151387,-0.03796209650355758,-0.03789860000006229
68.159317,-0.03789860000006229,-0.03801260000004732,-0.03815175636320317,-0.038257924009369074,-0.03789860000006229
68.179317,-0.0395986000000903,-0.03842860000004293,-0.03841950768986427,-0.038239415850838746,-0.03789860000006229
68.199317,-0.03789860000006229,-0.03858060000002297,-0.038629026958855534,-0.038629625641041214,-0.03865859999996246
68.219317,-0.038848599999937505,-0.038732600000003004,-0.038767462820598245,-0.03890934592076283,-0.03865859999996246
68.239316,-0.03865859999996246,-0.038732600000003004,-0.038832533737327334,-0.03875915944057499,-0.03865859999996246
68.259316,-0.03865859999996246,-0.038732600000003004,-0.03882808721692079,-0.038682562703976596,-0.03865859999996246
68.279317,-0.0395986000000903,-0.03854260000002796,-0.03876039153793713,-0.03859048811189067,-0.03865859999996246
68.299316,-0.03789860000006229,-0.03858060000002297,-0.038636689149789245,-0.038682329603738255,-0.03865859999996246
68.319316,-0.03789860000006229,-0.03858060000002297,-0.03846612505028268,-0.03858927599070917,-0.03865859999996246
68.339315,-0.038848599999937505,-0.03824060000001737,-0.03826295496191631,-0.0383473179487419,-0.03789860000006229
68.359315,-0.03865859999996246,-0.03824060000001737,-0.03805098171152096,-0.03809827365968932,-0.03789860000006229
68.379315,-0.03789860000006229,-0.03801459999999679,-0.03786552572492594,-0.03787580279720667,-0.03789860000006229
68.399315,-0.03789860000006229,-0.037824600000021746,-0.03774813053861006,-0.037754357575768616,-0.03789860000006229
68.419315,-0.036768599999959406,-0.03767260000004171,-0.037732965201782216,-0.037797714219143,-0.03789860000006229
68.439315,-0.03789860000006229,-0.03767260000004171,-0.03783044336093239,-0.03772414778560965,-0.03789860000006229
68.459314,-0.03789860000006229,-0.03801260000004732,-0.03801722013253437,-0.037862725874192975,-0.03789860000006229
68.479314,-0.03789860000006229,-0.03823860000006789,-0.03823925955795124,-0.03821344848489295,-0.03789860000006229
68.499314,-0.0395986000000903,-0.038390600000047924,-0.03842798638160538,-0.03844724801868521,-0.03789860000006229
68.519314,-0.03789860000006229,-0.03858060000002297,-0.0385231272673775,-0.03862790069933759,-0.03865859999996246
68.539314,-0.03865859999996246,-0.03858060000002297,-0.0384931903195311,-0.038610534731965115,-0.03865859999996246
68.559313,-0.038848599999937505,-0.03824060000001737,-0.03834623965108146,-0.038395150116567786,-0.03789860000006229
68.579313,-0.03789860000006229,-0.03824060000001737,-0.03812766815434692,-0.03812661864803058,-0.03789860000006229
68.599313,-0.03789860000006229,-0.037862600000016754,-0.037905759557159344,-0.03780494032635351,-0.03789860000006229
68.619313,-0.03789860000006229,-0.03767260000004171,-0.037749352457043445,-0.037648063869488865,-0.03789860000006229
68.639313,-0.036768599999959406,-0.03767260000004171,-0.03770480043832216,-0.03765598927743667,-0.03789860000006229
68.659312,-0.03789860000006229,-0.03767260000004171,-0.03778057887135197,-0.037629322610775846,-0.03789860000006229
68.679312,-0.03789860000006229,-0.03801260000004732,-0.03794596064068386,-0.03802594265739359,-0.03789860000006229
68.699312,-0.03789860000006229,-0.03823860000006789,-0.038144974164512034,-0.03828992867138886,-0.03789860000006229
68.719312,-0.0395986000000903,-0.038578600000073494,-0.03832013448575584,-0.03850100093247148,-0.03789860000006229
68.739311,-0.03789860000006229,-0.038578600000073494,-0.03843545270616445,-0.03865915944064144,-0.03789860000006229
68.759311,-0.0395986000000903,-0.038578600000073494,-0.03848786668844881,-0.03846093100241209,-0.03789860000006229
68.779311,-0.03789860000006229,-0.03823860000006789,-0.03850131813582115,-0.03821533659681128,-0.03789860000006229
68.799311,-0.03789860000006229,-0.03823860000006789,-0.03850639499925934,-0.03827347179493591,-0.03789860000006229
68.819311,-0.03789860000006229,-0.038050600000042324,-0.03851674389397417,-0.03841561631706235,-0.03789860000006229
68.839311,-0.03789860000006229,-0.03854260000002796,-0.0385165793055744,-0.038532982284401766,-0.03789860000006229
68.85931,-0.03865859999996246,-0.038694600000007996,-0.038468506004178726,-0.03849645547786277,-0.03865859999996246
68.87931,-0.040358599999990474,-0.03846859999998742,-0.038338871877381824,-0.03865971888110883,-0.03865859999996246
68.89931,-0.03865859999996246,-0.03846859999998742,-0.038125641304607674,-0.03820365827504955,-0.03865859999996246
68.91931,-0.036768599999959406,-0.038090599999986804,-0.03787027056141919,-0.037851210722601426,-0.03789860000006229
68.93931,-0.03789860000006229,-0.03722060000000056,-0.03764443267772964,-0.03759617575756481,-0.036768599999959406
68.959309,-0.036768599999959406,-0.03725859999999557,-0.03751852034698456,-0.037602912354298176,-0.036768599999959406
68.979309,-0.03600860000005923,-0.03767459999999119,-0.03752979659652203,-0.037213308624686456,-0.03789860000006229
68.999309,-0.038848599999937505,-0.03782659999997122,-0.03766712272305476,-0.03754267925407299,-0.03865859999996246
69.019309,-0.038848599999937505,-0.03767459999999119,-0.03787841051895323,-0.03799177016316056,-0.03865859999996246
69.039308,-0.03865859999996246,-0.038392599999997404,-0.03809370299597157,-0.03809505687645363,-0.038848599999937505
69.059308,-0.03600860000005923,-0.03835460000000239,-0.038250075041731446,-0.03859037156177706,-0.03865859999996246
69.079308,-0.0395986000000903,-0.038164600000027346,-0.038308391001119525,-0.038497574358978826,-0.03865859999996246
69.099308,-0.03865859999996246,-0.038164600000027346,-0.0382600718334297,-0.03802393799536643,-0.03865859999996246
69.119308,-0.03789860000006229,-0.038164600000027346,-0.03812545308737649,-0.03787009184152974,-0.03865859999996246
69.139308,-0.03865859999996246,-0.03775060000002668,-0.03794433813614654,-0.03774013846158911,-0.03789860000006229
69.159307,-0.03600860000005923,-0.037598600000046646,-0.03776052876500164,-0.03803361165504694,-0.03789860000006229
69.179307,-0.037528600000086954,-0.037598600000046646,-0.03760659709463066,-0.03750508018651373,-0.03789860000006229
69.199307,-0.03789860000006229,-0.03763660000004165,-0.03749714035204885,-0.037590115151568265,-0.03789860000006229
69.219307,-0.03789860000006229,-0.03763660000004165,-0.037433780836056446,-0.037614334265779766,-0.03789860000006229
69.239306,-0.038848599999937505,-0.03771060000003672,-0.03741616889220283,-0.03730197995341164,-0.03789860000006229
69.259306,-0.03600860000005923,-0.03748460000001615,-0.037448343759346664,-0.037517597669017626,-0.03789860000006229
69.279306,-0.03789860000006229,-0.03725859999999557,-0.03753417389943523,-0.037499672261076,-0.036768599999959406
69.299306,-0.036768599999959406,-0.037408600000026125,-0.037665717228193805,-0.03758773752913941,-0.036768599999959406
69.319306,-0.036768599999959406,-0.037938600000006775,-0.03781536279983749,-0.0379456396270601,-0.03789860000006229
69.339305,-0.0395986000000903,-0.037938600000006775,-0.03794064717251014,-0.03767967226108901,-0.03789860000006229
69.359305,-0.03865859999996246,-0.038164600000027346,-0.038001133673489854,-0.03801498694639187,-0.03789860000006229
69.379305,-0.03789860000006229,-0.037862600000016754,-0.03797707887788722,-0.03793097762239006,-0.03789860000006229
69.399305,-0.03789860000006229,-0.037862600000016754,-0.037878027196600474,-0.038181420512850436,-0.03789860000006229
69.419305,-0.03525859999990644,-0.03771060000003672,-0.03773768579893883,-0.03785256270399716,-0.03789860000006229
69.439304,-0.0395986000000903,-0.03771060000003672,-0.037601505703081295,-0.03733407785552125,-0.03789860000006229
69.459304,-0.03789860000006229,-0.03733260000003611,-0.03751545372312907,-0.0373952433566998,-0.03789860000006229
69.479304,-0.03789860000006229,-0.03786060000006728,-0.03751802595856981,-0.037580791142234934,-0.03789860000006229
69.499304,-0.03600860000005923,-0.03771060000003672,-0.03763212771888634,-0.03787216643359539,-0.03789860000006229
69.519304,-0.03789860000006229,-0.037862600000016754,-0.03785602120978017,-0.03802927599069837,-0.03789860000006229
69.539303,-0.038848599999937505,-0.03801459999999679,-0.03815828317509076,-0.03789197995338697,-0.03865859999996246
69.559303,-0.03865859999996246,-0.038392599999997404,-0.03848173667043517,-0.038244893706289515,-0.03865859999996246
69.579303,-0.03865859999996246,-0.038732600000003004,-0.03875572134387333,-0.03870526666666352,-0.03865859999996246
69.599303,-0.03789860000006229,-0.038694600000007996,-0.0389122902339322,-0.03921375151515832,-0.03865859999996246
69.619303,-0.0395986000000903,-0.03888260000003356,-0.038902970373647754,-0.0388539846154088,-0.03865859999996246
69.639302,-0.03865859999996246,-0.03873060000005353,-0.03871412948661039,-0.03854232960378008,-0.03865859999996246
69.659302,-0.0395986000000903,-0.03835260000005292,-0.03837708297845359,-0.03848030163176084,-0.03865859999996246
69.679302,-0.03789860000006229,-0.03801260000004732,-0.03796674305709761,-0.03791191002337008,-0.03789860000006229
69.699302,-0.03600860000005923,-0.03786060000006728,-0.03758513164008925,-0.037893961305418444,-0.03789860000006229
69.719302,-0.03789860000006229,-0.03714260000006107,-0.03733359858822313,-0.037200464801933356,-0.03789860000006229
69.739301,-0.03789860000006229,-0.03748260000006667,-0.03728390280815012,-0.03724790069938412,-0.03789860000006229
69.759301,-0.03600860000005923,-0.03748260000006667,-0.037458019836608715,-0.03740734125880373,-0.03789860000006229
69.779301,-0.0395986000000903,-0.0379746000000523,-0.03782148530877469,-0.037774101165547684,-0.03789860000006229
69.799301,-0.03600860000005923,-0.038164600000027346,-0.038290716840806975,-0.03839424102567053,-0.038848599999937505
69.819301,-0.040358599999990474,-0.038694600000007996,-0.03875266280816312,-0.038631187412596926,-0.038848599999937505
69.839301,-0.038848599999937505,-0.03884659999998803,-0.03909317932308928,-0.039125336596728656,-0.038848599999937505
69.8593,-0.03865859999996246,-0.039376599999968676,-0.03922780716974395,-0.03915785407921492,-0.038848599999937505
69.8793,-0.040358599999990474,-0.039036599999963076,-0.03912668647219612,-0.03908568624704485,-0.03865859999996246
69.8993,-0.03865859999996246,-0.03865859999996246,-0.03882577538401214,-0.0392747072260656,-0.03865859999996246
69.9193,-0.03865859999996246,-0.03884659999998803,-0.03841942109226227,-0.0384260125873852,-0.03865859999996246
69.939299,-0.03695859999993445,-0.03812859999998182,-0.03803431153195133,-0.037977784149171696,-0.03865859999996246
69.959299,-0.0395986000000903,-0.03759860000000117,-0.03779087511302531,-0.037623005594406934,-0.03695859999993445
69.979299,-0.036768599999959406,-0.03744660000002113,-0.03776288375686073,-0.03743060466202483,-0.03695859999993445
69.999299,-0.03600860000005923,-0.0379746000000523,-0.03794819575637521,-0.03775522004666495,-0.03789860000006229
70.019299,-0.03789860000006229,-0.0379746000000523,-0.03826360109628924,-0.038285010256475446,-0.03789860000006229
70.039298,-0.0395986000000903,-0.03854060000007849,-0.03857188841309754,-0.03887743449891661,-0.0395986000000903
70.059299,-0.0395986000000903,-0.0392586000000847,-0.03873602257723317,-0.0388315137530058,-0.0395986000000903
70.079298,-0.0395986000000903,-0.03918460000008963,-0.03867879084863622,-0.039051420512924456,-0.0395986000000903
70.099298,-0.0395986000000903,-0.038466600000083416,-0.03841901645298243,-0.03861825034973068,-0.0395986000000903
70.119298,-0.037528600000086954,-0.037938600000052246,-0.03806462288220704,-0.03804041818186225,-0.037528600000086954
70.139297,-0.03600860000005923,-0.037410600000021076,-0.03776390563752124,-0.03739438088579234,-0.03695859999993445
70.159297,-0.03695859999993445,-0.03726059999999052,-0.03763784730198585,-0.037107457808863854,-0.03695859999993445
70.179297,-0.03695859999993445,-0.037334599999985583,-0.037726338443692525,-0.03756943916083688,-0.03695859999993445
70.199297,-0.038848599999937505,-0.0380525999999918,-0.03797366790231309,-0.03804004522143405,-0.03789860000006229
70.219297,-0.03789860000006229,-0.03880859999999302,-0.038258206813224886,-0.038501933333305594,-0.038848599999937505
70.239296,-0.0395986000000903,-0.03880859999999302,-0.03845000305282885,-0.03875503356640865,-0.038848599999937505
70.259296,-0.04073859999994056,-0.03843059999999241,-0.03846836907595807,-0.038720884382287386,-0.03789860000006229
70.279296,-0.03695859999993445,-0.03843059999999241,-0.03831322122071683,-0.03852295897436454,-0.03789860000006229
70.299296,-0.03695859999993445,-0.038090599999986804,-0.038057728634106044,-0.0378081804195674,-0.03789860000006229
70.319296,-0.03789860000006229,-0.037334599999985583,-0.0378095121920501,-0.03765887972025409,-0.03695859999993445
70.339296,-0.03789860000006229,-0.037296599999990576,-0.03766176006946999,-0.03737647878786389,-0.03695859999993445
70.359295,-0.03695859999993445,-0.037824600000021746,-0.03765619912018266,-0.0373215836830088,-0.03789860000006229
70.379295,-0.036768599999959406,-0.037824600000021746,-0.037770499096996375,-0.03789207319350012,-0.03789860000006229
70.399295,-0.0395986000000903,-0.037824600000021746,-0.03793193480343808,-0.03805515011657554,-0.03789860000006229
70.419295,-0.03789860000006229,-0.03820260000002236,-0.038050222902506814,-0.038359532400959434,-0.03789860000006229
70.439295,-0.03789860000006229,-0.03842860000004293,-0.03805573800098338,-0.038317667599094864,-0.03789860000006229
70.459294,-0.038848599999937505,-0.03808860000003733,-0.037927548432135944,-0.03783316876460343,-0.03789860000006229
70.479294,-0.03789860000006229,-0.03748460000001615,-0.03770039383442524,-0.03765006853150967,-0.03789860000006229
70.499294,-0.03789860000006229,-0.03710660000001553,-0.0374482171737885,-0.03716806386948279,-0.03789860000006229
70.519294,-0.03487859999995635,-0.03725660000004609,-0.037251407080424445,-0.037096735198164074,-0.03789860000006229
70.539294,-0.03600860000005923,-0.037068600000020525,-0.03716327079948482,-0.03723153706296639,-0.03695859999993445
70.559293,-0.0395986000000903,-0.037068600000020525,-0.03719292990735882,-0.03736403123545254,-0.03695859999993445
70.579293,-0.03695859999993445,-0.037862600000016754,-0.03731197880837008,-0.0374199752913746,-0.03789860000006229
70.599293,-0.03789860000006229,-0.03801459999999679,-0.03747636741266124,-0.03754118741258545,-0.03789860000006229
70.619292,-0.038848599999937505,-0.037296599999990576,-0.037646375061195336,-0.03760095431236734,-0.03695859999993445
70.639292,-0.036768599999959406,-0.03748460000001615,-0.037792726041731214,-0.03762957902098126,-0.03789860000006229
70.659292,-0.03600860000005923,-0.03748460000001615,-0.03789010846627877,-0.037686572027981424,-0.03789860000006229
70.679292,-0.03789860000006229,-0.03778660000002674,-0.037910426813358426,-0.03795799393943622,-0.03789860000006229
70.699292,-0.03789860000006229,-0.03801260000004732,-0.0378288561707024,-0.03802018508162564,-0.03789860000006229
70.719292,-0.040358599999990474,-0.03801260000004732,-0.03764391689907708,-0.03772680512825552,-0.03789860000006229
70.739291,-0.03789860000006229,-0.037824600000021746,-0.03739678082250498,-0.037505010256442914,-0.03789860000006229
70.759291,-0.03600860000005923,-0.03722060000000056,-0.03716979543966765,-0.0371718400932304,-0.03695859999993445
70.779291,-0.03695859999993445,-0.036540599999989355,-0.03705678819926356,-0.03683375151512355,-0.03695859999993445
70.799291,-0.03487859999995635,-0.0367305999999644,-0.03711884212698425,-0.037109229370609745,-0.03695859999993445
70.819291,-0.03695859999993445,-0.03744859999997061,-0.03735178514002635,-0.03736053473191398,-0.03695859999993445
70.83929,-0.038848599999937505,-0.03797660000000178,-0.03768581761793445,-0.03752638554777272,-0.038848599999937505
70.85929,-0.0395986000000903,-0.03835460000000239,-0.038017622917964664,-0.03802239953380747,-0.038848599999937505
70.87929,-0.0395986000000903,-0.03809060000003228,-0.03825498622723792,-0.038418436829870437,-0.038848599999937505
70.89929,-0.036768599999959406,-0.038392600000042874,-0.038348237636884795,-0.03861298228440649,-0.0395986000000903
70.91929,-0.0356386000000839,-0.03820460000001731,-0.038295949036249013,-0.03842118741260665,-0.03865859999996246
70.939289,-0.040358599999990474,-0.03767659999998614,-0.03813203327277806,-0.03780918275060006,-0.03695859999993445
70.959289,-0.03865859999996246,-0.03790260000000671,-0.03790952528078431,-0.03758960233099367,-0.03789860000006229
70.979289,-0.03695859999993445,-0.03797660000000178,-0.03768845390387383,-0.03771869324009362,-0.03789860000006229
70.999289,-0.03789860000006229,-0.037636599999996176,-0.03752492164781807,-0.03786496363636785,-0.03789860000006229
71.019289,-0.03600860000005923,-0.03748460000001615,-0.03745828601762739,-0.03770743449883203,-0.03789860000006229
71.039288,-0.03865859999996246,-0.03744660000002113,-0.03749961893267204,-0.03715377482519855,-0.03789860000006229
71.059288,-0.03789860000006229,-0.03744660000002113,-0.037627135264898415,-0.03737489370632998,-0.03789860000006229
71.079288,-0.036768599999959406,-0.037824600000021746,-0.03779103098995458,-0.03784820372963701,-0.03789860000006229
71.099288,-0.03789860000006229,-0.037824600000021746,-0.037926634474208666,-0.03801041818182722,-0.03789860000006229
71.119288,-0.03789860000006229,-0.03801459999999679,-0.03797373019275115,-0.03816771421911197,-0.03789860000006229
71.139287,-0.03865859999996246,-0.0380525999999918,-0.03789838520322143,-0.03786664195803239,-0.03789860000006229
71.159287,-0.038848599999937505,-0.03782659999997122,-0.0377096840133007,-0.03781020839157753,-0.03789860000006229
71.179287,-0.03695859999993445,-0.03760059999995065,-0.03746152798595516,-0.03772265594401081,-0.03695859999993445
71.199287,-0.036768599999959406,-0.037222599999950035,-0.037234356848590194,-0.03700964895098499,-0.036768599999959406
71.219287,-0.036768599999959406,-0.03680659999995441,-0.037102327282846397,-0.036701257342604016,-0.036768599999959406
71.239287,-0.036768599999959406,-0.03661659999997937,-0.03710076796569881,-0.036805686247066066,-0.036768599999959406
71.259286,-0.036768599999959406,-0.03718260000000555,-0.03721006034882648,-0.037376968298385556,-0.036768599999959406
71.279286,-0.03600860000005923,-0.03774860000003173,-0.03736516913013792,-0.03774431095574206,-0.036768599999959406
71.299286,-0.0395986000000903,-0.0379746000000523,-0.037488448938729185,-0.03755843682988883,-0.03789860000006229
71.319286,-0.0395986000000903,-0.037596600000051696,-0.03753072967981651,-0.03765461398607386,-0.03789860000006229
71.339286,-0.03789860000006229,-0.037596600000051696,-0.03749785472299098,-0.0374219100233495,-0.03789860000006229
71.359285,-0.03487859999995635,-0.03744660000002113,-0.03744538531448159,-0.037497014918438085,-0.03789860000006229
71.379285,-0.03600860000005923,-0.03691859999998996,-0.03744423974725038,-0.037350324941725195,-0.03695859999993445
71.399285,-0.038848599999937505,-0.03725859999999557,-0.03754009399510594,-0.03741652540792283,-0.03695859999993445
71.419285,-0.03695859999993445,-0.037862600000016754,-0.03773153207191805,-0.03760079114219716,-0.03789860000006229
71.439284,-0.0395986000000903,-0.03858060000002297,-0.0379755210182813,-0.037835965967396745,-0.038848599999937505
71.459284,-0.03789860000006229,-0.03801260000004732,-0.03821014505763617,-0.03840820372965893,-0.03789860000006229
71.479284,-0.0395986000000903,-0.03820060000007288,-0.03837776245827415,-0.03872654871800897,-0.03789860000006229
71.499284,-0.03600860000005923,-0.03835260000005292,-0.038437754453133376,-0.03842734125880273,-0.03789860000006229
71.519284,-0.03789860000006229,-0.03850460000003295,-0.038369184832727825,-0.03822594265737201,-0.03865859999996246
71.539284,-0.040358599999990474,-0.037636599999996176,-0.03817055206369874,-0.03790356503495765,-0.03789860000006229
71.559283,-0.03865859999996246,-0.03778859999997621,-0.0378610426260347,-0.03757766759905674,-0.03789860000006229
71.579283,-0.03525859999990644,-0.03778859999997621,-0.03748035081584676,-0.037567341258724136,-0.03789860000006229
71.599283,-0.036768599999959406,-0.03691859999998996,-0.03708302645365997,-0.037644427505810804,-0.036768599999959406
71.619283,-0.03789860000006229,-0.03691859999998996,-0.03672944334770613,-0.03676135058272627,-0.036768599999959406
71.639282,-0.03600860000005923,-0.03684259999999995,-0.03647829287964554,-0.03621682843821414,-0.036768599999959406
71.659282,-0.03865859999996246,-0.036464599999999334,-0.036380272427710754,-0.036310301631707856,-0.03600860000005923
71.679282,-0.03487859999995635,-0.036464599999999334,-0.03646790490471802,-0.03667556969698653,-0.03600860000005923
71.699282,-0.03487859999995635,-0.03684259999999995,-0.03674058802814444,-0.03679785407925368,-0.03789860000006229
71.719282,-0.03789860000006229,-0.03684259999999995,-0.03715338184410708,-0.03699624568764207,-0.03789860000006229
71.739281,-0.03789860000006229,-0.03759860000000117,-0.037621307859879494,-0.03750088438228771,-0.03789860000006229
71.759281,-0.03865859999996246,-0.03820260000002236,-0.038042442585663756,-0.03786209650350159,-0.03789860000006229
71.779281,-0.03865859999996246,-0.03835460000000239,-0.038330245747469224,-0.038753937995340756,-0.03865859999996246
71.799281,-0.03789860000006229,-0.038506599999982426,-0.038440099583182195,-0.03865447412587414,-0.03865859999996246
71.819281,-0.03865859999996246,-0.03835460000000239,-0.038379783064125025,-0.038068763170156346,-0.03865859999996246
71.83928,-0.03865859999996246,-0.037824600000021746,-0.038202170568609604,-0.03803065128206118,-0.03789860000006229
71.85928,-0.03789860000006229,-0.037824600000021746,-0.037984705684729676,-0.038020931002374976,-0.03789860000006229
71.87928,-0.03600860000005923,-0.03801260000004732,-0.037803506298835,-0.03789263263407882,-0.03789860000006229
71.89928,-0.03789860000006229,-0.03786060000006728,-0.03771151870631759,-0.03783939254083693,-0.03789860000006229
71.91928,-0.0395986000000903,-0.0376346000000467,-0.03772814251486437,-0.03763799393946186,-0.03789860000006229
71.93928,-0.03789860000006229,-0.03801260000004732,-0.037840677357419,-0.037629858741309564,-0.03789860000006229
71.95928,-0.036768599999959406,-0.03801260000004732,-0.03801124346070793,-0.03803104755248083,-0.03789860000006229
71.979279,-0.03789860000006229,-0.037862600000016754,-0.03818410030586865,-0.038416338927777835,-0.03789860000006229
71.999279,-0.03789860000006229,-0.03820260000002236,-0.03829532963632081,-0.03835083776226184,-0.03789860000006229
72.019279,-0.038848599999937505,-0.03842860000004293,-0.0382892586050801,-0.0380339379953539,-0.03789860000006229
72.039279,-0.0395986000000903,-0.03824060000001737,-0.03813943613544435,-0.03829009184152565,-0.03789860000006229
72.059278,-0.03789860000006229,-0.037862600000016754,-0.037863572079015466,-0.037871886713322735,-0.03789860000006229
72.079278,-0.03695859999993445,-0.03767260000004171,-0.037521311848960556,-0.03760815710956626,-0.03789860000006229
72.099278,-0.03600860000005923,-0.03680460000000494,-0.03719316867632992,-0.03713041818181979,-0.03695859999993445
72.119278,-0.03789860000006229,-0.036956599999984976,-0.03695092410954628,-0.03683957902099305,-0.03695859999993445
72.139278,-0.03525859999990644,-0.03676660000000993,-0.03683448979294991,-0.036565196736597014,-0.03600860000005923
72.159277,-0.03865859999996246,-0.03714460000001054,-0.03684487096376953,-0.03701435757575275,-0.03789860000006229
72.179277,-0.03600860000005923,-0.03691859999998996,-0.036953094625822434,-0.03706270256411189,-0.036768599999959406
72.199277,-0.03789860000006229,-0.03759860000000117,-0.0371177285705559,-0.03719790069930047,-0.03789860000006229
72.219277,-0.036768599999959406,-0.037068600000020525,-0.037301873256267576,-0.037416292307695616,-0.036768599999959406
72.239277,-0.03865859999996246,-0.03759860000000117,-0.03748312831507746,-0.03768505687646003,-0.03789860000006229
72.259276,-0.03600860000005923,-0.037750599999981205,-0.03765429405168472,-0.03752528997667779,-0.03865859999996246
72.279276,-0.03865859999996246,-0.037750599999981205,-0.037816496376525746,-0.03767554638692267,-0.03865859999996246
72.299276,-0.03865859999996246,-0.03759860000000117,-0.03796891572188126,-0.037769742191131876,-0.03789860000006229
72.319276,-0.036768599999959406,-0.03797660000000178,-0.038099815796392926,-0.03802650209791664,-0.03789860000006229
72.339275,-0.03789860000006229,-0.038164600000027346,-0.03818313739020457,-0.038126408857848355,-0.03789860000006229
72.359275,-0.03789860000006229,-0.03801260000004732,-0.03818430163643657,-0.038441094172531,-0.03789860000006229
72.379275,-0.0395986000000903,-0.03823860000006789,-0.03807575516299507,-0.038110091841542855,-0.03789860000006229
72.399275,-0.03789860000006229,-0.038050600000042324,-0.03785599666555161,-0.03769552307698461,-0.03789860000006229
72.419275,-0.03789860000006229,-0.03767260000004171,-0.03756051455134541,-0.037632795804239214,-0.03789860000006229
72.439274,-0.03695859999993445,-0.0369546000000355,-0.037255802225853146,-0.03736869324013033,-0.03695859999993445
72.459275,-0.03600860000005923,-0.03710660000001553,-0.03701769697387695,-0.03712647878791313,-0.03695859999993445
72.479274,-0.03600860000005923,-0.03703060000002552,-0.036905014730824935,-0.0368894857809079,-0.03695859999993445
72.499274,-0.03865859999996246,-0.036992600000030504,-0.03694141195368157,-0.036829812121228024,-0.036768599999959406
72.519274,-0.0375186000001122,-0.03718260000000555,-0.03711141868066247,-0.03677617575757761,-0.03695859999993445
72.539274,-0.036768599999959406,-0.037334599999985583,-0.03736721917857253,-0.03741950909090905,-0.03695859999993445
72.559273,-0.03695859999993445,-0.03737259999998059,-0.037639931765201085,-0.037877061538433614,-0.03695859999993445
72.579273,-0.036768599999959406,-0.03794059999995625,-0.03785401080040753,-0.03797438088574311,-0.03695859999993445
72.599273,-0.038848599999937505,-0.037978599999951256,-0.037947221672863345,-0.03773046480181161,-0.03695859999993445
72.619273,-0.040358599999990474,-0.03794059999995625,-0.037893910283918135,-0.03811619906754032,-0.03695859999993445
72.639272,-0.03695859999993445,-0.037978599999951256,-0.037720150283509966,-0.03786146713282133,-0.03695859999993445
72.659272,-0.036768599999959406,-0.03778859999997621,-0.03749770495652236,-0.03747081445218717,-0.03695859999993445
72.679272,-0.03695859999993445,-0.03669259999996939,-0.037314841951530724,-0.037228413519788194,-0.03695859999993445
72.699272,-0.03789860000006229,-0.036880599999994955,-0.03723710931235297,-0.03683111748251154,-0.03695859999993445
72.719271,-0.03487859999995635,-0.03725859999999557,-0.037277724966685,-0.037011840093243216,-0.03789860000006229
72.739272,-0.03789860000006229,-0.03744660000002113,-0.03739242906253715,-0.03756391468532848,-0.03789860000006229
72.759271,-0.03865859999996246,-0.03759860000000117,-0.0375022946853834,-0.03772309883450929,-0.03789860000006229
72.779271,-0.03789860000006229,-0.03797660000000178,-0.037534544959632536,-0.037897434498837285,-0.03789860000006229
72.799271,-0.03865859999996246,-0.037750599999981205,-0.03746115954068507,-0.03740617575754525,-0.03789860000006229
72.819271,-0.036768599999959406,-0.03737259999998059,-0.03731505392305859,-0.03732062797199932,-0.036768599999959406
72.83927,-0.036768599999959406,-0.036768599999959406,-0.037175563421989646,-0.03715946247084269,-0.036768599999959406
72.85927,-0.036768599999959406,-0.03691859999998996,-0.03713161173026585,-0.03707752773891872,-0.036768599999959406
72.87927,-0.03487859999995635,-0.03748460000001615,-0.03724224475316594,-0.036921047552440335,-0.036768599999959406
72.89927,-0.03940860000011526,-0.03748460000001615,-0.03751405963385612,-0.037461840093261436,-0.036768599999959406
72.91927,-0.0395986000000903,-0.03771060000003672,-0.03790373562909842,-0.03808365827510924,-0.03789860000006229
72.93927,-0.036768599999959406,-0.03903260000006412,-0.03833885642839316,-0.03851890303036654,-0.03940860000011526
72.959269,-0.03789860000006229,-0.03873060000005353,-0.03874273409853519,-0.03871908951054898,-0.03789860000006229
72.979269,-0.041488600000093356,-0.03858060000002297,-0.03905303368841746,-0.03923090769233743,-0.03789860000006229
72.999269,-0.03789860000006229,-0.03899660000001859,-0.03923167747806666,-0.03902468391608099,-0.038848599999937505
73.019269,-0.038848599999937505,-0.039564599999994246,-0.03926706201199587,-0.039069812121215575,-0.038848599999937505
73.039268,-0.038848599999937505,-0.03884659999998803,-0.03917069198525921,-0.03947934592074362,-0.038848599999937505
73.059268,-0.04073859999994056,-0.03884659999998803,-0.0389712699324946,-0.038817038228416305,-0.038848599999937505
73.079268,-0.03789860000006229,-0.03884659999998803,-0.0387079701197541,-0.03849309883449075,-0.038848599999937505
73.099268,-0.03789860000006229,-0.038278600000012375,-0.03842218742413516,-0.038441653613065174,-0.03789860000006229
73.119267,-0.038848599999937505,-0.038050600000042324,-0.03814806489928691,-0.03828918275060614,-0.03789860000006229
73.139268,-0.03600860000005923,-0.037824600000021746,-0.03790576238220688,-0.03771913613055765,-0.03789860000006229
73.159267,-0.0395986000000903,-0.03797660000000178,-0.03770212769436378,-0.03769708484850692,-0.03865859999996246
73.179267,-0.036768599999959406,-0.037408600000026125,-0.037539087216323395,-0.03792862331003957,-0.036768599999959406
73.199267,-0.03865859999996246,-0.03812660000003234,-0.03742420937472322,-0.03754060466203968,-0.03865859999996246
73.219267,-0.03600860000005923,-0.037408600000026125,-0.03737543463343026,-0.03723687505831423,-0.036768599999959406
73.239266,-0.0395986000000903,-0.03725660000004609,-0.03741492132801943,-0.037521373892804986,-0.03600860000005923
73.259266,-0.03600860000005923,-0.03725660000004609,-0.03755329310807209,-0.03737349510493332,-0.03600860000005923
73.279266,-0.03600860000005923,-0.0379746000000523,-0.037772078629453164,-0.037749019580476426,-0.03865859999996246
73.299266,-0.03865859999996246,-0.0376346000000467,-0.03801595005679612,-0.037722236363702,-0.03789860000006229
73.319266,-0.0395986000000903,-0.03801260000004732,-0.03820354284964484,-0.038271070862517714,-0.03789860000006229
73.339266,-0.03789860000006229,-0.038390600000047924,-0.03825508443670394,-0.03804773752917213,-0.03789860000006229
73.359265,-0.03789860000006229,-0.038390600000047924,-0.0381243100627934,-0.0384479473193891,-0.03789860000006229
73.379265,-0.03789860000006229,-0.03767260000004171,-0.03782034234825296,-0.0382671314685888,-0.03789860000006229
73.399265,-0.03865859999996246,-0.037596600000051696,-0.037411382762274535,-0.037339765501221034,-0.03789860000006229
73.419265,-0.03600860000005923,-0.03721860000005108,-0.03700877631718812,-0.036824520745959016,-0.0375186000001122
73.439265,-0.0375186000001122,-0.0366146000000299,-0.03673482616173451,-0.03657347179490789,-0.03600860000005923
73.459264,-0.03600860000005923,-0.03646260000004986,-0.0366829639782142,-0.03634913613057416,-0.03600860000005923
73.479264,-0.03487859999995635,-0.036840600000050475,-0.036884154966831055,-0.037071257342706554,-0.0375186000001122
73.499264,-0.03789860000006229,-0.03725660000004609,-0.03729458758932023,-0.037399089510560105,-0.03789860000006229
73.519264,-0.03789860000006229,-0.03835260000005292,-0.0378128875718773,-0.03802230629377118,-0.03789860000006229
73.539263,-0.0395986000000903,-0.038578600000073494,-0.03832084728608817,-0.03828794731939079,-0.03789860000006229
73.559263,-0.041488600000093356,-0.03873060000005353,-0.038727530555841425,-0.03883004522148427,-0.03865859999996246
73.579263,-0.03600860000005923,-0.038920600000028574,-0.03899363627655847,-0.0392439379953836,-0.038848599999937505
73.599263,-0.03865859999996246,-0.038920600000028574,-0.039125870745169336,-0.03897256270400764,-0.038848599999937505
73.619263,-0.038848599999937505,-0.03850460000003295,-0.039151132743509016,-0.03886032494176704,-0.038848599999937505
73.639262,-0.0395986000000903,-0.03888260000003356,-0.03909123440469664,-0.03871137389279455,-0.038848599999937505
73.659262,-0.03940860000011526,-0.038920600000028574,-0.03895299395200347,-0.03868480046621348,-0.038848599999937505
73.679262,-0.03789860000006229,-0.038920600000028574,-0.038734600854812444,-0.03933191002333704,-0.038848599999937505
73.699262,-0.038848599999937505,-0.03858060000002297,-0.038440126622928714,-0.03859172354315054,-0.038848599999937505
73.719262,-0.038848599999937505,-0.038278600000012375,-0.0380928743725734,-0.03808277249419019,-0.03789860000006229
73.739261,-0.03789860000006229,-0.03767459999999119,-0.03774023996237435,-0.03764069790209751,-0.03789860000006229
73.759261,-0.03789860000006229,-0.03748460000001615,-0.037445747233656394,-0.037430791142195476,-0.03789860000006229
73.779261,-0.03487859999995635,-0.0372946000000411,-0.037269668630441226,-0.03738943916086415,-0.03789860000006229
73.799261,-0.03789860000006229,-0.0372946000000411,-0.03724704509733034,-0.03718370489516277,-0.03789860000006229
73.819261,-0.03789860000006229,-0.0372946000000411,-0.03737474611461204,-0.037349089510543235,-0.03789860000006229
73.839261,-0.03789860000006229,-0.03789860000006229,-0.03761336964439182,-0.03776163030308022,-0.03789860000006229
73.85926,-0.03789860000006229,-0.038050600000042324,-0.037900130563599706,-0.037791117482557084,-0.03789860000006229
73.87926,-0.03789860000006229,-0.038050600000042324,-0.03816434645878273,-0.03807794731938674,-0.03789860000006229
73.89926,-0.03865859999996246,-0.037824600000021746,-0.038340124798865144,-0.0382431454545743,-0.03789860000006229
73.91926,-0.03789860000006229,-0.038164600000027346,-0.038376248513598575,-0.038329112820551466,-0.03789860000006229
73.93926,-0.036768599999959406,-0.03850460000003295,-0.038246001374043645,-0.03842857669001809,-0.03865859999996246
73.959259,-0.0395986000000903,-0.0379746000000523,-0.037958236356039295,-0.03805242284386151,-0.03789860000006229
73.979259,-0.0395986000000903,-0.03774860000003173,-0.037565675157608724,-0.0375330755245004,-0.036768599999959406
73.999259,-0.03600860000005923,-0.03737060000003112,-0.03716090377063515,-0.03718911282054538,-0.036768599999959406
74.019258,-0.036768599999959406,-0.03680460000000494,-0.036852529435193015,-0.03692538321678891,-0.036768599999959406
74.039258,-0.03487859999995635,-0.036464599999999334,-0.03672639410566297,-0.036495686247095066,-0.036768599999959406
74.059258,-0.036768599999959406,-0.03665459999997438,-0.036810105184591574,-0.036752073193460646,-0.036768599999959406
74.079258,-0.03789860000006229,-0.036880599999994955,-0.037060496296856975,-0.03685755104893402,-0.03695859999993445
74.099258,-0.03695859999993445,-0.0380525999999918,-0.03738118441651754,-0.03773549976688634,-0.03789860000006229
74.119258,-0.03789860000006229,-0.03767459999999119,-0.0376611898713197,-0.037599858741232665,-0.03789860000006229
74.139257,-0.04073859999994056,-0.037864599999966234,-0.03781614538761144,-0.038051280652648005,-0.03789860000006229
74.159257,-0.03487859999995635,-0.03752459999996063,-0.03781439147582937,-0.03765890303027681,-0.03789860000006229
74.179257,-0.038848599999937505,-0.037864599999966234,-0.03767946436181283,-0.03767862330998865,-0.038848599999937505
74.199257,-0.03525859999990644,-0.03691859999998996,-0.037473257298563684,-0.03748853006991158,-0.03600860000005923
74.219257,-0.0395986000000903,-0.03767459999999119,-0.03727228999502798,-0.037353914685302164,-0.03865859999996246
74.239256,-0.03600860000005923,-0.03710660000001553,-0.037147432655442104,-0.03693680512823074,-0.03600860000005923
74.259256,-0.03865859999996246,-0.0376346000000467,-0.037149263981154916,-0.03727535990679042,-0.03789860000006229
74.279256,-0.03600860000005923,-0.03691660000004049,-0.03729640186906322,-0.03707601258745191,-0.03600860000005923
74.299256,-0.03789860000006229,-0.037482600000021196,-0.037566569068285184,-0.03773715477859653,-0.03789860000006229
74.319256,-0.03600860000005923,-0.03767060000004676,-0.0378956462375498,-0.03780090769235596,-0.03789860000006229
74.339255,-0.03883859999996275,-0.03838860000005297,-0.038191604369315256,-0.03825184009329151,-0.03883859999996275
74.359255,-0.0395986000000903,-0.03831260000006296,-0.03836412799968431,-0.038203262004718935,-0.03883859999996275
74.379255,-0.0395986000000903,-0.038502600000038,-0.03835958006860446,-0.03863309883454592,-0.03883859999996275
74.399255,-0.0375186000001122,-0.03831460000005791,-0.03818368244789334,-0.038353937995393994,-0.03789860000006229
74.419255,-0.03695859999993445,-0.0379746000000523,-0.03789896705138754,-0.03813256270402005,-0.03789860000006229
74.439255,-0.03789860000006229,-0.03725660000004609,-0.03759830302795871,-0.03719832027976192,-0.0375186000001122
74.459254,-0.03789860000006229,-0.03710660000001553,-0.037368050550232276,-0.03690561631704276,-0.03695859999993445
74.479254,-0.03600860000005923,-0.037068600000020525,-0.03725680508052347,-0.03723724801865551,-0.036768599999959406
74.499254,-0.036768599999959406,-0.037408600000026125,-0.03726114177166224,-0.037388763170171854,-0.036768599999959406
74.519255,-0.036768599999959406,-0.03756060000000616,-0.03733370005510432,-0.03744009184151721,-0.036768599999959406
74.539253,-0.0395986000000903,-0.03748460000001615,-0.03741118679554111,-0.03753295897438679,-0.036768599999959406
74.559253,-0.03865859999996246,-0.03771060000003672,-0.03744967254153422,-0.0376784834499191,-0.03789860000006229
74.579253,-0.035628600000109145,-0.037936600000057295,-0.037448268844454013,-0.037650418181858436,-0.03789860000006229
74.599253,-0.03789860000006229,-0.03737060000003112,-0.037447826738387875,-0.037480138461582505,-0.03789860000006229
74.619252,-0.03789860000006229,-0.036992600000030504,-0.03750607611690535,-0.03738750442893272,-0.036768599999959406
74.639252,-0.036768599999959406,-0.037634600000001225,-0.03766293328668357,-0.03726468391608521,-0.03789860000006229
74.659252,-0.036768599999959406,-0.03778659999998126,-0.03791274655449806,-0.037731700233082616,-0.03789860000006229
74.679252,-0.03883859999996275,-0.0379385999999613,-0.03819638207651733,-0.03808743449878742,-0.03865859999996246
74.699252,-0.03865859999996246,-0.03831659999996191,-0.038418212054086257,-0.03834421771558642,-0.03865859999996246
74.719252,-0.03865859999996246,-0.03854259999998248,-0.03848246606138095,-0.03883333193470703,-0.03865859999996246
74.739251,-0.03865859999996246,-0.038694600000007996,-0.03833434193691475,-0.038731676923073347,-0.03865859999996246
74.759251,-0.03789860000006229,-0.03831660000000738,-0.0379888291678639,-0.03808591934733069,-0.03865859999996246
74.779251,-0.0395986000000903,-0.037408600000026125,-0.03753445589266395,-0.03736545314687987,-0.03789860000006229
74.799251,-0.036768599999959406,-0.03687860000004548,-0.037107311368467844,-0.036983028904469785,-0.036768599999959406
74.819251,-0.034118600000056176,-0.03687860000004548,-0.03684195004306286,-0.0366060125874614,-0.036768599999959406
74.83925,-0.03600860000005923,-0.036538600000039875,-0.03681856000002299,-0.03673086107231691,-0.036768599999959406
74.85925,-0.03789860000006229,-0.03676460000006045,-0.03703190671861571,-0.03701468391613763,-0.03789860000006229
74.87925,-0.03789860000006229,-0.03786060000006728,-0.03739816840948435,-0.03725020839167804,-0.03789860000006229
74.89925,-0.03789860000006229,-0.03823860000006789,-0.037794761973578034,-0.03822769090916514,-0.03789860000006229
74.91925,-0.0395986000000903,-0.03823860000006789,-0.03811119004797679,-0.03850335524482197,-0.03789860000006229
74.93925,-0.03789860000006229,-0.038390600000047924,-0.038286561240668586,-0.03827062797208602,-0.03789860000006229
74.959249,-0.03789860000006229,-0.03801260000004732,-0.03831970883029633,-0.038110744522179045,-0.03789860000006229
74.979249,-0.03865859999996246,-0.037824600000021746,-0.03825271860090727,-0.03806074452216218,-0.03789860000006229
74.999249,-0.03600860000005923,-0.03797660000000178,-0.03814080917791089,-0.03796202657343377,-0.03865859999996246
75.019249,-0.03865859999996246,-0.03797660000000178,-0.038025890000729146,-0.037814590675993805,-0.03865859999996246
75.039248,-0.03865859999996246,-0.037824600000021746,-0.03792622720314927,-0.03797904289045429,-0.03789860000006229
75.059248,-0.03789860000006229,-0.03820260000002236,-0.037843491796215226,-0.03808657202800504,-0.03789860000006229
75.079248,-0.03789860000006229,-0.038050600000042324,-0.037778100094801974,-0.037907877389328014,-0.03789860000006229
75.099248,-0.03789860000006229,-0.03789860000006229,-0.037740796243648025,-0.03805114079257846,-0.03789860000006229
75.119248,-0.03789860000006229,-0.03767260000004171,-0.03775310872132058,-0.037668087179537416,-0.03789860000006229
75.139247,-0.03789860000006229,-0.037824600000021746,-0.03783655836184751,-0.037612865734295856,-0.03789860000006229
75.159247,-0.036768599999959406,-0.037824600000021746,-0.03799635093249244,-0.037945056876468757,-0.03789860000006229
75.179247,-0.03865859999996246,-0.03801260000000184,-0.038208559597355266,-0.03808167692309367,-0.03789860000006229
75.199247,-0.03789860000006229,-0.03835260000000744,-0.03841927409329637,-0.038437690909108764,-0.03865859999996246
75.219247,-0.03883859999996275,-0.03857860000002802,-0.038558962259192864,-0.03850552307693133,-0.03865859999996246
75.239246,-0.0395986000000903,-0.038614600000028074,-0.03856744850174626,-0.03852487039628015,-0.03883859999996275
75.259246,-0.03789860000006229,-0.0383886000000075,-0.03841897690621332,-0.03857461398604708,-0.03883859999996275
75.279246,-0.03883859999996275,-0.03820060000002741,-0.03813634111480013,-0.03825351841494864,-0.03789860000006229
75.299246,-0.036768599999959406,-0.0378606000000218,-0.03778816010109088,-0.038080791142198464,-0.03789860000006229
75.319246,-0.03789860000006229,-0.03767259999999624,-0.03747063713082973,-0.037335919347320994,-0.03789860000006229
75.339245,-0.03789860000006229,-0.03725859999999557,-0.037280139692680354,-0.037003961305350934,-0.03695859999993445
75.359245,-0.03695859999993445,-0.03710660000001553,-0.03728419476208283,-0.03705386806528433,-0.03695859999993445
75.379245,-0.036768599999959406,-0.03744660000002113,-0.03749847683708932,-0.03737216643359051,-0.03695859999993445
75.399245,-0.03600860000005923,-0.03778660000002674,-0.03787826083574539,-0.03808323869467482,-0.03695859999993445
75.419245,-0.0395986000000903,-0.03854260000002796,-0.03833174955659512,-0.03874538321680811,-0.0395986000000903
75.439245,-0.0395986000000903,-0.03910860000005414,-0.0387545022413987,-0.03903081445224481,-0.0395986000000903
75.459244,-0.04073859999994056,-0.039674600000034844,-0.03907047487779529,-0.038848693240147746,-0.0395986000000903
75.479244,-0.0395986000000903,-0.03895660000002863,-0.03925683183783587,-0.03921074452219072,-0.0395986000000903
75.499244,-0.03883859999996275,-0.038616600000023024,-0.03933686473286534,-0.03914834358977031,-0.03883859999996275
75.519243,-0.03600860000005923,-0.03899460000002364,-0.039346121799170616,-0.03922363496503589,-0.03883859999996275
75.539243,-0.03789860000006229,-0.03884259999999813,-0.03929684039883451,-0.039036199067599406,-0.03883859999996275
75.559243,-0.04262859999994362,-0.03922259999999369,-0.03916827954500965,-0.039091187412584064,-0.03883859999996275
75.579246,-0.03883859999996275,-0.03922259999999369,-0.03893073874673864,-0.038929602330989826,-0.03883859999996275
75.599243,-0.04073859999994056,-0.039374599999973725,-0.03858399756271249,-0.039046944988333034,-0.03883859999996275
75.619242,-0.03600860000005923,-0.03805059999999685,-0.03817997056011454,-0.03874062797200763,-0.03865859999996246
75.639242,-0.03865859999996246,-0.03801459999999679,-0.03781247439783122,-0.03783316876456897,-0.03865859999996246
75.659242,-0.03600860000005923,-0.037068600000020525,-0.0375801140276955,-0.03698351841493103,-0.03600860000005923
75.679242,-0.03865859999996246,-0.03744660000002113,-0.03754303628569555,-0.037196175757593666,-0.03789860000006229
75.699242,-0.03600860000005923,-0.03744660000002113,-0.03769466999540009,-0.03748356503499407,-0.03789860000006229
75.719242,-0.03789860000006229,-0.038164600000027346,-0.037960921217051274,-0.038322889044329095,-0.03865859999996246
75.739241,-0.03865859999996246,-0.03835260000005292,-0.038227977510465624,-0.038309392540839635,-0.03865859999996246
75.759241,-0.0395986000000903,-0.03873060000005353,-0.0383883284054082,-0.03867664195809412,-0.03865859999996246
75.779241,-0.0395986000000903,-0.03850460000003295,-0.038385230908517864,-0.03849631561777096,-0.03865859999996246
75.799241,-0.03789860000006229,-0.03835260000005292,-0.03823437072974394,-0.03825741118883582,-0.03789860000006229
75.819241,-0.036768599999959406,-0.037824600000021746,-0.03801198139382361,-0.03776976550117686,-0.03789860000006229
75.83924,-0.03789860000006229,-0.03725859999999557,-0.03781649699292895,-0.03782242284383958,-0.03695859999993445
75.85924,-0.03695859999993445,-0.03759860000000117,-0.03772433708601365,-0.03743957902098396,-0.03695859999993445
75.87924,-0.036768599999959406,-0.03812660000003234,-0.037761324853629284,-0.03763911282053021,-0.03789860000006229
75.89924,-0.0395986000000903,-0.03774860000003173,-0.03790070044726977,-0.0378785067599425,-0.03695859999993445
75.91924,-0.03940860000011526,-0.0382766000000629,-0.038084016014490706,-0.03830041818188051,-0.03940860000011526
75.939239,-0.03600860000005923,-0.03850260000008347,-0.03825064125411919,-0.03844720139867315,-0.03940860000011526
75.959239,-0.0395986000000903,-0.03850260000008347,-0.03836100164698954,-0.0387218634033641,-0.03940860000011526
75.979239,-0.03789860000006229,-0.03820060000007288,-0.038406376642750185,-0.038379345920828936,-0.03789860000006229
75.999239,-0.0395986000000903,-0.038578600000073494,-0.03840556247620177,-0.038075872727342294,-0.03789860000006229
76.019238,-0.03789860000006229,-0.03801260000004732,-0.038391214486545144,-0.03824801724946772,-0.03789860000006229
76.039238,-0.03789860000006229,-0.03835260000005292,-0.038390086752373646,-0.03835375151519103,-0.03789860000006229
76.059238,-0.036768599999959406,-0.038164600000027346,-0.03840520390533828,-0.038186641958073544,-0.03789860000006229
76.079238,-0.0395986000000903,-0.038164600000027346,-0.03841046776116709,-0.03848368158512219,-0.03789860000006229
76.099238,-0.03865859999996246,-0.03850460000003295,-0.03836350820233556,-0.038473052214483085,-0.03865859999996246
76.119238,-0.03789860000006229,-0.03873060000005353,-0.038231685217324896,-0.038382259673691334,-0.03865859999996246
76.139237,-0.0395986000000903,-0.038164600000027346,-0.03801706476666245,-0.03808480046624484,-0.03789860000006229
76.159237,-0.03789860000006229,-0.0376346000000467,-0.03776556927630948,-0.03802542983688259,-0.03789860000006229
76.179237,-0.036768599999959406,-0.0376346000000467,-0.03755331135627319,-0.03749505687648498,-0.03789860000006229
76.199237,-0.03600860000005923,-0.03744660000002113,-0.03745522617666113,-0.03719573286716514,-0.03789860000006229
76.219237,-0.03789860000006229,-0.03722060000000056,-0.03751136371518788,-0.03732223636365294,-0.036768599999959406
76.239236,-0.03865859999996246,-0.03744660000002113,-0.03770765552902209,-0.03763932261072993,-0.03789860000006229
76.259236,-0.036768599999959406,-0.03831660000000738,-0.03797935716375195,-0.03806379813519324,-0.03789860000006229
76.279236,-0.03789860000006229,-0.038504599999987475,-0.03823407857353803,-0.03837172354311768,-0.03865859999996246
76.299236,-0.040358599999990474,-0.03812659999998687,-0.03838453365175765,-0.03846605920744413,-0.03789860000006229
76.319236,-0.03883859999996275,-0.03835260000000744,-0.03837873718357739,-0.03833295897436459,-0.03789860000006229
76.339236,-0.036768599999959406,-0.03835260000000744,-0.038216086018010874,-0.03829528997670377,-0.03789860000006229
76.359235,-0.03789860000006229,-0.0378606000000218,-0.037943822256088756,-0.03803960233101666,-0.03789860000006229
76.379235,-0.03789860000006229,-0.03748460000001615,-0.037638141914275725,-0.037551723543132604,-0.03789860000006229
76.399235,-0.03789860000006229,-0.03733260000003611,-0.037379788555639254,-0.03703619906763874,-0.03789860000006229
76.419235,-0.03695859999993445,-0.03733260000003611,-0.03723203906462668,-0.03714412447557734,-0.03789860000006229
76.439234,-0.03600860000005923,-0.03725660000004609,-0.03722523922162184,-0.03752892634037812,-0.0375186000001122
76.459234,-0.03789860000006229,-0.037408600000026125,-0.03735118143714509,-0.03741962564105604,-0.0375186000001122
76.479234,-0.0375186000001122,-0.03774860000003173,-0.0375698053036686,-0.037531070862487546,-0.03789860000006229
76.499234,-0.03865859999996246,-0.037938600000006775,-0.03782610717404128,-0.037942469463876215,-0.03789860000006229
76.519233,-0.03865859999996246,-0.038090599999986804,-0.03806925160336922,-0.03805540652679103,-0.03865859999996246
76.539233,-0.03695859999993445,-0.03835459999995692,-0.0382647337676647,-0.03825463729600321,-0.03865859999996246
76.559233,-0.03865859999996246,-0.03801459999995131,-0.03839594157973482,-0.03829137389272602,-0.03865859999996246
76.579233,-0.03883859999996275,-0.03820259999997688,-0.03845887510476111,-0.038260138461490484,-0.03865859999996246
76.599233,-0.03695859999993445,-0.038578599999982546,-0.0384569303941535,-0.03854396130534512,-0.03883859999996275
76.619233,-0.0395986000000903,-0.03842660000000251,-0.03840011753112496,-0.038627294638707094,-0.03883859999996275
76.639232,-0.03883859999996275,-0.03857860000002802,-0.03830783828990595,-0.038443308624744627,-0.03883859999996275
76.659232,-0.03789860000006229,-0.03838860000005297,-0.03820985820711112,-0.03800463729607047,-0.03883859999996275
76.679232,-0.0395986000000903,-0.037820600000031845,-0.038139464577624176,-0.03805687505831308,-0.03789860000006229
76.699232,-0.03600860000005923,-0.037820600000031845,-0.03811801756415461,-0.03808971888116515,-0.03789860000006229
76.719232,-0.036758599999984654,-0.038160600000037445,-0.03813889489211106,-0.03791573286716207,-0.03883859999996275
76.739231,-0.03883859999996275,-0.037820600000031845,-0.03816406856950785,-0.03816734125878288,-0.03789860000006229
76.759231,-0.0395986000000903,-0.03834860000001754,-0.03814130205651834,-0.03828617575760515,-0.03864859999998771
76.779231,-0.03789860000006229,-0.038576600000033066,-0.038035533004608886,-0.0381851034965273,-0.03864859999998771
76.799231,-0.03864859999998771,-0.038160600000037445,-0.03785588530306584,-0.038155639627065745,-0.03789860000006229
76.819231,-0.03789860000006229,-0.03759260000001632,-0.0376605707161339,-0.03783142051283786,-0.03789860000006229
76.839231,-0.036758599999984654,-0.03736460000000079,-0.03753453383442434,-0.03728668857809156,-0.036758599999984654
76.85923,-0.036758599999984654,-0.0374025999999958,-0.0375498267100121,-0.03727384475524147,-0.036758599999984654
76.87923,-0.036758599999984654,-0.0374025999999958,-0.03772825815859531,-0.03750274918414568,-0.036758599999984654
76.89923,-0.03883859999996275,-0.03797060000001693,-0.03802549029428524,-0.03783025501167106,-0.03789860000006229
76.91923,-0.03789860000006229,-0.03834860000001754,-0.03834534123782429,-0.0384020498834655,-0.03864859999998771
76.939229,-0.0395986000000903,-0.03891660000003867,-0.03857813902947817,-0.039171700233132115,-0.03883859999996275
76.959229,-0.03864859999998771,-0.03887860000004366,-0.038645788803228526,-0.03886647878792549,-0.03864859999998771
76.979229,-0.0395986000000903,-0.03887860000004366,-0.03853362343988728,-0.038498903030355025,-0.03864859999998771
76.999229,-0.03864859999998771,-0.03778260000003684,-0.03829483520007457,-0.03802491701636471,-0.03864859999998771
77.019228,-0.03789860000006229,-0.03778260000003684,-0.03802487774480587,-0.03782573286716404,-0.03864859999998771
77.039228,-0.034118600000056176,-0.03759260000001632,-0.03781753914581276,-0.037646595338007086,-0.03864859999998771
77.059228,-0.03864859999998771,-0.03759260000001632,-0.03772533375830352,-0.03782326200467663,-0.03864859999998771
77.079228,-0.03864859999998771,-0.03778059999999641,-0.03774559934641741,-0.037740278321673495,-0.03864859999998771
77.099228,-0.03864859999998771,-0.03853659999999763,-0.03783736020206073,-0.03787524335664812,-0.03864859999998771
77.119228,-0.03883859999996275,-0.038158599999997024,-0.037953742572184576,-0.038112213053614716,-0.03864859999998771
77.139229,-0.03789860000006229,-0.03800860000001194,-0.03806703180817658,-0.0383439146853096,-0.03789860000006229
77.159227,-0.036758599999984654,-0.03800860000001194,-0.038173166287250454,-0.03809570955711526,-0.03789860000006229
77.179227,-0.03789860000006229,-0.03800860000001194,-0.03827943562322902,-0.038134054545474735,-0.03789860000006229
77.199227,-0.03864859999998771,-0.03834860000001754,-0.038389649280547285,-0.03815818041960012,-0.03864859999998771
77.219227,-0.03883859999996275,-0.038576600000033066,-0.03849870083435034,-0.03858577948721195,-0.03864859999998771
77.239226,-0.0395986000000903,-0.03872660000001815,-0.038597690411261563,-0.038596688578118946,-0.03864859999998771
77.259226,-0.03789860000006229,-0.03891660000003867,-0.03868189101512394,-0.03876755104897986,-0.03883859999996275
77.279226,-0.03864859999998771,-0.03850060000004305,-0.03875352367772424,-0.03887724801867389,-0.03864859999998771
77.299226,-0.0395986000000903,-0.03865260000002309,-0.03881754323941068,-0.03881314545458848,-0.03864859999998771
77.319226,-0.036758599999984654,-0.03899260000002869,-0.03887475060323799,-0.03870055804199328,-0.0395986000000903
77.339226,-0.040358599999990474,-0.0388426000000436,-0.038918153982295034,-0.03875999860143217,-0.0395986000000903
77.359225,-0.0395986000000903,-0.03865260000002309,-0.03893557842790821,-0.03899146713290514,-0.03864859999998771
77.379225,-0.03789860000006229,-0.039220600000044216,-0.038916718828304046,-0.039015359906793244,-0.0395986000000903
77.399225,-0.03864859999998771,-0.03891660000003867,-0.03886013321235024,-0.038895453146883405,-0.03883859999996275
77.419225,-0.0395986000000903,-0.03872660000001815,-0.038776955808552324,-0.039044171095599,-0.03864859999998771
77.439225,-0.03883859999996275,-0.03872660000001815,-0.038690314505318506,-0.038413168764591825,-0.03864859999998771
77.459224,-0.03864859999998771,-0.03876460000001316,-0.03862973680923352,-0.03858580279721348,-0.03883859999996275
77.479224,-0.03789860000006229,-0.03842460000000756,-0.038620541830377365,-0.03883883310023777,-0.03864859999998771
77.499224,-0.03883859999996275,-0.0387286000000131,-0.03867158606259728,-0.03867708484850038,-0.03864859999998771
77.519224,-0.03789860000006229,-0.0387286000000131,-0.03876774890859265,-0.03845223636364506,-0.03864859999998771
77.539223,-0.040358599999990474,-0.0387286000000131,-0.03887214028117689,-0.03879186340327535,-0.03864859999998771
77.559223,-0.03864859999998771,-0.0387286000000131,-0.03893775208450514,-0.03883018508158826,-0.03864859999998771
77.579223,-0.03789860000006229,-0.03922059999999874,-0.03892372980942326,-0.03929860000001466,-0.03883859999996275
77.599223,-0.03883859999996275,-0.0387286000000131,-0.03881089007849329,-0.03898811048952729,-0.03864859999998771
77.619223,-0.040358599999990474,-0.038918600000033624,-0.038612522557036365,-0.03872316876457872,-0.03883859999996275
77.639222,-0.03789860000006229,-0.0383886000000075,-0.03837603500111155,-0.03810475384617275,-0.03883859999996275
77.659222,-0.0395986000000903,-0.03820060000002741,-0.038170370861259385,-0.038134264335698304,-0.03789860000006229
77.679222,-0.035248599999931685,-0.03770860000004177,-0.03805915824192995,-0.03814382144525408,-0.03789860000006229
77.699222,-0.03789860000006229,-0.038048600000047374,-0.038070088855564524,-0.037833565035007705,-0.03789860000006229
77.719222,-0.03789860000006229,-0.03785860000002685,-0.03817801691340811,-0.03792946247090683,-0.03789860000006229
77.739221,-0.0395986000000903,-0.03838860000005297,-0.03831407314188144,-0.0383363622378059,-0.03789860000006229
77.759221,-0.03864859999998771,-0.03872860000005858,-0.038397805719219774,-0.03854195664341707,-0.03864859999998771
77.779221,-0.03789860000006229,-0.03872860000005858,-0.038375741180808415,-0.039012795804262645,-0.03864859999998771
77.799221,-0.0395986000000903,-0.03838860000005297,-0.038247221696095166,-0.038330301631758476,-0.03789860000006229
77.819221,-0.03789860000006229,-0.038048600000047374,-0.0380657963051956,-0.03787447412591368,-0.03789860000006229
77.83922,-0.03789860000006229,-0.03767060000004676,-0.037915281993555656,-0.037544520745951174,-0.03789860000006229
77.85922,-0.0369485999999597,-0.03751860000002125,-0.03787006341541198,-0.03788379813524383,-0.03789860000006229
77.87922,-0.03600860000005923,-0.03785860000002685,-0.03795736724245525,-0.03788918275061909,-0.03789860000006229
77.89922,-0.03883859999996275,-0.03819860000003246,-0.03814077220884731,-0.03789372820515413,-0.03883859999996275
77.919219,-0.0395986000000903,-0.03819860000003246,-0.03833482707367603,-0.0384847305361457,-0.03883859999996275
77.939219,-0.0395986000000903,-0.03876460000001316,-0.03844349194304676,-0.03852400792541933,-0.03883859999996275
77.959219,-0.0369485999999597,-0.03872660000001815,-0.03840192355779788,-0.03865079114221529,-0.03883859999996275
77.979219,-0.03883859999996275,-0.03800860000001194,-0.038201838182655226,-0.03835265594406642,-0.03864859999998771
77.999219,-0.03864859999998771,-0.03766860000000634,-0.03789254072082245,-0.03788820372961817,-0.03789860000006229
78.019218,-0.03600860000005923,-0.037630600000011324,-0.037561583963543074,-0.03731417109558366,-0.03789860000006229
78.039218,-0.03789860000006229,-0.03744260000003123,-0.03730485685873166,-0.037102772494198855,-0.03789860000006229
78.059218,-0.036758599999984654,-0.03691460000004554,-0.03719708149876418,-0.037120697902138365,-0.036758599999984654
78.079218,-0.03789860000006229,-0.03744260000003123,-0.037271856396295676,-0.0374126326340685,-0.03789860000006229
78.099218,-0.03600860000005923,-0.037630600000011324,-0.03751609374723835,-0.03760433426574777,-0.03789860000006229
78.119218,-0.03864859999998771,-0.03835060000001249,-0.03787886715189435,-0.03814538321679177,-0.03864859999998771
78.139217,-0.03883859999996275,-0.03812259999999697,-0.03829038206144904,-0.03834202657343208,-0.03864859999998771
78.159217,-0.040358599999990474,-0.03884060000000318,-0.03868274000504411,-0.0386351501165475,-0.03883859999996275
78.179217,-0.036758599999984654,-0.03887859999999819,-0.03900293909935225,-0.0388021664335529,-0.03883859999996275
78.199217,-0.0395986000000903,-0.03884060000000318,-0.039214037929047,-0.03899876317017163,-0.03883859999996275
78.219217,-0.03883859999996275,-0.038688600000023145,-0.03929003453399407,-0.03917463729606918,-0.03883859999996275
78.239217,-0.03864859999998771,-0.039218600000049265,-0.039214861568761875,-0.039267271328713674,-0.03940860000011526
78.259216,-0.0395986000000903,-0.0393706000000293,-0.038991143072502954,-0.03929808717952804,-0.03940860000011526
78.279216,-0.03940860000011526,-0.03895460000003368,-0.038654146308380925,-0.03888421771564083,-0.03940860000011526
78.299216,-0.040358599999990474,-0.038576600000033066,-0.03827822078817472,-0.038103704895117975,-0.03940860000011526
78.319216,-0.036758599999984654,-0.037630600000011324,-0.03796303537192341,-0.03783517342659932,-0.036758599999984654
78.339215,-0.036758599999984654,-0.037630600000011324,-0.03779795903644901,-0.03782174685317485,-0.036758599999984654
78.359215,-0.0348685999999816,-0.037478600000031295,-0.03782023016055221,-0.037748203729630836,-0.036758599999984654
78.379215,-0.03940860000011526,-0.03804660000005242,-0.03799264072564831,-0.03792920606065584,-0.03940860000011526
78.399215,-0.0395986000000903,-0.03827460000006795,-0.038217699967314264,-0.037882609324072336,-0.03940860000011526
78.419214,-0.0395986000000903,-0.03888060000008409,-0.03838180200577225,-0.03860594265742015,-0.03940860000011526
78.439214,-0.03789860000006229,-0.03838860000005297,-0.03840379672896403,-0.03901069790216527,-0.03789860000006229
78.459214,-0.03789860000006229,-0.03838860000005297,-0.03826288042361112,-0.03841629230773928,-0.03789860000006229
78.479214,-0.0369485999999597,-0.03785860000002685,-0.037997346904214836,-0.03760887972030931,-0.03789860000006229
78.499214,-0.0395986000000903,-0.03710260000002563,-0.037682204182000544,-0.037477760839191805,-0.0369485999999597
78.519213,-0.0369485999999597,-0.037404600000036224,-0.03739924364138309,-0.037059345920778565,-0.0369485999999597
78.539213,-0.034118600000056176,-0.037594600000056745,-0.03721078528721547,-0.03740046480191072,-0.03789860000006229
78.559213,-0.03940860000011526,-0.03687660000005053,-0.037145264681736796,-0.037098483449946075,-0.0369485999999597
78.579213,-0.03789860000006229,-0.03740660000007665,-0.0371990237099499,-0.037523751515224836,-0.03789860000006229
78.599213,-0.03600860000005923,-0.03778460000007726,-0.03735089755810009,-0.03729694498840794,-0.03789860000006229
78.619213,-0.0395986000000903,-0.03797260000005735,-0.0375788401701598,-0.03782342517490723,-0.03789860000006229
78.639212,-0.03600860000005923,-0.037594600000056745,-0.037868181498019675,-0.038111420512877706,-0.03600860000005923
78.659212,-0.04034860000001572,-0.03831260000006296,-0.03820807833307282,-0.03781950909095916,-0.0395986000000903
78.679212,-0.03600860000005923,-0.038160600000037445,-0.03858004873896064,-0.03832116410261434,-0.03883859999996275
78.699212,-0.0395986000000903,-0.03887860000004366,-0.03894703855574183,-0.039035849417289326,-0.0395986000000903
78.719212,-0.03883859999996275,-0.03887860000004366,-0.039252198763483286,-0.03910673519817422,-0.0395986000000903
78.739211,-0.0395986000000903,-0.03974660000003496,-0.039431995285285716,-0.03977302890446317,-0.0395986000000903
78.759211,-0.04034860000001572,-0.03940660000002936,-0.03943954774004581,-0.039194380885810634,-0.0395986000000903
78.779211,-0.04034860000001572,-0.03936860000003435,-0.03926645927681822,-0.03941314545457249,-0.0395986000000903
78.799211,-0.03789860000006229,-0.03865060000002814,-0.038950553410040695,-0.03877808717952543,-0.03864859999998771
78.819211,-0.03864859999998771,-0.03850060000004305,-0.03856453493590752,-0.03857540652685246,-0.03864859999998771
78.83921,-0.03600860000005923,-0.038010600000052366,-0.03819222664146504,-0.0383188331002765,-0.03789860000006229
78.85921,-0.0395986000000903,-0.038160600000037445,-0.03790603140746265,-0.03794435757580249,-0.03864859999998771
78.87921,-0.03789860000006229,-0.038010600000052366,-0.03775561529250358,-0.03768608251752124,-0.03789860000006229
78.89921,-0.03864859999998771,-0.038160600000037445,-0.03776685659300906,-0.03779622237766393,-0.03789860000006229
78.919209,-0.03789860000006229,-0.037820600000031845,-0.03794237447559229,-0.03791417109561855,-0.03789860000006229
78.939209,-0.036758599999984654,-0.038160600000037445,-0.03825769163920635,-0.038410441491873025,-0.03789860000006229
78.959209,-0.03789860000006229,-0.03850060000004305,-0.038656858570571585,-0.038560581352018605,-0.03789860000006229
78.979209,-0.0395986000000903,-0.03899060000003374,-0.03905755151268702,-0.03922724801869548,-0.0395986000000903
78.999209,-0.04034860000001572,-0.039558600000054865,-0.03937091083123341,-0.03922736456880432,-0.0395986000000903
79.019208,-0.04034860000001572,-0.03970860000003995,-0.03952914601286233,-0.039385173426601125,-0.0395986000000903
79.039208,-0.0395986000000903,-0.03917860000001383,-0.03950564358795105,-0.03967887972032167,-0.0395986000000903
79.059208,-0.03864859999998771,-0.039028600000028744,-0.03931625706559778,-0.03930990536133123,-0.0395986000000903
79.079208,-0.0369485999999597,-0.03887860000004366,-0.03900369599194301,-0.038790674592096966,-0.0395986000000903
79.099208,-0.0395986000000903,-0.03834860000001754,-0.038618204315478646,-0.0385447305361617,-0.03864859999998771
79.119208,-0.0395986000000903,-0.03819860000003246,-0.03820742565068907,-0.03811267925411313,-0.03789860000006229
79.139207,-0.0369485999999597,-0.03838860000005297,-0.03781747131959171,-0.037985266666709525,-0.03789860000006229
79.159207,-0.03789860000006229,-0.03767060000004676,-0.037496796572509504,-0.037749602331054,-0.03789860000006229
79.179207,-0.03789860000006229,-0.03733060000004116,-0.03729372115251114,-0.03746967226113,-0.03789860000006229
79.199207,-0.03600860000005923,-0.03729260000004615,-0.0372453483675212,-0.03699577948721203,-0.03789860000006229
79.219207,-0.03789860000006229,-0.03729260000004615,-0.0373627806120066,-0.03727480046623293,-0.03789860000006229
79.239206,-0.036758599999984654,-0.037480600000026246,-0.03762086831176172,-0.03770044149188902,-0.03789860000006229
79.259206,-0.03789860000006229,-0.03819860000003246,-0.037959662140792945,-0.037875872727311403,-0.03789860000006229
79.279206,-0.03883859999996275,-0.03819860000003246,-0.03829963326312403,-0.038173401864822355,-0.03789860000006229
79.299206,-0.0395986000000903,-0.038576600000033066,-0.03856563057587375,-0.038757620979036705,-0.03864859999998771
79.319206,-0.03789860000006229,-0.03876460000001316,-0.038709498344601044,-0.038962282983709344,-0.03883859999996275
79.339205,-0.03864859999998771,-0.03887860000004366,-0.03872198535153356,-0.03872533659677606,-0.03883859999996275
79.359205,-0.03883859999996275,-0.038462600000048044,-0.03863053656091883,-0.038447970629423484,-0.03864859999998771
79.379205,-0.03940860000011526,-0.03808460000004743,-0.038485712430664724,-0.03807943916090449,-0.03864859999998771
79.399205,-0.0375186000001122,-0.03827460000006795,-0.03834185056169989,-0.038232562704015094,-0.03883859999996275
79.419204,-0.03600860000005923,-0.03823660000007294,-0.038238988432925905,-0.03865048811194536,-0.03864859999998771
79.439204,-0.0395986000000903,-0.03842460000005303,-0.038194152248181755,-0.0383541244755959,-0.03864859999998771
79.459204,-0.03864859999998771,-0.03850060000004305,-0.03820662239443771,-0.038223611655074985,-0.03864859999998771
79.479204,-0.04034860000001572,-0.03850060000004305,-0.038271663863307215,-0.03816811048953427,-0.03864859999998771
79.499204,-0.03789860000006229,-0.03834860000001754,-0.0383888064885337,-0.03837314545456303,-0.03864859999998771
79.519203,-0.03600860000005923,-0.03838660000001255,-0.038555031522248914,-0.03866981212123224,-0.03883859999996275
79.539203,-0.03883859999996275,-0.03823660000002747,-0.03874859696100865,-0.03850946247087986,-0.03883859999996275
79.559203,-0.03883859999996275,-0.03872660000001815,-0.03892074727229681,-0.03878172354313937,-0.03883859999996275
79.579203,-0.0395986000000903,-0.039254600000003845,-0.03900798516446761,-0.039022958974366764,-0.03883859999996275
79.599203,-0.04034860000001572,-0.03921660000000884,-0.038960967393197175,-0.039112586013997544,-0.03883859999996275
79.619203,-0.03864859999998771,-0.039028600000028744,-0.038772415154645454,-0.03905081445222824,-0.03864859999998771
79.639202,-0.03864859999998771,-0.03831060000002253,-0.038486087400784574,-0.03842030163173371,-0.03864859999998771
79.659202,-0.03789860000006229,-0.03797060000001693,-0.03818050030963468,-0.03823610582753814,-0.03864859999998771
79.679202,-0.03600860000005923,-0.037820600000031845,-0.037935923039267,-0.03781265594407085,-0.03789860000006229
79.699202,-0.03864859999998771,-0.037820600000031845,-0.03780208008436181,-0.03743223636365507,-0.03789860000006229
79.719202,-0.03789860000006229,-0.03759260000001632,-0.03778213660802528,-0.037693425174850664,-0.03789860000006229
79.739201,-0.03864859999998771,-0.03797060000001693,-0.03783799734438934,-0.03802778414921294,-0.03789860000006229
79.759201,-0.036758599999984654,-0.038160600000037445,-0.037910800137055445,-0.03793734125876732,-0.03789860000006229
79.779201,-0.03789860000006229,-0.038160600000037445,-0.037946083039220424,-0.03830363496507486,-0.03789860000006229
79.799201,-0.0395986000000903,-0.03763260000005175,-0.037914835081153224,-0.03807123403269093,-0.03789860000006229
79.819201,-0.03789860000006229,-0.03820060000007288,-0.03782399588925011,-0.03772125734272757,-0.03789860000006229
79.8392,-0.03600860000005923,-0.03782260000007227,-0.03771198493373605,-0.03740517342664455,-0.03789860000006229
79.8592,-0.0395986000000903,-0.03710460000006606,-0.03762997779985583,-0.037609252680718956,-0.03600860000005923
79.8792,-0.03600860000005923,-0.03729260000004615,-0.037617121195871704,-0.03738386806531931,-0.03600860000005923
79.8992,-0.03600860000005923,-0.038010600000052366,-0.0376822221392024,-0.03772594265738939,-0.03883859999996275
79.9192,-0.03883859999996275,-0.03767060000004676,-0.03780238534158526,-0.03794274918420982,-0.03789860000006229
79.939199,-0.0395986000000903,-0.03838860000005297,-0.037940493199264555,-0.03823088438233571,-0.03883859999996275
79.959199,-0.03789860000006229,-0.03838660000005802,-0.038071076802763934,-0.03805109417255104,-0.03883859999996275
79.979199,-0.0395986000000903,-0.03838660000005802,-0.03819652574608658,-0.03839526666671584,-0.03883859999996275
79.999199,-0.03599860000008448,-0.03804460000005747,-0.03834113958370807,-0.03836184009328621,-0.03789860000006229
80.019198,-0.03883859999996275,-0.038232600000037566,-0.03852636316978452,-0.03816839020983978,-0.03883859999996275
80.039198,-0.037888600000087536,-0.038232600000037566,-0.03874413390060931,-0.03847503356647215,-0.03883859999996275
80.059198,-0.03883859999996275,-0.03895260000003873,-0.03894677666596456,-0.03872142051286509,-0.03883859999996275
80.079198,-0.0395986000000903,-0.03910460000006424,-0.039061597993204376,-0.03914799393944592,-0.0395986000000903
80.099198,-0.0395986000000903,-0.03910460000006424,-0.03902393850119472,-0.03945894965042747,-0.0395986000000903
80.119197,-0.0395986000000903,-0.03925660000008975,-0.038812183399034056,-0.039011280652775704,-0.0395986000000903
80.139197,-0.037888600000087536,-0.038536600000088586,-0.0384667149704777,-0.03854470722618615,-0.0395986000000903
80.159197,-0.0395986000000903,-0.038006600000062465,-0.03808209850186919,-0.037984427505898984,-0.037888600000087536
80.179197,-0.03599860000008448,-0.037476600000036345,-0.037774084667707195,-0.03751424102567052,-0.0369485999999597
80.199197,-0.0369485999999597,-0.037628600000016374,-0.037634905010294414,-0.037479159440577337,-0.0369485999999597
80.219197,-0.0369485999999597,-0.03743859999999586,-0.03769689887995105,-0.03777869324010219,-0.0369485999999597
80.239196,-0.03864859999998771,-0.038158599999997024,-0.03792165694440839,-0.03789163030301913,-0.03864859999998771
80.259197,-0.03864859999998771,-0.038498600000002624,-0.03821921760927332,-0.03801736456874918,-0.03864859999998771
80.279196,-0.0395986000000903,-0.038498600000002624,-0.03848621926797926,-0.03892435757575514,-0.03864859999998771
80.299196,-0.03864859999998771,-0.038688600000023145,-0.03864354624278736,-0.03886715477857963,-0.03864859999998771
80.319196,-0.0369485999999597,-0.03887860000004366,-0.03865780763895027,-0.03870622237766346,-0.0395986000000903
80.339195,-0.0395986000000903,-0.038158600000042495,-0.03854246230666003,-0.03833992867138241,-0.03864859999998771
80.359195,-0.0395986000000903,-0.038006600000062465,-0.03834405818169183,-0.03796347179493735,-0.037888600000087536
80.379195,-0.03599860000008448,-0.03819460000008803,-0.03812172591294729,-0.03807687505834792,-0.037888600000087536
80.399195,-0.037888600000087536,-0.03785260000008748,-0.03792722125974703,-0.03787769090918436,-0.037888600000087536
80.419195,-0.037888600000087536,-0.03785260000008748,-0.03779259680097522,-0.038086641958148995,-0.037888600000087536
80.439194,-0.037888600000087536,-0.03785260000008748,-0.03773024888750464,-0.03776964895113427,-0.037888600000087536
80.459194,-0.0395986000000903,-0.03819460000008803,-0.03774277969939041,-0.03770577948725646,-0.037888600000087536
80.479194,-0.03599860000008448,-0.03796860000006745,-0.037833044717101194,-0.03803538321685483,-0.037888600000087536
80.499194,-0.0395986000000903,-0.03796860000006745,-0.03800524670418917,-0.03805860000007872,-0.037888600000087536
80.519193,-0.036758599999984654,-0.03796860000006745,-0.038255820603007175,-0.038187248018712525,-0.037888600000087536
80.539193,-0.037888600000087536,-0.038688600000068615,-0.038561334021433906,-0.03844785407932048,-0.0395986000000903
80.559193,-0.0395986000000903,-0.03853660000004311,-0.038873525762092596,-0.03867300559446376,-0.03883859999996275
80.579193,-0.0395986000000903,-0.03910460000006424,-0.03912734673589353,-0.039087690909130314,-0.0395986000000903
80.599193,-0.03883859999996275,-0.03929460000003928,-0.03925967382451226,-0.03912978881121945,-0.0395986000000903
80.619193,-0.0395986000000903,-0.039104600000018766,-0.03923036189611229,-0.03961685174828494,-0.03883859999996275
80.639192,-0.03883859999996275,-0.039104600000018766,-0.03903722708968693,-0.03916876317018657,-0.03883859999996275
80.659192,-0.03864859999998771,-0.03891460000004372,-0.03872021176412875,-0.03863811048954069,-0.03883859999996275
80.679192,-0.0395986000000903,-0.03819460000004256,-0.03835322008124359,-0.038292795804241345,-0.03864859999998771
80.699192,-0.037888600000087536,-0.038004600000067515,-0.03802425217220158,-0.03796540652688416,-0.037888600000087536
80.719192,-0.03599860000008448,-0.03785260000008748,-0.037807867151124754,-0.037599206060675974,-0.037888600000087536
80.739191,-0.037888600000087536,-0.03751060000008692,-0.03773933392849079,-0.037838576690071374,-0.037888600000087536
80.759191,-0.037888600000087536,-0.03766260000006696,-0.037802705032064676,-0.03776582610731472,-0.037888600000087536
80.779191,-0.037888600000087536,-0.03838060000007317,-0.03794014372880151,-0.03796836689983493,-0.037888600000087536
80.799191,-0.03864859999998771,-0.038154600000052594,-0.03807875082715266,-0.038069322610763665,-0.037888600000087536
80.819191,-0.03958860000011555,-0.03830660000003263,-0.038161767927172734,-0.03836943916086716,-0.03864859999998771
80.83919,-0.036758599999984654,-0.03808060000001205,-0.03816941218105555,-0.03834552307695421,-0.03864859999998771
80.85919,-0.03864859999998771,-0.03826860000003762,-0.03812104186654898,-0.038141070862502485,-0.03864859999998771
80.87919,-0.036758599999984654,-0.03792860000003202,-0.03806055233327831,-0.03804445081587463,-0.037888600000087536
80.89919,-0.03958860000011555,-0.03792860000003202,-0.03803411785337756,-0.03775179347322,-0.037888600000087536
80.919189,-0.037888600000087536,-0.03792860000003202,-0.03806965807243187,-0.03788794731937353,-0.037888600000087536
80.939189,-0.036758599999984654,-0.038154600000052594,-0.03816369899310935,-0.038181863403321886,-0.037888600000087536
80.959189,-0.03864859999998771,-0.038154600000052594,-0.038279062188241286,-0.03813748111894778,-0.037888600000087536
80.979189,-0.037888600000087536,-0.038154600000052594,-0.038356048629848725,-0.038571513752967926,-0.037888600000087536
80.999189,-0.03958860000011555,-0.03853260000005321,-0.038336045149605175,-0.03851892634037336,-0.03864859999998771
81.019188,-0.037888600000087536,-0.03853260000005321,-0.03818933446091726,-0.03814689836833861,-0.03864859999998771
81.039188,-0.03864859999998771,-0.038154600000052594,-0.03793397652509075,-0.03808009184155023,-0.03864859999998771
81.059188,-0.03864859999998771,-0.03721060000002581,-0.03763476438008253,-0.037699322610772426,-0.037888600000087536
81.079188,-0.03599860000008448,-0.03755060000003141,-0.037379993602773935,-0.03730142051284936,-0.03864859999998771
81.099188,-0.0348685999999816,-0.03721060000002581,-0.03724527944245756,-0.03696748111889818,-0.0369485999999597
81.119188,-0.03958860000011555,-0.036832600000025195,-0.03726189090357878,-0.03716794731935329,-0.036758599999984654
81.139187,-0.0369485999999597,-0.03736260000000584,-0.037405378078179105,-0.03727797062937972,-0.0369485999999597
81.159187,-0.036758599999984654,-0.038118600000007066,-0.03760865188643136,-0.037601420512828124,-0.03864859999998771
81.179187,-0.03864859999998771,-0.03777860000000146,-0.037791456719148894,-0.0382508377622456,-0.037888600000087536
81.199187,-0.03864859999998771,-0.03796660000002703,-0.037892978117749075,-0.03815041818184741,-0.037888600000087536
81.219187,-0.037888600000087536,-0.03819260000004761,-0.037894845985148785,-0.037691513752949365,-0.037888600000087536
81.239186,-0.037888600000087536,-0.03766260000006696,-0.03782537652806513,-0.03779568624716148,-0.037888600000087536
81.259186,-0.037888600000087536,-0.037548600000081936,-0.03774318011158933,-0.037753751515228744,-0.037888600000087536
81.279186,-0.03599860000008448,-0.037548600000081936,-0.037707782701904065,-0.03756382144529961,-0.037888600000087536
81.299186,-0.03807860000006258,-0.037700600000061965,-0.03775147837010206,-0.0374099752914555,-0.037888600000087536
81.319185,-0.037888600000087536,-0.037700600000061965,-0.0378659056572891,-0.037917061538531374,-0.037888600000087536
81.339185,-0.03864859999998771,-0.03807860000006258,-0.0380087304280315,-0.038270185081638416,-0.037888600000087536
81.359185,-0.037888600000087536,-0.03853260000005321,-0.03812523552717747,-0.038114707226148174,-0.037888600000087536
81.379185,-0.037888600000087536,-0.03830660000003263,-0.03817325290680876,-0.038315173426614405,-0.037888600000087536
81.399185,-0.04034860000001572,-0.03777660000005199,-0.03814017389127358,-0.03820489370634917,-0.037888600000087536
81.419184,-0.036758599999984654,-0.038116600000057586,-0.03804535116867143,-0.03803144382289571,-0.037888600000087536
81.439184,-0.03599860000008448,-0.038116600000057586,-0.03792797428985382,-0.03782410116555978,-0.037888600000087536
81.459184,-0.03958860000011555,-0.03739860000005137,-0.037827856590289866,-0.03761736456881461,-0.036758599999984654
81.479184,-0.037888600000087536,-0.03762460000007195,-0.037769713022021964,-0.03782619906766034,-0.037888600000087536
81.499184,-0.036758599999984654,-0.038002600000072564,-0.037757233074900594,-0.03757454405602959,-0.037888600000087536
81.519184,-0.037888600000087536,-0.038002600000072564,-0.0377765772784227,-0.03807128065277242,-0.037888600000087536
81.539183,-0.037888600000087536,-0.03762460000007195,-0.03780597364199486,-0.03798822703969105,-0.037888600000087536
81.559183,-0.03958860000011555,-0.038002600000072564,-0.03782740107421823,-0.03749582610727453,-0.037888600000087536
81.579183,-0.03599860000008448,-0.037814600000046994,-0.037835125977891335,-0.037933774825234266,-0.037888600000087536
81.599183,-0.03864859999998771,-0.037814600000046994,-0.03783678540642464,-0.037947271328734856,-0.037888600000087536
81.619183,-0.0369485999999597,-0.037814600000046994,-0.0378476303551232,-0.0379810708625153,-0.037888600000087536
81.639182,-0.037888600000087536,-0.03796660000002703,-0.03788299947098282,-0.037635639627073204,-0.037888600000087536
81.659182,-0.03958860000011555,-0.03796660000002703,-0.03795337919694396,-0.0378303948718058,-0.037888600000087536
81.679182,-0.036758599999984654,-0.03792860000003202,-0.038062140177758295,-0.03832351841492666,-0.037888600000087536
81.699182,-0.03864859999998771,-0.03849660000000767,-0.03820372859504865,-0.03810780745922236,-0.03864859999998771
81.719182,-0.036758599999984654,-0.038156600000002074,-0.03836218736293211,-0.03838650209793312,-0.037888600000087536
81.739181,-0.04072859999996581,-0.03838260000002265,-0.038512752891620226,-0.03849281911423559,-0.037888600000087536
81.759181,-0.037888600000087536,-0.038570600000048215,-0.03862816758790818,-0.03848160699303958,-0.037888600000087536
81.779181,-0.037888600000087536,-0.038986600000043836,-0.03868744786892627,-0.03876214312360096,-0.03883859999996275
81.799181,-0.03958860000011555,-0.03841860000006818,-0.038683250436145275,-0.03866519673665501,-0.037888600000087536
81.81918,-0.03883859999996275,-0.038570600000048215,-0.03862555025810969,-0.03880857669001906,-0.03864859999998771
81.83918,-0.037888600000087536,-0.03876060000002326,-0.03854075232576826,-0.038489275990704064,-0.03883859999996275
81.85918,-0.03864859999998771,-0.038572599999997695,-0.038465850585029944,-0.03853901958042648,-0.03864859999998771
81.87918,-0.03883859999996275,-0.03838260000002265,-0.03843843838976828,-0.03840941585082454,-0.03864859999998771
81.89918,-0.03864859999998771,-0.03838260000002265,-0.03848480416963483,-0.03829915944058202,-0.03864859999998771
81.91918,-0.037888600000087536,-0.038570600000048215,-0.038609156929402026,-0.03852922937068324,-0.03864859999998771
81.939179,-0.037888600000087536,-0.03872060000007878,-0.03878814578529494,-0.03894053473200487,-0.03864859999998771
81.959179,-0.03958860000011555,-0.03890860000010434,-0.038975459924754215,-0.03881771421922627,-0.03958860000011555
81.979179,-0.03958860000011555,-0.03924860000010995,-0.039118043764569524,-0.03933484708636209,-0.03958860000011555
81.999179,-0.03958860000011555,-0.03924860000010995,-0.039178221780910925,-0.03912997529149026,-0.03958860000011555
82.019179,-0.03958860000011555,-0.03947660000008,-0.039150547112672976,-0.039344450815934684,-0.03958860000011555
82.039178,-0.037888600000087536,-0.038758600000073785,-0.039063958364645775,-0.039105639627101556,-0.03958860000011555
82.059178,-0.04072859999996581,-0.038986600000043836,-0.03896779078369738,-0.03879829696974303,-0.03958860000011555
82.079178,-0.03599860000008448,-0.038646600000038236,-0.038908526707284966,-0.03888605920750311,-0.037888600000087536
82.099179,-0.04072859999996581,-0.038986600000043836,-0.0389082509132651,-0.03876263263407811,-0.03958860000011555
82.119177,-0.037888600000087536,-0.038758600000073785,-0.038954378776990095,-0.03893128065273971,-0.03958860000011555
82.139177,-0.03958860000011555,-0.03913660000007439,-0.03900445209668977,-0.0389913039627938,-0.03958860000011555
82.159177,-0.03958860000011555,-0.03890860000010434,-0.0390027504223607,-0.03897563962714675,-0.03958860000011555
82.179177,-0.037888600000087536,-0.03890860000010434,-0.038901136883375605,-0.03919855338004997,-0.03958860000011555
82.199177,-0.03958860000011555,-0.038758600000073785,-0.03867664396226043,-0.038467924009401744,-0.03883859999996275
82.219177,-0.037888600000087536,-0.03819260000004761,-0.03834103234942489,-0.03849794731939007,-0.037888600000087536
82.239176,-0.03883859999996275,-0.03800460000002204,-0.03794024478655673,-0.03791890303033748,-0.037888600000087536
82.259176,-0.036758599999984654,-0.03766460000001644,-0.037543712033062976,-0.037474264335678686,-0.037888600000087536
82.279176,-0.0369485999999597,-0.037286600000015824,-0.03722600295724754,-0.037196618648034904,-0.0369485999999597
82.299176,-0.037888600000087536,-0.03690860000001521,-0.037046201106725275,-0.03706708484850113,-0.0369485999999597
82.319176,-0.03599860000008448,-0.03713460000003579,-0.037031575420404354,-0.03705575617718039,-0.0369485999999597
82.339175,-0.0369485999999597,-0.037474600000041394,-0.03717068810543734,-0.037082189743625135,-0.037888600000087536
82.359175,-0.037888600000087536,-0.037248600000020816,-0.037418102149772293,-0.037536618648038284,-0.0369485999999597
82.379175,-0.03864859999998771,-0.03777860000000146,-0.03770897800217414,-0.03769526666668538,-0.037888600000087536
82.399175,-0.036758599999984654,-0.038118600000007066,-0.03797796703210905,-0.037953914685310564,-0.03864859999998771
82.419174,-0.03864859999998771,-0.038118600000007066,-0.03817563736615054,-0.038344777156190564,-0.03864859999998771
82.439174,-0.03864859999998771,-0.038118600000007066,-0.03827823505313872,-0.03814177016317935,-0.03864859999998771
82.459174,-0.037888600000087536,-0.03834460000002764,-0.03828981356060859,-0.03836379813520062,-0.03864859999998771
82.479174,-0.03864859999998771,-0.038116600000012116,-0.038237216196704935,-0.03815284242427401,-0.037888600000087536
82.499174,-0.037888600000087536,-0.03830460000003768,-0.03815929059190371,-0.038251234032665254,-0.037888600000087536
82.519174,-0.037508599999910075,-0.03792660000003707,-0.0380932742953434,-0.03793076783221155,-0.037888600000087536
82.539173,-0.03958860000011555,-0.03796460000003208,-0.03806245701546099,-0.03790398461542864,-0.037888600000087536
82.559173,-0.03599860000008448,-0.03796460000003208,-0.038068960769853194,-0.038182399533830166,-0.037888600000087536
82.579173,-0.03883859999996275,-0.038230600000042615,-0.03809429444214177,-0.038112819114239915,-0.03883859999996275
82.599173,-0.037888600000087536,-0.03808060000001205,-0.03810857797212669,-0.03815992867133548,-0.03883859999996275
82.619172,-0.03883859999996275,-0.03823259999999209,-0.038086013595103725,-0.03811645547787135,-0.03883859999996275
82.639172,-0.03883859999996275,-0.038042600000017045,-0.0380198057208625,-0.03788584941726185,-0.037888600000087536
82.659172,-0.036758599999984654,-0.038042600000017045,-0.037928250216359934,-0.03835004522146229,-0.037888600000087536
82.679172,-0.037888600000087536,-0.037852600000042,-0.03784814760694715,-0.03783186340330401,-0.037888600000087536
82.699172,-0.037888600000087536,-0.037852600000042,-0.03781910614659914,-0.03765645547788632,-0.037888600000087536
82.719172,-0.037888600000087536,-0.037700600000061965,-0.03786644925632255,-0.03764477715623589,-0.037888600000087536
82.739171,-0.03883859999996275,-0.037852600000042,-0.03798910911201342,-0.037924730536184725,-0.037888600000087536
82.759171,-0.03599860000008448,-0.03819260000004761,-0.03815580848162328,-0.038277527738973666,-0.03864859999998771
82.779171,-0.03864859999998771,-0.03834460000002764,-0.03831156435175984,-0.03828410116553685,-0.03864859999998771
82.799171,-0.03958860000011555,-0.038154600000052594,-0.038395192313334124,-0.03833235291379398,-0.03864859999998771
82.81917,-0.03864859999998771,-0.03853260000005321,-0.0383635552531171,-0.03832745780891124,-0.03864859999998771
82.83917,-0.037888600000087536,-0.03838060000007317,-0.03821234077833225,-0.03842801724949027,-0.037888600000087536
82.85917,-0.037888600000087536,-0.03804060000006757,-0.03798302124126703,-0.03825631561779655,-0.037888600000087536
82.87917,-0.037888600000087536,-0.037888600000087536,-0.03775249592087709,-0.03776053473201869,-0.037888600000087536
82.89917,-0.037888600000087536,-0.03751060000008692,-0.03760941903038412,-0.03739319207466218,-0.037888600000087536
82.919169,-0.037888600000087536,-0.03766260000006696,-0.03762472977374334,-0.03731139720287454,-0.037888600000087536
82.939169,-0.03599860000008448,-0.03766260000006696,-0.03782500006792836,-0.03783121072269008,-0.037888600000087536
82.959169,-0.03864859999998771,-0.038002600000072564,-0.03817815101898983,-0.0382070615385481,-0.037888600000087536
82.979169,-0.037888600000087536,-0.03872060000007878,-0.03859971106899165,-0.038848157109629924,-0.03864859999998771
82.999169,-0.03958860000011555,-0.03925060000005942,-0.0389806644471017,-0.03912601258745965,-0.03864859999998771
83.019169,-0.041478600000118604,-0.03940060000004451,-0.03922667008344679,-0.03907389137532852,-0.03939859999991313
83.039168,-0.03864859999998771,-0.03917460000002393,-0.03929035461966055,-0.039282982284416235,-0.03939859999991313
83.059168,-0.03939859999991313,-0.03883460000001833,-0.039180867699851143,-0.03908964895106698,-0.03864859999998771
83.079168,-0.036758599999984654,-0.03860859999999775,-0.03894845921750012,-0.038969042890438406,-0.03864859999998771
83.099168,-0.037888600000087536,-0.03864659999999276,-0.03865743785992229,-0.03877766759907193,-0.03883859999996275
83.119168,-0.04034860000001572,-0.03834460000002764,-0.0383658017747503,-0.03807452074592482,-0.037888600000087536
83.139167,-0.03883859999996275,-0.038570600000048215,-0.03811976141018227,-0.038119462470899895,-0.037888600000087536
83.159167,-0.037888600000087536,-0.038040600000022094,-0.03795618234298072,-0.038004217715672084,-0.037888600000087536
83.179167,-0.037888600000087536,-0.03788860000004206,-0.03790068083509671,-0.03816123403267942,-0.037888600000087536
83.199167,-0.03523859999995693,-0.03785060000004705,-0.03795793372461415,-0.0380603482517685,-0.037888600000087536
83.219167,-0.03958860000011555,-0.038040600000022094,-0.03810295504521304,-0.0379349403263592,-0.03864859999998771
83.239166,-0.03864859999998771,-0.03823059999999714,-0.038284344402427534,-0.03813228298371083,-0.03883859999996275
83.259166,-0.03883859999996275,-0.03876060000002326,-0.03844097388147186,-0.03853689836831327,-0.03883859999996275
83.279166,-0.03883859999996275,-0.03842060000001766,-0.038522611656903516,-0.03844377482517891,-0.03864859999998771
83.299166,-0.037888600000087536,-0.038458600000012666,-0.03850311680541835,-0.03871484708627222,-0.03883859999996275
83.319165,-0.037888600000087536,-0.038042600000017045,-0.03838205648662586,-0.03824990536132562,-0.037888600000087536
83.339165,-0.03883859999996275,-0.03819260000004761,-0.03817870413490987,-0.038233914685338224,-0.037888600000087536
83.359165,-0.036758599999984654,-0.03800460000002204,-0.03792481639199796,-0.03792083776226786,-0.037888600000087536
83.379165,-0.03958860000011555,-0.03781659999999647,-0.037659313865612054,-0.037333868065289724,-0.0369485999999597
83.399165,-0.0369485999999597,-0.037248600000020816,-0.03742335692688064,-0.037548413519813445,-0.0369485999999597
83.419164,-0.0369485999999597,-0.037248600000020816,-0.037252927338510794,-0.03744265594406742,-0.0369485999999597
83.439164,-0.03599860000008448,-0.03740060000000085,-0.037169510190740815,-0.03718904289046132,-0.0369485999999597
83.459164,-0.036758599999984654,-0.03721060000002581,-0.037174286358691924,-0.037228786480202614,-0.036758599999984654
83.479164,-0.04034860000001572,-0.037172600000030795,-0.03725085850149231,-0.03706309883451564,-0.036758599999984654
83.499164,-0.03599860000008448,-0.03755060000003141,-0.03737453438632259,-0.03744048811193209,-0.036758599999984654
83.519164,-0.036758599999984654,-0.03777660000005199,-0.03752043447627919,-0.037587154778611125,-0.037888600000087536
83.539163,-0.037888600000087536,-0.03728460000006635,-0.03766567418582118,-0.03775454405600126,-0.037888600000087536
83.559163,-0.037888600000087536,-0.03766260000006696,-0.03778849468838463,-0.03771081445230468,-0.037888600000087536
83.579163,-0.037888600000087536,-0.03792660000008254,-0.03786973124008055,-0.037406548718021675,-0.037888600000087536
83.599163,-0.037888600000087536,-0.03792660000008254,-0.03789794434444724,-0.03837459067605443,-0.037888600000087536
83.619162,-0.03807860000006258,-0.03785060000004705,-0.037875196809087984,-0.03791412447558742,-0.037888600000087536
83.639162,-0.037888600000087536,-0.03819060000005266,-0.037819558046252706,-0.03777279580424827,-0.037888600000087536
83.659162,-0.037508599999910075,-0.03743460000005143,-0.03776180445615787,-0.037659858741323396,-0.037888600000087536
83.679162,-0.03958860000011555,-0.03773660000006203,-0.03773594349073186,-0.03773957902103585,-0.037888600000087536
83.699162,-0.034108600000081424,-0.03773660000006203,-0.037766071934887374,-0.03781044149189697,-0.037888600000087536
83.719162,-0.03958860000011555,-0.038002600000072564,-0.0378553561579175,-0.03779272587419692,-0.03883859999996275
83.739161,-0.037888600000087536,-0.03766260000006696,-0.037983778215583484,-0.037985826107290344,-0.037888600000087536
83.759161,-0.03883859999996275,-0.03841860000006818,-0.038116661883979754,-0.038231234032710976,-0.037888600000087536
83.779161,-0.037888600000087536,-0.03826860000003762,-0.03821869248935592,-0.03801344848488751,-0.037888600000087536
83.799161,-0.037888600000087536,-0.03826860000003762,-0.03826544786630067,-0.038436268997711645,-0.037888600000087536
83.81916,-0.03883859999996275,-0.037852600000042,-0.0382483484262617,-0.03814384475528422,-0.037888600000087536
83.83916,-0.037888600000087536,-0.03819260000004761,-0.03817411809154114,-0.03820095431238686,-0.037888600000087536
83.85916,-0.036758599999984654,-0.03834460000002764,-0.03806192260845442,-0.038225056876492705,-0.03864859999998771
83.87916,-0.03958860000011555,-0.03792860000003202,-0.03794043282810537,-0.03796515011658493,-0.037888600000087536
83.89916,-0.03864859999998771,-0.03792860000003202,-0.03784434740035233,-0.03758382144526183,-0.037888600000087536
83.919159,-0.036758599999984654,-0.03777660000005199,-0.037807318642741894,-0.03773382144525678,-0.037888600000087536
83.93916,-0.037888600000087536,-0.03762660000002142,-0.03784976897464514,-0.03809312214455187,-0.037888600000087536
83.959159,-0.03599860000008448,-0.038042600000017045,-0.03796663852871662,-0.03808249277392389,-0.037888600000087536
83.979159,-0.03883859999996275,-0.03826860000003762,-0.03812479237856536,-0.03794862331003042,-0.037888600000087536
83.999159,-0.04072859999996581,-0.03808060000001205,-0.03827513227446229,-0.03812020839162962,-0.037888600000087536
84.019158,-0.037888600000087536,-0.0386105999999927,-0.03837294349014844,-0.038456362237771116,-0.03864859999998771
84.039158,-0.0369485999999597,-0.03842060000001766,-0.03839335896224708,-0.03848526666668048,-0.037888600000087536
84.059158,-0.03864859999998771,-0.038040600000022094,-0.03833451820505685,-0.038396362237777905,-0.037888600000087536
84.079158,-0.037888600000087536,-0.038040600000022094,-0.038212239007729826,-0.03812570955713386,-0.037888600000087536
84.099158,-0.038828599999988,-0.03815260000001217,-0.03805422422680447,-0.037977527738943494,-0.037888600000087536
84.119157,-0.037888600000087536,-0.03818860000001223,-0.03789671994160533,-0.03800428764568778,-0.037888600000087536
84.139157,-0.037508599999910075,-0.03796259999999165,-0.03778046429555402,-0.03787925268065579,-0.037888600000087536
84.159157,-0.038828599999988,-0.03754859999999098,-0.037742158704638505,-0.03767272587411564,-0.037508599999910075
84.179157,-0.036758599999984654,-0.03770059999997102,-0.03780171997153002,-0.03766750442886974,-0.037508599999910075
84.199157,-0.036758599999984654,-0.0379645999999866,-0.0379505981840331,-0.03787985874123383,-0.03864859999998771
84.219157,-0.03864859999998771,-0.037928599999986545,-0.038149242694731314,-0.03821235291373654,-0.03864859999998771
84.239156,-0.038828599999988,-0.03849460000001272,-0.03833921014064348,-0.03834484708627357,-0.03864859999998771
84.259156,-0.03864859999998771,-0.0387206000000333,-0.03846699177976166,-0.03848288904431946,-0.03864859999998771
84.279156,-0.03958860000011555,-0.038568600000053264,-0.03850801412170873,-0.038768296969740865,-0.03864859999998771
84.299156,-0.037888600000087536,-0.03853260000005321,-0.038477771386492596,-0.03843480046626802,-0.03864859999998771
84.319155,-0.037888600000087536,-0.03838060000007317,-0.03842409987478308,-0.0383405347320092,-0.037888600000087536
84.339155,-0.03864859999998771,-0.03804060000006757,-0.03840497672402074,-0.0384649170163785,-0.037888600000087536
84.359155,-0.037888600000087536,-0.03860860000004322,-0.03846314530506061,-0.03840137389281878,-0.037888600000087536
84.379155,-0.037888600000087536,-0.03876060000002326,-0.038608905180188245,-0.03843950909093667,-0.03864859999998771
84.399155,-0.04072859999996581,-0.03860860000004322,-0.03881686722256021,-0.03870813379957588,-0.037888600000087536
84.419154,-0.03864859999998771,-0.03894860000004883,-0.039035264396335013,-0.039053914685369936,-0.03864859999998771
84.439154,-0.037888600000087536,-0.03928860000005443,-0.039201884774635674,-0.03946356503502271,-0.03958860000011555
84.459154,-0.03958860000011555,-0.039212600000064414,-0.039261364654890586,-0.03934274918420608,-0.03958860000011555
84.479154,-0.03958860000011555,-0.039212600000064414,-0.03918148776315289,-0.03914146713292076,-0.03958860000011555
84.499154,-0.04034860000001572,-0.0388346000000638,-0.038965605823065935,-0.038660324941793923,-0.03958860000011555
84.519153,-0.03864859999998771,-0.03868260000003829,-0.038655114386831946,-0.03880384475530331,-0.038828599999988
84.539153,-0.03599860000008448,-0.03834260000003269,-0.03831744090196487,-0.03848929930072678,-0.03864859999998771
84.559153,-0.038828599999988,-0.03800260000002709,-0.038023497613160526,-0.03792365827508125,-0.03864859999998771
84.579153,-0.037888600000087536,-0.03762460000002647,-0.037825892180682934,-0.03773857668999206,-0.037888600000087536
84.599153,-0.03864859999998771,-0.03800260000002709,-0.037747174749486266,-0.037749532400965166,-0.037888600000087536
84.619153,-0.036758599999984654,-0.03796660000002703,-0.03777903451037044,-0.03769184009327276,-0.037888600000087536
84.639152,-0.037888600000087536,-0.03796660000002703,-0.037888188461340906,-0.0381506046620313,-0.037888600000087536
84.659152,-0.03864859999998771,-0.03762460000002647,-0.038025750106650755,-0.03787939254082339,-0.037888600000087536
84.679152,-0.037888600000087536,-0.03834260000003269,-0.03813912628684397,-0.038065616317027505,-0.037888600000087536
84.699152,-0.036938599999984945,-0.03815260000001217,-0.03818538338114875,-0.038291700233116205,-0.037888600000087536
84.719151,-0.04034860000001572,-0.03815260000001217,-0.038143723069402155,-0.03828228298369782,-0.037888600000087536
84.739151,-0.036938599999984945,-0.03815260000001217,-0.03802345804390107,-0.0379913039627178,-0.037888600000087536
84.759151,-0.03864859999998771,-0.03796460000003208,-0.03786314706067426,-0.03779072121215386,-0.037888600000087536
84.779151,-0.037888600000087536,-0.037472600000046444,-0.037718371008234795,-0.03760426433570346,-0.037888600000087536
84.799151,-0.03599860000008448,-0.03766260000006696,-0.037641029242563025,-0.037688296969765084,-0.037888600000087536
84.81915,-0.037888600000087536,-0.03751060000008692,-0.037658884413728735,-0.03762419440568656,-0.037888600000087536
84.83915,-0.037888600000087536,-0.03785060000009253,-0.03776548117387973,-0.03786999860150299,-0.037888600000087536
84.85915,-0.037888600000087536,-0.038228600000093135,-0.037925262476350294,-0.03788235291384148,-0.037888600000087536
84.87915,-0.03958860000011555,-0.03803860000007262,-0.03808971310858694,-0.03812678181824846,-0.037888600000087536
84.89915,-0.037888600000087536,-0.03819060000005266,-0.038214347954512,-0.038237411188876774,-0.037888600000087536
84.919149,-0.036938599999984945,-0.03819060000005266,-0.038268054666309496,-0.03813347179492102,-0.037888600000087536
84.939149,-0.03864859999998771,-0.03785060000004705,-0.03823405040693149,-0.0382896256410654,-0.037888600000087536
84.959149,-0.037888600000087536,-0.038038600000027144,-0.03810843804774081,-0.03819041818185454,-0.037888600000087536
84.979149,-0.037888600000087536,-0.038228600000047665,-0.0379019384204551,-0.0377213039627428,-0.037888600000087536
84.999149,-0.038828599999988,-0.037698600000067015,-0.037643994061675394,-0.03772351841498081,-0.037888600000087536
85.019149,-0.037888600000087536,-0.03732060000006641,-0.03738281259532612,-0.03747433426580568,-0.037888600000087536
85.039148,-0.03599860000008448,-0.03732060000006641,-0.037175512399476085,-0.037116408857877106,-0.037888600000087536
85.059148,-0.03599860000008448,-0.036942600000065794,-0.037069665570730895,-0.037070045221504914,-0.036938599999984945
85.079148,-0.037888600000087536,-0.036942600000065794,-0.037085683822095206,-0.03698447412594687,-0.036938599999984945
85.099148,-0.036938599999984945,-0.03732060000006641,-0.037210769937607815,-0.03722556969705013,-0.037888600000087536
85.119148,-0.037888600000087536,-0.037698600000067015,-0.03740765276527259,-0.03752333193478671,-0.037888600000087536
85.139147,-0.037888600000087536,-0.03785060000004705,-0.037631906333559034,-0.03778221305366612,-0.037888600000087536
85.159147,-0.037888600000087536,-0.037814600000046994,-0.03784778049571373,-0.03779389137532821,-0.037888600000087536
85.179147,-0.03864859999998771,-0.037814600000046994,-0.03803521245479991,-0.03787337855482194,-0.037888600000087536
85.199147,-0.036758599999984654,-0.03800260000002709,-0.038186919337560854,-0.03822419440563453,-0.037888600000087536
85.219146,-0.037888600000087536,-0.03834260000003269,-0.038300714925077986,-0.038419835431270276,-0.03864859999998771
85.239146,-0.038828599999988,-0.03834260000003269,-0.038374782238294526,-0.03833232960376543,-0.03864859999998771
85.259146,-0.03958860000011555,-0.038568600000053264,-0.038409816257799094,-0.038235359906786684,-0.03864859999998771
85.279146,-0.03864859999998771,-0.03834260000003269,-0.03841416687736474,-0.03839316876460522,-0.03864859999998771
85.299146,-0.037888600000087536,-0.03834260000003269,-0.03840422442073432,-0.03846370489514029,-0.03864859999998771
85.319145,-0.036758599999984654,-0.03834260000003269,-0.03839731570108895,-0.03839985874130374,-0.03864859999998771
85.339146,-0.038828599999988,-0.03819060000005266,-0.03840327094257487,-0.03842025501170682,-0.037888600000087536
85.359145,-0.03958860000011555,-0.03853060000005826,-0.03842333280924599,-0.038468250349697586,-0.038828599999988
85.379145,-0.037888600000087536,-0.03890860000005887,-0.038457892741882334,-0.0385843109557837,-0.038828599999988
85.399145,-0.03958860000011555,-0.03872060000007878,-0.03851532579990797,-0.038466851748330075,-0.03864859999998771
85.419144,-0.03864859999998771,-0.03838060000007317,-0.038612277050755615,-0.03861088438235841,-0.037888600000087536
85.439144,-0.037888600000087536,-0.03853260000005321,-0.03876236138729701,-0.038790185081631484,-0.03864859999998771
85.459144,-0.037888600000087536,-0.03887260000001334,-0.038959772592922055,-0.03899051142192905,-0.03864859999998771
85.479144,-0.03864859999998771,-0.039212600000018936,-0.039170026492788924,-0.038982958974381365,-0.03864859999998771
85.499144,-0.04128859999991619,-0.039212600000018936,-0.03933699591364313,-0.03901466060606974,-0.03864859999998771
85.519143,-0.04034860000001572,-0.039212600000018936,-0.039404153459117436,-0.039544917016345264,-0.03864859999998771
85.539143,-0.037888600000087536,-0.03962860000001456,-0.03933758680766217,-0.03969734125876681,-0.04034860000001572
85.559143,-0.037888600000087536,-0.03928860000005443,-0.03913876183985969,-0.03925995198138471,-0.03958860000011555
85.579143,-0.04072859999996581,-0.038570600000048215,-0.038844284295479765,-0.038792586014022114,-0.037888600000087536
85.599143,-0.03958860000011555,-0.03834460000002764,-0.03851629047933046,-0.03819328531472928,-0.037888600000087536
85.619143,-0.036758599999984654,-0.03853260000000773,-0.03822594537069575,-0.03810438088580922,-0.038828599999988
85.639143,-0.036758599999984654,-0.03796460000003208,-0.03803195698819411,-0.03837501025642312,-0.037888600000087536
85.659142,-0.038828599999988,-0.03777660000000651,-0.03796104360545982,-0.038046338927747905,-0.037888600000087536
85.679142,-0.037888600000087536,-0.03819060000000718,-0.038000263710978775,-0.0376922829836981,-0.03864859999998771
85.699142,-0.03864859999998771,-0.03818860000001223,-0.038105066314381444,-0.03801253939393354,-0.03864859999998771
85.719141,-0.038828599999988,-0.03815060000001722,-0.03821734877320896,-0.038330837762250325,-0.03863860000001296
85.739141,-0.0367486000000099,-0.038338599999997315,-0.03828422148347575,-0.03838671188812224,-0.03864859999998771
85.759141,-0.03863860000001296,-0.03818660000001728,-0.0382719155689855,-0.03845459067601356,-0.03863860000001296
85.779141,-0.038828599999988,-0.03814860000002227,-0.03817414579669876,-0.03816156037297949,-0.03863860000001296
85.799141,-0.037888600000087536,-0.0383766000000378,-0.03801488041705137,-0.03795498694642675,-0.03863860000001296
85.81914,-0.03863860000001296,-0.037696600000026594,-0.03784305644966845,-0.037733355244786444,-0.037888600000087536
85.83914,-0.037888600000087536,-0.037658600000031586,-0.03771686271418906,-0.037825756177166096,-0.037888600000087536
85.85914,-0.03523859999995693,-0.037582599999996094,-0.03768054435290531,-0.03751950909091681,-0.037888600000087536
85.87914,-0.03863860000001296,-0.0376205999999911,-0.037743778511180326,-0.037556921678322384,-0.037888600000087536
85.89914,-0.037508599999910075,-0.0376205999999911,-0.03787570480284932,-0.03777939254078118,-0.037888600000087536
85.919139,-0.038828599999988,-0.038338599999997315,-0.0380188391596501,-0.03819755104893919,-0.03863860000001296
85.93914,-0.037888600000087536,-0.038338599999997315,-0.03811650723663799,-0.038470488111884645,-0.03863860000001296
85.959139,-0.038828599999988,-0.03856460000001789,-0.038139721221205965,-0.03840477715619914,-0.03863860000001296
85.979139,-0.03863860000001296,-0.037998600000037186,-0.03809982422980783,-0.037936478787904904,-0.03863860000001296
85.999139,-0.03863860000001296,-0.03777060000002166,-0.038039841613465936,-0.037889625641061395,-0.03863860000001296
86.019138,-0.03599860000008448,-0.03777060000002166,-0.03800745063195943,-0.03780214312356125,-0.03863860000001296
86.039138,-0.0367486000000099,-0.03777060000002166,-0.038023123704594354,-0.03788090769231776,-0.03863860000001296
86.059138,-0.038828599999988,-0.03777060000002166,-0.038062450647897844,-0.03799626899769309,-0.03863860000001296
86.079138,-0.03863860000001296,-0.03814860000002227,-0.038065294918861785,-0.03791104755247745,-0.03863860000001296
86.099138,-0.03863860000001296,-0.0383766000000378,-0.037968117674928435,-0.03815125734270777,-0.03863860000001296
86.119138,-0.037888600000087536,-0.03781060000005709,-0.03774145797344876,-0.03812326200471475,-0.037888600000087536
86.139138,-0.037888600000087536,-0.03766060000007201,-0.03741255367793665,-0.03745687505834021,-0.037888600000087536
86.159137,-0.03599860000008448,-0.0369806000000608,-0.03706256454996661,-0.03714545314690849,-0.037888600000087536
86.179137,-0.037888600000087536,-0.03675260000004528,-0.036800583543127575,-0.03682584941729282,-0.0367486000000099
86.199137,-0.03523859999995693,-0.03694060000002537,-0.036725670702473234,-0.03656337855481098,-0.0367486000000099
86.219136,-0.0367486000000099,-0.03694060000002537,-0.03689119162775551,-0.036649509090939246,-0.0367486000000099
86.239136,-0.038828599999988,-0.03694060000002537,-0.03728349815468685,-0.03710755104898071,-0.0367486000000099
86.259136,-0.03599860000008448,-0.03781060000005709,-0.037821401965229616,-0.03786549976695032,-0.037888600000087536
86.279136,-0.037888600000087536,-0.03852860000006331,-0.03837683035734457,-0.03841820372966284,-0.038828599999988
86.299136,-0.03958860000011555,-0.03868060000008881,-0.038812274370775966,-0.03924032494180246,-0.03958860000011555
86.319135,-0.04033860000004097,-0.03924660000006952,-0.039025415888927315,-0.03909568624716323,-0.03958860000011555
86.339135,-0.03958860000011555,-0.03924660000006952,-0.03898506359056808,-0.038787224708710384,-0.03958860000011555
86.359135,-0.038828599999988,-0.03852860000006331,-0.038741228366139656,-0.03885922937069491,-0.038828599999988
86.379135,-0.037888600000087536,-0.03803860000007262,-0.0384019582999731,-0.03835936923082689,-0.037888600000087536
86.399135,-0.03599860000008448,-0.03788660000004711,-0.038086788113200626,-0.03788197995343448,-0.037888600000087536
86.419134,-0.037888600000087536,-0.037698600000067015,-0.03787977814181953,-0.037486408857868345,-0.037888600000087536
86.439134,-0.038828599999988,-0.037698600000067015,-0.03780465615219286,-0.037692352913815556,-0.037888600000087536
86.459134,-0.037888600000087536,-0.03807660000006763,-0.03783074863227412,-0.03813288904436836,-0.037888600000087536
86.479134,-0.037888600000087536,-0.03841660000007323,-0.0379014043196027,-0.038170977622459884,-0.037888600000087536
86.499134,-0.037888600000087536,-0.038228600000093135,-0.037967840778074385,-0.0381557095571885,-0.037888600000087536
86.519133,-0.03958860000011555,-0.03785060000009253,-0.0380130223844063,-0.03800666526815533,-0.037888600000087536
86.539133,-0.037888600000087536,-0.038000600000077614,-0.038056876182254146,-0.03787764428913838,-0.037888600000087536
86.559133,-0.03599860000008448,-0.038340600000083214,-0.03814224965796221,-0.0384141944056737,-0.03863860000001296
86.579133,-0.03863860000001296,-0.03815060000006269,-0.03830974210263675,-0.038386688578147754,-0.03863860000001296
86.599133,-0.03958860000011555,-0.038640600000053385,-0.03857465684390033,-0.0382782037296506,-0.03863860000001296
86.619133,-0.03863860000001296,-0.038790600000038464,-0.038915742432419846,-0.03840596596740827,-0.03863860000001296
86.639132,-0.04033860000004097,-0.038980600000058985,-0.03927665063008789,-0.03938004522151342,-0.03958860000011555
86.659132,-0.0367486000000099,-0.0393586000000596,-0.039576750507501125,-0.03972899627045585,-0.03958860000011555
86.679132,-0.03958860000011555,-0.03992660000008073,-0.03973055247931405,-0.039897411188874875,-0.04033860000004097
86.699132,-0.041478600000118604,-0.03936060000005455,-0.03967626556664637,-0.03971566293713657,-0.03958860000011555
86.719131,-0.041478600000118604,-0.03992860000007568,-0.03940678545308214,-0.039415546387020356,-0.03958860000011555
86.739131,-0.037508599999910075,-0.039210600000069463,-0.0389864470455522,-0.03889794731939725,-0.03958860000011555
86.759131,-0.03958860000011555,-0.03841660000002776,-0.03853791721499451,-0.038925220046657834,-0.037508599999910075
86.779131,-0.03599860000008448,-0.03784860000000663,-0.03819951544006455,-0.03828969557111714,-0.037508599999910075
86.799131,-0.037508599999910075,-0.03826460000004772,-0.03807174827223698,-0.03766288904431742,-0.03863860000001296
86.81913,-0.03863860000001296,-0.03792460000004212,-0.03817833324291604,-0.03767771421916029,-0.037888600000087536
86.83913,-0.03958860000011555,-0.03830260000004273,-0.03845815160594795,-0.03844843682990176,-0.037888600000087536
86.85913,-0.037888600000087536,-0.038868600000068906,-0.03878857736145258,-0.03891652540797349,-0.03863860000001296
86.87913,-0.037888600000087536,-0.03928460000006453,-0.03902896328861957,-0.039377481118928234,-0.03958860000011555
86.89913,-0.04033860000004097,-0.039094600000044014,-0.03907011259691596,-0.039272352913814756,-0.03863860000001296
86.919129,-0.040718599999991056,-0.038866600000028485,-0.038875843476792335,-0.03886773752917416,-0.03863860000001296
86.939129,-0.03863860000001296,-0.038866600000028485,-0.03850188725496653,-0.03850957902099929,-0.03863860000001296
86.959129,-0.0367486000000099,-0.03814860000002227,-0.038080707655607726,-0.038243168764601265,-0.037888600000087536
86.979129,-0.037888600000087536,-0.037582600000041565,-0.037773961511091574,-0.03768668857812895,-0.037888600000087536
86.999129,-0.0367486000000099,-0.03743260000005648,-0.03771076124501109,-0.037412562704001395,-0.037888600000087536
87.019129,-0.037888600000087536,-0.0378486000000521,-0.037937244233495586,-0.03756633892779271,-0.037888600000087536
87.039128,-0.037888600000087536,-0.03841460000003281,-0.03839718944853575,-0.03841246946392344,-0.037888600000087536
87.059128,-0.038828599999988,-0.038982600000053935,-0.03895023305671331,-0.039121000932448455,-0.038828599999988
87.079128,-0.040718599999991056,-0.03954860000003464,-0.03942032973455495,-0.03961974219117498,-0.03958860000011555
87.099128,-0.03958860000011555,-0.039736600000014735,-0.03965640266009608,-0.039824054545472345,-0.03958860000011555
87.119128,-0.040718599999991056,-0.039736600000014735,-0.03958270928803814,-0.03975657202797364,-0.03958860000011555
87.139127,-0.038828599999988,-0.03898060000001351,-0.03922061896963451,-0.0393084135198246,-0.038828599999988
87.159127,-0.038828599999988,-0.03864060000000791,-0.03867511361820923,-0.03826832027974334,-0.038828599999988
87.179127,-0.036938599999984945,-0.037696600000026594,-0.038093377455597634,-0.03784135058277731,-0.037888600000087536
87.199127,-0.037888600000087536,-0.03728060000003097,-0.03761327265595924,-0.037540837762255225,-0.036938599999984945
87.219126,-0.03599860000008448,-0.037582600000041565,-0.037322190288844516,-0.03727626899770464,-0.036938599999984945
87.239126,-0.0367486000000099,-0.03754460000004656,-0.037240966194783884,-0.03742179347323854,-0.0367486000000099
87.259126,-0.04033860000004097,-0.03754460000004656,-0.03733552964008141,-0.03754764428909757,-0.0367486000000099
87.279126,-0.0367486000000099,-0.03792260000004717,-0.03754556402407383,-0.03775545314691972,-0.037888600000087536
87.299126,-0.037888600000087536,-0.03815060000006269,-0.037812189683704846,-0.03777992867138115,-0.037888600000087536
87.319125,-0.037888600000087536,-0.03766060000007201,-0.038091188620898796,-0.038080627972085,-0.037888600000087536
87.339125,-0.037888600000087536,-0.03807660000006763,-0.038350968883991685,-0.038201070862551874,-0.037888600000087536
87.359125,-0.037888600000087536,-0.03841660000007323,-0.038564716897742074,-0.038469252680728656,-0.037888600000087536
87.379125,-0.038828599999988,-0.038756600000078835,-0.03870742370510556,-0.03869967226114313,-0.038828599999988
87.399125,-0.03958860000011555,-0.03894460000005893,-0.03876204704820318,-0.03862449743597578,-0.038828599999988
87.419124,-0.03958860000011555,-0.038566600000058314,-0.03873013415354854,-0.03881144382290598,-0.038828599999988
87.439124,-0.038828599999988,-0.03871860000008383,-0.038637001424654475,-0.03892426433572574,-0.03958860000011555
87.459124,-0.03599860000008448,-0.03868060000004334,-0.03852472998801638,-0.03856121072265646,-0.03939859999991313
87.479124,-0.03958860000011555,-0.038340600000037736,-0.0384357012816421,-0.038387434498879075,-0.038828599999988
87.499124,-0.03939859999991313,-0.03796260000003713,-0.038396120512388526,-0.0380990662004947,-0.037888600000087536
87.519123,-0.037888600000087536,-0.03868060000004334,-0.03840689407281075,-0.038263984615422866,-0.03939859999991313
87.539123,-0.036938599999984945,-0.038340600000037736,-0.03844322096831698,-0.03849743449889232,-0.037888600000087536
87.559123,-0.03958860000011555,-0.03837860000007822,-0.03846214831886093,-0.03875755104902048,-0.037888600000087536
87.579123,-0.037888600000087536,-0.03837860000007822,-0.03841780362023707,-0.038350348251830806,-0.037888600000087536
87.599123,-0.03958860000011555,-0.03856860000009874,-0.03828109440179781,-0.03826885641035232,-0.037888600000087536
87.619123,-0.037888600000087536,-0.03803860000007262,-0.038055569621986286,-0.03803880979028124,-0.037888600000087536
87.639122,-0.037888600000087536,-0.0378486000000521,-0.03778051607187359,-0.037917131468595294,-0.037888600000087536
87.659122,-0.036938599999984945,-0.03728060000003097,-0.03751852382341756,-0.037410837762262256,-0.036938599999984945
87.679122,-0.036938599999984945,-0.03743060000001606,-0.03733339052499194,-0.03727820372961912,-0.036938599999984945
87.699122,-0.0367486000000099,-0.03724059999999554,-0.037269247760560634,-0.03710153706294533,-0.036938599999984945
87.719121,-0.03863860000001296,-0.03743060000001606,-0.03733996933406724,-0.03757703822844485,-0.036938599999984945
87.739121,-0.036938599999984945,-0.03777060000002166,-0.037530942890675156,-0.0375881104895109,-0.037888600000087536
87.759121,-0.037888600000087536,-0.03818660000001728,-0.037808507806318385,-0.0378402083916221,-0.03863860000001296
87.779121,-0.03863860000001296,-0.037808600000016665,-0.03813027443099582,-0.03809218974361387,-0.037888600000087536
87.799121,-0.038828599999988,-0.038338600000042786,-0.038451984146446856,-0.03842577948722742,-0.03863860000001296
87.81912,-0.0367486000000099,-0.03867860000004839,-0.03873063086899274,-0.03867428764574257,-0.038828599999988
87.83912,-0.03958860000011555,-0.038868600000068906,-0.03892704959572118,-0.03902860000006298,-0.03958860000011555
87.85912,-0.03958860000011555,-0.038868600000068906,-0.03901177556074771,-0.03898699160845576,-0.03958860000011555
87.87912,-0.03958860000011555,-0.039096600000084435,-0.03897380248283613,-0.0387288331003109,-0.03958860000011555
87.89912,-0.038828599999988,-0.038756600000078835,-0.038826247024315724,-0.03895573286722029,-0.038828599999988
87.919119,-0.037888600000087536,-0.03841660000007323,-0.038602780975134275,-0.03878647878796423,-0.037888600000087536
87.939119,-0.037888600000087536,-0.03841660000007323,-0.038345372646561834,-0.03812379813528132,-0.037888600000087536
87.959119,-0.037888600000087536,-0.03785060000009253,-0.038090669114499015,-0.038081234032713386,-0.037888600000087536
87.979119,-0.03958860000011555,-0.03785060000009253,-0.03786252245484947,-0.03778554638702709,-0.037888600000087536
87.999119,-0.03599860000008448,-0.038000600000077614,-0.03767239003931461,-0.03777293566443071,-0.037888600000087536
88.019119,-0.037888600000087536,-0.037622600000077,-0.03752406951524159,-0.037547970629451706,-0.037888600000087536
88.039118,-0.03863860000001296,-0.0372826000000714,-0.03741858845650123,-0.0376019100233747,-0.037888600000087536
88.059118,-0.03599860000008448,-0.03743260000005648,-0.03735704199458039,-0.037260208391669214,-0.037888600000087536
88.079118,-0.037888600000087536,-0.037582600000041565,-0.03734087647109098,-0.037117201398650684,-0.037888600000087536
88.099118,-0.0367486000000099,-0.03705460000005587,-0.037370618506230295,-0.037634310955754244,-0.0367486000000099
88.119117,-0.03863860000001296,-0.03762060000003657,-0.03744504713049671,-0.03741405454549,-0.037888600000087536
88.139117,-0.03599860000008448,-0.03777060000002166,-0.037561938718136345,-0.037561746853169826,-0.03863860000001296
88.159117,-0.038828599999988,-0.03777060000002166,-0.037719633619429864,-0.03761480046621034,-0.03863860000001296
88.179117,-0.03863860000001296,-0.03777060000002166,-0.03791766438695117,-0.03794981212122895,-0.03863860000001296
88.199117,-0.0367486000000099,-0.03814660000002732,-0.038154967432386,-0.03823911282056616,-0.03863860000001296
88.219116,-0.03863860000001296,-0.03867660000005344,-0.038425971654773454,-0.038403495104959544,-0.03863860000001296
88.239116,-0.03787860000011278,-0.038524600000073406,-0.0387174573588879,-0.038952446153897355,-0.03787860000011278
88.259116,-0.041478600000118604,-0.03909060000005411,-0.03900916277414346,-0.03882531328676057,-0.03863860000001296
88.279116,-0.03787860000011278,-0.039278600000034206,-0.03927719503167323,-0.03923009184152947,-0.03957859999991342
88.299116,-0.03957859999991342,-0.039430600000014235,-0.03949615757098568,-0.03941009184151598,-0.03957859999991342
88.319115,-0.03957859999991342,-0.039202599999998713,-0.03963844173067465,-0.039428436829848576,-0.03957859999991342
88.339115,-0.03863860000001296,-0.03939259999997376,-0.03967456890738574,-0.0397743342657133,-0.03957859999991342
88.359115,-0.04033860000004097,-0.03962059999998928,-0.03958003558376643,-0.03947689836825719,-0.03957859999991342
88.379115,-0.038828599999988,-0.03962059999998928,-0.03934955260716343,-0.039698063869438305,-0.03957859999991342
88.399115,-0.040718599999991056,-0.03924259999998867,-0.039012234393312466,-0.03914783076922698,-0.03957859999991342
88.419114,-0.03957859999991342,-0.038750600000003035,-0.038636350354054154,-0.03852216643357665,-0.038828599999988
88.439114,-0.0367486000000099,-0.038334600000007414,-0.038314393442808584,-0.038325173426590746,-0.03787860000011278
88.459114,-0.03787860000011278,-0.03776660000003176,-0.03812987563975446,-0.03793988205132077,-0.03787860000011278
88.479114,-0.0367486000000099,-0.03791860000005727,-0.038120764161400846,-0.03812591934735584,-0.03787860000011278
88.499114,-0.03787860000011278,-0.03829660000005788,-0.03826017171084391,-0.0381170615384992,-0.03787860000011278
88.519114,-0.04033860000004097,-0.03863660000001801,-0.0384666974736067,-0.038399299300752074,-0.03863860000001296
88.539113,-0.03863860000001296,-0.038862600000038584,-0.038639633810695746,-0.038845686247121314,-0.03863860000001296
88.559113,-0.03957859999991342,-0.038862600000038584,-0.03870024036763234,-0.038829998601426635,-0.03863860000001296
88.579113,-0.03787860000011278,-0.03852260000003298,-0.03861891005439743,-0.038961676923120185,-0.03863860000001296
88.599113,-0.03787860000011278,-0.03837060000005295,-0.038418702653857925,-0.03839074452219399,-0.03787860000011278
88.619112,-0.03863860000001296,-0.03803060000009282,-0.038159070981461,-0.03768363496512704,-0.03787860000011278
88.639112,-0.03787860000011278,-0.037652600000092205,-0.03791064058286626,-0.03766720139870263,-0.03787860000011278
88.659112,-0.03787860000011278,-0.037652600000092205,-0.037731283228885505,-0.03777323869473775,-0.03787860000011278
88.679112,-0.03598860000010973,-0.0378406000000723,-0.037650328961912755,-0.03798694498841117,-0.03787860000011278
88.699112,-0.03787860000011278,-0.037992600000052335,-0.03766513641317748,-0.03776025501170787,-0.03787860000011278
88.719111,-0.03957859999991342,-0.03776660000003176,-0.0377504772165697,-0.03765489370633432,-0.03787860000011278
88.739111,-0.03863860000001296,-0.03791860000001179,-0.03787438194886887,-0.03788964895104967,-0.03787860000011278
88.759111,-0.0367486000000099,-0.038108599999986836,-0.03800941448836547,-0.03797601258740991,-0.03863860000001296
88.779111,-0.0367486000000099,-0.03795860000000175,-0.038133128766034724,-0.03817307552447193,-0.03863860000001296
88.799111,-0.038828599999988,-0.037806600000021715,-0.03822283635052631,-0.03818051142191661,-0.03787860000011278
88.81911,-0.038828599999988,-0.038222600000017336,-0.03825537206064137,-0.03804438088579852,-0.038828599999988
88.83911,-0.03787860000011278,-0.03860060000001795,-0.03821626505443801,-0.038301210722632366,-0.038828599999988
88.85911,-0.038828599999988,-0.03818460000002233,-0.0381123751638568,-0.03819773752917661,-0.03863860000001296
88.87911,-0.03863860000001296,-0.037994600000047285,-0.0379778983713129,-0.038069206060640515,-0.03787860000011278
88.89911,-0.0367486000000099,-0.03776860000002671,-0.03786753000219531,-0.037830767832196896,-0.03787860000011278
88.91911,-0.03787860000011278,-0.03791860000001179,-0.03783837373225797,-0.037863634965055244,-0.03787860000011278
88.939109,-0.0367486000000099,-0.03791860000001179,-0.037929085076613155,-0.03811244615384246,-0.03787860000011278
88.959109,-0.03957859999991342,-0.03829660000001241,-0.03814629696732471,-0.03789694498834477,-0.03863860000001296
88.979109,-0.03863860000001296,-0.03848659999998745,-0.03846308720167137,-0.03833456736596786,-0.03863860000001296
88.999109,-0.03863860000001296,-0.03871460000000297,-0.03882670223542588,-0.03888666526807584,-0.03863860000001296
89.019109,-0.038828599999988,-0.039094600000044014,-0.03916996514235754,-0.039225849417282924,-0.03863860000001296
89.039108,-0.037888600000087536,-0.03928460000006453,-0.039424185033986384,-0.03948890303037465,-0.038828599999988
89.059108,-0.041478600000118604,-0.03947460000008505,-0.03953488976983927,-0.03943834358982732,-0.03958860000011555
89.079108,-0.03958860000011555,-0.03943660000009004,-0.03947933215211414,-0.03954333193480923,-0.03958860000011555
89.099108,-0.03958860000011555,-0.039624600000070134,-0.039278555555872126,-0.03940638554786304,-0.03958860000011555
89.119107,-0.03863860000001296,-0.03890660000006392,-0.038994940757701504,-0.03898121072268258,-0.038828599999988
89.139107,-0.038828599999988,-0.038566600000058314,-0.03871252162836093,-0.03864657202803068,-0.03863860000001296
89.159107,-0.037888600000087536,-0.038226600000052714,-0.03850708120165873,-0.038312073193533656,-0.037888600000087536
89.179107,-0.037888600000087536,-0.03841660000007323,-0.03841893246897209,-0.03839456736604322,-0.037888600000087536
89.199107,-0.037888600000087536,-0.03856860000009874,-0.038440528062564865,-0.038417178088666286,-0.037888600000087536
89.219106,-0.03958860000011555,-0.03856860000009874,-0.038524438452835895,-0.03862358834508224,-0.037888600000087536
89.239106,-0.03958860000011555,-0.03871860000008383,-0.03860732027033814,-0.038629882051375956,-0.03863860000001296
89.259106,-0.037888600000087536,-0.038868600000068906,-0.0386374144553841,-0.03877811048957996,-0.03863860000001296
89.279106,-0.03863860000001296,-0.03852860000006331,-0.03859262269985948,-0.03871575617721347,-0.03863860000001296
89.299106,-0.03863860000001296,-0.038338600000042786,-0.03848346662495928,-0.038521700233149256,-0.03863860000001296
89.319105,-0.037888600000087536,-0.038338600000042786,-0.038343694745402654,-0.03819594265738733,-0.03863860000001296
89.339105,-0.03863860000001296,-0.03818860000005771,-0.038215163992488276,-0.037956432167879986,-0.037888600000087536
89.359105,-0.037888600000087536,-0.03803860000007262,-0.03813310204164407,-0.03802111748257954,-0.037888600000087536
89.379105,-0.037888600000087536,-0.03803860000007262,-0.03811606401219274,-0.038172049883533676,-0.037888600000087536
89.399105,-0.037888600000087536,-0.038228600000093135,-0.03816339160444481,-0.03827149044299242,-0.037888600000087536
89.419104,-0.037888600000087536,-0.03856860000009874,-0.03826117973227652,-0.03853034825184223,-0.037888600000087536
89.439104,-0.03958860000011555,-0.03856860000009874,-0.038394392085032675,-0.038464963636456274,-0.037888600000087536
89.459104,-0.03958860000011555,-0.038756600000078835,-0.038558235264061914,-0.038523518415010026,-0.038828599999988
89.479104,-0.037888600000087536,-0.038756600000078835,-0.03875992073412129,-0.038770021911498545,-0.038828599999988
89.499104,-0.038828599999988,-0.038756600000078835,-0.039006814260955626,-0.03882948578095274,-0.038828599999988
89.519103,-0.037888600000087536,-0.038982600000053935,-0.03928733915310133,-0.039352282983762976,-0.038828599999988
89.539103,-0.03958860000011555,-0.039322600000059535,-0.03955860209303865,-0.03941032494179196,-0.03958860000011555
89.559103,-0.040718599999991056,-0.039852600000085656,-0.039752095678924855,-0.0395067118881608,-0.03958860000011555
89.579103,-0.03958860000011555,-0.039776600000050163,-0.03979725358294834,-0.039842958974406435,-0.03958860000011555
89.599102,-0.041478600000118604,-0.03958660000002965,-0.03965096316547859,-0.03989608251753418,-0.03958860000011555
89.619102,-0.037508599999910075,-0.03936060000005455,-0.03931790233984872,-0.039429742191190394,-0.03958860000011555
89.639102,-0.03863860000001296,-0.03902060000004894,-0.0388531108693575,-0.03879302890447343,-0.03863860000001296
89.659102,-0.03958860000011555,-0.03792460000004212,-0.03834816933640831,-0.03836200326346381,-0.037888600000087536
89.679102,-0.037888600000087536,-0.03815060000006269,-0.037907915628497865,-0.037899485780939046,-0.03863860000001296
89.699102,-0.03599860000008448,-0.038000600000077614,-0.0376244493190243,-0.03744062797207902,-0.037888600000087536
89.719101,-0.03863860000001296,-0.03743260000005648,-0.03755407312107593,-0.03768267925414512,-0.037888600000087536
89.739101,-0.037888600000087536,-0.037582600000041565,-0.037702923195719856,-0.037748693240155146,-0.037888600000087536
89.759101,-0.0367486000000099,-0.03830060000004778,-0.03802567194276544,-0.03784100093245292,-0.03863860000001296
89.779101,-0.03863860000001296,-0.0384906000000683,-0.03843823740095319,-0.03845020839165665,-0.03863860000001296
89.799101,-0.03958860000011555,-0.038640600000053385,-0.03884183421561163,-0.03911955571101007,-0.03863860000001296
89.819101,-0.03958860000011555,-0.0393586000000596,-0.03915194928286969,-0.0392301850816511,-0.03958860000011555
89.8391,-0.03863860000001296,-0.03954860000008011,-0.03932250621017482,-0.0392191594406358,-0.03958860000011555
89.8591,-0.04033860000004097,-0.03920860000007451,-0.03935601877591703,-0.03935249277396959,-0.03958860000011555
89.8791,-0.03958860000011555,-0.038868600000068906,-0.03929596991948257,-0.03925170023317924,-0.03863860000001296
89.8991,-0.037888600000087536,-0.03928460000006453,-0.039204882921478064,-0.03916778414925242,-0.03958860000011555
89.919099,-0.037888600000087536,-0.03913460000007944,-0.039137669894592844,-0.039063937995395495,-0.03958860000011555
89.939099,-0.040718599999991056,-0.03894460000005893,-0.039122329402971605,-0.03899901958048569,-0.03863860000001296
89.959099,-0.03958860000011555,-0.039094600000044014,-0.03915573163019143,-0.03903983543129813,-0.03863860000001296
89.979099,-0.03863860000001296,-0.03943460000004961,-0.039212833342278715,-0.0392382037296442,-0.03958860000011555
89.999099,-0.03863860000001296,-0.0393586000000596,-0.039261518041939635,-0.03953484708629599,-0.03958860000011555
90.019099,-0.03958860000011555,-0.039206600000034085,-0.03927671627236622,-0.03964720139865337,-0.038828599999988
90.039098,-0.04033860000004097,-0.039396600000054606,-0.03925099699469567,-0.03911678181822462,-0.03958860000011555
90.059098,-0.038828599999988,-0.03943460000004961,-0.039198772641595034,-0.038907784149211894,-0.03958860000011555
90.079098,-0.03958860000011555,-0.03890460000002349,-0.03915042506819882,-0.039084823776262996,-0.038828599999988
90.099098,-0.038828599999988,-0.03875460000003841,-0.03913634508863439,-0.0392829589744057,-0.038828599999988
90.119097,-0.036938599999984945,-0.03928460000006453,-0.03916818800619183,-0.03909612913757798,-0.03958860000011555
90.139097,-0.03958860000011555,-0.03928460000006453,-0.039229195723721876,-0.03914403123551072,-0.03958860000011555
90.159097,-0.041478600000118604,-0.039096600000084435,-0.039281420806653554,-0.03938960233109093,-0.03958860000011555
90.179097,-0.03958860000011555,-0.039626600000110555,-0.039285852984921016,-0.03920496363644722,-0.03958860000011555
90.199097,-0.037888600000087536,-0.03943660000009004,-0.039221489102476935,-0.039363588345089615,-0.03958860000011555
90.219096,-0.03958860000011555,-0.03871860000008383,-0.039091396583091256,-0.03925657202807689,-0.03863860000001296
90.239096,-0.03863860000001296,-0.03871860000008383,-0.03891534987786219,-0.03877323869472046,-0.03863860000001296
90.259096,-0.037888600000087536,-0.03871860000008383,-0.038717612004537855,-0.03845307552454888,-0.03863860000001296
90.279096,-0.03958860000011555,-0.03852860000006331,-0.03851847685204843,-0.03851424102571101,-0.03863860000001296
90.299096,-0.037888600000087536,-0.03837860000007822,-0.03833271988826672,-0.03840202657350639,-0.037888600000087536
90.319095,-0.03863860000001296,-0.03837860000007822,-0.038172666460374295,-0.038306082517559695,-0.037888600000087536
90.339095,-0.037888600000087536,-0.03803860000007262,-0.0380512376454213,-0.03821936923083956,-0.037888600000087536
90.359095,-0.037888600000087536,-0.038226600000052714,-0.037981595859118214,-0.037936502097952005,-0.037888600000087536
90.379095,-0.037888600000087536,-0.0378486000000521,-0.03797307076584811,-0.03779629230774481,-0.037888600000087536
90.399095,-0.038828599999988,-0.0378486000000521,-0.038025433018013595,-0.038003285314743104,-0.037888600000087536
90.419095,-0.0367486000000099,-0.03818860000005771,-0.038124512645400455,-0.03821901958048178,-0.037888600000087536
90.439094,-0.037888600000087536,-0.038338600000042786,-0.038242325770335206,-0.038327061538501656,-0.03863860000001296
90.459094,-0.03958860000011555,-0.03830060000004778,-0.03834393858556265,-0.038118786480224015,-0.03863860000001296
90.479094,-0.03863860000001296,-0.038338600000042786,-0.03839973141096221,-0.038325313286748805,-0.03863860000001296
90.499094,-0.03863860000001296,-0.038338600000042786,-0.038397077901903325,-0.03842694498838892,-0.03863860000001296
90.519094,-0.036938599999984945,-0.03848860000002787,-0.03834505982955227,-0.03862307552451718,-0.03863860000001296
90.539093,-0.037888600000087536,-0.038338600000042786,-0.038271258761532596,-0.038352586014031645,-0.037888600000087536
90.559093,-0.04033860000004097,-0.03818860000005771,-0.03821457539775726,-0.03820981212126047,-0.037888600000087536
90.579093,-0.037888600000087536,-0.03837860000007822,-0.038216551033522804,-0.038095010256479205,-0.037888600000087536
90.599092,-0.037888600000087536,-0.03852860000006331,-0.03830948722615269,-0.03813433426581364,-0.037888600000087536
90.619092,-0.037888600000087536,-0.03803860000007262,-0.03850092108221555,-0.03861417109564742,-0.037888600000087536
90.639092,-0.03863860000001296,-0.03852860000006331,-0.038760830058366995,-0.038795639627091864,-0.037888600000087536
90.659092,-0.037888600000087536,-0.039094600000044014,-0.03902184560311443,-0.03869901958046189,-0.03863860000001296
90.679092,-0.04033860000004097,-0.03924460000002909,-0.03919797725997002,-0.03938652540796135,-0.03863860000001296
90.699092,-0.040718599999991056,-0.039094600000044014,-0.0392165470120605,-0.03931391468535375,-0.03863860000001296
90.719091,-0.03863860000001296,-0.03943460000004961,-0.039048710761502556,-0.03908769090913933,-0.03958860000011555
90.739091,-0.037888600000087536,-0.038566600000058314,-0.03872329844652166,-0.03864491701638727,-0.03863860000001296
90.759091,-0.03958860000011555,-0.038000600000077614,-0.03831800436595647,-0.03827034825182502,-0.037888600000087536
90.779091,-0.03599860000008448,-0.03785060000009253,-0.03793408226328334,-0.037952376223859725,-0.037888600000087536
90.799091,-0.037888600000087536,-0.038000600000077614,-0.037667125577679546,-0.03776333193480618,-0.037888600000087536
90.81909,-0.037888600000087536,-0.0378486000000521,-0.03758498398652396,-0.037734497435952793,-0.037888600000087536
90.83909,-0.03863860000001296,-0.037998600000037186,-0.03771703963232645,-0.03762111748255592,-0.037888600000087536
90.85909,-0.038828599999988,-0.037998600000037186,-0.03805155983873022,-0.03777335524479093,-0.037888600000087536
90.87909,-0.0367486000000099,-0.038338600000042786,-0.03853571149459208,-0.03868967226111856,-0.03863860000001296
90.89909,-0.037888600000087536,-0.03890660000006392,-0.039078619837356283,-0.03914470722617652,-0.038828599999988
90.919089,-0.03958860000011555,-0.03943660000009004,-0.03956499459949806,-0.039640511421993006,-0.03958860000011555
90.939089,-0.041478600000118604,-0.04000460000011117,-0.039884700088111395,-0.039716735198231566,-0.03958860000011555
90.959089,-0.041478600000118604,-0.040154600000096255,-0.039970620742231226,-0.0399961058276113,-0.03958860000011555
90.979089,-0.03958860000011555,-0.03981460000009065,-0.03982522724917847,-0.03997020839170823,-0.03958860000011555
90.999089,-0.03863860000001296,-0.03943660000009004,-0.03951883448625637,-0.03958855338005325,-0.03958860000011555
91.019088,-0.037888600000087536,-0.03871860000008383,-0.03915938285390917,-0.03905780745930111,-0.03863860000001296
91.039088,-0.03958860000011555,-0.03871860000008383,-0.03885057407148946,-0.03879554638702748,-0.03863860000001296
91.059088,-0.037888600000087536,-0.038756600000078835,-0.038659139075171024,-0.03828808717954566,-0.038828599999988
91.079088,-0.03958860000011555,-0.03894460000005893,-0.03860263087468746,-0.03853876317021205,-0.038828599999988
91.099088,-0.038828599999988,-0.0383766000000378,-0.038656290214819145,-0.03893246946392287,-0.038828599999988
91.119087,-0.038828599999988,-0.039094600000044014,-0.03877024736376135,-0.03910531328675855,-0.038828599999988
91.139087,-0.0367486000000099,-0.039094600000044014,-0.038888683226843204,-0.03893246946392287,-0.038828599999988
91.159087,-0.041478600000118604,-0.03890660000006392,-0.038966568111682504,-0.03889936923082406,-0.038828599999988
91.179087,-0.03958860000011555,-0.03871860000008383,-0.038981383217985284,-0.038783984615456214,-0.037888600000087536
91.199087,-0.037888600000087536,-0.039096600000084435,-0.038936014687775265,-0.038870581352073344,-0.03863860000001296
91.219086,-0.037888600000087536,-0.03871860000008383,-0.0388507166808612,-0.0389403715618543,-0.03863860000001296
91.239086,-0.03863860000001296,-0.03852860000006331,-0.03874910398162756,-0.038857014918489224,-0.03863860000001296
91.259086,-0.03958860000011555,-0.03867860000004839,-0.03864789965067563,-0.03840575617720484,-0.03863860000001296
91.279086,-0.03863860000001296,-0.03867860000004839,-0.038555765115830934,-0.03856370489514592,-0.03863860000001296
91.299086,-0.03863860000001296,-0.03867860000004839,-0.03847783562573538,-0.03846020839165473,-0.03863860000001296
91.319085,-0.037888600000087536,-0.038338600000042786,-0.038419128368958194,-0.038721490442937496,-0.03863860000001296
91.339085,-0.03863860000001296,-0.038224600000057764,-0.03838372975700145,-0.038217574359037026,-0.03806860000008783
91.359085,-0.037888600000087536,-0.038564600000063363,-0.03837192840117991,-0.03828111748256706,-0.03806860000008783
91.379085,-0.03806860000008783,-0.038186600000062756,-0.03837915415798237,-0.03854487039634043,-0.03806860000008783
91.399085,-0.04033860000004097,-0.03860260000005837,-0.03839832218920644,-0.0383684368299124,-0.03806860000008783
91.419084,-0.03599860000008448,-0.03860060000006342,-0.03842364944306224,-0.038512282983728226,-0.03806860000008783
91.439084,-0.040718599999991056,-0.03837460000004285,-0.03845236578950623,-0.03847442750586232,-0.03787860000011278
91.459084,-0.03787860000011278,-0.038222600000017336,-0.038482298340196223,-0.03817503356645471,-0.03787860000011278
91.479084,-0.036938599999984945,-0.038598600000023,-0.038506743257138175,-0.03848643216786636,-0.03787860000011278
91.499084,-0.03957859999991342,-0.03803060000004734,-0.03851116021388603,-0.03851703822848684,-0.03787860000011278
91.519083,-0.03787860000011278,-0.038750600000048506,-0.03847677373053533,-0.038641303962755245,-0.03787860000011278
91.539083,-0.03787860000011278,-0.0387126000000535,-0.038392281558354606,-0.038295010256474055,-0.03787860000011278
91.559083,-0.041478600000118604,-0.038184600000067806,-0.038267981556955856,-0.03849731794875116,-0.03787860000011278
91.579083,-0.0367486000000099,-0.03837460000004285,-0.038141922479637845,-0.03825174685319692,-0.03787860000011278
91.599082,-0.036938599999984945,-0.03830060000000231,-0.03807020411533409,-0.03791820372964312,-0.037508599999910075
91.619082,-0.038828599999988,-0.037580600000001144,-0.03810345766584525,-0.038074031235429656,-0.037508599999910075
91.639082,-0.037508599999910075,-0.038146599999981844,-0.03826166612140967,-0.03813708484846029,-0.03787860000011278
91.659082,-0.03787860000011278,-0.03867459999996754,-0.03852127670995502,-0.03827333193468404,-0.038828599999988
91.679082,-0.03957859999991342,-0.03882459999995262,-0.038821487757765526,-0.039144893706231615,-0.03957859999991342
91.699081,-0.03957859999991342,-0.03923859999995329,-0.0390866456904542,-0.03918608251743516,-0.03957859999991342
91.719081,-0.03957859999991342,-0.039428599999928336,-0.03925395391464508,-0.039271420512763874,-0.03957859999991342
91.739081,-0.03957859999991342,-0.03908859999996821,-0.039293428727933524,-0.03926069790206674,-0.03957859999991342
91.759081,-0.038828599999988,-0.03908859999996821,-0.039211898227725514,-0.03912137389273938,-0.03957859999991342
91.779081,-0.03787860000011278,-0.038748600000008085,-0.039042216146710655,-0.039011443822840934,-0.038828599999988
91.799081,-0.03957859999991342,-0.038748600000008085,-0.038826596734737095,-0.038802586013982024,-0.038828599999988
91.81908,-0.03787860000011278,-0.038748600000008085,-0.038604042126801415,-0.03851144382285568,-0.038828599999988
91.83908,-0.03957859999991342,-0.038560599999982514,-0.038406142160909554,-0.038357014918431354,-0.038828599999988
91.85908,-0.038828599999988,-0.038220600000022385,-0.038258061455844566,-0.038531327272733444,-0.03787860000011278
91.87908,-0.036938599999984945,-0.03841059999999743,-0.03817840802579414,-0.03826256270397009,-0.038828599999988
91.89908,-0.03787860000011278,-0.03826060000001234,-0.038175079796453376,-0.037931187412598266,-0.038828599999988
91.919079,-0.038828599999988,-0.03784460000001673,-0.03824018088208172,-0.0383826559440511,-0.03787860000011278
91.939079,-0.038828599999988,-0.03837260000000242,-0.03834928476517969,-0.038323331934733765,-0.038828599999988
91.959079,-0.0367486000000099,-0.03886459999998806,-0.038467207162939256,-0.03835351841492883,-0.038828599999988
91.979079,-0.03957859999991342,-0.038448599999992436,-0.038558487353365305,-0.03861095431235714,-0.038828599999988
91.999079,-0.04033860000004097,-0.03825860000001739,-0.038598817702298935,-0.03856270256409524,-0.03787860000011278
92.019078,-0.0367486000000099,-0.0388245999999981,-0.03858282377849286,-0.038669788811197855,-0.03957859999991342
92.039078,-0.03787860000011278,-0.03863660000001801,-0.038524830180347934,-0.038398949650360906,-0.03863860000001296
92.059078,-0.03957859999991342,-0.03829660000001241,-0.038453597834595614,-0.03874542983684136,-0.03863860000001296
92.079078,-0.03863860000001296,-0.038334600000007414,-0.03840495466677185,-0.03836759766900858,-0.03863860000001296
92.099077,-0.03863860000001296,-0.038902599999983065,-0.03841397204533566,-0.0381185300699142,-0.03863860000001296
92.119077,-0.036938599999984945,-0.03837459999999737,-0.038505479235703285,-0.038654637296038484,-0.03863860000001296
92.139077,-0.040718599999991056,-0.03837459999999737,-0.038683573345896005,-0.03879510349649932,-0.03863860000001296
92.159077,-0.036938599999984945,-0.0389426000000185,-0.03892467390139441,-0.038796735198157115,-0.03863860000001296
92.179077,-0.03863860000001296,-0.039434600000004136,-0.03917943022250717,-0.03916396130536502,-0.03939859999991313
92.199077,-0.041478600000118604,-0.03901860000000852,-0.03938554891501693,-0.03929836689977314,-0.03863860000001296
92.219076,-0.03939859999991313,-0.039546599999994214,-0.039487929484206694,-0.03953519673659069,-0.03939859999991313
92.239076,-0.03863860000001296,-0.039546599999994214,-0.039457512153530154,-0.039314450815832874,-0.03939859999991313
92.259076,-0.03957859999991342,-0.03916659999995318,-0.03930074238170894,-0.03969957902095281,-0.03939859999991313
92.279076,-0.03863860000001296,-0.03901459999997314,-0.03905766869919851,-0.03896193333329698,-0.03863860000001296
92.299076,-0.03957859999991342,-0.03901459999997314,-0.03879182297499075,-0.038762842424208396,-0.03863860000001296
92.319075,-0.03863860000001296,-0.038448599999992436,-0.038575050893371585,-0.03851146713286302,-0.03863860000001296
92.339075,-0.03863860000001296,-0.03878859999999804,-0.03846878753709017,-0.03848377482518127,-0.03863860000001296
92.359075,-0.0367486000000099,-0.038222600000017336,-0.038504529575714846,-0.038525965967377195,-0.03863860000001296
92.379075,-0.04033860000004097,-0.03863860000001296,-0.038669818421517975,-0.03862293566434587,-0.03863860000001296
92.399075,-0.0367486000000099,-0.03882659999999305,-0.038907255316085645,-0.03869580279721453,-0.03957859999991342
92.419075,-0.040718599999991056,-0.039204599999993664,-0.03912998404020314,-0.03930218974356194,-0.03957859999991342
92.439074,-0.03957859999991342,-0.03905259999996815,-0.0392496602515235,-0.03918473053610514,-0.03957859999991342
92.459074,-0.03863860000001296,-0.03961859999994886,-0.039206739127910575,-0.0393045673659219,-0.03957859999991342
92.479074,-0.03957859999991342,-0.03867259999997259,-0.03899152374950716,-0.03907650209785368,-0.03957859999991342
92.499074,-0.03957859999991342,-0.03867259999997259,-0.03864830567321797,-0.03887885641022575,-0.03957859999991342
92.519073,-0.03598860000010973,-0.03852059999999256,-0.0382615046259304,-0.03810710815850575,-0.03957859999991342
92.539073,-0.03957859999991342,-0.037802600000031814,-0.03792891587169912,-0.03773563962708892,-0.03787860000011278
92.559073,-0.03787860000011278,-0.03746260000007169,-0.03773100494476509,-0.03763960233106513,-0.03787860000011278
92.579073,-0.03598860000010973,-0.0378406000000723,-0.0377057709610786,-0.03758960233108006,-0.03787860000011278
92.599073,-0.03787860000011278,-0.0378406000000723,-0.03783721326094579,-0.037807667599139616,-0.03787860000011278
92.619072,-0.03787860000011278,-0.03803060000004734,-0.038062790567230075,-0.03835242284385935,-0.03787860000011278
92.639072,-0.03957859999991342,-0.03856060000002799,-0.038299287265354386,-0.038300464801899456,-0.03863860000001296
92.659072,-0.038828599999988,-0.038750600000003035,-0.03847715322664302,-0.0386705114219197,-0.038828599999988
92.679072,-0.03863860000001296,-0.038750600000003035,-0.038567194939578324,-0.03869766759909583,-0.038828599999988
92.699072,-0.038828599999988,-0.038410600000042906,-0.03858678382660276,-0.03834899627042924,-0.03863860000001296
92.719071,-0.03787860000011278,-0.03822060000006786,-0.03858389256059977,-0.038553891375323786,-0.03787860000011278
92.739071,-0.03787860000011278,-0.038408600000047956,-0.03860895927821403,-0.03834489370635187,-0.03787860000011278
92.759071,-0.03787860000011278,-0.03878660000004856,-0.03869031963165915,-0.03861086107232614,-0.03787860000011278
92.779071,-0.03957859999991342,-0.03878660000004856,-0.03882585704790747,-0.03912631561776615,-0.03787860000011278
92.799071,-0.040718599999991056,-0.039278600000034206,-0.038992885541563015,-0.03890221305364373,-0.03957859999991342
92.81907,-0.03787860000011278,-0.03961859999999433,-0.03916650419887127,-0.03937480046620771,-0.03957859999991342
92.83907,-0.04033860000004097,-0.03905260000001363,-0.039332403256728043,-0.039490651282061244,-0.03957859999991342
92.85907,-0.03957859999991342,-0.03935460000002422,-0.03948632606656527,-0.039393588344993735,-0.03957859999991342
92.87907,-0.0367486000000099,-0.039506600000004256,-0.039623272293687235,-0.03935489370631305,-0.03957859999991342
92.89907,-0.042228600000044025,-0.03935459999997874,-0.03972682895100542,-0.039532609323998685,-0.03957859999991342
92.919069,-0.03863860000001296,-0.03958259999999427,-0.03976844470600926,-0.03976953240090819,-0.03957859999991342
92.939069,-0.03957859999991342,-0.04014859999997498,-0.0397191574827436,-0.03973619906756096,-0.03957859999991342
92.959069,-0.040718599999991056,-0.039430599999968764,-0.03956784133578986,-0.03983214312350765,-0.03957859999991342
92.979069,-0.03957859999991342,-0.03961859999994886,-0.03933578134458302,-0.039604404195781893,-0.03957859999991342
92.999068,-0.03863860000001296,-0.03927859999998873,-0.039078393533646845,-0.038955942657324605,-0.03957859999991342
93.019068,-0.03957859999991342,-0.03871060000001307,-0.03887018210934384,-0.03904321538461284,-0.03863860000001296
93.039068,-0.03787860000011278,-0.03871060000001307,-0.03877700629304656,-0.038491047552471146,-0.03863860000001296
93.059068,-0.03787860000011278,-0.03871060000001307,-0.038826938897536065,-0.03833442750585114,-0.03863860000001296
93.079068,-0.03957859999991342,-0.03852260000003298,-0.03899351976558592,-0.03907237622379281,-0.03863860000001296
93.099067,-0.03863860000001296,-0.03924059999999372,-0.03920124181072024,-0.03941573286711627,-0.03863860000001296
93.119067,-0.03863860000001296,-0.03995859999995446,-0.039353867673314766,-0.039499788811162985,-0.03957859999991342
93.139067,-0.04146859999991648,-0.039430599999968764,-0.03937539816573765,-0.039556758508124,-0.03863860000001296
93.159067,-0.04146859999991648,-0.03927859999998873,-0.03924548305704656,-0.03925139720279005,-0.03863860000001296
93.179067,-0.036938599999984945,-0.03912660000000869,-0.039010395802944346,-0.038902073193494154,-0.03787860000011278
93.199067,-0.03787860000011278,-0.03856060000002799,-0.038761666552984526,-0.03892060466200693,-0.03787860000011278
93.219066,-0.03787860000011278,-0.03818260000002738,-0.03859349308241045,-0.03854160699303067,-0.03787860000011278
93.239066,-0.03863860000001296,-0.03867260000001806,-0.038562782857787276,-0.03818265594409282,-0.03863860000001296
93.259066,-0.03957859999991342,-0.03867260000001806,-0.038671187343537534,-0.038326478787895996,-0.03863860000001296
93.279066,-0.03938859999993838,-0.03901259999997819,-0.03887237854306784,-0.03923321538459266,-0.03938859999993838
93.299066,-0.03787860000011278,-0.039200599999958285,-0.03909476677663475,-0.03928055804192762,-0.03957859999991342
93.319065,-0.03957859999991342,-0.039428599999973814,-0.03926762849289005,-0.03948976550112364,-0.03957859999991342
93.339065,-0.03957859999991342,-0.03912660000000869,-0.039343108644670895,-0.039341630303015296,-0.03957859999991342
93.359065,-0.040718599999991056,-0.03946659999996882,-0.03930983745027242,-0.039176735198140585,-0.03957859999991342
93.379065,-0.03787860000011278,-0.03912660000000869,-0.03919427881968674,-0.03896766759907454,-0.03957859999991342
93.399065,-0.03957859999991342,-0.038976600000023606,-0.03904817493292772,-0.0392079006992926,-0.038828599999988
93.419065,-0.03787860000011278,-0.038598600000023,-0.038926678887972216,-0.038962073193498495,-0.038828599999988
93.439064,-0.038828599999988,-0.03916659999999865,-0.038867238891950026,-0.03886100093243231,-0.038828599999988
93.459064,-0.038828599999988,-0.03882660000003853,-0.03887863373593832,-0.03864128065270284,-0.038828599999988
93.479064,-0.040718599999991056,-0.03897860000001856,-0.03894293725229549,-0.039078110489523726,-0.038828599999988
93.499063,-0.03787860000011278,-0.03894060000002355,-0.03902579786018771,-0.03876834358978948,-0.03863860000001296
93.519063,-0.03863860000001296,-0.03924260000003414,-0.03908813700239659,-0.039408296969716636,-0.03863860000001296
93.539063,-0.03863860000001296,-0.0387126000000535,-0.03909624323408916,-0.03925736456879429,-0.03863860000001296
93.559063,-0.04033860000004097,-0.039430600000014235,-0.039031384647617316,-0.03898090769235169,-0.03863860000001296
93.579063,-0.03806860000008783,-0.03890060000003359,-0.038898573457800706,-0.038637784149236895,-0.03863860000001296
93.599062,-0.04146859999991648,-0.038748600000053555,-0.03872922740344133,-0.03900799393942839,-0.03806860000008783
93.619062,-0.03598860000010973,-0.03844660000004296,-0.03857174233688057,-0.03858526666670943,-0.03806860000008783
93.639062,-0.03787860000011278,-0.038748600000008085,-0.03847080468423149,-0.03847246946388326,-0.038828599999988
93.659062,-0.038828599999988,-0.037804600000026764,-0.03844549872890262,-0.03805650209790397,-0.03787860000011278
93.679062,-0.03957859999991342,-0.03852259999998751,-0.0384788346012499,-0.03838659533798638,-0.038828599999988
93.699062,-0.0367486000000099,-0.03852259999998751,-0.038524357754403334,-0.03846892634033741,-0.038828599999988
93.719061,-0.03957859999991342,-0.0388245999999981,-0.038526103485055585,-0.0390062689976707,-0.03957859999991342
93.739061,-0.03787860000011278,-0.03848460000003797,-0.03844345583996154,-0.03856608251748998,-0.03787860000011278
93.759061,-0.04033860000004097,-0.03848460000003797,-0.038271415028566104,-0.03820477715621171,-0.03787860000011278
93.779061,-0.03787860000011278,-0.03791860000005727,-0.038046800194842974,-0.037885546387013115,-0.03787860000011278
93.799061,-0.0367486000000099,-0.03791860000005727,-0.037834804600990854,-0.038047877389349796,-0.03787860000011278
93.81906,-0.0367486000000099,-0.03742660000007163,-0.03770029196529389,-0.0376102783217436,-0.03787860000011278
93.83906,-0.03787860000011278,-0.03761660000004667,-0.037678432523964536,-0.037345266666718384,-0.03787860000011278
93.85906,-0.03787860000011278,-0.037654600000041685,-0.037760403024938445,-0.0374689263403706,-0.03787860000011278
93.87906,-0.038828599999988,-0.037880600000062256,-0.037900327574916286,-0.03820191002334705,-0.03787860000011278
93.89906,-0.036938599999984945,-0.038448600000037914,-0.03803779304157725,-0.03829407785553499,-0.03787860000011278
93.919059,-0.03787860000011278,-0.038448600000037914,-0.03812463239881739,-0.038320348251798426,-0.03787860000011278
93.939059,-0.040718599999991056,-0.037880600000062256,-0.038145388510153894,-0.03812421771566964,-0.03787860000011278
93.959059,-0.03787860000011278,-0.03822060000006786,-0.03812340505854183,-0.03806253939400234,-0.03787860000011278
93.979059,-0.03598860000010973,-0.03822060000006786,-0.03810861466978514,-0.03794389137537668,-0.03787860000011278
93.999059,-0.03863860000001296,-0.03780460000007224,-0.03815168223472603,-0.038129555711031785,-0.03787860000011278
94.019058,-0.03787860000011278,-0.03795660000005228,-0.03827829694118743,-0.03812142051286731,-0.03863860000001296
94.039058,-0.03863860000001296,-0.038674600000013014,-0.03847791402180478,-0.03827887972029997,-0.03863860000001296
94.059058,-0.03863860000001296,-0.03886259999999311,-0.038711826077314763,-0.03896018508156161,-0.03863860000001296
94.079058,-0.03957859999991342,-0.039202599999953236,-0.0389343906996085,-0.0392538913752562,-0.03957859999991342
94.099057,-0.03957859999991342,-0.03924059999994824,-0.03911541595861349,-0.03922011515146667,-0.03957859999991342
94.119057,-0.03957859999991342,-0.03924059999994824,-0.03925211065346758,-0.039132749184090196,-0.03957859999991342
94.139057,-0.038828599999988,-0.03924059999994824,-0.039364668037487685,-0.03910223636358605,-0.03957859999991342
94.159057,-0.03863860000001296,-0.03909059999996316,-0.03947858709518677,-0.03966596596731067,-0.038828599999988
94.179057,-0.03957859999991342,-0.03946859999996377,-0.039604768631372154,-0.039406921678283864,-0.038828599999988
94.199057,-0.038828599999988,-0.039996599999949464,-0.03972988372182036,-0.03976100093234791,-0.03957859999991342
94.219056,-0.04146859999991648,-0.03961859999994886,-0.03982273832461754,-0.039626175757536644,-0.03957859999991342
94.239057,-0.04146859999991648,-0.039996599999949464,-0.03985151986629374,-0.04002116410250985,-0.04146859999991648
94.259056,-0.0367486000000099,-0.03980659999997442,-0.03979994094823267,-0.04006498694634131,-0.04146859999991648
94.279056,-0.04146859999991648,-0.03980659999997442,-0.03967312692944521,-0.03956410116549423,-0.04146859999991648
94.299056,-0.03787860000011278,-0.039088600000013685,-0.039493363511239735,-0.03952610582750896,-0.03787860000011278
94.319055,-0.04146859999991648,-0.03931460000003426,-0.03929175037946158,-0.039070511421951795,-0.03787860000011278
94.339055,-0.03787860000011278,-0.03916460000004918,-0.03910023384993911,-0.03903771421916903,-0.03787860000011278
94.359055,-0.03787860000011278,-0.03916460000004918,-0.03894501781677312,-0.0391529589744228,-0.03787860000011278
94.379055,-0.040718599999991056,-0.038636600000063484,-0.03884206671327922,-0.03873736456882243,-0.03787860000011278
94.399055,-0.03787860000011278,-0.03878860000004351,-0.038796067111013695,-0.03880211981354774,-0.03863860000001296
94.419054,-0.038828599999988,-0.03912860000000364,-0.038802723629839005,-0.03878300559442613,-0.038828599999988
94.439054,-0.03863860000001296,-0.03871260000000802,-0.03885254534486252,-0.03915720139860258,-0.03863860000001296
94.459054,-0.03957859999991342,-0.039204599999993664,-0.03893446660072334,-0.039010231701644596,-0.038828599999988
94.479054,-0.03863860000001296,-0.03901460000001862,-0.039038095766019756,-0.03864452074594324,-0.03863860000001296
94.499053,-0.04033860000004097,-0.03901460000001862,-0.03915304601976428,-0.03928097762237052,-0.03863860000001296
94.519053,-0.03787860000011278,-0.03901460000001862,-0.03926476047375675,-0.03946242284383253,-0.03863860000001296
94.539053,-0.03863860000001296,-0.03958059999999932,-0.03934964684352648,-0.03907107086248863,-0.03957859999991342
94.559053,-0.03957859999991342,-0.039088600000013685,-0.039375256081286496,-0.03918752773893132,-0.03863860000001296
94.579053,-0.04146859999991648,-0.038900599999988114,-0.0393091547633625,-0.03928333193471518,-0.03863860000001296
94.599053,-0.03787860000011278,-0.03946659999996882,-0.03913330976472922,-0.039214660606050805,-0.03957859999991342
94.619052,-0.036938599999984945,-0.03912660000000869,-0.038856225055218824,-0.03913053473192639,-0.03787860000011278
94.639052,-0.04146859999991648,-0.038408600000047956,-0.038517318328919053,-0.03866351841493905,-0.03787860000011278
94.659052,-0.03787860000011278,-0.03818260000002738,-0.038182010928354375,-0.038276082517541096,-0.03787860000011278
94.679052,-0.03787860000011278,-0.03837060000005295,-0.03792656254010844,-0.03767072121220031,-0.03787860000011278
94.699052,-0.0367486000000099,-0.037652600000092205,-0.037813199002705154,-0.037705989277449295,-0.03787860000011278
94.719052,-0.03787860000011278,-0.03742660000007163,-0.037862878491836144,-0.03785575617721702,-0.03787860000011278
94.739051,-0.03787860000011278,-0.03776660000003176,-0.03803924410695456,-0.037636292307753914,-0.03787860000011278
94.759051,-0.0367486000000099,-0.03848460000003797,-0.03825528882688307,-0.03827274918417749,-0.03787860000011278
94.779051,-0.03957859999991342,-0.03848460000003797,-0.03840450619156972,-0.03886314545457089,-0.03787860000011278
94.799051,-0.04033860000004097,-0.03863660000001801,-0.038405977714759856,-0.03867783076926562,-0.03863860000001296
94.81905,-0.03787860000011278,-0.038862600000038584,-0.03824324990429792,-0.03813626899772176,-0.03863860000001296
94.83905,-0.03863860000001296,-0.037766600000077234,-0.03797623500339228,-0.037946502097963325,-0.03787860000011278
94.85905,-0.03787860000011278,-0.0372746000000916,-0.03771727676477197,-0.0380189729604399,-0.03787860000011278
94.87905,-0.03409860000010667,-0.03761460000005172,-0.03758159225838677,-0.037072282983757164,-0.03787860000011278
94.89905,-0.03787860000011278,-0.03761460000005172,-0.03763687838191855,-0.03723494032640771,-0.03787860000011278
94.919049,-0.03957859999991342,-0.037236600000051114,-0.03787725560745206,-0.03796211981355698,-0.03787860000011278
94.939049,-0.03863860000001296,-0.038862600000038584,-0.038231882603285604,-0.03840314545457421,-0.03863860000001296
94.959049,-0.03598860000010973,-0.03916659999999865,-0.03859927125915412,-0.03878300559443726,-0.03939859999991313
94.979049,-0.042228600000044025,-0.03882660000003853,-0.03888844861885598,-0.03929428764571478,-0.03863860000001296
94.999049,-0.03939859999991313,-0.03867460000005849,-0.039049827402103436,-0.038918063869501175,-0.03787860000011278
95.019048,-0.03787860000011278,-0.03939260000001923,-0.039085071884390254,-0.03887480046623941,-0.03939859999991313
95.039048,-0.03787860000011278,-0.038674600000013014,-0.03903420553533035,-0.03902897296038571,-0.03863860000001296
95.059048,-0.03957859999991342,-0.038674600000013014,-0.03894938555639916,-0.039124217715603586,-0.03863860000001296
95.079048,-0.03863860000001296,-0.03882659999999305,-0.03887075722176942,-0.03839114079254685,-0.03863860000001296
95.099047,-0.03939859999991313,-0.038978599999973086,-0.038814801431107666,-0.03873156037296557,-0.03863860000001296
95.119047,-0.03863860000001296,-0.03863860000001296,-0.038775488222610996,-0.038905826107208975,-0.03863860000001296
95.139047,-0.03863860000001296,-0.03882659999999305,-0.03873281433749888,-0.038989369230761656,-0.03863860000001296
95.159047,-0.03787860000011278,-0.038674600000013014,-0.03866388006326379,-0.03869216643356986,-0.03863860000001296
95.179047,-0.03957859999991342,-0.038674600000013014,-0.03855407927984633,-0.03860526666668438,-0.03863860000001296
95.199047,-0.03863860000001296,-0.038334600000007414,-0.03840618197540207,-0.038118903030322254,-0.03863860000001296
95.219046,-0.03863860000001296,-0.038334600000007414,-0.03824357579274802,-0.038176502097909994,-0.03863860000001296
95.239046,-0.036938599999984945,-0.03792060000000674,-0.03810470767253438,-0.03835284242424978,-0.03787860000011278
95.259046,-0.03787860000011278,-0.03826060000001234,-0.03803063461289445,-0.03824806386946546,-0.03787860000011278
95.279046,-0.037508599999910075,-0.03826060000001234,-0.038052372023746346,-0.03806156037297809,-0.03787860000011278
95.299046,-0.04033860000004097,-0.03826060000001234,-0.03818363783487718,-0.03805734125874631,-0.03787860000011278
95.319045,-0.03863860000001296,-0.03841259999999238,-0.03841814734969254,-0.03814058135197923,-0.03863860000001296
95.339045,-0.036938599999984945,-0.03863860000001296,-0.03872662167341178,-0.0388041011655119,-0.03863860000001296
95.359045,-0.03863860000001296,-0.03863860000001296,-0.03905318133550438,-0.0391486466200535,-0.03863860000001296
95.379045,-0.03863860000001296,-0.039206600000034085,-0.03931893209290967,-0.03933314545457943,-0.03863860000001296
95.399045,-0.04033860000004097,-0.03954660000003969,-0.03944082557927849,-0.03920023170166999,-0.03863860000001296
95.419044,-0.041478600000118604,-0.039394600000059656,-0.03936270379240153,-0.03946745780892633,-0.03863860000001296
95.439044,-0.03863860000001296,-0.03924260000007962,-0.03908267118046989,-0.039285056876537,-0.03863860000001296
95.459044,-0.03787860000011278,-0.038750600000093983,-0.03865947238358686,-0.03869438088586512,-0.03787860000011278
95.479044,-0.03787860000011278,-0.03780460000007224,-0.038192795871328684,-0.03817654871803547,-0.03787860000011278
95.499043,-0.03787860000011278,-0.037654600000087156,-0.03778796160486593,-0.03776498694647079,-0.03787860000011278
95.519043,-0.0367486000000099,-0.037656600000082106,-0.037522172761365505,-0.037179672261148794,-0.03787860000011278
95.539043,-0.037888600000087536,-0.03765860000007706,-0.037425217804002715,-0.03737848344997585,-0.037888600000087536
95.559043,-0.037888600000087536,-0.0372826000000714,-0.03747846577582503,-0.03759095431243128,-0.037888600000087536
95.579043,-0.037888600000087536,-0.03785060000009253,-0.03762837582638782,-0.037752586014060355,-0.037888600000087536
95.599042,-0.03599860000008448,-0.038000600000077614,-0.03780740570829452,-0.03807041818189516,-0.037888600000087536
95.619042,-0.03958860000011555,-0.038000600000077614,-0.03795592152074277,-0.03793519673667909,-0.037888600000087536
95.639042,-0.03863860000001296,-0.038000600000077614,-0.038040076905566524,-0.03785447412595994,-0.037888600000087536
95.659042,-0.037888600000087536,-0.03803660000007767,-0.03806026944556258,-0.03812974219122627,-0.037888600000087536
95.679042,-0.037888600000087536,-0.03803660000007767,-0.03804590393617365,-0.03809209650357334,-0.037888600000087536
95.699042,-0.03617860000008477,-0.03807460000007268,-0.03803835592168822,-0.03810901958048814,-0.037888600000087536
95.719041,-0.03958860000011555,-0.03784660000005715,-0.03807120825132482,-0.03773421771566264,-0.037888600000087536
95.739041,-0.038828599999988,-0.037996600000042235,-0.03815744624996358,-0.0380450568765046,-0.03863860000001296
95.759041,-0.0367486000000099,-0.03852660000002288,-0.03828703094353064,-0.038422329603756564,-0.038828599999988
95.779041,-0.03863860000001296,-0.03852660000002288,-0.038432591089255584,-0.03864505687647801,-0.038828599999988
95.799041,-0.038828599999988,-0.03848860000002787,-0.038560144544126915,-0.03863351841494007,-0.03863860000001296
95.81904,-0.03958860000011555,-0.0387166000000434,-0.03864190384044443,-0.038568343589787744,-0.03863860000001296
95.83904,-0.03863860000001296,-0.038566600000058314,-0.03866622644002213,-0.03835554638700522,-0.03863860000001296
95.85904,-0.037888600000087536,-0.03871860000008383,-0.03863951041559944,-0.03884771421918974,-0.03863860000001296
95.87904,-0.037888600000087536,-0.03818860000005771,-0.038579765788078244,-0.038827317948790914,-0.037888600000087536
95.89904,-0.03958860000011555,-0.038756600000078835,-0.03850760587924527,-0.03829181678329394,-0.037888600000087536
95.919039,-0.036938599999984945,-0.038566600000058314,-0.03844095577777861,-0.03825018508164651,-0.037888600000087536
95.939039,-0.041478600000118604,-0.03818860000005771,-0.038394480326762924,-0.03847384475529748,-0.036938599999984945
95.959039,-0.036938599999984945,-0.03841460000003281,-0.03837955853808,-0.03843538321681591,-0.036938599999984945
95.979039,-0.03599860000008448,-0.03875460000003841,-0.03840124719704784,-0.038536548717980394,-0.03863860000001296
95.999038,-0.040718599999991056,-0.03803660000003219,-0.038454315007306866,-0.03847967226110974,-0.037888600000087536
96.019038,-0.03863860000001296,-0.038566600000058314,-0.03852365915069779,-0.03848270256415624,-0.03863860000001296
96.039038,-0.037888600000087536,-0.03894460000005893,-0.03859029237047344,-0.03821741118888434,-0.03863860000001296
96.059038,-0.03958860000011555,-0.03837860000007822,-0.038638112699175685,-0.03905687505835463,-0.037888600000087536
96.079038,-0.037888600000087536,-0.03856860000009874,-0.03865671771086288,-0.038762352913820824,-0.037888600000087536
96.099038,-0.037888600000087536,-0.03887060000006386,-0.03864043829812532,-0.03821517342664746,-0.03939859999991313
96.119037,-0.03958860000011555,-0.03815260000005764,-0.03858709158531008,-0.038713005594477254,-0.037888600000087536
96.139037,-0.03939859999991313,-0.03849260000006325,-0.03849883643967768,-0.038593355244819466,-0.03939859999991313
96.159037,-0.03599860000008448,-0.03883260000006885,-0.03838425379586742,-0.038196502097964435,-0.03958860000011555
96.179037,-0.03958860000011555,-0.038114600000062636,-0.03825940673964484,-0.038467108158587955,-0.03939859999991313
96.199037,-0.03958860000011555,-0.03784860000009758,-0.03814676094660719,-0.03812736456884405,-0.03806860000008783
96.219036,-0.03599860000008448,-0.03856660000010379,-0.03807157956000268,-0.038105103496599964,-0.03958860000011555
96.239036,-0.03806860000008783,-0.037998600000082663,-0.03805576506977631,-0.0379356396271463,-0.03806860000008783
96.259036,-0.03958860000011555,-0.037998600000082663,-0.0381111307410985,-0.03828239953388033,-0.03806860000008783
96.279036,-0.0367486000000099,-0.038186600000062756,-0.03823549660731188,-0.03801834358981583,-0.03806860000008783
96.299036,-0.03958860000011555,-0.038640600000053385,-0.038413270170171473,-0.03830624568770179,-0.03958860000011555
96.319035,-0.036938599999984945,-0.038450600000032864,-0.03861996788176732,-0.03892396130538743,-0.03863860000001296
96.339035,-0.04033860000004097,-0.03901660000001357,-0.03882971895000669,-0.03885384475525233,-0.03957859999991342
96.359035,-0.03863860000001296,-0.03901459999997314,-0.039024084757987465,-0.038792749184118624,-0.03957859999991342
96.379035,-0.03957859999991342,-0.03935459999997874,-0.039198513999628086,-0.03951503356639416,-0.03957859999991342
96.399035,-0.03957859999991342,-0.039202599999953236,-0.03936216767654854,-0.039424287645659514,-0.03957859999991342
96.419034,-0.03863860000001296,-0.039770599999974364,-0.03952981112515126,-0.03943351841490196,-0.03957859999991342
96.439034,-0.03957859999991342,-0.039430600000014235,-0.03970924487701017,-0.03940146713285581,-0.03957859999991342
96.459034,-0.041478600000118604,-0.039430600000014235,-0.039890566195687725,-0.03993421771562822,-0.03957859999991342
96.479034,-0.03787860000011278,-0.04014860000002045,-0.04004268424180915,-0.04006487039630349,-0.03957859999991342
96.499033,-0.03957859999991342,-0.04030060000004596,-0.040119791023136266,-0.04005659533804137,-0.04033860000004097
96.519033,-0.042228600000044025,-0.039732600000024834,-0.040077486464060966,-0.04002990536134193,-0.03957859999991342
96.539033,-0.04033860000004097,-0.03988460000000486,-0.03989357461096424,-0.040086665268074605,-0.03957859999991342
96.559033,-0.03863860000001296,-0.03988460000000486,-0.03958350601103449,-0.03958302890441128,-0.03957859999991342
96.579033,-0.03863860000001296,-0.03935459999997874,-0.0392014670810958,-0.039284520745903106,-0.03957859999991342
96.599032,-0.03957859999991342,-0.0384845999999925,-0.038826435847450255,-0.03889272587413546,-0.03863860000001296
96.619032,-0.03957859999991342,-0.0384845999999925,-0.03853986725733141,-0.03830496363636255,-0.03863860000001296
96.639032,-0.03598860000010973,-0.0388245999999981,-0.03840265902491776,-0.03837978881118431,-0.03957859999991342
96.659032,-0.03863860000001296,-0.03841059999999743,-0.038437670969269803,-0.0384919100232901,-0.03863860000001296
96.679032,-0.04033860000004097,-0.03841059999999743,-0.03862336060029559,-0.03880696829833629,-0.03863860000001296
96.699032,-0.037508599999910075,-0.03912859999995817,-0.03890095808206386,-0.038820861072252286,-0.03957859999991342
96.719031,-0.03957859999991342,-0.03946859999996377,-0.03919180542503329,-0.03897601258739475,-0.03957859999991342
96.739031,-0.03957859999991342,-0.038976599999978136,-0.03941822246691867,-0.039647108158461786,-0.03957859999991342
96.759031,-0.04033860000004097,-0.039390599999978806,-0.039522224291761596,-0.03950983543120385,-0.03957859999991342
96.779031,-0.03787860000011278,-0.03961859999999433,-0.03947852938542188,-0.03917708484848035,-0.03957859999991342
96.799031,-0.03957859999991342,-0.039278600000034206,-0.03930024097856809,-0.03955459067602842,-0.03957859999991342
96.819031,-0.040718599999991056,-0.03878660000004856,-0.039037155605498794,-0.03917855337999711,-0.03787860000011278
96.83903,-0.03787860000011278,-0.039278600000034206,-0.03876644120138786,-0.0386779939394517,-0.03957859999991342
96.85903,-0.03787860000011278,-0.038750600000048506,-0.038574779127792856,-0.03862960233105242,-0.03787860000011278
96.87903,-0.04033860000004097,-0.038182600000072855,-0.03853354334472954,-0.038600744522196445,-0.03787860000011278
96.899029,-0.036938599999984945,-0.038750600000048506,-0.03867339447956147,-0.038311467132927005,-0.03787860000011278
96.919029,-0.03787860000011278,-0.03890260000002854,-0.03896769900643452,-0.03899163030307373,-0.03863860000001296
96.939029,-0.040718599999991056,-0.03897860000001856,-0.039333492685203836,-0.03960093100234185,-0.03863860000001296
96.959029,-0.03863860000001296,-0.04003660000003038,-0.03965357206966637,-0.039500441491853236,-0.040718599999991056
96.979029,-0.040718599999991056,-0.03984860000000481,-0.03981401973368775,-0.03959939254080886,-0.040718599999991056
96.999028,-0.042228600000044025,-0.039280600000029156,-0.039742719488140545,-0.03997666526810057,-0.03863860000001296
97.019028,-0.036938599999984945,-0.039620600000034756,-0.039432805503972046,-0.039600418181853114,-0.04033860000004097
97.039028,-0.03787860000011278,-0.0390526000000591,-0.038942839414320446,-0.038824660606103706,-0.03787860000011278
97.059028,-0.04033860000004097,-0.037994600000047285,-0.038377638306318546,-0.038412632634077716,-0.03787860000011278
97.079028,-0.03787860000011278,-0.03795660000005228,-0.03786019490641926,-0.03784582610728765,-0.03787860000011278
97.099028,-0.036938599999984945,-0.03795660000005228,-0.03750241092027615,-0.037306875058347386,-0.03787860000011278
97.119027,-0.0367486000000099,-0.03746460000006664,-0.03737824558161713,-0.03747274918421453,-0.03787860000011278
97.139027,-0.03787860000011278,-0.037238600000046064,-0.03750402497513935,-0.03753023170167329,-0.036938599999984945
97.159027,-0.03787860000011278,-0.03776660000003176,-0.03783285332252967,-0.037614730536169205,-0.03787860000011278
97.179027,-0.0367486000000099,-0.03856060000002799,-0.03826752549849492,-0.03843130396270667,-0.03787860000011278
97.199027,-0.03957859999991342,-0.038750600000003035,-0.03869018896696007,-0.03898032494173543,-0.038828599999988
97.219026,-0.040718599999991056,-0.03909059999996316,-0.03900031246450614,-0.03895876317014966,-0.03957859999991342
97.239026,-0.038828599999988,-0.039316599999983735,-0.03914696590029886,-0.03899214312352166,-0.03957859999991342
97.259026,-0.03957859999991342,-0.038900599999988114,-0.03914102809549854,-0.0392515836829485,-0.038828599999988
97.279026,-0.03787860000011278,-0.0388245999999981,-0.039041687411206054,-0.03928165361303262,-0.038828599999988
97.299026,-0.03749859999993532,-0.038974599999983185,-0.03892550525533718,-0.03860433426574374,-0.03957859999991342
97.319025,-0.04033860000004097,-0.038634600000023056,-0.03885484849508063,-0.038520301631727163,-0.03787860000011278
97.339025,-0.03957859999991342,-0.038634600000023056,-0.038859267585224164,-0.03879207319350847,-0.03787860000011278
97.359025,-0.03787860000011278,-0.039278600000034206,-0.03893285639112367,-0.039012586014013105,-0.03957859999991342
97.379025,-0.03787860000011278,-0.03912660000000869,-0.03904318114994182,-0.03942016177155254,-0.03957859999991342
97.399024,-0.040718599999991056,-0.03912660000000869,-0.03914706663118333,-0.03928671188812529,-0.03957859999991342
97.419024,-0.03957859999991342,-0.039316599999983735,-0.039209262701653536,-0.03907414778554241,-0.03957859999991342
97.439024,-0.03957859999991342,-0.039316599999983735,-0.03921722613055552,-0.0390481571095458,-0.03957859999991342
97.459024,-0.038828599999988,-0.03908859999996821,-0.0391841230380488,-0.039233588344964675,-0.03957859999991342
97.479024,-0.03787860000011278,-0.038900599999988114,-0.039138270185680356,-0.03931505687642362,-0.038828599999988
97.499023,-0.03957859999991342,-0.03905260000001363,-0.03910645247257233,-0.03893195664335887,-0.038828599999988
97.519023,-0.03863860000001296,-0.039202599999998713,-0.039102000595063004,-0.039086572027982984,-0.03957859999991342
97.539023,-0.04033860000004097,-0.039202599999998713,-0.03912320671955918,-0.039068972960388595,-0.03957859999991342
97.559023,-0.03957859999991342,-0.039202599999998713,-0.0391589809417879,-0.03911044149183246,-0.03957859999991342
97.579023,-0.03787860000011278,-0.039202599999998713,-0.039194419735750816,-0.039496641958021425,-0.03957859999991342
97.599023,-0.03957859999991342,-0.0390505999999732,-0.03921217500170875,-0.03920142051281658,-0.03957859999991342
97.619022,-0.03863860000001296,-0.039202599999998713,-0.0391918413544783,-0.039163891375267185,-0.03957859999991342
97.639022,-0.03957859999991342,-0.038976599999978136,-0.03911201314312181,-0.038800394871783696,-0.03957859999991342
97.659022,-0.04033860000004097,-0.03882659999999305,-0.03895622556078789,-0.03882722470862105,-0.038828599999988
97.679022,-0.0367486000000099,-0.038674600000013014,-0.0387195399860427,-0.03895494032633435,-0.038828599999988
97.699021,-0.038828599999988,-0.03852460000002793,-0.03841241025688129,-0.038489765501205586,-0.038828599999988
97.719021,-0.03787860000011278,-0.03803260000004229,-0.038061846169714725,-0.03807950909095039,-0.03787860000011278
97.739021,-0.038828599999988,-0.037880600000062256,-0.03771112679009844,-0.03770002191149063,-0.03787860000011278
97.759021,-0.03787860000011278,-0.03750260000006165,-0.03741633847806727,-0.037390931002386676,-0.03787860000011278
97.779021,-0.03598860000010973,-0.03750260000006165,-0.03723604042455934,-0.03733093100240778,-0.03787860000011278
97.799021,-0.036938599999984945,-0.037124600000061035,-0.03721434627412709,-0.037073052214527634,-0.036938599999984945
97.81902,-0.03787860000011278,-0.037124600000061035,-0.0373644801600845,-0.037372679254122715,-0.036938599999984945
97.83902,-0.036938599999984945,-0.03784260000002178,-0.03766197438260435,-0.03764284242427425,-0.03787860000011278
97.85902,-0.03787860000011278,-0.03837060000000747,-0.038051930389603264,-0.038198879720278814,-0.03787860000011278
97.87902,-0.03957859999991342,-0.03852259999998751,-0.03846741082740639,-0.0385491361305249,-0.03863860000001296
97.899019,-0.03957859999991342,-0.038900599999988114,-0.0388504017187757,-0.03890603589742407,-0.038828599999988
97.91902,-0.03863860000001296,-0.03905259999996815,-0.03916524618146474,-0.03900398461535763,-0.038828599999988
97.939019,-0.038828599999988,-0.03928059999998368,-0.03939893965165962,-0.03927545314683455,-0.038828599999988
97.959019,-0.03863860000001296,-0.03913059999999859,-0.03955164768378205,-0.03970911282048957,-0.038828599999988
97.979019,-0.040718599999991056,-0.039546599999994214,-0.03962719251273455,-0.03944428764568534,-0.038828599999988
97.999019,-0.038828599999988,-0.03992459999999483,-0.03963118516203485,-0.039609532400934254,-0.040718599999991056
98.019018,-0.040718599999991056,-0.039546599999994214,-0.03957626118959011,-0.03958083776223309,-0.040718599999991056
98.039018,-0.040718599999991056,-0.0394706000000042,-0.03948708989606361,-0.039581420512831325,-0.04033860000004097
98.059018,-0.0367486000000099,-0.039432600000009185,-0.03939783389376847,-0.03949552307693982,-0.04033860000004097
98.079018,-0.04033860000004097,-0.03935660000001917,-0.03934126269036997,-0.039352655944066624,-0.04033860000004097
98.099017,-0.03863860000001296,-0.039090600000008635,-0.039336148957699414,-0.03931974219114004,-0.03938859999993838
98.119017,-0.04033860000004097,-0.03965659999998934,-0.03938087656439146,-0.039356921678305165,-0.03957859999991342
98.139017,-0.03938859999993838,-0.03935459999997874,-0.039455486144622055,-0.0393175976689845,-0.03938859999993838
98.159017,-0.03957859999991342,-0.03969459999998435,-0.03952836448645688,-0.03963762097902293,-0.03957859999991342
98.179017,-0.038828599999988,-0.039202599999998713,-0.0395631958588293,-0.03948288904427992,-0.03938859999993838
98.199016,-0.04033860000004097,-0.03939260000001923,-0.039525338579094314,-0.03948139720280615,-0.03957859999991342
98.219016,-0.03787860000011278,-0.03939260000001923,-0.039389521609138875,-0.03928771421912615,-0.03957859999991342
98.239016,-0.04033860000004097,-0.039202600000044184,-0.03914985402001153,-0.039379905361337876,-0.03957859999991342
98.259016,-0.03957859999991342,-0.03890060000003359,-0.03882941079945927,-0.038813028904489705,-0.038828599999988
98.279016,-0.03787860000011278,-0.03890060000003359,-0.03848314072981749,-0.038638739860197086,-0.038828599999988
98.299016,-0.038828599999988,-0.03803060000004734,-0.03818820176726063,-0.0381147305361762,-0.03787860000011278
98.319015,-0.03787860000011278,-0.03803060000004734,-0.03802148818432227,-0.03788936923079715,-0.03787860000011278
98.339015,-0.03598860000010973,-0.03795460000001185,-0.038031985749889446,-0.03808477715618767,-0.03787860000011278
98.359015,-0.03957859999991342,-0.038104599999996935,-0.03822037637133117,-0.038153075524467304,-0.03787860000011278
98.379014,-0.03749859999993532,-0.03882259999995767,-0.038536395765572655,-0.03861484708620881,-0.03957859999991342
98.399014,-0.03957859999991342,-0.03897459999993771,-0.03889601238101663,-0.03871184009320021,-0.03957859999991342
98.419014,-0.04146859999991648,-0.03912659999996322,-0.039210250546225456,-0.039361257342594366,-0.03957859999991342
98.439014,-0.0367486000000099,-0.03939259999997376,-0.0394122090816118,-0.03962186340322617,-0.03957859999991342
98.459014,-0.04033860000004097,-0.03962059999998928,-0.039472145100153073,-0.03928890303031196,-0.04033860000004097
98.479014,-0.038828599999988,-0.03890260000002854,-0.03939912044508312,-0.03943678181819635,-0.038828599999988
98.499013,-0.040718599999991056,-0.03931860000002416,-0.03923368254004642,-0.03924121072263671,-0.038828599999988
98.519013,-0.03787860000011278,-0.03916659999999865,-0.039035486527293835,-0.038980464801878646,-0.038828599999988
98.539013,-0.038828599999988,-0.03912860000000364,-0.03886721663304061,-0.039065756177159267,-0.038828599999988
98.559013,-0.03957859999991342,-0.0384845999999925,-0.03877666270781435,-0.03858072121211344,-0.03863860000001296
98.579013,-0.03863860000001296,-0.03863659999997253,-0.03878099567254549,-0.038616991608373896,-0.03863860000001296
98.599012,-0.03749859999993532,-0.038786599999957615,-0.03885831165008071,-0.038570721212083575,-0.03863860000001296
98.619012,-0.03863860000001296,-0.038786599999957615,-0.03895152971188329,-0.03918953240086361,-0.03863860000001296
98.639012,-0.03957859999991342,-0.03897459999993771,-0.038987856138929335,-0.03920463729597171,-0.03957859999991342
98.659012,-0.03957859999991342,-0.03939059999993333,-0.0389103917120055,-0.03914598927731859,-0.03957859999991342
98.679012,-0.03957859999991342,-0.039012599999932715,-0.03870890150791031,-0.0385380871794323,-0.03957859999991342
98.699011,-0.03957859999991342,-0.038446599999952015,-0.038432323929984406,-0.03853822703957869,-0.03957859999991342
98.719011,-0.0367486000000099,-0.03772859999999127,-0.03817242017248215,-0.03809701491839506,-0.0367486000000099
98.739011,-0.0367486000000099,-0.038106599999991886,-0.03802389182070879,-0.03800671188810696,-0.0367486000000099
98.759011,-0.03598860000010973,-0.03776660000003176,-0.03804157958139675,-0.03788549976692527,-0.0367486000000099
98.779011,-0.04146859999991648,-0.038332600000012464,-0.038218269170514685,-0.03807804055947179,-0.03787860000011278
98.799011,-0.03787860000011278,-0.03855860000003304,-0.038493127195217434,-0.038379788811221414,-0.03787860000011278
98.81901,-0.03957859999991342,-0.03927659999999378,-0.038781241940997115,-0.038965779487191196,-0.03957859999991342
98.83901,-0.03787860000011278,-0.038748600000008085,-0.03900544100562168,-0.03932654871792779,-0.038828599999988
98.85901,-0.03957859999991342,-0.03908859999996821,-0.039117267460048864,-0.039431816783188724,-0.03957859999991342
98.87901,-0.038828599999988,-0.0390505999999732,-0.03910473011793279,-0.038757947319332006,-0.03938859999993838
98.899009,-0.03957859999991342,-0.0390505999999732,-0.03898977344443257,-0.03880291235429005,-0.03938859999993838
98.919009,-0.03938859999993838,-0.03852259999998751,-0.03881790335987412,-0.03854848344987652,-0.038828599999988
98.939009,-0.03787860000011278,-0.03852259999998751,-0.03864174389632941,-0.03875955571091567,-0.038828599999988
98.959009,-0.036938599999984945,-0.03852259999998751,-0.03850303292284781,-0.03870671188809555,-0.038828599999988
98.979009,-0.038828599999988,-0.038560599999982514,-0.038421159906871165,-0.03852125734264283,-0.038828599999988
98.999008,-0.03957859999991342,-0.038560599999982514,-0.03839456712199756,-0.038245383216787866,-0.038828599999988
99.019008,-0.03957859999991342,-0.03852259999998751,-0.03841235636600779,-0.03828302890442861,-0.038828599999988
99.039008,-0.03787860000011278,-0.0384845999999925,-0.038465105363330115,-0.03860983543120928,-0.03863860000001296
99.059008,-0.0367486000000099,-0.0384845999999925,-0.03854603098115617,-0.03873953240091376,-0.03863860000001296
99.079008,-0.03863860000001296,-0.0384845999999925,-0.038644923713690014,-0.03850284242423359,-0.03863860000001296
99.099007,-0.03957859999991342,-0.03863659999997253,-0.03874518890499434,-0.03858034825173719,-0.03863860000001296
99.119007,-0.03957859999991342,-0.03901459999997314,-0.03883006739430767,-0.03889316876453271,-0.03863860000001296
99.139007,-0.03863860000001296,-0.039202599999953236,-0.03889324916299976,-0.03907382144518244,-0.03957859999991342
99.159007,-0.03863860000001296,-0.03905259999996815,-0.03894391096165004,-0.03912230629368639,-0.038828599999988
99.179007,-0.03957859999991342,-0.03871260000000802,-0.039000811888166335,-0.038980837762216745,-0.03863860000001296
99.199007,-0.038828599999988,-0.038900599999988114,-0.039078216235283375,-0.038727154778544604,-0.038828599999988
99.219006,-0.03787860000011278,-0.03908859999996821,-0.03917155218599169,-0.03889044149183511,-0.03957859999991342
99.239006,-0.03957859999991342,-0.038900599999988114,-0.03925162649619497,-0.039371537062913325,-0.038828599999988
99.259006,-0.03957859999991342,-0.03927859999998873,-0.039273206487360275,-0.03925104755242592,-0.03957859999991342
99.279006,-0.03863860000001296,-0.03961859999994886,-0.039196784396939945,-0.039510138461513536,-0.03957859999991342
99.299006,-0.040718599999991056,-0.03909059999996316,-0.039014028047902535,-0.03922153706288817,-0.03957859999991342
99.319005,-0.03957859999991342,-0.03909059999996316,-0.03876291687259347,-0.03865291235426065,-0.03957859999991342
99.339005,-0.036938599999984945,-0.03841059999995196,-0.03852147894230361,-0.038363052214420545,-0.03957859999991342
99.359005,-0.03957859999991342,-0.03799459999995634,-0.038379407793731085,-0.038430627971982045,-0.03863860000001296
99.379005,-0.03523859999995693,-0.038372599999956944,-0.03839997155720625,-0.038535499766840814,-0.03863860000001296
99.399004,-0.03863860000001296,-0.038900599999942644,-0.03859200417898576,-0.038325639626989524,-0.03957859999991342
99.419004,-0.04146859999991648,-0.03871259999996255,-0.038906801474214395,-0.038809532400902395,-0.03863860000001296
99.439004,-0.03957859999991342,-0.03939259999997376,-0.0392593782931265,-0.03935556969694175,-0.03863860000001296
99.459004,-0.03863860000001296,-0.03980859999996937,-0.039559349272895915,-0.039340814452191966,-0.03957859999991342
99.479004,-0.03863860000001296,-0.039430599999968764,-0.03973568828085763,-0.04039680512816497,-0.03957859999991342
99.499003,-0.040718599999991056,-0.039430599999968764,-0.039750269531190735,-0.039835872727215116,-0.03957859999991342
99.519003,-0.03957859999991342,-0.039996599999949464,-0.03960359783103023,-0.03911605920741745,-0.03957859999991342
99.539003,-0.03957859999991342,-0.03924059999994824,-0.03933465539665238,-0.0391772013985701,-0.03957859999991342
99.559003,-0.04146859999991648,-0.03867259999997259,-0.03901170642887014,-0.03915004522140987,-0.03957859999991342
99.579003,-0.034858600000006845,-0.0388245999999981,-0.038711759445194366,-0.03879249277388724,-0.03957859999991342
99.599002,-0.03787860000011278,-0.03863660000001801,-0.03849455193003318,-0.038396455477877275,-0.03863860000001296
99.619002,-0.04033860000004097,-0.03791860000005727,-0.03838435252578668,-0.03842661864805757,-0.03787860000011278
99.639002,-0.03863860000001296,-0.0387126000000535,-0.038369704821203644,-0.03816517342662901,-0.03863860000001296
99.659002,-0.03787860000011278,-0.038864600000033535,-0.03841847897829316,-0.03851314545460813,-0.03863860000001296
99.679002,-0.038828599999988,-0.0383726000000479,-0.03849625651050726,-0.03893841351987364,-0.03863860000001296
99.699002,-0.03863860000001296,-0.0387126000000535,-0.038578182281657165,-0.038603495104933196,-0.03863860000001296
99.719001,-0.03787860000011278,-0.03848660000003292,-0.03865204864788768,-0.03833729463873542,-0.03863860000001296
99.739001,-0.04033860000004097,-0.03863660000001801,-0.03871521441155223,-0.038646851748271004,-0.03863860000001296
99.759001,-0.0367486000000099,-0.03863660000001801,-0.03876898877386315,-0.03874242284382447,-0.03863860000001296
99.779001,-0.03957859999991342,-0.038976599999978136,-0.0388139331425476,-0.03880999860138968,-0.03957859999991342
99.799001,-0.03863860000001296,-0.03863659999997253,-0.038848880629466724,-0.03893806386943478,-0.03863860000001296
99.819,-0.03957859999991342,-0.03916459999995823,-0.03887416566232321,-0.03907480046614839,-0.03938859999993838
99.839,-0.03863860000001296,-0.038976599999978136,-0.03889594779110733,-0.038693122144492414,-0.03863860000001296
99.859,-0.03938859999993838,-0.038976599999978136,-0.03892678257497292,-0.038946735198122376,-0.03863860000001296
99.879,-0.03863860000001296,-0.03863660000001801,-0.038979994965180606,-0.038929742191153194,-0.03863860000001296
99.898999,-0.03863860000001296,-0.03905260000001363,-0.039060351285456874,-0.039139042890460767,-0.03863860000001296
99.918999,-0.03787860000011278,-0.03924260000003414,-0.039157413272735114,-0.039080791142234186,-0.03863860000001296
99.938999,-0.040718599999991056,-0.03924260000003414,-0.039247589398823564,-0.03927368158511357,-0.03863860000001296
99.958999,-0.04033860000004097,-0.03924260000003414,-0.03930512973052797,-0.03931377482520099,-0.03863860000001296
99.978999,-0.03863860000001296,-0.03958259999999427,-0.039314869778317316,-0.03925608251748686,-0.03957859999991342
99.998998,-0.03863860000001296,-0.039204599999993664,-0.03927779057355549,-0.03942347179485792,-0.038828599999988
100.018998,-0.03957859999991342,-0.03886459999998806,-0.03920685678785308,-0.03931100093238746,-0.03863860000001296
100.038998,-0.038828599999988,-0.039204599999993664,-0.03911831069891031,-0.03883978881120273,-0.038828599999988
100.058998,-0.03863860000001296,-0.03905260000001363,-0.039025212410327734,-0.03897846013986103,-0.038828599999988
100.078998,-0.04033860000004097,-0.038864600000033535,-0.03893602009708163,-0.03904990536132144,-0.03863860000001296
100.098998,-0.03787860000011278,-0.03901460000001862,-0.038856559819716925,-0.03884736456880176,-0.03863860000001296
100.118997,-0.03863860000001296,-0.038862600000038584,-0.038792232383438256,-0.038753914685356196,-0.03863860000001296
100.138997,-0.03957859999991342,-0.03852260000003298,-0.03874880717762534,-0.03874249277392337,-0.03863860000001296
100.158997,-0.03787860000011278,-0.03886259999999311,-0.03873232317788888,-0.03881309883450328,-0.03863860000001296
100.178997,-0.03863860000001296,-0.038900599999988114,-0.0387492392314801,-0.03879340186478449,-0.038828599999988
100.198996,-0.03957859999991342,-0.038900599999988114,-0.038807083832916825,-0.038981070862448196,-0.038828599999988
100.218996,-0.038828599999988,-0.03905259999996815,-0.03891437796019799,-0.038770138461521525,-0.038828599999988
100.238996,-0.03957859999991342,-0.03905259999996815,-0.03907751216996115,-0.03900407785545593,-0.038828599999988
100.258996,-0.03863860000001296,-0.03905259999996815,-0.03929345554725792,-0.03930002191136673,-0.038828599999988
100.278996,-0.03863860000001296,-0.03958059999995385,-0.0395413326690056,-0.03959232960367843,-0.03957859999991342
100.298995,-0.03957859999991342,-0.03958059999995385,-0.039779681742703084,-0.03971482377618239,-0.03957859999991342
100.318995,-0.04146859999991648,-0.039996599999949464,-0.039954727936144775,-0.03995142051276904,-0.03957859999991342
100.338995,-0.03957859999991342,-0.04003459999994448,-0.04001772252350956,-0.039978786480135864,-0.03957859999991342
100.358995,-0.040718599999991056,-0.039996599999949464,-0.03994227340334503,-0.03990419440554662,-0.03957859999991342
100.378995,-0.038828599999988,-0.03946859999996377,-0.03973243681560367,-0.0399021897435449,-0.03938859999993838
100.398994,-0.03938859999993838,-0.03928059999998368,-0.039419120431526934,-0.0392579240093025,-0.038828599999988
100.418994,-0.038828599999988,-0.03905259999996815,-0.03904958196880992,-0.03898666526804014,-0.038828599999988
100.438994,-0.03863860000001296,-0.03863659999997253,-0.038676838995142786,-0.03887610582747734,-0.038828599999988
100.458994,-0.03957859999991342,-0.03867459999996754,-0.03835243210883262,-0.03809577948715268,-0.038828599999988
100.478994,-0.0367486000000099,-0.03825859999997192,-0.03812126037820447,-0.03825542983679004,-0.03863860000001296
100.498994,-0.03957859999991342,-0.03788059999997131,-0.03801547614520943,-0.03820135058271482,-0.0367486000000099
100.518993,-0.0367486000000099,-0.038222599999971865,-0.03804679614091358,-0.03809041818180703,-0.0367486000000099
100.538993,-0.0367486000000099,-0.038448599999992436,-0.03820048849475094,-0.03811302890443593,-0.03787860000011278
100.558993,-0.04128859999991619,-0.038108600000032314,-0.038435802468851574,-0.03840104755245245,-0.03787860000011278
100.578993,-0.03787860000011278,-0.038674600000013014,-0.038694503384752214,-0.0386842643356803,-0.03787860000011278
100.598993,-0.03787860000011278,-0.03924059999999372,-0.03891408294759981,-0.0387070382284587,-0.03957859999991342
100.618992,-0.03957859999991342,-0.03855860000003304,-0.0390408296251903,-0.03911552307692719,-0.03787860000011278
100.638992,-0.03957859999991342,-0.038898599999993164,-0.039040841744671886,-0.0392121431235418,-0.03957859999991342
100.658992,-0.03787860000011278,-0.03908859999996821,-0.038908744314978594,-0.03883347179486721,-0.03957859999991342
100.678992,-0.03957859999991342,-0.038900599999988114,-0.03867220947872147,-0.03884771421908003,-0.038828599999988
100.698992,-0.038828599999988,-0.038334600000007414,-0.03838878339371267,-0.03832708484847827,-0.03863860000001296
100.718991,-0.03863860000001296,-0.038108599999986836,-0.03813236780397789,-0.03794165361307143,-0.03863860000001296
100.738991,-0.0367486000000099,-0.03776860000002671,-0.037970414278032855,-0.03787079114220661,-0.03787860000011278
100.758991,-0.0367486000000099,-0.03791860000001179,-0.03793933911020399,-0.03800526666666592,-0.03787860000011278
100.778991,-0.03787860000011278,-0.0379566000000068,-0.03803088442589219,-0.038029858741264806,-0.03787860000011278
100.79899,-0.03957859999991342,-0.03837260000000242,-0.03819918707326191,-0.03815990536131805,-0.038828599999988
100.81899,-0.038828599999988,-0.038750600000003035,-0.03838612922199783,-0.038465383216793166,-0.038828599999988
100.83899,-0.038828599999988,-0.038750600000003035,-0.038550214020396614,-0.03886608251748782,-0.038828599999988
100.85899,-0.03863860000001296,-0.03871260000000802,-0.03868231613470449,-0.03892079114219453,-0.038828599999988
100.87899,-0.03787860000011278,-0.03871260000000802,-0.038801187875845154,-0.0386213272727267,-0.038828599999988
100.898989,-0.03938859999993838,-0.038674600000013014,-0.03893410456446181,-0.03851575617717251,-0.03863860000001296
100.918989,-0.038828599999988,-0.03871260000000802,-0.03909493583229167,-0.03897820372960792,-0.038828599999988
100.938989,-0.03863860000001296,-0.03928059999998368,-0.03927119655133623,-0.03911307552447522,-0.038828599999988
100.958989,-0.038828599999988,-0.039546599999994214,-0.039426416185313486,-0.03971361165500195,-0.038828599999988
100.978989,-0.040718599999991056,-0.03950859999999921,-0.03951738099999222,-0.03978727132865586,-0.038828599999988
100.998989,-0.040718599999991056,-0.03992459999999483,-0.039518294208412456,-0.039510814452224916,-0.040718599999991056
101.018988,-0.03863860000001296,-0.03950859999999921,-0.039438316966678204,-0.03926948578089179,-0.040718599999991056
101.038988,-0.040718599999991056,-0.039092600000003586,-0.039320674947390014,-0.0394076909090803,-0.03863860000001296
101.058988,-0.0367486000000099,-0.03886459999998806,-0.039222043733604814,-0.03940002191139516,-0.03863860000001296
101.078988,-0.03863860000001296,-0.039430599999968764,-0.039183752332476104,-0.03909545314683055,-0.03957859999991342
101.098988,-0.03957859999991342,-0.03901459999997314,-0.03921187072396843,-0.03880710815849911,-0.03863860000001296
101.118987,-0.04146859999991648,-0.03924059999999372,-0.03927666838391157,-0.03919668857807539,-0.03863860000001296
101.138987,-0.03863860000001296,-0.03924059999999372,-0.03932828338288677,-0.03933494032632153,-0.03863860000001296
101.158987,-0.03787860000011278,-0.03961859999999433,-0.03931702245010126,-0.039694124475510975,-0.03863860000001296
101.178987,-0.03863860000001296,-0.03905260000001363,-0.03921014446045027,-0.03925999860141267,-0.03863860000001296
101.198987,-0.04146859999991648,-0.03890060000003359,-0.03900434781948228,-0.0389475510489844,-0.03863860000001296
101.218986,-0.03863860000001296,-0.03890060000003359,-0.03873330253318086,-0.03865407785551968,-0.03863860000001296
101.238986,-0.03787860000011278,-0.03890060000003359,-0.03846461116328859,-0.038598576690037266,-0.03863860000001296
101.258986,-0.03787860000011278,-0.038182600000072855,-0.03828161227356646,-0.03842680512827273,-0.03787860000011278
101.278986,-0.03863860000001296,-0.03803060000009282,-0.038254426173339066,-0.03803368158514266,-0.03787860000011278
101.298985,-0.03787860000011278,-0.03837060000005295,-0.03841229592703552,-0.03812274918422124,-0.03787860000011278
101.318985,-0.03787860000011278,-0.03871060000001307,-0.038729243322181646,-0.038884474125913025,-0.03863860000001296
101.338985,-0.03957859999991342,-0.039278600000034206,-0.0391295535303514,-0.03926876317018055,-0.03957859999991342
101.358985,-0.03957859999991342,-0.03961859999999433,-0.03951209599781493,-0.039529369230771015,-0.03957859999991342
101.378985,-0.041478600000118604,-0.039770599999974364,-0.039784445713904944,-0.03962666526804294,-0.03957859999991342
101.398984,-0.03957859999991342,-0.039770599999974364,-0.039892522094876745,-0.03996839020974518,-0.03957859999991342
101.418984,-0.03863860000001296,-0.039770599999974364,-0.039833820267542515,-0.03989006853143415,-0.03957859999991342
101.438984,-0.03957859999991342,-0.039542599999958836,-0.03965206690661536,-0.03975790069926875,-0.03957859999991342
101.458984,-0.03957859999991342,-0.03935459999997874,-0.0394205830521718,-0.03949216643353918,-0.03957859999991342
101.478984,-0.04033860000004097,-0.039542599999958836,-0.03922298942391652,-0.038883891375254886,-0.03957859999991342
101.498983,-0.03863860000001296,-0.039202599999998713,-0.03913441289386576,-0.03915414778554077,-0.03957859999991342
101.518983,-0.03957859999991342,-0.03905260000001363,-0.03920253292983978,-0.039366129137530716,-0.038828599999988
101.538983,-0.03787860000011278,-0.039430600000014235,-0.03943062816479874,-0.03946216643359107,-0.038828599999988
101.558983,-0.038828599999988,-0.03977060000001984,-0.039770300736498815,-0.03958524335666891,-0.03957859999991342
101.578983,-0.042228600000044025,-0.03992260000004535,-0.04013187590766682,-0.0400923296037628,-0.04033860000004097
101.598983,-0.04033860000004097,-0.040414600000030984,-0.040412326051283004,-0.040548180419632436,-0.04033860000004097
101.618982,-0.04033860000004097,-0.040944600000057105,-0.040529736926803055,-0.04055608251755009,-0.04033860000004097
101.638982,-0.04033860000004097,-0.04022660000005089,-0.040449428378033454,-0.0405461757576233,-0.04033860000004097
101.658982,-0.041478600000118604,-0.0399246000000403,-0.040192308785377225,-0.040196035897470145,-0.04033860000004097
101.678982,-0.03863860000001296,-0.039736600000014735,-0.03982463217643122,-0.03969650209790168,-0.03939859999991313
101.698982,-0.038828599999988,-0.03958459999998922,-0.03943476543788166,-0.03940734125874214,-0.03939859999991313
101.718981,-0.03939859999991313,-0.039016599999968093,-0.03910624671516034,-0.039064707226100774,-0.038828599999988
101.738981,-0.03957859999991342,-0.03886459999998806,-0.03889636884374292,-0.038923798135170606,-0.038828599999988
101.758981,-0.03863860000001296,-0.03901459999997314,-0.03882502671691733,-0.0388248470862065,-0.03939859999991313
101.778981,-0.03787860000011278,-0.0390505999999732,-0.03887348383914575,-0.03897041818179803,-0.03957859999991342
101.79898,-0.03957859999991342,-0.03886259999999311,-0.03899135966532478,-0.03890610582749435,-0.03863860000001296
101.81898,-0.03957859999991342,-0.03886259999999311,-0.03911086261059623,-0.038888623310014636,-0.03863860000001296
101.83898,-0.03863860000001296,-0.039202599999953236,-0.039166206541251025,-0.03924293566430377,-0.03957859999991342
101.85898,-0.03863860000001296,-0.039202599999953236,-0.03911391739341977,-0.039420861072204494,-0.03957859999991342
101.87898,-0.03957859999991342,-0.039202599999953236,-0.03894901245266887,-0.03909932261066057,-0.03957859999991342
101.89898,-0.03957859999991342,-0.03882459999995262,-0.03871203601483222,-0.03850605920741522,-0.03957859999991342
101.918979,-0.03957859999991342,-0.038446599999952015,-0.03848151257842542,-0.03847107086243306,-0.03957859999991342
101.938979,-0.0367486000000099,-0.03829659999996693,-0.03834894750748999,-0.0384341244754978,-0.038828599999988
101.958979,-0.0367486000000099,-0.038448599999992436,-0.038382426796554944,-0.03833144382282252,-0.038828599999988
101.978979,-0.038828599999988,-0.03826060000001234,-0.038595134053094095,-0.03836349510489147,-0.03863860000001296
101.998978,-0.04033860000004097,-0.03882659999999305,-0.03893591348051125,-0.03883270256410946,-0.038828599999988
102.018978,-0.03863860000001296,-0.039544599999999264,-0.03930706138304756,-0.03924260932402807,-0.03957859999991342
102.038978,-0.03957859999991342,-0.039846600000009856,-0.039599779957545767,-0.03979260932402013,-0.04033860000004097
102.058978,-0.04033860000004097,-0.039506600000004256,-0.039731510061574264,-0.04010393799533553,-0.03957859999991342
102.078978,-0.04033860000004097,-0.03969459999998435,-0.03967200634913285,-0.03986559300697749,-0.03957859999991342
102.098977,-0.03863860000001296,-0.03969459999998435,-0.03945047878229909,-0.039241000932381344,-0.03957859999991342
102.118977,-0.03957859999991342,-0.03901459999997314,-0.0391419874321594,-0.03886307552444866,-0.03957859999991342
102.138977,-0.03957859999991342,-0.03829659999996693,-0.03883784630972648,-0.038794660606031046,-0.03863860000001296
102.158977,-0.036938599999984945,-0.03848459999994702,-0.038610647237822905,-0.03839407785543675,-0.03957859999991342
102.178977,-0.0367486000000099,-0.03871259999996255,-0.038487835818161356,-0.038446315617657635,-0.03957859999991342
102.198977,-0.03957859999991342,-0.03818459999997685,-0.03844658903186629,-0.038616222377586995,-0.036938599999984945
102.218976,-0.040718599999991056,-0.03871259999996255,-0.03843386415842344,-0.03849689836826903,-0.03957859999991342
102.238976,-0.036938599999984945,-0.03893859999998313,-0.03840082400745126,-0.038448996270383465,-0.03957859999991342
102.258976,-0.03957859999991342,-0.03852259999998751,-0.038331521066800094,-0.03862857668996895,-0.03787860000011278
102.278976,-0.03787860000011278,-0.03795460000001185,-0.038250443291098474,-0.03859990536131171,-0.03787860000011278
102.298975,-0.03749859999993532,-0.038332600000012464,-0.038207355451610435,-0.037803471794900345,-0.03787860000011278
102.318975,-0.03787860000011278,-0.03814460000003237,-0.03824968170737081,-0.03786501025643449,-0.03787860000011278
102.338975,-0.038828599999988,-0.0379566000000068,-0.03839683598835556,-0.03846682843823739,-0.03787860000011278
102.358975,-0.03863860000001296,-0.038750600000003035,-0.03862788305679226,-0.03848165361305747,-0.03863860000001296
102.378975,-0.036938599999984945,-0.03909059999996316,-0.03888702052198227,-0.038924544055918886,-0.038828599999988
102.398974,-0.04146859999991648,-0.03905259999996815,-0.039104377294567755,-0.039514613985967686,-0.03863860000001296
102.418974,-0.03957859999991342,-0.03924059999994824,-0.039223808137770565,-0.03937407785541378,-0.03957859999991342
102.438974,-0.03863860000001296,-0.03976859999993394,-0.039225368288517616,-0.0389134951048549,-0.03957859999991342
102.458974,-0.03957859999991342,-0.03867259999997259,-0.039131482110681265,-0.039040651282013346,-0.03957859999991342
102.478974,-0.03957859999991342,-0.0384845999999925,-0.038994188436025756,-0.039012586013965934,-0.03863860000001296
102.498973,-0.03598860000010973,-0.0390505999999732,-0.03887136043503635,-0.03870069790208138,-0.03957859999991342
102.518973,-0.03863860000001296,-0.038900599999988114,-0.03880570960441573,-0.039033308624681275,-0.038828599999988
102.538973,-0.04146859999991648,-0.038900599999988114,-0.03881773281223176,-0.03900918275056861,-0.038828599999988
102.558973,-0.038828599999988,-0.039430599999968764,-0.038912547543294124,-0.03885246946386514,-0.038828599999988
102.578973,-0.03957859999991342,-0.03927859999998873,-0.039088609852423274,-0.03897184009323597,-0.038828599999988
102.598972,-0.03863860000001296,-0.038900599999988114,-0.03933575576876149,-0.03949827365964212,-0.038828599999988
102.618972,-0.03787860000011278,-0.03927859999998873,-0.039622715710434374,-0.03955549976688062,-0.03957859999991342
102.638972,-0.03957859999991342,-0.03965659999998934,-0.039887800972686085,-0.039505639627040366,-0.03957859999991342
102.658972,-0.040718599999991056,-0.03999659999999494,-0.04004769418772862,-0.04014158368297256,-0.04033860000004097
102.678972,-0.04146859999991648,-0.04014859999997498,-0.04002658099789919,-0.040159625641014544,-0.04033860000004097
102.698972,-0.04033860000004097,-0.04014859999997498,-0.03979147786057558,-0.03980321538459517,-0.04033860000004097
102.718971,-0.03863860000001296,-0.03935459999997874,-0.0393729761713247,-0.03951267925403625,-0.03957859999991342
102.738971,-0.03957859999991342,-0.038448599999992436,-0.03885890158397287,-0.03886279580416912,-0.03863860000001296
102.758971,-0.0367486000000099,-0.03829659999996693,-0.03836446487518894,-0.03821417109555755,-0.03863860000001296
102.778971,-0.036938599999984945,-0.03814459999998689,-0.03799473705380677,-0.037849089510495634,-0.03787860000011278
102.79897,-0.03957859999991342,-0.037804600000026764,-0.037816901130440395,-0.03787946247087194,-0.03787860000011278
102.81897,-0.03787860000011278,-0.03818260000002738,-0.037851141709896376,-0.03789407785550661,-0.03787860000011278
102.83897,-0.03787860000011278,-0.03852260000003298,-0.03807694081277641,-0.038155173426624035,-0.03863860000001296
102.85897,-0.03863860000001296,-0.038334600000052885,-0.038445142847418484,-0.038741070862513,-0.03863860000001296
102.87897,-0.03863860000001296,-0.03890260000002854,-0.03888878967001648,-0.03887692167834732,-0.03863860000001296
102.898969,-0.03863860000001296,-0.03924259999998867,-0.03933198921154454,-0.03908545314686428,-0.03863860000001296
102.918969,-0.040718599999991056,-0.039430599999968764,-0.03969933793339482,-0.03975002191137593,-0.03957859999991342
102.938969,-0.03957859999991342,-0.039846599999964386,-0.03992725228488552,-0.039824847086204054,-0.03957859999991342
102.958969,-0.03957859999991342,-0.04003459999994448,-0.03997561666179589,-0.039852446153803414,-0.03957859999991342
102.978969,-0.040718599999991056,-0.03946659999996882,-0.03983645747128283,-0.039776921678278815,-0.03957859999991342
102.998968,-0.03957859999991342,-0.03946659999996882,-0.03953676540130743,-0.039677154778522114,-0.03957859999991342
103.018968,-0.03787860000011278,-0.03927859999998873,-0.03913420244177808,-0.039232166433549,-0.03957859999991342
103.038968,-0.03957859999991342,-0.03886259999999311,-0.03870652028077137,-0.0387012573426622,-0.03863860000001296
103.058968,-0.03863860000001296,-0.038334600000007414,-0.0383369675984768,-0.038317574358974295,-0.03863860000001296
103.078968,-0.03863860000001296,-0.038146599999981844,-0.03809752907002786,-0.03803517342656183,-0.03863860000001296
103.098967,-0.036938599999984945,-0.038146599999981844,-0.03803135984661133,-0.03812929930068221,-0.03863860000001296
103.118967,-0.036938599999984945,-0.03818459999997685,-0.038138346130314624,-0.038254707226074554,-0.03863860000001296
103.138967,-0.03957859999991342,-0.038222599999971865,-0.03837111663923294,-0.03804563962702281,-0.038828599999988
103.158967,-0.038828599999988,-0.038562599999977465,-0.038646871452167365,-0.03865727132864679,-0.038828599999988
103.178967,-0.038828599999988,-0.03894059999997808,-0.03887244523679339,-0.03892839020975851,-0.038828599999988
103.198967,-0.03863860000001296,-0.0391685999999936,-0.038973224336977905,-0.039075266666655284,-0.038828599999988
103.218966,-0.038828599999988,-0.03879059999999299,-0.0389162335249023,-0.03909298228438712,-0.038828599999988
103.238966,-0.040718599999991056,-0.03860060000001795,-0.03872118871627877,-0.0384379706293846,-0.03863860000001296
103.258966,-0.036938599999984945,-0.03863860000001296,-0.03845623065775038,-0.03859750442892054,-0.038828599999988
103.278966,-0.03787860000011278,-0.03826060000001234,-0.038218310374315285,-0.03830974219116773,-0.03787860000011278
103.298965,-0.038828599999988,-0.03818460000002233,-0.03810365423237117,-0.03818013846156103,-0.03787860000011278
103.318965,-0.036938599999984945,-0.03818460000002233,-0.03817813820814464,-0.03799146713286413,-0.03787860000011278
103.338965,-0.04033860000004097,-0.03852459999998246,-0.038456616681023334,-0.038200581351974565,-0.038828599999988
103.358965,-0.036938599999984945,-0.03867459999996754,-0.03889591726836985,-0.03908284242423577,-0.03957859999991342
103.378965,-0.03957859999991342,-0.03958259999999427,-0.03940284908994314,-0.03954146713283996,-0.03957859999991342
103.398964,-0.03957859999991342,-0.03965859999998429,-0.03985681875672669,-0.03977515011653822,-0.03957859999991342
103.418964,-0.041478600000118604,-0.040186599999969985,-0.040143270544938874,-0.04006629230767782,-0.03957859999991342
103.438964,-0.040718599999991056,-0.03999859999998989,-0.0401882536870085,-0.040138320279690894,-0.03957859999991342
103.458964,-0.03957859999991342,-0.03999859999998989,-0.039980922334987415,-0.04023216643352642,-0.03957859999991342
103.478964,-0.03863860000001296,-0.03961859999994886,-0.039575103141111755,-0.03959804055940305,-0.03957859999991342
103.498963,-0.03957859999991342,-0.038862599999947636,-0.03907106390178052,-0.03905934592071061,-0.03957859999991342
103.518963,-0.03957859999991342,-0.03852259999998751,-0.03858605305042519,-0.038291513752898396,-0.03863860000001296
103.538963,-0.036938599999984945,-0.03837060000000747,-0.038222838055448016,-0.038137061538476784,-0.03787860000011278
103.558963,-0.03787860000011278,-0.03803060000004734,-0.038043351941915604,-0.038063262004706166,-0.03787860000011278
103.578963,-0.03787860000011278,-0.03803060000004734,-0.03805400149469913,-0.038355523076961294,-0.03787860000011278
103.598962,-0.03787860000011278,-0.03837060000005295,-0.03820803875814603,-0.03821717808862109,-0.03787860000011278
103.618962,-0.03957859999991342,-0.03871060000001307,-0.03842497918253024,-0.03818475384618118,-0.03863860000001296
103.638962,-0.03863860000001296,-0.0384845999999925,-0.038619306416373116,-0.03882351841492358,-0.03863860000001296
103.658962,-0.03957859999991342,-0.03863659999997253,-0.03872646076281961,-0.038640441491832406,-0.03863860000001296
103.678962,-0.0367486000000099,-0.03878859999999804,-0.038716992085111396,-0.038896478787849215,-0.03863860000001296
103.698961,-0.03863860000001296,-0.03841059999999743,-0.03859771149899249,-0.03855696829835319,-0.03863860000001296
103.718961,-0.04033860000004097,-0.03841059999999743,-0.03840489074716994,-0.03837673519814477,-0.03863860000001296
103.738961,-0.0367486000000099,-0.03825860000001739,-0.03819395689012245,-0.038142912354321316,-0.03863860000001296
103.758961,-0.03957859999991342,-0.03829660000001241,-0.03802588091011564,-0.03779361165502853,-0.038828599999988
103.77896,-0.03598860000010973,-0.03757860000000619,-0.03794997164204257,-0.038070744522156016,-0.0367486000000099
103.79896,-0.038828599999988,-0.0379566000000068,-0.037987389870289504,-0.037956432167845534,-0.03863860000001296
103.81896,-0.0367486000000099,-0.038108600000032314,-0.03812351749786116,-0.038108786480193085,-0.03863860000001296
103.83896,-0.03863860000001296,-0.03863860000001296,-0.0383152413964368,-0.038522539393963516,-0.03863860000001296
103.85896,-0.04033860000004097,-0.03860060000001795,-0.038511474936616774,-0.038415476456921255,-0.03863860000001296
103.87896,-0.03863860000001296,-0.03882660000003853,-0.03867648640646991,-0.03882258601401792,-0.03863860000001296
103.898959,-0.03863860000001296,-0.03882660000003853,-0.03880258760137847,-0.03874487039630559,-0.03863860000001296
103.918959,-0.03787860000011278,-0.038674600000013014,-0.03890544087625413,-0.03908121072261932,-0.03863860000001296
103.938959,-0.03863860000001296,-0.03886259999999311,-0.0390072903651229,-0.03881445081583595,-0.03863860000001296
103.958959,-0.03957859999991342,-0.0390505999999732,-0.03912064506173184,-0.03886074452212408,-0.03957859999991342
103.978959,-0.03957859999991342,-0.039202599999953236,-0.03924182896189284,-0.03938163030298639,-0.03957859999991342
103.998958,-0.03957859999991342,-0.039542599999958836,-0.0393548582714205,-0.03933225967361691,-0.03957859999991342
104.018958,-0.03863860000001296,-0.039542599999958836,-0.03943985527671645,-0.03958377482513306,-0.03957859999991342
104.038958,-0.04033860000004097,-0.039202599999998713,-0.039480317922054614,-0.0395337515151364,-0.03957859999991342
104.058958,-0.03957859999991342,-0.039430600000014235,-0.03946699145745744,-0.039246805128212756,-0.03957859999991342
104.078958,-0.03787860000011278,-0.039430600000014235,-0.03939880925976207,-0.039385965967378936,-0.03957859999991342
104.098958,-0.040718599999991056,-0.039090600000008635,-0.03928256613989046,-0.03932638554781379,-0.03863860000001296
104.118957,-0.03863860000001296,-0.03924260000003414,-0.039132901054782475,-0.039409788811219024,-0.03863860000001296
104.138957,-0.03863860000001296,-0.03924260000003414,-0.03897247133122653,-0.03876869324013189,-0.03863860000001296
104.158957,-0.04033860000004097,-0.03882660000003853,-0.03883010061568313,-0.03873188671334091,-0.03863860000001296
104.178957,-0.03787860000011278,-0.038448600000037914,-0.03873452916045172,-0.038850278321703915,-0.03863860000001296
104.198956,-0.03863860000001296,-0.038864600000033535,-0.038704082086958934,-0.03871333193474818,-0.03863860000001296
104.218956,-0.0367486000000099,-0.03871260000000802,-0.03873693215254466,-0.03884114079255395,-0.03863860000001296
104.238956,-0.040718599999991056,-0.03886459999998806,-0.0388090265117295,-0.038621210722617864,-0.03863860000001296
104.258956,-0.03957859999991342,-0.03871260000000802,-0.03888293650466978,-0.03883438088578725,-0.03863860000001296
104.278955,-0.03863860000001296,-0.039090600000008635,-0.0389226856514041,-0.03893813379954534,-0.03863860000001296
104.298955,-0.03787860000011278,-0.03901460000001862,-0.03890563991490232,-0.038908646620063714,-0.03863860000001296
104.318955,-0.03863860000001296,-0.03848660000003292,-0.03882723364746966,-0.03901204988345395,-0.03863860000001296
104.338955,-0.04033860000004097,-0.038674600000013014,-0.038701018000753616,-0.03867873986015492,-0.03863860000001296
104.358955,-0.036938599999984945,-0.03886459999998806,-0.03855717115558192,-0.03842030163171675,-0.038828599999988
104.378955,-0.03957859999991342,-0.03871260000000802,-0.038438689863435474,-0.038455616317027076,-0.038828599999988
104.398955,-0.038828599999988,-0.03803259999999682,-0.03839258634289422,-0.03858267925407556,-0.03787860000011278
104.418954,-0.03787860000011278,-0.03871260000000802,-0.03845564089199481,-0.03849270256410979,-0.038828599999988
104.438954,-0.036938599999984945,-0.03871260000000802,-0.038638527644585474,-0.038609019580414045,-0.038828599999988
104.458954,-0.04033860000004097,-0.03871260000000802,-0.03891567789353237,-0.038791583682985215,-0.038828599999988
104.478954,-0.03957859999991342,-0.03905259999996815,-0.03922747150734527,-0.038845313286699476,-0.03957859999991342
104.498953,-0.038828599999988,-0.03939259999997376,-0.039495311950300455,-0.039503005594362636,-0.03957859999991342
104.518953,-0.03957859999991342,-0.03961859999994886,-0.03964424169660364,-0.03990184009318659,-0.03957859999991342
104.538953,-0.03863860000001296,-0.039770599999974364,-0.03962680592498473,-0.03992538321675508,-0.03957859999991342
104.558953,-0.04146859999991648,-0.03958059999999932,-0.0394427954530361,-0.03945396130535684,-0.03957859999991342
104.578953,-0.04033860000004097,-0.03924060000003919,-0.039147600529421386,-0.03920197995342549,-0.03863860000001296
104.598953,-0.03787860000011278,-0.03908860000005916,-0.03884035845259129,-0.038781094172561405,-0.03787860000011278
104.618952,-0.03787860000011278,-0.03837060000009842,-0.0386294211286448,-0.038406991608485916,-0.03787860000011278
104.638952,-0.03787860000011278,-0.03803060000009282,-0.038586668610772146,-0.03843391468541522,-0.03787860000011278
104.658952,-0.03787860000011278,-0.038522600000078455,-0.03871294918173781,-0.0384365953380838,-0.03787860000011278
104.678952,-0.03863860000001296,-0.03909060000005411,-0.038934352809993994,-0.03911720139864368,-0.03863860000001296
104.698951,-0.04033860000004097,-0.039430600000014235,-0.03913386632284638,-0.03927885641028328,-0.03957859999991342
104.718951,-0.040718599999991056,-0.03958259999999427,-0.03920422074428056,-0.039364637296035745,-0.03957859999991342
104.738951,-0.03957859999991342,-0.03905260000001363,-0.03909583874966922,-0.03926067459206257,-0.03957859999991342
104.758951,-0.03863860000001296,-0.03886259999999311,-0.038836189182463655,-0.03882431095572314,-0.03938859999993838
104.77895,-0.03598860000010973,-0.038294600000017456,-0.038513279241167334,-0.03851918275059944,-0.03863860000001296
104.79895,-0.03938859999993838,-0.03795460000005733,-0.03823592384103237,-0.038082119813550815,-0.03787860000011278
104.81895,-0.03787860000011278,-0.03814260000003742,-0.038092920165474636,-0.03797116410261236,-0.03787860000011278
104.83895,-0.03787860000011278,-0.03852060000003803,-0.038127525867659946,-0.038021234032687846,-0.03787860000011278
104.85895,-0.03957859999991342,-0.03837060000005295,-0.03833082557085315,-0.038328087179527355,-0.03787860000011278
104.87895,-0.03787860000011278,-0.03852260000003298,-0.038648798729525286,-0.038976711888137866,-0.03863860000001296
104.898949,-0.03863860000001296,-0.03901460000001862,-0.038996937480369157,-0.03874144382289032,-0.03863860000001296
104.918949,-0.03863860000001296,-0.03916660000004413,-0.039279648887168374,-0.039391187412620064,-0.03863860000001296
104.938949,-0.04033860000004097,-0.03916660000004413,-0.03941375451319439,-0.039539742191180324,-0.03863860000001296
104.958949,-0.04033860000004097,-0.03958260000003975,-0.039352766437754975,-0.03910267925413806,-0.04033860000004097
104.978949,-0.03787860000011278,-0.039204600000039135,-0.03910379588178438,-0.03923876317019163,-0.04033860000004097
104.998948,-0.040718599999991056,-0.03848660000003292,-0.03872830597979585,-0.038815569696985394,-0.03787860000011278
105.018948,-0.0367486000000099,-0.038334600000007414,-0.038324024804170936,-0.03831288904430187,-0.03787860000011278
105.038948,-0.0367486000000099,-0.038108599999986836,-0.037994338754504184,-0.037749275990691375,-0.0367486000000099
105.058948,-0.03957859999991342,-0.03754060000001118,-0.03781757239658839,-0.03766281911422965,-0.0367486000000099
105.078948,-0.0367486000000099,-0.03791860000001179,-0.03782793661554806,-0.0380712340326162,-0.03787860000011278
105.098948,-0.03787860000011278,-0.0384845999999925,-0.03801327605016667,-0.037943005594397734,-0.03863860000001296
105.118947,-0.03863860000001296,-0.0384845999999925,-0.03832718361254057,-0.038615243356649134,-0.03863860000001296
105.138947,-0.03957859999991342,-0.03871060000001307,-0.03870848382720949,-0.038809089510490835,-0.03863860000001296
105.158947,-0.03957859999991342,-0.039202599999998713,-0.039099370949804355,-0.039014940326352464,-0.03957859999991342
105.178947,-0.03787860000011278,-0.039390599999978806,-0.03945497321769105,-0.039490324941714,-0.03957859999991342
105.198946,-0.04033860000004097,-0.03954260000000431,-0.039742954135118566,-0.039645033566423696,-0.03957859999991342
105.218946,-0.03957859999991342,-0.039504600000009306,-0.03993857001305544,-0.03957046480186883,-0.03957859999991342
105.238946,-0.04033860000004097,-0.03999659999999494,-0.040022425740757914,-0.04003121072260901,-0.04033860000004097
105.258946,-0.03938859999993838,-0.039844599999969435,-0.03998424791631385,-0.04008111748249736,-0.03957859999991342
105.278945,-0.04033860000004097,-0.04022259999997004,-0.03983084487334863,-0.04007503356638906,-0.04033860000004097
105.298945,-0.03957859999991342,-0.039540599999963885,-0.039593168309135944,-0.03962097762234263,-0.03957859999991342
105.318945,-0.04146859999991648,-0.03942659999997886,-0.039326075311433326,-0.03941480046617933,-0.03957859999991342
105.338945,-0.03692860000001019,-0.03908659999997326,-0.03909589510079565,-0.03894764428901857,-0.03881860000001325
105.358945,-0.03881860000001325,-0.03893459999999323,-0.03895717235294464,-0.03885116410256679,-0.03881860000001325
105.378945,-0.03863860000001296,-0.03836860000001252,-0.03892875460018954,-0.038732516083921524,-0.03863860000001296
105.398944,-0.03881860000001325,-0.03905060000001868,-0.038983266351706916,-0.038895569696981644,-0.03881860000001325
105.418944,-0.03863860000001296,-0.039202599999998713,-0.03905826193722487,-0.039043704895099535,-0.03881860000001325
105.438944,-0.04033860000004097,-0.03935259999998379,-0.03908571537430982,-0.03961484708623711,-0.03938859999993838
105.458944,-0.03957859999991342,-0.039316599999983735,-0.039026315896428306,-0.03912020839161021,-0.03938859999993838
105.478944,-0.03938859999993838,-0.0391646000000037,-0.03889126682864915,-0.038880208391613005,-0.03938859999993838
105.498944,-0.03863860000001296,-0.038446599999997486,-0.038739193087071445,-0.03868034825174865,-0.03863860000001296
105.518943,-0.03787860000011278,-0.038446599999997486,-0.03864823589666597,-0.038488227039607935,-0.03863860000001296
105.538943,-0.0367486000000099,-0.0384845999999925,-0.0386773776299416,-0.038344450815827415,-0.03863860000001296
105.558943,-0.03957859999991342,-0.03867259999997259,-0.03883792513591574,-0.038816292307673854,-0.03957859999991342
105.578943,-0.03957859999991342,-0.03916459999995823,-0.03909051274645113,-0.03916850675988681,-0.03957859999991342
105.598942,-0.03957859999991342,-0.03995859999995446,-0.039367698013178874,-0.039664660606019204,-0.03957859999991342
105.618942,-0.04033860000004097,-0.03980659999997442,-0.03960746071185827,-0.03983703822838615,-0.03957859999991342
105.638942,-0.040718599999991056,-0.03980659999997442,-0.03977819587094775,-0.03987645547782791,-0.03957859999991342
105.658942,-0.03881860000001325,-0.03961859999999433,-0.039882514897644585,-0.03971706153846221,-0.03957859999991342
105.678941,-0.03957859999991342,-0.03961859999999433,-0.03994021710534147,-0.039746199067605674,-0.03957859999991342
105.698941,-0.03863860000001296,-0.03961859999999433,-0.03996313057133098,-0.039726385547783884,-0.03957859999991342
105.718941,-0.04033860000004097,-0.039770599999974364,-0.03993916991829814,-0.03972139720276467,-0.03957859999991342
105.738941,-0.040718599999991056,-0.039770599999974364,-0.03983644624873011,-0.03998643216778398,-0.03957859999991342
105.758941,-0.03957859999991342,-0.03995859999995446,-0.039624788588788006,-0.03980193333329039,-0.03957859999991342
105.778941,-0.03957859999991342,-0.039654599999948914,-0.03930116322064445,-0.03945645547781822,-0.03957859999991342
105.79894,-0.03957859999991342,-0.03870859999997265,-0.03890387375748074,-0.039093168764533386,-0.03957859999991342
105.81894,-0.03881860000001325,-0.03855659999999261,-0.038507128742041326,-0.038345872727277006,-0.03881860000001325
105.83894,-0.03598860000010973,-0.038216600000032484,-0.03819763881639902,-0.037992749184188525,-0.03881860000001325
105.85894,-0.03881860000001325,-0.037876600000072355,-0.03804397558655711,-0.03813211981356291,-0.03787860000011278
105.87894,-0.03787860000011278,-0.03802860000005239,-0.03807321593949625,-0.037989439160887914,-0.03787860000011278
105.898939,-0.03787860000011278,-0.038746600000013134,-0.03826491212364348,-0.03829202657347352,-0.03881860000001325
105.91894,-0.03957859999991342,-0.03855860000003304,-0.038562456463610416,-0.03875027832170781,-0.03787860000011278
105.938939,-0.03957859999991342,-0.03905060000001868,-0.03889346391219159,-0.03917160699302215,-0.03957859999991342
105.958939,-0.03787860000011278,-0.03923859999999877,-0.039188566915867716,-0.038930115151528916,-0.03957859999991342
105.978939,-0.04033860000004097,-0.03905060000001868,-0.039392109396089475,-0.03914839020980515,-0.03881860000001325
105.998939,-0.03881860000001325,-0.03889860000003864,-0.03946526387016018,-0.03935328531469176,-0.03881860000001325
106.018938,-0.03863860000001296,-0.03939060000002428,-0.03938712513499279,-0.03934279580422661,-0.03881860000001325
106.038938,-0.03881860000001325,-0.03923859999999877,-0.0391593842161426,-0.0392184368298546,-0.03881860000001325
106.058938,-0.04033860000004097,-0.03905060000001868,-0.03881539715636715,-0.03923729463869606,-0.03881860000001325
106.078938,-0.03957859999991342,-0.03870860000001812,-0.03842693930432292,-0.038420278321713644,-0.03881860000001325
106.098937,-0.03787860000011278,-0.03852060000003803,-0.03809704848731805,-0.038153751515202006,-0.03787860000011278
106.118937,-0.03692860000001019,-0.037650600000051784,-0.037931978876560316,-0.03776797062942044,-0.03787860000011278
106.138937,-0.03787860000011278,-0.037650600000051784,-0.03799927301569467,-0.03785004522148391,-0.03787860000011278
106.158937,-0.03598860000010973,-0.037990600000011907,-0.038292144968609707,-0.03810932261073316,-0.03787860000011278
106.178937,-0.03957859999991342,-0.038898599999993164,-0.03872176344426533,-0.038721700233084216,-0.03957859999991342
106.198936,-0.03957859999991342,-0.03923859999995329,-0.03914630956363823,-0.03915188671325255,-0.03957859999991342
106.218936,-0.04146859999991648,-0.03976859999993394,-0.039425867291091335,-0.03954253939389786,-0.03957859999991342
106.238936,-0.03957859999991342,-0.039428599999973814,-0.039477276929202734,-0.03977629230763936,-0.03957859999991342
106.258936,-0.03863860000001296,-0.039428599999973814,-0.03930319468424208,-0.039563961305322394,-0.03957859999991342
106.278936,-0.03787860000011278,-0.03886259999999311,-0.038984829064632895,-0.03877832027972296,-0.03863860000001296
106.298935,-0.03957859999991342,-0.03829660000001241,-0.03864668089166211,-0.03849589603730156,-0.03863860000001296
106.318935,-0.03863860000001296,-0.038332600000012464,-0.038411257509688,-0.03815906620047942,-0.03863860000001296
106.338935,-0.0367486000000099,-0.03867259999997259,-0.038359870462889085,-0.038368133799539114,-0.03881860000001325
106.358935,-0.03881860000001325,-0.0384845999999925,-0.038509530173160986,-0.03860764428902526,-0.03863860000001296
106.378935,-0.03957859999991342,-0.03867259999997259,-0.038810781682730784,-0.03867820372956503,-0.03881860000001325
106.398934,-0.03863860000001296,-0.03923859999995329,-0.0391658533851453,-0.039133681585027134,-0.03957859999991342
106.418934,-0.03957859999991342,-0.03939059999993333,-0.039460432040780986,-0.039716665267998566,-0.03957859999991342
106.438934,-0.03957859999991342,-0.03976859999993394,-0.039599057846882016,-0.039801863403201555,-0.03957859999991342
106.458934,-0.03957859999991342,-0.03961659999995391,-0.03953442567078105,-0.039573471794823706,-0.03957859999991342
106.478934,-0.04146859999991648,-0.03908659999997326,-0.03928220348697626,-0.039039882051265136,-0.03957859999991342
106.498934,-0.03787860000011278,-0.038898599999993164,-0.03891517182655347,-0.0387330055943976,-0.03863860000001296
106.518933,-0.03692860000001019,-0.03836860000001252,-0.03853678201947155,-0.038532329603721056,-0.03787860000011278
106.538933,-0.03863860000001296,-0.037990600000011907,-0.03824451034971645,-0.03837323869463059,-0.03787860000011278
106.558933,-0.03692860000001019,-0.038330599999972036,-0.038100127030123374,-0.03821647878787585,-0.03863860000001296
106.578933,-0.03957859999991342,-0.03852059999999256,-0.038119543298066064,-0.037863355244767756,-0.03863860000001296
106.598932,-0.03957859999991342,-0.03836860000001252,-0.038281628620626264,-0.038163914685321494,-0.03787860000011278
106.618932,-0.03787860000011278,-0.03855860000003304,-0.03854433368364772,-0.038865662937086785,-0.03787860000011278
106.638932,-0.03787860000011278,-0.03878660000004856,-0.03885653501663556,-0.03924044149189009,-0.03787860000011278
106.658932,-0.03787860000011278,-0.039316600000074683,-0.03916377398685067,-0.03909911282058911,-0.03787860000011278
106.678931,-0.040718599999991056,-0.039316600000074683,-0.039414460049174815,-0.03896552307700115,-0.03787860000011278
106.698931,-0.042228600000044025,-0.03909060000005411,-0.039570654243010456,-0.03936876317022488,-0.03787860000011278
106.718931,-0.03787860000011278,-0.03980860000001485,-0.039618250661219497,-0.03957321538464427,-0.040718599999991056
106.738931,-0.0367486000000099,-0.039732600000024834,-0.03956878783587639,-0.03987123403263925,-0.04033860000004097
106.758931,-0.04146859999991648,-0.03901460000001862,-0.0394535068253774,-0.039803052214452024,-0.03863860000001296
106.778931,-0.04033860000004097,-0.03958259999999427,-0.0393171511708809,-0.03922601258744196,-0.04033860000004097
106.79893,-0.03863860000001296,-0.03980860000001485,-0.03921383793347207,-0.038999742191161965,-0.04033860000004097
106.81893,-0.040718599999991056,-0.03909060000005411,-0.03919827316587257,-0.03918580279722504,-0.03863860000001296
106.83893,-0.03787860000011278,-0.0389386000000286,-0.039306679903319305,-0.03946167692312188,-0.03863860000001296
106.85893,-0.03787860000011278,-0.039278600000034206,-0.0395331607489835,-0.03920657202800915,-0.03957859999991342
106.878929,-0.03957859999991342,-0.03965660000003481,-0.03981724615371932,-0.03980048811189599,-0.03957859999991342
106.898929,-0.04033860000004097,-0.03999659999999494,-0.04005691152826818,-0.04009062797203844,-0.03957859999991342
106.918929,-0.04260859999999411,-0.04048859999998058,-0.040147014551809926,-0.040061140792548855,-0.04033860000004097
106.938929,-0.03957859999991342,-0.04014860000002045,-0.04002533567189293,-0.040401210722609264,-0.04033860000004097
106.958929,-0.04033860000004097,-0.039844600000014906,-0.03970144853980735,-0.03983710815852481,-0.03957859999991342
106.978929,-0.03787860000011278,-0.03905060000001868,-0.03925348380533381,-0.039272306293725856,-0.03881860000001325
106.998928,-0.03881860000001325,-0.03852060000003803,-0.038796307654530814,-0.03870680512821241,-0.03863860000001296
107.018928,-0.03863860000001296,-0.03836860000001252,-0.03843811031833337,-0.038119905361332654,-0.03863860000001296
107.038928,-0.03692860000001019,-0.03836860000001252,-0.038244193793932235,-0.03810039487184175,-0.03863860000001296
107.058928,-0.03957859999991342,-0.03818060000003243,-0.03821986602343518,-0.03804689836833191,-0.03787860000011278
107.078928,-0.03787860000011278,-0.038216600000032484,-0.03831517092292235,-0.038660208391615124,-0.03787860000011278
107.098927,-0.03787860000011278,-0.038746600000013134,-0.03844694715824008,-0.038587830769234735,-0.03881860000001325
107.118927,-0.03881860000001325,-0.038746600000013134,-0.03852985824160308,-0.03867591934733199,-0.03881860000001325
107.138927,-0.03957859999991342,-0.03840660000000753,-0.0385066545817113,-0.0384913505827697,-0.03881860000001325
107.158927,-0.03957859999991342,-0.03840660000000753,-0.038367476281829536,-0.03816209650351162,-0.03881860000001325
107.178926,-0.03617860000008477,-0.03802860000000692,-0.03815016568150597,-0.03810846013986757,-0.03787860000011278
107.198926,-0.03787860000011278,-0.037876600000026885,-0.03792148911997777,-0.03807407785550107,-0.03787860000011278
107.218926,-0.03692860000001019,-0.037536600000066755,-0.03774967844002361,-0.0377813039627429,-0.03787860000011278
107.238926,-0.03881860000001325,-0.03802860000005239,-0.03768253730805444,-0.037631047552502794,-0.03787860000011278
107.258926,-0.03787860000011278,-0.03783860000003188,-0.03773857548854384,-0.037426292307765764,-0.03787860000011278
107.278925,-0.03863860000001296,-0.03802860000005239,-0.03790832922731847,-0.0380582037296559,-0.03787860000011278
107.298925,-0.03692860000001019,-0.0378406000000723,-0.03815902980354128,-0.03816424102569312,-0.03787860000011278
107.318925,-0.03787860000011278,-0.03855860000003304,-0.03844021286247974,-0.03860130396274176,-0.03787860000011278
107.338925,-0.03787860000011278,-0.03855860000003304,-0.038693979361416234,-0.038562259673698515,-0.03787860000011278
107.358925,-0.04146859999991648,-0.03905060000001868,-0.038873072599122024,-0.03890545314686929,-0.03863860000001296
107.378925,-0.03863860000001296,-0.03905060000001868,-0.03896162682929137,-0.03906258601399764,-0.03863860000001296
107.398924,-0.03938859999993838,-0.039390599999978806,-0.03898590485762314,-0.039130581351981365,-0.03938859999993838
107.418924,-0.03787860000011278,-0.0388245999999981,-0.03900500083348845,-0.039212026573409636,-0.03863860000001296
107.438924,-0.03957859999991342,-0.038860599999998156,-0.039083392302169846,-0.03909197995337567,-0.03881860000001325
107.458924,-0.03863860000001296,-0.03912660000000869,-0.03925822412994288,-0.03846950909091074,-0.03881860000001325
107.478924,-0.03881860000001325,-0.03927859999998873,-0.03951679345590858,-0.03930468391608427,-0.03881860000001325
107.498923,-0.040718599999991056,-0.03927859999998873,-0.039794776502362225,-0.039999345920738276,-0.03881860000001325
107.518923,-0.03863860000001296,-0.040374599999995556,-0.03999762073857562,-0.04028431095568505,-0.03957859999991342
107.538923,-0.03957859999991342,-0.040526599999975585,-0.04003897338032975,-0.040300045221433115,-0.03957859999991342
107.558923,-0.04411860000004708,-0.039768599999979413,-0.039882056870149445,-0.03990713146850754,-0.03957859999991342
107.578923,-0.03957859999991342,-0.039768599999979413,-0.03956443180541923,-0.03961179347317584,-0.03957859999991342
107.598922,-0.03692860000001019,-0.03923859999999877,-0.03918948050827201,-0.039091606993007885,-0.03863860000001296
107.618922,-0.03863860000001296,-0.03848259999999755,-0.03888417329518475,-0.03875757435898225,-0.03863860000001296
107.638922,-0.03692860000001019,-0.038294600000017456,-0.038744185986913815,-0.038693728205123984,-0.03863860000001296
107.658922,-0.04033860000004097,-0.0388245999999981,-0.03879600025627038,-0.038387551048948684,-0.03863860000001296
107.678921,-0.03863860000001296,-0.039390599999978806,-0.03899363198966325,-0.0390200219114191,-0.03957859999991342
107.698921,-0.03957859999991342,-0.03958059999999932,-0.03924639551153287,-0.03979771421909889,-0.03957859999991342
107.718921,-0.04146859999991648,-0.039428599999973814,-0.03945936773499154,-0.039606455477846546,-0.03957859999991342
107.738921,-0.03787860000011278,-0.039768599999979413,-0.03956637358327486,-0.03950610582748579,-0.03957859999991342
107.758921,-0.03957859999991342,-0.039202599999998713,-0.03954374467851661,-0.03917580279719041,-0.03957859999991342
107.778921,-0.04033860000004097,-0.0388245999999981,-0.03940531043483324,-0.039496875058262944,-0.03957859999991342
107.79892,-0.0367486000000099,-0.039316599999983735,-0.039187940608019625,-0.03921111748250232,-0.03957859999991342
107.81892,-0.03957859999991342,-0.039316599999983735,-0.03893839767348114,-0.03891799393937312,-0.03957859999991342
107.83892,-0.04033860000004097,-0.03859859999997752,-0.03870694078326239,-0.03874083776222326,-0.03957859999991342
107.85892,-0.03957859999991342,-0.0388245999999981,-0.03854465593767158,-0.0384751034965276,-0.03957859999991342
107.87892,-0.0367486000000099,-0.03848460000003797,-0.03849640061085242,-0.03850121072263516,-0.03787860000011278
107.898919,-0.03787860000011278,-0.03856060000002799,-0.038586042143003006,-0.03869505687648481,-0.03787860000011278
107.918919,-0.03787860000011278,-0.03856060000002799,-0.038802053988766794,-0.03885535990677108,-0.03787860000011278
107.938919,-0.040718599999991056,-0.03912660000000869,-0.0390964584961739,-0.03899347179487877,-0.03957859999991342
107.958919,-0.03957859999991342,-0.03980659999997442,-0.03940160843747287,-0.039393728205136425,-0.03957859999991342
107.978919,-0.03957859999991342,-0.03980659999997442,-0.03965567099986494,-0.039690255011634853,-0.03957859999991342
107.998918,-0.041278599999941434,-0.0395785999999589,-0.03982188187502024,-0.039861979953333807,-0.03957859999991342
108.018918,-0.03787860000011278,-0.0395785999999589,-0.03989241019974615,-0.04006186340319226,-0.03957859999991342
108.038918,-0.03957859999991342,-0.039956599999959506,-0.03987885864597972,-0.03969181678317201,-0.03957859999991342
108.058918,-0.03957859999991342,-0.03961659999995391,-0.039799424039388985,-0.03975412447548563,-0.03957859999991342
108.078918,-0.04146859999991648,-0.03961659999995391,-0.03967193806329975,-0.03953885641022575,-0.03957859999991342
108.098917,-0.03957859999991342,-0.03961659999995391,-0.039513675878263765,-0.03941995198130883,-0.03957859999991342
108.118917,-0.03787860000011278,-0.039428599999973814,-0.03934180844817805,-0.03964431095565098,-0.03957859999991342
108.138917,-0.03957859999991342,-0.0390505999999732,-0.039170119918317724,-0.039187224708603086,-0.03957859999991342
108.158917,-0.03863860000001296,-0.03886259999999311,-0.039004556424371846,-0.0388872013985979,-0.03863860000001296
108.178916,-0.03957859999991342,-0.03886259999999311,-0.03884288884130218,-0.03858531328672202,-0.03863860000001296
108.198916,-0.03863860000001296,-0.03871060000001307,-0.038679787277741115,-0.03886298228439594,-0.03863860000001296
108.218916,-0.03787860000011278,-0.03871060000001307,-0.038513855495517876,-0.038774986946385856,-0.03863860000001296
108.238916,-0.03881860000001325,-0.03852260000003298,-0.038352432415320936,-0.03839864662007083,-0.03863860000001296
108.258916,-0.03863860000001296,-0.03814460000003237,-0.038211814521463425,-0.03823722470865525,-0.03863860000001296
108.278916,-0.03863860000001296,-0.03814460000003237,-0.038111955958741756,-0.037845639627107464,-0.03863860000001296
108.298915,-0.0367486000000099,-0.03795660000005228,-0.038066225771746516,-0.03798351841496834,-0.03787860000011278
108.318915,-0.03787860000011278,-0.03780460000007224,-0.038070446129885895,-0.037908949650410285,-0.03787860000011278
108.338915,-0.03787860000011278,-0.037992600000052335,-0.038099092896170556,-0.03810067459213931,-0.03787860000011278
108.358915,-0.03787860000011278,-0.03821860000007291,-0.038114991492974745,-0.038360767832215065,-0.03787860000011278
108.378915,-0.03957859999991342,-0.03855860000003304,-0.038090764152563246,-0.03813748111893294,-0.03787860000011278
108.398914,-0.03787860000011278,-0.03836860000001252,-0.03803086766331232,-0.038407900699331754,-0.03787860000011278
108.418914,-0.03957859999991342,-0.037990600000011907,-0.037979380076985585,-0.037804101165503215,-0.03787860000011278
108.438914,-0.03692860000001019,-0.037990600000011907,-0.03800447031943332,-0.03808591934730683,-0.03787860000011278
108.458914,-0.03598860000010973,-0.03780059999999139,-0.038163820598732585,-0.038029369230768585,-0.03692860000001019
108.478914,-0.03957859999991342,-0.03833060000001751,-0.038468591572423445,-0.038004101165535695,-0.03692860000001019
108.498913,-0.03692860000001019,-0.03852060000003803,-0.038867092051942276,-0.03876421771563852,-0.03787860000011278
108.518913,-0.042228600000044025,-0.03939060000002428,-0.039259175491588416,-0.03937156037299594,-0.03957859999991342
108.538913,-0.03787860000011278,-0.03976860000002489,-0.03953530646968947,-0.03970265594407496,-0.04033860000004097
108.558913,-0.04033860000004097,-0.04011060000002544,-0.03962187463100171,-0.039964777156183115,-0.04033860000004097
108.578913,-0.04146859999991648,-0.03905060000001868,-0.03951261203857328,-0.0396369449883672,-0.03863860000001296
108.598912,-0.03863860000001296,-0.03954260000000431,-0.039272704520767636,-0.03927801724944306,-0.04033860000004097
108.618912,-0.03692860000001019,-0.03905060000001868,-0.039013428950725196,-0.038773122144551204,-0.03863860000001296
108.638912,-0.04033860000004097,-0.038332600000057934,-0.038847910460115646,-0.038749718881164096,-0.03787860000011278
108.658912,-0.03787860000011278,-0.038746600000058605,-0.038847234258595396,-0.03861906620052964,-0.03787860000011278
108.678912,-0.03787860000011278,-0.03908660000006421,-0.03901503311357717,-0.038764544055997954,-0.038628600000038205
108.698911,-0.040708600000016304,-0.03931260000003931,-0.039289489019182854,-0.03952139720282759,-0.038628600000038205
108.718911,-0.038628600000038205,-0.03965259999999944,-0.039570576272973015,-0.039900091841506884,-0.03957859999991342
108.738911,-0.04146859999991648,-0.040142599999990126,-0.03976098784783123,-0.0396958960373051,-0.04032860000006622
108.758911,-0.03957859999991342,-0.039726599999994505,-0.03980386555909654,-0.039915383216778205,-0.03957859999991342
108.77891,-0.04032860000006622,-0.039726599999994505,-0.03970198291494885,-0.03991095431232603,-0.03957859999991342
108.79891,-0.038628600000038205,-0.03934859999999389,-0.03951158889473718,-0.03938577948717173,-0.03957859999991342
108.81891,-0.038628600000038205,-0.03934859999999389,-0.03931575287929511,-0.039102539393937596,-0.03957859999991342
108.83891,-0.03957859999991342,-0.038858600000003206,-0.039190617057059826,-0.03900405454544965,-0.038628600000038205
108.85891,-0.03957859999991342,-0.03904859999997825,-0.03917892669424297,-0.03902654871794003,-0.03957859999991342
108.87891,-0.03787860000011278,-0.03961659999995391,-0.03927947845154805,-0.03929181678318762,-0.03957859999991342
108.898909,-0.03957859999991342,-0.03942659999997886,-0.03945388937773672,-0.03979636223771746,-0.03957859999991342
108.918909,-0.04146859999991648,-0.03980459999997947,-0.03964646420653933,-0.039875033566396864,-0.03957859999991342
108.938909,-0.038628600000038205,-0.0401445999999396,-0.03980827601868043,-0.0398498587412326,-0.03957859999991342
108.958909,-0.04146859999991648,-0.039954599999964556,-0.03991395721307762,-0.039837271328621846,-0.03957859999991342
108.978909,-0.03957859999991342,-0.03957659999996395,-0.03996279710707585,-0.039899159440492035,-0.03957859999991342
108.998908,-0.038628600000038205,-0.03976659999993899,-0.039964680777561594,-0.039800091841453014,-0.03957859999991342
109.018908,-0.03957859999991342,-0.039538599999968935,-0.03992102101973892,-0.03964929930067442,-0.03957859999991342
109.038908,-0.03957859999991342,-0.0396885999999995,-0.03981474576453484,-0.03977899627037837,-0.03957859999991342
109.058908,-0.04032860000006622,-0.0396885999999995,-0.03961796848794232,-0.039612655944066336,-0.03957859999991342
109.078907,-0.04032860000006622,-0.03953660000001946,-0.039313768563125545,-0.03972899627042829,-0.03957859999991342
109.098907,-0.038628600000038205,-0.03934660000004442,-0.03891810003595107,-0.03913225967368513,-0.03881860000001325
109.118907,-0.03881860000001325,-0.038628600000038205,-0.038486802756074245,-0.038505220046650794,-0.038628600000038205
109.138907,-0.038628600000038205,-0.03768460000001141,-0.03810110799374238,-0.037750021911455024,-0.038628600000038205
109.158907,-0.03673860000003515,-0.03768460000001141,-0.03783699922176981,-0.03745573286716168,-0.038628600000038205
109.178907,-0.03560859999993227,-0.03749660000003132,-0.0377333130784894,-0.03793866993008839,-0.03787860000011278
109.198906,-0.038628600000038205,-0.03791260000002694,-0.037776386906498906,-0.037943098834513536,-0.03787860000011278
109.218906,-0.03787860000011278,-0.0384806000000026,-0.03791185552728806,-0.03793391468533031,-0.038628600000038205
109.238906,-0.040708600000016304,-0.03832860000002256,-0.038077787773794274,-0.03806617575759772,-0.038628600000038205
109.258906,-0.03957859999991342,-0.03832860000002256,-0.03823795865753825,-0.03849090769232157,-0.038628600000038205
109.278905,-0.03484860000003209,-0.038516600000002656,-0.03839323918368808,-0.038498903030313156,-0.03881860000001325
109.298905,-0.038628600000038205,-0.03829059999998208,-0.03856575847872321,-0.03855491701629914,-0.03881860000001325
109.318905,-0.03881860000001325,-0.03813860000000204,-0.03877092002893829,-0.03856661864799773,-0.03881860000001325
109.338905,-0.03957859999991342,-0.039310599999998884,-0.03899845991967716,-0.03856358834500529,-0.03881860000001325
109.358905,-0.03881860000001325,-0.0391606000000138,-0.03921259217155376,-0.03915260932403694,-0.03881860000001325
109.378905,-0.040708600000016304,-0.03938860000002933,-0.039366572389239324,-0.03975528997670649,-0.03957859999991342
109.398905,-0.03787860000011278,-0.03938860000002933,-0.03942100002992937,-0.03950790069931428,-0.03957859999991342
109.418904,-0.03995860000009088,-0.03938860000002933,-0.03935788741333019,-0.039236805128245955,-0.03957859999991342
109.438904,-0.03957859999991342,-0.038972600000033705,-0.039187537883470756,-0.0391462223776587,-0.03881860000001325
109.458904,-0.03881860000001325,-0.038972600000033705,-0.03894800987113048,-0.03902678181820487,-0.03881860000001325
109.478904,-0.038628600000038205,-0.03889659999999821,-0.03869748125655064,-0.03860228298371883,-0.03881860000001325
109.498904,-0.03787860000011278,-0.03855660000003809,-0.03850079530005499,-0.03871971888114073,-0.038628600000038205
109.518903,-0.03957859999991342,-0.038406600000053005,-0.03841335530654531,-0.038451210722640024,-0.03806860000008783
109.538903,-0.03787860000011278,-0.03859660000002805,-0.03846629532273509,-0.0383352433566856,-0.03806860000008783
109.558903,-0.03806860000008783,-0.038746600000013134,-0.038656188217077635,-0.038531979953403024,-0.038628600000038205
109.578902,-0.03957859999991342,-0.0385946000000331,-0.03894223306153293,-0.038876944988372686,-0.038628600000038205
109.598902,-0.038628600000038205,-0.0391606000000138,-0.039253771019889215,-0.03915386806527819,-0.03881860000001325
109.618902,-0.03881860000001325,-0.039612600000009476,-0.03950914470894098,-0.039481723543141736,-0.03957859999991342
109.638902,-0.040708600000016304,-0.039612600000009476,-0.039642842848233356,-0.04004862331002481,-0.03957859999991342
109.658902,-0.04032860000006622,-0.03995260000001508,-0.0396327492463835,-0.039735266666677024,-0.04032860000006622
109.678902,-0.03957859999991342,-0.039914600000020076,-0.03951542525453691,-0.039635010256434705,-0.04032860000006622
109.698901,-0.04032860000006622,-0.03915860000001885,-0.039378572694275416,-0.03920102424244887,-0.03957859999991342
109.718901,-0.038628600000038205,-0.03923460000000887,-0.0393285905404933,-0.03927456736598175,-0.03957859999991342
109.738901,-0.03692860000001019,-0.039044600000033826,-0.03944439523108556,-0.039133868065278334,-0.038628600000038205
109.758901,-0.040708600000016304,-0.03965060000000449,-0.03973880212277985,-0.03970981212123269,-0.038628600000038205
109.778901,-0.038628600000038205,-0.03999060000001009,-0.040148014830321585,-0.04013258601400767,-0.04032860000006622
109.7989,-0.043358599999919534,-0.041050600000016854,-0.040556044916140614,-0.04068037156176967,-0.040708600000016304
109.8189,-0.04032860000006622,-0.04082459999999628,-0.04084177479823784,-0.040981583682982395,-0.04032860000006622
109.8389,-0.042228600000044025,-0.0412405999999919,-0.040924655865037386,-0.04121957902097842,-0.040708600000016304
109.8589,-0.03957859999991342,-0.04029460000001563,-0.04078809639021492,-0.040655476456888134,-0.04032860000006622
109.8789,-0.040708600000016304,-0.040370600000005655,-0.04047397297503821,-0.0404532153846199,-0.040708600000016304
109.898899,-0.038628600000038205,-0.03965060000000449,-0.04005701906942797,-0.03976428764568939,-0.03957859999991342
109.918899,-0.040708600000016304,-0.03965060000000449,-0.03961508993676743,-0.039656851748257095,-0.03957859999991342
109.938899,-0.038628600000038205,-0.03923460000000887,-0.03920834687336098,-0.03897270256412276,-0.038628600000038205
109.958899,-0.03957859999991342,-0.039084600000023784,-0.03887178171383439,-0.03882783076925898,-0.038628600000038205
109.978899,-0.038628600000038205,-0.038442600000007585,-0.03861803314348225,-0.03864216643356254,-0.038628600000038205
109.998898,-0.03787860000011278,-0.03863259999998263,-0.03844515995977785,-0.03885701491839541,-0.038628600000038205
110.018898,-0.03749859999993532,-0.03863259999998263,-0.03834600214390367,-0.03845342517480331,-0.038628600000038205
110.038898,-0.03957859999991342,-0.03863259999998263,-0.03831770431817924,-0.038420161771548625,-0.038628600000038205
110.058898,-0.03957859999991342,-0.03840459999996711,-0.03836839242430115,-0.03826608251746405,-0.038628600000038205
110.078897,-0.038628600000038205,-0.03866859999998269,-0.03851486709129864,-0.038549648951027415,-0.03881860000001325
110.098897,-0.03673860000003515,-0.03866859999998269,-0.038767376216972904,-0.03883053473191689,-0.03881860000001325
110.118897,-0.03881860000001325,-0.03881860000001325,-0.039107488748995875,-0.03884862331002393,-0.03881860000001325
110.138897,-0.03957859999991342,-0.03900859999998829,-0.039474337949282304,-0.039062073193468626,-0.03957859999991342
110.158897,-0.04032860000006622,-0.03957659999996395,-0.03977243807428749,-0.03973291235427884,-0.03957859999991342
110.178896,-0.03957859999991342,-0.04010659999994459,-0.0399016507162895,-0.03991204988339869,-0.03957859999991342
110.198896,-0.03957859999991342,-0.04010659999994459,-0.03979731810748385,-0.040365429836767136,-0.03957859999991342
110.218896,-0.04146859999991648,-0.03938859999993838,-0.039463461378712844,-0.03970601258733834,-0.03957859999991342
110.238896,-0.03957859999991342,-0.03938859999993838,-0.03898355492986851,-0.0390062223775643,-0.03957859999991342
110.258896,-0.03673860000003515,-0.03851859999995213,-0.03850009689147108,-0.03824170023305217,-0.03957859999991342
110.278896,-0.03957859999991342,-0.03780059999999139,-0.03816649214712384,-0.03779508018646738,-0.03787860000011278
110.298895,-0.03522859999998218,-0.03761060000001635,-0.03808918148449702,-0.03808750442890753,-0.03787860000011278
110.318895,-0.03787860000011278,-0.03840460000001258,-0.03828582528660218,-0.03815615244759158,-0.038628600000038205
110.338895,-0.038628600000038205,-0.0389346000000387,-0.038680351497309445,-0.03876253939399305,-0.038628600000038205
110.358895,-0.040708600000016304,-0.03946460000006482,-0.03913856544592033,-0.03945498694642441,-0.038628600000038205
110.378895,-0.042228600000044025,-0.03980460000002495,-0.03952656419766586,-0.03958239953384339,-0.03957859999991342
110.398894,-0.03787860000011278,-0.03999459999999999,-0.03976154455659372,-0.03998570955711938,-0.03957859999991342
110.418894,-0.03957859999991342,-0.03961659999999938,-0.03983096345918846,-0.03989177016314791,-0.03957859999991342
110.438894,-0.03957859999991342,-0.03908659999997326,-0.03977719026561466,-0.0396434951048764,-0.03957859999991342
110.458894,-0.03881860000001325,-0.039652599999953964,-0.03966398962595126,-0.039287667599046255,-0.03957859999991342
110.478894,-0.03957859999991342,-0.03946259999997892,-0.03954567358560055,-0.03922072121209028,-0.03957859999991342
110.498893,-0.040708600000016304,-0.03942459999998391,-0.039451287468787205,-0.03975953240087832,-0.03938859999993838
110.518893,-0.038628600000038205,-0.03957659999996395,-0.0393844316041589,-0.039451956643335506,-0.03957859999991342
110.538893,-0.03938859999993838,-0.03957659999996395,-0.03933203300025133,-0.039487271328636823,-0.03957859999991342
110.558893,-0.03957859999991342,-0.03901059999998324,-0.03927482246209299,-0.039196245687609765,-0.03938859999993838
110.578892,-0.03957859999991342,-0.039200599999958285,-0.039195553955572615,-0.0389828191142143,-0.03957859999991342
110.598892,-0.03787860000011278,-0.038898599999993164,-0.039084107889093625,-0.03919643216781486,-0.03957859999991342
110.618892,-0.03957859999991342,-0.03904860000002373,-0.03894048171170372,-0.039097690909092875,-0.03957859999991342
110.638892,-0.03787860000011278,-0.03904860000002373,-0.03877732500962381,-0.03879491701634564,-0.03957859999991342
110.658892,-0.04032860000006622,-0.03867060000002311,-0.038621874414381224,-0.038635383216821355,-0.03957859999991342
110.678892,-0.03957859999991342,-0.03851860000004308,-0.03851348605317292,-0.03849330862475566,-0.03881860000001325
110.698891,-0.03598860000010973,-0.03870660000002317,-0.03849219915828183,-0.03855426433569528,-0.03881860000001325
110.718891,-0.03881860000001325,-0.03836660000001757,-0.038579733167744046,-0.03845764428907643,-0.03881860000001325
110.738891,-0.03881860000001325,-0.03836660000001757,-0.03876292454613256,-0.03866708484848111,-0.03881860000001325
110.758891,-0.038628600000038205,-0.039084599999978306,-0.03899152745379562,-0.03867932261070493,-0.03881860000001325
110.778891,-0.03957859999991342,-0.03923659999995834,-0.039194606306726956,-0.039117084848453214,-0.03957859999991342
110.79889,-0.03957859999991342,-0.03938859999993838,-0.03930923817578677,-0.03977582610713883,-0.03957859999991342
110.81889,-0.03957859999991342,-0.03957859999991342,-0.03930906316315181,-0.039794590675898425,-0.03957859999991342
110.83889,-0.03957859999991342,-0.03957859999991342,-0.03921984801080043,-0.03911934592066936,-0.03957859999991342
110.85889,-0.03957859999991342,-0.03923859999995329,-0.03911338828447453,-0.039080045221402696,-0.03957859999991342
110.87889,-0.03957859999991342,-0.03852059999999256,-0.03907855804320971,-0.038978063869458866,-0.03957859999991342
110.898889,-0.03787860000011278,-0.03912460000001374,-0.03917796480879464,-0.038850115151525255,-0.03957859999991342
110.918889,-0.03598860000010973,-0.03912460000001374,-0.03940819524108994,-0.039211653613057236,-0.03957859999991342
110.938889,-0.04259860000001936,-0.03912460000001374,-0.03968535341697835,-0.039545336596728806,-0.03957859999991342
110.958889,-0.03957859999991342,-0.039842599999974485,-0.03986865294423043,-0.04009953240089165,-0.03957859999991342
110.978889,-0.03957859999991342,-0.04037059999996018,-0.039815038733637655,-0.04039988205122236,-0.03957859999991342
110.998888,-0.04146859999991648,-0.03942659999997886,-0.03944055972373483,-0.04024097762232745,-0.03957859999991342
111.018888,-0.038628600000038205,-0.03942659999997886,-0.03876095195524343,-0.03941741118881357,-0.038628600000038205
111.038888,-0.03787860000011278,-0.03942659999997886,-0.03789378777533341,-0.03772377482528735,-0.03787860000011278
