time,raw_wavelength_shift,moving_average,butterworth,savitzky_golay,median
0.02,0.002178100000037375,-5.1899999925808514e-05,0.0021741331965122713,0.00191551258744353,9.810000005927577e-05
0.04,9.810000005927577e-05,-5.1899999925808514e-05,0.0010733341384514638,0.0005962118881792113,9.810000005927577e-05
0.06,9.810000005927577e-05,-5.1899999925808514e-05,0.00013581548485794835,-0.00027120069921375534,9.810000005927577e-05
0.079999,-0.0008418999998411891,-0.0004678999999214284,-0.0005226709557515208,-0.000759032867038585,9.810000005927577e-05
0.1,-0.0017918999999437801,-0.0006558999999015213,-0.0008600286292096833,-0.0009395923075984946,-0.0008418999998411891
0.119999,9.810000005927577e-05,-0.0006558999999015213,-0.0009105440547433459,-0.0008851867131966992,-0.0008418999998411891
0.139999,-0.0008418999998411891,-0.0004678999999214284,-0.0007634595700419824,-0.0004346738926690744,9.810000005927577e-05
0.159999,9.810000005927577e-05,-0.0003158999998959189,-0.0005280794185538574,-0.0004234850814740617,9.810000005927577e-05
0.179998,9.810000005927577e-05,-0.0001258999998754007,-0.00030010588058454484,-0.0002761657341583035,9.810000005927577e-05
0.199998,-0.0010318999998162326,-0.0003158999998959189,-0.00014096547697727856,-0.00019210979009462662,9.810000005927577e-05
0.219998,0.0010481000001618668,-0.0003158999998959189,-7.41187588206911e-05,-0.00017320536121566633,9.810000005927577e-05
0.239998,-0.0017918999999437801,-0.0003158999998959189,-9.432957009909433e-05,-0.00024651538452080267,9.810000005927577e-05
0.259998,9.810000005927577e-05,-8.989999992081721e-05,-0.00018138389767500504,-0.00040942913742074487,9.810000005927577e-05
0.279997,9.810000005927577e-05,-0.0006198999999014632,-0.00031026957382397776,-0.00024698158497734604,9.810000005927577e-05
0.299997,9.810000005927577e-05,-0.00024189999990085199,-0.0004546324865350228,-0.00025868321670402485,9.810000005927577e-05
0.319997,-0.001601899999741363,-0.00024189999990085199,-0.0005861173684277253,-0.000591503729509471,9.810000005927577e-05
0.339997,9.810000005927577e-05,-0.0006198999999014632,-0.0006746628127613006,-0.0004171680651655741,9.810000005927577e-05
0.359997,9.810000005927577e-05,-0.0008458999998765648,-0.0006930467110435728,-0.0008265853145810721,-0.0010318999998162326
0.379996,-0.0017918999999437801,-0.0005058999999164371,-0.0006256436629818379,-0.0008458160838088692,9.810000005927577e-05
0.399996,-0.0010318999998162326,-0.00069389999989653,-0.0004779566574444664,-0.0006556062935975343,-0.0008418999998411891
0.419996,9.810000005927577e-05,-0.0005038999998760119,-0.00028052521548160977,-0.00011949906749232544,-0.0008418999998411891
0.439996,-0.0008418999998411891,6.410000014511752e-05,-8.124810563178017e-05,2.290186494234594e-05,9.810000005927577e-05
0.459996,0.0010481000001618668,0.00048010000014073737,7.377907395996284e-05,0.0002730883451395372,0.0010481000001618668
0.479995,0.0010481000001618668,0.0002921000001606444,0.00016234114794053884,0.00020506969713997693,0.0010481000001618668
0.499995,0.0010481000001618668,0.0002921000001606444,0.0001978729921749424,0.00016113030318431714,0.0010481000001618668
0.519995,-0.0008418999998411891,-0.00012389999983497546,0.00022130282811659167,0.00010336806542852252,-0.0008418999998411891
0.539995,-0.0008418999998411891,0.00010210000014012621,0.0002750767866649893,0.0002792421912985165,-0.0008418999998411891
0.559995,-0.0010318999998162326,6.410000014511752e-05,0.0003745460947180064,0.00011329813534094148,-0.0008418999998411891
0.579994,0.002178100000037375,0.0004421000001457287,0.0004956633598746792,0.00030656153860613014,0.0008581000001868233
0.599994,0.0008581000001868233,0.0006301000001258216,0.0005876017177311676,0.0006677037297285304,0.0008581000001868233
0.619994,0.0010481000001618668,0.0010461000001214416,0.0006021522077154848,0.0008703843824094524,0.0010481000001618668
0.639994,9.810000005927577e-05,0.0006681000001208304,0.0005220465763067083,0.0007755358975566327,0.0008581000001868233
0.659994,0.0010481000001618668,0.0002901000001202192,0.0003734578730048107,0.00037719090920293127,0.00028810000003431924
0.679993,0.00028810000003431924,0.00010010000009970099,0.00021816005748920644,-2.9489509433746877e-06,9.810000005927577e-05
0.699993,-0.0010318999998162326,0.00010010000009970099,0.00013022547921902016,0.0002041139861071776,9.810000005927577e-05
0.719993,9.810000005927577e-05,0.00025010000008478527,0.00016776590558748836,0.00015332144531567335,9.810000005927577e-05
0.739993,9.810000005927577e-05,0.00040210000011029476,0.00035151263627756677,0.00017583892783778576,9.810000005927577e-05
0.759993,0.0017981000000872882,0.0006281000000853965,0.0006578978550735632,0.0006948365968289341,9.810000005927577e-05
0.779992,0.0010481000001618668,0.000968100000090999,0.0010264308037881216,0.0012300347320331774,0.0010481000001618668
0.799992,9.810000005927577e-05,0.0016861000000972127,0.001375399136631723,0.0014199881119696693,0.0017981000000872882
0.819992,0.0017981000000872882,0.0013461000000916101,0.001620108688264499,0.0014527620047424371,0.0010481000001618668
0.839992,0.003688100000090344,0.001156100000071092,0.0016907712759188195,0.00149914895113682,9.810000005927577e-05
0.859992,9.810000005927577e-05,0.0014961000000766945,0.0015477137860656488,0.0014617130537005673,0.0017981000000872882
0.879992,9.810000005927577e-05,0.0013081000000966015,0.0011909400751106026,0.001502808624793614,0.0008581000001868233
0.899991,0.0017981000000872882,0.0005901000000903877,0.000662823734849482,0.0007303144523078483,9.810000005927577e-05
0.919991,0.0008581000001868233,0.00021210000008977658,4.438031620013889e-05,5.115361313601561e-05,9.810000005927577e-05
0.939991,9.810000005927577e-05,-0.0005438999999114458,-0.0005565544555505627,-0.0010526692306920317,9.810000005927577e-05
0.959991,-0.0017918999999437801,-0.0008838999999170483,-0.0010282521066806289,-0.0008698487178666881,9.810000005927577e-05
0.97999,-0.003681899999946836,-0.0015638999999282532,-0.001286020367194918,-0.0008740678320783301,-0.0017918999999437801
0.99999,9.810000005927577e-05,-0.0009958999999071239,-0.0012983592949326545,-0.0013643941724021669,-0.0017918999999437801
1.01999,-0.0025418999998692016,-0.0008058999998866057,-0.001093972146023926,-0.0011611307691224751,-0.0008418999998411891
1.03999,0.0029381000001649227,-0.0005778999998710787,-0.0007463131560301186,-0.0007682170161809965,-0.0008418999998411891
1.05999,-0.0008418999998411891,-0.00038789999985056056,-0.00034699557537438465,-0.00039292564088524437,-0.0008418999998411891
1.079989,-0.0025418999998692016,0.0001401000001351349,1.612150580140883e-05,9.124685328597271e-05,9.810000005927577e-05
1.099989,0.0010481000001618668,-0.00042789999988599445,0.00026992567542441026,0.00019593216795820676,9.810000005927577e-05
1.119989,9.810000005927577e-05,0.00010010000009970099,0.00036262873759436616,0.00021420722619825517,9.810000005927577e-05
1.139989,9.810000005927577e-05,0.0006281000000853965,0.0002744430109878446,0.00013047762245161444,9.810000005927577e-05
1.159989,0.0017981000000872882,6.010000006426708e-05,3.1270965916577846e-05,0.0003771442891177386,9.810000005927577e-05
1.179988,9.810000005927577e-05,0.00021210000008977658,-0.0002895948122406724,0.00018597878796423564,9.810000005927577e-05
1.199988,-0.0017918999999437801,-0.0003918999998859363,-0.0005734301383768417,-0.0008151400931345367,9.810000005927577e-05
1.219988,0.0008581000001868233,-0.0009578999998666404,-0.0007040128349515788,-0.00083311212107603,-0.0010318999998162326
1.239988,-0.0029218999998192885,-0.0011838999998417421,-0.0006104513189978307,-0.000886375524310428,-0.0010318999998162326
1.259988,-0.0010318999998162326,-0.00023789999982000155,-0.0003043756503688549,-0.0005927857807040142,-0.0010318999998162326
1.279987,-0.0010318999998162326,-0.00023789999982000155,0.00011304229438701358,0.00014248228455793975,-0.0010318999998162326
1.299987,0.0029381000001649227,0.0007061000001613138,0.00048351940358090683,0.0007062118882852176,0.0008581000001868233
1.319987,0.0008581000001868233,0.0009321000001364155,0.0006533776108044156,0.0007229951050446113,0.0008581000001868233
1.339987,0.0017981000000872882,0.0009321000001364155,0.000537178347853447,0.0008338342658578047,0.0008581000001868233
1.359987,9.810000005927577e-05,-1.3899999885325087e-05,0.00015328544131834376,0.0003353960374102297,9.810000005927577e-05
1.379986,-0.0010318999998162326,-0.0005438999999114458,-0.0003842126643546637,-0.0003458393938463274,-0.0010318999998162326
1.399986,-0.0017918999999437801,-0.0010718999998971413,-0.0009111006783613087,-0.0013818067598179626,-0.0010318999998162326
1.419986,-0.0017918999999437801,-0.0014498999998977524,-0.0012739116373180386,-0.001379056177062664,-0.0017918999999437801
1.439986,-0.0008418999998411891,-0.0014498999998977524,-0.0013805530765761108,-0.0015036249416036577,-0.0017918999999437801
1.459986,-0.0017918999999437801,-0.000881899999876623,-0.0012237439268064291,-0.0012441843821619715,-0.0010318999998162326
1.479985,-0.0010318999998162326,-0.0006918999998561049,-0.0008737142954274964,-0.0007574477854177551,-0.0008418999998411891
1.499985,0.0010481000001618668,-0.0005038999998760119,-0.0004476034213138457,-0.0002112706292346498,-0.0008418999998411891
1.519985,-0.0008418999998411891,6.410000014511752e-05,-6.87370067031204e-05,4.953146991243401e-06,9.810000005927577e-05
1.539985,9.810000005927577e-05,0.0003281000001152279,0.00017040872396489418,0.00018921888123642907,0.00028810000003431924
1.559985,0.0010481000001618668,-4.9899999885383296e-05,0.0002314156174378938,0.00033744731946004283,9.810000005927577e-05
1.579984,0.00028810000003431924,0.0001381000000947097,0.0001347653566729657,-4.201655001674923e-05,9.810000005927577e-05
1.599984,-0.0008418999998411891,-4.9899999885383296e-05,-5.319919148066948e-05,-0.0001746272726196776,9.810000005927577e-05
1.619984,9.810000005927577e-05,-0.00046589999988100317,-0.00024626562680858476,-8.82869462662556e-05,-0.0008418999998411891
1.639984,-0.0008418999998411891,-0.00031389999985549367,-0.0003683863466920697,-0.00047299557095548095,-0.0008418999998411891
1.659984,-0.0010318999998162326,-0.00031389999985549367,-0.0003775053517627451,-0.0006768417247899514,-0.0008418999998411891
1.679983,0.0010481000001618668,-0.0005018999998355866,-0.00027578349308876756,-0.00031507016299842897,-0.0008418999998411891
1.699983,-0.0008418999998411891,-0.00012389999983497546,-0.00010433047040696253,0.00011180629385869681,-0.0008418999998411891
1.719983,-0.0008418999998411891,0.0004421000001457287,7.444234617400128e-05,0.00025481328686238807,0.0010481000001618668
1.739983,0.0010481000001618668,0.0002521000001252105,0.0002010215567917927,0.00032928881132743303,9.810000005927577e-05
1.759983,0.0017981000000872882,0.0002521000001252105,0.00024199099750032578,0.00025635174838106506,9.810000005927577e-05
1.779982,9.810000005927577e-05,0.0002521000001252105,0.00020287503556940236,-8.998857797048134e-05,9.810000005927577e-05
1.799982,-0.0008418999998411891,6.21000001046923e-05,0.00012314813146236894,0.0001847200467288126,9.810000005927577e-05
1.819982,-0.0008418999998411891,-0.0002778999999009102,5.4983449070862126e-05,0.0003251629371621549,9.810000005927577e-05
1.839982,9.810000005927577e-05,6.21000001046923e-05,3.801228531521408e-05,-0.00019008181809297513,9.810000005927577e-05
1.859982,9.810000005927577e-05,0.00025010000008478527,8.445265157580073e-05,-0.00018124731926912106,9.810000005927577e-05
1.879981,0.0017981000000872882,6.010000006426708e-05,0.0001801695599531138,0.00022096713294957496,9.810000005927577e-05
1.899981,9.810000005927577e-05,0.0004001000000698696,0.0002960530919702587,0.0003287759907491261,9.810000005927577e-05
1.919981,-0.0017918999999437801,0.000552100000095379,0.0004003695630852599,0.0006439041958751327,0.0008581000001868233
1.939981,0.0017981000000872882,0.00021210000008977658,0.0004677393994867887,0.0005545335665313889,9.810000005927577e-05
1.95998,0.0008581000001868233,0.000552100000095379,0.00048612305894526076,0.0003981233101232937,0.0008581000001868233
1.97998,9.810000005927577e-05,0.0007041000001208886,0.00046242710540793754,0.00035488321689696947,0.0008581000001868233
1.99998,0.0017981000000872882,0.0003641000001152861,0.0004229081190766935,0.0005041839161986173,9.810000005927577e-05
2.01998,-0.0010318999998162326,0.00040210000011029476,0.0004042996288479567,0.0004988226108434278,9.810000005927577e-05
2.03998,9.810000005927577e-05,0.00040210000011029476,0.00043723496812145154,0.00043749393950317356,9.810000005927577e-05
2.059979,0.0010481000001618668,0.0002521000001252105,0.000529681162470961,0.00038481328682567456,9.810000005927577e-05
2.079979,9.810000005927577e-05,0.0008181000001059146,0.0006591412577231689,0.0005830883451190153,0.0010481000001618668
2.099979,0.0010481000001618668,0.000592100000130813,0.0007776480512835056,0.0005273773893944838,0.0010481000001618668
2.119979,0.0017981000000872882,0.0007421000001158973,0.0008271439259534971,0.0009959787879846276,0.0010481000001618668
2.139979,-0.0010318999998162326,0.0007421000001158973,0.0007590964027917923,0.0009663517483756783,0.0010481000001618668
2.159979,0.0017981000000872882,0.0007421000001158973,0.0005521243041681182,0.0006685428905692825,0.0010481000001618668
2.179978,9.810000005927577e-05,0.00017610000013519312,0.00022289370909759376,9.558251760857046e-05,9.810000005927577e-05
2.199978,0.0010481000001618668,-5.189999988033378e-05,-0.00017370850429443993,-0.0001300818180642574,9.810000005927577e-05
2.219978,-0.0010318999998162326,-0.0007698999998865475,-0.0005580986292255621,-0.0005539046618860798,-0.0010318999998162326
2.239978,-0.002171899999893867,-0.0005798999998660292,-0.000851494131941266,-0.0009652100231865129,-0.0010318999998162326
2.259978,-0.0017918999999437801,-0.0012978999998722429,-0.001003869228310167,-0.0012053965033639008,-0.0017918999999437801
2.279977,0.0010481000001618668,-0.0012978999998722429,-0.0010108367699148836,-0.0009213871793455188,-0.0017918999999437801
2.299977,-0.0025418999998692016,-0.0005038999998760119,-0.0009110468613320647,-0.000987704195672654,-0.0010318999998162326
2.319977,-0.0010318999998162326,-0.00031389999985549367,-0.0007661641695453215,-0.0005644407924242296,-0.0008418999998411891
2.339977,0.0017981000000872882,-0.000881899999876623,-0.0006332846669193871,-0.0005382869462664545,-0.0010318999998162326
2.359977,-0.0008418999998411891,-0.00035389999989092756,-0.0005420328559577114,-0.00042518671316556705,-0.0008418999998411891
2.379977,-0.0017918999999437801,-0.00035389999989092756,-0.00048640261993523307,-0.00048078111876854275,-0.0008418999998411891
2.399976,9.810000005927577e-05,-0.0005038999998760119,-0.00043420652780411137,-0.0003152799532612202,-0.0008418999998411891
2.419976,-0.0010318999998162326,-0.0005038999998760119,-0.00034761162653385296,-0.00044789067585725866,-0.0008418999998411891
2.439976,0.0010481000001618668,-0.00031389999985549367,-0.00020397724716544397,-0.0006627624707144435,-0.0008418999998411891
2.459975,-0.0008418999998411891,-0.00012389999983497546,-9.194521523244123e-06,-4.9009556961360086e-05,-0.0008418999998411891
2.479975,-0.0008418999998411891,0.00010210000014012621,0.00019979778541228042,0.00013224918429873472,9.810000005927577e-05
2.499975,0.0010481000001618668,0.0002521000001252105,0.00036472574179830273,0.0006599648019996015,9.810000005927577e-05
2.519975,9.810000005927577e-05,0.0004401000001053035,0.0004271920489126181,0.0006580766900738559,9.810000005927577e-05
2.539975,0.0017981000000872882,0.000968100000090999,0.00035509660254673414,0.00035262214460503544,0.0010481000001618668
2.559974,9.810000005927577e-05,2.2100000069258386e-05,0.00016190070274247693,0.0001166081585853672,9.810000005927577e-05
2.579974,0.0017981000000872882,-0.00016589999991083458,-9.377006550453557e-05,-0.0001447904427998775,9.810000005927577e-05
2.599974,-0.003681899999946836,-0.00069389999989653,-0.0003318118986051812,-0.00041751771552229187,-0.0008418999998411891
2.619974,-0.0008418999998411891,-0.0005038999998760119,-0.0004869852462471887,-0.0005789396269177288,-0.0008418999998411891
2.639974,-0.0008418999998411891,-0.0008438999998816143,-0.0005372746937566481,-0.0006887531467322508,-0.0008418999998411891
2.659973,0.0010481000001618668,-0.00027589999986048496,-0.0005074920374485651,-0.0004841144520886903,-0.0008418999998411891
2.679973,9.810000005927577e-05,-8.789999988039199e-05,-0.0004480623804011873,-0.00040674848472194977,9.810000005927577e-05
2.699973,-0.0008418999998411891,-8.789999988039199e-05,-0.00040484803701632633,6.851958054876982e-05,9.810000005927577e-05
2.719973,9.810000005927577e-05,-0.00046589999988100317,-0.00039841468725649947,-0.0005233918413633753,-0.0008418999998411891
2.739973,-0.0008418999998411891,-0.0006538999998610961,-0.0004213447259149008,-0.00038667855464227037,-0.0008418999998411891
2.759973,-0.0008418999998411891,-0.0006538999998610961,-0.0004502402759733434,-0.0005787531467221791,-0.0008418999998411891
2.779972,-0.0008418999998411891,-0.00031389999985549367,-0.0004624405503646434,-0.0005760724940292142,-0.0008418999998411891
2.799972,-0.0008418999998411891,-0.0005038999998760119,-0.00044750729767580565,-0.0005331587411241664,-0.0008418999998411891
2.819972,0.0017981000000872882,-0.0005038999998760119,-0.0004086815306300321,-0.0005178673658395975,-0.0008418999998411891
2.839972,-0.0017918999999437801,-0.0003158999998959189,-0.0003564823820567483,-0.000456795104796447,-0.0008418999998411891
2.859972,-0.0008418999998411891,-8.989999992081721e-05,-0.0003002284969457575,-8.569953372353624e-05,9.810000005927577e-05
2.879972,9.810000005927577e-05,-0.0004298999999264197,-0.00024118752062083054,0.00019402074599595987,9.810000005927577e-05
2.899971,0.00028810000003431924,0.000288100000079794,-0.00016785050650954404,-9.826363628930813e-05,9.810000005927577e-05
2.919971,9.810000005927577e-05,0.000288100000079794,-5.4871900177045504e-05,-0.0002625759905943908,9.810000005927577e-05
2.939971,0.0017981000000872882,-8.989999992081721e-05,0.00012963065427151822,0.00016765710964482426,9.810000005927577e-05
2.95997,-0.0008418999998411891,0.00021210000008977658,0.0004052630407363267,0.00031301841499688373,9.810000005927577e-05
2.97997,-0.0017918999999437801,0.000552100000095379,0.0007544747619420149,0.0007335312355133298,0.0017981000000872882
2.99997,0.0017981000000872882,0.0006281000000853965,0.0011068489467992062,0.0008462118881935761,0.0017981000000872882
3.01997,0.0017981000000872882,0.001156100000071092,0.0013484371645501778,0.0011777503497445883,0.0017981000000872882
3.03997,0.002178100000037375,0.0013461000000916101,0.001359042056638011,0.0010944869464751612,0.0017981000000872882
3.05997,0.0017981000000872882,0.0011581000001115171,0.0010628224124421032,0.0010656990677011338,0.0017981000000872882
3.079969,-0.0008418999998411891,0.0004401000001053035,0.00046977611344547197,0.0008266547786778933,0.0008581000001868233
3.099969,0.0008581000001868233,-0.00020189999986541807,-0.0003084172053927167,1.8612820638160064e-05,-0.0008418999998411891
3.119969,-0.0017918999999437801,-0.0005418999998710206,-0.0010731200134312194,-0.0006757927737690891,-0.0008418999998411891
3.139969,-0.0010318999998162326,-0.0007318999998915388,-0.0015806406238177482,-0.001259941957927464,-0.0010318999998162326
3.159968,9.810000005927577e-05,-0.0012618999999176594,-0.001604467782288027,-0.001149965267969794,-0.0017918999999437801
3.179968,-0.0017918999999437801,-0.0008838999999170483,-0.0010080377303242738,-0.0023254431234728153,-0.0010318999998162326
3.199968,-0.0017918999999437801,-0.0003178999999363441,0.00018861372604244434,-0.0006810841491213065,9.810000005927577e-05
3.219968,9.810000005927577e-05,-0.0003178999999363441,0.0017745194216790387,0.0016060254079957239,9.810000005927577e-05
3.239968,0.0017981000000872882,0.003766100000075312,0.0033748895300270885,0.004363671095630626,9.810000005927577e-05
3.259968,9.810000005927577e-05,0.005240100000082748,0.004553418873031015,0.004758123310106681,0.0017981000000872882
3.279967,0.0186281000001145,0.005958100000088962,0.004967376623506241,0.005246328438316781,0.003688100000090344
3.299967,0.0055781000000934,0.00395410000010088,0.004510983112546488,0.004635862237859074,0.003688100000090344
3.319967,0.003688100000090344,0.004294100000106482,0.003367371176491466,0.0034997550117709135,0.003688100000090344
3.339967,-0.008221899999853122,0.0004001000001153443,0.0019296228891079513,0.0019136244756402226,0.0017981000000872882
3.359967,0.0017981000000872882,-0.0005058999998709624,0.0006303677344116165,0.0002588459208673498,0.0010481000001618668
3.379966,-0.0008418999998411891,-0.001223899999877176,-0.00022552738164522565,-0.0019503615383386229,9.810000005927577e-05
3.399966,0.0010481000001618668,0.0006301000001258216,-0.0005445139252145566,-0.0005042776222454744,0.0010481000001618668
3.419966,9.810000005927577e-05,0.00048010000014073737,-0.00042518322338394414,0.00032688787892620226,0.0010481000001618668
3.439966,0.0010481000001618668,0.0008581000001413486,-7.205520876932821e-05,0.0011654426574897003,0.0010481000001618668
3.459966,0.0010481000001618668,0.00048010000014073737,0.0003039738963372276,0.0003903377623955631,0.0010481000001618668
3.479965,0.0010481000001618668,0.0002921000001606444,0.0005567444094749507,0.0006508039628449309,0.0010481000001618668
3.499965,-0.0008418999998411891,0.0004421000001457287,0.0006297972075443655,0.00032926550131001176,0.0010481000001618668
3.519965,-0.0008418999998411891,0.0002521000001252105,0.0005411838193919419,0.00030453356656949803,9.810000005927577e-05
3.539965,0.0017981000000872882,-0.0001258999998754007,0.0003488116531071786,-1.772750570475749e-05,-0.0008418999998411891
3.559964,9.810000005927577e-05,6.21000001046923e-05,0.00011746593697510588,-0.00023660862460301454,9.810000005927577e-05
3.579964,-0.0008418999998411891,6.21000001046923e-05,-0.00010165457228579923,8.006760013296374e-06,9.810000005927577e-05
3.599964,9.810000005927577e-05,-0.0002778999999009102,-0.00027840238383642415,0.00017989487190045006,9.810000005927577e-05
3.619964,-0.0008418999998411891,-8.789999988039199e-05,-0.0004016080449262042,-0.00021425431225002029,9.810000005927577e-05
3.639964,9.810000005927577e-05,-0.0002778999999009102,-0.0004714357767116563,-0.0006368417248358207,9.810000005927577e-05
3.659964,0.0010481000001618668,-0.0006558999999015213,-0.0004913778830112865,-0.0006294990675101117,-0.0008418999998411891
3.679963,-0.0017918999999437801,-0.0004678999999214284,-0.00046548909179504403,-0.00047565291367077545,9.810000005927577e-05
3.699963,-0.0017918999999437801,-0.0004678999999214284,-0.0004022595086737637,-0.00033789067591608805,9.810000005927577e-05
3.719963,9.810000005927577e-05,-0.0004678999999214284,-0.0003192970377286396,-0.000270757808777812,9.810000005927577e-05
3.739963,9.810000005927577e-05,-8.989999992081721e-05,-0.00024049446363620246,-0.00015210979011346545,9.810000005927577e-05
3.759963,0.0010481000001618668,6.0100000109741816e-05,-0.00018431650733515752,-0.00024103752904193723,9.810000005927577e-05
3.779962,9.810000005927577e-05,6.0100000109741816e-05,-0.00015195011701767987,-0.00015665524464903384,9.810000005927577e-05
3.799962,-0.001041899999790985,-0.0003178999998908694,-0.00012633487237566598,-0.0002379839159790737,9.810000005927577e-05
3.819962,9.810000005927577e-05,-0.0005078999999113875,-8.46469374726231e-05,-9.206317007375605e-05,9.810000005927577e-05
3.839962,-0.0017918999999437801,-0.00016789999990578507,-1.531592375723318e-05,-3.355501155961381e-05,9.810000005927577e-05
3.859962,9.810000005927577e-05,0.0004001000000698696,7.401753465462428e-05,2.075734274811725e-05,9.810000005927577e-05
3.879961,0.0017981000000872882,0.0001721000000998174,0.00016496734916169068,0.0001935079254945042,9.810000005927577e-05
3.899961,0.0017981000000872882,0.0005501000001004285,0.00024755145852454737,0.0003393121212994661,9.810000005927577e-05
3.919961,-0.001041899999790985,0.0005501000001004285,0.000334543566963966,0.0004814333334365731,9.810000005927577e-05
3.939961,9.810000005927577e-05,0.0003981000001203938,0.0004584943731858617,0.0005890557110670751,9.810000005927577e-05
3.95996,9.810000005927577e-05,0.0003981000001203938,0.0006527185384857773,0.0006742538462753596,9.810000005927577e-05
3.97996,0.0010381000001871143,0.0008141000001160136,0.0009293621557090748,0.0006370743591049401,0.0010381000001871143
3.99996,0.0017981000000872882,0.0013801000001421927,0.0012677042828358426,0.0010664916085462643,0.0010381000001871143
4.01996,0.0010381000001871143,0.001532100000167702,0.0016171312647510546,0.0017219694640254759,0.0010381000001871143
4.03996,0.0029281000001901702,0.001874100000168255,0.001911000992657051,0.0019993587414214448,0.0017981000000872882
4.05996,0.0008581000001868233,0.0019501000001582725,0.0020848068121453035,0.0021988925409576286,0.002178100000037375
4.079959,0.002748100000189879,0.0021021000001383073,0.0020933330686163164,0.0019210370630833862,0.002178100000037375
4.099959,0.002178100000037375,0.0016881000001376378,0.0019234222296940766,0.0019085428905735876,0.0017981000000872882
4.119959,0.0017981000000872882,0.0015361000001121283,0.0015996954273139003,0.001630011422030891,0.0017981000000872882
4.139959,0.0008581000001868233,0.0013461000000916101,0.0011811010942562614,0.0012331349651340633,0.0017981000000872882
4.159958,9.810000005927577e-05,0.0007401000001209468,0.0007484145880285381,0.0007624589744607847,0.0008581000001868233
4.179958,0.0017981000000872882,0.000438100000110353,0.0003860391213752914,0.0002876337996339575,0.00028810000003431924
4.199958,-0.0008518999998159416,9.610000010980002e-05,0.0001629082709252971,0.0001687759907921507,9.810000005927577e-05
4.219958,0.00028810000003431924,0.0004361000001154025,0.0001166463616763846,0.00020441701643435315,0.00028810000003431924
4.239958,-0.0008518999998159416,0.00024810000013530953,0.00024459312509625734,0.0004034613054849124,0.00028810000003431924
4.259958,0.0017981000000872882,0.0006261000001359207,0.0005047670178959722,0.0005032515153093811,0.0008581000001868233
4.279957,0.0008581000001868233,0.0007761000001664797,0.0008269498622400827,0.0006627153847729199,0.0010381000001871143
4.299957,0.0010381000001871143,0.0011181000001670327,0.0011296222656636803,0.0010593354314012645,0.0010381000001871143
4.319957,0.0010381000001871143,0.0011181000001670327,0.0013369073745179711,0.0013719228439944835,0.0010381000001871143
4.339957,0.0008581000001868233,0.0011541000001670909,0.0013925974147284094,0.0012801745922383099,0.0010381000001871143
4.359957,0.0017981000000872882,0.0013061000001471257,0.0012716941200872915,0.0014333913754588747,0.0010381000001871143
4.379956,0.0010381000001871143,0.0009281000001465145,0.0009893365716431375,0.0010756990677442573,0.0010381000001871143
4.399956,0.0017981000000872882,0.0011161000001266076,0.0006033219868558185,0.000626771328799302,0.0017981000000872882
4.419956,-0.0008518999998159416,2.0100000119782636e-05,0.00020445949357905367,7.872937073755268e-05,0.0010381000001871143
4.439956,0.0017981000000872882,-0.00016789999990578507,-0.00010758835112245087,-9.798391598750367e-05,9.810000005927577e-05
4.459955,-0.003681899999946836,-0.0005078999999113875,-0.00025729727763299946,-0.00034402121204227644,9.810000005927577e-05
4.479955,9.810000005927577e-05,2.2100000069258386e-05,-0.00022151961575449233,-0.0002198953379229147,9.810000005927577e-05
4.499955,9.810000005927577e-05,-0.0003178999999363441,-3.795059660105876e-05,-8.728461530461593e-05,9.810000005927577e-05
4.519955,0.0017981000000872882,0.0005901000000903877,0.00021230868810560578,0.00015805338002612107,9.810000005927577e-05
4.539955,9.810000005927577e-05,0.0005901000000903877,0.0004394499866533844,0.0003934846154724602,9.810000005927577e-05
4.559954,0.0008581000001868233,0.0005901000000903877,0.0005791172184072173,0.0010207573427509736,9.810000005927577e-05
4.579954,9.810000005927577e-05,0.0005901000000903877,0.0006115406486215863,0.0006946967366883672,9.810000005927577e-05
4.599954,9.810000005927577e-05,0.0005901000000903877,0.000561869175795777,0.0005250930070681681,9.810000005927577e-05
4.619954,0.0017981000000872882,0.00043810000006487825,0.00048620979702193123,0.00040201608399457914,9.810000005927577e-05
4.639954,9.810000005927577e-05,0.00043810000006487825,0.0004497005621813695,0.0003024822844518438,9.810000005927577e-05
4.659954,9.810000005927577e-05,0.0005901000000903877,0.0005017622179410578,0.00034292517489915744,9.810000005927577e-05
4.679953,9.810000005927577e-05,0.00025010000008478527,0.000654330332467647,0.0007287293707304787,9.810000005927577e-05
4.699953,0.0008581000001868233,0.000780100000110906,0.0008710958501904943,0.0008122958042974008,9.810000005927577e-05
4.719953,9.810000005927577e-05,0.0011201000001165085,0.0010748850542297182,0.0009953727273785073,0.0008581000001868233
4.739953,0.002748100000189879,0.0011201000001165085,0.0011737024813807356,0.0011806874127123965,0.0008581000001868233
4.759953,0.0017981000000872882,0.0011581000001115171,0.0010965023995845626,0.0012625988346295456,0.0010481000001618668
4.779952,9.810000005927577e-05,0.0009701000001314242,0.0008234697405582979,0.0009471909092070345,0.0010481000001618668
4.799952,0.0010481000001618668,0.0004401000001053035,0.00039738030268616223,0.0004578902098908793,9.810000005927577e-05
4.819952,-0.0008418999998411891,-0.0002778999999009102,-8.823190010536595e-05,-0.00010106083904340811,9.810000005927577e-05
4.839952,9.810000005927577e-05,-0.00046589999988100317,-0.0005182536149778071,-0.0007375410255305144,-0.0008418999998411891
4.859951,-0.0017918999999437801,-0.0008438999998816143,-0.0007912006159087068,-0.0009053731933634842,-0.0008418999998411891
4.879951,-0.0008418999998411891,-0.0006558999999015213,-0.00084873492272291,-0.0005489862469726626,-0.0008418999998411891
4.899951,-0.0008418999998411891,-0.0006558999999015213,-0.0006906327778439696,-0.000848986246994349,-0.0008418999998411891
4.919951,9.810000005927577e-05,-8.789999988039199e-05,-0.00037162847418767175,-0.00048022167821899493,9.810000005927577e-05
4.939951,9.810000005927577e-05,-0.0002778999999009102,1.6960159900859596e-05,0.0001589391609584264,9.810000005927577e-05
4.95995,0.0010481000001618668,0.0004401000001053035,0.0003732385152356971,0.00044879930080702225,9.810000005927577e-05
4.97995,-0.0017918999999437801,0.000780100000110906,0.0006104806174028156,0.0005695685315729152,0.0010481000001618668
4.99995,0.002748100000189879,0.00040210000011029476,0.0006776393466568787,0.0008581699301712478,0.0010481000001618668
5.01995,0.0017981000000872882,0.00040210000011029476,0.0005715257509917954,0.00041052424253425754,0.0010481000001618668
5.03995,-0.0017918999999437801,0.000780100000110906,0.0003369228014897346,0.00022532610734524465,0.0010481000001618668
5.059949,0.0010481000001618668,-0.0002798999998958607,5.2111293343187716e-05,0.00011700442900925746,9.810000005927577e-05
5.079949,9.810000005927577e-05,-0.00042989999988094494,-0.00019678169952976366,-0.00016376480174435114,9.810000005927577e-05
5.099949,-0.002551899999843954,-5.189999988033378e-05,-0.0003431338637696263,-0.0004150468530279874,9.810000005927577e-05
5.119949,0.0010481000001618668,-0.00046789999987595365,-0.00035854706997406725,-0.00035560629357584794,9.810000005927577e-05
5.139949,9.810000005927577e-05,-0.00012789999987035118,-0.00025691633158903785,-0.00034357832156128344,9.810000005927577e-05
5.159948,-0.0010318999998162326,2.4100000109683607e-05,-8.450267646935147e-05,-0.00016770419570241962,9.810000005927577e-05
5.179948,0.0017981000000872882,-0.00016589999991083458,9.797130017565152e-05,0.00010907902108265894,9.810000005927577e-05
5.199948,-0.0017918999999437801,0.00040210000011029476,0.00023441407384925745,0.0006343470863554028,9.810000005927577e-05
5.219948,9.810000005927577e-05,0.0004401000001053035,0.00028974886568685265,0.0002490324010494568,9.810000005927577e-05
5.239948,0.0029381000001649227,0.0002521000001252105,0.0002615778911615401,0.0001985662005834691,9.810000005927577e-05
5.259948,-0.0008418999998411891,0.0002521000001252105,0.00018343803363793517,0.000260570862587937,9.810000005927577e-05
5.279947,0.0008581000001868233,0.0002521000001252105,0.00011444773643900294,5.761048964231111e-05,9.810000005927577e-05
5.299947,-0.0017918999999437801,-0.0001258999998754007,0.00011495347153312282,9.03240105648814e-06,9.810000005927577e-05
5.319947,9.810000005927577e-05,6.21000001046923e-05,0.0002177929180133441,9.425384626364332e-05,9.810000005927577e-05
5.339947,0.0010481000001618668,-5.1899999925808514e-05,0.00041052715471900106,0.000209871561857107,9.810000005927577e-05
5.359946,9.810000005927577e-05,0.0010441000000810164,0.0006390803660607399,0.0006570510490221837,0.00028810000003431924
5.379946,0.00028810000003431924,0.0010441000000810164,0.0008316668987255984,0.0009254892774557824,0.00028810000003431924
5.399946,0.003688100000090344,0.0008541000000604982,0.0009318354896339276,0.0013104776224521122,9.810000005927577e-05
5.419946,9.810000005927577e-05,0.0011941000000661006,0.000925133436039777,0.0012046734266309613,0.00028810000003431924
5.439946,9.810000005927577e-05,0.001156100000071092,0.0008462964922155779,0.0007058389277891766,9.810000005927577e-05
5.459945,0.0017981000000872882,0.00043810000006487825,0.0007629245929734411,0.0005587526807250106,9.810000005927577e-05
5.479945,9.810000005927577e-05,0.0002481000000898348,0.0007431197915304374,0.0005860487180417035,9.810000005927577e-05
5.499945,9.810000005927577e-05,0.0007781000001159555,0.0008218610456751244,0.000459335431355772,9.810000005927577e-05
5.519945,-0.0008518999998159416,0.0009681000001364737,0.0009816214153203016,0.0013111536132021872,9.810000005927577e-05
5.539945,0.002748100000189879,0.0011561000001620414,0.0011576957577722252,0.0011596384616964484,0.0010381000001871143
5.559945,0.002748100000189879,0.0014961000001676439,0.001267569443596731,0.0010279368299939556,0.0017981000000872882
5.579944,0.0010381000001871143,0.0013081000001420762,0.0012498540771596074,0.001538286480340369,0.0017981000000872882
5.599944,0.0017981000000872882,0.001118100000121558,0.001092120490888065,0.0012872142192373731,0.0017981000000872882
5.619944,-0.0017918999999437801,0.0009281000001010398,0.0008349422656721459,0.0010255592075619152,0.0017981000000872882
5.639944,0.0017981000000872882,0.00036210000007486087,0.0005547506155266737,0.0003117130536942881,0.0017981000000872882
5.659943,0.0017981000000872882,0.0001741000000947679,0.0003373707696976646,8.059417257909601e-05,0.0008581000001868233
5.679943,-0.0017918999999437801,0.000552100000095379,0.000252526979843505,0.00021346130545580753,0.0008581000001868233
5.699943,0.0008581000001868233,0.0004001000001153443,0.00033436816464028424,0.00036973170174347625,0.0008581000001868233
5.719943,9.810000005927577e-05,0.0004001000001153443,0.0005715455068713238,0.0009001745921843401,0.0008581000001868233
5.739943,0.0010381000001871143,0.001118100000121558,0.000910408078472782,0.000692505594514417,0.0010381000001871143
5.759943,0.0017981000000872882,0.001306100000101651,0.00127125729915323,0.0012887759908026216,0.0017981000000872882
5.779942,0.0017981000000872882,0.0014941000001272187,0.001571625489668706,0.001786351748374533,0.0017981000000872882
5.799942,0.0017981000000872882,0.0018361000001277717,0.0017475173848195173,0.0015770510490749079,0.0017981000000872882
5.819942,0.0010381000001871143,0.0014961000001221692,0.0017657543340840276,0.0017444403264809455,0.0017981000000872882
5.839942,0.002748100000189879,0.0013441000001421343,0.0016258179403578052,0.0017206407926731288,0.0010381000001871143
5.859941,9.810000005927577e-05,0.0013441000001421343,0.0013540431683524523,0.0012533680654040614,0.0010381000001871143
5.879941,0.0010381000001871143,0.0011561000001165667,0.000994525791798139,0.0007688925409051384,0.0010381000001871143
5.899941,0.0017981000000872882,0.0002481000000898348,0.0006000914650830449,0.000499428671434708,9.810000005927577e-05
5.919941,9.810000005927577e-05,0.0002481000000898348,0.00022442660944953748,0.0003649298369092142,9.810000005927577e-05
5.939941,-0.0017918999999437801,0.0002481000000898348,-8.4962817760392e-05,0.0001433214453101805,9.810000005927577e-05
5.959941,9.810000005927577e-05,-9.18999999157677e-05,-0.00029222321536995753,-0.00017357832157867504,9.810000005927577e-05
5.97994,0.0010381000001871143,-0.00028189999989081116,-0.0003751899176618018,-0.0003650701630746546,9.810000005927577e-05
5.99994,9.810000005927577e-05,-0.00028189999989081116,-0.0003249038396470973,-0.000607471095473624,9.810000005927577e-05
6.01994,-0.0008518999998159416,5.810000011479133e-05,-0.00014722713437681365,-2.4720512708199295e-05,9.810000005927577e-05
6.03994,-0.0017918999999437801,-0.00012989999991077638,0.00013146324654684873,0.00033434708635173677,9.810000005927577e-05
6.05994,0.0017981000000872882,0.0004361000001154025,0.0004603625103585118,0.00033987156187180445,9.810000005927577e-05
6.079939,9.810000005927577e-05,0.000626100000090446,0.0007707732764781949,0.0006024589744667091,9.810000005927577e-05
6.099939,0.0029281000001901702,0.0011561000001165667,0.0009945083114945837,0.0008208505828751014,0.0008581000001868233
6.119939,9.810000005927577e-05,0.0010041000001365318,0.0010856423550139808,0.001282039394052293,0.0008581000001868233
6.139939,0.0008581000001868233,0.0010041000001365318,0.0010345348511028793,0.0011648132868407183,0.0008581000001868233
6.159938,0.0010381000001871143,0.0007781000001159555,0.0008690262234113178,0.0007852328672747006,0.0008581000001868233
6.179938,9.810000005927577e-05,0.0005881000001409121,0.0006451153491692133,0.000819964802000567,0.0008581000001868233
6.199938,0.0017981000000872882,0.0006241000001409702,0.0004320272190127103,0.00030879930082393234,0.0010381000001871143
6.219938,-0.0008518999998159416,0.0004361000001154025,0.00029488753011646995,0.0003887993008355454,9.810000005927577e-05
6.239938,0.0010381000001871143,0.00024610000014035904,0.00027676801405522144,5.85428905744779e-05,9.810000005927577e-05
6.259938,9.810000005927577e-05,9.410000016032427e-05,0.0003831664063347709,0.0003273307693881147,9.810000005927577e-05
6.279937,-0.0008518999998159416,0.00043610000016087725,0.0005745585898277823,0.0005081000001673551,0.0008581000001868233
6.299937,0.0010381000001871143,0.0008141000001614884,0.0007733549209164044,0.000744347086408935,0.0008581000001868233
6.319937,0.0008581000001868233,0.0008141000001614884,0.0008877790269517435,0.0011756757577404248,0.0008581000001868233
6.339936,0.0029281000001901702,0.0011921000001620997,0.0008465322212327617,0.0009815965036640954,0.0010381000001871143
6.359936,9.810000005927577e-05,0.0008141000001614884,0.0006291388266702686,0.0007284263404817444,0.0008581000001868233
6.379936,0.0010381000001871143,0.00028410000013536776,0.0002754700057225719,0.00014301841504607592,9.810000005927577e-05
6.399936,-0.0008518999998159416,-0.0006598999998914223,-0.00013232101660651642,-0.00043938251735256095,-0.0008518999998159416
6.419936,-0.0017918999999437801,-0.0008498999998664658,-0.0005067736421307973,-0.0005373079252877852,-0.0008518999998159416
6.439936,-0.0017918999999437801,-0.0008498999998664658,-0.0007910793871366792,-0.0008897554777279582,-0.0008518999998159416
6.459935,-0.0008518999998159416,-0.0006598999998914223,-0.0009743752078086451,-0.0008195456875109877,-0.0008518999998159416
6.479935,0.0010381000001871143,-0.0008118999998714572,-0.0010794902775426826,-0.0011492659672494682,-0.0008518999998159416
6.499935,9.810000005927577e-05,-0.0008118999998714572,-0.001134342011482481,-0.0010411307691191008,-0.0008518999998159416
6.519935,-0.002551899999843954,-0.0009998999998970248,-0.001148363019530707,-0.00095301888100707,-0.0017918999999437801
6.539935,-0.0017918999999437801,-0.0011878999999225925,-0.0011087900721870978,-0.0008522030302226207,-0.0017918999999437801
6.559934,-0.0017918999999437801,-0.0011878999999225925,-0.000994314118639979,-0.0010936482516900226,-0.0017918999999437801
6.579934,9.810000005927577e-05,-0.0006578999999419466,-0.0007916924473192797,-0.0011027158507511585,9.810000005927577e-05
6.599934,9.810000005927577e-05,-0.0005078999999113875,-0.0005037595957346428,-0.0006652100232119974,9.810000005927577e-05
6.619934,9.810000005927577e-05,5.810000011479133e-05,-0.00014839589018573497,6.814662015025056e-05,9.810000005927577e-05
6.639934,-0.001041899999790985,0.00024610000014035904,0.0002452741675139687,0.0004939275059712821,9.810000005927577e-05
6.659934,0.0010381000001871143,0.0005861000001459616,0.0006395671730299747,0.0005639974360439756,0.0010381000001871143
6.679933,0.0010381000001871143,0.0007741000001715292,0.000991358792696669,0.0007102911423499323,0.0010381000001871143
6.699933,0.0017981000000872882,0.0010401000001365901,0.0012582766755068792,0.0011274006994510372,0.0010381000001871143
6.719933,0.0010381000001871143,0.0013821000001371432,0.0014074366289876942,0.001583111655150953,0.0010381000001871143
6.739933,0.00028810000003431924,0.0015341000001171778,0.0014239623009509226,0.0016571209791536245,0.0017981000000872882
6.759933,0.002748100000189879,0.0013461000001370848,0.0013170696684085608,0.0011664682985016214,0.0010381000001871143
6.779932,0.0017981000000872882,0.0009681000001364737,0.0011216406013494489,0.0010850930071282594,0.0008581000001868233
6.799932,0.0008581000001868233,0.000930100000141465,0.000891896069940698,0.0008997550117923195,0.0008581000001868233
6.819932,-0.0008518999998159416,0.0007401000001209468,0.000685390163887512,0.0007935778555991499,0.0008581000001868233
6.839932,9.810000005927577e-05,0.0004001000001153443,0.0005423512018512278,0.00043854289055795647,9.810000005927577e-05
6.859931,0.0017981000000872882,0.0002481000000898348,0.0004711238546761327,0.0002248832168716719,9.810000005927577e-05
6.879931,9.810000005927577e-05,0.00043810000006487825,0.0004477168039119078,0.0005397783217593367,9.810000005927577e-05
6.899931,9.810000005927577e-05,0.0007781000000704807,0.00042862809297579554,0.0005215965035566421,9.810000005927577e-05
6.919931,9.810000005927577e-05,0.00043810000006487825,0.0003699483312351579,0.0004912002331570835,9.810000005927577e-05
6.939931,0.0017981000000872882,6.010000006426708e-05,0.0002452346989668157,0.0002621792541339669,9.810000005927577e-05
6.95993,9.810000005927577e-05,6.010000006426708e-05,5.606610198462276e-05,5.691118887587491e-05,9.810000005927577e-05
6.97993,-0.0017918999999437801,6.010000006426708e-05,-0.00016878302517912478,-0.00017360163162365657,9.810000005927577e-05
6.99993,9.810000005927577e-05,-0.0004698999999163789,-0.00038483275558986763,-0.0004402682982875161,9.810000005927577e-05
7.01993,9.810000005927577e-05,-0.0008478999999169901,-0.0005478472290658044,-0.0006407344987537469,-0.0008518999998159416
7.03993,-0.0008518999998159416,-0.00043189999992137017,-0.0006271862831237776,-0.0006793358973705782,9.810000005927577e-05
7.05993,-0.0017918999999437801,-0.00043189999992137017,-0.000612996798309842,-0.0005063755243942604,9.810000005927577e-05
7.079929,0.00028810000003431924,-0.00043189999992137017,-0.0005164773059849041,-0.00042255268057422526,9.810000005927577e-05
7.099929,9.810000005927577e-05,-0.0004698999999163789,-0.00036369071638047405,-0.0004297554777620173,9.810000005927577e-05
7.119929,9.810000005927577e-05,-9.18999999157677e-05,-0.00018569694032516417,-0.00029080442881516006,9.810000005927577e-05
7.139929,-0.001041899999790985,5.810000011479133e-05,-9.709578104299886e-06,9.20627040631931e-05,9.810000005927577e-05
7.159929,9.810000005927577e-05,5.810000011479133e-05,0.0001459026011918086,0.0003179368299633019,9.810000005927577e-05
7.179929,0.0010381000001871143,0.00024610000014035904,0.00027374918188844874,0.00010234242437261047,9.810000005927577e-05
7.199928,9.810000005927577e-05,0.0004741000001104112,0.0003783237826097473,0.00030607202808658504,9.810000005927577e-05
7.219928,0.0010381000001871143,0.0004741000001104112,0.00047469463590496785,0.0006144636364786929,9.810000005927577e-05
7.239928,9.810000005927577e-05,0.000626100000090446,0.0005827848831995291,0.0007651862471779918,9.810000005927577e-05
7.259928,9.810000005927577e-05,0.0008141000001160136,0.0007175622486545343,0.0006301279721368704,0.0010381000001871143
7.279927,0.0017981000000872882,0.000626100000090446,0.0008789135396470168,0.0006417829837868365,9.810000005927577e-05
7.299927,0.0010381000001871143,0.0008141000001160136,0.0010457982558619344,0.0010069111889291775,0.0010381000001871143
7.319927,9.810000005927577e-05,0.0011541000001216162,0.0011775053657239317,0.0010925988346114266,0.0010381000001871143
7.339927,0.0010381000001871143,0.0011541000001216162,0.0012231269595613563,0.0011500580420660158,0.0010381000001871143
7.359926,0.0017981000000872882,0.0009661000000960485,0.0011389753283302685,0.0012975871795968645,0.0010381000001871143
7.379926,0.0017981000000872882,0.0010041000000910571,0.0009100439128522685,0.0009789391609291906,0.0010381000001871143
7.399926,9.810000005927577e-05,0.0010041000000910571,0.0005665239934659665,0.0006965382285278596,0.0010381000001871143
7.419926,0.00028810000003431924,0.0002861000000848435,0.000185302252616629,0.0003087759907667606,0.00028810000003431924
7.439926,0.0010381000001871143,-0.00024389999989580247,-0.00012804364512431797,-4.169020969441297e-05,9.810000005927577e-05
7.459925,-0.0017918999999437801,-0.00024389999989580247,-0.00027257489480060496,-0.0004983568763523969,9.810000005927577e-05
7.479925,-0.0008518999998159416,-9.389999986524345e-05,-0.00018921195541713213,-0.0003769116548904897,9.810000005927577e-05
7.499925,9.810000005927577e-05,-0.00028189999989081116,0.00011311286240078323,5.7354079386548117e-05,9.810000005927577e-05
7.519925,0.0010381000001871143,0.0006261000001359207,0.0005546905030113695,0.0005864916085264065,9.810000005927577e-05
7.539925,9.810000005927577e-05,0.0011561000001165667,0.0010085859756317767,0.0010328552448745122,0.0010381000001871143
7.559924,0.002748100000189879,0.0014961000001221692,0.001342047986675542,0.0014651396271487,0.0017981000000872882
7.579924,0.0017981000000872882,0.0013081000000966015,0.0014601022020799953,0.0014983797203811915,0.0017981000000872882
7.599924,0.0017981000000872882,0.0013081000000966015,0.0013350322596673019,0.001468659440650087,0.0017981000000872882
7.619924,9.810000005927577e-05,0.0009661000000960485,0.0010113023868324965,0.0011084962704803855,0.0010381000001871143
7.639924,9.810000005927577e-05,0.000626100000090446,0.000585946313915816,0.000587260839278855,9.810000005927577e-05
7.659924,0.0010381000001871143,-5.389999987528427e-05,0.00017414673596227845,-0.0002522496502262809,9.810000005927577e-05
7.679923,9.810000005927577e-05,-0.0002818999998453364,-0.00012700961013825711,-0.000305396503350253,9.810000005927577e-05
7.699923,-0.001601899999741363,-0.0002818999998453364,-0.000266206773067888,-0.00037378811174780215,9.810000005927577e-05
7.719923,-0.001041899999790985,-0.00012989999986530166,-0.00024971619469542415,1.3950815987925761e-05,9.810000005927577e-05
7.739923,9.810000005927577e-05,-0.00012989999986530166,-0.00013246078221086437,2.653822858330884e-05,9.810000005927577e-05
7.759923,0.0017981000000872882,0.0003981000001203938,1.039253604130642e-05,0.00012816993019426918,9.810000005927577e-05
7.779922,9.810000005927577e-05,0.0003981000001203938,0.00011945376108956424,0.0001953727273980586,9.810000005927577e-05
7.799922,0.0010381000001871143,0.0003981000001203938,0.00017619470882998845,0.00031763379964248634,9.810000005927577e-05
7.819922,-0.001041899999790985,-0.00013189999986025215,0.00020379124695822065,0.00011390419594388201,9.810000005927577e-05
7.839922,9.810000005927577e-05,2.010000016525737e-05,0.00024510393801114807,3.166643372665693e-05,9.810000005927577e-05
7.859921,-0.0008518999998159416,-1.7899999829751322e-05,0.00033264736073733187,0.0001189857810629881,9.810000005927577e-05
7.879921,0.0008581000001868233,0.0005501000001459033,0.00046878770471120185,0.0003505708626437336,0.0008481000002120709
7.899921,0.0008481000002120709,0.000738100000171471,0.0006265745055597624,0.0006861186481711567,0.0008581000001868233
7.919921,0.0017981000000872882,0.0009661000001415232,0.0007683289441732192,0.001107074359114005,0.0008581000001868233
7.939921,0.0010381000001871143,0.0011541000001216162,0.0008688322312151464,0.0009725988346276624,0.0010381000001871143
7.95992,0.00028810000003431924,0.0010041000000910571,0.0009286718791499183,0.0009934613054565409,0.0010381000001871143
7.97992,0.0017981000000872882,0.0006641000000854547,0.0009707358711014251,0.0008328552448324943,0.00028810000003431924
7.99992,9.810000005927577e-05,0.0008161000000654894,0.0010231558418523914,0.0011097783217353494,0.00028810000003431924
8.01992,9.810000005927577e-05,0.0011181000000760831,0.0010990242288483232,0.0007873307692973448,0.0017981000000872882
8.03992,0.0017981000000872882,0.0011181000000760831,0.0011842875435242274,0.001098985780970587,0.0017981000000872882
8.059919,0.0017981000000872882,0.0008901000001060311,0.0012403584739697064,0.0011642538462593695,0.0017981000000872882
8.079919,0.0017981000000872882,0.0014561000001322099,0.0012195673170099994,0.001324696736722778,0.0017981000000872882
8.099919,-0.001041899999790985,0.0011161000001266076,0.001085217209986824,0.0014117363637785054,0.0017981000000872882
8.119919,0.0029281000001901702,0.0009641000001465727,0.0008279464579182647,0.0007204776225191743,0.0010381000001871143
8.139919,9.810000005927577e-05,0.00024610000014035904,0.0004735895748674346,0.0004167247087598796,9.810000005927577e-05
8.159918,0.0010381000001871143,9.610000010980002e-05,7.991813450926613e-05,-1.4976922954759156e-05,9.810000005927577e-05
8.179918,-0.0017918999999437801,-0.00012989999991077638,-0.0002783359966225284,-0.0001810841490952326,9.810000005927577e-05
8.199918,-0.0017918999999437801,-0.0005078999999113875,-0.0005316047537009233,-0.000527424475445719,-0.0017918999999437801
8.219918,0.0017981000000872882,-0.0006958999999369553,-0.0006351439238700151,-0.0007279839160139645,-0.0017918999999437801
8.239918,-0.0017918999999437801,-0.0005458999999063963,-0.0005782804434165865,-0.0004291960372055792,-0.001041899999790985
8.259917,9.810000005927577e-05,0.0002481000000898348,-0.0003827274631734352,-0.000297028205037533,9.810000005927577e-05
8.279917,-0.001041899999790985,-0.00028189999989081116,-9.464964690890894e-05,-0.0001320864800887686,-0.0008518999998159416
8.299917,0.002178100000037375,9.610000010980002e-05,0.00022540230168246512,0.00010129347329450723,9.810000005927577e-05
8.319917,-0.0008518999998159416,9.610000010980002e-05,0.0005129949619070384,0.000189661771667601,9.810000005927577e-05
8.339916,9.810000005927577e-05,0.0008901000001060311,0.0007105918902018925,0.001014230536263966,9.810000005927577e-05
8.359916,9.810000005927577e-05,0.0006621000001359789,0.0007797395930297756,0.0008773074593495008,9.810000005927577e-05
8.379916,0.0029281000001901702,0.0010021000001415813,0.0007149209133903966,0.0008379135199490196,0.0008481000002120709
8.399916,0.0010381000001871143,0.0006241000001409702,0.0005537124121588558,0.0004956291376744476,0.0008481000002120709
8.419916,0.0008481000002120709,0.0006241000001409702,0.00037246832785736754,0.00045991818194182155,0.0008481000002120709
8.439916,-0.0017918999999437801,5.810000011479133e-05,0.000260939583567662,9.248228449443437e-05,9.810000005927577e-05
8.459916,9.810000005927577e-05,-0.00012989999991077638,0.0002834562981121462,0.00023816993017466027,9.810000005927577e-05
8.479915,9.810000005927577e-05,6.010000006426708e-05,0.0004467022333862891,0.00013807669005004642,9.810000005927577e-05
8.499915,9.810000005927577e-05,0.0010041000000910571,0.000693213998962902,0.0005062118881901987,9.810000005927577e-05
8.519915,0.0017981000000872882,0.0010041000000910571,0.0009260102009443532,0.0011929951049868947,9.810000005927577e-05
8.539915,0.0029281000001901702,0.0011921000001166248,0.0010528784203805931,0.0013996384616411861,0.0010381000001871143
8.559914,9.810000005927577e-05,0.0015321000001222273,0.0010285610080606365,0.0012050230770449199,0.0017981000000872882
8.579914,0.0010381000001871143,0.0008141000001160136,0.0008745398690708525,0.001028449650480041,0.0010381000001871143
8.599914,0.0017981000000872882,0.0003981000001203938,0.0006680238056903767,0.0005686594406851997,0.0008481000002120709
8.619914,-0.0017918999999437801,0.0003981000001203938,0.0005066093530249856,-1.1969929956948382e-05,0.0008481000002120709
8.639914,0.0008481000002120709,0.0002101000000948261,0.00046527066092373143,0.0002656524476529822,9.810000005927577e-05
8.659913,9.810000005927577e-05,0.0002101000000948261,0.0005647878072488306,0.0007766780886800398,9.810000005927577e-05
8.679913,9.810000005927577e-05,0.001306100000101651,0.0007652182449368785,0.0008919461539300359,0.0008481000002120709
8.699913,0.0017981000000872882,0.001156100000071092,0.000986245278908736,0.0009694519814256832,9.810000005927577e-05
8.719913,0.003688100000090344,0.001156100000071092,0.0011431103463556936,0.0013068645688291004,9.810000005927577e-05
8.739913,9.810000005927577e-05,0.001156100000071092,0.0011791672738477874,0.0011236710956444582,9.810000005927577e-05
8.759912,9.810000005927577e-05,0.0010041000000910571,0.0010795404476858848,0.0010779834499868315,9.810000005927577e-05
8.779912,9.810000005927577e-05,0.0004361000001154025,0.0008641329487757465,0.0009652561772690929,9.810000005927577e-05
8.799912,0.0010381000001871143,0.0004361000001154025,0.0005716347155626413,0.00033297179498574764,9.810000005927577e-05
8.819912,0.0008481000002120709,0.0004361000001154025,0.0002476336834888216,-5.735454534146038e-05,9.810000005927577e-05
8.839911,9.810000005927577e-05,5.810000011479133e-05,-5.963600303453197e-05,9.215594416520795e-05,9.810000005927577e-05
8.859911,9.810000005927577e-05,-0.00012989999991077638,-0.00030145352117168516,0.00010367109566771686,9.810000005927577e-05
8.879911,-0.0017918999999437801,-0.0002798999999413354,-0.0004347137969531729,-0.0004744874125214672,9.810000005927577e-05
8.899911,9.810000005927577e-05,-0.0002798999999413354,-0.00043211145197845347,-0.0004695923076387212,9.810000005927577e-05
8.919911,9.810000005927577e-05,-0.0006578999999419466,-0.00029162258936767815,-0.0002825526805937856,9.810000005927577e-05
8.939911,9.810000005927577e-05,0.0002861000000848435,-4.066462268064911e-05,-0.00015329860132153554,9.810000005927577e-05
8.95991,-0.0017918999999437801,0.0002861000000848435,0.0002667929826546127,0.00025614195812675376,9.810000005927577e-05
8.97991,0.0029281000001901702,0.0002861000000848435,0.0005601265329445907,0.000585162937139079,9.810000005927577e-05
8.99991,9.810000005927577e-05,0.000626100000090446,0.0007677720239207304,0.0007171209791026346,9.810000005927577e-05
9.01991,9.810000005927577e-05,0.0010041000000910571,0.0008351835236582918,0.0007492888112926026,9.810000005927577e-05
9.03991,0.0017981000000872882,0.0005881000000954373,0.0007397844244679517,0.0008831815851976659,9.810000005927577e-05
9.059909,9.810000005927577e-05,0.0003981000001203938,0.0004986451626873993,0.0006990090910142142,9.810000005927577e-05
9.079909,0.0008481000002120709,0.0003981000001203938,0.00016653646099021937,-0.0002567951047856995,9.810000005927577e-05
9.099909,-0.0008518999998159416,-0.0003198999998858199,-0.00017629068612158368,-0.00016301888098547353,9.810000005927577e-05
9.119909,9.810000005927577e-05,-0.000547899999855872,-0.00044442335997702594,-0.0002150235430008787,-0.0008518999998159416
9.139909,-0.0017918999999437801,-0.00035789999988082853,-0.0005698056614095928,-0.000549172727156552,-0.0008518999998159416
9.159909,-0.001041899999790985,-0.00016789999990578507,-0.0005186472104360168,-0.0004373778553587902,9.810000005927577e-05
9.179909,0.0017981000000872882,-0.00039589999987583725,-0.0002972131605045676,-0.00038865990663611023,-0.001041899999790985
9.199908,9.810000005927577e-05,0.00013210000015533295,5.290040310413874e-05,2.0314452357755782e-05,9.810000005927577e-05
9.219908,-0.001041899999790985,0.0005481000001509529,0.0004643323937389468,0.0004076337996871528,0.0008481000002120709
9.239908,0.0008481000002120709,0.0005481000001509529,0.0008541751269702413,0.0009910836831453424,0.0008481000002120709
9.259907,0.0010381000001871143,0.0008881000001565553,0.0011364980590975622,0.001186305128343489,0.0010381000001871143
9.279907,0.0017981000000872882,0.0013041000001521752,0.0012403039841903127,0.0010357456877921082,0.0010381000001871143
9.299907,0.0017981000000872882,0.0011541000001216162,0.0011301305384193911,0.001035046387099343,0.0010381000001871143
9.319907,0.0010381000001871143,0.0007381000001259963,0.0008200999006321083,0.0009061419581679105,0.0010381000001871143
9.339907,9.810000005927577e-05,0.00020810000014535036,0.00037277404064656124,0.0002907806528142064,9.810000005927577e-05
9.359906,-0.001041899999790985,-0.00013189999986025215,-0.00011815627377104645,0.00017768041972179914,9.810000005927577e-05
9.379906,-0.0008518999998159416,-0.0005098999998608633,-0.00055356099918056,-0.0005648836828379115,-0.0008518999998159416
9.399906,9.810000005927577e-05,-0.0005098999998608633,-0.0008520693606862334,-0.0011105713285417523,-0.0008518999998159416
9.419906,-0.0008518999998159416,-0.0010378999998920334,-0.0009644199205378554,-0.0011625526805455668,-0.0008518999998159416
9.439906,9.810000005927577e-05,-0.0008478999999169901,-0.0008795938889474448,-0.0006596622376707985,9.810000005927577e-05
9.459905,-0.003681899999946836,-0.0005078999999113875,-0.0006254462898503366,-0.0004141843822169847,9.810000005927577e-05
9.479905,9.810000005927577e-05,2.2100000069258386e-05,-0.00026263076148775856,-0.0001941144521413981,9.810000005927577e-05
9.499905,0.0017981000000872882,-0.00016789999990578507,0.00013172042999877735,3.6211888209754575e-05,9.810000005927577e-05
9.519905,0.0017981000000872882,0.000776100000121005,0.00048808885393854067,0.0003948365968570688,0.0010381000001871143
9.539905,-0.0008518999998159416,0.000926100000151564,0.0007648910940311701,0.0008647666668250004,0.0010381000001871143
9.559905,0.0010381000001871143,0.0007741000001715292,0.0009535424346871526,0.0012656058276665771,0.0010381000001871143
9.579904,0.0008481000002120709,0.0007741000001715292,0.00106767735141137,0.0008295219115913182,0.0010381000001871143
9.599904,0.0010381000001871143,0.0009641000001465727,0.0011260812334477322,0.00083572237779097,0.0010381000001871143
9.619904,0.0017981000000872882,0.0009641000001465727,0.0011395356042473107,0.0010188226108735973,0.0010381000001871143
9.639904,9.810000005927577e-05,0.0011541000001216162,0.0011062202189743835,0.0010928319348497682,0.0010381000001871143
9.659904,0.0010381000001871143,0.0010041000000910571,0.0010155590444925926,0.0011574939394921495,0.0010381000001871143
9.679903,0.0017981000000872882,0.0006641000000854547,0.0008581686306603405,0.0008590090909791396,0.00028810000003431924
9.699903,0.00028810000003431924,0.0010041000000910571,0.0006377574599900441,0.0009000347320034925,0.0010381000001871143
9.719903,9.810000005927577e-05,0.00043810000006487825,0.00037916990233537255,0.00036924219121916093,0.00028810000003431924
9.739903,0.0017981000000872882,0.0002861000000848435,0.0001273780246747537,0.00013754055952745975,0.00028810000003431924
9.759902,-0.0017918999999437801,-0.00028189999989081116,-6.427259921629577e-05,-0.00013437086235996336,9.810000005927577e-05
9.779902,0.0010381000001871143,-0.00013189999986025215,-0.00015331333656879603,-0.00040618904414537144,0.0008481000002120709
9.799902,-0.002551899999843954,-0.0003218999998352956,-0.00012686336138180809,-3.0314918261450095e-05,0.0008481000002120709
9.819902,0.0008481000002120709,5.610000016531558e-05,-9.64928915462408e-06,2.910233116849815e-05,0.0008481000002120709
9.839902,0.0008481000002120709,0.00020810000014535036,0.00014500218564501087,6.441701648147394e-05,0.0008481000002120709
9.859901,9.810000005927577e-05,0.0005481000001509529,0.0002781546299900948,0.00030952191157174907,0.0008481000002120709
9.879901,0.0017981000000872882,0.0003981000001203938,0.0003504216035351206,0.0005221093241312389,9.810000005927577e-05
9.899901,-0.0008518999998159416,0.0002481000000898348,0.0003562591868983077,0.0006047433567368439,9.810000005927577e-05
9.919901,9.810000005927577e-05,0.0005881000000954373,0.00032152455854755067,0.000158729370704115,9.810000005927577e-05
9.939901,9.810000005927577e-05,-0.00012989999991077638,0.0002881037646937669,0.00012285524483470113,9.810000005927577e-05
9.9599,0.0017981000000872882,0.0002481000000898348,0.00029456079948048894,0.0002073773893808919,9.810000005927577e-05
9.9799,-0.0017918999999437801,0.0004361000001154025,0.0003605158605547751,0.0004073773893926993,0.0010381000001871143
9.9999,0.0010381000001871143,0.0006241000001409702,0.0004788953668517471,0.0006090324010622301,0.0010381000001871143
10.0199,0.0010381000001871143,0.00047210000016093543,0.0006177845481482754,0.0005421326341940964,0.0010381000001871143
10.0399,0.0010381000001871143,0.0006601000001865032,0.0007309955174168284,0.00047092051301124584,0.0010381000001871143
10.0599,0.0010381000001871143,0.0006601000001865032,0.0007728636759837137,0.0007788226109262092,0.0010381000001871143
10.079899,-0.0008518999998159416,0.0006221000001914945,0.0007117492059510491,0.001108985781085262,0.0010381000001871143
10.099899,0.0010381000001871143,0.0007741000001715292,0.0005398163056317798,0.0004034379954971719,0.0010381000001871143
10.119899,0.0008481000002120709,0.00020810000014535036,0.00027922224282537155,0.00025667808871612156,0.0008481000002120709
10.139899,0.0017981000000872882,2.0100000119782636e-05,-1.731215861758109e-05,0.00013730745932568865,0.0008481000002120709
10.159898,-0.0017918999999437801,2.0100000119782636e-05,-0.00027671453927201805,-0.00027376480174488274,0.0008481000002120709
10.179898,-0.0017918999999437801,-0.0003198999998858199,-0.00042838739387995205,-0.0004165386945107622,-0.0008518999998159416
10.199898,0.0010381000001871143,-0.0009998999998515501,-0.0004320182345342813,-0.00069192330988169,-0.001601899999741363
10.219898,-0.0008518999998159416,-0.0004338999998253712,-0.00029667815535969655,-0.0005844641024022861,-0.0008518999998159416
10.239898,-0.001601899999741363,0.0001321000002008077,-8.089294766038901e-05,-5.5582983478439804e-05,0.0010381000001871143
10.259897,0.0010381000001871143,0.0001321000002008077,0.00012807086136309913,0.0004148132869301349,0.0010381000001871143
10.279897,0.0010381000001871143,0.0005101000002014188,0.00024921502224518053,0.0005057456878391273,0.0010381000001871143
10.299897,0.0010381000001871143,0.00047210000016093543,0.00024346661708254865,0.00029504638710680146,0.0010381000001871143
10.319897,0.0010381000001871143,0.00028410000013536776,0.0001327944788083794,0.00013872937078005063,0.0010381000001871143
10.339897,-0.0017918999999437801,-9.389999986524345e-05,-8.780851444064131e-06,6.584848610875082e-06,9.810000005927577e-05
10.359896,9.810000005927577e-05,-0.0004718999998658546,-8.939039908776754e-05,-0.00037092097888896815,-0.0008518999998159416
10.379896,-0.0008518999998159416,-0.0003198999998858199,-4.1676057336825316e-05,-0.00022511678309513648,-0.0008518999998159416
10.399896,-0.0008518999998159416,0.00024610000014035904,0.00014792925632534903,0.00014012797216081055,9.810000005927577e-05
10.419896,0.0017981000000872882,0.0005861000001459616,0.0004363507047908046,0.0004046734267125238,0.0010381000001871143
10.439896,0.0010381000001871143,0.0009641000001465727,0.0007463380302821707,0.0010540673661184096,0.0010381000001871143
10.459895,0.0017981000000872882,0.0011541000001216162,0.0010003627871297458,0.0010704310024582222,0.0010381000001871143
10.479895,0.0010381000001871143,0.0011541000001216162,0.001147988652040253,0.0013044636364776905,0.0010381000001871143
10.499895,9.810000005927577e-05,0.0009661000000960485,0.0011753511940133248,0.001053997436005725,0.0010381000001871143
10.519895,0.0017981000000872882,0.0008141000001160136,0.001097317880962517,0.0009359088579062968,0.0010381000001871143
10.539895,9.810000005927577e-05,0.000626100000090446,0.0009415881737581705,0.0008186594406582209,9.810000005927577e-05
10.559894,0.0010381000001871143,0.0009661000000960485,0.0007349743916274527,0.0007595452215538583,0.0010381000001871143
10.579894,9.810000005927577e-05,0.0003981000001203938,0.0004973987669495747,0.0004872841492906374,9.810000005927577e-05
10.599894,0.0017981000000872882,0.0003981000001203938,0.0002431716370356413,0.00021954522156305398,9.810000005927577e-05
10.619894,-0.001041899999790985,-0.00016989999990073555,-1.4963526299772723e-05,-7.765757565789155e-05,9.810000005927577e-05
10.639894,9.810000005927577e-05,-0.00016989999990073555,-0.0002637560186174067,-6.44874124865291e-05,9.810000005927577e-05
10.659893,-0.0018018999999185326,-0.000509899999906338,-0.0004903755692887964,-0.00036180675981525043,9.810000005927577e-05
10.679893,9.810000005927577e-05,-0.00047189999991132937,-0.000683417598952921,-0.0007427158507134747,9.810000005927577e-05
10.699893,9.810000005927577e-05,-0.000851899999906891,-0.0008315197125508891,-0.0010605480185541076,-0.0008518999998159416
10.719893,-0.0008518999998159416,-0.000851899999906891,-0.0009215439928012264,-0.0007163755243946004,-0.0008518999998159416
10.739893,-0.0018018999999185326,-0.000851899999906891,-0.0009406109442993876,-0.0010764920745008394,-0.0008518999998159416
10.759892,-0.0018018999999185326,-0.000851899999906891,-0.0008824285137021368,-0.0008206645686752748,-0.0008518999998159416
10.779892,9.810000005927577e-05,-0.0010418999999274093,-0.0007524884517683115,-0.0008081937062072776,-0.0018018999999185326
10.799892,9.810000005927577e-05,-0.00032189999992624505,-0.0005664317478226058,-0.00044117738921127205,9.810000005927577e-05
10.819892,-0.0018018999999185326,5.810000006931659e-05,-0.0003420014197602869,-0.000201084149132719,9.810000005927577e-05
10.839892,0.0017981000000872882,5.810000006931659e-05,-9.071245344810397e-05,-0.00012085104887799394,9.810000005927577e-05
10.859891,9.810000005927577e-05,-0.00013189999990572687,0.00018423161538311234,0.0001256524476550522,9.810000005927577e-05
10.879891,9.810000005927577e-05,0.0003981000001203938,0.0004811770282618431,0.0002634846155134136,9.810000005927577e-05
10.899891,-0.0008518999998159416,0.0006241000001409702,0.0007879360982190082,0.000935046387078334,9.810000005927577e-05
10.919891,0.0008481000002120709,0.0009641000001465727,0.0010736264395785702,0.0012038342658707707,0.0008481000002120709
10.939891,0.0029281000001901702,0.0013781000001472422,0.0012933671376731274,0.0009820393940926174,0.0017981000000872882
10.95989,0.0017981000000872882,0.0013781000001472422,0.0014055183466077053,0.0014126920747545937,0.0017981000000872882
10.97989,0.0021681000000626227,0.0014161000001422508,0.0013902264297226134,0.0015121093241619928,0.0017981000000872882
10.99989,-0.0008518999998159416,0.0011901000001216743,0.001256733342638092,0.0013600114220246235,0.0017981000000872882
11.01989,0.0010381000001871143,0.0008501000001160719,0.0010368013430761833,0.0008964916084910447,0.0010381000001871143
11.03989,0.0017981000000872882,0.0004361000001154025,0.0007721340009822158,0.0007286827507019965,9.810000005927577e-05
11.059889,9.810000005927577e-05,0.000776100000121005,0.0005047326523782501,0.0007066081586423268,0.0008481000002120709
11.079889,9.810000005927577e-05,0.0007381000001259963,0.00027231665464576575,0.00018388088591244075,0.0008481000002120709
11.099889,0.0008481000002120709,5.6100000119840845e-05,0.0001052190767612748,0.00016122354323121104,9.810000005927577e-05
11.119889,0.0008481000002120709,-0.00032389999987572084,2.0993660068609722e-05,-0.00016789067588206892,9.810000005927577e-05
11.139889,-0.001611899999943489,1.6100000129881666e-05,1.6567416278940574e-05,4.513962717325401e-05,0.0008481000002120709
11.159888,-0.0018018999999185326,5.410000012489036e-05,6.293227879558865e-05,4.432377635416291e-05,0.0008481000002120709
11.179888,0.0017981000000872882,9.210000011989905e-05,0.00011066844597514213,0.00014814662017299384,0.0010381000001871143
11.199888,0.0010381000001871143,5.410000012489036e-05,0.00011004687326341116,2.926550129786574e-05,0.0010381000001871143
11.219888,0.0010381000001871143,0.0005841000001510111,3.7354922966133814e-05,0.000248030070077217,0.0010381000001871143
11.239888,-0.0018018999999185326,1.6100000175356398e-05,-8.911335807640475e-05,0.00016192284397962707,0.0008481000002120709
11.259887,0.0008481000002120709,-0.00017189999985021132,-0.00021464347809160167,-0.00015287902082775323,9.810000005927577e-05
11.279887,-0.001041899999790985,-0.0007398999998713407,-0.0002727327878600103,-0.0005920165499706461,-0.001041899999790985
11.299887,9.810000005927577e-05,-0.00017189999985021132,-0.0002162101970104635,-0.00036322867118057103,9.810000005927577e-05
11.319887,-0.0018018999999185326,-0.00013389999985520263,-4.073225852057992e-05,-0.00016847342643207768,9.810000005927577e-05
11.339886,0.0010381000001871143,0.00028210000014041727,0.00020948959973802537,0.00025541934746373845,0.0010381000001871143
11.359886,0.0010381000001871143,0.00028210000014041727,0.0004566891260290592,0.0005443470863907675,0.0010381000001871143
11.379886,0.0010381000001871143,0.0008501000001615467,0.0006189923737241425,0.00073688787894312,0.0010381000001871143
11.399886,9.810000005927577e-05,0.0008501000001615467,0.0006412072339244079,0.0006302678323341485,0.0010381000001871143
11.419886,0.0010381000001871143,0.00028210000014041727,0.0005142929871001276,0.0005983331003819924,0.0010381000001871143
11.439886,0.0010381000001871143,9.410000011484953e-05,0.0002774000668240928,0.00014238904440928412,9.810000005927577e-05
11.459885,-0.0018018999999185326,9.410000011484953e-05,3.805714960253132e-06,0.00013945198145154605,9.810000005927577e-05
11.479885,9.810000005927577e-05,-9.389999991071818e-05,-0.00022257376433963984,-0.00022395128197497848,9.810000005927577e-05
11.499885,9.810000005927577e-05,-0.0002818999999362859,-0.0003311151070038125,-0.00040917272719148256,9.810000005927577e-05
11.519885,9.810000005927577e-05,-0.0002818999999362859,-0.0002819994831953907,-0.0006307111887430231,9.810000005927577e-05
11.539885,9.810000005927577e-05,-9.389999991071818e-05,-7.539087664475628e-05,0.00010385757582245559,9.810000005927577e-05
11.559884,-0.0018018999999185326,0.0002461000000948843,0.00024718266816754764,0.0008245801865762086,9.810000005927577e-05
11.579884,0.0010381000001871143,0.000964100000101098,0.0006104768556865276,0.0005319228439369421,0.0010381000001871143
11.599884,0.0017981000000872882,0.0007361000001310458,0.0009237596142768076,0.0005469578089821784,0.0010381000001871143
11.619884,0.003688100000090344,0.0007361000001310458,0.001105334515034684,0.0007343937064133739,0.0010381000001871143
11.639884,-0.001041899999790985,0.0008881000001110806,0.0011025668863588534,0.0011964216784445675,0.0017981000000872882
11.659883,-0.0018018999999185326,0.0008881000001110806,0.0008997180319711099,0.0012221792542038928,0.0017981000000872882
11.679883,0.0017981000000872882,0.00035810000013043465,0.0005175454748879163,0.0005717130537316331,0.0010381000001871143
11.699883,0.0017981000000872882,9.410000011484953e-05,1.3820266831461669e-05,6.982494184394519e-05,0.0010381000001871143
11.719883,0.0010381000001871143,9.410000011484953e-05,-0.0005159300770446919,-0.0006583801863596535,0.0010381000001871143
11.739882,-0.0023618999998689105,-0.0006258999998863147,-0.00095016596990115,-0.0009115037295023927,-0.0018018999999185326
11.759882,-0.0018018999999185326,-0.001495899999872563,-0.0011743858863608441,-0.0009162589742466914,-0.0018018999999185326
11.779882,-0.0018018999999185326,-0.0016838999998981309,-0.001125891360129586,-0.0014655596735359136,-0.0018018999999185326
11.799882,-0.002551899999843954,-0.0006258999998863147,-0.0008261368782572507,-0.0011111307691013706,-0.0018018999999185326
11.819882,9.810000005927577e-05,-0.0004358999998657964,-0.00037922924635404233,-0.00039632890431595604,-0.0008518999998159416
11.839882,0.0029281000001901702,0.00028410000013536776,6.704347259901114e-05,0.00021928881130835128,9.810000005927577e-05
11.859881,-0.0008518999998159416,0.0008141000001160136,0.00038023033010793573,0.0005580766901169779,9.810000005927577e-05
11.879881,0.0017981000000872882,0.0006241000001409702,0.0004939676521108032,0.0009268412588833218,9.810000005927577e-05
11.899881,9.810000005927577e-05,0.00024610000014035904,0.00042801296023898524,0.0006372375292623984,9.810000005927577e-05
11.919881,-0.0008518999998159416,0.0004361000001154025,0.0002720589635596853,6.639836842284275e-05,9.810000005927577e-05
11.939881,0.0010381000001871143,-0.00028389999988576164,0.00014379298232442225,-0.0003080771560554082,9.810000005927577e-05
11.95988,9.810000005927577e-05,-9.589999986019393e-05,0.00013932682571738441,2.9265501294155653e-05,9.810000005927577e-05
11.97988,-0.0018018999999185326,0.00028210000014041727,0.00029393293675562197,7.742400945774739e-05,0.0010381000001871143
11.99988,0.0010381000001871143,0.000434100000120452,0.0005666746339651286,0.0005667013987321013,0.0010381000001871143
12.01988,0.0010381000001871143,0.0007361000001310458,0.000855385943262459,0.0010545568765812437,0.0010381000001871143
12.03988,0.0017981000000872882,0.0013041000001521752,0.0010375799851122705,0.0010918529138944195,0.0010381000001871143
12.059879,0.0016081000001122447,0.0012661000001571664,0.0010210497405624974,0.0012632981353758416,0.0010381000001871143
12.079879,0.0010381000001871143,0.0008501000001615467,0.0007825818309697616,0.00096796014004149,0.0010381000001871143
12.099879,0.0008481000002120709,0.0003201000001809007,0.0003784973203641084,0.0002444170164854755,0.0008481000002120709
12.119879,-0.001041899999790985,-0.0003238999998302461,-7.651090350050397e-05,-9.409114204360717e-05,-0.0008518999998159416
12.139879,-0.0008518999998159416,-0.0005118999998558138,-0.00045213358541104523,-0.0007175410254898482,-0.0008518999998159416
12.159878,-0.001611899999943489,-0.0006618999998863728,-0.0006480996601348742,-0.0007373545453174747,-0.0008518999998159416
12.179878,9.810000005927577e-05,-0.0006618999998863728,-0.0006243290641950026,-0.0005785899765763814,-0.0008518999998159416
12.199878,9.810000005927577e-05,-0.00013189999990572687,-0.0004060970479489648,-0.00045367156167814,9.810000005927577e-05
12.219878,-0.001041899999790985,0.0002101000000948261,-6.676704321134942e-05,-1.2179720195889111e-05,9.810000005927577e-05
12.239878,0.0017981000000872882,0.0002101000000948261,0.0003013256576530285,0.0004814333334206729,9.810000005927577e-05
12.259877,9.810000005927577e-05,0.0005501000001004285,0.0006160817116910989,0.0008388925408889983,9.810000005927577e-05
12.279877,9.810000005927577e-05,0.0011181000000760831,0.0008265371009240427,0.0008608972028863347,0.0017981000000872882
12.299877,0.0017981000000872882,0.0007781000000704807,0.0009215831959289408,0.0007914333334075714,9.810000005927577e-05
12.319877,0.0017981000000872882,0.0007781000000704807,0.0009260628572910773,0.0009506407925999772,9.810000005927577e-05
12.339876,9.810000005927577e-05,0.0007781000000704807,0.0008856552918531502,0.0005623890443585535,9.810000005927577e-05
12.359876,9.810000005927577e-05,0.0007781000000704807,0.0008445798346198537,0.0008627386947099269,9.810000005927577e-05
12.379876,9.810000005927577e-05,0.00043810000006487825,0.0008247629465484398,0.0007744170163748554,9.810000005927577e-05
12.399876,0.0017981000000872882,0.0008521000000655477,0.0008172552524519933,0.0006964449884115345,9.810000005927577e-05
12.419876,9.810000005927577e-05,0.0008521000000655477,0.0007913321362288896,0.000790034732010911,9.810000005927577e-05
12.439876,0.0021681000000626227,0.0010401000000911154,0.0007164032888673749,0.0011115965035796815,0.0010381000001871143
12.459876,9.810000005927577e-05,0.0007001000000855129,0.0005843753018639148,0.0007430883450659204,9.810000005927577e-05
12.479875,0.0010381000001871143,0.0007001000000855129,0.0004201350557655777,0.00034390419589372704,9.810000005927577e-05
12.499875,9.810000005927577e-05,-9.389999991071818e-05,0.00027424929038549094,0.00017828648028604888,9.810000005927577e-05
12.519875,9.810000005927577e-05,9.410000011484953e-05,0.00020095237572241776,0.00010357785558319212,9.810000005927577e-05
12.539875,-0.0018018999999185326,0.0002461000000948843,0.0002321691975671591,0.0001197783217851568,9.810000005927577e-05
12.559875,0.0010381000001871143,0.0002461000000948843,0.00036127273028025504,0.0003053727273715596,9.810000005927577e-05
12.579874,0.0017981000000872882,0.0005861000001004868,0.000545745828196565,0.0006391722611498447,0.0010381000001871143
12.599874,9.810000005927577e-05,0.0009661000000960485,0.0007270140152550246,0.0007319228439190693,0.0010381000001871143
12.619874,0.0017981000000872882,0.0011181000000760831,0.0008558103555116008,0.0009135312355215714,0.0017981000000872882
12.639874,9.810000005927577e-05,0.0005881000000954373,0.0009100729179687866,0.0010159787879760033,9.810000005927577e-05
12.659873,0.0017981000000872882,0.0009281000001010398,0.000898981931289504,0.000980197902189524,0.0017981000000872882
12.679873,-0.0008518999998159416,0.000776100000121005,0.0008547193181273032,0.0008411303031401911,0.0010381000001871143
12.699873,0.0017981000000872882,0.0011161000001266076,0.0008180326578977378,0.0008707573427867711,0.0017981000000872882
12.719873,0.0010381000001871143,0.0005861000001459616,0.0008236404652975832,0.0006397783218296364,0.0010381000001871143
12.739872,0.0017981000000872882,0.000926100000151564,0.0008883565801659549,0.000691433333491504,0.0010381000001871143
12.759872,-0.0008518999998159416,0.0007741000001715292,0.0010024976045648417,0.0008447200467828822,0.0010381000001871143
12.779872,0.0008481000002120709,0.0009241000001566135,0.0011270037148131727,0.0013789857810507188,0.0010381000001871143
12.799872,0.0010381000001871143,0.0011121000001821813,0.0012018235932133494,0.0012033214454053552,0.0010381000001871143
12.819872,0.0017881000001125358,0.0014901000001827924,0.0011683855243923606,0.0012549531470307219,0.0010381000001871143
12.839872,0.002738100000215127,0.00115010000017719,0.0009990102103442306,0.001014393706485555,0.0010381000001871143
12.859871,0.0010381000001871143,0.0008841000001666543,0.0007170793122529888,0.0009281699302483891,0.0010381000001871143
12.879871,-0.0008518999998159416,0.0003561000001809589,0.0003934149094381201,0.0002675871796512005,-0.0002918999998655636
12.899871,-0.0002918999998655636,-0.0001738999998451618,0.00011780123768333653,0.00013623519828316513,-0.0002918999998655636
12.919871,-0.0008518999998159416,-0.00036389999986568,-3.966960387899402e-05,-0.0002312706292345057,-0.0002918999998655636
12.939871,8.810000008452334e-05,0.00016410000012001547,-5.677585139622289e-05,-0.00026297226094142986,8.810000008452334e-05
12.95987,8.810000008452334e-05,5.2100000129939875e-05,3.630793546413062e-05,5.812331015701692e-05,8.810000008452334e-05
12.97987,0.0017881000001125358,0.00039210000013554234,0.0001751147185935884,0.0003534613054945485,8.810000008452334e-05
12.99987,-0.0008518999998159416,0.00039210000013554234,0.0002895358919576972,0.0004658156178407981,8.810000008452334e-05
13.01987,0.0008481000002120709,0.00039210000013554234,0.000328824047737714,0.000314580186600293,8.810000008452334e-05
13.03987,8.810000008452334e-05,5.2100000129939875e-05,0.0002745670813458302,0.00034220256424356236,8.810000008452334e-05
13.059869,8.810000008452334e-05,5.2100000129939875e-05,0.00014095915880716497,5.618857823087981e-05,8.810000008452334e-05
13.079869,8.810000008452334e-05,9.010000012494856e-05,-3.386103242107419e-05,-0.00022143379940078094,8.810000008452334e-05
13.099869,-0.0008518999998159416,-0.0002878999998756626,-0.0002008201460595336,-0.00013005850803941626,8.810000008452334e-05
13.119869,0.0010381000001871143,-0.0002878999998756626,-0.00031347610907183585,-0.00042838018637270797,8.810000008452334e-05
13.139868,-0.0018018999999185326,-0.0002878999998756626,-0.0003394873814631132,-0.00016637552436226261,8.810000008452334e-05
13.159868,8.810000008452334e-05,-9.989999989556964e-05,-0.000268151510278216,-0.00012838018635950182,8.810000008452334e-05
13.179868,8.810000008452334e-05,-6.189999990056095e-05,-0.00011260216152015149,-0.0001309442889335609,8.810000008452334e-05
13.199868,8.810000008452334e-05,0.00012810000011995726,9.358288245771337e-05,8.502307703444928e-05,8.810000008452334e-05
13.219868,0.0012281000001621578,0.00012810000011995726,0.0003034316828724621,3.889254090589961e-05,8.810000008452334e-05
13.239868,-0.0008518999998159416,0.00031810000014047545,0.0004644812764730894,0.000367913519944195,8.810000008452334e-05
13.259867,8.810000008452334e-05,0.00031810000014047545,0.0005269437484376819,0.0007079834500332262,8.810000008452334e-05
13.279867,0.0010381000001871143,0.0002801000001454668,0.00045433741462557267,0.000421852913909588,8.810000008452334e-05
13.299867,8.810000008452334e-05,0.0006581000001460779,0.00023753591416640323,0.00037427715632356543,0.0010381000001871143
13.319867,0.0010381000001871143,-9.789999985514442e-05,-9.263211334799474e-05,-0.00015474382270533722,0.0010381000001871143
13.339866,0.0010381000001871143,-0.0002878999998756626,-0.0004639864022052158,-0.00036339184135763945,8.810000008452334e-05
13.359866,-0.0036918999999215885,-0.0008158999998613581,-0.0007801677249073553,-0.0006671447551217043,8.810000008452334e-05
13.379866,8.810000008452334e-05,-0.0010058999998818763,-0.0009533778829397454,-0.0011018766898669456,8.810000008452334e-05
13.399866,-0.002551899999843954,-0.0011958999999023944,-0.0009383051219718798,-0.0010461657341397637,8.810000008452334e-05
13.419866,8.810000008452334e-05,-0.0006658999998762738,-0.000750052065550524,-0.0011032752912556558,8.810000008452334e-05
13.439866,8.810000008452334e-05,-0.0004758999998557556,-0.00045736320172465084,-0.00036973216770315833,8.810000008452334e-05
13.459865,-0.001041899999790985,5.2100000129939875e-05,-0.00015519625623274213,0.00014110699313947997,8.810000008452334e-05
13.479865,0.0010381000001871143,0.00039210000013554234,7.100421974260988e-05,0.0002666547786930634,8.810000008452334e-05
13.499865,8.810000008452334e-05,1.4100000134931178e-05,0.00017561201408338914,0.00038462680666298576,8.810000008452334e-05
13.519865,0.0017881000001125358,0.00043010000013055105,0.00016692860319199846,-9.172727146667151e-06,0.0010381000001871143
13.539865,-0.0018018999999185326,-0.00013789999989057832,9.964546321257558e-05,-0.00011945244743098303,8.810000008452334e-05
13.559864,0.0010381000001871143,-9.989999989556964e-05,4.824242173425959e-05,0.0001919228439197846,0.0002781000000595668
13.579864,-0.0018018999999185326,-0.0002498999998806539,7.28483345926886e-05,-0.00012914941713739077,0.0002781000000595668
13.599864,0.0002781000000595668,0.00047010000012051025,0.00019349139971394107,-1.0408158379509376e-05,0.0010381000001871143
13.619864,0.0010381000001871143,5.410000012489036e-05,0.0003844858449537678,0.00021814662016745359,0.0002781000000595668
13.639863,0.0017981000000872882,0.0007741000001260546,0.0005898051777503425,0.0010518062938370755,0.0010381000001871143
13.659863,-0.001041899999790985,0.0010781000001315987,0.0007497023010809503,0.0008293354313544281,0.0017981000000872882
13.679863,0.0017981000000872882,0.0010781000001315987,0.0008253754089507494,0.0009906407926712397,0.0017981000000872882
13.699863,0.0017981000000872882,0.00035810000013043465,0.0008122404415077338,0.0007109205129522735,0.0010381000001871143
13.719863,0.0010381000001871143,0.0007741000001260546,0.000737915972137915,0.0006305708626130933,0.0010381000001871143
13.739862,-0.0018018999999185326,0.0006221000001460197,0.0006461675311185796,0.0005024822845299023,0.0010381000001871143
13.759862,0.0010381000001871143,0.0004321000001709763,0.0005744434225232856,0.0007820860141294324,0.0010381000001871143
13.779862,0.0010381000001871143,0.00024410000014540856,0.0005371201593925255,0.00024166643373547714,0.0008481000002120709
13.799862,0.0008481000002120709,0.000812100000166538,0.0005229180175103001,0.0003605475526206753,0.0010381000001871143
13.819862,9.810000005927577e-05,0.00043410000016592677,0.0005051615781740895,0.0006750930071410223,0.0008481000002120709
13.839861,0.0010381000001871143,0.0005861000001459616,0.00045699031744111034,0.0007528086248650104,0.0008481000002120709
13.859861,-0.0008518999998159416,0.0004361000001154025,0.0003643845374595539,0.00031877599081465416,9.810000005927577e-05
13.879861,0.0017981000000872882,0.00020810000014535036,0.00023357700318697244,0.00016945198147862514,9.810000005927577e-05
13.899861,9.810000005927577e-05,2.0100000119782636e-05,9.140992790753132e-05,8.842634044078042e-05,9.810000005927577e-05
13.919861,-0.001041899999790985,0.0002101000000948261,-2.2034447206303154e-05,-5.629603632099624e-06,9.810000005927577e-05
13.939861,9.810000005927577e-05,-0.00012989999991077638,-6.685189934962852e-05,-0.00011271585074001486,9.810000005927577e-05
13.95986,9.810000005927577e-05,-0.00012989999991077638,-1.76270468255341e-05,6.383426581327319e-05,9.810000005927577e-05
13.97986,9.810000005927577e-05,0.0002481000000898348,0.0001273475044367818,7.129347330664885e-05,9.810000005927577e-05
13.99986,9.810000005927577e-05,0.0004361000001154025,0.0003449018301884065,0.0001478902099161708,9.810000005927577e-05
14.01986,0.0008481000002120709,0.0005861000001459616,0.0005930836453924074,0.0008887993008261084,0.0008481000002120709
14.03986,0.0010381000001871143,0.0005861000001459616,0.0008217578628739075,0.0008362818183203776,0.0008481000002120709
14.059859,0.0008481000002120709,0.0013041000001521752,0.000984431032353358,0.0008817596737994847,0.0008481000002120709
14.079859,9.810000005927577e-05,0.0007741000001260546,0.0010483841329321083,0.0009076571096972569,0.0008481000002120709
14.099859,0.003688100000090344,0.0007741000001260546,0.0010011518157677518,0.0011144403264878753,0.0008481000002120709
14.119859,-0.0018018999999185326,0.0008121000001210632,0.0008522551583367138,0.0008212468532809716,0.0010381000001871143
14.139858,0.0010381000001871143,0.0010001000001466308,0.0006302008506495351,0.0006787060607285236,0.0010381000001871143
14.159858,0.0010381000001871143,-5.989999986013572e-05,0.0003764708133961377,0.00024173636376601004,0.0010381000001871143
14.179858,0.0010381000001871143,0.00035610000013548416,0.00013847719323123144,0.00022087389291063105,0.0010381000001871143
14.199858,-0.001611899999943489,-2.189999986512703e-05,-3.8506620015486794e-05,-0.000129242657201775,0.0002781000000595668
14.219858,0.0002781000000595668,0.00013010000011490775,-0.00012074277637025784,7.469673672941035e-05,0.0002781000000595668
14.239857,-0.0008518999998159416,-0.0002478999998857034,-9.4058321675887e-05,-8.579277377679053e-05,-0.0008518999998159416
14.259857,0.0017981000000872882,9.410000011484953e-05,3.363643935133149e-05,-1.5419813424091887e-05,9.810000005927577e-05
14.279857,-0.0008518999998159416,0.0003981000001203938,0.00023619457145594155,3.646829846498743e-05,9.810000005927577e-05
14.299857,9.810000005927577e-05,0.0005881000000954373,0.00047639524844744687,0.0007842305362452199,9.810000005927577e-05
14.319857,0.0017981000000872882,0.0003981000001203938,0.0007133105697863347,0.0007653261073445293,9.810000005927577e-05
14.339857,9.810000005927577e-05,0.0011541000001216162,0.0009088632448316388,0.0009692421912768437,0.0008481000002120709
14.359856,0.0008481000002120709,0.0009641000001465727,0.0010332525548708768,0.0007001279721827413,0.0008481000002120709
14.379856,0.0029281000001901702,0.0007741000001715292,0.0010682741419012676,0.000993484615530143,0.0008481000002120709
14.399856,-0.0008518999998159416,0.0007741000001715292,0.0010075683744966161,0.0011069811190533305,0.0008481000002120709
14.419856,0.0008481000002120709,0.0009641000001465727,0.0008544825753238648,0.0008475405595999843,0.0008481000002120709
14.439856,9.810000005927577e-05,0.0005481000001509529,0.0006206433195695981,0.0005749298369752754,0.0008481000002120709
14.459856,0.0017981000000872882,0.00036010000012538513,0.00032813607902929627,0.0003901745922126647,0.0008481000002120709
14.479855,0.0008481000002120709,2.0100000119782636e-05,1.3345676210642377e-05,1.9790222627401311e-07,9.810000005927577e-05
14.499855,-0.0017918999999437801,0.00017010000015034167,-0.0002741768576935959,-5.742447538736342e-05,0.0008481000002120709
14.519855,-0.0008518999998159416,-0.000547899999855872,-0.0004821110057659523,-0.0005704547784240921,-0.0008518999998159416
14.539855,0.0008481000002120709,-0.0008878999998614745,-0.0005714720504965913,-0.0006898020977615933,-0.0008518999998159416
14.559854,-0.0017918999999437801,-0.0005098999998608633,-0.0005300304569674868,-0.0007734617714225804,-0.0008518999998159416
14.579854,-0.0008518999998159416,-0.00013189999986025215,-0.0003763965891849233,-0.00022089766886017388,9.810000005927577e-05
14.599854,9.810000005927577e-05,-0.00013189999986025215,-0.00015255149384832937,0.0003005242425787768,9.810000005927577e-05
14.619854,0.0010381000001871143,0.00043410000016592677,9.283463759924215e-05,-1.886969681597444e-05,0.0008481000002120709
14.639853,0.0008481000002120709,0.00043410000016592677,0.0003227349883114568,6.877599085276326e-05,0.0008481000002120709
14.659853,0.0010381000001871143,0.0002061000001958746,0.0005212746717461335,0.0006863750584767404,0.0008481000002120709
14.679853,-0.0008518999998159416,0.0005841000001964858,0.0006885132332325377,0.0006454892775775841,0.0008481000002120709
14.699853,-0.001041899999790985,0.0007741000001715292,0.0008255204045044755,0.0008822958043676521,0.0010381000001871143
14.719853,0.0029281000001901702,0.0005861000001459616,0.000922781807303805,0.0007628319348720241,9.810000005927577e-05
14.739852,0.0017981000000872882,0.0011161000001266076,0.0009614835172163716,0.0008531349651754952,0.0017981000000872882
14.759852,9.810000005927577e-05,0.0011161000001266076,0.0009249355536557486,0.000833904195929678,0.0017981000000872882
14.779852,0.0017981000000872882,0.0007001000001309876,0.0008090382791954391,0.001142016084049132,0.0008481000002120709
14.799852,-0.001041899999790985,0.00036010000012538513,0.0006240833969047536,0.000707983450017856,9.810000005927577e-05
14.819852,0.0008481000002120709,0.0005101000001559441,0.0003895339154601036,-5.0011887983950916e-05,0.0008481000002120709
14.839852,9.810000005927577e-05,-0.00020789999985026952,0.00012852305301275626,0.00011448694653311145,9.810000005927577e-05
14.859851,0.0008481000002120709,2.0100000119782636e-05,-0.00013357120411000922,0.00012241235443956973,9.810000005927577e-05
14.879851,-0.0017918999999437801,5.810000011479133e-05,-0.00036763817704394834,-0.0003151167830873319,9.810000005927577e-05
14.899851,9.810000005927577e-05,-0.0003198999998858199,-0.0005406082018111548,-0.0002545107225023146,9.810000005927577e-05
14.919851,0.0010381000001871143,-0.0008098999998765067,-0.0006199362299697461,-0.0007391960371845275,-0.001601899999741363
14.939851,-0.0017918999999437801,-0.0004318999998758954,-0.0005840453091925322,-0.0008412939392552114,9.810000005927577e-05
14.95985,-0.001601899999741363,-0.0006218999998509389,-0.0004365276706552948,-0.0005967717947303151,-0.0008518999998159416
14.97985,9.810000005927577e-05,-0.0006218999998509389,-0.00021659989324185162,-4.8543356496866653e-05,-0.0008518999998159416
14.99985,-0.0008518999998159416,9.610000015527475e-05,4.320591109897591e-06,4.562913768166901e-05,9.810000005927577e-05
15.01985,0.0010381000001871143,0.0004361000001154025,0.00014425734082659883,8.616526819336709e-05,9.810000005927577e-05
15.03985,0.0017981000000872882,0.00020810000014535036,0.00014286839557032204,0.0002835778556089243,9.810000005927577e-05
15.059849,9.810000005927577e-05,2.0100000119782636e-05,-1.2508552562400205e-05,-3.667855465036031e-05,9.810000005927577e-05
15.079849,-0.001041899999790985,-0.00039589999987583725,-0.0002819724085754338,-0.0003596389276025407,-0.001041899999790985
15.099849,-0.0017918999999437801,-0.0009258999998564832,-0.0005917515806822111,-0.00048075780872250124,-0.001041899999790985
15.119849,-0.001041899999790985,-0.0009258999998564832,-0.0008641760100262053,-0.001058147086106236,-0.001041899999790985
15.139848,-0.0008518999998159416,-0.0008878999998614745,-0.0010414710175063512,-0.0011526925406562603,-0.0008518999998159416
15.159848,9.810000005927577e-05,-0.0008878999998614745,-0.0010938456651641154,-0.0009989629369257598,-0.0008518999998159416
15.179848,-0.0008518999998159416,-0.0006598999998914223,-0.001015302390764821,-0.0007004780884684006,-0.0008518999998159416
15.199848,-0.0017918999999437801,-0.0006598999998914223,-0.0008173107362242586,-0.000916748484729136,-0.0008518999998159416
15.219848,9.810000005927577e-05,-0.0006598999998914223,-0.0005270224797827733,-0.00041367156166464817,-0.0008518999998159416
15.239848,-0.0008518999998159416,-0.0006598999998914223,-0.0001886414857018218,-0.00038381142180357673,-0.0008518999998159416
15.259847,9.810000005927577e-05,0.0004361000001154025,0.00013821528318009088,0.00010942867144255662,9.810000005927577e-05
15.279847,-0.0008518999998159416,9.410000011484953e-05,0.0003881511526218225,0.00020803007003139464,-0.0008518999998159416
15.299847,0.003688100000090344,0.0006241000000954955,0.0005074448403672927,0.0006568645688727452,9.810000005927577e-05
15.319847,-0.001611899999943489,0.0002441000000999338,0.00047296595061534533,0.0004353261073259746,-0.0008518999998159416
15.339846,0.0017981000000872882,0.0007741000000805798,0.00030300331987420556,0.0005416198136009495,0.0017981000000872882
15.359846,-0.0018018999999185326,-0.00032389999992119554,5.371966393723952e-05,-4.5210023228130095e-05,-0.001611899999943489
15.379846,0.0017981000000872882,1.8100000079357415e-05,-0.0001976427947436592,2.2971794934718197e-05,9.810000005927577e-05
15.399846,-0.0018018999999185326,-0.0007018999999218068,-0.00037636683570590107,-0.000855886013915386,-0.0018018999999185326
15.419846,9.810000005927577e-05,1.8100000079357415e-05,-0.00043323036994090955,-0.0001677974358065545,9.810000005927577e-05
15.439846,-0.0018018999999185326,-0.000851899999906891,-0.0003601037071583414,-0.0005954431234420991,-0.0018018999999185326
15.459845,0.0017981000000872882,9.410000011484953e-05,-0.00019272051228870905,-0.0001439279719146736,9.810000005927577e-05
15.479845,-0.002551899999843954,-0.00028589999988071213,1.433482215428193e-06,-0.0001840212120026198,-0.0018018999999185326
15.499845,0.0029281000001901702,0.000434100000120452,0.00014685947571226702,0.00052810000011103,0.0017981000000872882
15.519845,-0.0018018999999185326,9.410000011484953e-05,0.0001875958944947811,0.0002436011656170937,9.810000005927577e-05
15.539845,0.0017981000000872882,0.0006241000000954955,0.0001088687529477161,0.00017033776234679946,9.810000005927577e-05
15.559844,9.810000005927577e-05,-0.00047189999991132937,-5.576122354302095e-05,-0.00010940582742138816,9.810000005927577e-05
15.579844,9.810000005927577e-05,-9.18999999157677e-05,-0.000236147798905226,-0.00014481375284167895,9.810000005927577e-05
15.599844,-0.002551899999843954,-0.000395899999921312,-0.0003532863830190489,-0.0007655596735722339,9.810000005927577e-05
15.619844,9.810000005927577e-05,-0.0006238999998913642,-0.0003517641226365031,-0.00024171351969873105,9.810000005927577e-05
15.639844,0.0002781000000595668,-0.0004358999998657964,-0.00022187494555457005,-0.00033110745908215616,9.810000005927577e-05
15.659843,-0.001041899999790985,0.000434100000120452,-1.4831746326284181e-06,0.00016224918426857278,0.0002781000000595668
15.679843,0.0010381000001871143,0.000434100000120452,0.00024138770445258199,0.00035618857821387545,0.0002781000000595668
15.699843,0.0017981000000872882,0.0003981000001203938,0.00043522726834832186,0.0005160020980102816,9.810000005927577e-05
15.719843,9.810000005927577e-05,0.0004361000001154025,0.0005279730211439424,0.00041565244766541545,9.810000005927577e-05
15.739842,9.810000005927577e-05,0.0002481000000898348,0.0004968679080993092,0.0002564449884523394,9.810000005927577e-05
15.759842,-0.0008518999998159416,9.610000010980002e-05,0.00034494449396432574,0.00048262214462874294,9.810000005927577e-05
15.779842,9.810000005927577e-05,-9.389999986524345e-05,9.260106472405868e-05,8.089720293171223e-05,9.810000005927577e-05
15.799842,0.0010381000001871143,5.610000016531558e-05,-0.00022649734356562643,-0.0002199419578809054,9.810000005927577e-05
15.819842,-0.0008518999998159416,-0.0002838999998402869,-0.0005641008421614532,-0.0005264687643975494,9.810000005927577e-05
15.839842,0.0008481000002120709,-0.0006638999998358486,-0.0008584078355146795,-0.0007406878786349719,-0.0008518999998159416
15.859841,-0.002551899999843954,-0.0012318999998569779,-0.001045835744608926,-0.0010579139858822046,-0.0018018999999185326
15.879841,-0.0018018999999185326,-0.0010418999998819344,-0.0010831458265771594,-0.0013006645686325915,-0.0018018999999185326
15.899841,-0.0018018999999185326,-0.001381899999887537,-0.0009686486520339394,-0.0010731587411420013,-0.0018018999999185326
15.919841,9.810000005927577e-05,-0.0006638999998813233,-0.0007478242388266643,-0.000554767132738423,-0.0008518999998159416
15.939841,-0.0008518999998159416,-9.589999986019393e-05,-0.0004967611267214384,-0.00036059463855742866,9.810000005927577e-05
15.95984,0.0010381000001871143,9.410000016032427e-05,-0.00029078109712596324,-0.0002513871793368368,9.810000005927577e-05
15.97984,0.0010381000001871143,-0.0002858999998352374,-0.00017531956863139867,-0.00011120069915289743,-0.0008518999998159416
15.99984,-0.0008518999998159416,-0.0004758999998557556,-0.00015508610712403544,-0.00029185337981058187,-0.0008518999998159416
16.01984,-0.0018018999999185326,-0.00032389999987572084,-0.00020595825496114376,-0.0003585433565039057,-0.0008518999998159416
16.03984,-0.0018018999999185326,-0.0007398999998713407,-0.00029870707801806873,-0.00016826363623394724,-0.001041899999790985
16.059839,0.0017981000000872882,-0.0003998999998657382,-0.0004159723146568267,-0.0006816202795702217,-0.001041899999790985
16.079839,-0.001041899999790985,-0.0002478999998402287,-0.0005513401275368939,-0.0006685899765378364,-0.001041899999790985
16.099839,0.0008481000002120709,-0.00047389999981533036,-0.0006956562862428552,-0.00048341515135299443,-0.001041899999790985
16.119839,-0.001041899999790985,-0.0007778999998208746,-0.00082573062953173,-0.0004829489508694207,-0.001041899999790985
16.139838,-0.002931899999794041,-0.000739899999825866,-0.0009063951048374436,-0.0007889862468951401,-0.0008518999998159416
16.159838,0.0002781000000595668,-0.0010798999998314685,-0.0009045208802245105,-0.0012461890441133414,-0.0008518999998159416
16.179838,-0.0008518999998159416,-0.0010418999998364597,-0.0008049591293047185,-0.0008758860138235504,-0.0008518999998159416
16.199838,-0.0008518999998159416,-0.0004378999998607469,-0.0006192559186982792,-0.0006653731933265247,-0.0008518999998159416
16.219838,-0.0008518999998159416,-0.0002858999998352374,-0.00038417709208073706,-0.00025812377607497563,-0.0008518999998159416
16.239838,8.810000008452334e-05,-9.789999985514442e-05,-0.00015173533018779514,8.234242438388508e-05,8.810000008452334e-05
16.259837,0.0010381000001871143,-9.789999985514442e-05,2.5457753368848673e-05,-0.0001689862469319432,8.810000008452334e-05
16.279837,8.810000008452334e-05,9.010000012494856e-05,0.00010800011933360145,3.5279487309388235e-05,8.810000008452334e-05
16.299837,-0.0008518999998159416,-9.789999985514442e-05,7.72843416248917e-05,-0.00012963892761612506,8.810000008452334e-05
16.319837,8.810000008452334e-05,-0.0002878999998756626,-6.433121738797145e-05,0.0001330417250807946,8.810000008452334e-05
16.339837,-0.0008518999998159416,-0.0004758999998557556,-0.00029663320098837317,-0.00031183006978612645,-0.0008518999998159416
16.359836,8.810000008452334e-05,-0.00013589999985015312,-0.0005830043506433389,-0.0007413172492701737,8.810000008452334e-05
16.379836,-0.0008518999998159416,-0.0008918999998513754,-0.000869990881998271,-0.0006747904427327181,-0.0008518999998159416
16.399836,0.0008481000002120709,-0.0008918999998513754,-0.0010902033441423974,-0.0009665153844769181,-0.0008518999998159416
16.419836,-0.0036918999999215885,-0.0008918999998513754,-0.0011743171133080993,-0.0011399419579050092,-0.0008518999998159416
16.439836,-0.0008518999998159416,-0.0010818999998718937,-0.0010719681734427593,-0.0009329489509099003,-0.0008518999998159416
16.459835,8.810000008452334e-05,-0.0010438999998768849,-0.0007733564462094038,-0.0009276808856360553,-0.0008518999998159416
16.479835,-0.0018018999999185326,-0.00013589999985015312,-0.0003206629163328237,-0.0005786832166465956,8.810000008452334e-05
16.499835,0.0010381000001871143,5.2100000129939875e-05,0.0001970255890848412,4.243566446763807e-05,8.810000008452334e-05
16.519835,0.0008481000002120709,0.00039210000013554234,0.000664532592251756,0.0009909205129476038,0.0008481000002120709
16.539835,8.810000008452334e-05,0.0011861000001317733,0.0009712851721951918,0.0010172608392717782,0.0010381000001871143
16.559834,0.0017881000001125358,0.0009961000001112552,0.001043341181746357,0.0008282398602610932,0.0008481000002120709
16.579834,0.0021681000000626227,0.0006561000001056527,0.0008672259935534067,0.0009406874127109476,8.810000008452334e-05
16.599834,8.810000008452334e-05,0.00043010000013055105,0.0004969213856370727,0.0005755358975670856,8.810000008452334e-05
16.619834,-0.0008518999998159416,0.0002801000001454668,3.969546184794788e-05,0.00029229580434090283,8.810000008452334e-05
16.639833,-0.001041899999790985,-0.0003238999998302461,-0.0003752561093122055,-0.00045460396253822565,-0.0008518999998159416
16.659833,0.0010381000001871143,-0.0007018999998308573,-0.000634079300230065,-0.0009671913751321219,-0.0008518999998159416
16.679833,-0.0008518999998159416,-0.0008918999998513754,-0.0006698149651372197,-0.0008783801863342162,-0.001041899999790985
16.699833,-0.0018018999999185326,-0.0002498999998806539,-0.00048121779201954195,-0.00023322867120138417,-0.0008518999998159416
16.719833,-0.0018018999999185326,-9.989999989556964e-05,-0.0001343790613065488,8.576899778590687e-05,-0.0008518999998159416
16.739832,0.0021681000000626227,0.00027810000010504156,0.000256585903995417,0.00011050093251158045,0.0010381000001871143
16.759832,0.0017881000001125358,0.00046810000012555977,0.0005673821081127628,0.0004001512821583359,0.0010381000001871143
16.779832,0.0010381000001871143,0.0008461000001261709,0.0007061025941419169,0.000847447319462459,0.0010381000001871143
16.799832,-0.0008518999998159416,0.0007701000001361536,0.0006416569399532409,0.0009369344989685693,0.0010381000001871143
16.819832,8.810000008452334e-05,0.00024210000015045807,0.0004077756050903911,0.0005738808859300328,8.810000008452334e-05
16.839831,0.0017881000001125358,-0.00013589999985015312,8.609089078068333e-05,-0.00030243613037509386,-0.0008518999998159416
16.859831,-0.0008518999998159416,-0.0001738999998451618,-0.00022188695959445774,-0.00043546643339389333,-0.0008518999998159416
16.879831,-0.0008518999998159416,-0.00036189999982525476,-0.00042580227207412243,-0.0003131121210469206,-0.0008518999998159416
16.899831,-0.001041899999790985,-0.000511899999810339,-0.00047380852434555687,-0.00035903286696302965,-0.0008518999998159416
16.919831,-0.0008518999998159416,-0.0003238999998302461,-0.00036818502868251316,-0.0005102916082114159,-0.0008518999998159416
16.939831,0.0010381000001871143,-0.0003238999998302461,-0.00016262070523150968,-0.0003732286711447233,-0.0008518999998159416
16.95983,8.810000008452334e-05,9.210000016537378e-05,5.8321440189660255e-05,0.00021124685331213753,8.810000008452334e-05
16.97983,-0.0008518999998159416,0.00047010000016598494,0.00020931094998831917,0.00048234242440749995,0.0010381000001871143
16.99983,0.0010381000001871143,0.0002801000001454668,0.00023312633930622646,0.0003236244756821685,8.810000008452334e-05
17.01983,0.0010381000001871143,9.210000016537378e-05,0.00011952847029463673,0.00023238904444070047,8.810000008452334e-05
17.039829,8.810000008452334e-05,-9.789999985514442e-05,-9.197732919635522e-05,-0.0002769116548700105,8.810000008452334e-05
17.059829,-0.0008518999998159416,-0.0002878999998756626,-0.00032808546425293177,-0.0005829722609412414,8.810000008452334e-05
17.079829,-0.0018018999999185326,-0.000855899999896792,-0.0005117458056194697,-0.00046530326330591486,-0.0008518999998159416
17.099829,8.810000008452334e-05,-0.000855899999896792,-0.0005934278456311044,-0.0006175410255531104,-0.0008518999998159416
17.119829,-0.0018018999999185326,-0.0003278999999110965,-0.0005685925368010996,-0.0005714104894139606,8.810000008452334e-05
17.139829,8.810000008452334e-05,-0.000175899999885587,-0.00047357048980625586,-0.000559755477738024,8.810000008452334e-05
17.159828,0.0017881000001125358,-0.0004018999998606887,-0.00036399194274009305,-8.192330989112526e-05,-0.001041899999790985
17.179828,-0.001041899999790985,-0.0002118999998401705,-0.00028907224269626367,-0.00017910279703461162,-0.0008518999998159416
17.199828,-0.001041899999790985,-2.1899999819652293e-05,-0.0002754761678360423,-0.0004517834496988636,-0.0008518999998159416
17.219828,-0.0008518999998159416,-0.0008898999998109503,-0.00032563094638841055,-0.0004115736594898915,-0.001041899999790985
17.239827,0.0010381000001871143,-0.0006638999998358486,-0.0004247535127883202,-0.0005634617714020998,-0.0008518999998159416
17.259827,-0.002551899999843954,-0.0003998999998657382,-0.0005475774741003961,-0.0006212939392552083,8.810000008452334e-05
17.279827,8.810000008452334e-05,-0.00021189999988564524,-0.0006602481344754523,-0.00024113076910314143,8.810000008452334e-05
17.299827,0.0002781000000595668,-0.0006278999998812651,-0.0007190995246169888,-0.0005850235430027147,8.810000008452334e-05
17.319827,8.810000008452334e-05,-0.0002878999998756626,-0.0006723692843269874,-0.0009742076921953856,8.810000008452334e-05
17.339826,-0.001041899999790985,-0.0006658999998762738,-0.0004714861473532588,-0.0006079839159628894,-0.0008518999998159416
17.359826,-0.0008518999998159416,-0.00036389999986568,-9.260952254331661e-05,0.000257284149312172,-0.0008518999998159416
17.379826,-0.0018018999999185326,0.0005821000001560606,0.00044146639218992773,0.000542389044431309,-0.0008518999998159416
17.399826,0.0017881000001125358,0.0011481000001367647,0.0010545267827051419,0.0009619694640261884,0.0017881000001125358
17.419826,0.004818100000193226,0.0015261000001373759,0.00163308439724776,0.001596911188969177,0.0017881000001125358
17.439825,0.0017881000001125358,0.0020941000001585054,0.002056513166259829,0.0020347899768368965,0.0017881000001125358
17.459825,0.0010381000001871143,0.0020941000001585054,0.0022220922273765457,0.002194510256560438,0.0017881000001125358
17.479825,0.0010381000001871143,0.0011481000001367647,0.0020534650988631538,0.0021013634034049537,0.0010381000001871143
17.499825,0.0017881000001125358,0.0008081000001311622,0.0014982308640961795,0.0012755358975652163,0.0010381000001871143
17.519825,8.810000008452334e-05,0.00027810000010504156,0.0005288998579551248,0.00012658484858827935,8.810000008452334e-05
17.539824,8.810000008452334e-05,-0.0008178999999017833,-0.0008455651229296547,-0.0007432752912662024,8.810000008452334e-05
17.559824,-0.001611899999943489,-0.0026698999999098306,-0.0025636148165204794,-0.002645373193385912,-0.001611899999943489
17.579824,-0.00444189999984701,-0.0043698999998923686,-0.00450377704682491,-0.0043036715616734215,-0.00444189999984701
17.599824,-0.0074718999999277,-0.006599899999901027,-0.006496320718832976,-0.006292156410145884,-0.0074718999999277
17.619824,-0.008411899999828165,-0.007959899999877961,-0.008353359488502103,-0.008221293939288365,-0.008411899999828165
17.639823,-0.011061899999958769,-0.009661899999900924,-0.009906599241143196,-0.01001872983672358,-0.008411899999828165
17.659823,-0.008411899999828165,-0.01075789999990775,-0.011039741269563587,-0.01102714475515721,-0.011061899999958769
17.679823,-0.012951899999961825,-0.011437899999918955,-0.011708391157719496,-0.011832692540724438,-0.01181189999988419
17.699823,-0.012951899999961825,-0.011437899999918955,-0.011946599335900754,-0.011799872027885027,-0.01181189999988419
17.719823,-0.01181189999988419,-0.012195899999915128,-0.011859863924775485,-0.011828100466095195,-0.01220189999980903
17.739822,-0.011061899999958769,-0.011401899999873422,-0.011602810338004359,-0.01139523333321111,-0.01181189999988419
17.759822,-0.01220189999980903,-0.011175899999852846,-0.01134288815681191,-0.011486865034833538,-0.01181189999988419
17.779822,-0.008981899999753296,-0.01102589999986776,-0.011219193847968491,-0.011208053846011826,-0.011061899999958769
17.799822,-0.011821899999858942,-0.011555899999848407,-0.01131102659015779,-0.011012995570968487,-0.011821899999858942
17.819822,-0.011061899999958769,-0.011705899999878967,-0.011628784390184704,-0.011632715850679171,-0.011821899999858942
17.839822,-0.013711899999861998,-0.012273899999900095,-0.012130347362071062,-0.012380431468391701,-0.011821899999858942
17.859821,-0.012951899999961825,-0.01325589999987642,-0.01275399016416855,-0.013058310256302738,-0.012951899999961825
17.879821,-0.011821899999858942,-0.014011899999877642,-0.013451740198291203,-0.01377306550107875,-0.013711899999861998
17.899821,-0.016731899999740563,-0.014237899999898218,-0.0142091114179389,-0.014094300932297625,-0.01484189999996488
17.919821,-0.01484189999996488,-0.014767899999878865,-0.015044802685999246,-0.014895256643225541,-0.01484189999996488
17.939821,-0.01484189999996488,-0.0161278999998558,-0.015992023147545116,-0.015730571328536457,-0.015601899999865054
17.95982,-0.015601899999865054,-0.016845899999862014,-0.01707083117996294,-0.017125326573271524,-0.015601899999865054
17.97982,-0.01862189999974362,-0.01816989999983889,-0.018266834879131815,-0.018339196037135474,-0.01862189999974362
17.99982,-0.02032189999977163,-0.019643899999800853,-0.019529452737314355,-0.019178659906582976,-0.02032189999977163
18.01982,-0.021461899999849265,-0.020965899999782777,-0.02079058754197522,-0.020881713519593295,-0.021461899999849265
18.039819,-0.022211899999774687,-0.0220618999997896,-0.021991312033193454,-0.022254883682745835,-0.022211899999774687
18.059819,-0.022211899999774687,-0.023195899999791436,-0.02310110145252376,-0.02332402121190618,-0.022211899999774687
18.079819,-0.024101899999777743,-0.024027899999782675,-0.024121782656956036,-0.024280897668792076,-0.024101899999777743
18.099819,-0.0259918999997808,-0.024935899999809406,-0.025077887502083784,-0.02494931258722127,-0.025621899999805464
18.119819,-0.025621899999805464,-0.02606989999981124,-0.02599921967349657,-0.02581714475506191,-0.0259918999997808
18.139818,-0.026751899999908346,-0.026599899999837362,-0.026901060467146475,-0.026715443123363915,-0.026751899999908346
18.159818,-0.027881899999783855,-0.027355899999838583,-0.02776752512993017,-0.02752588601382608,-0.026751899999908346
18.179818,-0.026751899999908346,-0.028185899999834875,-0.028545347969851195,-0.02844959230753122,-0.027881899999783855
18.199818,-0.02977189999978691,-0.02890389999984109,-0.029155180807269393,-0.029198939626890935,-0.02977189999978691
18.219818,-0.02977189999978691,-0.029623899999842253,-0.029521817885038246,-0.029766911654862116,-0.02977189999978691
18.239818,-0.030341899999939415,-0.030001899999842863,-0.029614318491973542,-0.02980858997652055,-0.02977189999978691
18.259817,-0.031481899999789675,-0.029623899999842253,-0.029477550782492718,-0.029384277622210977,-0.02977189999978691
18.279817,-0.028641899999911402,-0.02924589999984164,-0.02923595812747477,-0.029335559673502078,-0.028641899999911402
18.299817,-0.027881899999783855,-0.02890589999983604,-0.029061967471790975,-0.02902196992991913,-0.028641899999911402
18.319817,-0.027881899999783855,-0.029055899999866595,-0.029120453278644702,-0.02911462727258899,-0.028641899999911402
18.339816,-0.028641899999911402,-0.029623899999842253,-0.029514844827133322,-0.029455070163015587,-0.028641899999911402
18.359816,-0.03223189999994247,-0.030493899999873973,-0.030258958435822728,-0.030063298601259735,-0.031481899999789675
18.379816,-0.031481899999789675,-0.03159189999987575,-0.03128230090048287,-0.0313063755243528,-0.03223189999994247
18.399816,-0.03223189999994247,-0.03268789999988257,-0.03245858700570877,-0.03259586270386298,-0.03223189999994247
18.419816,-0.03337189999979273,-0.0334438999998838,-0.03364072149241393,-0.03412770419570018,-0.03337189999979273
18.439816,-0.034121899999945526,-0.03457789999988563,-0.034691286883511405,-0.034877284615257964,-0.034121899999945526
18.459815,-0.03601189999994858,-0.03556189999985691,-0.03550561037875734,-0.03507609580405534,-0.03601189999994858
18.479815,-0.03715189999979884,-0.03556189999985691,-0.03602653380204456,-0.03572008181802296,-0.03601189999994858
18.499815,-0.03715189999979884,-0.03578989999982696,-0.03624767329305448,-0.03617756433547936,-0.03601189999994858
18.519814,-0.03337189999979273,-0.03601789999979701,-0.036202772440110685,-0.03627106083899581,-0.03715189999979884
18.539814,-0.03526189999979579,-0.03578989999982696,-0.035946134156489104,-0.035993788111715566,-0.03601189999994858
18.559814,-0.03715189999979884,-0.03518389999985629,-0.0355361131844231,-0.03540917272711019,-0.03526189999979579
18.579814,-0.03601189999994858,-0.03518389999985629,-0.035030159051499504,-0.034968333566277376,-0.03526189999979579
18.599814,-0.034121899999945526,-0.034805899999855686,-0.034487710347286225,-0.03441029160824194,-0.034121899999945526
18.619814,-0.03337189999979273,-0.03404989999985446,-0.03397014179074209,-0.03437315874111219,-0.03337189999979273
18.639813,-0.03337189999979273,-0.03329389999985324,-0.0335323905919399,-0.03368828694624541,-0.03337189999979273
18.659813,-0.03337189999979273,-0.03336989999984326,-0.03321081984091823,-0.032941760139722935,-0.03337189999979273
18.679813,-0.03223189999994247,-0.0331418999998732,-0.03301545654961146,-0.03293008181805024,-0.03337189999979273
18.699813,-0.03450189999989561,-0.03291389999990315,-0.03293079087011932,-0.03307024498823425,-0.03223189999994247
18.719813,-0.03223189999994247,-0.03306389999993371,-0.03292354025881873,-0.033032622610649626,-0.03223189999994247
18.739813,-0.03223189999994247,-0.03313989999992373,-0.032952981125280445,-0.03264721468525014,-0.03261189999989256
18.759812,-0.034121899999945526,-0.0326858999999331,-0.032980508276136994,-0.03311243613047257,-0.03223189999994247
18.779812,-0.03261189999989256,-0.032761899999923114,-0.03297738932712745,-0.033200524708561885,-0.03261189999989256
18.799812,-0.03223189999994247,-0.03351789999992434,-0.03293051502310039,-0.03279693496497243,-0.03261189999989256
18.819812,-0.03261189999989256,-0.032761899999923114,-0.032845516320737386,-0.03294884638685277,-0.03261189999989256
18.839812,-0.03601189999994858,-0.03253589999990254,-0.03274578738210003,-0.032699685547686576,-0.03223189999994247
18.859811,-0.030341899999939415,-0.032763899999872594,-0.032665000015647795,-0.03239224965022604,-0.03261189999989256
18.879811,-0.031481899999789675,-0.03268789999988257,-0.03263252883774699,-0.03260541981339808,-0.03223189999994247
18.899811,-0.03337189999979273,-0.0321598999998514,-0.032657674250189936,-0.03302078111874793,-0.03223189999994247
18.919811,-0.03223189999994247,-0.03291589999985263,-0.032723180677152304,-0.032684906992864776,-0.03337189999979273
18.93981,-0.03337189999979273,-0.03329389999985324,-0.03279357861498523,-0.03254301888094746,-0.03337189999979273
18.95981,-0.034121899999945526,-0.03257389999985207,-0.032832748815853116,-0.032892879020804636,-0.03337189999979273
18.97981,-0.03337189999979273,-0.03280189999982212,-0.03281839345385029,-0.03291294895090498,-0.03337189999979273
18.99981,-0.02977189999978691,-0.03257389999985207,-0.0327445784482377,-0.03273427762223689,-0.03337189999979273
19.01981,-0.03337189999979273,-0.03257389999985207,-0.03261420785309103,-0.032805606293555084,-0.03337189999979273
19.039809,-0.03223189999994247,-0.032195899999851466,-0.03243162137559647,-0.03230420769216309,-0.03223189999994247
19.059809,-0.034121899999945526,-0.032537899999852016,-0.03220289506930859,-0.03185294895087924,-0.03223189999994247
19.079809,-0.031481899999789675,-0.03181789999985085,-0.03194085024602438,-0.032010990908937706,-0.031481899999789675
19.099809,-0.031481899999789675,-0.031667899999820295,-0.03166576943559117,-0.03200744778537597,-0.031481899999789675
19.119809,-0.02977189999978691,-0.031365899999809696,-0.03139809144068298,-0.03123749440542193,-0.031481899999789675
19.139808,-0.031481899999789675,-0.031023899999809146,-0.031148998274933136,-0.03117525664316534,-0.031481899999789675
19.159808,-0.03261189999989256,-0.030795899999839095,-0.030917460465941696,-0.030856398834315436,-0.030341899999939415
19.179808,-0.02977189999978691,-0.031137899999839645,-0.030695500484156937,-0.030884207692144713,-0.031481899999789675
19.199808,-0.030341899999939415,-0.03064589999985401,-0.030475575094196353,-0.030396725174677133,-0.030341899999939415
19.219808,-0.031481899999789675,-0.029927899999847796,-0.030253296979033745,-0.030205955943925257,-0.02977189999978691
19.239807,-0.02902189999986149,-0.029701899999872695,-0.030024076550452822,-0.029905816083788447,-0.02902189999986149
19.259807,-0.02902189999986149,-0.02981589999985772,-0.02977779363306222,-0.029581899999850635,-0.02902189999986149
19.279807,-0.028641899999911402,-0.029473899999857167,-0.0294982472159873,-0.029780198368159275,-0.02902189999986149
19.299807,-0.030911899999864545,-0.02924589999984164,-0.02917216201410477,-0.029237051514998297,-0.02902189999986149
19.319807,-0.02977189999978691,-0.029169899999851624,-0.02880480247876396,-0.028756655244605425,-0.028641899999911402
19.339806,-0.027881899999783855,-0.028639899999825504,-0.028430712968306498,-0.028526562004481486,-0.028641899999911402
19.359806,-0.028641899999911402,-0.028033899999809365,-0.02810810368403769,-0.028156701864608558,-0.027881899999783855
19.379806,-0.0259918999997808,-0.027655899999808754,-0.02789621315476942,-0.027926142424057755,-0.027881899999783855
19.399806,-0.027881899999783855,-0.02780789999983426,-0.02782778904398385,-0.027492086480014884,-0.027881899999783855
19.419806,-0.027881899999783855,-0.02780789999983426,-0.027893032836544575,-0.027736422144353776,-0.027881899999783855
19.439806,-0.028641899999911402,-0.028185899999834875,-0.02804416814628743,-0.028182319580262828,-0.027881899999783855
19.459805,-0.028641899999911402,-0.028489899999840418,-0.028217199155997078,-0.028502203030134718,-0.028641899999911402
19.479805,-0.027881899999783855,-0.028641899999865928,-0.02835844465018128,-0.028612039859991577,-0.028641899999911402
19.499805,-0.029401899999811576,-0.028489899999840418,-0.028442832228448834,-0.02835858997654611,-0.028641899999911402
19.519804,-0.028641899999911402,-0.028111899999839807,-0.028476690130088893,-0.028231573659534593,-0.027881899999783855
19.539804,-0.027881899999783855,-0.028339899999855332,-0.028485513847175414,-0.028187424475374444,-0.028641899999911402
19.559804,-0.026751899999908346,-0.028263899999865318,-0.028494500155754866,-0.028596725174665202,-0.028641899999911402
19.579804,-0.02902189999986149,-0.028489899999840418,-0.028514116782704466,-0.028704324242280935,-0.02902189999986149
19.599804,-0.02902189999986149,-0.02886789999984103,-0.028540227245071045,-0.028542645920584683,-0.02902189999986149
19.619804,-0.02977189999978691,-0.02886789999984103,-0.028567377902162565,-0.028546562004499364,-0.02902189999986149
19.639803,-0.02977189999978691,-0.028639899999825504,-0.028602520703017314,-0.02861054801848071,-0.02902189999986149
19.659803,-0.026751899999908346,-0.028563899999835485,-0.028665386793104486,-0.028861107459030838,-0.028641899999911402
19.679803,-0.027881899999783855,-0.028563899999835485,-0.028773240922276955,-0.02864917272712079,-0.028641899999911402
19.699803,-0.028641899999911402,-0.028677899999865985,-0.028922089644826173,-0.02887898624694929,-0.028641899999911402
19.719803,-0.02977189999978691,-0.029055899999866595,-0.029080323612712816,-0.028890058508025396,-0.028641899999911402
19.739802,-0.030341899999939415,-0.02943389999986721,-0.029200655209333112,-0.029020361538328047,-0.02977189999978691
19.759802,-0.028641899999911402,-0.0292818999998417,-0.029241990861471886,-0.02946087435881626,-0.02977189999978691
19.779802,-0.02977189999978691,-0.029131899999856613,-0.029187153176630395,-0.02958001188796517,-0.02902189999986149
19.799802,-0.027881899999783855,-0.029017899999826114,-0.029047864110984246,-0.02900928927722809,-0.02902189999986149
19.819802,-0.02902189999986149,-0.029017899999826114,-0.02885775824490446,-0.028826282284209317,-0.02902189999986149
19.839802,-0.02977189999978691,-0.02826189999982489,-0.028659246129405215,-0.028356934964851817,-0.028641899999911402
19.859801,-0.028641899999911402,-0.028639899999825504,-0.028489164479526267,-0.02836276247067733,-0.02902189999986149
19.879801,-0.0259918999997808,-0.028185899999834875,-0.028366080563884805,-0.02823525664318602,-0.028641899999911402
19.899801,-0.02977189999978691,-0.028185899999834875,-0.02828311068556233,-0.02864208648002753,-0.028641899999911402
19.919801,-0.026751899999908346,-0.028185899999834875,-0.028211483527576717,-0.028281410489360607,-0.028641899999911402
19.939801,-0.02977189999978691,-0.028715899999860996,-0.028116049815018963,-0.028107564335518767,-0.028641899999911402
19.9598,-0.028641899999911402,-0.02780989999987469,-0.027975253865686868,-0.028011899999860108,-0.028641899999911402
19.9798,-0.028641899999911402,-0.02796189999985472,-0.02779254376012812,-0.02803322867120913,-0.028641899999911402
19.9998,-0.025241899999855377,-0.02735789999987901,-0.02759028373436451,-0.02722122400918755,-0.02751189999980852
20.0198,-0.02751189999980852,-0.027131899999858433,-0.027389588744675248,-0.027322809090766315,-0.02751189999980852
20.039799,-0.026751899999908346,-0.026601899999832312,-0.027190732255624815,-0.02709581608377347,-0.026751899999908346
20.059799,-0.02751189999980852,-0.02728189999984352,-0.026969015633865914,-0.026835629603566544,-0.02751189999980852
20.079799,-0.0259918999997808,-0.026977899999837972,-0.02669003555681957,-0.02671145710937471,-0.026751899999908346
20.099799,-0.028641899999911402,-0.026373899999816784,-0.02633526348379699,-0.02676136386928797,-0.0259918999997808
20.119799,-0.0259918999997808,-0.02606989999981124,-0.025922293950399314,-0.026107004894934355,-0.0259918999997808
20.139798,-0.02373189999980241,-0.02584389999983614,-0.025506998758252134,-0.025242016549923467,-0.0259918999997808
20.159798,-0.0259918999997808,-0.024861899999814342,-0.025165460396513115,-0.02506646876438217,-0.02486189999990529
20.179798,-0.02486189999990529,-0.02448589999980868,-0.024965345055297912,-0.02495192330985402,-0.024111899999752495
20.199798,-0.02373189999980241,-0.025467899999830478,-0.024941356791587037,-0.024821084149010762,-0.02486189999990529
20.219798,-0.024111899999752495,-0.025241899999855377,-0.025085926066937523,-0.025196818414750938,-0.02486189999990529
20.239798,-0.028641899999911402,-0.025469899999825428,-0.025358084935235215,-0.025578380186311853,-0.02486189999990529
20.259797,-0.02486189999990529,-0.025847899999826042,-0.02570386944172664,-0.025532436130372496,-0.025621899999805464
20.279797,-0.02600189999975555,-0.026375899999857212,-0.026075272523744624,-0.026077424475375616,-0.02600189999975555
20.299797,-0.025621899999805464,-0.025997899999856598,-0.026437869379533917,-0.02683488368284371,-0.02600189999975555
20.319797,-0.026751899999908346,-0.026753899999857823,-0.026767884234527563,-0.02670001188797323,-0.026751899999908346
20.339796,-0.026751899999908346,-0.027131899999858433,-0.027046986139168765,-0.026598543356508065,-0.026751899999908346
20.359796,-0.028641899999911402,-0.026979899999878397,-0.027261056332124053,-0.027276072494039592,-0.026751899999908346
20.379796,-0.027891899999758607,-0.02735789999987901,-0.027402073196930634,-0.027424627272603565,-0.027891899999758607
20.399796,-0.02486189999990529,-0.02758589999984906,-0.02746867460502147,-0.0274923895103457,-0.027891899999758607
20.419796,-0.028641899999911402,-0.02728389999983847,-0.027464129981701002,-0.027491795104732916,-0.027891899999758607
20.439795,-0.027891899999758607,-0.027131899999858433,-0.02739510604333222,-0.027433578321506495,-0.027131899999858433
20.459795,-0.027131899999858433,-0.027131899999858433,-0.027273770336004827,-0.027328473426407783,-0.027131899999858433
20.479795,-0.027131899999858433,-0.027131899999858433,-0.02712080578984561,-0.027187214685178138,-0.027131899999858433
