time,raw_wavelength_shift,moving_average,butterworth,savitzky_golay,median
0.02,-0.0009281999998620449,0.00024980000011964876,-0.0009186642586289479,3.159020992177009e-05,0.0
0.04,0.0028718000000935717,0.00024980000011964876,-0.0005981672694422002,0.00035054125886096614,-0.0009281999998620449
0.059999,-0.0009281999998620449,0.00024980000011964876,-0.0003380130108185638,0.0003907510490667575,-0.0009281999998620449
0.079999,-0.0009281999998620449,0.00024980000011964876,-0.00016359985782011947,0.00025310536142249675,-0.0009281999998620449
0.099999,0.0011618000000908069,-0.00013019999987591292,-5.16281543533333e-05,3.848997681153607e-05,-0.0009281999998620449
0.119999,-0.0009281999998620449,-0.00013019999987591292,5.928963484960431e-05,-0.00015220932388277606,-0.0009281999998620449
0.139999,0.0009718000001157634,0.00024980000011964876,0.0002391642758342158,-0.00011258228425402338,0.0009718000001157634
0.159998,-0.0009281999998620449,0.00021180000012464007,0.000531634307459263,0.00045091421923226257,0.0009718000001157634
0.179998,0.0009718000001157634,0.0009738000001107139,0.0009276239922242264,0.0009361123544185812,0.0009718000001157634
0.199998,0.0009718000001157634,0.001013800000100673,0.0013588930179603777,0.0012124526807523472,0.0009718000001157634
0.219998,0.002881800000068324,0.001775800000086747,0.0017153634241240086,0.0018384200467070645,0.0011718000000655593
0.239998,0.0011718000000655593,0.001775800000086747,0.0018802197694523513,0.001681543589831296,0.0011718000000655593
0.259998,0.002881800000068324,0.001775800000086747,0.0017695234373629257,0.0020138046620877237,0.0011718000000655593
0.279997,0.0009718000001157634,0.001013800000100673,0.0013622581203061664,0.0013439911422878418,0.0009718000001157634
0.299997,0.0009718000001157634,0.0009738000001107139,0.0007115525224073301,0.0008532918415999367,0.0009718000001157634
0.319997,-0.0009281999998620449,-0.0002061999998659303,-6.517241447547115e-05,-0.0001275006991713435,0.0009718000001157634
0.339997,0.0009718000001157634,-0.0005861999998614919,-0.0008134095200416373,-0.0009168713285227577,-0.0009281999998620449
0.359997,-0.0030181999998148967,-0.001384199999847624,-0.0013790339612922556,-0.0013905310021748362,-0.0009281999998620449
0.379996,-0.0009281999998620449,-0.0014221999998426326,-0.0016474210990417345,-0.0013803911420372562,-0.0011181999998370884
0.399996,-0.0030181999998148967,-0.0014221999998426326,-0.0015743824784519762,-0.0017178270394644546,-0.0011181999998370884
0.419996,-0.0011181999998370884,-0.0010041999998520624,-0.0011992395989626784,-0.0012783165499612031,-0.0009281999998620449
0.439996,0.0009718000001157634,-0.001042199999847071,-0.000634720220941243,-0.0008700414916945527,-0.0011181999998370884
0.459996,-0.0009281999998620449,0.00013780000012957315,-3.6403066966580336e-05,0.0002005645688919238,-0.0009281999998620449
0.479995,-0.0011181999998370884,0.0005558000001201435,0.0004390489147916366,0.0005171379954621531,0.0009718000001157634
0.499995,0.002881800000068324,0.0005558000001201435,0.0006761820104946958,0.0008494223777397123,0.0009718000001157634
0.519995,0.0009718000001157634,0.0005178000001251348,0.0006335234846779286,0.0004192592075819109,0.0009718000001157634
0.539995,0.0009718000001157634,0.0005558000001201435,0.00035639187620899144,0.0004339678322926206,0.0009718000001157634
0.559994,-0.0011181999998370884,-0.0002061999998659303,-3.7952445879898296e-05,7.557622390908863e-05,-0.0009281999998620449
0.579994,-0.0009281999998620449,-0.0002061999998659303,-0.0004003090393957871,-0.00021428391595328745,-0.0009281999998620449
0.599994,-0.0009281999998620449,-0.0009661999998570536,-0.000600043817773459,-0.001081649883307174,-0.0009281999998620449
0.619994,0.0009718000001157634,-0.0005081999998765241,-0.0005672203532536851,-0.0009471510488166606,-0.0009281999998620449
0.639994,-0.0028281999998398533,-0.0005081999998765241,-0.0003130102644924111,-0.00023188298356516273,-0.0009281999998620449
0.659993,0.0011718000000655593,0.00025380000010954973,7.631541767034353e-05,0.0004605412588445368,0.0009718000001157634
0.679993,-0.0009281999998620449,0.0006358000001000618,0.0004697551190865387,0.0007310773893776307,0.0011718000000655593
0.699993,0.002881800000068324,0.0010158000000956235,0.000737704187611663,0.0006315435898454956,0.0011718000000655593
0.719993,0.002881800000068324,0.0005958000001101027,0.0007974220546262673,0.0006641776224819368,-0.0009281999998620449
0.739993,-0.0009281999998620449,0.0005958000001101027,0.0006380202497461539,0.000828979487286954,-0.0009281999998620449
0.759992,-0.0009281999998620449,0.00021380000011959056,0.0003138120304976186,0.00022068111900114517,-0.0009281999998620449
0.779992,-0.0009281999998620449,-0.0005481999998664833,-8.700053036541516e-05,6.998181830548717e-05,-0.0009281999998620449
0.799992,0.0009718000001157634,-0.0005481999998664833,-0.00047824310659583757,-0.0009926055942629762,-0.0009281999998620449
0.819992,-0.0009281999998620449,-0.0005861999998614919,-0.0007992861863929714,-0.0009020228436794309,-0.0009281999998620449
0.839992,-0.0009281999998620449,-0.0009661999998570536,-0.0010225726372198307,-0.0009698317014888108,-0.0009281999998620449
0.859992,-0.0011181999998370884,-0.0009661999998570536,-0.001150893945273589,-0.0006593655010278786,-0.0009281999998620449
0.879991,-0.0028281999998398533,-0.0013461999998526154,-0.0012097507582985814,-0.001461836363485142,-0.0011181999998370884
0.899991,0.0009718000001157634,-0.0009661999998570536,-0.0012360857269387516,-0.0013323491840010505,-0.0011181999998370884
0.919991,-0.0028281999998398533,-0.001726199999848177,-0.0012641015063580986,-0.0008594121210734685,-0.0028281999998398533
0.939991,0.0009718000001157634,-0.0005841999998665414,-0.0013118977338268006,-0.0014225822842331777,0.0009718000001157634
0.959991,-0.004918199999792705,-0.001344199999857665,-0.0013743784314707705,-0.0016027687644237188,-0.0028281999998398533
0.97999,0.002881800000068324,-0.0017621999998482351,-0.0014256736517615969,-0.0012081067597675527,-0.0028281999998398533
0.99999,-0.0028281999998398533,-0.001722199999858276,-0.0014304786259548413,-0.0015110205126802653,-0.0028281999998398533
1.01999,-0.004918199999792705,-0.0005441999998765823,-0.0013601620052120322,-0.0013626522143155542,0.0009718000001157634
1.03999,0.0011718000000655593,-0.0016861999998582177,-0.001206008381257213,-0.0015016965033554162,-0.0028281999998398533
1.059989,0.0009718000001157634,-0.001306199999862656,-0.0009819867860742858,-0.0006618596735358943,-0.0009281999998620449
1.079989,-0.0028281999998398533,-0.00012819999988096243,-0.000716678705491574,-0.0008644004660709493,0.0009718000001157634
1.099989,-0.0009281999998620449,-0.00012819999988096243,-0.0004417393404713693,-0.00017265221433288396,0.0009718000001157634
1.119989,0.0009718000001157634,-0.0005461999998715328,-0.00018345475372208615,-0.00016509976677724428,-0.0009281999998620449
1.139989,0.0011718000000655593,-0.00016619999987597112,4.125114193529756e-05,-0.00021414405581643046,-0.0009281999998620449
1.159989,-0.0011181999998370884,0.00021380000011959056,0.00022438833425982916,0.0002462289045459099,0.0009718000001157634
1.179988,-0.0009281999998620449,0.0005958000001101027,0.0003623520078854828,0.0005520564103697887,0.0009718000001157634
1.199988,0.0009718000001157634,0.00017580000012458187,0.000451085419799797,0.00031709137540861324,-0.0009281999998620449
1.219988,0.002881800000068324,0.00021380000011959056,0.0004860925399900399,0.00017466713298832124,-0.0009281999998620449
1.239988,-0.0009281999998620449,0.0005938000001151523,0.0004669420799942763,0.0004835249418459826,0.0009718000001157634
1.259987,-0.0009281999998620449,0.0005938000001151523,0.00040076623168681843,0.000767907226219423,0.0009718000001157634
1.279987,0.0009718000001157634,0.00021180000012464007,0.00030198044745945185,0.0005742242425420736,0.0009718000001157634
1.299987,0.0009718000001157634,0.00021180000012464007,0.0001906574273662252,-2.8922610595686444e-05,0.0009718000001157634
1.319987,0.0009718000001157634,0.00021180000012464007,9.085500204322239e-05,-0.00045598554764889174,0.0009718000001157634
1.339987,-0.0009281999998620449,-0.0001681999998709216,2.5759652834582893e-05,0.00023504009336202723,-0.0009281999998620449
1.359987,-0.0009281999998620449,-0.0001681999998709216,8.113650754951565e-06,0.0003045039628254204,-0.0009281999998620449
1.379986,-0.0009281999998620449,0.00021380000011959056,3.189509021728131e-05,0.00011242937075346161,-0.0009281999998620449
1.399986,0.0009718000001157634,0.00017580000012458187,7.441469709788054e-05,-9.759393926694958e-05,-0.0009281999998620449
1.419986,0.002881800000068324,0.00017580000012458187,0.00011042695126858225,-9.875944042791818e-05,-0.0009281999998620449
1.439986,-0.0011181999998370884,0.00017580000012458187,0.0001280402704831091,0.0001634783218023187,-0.0009281999998620449
1.459985,-0.0009281999998620449,0.00017580000012458187,0.0001335150754644734,0.0004031053614232686,-0.0009281999998620449
1.479985,-0.0009281999998620449,-0.00016619999987597112,0.00014282394581970582,0.00021709137540933457,-0.0009281999998620449
1.499985,0.0009718000001157634,0.00025180000011459924,0.000170474063540771,-3.582237750241352e-05,0.0009718000001157634
1.519985,0.0011718000000655593,0.00025180000011459924,0.0002263879313788331,3.1053614250940004e-06,0.0009718000001157634
1.539985,0.0009718000001157634,0.0006318000001101609,0.00032050561227857816,0.0004193058276188731,0.0009718000001157634
1.559984,-0.0009281999998620449,0.0006318000001101609,0.00046594033744700987,0.0009288862471942879,0.0009718000001157634
1.579984,0.0009718000001157634,0.0005918000001202018,0.0006739433237072877,0.0007754829837956639,0.0009718000001157634
1.599984,0.0009718000001157634,0.0009738000001107139,0.0009427750801625221,0.0008060191143352594,0.0009718000001157634
1.619984,0.0009718000001157634,0.0009738000001107139,0.001247743923567942,0.0008524060607036717,0.0009718000001157634
1.639984,0.002881800000068324,0.001355800000101226,0.0015380975750993466,0.0013111473194527402,0.0009718000001157634
1.659984,-0.0009281999998620449,0.0013958000000911853,0.0017428954735819624,0.0018953897436966996,0.0011718000000655593
1.679983,0.002881800000068324,0.0018158000001221807,0.00178646506968209,0.0018196088579216392,0.002881800000068324
1.699983,0.0011718000000655593,0.001473800000121628,0.001612669694133821,0.0016460424243593412,0.0011718000000655593
1.719983,0.0030718000002707413,0.0014758000001165784,0.0012122252802932406,0.0012593058276271236,0.0011718000000655593
1.739983,0.0011718000000655593,0.0007158000001254549,0.000640530056757937,0.0008796787879987037,0.0011718000000655593
1.759983,-0.0009181999998872925,0.0002978000001348846,1.2631063998513416e-05,0.00022420093252532218,-0.0009181999998872925
1.779982,-0.0009181999998872925,-0.0005001999998967222,-0.0005284415750971165,-0.0007828153844824968,-0.0009181999998872925
1.799982,-0.0009181999998872925,-0.0013381999998728134,-0.0008592525329980087,-0.0010579902096643046,-0.0009181999998872925
1.819982,-0.0009181999998872925,-0.0009581999998772517,-0.0009198413562583914,-0.0010800414917351735,-0.0009181999998872925
1.839982,-0.0030181999998148967,-0.00057819999988169,-0.0007357254864950655,-0.0006567547784332878,-0.0009181999998872925
1.859982,0.0009818000000905158,-0.00019819999988612835,-0.0004085703867741885,-0.0005924191141180128,0.0009818000000905158
1.879981,0.0009818000000905158,-0.00019819999988612835,-7.818791671243325e-05,0.00014219627050456843,0.0009818000000905158
1.899981,0.0009818000000905158,0.0002218000000993925,0.00012898258005358858,0.00031932913765238605,0.0009818000000905158
1.919981,-0.0009181999998872925,0.0006398000001354376,0.00014328647528397587,0.000492056410391952,0.0009818000000905158
1.939981,-0.0009181999998872925,-0.00016019999984564492,-2.9178983422966315e-05,2.305874140653795e-05,-0.0009181999998872925
1.95998,0.0030718000002707413,-0.0005781999998362153,-0.0003156582403833945,-0.0007713468529803795,-0.0009181999998872925
1.97998,-0.0030181999998148967,-0.0009581999998317769,-0.0006075592523585827,-0.0008002512818855031,-0.001108199999862336
1.99998,-0.001108199999862336,-0.0005781999998362153,-0.0008020193372734328,-0.0007580601397023013,-0.001108199999862336
2.01998,-0.002818199999865101,-0.0009961999998722604,-0.0008395232073977595,-0.0006004843821422478,-0.001108199999862336
2.03998,0.0009818000000905158,-0.0005761999998867395,-0.0007219119968797035,-0.001005146386819807,-0.0009181999998872925
2.059979,0.0009818000000905158,-0.0005381999998917309,-0.0005036951861217354,-0.0007762419579447469,-0.0009181999998872925
2.079979,-0.0009181999998872925,-0.00015819999989616918,-0.0002646861505812269,0.00012653193482890053,-0.0009181999998872925
2.099979,-0.0009181999998872925,0.0002218000000993925,-8.01815420021083e-05,0.0001695389278370231,-0.0009181999998872925
2.119979,-0.0009181999998872925,-0.00015819999989616918,2.1956151737766196e-07,0.0002200284383278521,-0.0009181999998872925
2.139979,0.002881800000068324,-0.00015819999989616918,-3.666714552489457e-05,-0.00024943543113053546,-0.0009181999998872925
2.159978,-0.0009181999998872925,-0.00015819999989616918,-0.00016682601883375865,-0.00033358461527873697,-0.0009181999998872925
2.179978,-0.0009181999998872925,-0.00015819999989616918,-0.0003399320877070994,-0.00046645174814431836,-0.0009181999998872925
2.199978,-0.0009181999998872925,-0.0009181999998872925,-0.0005009999616191587,-0.00047265221434662015,-0.0009181999998872925
2.219978,-0.0009181999998872925,-0.0009181999998872925,-0.0006139549439296094,-0.0006316498833419555,-0.0009181999998872925
2.239978,-0.0009181999998872925,-0.0005381999998917309,-0.000674436544552215,-0.0011303445220246229,-0.0009181999998872925
2.259978,-0.0009181999998872925,-0.0005761999998867395,-0.0007044949291921534,-0.00037614871784084723,-0.0009181999998872925
2.279977,0.0009818000000905158,-0.0006141999998817482,-0.0007322825357099113,-0.0004214867131730269,-0.0009181999998872925
2.299977,-0.001108199999862336,-0.00019619999989117787,-0.0007685643962722717,-0.0005020228437045768,-0.0009181999998872925
2.319977,-0.001108199999862336,-0.0006161999998766987,-0.0007941271994960268,-0.000793141724816156,-0.001108199999862336
2.339977,0.0011718000000655593,-0.0009961999998722604,-0.0007665944272169728,-0.0008842839159593193,-0.001108199999862336
2.359977,-0.0030181999998148967,-0.0009581999998772517,-0.0006447620249326519,-0.0008600414917203304,-0.0009181999998872925
2.379977,-0.0009181999998872925,-0.0005021999998916727,-0.0004184850194555448,-0.0007647034963877162,-0.0009181999998872925
2.399976,-0.0009181999998872925,-0.0005401999998866814,-0.00012688569408231186,-6.414405584374796e-05,-0.0009181999998872925
2.419976,0.0011718000000655593,0.0002598000000944012,0.00014860402324204494,0.0002283034966010982,0.0009818000000905158
2.439976,0.0009818000000905158,0.0006398000000899628,0.00031635287052596923,0.0005001216784145969,0.0009818000000905158
2.459975,0.0009818000000905158,0.0006018000000949542,0.0003161098855881339,0.0004983501166432678,0.0009818000000905158
2.479975,0.0009818000000905158,0.0001838000001043838,0.00014784219203632396,-0.0001636545453436218,0.0009818000000905158
2.499975,-0.001108199999862336,-0.0006161999998766987,-0.00012719208922592945,7.177669008575713e-05,-0.0009181999998872925
2.519975,-0.0009181999998872925,-0.0006161999998766987,-0.00041230428889014564,-0.00034952867120797857,-0.0009181999998872925
2.539975,-0.0030181999998148967,-0.00023619999988113704,-0.0006126214075331345,-0.000700111421784348,-0.0009181999998872925
2.559974,0.0009818000000905158,-0.0006181999998716492,-0.0006638248878670645,-0.0008047501164143197,-0.0009181999998872925
2.579974,0.002881800000068324,-0.0006201999998665997,-0.000541939803218227,-0.0007530018646673975,-0.0009281999998620449
2.599974,-0.0030181999998148967,0.00017780000011953235,-0.0002592618258530807,-6.614871782850853e-05,0.0009718000001157634
2.619974,-0.0009281999998620449,0.00021580000011454104,0.00014203425590029737,0.0004075575758700723,0.0009718000001157634
2.639974,0.0009718000001157634,0.00021580000011454104,0.0005952093568220335,0.0008353198136224029,0.0009718000001157634
2.659973,0.0011718000000655593,0.001013800000100673,0.0010195088594121147,0.0005354596737545336,0.0009718000001157634
2.679973,0.002881800000068324,0.0013938000000962348,0.0013395605924950678,0.0011718466201518154,0.0009718000001157634
2.699973,0.0009718000001157634,0.0013938000000962348,0.0015065991206307079,0.001848443356752769,0.0009718000001157634
2.719973,0.0009718000001157634,0.0017738000001372711,0.0015101589591546081,0.0017772312355556082,0.0009718000001157634
2.739973,0.0009718000001157634,0.0010118000001511974,0.001375067715218782,0.0012336414919862434,0.0009718000001157634
2.759972,0.0030718000002707413,0.0010118000001511974,0.001147189425346604,0.0008443641027244185,0.0009718000001157634
2.779972,-0.0009281999998620449,0.000593800000160627,0.0008747585094310158,0.0006518233101837261,0.0009718000001157634
2.799972,0.0009718000001157634,0.000593800000160627,0.000591449913578982,0.0006638279721787499,0.0009718000001157634
2.819972,-0.0011181999998370884,0.00017380000012963138,0.0003070890062667101,0.0005441076924501495,0.0009718000001157634
2.839972,0.0009718000001157634,0.00017380000012963138,1.1106281632242834e-05,-0.00019190629356591202,0.0009718000001157634
2.859972,0.0009718000001157634,-0.000244199999860939,-0.000311649006101486,-0.0003789692306431089,-0.0009281999998620449
2.879971,-0.0009281999998620449,-0.0006241999998565006,-0.0006614616722143789,-0.0004485496502068575,-0.0009281999998620449
2.899971,-0.0011181999998370884,-0.0006241999998565006,-0.0010126827567696487,-0.0007696452212994741,-0.0009281999998620449
2.919971,-0.0030181999998148967,-0.001384199999847624,-0.0013171603427939347,-0.0011217431233956497,-0.0011181999998370884
2.939971,0.0009718000001157634,-0.001384199999847624,-0.0015188519438974618,-0.0018197384613819893,-0.0011181999998370884
2.95997,-0.0028281999998398533,-0.001726199999848177,-0.001572051648034846,-0.001890600932245753,-0.0028281999998398533
2.97997,-0.0009281999998620449,-0.0013081999998576066,-0.0014575492625716105,-0.0013502745919289018,-0.0009281999998620449
2.99997,-0.0028281999998398533,-0.0013081999998576066,-0.001192817401546992,-0.0009605310021941033,-0.0009281999998620449
3.01997,-0.0009281999998620449,-0.0005481999998664833,-0.0008315050331374328,-0.0007784564101180973,-0.0009281999998620449
3.03997,0.0009718000001157634,-0.0005481999998664833,-0.00044909287560565645,-0.0007990624707230135,-0.0009281999998620449
3.059969,0.0009718000001157634,-0.0001681999998709216,-0.00011890727767803418,6.20097903302662e-05,-0.0009281999998620449
3.079969,-0.0009281999998620449,0.00025180000011459924,0.00010989163434943135,0.00026270909102052854,0.0009718000001157634
3.099969,-0.0009281999998620449,0.00029180000010455844,0.00022192035861036286,0.00032121724952354055,0.0009718000001157634
3.119969,0.0011718000000655593,-8.819999989100325e-05,0.00023166911991317208,0.00019324522155077532,-0.0009281999998620449
3.139969,0.0011718000000655593,-8.819999989100325e-05,0.00017228350901265642,-0.0001654960371862944,-0.0009281999998620449
3.159968,-0.0009281999998620449,0.00029180000010455844,8.256905315383932e-05,6.765035074997913e-06,0.0009718000001157634
3.179968,-0.0009281999998620449,-0.00012819999988096243,-5.374159311077833e-06,3.2406060720187424e-05,-0.0009281999998620449
3.199968,0.0009718000001157634,-0.0001681999998709216,-7.500538769533888e-05,7.086759918797166e-05,-0.0009281999998620449
3.219968,-0.0009281999998620449,-0.0001681999998709216,-0.0001267698598324229,3.800046633014903e-05,-0.0009281999998620449
3.239968,0.0009718000001157634,0.00021180000012464007,-0.00017145339401351402,-0.00029836317002855537,0.0009718000001157634
3.259968,-0.0009281999998620449,-0.0001681999998709216,-0.00022006564567030086,-0.0003037244753938151,-0.0009281999998620449
3.279967,0.0009718000001157634,-0.0005481999998664833,-0.00027672251934790905,-0.0002594354311052879,-0.0009281999998620449
3.299967,-0.0009281999998620449,-0.0005481999998664833,-0.0003381177918306032,-0.000551743123409567,-0.0009281999998620449
3.319967,-0.0028281999998398533,-0.0001681999998709216,-0.0003976811747034371,-0.000259435431105288,0.0009718000001157634
3.339967,0.0009718000001157634,-0.0005481999998664833,-0.00044819265383580514,-0.0001442839159551173,-0.0009281999998620449
3.359966,0.0009718000001157634,-0.0001681999998709216,-0.0004783498577960345,-0.00016199953367052817,0.0009718000001157634
3.379966,-0.0009281999998620449,0.00021180000012464007,-0.00046724251571846954,-0.0005871743588403886,0.0009718000001157634
3.399966,0.0009718000001157634,-0.0005481999998664833,-0.00038751405315119806,-0.0008174773891407297,-0.0009281999998620449
3.419966,-0.0009281999998620449,-0.0009281999998620449,-0.00022370216254171362,-0.00021957529124561357,-0.0009281999998620449
3.439965,-0.0028281999998398533,-0.0005481999998664833,1.8225700322839257e-06,-0.0004055892772574276,-0.0009281999998620449
3.459966,-0.0009281999998620449,0.00021180000012464007,0.00021548222838234415,0.0003986997670203172,-0.0009281999998620449
3.479965,0.0009718000001157634,0.00021180000012464007,0.0003108113829775082,0.0006028722611909041,-0.0009281999998620449
3.499965,0.00477180000007138,0.0009718000001157634,0.00019850513392276583,-5.0834032501607906e-05,0.0009718000001157634
3.519965,-0.0009281999998620449,0.00017380000012963138,-0.00013804077592528805,1.3385081717551435e-05,0.0009718000001157634
3.539965,0.0009718000001157634,-0.0006241999998565006,-0.0006188053993735271,9.39906772994101e-06,-0.0009281999998620449
3.559964,-0.004918199999792705,-0.0013461999998526154,-0.0010943526109850241,-0.0008763818180384814,-0.0009281999998620449
3.579965,-0.0030181999998148967,-0.0013461999998526154,-0.0014101705270208407,-0.0018578270394692747,-0.0009281999998620449
3.599964,0.0011618000000908069,-0.0021441999998387472,-0.001471886812160336,-0.0022967314683690556,-0.0030181999998148967
3.619964,-0.0009281999998620449,-0.0013461999998526154,-0.0012798827048438638,-0.001534959906611689,-0.0009281999998620449
3.639964,-0.0030181999998148967,-0.0005101999998714746,-0.0009240722376074993,-0.0007333282049946481,-0.0009281999998620449
3.659963,-0.0009281999998620449,-0.0005101999998714746,-0.0005474653163840249,6.830349662239292e-05,-0.0009281999998620449
3.679963,0.0011618000000908069,-0.00013019999987591292,-0.00029227098333709666,-7.56358973177053e-05,0.0009718000001157634
3.699963,0.0011618000000908069,-9.219999988090422e-05,-0.0002443858688346881,-0.0004126755243480437,0.0009718000001157634
3.719963,0.0009718000001157634,-9.219999988090422e-05,-0.000396812090944595,-0.0002240041956797662,0.0009718000001157634
3.739963,-0.0028281999998398533,-0.0005481999998664833,-0.0006506906360797843,-0.00025500652668067526,-0.0009281999998620449
3.759962,-0.0009281999998620449,-0.0009661999998570536,-0.0008568781461494944,-0.0010925123541708401,-0.0009281999998620449
3.779962,-0.0011181999998370884,-0.0013461999998526154,-0.0008801671990956996,-0.0012895986012502808,-0.0009281999998620449
3.799962,-0.0009281999998620449,-0.0009661999998570536,-0.0006578139134399853,-0.001025635897290447,-0.0009281999998620449
3.819962,-0.0009281999998620449,-0.0002061999998659303,-0.00022884168922262556,-0.0006310205126823735,-0.0009281999998620449
3.839962,-0.0009281999998620449,0.00021180000012464007,0.0002765393432746897,0.0006954363637576889,-0.0009281999998620449
3.859962,0.0028718000000935717,0.0005918000001202018,0.0006842133029712901,0.0008996088579240359,0.0009718000001157634
3.879961,0.0009718000001157634,0.001351800000111325,0.0008438412604825715,0.0010262755245873155,0.0009718000001157634
3.899961,0.0009718000001157634,0.0009718000001157634,0.0006909054836738292,0.0008641776224974542,0.0009718000001157634
3.919961,0.0028718000000935717,0.00017380000012963138,0.0002768126374311447,0.000680820979144224,0.0009718000001157634
3.939961,-0.0028281999998398533,-0.000244199999860939,-0.00024721024238130463,-0.0004445636362208372,-0.0011181999998370884
3.95996,-0.0011181999998370884,-0.0006241999998565006,-0.0006869197536501276,-0.0012993421909888807,-0.0011181999998370884
3.97996,-0.0011181999998370884,-0.0018021999998381944,-0.0008787787283120378,-0.0008874540791061084,-0.0011181999998370884
3.99996,-0.0009281999998620449,-0.0006241999998565006,-0.0007495423468658468,-0.0009671743588270473,-0.0011181999998370884
4.01996,-0.0030181999998148967,0.00017380000012963138,-0.0003380115923242489,-0.0004737944054535971,-0.0009281999998620449
4.03996,0.003061800000068615,0.00021180000012464007,0.00022775963755990218,0.0006445039628256177,-0.0009281999998620449
4.059959,0.0028718000000935717,0.0009718000001157634,0.000785581896147812,0.0011826158509245972,0.0028718000000935717
4.079959,-0.0009281999998620449,0.001807800000096904,0.001200409823794258,0.0013748303031344729,0.0028718000000935717
4.099959,0.0028718000000935717,0.0013898000001063338,0.001404529377374568,0.0014319631702672559,0.0011618000000908069
4.119959,0.0011618000000908069,0.0006298000001152104,0.0014030213745901939,0.0013455995339038329,0.0009718000001157634
4.139959,0.0009718000001157634,0.001009800000110772,0.0012492183017927946,0.0007716135199290794,0.0009718000001157634
4.159958,-0.0009281999998620449,0.0006298000001152104,0.0010068984069557328,0.0005638979022147741,0.0009718000001157634
4.179958,0.0009718000001157634,0.0005918000001202018,0.0007191175051057513,0.0009585132868249678,0.0009718000001157634
4.199958,0.0009718000001157634,0.00021180000012464007,0.0003983715536652247,0.0002808909092147429,0.0009718000001157634
4.219958,0.0009718000001157634,0.0005918000001202018,4.0042810874870214e-05,9.930582763602184e-05,0.0009718000001157634
4.239958,-0.0009281999998620449,-0.0002061999998659303,-0.0003527130431984161,-1.9831701500699103e-05,0.0009718000001157634
4.259957,0.0009718000001157634,-0.0005861999998614919,-0.0007498962726871472,-0.0006022326338940357,-0.0009281999998620449
4.279957,-0.0030181999998148967,-0.0009661999998570536,-0.0010930067026492178,-0.0010694820511377321,-0.0009281999998620449
4.299957,-0.0009281999998620449,-0.0013461999998526154,-0.0013112671126872515,-0.00126213939379309,-0.0009281999998620449
4.319957,-0.0009281999998620449,-0.0013461999998526154,-0.0013469956231979996,-0.0014547967364489777,-0.0009281999998620449
4.339957,-0.0028281999998398533,-0.0009281999998620449,-0.0011784352135280887,-0.001244423776079799,-0.0009281999998620449
4.359957,0.0009718000001157634,-0.0009281999998620449,-0.0008314108464409114,-0.001049994871653112,-0.0009281999998620449
4.379956,-0.0009281999998620449,-0.0005481999998664833,-0.0003768154513903145,-0.00030151002318177367,-0.0009281999998620449
4.399956,-0.0009281999998620449,0.00021180000012464007,8.444529984317867e-05,0.000114364102687549,0.0009718000001157634
4.419956,0.0009718000001157634,0.00024980000011964876,0.00044530536204109833,0.0005240377623550999,0.0009718000001157634
4.439956,0.0009718000001157634,0.0006298000001152104,0.0006204543476079772,0.0007521263404402195,0.0009718000001157634
4.459955,0.0011618000000908069,0.0006298000001152104,0.0005712679284667785,0.00039559953391731114,0.0009718000001157634
4.479955,0.0009718000001157634,0.00024980000011964876,0.00031829919621686846,0.0005351100234264367,0.0009718000001157634
4.499955,-0.0009281999998620449,-0.00013019999987591292,-6.587898398580421e-05,-0.00018458694626133417,-0.0009281999998620449
4.519955,-0.0009281999998620449,-0.0005481999998664833,-0.00048235021649892587,-0.0006828386945059393,-0.0009281999998620449
4.539955,-0.0009281999998620449,-0.0013081999998576066,-0.0008394906598668442,-0.0009596452213073787,-0.0009281999998620449
4.559954,-0.0009281999998620449,-0.0009281999998620449,-0.0010802148057007198,-0.0009547734264351637,-0.0009281999998620449
4.579954,-0.0028281999998398533,-0.0009281999998620449,-0.0011924268514126465,-0.0013130717947288711,-0.0009281999998620449
4.599954,0.0009718000001157634,-0.0009281999998620449,-0.0012006899011339045,-0.0010805543122122487,-0.0009281999998620449
4.619954,-0.0009281999998620449,-0.0013461999998526154,-0.001145720972977743,-0.0010030484847060013,-0.0009281999998620449
4.639954,-0.0009281999998620449,-0.0005861999998614919,-0.0010635314718438502,-0.0007457291373907715,-0.0009281999998620449
4.659953,-0.0030181999998148967,-0.0009661999998570536,-0.0009743079865481705,-0.0011974773891310982,-0.0009281999998620449
4.679953,0.0009718000001157634,-0.0009661999998570536,-0.0008830479369266202,-0.0008626522143101512,-0.0009281999998620449
4.699953,-0.0009281999998620449,-0.001384199999847624,-0.0007868516478661407,-0.0010021627038160966,-0.0009281999998620449
4.719953,-0.0009281999998620449,-0.0002061999998659303,-0.0006830703338115963,-0.000829878321530493,-0.0009281999998620449
4.739953,-0.0030181999998148967,-0.0006241999998565006,-0.0005747641434844204,-0.00029398088564196477,-0.0009281999998620449
4.759952,0.0028718000000935717,-0.0006241999998565006,-0.00047090586222566975,-0.0003559855476496128,-0.0009281999998620449
4.779952,-0.0011181999998370884,-0.0002061999998659303,-0.00038101318409214087,-0.0006974540791141043,-0.0009281999998620449
4.799952,-0.0009281999998620449,-0.0001681999998709216,-0.00030875067845323993,-0.00023020466187252797,-0.0009281999998620449
4.819952,0.0011618000000908069,-0.0005481999998664833,-0.00025064799290330764,-5.083403250690801e-05,-0.0009281999998620449
4.839952,-0.0028281999998398533,-0.00013019999987591292,-0.00020097982188055924,-0.00015934219101724475,0.0009718000001157634
4.859951,0.0009718000001157634,-0.00013019999987591292,-0.00015763684722887777,-0.0006403212119898013,0.0009718000001157634
4.879951,0.0009718000001157634,-0.0005481999998664833,-0.0001232175134730588,1.3385081705891057e-05,-0.0009281999998620449
4.899951,-0.0009281999998620449,0.00021180000012464007,-0.00010050576242070737,-6.456363623576862e-05,0.0009718000001157634
4.919951,-0.0009281999998620449,0.00021180000012464007,-8.625297103860802e-05,5.501678334749474e-05,0.0009718000001157634
4.939951,0.0009718000001157634,-0.0002061999998659303,-6.740082580485917e-05,0.00023704475537275822,-0.0009281999998620449
4.95995,0.0009718000001157634,0.00017380000012963138,-2.1844640109826238e-05,2.6671795003049312e-05,0.0009718000001157634
4.97995,-0.0011181999998370884,0.00017380000012963138,7.467346756633371e-05,-0.0002014167830826004,0.0009718000001157634
4.99995,0.0009718000001157634,0.00017380000012963138,0.00023506922524676484,0.00015511002343977792,0.0009718000001157634
5.01995,-0.0009281999998620449,-0.0002061999998659303,0.00044520024621140796,0.00013075104908029297,-0.0009281999998620449
5.03995,0.0009718000001157634,0.0005918000001202018,0.000655504349231325,0.0006936648019842397,0.0009718000001157634
5.059949,-0.0009281999998620449,0.0005918000001202018,0.0007892306489812077,0.001030261538577576,0.0009718000001157634
5.079949,0.0028718000000935717,0.001351800000111325,0.0007690947623421438,0.0009664853147996589,0.0009718000001157634
5.099949,0.0009718000001157634,0.0005538000001251931,0.0005527076313532269,0.00045450396282990335,0.0009718000001157634
5.119949,0.0028718000000935717,0.00017380000012963138,0.00015794422287952246,-1.0531002196981297e-05,0.0009718000001157634
5.139949,-0.0030181999998148967,-0.0006241999998565006,-0.0003390591405165792,-0.0002851230767842595,-0.0011181999998370884
5.159949,-0.0028281999998398533,-0.0010041999998520624,-0.000834981236933978,-0.0005526289042883414,-0.0011181999998370884
5.179948,-0.0011181999998370884,-0.001384199999847624,-0.0012411318887906933,-0.0014981999998465404,-0.0011181999998370884
5.199948,-0.0009281999998620449,-0.0013461999998526154,-0.0015108884564561597,-0.0015535613052069341,-0.0011181999998370884
5.219948,0.0009718000001157634,-0.001384199999847624,-0.001641252552487352,-0.002029668531309926,-0.0011181999998370884
5.239948,-0.0028281999998398533,-0.0013461999998526154,-0.001657546170025216,-0.0013985496502013294,-0.0009281999998620449
5.259948,-0.0030181999998148967,-0.001726199999848177,-0.001597830541430468,-0.001383491375142912,-0.0028281999998398533
5.279948,-0.0009281999998620449,-0.001726199999848177,-0.0015042013047579716,-0.0013232582749150732,-0.0028281999998398533
5.299947,-0.0028281999998398533,-0.0013461999998526154,-0.0014159109291270702,-0.0014853561770075845,-0.0009281999998620449
5.319947,0.0009718000001157634,-0.0009281999998620449,-0.00135836128121566,-0.0013586895103437748,-0.0009281999998620449
5.339947,-0.0009281999998620449,-0.0013461999998526154,-0.0013313603780682498,-0.0011261720278271524,-0.0009281999998620449
5.359946,-0.0009281999998620449,-0.0009661999998570536,-0.0013075841276253223,-0.0015845636362131431,-0.0009281999998620449
5.379946,-0.0030181999998148967,-0.0017641999998431856,-0.0012484675271222762,-0.0016226522142977786,-0.0009281999998620449
5.399946,-0.0009281999998620449,-0.0017641999998431856,-0.001131474794323556,-0.00094237249402738,-0.0009281999998620449
5.419946,-0.0030181999998148967,-0.0010041999998520624,-0.0009710672511828961,-0.000919785081440284,-0.0009281999998620449
5.439946,-0.0009281999998620449,-0.0002061999998659303,-0.0008164636935608682,-0.0007603445219989364,-0.0009281999998620449
5.459946,0.0028718000000935717,-0.0006241999998565006,-0.0007238661116654487,-0.0006983398599944684,-0.0009281999998620449
5.479945,0.0009718000001157634,-0.0006241999998565006,-0.0007202037259477191,-0.0008932116548655779,-0.0009281999998620449
5.499945,-0.0030181999998148967,-0.0006241999998565006,-0.0007844305639037778,-0.0007359855476421016,-0.0009281999998620449
5.519945,-0.0030181999998148967,-0.001384199999847624,-0.0008602182058115005,-0.000514540326199466,-0.0009281999998620449
5.539945,-0.0009281999998620449,-0.0010041999998520624,-0.0008886826699015266,-0.0006319062935632679,-0.0009281999998620449
5.559945,-0.0009281999998620449,-0.0006241999998565006,-0.0008355517492246779,-0.0010880834497335073,-0.0009281999998620449
5.579944,0.0028718000000935717,-0.0002061999998659303,-0.0006974896946464905,-0.0011279435895937115,-0.0009281999998620449
5.599944,-0.0011181999998370884,-0.0006241999998565006,-0.00049428353524284,-0.0006673375289956798,-0.0009281999998620449
5.619944,-0.0009281999998620449,-0.0006241999998565006,-0.0002635247696443553,4.084428917792212e-05,-0.0009281999998620449
5.639944,-0.0030181999998148967,-0.0006241999998565006,-6.338423503142905e-05,0.00013385128218329918,-0.0009281999998620449
5.659943,-0.0009281999998620449,0.00017380000012963138,2.9047911863425088e-05,-0.00032011142177330897,-0.0009281999998620449
5.679943,0.0028718000000935717,-0.0002061999998659303,-6.032842951523232e-05,-0.00018414405581214155,-0.0009281999998620449
5.699943,0.0028718000000935717,-0.0002061999998659303,-0.00036302145412759766,-3.577575744319068e-05,-0.0009281999998620449
5.719943,-0.0028281999998398533,0.00017380000012963138,-0.0008356558386515331,-0.000583188344844828,0.0009718000001157634
5.739943,-0.0030181999998148967,-0.0014221999998426326,-0.001361898746103529,-0.0010367081583607235,-0.0028281999998398533
5.759942,0.0009718000001157634,-0.0025621999998293177,-0.0017934186251069221,-0.001907430769067549,-0.0028281999998398533
5.779942,-0.0051081999997677485,-0.002182199999833756,-0.0020097731116219203,-0.0027444937061191217,-0.0028281999998398533
5.799942,-0.0028281999998398533,-0.0018021999998381944,-0.001968155236012412,-0.0023990391606691403,-0.0011181999998370884
5.819942,-0.0009281999998620449,-0.002182199999833756,-0.0017204415622661378,-0.0013290158506628824,-0.0011181999998370884
5.839942,-0.0011181999998370884,-0.0009661999998570536,-0.0013895390688386878,-0.0013843771560259263,-0.0009281999998620449
5.859941,-0.0009281999998620449,-0.0005861999998614919,-0.0011150081053723105,-0.001050437762090644,-0.0009281999998620449
5.879941,0.0009718000001157634,-0.0010041999998520624,-0.0009923625288520543,-9.999487166499995e-05,-0.0009281999998620449
5.899941,-0.0009281999998620449,-0.0005861999998614919,-0.0010332744994595838,-0.001117314218966797,-0.0009281999998620449
5.919941,-0.0030181999998148967,-0.0009661999998570536,-0.0011637622780699371,-0.0014826988343468808,-0.0009281999998620449
5.939941,0.0009718000001157634,-0.0021441999998387472,-0.0012599476498767266,-0.0014760554777049268,-0.0028281999998398533
5.95994,-0.0028281999998398533,-0.001384199999847624,-0.0012046690217146242,-0.0011819762236271987,-0.0028281999998398533
5.97994,-0.004918199999792705,-0.0005861999998614919,-0.0009398863765132991,-0.0011270578087085774,0.0009718000001157634
5.99994,0.0028718000000935717,-0.0005861999998614919,-0.0004918152822141209,-0.0005295986012589432,0.0009718000001157634
6.01994,0.0009718000001157634,-0.0002061999998659303,4.1445988086458364e-05,-9.999487166765034e-05,0.0009718000001157634
6.03994,0.0009718000001157634,0.001009800000110772,0.0005303414386996068,0.0004708909092088673,0.0009718000001157634
6.059939,-0.0009281999998620449,0.0006678000001102191,0.0008597757824692708,0.001525413053712815,0.0009718000001157634
6.079939,0.0011618000000908069,0.0010478000001057808,0.0009621372349591098,0.0012375342658363286,0.0011618000000908069
6.099939,0.0011618000000908069,0.0006678000001102191,0.0008324422959256663,0.00024058787890534608,0.0011618000000908069
6.119939,0.0028718000000935717,0.00024980000011964876,0.0005273501869601956,0.000543967832284142,0.0011618000000908069
6.139939,-0.0009281999998620449,0.00021180000012464007,0.00014813326790353066,9.886293718735949e-05,0.0009718000001157634
6.159938,-0.0030181999998148967,0.00017380000012963138,-0.00019110925164695402,-0.00012922564089511016,0.0009718000001157634
6.179938,0.0009718000001157634,-0.0009661999998570536,-0.00040019237572425185,-0.0005433282049888638,-0.0009281999998620449
6.199938,0.0009718000001157634,-0.0005861999998614919,-0.0004388712066627971,-0.00042551934718169953,0.0009718000001157634
6.219938,-0.0028281999998398533,0.00021180000012464007,-0.00032221401470083097,-0.00046493659660172185,0.0009718000001157634
6.239938,0.0009718000001157634,0.00021180000012464007,-0.00010685462673716463,0.0002680470863715472,0.0009718000001157634
6.259938,0.0009718000001157634,-0.0001681999998709216,0.00013350733253081524,0.00019054125886423958,0.0009718000001157634
6.279937,0.0009718000001157634,0.0005918000001202018,0.00033342031246967336,0.00021445734278195227,0.0009718000001157634
6.299937,-0.0009281999998620449,0.00021180000012464007,0.00045260425754695995,0.0005067650350862313,0.0009718000001157634
6.319937,0.0009718000001157634,0.0005918000001202018,0.00047988561115614906,0.0007769282052462469,0.0009718000001157634
6.339937,-0.0009281999998620449,0.00021180000012464007,0.0004271536620166755,-5.5705827378063275e-05,-0.0009281999998620449
6.359937,0.0028718000000935717,0.00021180000012464007,0.0003202428594106181,-3.356130523379965e-05,-0.0009281999998620449
6.379936,-0.0009281999998620449,-0.0001681999998709216,0.0001908604929395281,0.0004403314686534406,-0.0009281999998620449
6.399936,-0.0009281999998620449,0.0005918000001202018,6.974890303366133e-05,0.0004890494173708205,-0.0009281999998620449
6.419936,-0.0009281999998620449,0.00021180000012464007,-1.840371662121569e-05,-2.558974231830623e-06,-0.0009281999998620449
6.439935,0.0028718000000935717,-0.0001681999998709216,-5.640915146139793e-05,-0.00011328158495314843,-0.0009281999998620449
6.459935,0.0009718000001157634,-0.0001681999998709216,-3.393663867962845e-05,-0.0005650298366961251,-0.0009281999998620449
6.479935,-0.0028281999998398533,0.00021180000012464007,4.92876360937948e-05,0.00024103076935506846,0.0009718000001157634
6.499935,-0.0009281999998620449,-0.0001681999998709216,0.00017500181633523843,0.0004624759907977042,0.0009718000001157634
6.519935,0.0009718000001157634,0.00021180000012464007,0.0003020553516926751,0.00041818694650917705,0.0009718000001157634
6.539935,0.0009718000001157634,0.0005918000001202018,0.0003772919375988438,0.00010816363648948708,0.0009718000001157634
6.559934,0.0028718000000935717,0.0005918000001202018,0.00035946831593113677,0.00017902610735113063,0.0009718000001157634
6.579934,-0.0009281999998620449,0.00021180000012464007,0.00023977213585332468,0.0005156228439439367,-0.0009281999998620449
6.599934,-0.0009281999998620449,-0.0001681999998709216,4.359890875190958e-05,-4.684801852035777e-05,-0.0009281999998620449
6.619934,-0.0009281999998620449,-0.0005481999998664833,-0.00018613829848756051,-0.0001371976688708611,-0.0009281999998620449
6.639934,-0.0009281999998620449,-0.0005481999998664833,-0.0004093419321656642,-0.0006443072259721116,-0.0009281999998620449
6.659934,0.0009718000001157634,-0.0001681999998709216,-0.0005976261745366402,-0.0005464284380945197,-0.0009281999998620449
6.679933,-0.0009281999998620449,-0.0005861999998614919,-0.0007292916475496572,-0.0005287128203753987,-0.0009281999998620449
6.699933,0.0009718000001157634,-0.0002061999998659303,-0.0007807295727726235,-0.0006660088576671828,0.0009718000001157634
6.719933,-0.0030181999998148967,-0.0010041999998520624,-0.000726826264874898,-0.0006837244753810038,-0.0009281999998620449
6.739933,0.0009718000001157634,-0.0006241999998565006,-0.0005539685099838829,-0.0006261487178053885,0.0009718000001157634
6.759933,-0.0030181999998148967,-0.0006241999998565006,-0.0002773277273489764,-0.0005375706292288641,0.0009718000001157634
6.779932,0.0009718000001157634,0.00017380000012963138,5.1363495417946626e-05,0.00010019160852433646,0.0009718000001157634
6.799932,0.0009718000001157634,0.00017380000012963138,0.0003544707255120303,0.0003659258742528491,0.0009718000001157634
6.819932,0.0009718000001157634,0.0009718000001157634,0.0005547014770063801,0.0006467184150403091,0.0009718000001157634
6.839932,0.0009718000001157634,0.0005918000001202018,0.0006036198042018549,0.0005510540793747583,0.0009718000001157634
6.859931,0.0009718000001157634,0.00021180000012464007,0.0004974725137718457,0.0007680703963843013,0.0009718000001157634
6.879931,-0.0009281999998620449,0.00024980000011964876,0.0002733414907911357,0.00016086759918917736,0.0009718000001157634
6.899931,-0.0009281999998620449,-0.00013019999987591292,-9.871708989012104e-06,-0.000122139393817214,-0.0009281999998620449
6.919931,0.0011618000000908069,-0.0005101999998714746,-0.0002939095822628463,-0.000582745454415776,-0.0009281999998620449
6.939931,-0.0009281999998620449,-0.0005101999998714746,-0.0005366415658119417,-0.00044279207446381815,-0.0009281999998620449
6.959931,-0.0009281999998620449,-0.0005481999998664833,-0.0007172540662531552,-0.0006310205126855534,-0.0009281999998620449
6.97993,-0.0009281999998620449,-0.0005861999998614919,-0.0008335687942583031,-0.0008192489509078187,-0.0009281999998620449
6.99993,-0.0011181999998370884,-0.0010041999998520624,-0.0008948821527602134,-0.0008320927737499545,-0.0009281999998620449
7.01993,0.0009718000001157634,-0.0010041999998520624,-0.0009131103269989586,-0.0011244004660489334,-0.0009281999998620449
7.03993,-0.0030181999998148967,-0.0006241999998565006,-0.0008954070316455508,-0.0005189692306272586,-0.0009281999998620449
7.05993,-0.0009281999998620449,-0.0006241999998565006,-0.0008408583107986263,-0.0005428853145428513,-0.0009281999998620449
7.079929,0.0009718000001157634,-0.0006241999998565006,-0.0007415461498097576,-0.0009481300697804895,-0.0009281999998620449
7.099929,-0.0011181999998370884,-0.0006241999998565006,-0.0005874573485589011,-0.0008174773891295997,-0.0009281999998620449
7.119929,0.0009718000001157634,-0.0006621999998515093,-0.0003759659243874712,-0.00047910909076334424,-0.0011181999998370884
7.139929,-0.0030181999998148967,-0.00028219999985594767,-0.00012476868923210805,-4.06475523090457e-05,-0.0011181999998370884
7.159929,-0.0011181999998370884,0.00013580000013462267,0.00011956586013058684,3.862983696800082e-05,0.0009718000001157634
7.179928,0.0028718000000935717,-0.000244199999860939,0.0002888022008029039,-9.025128191262015e-05,-0.0009281999998620449
7.199928,0.0009718000001157634,0.0005538000001251931,0.00031921385108077334,0.0005457393940618313,0.0009718000001157634
7.219928,-0.0009281999998620449,0.0005918000001202018,0.0001848938997802973,0.0003747836831073746,0.0009718000001157634
7.239928,0.0009718000001157634,0.00024980000011964876,-8.089201066075547e-05,0.00047044801876497524,0.0009718000001157634
7.259927,-0.0009281999998620449,-0.0005481999998664833,-0.0003886952973927658,-0.00035598554765650317,-0.0009281999998620449
7.279927,0.0011618000000908069,-0.0005481999998664833,-0.0006203680350575356,-0.0011757757574328471,-0.0009281999998620449
7.299927,-0.0030181999998148967,-0.0009661999998570536,-0.0006720101727515988,-0.0006730951047562092,-0.0009281999998620449
7.319927,-0.0009281999998620449,-0.0005861999998614919,-0.0004971956929095766,-0.000622162703823078,-0.0009281999998620449
7.339926,-0.0011181999998370884,-0.000244199999860939,-0.00013187732265608297,-0.00034535617701898856,-0.0009281999998620449
7.359926,0.0009718000001157634,0.00017380000012963138,0.00031329215071459825,0.000607301165625587,-0.0009281999998620449
7.379926,0.0028718000000935717,0.0009338000001207547,0.0006930072485976196,0.0005692125875414818,0.0009718000001157634
7.399926,-0.0009281999998620449,0.001351800000111325,0.0008826046585382523,0.0009970447553625055,0.0009718000001157634
7.419926,0.0028718000000935717,0.0005538000001251931,0.0008240668755377486,0.0011276974360112757,0.0009718000001157634
7.439925,0.0009718000001157634,0.00021180000012464007,0.0005443978629031338,0.0005740843824041565,0.0009718000001157634
7.459925,-0.0030181999998148967,0.0005918000001202018,0.00014196841183132473,8.203310036185323e-05,0.0009718000001157634
7.479925,0.0011618000000908069,-0.0005861999998614919,-0.0002501370031176335,-0.00029663822830425864,0.0009718000001157634
7.499925,0.0009718000001157634,-0.0005861999998614919,-0.0005078519162601437,-0.00046537948704137395,0.0009718000001157634
7.519925,-0.0030181999998148967,-0.0001681999998709216,-0.0005530163896699995,-0.0010499948716525822,0.0009718000001157634
7.539925,0.0009718000001157634,-0.0005861999998614919,-0.00037572723208963827,-0.000651393473058488,-0.0009281999998620449
7.559924,-0.0009281999998620449,-0.0005481999998664833,-3.7916963732435104e-05,0.00032739440571531134,-0.0009281999998620449
7.579924,-0.0009281999998620449,0.0006298000001152104,0.000344942399462504,0.0005971146854346146,0.0009718000001157634
7.599924,0.0011618000000908069,0.001009800000110772,0.0006428718120533433,0.0006529188812341308,0.0011618000000908069
7.619924,0.0028718000000935717,0.001009800000110772,0.0007608969719079478,0.0010736648019730184,0.0011618000000908069
7.639924,0.0028718000000935717,0.0006298000001152104,0.0006788047145324916,0.00049480699312658,0.0011618000000908069
7.659924,-0.0009281999998620449,0.0005918000001202018,0.0004590254906021289,0.0002999351982560005,0.0009718000001157634
7.679923,-0.0028281999998398533,-0.0001681999998709216,0.00021467133481509684,0.0005638979022137141,-0.0009281999998620449
7.699923,0.0009718000001157634,-0.0005101999998714746,5.409941844639916e-05,-8.936550103861587e-05,-0.0009281999998620449
7.719923,-0.0009281999998620449,0.00024980000011964876,3.31130441800815e-05,-0.00043039114205921483,0.0009718000001157634
7.739923,0.0011618000000908069,0.00021180000012464007,0.0001380005159586025,-0.00021558927726118311,0.0009718000001157634
7.759922,0.0028718000000935717,0.00021180000012464007,0.0003006692966830991,0.000574970163288231,0.0009718000001157634
7.779922,-0.0030181999998148967,0.0006298000001152104,0.0004305617672091526,0.0008207743590892915,0.0011618000000908069
7.799922,0.0009718000001157634,0.0005918000001202018,0.00044707655211788757,0.00043767412599379703,0.0009718000001157634
7.819922,0.0011618000000908069,-0.0001681999998709216,0.0003049487143976391,0.00036282564114507317,0.0009718000001157634
7.839921,0.0009718000001157634,0.00024980000011964876,1.0516904335705437e-05,2.6228904555977004e-05,0.0009718000001157634
7.859921,-0.0009281999998620449,-0.00013019999987591292,-0.00037506067479851446,-0.0006226055942701502,-0.0009281999998620449
7.879921,-0.0009281999998620449,-0.0005861999998614919,-0.00075043460589201,-0.0003745869462565184,-0.0009281999998620449
7.899921,-0.0009281999998620449,-0.0013461999998526154,-0.001004946086968688,-0.0011368013984593673,-0.0009281999998620449
7.919921,-0.0011181999998370884,-0.0009281999998620449,-0.0010555322399679716,-0.0014180368296901895,-0.0009281999998620449
7.939921,-0.0028281999998398533,-0.0009281999998620449,-0.0008757486802307414,-0.0008351930068561406,-0.0009281999998620449
7.95992,0.0011618000000908069,-0.0005481999998664833,-0.0005055538469203266,-0.0003613002329699602,-0.0009281999998620449
7.97992,-0.0009281999998620449,0.00024980000011964876,-3.761186318726168e-05,1.95855479103129e-05,0.0009718000001157634
7.99992,0.0009718000001157634,0.0006298000001152104,0.0004144709551807866,0.0005820564103735473,0.0009718000001157634
8.01992,0.0028718000000935717,0.0005918000001202018,0.0007524869489997205,0.0007636414919554486,0.0009718000001157634
8.03992,-0.0009281999998620449,0.0009718000001157634,0.0009194287550733748,0.0008668349651533878,0.0009718000001157634
8.059919,0.0009718000001157634,0.0005918000001202018,0.000906066696854372,0.0007073944057146901,0.0009718000001157634
8.079919,0.0009718000001157634,0.00021180000012464007,0.0007405298858304923,0.0007875575758731612,0.0009718000001157634
8.099919,-0.0009281999998620449,0.0006298000001152104,0.0004711732771741918,0.0003778839162029602,0.0009718000001157634
8.119919,0.0009718000001157634,0.00024980000011964876,0.00015292297189331176,5.678834511034362e-05,0.0009718000001157634
8.139919,0.0011618000000908069,-0.00013019999987591292,-0.00015945535184994547,0.00011214965047073763,-0.0009281999998620449
8.159919,-0.0009281999998620449,-0.00013019999987591292,-0.0004151400873390167,-0.0004923958040673927,-0.0009281999998620449
8.179918,-0.0009281999998620449,-0.0005101999998714746,-0.0005742301699921798,-0.0005167547784252876,-0.0009281999998620449
8.199918,-0.0009281999998620449,-0.0009281999998620449,-0.0006190123350800327,-0.0006385496502174122,-0.0009281999998620449
8.219918,-0.0009281999998620449,-0.0005481999998664833,-0.0005632136482203729,-0.0006983398600050688,-0.0009281999998620449
8.239918,-0.0009281999998620449,-0.0005481999998664833,-0.000450677379096622,-0.0006961254077882573,-0.0009281999998620449
8.259917,0.0009718000001157634,-0.0001681999998709216,-0.0003400438061090411,-2.9132400804946868e-05,-0.0009281999998620449
8.279917,-0.0009281999998620449,-0.0001681999998709216,-0.000280515138172013,-1.3188344862985035e-05,-0.0009281999998620449
8.299917,0.0009718000001157634,0.00021180000012464007,-0.00028993129243164736,-0.0002811370628061891,0.0009718000001157634
8.319917,-0.0009281999998620449,-0.0005481999998664833,-0.00034651092679397985,-0.0004339342655997528,-0.0009281999998620449
8.339917,0.0009718000001157634,-0.0005861999998614919,-0.00039967209443819425,-0.0003564284380935052,-0.0009281999998620449
8.359916,-0.0028281999998398533,-0.0005861999998614919,-0.00039610022237099323,-0.0006110904427517414,-0.0009281999998620449
8.379916,-0.0011181999998370884,-0.0002061999998659303,-0.0003085158213828959,-0.0004520927737537558,0.0009718000001157634
8.399916,0.0009718000001157634,-0.0005861999998614919,-0.00015146757086632607,-0.00023064755231377027,-0.0009281999998620449
8.419916,0.0009718000001157634,0.00017380000012963138,2.480943704311603e-05,0.00017238275070917655,0.0009718000001157634
8.439916,-0.0009281999998620449,0.0006298000001152104,0.000158053135011947,0.00023881631713931723,0.0009718000001157634
8.459915,0.0009718000001157634,0.00024980000011964876,0.00020124779076886908,0.0003716834500022486,0.0009718000001157634
8.479915,0.0011618000000908069,-0.00013019999987591292,0.0001402757149581118,0.0001838979022143355,-0.0009281999998620449
8.499915,-0.0009281999998620449,-0.00013019999987591292,-4.278177691930753e-06,-0.0001420694637446662,-0.0009281999998620449
8.519915,-0.0009281999998620449,-0.00013019999987591292,-0.0001895485531044336,-0.00042994825161744236,-0.0009281999998620449
8.539915,-0.0009281999998620449,-0.0005861999998614919,-0.00036887555514770846,-0.0002767081583783965,-0.0009281999998620449
8.559914,0.0009718000001157634,-0.0005861999998614919,-0.0005060145804677816,-0.0004959389276015707,-0.0009281999998620449
8.579914,-0.0011181999998370884,-0.0002061999998659303,-0.0005796218656545856,-0.0004848666665249338,-0.0009281999998620449
8.599914,-0.0009281999998620449,-0.000244199999860939,-0.0005805634267373569,-0.0004937244753815792,-0.0009281999998620449
8.619914,0.0009718000001157634,-0.0006241999998565006,-0.0005084542656490878,-0.0005225123541715069,-0.0009281999998620449
8.639914,-0.0011181999998370884,-0.0005861999998614919,-0.00037181309798177886,-0.0004804377621003212,-0.0009281999998620449
8.659913,-0.0009281999998620449,-0.0001681999998709216,-0.0001915178578236278,-0.0002523491840178516,-0.0009281999998620449
8.679913,-0.0009281999998620449,-0.0001681999998709216,-2.669918771452943e-06,-1.3631235304757435e-05,-0.0009281999998620449
8.699913,0.0011618000000908069,0.00024980000011964876,0.00015145541531162007,0.0004226158509332597,0.0009718000001157634
8.719913,0.0009718000001157634,0.00024980000011964876,0.00023469247880958296,7.893286725513726e-05,0.0009718000001157634
8.739913,0.0009718000001157634,0.0006678000001102191,0.00023486110169549575,0.00019629883461628905,0.0009718000001157634
8.759912,-0.0009281999998620449,-0.0001681999998709216,0.00017044008025172532,0.00013163682995694743,0.0009718000001157634
8.779912,0.0011618000000908069,-0.00013019999987591292,8.120392658937206e-05,0.0002113571096773564,0.0009718000001157634
8.799912,-0.0030181999998148967,-0.00013019999987591292,8.38581215957646e-06,1.6485314809956914e-05,0.0009718000001157634
8.819912,0.0011618000000908069,0.00024980000011964876,-2.2776246468837547e-05,-0.00032852634019931234,0.0009718000001157634
8.839911,0.0009718000001157634,-0.0001681999998709216,-7.937988710972784e-06,0.0002211006994201963,0.0009718000001157634
8.859911,0.0009718000001157634,0.00024980000011964876,4.3509371056125577e-05,0.00019009836842193736,0.0009718000001157634
8.879911,-0.0009281999998620449,0.0005918000001202018,0.00011779841083861743,2.1800000129244368e-05,0.0009718000001157634
8.899911,-0.0009281999998620449,-0.0002061999998659303,0.00019935917890892516,0.0002587463870736594,-0.0009281999998620449
8.919911,0.0028718000000935717,-0.0002061999998659303,0.00026681340226985894,7.051794884821428e-05,-0.0009281999998620449
8.939911,-0.0030181999998148967,0.00017380000012963138,0.00028970921950358943,0.00015068111900933532,0.0009718000001157634
8.95991,0.0009718000001157634,0.0005918000001202018,0.00023290885054267032,0.0003566251749512515,0.0009718000001157634
8.97991,0.0009718000001157634,-0.0002061999998659303,7.0272001447468e-05,0.00023040139872868422,0.0009718000001157634
8.99991,0.0011618000000908069,0.00021180000012464007,-0.00019788477612020739,-0.0001837011653698395,0.0009718000001157634
9.01991,-0.0011181999998370884,-0.0005481999998664833,-0.0005350068661759424,-0.0007262419579056217,-0.0009281999998620449
9.03991,-0.0009281999998620449,-0.0009281999998620449,-0.0008760138785899907,-0.00041577575744680955,-0.0009281999998620449
9.059909,-0.0028281999998398533,-0.0013461999998526154,-0.0011512282597881246,-0.0016208806525328096,-0.0009281999998620449
9.079909,-0.0009281999998620449,-0.0013081999998576066,-0.0013133990001890914,-0.001394563636217959,-0.0009281999998620449
9.099909,-0.0009281999998620449,-0.001726199999848177,-0.0013526130819715837,-0.0014034214450714241,-0.0009281999998620449
9.119909,-0.0009281999998620449,-0.0005861999998614919,-0.0012925401589040692,-0.0011195286711836085,-0.0009281999998620449
9.139909,-0.0030181999998148967,-0.0010041999998520624,-0.0011726780478937711,-0.001153188344839391,-0.0009281999998620449
9.159908,0.0028718000000935717,-0.0010041999998520624,-0.0010273051760519357,-0.0007590158506709697,-0.0009281999998620449
9.179908,-0.0030181999998148967,-0.0010041999998520624,-0.0008717096097046153,-0.0009184564101101973,-0.0009281999998620449
9.199908,-0.0009281999998620449,-0.0002061999998659303,-0.0007019144283799156,-0.00041976177142487997,-0.0009281999998620449
9.219908,-0.0009281999998620449,-0.0009661999998570536,-0.0005066010008497284,-0.0007142839159438503,-0.0009281999998620449
9.239908,0.0009718000001157634,-0.0001681999998709216,-0.00028311018600501265,-0.0004977104893728998,-0.0009281999998620449
9.259907,-0.0009281999998620449,-0.0005861999998614919,-4.884951958654288e-05,-0.0004494354310994123,-0.0009281999998620449
9.279907,0.0009718000001157634,0.00017380000012963138,0.00015609849006229518,0.0002038279721529179,0.0009718000001157634
9.299907,-0.0030181999998148967,0.00021180000012464007,0.000276383712308034,0.0005005645688849895,0.0009718000001157634
9.319907,0.0028718000000935717,0.00021180000012464007,0.00025934207183990466,0.00037256923089056335,0.0009718000001157634
9.339907,0.0011618000000908069,0.00021180000012464007,8.009715304262461e-05,0.00021135710968159653,0.0009718000001157634
9.359906,-0.0009281999998620449,0.00021180000012464007,-0.00023753794095137222,-0.00010973846140572007,0.0009718000001157634
9.379906,0.0009718000001157634,-0.0005861999998614919,-0.0006190968354846544,-0.0008250065266625182,-0.0009281999998620449
9.399906,-0.0030181999998148967,-0.0014221999998426326,-0.000962806838757903,-0.0010132349648874334,-0.0011181999998370884
9.419906,-0.0011181999998370884,-0.0014221999998426326,-0.0011791034576931609,-0.0015207874124293962,-0.0011181999998370884
9.439906,-0.0030181999998148967,-0.0014221999998426326,-0.0012259802662363626,-0.0010557524473982713,-0.0011181999998370884
9.459905,-0.0009281999998620449,-0.0006241999998565006,-0.0011207069575114611,-0.0010801114217593461,-0.0009281999998620449
9.479905,0.0009718000001157634,-0.0005861999998614919,-0.0009216408139856691,-0.0008719529136096289,-0.0009281999998620449
9.499905,0.0009718000001157634,-0.0005481999998664833,-0.0006923538637438649,-0.00045563589730489393,-0.0009281999998620449
9.519905,-0.0009281999998620449,-0.00013019999987591292,-0.0004715907619359886,-0.0004339342656071728,0.0009718000001157634
9.539905,-0.0028281999998398533,-0.0005101999998714746,-0.00026681101925190735,-0.00016199953367688843,-0.0009281999998620449
9.559904,0.0011618000000908069,-0.0005101999998714746,-7.009767814987918e-05,-7.563589731452542e-05,-0.0009281999998620449
9.579904,-0.0009281999998620449,-0.00013019999987591292,0.00012033274733719624,-0.00023507645675057304,0.0009718000001157634
9.599904,0.0009718000001157634,0.0006298000001152104,0.0002894542596809622,0.00014580932413341022,0.0009718000001157634
9.619904,0.0009718000001157634,0.00017380000012963138,0.0004099395209218934,0.0002299585082842618,0.0009718000001157634
9.639904,0.0009718000001157634,0.0005538000001251931,0.00045509868062238573,0.0008544340327551442,0.0009718000001157634
9.659903,-0.0011181999998370884,0.00017380000012963138,0.00041081581709143924,0.00029196317029349985,0.0009718000001157634
9.679903,0.0009718000001157634,0.0005538000001251931,0.00028164395652055757,0.00042527319359979347,0.0009718000001157634
9.699903,-0.0009281999998620449,-0.0002061999998659303,9.194644809692094e-05,0.00012189324022258757,-0.0009281999998620449
9.719903,0.0028718000000935717,0.00021180000012464007,-0.00011602022175306566,-3.9761771431861236e-05,0.0009718000001157634
9.739902,-0.0028281999998398533,-0.0001681999998709216,-0.0002884797987839263,-0.00033428391595242187,-0.0009281999998620449
9.759902,0.0009718000001157634,-0.0001681999998709216,-0.0003736194331744969,-0.0003586428903134967,-0.0009281999998620449
9.779902,-0.0009281999998620449,-0.0009281999998620449,-0.0003404259376218941,-0.0007156125872771174,-0.0009281999998620449
9.799902,-0.0009281999998620449,-0.0001681999998709216,-0.00019495187897487047,-0.00015757062924167558,-0.0009281999998620449
9.819902,-0.0009281999998620449,-0.0001681999998709216,1.6028694936797865e-05,-2.4703496376094162e-05,-0.0009281999998620449
9.839901,0.0009718000001157634,0.0005918000001202018,0.00022002680824803614,0.0006484899768095181,0.0009718000001157634
9.859901,0.0009718000001157634,0.0005918000001202018,0.00034925561070840385,0.0004226158509380298,0.0009718000001157634
9.879901,0.0028718000000935717,0.0005918000001202018,0.00037224354298910606,0.00021804708637376282,0.0009718000001157634
9.899901,-0.0009281999998620449,0.00021180000012464007,0.0003078203641308291,0.00023681165513547627,-0.0009281999998620449
9.919901,-0.0009281999998620449,-0.0001681999998709216,0.00021130902302205843,0.00036429417261254685,-0.0009281999998620449
9.9399,-0.0009281999998620449,-0.00016619999987597112,0.00014113745547515176,0.00014564615396800196,-0.0009281999998620449
9.9599,-0.0009281999998620449,0.00021380000011959056,0.00012798014195334673,-0.00029551934718926264,-0.0009281999998620449
9.9799,0.002881800000068324,0.00017580000012458187,0.00016561596879838042,-3.526293693749535e-05,-0.0009281999998620449
9.9999,0.0009718000001157634,0.00017580000012458187,0.00022526727717456772,0.00040611235443167984,-0.0009281999998620449
10.0199,-0.0011181999998370884,0.0009378000001106557,0.000278889986464278,0.0005104247087424951,0.0009718000001157634
10.0399,-0.0009281999998620449,0.00017580000012458187,0.0003153292112228096,0.000711706760022517,-0.0009281999998620449
10.059899,0.002881800000068324,0.00017580000012458187,0.00034393442146908175,0.00043070442902844646,-0.0009281999998620449
10.079899,-0.0009281999998620449,0.0005938000001151523,0.00038905140662746153,6.392121225011222e-05,0.0009718000001157634
10.099899,0.0009718000001157634,0.0005938000001151523,0.0004790469703201946,0.00022709137540846732,0.0009718000001157634
10.119899,0.0009718000001157634,0.00025180000011459924,0.0006317597347652286,0.0005580703963754809,0.0009718000001157634
10.139899,-0.0009281999998620449,0.0006718000001001201,0.000840576720666387,0.0010490027972969579,0.0009718000001157634
10.159899,0.0011718000000655593,0.0010538000000906323,0.0010687803671546447,0.0009435249418172238,0.0011718000000655593
10.179898,0.0011718000000655593,0.0014358000000811444,0.0012586547886455223,0.0015520564103371345,0.0011718000000655593
10.199898,0.002881800000068324,0.0014358000000811444,0.0013541678413565993,0.0011127557110447335,0.0011718000000655593
10.219898,0.002881800000068324,0.0013958000000911853,0.0013258764020769127,0.001387464335751978,0.0011718000000655593
10.239897,-0.0009281999998620449,0.0009758000001056644,0.001182795640703078,0.0012766251749239442,0.0009718000001157634
10.259897,0.0009718000001157634,0.0009758000001056644,0.0009641234031029819,0.0008347836830923958,0.0009718000001157634
10.279897,-0.0009281999998620449,0.00021380000011959056,0.0007183176074481064,0.0009149468532524569,-0.0009281999998620449
10.299897,0.002881800000068324,0.0006338000001051114,0.0004847649525607182,0.0002573710956843499,0.0009718000001157634
10.319897,-0.0009281999998620449,0.0006338000001051114,0.0002875440065031206,7.580932412569984e-05,0.0009718000001157634
10.339897,0.0011718000000655593,0.00021580000011454104,0.00013889005404272135,0.0004307277390395075,0.0009718000001157634
10.359896,0.0009718000001157634,-0.00016619999987597112,4.3686452525965845e-05,4.0284848603993684e-05,0.0009718000001157634
10.379896,-0.0030181999998148967,0.00021380000011959056,-4.980165323185818e-07,-3.0810722482741424e-05,0.0009718000001157634
10.399896,0.0009718000001157634,-0.0002061999998659303,-5.64837870918449e-06,-0.00011509976677256993,0.0009718000001157634
10.419896,0.0009718000001157634,-0.0002061999998659303,8.635946276695993e-06,0.00025776736608969014,0.0009718000001157634
10.439895,-0.0009281999998620449,0.0006318000001101609,2.4165329530518165e-05,-7.043776210884415e-05,0.0009718000001157634
10.459895,0.0009718000001157634,0.00021380000011959056,3.53924543767814e-05,0.00018364149196122259,0.0009718000001157634
10.479895,0.0011718000000655593,-0.00016619999987597112,5.40443732356937e-05,0.0002710540793746583,-0.0009281999998620449
10.499895,-0.0011181999998370884,0.00021380000011959056,0.00010166581401537592,-0.0003404843821568439,0.0009718000001157634
10.519895,-0.0009281999998620449,-0.00016619999987597112,0.00019257098655933903,-8.430722598781163e-05,-0.0009281999998620449
10.539895,0.0009718000001157634,-0.00016619999987597112,0.00031766551305253206,0.0004590494173596417,-0.0009281999998620449
10.559894,-0.0009281999998620449,0.0006338000001051114,0.0004416954501352872,0.0005437580420648112,0.0009718000001157634
10.579894,0.0011718000000655593,0.001013800000100673,0.0005192769855515686,0.0005210307693419185,0.0009718000001157634
10.599894,0.002881800000068324,0.0006338000001051114,0.0005222557699004316,0.0008766251749278899,0.0009718000001157634
10.619894,0.0009718000001157634,0.0005958000001101027,0.0004609686153019172,0.000594480652791862,0.0009718000001157634
10.639894,-0.0009281999998620449,0.0005558000001201435,0.00038273810525316863,0.00010110069942424186,0.0009718000001157634
10.659893,-0.0011181999998370884,-0.0002061999998659303,0.0003447915957451399,0.0004196321679549897,-0.0009281999998620449
10.679893,0.0009718000001157634,-0.0002061999998659303,0.000377213105334812,6.427086260258995e-05,-0.0009281999998620449
10.699893,-0.0009281999998620449,0.0005558000001201435,0.00045959268112412844,0.00015809370642069786,0.0009718000001157634
10.719893,0.0009718000001157634,0.0005938000001151523,0.0005264442459943563,0.0005335249418432369,0.0009718000001157634
10.739892,0.002881800000068324,0.0005938000001151523,0.0004988720367084233,0.0007466717949835453,0.0009718000001157634
10.759892,-0.0009281999998620449,0.0005938000001151523,0.00032530683955845,0.0005472545455689172,0.0009718000001157634
10.779892,0.0009718000001157634,0.00021380000011959056,1.0133993751156118e-05,9.471375303805087e-05,-0.0009281999998620449
10.799892,-0.0009281999998620449,-0.0005861999998614919,-0.00038319011310453935,3.3384616666160428e-06,-0.0009281999998620449
10.819892,-0.0009281999998620449,-0.0005861999998614919,-0.0007544732407751095,-0.0007791790208388836,-0.0009281999998620449
10.839892,-0.0011181999998370884,-0.0009661999998570536,-0.0010039863540225377,-0.0014467780884272546,-0.0009281999998620449
10.859891,-0.0009281999998620449,-0.0013461999998526154,-0.001070229274263963,-0.001510158041808842,-0.0009281999998620449
10.879891,-0.0009281999998620449,-0.0013461999998526154,-0.0009554128815221809,-0.0013910205126715907,-0.0009281999998620449
10.899891,-0.0028281999998398533,-0.0009281999998620449,-0.0007292488869029614,-0.000267850349520161,-0.0009281999998620449
10.919891,-0.0009281999998620449,-0.0001681999998709216,-0.0005059913219023398,-1.4959906635904038e-05,-0.0009281999998620449
10.939891,0.0009718000001157634,0.00024980000011964876,-0.000397620754543482,-0.00019654498821833534,0.0009718000001157634
10.95989,0.0028718000000935717,-0.0001681999998709216,-0.00045977050296915436,-0.00040957529124185775,0.0009718000001157634
10.97989,0.0011618000000908069,-0.0005861999998614919,-0.0006593345440920371,-0.0007616731933337932,0.0009718000001157634
10.99989,-0.004918199999792705,-0.0009661999998570536,-0.0008883242449811381,-0.0009100414916990342,-0.0009281999998620449
11.01989,-0.0030181999998148967,-0.001726199999848177,-0.0010215682446846042,-0.0013019995336517043,-0.0009281999998620449
11.03989,-0.0009281999998620449,-0.0017641999998431856,-0.0009842294785039588,-0.0013042139858658658,-0.0009281999998620449
11.059889,-0.0009281999998620449,-0.0005861999998614919,-0.0007869588742173964,-0.001076125407780216,-0.0009281999998620449
11.079889,0.0009718000001157634,0.00021180000012464007,-0.0005096336324670999,-0.0004892955709580266,0.0009718000001157634
11.099889,0.0009718000001157634,0.00021180000012464007,-0.00024868655042465597,0.0005408675991869663,0.0009718000001157634
11.119889,0.0009718000001157634,0.00021180000012464007,-6.271703036284913e-05,0.0005138512821704877,0.0009718000001157634
11.139889,-0.0009281999998620449,0.00021180000012464007,5.2820807110497305e-05,-6.899254066462129e-05,0.0009718000001157634
11.159888,-0.0009281999998620449,-0.0001681999998709216,0.0001516468091071859,-0.00043039114207617506,-0.0009281999998620449
11.179888,0.0009718000001157634,-0.0005481999998664833,0.00029622450953313594,5.457389290466241e-05,-0.0009281999998620449
11.199888,-0.0009281999998620449,0.00021180000012464007,0.0005161132652297097,0.00036415431250007025,-0.0009281999998620449
11.219888,-0.0009281999998620449,0.0013898000001518085,0.0007878993790284721,0.0009531986015470211,0.0009718000001157634
11.239887,0.0028718000000935717,0.001009800000156247,0.001046480708801029,0.0012632219115720112,-0.0009281999998620449
11.259887,0.004961800000273797,0.0014278000001468171,0.0012198715216500365,0.0012782801866330785,0.0011618000000908069
11.279887,-0.0009281999998620449,0.0014278000001468171,0.0012650892987681925,0.001165343123691769,0.0011618000000908069
11.299887,0.0011618000000908069,0.0010478000001512555,0.0011824010672110074,0.0012428489511874163,0.0009718000001157634
11.319887,-0.0009281999998620449,0.00028780000011465747,0.0010027964281219377,0.001267207925533121,0.0009718000001157634
11.339887,0.0009718000001157634,0.0006678000001102191,0.0007642480307223381,0.00015776736608882132,0.0009718000001157634
11.359886,0.0011618000000908069,0.0006298000001152104,0.0004971720968290508,0.00033536643366350184,0.0009718000001157634
11.379886,0.0009718000001157634,0.00024980000011964876,0.00022672283548830205,0.00047753426585135135,0.0009718000001157634
11.399886,0.0009718000001157634,0.0006298000001152104,-1.644474827705151e-05,9.886293718947952e-05,0.0009718000001157634
11.419886,-0.0028281999998398533,-0.0002061999998659303,-0.00019085434821284488,0.0002521030304285252,0.0009718000001157634
11.439886,0.0028718000000935717,-0.0002061999998659303,-0.0002516394580624999,-0.0001952163168829485,0.0009718000001157634
11.459885,-0.0030181999998148967,-0.0002061999998659303,-0.00016768118659596173,-0.00046537948704031403,0.0009718000001157634
11.479885,0.0009718000001157634,0.00017380000012963138,6.04446605046665e-05,-0.00015934219100876467,0.0009718000001157634
11.499885,0.0009718000001157634,-0.0002061999998659303,0.0003906191575244984,0.000268047086374727,0.0009718000001157634
11.519885,-0.0009281999998620449,0.0009718000001157634,0.0007431225534266618,0.0008327324010521228,0.0009718000001157634
11.539885,0.0009718000001157634,0.0009718000001157634,0.0010195962240919015,0.0008880937064109267,0.0009718000001157634
11.559884,0.0028718000000935717,0.0009718000001157634,0.0011331124291054573,0.0015307277390331623,0.0009718000001157634
11.579884,0.0009718000001157634,0.001351800000111325,0.0010396217680669003,0.0010856228439358497,0.0009718000001157634
11.599884,0.0009718000001157634,0.0009718000001157634,0.0007569574737757112,0.0010085599068761447,0.0009718000001157634
11.619884,0.0009718000001157634,0.00017380000012963138,0.00036025537855120706,0.00016042470875641526,0.0009718000001157634
11.639884,-0.0009281999998620449,-0.000244199999860939,-4.691375106434183e-05,-0.0004972675989242375,-0.0009281999998620449
11.659884,-0.0011181999998370884,-0.001042199999847071,-0.0003739988173218371,-0.0006899249415769455,-0.0011181999998370884
11.679883,-0.0011181999998370884,-0.0006621999998515093,-0.0005782380557741293,-0.00037325827491318137,-0.0011181999998370884
11.699883,-0.0030181999998148967,-0.00028219999985594767,-0.0006747204484372192,-0.000539342190995953,-0.0011181999998370884
11.719883,0.0028718000000935717,-0.000244199999860939,-0.0007151674725360239,-0.0005814167830724388,-0.0009281999998620449
11.739883,0.0009718000001157634,-0.0005861999998614919,-0.0007472630098914767,-0.00045519300685411163,-0.0009281999998620449
11.759882,-0.0009281999998620449,-0.0001681999998709216,-0.0007807986459526462,-0.0006788526805167386,-0.0009281999998620449
11.779882,-0.0028281999998398533,-0.0009281999998620449,-0.0007838925387650185,-0.0007745170161822894,-0.0009281999998620449
11.799882,-0.0009281999998620449,-0.0013081999998576066,-0.0007109910526811898,-0.000615519347186954,-0.0009281999998620449
11.819882,-0.0009281999998620449,-0.0009281999998620449,-0.0005416411449222525,-0.0011877337993909083,-0.0009281999998620449
11.839882,-0.0009281999998620449,-0.0001681999998709216,-0.0003037025985584221,-0.0005610438227106346,-0.0009281999998620449
11.859881,0.0009718000001157634,-0.0001681999998709216,-6.756546101615869e-05,-0.0003063818180534587,-0.0009281999998620449
11.879881,0.0009718000001157634,0.00024980000011964876,8.38749469550318e-05,0.0009235249418337988,0.0009718000001157634
11.899881,-0.0009281999998620449,0.00024980000011964876,9.284342663709484e-05,0.00026140372972429304,0.0009718000001157634
11.919881,0.0011618000000908069,0.0006298000001152104,-4.620212143004187e-05,-0.00012612540779687422,0.0009718000001157634
11.939881,-0.0009281999998620449,-0.0009661999998570536,-0.00028145805679241555,-0.0002833515150182307,-0.0009281999998620449
11.959881,0.0028718000000935717,-0.0005861999998614919,-0.000522904560404902,-0.0006133048949653725,0.0009718000001157634
11.97988,-0.007008199999745557,-0.0006241999998565006,-0.0006789330683584981,-0.0008723958040514012,0.0009718000001157634
11.99988,0.0009718000001157634,-0.0006241999998565006,-0.0006950562400783231,-0.0008329785546313791,0.0009718000001157634
12.01988,0.0009718000001157634,-0.001384199999847624,-0.0005755961483347144,-0.0006868247084808296,-0.0009281999998620449
12.03988,-0.0009281999998620449,0.00021180000012464007,-0.00037769154125739333,-0.0002744937061610551,0.0009718000001157634
12.059879,-0.0009281999998620449,0.00024980000011964876,-0.00018322469044934237,-0.0001659855476591986,0.0009718000001157634
12.079879,0.0009718000001157634,-0.00013019999987591292,-6.425067425793994e-05,0.0006201449884565928,-0.0009281999998620449
12.099879,0.0011618000000908069,-0.00013019999987591292,-5.6422252067044256e-05,-0.00040160326327617706,-0.0009281999998620449
12.119879,-0.0009281999998620449,-0.00013019999987591292,-0.00014946132404829082,-0.000332955244628695,-0.0009281999998620449
12.139879,-0.0009281999998620449,-0.0005101999998714746,-0.0002971907559609747,-0.00020230256397674496,-0.0009281999998620449
12.159878,-0.0009281999998620449,-0.0005481999998664833,-0.0004409052192567249,-0.0005278270394960944,-0.0009281999998620449
12.17988,-0.0009281999998620449,-0.0005481999998664833,-0.0005331506403666195,-0.0006159622376303163,-0.0009281999998620449
12.199878,0.0009718000001157634,-0.0005481999998664833,-0.000550772025296017,-0.0005185263401907865,-0.0009281999998620449
12.219878,-0.0009281999998620449,-0.0001681999998709216,-0.000495124140021165,-0.0004454494171128617,-0.0009281999998620449
12.239877,-0.0009281999998620449,-0.0002061999998659303,-0.0003852859733708963,-0.0002372909089578443,-0.0009281999998620449
12.259877,0.0009718000001157634,-0.0005861999998614919,-0.00025106457000844746,-0.00032144009310710583,-0.0009281999998620449
12.279877,-0.0011181999998370884,-0.0001681999998709216,-0.00012830975558170897,-0.0001797151513848791,-0.0009281999998620449
12.299877,-0.0009281999998620449,-0.0001681999998709216,-5.478763714744369e-05,-0.00021514638681676082,-0.0009281999998620449
12.319877,0.0011618000000908069,-0.0001681999998709216,-6.340366830626133e-05,-2.4703496377154058e-05,-0.0009281999998620449
12.339877,-0.0009281999998620449,-0.00013019999987591292,-0.0001715521349892054,4.8816317138832856e-05,-0.0009281999998620449
12.359876,0.0009718000001157634,-0.00013019999987591292,-0.0003699990621481535,-0.0005645869462559428,-0.0009281999998620449
12.379876,-0.0009281999998620449,-0.0005481999998664833,-0.0006183402476168098,-0.00048442377609482176,-0.0009281999998620449
12.399876,-0.0009281999998620449,-0.0009661999998570536,-0.0008527071767473615,-0.0007080834497463185,-0.0009281999998620449
12.419876,-0.0009281999998620449,-0.0009661999998570536,-0.0010051286772322081,-0.0011952629369126968,-0.0009281999998620449
12.439876,-0.0030181999998148967,-0.0010041999998520624,-0.00102687035088183,-0.0011363118879567824,-0.0009281999998620449
12.459875,0.0009718000001157634,-0.001042199999847071,-0.0009049601034612776,-0.0009315333331837848,-0.0011181999998370884
12.479875,-0.0011181999998370884,-0.0006621999998515093,-0.0006644352260795296,-0.000607407459065336,-0.0011181999998370884
12.499875,-0.0011181999998370884,0.00017580000012458187,-0.00035641152393252855,-0.0003401580418191371,0.0009718000001157634
12.519875,0.0009718000001157634,-0.0002041999998709798,-3.841379335874432e-05,3.9911888236745025e-05,-0.0009281999998620449
12.539875,0.0011718000000655593,0.00021380000011959056,0.00024452682400587705,0.0006055296038388876,0.0009718000001157634
12.559874,-0.0009281999998620449,0.0006718000001001201,0.00047071586793599556,0.00019061118892392287,0.0009718000001157634
12.579874,0.0009718000001157634,0.0006718000001001201,0.0006409675874360822,0.0008072778555765125,0.0009718000001157634
12.599874,0.0011718000000655593,0.00025180000011459924,0.0007679828761929539,0.0007540377623367453,0.0009718000001157634
12.619874,0.0009718000001157634,0.001013800000100673,0.0008618674709848058,0.0005605878788940275,0.0009718000001157634
12.639874,-0.0009281999998620449,0.0006338000001051114,0.0009182971413959215,0.0006215435898548427,0.0009718000001157634
12.659873,0.002881800000068324,0.0005938000001151523,0.0009147172749048978,0.000803944522252125,0.0009718000001157634
12.679873,-0.0009281999998620449,0.0005938000001151523,0.0008180384408179238,0.0009850400933478717,0.0009718000001157634
12.699873,0.0009718000001157634,0.0009738000001107139,0.0006032374800654046,0.0007869981353146031,0.0009718000001157634
12.719873,0.0009718000001157634,0.0005918000001202018,0.00027660425876735765,0.0005286065269276996,0.0009718000001157634
12.739872,0.0009718000001157634,0.00017380000012963138,-0.0001075820011130886,0.00023991188824166237,0.0009718000001157634
12.759872,0.0009718000001157634,-0.000244199999860939,-0.0004496954828769393,-0.000740764102416012,0.0009718000001157634
12.779872,-0.0030181999998148967,-0.0006241999998565006,-0.0006336894700421846,-0.0005661487178063512,-0.0009281999998620449
12.799872,-0.0011181999998370884,-0.0010041999998520624,-0.0005749920752120418,-0.0009009972026680399,-0.0009281999998620449
12.819872,-0.0009281999998620449,-0.0006221999998615501,-0.0002650734565768902,-0.0003346801863413317,-0.0009281999998620449
12.839872,-0.0009281999998620449,0.00017580000012458187,0.0002127729890426574,-0.00015055431220385251,-0.0009281999998620449
12.859871,0.002881800000068324,0.0010138000001461479,0.0007085883766724078,0.0007347603731048467,0.0009718000001157634
12.879871,0.0009718000001157634,0.0010138000001461479,0.0010623564698546083,0.0017327557110869021,0.0009718000001157634
12.899871,0.0030718000002707413,0.0017758000001322216,0.0011660496713949565,0.0013119165502560697,0.002881800000068324
12.919871,-0.0009281999998620449,0.0010138000001461479,0.001002940256334894,0.0009634550118008568,0.0009718000001157634
12.939871,0.002881800000068324,0.00021580000016001576,0.0006481791297209698,0.0006949002332441124,-0.0009281999998620449
12.95987,-0.0009281999998620449,-0.0002041999998709798,0.00023289592135935705,3.54596738069014e-05,-0.0009281999998620449
12.97987,-0.0030181999998148967,0.00017580000012458187,-0.00011082105818618273,-0.0003258223774846862,0.0009718000001157634
12.99987,0.0009718000001157634,-0.0006241999998565006,-0.00029977026497197886,-0.000666265267939906,-0.0009281999998620449
13.01987,0.0009718000001157634,-0.0006241999998565006,-0.0003239808098955448,-0.00022069417235689962,-0.0009281999998620449
13.03987,-0.0011181999998370884,0.00017380000012963138,-0.00023924440627566724,-0.00032360792526787475,0.0009718000001157634
13.05987,-0.0009281999998620449,0.00017380000012963138,-0.00013641625890741557,0.00016883962716969853,0.0009718000001157634
13.079869,0.0009718000001157634,-0.0002061999998659303,-0.0001019892715006534,5.811701644520067e-05,-0.0009281999998620449
13.099869,0.0009718000001157634,-0.0001681999998709216,-0.0001829795414278215,-8.582237749383753e-05,-0.0009281999998620449
13.119869,-0.0009281999998620449,-0.0001681999998709216,-0.0003670959956066386,-0.00026297855464741597,-0.0009281999998620449
13.139868,-0.0009281999998620449,-0.0001681999998709216,-0.0005858706497067681,-0.0004959389276036907,-0.0009281999998620449
13.159868,-0.0009281999998620449,-0.0009661999998570536,-0.0007404901426414484,-0.0006137477854103249,-0.0009281999998620449
13.179868,0.0009718000001157634,-0.0009661999998570536,-0.000741092077485369,-0.0013268013984566716,-0.0009281999998620449
13.199868,-0.0030181999998148967,-0.0005481999998664833,-0.0005459358938671218,-0.0006934680651317938,-0.0009281999998620449
13.219868,-0.0009281999998620449,-0.0005481999998664833,-0.00018664966669714836,-3.799020966265221e-05,-0.0009281999998620449
13.239867,0.0011618000000908069,0.00021180000012464007,0.0002322565226799998,0.00012145034977498534,-0.0009281999998620449
13.259867,-0.0009281999998620449,0.0006298000001152104,0.0005643646496473842,0.000462475990795584,-0.0009281999998620449
13.279867,0.00477180000007138,0.0006298000001152104,0.0006740194635170548,0.0009168815851929046,-0.0009281999998620449
13.299867,-0.0009281999998620449,0.0005918000001202018,0.0004891582682625409,0.0007995156178296326,-0.0009281999998620449
13.319867,-0.0009281999998620449,0.0005918000001202018,3.1108659258459483e-05,-0.00018015804182506135,-0.0009281999998620449
13.339867,0.0009718000001157634,-0.0013461999998526154,-0.000590355582747099,-0.0003878736595388364,-0.0009281999998620449
13.359866,-0.0009281999998620449,-0.0013461999998526154,-0.0012125799639210444,-0.0010871976688552627,-0.0009281999998620449
13.379866,-0.004918199999792705,-0.0009281999998620449,-0.0016716345243036924,-0.0021771510487932125,-0.0009281999998620449
13.399866,-0.0009281999998620449,-0.0021061999998437386,-0.0018519489380204694,-0.0018786428902887514,-0.0009281999998620449
13.419866,0.0011618000000908069,-0.0021061999998437386,-0.0017181384198549884,-0.0017789925406440704,-0.0009281999998620449
13.439865,-0.004918199999792705,-0.0008901999998670362,-0.0013210342338261427,-0.0013250298366906425,-0.0009281999998620449
13.459865,-0.0009281999998620449,-0.0004721999998764659,-0.0007790313275426008,-0.0006761953378671651,0.0011618000000908069
13.479865,0.0011618000000908069,-0.0005101999998714746,-0.00024044700914657263,0.00016751095582636155,0.0009718000001157634
13.499865,0.0011618000000908069,0.00028780000011465747,0.00016404354763673124,-4.330489498458967e-05,0.0009718000001157634
13.519865,0.0009718000001157634,0.0006678000001102191,0.00036351255048954536,0.00029772074603865925,0.0009718000001157634
13.539865,-0.0009281999998620449,0.00024980000011964876,0.00036592312257079156,0.0008960657343744876,0.0009718000001157634
13.559864,0.0009718000001157634,0.00021180000012464007,0.0002462901656319908,0.00017592587424812464,0.0009718000001157634
13.579864,-0.0009281999998620449,-0.0001681999998709216,0.00011085492496901183,-0.00039983170149848795,-0.0009281999998620449
13.599864,0.0009718000001157634,-0.0001681999998709216,5.338477781411176e-05,-0.0002488060604741335,-0.0009281999998620449
13.619864,-0.0009281999998620449,-0.0001681999998709216,0.00011974900346046592,0.00023040139872391397,-0.0009281999998620449
13.639863,-0.0009281999998620449,0.0005918000001202018,0.000292282194878054,0.0006073011656197568,0.0009718000001157634
13.659863,0.0009718000001157634,0.0005918000001202018,0.0004992755657034426,0.0002086997670272527,0.0009718000001157634
13.679863,0.0028718000000935717,0.0005538000001251931,0.0006462181483996172,0.0006737347320599676,0.0009718000001157634
13.699863,0.0009718000001157634,0.0005158000001301843,0.0006550366537807776,0.0008535482518715998,0.0009718000001157634
13.719863,-0.0011181999998370884,0.000895800000125746,0.0004930746802458084,0.0007406111889393007,0.0009718000001157634
13.739862,-0.0011181999998370884,0.00013580000013462267,0.00018113064677617086,0.00026007505841063643,-0.0009281999998620449
13.759862,0.0028718000000935717,-0.0006621999998515093,-0.00021696696885168074,-0.00041267552433373354,-0.0011181999998370884
13.779862,-0.0009281999998620449,-0.0006241999998565006,-0.000614928806641891,-0.0010858689975182859,-0.0009281999998620449
13.799862,-0.0030181999998148967,-0.0005861999998614919,-0.0009290144791271803,-0.0009131417247940899,-0.0009281999998620449
13.819862,-0.0009281999998620449,-0.001384199999847624,-0.001102571639920704,-0.0005960321676933238,-0.0009281999998620449
13.839862,-0.0009281999998620449,-0.0010041999998520624,-0.0011216346064506903,-0.0011035846152379367,-0.0009281999998620449
13.859861,-0.0011181999998370884,-0.0005861999998614919,-0.0010141788816954414,-0.0013033282049764914,-0.0009281999998620449
13.879861,0.0009718000001157634,-0.0010041999998520624,-0.0008347151242728076,-0.0009157990674526736,-0.0009281999998620449
13.899861,-0.0009281999998620449,-0.0006241999998565006,-0.0006443609970391818,-0.00047512307678421385,-0.0009281999998620449
13.919861,-0.0030181999998148967,-0.0005861999998614919,-0.0004958641216497933,-0.000668223309881344,-0.0009281999998620449
13.939861,0.0009718000001157634,-0.0005861999998614919,-0.00042487017605556345,-0.00023153333320049467,-0.0009281999998620449
13.95986,-0.0009281999998620449,-0.0005861999998614919,-0.00044257853694391956,-0.00031346806513506495,-0.0009281999998620449
13.97986,0.0009718000001157634,0.00021180000012464007,-0.0005279619207631684,-0.0004950531467174961,0.0009718000001157634
13.99986,-0.0009281999998620449,-0.0005861999998614919,-0.0006259505105379561,-0.000532698834360889,-0.0009281999998620449
14.01986,0.0009718000001157634,-0.0005861999998614919,-0.0006608469350217098,-0.0007209272725868644,-0.0009281999998620449
14.03986,-0.0030181999998148967,-0.0010041999998520624,-0.0005668764131505153,-0.0008697384613928176,-0.0009281999998620449
14.05986,-0.0009281999998620449,-0.0006241999998565006,-0.0003247319208336675,-0.00027803682969947314,-0.0009281999998620449
14.079859,-0.0011181999998370884,-0.000244199999860939,1.630681443245866e-05,-0.0002536778553389283,-0.0009281999998620449
14.099859,0.0009718000001157634,0.0005538000001251931,0.000347901774400534,0.00032429417262661573,0.0009718000001157634
14.119859,0.0028718000000935717,0.0005158000001301843,0.0005442392040892769,0.0007100517483764541,0.0009718000001157634
14.139858,0.0009718000001157634,0.0009338000001207547,0.0005159847606228228,0.0010555062938264357,0.0009718000001157634
14.159858,-0.0011181999998370884,0.0005538000001251931,0.00024864419499292465,0.0001489095572443664,0.0009718000001157634
14.179858,0.0009718000001157634,-0.0006241999998565006,-0.00019287322741846382,-0.00030726759893117306,-0.0009281999998620449
14.199858,-0.0009281999998620449,-0.001384199999847624,-0.000692416900538789,-0.0009720461537019124,-0.0011181999998370884
14.219858,-0.0030181999998148967,-0.0009281999998620449,-0.0011272145059500762,-0.0013905776222308784,-0.0009281999998620449
14.239857,-0.0028281999998398533,-0.0013081999998576066,-0.001407594419606925,-0.0011314867131459099,-0.0009281999998620449
14.259857,0.0011618000000908069,-0.0013081999998576066,-0.0014951603988597152,-0.0013622326338906731,-0.0009281999998620449
14.279857,-0.0009281999998620449,-0.0008901999998670362,-0.001396125845867615,-0.001524773426429197,-0.0009281999998620449
14.299857,-0.0009281999998620449,-0.0008901999998670362,-0.0011419986632543746,-0.0010375939392606986,-0.0009281999998620449
14.319857,-0.0009281999998620449,-0.0008901999998670362,-0.0007748438191366538,-0.0005194121210891712,-0.0009281999998620449
14.339857,-0.0028281999998398533,-0.0004721999998764659,-0.0003442582750021123,-0.0003143538460297397,-0.0009281999998620449
14.359856,0.0011618000000908069,-9.219999988090422e-05,9.112793598602177e-05,-8.84797201593114e-05,0.0009718000001157634
14.379856,0.0011618000000908069,0.00028780000011465747,0.00046896336795986524,0.0001821263404398263,0.0009718000001157634
14.399856,0.0009718000001157634,0.0010858000001007894,0.0007380457326535776,0.0008043874126933674,0.0011618000000908069
14.419856,0.0009718000001157634,0.0006678000001102191,0.0008744722669118922,0.0009881869464920799,0.0009718000001157634
14.439856,0.0011618000000908069,0.001009800000110772,0.0008883220291098648,0.0012517067600117315,0.0009718000001157634
14.459855,-0.0009281999998620449,0.0006298000001152104,0.0008168491497542619,0.0004540610723817709,0.0009718000001157634
14.479855,0.0028718000000935717,0.0006298000001152104,0.0007084178557984864,0.0006449468532642099,0.0009718000001157634
14.499855,-0.0009281999998620449,0.00021180000012464007,0.0006048401148270581,0.0006918932402076105,-0.0009281999998620449
14.519855,0.0009718000001157634,0.001009800000110772,0.0005283833577925512,0.00044387459219238863,0.0009718000001157634
14.539855,-0.0009281999998620449,0.00024980000011964876,0.00047708412343110894,0.000160424708747405,-0.0009281999998620449
14.559854,0.003061800000068615,0.00024980000011964876,0.00042956110138215675,0.0007189095572235592,-0.0009281999998620449
14.579854,-0.0009281999998620449,0.00024980000011964876,0.0003571068998696522,0.000543967832284142,-0.0009281999998620449
14.599854,-0.0009281999998620449,0.001009800000110772,0.0002378111284344773,0.0003424526807721387,0.0009718000001157634
14.619854,0.0009718000001157634,-0.0001681999998709216,6.772715232643312e-05,-0.00017617202784328095,-0.0009281999998620449
14.639853,0.0028718000000935717,-0.0005481999998664833,-0.00013422949954172505,-0.00012302517469757842,-0.0009281999998620449
14.659853,-0.0028281999998398533,-0.0001681999998709216,-0.0003307558293883278,-0.0004596219112898547,0.0009718000001157634
14.679853,-0.0028281999998398533,-0.00013019999987591292,-0.00048040887615993246,-0.0001801580418324814,0.0009718000001157634
14.699853,0.0009718000001157634,-0.0008901999998670362,-0.0005542237492099898,-0.0005322559439270671,-0.0009281999998620449
14.719853,0.0011618000000908069,-0.0005101999998714746,-0.0005436886588177646,-0.000662908624578487,-0.0009281999998620449
14.739852,-0.0009281999998620449,-0.00013019999987591292,-0.0004574308587171236,-0.0007315566432254391,-0.0009281999998620449
14.759852,-0.0009281999998620449,-0.00013019999987591292,-0.00031454337518666285,-0.00010752400919738885,-0.0009281999998620449
14.779852,-0.0009281999998620449,-0.0005481999998664833,-0.00014161292048549566,-7.917902085188356e-05,-0.0009281999998620449
14.799852,0.0009718000001157634,-0.0001681999998709216,2.858820473202186e-05,-8.58223774975477e-05,-0.0009281999998620449
14.819852,-0.0009281999998620449,0.00024980000011964876,0.000163015466955862,0.00020692820524691354,0.0009718000001157634
14.839852,0.0009718000001157634,0.0006678000001102191,0.00024050111732827292,0.00035352494184029534,0.0009718000001157634
14.859851,0.0011618000000908069,0.00028780000011465747,0.0002645115700411936,0.0003424526807689586,0.0009718000001157634
14.879851,0.0011618000000908069,0.00024980000011964876,0.0002671807276116691,0.0001453664336863378,0.0009718000001157634
14.899851,-0.0009281999998620449,0.00024980000011964876,0.0002979002785009246,0.00039559953391837105,0.0009718000001157634
14.919851,-0.0011181999998370884,0.00021180000012464007,0.0003988857249505817,0.0005147370630588021,0.0009718000001157634
14.939851,0.0009718000001157634,0.0005538000001251931,0.0005805705916926419,0.0002197720280996495,0.0009718000001157634
14.95985,0.0009718000001157634,0.0005538000001251931,0.0008118814235461479,0.0005585832169060869,0.0009718000001157634
14.979851,0.0028718000000935717,0.001009800000110772,0.0010309147548315978,0.0011281403264525175,0.0009718000001157634
14.99985,-0.0009281999998620449,0.0014278000001013424,0.0011687567403146626,0.0015422428905462714,0.0011618000000908069
15.01985,0.0011618000000908069,0.0014278000001013424,0.001174200358334165,0.0014580937063922398,0.0011618000000908069
15.03985,0.003061800000068615,0.0006678000001102191,0.0010305955465586209,0.0008110307693369114,0.0009718000001157634
15.05985,0.0009718000001157634,0.0007058000001052278,0.0007603028754012383,0.0005740843823930262,0.0009718000001157634
15.079849,-0.0009281999998620449,0.00028780000011465747,0.0004145718937935604,5.368811200415759e-05,-0.0007381999998870015
15.099849,-0.0007381999998870015,-0.00013019999987591292,5.201374880175138e-05,0.00039072773904085613,-0.0007381999998870015
15.119849,-0.0009281999998620449,-0.0005101999998714746,-0.00028309497274779297,-0.00010530955698375758,-0.0009281999998620449
15.139849,0.0009718000001157634,-0.00013019999987591292,-0.0005699085497754935,-0.0007470578087213884,-0.0007381999998870015
15.159848,-0.0009281999998620449,-0.0005861999998614919,-0.0008043770222670712,-0.0010145636362233505,-0.0009281999998620449
15.179848,0.0009718000001157634,-0.0009661999998570536,-0.00098621304012271,-0.0008994121210705297,-0.0009281999998620449
15.199848,-0.0030181999998148967,-0.0013461999998526154,-0.001112105503200694,-0.000987990209644934,-0.0009281999998620449
15.219848,-0.0028281999998398533,-0.0009661999998570536,-0.0011791130083816288,-0.001064610256268167,-0.0009281999998620449
15.239848,-0.0009281999998620449,-0.0013461999998526154,-0.0011903329656725566,-0.0010734680651242822,-0.0009281999998620449
15.259847,0.0009718000001157634,-0.0009281999998620449,-0.0011526255307044734,-0.00123290862456245,-0.0009281999998620449
15.279847,-0.0009281999998620449,-0.0005861999998614919,-0.0010665357963351811,-0.0014587827504344685,-0.0009281999998620449
15.299847,-0.0009281999998620449,-0.0009661999998570536,-0.0009199292385775813,-0.000555286246950105,-0.0009281999998620449
15.319847,-0.0011181999998370884,-0.0009661999998570536,-0.0006955482583831204,-0.0002899948716596544,-0.0009281999998620449
15.339846,-0.0028281999998398533,-0.0002061999998659303,-0.00038957710681039966,-0.0006553794870402686,-0.0009281999998620449
15.359846,0.0009718000001157634,-0.0002061999998659303,-2.711171662078194e-05,-0.00043171981338400143,-0.0009281999998620449
15.379846,0.0028718000000935717,-0.0001681999998709216,0.000337789529877876,0.0001772545455819216,-0.0009281999998620449
15.399846,-0.0009281999998620449,0.0009718000001157634,0.0006375240554629435,0.0007685132868319036,0.0009718000001157634
15.419846,-0.0009281999998620449,0.0009718000001157634,0.0008120999546291708,0.0010984666667790456,0.0009718000001157634
15.439846,0.0028718000000935717,0.0005918000001202018,0.0008272621903366422,0.0009673710956869133,0.0009718000001157634
15.459845,0.0009718000001157634,0.0005918000001202018,0.0006860276211432143,0.0007016368299557506,0.0009718000001157634
15.479845,0.0009718000001157634,0.0005918000001202018,0.0004304340149436577,0.00010993519826293628,0.0009718000001157634
15.499845,-0.0009281999998620449,0.00021180000012464007,0.0001294103685012524,0.0002937347320579388,0.0009718000001157634
15.519845,-0.0009281999998620449,-0.0005481999998664833,-0.00014573282432082035,-6.722097889541226e-05,-0.0009281999998620449
15.539845,0.0009718000001157634,-0.0005101999998714746,-0.00034780751170901565,-0.0008134913751584194,-0.0009281999998620449
15.559844,-0.0028281999998398533,-0.0005101999998714746,-0.0004690379687689541,-0.0007962186478847808,-0.0009281999998620449
15.579844,0.0011618000000908069,-0.0005101999998714746,-0.0005375360867680583,-0.000146941258619531,-0.0009281999998620449
15.599844,-0.0009281999998620449,-0.0005101999998714746,-0.0005964803047441013,-0.0001934447551216895,-0.0009281999998620449
15.619844,-0.0009281999998620449,0.00028780000011465747,-0.0006754519259588986,-0.0004481067597793954,0.0009718000001157634
15.639843,0.0009718000001157634,-0.0009281999998620449,-0.000767790013448207,-0.0010703678320313466,-0.0009281999998620449
15.659843,0.0011618000000908069,-0.0009281999998620449,-0.0008269907245596939,-0.0007802745919391089,-0.0009281999998620449
15.679843,-0.004918199999792705,-0.0009281999998620449,-0.0007874756864938758,-0.0007709738926375112,-0.0009281999998620449
15.699843,-0.0009281999998620449,-0.0005481999998664833,-0.0006009558421212673,-0.0006952396269031227,-0.0009281999998620449
15.719843,-0.0009281999998620449,-0.0005861999998614919,-0.00026694656666845397,-0.0003812303028931725,-0.0009281999998620449
15.739843,0.0028718000000935717,0.00017380000012963138,0.0001622135038259975,-4.9062470729749016e-05,-0.0009281999998620449
15.759842,0.0009718000001157634,0.0009338000001207547,0.000603323439713387,0.0006197020980264806,0.0009718000001157634
15.779842,-0.0011181999998370884,0.001351800000111325,0.0009747087840206788,0.0016653664336732528,0.0011618000000908069
15.799842,0.0028718000000935717,0.0009718000001157634,0.001220540561926779,0.0011090960374101999,0.0009718000001157634
15.819842,0.0011618000000908069,0.0009718000001157634,0.001319457477627101,0.0010913804196937293,0.0009718000001157634
15.839842,0.0009718000001157634,0.001009800000110772,0.0012797686331215772,0.0009895156178290569,0.0009718000001157634
15.859841,0.0009718000001157634,0.001009800000110772,0.001127218384468087,0.0012224759907837413,0.0009718000001157634
15.879841,-0.0009281999998620449,0.0009718000001157634,0.0008924380832337211,0.0011051100234204696,0.0009718000001157634
15.899841,0.0028718000000935717,0.0005918000001202018,0.0006045379732563341,0.00027867645700217157,0.0009718000001157634
15.919841,0.0009718000001157634,0.00017380000012963138,0.00029215088522466774,0.00027867645700588165,-0.0009281999998620449
15.939841,-0.0009281999998620449,0.00017380000012963138,-1.363927074705309e-05,9.310536143584e-05,-0.0009281999998620449
15.959841,-0.0011181999998370884,-0.0002061999998659303,-0.0002808634198648138,-0.0003015100231727636,-0.0009281999998620449
15.979841,-0.0009281999998620449,-0.0005861999998614919,-0.0004822636152245911,-0.0002749365966022974,-0.0009281999998620449
15.99984,0.0009718000001157634,-0.0005861999998614919,-0.0005988214337108375,-0.0006292489509131644,-0.0009281999998620449
16.01984,-0.0009281999998620449,-0.00013019999987591292,-0.0006181411294359067,-0.00039894592061547334,-0.0009281999998620449
16.03984,-0.0009281999998620449,-0.00013019999987591292,-0.0005318591107505657,-0.0005362419579125575,-0.0009281999998620449
16.059839,0.0011618000000908069,-0.0005101999998714746,-0.0003385378976255761,-0.0003794587411319135,-0.0009281999998620449
16.079839,-0.0009281999998620449,-0.0005101999998714746,-5.3837292237632754e-05,-0.0002209039625772904,-0.0009281999998620449
16.099839,-0.0009281999998620449,0.00024980000011964876,0.00027742035703940126,0.000117907226226497,-0.0009281999998620449
16.119839,-0.0009281999998620449,0.00024980000011964876,0.0005779970774565624,0.0004212871796010528,-0.0009281999998620449
16.139838,0.0028718000000935717,0.0006678000001102191,0.000753711207652289,0.0006892358975463769,0.0011618000000908069
16.159838,0.0011618000000908069,0.0006678000001102191,0.0007274224775865549,0.0008535482518562296,0.0011618000000908069
16.179838,0.0011618000000908069,0.0010478000001057808,0.00047694434402457373,0.0007875575758668012,0.0011618000000908069
16.199838,-0.0009281999998620449,0.00028780000011465747,5.601761271628116e-05,0.00036459720291428214,0.0009718000001157634
16.219838,0.0009718000001157634,-0.0005481999998664833,-0.0004148582790602991,-0.00039938881105936564,-0.0009281999998620449
16.239837,-0.0009281999998620449,-0.0009661999998570536,-0.0007862725103531783,-0.0011456592073170728,-0.0009281999998620449
16.259837,-0.0030181999998148967,-0.0009661999998570536,-0.0009326907342826943,-0.0012718829835348699,-0.0009281999998620449
16.279837,-0.0009281999998620449,-0.0009661999998570536,-0.0007997469103228609,-0.0007377571094150208,-0.0009281999998620449
16.299837,-0.0009281999998620449,-0.0005861999998614919,-0.0004257457463644525,-0.0003165682982338309,-0.0009281999998620449
16.319837,0.0009718000001157634,0.0005918000001202018,7.329848180420621e-05,-4.4190675860714124e-05,0.0009718000001157634
16.339837,0.0009718000001157634,0.0005918000001202018,0.0005488729528522816,0.0006135016318220587,0.0009718000001157634
16.359836,0.0028718000000935717,0.0009718000001157634,0.000874648772778867,0.0012534783217888904,0.0009718000001157634
16.379836,-0.0009281999998620449,0.0009718000001157634,0.000986839337635867,0.0011888163171295488,0.0009718000001157634
16.399836,0.0009718000001157634,0.0009718000001157634,0.0008962148215154982,0.0008300750583924792,0.0009718000001157634
16.419836,0.0009718000001157634,0.00021180000012464007,0.0006728913181344892,0.00034466713299212995,0.0009718000001157634
16.439836,0.0009718000001157634,0.00021180000012464007,0.0004152389112454126,0.00012720792553498476,0.0009718000001157634
16.459835,-0.0009281999998620449,0.00021180000012464007,0.00021577171660007056,2.9772028095985078e-05,0.0009718000001157634
16.479835,-0.0009281999998620449,0.00024980000011964876,0.0001344430502801314,0.0005745272728416886,0.0009718000001157634
16.499835,0.0009718000001157634,0.00028780000011465747,0.0001872042668172179,0.00014669510501430453,0.0009718000001157634
16.519835,0.0011618000000908069,0.0006678000001102191,0.0003524386903012089,0.0005563687646797353,0.0009718000001157634
16.539834,0.0011618000000908069,0.0006678000001102191,0.0005888952608324614,0.000523151981461485,0.0009718000001157634
16.559834,0.0009718000001157634,0.0010858000001007894,0.000852647702515444,0.00080881631712222,0.0011618000000908069
16.579834,-0.0009281999998620449,0.0006678000001102191,0.0011041355288639429,0.0011254829837865138,0.0009718000001157634
16.599834,0.003061800000068615,0.001009800000110772,0.001306673587658613,0.0013606578089596,0.0009718000001157634
16.619834,-0.0009281999998620449,0.0013898000001063338,0.001425171688790388,0.0013030820513914047,0.0028718000000935717
16.639833,0.0028718000000935717,0.0017698000001018955,0.001432097152080852,0.001261007459322339,0.0028718000000935717
16.659833,0.0028718000000935717,0.0009338000001207547,0.001319411484634079,0.0014341776224888374,0.0009718000001157634
16.679833,0.0009718000001157634,0.0013138000001163164,0.0011075828967608266,0.001228233566547981,0.0009718000001157634
16.699833,-0.0011181999998370884,0.0009718000001157634,0.0008426788347764036,0.0006431752914997707,0.0009718000001157634
16.719833,0.0009718000001157634,0.00021180000012464007,0.0005812172994945888,0.0008517766900933805,0.0009718000001157634
16.739833,0.0011618000000908069,0.00021180000012464007,0.0003719975303435317,0.00016308205140386862,0.0009718000001157634
16.759832,-0.0009281999998620449,0.0006678000001102191,0.00024499289359327444,6.077435909689397e-05,0.0009718000001157634
16.779832,0.0009718000001157634,0.00028780000011465747,0.00021032399996935824,0.000322079720394964,0.0009718000001157634
16.799832,0.0011618000000908069,0.00024980000011964876,0.00026361671935099245,0.0005479538462632722,0.0009718000001157634
16.819832,-0.0009281999998620449,0.0006678000001102191,0.0003920880054683861,0.00045450396281718306,0.0009718000001157634
16.839831,0.0009718000001157634,0.0006678000001102191,0.0005775462719011787,0.0007711706294825371,0.0009718000001157634
16.859831,0.0011618000000908069,0.0006298000001152104,0.0007959381698237807,0.0005258093241232487,0.0009718000001157634
16.879831,0.0009718000001157634,0.001009800000110772,0.001015478768974956,0.0007029655012794772,0.0009718000001157634
16.899831,0.0009718000001157634,0.0006298000001152104,0.0011956944077805326,0.0011901449884564558,0.0009718000001157634
16.919831,0.0009718000001157634,0.001351800000111325,0.001289817475131508,0.0015254130537181148,0.0009718000001157634
16.939831,-0.0009281999998620449,0.001351800000111325,0.001253621634704669,0.0010710074593239748,0.0009718000001157634
16.95983,0.00477180000007138,0.0009718000001157634,0.0010617510305476207,0.0011750867134038686,0.0009718000001157634
16.97983,0.0009718000001157634,0.0005538000001251931,0.0007257628719525796,0.000641846620167564,-0.0009281999998620449
16.99983,-0.0009281999998620449,0.0009718000001157634,0.00030185881375491177,0.0002095855479129173,0.0009718000001157634
17.01983,-0.0011181999998370884,-0.0005481999998664833,-0.00012036235496051249,0.0002649468532706612,-0.0009281999998620449
17.039829,0.0011618000000908069,-0.0005481999998664833,-0.0004444077667243804,-0.0002687361304084757,-0.0009281999998620449
17.059829,-0.0028281999998398533,-0.00013019999987591292,-0.000595619328138024,-0.0010043771560408583,0.0009718000001157634
17.079829,0.0009718000001157634,-0.0004721999998764659,-0.0005407717813515369,-0.0007253561770268474,0.0009718000001157634
17.099829,0.0011618000000908069,-0.0005101999998714746,-0.00029505321636550264,2.5786014102014614e-05,0.0009718000001157634
17.119829,-0.0028281999998398533,0.00028780000011465747,8.13276284134629e-05,0.00019186993018478624,0.0009718000001157634
17.139828,0.0009718000001157634,0.0006678000001102191,0.000494517605820437,0.0002910773893972351,0.0011618000000908069
17.159828,0.0011618000000908069,0.00021180000012464007,0.0008365827153100409,0.0006148303031468453,0.0009718000001157634
17.179828,0.0028718000000935717,0.0009718000001157634,0.0010123341516976034,0.0011423128206242104,0.0009718000001157634
17.199828,-0.0011181999998370884,0.0009718000001157634,0.0009666086432605349,0.00107587925419725,0.0009718000001157634
17.219828,0.0009718000001157634,0.0013138000001163164,0.0007020898212487661,0.0010276041959237623,0.0009718000001157634
17.239827,0.0009718000001157634,-0.000244199999860939,0.0002814589036428642,2.44573427910079e-05,0.0009718000001157634
17.259827,0.0028718000000935717,-0.0002061999998659303,-0.0001874545047569879,-0.0003187827504432222,0.0009718000001157634
17.279827,-0.004918199999792705,-0.0005861999998614919,-0.0005820209180051888,-0.0007988759905343545,-0.0009281999998620449
17.299827,-0.0009281999998620449,-0.0005861999998614919,-0.0008033471607841238,-0.0006615799532425701,-0.0009281999998620449
17.319827,-0.0009281999998620449,-0.0013461999998526154,-0.0008071122362754844,-0.0008684097900669708,-0.0009281999998620449
17.339826,0.0009718000001157634,-0.0001681999998709216,-0.0006108357517554421,-0.0004786662003316422,-0.0009281999998620449
17.359826,-0.0009281999998620449,0.00021180000012464007,-0.00027552380079293317,-0.00022621864789074754,0.0009718000001157634
17.379826,0.0009718000001157634,0.0006298000001152104,0.00012459178021502528,0.0006949934733069064,0.0009718000001157634
17.399826,0.0009718000001157634,0.00024980000011964876,0.0005262637456318355,0.00035795384627232803,0.0009718000001157634
17.419826,0.0011618000000908069,0.0006298000001152104,0.0008848722403904898,0.00048417762249436527,0.0009718000001157634
17.439826,-0.0009281999998620449,0.0006298000001152104,0.0011666916283255837,0.0008097020980153047,0.0009718000001157634
17.459825,0.0009718000001157634,0.001009800000110772,0.0013371040059172317,0.001625063403365976,0.0009718000001157634
17.479825,0.0009718000001157634,0.001351800000111325,0.0013593662208796207,0.001454993473299834,0.0009718000001157634
17.499825,0.0028718000000935717,0.0017318000001068866,0.00121051680721625,0.001094037762354433,0.0009718000001157634
17.519825,0.0028718000000935717,0.0009338000001207547,0.0009050356404699063,0.0009855296038531066,0.0009718000001157634
17.539824,0.0009718000001157634,0.0005158000001301843,0.0005057252422866384,0.0008110307693565218,0.0009718000001157634
17.559824,-0.0030181999998148967,0.00013580000013462267,0.00010688794777911721,5.412588775353723e-07,0.0009718000001157634
17.579824,-0.0011181999998370884,-0.0006241999998565006,-0.0002046111246806595,-0.0005087827504405266,-0.0009281999998620449
17.599824,0.0009718000001157634,-0.0010041999998520624,-0.0003864842553064189,-0.0007169412585976641,-0.0009281999998620449
17.619824,-0.0009281999998620449,-0.0002061999998659303,-0.0004529975410582111,-0.00057964522130535,-0.0009281999998620449
17.639823,-0.0009281999998620449,0.00021180000012464007,-0.000456067319158762,-0.0001677571094252277,0.0009718000001157634
17.659823,0.0009718000001157634,-0.0001681999998709216,-0.00044815923907836323,0.00020427086259416016,-0.0009281999998620449
17.679823,0.0009718000001157634,-0.0001681999998709216,-0.00044773978692469474,-0.00026563589730758974,-0.0009281999998620449
17.699823,-0.0009281999998620449,-0.0001681999998709216,-0.00042593587062123364,-0.0005455426572072652,-0.0009281999998620449
17.719823,-0.0009281999998620449,-0.0005481999998664833,-0.0003227997327107659,-0.0006673375290030998,-0.0009281999998620449
17.739823,-0.0009281999998620449,-0.0005481999998664833,-8.55080204967472e-05,-0.0002133748250475519,-0.0009281999998620449
17.759822,-0.0009281999998620449,-0.00013019999987591292,0.0002928634756063774,0.00010949230781639386,-0.0009281999998620449
17.779822,0.0009718000001157634,0.001009800000110772,0.0007569368514936209,0.0008712638695758804,0.0009718000001157634
17.799822,0.0011618000000908069,0.0013898000001063338,0.0012055785689255635,0.0011945738928800084,0.0009718000001157634
17.819822,0.00477180000007138,0.001807800000096904,0.001532885595017239,0.0015816601399625833,0.0011618000000908069
17.839821,0.0009718000001157634,0.0014278000001013424,0.0016706669877423821,0.0019559025641982526,0.0011618000000908069
17.859821,0.0011618000000908069,0.0017698000001018955,0.0016094667041186318,0.0018739678322636823,0.0011618000000908069
17.879821,-0.0009281999998620449,0.0010478000001057808,0.0013904955461938105,0.0010169748252814776,0.0011618000000908069
17.899821,0.0028718000000935717,0.0006678000001102191,0.0010796290075629751,0.0006648769231900719,0.0011618000000908069
17.919821,0.0011618000000908069,0.00024980000011964876,0.0007416458968792866,0.0006143874127003031,-0.0009281999998620449
17.939821,-0.0009281999998620449,0.001009800000110772,0.0004257300188016338,0.0007428256411391518,0.0011618000000908069
17.95982,-0.0009281999998620449,0.0006298000001152104,0.00016321042229181288,0.00030170676003050967,0.0009718000001157634
17.97982,0.0028718000000935717,-0.0001681999998709216,-2.6390678135022362e-05,0.0001050634033864813,-0.0009281999998620449
17.99982,0.0009718000001157634,-0.0001681999998709216,-0.00012760725985729723,-0.00035819999986960456,-0.0009281999998620449
18.01982,-0.0028281999998398533,0.00024980000011964876,-0.00012791247414456434,7.627552459761361e-05,0.0009718000001157634
18.039819,-0.0009281999998620449,-0.00013019999987591292,-2.6336505303813816e-05,1.4270397478296734e-06,0.0009718000001157634
18.059819,0.0011618000000908069,-9.219999988090422e-05,0.00015610405246675895,0.00024280233112056757,0.0009718000001157634
18.079819,0.0009718000001157634,0.00024980000011964876,0.000375872500688969,1.0284848606595095e-05,0.0009718000001157634
18.099819,0.0011618000000908069,0.001009800000110772,0.000578865148239996,0.0004686764569941759,0.0011618000000908069
18.119819,-0.0011181999998370884,0.0005918000001202018,0.0007168042859697889,0.0010997953381075424,0.0009718000001157634
18.139818,0.0028718000000935717,0.0005918000001202018,0.0007591677341763131,0.0007388396271584313,0.0009718000001157634
18.159818,-0.0009281999998620449,0.0005538000001251931,0.0006978160916734353,0.0005816135199370751,0.0009718000001157634
18.179818,0.0009718000001157634,0.0005918000001202018,0.0005459798307126378,0.00034953892786381496,0.0009718000001157634
18.199818,0.0009718000001157634,0.00021180000012464007,0.00033387052111049937,0.0005692125875335315,0.0009718000001157634
18.219818,-0.0009281999998620449,0.00021180000012464007,0.00010220634617313538,0.00020869976702301267,0.0009718000001157634
18.239817,0.0009718000001157634,0.00021180000012464007,-0.00010593892805298009,-0.00022134685301482255,0.0009718000001157634
18.259817,-0.0009281999998620449,-0.0005861999998614919,-0.00025472477726435467,-0.00025013473180104023,-0.0009281999998620449
18.279817,0.0009718000001157634,-0.0002061999998659303,-0.0003255340046666946,-0.0005712303028920668,0.0009718000001157634
18.299817,-0.0030181999998148967,-0.0005861999998614919,-0.000324612727432405,-0.00018813006979604216,-0.0009281999998620449
18.319817,0.0009718000001157634,-0.0002061999998659303,-0.00028365869308790055,-0.00031258228424516034,0.0009718000001157634
18.339817,-0.0009281999998620449,-0.0002061999998659303,-0.00024909327652904324,-0.00033029790196375126,0.0009718000001157634
18.359816,0.0009718000001157634,-0.0001681999998709216,-0.00026124544526869167,-0.0001221393938108538,0.0009718000001157634
18.379816,0.0009718000001157634,-0.00013019999987591292,-0.00033271414868951503,-0.00020628857796223534,0.0009718000001157634
18.399816,-0.0028281999998398533,-0.00013019999987591292,-0.0004384553485145984,-2.0274591953601563e-05,0.0009718000001157634
18.419816,0.0011618000000908069,-0.0005101999998714746,-0.0005245251605822821,-0.0006850531467227506,-0.0009281999998620449
18.439816,-0.0009281999998620449,-0.0008901999998670362,-0.0005321720694055249,-0.0007253561770231373,-0.0009281999998620449
18.459815,-0.0009281999998620449,-0.0005101999998714746,-0.0004267135512823006,-0.0009866615383270375,-0.0009281999998620449
18.479815,-0.0009281999998620449,-0.0005481999998664833,-0.00021880103517689113,-0.0003134680651419551,-0.0009281999998620449
18.499815,-0.0009281999998620449,-0.00013019999987591292,3.271706762585214e-05,0.0003889561772727071,-0.0009281999998620449
18.519815,0.0009718000001157634,0.0006298000001152104,0.000241728815563398,0.00030702144534290696,0.0009718000001157634
18.539814,0.0011618000000908069,0.0006298000001152104,0.0003340711063680525,0.0006019864803041797,0.0009718000001157634
18.559814,0.0028718000000935717,0.0005918000001202018,0.000286845927431511,0.000369026107350025,0.0009718000001157634
18.579814,-0.0009281999998620449,0.00021180000012464007,0.00014483968103064728,0.00019408438240954776,-0.0009281999998620449
18.599814,-0.0011181999998370884,-0.0002061999998659303,1.2374623530369234e-06,-7.430769103515631e-06,-0.0009281999998620449
18.619814,-0.0009281999998620449,-0.0005481999998664833,-4.898056511534723e-05,-0.0002798083914776925,-0.0009281999998620449
18.639813,-0.0009281999998620449,-0.0001681999998709216,4.2806196470550505e-05,-0.000264307225975913,-0.0009281999998620449
18.659813,0.0011618000000908069,0.00024980000011964876,0.0002553588486680729,-8.00648017391382e-05,0.0009718000001157634
18.679813,0.0009718000001157634,0.0006298000001152104,0.000509109457260006,0.0007835715618855507,0.0009718000001157634
18.699813,0.0009718000001157634,0.001009800000110772,0.0007034951948446281,0.0010785365968436435,0.0009718000001157634
18.719813,0.0009718000001157634,0.0009718000001157634,0.000759878551056432,0.0010315902099034227,0.0009718000001157634
18.739812,0.0009718000001157634,0.0005918000001202018,0.0006510617425574849,0.0005594689977933416,0.0009718000001157634
18.759812,0.0009718000001157634,0.00017380000012963138,0.00040733483510997697,0.00020028484861661964,0.0009718000001157634
18.779812,-0.0009281999998620449,-0.0002061999998659303,9.96507620997425e-05,-0.00015358461525406516,-0.0009281999998620449
18.799812,-0.0011181999998370884,-0.0001681999998709216,-0.00019032282786423193,-0.00017528624696026645,-0.0009281999998620449
18.819812,-0.0009281999998620449,-0.0005101999998714746,-0.00039839234294245993,-0.000259435431108468,-0.0009281999998620449
18.839812,0.0011618000000908069,-0.00013019999987591292,-0.0004918830190172432,-0.00032144009311240595,-0.0007381999998870015
18.859811,-0.0007381999998870015,-0.00013019999987591292,-0.00046749456419669885,-0.00046050769218028913,-0.0007381999998870015
18.879811,0.0009718000001157634,-0.00013019999987591292,-0.00034187250400572735,-0.00048486666653659407,-0.0007381999998870015
18.899811,-0.0011181999998370884,-0.0005481999998664833,-0.00014608917626503937,-0.00023906247073341347,-0.0009281999998620449
18.919811,-0.0009281999998620449,-0.000244199999860939,7.288293829178101e-05,0.00028354825187544666,-0.0009281999998620449
18.939811,-0.0009281999998620449,0.00013580000013462267,0.0002514962086702417,0.00016175338008862225,-0.0009281999998620449
18.95981,0.0007818000001407199,0.0005538000001251931,0.00032083244742237666,0.0002662755246108183,0.0007818000001407199
18.97981,0.0028718000000935717,0.00013580000013462267,0.00023180847104895309,6.741771575262856e-05,0.0007818000001407199
18.99981,0.0009718000001157634,0.00013580000013462267,-1.8314658741856352e-05,9.177669010893336e-05,0.0007818000001407199
19.01981,-0.0030181999998148967,-0.0002061999998659303,-0.0003771025241390037,-0.0002031883448518093,-0.0009281999998620449
19.039809,-0.0009281999998620449,-0.0009661999998570536,-0.000754102443710637,-0.0005902745919375644,-0.0009281999998620449
19.059809,-0.0009281999998620449,-0.0013461999998526154,-0.0010537984851443818,-0.0011213002329597077,-0.0009281999998620449
19.079809,-0.0009281999998620449,-0.0009281999998620449,-0.0012057196598497775,-0.0016044937061427155,-0.0009281999998620449
19.099809,-0.0009281999998620449,-0.0009661999998570536,-0.0011801059629103867,-0.0013011137527649797,-0.0009281999998620449
19.119809,-0.0009281999998620449,-0.0010041999998520624,-0.0009892021103893808,-0.0007452862469442293,-0.0009281999998620449
19.139808,-0.0011181999998370884,-0.0006241999998565006,-0.0006794294567569627,-0.0004644937061519993,-0.0009281999998620449
19.159808,-0.0011181999998370884,-0.000244199999860939,-0.0003180777396815716,-0.0003077104893687053,-0.0009281999998620449
19.179808,0.0009718000001157634,0.00013580000013462267,2.411931802103822e-05,0.00011967878801213637,0.0009718000001157634
19.199808,0.0009718000001157634,0.00017380000012963138,0.0002917027528158014,0.00021490023322849461,0.0009718000001157634
19.219808,0.0009718000001157634,0.0006298000001152104,0.00045792609899782545,0.0003366951050174391,0.0009718000001157634
19.239807,-0.0009281999998620449,0.00024980000011964876,0.0005261120014945799,0.0004407743590904427,0.0009718000001157634
19.259807,0.0011618000000908069,0.00024980000011964876,0.0005185211660486913,0.0006019864802999395,0.0009718000001157634
19.279807,-0.0009281999998620449,0.00024980000011964876,0.00046060519818298955,0.0004288163171339714,0.0009718000001157634
19.299807,0.0009718000001157634,0.0006298000001152104,0.00037097610447124054,0.00018478368310689003,0.0009718000001157634
19.319807,0.0009718000001157634,0.00021180000012464007,0.0002618913518504348,0.00030879300711370597,0.0009718000001157634
19.339807,0.0009718000001157634,0.00021180000012464007,0.00014634766615030084,0.00024235944068091528,0.0009718000001157634
19.359806,-0.0009281999998620449,0.00024980000011964876,4.3160362903311805e-05,-1.451701619148199e-05,0.0009718000001157634
19.379806,-0.0009281999998620449,-0.00013019999987591292,-2.5443453428157024e-05,0.00025608904440871567,-0.0009281999998620449
19.399806,0.0011618000000908069,-0.00013019999987591292,-4.1592679790958385e-05,8.11473194687686e-05,-0.0009281999998620449
19.419806,-0.0009281999998620449,0.00024980000011964876,1.3132203761370506e-06,-0.00013631188798572663,0.0009718000001157634
19.439806,0.0009718000001157634,0.00024980000011964876,9.603726700426614e-05,-0.0001168247084984567,0.0009718000001157634
19.459805,0.0009718000001157634,-0.0001681999998709216,0.0002219257121791227,0.00015112400944421742,-0.0009281999998620449
19.479805,-0.0009281999998620449,0.00024980000011964876,0.0003458375711063072,0.0002242009325189621,0.0009718000001157634
19.499805,-0.0009281999998620449,0.00028780000011465747,0.00042465628719226935,0.0005523827506953051,0.0009718000001157634
19.519805,0.0011618000000908069,0.00028780000011465747,0.00041430745244723933,0.0005900284383418782,0.0009718000001157634
19.539804,0.0011618000000908069,0.0006678000001102191,0.0002879530212267853,0.0002782335665482092,0.0009718000001157634
19.559804,0.0009718000001157634,0.00024980000011964876,5.661308194788559e-05,-5.614871782725554e-05,0.0009718000001157634
19.579804,0.0009718000001157634,-0.00013019999987591292,-0.0002225002703478059,3.0214918538817414e-05,0.0009718000001157634
19.599804,-0.0030181999998148967,-0.0005861999998614919,-0.0004610096362869559,-0.00039983170149689786,-0.0007381999998870015
19.619804,-0.0007381999998870015,-0.0005861999998614919,-0.0005739531682045691,-0.0007762885779472584,-0.0007381999998870015
19.639803,-0.0011181999998370884,-0.0009661999998570536,-0.0005158031410520197,-0.0007563585080171563,-0.0009281999998620449
19.659803,0.0009718000001157634,-0.00013019999987591292,-0.00029824111582378836,-0.0004591790208475523,-0.0007381999998870015
19.679803,-0.0009281999998620449,0.00021180000012464007,1.8114302578736328e-05,3.9072727394402816e-05,0.0009718000001157634
19.699803,0.0011618000000908069,0.0006678000001102191,0.00035117293883611943,0.0009137813520893685,0.0009718000001157634
19.719803,0.0009718000001157634,0.0006678000001102191,0.000629594322145041,0.000800401398712647,0.0009718000001157634
19.739802,0.0011618000000908069,0.0010478000001057808,0.0008158359197547981,0.0008114736597829237,0.0009718000001157634
19.759802,0.0009718000001157634,0.0006298000001152104,0.0009113103565157461,0.0006870214453332755,0.0009718000001157634
19.779802,0.0009718000001157634,0.0006298000001152104,0.0009428457001294956,0.0006538046621176752,0.0009718000001157634
19.799802,-0.0009281999998620449,0.0006298000001152104,0.0009385676002039564,0.0008110307693443314,0.0009718000001157634
19.819802,0.0009718000001157634,0.0006298000001152104,0.0009074223100806546,0.0009554130537240819,0.0009718000001157634
19.839802,0.0011618000000908069,0.001009800000110772,0.0008351834966625885,0.0009199818182953803,0.0009718000001157634
19.859801,0.0009718000001157634,0.001009800000110772,0.0006996984550091216,0.0006458326341477543,0.0009718000001157634
19.879801,0.0028718000000935717,0.0006298000001152104,0.0004948441875179759,0.0006436181819341231,0.0009718000001157634
19.899801,-0.0009281999998620449,0.00021180000012464007,0.00024587603922100954,0.00041110069942068057,-0.0009281999998620449
19.919801,-0.0009281999998620449,0.00021180000012464007,4.560706266081812e-06,0.00028310536142678436,-0.0009281999998620449
19.939801,-0.0009281999998620449,-0.0005481999998664833,-0.00017307303413613724,-0.0004857524474153684,-0.0009281999998620449
19.9598,0.0009718000001157634,-0.0001681999998709216,-0.00025201249387853613,-0.00043880606047196785,-0.0009281999998620449
19.9798,-0.0009281999998620449,-0.0005861999998614919,-0.0002325952544077108,-0.0006053328669954519,-0.0009281999998620449
19.9998,0.0009718000001157634,0.00021180000012464007,-0.00014917469838035015,4.7930536257408335e-05,0.0009718000001157634
20.0198,-0.0030181999998148967,-0.0001681999998709216,-5.629509336162313e-05,0.00020072773905044177,-0.0009281999998620449
20.039799,0.003061800000068615,0.00024980000011964876,-7.783694314230995e-06,0.00017193986026104423,0.0009718000001157634
20.059799,-0.0009281999998620449,-0.00013019999987591292,-3.4966577519036706e-05,-3.843310011078472e-05,-0.0009281999998620449
20.079799,0.0011618000000908069,0.00028780000011465747,-0.00013257053030839392,-0.0001868013984781455,-0.0009281999998620449
20.099799,-0.0009281999998620449,-0.0005101999998714746,-0.00026067788147327036,-0.0002731650348410384,-0.0009281999998620449
20.119799,-0.0009281999998620449,-0.0005101999998714746,-0.0003640989188496323,-0.0002975240091994633,-0.0009281999998620449
20.139798,-0.0009281999998620449,-0.0005481999998664833,-0.0004001584302866606,-0.000687267598934792,-0.0009281999998620449
20.159798,-0.0009281999998620449,-0.0005481999998664833,-0.0003601797406931183,-0.0004968247084898852,-0.0009281999998620449
20.179798,0.0009718000001157634,-0.0001681999998709216,-0.000273344856997442,-0.00037945874112343335,-0.0009281999998620449
20.199798,-0.0009281999998620449,-0.0002061999998659303,-0.00019166564025665573,-3.4452201607917564e-07,-0.0009281999998620449
20.219798,0.0009718000001157634,0.00021180000012464007,-0.00016467460170046256,0.00024590256422569356,0.0009718000001157634
20.239797,-0.0011181999998370884,-0.0001681999998709216,-0.00021640386230042786,-0.00019477342644329618,-0.0009281999998620449
20.259797,0.0011618000000908069,-0.0001681999998709216,-0.0003347061312609746,-0.00036085734252394797,-0.0009281999998620449
20.279797,-0.0009281999998620449,-0.0009661999998570536,-0.0004770844305874912,-0.0009742606059192536,-0.0009281999998620449
20.299797,-0.0009281999998620449,-0.0005481999998664833,-0.0005902961195083096,-0.0005955892772520817,-0.0009281999998620449
20.319797,-0.0030181999998148967,-0.0009661999998570536,-0.0006341180951191899,-0.0003737011653687337,-0.0009281999998620449
20.339796,0.0009718000001157634,-0.0002061999998659303,-0.000596032631603691,-0.00047556596723075616,-0.0009281999998620449
20.359796,-0.0009281999998620449,-0.0002061999998659303,-0.0004883440347033253,-0.0006735379951932114,-0.0009281999998620449
20.379796,0.0028718000000935717,-0.0002061999998659303,-0.00033203339956422673,-0.0003054960371598439,-0.0009281999998620449
20.399796,-0.0009281999998620449,-0.0002061999998659303,-0.0001424715022125536,-4.197622364602273e-05,-0.0009281999998620449
20.419796,-0.0030181999998148967,0.00021180000012464007,7.04202220903416e-05,0.00040755757587908255,0.0009718000001157634
20.439795,0.0009718000001157634,-0.0001681999998709216,0.00028993816402200957,-0.0001221393938108539,0.0009718000001157634
20.459795,0.0011618000000908069,0.00021180000012464007,0.00048306677057429484,0.0005377673660871402,0.0009718000001157634
20.479795,0.0009718000001157634,0.0006298000001152104,0.0006052155834072229,0.0002100284383509795,0.0009718000001157634
20.499795,0.0009718000001157634,0.001009800000110772,0.0006168785105447838,0.0007813571096719194,0.0009718000001157634
20.519795,-0.0009281999998620449,0.00021180000012464007,0.0005008820643392808,0.0006529188812341308,0.0009718000001157634
20.539794,0.0028718000000935717,0.00021180000012464007,0.0002710963763458156,0.0003938279721481023,0.0009718000001157634
20.559794,-0.0028281999998398533,-0.0001681999998709216,-2.9667964784240158e-05,4.0843824138333575e-06,-0.0009281999998620449
20.579794,0.0009718000001157634,0.00021180000012464007,-0.0003400766741462365,-0.0003232116548784349,0.0009718000001157634
20.599794,-0.0009281999998620449,-0.0009661999998570536,-0.0005948048803376092,-0.000914470396128947,-0.0009281999998620449
20.619794,0.0009718000001157634,-0.0005861999998614919,-0.0007396565560343247,-0.0006730951047556791,-0.0009281999998620449
20.639793,-0.0030181999998148967,-0.0009661999998570536,-0.0007451710038074617,-0.0009233282049855924,-0.0009281999998620449
20.659793,-0.0009281999998620449,-0.0002061999998659303,-0.0006156718508747656,-0.00018148671315302808,-0.0009281999998620449
20.679793,-0.0009281999998620449,-0.0005861999998614919,-0.0003881920433453114,-0.000465379487041374,-0.0009281999998620449
20.699793,0.0028718000000935717,0.00021180000012464007,-0.00011810509202274321,3.508671341527253e-05,-0.0009281999998620449
20.719793,-0.0009281999998620449,0.00021180000012464007,0.00014242979269588068,3.951561784041506e-05,-0.0009281999998620449
20.739793,0.0009718000001157634,0.0006298000001152104,0.0003600106048350775,0.0003096787879967205,0.0009718000001157634
20.759792,-0.0009281999998620449,-0.00013019999987591292,0.0005207122593206704,0.00035795384627232803,-0.0009281999998620449
20.779792,0.0011618000000908069,0.00024980000011964876,0.0006195887962353083,0.0006418466201596139,0.0009718000001157634
20.799792,-0.0009281999998620449,0.0006298000001152104,0.0006511409904179186,0.0005311240094409461,0.0009718000001157634
20.819792,0.0009718000001157634,0.001009800000110772,0.0006109103674517706,0.0007127090910265573,0.0009718000001157634
20.839791,0.0028718000000935717,0.0005538000001251931,0.0005081283563449835,0.0005089794873019826,0.0009718000001157634
20.859791,0.0009718000001157634,0.0005538000001251931,0.0003781113801496262,0.0007569981353203846,0.0009718000001157634
20.879791,-0.0011181999998370884,0.0005538000001251931,0.0002797148047168354,0.0003761123544417013,0.0009718000001157634
20.899791,-0.0009281999998620449,0.00017380000012963138,0.00027280175966963284,0.00016839673672633604,0.0009718000001157634
20.919791,0.0009718000001157634,-0.0002061999998659303,0.0003867595272806079,-0.00012169650336431173,-0.0009281999998620449
20.93979,0.0009718000001157634,0.00021180000012464007,0.0005991804807915546,0.0001551100234376578,0.0009718000001157634
20.95979,-0.0009281999998620449,0.0009718000001157634,0.0008380136760127967,0.0011582568765709422,0.0009718000001157634
20.97979,0.0009718000001157634,0.001351800000111325,0.0010083899163021847,0.0013172545455662776,0.0009718000001157634
20.99979,0.0028718000000935717,0.001351800000111325,0.0010347174651325875,0.0013655296038402951,0.0009718000001157634
21.01979,0.0028718000000935717,0.0009718000001157634,0.0009001192635963968,0.0010710074593197347,0.0009718000001157634
21.039789,0.0009718000001157634,0.001009800000110772,0.0006613172725009718,0.0004859491842688744,0.0011618000000908069
21.059789,-0.0028281999998398533,0.00024980000011964876,0.00042573511034502495,0.00026450396282305856,0.0009718000001157634
21.079789,0.0011618000000908069,-0.0005101999998714746,0.0002992794897777777,0.00023793053624782253,-0.0009281999998620449
21.099789,-0.0009281999998620449,-9.219999988090422e-05,0.000332892024938584,3.1986015175686162e-06,-0.0009281999998620449
21.119789,-0.0009281999998620449,0.0010478000001057808,0.0004974466132110196,0.0001909841493028317,0.0011618000000908069
21.139788,0.003061800000068615,0.0006298000001152104,0.0006996017546777958,0.001072779021084174,-0.0009281999998620449
21.159788,0.0028718000000935717,0.001009800000110772,0.0008282184443247134,0.001161357109663878,0.0009718000001157634
21.179788,-0.0009281999998620449,0.0014278000001013424,0.000805338037111373,0.0006564620047783788,0.0011618000000908069
21.199788,0.0009718000001157634,0.00021180000012464007,0.0006162118608827805,0.0007942009325156452,0.0009718000001157634
21.219788,0.0011618000000908069,-0.0001681999998709216,0.0003082102908194786,0.0004580470863662015,0.0009718000001157634
21.239788,-0.0030181999998148967,0.00021180000012464007,-3.3807767158028967e-05,-0.0002284331001006689,0.0009718000001157634
21.259787,0.0009718000001157634,-0.0001681999998709216,-0.000319661848288927,-0.00037857296023829885,0.0009718000001157634
21.279787,0.0009718000001157634,-0.0006241999998565006,-0.0004802176975555704,-0.0005933748250358003,-0.0009281999998620449
21.299787,-0.0009281999998620449,-0.0002061999998659303,-0.00048331066759218225,-0.0006974540791125141,-0.0009281999998620449
21.319787,-0.0011181999998370884,-0.0005861999998614919,-0.00034132899943590514,-0.00025677808844087413,-0.0009281999998620449
21.339787,-0.0009281999998620449,-0.0002061999998659303,-0.00011130504490001444,0.0002507743591010886,-0.0009281999998620449
21.359786,-0.0009281999998620449,0.00017380000012963138,0.00011702114695276309,-0.0001881300697971023,-0.0009281999998620449
21.379786,0.0028718000000935717,0.00021180000012464007,0.0002486074971372092,0.00025254592087241767,-0.0009281999998620449
21.399786,0.0009718000001157634,0.00021180000012464007,0.00021892138221912559,0.0003610540793774542,-0.0009281999998620449
21.419786,-0.0009281999998620449,0.0005918000001202018,2.112495757862739e-05,0.0001816834500065343,0.0009718000001157634
21.439785,-0.0009281999998620449,-0.0005481999998664833,-0.00029028884802298976,-0.00016642843809938092,-0.0009281999998620449
21.459785,0.0009718000001157634,-0.0009281999998620449,-0.0006209627969915047,-0.0008068480185095751,-0.0009281999998620449
21.479785,-0.0028281999998398533,-0.0009281999998620449,-0.000872029040018131,-0.0011695752912369056,-0.0009281999998620449
21.499785,-0.0009281999998620449,-0.0009281999998620449,-0.0009740043505627844,-0.0011031417248035845,-0.0009281999998620449
21.519785,-0.0009281999998620449,-0.0008901999998670362,-0.0009066176596708513,-0.0008418363635007446,-0.0009281999998620449
21.539784,-0.0009281999998620449,-0.0005481999998664833,-0.0006982750183096411,-0.00045386433553462504,-0.0009281999998620449
21.559784,0.0011618000000908069,-0.0001681999998709216,-0.00040765598049424454,-0.00039407412574219835,-0.0009281999998620449
21.579784,-0.0011181999998370884,0.00021180000012464007,-9.787407501055235e-05,0.00013960885793693856,0.0009718000001157634
21.599784,0.0009718000001157634,0.00017380000012963138,0.0001841398214389758,0.00018168345001289425,0.0009718000001157634
21.619784,0.0009718000001157634,0.00013580000013462267,0.00041485706004087156,0.0005249235432503045,0.0009718000001157634
21.639783,-0.0011181999998370884,0.0005538000001251931,0.0005875584395592559,0.000447417715746177,0.0009718000001157634
21.659783,0.0009718000001157634,0.0005538000001251931,0.0006984992448695994,0.00030790722623758157,0.0009718000001157634
21.679783,0.0009718000001157634,0.00017380000012963138,0.0007356236639966568,0.0005054363637593245,0.0009718000001157634
21.699783,0.0009718000001157634,0.0005918000001202018,0.0006772804252940672,0.0007202382285573561,0.0009718000001157634
21.719783,-0.0009281999998620449,0.0005918000001202018,0.0005021915101788807,0.0006095156178365683,0.0009718000001157634
21.739783,0.0009718000001157634,0.0005918000001202018,0.00020637029711953193,0.0006608909092088218,0.0009718000001157634
21.759782,0.0009718000001157634,-0.0002061999998659303,-0.00018066395728067513,-9.468018634783292e-05,0.0009718000001157634
21.779782,0.0009718000001157634,-0.0002061999998659303,-0.0005904485903993911,-0.0007590158506730897,0.0009718000001157634
21.799782,-0.0030181999998148967,-0.0010041999998520624,-0.0009298719787452938,-0.0009450298366833136,-0.0009281999998620449
21.819782,-0.0009281999998620449,-0.001384199999847624,-0.0011147575822670998,-0.001170903962554272,-0.0009281999998620449
21.839782,-0.0030181999998148967,-0.001384199999847624,-0.0011080499885831741,-0.001277197668847267,-0.0009281999998620449
21.859781,-0.0009281999998620449,-0.0009661999998570536,-0.0009408112575219929,-0.0011044703961236013,-0.0009281999998620449
21.879781,0.0009718000001157634,-0.0005861999998614919,-0.0007020616843810362,-0.0007519296035914834,-0.0009281999998620449
21.899781,-0.0009281999998620449,-0.0001681999998709216,-0.0005013639265925297,-0.000227104428773762,-0.0009281999998620449
21.919781,0.0009718000001157634,-0.0001681999998709216,-0.00042327086084584264,-0.00011638181805244418,-0.0009281999998620449
21.93978,-0.0009281999998620449,-0.0005861999998614919,-0.0004956760116636148,-0.0002603212119888323,-0.0009281999998620449
21.95978,-0.0009281999998620449,-0.0005861999998614919,-0.0006847572264922126,-0.0010096918413442452,-0.0009281999998620449
21.97978,-0.0011181999998370884,-0.001384199999847624,-0.000915169487842519,-0.0012244937061443968,-0.0009281999998620449
21.99978,-0.0009281999998620449,-0.001384199999847624,-0.0011034191413377054,-0.001120414452067683,-0.0009281999998620449
22.01978,-0.0030181999998148967,-0.0009661999998570536,-0.0011886804827809588,-0.0012156358972898714,-0.0009281999998620449
22.039779,-0.0009281999998620449,-0.0009281999998620449,-0.0011483989951218184,-0.001107127738785365,-0.0009281999998620449
22.059779,0.0011618000000908069,-0.0009281999998620449,-0.000994313611227792,-0.0007948899765541637,-0.0009281999998620449
22.079779,-0.0009281999998620449,-0.0005101999998714746,-0.0007553624501965606,-0.0008413934730605624,-0.0009281999998620449
22.099779,-0.0009281999998620449,-0.00013019999987591292,-0.00046082682258059295,-0.0004100181816894602,-0.0009281999998620449
22.119779,-0.0009281999998620449,-0.0005481999998664833,-0.00013366843112208162,8.77906761144327e-05,-0.0009281999998620449
22.139778,0.0009718000001157634,0.00021180000012464007,0.00020652887883919108,0.000375669463989329,-0.0009281999998620449
22.159778,-0.0009281999998620449,0.0005918000001202018,0.000538630591942396,0.00020958554791026727,0.0009718000001157634
22.179778,0.0028718000000935717,0.001009800000110772,0.000838808060067909,0.0007747137530304954,0.0009718000001157634
22.199778,0.0009718000001157634,0.0005918000001202018,0.001082588732038962,0.0010537347320487462,0.0009718000001157634
22.219778,0.0011618000000908069,0.001351800000111325,0.0012458531493854516,0.0011618000001151904,0.0011618000000908069
22.239777,-0.0011181999998370884,0.0009718000001157634,0.0013032237269731464,0.0012818233101333358,0.0009718000001157634
22.259777,0.0028718000000935717,0.0009718000001157634,0.001228313417495877,0.0013216834499940704,0.0009718000001157634
22.279777,0.0009718000001157634,0.0009718000001157634,0.0010016638510075945,0.0009788862472000224,0.0009718000001157634
22.299777,0.0009718000001157634,0.0009718000001157634,0.0006252946481361777,0.0008083734266926381,0.0009718000001157634
22.319777,0.0011618000000908069,0.00021180000012464007,0.0001343988027457718,-0.00023286200452581152,0.0009718000001157634
22.339777,-0.0011181999998370884,-0.0005861999998614919,-0.0004040545969804119,-0.00023419067586119847,-0.0009281999998620449
22.359776,-0.0009281999998620449,-0.0013461999998526154,-0.0009081234984945408,-0.001062838694495778,-0.0011181999998370884
22.379776,-0.0030181999998148967,-0.0009661999998570536,-0.0013048795942564304,-0.00108276876442429,-0.0011181999998370884
22.399776,-0.0028281999998398533,-0.0013461999998526154,-0.0015476828308152414,-0.0016208806525290997,-0.0028281999998398533
22.419776,0.003061800000068615,-0.0013461999998526154,-0.0016173214290968148,-0.0015522326338816173,-0.0028281999998398533
22.439775,-0.0030181999998148967,-0.0013081999998576066,-0.0015107335154339908,-0.001514144055798572,-0.0028281999998398533
22.459775,-0.0009281999998620449,-0.0005481999998664833,-0.0012315777428278632,-0.0010805543122133087,-0.0009281999998620449
22.479775,-0.0028281999998398533,-0.0013461999998526154,-0.0007932700874809644,-0.0004715799532479158,-0.0009281999998620449
22.499775,0.0009718000001157634,-0.0001681999998709216,-0.00023069624923834206,-0.00035022797189491355,-0.0009281999998620449
22.519774,-0.0009281999998620449,0.00021180000012464007,0.00039253726326538035,-7.563589730551538e-05,0.0009718000001157634
22.539774,0.0028718000000935717,0.0009718000001157634,0.0009903391421527484,0.0009345972029114953,0.0009718000001157634
22.559774,0.0009718000001157634,0.001351800000111325,0.0014721240430237681,0.0016228489511571147,0.0009718000001157634
22.579774,0.0009718000001157634,0.0017318000001068866,0.0017640253742741223,0.0019284433567479519,0.0009718000001157634
22.599774,0.0028718000000935717,0.0017318000001068866,0.0018254049732069244,0.0017911473194535178,0.0009718000001157634
22.619774,0.0009718000001157634,0.001351800000111325,0.0016568240699443922,0.00172914265744958,0.0009718000001157634
22.639773,0.0028718000000935717,0.001351800000111325,0.0012983693080463046,0.0010648069931216732,0.0009718000001157634
22.659773,-0.0009281999998620449,0.0005918000001202018,0.000818482483612501,0.0005882568765790291,0.0009718000001157634
22.679773,0.0009718000001157634,0.00021180000012464007,0.0002960516223939775,0.0002361589744828535,-0.0009281999998620449
22.699773,-0.0009281999998620449,-0.0005481999998664833,-0.00019772447539235166,-5.5705827382303264e-05,-0.0009281999998620449
22.719773,-0.0009281999998620449,-0.00013019999987591292,-0.0006100451488392429,-0.0005694587411281579,-0.0009281999998620449
22.739773,-0.0009281999998620449,-0.0005101999998714746,-0.0009059802255301295,-0.000658036829704152,-0.0009281999998620449
22.759772,0.0011618000000908069,-0.0009281999998620449,-0.0010601828484194864,-0.000795332866997526,-0.0009281999998620449
22.779772,-0.0009281999998620449,-0.0005481999998664833,-0.001050634988359393,-0.0012559389275971482,-0.0009281999998620449
22.799772,-0.0030181999998148967,-0.0009281999998620449,-0.0008638278121002166,-0.0008440508157127859,-0.0009281999998620449
22.819772,0.0009718000001157634,-0.0009661999998570536,-0.0005113452801386451,-0.0005251696968343306,-0.0009281999998620449
22.839772,-0.0028281999998398533,-0.0002061999998659303,-4.59142755788551e-05,-0.0001841440558116118,0.0009718000001157634
22.859771,0.0009718000001157634,0.0005918000001202018,0.0004385262555186961,0.0002941776225055412,0.0009718000001157634
22.879771,0.0028718000000935717,0.0005918000001202018,0.000829393362804722,0.0007906578089761673,0.0009718000001157634
22.899771,0.0009718000001157634,0.001351800000111325,0.0010323847055150879,0.0012534783217888904,0.0009718000001157634
22.91977,0.0009718000001157634,0.0009718000001157634,0.0010042564646039038,0.0010116601399754405,0.0009718000001157634
22.93977,0.0009718000001157634,0.0005918000001202018,0.0007652571541997477,0.0010382335665485567,0.0009718000001157634
22.95977,-0.0009281999998620449,0.00021180000012464007,0.00038752610080635205,0.00023660186492621574,0.0009718000001157634
22.97977,0.0009718000001157634,-0.0001681999998709216,-3.196943422218882e-05,-0.00047202284369021817,-0.0009281999998620449
22.99977,-0.0009281999998620449,-0.0005481999998664833,-0.0004010073748543551,-0.00044102051268824914,-0.0009281999998620449
23.01977,-0.0009281999998620449,-0.0005481999998664833,-0.0006540071131211278,-0.0007067547784194118,-0.0009281999998620449
23.039769,-0.0009281999998620449,-0.0005481999998664833,-0.0007611297987685255,-0.0005473142189807142,-0.0009281999998620449
23.059769,-0.0009281999998620449,-0.0005481999998664833,-0.0007240218800992548,-0.0004968247084898852,-0.0009281999998620449
23.079769,0.0009718000001157634,-0.0001681999998709216,-0.0005621188372989687,-0.0005194121210775112,-0.0009281999998620449
23.099769,-0.0009281999998620449,-0.0001681999998709216,-0.0002976946725899414,-8.537948705418546e-05,-0.0009281999998620449
23.119769,0.0009718000001157634,0.00024980000011964876,5.120020462519485e-05,0.0002024993008180608,0.0009718000001157634
23.139768,-0.0009281999998620449,0.00028780000011465747,0.0004656988813119082,0.00012455058285096066,0.0009718000001157634
23.159768,0.0011618000000908069,0.0006678000001102191,0.0009132224604394857,0.0007087230770389469,0.0009718000001157634
23.179768,0.0011618000000908069,0.0006678000001102191,0.0013370349825794802,0.0012756228439464042,0.0009718000001157634
23.199768,0.0009718000001157634,0.0018458000001373876,0.0016581938461125395,0.0016255062938368987,0.0011618000000908069
23.219768,0.0009718000001157634,0.0018458000001373876,0.001793765526417061,0.0017583734267104302,0.0011618000000908069
23.239767,0.004961800000273797,0.0014278000001468171,0.0016863907518208092,0.0018336648020056965,0.0009718000001157634
23.259767,0.0011618000000908069,0.0014278000001468171,0.0013320768702040117,0.00133319860154693,0.0009718000001157634
23.279767,-0.0009281999998620449,0.0010478000001512555,0.000790793134462565,0.0008756927740381236,0.0009718000001157634
23.299767,0.0009718000001157634,-0.00013019999987591292,0.0001725707940847184,0.00028266247100409227,-0.0009281999998620449
23.319767,-0.0009281999998620449,-0.0005481999998664833,-0.00039439260028822356,-0.0007160554777157096,-0.0009281999998620449
23.339766,-0.0009281999998620449,-0.0005861999998614919,-0.0007991081308125423,-0.0006881999998828591,-0.0009281999998620449
23.359766,-0.0009281999998620449,-0.0009661999998570536,-0.0009741942985811255,-0.0009749132865655163,-0.0009281999998620449
23.379766,-0.0011181999998370884,-0.0002061999998659303,-0.0009074349742679402,-0.0008185030301553009,-0.0009281999998620449
23.399766,-0.0009281999998620449,-0.0010061999998470128,-0.0006384387737308927,-0.0009058923075433655,-0.0009281999998620449
23.419766,0.0028718000000935717,-0.00020819999986088078,-0.00024444166633117803,0.00016240606073382523,-0.0009281999998620449
23.439765,-0.0049281999997674575,0.00024780000012469827,0.00017891968792592362,0.0002896787880053449,0.0011618000000908069
23.459765,0.003061800000068615,0.0010458000001108303,0.0005377049144283507,0.0004395622378861521,0.0028718000000935717
23.479765,0.0011618000000908069,-0.0001341999998658139,0.0007589305748399364,0.0007272079255264167,0.0011618000000908069
23.499765,0.003061800000068615,0.0010458000001108303,0.0008055987507922112,0.0007092825176028052,0.0011618000000908069
23.519765,-0.003028199999789649,0.0006278000001202599,0.0006808962840370702,0.00027816363648799566,0.0009718000001157634
23.539764,0.0009718000001157634,0.00020980000012968958,0.0004189461023814695,0.0009183734266846894,0.0009718000001157634
23.559764,0.0009718000001157634,-0.0005881999998564424,6.930692603123221e-05,-0.00040607878773722195,-0.0009281999998620449
23.579764,-0.0009281999998620449,0.00021180000012464007,-0.0003141282665439081,-0.0002641440558030845,0.0009718000001157634
23.599764,-0.0009281999998620449,-0.0005881999998564424,-0.0006761236464876404,-0.0005978503495079752,-0.0009281999998620449
23.619764,0.0009718000001157634,-0.0005501999998614338,-0.0009595722150472035,-0.0003770344987031914,-0.0009281999998620449
23.639763,-0.003028199999789649,-0.0009301999998569954,-0.0011084211399173599,-0.001330647552298945,-0.0009281999998620449
23.659763,0.0011618000000908069,-0.0009301999998569954,-0.001078233808103053,-0.001230880652532178,-0.0009281999998620449
23.679763,-0.0028281999998398533,-0.0013481999998475659,-0.0008530687017341977,-0.0008164284380848868,-0.0011181999998370884
23.699763,-0.0009281999998620449,-0.0001681999998709216,-0.00046106896645178733,-0.0005062652679246298,-0.0009281999998620449
23.719763,-0.0011181999998370884,-0.0002061999998659303,2.2317374308437276e-05,2.6019114348836507e-05,-0.0009281999998620449
23.739762,0.0028718000000935717,0.0005538000001251931,0.0004908786510602938,0.0005647370630571165,0.0009718000001157634
23.759762,0.0009718000001157634,0.0009718000001157634,0.0008401184363358156,0.0005408675991917362,0.0009718000001157634
23.779762,0.0009718000001157634,0.001009800000110772,0.001000644339876901,0.0012565785548860665,0.0009718000001157634
23.799762,0.0011618000000908069,0.0006678000001102191,0.0009564072224298465,0.0011192825175863324,0.0009718000001157634
23.819762,-0.0009281999998620449,0.0007058000001052278,0.0007420040225793661,0.0008384899767909222,0.0011618000000908069
23.839761,0.0011618000000908069,0.00032580000010966613,0.0004252343124399585,3.198601513328627e-06,0.0011618000000908069
23.859761,0.0011618000000908069,-9.219999988090422e-05,8.534109405840377e-05,2.977202808962502e-05,-0.0009281999998620449
23.879761,-0.0009281999998620449,-0.00013019999987591292,-0.0002064425732702391,-0.00011815337983172357,-0.0009281999998620449
23.899761,-0.0009281999998620449,-0.0001681999998709216,-0.0004021024495827106,-0.0004640508157155272,-0.0009281999998620449
23.91976,-0.0011181999998370884,-0.0005861999998614919,-0.0004860040343249406,-0.00047246573412934036,-0.0009281999998620449
23.93976,0.0009718000001157634,-0.0006241999998565006,-0.00047462589307691033,-0.0003028853145514728,-0.0009281999998620449
23.95976,-0.0009281999998620449,-0.0002061999998659303,-0.0004058320663829803,-0.0004717897434497562,-0.0009281999998620449
23.97976,-0.0011181999998370884,0.00021180000012464007,-0.0003219621263791432,-0.0001422093238730429,0.0009718000001157634
23.99976,0.0011618000000908069,-0.0005881999998564424,-0.00025389409731407943,-0.00027123030289211093,-0.0009281999998620449
24.019759,0.0009718000001157634,-0.00020819999986088078,-0.00021231856359634976,-0.00016528624695053343,0.0009718000001157634
24.039759,-0.003028199999789649,-0.0001701999998658721,-0.00018954468609994364,-0.00042715104881034164,0.0009718000001157634
24.059759,0.0009718000001157634,-0.00020819999986088078,-0.0001700912405362483,-0.00025917902083945484,0.0009718000001157634
24.079759,-0.0009281999998620449,-0.0005881999998564424,-0.00014260145123184566,0.00013091421924464125,-0.0009281999998620449
24.099759,0.0009718000001157634,0.00021180000012464007,-0.00010500669004855208,-0.0002586895103548903,0.0009718000001157634
24.119759,-0.0009281999998620449,0.00024980000011964876,-6.106933718679149e-05,-0.0001710671327406743,0.0009718000001157634
24.139759,0.0009718000001157634,-0.00013019999987591292,-1.3285175072941574e-05,0.00016657855489525452,0.0009718000001157634
24.159758,0.0011618000000908069,-0.00013019999987591292,4.105854984950681e-05,8.11473194687686e-05,0.0009718000001157634
24.179758,-0.0028281999998398533,0.00024980000011964876,0.00010721296771158232,0.00014536643368739786,0.0009718000001157634
24.199758,0.0009718000001157634,0.00024980000011964876,0.00018616058421199732,7.627505952781583e-06,0.0009718000001157634
24.219758,0.0009718000001157634,-0.0001681999998709216,0.000270241263647951,0.00039737109569076026,0.0009718000001157634
24.239758,0.0009718000001157634,0.0005918000001202018,0.0003454231717890063,0.00019364149196353543,0.0009718000001157634
24.259757,-0.0009281999998620449,0.0006298000001152104,0.0003977634177848232,0.00047709137541116913,0.0009718000001157634
24.279757,0.0009718000001157634,0.00024980000011964876,0.0004185940721451125,0.0006104013987169327,0.0009718000001157634
24.299757,0.0011618000000908069,0.00024980000011964876,0.00040595013571188317,-3.6661538336805655e-05,0.0009718000001157634
24.319757,-0.0009281999998620449,0.00024980000011964876,0.0003633287514044861,0.0004938745921869929,0.0009718000001157634
24.339756,0.0009718000001157634,0.00024980000011964876,0.00029783021172439394,0.0005083268066429997,0.0009718000001157634
24.359756,-0.0009281999998620449,0.0006298000001152104,0.00021958421862259208,0.0003369981353202343,0.0009718000001157634
24.379756,0.0009718000001157634,0.00020980000012968958,0.00014320539829261095,-2.011142178130331e-05,0.0009718000001157634
24.399756,0.003061800000068615,-0.0001701999998658721,8.862269898089612e-05,0.00011462051295285197,-0.0009281999998620449
24.419756,-0.003028199999789649,0.00020980000012968958,7.598401010665683e-05,-5.556596723272619e-05,0.0009718000001157634
24.439756,-0.0009281999998620449,0.00020980000012968958,0.00011326407930776549,9.513333346505202e-05,0.0009718000001157634
24.459755,0.0009718000001157634,-0.0005881999998564424,0.00018452772203721518,0.0003390727274012489,-0.0009281999998620449
24.479755,0.0009718000001157634,0.0005918000001202018,0.0002505904256030341,0.00017401445234205862,0.0009718000001157634
24.499755,-0.0009281999998620449,0.0005918000001202018,0.00026539540055553316,-6.477342644025915e-05,0.0009718000001157634
24.519755,0.0028718000000935717,0.00021180000012464007,0.00019892891495691992,0.0005771379954543003,-0.0009281999998620449
24.539755,-0.0009281999998620449,-0.0002061999998659303,5.275694465092592e-05,0.00023040139872762408,-0.0009281999998620449
24.559754,-0.0009281999998620449,0.00021180000012464007,-0.00014040281642857747,-0.00015712773879566323,-0.0009281999998620449
24.579754,-0.0011181999998370884,-0.0005861999998614919,-0.0003314024744202288,-0.0003586428903076666,-0.0009281999998620449
24.599754,0.0011618000000908069,-0.0005861999998614919,-0.0004740500578293752,-0.0008081766898359519,-0.0009281999998620449
24.619754,-0.0011181999998370884,-0.0005861999998614919,-0.0005394678199192082,-0.000987547319204752,-0.0009281999998620449
24.639754,-0.0009281999998620449,-0.0005481999998664833,-0.0005216135661620714,-4.2908624581899577e-05,-0.0009281999998620449
24.659753,-0.0009281999998620449,-0.0002061999998659303,-0.0004344805144142148,1.3618181947943004e-05,-0.0009281999998620449
24.679753,-0.0009281999998620449,0.00021180000012464007,-0.00030213138919084294,-0.000372512354176034,-0.0009281999998620449
24.699753,0.0028718000000935717,-0.00020819999986088078,-0.00014480970627403275,-0.0003646801863387302,-0.0009281999998620449
24.719753,0.0009718000001157634,-0.00020819999986088078,3.038000724954589e-05,0.0002443874127191375,-0.0009281999998620449
24.739752,-0.003028199999789649,0.0005518000001302426,0.00022479340198115993,0.000265972494306433,0.0009718000001157634
24.759752,-0.0009281999998620449,0.0001718000001346809,0.00043033262676463874,0.0002700750584102992,0.0009718000001157634
24.779752,0.0028718000000935717,-0.00020819999986088078,0.0006129092893229917,0.00023233613066966138,-0.0009281999998620449
24.799752,0.0009718000001157634,0.0005918000001202018,0.0007132702857119411,0.00043886293718702676,0.0009718000001157634
24.819752,-0.0009281999998620449,0.001009800000110772,0.0006677087746901588,0.0007342009325144881,0.0009718000001157634
24.839751,0.0009718000001157634,0.0006678000001102191,0.0004380277714874575,0.001047487645790402,0.0009718000001157634
24.859751,0.0011618000000908069,-9.219999988090422e-05,3.722885651885799e-05,0.00021578601410143902,0.0009718000001157634
24.879751,0.0011618000000908069,-9.219999988090422e-05,-0.00046040682262011396,-0.0006257058273805764,0.0009718000001157634
24.899751,-0.0028281999998398533,-0.0008521999998720275,-0.0009331527589917343,-0.0010225356642028114,-0.0009281999998620449
24.919751,-0.0009281999998620449,-0.001270199999862598,-0.0012497568424497552,-0.0008785962702653632,-0.0009281999998620449
24.93975,-0.0028281999998398533,-0.0016881999998531682,-0.0013183128078205434,-0.0016895286711850618,-0.0009281999998620449
24.95975,-0.0009281999998620449,-0.0008901999998670362,-0.0011242580996261248,-0.001561090442747803,-0.0009281999998620449
24.97975,-0.0009281999998620449,-0.001270199999862598,-0.0007394663791177046,-0.0010557524474178817,-0.0009281999998620449
24.99975,0.0011618000000908069,-9.219999988090422e-05,-0.0002977913350613409,-2.5589277270238794e-05,-0.0009281999998620449
25.01975,-0.0028281999998398533,0.00028780000011465747,5.364917937789424e-05,0.00048816363647614583,0.0009718000001157634
25.03975,0.003061800000068615,0.0006678000001102191,0.000210051786104709,0.0006608909092019318,0.0009718000001157634
25.059749,0.0009718000001157634,0.00024980000011964876,0.00015159294658479303,0.00017371142202972324,0.0009718000001157634
25.079749,0.0009718000001157634,0.00024980000011964876,-4.518151668737812e-05,6.298881131105546e-05,0.0009718000001157634
25.099749,-0.0009281999998620449,-0.0005481999998664833,-0.00023754428765163088,-0.0007280135196955013,-0.0009281999998620449
25.119749,-0.0028281999998398533,-0.0005481999998664833,-0.00028074909334139067,-0.0003090391607046224,-0.0009281999998620449
25.139749,-0.0009281999998620449,-0.0009281999998620449,-9.815361858811211e-05,-0.0005437710954147358,-0.0009281999998620449
25.159748,0.0009718000001157634,0.0002498000001651235,0.0002780931833970433,6.343170179098825e-05,-0.0009281999998620449
25.179748,-0.0009281999998620449,0.001009800000156247,0.0007174695740564482,0.0009593524477044107,0.0009718000001157634
25.199748,0.004961800000273797,0.0013898000001518085,0.0010475150792199229,0.0013879072262615914,0.0009718000001157634
25.219748,0.0009718000001157634,0.0013898000001518085,0.0011279330309385942,0.0012763687647259524,0.0009718000001157634
25.239747,0.0009718000001157634,0.0009698000001662876,0.000906871394106075,0.0008993291376863625,0.0009718000001157634
25.259747,0.0009718000001157634,-0.00020819999986088078,0.0004357207149250562,0.0005481636365106935,0.0009718000001157634
25.279747,-0.003028199999789649,-0.00020819999986088078,-0.00015805516956138286,-0.000265705827360383,0.0009718000001157634
25.299747,-0.0009281999998620449,-0.0005881999998564424,-0.0007203673135405183,-0.0009206009322699756,-0.0009281999998620449
25.319747,0.0009718000001157634,-0.001388199999837525,-0.0011171971569743403,-0.001142885314528453,-0.0009281999998620449
25.339746,-0.0009281999998620449,-0.0005881999998564424,-0.0012638235533638748,-0.0014911370627733451,-0.0009281999998620449
25.359746,-0.003028199999789649,-0.0010081999998419633,-0.001136618461426612,-0.0011123491839904473,-0.0009281999998620449
25.379746,0.0009718000001157634,-0.0010081999998419633,-0.0007732757123075282,-0.0004095519812053564,-0.0009281999998620449
25.399746,-0.003028199999789649,-0.00024819999985084,-0.0002629140369524431,-0.00023123030288285938,0.0009718000001157634
25.419746,0.0009718000001157634,0.0005518000001302426,0.00027669574008012536,0.00011049463883474459,0.0009718000001157634
25.439745,0.0028718000000935717,0.0005518000001302426,0.0007335963025063989,0.0007821962705248618,0.0009718000001157634
25.459745,0.0009718000001157634,0.001351800000111325,0.001037150231523287,0.0014326624709732711,0.0009718000001157634
25.479745,0.0009718000001157634,0.001351800000111325,0.0011782245897643592,0.0010136648019787513,0.0009718000001157634
25.499745,0.0009718000001157634,0.001009800000110772,0.0012031437358790184,0.0013778839161872661,0.0009718000001157634
25.519745,0.0009718000001157634,0.0006298000001152104,0.0011843810714304214,0.0007786997670133355,0.0009718000001157634
25.539744,0.0011618000000908069,0.001009800000110772,0.0011826986281054724,0.000825203263516024,0.0009718000001157634
25.559744,-0.0009281999998620449,0.001009800000110772,0.001218342147591017,0.0013571146854195917,0.0009718000001157634
25.579744,0.0028718000000935717,0.0013898000001063338,0.0012639505506077005,0.0012862522145611283,0.0011618000000908069
25.599744,0.0009718000001157634,0.001351800000111325,0.0012618136095405243,0.0013748303031413628,0.0009718000001157634
25.619744,0.0028718000000935717,0.0013138000001163164,0.00115601801711462,0.0011046671329845274,0.0009718000001157634
25.639743,0.0009718000001157634,0.0009338000001207547,0.0009221036345690279,0.0012144573427726184,0.0009718000001157634
25.659743,-0.0011181999998370884,0.0005538000001251931,0.0005793768295959995,0.0006535948719200747,0.0009718000001157634
25.679743,0.0009718000001157634,0.00017380000012963138,0.00018269742295253064,-2.48433565065911e-05,0.0009718000001157634
25.699743,-0.0009281999998620449,-0.0006261999998514511,-0.0001979504691288323,-0.00041782703948178276,-0.0009281999998620449
25.719743,0.0009718000001157634,-0.00020819999986088078,-0.0004987104614899159,-0.00042924895090559696,0.0009718000001157634
25.739742,-0.003028199999789649,-0.0005881999998564424,-0.000676953261444232,-0.00041386433552431336,-0.0009281999998620449
25.759742,0.0009718000001157634,-0.0001701999998658721,-0.0007184452463795718,-0.0006019762236382728,0.0009718000001157634
25.779742,-0.0009281999998620449,-0.0009301999998569954,-0.0006376158015554987,-0.000890391142048476,-0.0009281999998620449
25.799742,0.0011618000000908069,-0.0005101999998714746,-0.000473745074584213,-0.0004978503495177069,-0.0009281999998620449
25.819742,-0.0028281999998398533,-0.0005101999998714746,-0.00028601937854032543,-0.0004018130534870276,-0.0009281999998620449
25.839741,-0.0009281999998620449,-9.219999988090422e-05,-0.0001465291177632655,-3.9808391492143834e-05,0.0009718000001157634
25.859741,0.0009718000001157634,-0.0005101999998714746,-0.0001259653568997039,-0.00019924895093031148,-0.0009281999998620449
25.879741,0.0011618000000908069,-0.00013019999987591292,-0.0002699801477776769,-0.0003176638693372359,-0.0009281999998620449
25.899741,-0.0009281999998620449,-0.00013019999987591292,-0.000574767519347419,-0.00046778041944949467,-0.0009281999998620449
25.919741,-0.0009281999998620449,-0.0009301999998569954,-0.0009770223699093585,-0.0006195519812125865,-0.0009281999998620449
25.93974,-0.0009281999998620449,-0.0013481999998475659,-0.0013677454487338813,-0.001459994871638759,-0.0009281999998620449
25.95974,-0.003028199999789649,-0.0017681999998330866,-0.0016263438425725791,-0.0019368013984345158,-0.0009281999998620449
25.97974,-0.0009281999998620449,-0.0017681999998330866,-0.0016612972942873741,-0.0016912303028627869,-0.0009281999998620449
25.99974,-0.003028199999789649,-0.001388199999837525,-0.0014410077605836896,-0.0015200414916789987,-0.0009281999998620449
26.01974,-0.0009281999998620449,-0.0005881999998564424,-0.0010027281787227224,-0.0007974307690800614,-0.0009281999998620449
26.039739,0.0009718000001157634,-0.0005881999998564424,-0.0004367742253077787,-0.0003135146851752072,-0.0009281999998620449
26.059739,0.0009718000001157634,0.0005918000001202018,0.00014565357026464362,0.00013100745933393595,0.0009718000001157634
26.079739,-0.0009281999998620449,0.0005918000001202018,0.0006456182763639811,0.0007240144523341158,0.0009718000001157634
26.099739,0.0028718000000935717,0.0005918000001202018,0.0009973057470168746,0.000913291841604274,0.0009718000001157634
26.119739,-0.0009281999998620449,0.0009718000001157634,0.0011730102604042827,0.0011135249418390528,0.0009718000001157634
26.139738,0.0009718000001157634,0.0009718000001157634,0.001177875952050128,0.0010913804196947892,0.0009718000001157634
26.159738,0.0028718000000935717,0.0009718000001157634,0.001042615262747492,0.0007547836831019832,0.0009718000001157634
26.179738,-0.0009281999998620449,0.0009718000001157634,0.0008183268296997656,0.0010249468532619985,0.0009718000001157634
26.199738,0.0028718000000935717,0.0005918000001202018,0.0005713045052946766,0.0007370680653865723,-0.0009281999998620449
26.219738,-0.0009281999998620449,0.0005918000001202018,0.0003731530827148573,0.0006972079255268978,-0.0009281999998620449
26.239737,-0.0009281999998620449,0.0005918000001202018,0.0002847655323672429,-9.113706280888513e-05,-0.0009281999998620449
26.259737,0.0028718000000935717,-0.0001681999998709216,0.00033826838572713146,8.601911434522356e-05,-0.0009281999998620449
26.279737,-0.0009281999998620449,0.00021180000012464007,0.000523858566852251,0.0008256461539636265,-0.0009281999998620449
26.299737,-0.0009281999998620449,0.001351800000111325,0.0007875777275580834,0.0006883501166691923,0.0009718000001157634
26.319736,0.0009718000001157634,0.0009718000001157634,0.0010438228373355048,0.0013172545455662776,0.0009718000001157634
26.339736,0.00477180000007138,0.0009718000001157634,0.0012018299245709027,0.001113524941839053,0.0009718000001157634
26.359736,0.0009718000001157634,0.001351800000111325,0.0011964727739145764,0.0009142242425406807,0.0009718000001157634
26.379736,-0.0009281999998620449,0.0009718000001157634,0.0010075949458697078,0.0009629421912580607,0.0009718000001157634
26.399736,0.0009718000001157634,0.00021180000012464007,0.0006590160864825739,0.0009009375292541226,0.0009718000001157634
26.419736,-0.0009281999998620449,-0.0001681999998709216,0.000203673689596982,0.0003012638695855574,-0.0009281999998620449
26.439735,0.0009718000001157634,0.00021180000012464007,-0.0002912399708656505,-0.0006159622376255463,0.0009718000001157634
26.459735,-0.0009281999998620449,-0.0005481999998664833,-0.0007520772030380655,-0.0008400648017241154,-0.0009281999998620449
26.479735,0.0009718000001157634,-0.0009661999998570536,-0.0011037892016420522,-0.0008334214450837513,-0.0009281999998620449
26.499735,-0.0028281999998398533,-0.0013081999998576066,-0.0012806892532072028,-0.0012386662003261598,-0.0009281999998620449
26.519735,-0.0030181999998148967,-0.0008901999998670362,-0.0012448973686709894,-0.0009592023308693165,-0.0007381999998870015
26.539734,-0.0007381999998870015,-0.001270199999862598,-0.0010037235552132569,-0.0011434447551066213,-0.0009281999998620449
26.559734,0.0011618000000908069,-0.0005101999998714746,-0.0006135651944462376,-0.0007780601397275977,-0.0007381999998870015
26.579734,-0.0009281999998620449,-0.00013019999987591292,-0.00016615260327824477,-0.0004658223774942764,-0.0007381999998870015
26.599734,0.0009718000001157634,0.00024980000011964876,0.00023539549857264541,0.00047089090920780736,0.0009718000001157634
26.619734,-0.0011181999998370884,0.00021180000012464007,0.0005001064806366546,0.0007078372961516924,0.0009718000001157634
26.639733,0.0011618000000908069,0.0005918000001202018,0.0005672409919880027,0.0006387463870672082,0.0009718000001157634
26.659733,0.0009718000001157634,0.00021180000012464007,0.00041874202792696846,0.00019629883462476928,0.0009718000001157634
26.679733,0.0009718000001157634,0.00024980000011964876,8.464620463748769e-05,1.559953392323252e-05,0.0009718000001157634
26.699733,-0.0009281999998620449,-0.0005481999998664833,-0.00036287398921403544,-0.0005092256408939589,-0.0009281999998620449
26.719733,-0.0009281999998620449,-0.0009281999998620449,-0.0008288722850479022,-0.0007594587411228121,-0.0009281999998620449
26.739732,-0.0028281999998398533,-0.0013461999998526154,-0.0012225697944168632,-0.0012935846152368313,-0.0009281999998620449
26.759732,-0.0009281999998620449,-0.0013461999998526154,-0.0014797422362683918,-0.0014410671327206475,-0.0009281999998620449
26.779732,-0.0011181999998370884,-0.0013461999998526154,-0.0015705225814651891,-0.0014366382282891446,-0.0009281999998620449
26.799732,-0.0009281999998620449,-0.0009661999998570536,-0.0014924073404823147,-0.001339202330852795,-0.0009281999998620449
26.819731,-0.0009281999998620449,-0.0010041999998520624,-0.0012579120230436461,-0.001308199999850296,-0.0009281999998620449
26.839731,-0.0009281999998620449,-0.0009661999998570536,-0.0008880602641393275,-0.0005508573425170122,-0.0009281999998620449
26.859731,-0.0011181999998370884,-0.0005861999998614919,-0.0004159301105086076,-0.0004357058273684318,-0.0009281999998620449
26.879731,-0.0009281999998620449,0.00017380000012963138,0.00010521003654326648,-0.0002452629369304153,-0.0009281999998620449
26.899731,0.0009718000001157634,0.00017380000012963138,0.0005996546385128037,0.0002946205129478434,-0.0009281999998620449
26.91973,0.0028718000000935717,0.0005918000001202018,0.0009799322992530052,0.0009478839162022935,0.0009718000001157634
26.93973,-0.0009281999998620449,0.001351800000111325,0.0011685268450615086,0.0012955529138653763,0.0009718000001157634
26.95973,0.0009718000001157634,0.001351800000111325,0.001122233341669188,0.0014970680653757897,0.0009718000001157634
26.97973,0.0028718000000935717,0.0005918000001202018,0.0008503091511068964,0.0008345039628213321,0.0009718000001157634
26.99973,0.0009718000001157634,0.0005918000001202018,0.0004192910421293526,0.00028089090921474294,0.0009718000001157634
27.01973,-0.0009281999998620449,-0.0001681999998709216,-6.111587244938654e-05,-0.00033915571082463684,-0.0009281999998620449
27.039729,-0.0009281999998620449,-0.0005481999998664833,-0.00047067793108788455,-0.00021957529124561352,-0.0009281999998620449
27.059729,-0.0028281999998398533,-0.0009281999998620449,-0.0007181260361080779,-0.0006403212119866213,-0.0009281999998620449
27.079729,0.0009718000001157634,-0.0005481999998664833,-0.0007688355760147382,-0.0010389226105833654,-0.0009281999998620449
27.099729,-0.0009281999998620449,-0.0005481999998664833,-0.0006479288597893061,-0.0007687594404233501,-0.0009281999998620449
27.119729,0.0009718000001157634,-0.0001681999998709216,-0.0004208641522067792,-0.0001885729602436445,-0.0009281999998620449
27.139728,-0.0009281999998620449,-0.0001681999998709216,-0.00016489938340118608,-0.00021957529124561352,-0.0009281999998620449
27.159728,-0.0009281999998620449,0.00021180000012464007,5.526774351385847e-05,0.0003340377623609755,0.0009718000001157634
27.179728,0.0009718000001157634,-0.0001681999998709216,0.00020230281815725417,0.0004226158509380298,-0.0009281999998620449
27.199728,0.0009718000001157634,0.0005918000001202018,0.0002722825249574992,0.00011436410269178901,0.0009718000001157634
27.219728,-0.0009281999998620449,0.0005918000001202018,0.0002927107966171113,6.343170175759775e-05,0.0009718000001157634
27.239727,0.0028718000000935717,-0.0001681999998709216,0.0003110377567891308,0.00032872307704592823,-0.0009281999998620449
27.259727,-0.0009281999998620449,0.00024980000011964876,0.0003737625936007485,0.0003836414919618998,-0.0009281999998620449
27.279727,-0.0028281999998398533,0.0006298000001152104,0.000502337133554593,0.0003389095572273602,0.0009718000001157634
27.299727,0.003061800000068615,0.00028780000011465747,0.0006782125499813623,0.0005647836830930187,0.0009718000001157634
27.319727,0.0009718000001157634,0.0007058000001052278,0.0008479640418011642,0.001020960839261138,0.0011618000000908069
27.339726,0.0011618000000908069,0.0015038000000913599,0.0009477363495861498,0.0009456694639690519,0.0011618000000908069
27.359726,0.0011618000000908069,0.0010858000001007894,0.0009332684300821699,0.001144970163267954,0.0011618000000908069
27.379726,0.0011618000000908069,0.0007058000001052278,0.0007990563133435621,0.0011166251749240386,0.0011618000000908069
27.399726,0.0009718000001157634,0.00028780000011465747,0.0005780047485139131,0.000162196270513434,0.0009718000001157634
27.419726,-0.0009281999998620449,0.00024980000011964876,0.00032354774600476435,4.527319359564453e-05,0.0009718000001157634
27.439725,-0.0009281999998620449,-0.0002061999998659303,8.460372910353521e-05,0.00021180000012548862,-0.0009281999998620449
27.459725,0.0009718000001157634,-0.0002061999998659303,-0.00011284738155627345,-5.1276922942850294e-05,-0.0009281999998620449
27.479725,-0.0011181999998370884,0.00017380000012963138,-0.0002680654201989859,-0.0004272909089498487,0.0009718000001157634
27.499725,0.0009718000001157634,-0.000244199999860939,-0.00039280807539920535,-0.00034934219100288884,0.0009718000001157634
27.519725,0.0009718000001157634,-0.0006241999998565006,-0.0004942540034508094,-0.00021204615370845468,-0.0009281999998620449
27.539724,-0.0030181999998148967,-0.0002061999998659303,-0.0005658457154885713,-0.0005176405593003519,0.0009718000001157634
27.559724,-0.0009281999998620449,-0.0005861999998614919,-0.0005907586732129312,-0.0005885030301641154,-0.0009281999998620449
27.579724,0.0009718000001157634,-0.0009661999998570536,-0.0005526173445947538,-0.0005840741257384426,-0.0009281999998620449
27.599724,-0.0009281999998620449,-0.0001681999998709216,-0.000444621297518848,-0.0007040974357597682,-0.0009281999998620449
27.619724,-0.0009281999998620449,-0.0001681999998709216,-0.00027294136092948304,-0.00037857296024094886,-0.0009281999998620449
27.639723,0.0009718000001157634,-0.0001681999998709216,-5.54911635652596e-05,0.00021711468543735593,-0.0009281999998620449
27.659723,-0.0009281999998620449,0.00021180000012464007,0.00018206535715364018,0.0003960424243649134,0.0009718000001157634
27.679723,0.0009718000001157634,0.0005918000001202018,0.0004121618068483092,0.00030923589756130836,0.0009718000001157634
27.699723,0.0009718000001157634,0.0005918000001202018,0.0006116097679262757,0.0004354596737812255,0.0009718000001157634
27.719723,0.0009718000001157634,0.0005918000001202018,0.0007656612313152487,0.0008495622378770992,0.0009718000001157634
27.739722,0.0009718000001157634,0.0006298000001152104,0.0008674877571679456,0.0005860424243590378,0.0009718000001157634
27.759722,-0.0009281999998620449,0.001009800000110772,0.000913813403873137,0.0011002382285461346,0.0009718000001157634
27.779722,0.0011618000000908069,0.0006298000001152104,0.0009015400399607527,0.0010320331003420148,0.0009718000001157634
27.799722,0.0028718000000935717,0.001009800000110772,0.0008303035415302769,0.0007729421912586363,0.0011618000000908069
27.819722,-0.0009281999998620449,0.0009718000001157634,0.0007098280480507382,0.0006068582751806345,0.0011618000000908069
27.839721,0.0028718000000935717,0.0005158000001301843,0.0005643681510363649,0.0006932219115467074,-0.0009281999998620449
27.859721,-0.0011181999998370884,0.00013580000013462267,0.00042719579903312765,0.00035441072274239007,-0.0009281999998620449
27.879721,-0.0011181999998370884,0.0005158000001301843,0.0003262893325802926,0.0002680470863821472,0.0009718000001157634
27.899721,0.0009718000001157634,-0.000244199999860939,0.0002707557526405248,0.00023084428917681632,-0.0009281999998620449
27.919721,0.0009718000001157634,0.0005538000001251931,0.00024832933189470463,0.00031942237775175065,0.0009718000001157634
27.93972,-0.0009281999998620449,0.0005918000001202018,0.0002362308545743303,0.00019098414931184192,0.0009718000001157634
27.95972,0.0028718000000935717,0.00021180000012464007,0.00021757768282530898,0.00040800046632138493,-0.0009281999998620449
27.97972,-0.0009281999998620449,0.00021180000012464007,0.0001917778092877332,0.00025254592086817746,-0.0009281999998620449
27.99972,-0.0009281999998620449,0.00021180000012464007,0.00017211749243326095,0.0001701682984934251,-0.0009281999998620449
28.01972,0.0009718000001157634,-0.0001681999998709216,0.00017304475865311713,3.73011656278438e-05,-0.0009281999998620449
28.039719,-0.0009281999998620449,0.00021180000012464007,0.0001967003121765372,0.00024103076935506846,0.0009718000001157634
28.059719,0.0009718000001157634,0.00021180000012464007,0.00022782687886393712,-0.0001557990674682265,0.0009718000001157634
28.079719,0.0009718000001157634,0.00021180000012464007,0.00023946775491030675,0.0003823128206349931,0.0009718000001157634
28.099719,-0.0009281999998620449,0.00021180000012464007,0.00020510343283767916,0.000375669463989859,0.0009718000001157634
28.119719,0.0009718000001157634,0.00024980000011964876,0.00011074288442219607,-1.628857796493106e-05,0.0009718000001157634
28.139719,-0.0009281999998620449,-0.00013019999987591292,-3.742667938848735e-05,0.00030387459218968866,-0.0009281999998620449
28.159718,0.0011618000000908069,-0.00013019999987591292,-0.00021154324967605272,-0.0003172209788938738,-0.0009281999998620449
28.179718,-0.0009281999998620449,-0.00013019999987591292,-0.00036744283970376024,-0.0005288526805170259,-0.0009281999998620449
28.199718,-0.0009281999998620449,-0.0005501999998614338,-0.00045690305443590775,-0.00026325827492643014,-0.0009281999998620449
28.219718,0.0009718000001157634,-0.0005881999998564424,-0.0004443255920815481,-0.000533771095432563,-0.0009281999998620449
28.239717,-0.003028199999789649,-0.0001701999998658721,-0.00032218974158004847,-0.000378875990536324,0.0009718000001157634
28.259717,0.0009718000001157634,-0.00020819999986088078,-0.0001182215292484274,-0.00037698787864396907,0.0009718000001157634
28.279717,0.0011618000000908069,-0.00020819999986088078,0.00011042918015379941,0.00024163682996807914,0.0009718000001157634
28.299717,-0.0011181999998370884,0.0005918000001202018,0.0002948867749386492,0.0006231053614280417,0.0009718000001157634
28.319717,0.0009718000001157634,0.0006298000001152104,0.0003772103425657662,0.0002651799535021129,0.0009718000001157634
28.339716,0.0009718000001157634,0.00021180000012464007,0.0003292147885988737,0.0004921030304172539,0.0009718000001157634
28.359716,0.0011618000000908069,-0.00013019999987591292,0.0001603136216171193,-6.279207446708952e-05,0.0009718000001157634
28.379716,-0.0009281999998620449,-0.00013019999987591292,-8.918890698935401e-05,-0.00042374778541779057,0.0009718000001157634
28.399716,-0.0028281999998398533,-0.0005101999998714746,-0.00036637036564293073,-0.00030771048938725565,-0.0009281999998620449
28.419716,0.0009718000001157634,-0.0009281999998620449,-0.0006247519009205699,-0.0004441673658409374,-0.0009281999998620449
28.439715,-0.0009281999998620449,-0.0005481999998664833,-0.0008322252769558922,-0.0007353095569709976,-0.0009281999998620449
28.459715,-0.0009281999998620449,-0.0002061999998659303,-0.0009652631432466969,-0.0010262186478690763,-0.0009281999998620449
28.479715,0.0009718000001157634,-0.0010061999998470128,-0.0009988242661911086,-0.0010330018646505373,-0.0009281999998620449
28.499715,-0.0011181999998370884,-0.0010061999998470128,-0.0009050582437260886,-0.0005328853145378884,-0.0009281999998620449
28.519715,-0.003028199999789649,-0.0006261999998514511,-0.000666307586002414,-0.0007190158506659584,-0.0009281999998620449
28.539714,-0.0009281999998620449,-0.0002461999998558895,-0.0002947064087313209,-0.00032738414903827457,-0.0009281999998620449
28.559714,0.0009718000001157634,-0.00020819999986088078,0.00015743937987255314,-0.00018752400918515172,-0.0009281999998620449
28.579714,0.0028718000000935717,0.0005918000001202018,0.0006068492660079421,0.00029359487192161184,0.0009718000001157634
28.599714,-0.0009281999998620449,0.001009800000110772,0.0009637012631291785,0.001407347785649888,0.0009718000001157634
28.619714,0.0009718000001157634,0.0013898000001063338,0.0011578818460207584,0.0014600517483543483,0.0011618000000908069
28.639714,0.0011618000000908069,0.001009800000110772,0.0011571170705186342,0.0010217067600221356,0.0009718000001157634
28.659713,0.0028718000000935717,0.0005898000001252513,0.0009742645975944756,0.0007642475525689891,0.0009718000001157634
28.679713,0.0009718000001157634,0.0005898000001252513,0.0006629067465436342,0.000511450349777207,0.0009718000001157634
28.699713,-0.003028199999789649,0.0005518000001302426,0.00030074038904435367,0.0005511939395222155,0.0009718000001157634
28.719712,0.0009718000001157634,-0.00020819999986088078,-3.413133766048522e-05,-0.0003123258739862175,0.0009718000001157634
28.739713,0.0009718000001157634,-0.0005881999998564424,-0.00028288816391499683,-0.00032083403249356533,-0.0009281999998620449
28.759712,-0.0009281999998620449,-0.0001681999998709216,-0.00041353873586950354,-0.0003552396269034555,-0.0009281999998620449
28.779712,-0.0009281999998620449,0.00021180000012464007,-0.0004176295358700473,-0.00017948205115183728,-0.0009281999998620449
28.799712,-0.0009281999998620449,-0.0001681999998709216,-0.00030251954006937286,9.128717961111852e-05,-0.0009281999998620449
28.819711,0.0028718000000935717,-0.0001681999998709216,-8.43622994651194e-05,-0.00019610209777126312,-0.0009281999998620449
28.839711,-0.0009281999998620449,0.00021180000012464007,0.00021461259658068677,-9.866620034074358e-05,-0.0009281999998620449
28.859711,-0.0009281999998620449,0.0006298000001152104,0.0005624658714532663,0.0005258093241243088,0.0009718000001157634
28.879711,0.0009718000001157634,0.00028780000011465747,0.0009112149403134004,0.0007118233101340027,0.0009718000001157634
28.899711,0.0011618000000908069,0.0010478000001057808,0.0011975951257006984,0.0012521496504529735,0.0011618000000908069
28.919711,0.0011618000000908069,0.0014278000001013424,0.0013583708796768988,0.0013407277390300278,0.0011618000000908069
28.93971,0.0028718000000935717,0.001807800000096904,0.0013566266748900459,0.0016241776224776617,0.0011618000000908069
28.95971,0.0009718000001157634,0.0013898000001063338,0.001205053232379868,0.001584317482620107,0.0011618000000908069
28.97971,0.0028718000000935717,0.0009718000001157634,0.0009703086447164957,0.0008181170164317678,0.0009718000001157634
28.99971,-0.0009281999998620449,0.0005918000001202018,0.0007505732264808316,0.00043014498847041824,0.0009718000001157634
29.01971,-0.0009281999998620449,0.00021180000012464007,0.0006331045193201687,0.0006276741259953412,-0.0009281999998620449
29.039709,0.0009718000001157634,0.00021180000012464007,0.0006522759266084079,0.0004376741259937969,-0.0009281999998620449
29.059709,-0.0009281999998620449,0.001009800000110772,0.0007715622712833586,0.0006303314686475647,0.0009718000001157634
29.079709,0.0028718000000935717,0.001009800000110772,0.0009010409708829402,0.0008787930071034991,0.0009718000001157634
29.099709,0.003061800000068615,0.001009800000110772,0.0009418250735459451,0.0013349701632774484,0.0009718000001157634
29.119709,-0.0009281999998620449,0.0013898000001063338,0.0008337012866169501,0.0011622428905543125,0.0009718000001157634
29.139708,0.0009718000001157634,0.0005918000001202018,0.0005822064961852929,0.0003606111889340917,0.0009718000001157634
29.159708,0.0009718000001157634,-0.0002061999998659303,0.00025513574793508244,0.0003535249418519555,-0.0009281999998620449
29.179708,-0.0011181999998370884,-0.0002061999998659303,-4.549226054897281e-05,-0.00013144009310768164,-0.0009281999998620449
29.199708,-0.0009281999998620449,0.00017380000012963138,-0.00022130486664470678,-0.00048796689963006,-0.0009281999998620449
29.219707,-0.0009281999998620449,-0.0001681999998709216,-0.0002098581403262572,-2.9132400804946976e-05,-0.0009281999998620449
29.239707,0.0028718000000935717,-0.00013019999987591292,-1.0232129229201212e-06,2.8443356768018298e-05,-0.0009281999998620449
29.259707,-0.0007381999998870015,0.0006298000001152104,0.0003636601430094446,0.00020294219126460307,-0.0007381999998870015
29.279707,-0.0009281999998620449,0.001009800000110772,0.0008025360661703212,0.000904923543233253,0.0009718000001157634
29.299707,0.0028718000000935717,0.0006298000001152104,0.0012106688153025443,0.001566601864904696,0.0009718000001157634
29.319707,0.0009718000001157634,0.0013898000001063338,0.0014807908471483567,0.0011591426574502467,0.0009718000001157634
29.339707,0.0009718000001157634,0.0017698000001018955,0.0015274231963842543,0.0012822195805227755,0.0009718000001157634
29.359706,0.003061800000068615,0.0006298000001152104,0.0013091551335742873,0.001363105361414753,0.0009718000001157634
29.379706,0.0009718000001157634,0.001009800000110772,0.0008416924707236683,0.0008511939395115713,0.0009718000001157634
29.399706,-0.0028281999998398533,0.00020980000012968958,0.0001966399932964338,0.00017298881131794697,0.0009718000001157634
29.419706,0.0028718000000935717,-0.0005881999998564424,-0.0005134084452229965,-0.00019146340313102954,-0.0009281999998620449
29.439705,-0.003028199999789649,-0.0009681999998520041,-0.0011583421734117398,-0.0010451930068432304,-0.0009281999998620449
29.459705,-0.0009281999998620449,-0.0009681999998520041,-0.0016173870591287703,-0.0018984564100909375,-0.0009281999998620449
29.479705,-0.0009281999998620449,-0.002148199999828648,-0.001806236459674315,-0.001904889976525221,-0.0028281999998398533
29.499705,-0.0028281999998398533,-0.0017281999998431275,-0.0017007147409095894,-0.001634493706133224,-0.0009281999998620449
29.519705,-0.003028199999789649,-0.0013481999998475659,-0.0013495934469271566,-0.0015585030301467828,-0.0009281999998620449
29.539706,-0.0009281999998620449,-0.0009681999998520041,-0.0008668996107220175,-0.0005962652679258355,-0.0009281999998620449
29.559704,0.0009718000001157634,-0.00020819999986088078,-0.0003987144009669453,-0.00038903916069980496,0.0009718000001157634
29.579704,0.0009718000001157634,0.00021180000012464007,-7.259585645818479e-05,-0.00020465687632246322,0.0009718000001157634
29.599704,0.0009718000001157634,0.00021180000012464007,4.8800258319713995e-05,0.0002988396271642556,0.0009718000001157634
29.619704,-0.0009281999998620449,-0.0001681999998709216,-1.2876113667321532e-05,0.0003153897437091578,-0.0009281999998620449
29.639703,-0.0009281999998620449,-0.0001681999998709216,-0.0001679063047628987,-0.0002417198133898771,-0.0009281999998620449
29.659703,-0.0009281999998620449,-0.0005481999998664833,-0.0003000470560580895,-0.0006004610721269468,-0.0009281999998620449
29.679703,0.0009718000001157634,-0.0005481999998664833,-0.0003127360772106382,-0.0007537011653633427,-0.0009281999998620449
29.699703,-0.0009281999998620449,-0.0001681999998709216,-0.00016215722039913193,-0.00029088065255061926,-0.0009281999998620449
29.719702,-0.0009281999998620449,0.00021180000012464007,0.00013128162120990404,0.0005041076924265877,0.0009718000001157634
29.739702,0.0009718000001157634,0.0006298000001152104,0.0004938946504167995,0.0007100517483669137,0.0009718000001157634
29.759702,0.0009718000001157634,0.001009800000110772,0.0008277643706548819,0.0008451333334461264,0.0009718000001157634
29.779702,0.003061800000068615,0.001009800000110772,0.001047469678372414,0.0008491193474337369,0.0009718000001157634
29.799702,0.0009718000001157634,0.001009800000110772,0.0011090953080336262,0.001292009790316888,0.0009718000001157634
29.819702,-0.0009281999998620449,0.001009800000110772,0.001019071558093396,0.0010528489511577816,0.0009718000001157634
29.839701,0.0009718000001157634,0.0006298000001152104,0.0008223020935726284,0.0008092592075708824,0.0009718000001157634
29.859701,0.0009718000001157634,0.00024980000011964876,0.0005805388094759108,0.00040180000011749283,0.0009718000001157634
29.879701,0.0011618000000908069,0.0006298000001152104,0.0003530889762359369,0.00023350163182320985,0.0009718000001157634
29.899701,-0.0009281999998620449,0.00024980000011964876,0.00018432717522109,0.00022951561783559937,0.0009718000001157634
29.919701,0.0009718000001157634,0.00024980000011964876,9.63182437388033e-05,0.0003982568765737748,0.0009718000001157634
29.9397,-0.0009281999998620449,-0.0001681999998709216,8.514069395226325e-05,-0.0002173608390330422,-0.0009281999998620449
29.9597,0.0009718000001157634,0.00021180000012464007,0.00012222626878335667,3.774405607067608e-05,0.0009718000001157634
29.9797,-0.0009281999998620449,-0.0002061999998659303,0.00016252499753029485,0.00019054125887218976,-0.0009281999998620449
29.9997,0.0009718000001157634,0.0005538000001251931,0.0001593216614101307,0.00038186993019746095,0.0009718000001157634
30.0197,-0.0011181999998370884,0.00013580000013462267,8.256535296430086e-05,0.0001493524476866685,-0.0009281999998620449
30.039699,0.0028718000000935717,0.00013580000013462267,-6.56379973459002e-05,0.00011170676004380555,-0.0009281999998620449
30.059699,-0.0011181999998370884,-0.00028219999985594767,-0.0002468011897686316,-0.0004246335662875549,-0.0011181999998370884
30.079699,-0.0009281999998620449,-0.000244199999860939,-0.00039906402516365303,-0.0004866382282946729,-0.0009281999998620449
30.099699,-0.0011181999998370884,-0.0010041999998520624,-0.00046446728028586877,-0.0006770811187395796,-0.0009281999998620449
30.119699,-0.0009281999998620449,-0.0005481999998664833,-0.0004171034450434957,-0.00031833986000781003,-0.0009281999998620449
30.139698,-0.0009281999998620449,-0.0001681999998709216,-0.0002759466640951412,-0.0003719296035984648,-0.0009281999998620449
30.159698,0.0011618000000908069,0.00024980000011964876,-9.45202659149772e-05,2.0028438351025195e-05,0.0009718000001157634
30.179698,0.0009718000001157634,0.00024980000011964876,6.634993441140777e-05,0.0002831053614251943,0.0009718000001157634
30.199698,0.0009718000001157634,0.00024980000011964876,0.00016594701437542192,0.00038497016328721675,0.0009718000001157634
30.219697,-0.0009281999998620449,0.00021180000012464007,0.00019490463421179214,9.399114231673454e-05,0.0009718000001157634
30.239697,-0.0009281999998620449,-0.0001681999998709216,0.00016568849362800391,-0.00014339813506839292,-0.0009281999998620449
30.259697,0.0009718000001157634,-0.0005481999998664833,9.220406538716371e-05,-4.1090442765658204e-05,-0.0009281999998620449
30.279697,-0.0009281999998620449,-0.00013019999987591292,-2.5474246007111987e-05,-0.00015314172482024295,-0.0009281999998620449
30.299697,-0.0009281999998620449,0.00028780000011465747,-0.0002006384283503318,-7.962191130107585e-05,0.0009718000001157634
30.319696,0.0011618000000908069,-0.0005101999998714746,-0.0004441433344075361,-0.0004653794870477339,-0.0009281999998620449
30.339696,0.0011618000000908069,-0.0005481999998664833,-0.0007435930056016784,-0.0004804377621061512,-0.0009281999998620449
30.359696,-0.0030181999998148967,-0.0009661999998570536,-0.001052223375125082,-0.0011381300697868037,-0.0011181999998370884
30.379696,-0.0011181999998370884,-0.0009661999998570536,-0.0012970937386911285,-0.0010739109555649945,-0.0011181999998370884
30.399696,-0.0030181999998148967,-0.0018021999998381944,-0.0014033035971858937,-0.0012089925406420874,-0.0030181999998148967
30.419696,0.0011618000000908069,-0.0010041999998520624,-0.0013208800434905247,-0.001543374825018082,-0.0011181999998370884
30.439695,-0.0030181999998148967,-0.0009661999998570536,-0.001042221467580165,-0.0014344237760712732,-0.0009281999998620449
30.459695,0.0009718000001157634,-0.0005481999998664833,-0.0006063374703693401,-0.0006943538460169282,-0.0009281999998620449
30.479695,-0.0009281999998620449,-0.0005861999998614919,-9.18058716583339e-05,8.513333345743906e-05,-0.0009281999998620449
30.499695,-0.0009281999998620449,0.0005918000001202018,0.00039963901911646083,0.0007671846155012868,0.0009718000001157634
30.519695,0.0009718000001157634,0.0009718000001157634,0.0007681524955204721,0.0007733850817083587,0.0009718000001157634
30.539695,0.0028718000000935717,0.0009338000001207547,0.000945759948140052,0.0009819864803062084,0.0009718000001157634
30.559694,0.0028718000000935717,0.000895800000125746,0.0009202984634078408,0.00040357156190207216,0.0009718000001157634
30.579694,-0.0011181999998370884,0.0005158000001301843,0.000738639915725468,0.0008198885782152872,-0.0009281999998620449
30.599694,-0.0011181999998370884,0.00013580000013462267,0.00048360549326748395,0.0007313104896382329,-0.0009281999998620449
30.619694,-0.0009281999998620449,0.00013580000013462267,0.00023727335277087274,0.000297277855609607,-0.0009281999998620449
30.639693,0.0009718000001157634,0.00017380000012963138,5.3501357348823114e-05,-0.0002386195802836912,-0.0009281999998620449
30.659693,0.0028718000000935717,0.00021180000012464007,-4.726891340734108e-05,-7.032121199046805e-05,-0.0009281999998620449
30.679693,-0.0009281999998620449,0.00021180000012464007,-6.80990365644636e-05,0.00034422424254399776,-0.0009281999998620449
30.699693,-0.0009281999998620449,0.00021180000012464007,-2.7686409348261792e-05,3.597249429775697e-05,-0.0009281999998620449
30.719693,-0.0009281999998620449,-0.0005481999998664833,3.7305711905364245e-05,-0.00026563589730334975,-0.0009281999998620449
30.739692,0.0009718000001157634,-0.0005861999998614919,6.750169242943931e-05,-0.0002341906758590784,-0.0009281999998620449
30.759692,-0.0009281999998620449,-0.0002061999998659303,-1.2741999092849127e-05,-0.00028025128191787454,-0.0009281999998620449
30.779692,-0.0011181999998370884,0.00017380000012963138,-0.0002715727822768574,-6.722097888746197e-05,0.0009718000001157634
30.799692,0.0009718000001157634,-0.0006241999998565006,-0.0007345896355450393,-0.0002638643355251303,-0.0009281999998620449
30.819692,0.0009718000001157634,-0.001042199999847071,-0.0013543396470958014,-0.0011961487177930613,-0.0011181999998370884
30.839691,-0.0030181999998148967,-0.0014221999998426326,-0.0020039990725655744,-0.0020177104893423243,-0.0030181999998148967
30.859691,-0.0030181999998148967,-0.0026001999998243263,-0.002507640691494113,-0.002309575291205361,-0.0030181999998148967
30.879691,-0.0030181999998148967,-0.002980199999819888,-0.002700838569799443,-0.00296062424224671,-0.0030181999998148967
30.899691,-0.004918199999792705,-0.0025621999998293177,-0.002496452939927268,-0.002934493706114836,-0.0030181999998148967
30.919691,-0.0009281999998620449,-0.002182199999833756,-0.001925033435227856,-0.0022236545452868905,-0.0011181999998370884
30.93969,-0.0009281999998620449,-0.0010041999998520624,-0.0011307078434733115,-0.0006686662003241761,-0.0009281999998620449
30.95969,-0.0011181999998370884,0.00017380000012963138,-0.0003240162102100722,-0.00020407412573853373,-0.0009281999998620449
30.97969,0.0028718000000935717,0.0005538000001251931,0.00028825905208605283,0.0005771846155103428,0.0009718000001157634
30.99969,0.0009718000001157634,0.00013580000013462267,0.0005675643302681934,0.0007051799535042391,0.0009718000001157634
31.01969,0.0009718000001157634,0.0005538000001251931,0.0004774623255528553,0.00013119393952630548,0.0009718000001157634
31.039689,-0.0030181999998148967,-0.0005861999998614919,7.706031622192927e-05,-5.65916082605476e-05,0.0009718000001157634
31.059689,0.0009718000001157634,-0.0009661999998570536,-0.0005159209603308567,-0.0005876172492821606,-0.0009281999998620449
31.079689,-0.0028281999998398533,-0.0013461999998526154,-0.0011693423966390817,-0.0016288526805000804,-0.0009281999998620449
31.099689,-0.0009281999998620449,-0.0013461999998526154,-0.0017675792406318246,-0.0017037011653477441,-0.0009281999998620449
31.119689,-0.0009281999998620449,-0.0021441999998387472,-0.0022226924236989722,-0.002031440093080195,-0.0028281999998398533
31.139688,-0.0030181999998148967,-0.0017641999998431856,-0.002472894619599855,-0.001965006526646874,-0.0009281999998620449
31.159688,-0.0030181999998148967,-0.002182199999833756,-0.002479934373410462,-0.0022905310021662235,-0.0030181999998148967
31.179688,-0.0009281999998620449,-0.002182199999833756,-0.0022323669326836716,-0.002262186013817538,-0.0030181999998148967
31.199688,-0.0030181999998148967,-0.0017641999998431856,-0.0017537873448692787,-0.002007524009160892,-0.0009281999998620449
31.219687,-0.0009281999998620449,-0.001384199999847624,-0.0011098243403387393,-0.0013365449881936812,-0.0009281999998620449
31.239687,-0.0009281999998620449,-0.0005861999998614919,-0.00040624666114596743,-0.00046892261058509207,-0.0009281999998620449
31.259687,-0.0011181999998370884,0.00021180000012464007,0.00022770653927211773,0.00031897948730308834,-0.0009281999998620449
31.279687,0.003061800000068615,0.0005918000001202018,0.0006708912216705831,0.0008699351982500339,0.0009718000001157634
31.299687,0.0009718000001157634,0.001009800000110772,0.0008476359066384852,0.0009009375292477627,0.0009718000001157634
31.319686,0.0009718000001157634,0.0010478000001057808,0.0007545067196436793,0.0005550400933549487,0.0009718000001157634
31.339686,0.0011618000000908069,-0.00013019999987591292,0.0004616056093814946,0.0005173944057089057,0.0009718000001157634
31.359686,-0.0009281999998620449,-0.00013019999987591292,8.537253552423457e-05,0.00036902610734207484,0.0009718000001157634
31.379686,-0.0028281999998398533,-0.00013019999987591292,-0.00025498276580473593,-0.0007674307690964432,0.0009718000001157634
31.399686,0.0009718000001157634,-0.0005481999998664833,-0.00047665852553923743,-0.0005544004660692106,-0.0009281999998620449
31.419686,0.0009718000001157634,-0.0009281999998620449,-0.0005514189068109367,-0.0004990391607066967,-0.0009281999998620449
31.439685,-0.0009281999998620449,0.00021180000012464007,-0.0005002715207560622,-0.0005411137527784123,0.0009718000001157634
31.459685,-0.0028281999998398533,-0.0001681999998709216,-0.00037431956825701644,-0.00023729090896102437,-0.0009281999998620449
31.479685,0.0028718000000935717,-0.0005481999998664833,-0.0002324968279701084,0.00027646200478589054,-0.0009281999998620449
31.499685,-0.0009281999998620449,-0.0001681999998709216,-0.00012196993305222135,-0.00030815337982266776,-0.0009281999998620449
31.519685,-0.0009281999998620449,0.0005918000001202018,-6.494357618056686e-05,-0.00014871282038397013,0.0009718000001157634
31.539684,0.0009718000001157634,-0.0005481999998664833,-5.5440762224400335e-05,-0.00024171981338987704,-0.0009281999998620449
31.559684,0.0009718000001157634,-0.0001681999998709216,-6.696283431410547e-05,9.044801877407623e-05,0.0009718000001157634
31.579684,-0.0028281999998398533,-0.0001681999998709216,-6.786367350333821e-05,-0.0002018596735302029,0.0009718000001157634
31.599684,0.0009718000001157634,0.00021180000012464007,-3.794046520583793e-05,0.00020559953392424693,0.0009718000001157634
31.619684,-0.0009281999998620449,-0.0001681999998709216,2.167024034821194e-05,-4.2419114091505044e-05,-0.0009281999998620449
31.639683,0.0028718000000935717,0.00021180000012464007,8.967436515872937e-05,-0.00028423729590495506,-0.0009281999998620449
31.659683,-0.0009281999998620449,-0.0001681999998709216,0.00013345471762840047,0.0002095855479097373,-0.0009281999998620449
31.679683,-0.0009281999998620449,0.00021180000012464007,0.00011812147603334455,0.00020294219126460329,-0.0009281999998620449
31.699683,-0.0009281999998620449,-0.00013019999987591292,1.317001135470714e-05,1.4713753037037918e-05,-0.0009281999998620449
31.719683,0.0009718000001157634,-0.0005101999998714746,-0.00019919488503380655,-3.6218647895563254e-05,-0.0009281999998620449
31.739682,0.0011618000000908069,-0.00013019999987591292,-0.0005117119863201655,-0.0007426289042978358,0.0009718000001157634
31.759682,-0.0028281999998398533,-0.0005101999998714746,-0.0008820172584867742,-0.0007359855476542917,0.0009718000001157634
31.779682,0.0009718000001157634,-0.001270199999862598,-0.001235424992867488,-0.0010685962702584274,-0.0028281999998398533
31.799682,-0.0028281999998398533,-0.0016881999998531682,-0.0014848790405320913,-0.0013697617714214718,-0.0028281999998398533
31.819682,-0.0028281999998398533,-0.0013081999998576066,-0.0015615180343731617,-0.0018392256408798597,-0.0009281999998620449
31.839681,-0.0009281999998620449,-0.0016501999998581596,-0.0014420851857869373,-0.0015557757574322256,-0.0009281999998620449
31.859681,-0.0009281999998620449,-0.001270199999862598,-0.001160102149413949,-0.0011567314683952994,-0.0009281999998620449
31.879681,-0.0007381999998870015,-0.0005101999998714746,-0.0007958003758247394,-0.0009375006991673553,-0.0009281999998620449
31.899681,-0.0009281999998620449,-0.0005101999998714746,-0.0004498325489253519,-0.00020451701619196623,-0.0009281999998620449
31.919681,0.0009718000001157634,-0.00013019999987591292,-0.0002113653971741581,-3.843310010919458e-05,-0.0007381999998870015
31.93968,-0.0009281999998620449,-0.0001681999998709216,-0.00013121678872332827,-0.0001646568763301719,-0.0009281999998620449
31.95968,0.0009718000001157634,-0.0001681999998709216,-0.0002080820294569227,-0.00022444708611782843,-0.0009281999998620449
31.97968,-0.0009281999998620449,-0.0005481999998664833,-0.0003919287693046428,-0.0003764051280738198,-0.0009281999998620449
31.99968,-0.0009281999998620449,-0.0005481999998664833,-0.0006031982077591519,-0.0007583398600014558,-0.0009281999998620449
32.01968,-0.0009281999998620449,-0.0009281999998620449,-0.0007607288470496168,-0.0008491090907720702,-0.0009281999998620449
32.03968,-0.0009281999998620449,-0.0009301999998569954,-0.0008079986659846161,-0.0008344004660634807,-0.0009281999998620449
32.059679,-0.0009281999998620449,-0.0005121999998664251,-0.0007283803421285643,-0.000729924941585137,-0.0009281999998620449
32.079679,-0.0009381999998367974,-0.0005141999998613756,-0.0005450325284979418,-0.0005004144520721557,-0.0009281999998620449
32.099679,0.0011618000000908069,-0.00013619999986076438,-0.00030729858275425556,-0.0002908340324966967,-0.0009281999998620449
32.119679,-0.0009381999998367974,-0.00010019999986070616,-7.061664365777179e-05,0.000306601864929686,-0.0007481999998617539
32.139678,0.000961800000141011,0.0003198000001248147,0.00012112624430400326,0.00014287226120906284,0.000961800000141011
32.159678,-0.0007481999998617539,0.00027980000013485553,0.0002443437781101662,5.804708638710725e-05,0.000961800000141011
32.179678,0.0011618000000908069,-0.00013819999985571486,0.0002943661912230163,2.019160852597351e-05,0.000961800000141011
32.199678,0.000961800000141011,-9.819999986575567e-05,0.0002771221171911139,0.00010014498847889404,0.000961800000141011
32.219677,-0.003028199999789649,0.0002838000001247565,0.00019944765374179402,0.0005165552448771637,0.0011618000000908069
32.239677,0.0011618000000908069,0.0002438000001347973,6.453908609398845e-05,0.00012669510502610925,0.000961800000141011
32.259677,0.0011618000000908069,-0.00013619999986076438,-0.00012326520213343286,-4.6848018507637476e-05,0.000961800000141011
32.279677,0.000961800000141011,-0.00013619999986076438,-0.00034812161877811226,-0.0004819529136021071,0.000961800000141011
32.299677,-0.0009381999998367974,-0.0005561999998462853,-0.0005782934405171833,-0.0007849832166294853,-0.0009381999998367974
32.319676,-0.003028199999789649,-0.0009761999998318061,-0.0007762275859450406,-0.0005755659672120146,-0.0009381999998367974
32.339676,-0.0009381999998367974,-0.0013561999998273678,-0.0009175961728968384,-0.0010938410254680664,-0.0009381999998367974
32.359676,-0.0009381999998367974,-0.0009761999998318061,-0.0010031276817505902,-0.0009651696967961759,-0.0009381999998367974
32.379676,-0.0009381999998367974,-0.0005961999998362443,-0.0010515693794042346,-0.00101039114202111,-0.0009381999998367974
32.399676,0.000961800000141011,-0.0005961999998362443,-0.001077790703143228,-0.0009961720277992048,-0.0009381999998367974
32.419676,-0.0011281999998118408,-0.0009761999998318061,-0.0010728068731408785,-0.0006917431233809964,-0.0009381999998367974
32.439675,-0.0009381999998367974,-0.0009761999998318061,-0.0010022728426378272,-0.001002675524308012,-0.0009381999998367974
32.459675,-0.0028381999998146057,-0.0009361999998418469,-0.0008271048036512516,-0.0009456825173242763,-0.0009381999998367974
32.479675,-0.0009381999998367974,-0.0008981999998468382,-0.0005336478104030875,-0.0009431417247883087,-0.0009381999998367974
32.499675,0.0011618000000908069,-0.00047819999986131734,-0.00015343298668699597,-0.0005184331000924818,-0.0009381999998367974
32.519675,-0.0009381999998367974,0.000281800000129806,0.00024058218727587838,0.0006168582751781775,0.000961800000141011
32.539675,0.0011618000000908069,0.0010438000001158799,0.0005598669075282804,0.0009312172495374256,0.0011618000000908069
32.559674,0.000961800000141011,0.0010038000001259205,0.0007354284432882014,0.0007595156178442313,0.000961800000141011
32.579674,0.0028718000000935717,0.0005858000001353503,0.0007454136866153223,0.0007218699302029583,0.000961800000141011
32.599674,0.000961800000141011,0.00016580000014982944,0.0006210642994469006,0.0003688396271836258,0.000961800000141011
32.619674,-0.003028199999789649,0.0005478000001403416,0.00042672615381018203,0.0005046205129624937,0.000961800000141011
32.639673,-0.0009381999998367974,-0.00021419999984573224,0.0002253258343890105,0.00015345501180643508,-0.0009381999998367974
32.659673,0.0028718000000935717,-0.00021419999984573224,5.142501200893604e-05,-0.00022241911406635625,-0.0009381999998367974
32.679673,-0.0009381999998367974,0.00020380000014483813,-9.242577539454792e-05,-0.00011507645672334836,-0.0009381999998367974
32.699673,0.000961800000141011,0.00020380000014483813,-0.00021926711261403413,-0.00013894592059561858,-0.0009381999998367974
32.719672,-0.0009381999998367974,-0.00017819999984567403,-0.00033752589958663726,0.0001505645689105698,-0.0009381999998367974
32.739672,-0.0009381999998367974,-0.0005581999998412357,-0.0004407249424736957,-0.00046759393923274505,-0.0009381999998367974
32.759672,0.000961800000141011,-0.0005581999998412357,-0.0005101634960624998,-0.0005158689975115326,-0.0009381999998367974
32.779672,-0.0028381999998146057,-0.0005581999998412357,-0.0005257476052858367,-0.000536358508004433,-0.0009381999998367974
32.799672,0.000961800000141011,-0.00013819999985571486,-0.0004778997772547152,-0.0007660787877229648,0.000961800000141011
32.819671,-0.0009381999998367974,-0.0009361999998418469,-0.00037480690061992883,-0.0005433515149946245,-0.0009381999998367974
32.839671,0.0011618000000908069,-0.00017619999985072355,-0.0002424114394574646,-0.0003761020977519443,0.000961800000141011
32.859671,-0.003028199999789649,-0.00017619999985072355,-0.00011751047994772752,0.00014322191156101034,0.000961800000141011
32.879671,0.000961800000141011,0.0002438000001347973,-3.5147651819990514e-05,0.0006040610723957944,0.000961800000141011
32.899671,0.000961800000141011,0.00020380000014483813,-1.225296579925317e-05,-0.00048475011641556815,0.000961800000141011
32.919671,0.0011618000000908069,0.00020380000014483813,-3.3966044519789676e-05,-0.00018987832152503982,0.000961800000141011
32.93967,0.000961800000141011,-0.0005561999998462853,-5.379851937354144e-05,7.772074609006699e-05,0.000961800000141011
32.95967,-0.003028199999789649,0.00024380000018027205,-1.429722321916028e-05,0.0005358559442240049,0.000961800000141011
32.97967,-0.0028381999998146057,0.00020380000019031285,0.00012022521591613318,-0.0002190158506218646,0.000961800000141011
32.99967,0.004961800000273797,-0.0001761999998052488,0.0003394653940788304,-6.586899747476334e-05,-0.0009381999998367974
33.01967,0.000961800000141011,0.00020380000019031285,0.0005865333648997958,0.00021501678340676129,-0.0009381999998367974
33.039669,-0.0009381999998367974,0.001383800000166957,0.0007778748244426001,0.0010008909092556596,0.000961800000141011
33.059669,-0.0011281999998118408,0.0005838000001403998,0.0008302619670431493,0.0013084666668159565,0.000961800000141011
33.079669,0.003061800000068615,0.0005838000001403998,0.0006866826826943688,0.0007957860141295857,0.000961800000141011
33.099669,0.000961800000141011,0.00016580000014982944,0.00033890497680987697,-0.0002107407924032092,0.000961800000141011
33.119668,0.000961800000141011,0.00020380000014483813,-0.00015965961606140765,4.263916098999279e-05,0.000961800000141011
33.139668,-0.003028199999789649,-0.0005961999998362443,-0.0007010919543173439,-0.0003277571094007532,-0.0009381999998367974
33.159668,-0.0009381999998367974,-0.0009761999998318061,-0.0011524436344245161,-0.0011181999998291412,-0.0009381999998367974
33.179668,-0.0009381999998367974,-0.0017361999998229294,-0.0013964555151302516,-0.0017962652678853788,-0.0009381999998367974
33.199668,-0.0009381999998367974,-0.001318199999832359,-0.0013671620036599264,-0.0017086428902711626,-0.0009381999998367974
33.219668,-0.0028381999998146057,-0.0008981999998468382,-0.001068886498505847,-0.0009230951047398305,-0.0009381999998367974
33.239667,-0.0009381999998367974,-0.0005181999998512765,-0.0005737679249790402,-0.00034701118866664154,-0.0009381999998367974
33.259667,0.0011618000000908069,0.0002438000001347973,2.226285858607599e-06,0.00025662517495992287,0.000961800000141011
33.279667,0.000961800000141011,0.0006238000001303589,0.0005379643439035757,0.0008090727273986533,0.000961800000141011
33.299667,0.0028718000000935717,0.0013858000001164329,0.0009449300554424448,0.0008152265735544529,0.0011618000000908069
33.319666,-0.0009381999998367974,0.0009658000001309119,0.0011862458769891459,0.0011547370630605454,0.000961800000141011
33.339666,0.0028718000000935717,0.0005858000001353503,0.0012686820826747673,0.0009751333334613537,-0.0009381999998367974
33.359666,-0.0009381999998367974,0.0005858000001353503,0.001215515270502242,0.0009097487180828158,-0.0009381999998367974
33.379666,-0.0009381999998367974,0.0009658000001309119,0.0010396659705741791,0.0010169515152804868,0.000961800000141011
33.399666,0.0028718000000935717,0.0005838000001403998,0.0007360179694184455,0.00055704475538529,0.000961800000141011
33.419666,0.000961800000141011,0.0005838000001403998,0.00029859364599786755,0.0006149701633102029,0.000961800000141011
33.439665,0.000961800000141011,0.00016580000014982944,-0.0002502588297907364,-0.00025892261056514166,0.000961800000141011
33.459665,-0.0009381999998367974,-0.0005961999998362443,-0.0008416307568950079,-0.0003339575755972247,-0.0009381999998367974
33.479665,-0.003028199999789649,-0.0013941999998223764,-0.0013685565219692896,-0.0014871277387481733,-0.0009381999998367974
33.499665,-0.0009381999998367974,-0.001774199999817938,-0.001718693960932698,-0.0017971510487673331,-0.0009381999998367974
33.519665,-0.003028199999789649,-0.0021541999998134997,-0.0018140904054765187,-0.0017822093238304719,-0.0028381999998146057
33.539665,-0.0009381999998367974,-0.0009741999998368556,-0.001639117817070995,-0.0020109972026147163,-0.0009381999998367974
33.559664,-0.0028381999998146057,-0.0013541999998324173,-0.0012459184020755054,-0.0013474773891112009,-0.0028381999998146057
33.579664,0.0028718000000935717,-0.0009361999998418469,-0.0007376516430412877,-0.0004806941723460137,-0.0009381999998367974
33.599664,-0.0028381999998146057,-0.00013619999986076438,-0.0002380781729769826,-9.75706292293881e-05,-0.0009381999998367974
33.619663,-0.0009381999998367974,0.0006238000001303589,0.00014144622753746664,0.00037189324022581936,0.000961800000141011
33.639663,0.003061800000068615,-0.00013819999985571486,0.0003292016087899607,0.0003089794873156158,-0.0009381999998367974
33.659663,0.000961800000141011,0.00024180000013984682,0.0003087867362045057,0.000283688112027144,-0.0009381999998367974
33.679663,-0.0009381999998367974,0.00024180000013984682,0.0001174995792309629,-0.00026645174810389043,-0.0009381999998367974
33.699663,-0.0009381999998367974,-0.0005581999998412357,-0.00017461886589365387,-5.095058260408365e-05,-0.0009381999998367974
33.719663,-0.0009381999998367974,-0.0009381999998367974,-0.0004964581238250524,-0.0008423258739619888,-0.0009381999998367974
33.739662,-0.0009381999998367974,-0.0009761999998318061,-0.0008012688495872888,-0.0010688060604332375,-0.0009381999998367974
33.759662,-0.0009381999998367974,-0.0010141999998268148,-0.0010723865408375883,-0.0008549365965657826,-0.0009381999998367974
33.779662,-0.0011281999998118408,-0.0006341999998312531,-0.0013083090314086913,-0.000963444755069759,-0.0009381999998367974
33.799662,-0.0011281999998118408,-0.0010521999998218234,-0.0014982861167534996,-0.0011897617713808998,-0.0011281999998118408
33.819662,0.000961800000141011,-0.001432199999817385,-0.001605220756301611,-0.001322628904249131,-0.0011281999998118408
33.839661,-0.003028199999789649,-0.0013941999998223764,-0.0015699833513778334,-0.0017212303028495855,-0.0011281999998118408
33.859661,-0.0028381999998146057,-0.001318199999832359,-0.001339882991680263,-0.0015086428902694252,-0.0009381999998367974
33.879661,-0.0009381999998367974,-0.0016981999998279206,-0.0009079998401679331,-0.0011321860138227748,-0.0009381999998367974
33.899661,-0.0007481999998617539,-0.000520199999846227,-0.0003398798756758626,-0.0006764517480958977,-0.0009381999998367974
33.919661,-0.0009381999998367974,0.00023980000014489633,0.0002314878455844229,-1.4773426424984505e-05,-0.0007481999998617539
33.93966,0.0028618000001188193,0.000619800000140458,0.0006451196696383378,0.0010641076924400382,0.000961800000141011
33.95966,0.000961800000141011,0.000961800000141011,0.0007707766349669135,0.0010127324010709648,0.000961800000141011
33.97966,0.000961800000141011,0.000961800000141011,0.0005615698219287419,0.0007762289045720321,0.000961800000141011
33.99966,0.000961800000141011,-0.00021619999984068272,7.681263587059729e-05,-3.2046153687492865e-05,0.000961800000141011
34.01966,-0.0009381999998367974,-0.0005961999998362443,-0.0005354464141080205,-0.0005697151513494701,-0.0009381999998367974
34.039659,-0.003028199999789649,-0.0013941999998223764,-0.0010889519897449623,-0.0014670111886315317,-0.0009381999998367974
34.059659,-0.0009381999998367974,-0.0013941999998223764,-0.0014213781253616953,-0.0013319296035533789,-0.0009381999998367974
34.079659,-0.003028199999789649,-0.0013941999998223764,-0.0014426811583515904,-0.001400577622202981,-0.0009381999998367974
34.099659,0.000961800000141011,-0.0005581999998412357,-0.001152889516357622,-0.0011104843821160434,-0.0009381999998367974
34.119658,-0.0009381999998367974,-0.0005581999998412357,-0.0006288062335319375,-0.0006210904427312638,-0.0009381999998367974
34.139658,0.0011518000001160544,0.00023980000014489633,7.299702475114165e-06,0.0001827557111015285,0.000961800000141011
34.159658,-0.0009381999998367974,0.00023980000014489633,0.0006210540627605387,0.0005698419581835735,0.000961800000141011
34.179658,0.000961800000141011,0.0009998000001360196,0.0010927561315812718,0.0010499351982715254,0.000961800000141011
34.199658,0.000961800000141011,0.000961800000141011,0.001338047872416792,0.0011712871796229379,0.000961800000141011
34.219658,0.0028618000001188193,0.0013418000001365726,0.0013251000601096153,0.0016230354313659144,0.000961800000141011
34.239657,0.000961800000141011,0.0013798000001315814,0.0010854654402466652,0.0010339911423295637,0.000961800000141011
34.259657,0.000961800000141011,0.0009998000001360196,0.0007103352911499116,0.0007527557110966214,0.000961800000141011
34.279657,0.0011518000001160544,-0.00014019999985066535,0.00032604095700280577,0.00021685827520279315,0.000961800000141011
34.299657,-0.0009381999998367974,-0.00014019999985066535,5.2236323025597305e-05,-7.98783215319286e-05,0.000961800000141011
34.319657,-0.0028381999998146057,-0.00010219999985565665,-4.253052752584325e-05,-0.00029689463854624157,0.000961800000141011
34.339656,0.000961800000141011,-0.00014019999985066535,3.2769572402044557e-05,0.0003036648020048084,0.000961800000141011
34.359656,0.0011518000001160544,0.00023980000014489633,0.0001982827398753113,0.00011543636378254322,0.000961800000141011
34.379656,0.000961800000141011,0.0009998000001360196,0.0003408730564315355,0.00030366480201328856,0.000961800000141011
34.399656,0.000961800000141011,0.00020180000014988764,0.00036298217319299123,0.0005499118882577115,0.000961800000141011
34.419656,0.000961800000141011,0.00016380000015487896,0.00021855850390063296,0.0004436181819673665,0.000961800000141011
34.439655,-0.003028199999789649,-0.00021619999984068272,-7.72100113419088e-05,-0.00024286200450268413,0.000961800000141011
34.459655,0.000961800000141011,-0.0005961999998362443,-0.00046126783843166184,-0.0004288759905123778,-0.0009381999998367974
34.479655,-0.0009381999998367974,-0.0009761999998318061,-0.0008463486122932653,-0.0008668946385286142,-0.0009381999998367974
34.499655,-0.0009381999998367974,-0.0005581999998412357,-0.0011438900296210262,-0.0013208573424873422,-0.0009381999998367974
34.519655,-0.0009381999998367974,-0.001318199999832359,-0.0012830249215973733,-0.001387733799362965,-0.0009381999998367974
34.539654,-0.0009381999998367974,-0.001318199999832359,-0.0012269082777524626,-0.0008562652679054098,-0.0009381999998367974
34.559654,-0.0028381999998146057,-0.0009381999998367974,-0.0009853033558034192,-0.001147244288879072,-0.0009381999998367974
34.579654,-0.0009381999998367974,-0.000520199999846227,-0.0006175690880904651,-0.0005581999998453712,-0.0009381999998367974
34.599654,0.000961800000141011,-0.000520199999846227,-0.0002196417909130761,-0.0003854727271227656,-0.0009381999998367974
34.619653,0.0011518000001160544,0.00027780000013990505,0.00010440524070552372,-0.00011088065253548739,0.000961800000141011
34.639653,-0.0009381999998367974,0.00027780000013990505,0.0002756982096962665,0.0005561123544472931,0.000961800000141011
34.659653,0.0011518000001160544,0.00027780000013990505,0.0002647295888631758,0.0006584200467547979,0.000961800000141011
34.679653,-0.0009381999998367974,0.00023980000014489633,9.803409647584023e-05,0.00018452727287338757,0.000961800000141011
34.699653,0.000961800000141011,-0.00017819999984567403,-0.00015279177913307318,-0.00030708111872343344,0.000961800000141011
34.719653,0.000961800000141011,-0.0006341999998312531,-0.0003957582413970634,-0.0008916965033261613,-0.0009381999998367974
34.739652,-0.003028199999789649,-0.0006341999998312531,-0.0005511139502723279,-0.0007672442888743932,-0.0009381999998367974
34.759652,-0.0011281999998118408,-0.0010141999998268148,-0.0005821446860357056,-0.0006162186478500386,-0.0009381999998367974
34.779652,-0.0009381999998367974,-0.0006341999998312531,-0.0005096177020366767,-9.9365501005418e-05,-0.0009381999998367974
34.799652,-0.0009381999998367974,0.00016380000015487896,-0.0003982897907785593,-0.0003163818180170809,-0.0009381999998367974
34.819651,0.0028618000001188193,0.00016380000015487896,-0.00031846684452646763,-0.0005644004660328329,-0.0009381999998367974
34.839651,0.000961800000141011,-0.00025419999983569144,-0.0003034238940448813,7.779067614869037e-05,-0.0009381999998367974
34.859651,-0.0011281999998118408,-0.00025419999983569144,-0.00032968441219352504,2.0564104158920897e-06,-0.0009381999998367974
34.879651,-0.003028199999789649,-0.00025419999983569144,-0.0003336301454065958,-0.00026190629354182166,-0.0009381999998367974
34.899651,-0.0009381999998367974,-0.0006341999998312531,-0.00025309382451724135,-0.0004789226105566646,-0.0009381999998367974
34.919651,0.0028618000001188193,-0.0005961999998362443,-6.707743934208861e-05,-0.0007092256408591257,-0.0009381999998367974
34.93965,-0.0009381999998367974,0.00020180000014988764,0.00018723419349678212,-0.00019104382268653842,-0.0009381999998367974
34.95965,-0.0009381999998367974,0.0005818000001454493,0.0004236367897660651,0.0007168815852240277,0.000961800000141011
34.97965,0.000961800000141011,0.00020180000014988764,0.0005350515863820754,0.0008537347320750996,0.000961800000141011
34.99965,0.000961800000141011,0.0005818000001454493,0.00043207436153154766,0.0005658559441996732,0.000961800000141011
35.01965,0.000961800000141011,0.00020180000014988764,8.142577253974196e-05,1.268578103644642e-05,0.000961800000141011
35.039649,0.000961800000141011,-0.00017819999984567403,-0.0004708350118229782,-0.0001423258739691583,0.000961800000141011
35.059649,-0.0028381999998146057,-0.0009761999998318061,-0.0011053674660316554,-0.00101039114202111,-0.0009381999998367974
35.079649,-0.0009381999998367974,-0.001774199999817938,-0.0016673521276890587,-0.0018695986012164162,-0.0028381999998146057
35.099649,-0.003028199999789649,-0.0025341999998090615,-0.0020226423508499652,-0.0024763585079681776,-0.0028381999998146057
35.119648,-0.003028199999789649,-0.0021541999998134997,-0.0021088217027397773,-0.002411696503308836,-0.0028381999998146057
35.139648,-0.0028381999998146057,-0.0021541999998134997,-0.0019586318162926933,-0.001926731468348139,-0.0028381999998146057
35.159648,-0.0009381999998367974,-0.0013561999998273678,-0.001684000340092478,-0.00145505314667559,-0.0009381999998367974
35.179648,-0.0009381999998367974,-0.0009761999998318061,-0.0014257178635634948,-0.0011800181816475999,-0.0009381999998367974
35.199648,0.000961800000141011,-0.0009761999998318061,-0.00129057091524153,-0.0008345636361981482,-0.0009381999998367974
35.219648,-0.0011281999998118408,-0.0009761999998318061,-0.0013056262172729796,-0.001255752447380398,-0.0009381999998367974
35.239647,-0.0028381999998146057,-0.0013941999998223764,-0.0014118764901581043,-0.0013957058273291758,-0.0011281999998118408
35.259647,-0.0009381999998367974,-0.0021541999998134997,-0.001499190367892022,-0.001825309556927889,-0.0028381999998146057
35.279647,-0.003028199999789649,-0.0017361999998229294,-0.001463289490484187,-0.00184302517464436,-0.0028381999998146057
35.299647,-0.0028381999998146057,-0.0013561999998273678,-0.0012556593821496395,-0.0016525822842058135,-0.0009381999998367974
35.319647,0.000961800000141011,-0.0009761999998318061,-0.00090293954401996,-0.0007357990674364818,-0.0009381999998367974
35.339646,-0.0009381999998367974,-0.00017819999984567403,-0.0004890598075424262,-5.419067583546639e-05,0.000961800000141011
35.359646,0.000961800000141011,0.0005818000001454493,-0.00011243639025488454,0.0002004713288217095,0.000961800000141011
35.379646,0.000961800000141011,0.00020180000014988764,0.00015794437996954414,0.0003550400933881922,0.000961800000141011
35.399646,0.000961800000141011,0.00020180000014988764,0.00030536245472821563,5.786060621169801e-05,0.000961800000141011
35.419646,-0.0009381999998367974,-0.00017819999984567403,0.00035776535729354465,6.893286728197472e-05,-0.0009381999998367974
35.439645,-0.0009381999998367974,-0.00014019999985066535,0.00035774140383789034,0.00016858321692983568,-0.0009381999998367974
35.459645,-0.0009381999998367974,0.00023980000014489633,0.0003312425763179685,0.00019737109571658332,-0.0009381999998367974
35.479645,0.0011518000001160544,0.00023980000014489633,0.00027638088771901137,0.0004901216784615747,-0.0009381999998367974
35.499645,0.0028618000001188193,0.000619800000140458,0.00017849959641941872,0.00020224289058879837,0.000961800000141011
35.519644,-0.0009381999998367974,0.000619800000140458,3.741100415411254e-05,0.00018009836844718483,0.000961800000141011
35.539644,0.000961800000141011,-0.00021619999984068272,-0.00011652938645423434,0.00018009836844983494,-0.0009381999998367974
35.559644,-0.0009381999998367974,-0.0005961999998362443,-0.0002315181936442504,-0.00020078741242884828,-0.0009381999998367974
35.579644,-0.003028199999789649,-0.00021619999984068272,-0.0002630979551345938,-0.0004443771560130976,0.000961800000141011
35.599644,0.000961800000141011,-0.0005961999998362443,-0.00020293285051069135,-0.0006698083914438736,-0.0009381999998367974
35.619644,0.000961800000141011,-0.00021619999984068272,-8.84602042548742e-05,-0.00028227925392005623,0.000961800000141011
35.639643,-0.0009381999998367974,0.00020180000014988764,1.21679889445309e-05,0.00013182331017634743,0.000961800000141011
35.659643,0.000961800000141011,0.00020180000014988764,3.051999721007767e-05,0.000532639160985663,0.000961800000141011
35.679643,-0.0009381999998367974,0.00020180000014988764,-7.143444605107708e-05,0.00011145034980129294,0.000961800000141011
35.699643,0.000961800000141011,-0.00017819999984567403,-0.0002825565526161868,-0.00042666153830669674,0.000961800000141011
35.719642,0.000961800000141011,-0.0009381999998367974,-0.0005426995616588728,-0.0007632582748989729,-0.0009381999998367974
35.739642,-0.0028381999998146057,-0.000520199999846227,-0.0007633236521107483,-0.0006144470860908998,0.000961800000141011
35.759642,-0.0028381999998146057,-0.0009381999998367974,-0.0008616836718485416,-0.000969202330837179,-0.0011281999998118408
35.779642,0.0011518000001160544,-0.0009381999998367974,-0.000792966062183626,-0.0008301347317692957,-0.0011281999998118408
35.799642,-0.0011281999998118408,-0.0005961999998362443,-0.000564665835493779,-0.000588759440399208,-0.0011281999998118408
35.819642,0.000961800000141011,0.00020180000014988764,-0.00022888578885613028,-0.00044482004646334984,0.000961800000141011
35.839641,-0.0011281999998118408,0.00020180000014988764,0.0001390952680331702,0.00036345501180094514,0.000961800000141011
35.859641,0.0011518000001160544,0.00023980000014489633,0.0004642798229834361,0.0007864153847555843,0.000961800000141011
35.879641,0.0011518000001160544,0.000619800000140458,0.000690223318119907,0.0006956228439638386,0.0011518000001160544
35.899641,-0.0009381999998367974,0.0010378000001310284,0.0007897044460090007,0.0007337114220474138,0.0011518000001160544
35.919641,0.0028618000001188193,0.000619800000140458,0.0007672997543576233,0.0004896787880198023,0.000961800000141011
35.93964,0.000961800000141011,0.00020180000014988764,0.0006536744016245367,0.0005494689978101091,-0.0009381999998367974
35.95964,-0.0009381999998367974,0.0005818000001454493,0.0004922962000830733,0.00045380466215303843,0.000961800000141011
35.97964,-0.0009381999998367974,0.00020180000014988764,0.00032280961044396346,0.0004542475525964008,0.000961800000141011
35.99964,0.000961800000141011,0.00020180000014988764,0.00016964361148289007,0.00040818694653442457,0.000961800000141011
36.019639,0.000961800000141011,0.00020180000014988764,4.277515770720843e-05,-0.0002543771560200333,0.000961800000141011
36.039639,0.000961800000141011,0.00020180000014988764,-5.207803508050024e-05,-0.0002857757574204522,0.000961800000141011
36.059639,-0.0009381999998367974,-0.00017819999984567403,-0.000104928380466763,0.00038403776238314023,-0.0009381999998367974
36.079639,-0.0009381999998367974,-0.00014019999985066535,-0.00010305122429029363,0.00011026153860859301,-0.0009381999998367974
36.099639,-0.0009381999998367974,0.00020380000014483813,-4.003177826002778e-05,-0.0001858923075427295,-0.0009381999998367974
36.119638,0.0011518000001160544,-0.00017619999985072355,7.729501218149106e-05,-0.00014568251733375754,-0.0009381999998367974
36.139638,0.0026818000001185283,0.00020380000014483813,0.00022970589097817126,5.550629385484956e-05,0.000961800000141011
36.159638,-0.0028381999998146057,0.0005838000001403998,0.0003909505709504448,0.0006289328672731649,0.000961800000141011
36.179638,0.000961800000141011,0.0005458000001453911,0.0005317630978621801,0.0006130820514220879,0.000961800000141011
36.199638,0.000961800000141011,0.00023980000014489633,0.000622457702283049,0.0005261356644773857,0.000961800000141011
36.219638,0.000961800000141011,0.000619800000140458,0.0006381929789625465,0.0004832452215892288,0.000961800000141011
36.239637,0.0011518000001160544,0.000619800000140458,0.0005672738384111975,0.0005247137530553542,0.000961800000141011
36.259637,-0.0009381999998367974,0.000619800000140458,0.00041752041420020435,0.0008484200467579322,0.000961800000141011
36.279637,0.000961800000141011,0.00023980000014489633,0.00021604364515835585,0.0002394456877914792,0.000961800000141011
36.299637,0.000961800000141011,-0.00017819999984567403,1.74430652027157e-06,-0.00025260559425082415,-0.0009381999998367974
36.319636,-0.0009381999998367974,-0.00017819999984567403,-0.00018758346059725967,-0.000332325873970703,-0.0009381999998367974
36.339636,-0.0009381999998367974,-0.0005581999998412357,-0.0003301637091497253,-0.00039875944040296355,-0.0009381999998367974
36.359636,-0.0009381999998367974,-0.000520199999846227,-0.000430933736578489,-0.00036731421896134237,-0.0009381999998367974
36.379636,-0.0009381999998367974,-0.000520199999846227,-0.0005202419100788743,-0.00047316503481362524,-0.0009381999998367974
36.399636,0.0011518000001160544,-0.000520199999846227,-0.0006374841141695997,-0.0008832815849213583,-0.0009381999998367974
36.419636,-0.0009381999998367974,-0.000520199999846227,-0.0008064324532084572,-0.0005240974357435763,-0.0009381999998367974
36.439635,-0.0009381999998367974,-0.0009381999998367974,-0.001016020064395205,-0.0007676871793278255,-0.0009381999998367974
36.459635,-0.0009381999998367974,-0.0009381999998367974,-0.001218149719155753,-0.0008518363634733769,-0.0009381999998367974
36.479635,-0.003028199999789649,-0.0013561999998273678,-0.0013444811607164246,-0.0016136079252333936,-0.0009381999998367974
36.499635,0.0011518000001160544,-0.0013561999998273678,-0.00133473334072183,-0.0016136079252307436,-0.0009381999998367974
36.519635,-0.003028199999789649,-0.0017361999998229294,-0.0011652016843142169,-0.0013740041956319846,-0.0028381999998146057
36.539634,-0.0009381999998367974,-0.0005581999998412357,-0.0008668711916186739,-0.0011060554776871905,-0.0009381999998367974
36.559634,-0.0028381999998146057,-0.0009761999998318061,-0.0005243784459429922,-0.00034384102548487187,-0.0009381999998367974
36.579634,0.0028618000001188193,-0.00017819999984567403,-0.0002512525545901445,-6.039114203776829e-05,-0.0009381999998367974
36.599634,-0.0009381999998367974,0.00020180000014988764,-0.00014688490085805434,-8.032121196522039e-05,0.000961800000141011
36.619633,0.000961800000141011,0.00016380000015487896,-0.00025315123340321783,3.970209805610513e-05,0.000961800000141011
36.639633,0.000961800000141011,-0.0005961999998362443,-0.0005331473833369219,-0.00028626526790289633,-0.0009381999998367974
36.659633,-0.003028199999789649,-0.0010141999998268148,-0.0008853759907967346,-0.000990461072088888,-0.0009381999998367974
36.679633,-0.0009381999998367974,-0.0013941999998223764,-0.0011887435609997522,-0.0017300881117067609,-0.0009381999998367974
36.699633,-0.003028199999789649,-0.0021541999998134997,-0.0013571595813731986,-0.001743374824993849,-0.0028381999998146057
36.719632,-0.0009381999998367974,-0.0013561999998273678,-0.0013766654519007876,-0.0015485030301259195,-0.0009381999998367974
36.739632,-0.0028381999998146057,-0.0013561999998273678,-0.001306252411408041,-0.0013447734264013449,-0.0009381999998367974
36.759632,0.000961800000141011,-0.0005581999998412357,-0.0012412951418304657,-0.0004935379951833793,-0.0009381999998367974
36.779632,-0.0009381999998367974,-0.0009381999998367974,-0.0012571817827402192,-0.0009368713285067129,-0.0009381999998367974
36.799632,0.000961800000141011,-0.0005581999998412357,-0.0013619938504997337,-0.001218106759737535,-0.0009381999998367974
36.819631,-0.0028381999998146057,-0.001774199999817938,-0.0014846135438205202,-0.0015972209788427693,-0.0009381999998367974
36.839631,-0.0009381999998367974,-0.001774199999817938,-0.0015072125971048772,-0.0015485030301237996,-0.0009381999998367974
36.859631,-0.005118199999742501,-0.001774199999817938,-0.0013265254676970996,-0.001854097435714107,-0.0009381999998367974
36.879631,-0.0009381999998367974,-0.0010141999998268148,-0.0009108971882466782,-0.0011188993005250866,-0.0009381999998367974
36.899631,0.000961800000141011,-0.0006341999998312531,-0.00032169019430783346,-0.00030840979004663016,0.000961800000141011
36.919631,0.000961800000141011,0.000961800000141011,0.00031145495500684055,0.0005614270397793007,0.000961800000141011
36.93963,0.000961800000141011,0.0013418000001365726,0.0008455730396323738,0.000964014452357825,0.000961800000141011
36.95963,0.0028618000001188193,0.000961800000141011,0.0011794333390094472,0.0015442009325285202,0.000961800000141011
36.97963,0.000961800000141011,0.0009998000001360196,0.0012833361821477849,0.0011712871796197577,0.000961800000141011
36.999629,-0.0009381999998367974,0.0010378000001310284,0.0011951458327448732,0.0011004247087559942,0.0011518000001160544
37.019629,0.0011518000001160544,0.0006578000001354667,0.0009920445856546045,0.0008054596737952517,0.000961800000141011
37.039629,0.0011518000001160544,0.0006578000001354667,0.0007570157477075317,0.0007412405595745022,0.000961800000141011
37.059629,0.000961800000141011,0.0006578000001354667,0.0005553384351521534,0.0003333384616782805,0.000961800000141011
37.079629,0.000961800000141011,0.0006578000001354667,0.00042459257837527373,0.00028019160853045785,0.000961800000141011
37.099629,-0.0009381999998367974,0.00023980000014489633,0.00037331997703113145,0.0007009375292719956,0.000961800000141011
37.119628,0.0011518000001160544,0.00027780000013990505,0.00038398873201440714,0.000590214918553328,0.000961800000141011
37.139628,-0.0009381999998367974,0.0006578000001354667,0.00042035439483070796,0.0005507976691364858,0.0011518000001160544
37.159628,0.0011518000001160544,0.0006578000001354667,0.000440362318353097,0.00045601911435765973,0.0011518000001160544
37.179628,0.0028618000001188193,0.00023980000014489633,0.00041152147323167073,-4.58694624143237e-06,-0.0009381999998367974
37.199628,-0.0009381999998367974,0.00023980000014489633,0.0003208568837256815,0.00010613566448253544,-0.0009381999998367974
37.219627,-0.0009381999998367974,-0.00017819999984567403,0.0001731807292601661,0.0003169515152977267,-0.0009381999998367974
37.239627,-0.0009381999998367974,-0.00017819999984567403,-1.8960721361338835e-05,0.0005924293707727894,-0.0009381999998367974
37.259627,-0.0009381999998367974,0.00020180000014988764,-0.00024180084630073218,-0.0006011603727963915,-0.0009381999998367974
37.279627,0.0028618000001188193,-0.00021619999984068272,-0.00047535291198576806,-0.0007623724940053582,-0.0009381999998367974
37.299627,0.000961800000141011,-0.0010141999998268148,-0.0006835808153260897,-0.0006365916082219131,-0.0009381999998367974
37.319627,-0.003028199999789649,-0.00025419999983569144,-0.0008158817233325451,-0.0005147967364297886,0.000961800000141011
37.339626,-0.0049281999997674575,-0.0010141999998268148,-0.000827054795023122,-0.0005214400930749225,-0.0009381999998367974
37.359626,0.0028618000001188193,-0.0009761999998318061,-0.0007030957311559659,-0.0008159622375960129,-0.0009381999998367974
37.379626,-0.0009381999998367974,-0.0005581999998412357,-0.0004722780507077268,-0.00103962191125599,-0.0009381999998367974
37.399626,0.0011518000001160544,0.00023980000014489633,-0.00019439818862890734,-0.0004306475522921871,-0.0009381999998367974
37.419626,-0.0009381999998367974,-0.00014019999985066535,6.123148745926133e-05,0.0004927790211196284,-0.0009381999998367974
37.439625,-0.0009381999998367974,0.00023980000014489633,0.00023558389472461925,0.000700937529274116,0.000961800000141011
37.459625,0.000961800000141011,0.00020180000014988764,0.0002933487916335176,-0.00015029790194384947,0.000961800000141011
37.479625,0.000961800000141011,0.00020180000014988764,0.00023206451274219504,0.00026823356658405695,0.000961800000141011
37.499625,0.000961800000141011,0.00016380000015487896,8.610011769478105e-05,0.00014200979036360967,0.000961800000141011
37.519625,-0.0009381999998367974,0.00020180000014988764,-7.990704591445787e-05,7.380466215683983e-05,0.000961800000141011
37.539624,-0.0011281999998118408,-0.00017819999984567403,-0.00019094955739842144,-0.00014764055928632585,-0.0009381999998367974
37.559624,0.0011518000001160544,-0.0005581999998412357,-0.00018924650625433987,-0.00039123030287375505,-0.0009381999998367974
37.579624,-0.0009381999998367974,-0.00017819999984567403,-5.818271267416218e-05,-0.0004576638693070758,-0.0009381999998367974
37.599624,-0.0009381999998367974,0.00023980000014489633,0.00016758283168008612,0.0003466251749701388,0.000961800000141011
37.619623,0.000961800000141011,0.00020180000014988764,0.000410983685933321,0.0006898652682080792,0.000961800000141011
37.639623,0.000961800000141011,0.000961800000141011,0.0005792758365434156,0.0003377673661156134,0.000961800000141011
37.659623,0.000961800000141011,0.0005438000001504406,0.0005998397521517965,0.00044583263418523765,0.000961800000141011
37.679623,0.0028618000001188193,0.00016380000015487896,0.00044997428037765513,0.0008785365968811268,0.000961800000141011
37.699623,-0.003028199999789649,0.0005438000001504406,0.0001667747089771353,0.0004799351982870326,0.000961800000141011
37.719623,-0.0009381999998367974,0.00016380000015487896,-0.0001665727286821565,-0.00013125361289305164,-0.0009381999998367974
37.739623,0.0028618000001188193,-0.0010141999998268148,-0.000449921820445952,-0.0008708806525109247,-0.0009381999998367974
37.759622,-0.0009381999998367974,-0.0005961999998362443,-0.0005989945823438643,-0.0009771743588039199,-0.0009381999998367974
37.779622,-0.003028199999789649,-0.0005961999998362443,-0.0005739661977972055,-0.000853165034797634,-0.0009381999998367974
37.799622,-0.0009381999998367974,-0.0005961999998362443,-0.0003966537555553101,6.361818197222775e-05,-0.0009381999998367974
37.819622,-0.0009381999998367974,-0.00021619999984068272,-0.00014592998514116335,0.00022527319362455664,-0.0009381999998367974
37.839621,0.0028618000001188193,0.0005818000001454493,7.414814472529358e-05,-0.0002087594404019492,0.000961800000141011
37.859621,0.000961800000141011,0.0005818000001454493,0.00018200459475230883,0.00019427086262364772,0.000961800000141011
37.879621,0.000961800000141011,0.00016380000015487896,0.00015580491558306564,0.0005131519814999831,0.000961800000141011
37.899621,-0.0009381999998367974,-0.00021619999984068272,3.7779849489863556e-05,0.00022040139875552177,0.000961800000141011
37.919621,-0.003028199999789649,-0.00021619999984068272,-9.566231501840757e-05,-0.0002893655010032526,0.000961800000141011
37.93962,0.000961800000141011,-0.0005961999998362443,-0.00017729481033759874,-0.0009404144520472515,-0.0009381999998367974
37.95962,0.000961800000141011,-0.0005961999998362443,-0.00017960387177426353,-0.00015826992991642031,-0.0009381999998367974
37.97962,-0.0009381999998367974,0.00023980000014489633,-0.00011909499149399469,-0.00011176643341373187,0.000961800000141011
37.99962,-0.0009381999998367974,0.000619800000140458,-3.8373075640801606e-05,0.0003643407926871398,0.000961800000141011
38.019619,0.0011518000001160544,-0.00017819999984567403,2.1349666785471643e-05,0.00033289557124286843,-0.0009381999998367974
38.039619,0.0028618000001188193,0.00020180000014988764,4.408923321346709e-05,8.000512835596146e-05,0.000961800000141011
38.059619,-0.003028199999789649,0.00020180000014988764,4.7874361188253984e-05,-2.407412572287223e-05,0.000961800000141011
38.079619,0.000961800000141011,0.00020180000014988764,7.301907058082691e-05,8.886293721260699e-05,0.000961800000141011
38.099619,-0.0009381999998367974,-0.0005581999998412357,0.00015606880773488233,-0.00014365454530189555,-0.0009381999998367974
38.119618,0.0011518000001160544,0.00023980000014489633,0.0003048800177204321,-8.829323994044162e-05,0.000961800000141011
38.139618,-0.0009381999998367974,0.00023980000014489633,0.0004891229880173793,0.0004104013987448758,0.000961800000141011
38.159618,0.000961800000141011,0.0009998000001360196,0.0006515934362285289,0.0010100750584118511,0.000961800000141011
38.179618,0.000961800000141011,0.000961800000141011,0.000735890270251033,0.001151800000134078,0.000961800000141011
38.199618,0.0028618000001188193,0.000961800000141011,0.0007177941753183528,0.0009547137530525173,0.000961800000141011
38.219617,0.000961800000141011,0.0009998000001360196,0.0006229732480551483,0.0003678839162324478,0.000961800000141011
38.239617,-0.0009381999998367974,0.00020180000014988764,0.0005175637641281017,0.0002925925409424816,0.000961800000141011
38.259617,0.0011518000001160544,-0.00017819999984567403,0.0004727688027875758,0.0006163454546878521,0.000961800000141011
38.279617,-0.003028199999789649,0.00020180000014988764,0.0005221257333840809,0.00018231282066134597,0.000961800000141011
38.299617,0.000961800000141011,0.0009998000001360196,0.0006376183221828423,0.00019559953394896422,0.0011518000001160544
38.319616,0.0028618000001188193,0.00016380000015487896,0.0007411881528239734,0.0009750867134281018,0.000961800000141011
38.339616,0.0030518000000938628,0.0013418000001365726,0.0007461382162618254,0.001125669464010154,0.0028618000001188193
38.359616,-0.003028199999789649,0.0013418000001365726,0.0006037835521916729,0.0008510773894223457,0.0028618000001188193
38.379616,0.0028618000001188193,0.00020180000014988764,0.0003292590314674352,0.0005786997670460491,0.000961800000141011
38.399616,0.000961800000141011,-0.0005961999998362443,-4.721917414818204e-06,-0.00013479673644206997,-0.0009381999998367974
38.419616,-0.0028381999998146057,-0.00017819999984567403,-0.0003006905267134342,-0.0005843305359719453,-0.0009381999998367974
38.439615,-0.0009381999998367974,-0.000520199999846227,-0.00048024569398002055,-0.0008168480184875078,-0.0009381999998367974
38.459615,-0.0009381999998367974,-0.0009001999998417886,-0.0005189807210038078,-0.0003447268063768966,-0.0009381999998367974
38.479615,0.0011518000001160544,-0.000520199999846227,-0.00045613576617356907,-0.0007676871793325956,-0.0009381999998367974
38.499615,-0.0009381999998367974,-0.00014019999985066535,-0.0003755698187559869,-0.000410717482366325,-0.0009381999998367974
38.519614,-0.0009381999998367974,-0.00014019999985066535,-0.0003688064988130807,-7.81067597563591e-05,-0.0009381999998367974
38.539614,0.000961800000141011,-0.0005961999998362443,-0.0004964462366062809,-0.0002242606059016085,-0.0009381999998367974
38.559614,-0.0009381999998367974,-0.0006341999998312531,-0.0007616333795117348,-0.0004740508156849794,-0.0009381999998367974
38.579614,-0.0011281999998118408,-0.0006721999998262618,-0.0011042692851035835,-0.0011538876455067157,-0.0011281999998118408
38.599614,-0.0011281999998118408,-0.001432199999817385,-0.0014188657818299721,-0.0015524890441008096,-0.0011281999998118408
38.619613,-0.0011281999998118408,-0.0018501999998079555,-0.001591590109383948,-0.0018292955709059595,-0.0011281999998118408
38.639614,-0.0028381999998146057,-0.0018121999998129469,-0.0015446389528075263,-0.0020529552445664664,-0.0011281999998118408
38.659613,-0.003028199999789649,-0.0013561999998273678,-0.0012709491096382273,-0.0010276638692920986,-0.0011281999998118408
38.679613,-0.0009381999998367974,-0.0009381999998367974,-0.0008421609885973752,-0.0005958456874855842,-0.0009381999998367974
38.699613,0.0011518000001160544,0.00020180000014988764,-0.0003817930786751221,-0.00039477342641906316,0.000961800000141011
38.719612,0.000961800000141011,0.00023980000014489633,-1.35583513424813e-05,0.0001052498835968711,0.000961800000141011
38.739612,0.0028618000001188193,0.00023980000014489633,0.00018883231955760482,0.0004967650351082989,0.000961800000141011
38.759612,-0.0028381999998146057,0.00020180000014988764,0.0002233095075637655,9.373473208164194e-05,0.000961800000141011
38.779612,-0.0009381999998367974,-0.00017819999984567403,0.00014369016141534604,-8.572960221092728e-06,-0.0009381999998367974
38.799612,0.000961800000141011,-0.0009381999998367974,2.1587379867769607e-05,-0.0002056592073026533,-0.0009381999998367974
38.819611,-0.0009381999998367974,0.00020180000014988764,-8.81385707329594e-05,-0.0003890158506590638,-0.0009381999998367974
38.839611,-0.0009381999998367974,0.00020180000014988764,-0.0001608314932116985,-0.00020743076907610243,-0.0009381999998367974
38.859611,0.0028618000001188193,-0.00017819999984567403,-0.00019389359941240366,0.00041527319361868084,-0.0009381999998367974
38.879611,-0.0009381999998367974,0.00020180000014988764,-0.00018943921845899456,-2.8060139705182534e-05,-0.0009381999998367974
38.899611,-0.0009381999998367974,0.00020180000014988764,-0.00014309110344174636,-0.0002654494170903099,-0.0009381999998367974
38.919611,0.000961800000141011,-0.0005961999998362443,-4.713309545738603e-05,-0.00010202284366665185,-0.0009381999998367974
38.93961,-0.0009381999998367974,-0.00017819999984567403,9.567378786328651e-05,-8.873613038486383e-05,-0.0009381999998367974
38.95961,-0.0011281999998118408,0.00023980000014489633,0.000259397326124479,8.699767046185777e-06,0.000961800000141011
38.97961,0.0011518000001160544,0.00027780000013990505,0.00039491284416054494,0.0007527557110907916,0.0011518000001160544
38.99961,0.0011518000001160544,0.0006578000001354667,0.0004465044824958553,0.00042944568778295345,0.0011518000001160544
39.019609,0.0011518000001160544,0.0006958000001304754,0.0003777138450427284,0.00011942237776273353,0.0011518000001160544
39.039609,0.000961800000141011,-0.00010219999985565665,0.00019101225236519128,0.0005162522145865586,0.000961800000141011
39.059609,-0.0009381999998367974,-0.00014019999985066535,-7.163332883565384e-05,-3.0717482372776364e-05,0.000961800000141011
39.079609,-0.0028381999998146057,-0.00017819999984567403,-0.00034766534553185236,-0.0002813934730365117,0.000961800000141011
39.099609,0.000961800000141011,-0.0009761999998318061,-0.0005798491204820992,-0.0006618363634713026,-0.0009381999998367974
39.119608,0.000961800000141011,-0.0005961999998362443,-0.000734559861453716,-0.0010710671326960213,0.000961800000141011
39.139608,-0.003028199999789649,-0.0005961999998362443,-0.0008070476971998476,-0.0009421860138180502,0.000961800000141011
39.159608,0.000961800000141011,-0.0009761999998318061,-0.000817793922144119,-0.0006538643355019115,-0.0009381999998367974
39.179608,-0.0028381999998146057,-0.0009761999998318061,-0.0008045525045849005,-0.000600717482354089,-0.0009381999998367974
39.199608,-0.0009381999998367974,-0.0005581999998412357,-0.0008099221136218461,-0.0009860321676637453,-0.0009381999998367974
39.219607,0.000961800000141011,-0.0009761999998318061,-0.0008636224661153975,-0.000713211654848856,-0.0009381999998367974
39.239607,-0.0009381999998367974,-0.0005961999998362443,-0.0009642785141634187,-0.0007862885779241308,-0.0009381999998367974
39.259607,-0.0011281999998118408,-0.0005961999998362443,-0.001071192807725497,-0.0010458223774508716,-0.0009381999998367974
39.279607,-0.0009381999998367974,-0.0013941999998223764,-0.0011149010638722037,-0.0009218130534419356,-0.0009381999998367974
39.299607,-0.0009381999998367974,-0.0010141999998268148,-0.001025736338920998,-0.001152116083742277,-0.0009381999998367974
39.319606,-0.003028199999789649,-0.0009761999998318061,-0.000768923490460767,-0.001119342190967919,-0.0009381999998367974
39.339606,0.000961800000141011,-0.0005961999998362443,-0.00036961682989296096,-0.0007318130534478115,-0.0009381999998367974
39.359606,-0.0009381999998367974,-0.00021619999984068272,8.568147338942265e-05,8.531981367047885e-05,0.000961800000141011
39.379606,0.000961800000141011,0.000619800000140458,0.0004748866532690372,0.0008045738929154175,0.000961800000141011
39.399606,0.000961800000141011,0.0009998000001360196,0.0006845878656856081,0.0009595855479226123,0.000961800000141011
39.419605,0.0011518000001160544,0.0009998000001360196,0.0006553454197668355,0.0009374410257756988,0.000961800000141011
39.439605,0.0028618000001188193,0.00023980000014489633,0.0004083370459149279,0.00013536643371264538,0.000961800000141011
39.459605,-0.0009381999998367974,-0.00014019999985066535,3.914164502423927e-05,-0.00011486666651673783,-0.0009381999998367974
39.479605,-0.0028381999998146057,-0.0005581999998412357,-0.0003215684886868608,-0.00039167319331870744,-0.0009381999998367974
39.499605,-0.0009381999998367974,-0.0009381999998367974,-0.000562448449766329,-0.0005356125872545655,-0.0009381999998367974
39.519604,-0.0009381999998367974,-0.0005581999998412357,-0.000632890660383685,-0.0006618363634744827,-0.0009381999998367974
39.539604,0.000961800000141011,-0.00017819999984567403,-0.0005515978544585583,-0.000845193006830893,-0.0009381999998367974
39.559604,0.000961800000141011,-0.00017819999984567403,-0.0003841189399159458,-0.00033144009308397836,-0.0009381999998367974
39.579604,-0.0009381999998367974,-0.00017819999984567403,-0.00020843469242076484,0.00013359487194555654,-0.0009381999998367974
39.599604,-0.0009381999998367974,-0.00017819999984567403,-8.799042512692019e-05,6.273240108391307e-05,-0.0009381999998367974
39.619603,-0.0009381999998367974,-0.00017819999984567403,-5.859553075181078e-05,-2.584568749314118e-05,-0.0009381999998367974
39.639603,0.000961800000141011,-0.00017819999984567403,-0.000123899190101786,-0.0004510205126630016,-0.0009381999998367974
39.659603,0.000961800000141011,-0.00017819999984567403,-0.00025396452079738365,-0.00029157995322430394,-0.0009381999998367974
39.679603,-0.0009381999998367974,-0.00017819999984567403,-0.00038898839351835955,-0.00022514638679151322,-0.0009381999998367974
39.699603,-0.0009381999998367974,-0.00017819999984567403,-0.00045361472807707153,-0.0002517198133646296,-0.0009381999998367974
39.719602,-0.0009381999998367974,-0.0005581999998412357,-0.0003814859805113899,-0.00025614871779348235,-0.0009381999998367974
39.739602,0.000961800000141011,-0.00017819999984567403,-0.00014147029488878398,-0.0002986662003085603,-0.0009381999998367974
39.759602,-0.0009381999998367974,0.00020180000014988764,0.0002451185510090036,-0.000128153379800116,0.000961800000141011
39.779602,0.000961800000141011,0.0005818000001454493,0.0007029761370207999,0.0004143874127324862,0.000961800000141011
39.799602,0.000961800000141011,0.000619800000140458,0.0011186225421493223,0.0012005179488525177,0.000961800000141011
39.819602,0.000961800000141011,0.0013798000001315814,0.001371365135322963,0.00174305874138618,0.000961800000141011
39.839601,0.0011518000001160544,0.001759800000127143,0.0013729160283426287,0.0016832685315964033,0.0011518000001160544
39.859601,0.0028618000001188193,0.0013798000001315814,0.0011038971395605655,0.0011495855479199165,0.0011518000001160544
39.879601,0.0028618000001188193,0.000619800000140458,0.0006312198124109076,0.00036965547800165685,0.0011518000001160544
39.899601,-0.0009381999998367974,-0.00017819999984567403,9.219988792585825e-05,-8.652167817123253e-05,-0.0009381999998367974
39.9196,-0.0028381999998146057,-0.0005581999998412357,-0.00035528289385486903,-0.0002592489508964883,-0.0009381999998367974
39.9396,-0.0028381999998146057,-0.0009001999998417886,-0.0005958854035682365,-0.0005072675989111801,-0.0009381999998367974
39.9596,0.000961800000141011,-0.000520199999846227,-0.0005998746474298332,-0.0007300414916870826,0.000961800000141011
39.9796,0.0011518000001160544,-0.00014019999985066535,-0.00042381073094432687,-0.0008868247084682567,0.000961800000141011
39.999599,0.000961800000141011,0.00023980000014489633,-0.00017421633320069895,-0.0001671277387751857,0.000961800000141011
40.019599,-0.0009381999998367974,-0.00017819999984567403,3.9821958253418716e-05,0.00046399114234030087,-0.0009381999998367974
40.039599,-0.0009381999998367974,0.00012580000015987024,0.00014157910199044923,0.000694737063085064,-0.0009381999998367974
40.059599,-0.0011281999998118408,0.00012580000015987024,0.00010304748558491462,7.026153862213177e-05,-0.0009381999998367974
40.079599,0.002671800000143776,0.00012580000015987024,-5.108348288518253e-05,-0.0005232116548398915,-0.0009381999998367974
40.099599,0.000961800000141011,-0.0002921999998307001,-0.00024841662427035985,-0.0002836079252406029,-0.0009381999998367974
40.119598,-0.0009381999998367974,-0.00025419999983569144,-0.0003878395106944131,-0.00018395757559274185,-0.0009381999998367974
40.139598,-0.003028199999789649,-0.00021619999984068272,-0.00037557502096086467,-0.00036775710939304467,-0.0009381999998367974
40.159598,-0.0009381999998367974,-0.0005961999998362443,-0.0001670464277489472,-0.00021761724925753472,-0.0009381999998367974
40.179598,0.0028618000001188193,-0.00021619999984068272,0.00020718312701544254,-9.901631547999646e-06,-0.0009381999998367974
40.199598,-0.0009381999998367974,0.000961800000141011,0.0006461891585430883,0.0004701916085383625,0.000961800000141011
40.219597,0.000961800000141011,0.0013798000001315814,0.001011130383740991,0.0011433850817207949,0.0011518000001160544
40.239597,0.0028618000001188193,0.000619800000140458,0.0011698922349247,0.0013107976691283474,0.000961800000141011
40.259597,0.0011518000001160544,0.0009998000001360196,0.001037060463050613,0.001225098368428377,0.000961800000141011
40.279597,-0.0009381999998367974,0.000619800000140458,0.0005971238417732069,0.0008422195805545638,0.000961800000141011
40.299597,0.000961800000141011,0.000619800000140458,-9.373395257165742e-05,0.00011809370644059254,0.0
40.319597,-0.0009381999998367974,0.000619800000140458,-0.0009239875023167014,-0.000991346852979852,0.0
