time,raw_wavelength_shift,moving_average,butterworth,savitzky_golay,median
0.02,0.000891700000011042,0.0008157000000210246,0.0008857381790418101,-1.3125174792272879e-05,0.0
0.039999,-0.0011982999999418098,0.0008157000000210246,0.0011184125289487896,0.0008013503496716736,0.000891700000011042
0.06,0.002601700000013807,0.0008157000000210246,0.0012727308708684868,0.0012553130536282818,0.000891700000011042
0.079999,0.000891700000011042,0.0008157000000210246,0.0012875548880647066,0.0014078888112025495,0.000891700000011042
0.099999,0.000891700000011042,0.0019557000000077094,0.0011351278182650413,0.0013182034965194757,0.000891700000011042
0.119999,0.000891700000011042,0.0008157000000210246,0.0008355423989761825,0.0010453829837040525,0.000891700000011042
0.139999,0.004501699999991615,0.0003977000000304542,0.00045989139387480943,0.0008465251748490431,0.000891700000011042
0.159998,-0.003098299999919618,0.00035970000003544557,0.00011321104217969723,-0.00021419743585720684,0.0007017000000359985
0.179998,-0.0011982999999418098,-5.8299999955124805e-05,-0.00010310024941582256,-0.00043785710950870353,-0.0011982999999418098
0.199998,0.0007017000000359985,-0.0011982999999418098,-0.00013529252668215098,-0.0003625657342139675,-0.0011982999999418098
0.219998,-0.0011982999999418098,-5.8299999955124805e-05,-4.6137032704193285e-06,-3.2169463823463046e-05,-0.0011982999999418098
0.239998,-0.0011982999999418098,0.0007017000000359985,0.00019912030686159598,0.0003349400932740275,0.0007017000000359985
0.259997,0.002601700000013807,0.0007397000000310072,0.0003576328937570526,0.0009654062937363612,0.000891700000011042
0.279997,0.002601700000013807,0.0007397000000310072,0.00037972374700803263,0.00039619883454081813,0.000891700000011042
0.299997,0.000891700000011042,0.00031970000004548637,0.00024330449094575398,-1.974522139613818e-05,0.000891700000011042
0.319997,-0.0011982999999418098,-0.00040429999994557876,-1.9444589879095666e-07,-7.16100232624962e-05,-0.0010182999999415188
0.339997,-0.003298299999869414,-0.0007462999999461317,-0.0002606921731797329,-0.0002027289043815898,-0.0010182999999415188
0.359997,-0.0010182999999415188,-0.0007462999999461317,-0.0004590025068127406,-0.0006717965034452373,-0.0010182999999415188
0.379996,0.000891700000011042,-0.00036629999995057004,-0.0005583695550459122,-0.00046422074587255913,0.0007017000000359985
0.399996,0.000891700000011042,5.370000003495079e-05,-0.0005628848775812549,-0.0005420529137022028,0.0007017000000359985
0.419996,0.0007017000000359985,5.370000003495079e-05,-0.0004949368784086633,-0.0005252930069496304,0.0007017000000359985
0.439996,-0.0011982999999418098,-0.0007442999999511812,-0.0003768507663650877,-0.0002474142190770469,-0.0010182999999415188
0.459996,-0.0010182999999415188,-0.0007442999999511812,-0.00023146751571892298,-0.00021454708620703407,-0.0010182999999415188
0.479995,-0.003098299999919618,-0.00036429999995561956,-9.447487482280616e-05,-0.0002591158507735153,-0.0010182999999415188
0.499995,0.000891700000011042,5.370000003495079e-05,-1.79917998107453e-05,-3.661305323149404e-06,0.000891700000011042
0.519995,0.002601700000013807,1.7700000034892584e-05,-5.1983367315494766e-05,-0.0002533116549712534,0.000891700000011042
0.539995,0.000891700000011042,0.0003977000000304542,-0.00021180972907691633,-2.6621678285973992e-05,0.000891700000011042
0.559994,-0.0011982999999418098,-0.0004002999999556778,-0.000456730953937411,-0.0001097219113857528,-0.0011982999999418098
0.579994,-0.0011982999999418098,-0.0007422999999562307,-0.0006990801470809535,-0.0006238710955274074,-0.0011982999999418098
0.599994,-0.003098299999919618,-0.0011602999999468012,-0.0008414245556585217,-0.0009848268064759887,-0.0011982999999418098
0.619994,0.000891700000011042,-0.0011602999999468012,-0.0008198222116371997,-0.0011814701631173668,-0.0011982999999418098
0.639994,-0.0011982999999418098,-0.0004002999999556778,-0.000629984930502719,-0.0006189993006504224,-0.0011982999999418098
0.659993,-0.0011982999999418098,-2.029999996011611e-05,-0.0003264898625599594,-0.0004529153845676508,-0.0011982999999418098
0.679993,0.002601700000013807,-5.8299999955124805e-05,-4.654285560480315e-08,0.000153844522184111,-0.0011982999999418098
0.699993,-0.0011982999999418098,-5.8299999955124805e-05,0.00025443928335158446,0.0003708608391978938,-0.0011982999999418098
0.719993,0.0007017000000359985,0.0007397000000310072,0.00036637264050273435,0.00047272564106256627,0.0007017000000359985
0.739993,-0.0011982999999418098,-2.029999996011611e-05,0.0003072208580901365,0.0004997419580758647,-0.0011982999999418098
0.759992,0.0027916999999888503,0.00035970000003544557,9.608540439680825e-05,0.00012549953383754557,0.0007017000000359985
0.779992,-0.0011982999999418098,-0.0004002999999556778,-0.00020659639118927563,-0.0006340575757104297,-0.0011982999999418098
0.799992,0.0007017000000359985,-0.0004002999999556778,-0.0005179188855896496,-0.0004546869463410997,-0.0011982999999418098
0.819992,-0.003098299999919618,-0.0011982999999418098,-0.000761754075097294,-0.0007757825174315964,-0.0011982999999418098
0.839992,-0.0011982999999418098,-0.0008182999999462482,-0.0008981882054853619,-0.001034873426517625,-0.0011982999999418098
0.859992,-0.0011982999999418098,-0.0011982999999418098,-0.000937889871770436,-0.0010557358973814841,-0.0011982999999418098
0.879991,0.0007017000000359985,-0.0008182999999462482,-0.0009318763485856882,-0.0009677638694073703,-0.0011982999999418098
0.899991,-0.0011982999999418098,-0.00043829999995068645,-0.0009413380672085379,-0.0007360622377045387,-0.0011982999999418098
0.919991,-0.0011982999999418098,-0.0008582999999362073,-0.0010038627642263661,-0.00038454708619070236,-0.0011982999999418098
0.939991,0.0007017000000359985,-0.0008582999999362073,-0.0011132888075065113,-0.0011090226106560933,-0.0011982999999418098
0.959991,-0.003298299999869414,-0.001238299999931769,-0.00122215611251523,-0.0014860389276655423,-0.0011982999999418098
0.97999,0.0007017000000359985,-0.0016182999999273307,-0.0012649462235685318,-0.0016675074591348976,-0.003098299999919618
0.99999,-0.003098299999919618,-0.0016182999999273307,-0.0011912732639491768,-0.0013509340325667883,-0.003098299999919618
1.01999,-0.003098299999919618,-0.0007802999999512395,-0.000992819166089138,-0.0008875307691754357,0.0007017000000359985
1.03999,0.0007017000000359985,-0.0007802999999512395,-0.0007088320607085961,-0.0005611904428454754,0.0007017000000359985
1.059989,0.000891700000011042,1.7700000034892584e-05,-0.0004052872143978232,-0.00012832330999000828,0.0007017000000359985
1.079989,0.0007017000000359985,0.0003977000000304542,-0.0001395008945566146,-3.438391604822439e-05,0.0007017000000359985
1.099989,0.000891700000011042,1.7700000034892584e-05,6.670238988346836e-05,-4.147016313195074e-05,0.0007017000000359985
1.119989,-0.0011982999999418098,-2.029999996011611e-05,0.0002274421343457583,0.000199905128239727,0.0007017000000359985
1.139989,-0.0011982999999418098,-0.0004002999999556778,0.00036825277579047625,0.00023312191145691735,-0.0011982999999418098
1.159988,0.0007017000000359985,0.00035970000003544557,0.0004961356326715228,0.000273424941759954,-0.0011982999999418098
1.179988,-0.0011982999999418098,0.0007397000000310072,0.0005870468159161824,0.0005528888112220972,0.0007017000000359985
1.199988,0.004691699999966659,0.0007397000000310072,0.0005999586531173456,0.0007012571095926383,0.0007017000000359985
1.219988,0.0007017000000359985,0.0007017000000359985,0.0005062689318785178,0.0008190659673998023,0.0005117000000609551
1.239988,-0.0011982999999418098,0.0007017000000359985,0.0003120061255644508,0.000176874825217749,0.0005117000000609551
1.259988,0.0005117000000609551,-0.00047629999994569516,5.712039916916636e-05,-1.3568065221327514e-05,-0.0011982999999418098
1.279987,-0.0011982999999418098,-0.0008562999999412568,-0.00020527331863235253,-0.00015529300694302434,-0.0011982999999418098
1.299987,-0.0011982999999418098,-9.62999999501335e-05,-0.00043287757888246954,-0.0007664818181231086,-0.0011982999999418098
1.319987,-0.0011982999999418098,-0.00043829999995068645,-0.0006050135924422599,-0.0004382999999483557,-0.0011982999999418098
1.339987,0.002601700000013807,-0.00043829999995068645,-0.0007156122515824258,-0.00037408088573184615,-0.0011982999999418098
1.359986,-0.0011982999999418098,-0.00043829999995068645,-0.0007579357653074672,-0.0009166216782686889,-0.0011982999999418098
1.379986,-0.0011982999999418098,-0.00043829999995068645,-0.0007171162402035245,-0.0006668314684794876,-0.0011982999999418098
1.399986,-0.0011982999999418098,-0.0011982999999418098,-0.0005792808620941026,-0.000538393240042759,-0.0011982999999418098
1.419986,-0.0011982999999418098,-0.00043829999995068645,-0.00035036452103097903,-0.00027265897431159625,-0.0011982999999418098
1.439986,-0.0011982999999418098,-5.8299999955124805e-05,-6.78941245998884e-05,-0.00044804358969225566,-0.0011982999999418098
1.459985,0.002601700000013807,0.00032170000004043685,0.00020649589008299711,-2.3311654965757486e-05,0.0007017000000359985
1.479985,0.0007017000000359985,0.00032170000004043685,0.00041160419717680726,0.0006100216783559403,0.0007017000000359985
1.499985,0.0007017000000359985,0.0007397000000310072,0.0005134469415207021,0.0009244738928013029,0.0007017000000359985
1.519985,-0.0011982999999418098,0.000777700000026016,0.0005187041780790384,0.0007446603729896706,0.0007017000000359985
1.539985,0.000891700000011042,0.0003977000000304542,0.00046960567761039445,0.0003217000000307915,0.0007017000000359985
1.559984,0.0027916999999888503,1.7700000034892584e-05,0.0004254177532213085,0.0002486230769528668,-0.0011982999999418098
1.579984,-0.0011982999999418098,0.00043570000002546294,0.00043812233302271855,0.00019060442893653915,0.000891700000011042
1.599984,-0.0011982999999418098,0.000777700000026016,0.0005288335885550255,0.0004430519813800837,0.000891700000011042
1.619984,0.000891700000011042,-2.029999996011611e-05,0.0006735439692046383,0.000706128904456903,-0.0011982999999418098
1.639984,0.002601700000013807,0.000777700000026016,0.0008076035498827764,0.0009642874126091748,0.000891700000011042
1.659983,-0.0011982999999418098,0.0011577000000215776,0.0008506254487447068,0.000644800233129369,0.000891700000011042
1.679983,0.0027916999999888503,0.0011577000000215776,0.0007415207468338252,0.0009876673659942306,0.000891700000011042
1.699983,0.0007017000000359985,-2.2299999955066596e-05,0.0004673810924732947,0.0006770613053959115,0.0007017000000359985
1.719983,0.000891700000011042,0.0003577000000404951,7.29181560387964e-05,4.780722615376875e-05,0.0007017000000359985
1.739983,-0.003298299999869414,-0.00044029999994563693,-0.00035380270998394876,-0.0006162020978475616,0.0007017000000359985
1.759983,0.0007017000000359985,-0.0008202999999411987,-0.0007120529079944347,-0.0007201648018069595,-0.0011982999999418098
1.779982,-0.0011982999999418098,-0.001238299999931769,-0.0009204657259356494,-0.0010250132866500491,-0.0011982999999418098
1.799982,-0.0011982999999418098,-0.00043829999995068645,-0.0009371137728436204,-0.0010542673659044701,-0.0011982999999418098
1.819982,-0.0011982999999418098,-0.00043829999995068645,-0.0007631121247226702,-0.00044307855472650596,-0.0011982999999418098
1.839982,0.0007017000000359985,-0.00040229999995062827,-0.0004332078745651631,4.6781585121177135e-05,-0.0010182999999415188
1.859981,0.0007017000000359985,0.00039570000003550374,-9.123975523089209e-07,-0.00020552610718127046,0.0007017000000359985
1.879981,-0.0010182999999415188,0.00039570000003550374,0.0004735893434132575,0.00027710792544211917,0.0007017000000359985
1.899981,0.0027916999999888503,0.00043370000003051246,0.0009280775501070535,0.0006713969697230864,0.0007017000000359985
1.919981,-0.0011982999999418098,0.0008517000000210828,0.001297882495525341,0.0013519797202957502,0.000891700000011042
1.939981,0.000891700000011042,0.001575700000012148,0.0015185559018429688,0.0017381102564176072,0.002601700000013807
1.95998,0.0027916999999888503,0.0015377000000171392,0.001538981073436208,0.001303028671347449,0.002601700000013807
1.97998,0.002601700000013807,0.0015737000000171975,0.001343474826251272,0.001413401631725829,0.002601700000013807
1.99998,0.002601700000013807,0.0007357000000411063,0.0009697922663056501,0.0007831685315076673,0.002601700000013807
2.01998,-0.0010182999999415188,0.0006977000000460976,0.0005067399211893342,0.0008872244755653699,0.002601700000013807
2.039979,-0.003298299999869414,-6.229999994502577e-05,6.711510100318006e-05,9.002167837665164e-05,-0.0010182999999415188
2.059979,0.002601700000013807,-0.0004422999999405874,-0.0002500266894819632,-0.0004715400931787271,-0.0010182999999415188
2.079979,-0.0011982999999418098,-0.00047829999994064565,-0.000386988326327882,-0.0005653862470275063,-0.0011982999999418098
2.099979,0.0007017000000359985,0.00032170000004043685,-0.00033467914569099795,-0.000358486480131232,0.0007017000000359985
2.119979,-0.0011982999999418098,-5.8299999955124805e-05,-0.00012412076210862566,0.0002452664336099982,0.0007017000000359985
2.139979,0.0007017000000359985,0.00032170000004043685,0.0001879799138300857,0.0005178538461870755,0.0007017000000359985
2.159978,0.0007017000000359985,0.00035970000003544557,0.0005335503470739589,9.139696973363044e-05,0.0007017000000359985
2.179978,0.0007017000000359985,0.000777700000026016,0.0008455413830570881,0.0007933783217028104,0.0007017000000359985
2.199978,0.000891700000011042,0.0008157000000210246,0.0010680188680306456,0.0011233317016499525,0.000891700000011042
2.219978,0.000891700000011042,0.0011957000000165862,0.001164198873303497,0.0012247536130717926,0.000891700000011042
2.239978,0.000891700000011042,0.0011957000000165862,0.0011229828172936716,0.000974077622399047,0.000891700000011042
2.259977,0.002601700000013807,0.000777700000026016,0.0009631151118876649,0.0010604412587598199,0.000891700000011042
2.279977,0.0007017000000359985,0.000777700000026016,0.0007314386568276795,0.0007659191142419094,0.000891700000011042
2.299977,-0.0011982999999418098,0.000777700000026016,0.0004917089966007045,0.0004935414918709126,0.000891700000011042
2.319977,0.000891700000011042,1.7700000034892584e-05,0.0003054745844624782,0.0002836114219445662,0.0007017000000359985
2.339977,0.000891700000011042,1.7700000034892584e-05,0.00021261115614290885,-3.482680648946686e-05,0.0007017000000359985
2.359977,-0.0011982999999418098,0.0003977000000304542,0.0002199224616347541,0.00037971864805029905,0.0007017000000359985
2.379976,0.0007017000000359985,0.00035970000003544557,0.00030183307905408467,0.0004390659674009535,0.0007017000000359985
2.399976,0.0007017000000359985,0.0007017000000359985,0.00041226073974472155,0.00033941561775256246,0.0007017000000359985
2.419976,0.0007017000000359985,0.00032170000004043685,0.0005028717581208999,0.00047449720283495515,0.0007017000000359985
2.439976,0.002601700000013807,0.00035970000003544557,0.0005399128405110774,0.0004815834499202716,0.0007017000000359985
2.459975,-0.003098299999919618,0.0007397000000310072,0.0005124639611561873,0.0005927489510817715,0.000891700000011042
2.479975,0.000891700000011042,0.00035970000003544557,0.0004310938128964175,0.0003690892774244446,0.000891700000011042
2.499975,0.002601700000013807,-2.029999996011611e-05,0.00032223221678109507,0.000663611421943415,0.0007017000000359985
2.519975,-0.0011982999999418098,0.0007397000000310072,0.0002226860951553793,0.0002805111888484504,0.0007017000000359985
2.539975,0.0007017000000359985,0.0007017000000359985,0.00017248574456267435,-0.00013359137524795311,0.0007017000000359985
2.559974,0.0007017000000359985,-0.00043829999995068645,0.00020204262210870254,0.000167131235474909,0.0007017000000359985
2.579974,0.0007017000000359985,-5.8299999955124805e-05,0.0003146403451151123,0.00018484685319031978,0.0007017000000359985
2.599974,-0.003098299999919618,0.00032170000004043685,0.00047241185132708196,0.00035358811192584517,0.0007017000000359985
2.619974,0.0007017000000359985,0.0007397000000310072,0.000597896767304292,0.0005745904429261785,0.0007017000000359985
2.639974,0.002601700000013807,0.00035970000003544557,0.0005993039239496898,0.0008925391608639869,0.0007017000000359985
2.659973,0.0027916999999888503,0.0007397000000310072,0.00041296395341352144,0.0003356627039969339,0.0007017000000359985
2.679973,-0.0011982999999418098,0.000777700000026016,4.0084100350673535e-05,0.0004751965035298405,0.000891700000011042
2.699973,-0.0011982999999418098,-0.00078229999994619,-0.00044623167968124684,-0.0004055727272236799,-0.0011982999999418098
2.719973,0.000891700000011042,-0.0012002999999367603,-0.0009298537937689491,-0.0012238710955077088,-0.0011982999999418098
2.739973,-0.005198299999847222,-0.001962299999922834,-0.0013009751675800026,-0.0015288827505156768,-0.0011982999999418098
2.759973,0.0007017000000359985,-0.0012022999999317108,-0.0015006141580090875,-0.0019243372959570825,0.0007017000000359985
2.779972,-0.005008299999872179,-0.0016202999999222812,-0.001538954361080752,-0.0014771578087808754,-0.0011982999999418098
2.799972,0.002601700000013807,-0.0012402999999267194,-0.0014796828764746302,-0.0013596752912981675,-0.0011982999999418098
2.819972,-0.0011982999999418098,-0.0012402999999267194,-0.001399923711469362,-0.0010776240092509042,-0.0011982999999418098
2.839972,-0.003298299999869414,-0.00047829999994064565,-0.0013478701711275463,-0.0007058524474915195,-0.0011982999999418098
2.859971,0.0007017000000359985,-0.001238299999931769,-0.0013195006544944859,-0.0014192557108850439,-0.0011982999999418098
2.879971,-0.0011982999999418098,-0.0016182999999273307,-0.0012637577939936869,-0.0013492090908435515,-0.0011982999999418098
2.899971,-0.0011982999999418098,-0.0011982999999418098,-0.001112271642170116,-0.001699791841420981,-0.0011982999999418098
2.919971,-0.003098299999919618,-0.0011982999999418098,-0.0008203235491147789,-0.0008619130535582676,-0.0011982999999418098
2.939971,-0.0011982999999418098,-0.00043829999995068645,-0.00039962041941156445,-0.00011680815846894921,-0.0011982999999418098
2.95997,0.0007017000000359985,-2.029999996011611e-05,7.586612218074941e-05,-0.0003289060605597747,0.0007017000000359985
2.97997,0.002601700000013807,0.0007397000000310072,0.0004968238959876307,0.0005657326340652932,0.0007017000000359985
2.99997,0.000891700000011042,0.0007397000000310072,0.0007644311946527057,0.0008668981352251575,0.0007017000000359985
3.01997,0.0007017000000359985,0.0011577000000215776,0.000830248612544412,0.0010927722610955858,0.000891700000011042
3.03997,-0.0011982999999418098,0.0003977000000304542,0.0007119311686407656,0.0009554762238011517,0.0007017000000359985
3.059969,0.0027916999999888503,0.00035970000003544557,0.0004829513971978526,0.0005701615384920259,0.0007017000000359985
3.079969,-0.0011982999999418098,0.00035970000003544557,0.000245950073617377,-0.00013846317012228824,0.0007017000000359985
3.099969,0.0007017000000359985,0.00035970000003544557,0.00010032411751224441,-0.00016503659669222452,0.0007017000000359985
3.119969,0.0007017000000359985,-0.00043829999995068645,0.00011147678861967735,0.00012771398605435682,-0.0011982999999418098
3.139969,-0.0011982999999418098,0.00032170000004043685,0.0002883302892351249,0.00042843659677721903,0.0007017000000359985
3.159968,-0.0011982999999418098,0.0007017000000359985,0.0005769853458712784,0.0004018631702041028,0.0007017000000359985
3.179968,0.002601700000013807,0.0007017000000359985,0.0008770958138428247,0.0009692058275363722,0.0007017000000359985
3.199968,0.002601700000013807,0.001119700000026569,0.0010792620967620238,0.0011423293706563677,0.000891700000011042
3.219968,0.0007017000000359985,0.0014997000000221306,0.001108980194292473,0.0011457093240357379,0.000891700000011042
3.239968,0.000891700000011042,0.001119700000026569,0.0009562551836091254,0.0013441941725181989,0.0007017000000359985
3.259967,0.0007017000000359985,0.00039570000003550374,0.0006772382614380559,0.0009760123543410845,0.0007017000000359985
3.279967,0.0007017000000359985,0.00039570000003550374,0.00036891132622255876,-0.00013422074587626488,0.0007017000000359985
3.299967,-0.0010182999999415188,-2.2299999955066596e-05,0.00012876641444785147,-9.2262703919745e-05,0.0007017000000359985
3.319967,0.0007017000000359985,-0.00040229999995062827,1.509457904081954e-05,-0.00015016480181928653,-0.0010182999999415188
3.339967,-0.0011982999999418098,1.5700000039942098e-05,2.2428963086260887e-05,-0.00022776386941694877,-0.0010182999999415188
3.359967,-0.0011982999999418098,-2.029999996011611e-05,8.23469628095512e-05,0.00022186317019374117,-0.0011982999999418098
3.379966,0.0027916999999888503,1.7700000034892584e-05,9.174027089323475e-05,0.00017512657345907114,-0.0011982999999418098
3.399966,-0.0011982999999418098,0.00043570000002546294,-4.058088944847568e-05,0.00029715454548741744,0.000891700000011042
3.419966,0.000891700000011042,1.5700000039942098e-05,-0.00034809201154674906,-0.0002507941724521767,0.000891700000011042
3.439965,0.000891700000011042,-0.00078229999994619,-0.0007828526331295425,-0.0005523093239608087,-0.0011982999999418098
3.459965,-0.003298299999869414,-0.0011622999999417517,-0.0012266559393028903,-0.001269908391548024,-0.0011982999999418098
3.479965,-0.0011982999999418098,-0.001580299999932322,-0.0015342216337916313,-0.0019013536129800167,-0.0011982999999418098
3.499965,-0.003098299999919618,-0.001998299999922892,-0.001590340139644443,-0.0014333116549463108,-0.0011982999999418098
3.519965,-0.0011982999999418098,-0.0011982999999418098,-0.0013559149300337741,-0.0017161787878105452,-0.0011982999999418098
3.539965,-0.0011982999999418098,-0.0007802999999512395,-0.0008835085884806122,-0.0012543139859558898,-0.0011982999999418098
3.559964,0.0007017000000359985,-0.0004002999999556778,-0.00029770652866264357,5.591911425418654e-05,-0.0011982999999418098
3.579964,0.000891700000011042,0.00035970000003544557,0.0002492986723411441,0.0005683899767228169,0.0007017000000359985
3.599964,-0.0011982999999418098,0.001119700000026569,0.0006283952056645958,0.0010312104895381902,0.000891700000011042
3.619964,0.002601700000013807,0.0007397000000310072,0.000772794335022888,0.0007056860140183109,0.000891700000011042
3.639964,0.002601700000013807,0.00032170000004043685,0.0006938709368965389,0.0003092990676373181,-0.0011982999999418098
3.659963,-0.0011982999999418098,0.00032170000004043685,0.00046840198316453195,0.0004753829837211498,-0.0011982999999418098
3.679963,-0.0011982999999418098,-5.8299999955124805e-05,0.00020129881126569295,0.00012328508162974436,-0.0011982999999418098
3.699963,-0.0011982999999418098,-5.8299999955124805e-05,-1.974891711278772e-05,9.936899771203156e-05,-0.0011982999999418098
3.719963,0.0007017000000359985,-0.00043829999995068645,-0.0001551055432147677,-0.0005693955710447281,-0.0011982999999418098
3.739963,0.002601700000013807,-5.8299999955124805e-05,-0.0002161155556032825,-0.0005428221444716116,0.0007017000000359985
3.759962,-0.003098299999919618,-5.8299999955124805e-05,-0.000245052128376389,6.393776228120975e-05,0.0007017000000359985
3.779962,0.0007017000000359985,-5.8299999955124805e-05,-0.0002876265380031674,0.00028981188815269837,0.0007017000000359985
3.799962,-0.0011982999999418098,-0.00043829999995068645,-0.00037007441378424425,-0.00022394102559421643,0.0007017000000359985
3.819962,0.0007017000000359985,-5.8299999955124805e-05,-0.0004851520213378412,-0.0007314934731388292,0.0007017000000359985
3.839962,0.0007017000000359985,-0.0008182999999462482,-0.0005896079401361401,-0.0008222860139326949,-0.0011982999999418098
3.859962,-0.0011982999999418098,-0.00043829999995068645,-0.0006168575010541134,-0.0002930319346866507,0.0007017000000359985
3.879961,-0.003098299999919618,-0.0004002999999556778,-0.0005040768148333552,-0.0004679736596276581,0.0007017000000359985
3.899961,0.0007017000000359985,-0.0004002999999556778,-0.00022292124073663132,-0.0003107475524041817,0.0007017000000359985
3.919961,0.000891700000011042,-2.029999996011611e-05,0.00020209632897919726,-0.0001845237761821445,0.0007017000000359985
3.939961,0.0007017000000359985,0.0007397000000310072,0.0006967421552061165,0.00038459044292569404,0.0007017000000359985
3.95996,0.0007017000000359985,0.001119700000026569,0.001158631732659242,0.0015117466200695044,0.0007017000000359985
3.97996,0.0007017000000359985,0.0014617000000271218,0.0014878160961333817,0.0018567582750803639,0.0007017000000359985
3.99996,0.002601700000013807,0.0018417000000226836,0.0016177412462627288,0.001746035664358516,0.002601700000013807
4.01996,0.002601700000013807,0.0014617000000271218,0.0015385406284538702,0.001498017016343294,0.002601700000013807
4.039959,0.002601700000013807,0.0014997000000221306,0.0013028487228810234,0.0010777139860419385,0.002601700000013807
4.059959,-0.0011982999999418098,0.0007397000000310072,0.0010066865520329473,0.0011109307692575387,0.000891700000011042
4.079959,0.000891700000011042,0.00035970000003544557,0.0007492988487213767,0.0005170146853500333,0.0007017000000359985
4.099959,-0.0011982999999418098,0.00035970000003544557,0.0005900100992881603,0.0004443806527128206,0.0007017000000359985
4.119959,0.0007017000000359985,0.00035970000003544557,0.000524842480958565,0.0002827256410610216,0.0007017000000359985
4.139959,0.002601700000013807,0.0007397000000310072,0.0004952862751480501,0.0006958958042241986,0.0007017000000359985
4.159959,-0.0011982999999418098,0.0007017000000359985,0.00042327555699321113,0.0006213270396656187,0.0007017000000359985
4.179958,0.0027916999999888503,0.0007017000000359985,0.0002528761075582317,0.0003569913753374768,0.0007017000000359985
4.199958,-0.0013882999999168533,-0.00047829999994064565,-2.1878313379759974e-05,0.0002217699301171668,-0.0011982999999418098
4.219958,0.0007017000000359985,-6.029999995007529e-05,-0.00035404737341232495,-0.0005137778554211512,0.0007017000000359985
4.239958,-0.003298299999869414,-0.0008582999999362073,-0.0006637503374932522,-0.0005768314684777517,-0.0011982999999418098
4.259957,0.000891700000011042,-0.0008202999999411987,-0.0008692003409315038,-0.0009741508157877313,-0.0011982999999418098
4.279957,-0.0011982999999418098,-0.0008202999999411987,-0.000914820163623539,-0.0012602813519118998,-0.0011982999999418098
4.299957,-0.0011982999999418098,-0.0008202999999411987,-0.0007878323715385825,-0.0005578571094993576,-0.0011982999999418098
4.319957,0.0007017000000359985,-0.00047829999994064565,-0.0005217049287482391,-0.000717274358913744,-0.0011982999999418098
4.339957,-0.003298299999869414,-9.829999994508399e-05,-0.00018778926473290877,8.750419585280508e-05,0.0007017000000359985
4.359956,0.002601700000013807,-9.829999994508399e-05,0.00012362925458471395,-8.860303024652044e-05,0.0007017000000359985
4.379956,0.0007017000000359985,0.0002817000000504777,0.00032994533823964154,0.00044808694643360737,0.0007017000000359985
4.399956,-0.0011982999999418098,0.0007017000000359985,0.0003829627117790052,0.0005483200466627477,0.0007017000000359985
4.419956,0.002601700000013807,0.00032170000004043685,0.00028540855579748585,0.00021209627044090036,0.0007017000000359985
4.439956,-0.0011982999999418098,-5.8299999955124805e-05,8.985429146186553e-05,0.0004124459207808049,-0.0011982999999418098
4.459955,0.0007017000000359985,-5.8299999955124805e-05,-0.00012064074328538268,-0.00027270559436074865,-0.0011982999999418098
4.479955,-0.0011982999999418098,-0.0004002999999556778,-0.00026399598120850615,-0.0005749200465727459,-0.0011982999999418098
4.499955,-0.0011982999999418098,-0.0004002999999556778,-0.0002911509112986754,-0.00048095734260983087,-0.0011982999999418098
4.519955,0.000891700000011042,-0.0007442999999511812,-0.00020535030989524543,-0.0007610039626537834,-0.0011982999999418098
4.539955,-0.0011982999999418098,1.5700000039942098e-05,-5.9327740572176916e-05,0.0003715135198425665,-0.0010182999999415188
4.559954,-0.0010182999999415188,0.00043370000003051246,7.041754037949895e-05,0.0006205811189099212,0.000891700000011042
4.579954,0.002601700000013807,0.0008137000000260741,0.0001234311002816082,0.0004759424242759981,0.000891700000011042
4.599954,0.000891700000011042,0.00039370000004055326,9.187054456599867e-05,2.1746620088998166e-05,0.000891700000011042
4.619954,0.0027916999999888503,-2.2299999955066596e-05,3.2428573037042624e-05,-0.00026811351976383765,0.000891700000011042
4.639954,-0.003298299999869414,-0.00040229999995062827,3.996854024452676e-05,0.00012055780890246707,0.0007017000000359985
4.659953,-0.003098299999919618,-6.029999995007529e-05,0.00019165705265343185,1.1000699347947659e-05,0.0007017000000359985
4.679953,0.0007017000000359985,-9.829999994508399e-05,0.0004941308979078057,9.067435902238427e-05,0.0007017000000359985
4.699953,0.002601700000013807,0.0007017000000359985,0.0008689454087011894,0.0008286696970105554,0.0007017000000359985
4.719953,0.002601700000013807,0.0018417000000226836,0.0011865603869285987,0.0010845904429248846,0.002601700000013807
4.739953,0.0007017000000359985,0.0018417000000226836,0.0013267881596775951,0.0021480869463980238,0.002601700000013807
4.759952,0.002601700000013807,0.0010817000000315602,0.0012303019471055102,0.001366268764598009,0.0007017000000359985
4.779952,0.0007017000000359985,0.0007017000000359985,0.0009169024999298235,0.000725476223816856,0.0007017000000359985
4.799953,-0.0011982999999418098,-9.829999994508399e-05,0.0004676392686782265,0.0001646370629870336,0.0007017000000359985
4.819952,0.0007017000000359985,-9.829999994508399e-05,-1.4658975668078136e-05,-2.836993001603162e-05,0.0007017000000359985
4.839952,-0.003298299999869414,-0.00047829999994064565,-0.00044457653902952926,-0.000602029603668449,-0.0011982999999418098
4.859951,0.002601700000013807,-0.00047829999994064565,-0.0007755564407022355,-0.0007901414917786981,-0.0011982999999418098
4.879951,-0.0011982999999418098,-0.001238299999931769,-0.0009993995153499218,-0.0010665983682340203,-0.0011982999999418098
4.899951,-0.0011982999999418098,-0.00043829999995068645,-0.0011327513870591414,-0.0011435214451589884,-0.0011982999999418098
4.919951,-0.003098299999919618,-0.0015782999999373714,-0.0012026799417445737,-0.0007693955710454053,-0.0011982999999418098
4.93995,0.0007017000000359985,-0.0011982999999418098,-0.0012363757816245483,-0.0010351298367765678,-0.0011982999999418098
4.95995,-0.003098299999919618,-0.0008182999999462482,-0.0012530173647630016,-0.0013614701631091783,0.0007017000000359985
4.97995,0.0007017000000359985,-0.001238299999931769,-0.0012568325308350108,-0.001345386247017639,0.0007017000000359985
4.99995,0.0007017000000359985,-0.001238299999931769,-0.0012357669182924873,-0.0013952696968949274,0.0007017000000359985
5.01995,-0.005198299999847222,-0.0012782999999217282,-0.0011711093025958664,-0.0010770878787134776,0.0007017000000359985
5.039949,0.0007017000000359985,-0.0012782999999217282,-0.0010560910232509403,-0.0011969013985244823,0.0007017000000359985
5.059949,-0.003298299999869414,-0.0012782999999217282,-0.0009115126692820031,-0.0008334981351265783,0.0007017000000359985
5.079949,0.0007017000000359985,-0.00047829999994064565,-0.0007847953700007115,-0.0010675307691598267,0.0007017000000359985
5.099949,0.0007017000000359985,-0.0008582999999362073,-0.000729594634213228,-0.0008183466199841664,-0.0011982999999418098
5.119949,-0.0011982999999418098,-0.00043829999995068645,-0.0007774519580720841,-0.0003605377621884651,-0.0011982999999418098
5.139949,-0.0011982999999418098,-0.0008182999999462482,-0.0009184586701805194,-0.0009013303029745796,-0.0011982999999418098
5.159948,-0.0011982999999418098,-0.0011982999999418098,-0.0011010287233265484,-0.0007873442889949178,-0.0011982999999418098
5.179948,-0.0011982999999418098,-0.0011982999999418098,-0.0012491367710612004,-0.0013178804195208363,-0.0011982999999418098
5.199948,-0.0011982999999418098,-0.0011982999999418098,-0.0012882870572887744,-0.001676621678257906,-0.0011982999999418098
5.219948,-0.0011982999999418098,-0.0011982999999418098,-0.0011710942991288132,-0.0012780202796611618,-0.0011982999999418098
5.239948,-0.0011982999999418098,-0.0011982999999418098,-0.0008954050972519137,-0.0009281368297817977,-0.0011982999999418098
5.259947,-0.0011982999999418098,-0.00043829999995068645,-0.0005091920746270879,-0.0005118198134696427,-0.0011982999999418098
5.279947,-0.0011982999999418098,-5.8299999955124805e-05,-9.80498434124516e-05,0.00010202634036743521,-0.0011982999999418098
5.299947,0.002601700000013807,0.00032170000004043685,0.0002440083450064761,0.00029911258745376595,0.0007017000000359985
5.319947,0.0007017000000359985,0.0007017000000359985,0.0004510360727129033,0.0004784832168241558,0.0007017000000359985
5.339947,0.0007017000000359985,0.0006637000000409898,0.000512225260034782,0.0005958491841900777,0.0007017000000359985
5.359946,0.0007017000000359985,0.0002837000000454282,0.0004749267152394463,0.0005909773893210428,0.0007017000000359985
5.379946,-0.0013882999999168533,0.0002837000000454282,0.0004215326576261583,0.00031195641030120166,0.0007017000000359985
5.399946,0.0007017000000359985,0.0002837000000454282,0.0004325075995668894,0.00019237599072005837,0.0007017000000359985
5.419946,0.0007017000000359985,0.00032170000004043685,0.0005538354049252262,0.0005909773893146825,0.0007017000000359985
5.439945,0.0007017000000359985,0.001119700000026569,0.0007820017154595258,0.0006706976690319113,0.0007017000000359985
5.459945,0.000891700000011042,0.001119700000026569,0.0010689568743898984,0.0011091592074862098,0.0007017000000359985
5.479945,0.002601700000013807,0.001119700000026569,0.0013409930369871021,0.0013438911422132835,0.0007017000000359985
5.499945,0.0007017000000359985,0.0014997000000221306,0.0015225571240828344,0.0016091825175042639,0.000891700000011042
5.519945,0.0007017000000359985,0.0014617000000271218,0.001557747415530625,0.0015538212121449302,0.0007017000000359985
5.539945,0.002601700000013807,0.0014617000000271218,0.0014259089501940617,0.001564893473218917,0.0007017000000359985
5.559944,0.0007017000000359985,0.0010817000000315602,0.0011497985296558164,0.0011242174825504571,0.0007017000000359985
5.579944,0.002601700000013807,0.0010817000000315602,0.0007936582606529508,0.0006751265734628841,0.0007017000000359985
5.599944,-0.0011982999999418098,0.00032170000004043685,0.0004477944398202828,0.0007282734266091166,0.0007017000000359985
5.619944,0.0007017000000359985,0.00032170000004043685,0.00020050150867336895,0.00026323846157958185,0.0007017000000359985
5.639944,-0.0011982999999418098,-5.8299999955124805e-05,0.00010600527981454454,-0.00033289207454208534,0.0007017000000359985
5.659944,0.0007017000000359985,-5.8299999955124805e-05,0.0001619046430916906,-8.708787874314473e-05,0.0007017000000359985
5.679943,0.0007017000000359985,-5.8299999955124805e-05,0.0003068936655609325,0.00019857645691600027,0.0007017000000359985
5.699943,-0.0011982999999418098,0.0007397000000310072,0.0004414354447113599,0.0007278305361625744,0.0007017000000359985
5.719943,0.0007017000000359985,0.0007397000000310072,0.00046574750645725116,0.0006237512820837407,0.0007017000000359985
5.739943,0.0027916999999888503,0.00035970000003544557,0.00032299516158299174,0.000624194172524453,0.0007017000000359985
5.759942,0.0007017000000359985,0.00035970000003544557,3.0484870538435553e-05,-2.813519411295389e-07,0.0007017000000359985
5.779942,-0.0011982999999418098,-2.029999996011611e-05,-0.00031843286488877605,-0.00012871958037520814,-0.0011982999999418098
5.799942,-0.0011982999999418098,-0.0008562999999412568,-0.0005880908411249891,-0.0005981834498309457,-0.0011982999999418098
5.819942,-0.0011982999999418098,-0.0008562999999412568,-0.0006574026073582415,-0.0008904911421325746,-0.0011982999999418098
5.839942,-0.0013882999999168533,-0.0008562999999412568,-0.00047411372280812544,-0.0010499317015686222,-0.0011982999999418098
5.859941,0.0007017000000359985,-9.62999999501335e-05,-8.189210336066372e-05,-0.0002744305360786852,-0.0011982999999418098
5.879941,-0.0011982999999418098,0.0002837000000454282,0.00039128621081265593,0.0006224226107631939,0.0007017000000359985
5.899941,0.002601700000013807,0.0010817000000315602,0.0007789769949600357,0.0010542407925750086,0.0007017000000359985
5.919941,0.0007017000000359985,0.0010817000000315602,0.0009389328039180755,0.0011804645687954556,0.0007017000000359985
5.939941,0.002601700000013807,0.0010817000000315602,0.0008083183338088224,0.0010010939394245358,0.0007017000000359985
5.95994,0.0007017000000359985,0.00032170000004043685,0.000428707846402716,0.00047582587416451213,0.0007017000000359985
5.97994,-0.0011982999999418098,-5.8299999955124805e-05,-7.064320937582934e-05,-9.993170158634049e-05,-0.0011982999999418098
5.99994,-0.0011982999999418098,-0.0008182999999462482,-0.0005247860692255597,-0.0007421228437699838,-0.0011982999999418098
6.01994,-0.0011982999999418098,-0.0011982999999418098,-0.0007978000031045857,-0.0012071578087995186,-0.0011982999999418098
6.039939,-0.0011982999999418098,-0.0008182999999462482,-0.0008327134086328383,-0.0012514468530880458,-0.0011982999999418098
6.059939,-0.0011982999999418098,-0.0008182999999462482,-0.0006672767525617991,-0.00038072424237751046,-0.0011982999999418098
6.079939,0.0007017000000359985,-5.8299999955124805e-05,-0.00041168562344196116,-4.1913053567892774e-05,-0.0011982999999418098
6.099939,-0.0011982999999418098,0.00032170000004043685,-0.00019935630455837703,-0.0001504212120729293,0.0007017000000359985
6.119939,0.002601700000013807,-9.62999999501335e-05,-0.0001317254821887883,0.0001308142191605431,0.0007017000000359985
6.139939,0.0007017000000359985,-0.00047629999994569516,-0.00024030481478040278,-0.00011941888106884019,-0.0011982999999418098
6.159938,-0.0032882999998946616,-9.62999999501335e-05,-0.00048184084364057784,-0.0006575307691741798,0.0007017000000359985
6.179938,-0.0011982999999418098,-0.0012362999999368184,-0.000766182884056317,-0.0009653396269797083,-0.0011982999999418098
6.199938,0.0007017000000359985,-0.0016162999999323802,-0.0009997687155361525,-0.0010428454544854258,-0.0011982999999418098
6.219938,-0.003098299999919618,-0.0008182999999462482,-0.0011224461992686613,-0.0014082300698670996,-0.0011982999999418098
6.239938,-0.0011982999999418098,-0.0008182999999462482,-0.0011236075496815206,-0.001255432867073536,-0.0011982999999418098
6.259937,0.0007017000000359985,-0.0011982999999418098,-0.0010359195521737125,-0.0006996053612549056,-0.0011982999999418098
6.279937,-0.0011982999999418098,-0.0008182999999462482,-0.0009139430119293074,-0.0007864118880585108,-0.0011982999999418098
6.299937,-0.0011982999999418098,-0.00043829999995068645,-0.0008092614424227281,-0.0007864118880585107,-0.0011982999999418098
6.319937,-0.0011982999999418098,-0.0008182999999462482,-0.0007523367686805363,-0.0004719596736099682,-0.0011982999999418098
6.339936,0.0007017000000359985,-0.0008182999999462482,-0.0007455496666096172,-0.0009396519812949066,-0.0011982999999418098
6.359936,-0.0011982999999418098,-0.0008182999999462482,-0.0007671518438990582,-0.0009418664335117181,-0.0011982999999418098
6.379936,-0.0011982999999418098,-0.0008182999999462482,-0.0007840427839215303,-0.0005029620046161772,-0.0011982999999418098
6.399936,-0.0011982999999418098,-0.0007802999999512395,-0.0007690360990643445,-0.0012053862470292496,-0.0011982999999418098
6.419936,-0.0011982999999418098,-0.0007802999999512395,-0.0007151449010235021,-0.0006805610722115281,-0.0011982999999418098
6.439935,0.000891700000011042,-0.0011982999999418098,-0.0006397348067250445,-0.0006960622377133075,-0.0011982999999418098
6.459935,-0.0011982999999418098,-2.029999996011611e-05,-0.0005766744077298291,-0.0004458291374833943,-0.0011982999999418098
6.479935,-0.0032882999998946616,-0.0004002999999556778,-0.0005603353807939602,-0.0006074841491362535,-0.0011982999999418098
6.499935,0.004691699999966659,-0.0008182999999462482,-0.0006077329779669555,-0.0005034048950574193,-0.0011982999999418098
6.519935,-0.003098299999919618,-0.0008182999999462482,-0.0007059438265009211,-0.00036123706289183045,-0.0011982999999418098
6.539935,-0.0011982999999418098,-2.029999996011611e-05,-0.0008118183875363379,-0.0010698617715040246,-0.0011982999999418098
6.559934,-0.0011982999999418098,-0.0011982999999418098,-0.0008661388695963957,-0.0008656892773344975,-0.0011982999999418098
6.579934,0.0007017000000359985,-0.0012362999999368184,-0.0008160970182314536,-0.0007660389276845164,-0.0011982999999418098
6.599934,-0.0011982999999418098,-0.00047629999994569516,-0.0006362251043817748,-0.0010831484847852826,-0.0011982999999418098
6.619934,-0.0032882999998946616,-9.62999999501335e-05,-0.0003402282706911929,-4.191305356365295e-05,0.0007017000000359985
6.639934,0.002601700000013807,-9.62999999501335e-05,2.0857437360225913e-05,0.0002880403263856092,0.0007017000000359985
6.659933,0.0007017000000359985,0.0002837000000454282,0.0003750222202093978,0.0001972477855933335,0.0007017000000359985
6.679933,0.0007017000000359985,0.0010817000000315602,0.0006536291542835162,0.00040319184153365966,0.0007017000000359985
6.699933,0.0007017000000359985,0.00032170000004043685,0.0008117043099036708,0.0008456393939760985,0.0007017000000359985
6.719933,0.0007017000000359985,0.0007017000000359985,0.0008358840024434107,0.0011733783217064296,0.0007017000000359985
6.739933,-0.0011982999999418098,0.0007017000000359985,0.0007414805449584642,0.0006591825175166822,0.0007017000000359985
6.759932,0.002601700000013807,0.0007397000000310072,0.0005658889237319273,0.0005196720280064969,0.0007017000000359985
6.779932,0.0007017000000359985,0.00035970000003544557,0.00036265426685928897,0.0002889261072643835,0.0007017000000359985
6.799932,0.000891700000011042,0.00035970000003544557,0.00019341093619176697,1.8762937101718036e-05,0.0007017000000359985
6.819932,-0.0011982999999418098,-2.029999996011611e-05,0.00011268122091900636,0.0003465018648352288,0.0007017000000359985
6.839931,-0.0011982999999418098,1.7700000034892584e-05,0.00014747757587858665,0.0005103713287022491,0.0007017000000359985
6.859931,0.0007017000000359985,0.00035970000003544557,0.00028288108286385924,-0.00034263566429234535,0.0007017000000359985
6.879931,0.000891700000011042,0.00035970000003544557,0.000465004542630862,0.00019990512824131688,0.0007017000000359985
6.899931,0.002601700000013807,0.00035970000003544557,0.0006219326261022892,0.0009488328671591977,0.0007017000000359985
6.919931,-0.0011982999999418098,0.0011577000000215776,0.0006915581714922166,0.0011751498834735182,0.000891700000011042
6.939931,-0.0011982999999418098,0.001119700000026569,0.0006434373605220895,0.0007362454545785076,0.0007017000000359985
6.95993,0.004691699999966659,-5.8299999955124805e-05,0.0004884041545320628,5.8623076964572476e-05,-0.0011982999999418098
6.97993,0.0007017000000359985,-5.8299999955124805e-05,0.0002745019644329742,0.00013834335668551134,-0.0011982999999418098
6.99993,-0.0032882999998946616,0.00035970000003544557,6.867808299145824e-05,-6.494335660100146e-05,0.0007017000000359985
7.01993,-0.0011982999999418098,-5.8299999955124805e-05,-7.086322307995875e-05,0.0003624459207835508,0.0007017000000359985
7.039929,0.000891700000011042,-0.00043829999995068645,-0.00011726733258693496,0.00031594242428139224,-0.0011982999999418098
7.059929,0.002601700000013807,0.00035970000003544557,-7.92358009911164e-05,-0.0007226356642832438,0.0007017000000359985
7.079929,-0.0011982999999418098,0.00035970000003544557,1.1043110663499859e-05,-0.0005587662004167535,0.0007017000000359985
7.099929,0.0007017000000359985,-0.00043829999995068645,0.00011160868947946532,0.0005639610722939642,-0.0011982999999418098
7.119929,-0.0011982999999418098,-0.00043829999995068645,0.00017651569349741214,0.0004107209790575683,-0.0011982999999418098
7.139929,-0.003098299999919618,0.0007397000000310072,0.00015912052946250737,0.000273424941764194,0.0007017000000359985
7.159928,0.002601700000013807,-2.029999996011611e-05,2.4802235853897587e-05,7.806363639845023e-05,-0.0011982999999418098
7.179928,0.004691699999966659,-2.029999996011611e-05,-0.00022576157206312094,-0.0004438244754769035,-0.0011982999999418098
7.199928,-0.003098299999919618,-2.029999996011611e-05,-0.0005400386132795223,-0.0007790226106693395,-0.0011982999999418098
7.219928,-0.0011982999999418098,-0.0012002999999367603,-0.0008253444451997928,-0.0005338011654490279,-0.003098299999919618
7.239928,-0.003098299999919618,-0.001580299999932322,-0.000990262763981148,-0.0006293722610173338,-0.003098299999919618
7.259927,-0.003298299999869414,-0.0008202999999411987,-0.0009906542440860015,-0.0013093256409611562,-0.0011982999999418098
7.279927,0.0027916999999888503,-0.0008202999999411987,-0.0008493745594927617,-0.0012494188810535335,-0.0011982999999418098
7.299927,0.0007017000000359985,-0.00044029999994563693,-0.0006395077953484213,-0.0007149433565875668,-0.0011982999999418098
7.319927,-0.0011982999999418098,-2.029999996011611e-05,-0.0004476871668337506,-0.00036004825169860057,-0.0011982999999418098
7.339927,-0.0011982999999418098,-0.0008182999999462482,-0.0003428928097195759,0.0001978771562136953,-0.0011982999999418098
7.359926,-0.0011982999999418098,-0.00043829999995068645,-0.0003627632607438686,-0.00019147016312742352,-0.0011982999999418098
7.379926,-0.0011982999999418098,-0.00043829999995068645,-0.0005117456691300854,-0.0008013769230165034,-0.0011982999999418098
7.399926,0.002601700000013807,-0.0008582999999362073,-0.0007616186042238734,-0.0009285564101934284,-0.0011982999999418098
7.419926,-0.0011982999999418098,-0.0008222999999361491,-0.001054460412797851,-0.0012067382283682771,-0.0011982999999418098
7.439925,-0.003298299999869414,-0.0012022999999317108,-0.0013156447594900485,-0.0012333349649683548,-0.0011982999999418098
7.459925,-0.0010182999999415188,-0.001962299999922834,-0.0014787985153153016,-0.0013440575756896722,-0.0011982999999418098
7.479925,-0.003098299999919618,-0.0015442999999322638,-0.0015116726416736985,-0.001498603030234494,-0.0011982999999418098
7.499925,-0.0011982999999418098,-0.0011622999999417517,-0.0014267941106713943,-0.0018723559439834787,-0.0011982999999418098
7.519925,0.000891700000011042,-0.0011982999999418098,-0.0012699153156659302,-0.0007535913752418903,-0.0011982999999418098
7.539924,-0.0013882999999168533,-0.0008182999999462482,-0.0010944397518136099,-0.0010317965034452902,-0.0011982999999418098
7.559924,-0.0011982999999418098,-0.0004002999999556778,-0.0009384335845299984,-0.0009486962703391512,-0.0011982999999418098
7.579924,-0.0011982999999418098,-0.0016182999999273307,-0.0008165601319888274,-0.0008748268064659166,-0.0011982999999418098
7.599924,0.000891700000011042,-0.0008202999999411987,-0.0007273217279818903,-0.0008685331001727301,-0.0011982999999418098
7.619924,-0.005198299999847222,-0.0008202999999411987,-0.0006663256961056387,-0.0008398617715022386,-0.0011982999999418098
7.639924,0.002601700000013807,-0.00040229999995062827,-0.0006341725140973684,-0.0005049200465698055,0.000891700000011042
7.659923,-0.0011982999999418098,-0.0008202999999411987,-0.0006328921832227792,-0.0004740109556603114,-0.0011982999999418098
7.679923,0.000891700000011042,-2.029999996011611e-05,-0.0006550007701708979,-0.0005199317015817204,-0.0011982999999418098
7.699923,-0.0011982999999418098,-0.0007802999999512395,-0.0006770013056657846,-0.000993451515095352,-0.0011982999999418098
7.719923,-0.0011982999999418098,-0.0007802999999512395,-0.000666459795284922,-0.0005384398600956214,-0.0011982999999418098
7.739923,-0.0011982999999418098,-0.0011982999999418098,-0.0006000514100612518,-0.0008497452213962458,-0.0011982999999418098
7.759922,-0.0011982999999418098,-0.0004002999999556778,-0.00047966312990536464,-0.000298346620005408,-0.0011982999999418098
7.779922,-0.0011982999999418098,1.7700000034892584e-05,-0.0003333285703731417,-0.0002562720279310424,-0.0011982999999418098
7.799922,0.0027916999999888503,1.7700000034892584e-05,-0.00019795158955865879,-0.0002801881118498149,-0.0011982999999418098
7.819922,0.000891700000011042,1.7700000034892584e-05,-9.493784724908494e-05,9.626876460266557e-05,-0.0011982999999418098
7.839922,-0.0011982999999418098,1.7700000034892584e-05,-1.722472037972185e-05,-9.240256406349199e-05,-0.0011982999999418098
7.859921,-0.0011982999999418098,-2.029999996011611e-05,6.150435591477508e-05,0.00024281888115166493,-0.0011982999999418098
7.879921,-0.0011982999999418098,-0.00043829999995068645,0.00016278921968350564,7.74575757981596e-05,-0.0011982999999418098
7.899921,0.002601700000013807,0.00035970000003544557,0.0002838313432975859,-0.00019174988340166764,-0.0011982999999418098
7.919921,-0.0011982999999418098,0.0003577000000404951,0.00039633709605214597,0.00040906596740196486,-0.0011982999999418098
7.93992,0.0027916999999888503,0.0007757000000310655,0.0004621244104897769,0.0006303946387241049,0.000891700000011042
7.95992,-0.0012082999999165622,0.00043370000003051246,0.00045318209477531894,0.0007554762238052446,0.000891700000011042
7.97992,0.000891700000011042,0.00043170000003556197,0.0003645489352392227,0.0005568981352329588,0.000891700000011042
7.99992,0.000891700000011042,1.1700000050041126e-05,0.00021553932317073293,-0.00028482680647467807,0.0006917000000612461
8.01992,-0.0012082999999165622,1.1700000050041126e-05,4.135143063085267e-05,7.568601403796078e-05,0.0006917000000612461
8.039919,0.0006917000000612461,-0.00040829999993547973,-0.00011968220300488873,-0.00036531631695389545,-0.0012082999999165622
8.059919,-0.0012082999999165622,-6.629999993492674e-05,-0.00023706713925046645,7.582587418435799e-05,-0.0012082999999165622
8.079919,-0.0012082999999165622,-6.629999993492674e-05,-0.0002922733177227822,-0.00041370792533356864,-0.0012082999999165622
8.099919,0.002601700000013807,-6.629999993492674e-05,-0.00027492374369197844,0.00016167669004049526,-0.0012082999999165622
8.119919,-0.0012082999999165622,-6.629999993492674e-05,-0.00017613467711592373,0.00012030139866631455,-0.0012082999999165622
8.139919,0.0006917000000612461,0.0006957000000511471,1.2185222174599969e-05,-0.0005887662004099121,0.0006917000000612461
8.159918,-0.0012082999999165622,-0.0004842999999254971,0.00028712251095186465,0.00034736433572414257,-0.0012082999999165622
8.179918,0.002601700000013807,-6.429999993997625e-05,0.0006185372893075794,0.0003959424243163257,0.0006917000000612461
8.199918,-0.003298299999869414,0.0011537000000771513,0.0009396915966580553,0.0009149400933159542,0.000891700000011042
8.219918,0.000891700000011042,0.0011537000000771513,0.0011575407656549744,0.001226734965108563,0.000891700000011042
8.239918,0.006781700000146884,0.0011537000000771513,0.0011858647585328479,0.0011975041958816332,0.000891700000011042
8.259917,-0.0012082999999165622,0.0011917000000721601,0.0009878353467541602,0.0011987862471609777,0.000891700000011042
8.279917,0.002601700000013807,0.0011517000000822008,0.0006025845879957454,0.0005126557110343949,0.0006917000000612461
8.299917,-0.0031082999998943706,-0.00040829999993547973,0.00013691539735541928,0.00044869300706569824,-0.0010182999999415188
8.319917,0.0006917000000612461,-0.00040829999993547973,-0.00027427950610784963,-0.00030582913745843393,-0.0010182999999415188
8.339916,-0.0010182999999415188,-0.0007902999999259919,-0.0005168662007302281,-0.0011809107225508588,-0.0010182999999415188
8.359916,-0.0012082999999165622,9.70000005509064e-06,-0.0005325800920793173,-0.00019072424236589585,0.0006917000000612461
8.379916,0.0006917000000612461,-0.000370299999940471,-0.00032938485903205876,-0.00046603892767555036,-0.0010182999999415188
8.399916,0.000891700000011042,0.0003537000000505941,3.0507219899421668e-05,0.00019118717953954892,0.0006917000000612461
8.419916,-0.0012082999999165622,0.0003537000000505941,0.0004548264495658453,0.0004103013986480572,0.0006917000000612461
8.439915,0.002601700000013807,0.0007357000000411063,0.000847204249340778,0.0009827955711357956,0.000891700000011042
8.459915,-0.0012082999999165622,0.0010777000000416592,0.0011291053403989933,0.0013865018648362066,0.002601700000013807
8.479915,0.002601700000013807,0.0014577000000372208,0.001256180394507515,0.0011665717949123173,0.002601700000013807
8.499915,0.002601700000013807,0.0010757000000467087,0.0012274156361177944,0.001083937762289752,0.0006917000000612461
8.519915,0.0006917000000612461,0.0010757000000467087,0.0010828060499458638,0.0010593456876961654,0.0006917000000612461
8.539914,0.0006917000000612461,0.0006937000000561966,0.0008860841089404234,0.0006305578089133633,0.0006917000000612461
8.559914,-0.0012082999999165622,0.0003517000000556436,0.0006968027844802772,0.0007498118881557399,0.0006917000000612461
8.579914,0.0006917000000612461,0.00039170000004560277,0.0005455170532620661,0.00045074428908795084,0.0006917000000612461
8.599914,0.000891700000011042,0.00043170000003556197,0.00042676692104158087,0.0004582268065658871,0.000891700000011042
8.619914,0.000891700000011042,0.0008117000000311236,0.0003137701772058841,0.0003819097902459794,0.000891700000011042
8.639914,0.000891700000011042,0.00043170000003556197,0.00018428343261529538,0.00042363473197210764,0.000891700000011042
8.659913,0.0006917000000612461,1.1700000050041126e-05,4.0242574154888576e-05,0.00022549953384424425,0.0006917000000612461
8.679913,-0.0012082999999165622,-2.8299999939918052e-05,-9.102498531070487e-05,-0.00022927902091661467,0.0006917000000612461
8.699913,-0.0012082999999165622,-0.0004482999999254389,-0.00017342471391948382,-0.00036797365960293895,-0.0012082999999165622
8.719913,0.0006917000000612461,-0.0004482999999254389,-0.00018454065625699248,-0.00019058438221472866,-0.0012082999999165622
8.739913,-0.0012082999999165622,-2.8299999939918052e-05,-0.00012944575910875928,-6.797365960722304e-05,0.0006917000000612461
8.759912,0.0006917000000612461,0.0003517000000556436,-3.864388714821286e-05,-0.0001274142190487621,0.0006917000000612461
8.779912,0.000891700000011042,-2.8299999939918052e-05,4.653264861663255e-05,5.090745926525494e-05,0.0006917000000612461
8.799912,0.0006917000000612461,-2.8299999939918052e-05,9.096542479831971e-05,0.00019776060611333954,0.0006917000000612461
8.819912,-0.0012082999999165622,1.1700000050041126e-05,7.567062259731263e-05,-0.00010666829830910901,0.0006917000000612461
8.839911,-0.0012082999999165622,-2.8299999939918052e-05,-1.693931877286023e-06,0.00011337832173103625,0.0006917000000612461
8.859911,0.000891700000011042,-0.00040829999993547973,-0.00012996690378222486,-0.0001057358973811821,-0.0012082999999165622
8.879911,0.0006917000000612461,1.1700000050041126e-05,-0.0002848102618519921,-0.00020154009318146965,0.0006917000000612461
8.899911,-0.0012082999999165622,1.1700000050041126e-05,-0.0004271895206198829,-0.00040620209784510136,0.0006917000000612461
8.919911,0.000891700000011042,-0.00040829999993547973,-0.0005074749127386487,-0.00037123706287824315,-0.0012082999999165622
8.93991,-0.0012082999999165622,-0.0007882999999310414,-0.0004805283975325821,-0.0006431717948032277,-0.0012082999999165622
8.95991,-0.0012082999999165622,-0.00040829999993547973,-0.0003283406260175792,-0.0004265051281350323,-0.0012082999999165622
8.97991,-0.0012082999999165622,-0.0004482999999254389,-7.839888197206274e-05,-0.0002434048950402148,-0.0012082999999165622
8.99991,0.0006917000000612461,0.0003137000000606349,0.0001958431415821708,9.517319353636093e-05,0.0006917000000612461
9.01991,0.0006917000000612461,0.0003137000000606349,0.00039828587120182554,0.0005378072261674594,0.0006917000000612461
9.039909,0.002601700000013807,0.0006937000000561966,0.00044910738686801686,0.0005569214452795306,0.0006917000000612461
9.059909,-0.0012082999999165622,0.0006937000000561966,0.0003203372852030369,0.0005413037296641451,0.0006917000000612461
9.079909,0.0006917000000612461,-0.00010429999992993544,5.005863824556292e-05,0.00024820349657144635,0.0006917000000612461
9.099909,0.0006917000000612461,-0.0004862999999204476,-0.00027126336288627457,-0.000430001631625888,0.0006917000000612461
9.119909,-0.003298299999869414,-0.0004862999999204476,-0.000535363939284703,-0.000771843123462928,0.0006917000000612461
9.139909,0.0006917000000612461,-0.0008282999999210006,-0.0006564204404296657,-0.0009535447551573749,-0.0010182999999415188
9.159908,-0.0012082999999165622,-0.0008282999999210006,-0.0006005623702984031,-0.0005154095570360128,-0.0010182999999415188
9.179908,-0.0010182999999415188,-3.0299999934868538e-05,-0.0003937758966291967,-0.0002643606059954887,0.0006917000000612461
9.199908,0.0006917000000612461,9.70000005509064e-06,-0.00010693278526894531,-4.0118181760062416e-05,0.0006917000000612461
9.219908,0.0006917000000612461,0.0003897000000506523,0.0001740837466647494,0.000400907459257165,0.0006917000000612461
9.239908,0.000891700000011042,0.0003517000000556436,0.00037971508280552153,0.0001955694639282594,0.0006917000000612461
9.259907,0.0006917000000612461,0.0003517000000556436,0.0004763802329539693,0.0006460356643865916,0.0006917000000612461
9.279907,-0.0012082999999165622,0.0003517000000556436,0.0004681710898293258,0.000453844522197847,0.0006917000000612461
9.299907,0.0006917000000612461,0.0003517000000556436,0.00038444592031505785,0.00033692144527422733,0.0006917000000612461
9.319907,0.0006917000000612461,-2.8299999939918052e-05,0.0002633369493024399,6.722447558665546e-05,0.0006917000000612461
9.339907,0.000891700000011042,0.0003517000000556436,0.00013906384966311887,0.00011827342663445256,0.0006917000000612461
9.359906,-0.0012082999999165622,-2.8299999939918052e-05,3.4480140973342485e-05,-2.811351975814876e-05,0.0006917000000612461
9.379906,0.0006917000000612461,1.1700000050041126e-05,-4.29351412437987e-05,-2.3451515097314428e-05,0.0006917000000612461
9.399906,-0.0012082999999165622,-0.00040829999993547973,-0.0001016138196625885,-0.00011049114213290126,-0.0012082999999165622
9.419906,0.000891700000011042,-2.8299999939918052e-05,-0.0001610415212597829,8.146689982386167e-05,0.0006917000000612461
9.439905,-0.0012082999999165622,-2.8299999939918052e-05,-0.00024138249767449537,-0.00012121375285070024,0.0006917000000612461
9.459905,0.0006917000000612461,9.70000005509064e-06,-0.0003515055189205886,-0.0004041741258095293,0.0006917000000612461
9.479905,0.0006917000000612461,-0.0007902999999259919,-0.00048222167680980337,-0.0007701414917730124,-0.0010182999999415188
9.499905,-0.0010182999999415188,-0.0007902999999259919,-0.0006106575016987764,-0.0003896286712647579,-0.0010182999999415188
9.519905,-0.0031082999998943706,-0.0007522999999309832,-0.0007154070249189748,-0.000753847785473273,-0.0010182999999415188
9.539905,-0.0012082999999165622,-0.0007522999999309832,-0.0007927893251664243,-0.0009899550115779958,-0.0010182999999415188
9.559904,0.0008817000000362896,-0.0012082999999165622,-0.0008608827703773018,-0.0009252930069186543,-0.0012082999999165622
9.579904,0.0006917000000612461,-0.0008282999999210006,-0.0009467433260216017,-0.0009939410255624262,-0.0012082999999165622
9.599904,-0.003298299999869414,-0.0004102999999304302,-0.0010663365054803834,-0.0008677172493361488,0.0006917000000612461
9.619904,-0.0012082999999165622,-0.0012462999999115708,-0.0012114900543713514,-0.0007056193472404575,-0.0012082999999165622
9.639904,0.0008817000000362896,-0.0016262999999071327,-0.0013505794032371728,-0.0014966216782300538,-0.0012082999999165622
9.659903,-0.003298299999869414,-0.0012082999999165622,-0.0014406900633617882,-0.001733568065174469,-0.0012082999999165622
9.679903,-0.0012082999999165622,-0.0015882999999121239,-0.0014456905870239198,-0.001735339626951098,-0.0012082999999165622
9.699903,-0.0012082999999165622,-0.0015882999999121239,-0.0013534479933605269,-0.0011347801864037585,-0.0012082999999165622
9.719903,-0.0031082999998943706,-0.0011702999999215536,-0.0011840944288496577,-0.0013323093239265614,-0.0012082999999165622
9.739902,0.0008817000000362896,-0.0007902999999259919,-0.000983405841508119,-0.0008805610721814647,-0.0012082999999165622
9.759903,-0.0012082999999165622,-0.0008282999999210006,-0.0008026014377177385,-0.0006081834498078179,-0.0012082999999165622
9.779902,0.0006917000000612461,-6.829999992987723e-05,-0.0006743335826139421,-0.0005554794871033576,0.0006917000000612461
9.799902,-0.0013982999998916057,-0.0008662999999160092,-0.0005982817094608921,-0.0004203979020236149,-0.0012082999999165622
9.819902,0.0006917000000612461,-0.0004482999999254389,-0.0005451334403369612,-0.0006972044288266444,0.0006917000000612461
9.839901,-0.0031082999998943706,-0.0008282999999210006,-0.0004771858611589559,-0.0009120062936252059,-0.0012082999999165622
9.859901,0.0008817000000362896,-0.0007902999999259919,-0.0003738725101571355,-0.00039116713279562507,-0.0012082999999165622
9.879901,-0.0012082999999165622,-0.0004102999999304302,-0.0002471913422066216,-0.0002671578087893392,-0.0012082999999165622
9.899901,-0.0012082999999165622,0.00034970000006069314,-0.00013726370170701472,-0.00013694801858075138,0.0006917000000612461
9.919901,0.0025917000000390544,-6.829999992987723e-05,-8.934506307956867e-05,0.00017041794878247486,-0.0012082999999165622
9.9399,0.0006917000000612461,-6.829999992987723e-05,-0.00012496259013819325,0.00014827342663821129,-0.0012082999999165622
9.9599,-0.0012082999999165622,0.00034970000006069314,-0.00022493547507387024,-0.00037876620039420156,0.0006917000000612461
9.9799,-0.0012082999999165622,-0.0007902999999259919,-0.00033572154618701237,-0.0003340342656654922,-0.0012082999999165622
9.9999,0.0008817000000362896,-0.0007902999999259919,-0.0003955405626198807,-0.0004912603728900285,-0.0012082999999165622
10.0199,-0.0031082999998943706,-0.0004102999999304302,-0.0003644442411922953,-0.0005599083915369806,0.0006917000000612461
10.0399,0.0006917000000612461,-3.0299999934868538e-05,-0.00024146974401116622,-0.00031233263396141084,0.0006917000000612461
10.059899,0.0006917000000612461,-6.829999992987723e-05,-6.0707818558671305e-05,-0.00013074755237950971,0.0006917000000612461
10.079899,0.0006917000000612461,0.0003117000000656844,0.0001296193430603753,0.0003785764569385522,0.0006917000000612461
10.099899,0.0006917000000612461,0.00034970000006069314,0.00029180699556464546,0.0004095787879415813,0.0006917000000612461
10.119899,-0.0012082999999165622,0.0007297000000562548,0.0004136451683692323,0.0007643340326899805,0.0006917000000612461
10.139899,0.0008817000000362896,0.00034970000006069314,0.0005087130765427353,0.0002660822844437852,0.0006917000000612461
10.159898,0.0025917000000390544,0.00034970000006069314,0.0006055365159109542,0.0004853130536722595,0.0006917000000612461
10.179898,-0.0012082999999165622,0.0007297000000562548,0.0007314923234619491,0.0006841708625304492,0.0006917000000612461
10.199898,0.0006917000000612461,0.0010717000000568077,0.0008963906027440364,0.0007550333333910327,0.0006917000000612461
10.219898,0.0006917000000612461,0.0006917000000612461,0.0010814865238717396,0.001335219813570738,0.0006917000000612461
10.239897,0.0025917000000390544,0.0011097000000518165,0.0012399392535671241,0.0011004878788426042,0.0006917000000612461
10.259897,0.0006917000000612461,0.0014897000000473782,0.001309906560236438,0.0011877372960863916,0.0008817000000362896
10.279897,0.0008817000000362896,0.0011097000000518165,0.001234599041138228,0.0012187396270904806,0.0008817000000362896
10.299897,0.0025917000000390544,0.0007297000000562548,0.0009811801964197564,0.0008910006993575,0.0006917000000612461
10.319897,-0.0012082999999165622,0.0003117000000656844,0.0005529021903316648,0.0006987862471455043,0.0006917000000612461
10.339896,0.0006917000000612461,0.00027370000007067576,-7.421704380134772e-06,0.00011638531475587771,0.0006917000000612461
10.359896,-0.0013982999998916057,-0.0004862999999204476,-0.0006219112000603497,-0.0004677871794077279,-0.0012082999999165622
10.379896,0.0006917000000612461,-0.0009042999999110179,-0.0011890466601364744,-0.0013517965033989913,-0.0012082999999165622
10.399896,-0.0012082999999165622,-0.0016642999999021413,-0.0016027014635865142,-0.0016813069929080711,-0.0013982999998916057
10.419896,-0.003298299999869414,-0.0016642999999021413,-0.00177910441395971,-0.0016795354311362118,-0.0013982999998916057
10.439896,-0.0031082999998943706,-0.0016262999999071327,-0.0016857456604555286,-0.0018128454544478056,-0.0013982999998916057
10.459895,-0.0013982999998916057,-0.0016262999999071327,-0.0013583638160109663,-0.0012326589742760504,-0.0013982999998916057
10.479895,0.0008817000000362896,-0.0007902999999259919,-0.0008931989568047076,-0.0011002347318564813,-0.0012082999999165622
10.499895,-0.0012082999999165622,7.700000060140155e-06,-0.0004146756891773852,-0.0004425424241763586,0.0008817000000362896
10.519895,0.0008817000000362896,4.570000005514885e-05,-3.3253806460780895e-05,0.0003214435897967592,0.0008817000000362896
10.539895,0.0008817000000362896,7.700000060140155e-06,0.00018749622325825774,0.0005048002331526396,0.0006917000000612461
10.559894,-0.0012082999999165622,0.0003877000000557018,0.00024245432774716282,0.00011505664341413078,0.0006917000000612461
10.579894,0.0006917000000612461,-3.0299999934868538e-05,0.0001741167217499115,-2.7111188745628236e-05,0.0006917000000612461
10.599894,0.0006917000000612461,-0.0004482999999254389,4.71049633129639e-05,-0.0003238477854755799,-0.0012082999999165622
10.619894,-0.0012082999999165622,-6.829999992987723e-05,-8.063491885954053e-05,-0.00027291538454191875,0.0006917000000612461
10.639894,-0.0012082999999165622,-0.0004482999999254389,-0.00017917395440212143,7.34249417910774e-05,-0.0012082999999165622
10.659893,0.0006917000000612461,-3.0299999934868538e-05,-0.000252422969727755,-0.00014093403256624192,-0.0012082999999165622
10.679893,-0.0012082999999165622,-3.0299999934868538e-05,-0.0003260094789252768,-0.0003490925407212594,-0.0012082999999165622
10.699893,0.002781700000014098,-0.0004482999999254389,-0.00042401243739245486,-0.0003756659672933155,-0.0012082999999165622
10.719893,-0.0012082999999165622,-0.0004482999999254389,-0.0005489730978834974,-0.0004952463868712788,-0.0012082999999165622
10.739892,-0.003298299999869414,-0.0004482999999254389,-0.0006777351261122583,-0.0007078337994551489,-0.0012082999999165622
10.759892,0.0006917000000612461,-0.0012462999999115708,-0.0007738063943606498,-0.0005793955710173603,-0.0012082999999165622
10.779892,-0.0012082999999165622,-0.0008662999999160092,-0.0008053708630912481,-0.00062811351973368,-0.0012082999999165622
10.799892,-0.0012082999999165622,-6.829999992987723e-05,-0.0007573590891994999,-0.0013039643355736363,0.0006917000000612461
10.819892,0.0006917000000612461,-0.0008282999999210006,-0.0006344594130976482,-0.0005129620045866896,-0.0012082999999165622
10.839892,0.0006917000000612461,-0.0008282999999210006,-0.0004595660826044393,-0.00034909254072337933,-0.0012082999999165622
10.859891,-0.0031082999998943706,-3.0299999934868538e-05,-0.0002725738955525095,-0.0004026822843119142,0.0006917000000612461
10.879891,-0.0012082999999165622,-0.0004102999999304302,-0.00012846426802851012,-0.0001037312353651511,-0.0012082999999165622
10.899891,0.002781700000014098,-0.0004102999999304302,-8.807458821026603e-05,2.957878794114261e-05,-0.0012082999999165622
10.919891,-0.0012082999999165622,-3.0299999934868538e-05,-0.00019824941045220129,-0.0004133116549414785,-0.0012082999999165622
10.93989,0.0006917000000612461,-3.0299999934868538e-05,-0.0004689969620359715,-0.0005860389276640844,-0.0012082999999165622
10.95989,-0.0012082999999165622,-0.0012462999999115708,-0.0008615640084878161,-0.0006037545453768451,-0.0012082999999165622
10.97989,-0.0012082999999165622,-0.0012462999999115708,-0.001295776895994792,-0.001052845454461768,-0.0012082999999165622
10.99989,-0.003298299999869414,-0.0016262999999071327,-0.0016734934569942522,-0.00180974522134957,-0.0012082999999165622
11.01989,-0.0012082999999165622,-0.0016262999999071327,-0.001907023103604566,-0.001955456177056757,-0.0012082999999165622
11.03989,-0.0012082999999165622,-0.002044299999897703,-0.0019413660448325742,-0.002179115850711434,-0.0012082999999165622
11.059889,-0.0012082999999165622,-0.0016642999999021413,-0.001765459044492617,-0.001627717249318476,-0.0012082999999165622
11.079889,-0.003298299999869414,-0.0012842999999065797,-0.0014135833851005785,-0.0015572976688986051,-0.0012082999999165622
11.099889,-0.0013982999998916057,-0.0009042999999110179,-0.0009581041396623197,-0.0008796752912889102,-0.0012082999999165622
11.119889,0.0006917000000612461,-0.0009042999999110179,-0.0004920523568765521,-0.00020692470854719004,-0.0012082999999165622
11.139889,0.0006917000000612461,0.0003117000000656844,-0.0001026579561019393,0.00010974195811233379,0.0006917000000612461
11.159888,-0.0012082999999165622,0.0007297000000562548,0.00015526338880942654,0.0001385298368959014,0.0006917000000612461
11.179888,0.002781700000014098,-3.0299999934868538e-05,0.00027293478695366804,7.87396271018846e-05,0.0006917000000612461
11.199888,0.0006917000000612461,-0.0004102999999304302,0.00027976753099867905,0.00012037132873288797,-0.0012082999999165622
11.219888,-0.0031082999998943706,-3.0299999934868538e-05,0.0002165930800780936,-1.2938694572875564e-05,0.0006917000000612461
11.239887,-0.0012082999999165622,-6.829999992987723e-05,0.00010506786732633601,-4.172657335909313e-05,0.0006917000000612461
11.259887,0.0006917000000612461,-0.0004482999999254389,-6.535476666516856e-05,-9.708787871789699e-05,-0.0012082999999165622
11.279887,0.0025917000000390544,-6.829999992987723e-05,-0.00032084712474490746,-0.0003783233099476591,-0.0012082999999165622
11.299887,-0.0012082999999165622,-6.829999992987723e-05,-0.000667238780038645,-0.0003978104894365191,-0.0012082999999165622
11.319887,-0.0012082999999165622,-0.0004482999999254389,-0.0010608246545371592,-0.00043767062929619347,-0.0012082999999165622
11.339887,-0.0012082999999165622,-0.0015882999999121239,-0.001407256688233163,-0.0010842906759086896,-0.0012082999999165622
11.359886,-0.0012082999999165622,-0.0015882999999121239,-0.0015910859879501766,-0.001978929370536938,-0.0012082999999165622
11.379886,-0.0031082999998943706,-0.0015882999999121239,-0.0015222013915351367,-0.002160514452119899,-0.0012082999999165622
11.399886,-0.0012082999999165622,-0.0015882999999121239,-0.0011786012761854905,-0.0012703046619205035,-0.0012082999999165622
11.419886,-0.0012082999999165622,-0.0008282999999210006,-0.0006260806045698768,-0.000632542424165713,-0.0012082999999165622
11.439886,-0.0012082999999165622,0.0003117000000656844,-3.2568362007770603e-06,0.0001868048951720389,-0.0012082999999165622
11.459885,0.0025917000000390544,0.0006917000000612461,0.000525817845872789,0.0006252664336284575,0.0006917000000612461
11.479885,0.0025917000000390544,0.0010717000000568077,0.0008334590316328782,0.00120102400937931,0.0006917000000612461
11.499885,0.0006917000000612461,0.0010717000000568077,0.0008767142342945683,0.0009485764569347054,0.0006917000000612461
11.519885,0.0006917000000612461,0.0006917000000612461,0.0007085758238647423,0.0009042874126461783,0.0006917000000612461
11.539885,-0.0012082999999165622,-6.829999992987723e-05,0.00044702499399662077,0.00018680489517203876,0.0006917000000612461
11.559884,0.0006917000000612461,-6.829999992987723e-05,0.00021884382531792363,-0.0003428920745168377,0.0006917000000612461
11.579884,-0.0012082999999165622,-0.0004482999999254389,0.00010610241973615136,-0.00027424405587200574,-0.0012082999999165622
11.599884,0.0006917000000612461,0.0003117000000656844,0.00011870756491245134,7.785384621992997e-05,0.0006917000000612461
11.619884,-0.0012082999999165622,0.00034970000006069314,0.00020235994501208016,0.0006894855478412565,0.0006917000000612461
11.639884,0.0025917000000390544,0.0007297000000562548,0.0002755742699972912,0.0006159657343257997,0.0006917000000612461
11.659883,0.0008817000000362896,0.0007297000000562548,0.00027693527401028675,0.0005118864802469659,0.0006917000000612461
11.679883,0.0006917000000612461,0.0003117000000656844,0.00019850401179449058,0.000321000699365057,0.0006917000000612461
11.699883,0.0006917000000612461,-3.0299999934868538e-05,8.748172149220911e-05,-0.00022375454538594674,0.0006917000000612461
11.719883,-0.003298299999869414,-0.0004482999999254389,1.542248978759306e-05,-0.00012631864795224708,0.0006917000000612461
11.739882,0.0008817000000362896,-0.0004102999999304302,3.350143710242617e-05,-0.00019275221438503764,0.0006917000000612461
11.759882,-0.0012082999999165622,-3.0299999934868538e-05,0.00014091890531153743,-2.0024941658722023e-05,0.0008817000000362896
11.779882,0.0008817000000362896,0.0007677000000512635,0.00028506763208445196,0.00015757412593556878,0.0008817000000362896
11.799882,0.0025917000000390544,0.00034970000006069314,0.0003921559116194014,0.00044766736602515654,0.0006917000000612461
11.819882,0.0006917000000612461,0.0007297000000562548,0.00040888049917563553,0.0012010240093713598,0.0006917000000612461
11.839881,-0.0012082999999165622,0.0006917000000612461,0.0003309378119481781,0.0004830986014623382,0.0006917000000612461
11.859881,0.0006917000000612461,0.0003117000000656844,0.0002045122283992186,0.0002527955711657073,0.0006917000000612461
11.879881,0.0006917000000612461,-0.0004862999999204476,0.0001030666063044824,-0.0005625657341828442,0.0006917000000612461
11.899881,0.0006917000000612461,-0.00010629999992488593,9.200678371084743e-05,-0.00016529300692201695,0.0006917000000612461
11.919881,-0.003298299999869414,-6.829999992987723e-05,0.0001960489626517744,0.00022002167838763913,0.0006917000000612461
11.93988,0.0006917000000612461,0.0007297000000562548,0.0003836376172159055,0.0006939144522743493,0.0006917000000612461
11.95988,0.0008817000000362896,0.0003117000000656844,0.0005788309348009665,0.0003351731935367495,0.0006917000000612461
11.97988,0.004681699999991906,0.0011097000000518165,0.0006981391079586241,0.0007426324009906693,0.0006917000000612461
11.99988,-0.0013982999998916057,0.0007297000000562548,0.0006928226905898646,0.0008356393939960461,0.0006917000000612461
12.01988,0.0006917000000612461,0.0010717000000568077,0.0005721593544261174,0.0011766650350171748,0.0006917000000612461
12.039879,-0.0012082999999165622,-0.00010629999992488593,0.0003968366934097682,0.0004011638695293581,-0.0012082999999165622
12.059879,0.0025917000000390544,0.0003117000000656844,0.0002506133587198136,-0.00015909254071759516,0.0006917000000612461
12.079879,-0.0012082999999165622,-6.829999992987723e-05,0.00020624379021193375,-0.0004558291374501971,-0.0012082999999165622
12.099879,0.0006917000000612461,0.0003117000000656844,0.0002979693329242688,0.0004565251748886919,0.0006917000000612461
12.119879,-0.0012082999999165622,0.0003117000000656844,0.0005080190742882022,0.000830324708681529,0.0006917000000612461
12.139879,0.0006917000000612461,0.0011097000000518165,0.0007724008448360227,0.00101190979026131,0.0006917000000612461
12.159878,0.0025917000000390544,0.0011477000000468252,0.0010064100862327175,0.0006664552448086784,0.0008817000000362896
12.179878,0.002781700000014098,0.0011477000000468252,0.0011399892974658296,0.0013927955711394633,0.0008817000000362896
12.199878,0.0008817000000362896,0.0011477000000468252,0.0011446436731852496,0.0011890659674122384,0.0008817000000362896
12.219878,-0.0012082999999165622,0.0011477000000468252,0.0010374299046047872,0.0011359191142670659,0.0008817000000362896
12.239877,0.0006917000000612461,0.00034970000006069314,0.0008632576741748931,0.0006708841492396511,0.0006917000000612461
12.259877,0.0025917000000390544,0.0003117000000656844,0.0006705376643895179,0.0003121428905057614,0.0006917000000612461
12.279877,-0.0012082999999165622,0.0006917000000612461,0.0004950431168748515,0.0004467815851490319,0.0006917000000612461
12.299877,0.0006917000000612461,0.0006917000000612461,0.00035660805821035083,0.0005335881119526371,0.0006917000000612461
12.319877,0.0006917000000612461,0.0003117000000656844,0.0002649107746378462,0.0005650333333937284,0.0006917000000612461
12.339876,0.0006917000000612461,0.00034970000006069314,0.00022803273272181636,0.00010221282057729482,0.0006917000000612461
12.359876,0.0006917000000612461,0.00034970000006069314,0.0002575051873164645,0.0001974342657968331,0.0006917000000612461
12.379876,-0.0010182999999415188,0.00034970000006069314,0.0003656943748129674,0.0006912571096136457,0.0006917000000612461
12.399876,0.0006917000000612461,0.0007297000000562548,0.0005567588920027275,0.000662469230826368,0.0006917000000612461
12.419876,0.0006917000000612461,0.0007297000000562548,0.0008174502688221211,0.0006292524476107675,0.0006917000000612461
12.439875,0.0025917000000390544,0.0010717000000568077,0.0011135349836467931,0.0007909074592652166,0.0006917000000612461
12.459875,0.0006917000000612461,0.0010717000000568077,0.001392563642008025,0.0012466417249979238,0.0006917000000612461
12.479875,0.0006917000000612461,0.0014517000000523693,0.0015907411388699077,0.0016452431235946677,0.0006917000000612461
12.499875,0.0006917000000612461,0.0014517000000523693,0.0016440054349990034,0.0019025624709072474,0.0006917000000612461
12.519875,0.0025917000000390544,0.0014897000000473782,0.001505735163300918,0.0014485997669485195,0.0008817000000362896
12.539875,0.0025917000000390544,0.0014897000000473782,0.0011689088412341975,0.0012648002331503369,0.0008817000000362896
12.559874,0.0008817000000362896,0.0007297000000562548,0.0006814696557636823,0.0007018864802448002,0.0008817000000362896
12.579875,0.0006917000000612461,0.00034970000006069314,0.00014090100660782868,0.0002589960373574089,0.0006917000000612461
12.599874,-0.0031082999998943706,-0.0007902999999259919,-0.0003360063337276304,-0.0006223559439853409,0.0006917000000612461
12.619874,0.0006917000000612461,-0.0007902999999259919,-0.0006558596258493995,-0.0008455727272014255,0.0006917000000612461
12.639873,-0.0031082999998943706,-0.0011702999999215536,-0.0007819091364074356,-0.000980654312277988,-0.0012082999999165622
12.659873,0.0008817000000362896,-3.0299999934868538e-05,-0.0007405162816781713,-0.0003805377621644705,0.0006917000000612461
12.679873,-0.0012082999999165622,-0.0004482999999254389,-0.0005987396864697066,-0.00024058438221304286,-0.0012082999999165622
12.699873,0.0025917000000390544,0.0003117000000656844,-0.00042698199553072,-0.0003247335663596544,0.0006917000000612461
12.719873,-0.0013982999998916057,-0.0004862999999204476,-0.000268541655340687,-0.0006613303029508707,-0.0012082999999165622
12.739872,0.0006917000000612461,-0.0004862999999204476,-0.00013275166371402226,6.058111895371166e-05,-0.0012082999999165622
12.759872,-0.0031082999998943706,-0.0004862999999204476,-1.1995027738488628e-05,-4.571258733716348e-05,-0.0012082999999165622
12.779872,-0.0012082999999165622,0.0003117000000656844,9.439000540953549e-05,-1.8696270324395e-05,0.0006917000000612461
12.799872,0.0025917000000390544,-6.829999992987723e-05,0.00017065211349696612,-0.0002290692306967539,-0.0012082999999165622
12.819872,0.0025917000000390544,0.0003117000000656844,0.00019699183846237485,0.0004197652681277835,-0.0012082999999165622
12.839871,-0.0012082999999165622,0.0006917000000612461,0.00017049742030322723,0.00028866969703565123,0.0006917000000612461
12.859871,-0.0012082999999165622,0.0003117000000656844,0.00011428919547147184,0.0006695554779169846,0.0006917000000612461
12.879871,0.0006917000000612461,-0.0004482999999254389,6.703622708306451e-05,-0.00011258904421649654,-0.0012082999999165622
12.899871,0.0006917000000612461,-6.829999992987723e-05,6.167596716033028e-05,-0.0002919596735874165,0.0006917000000612461
12.919871,-0.0012082999999165622,-6.829999992987723e-05,0.00010701373856862492,-0.00024368461531286894,0.0006917000000612461
12.93987,0.0006917000000612461,0.00034970000006069314,0.00018065318428345015,0.00021249254085525056,0.0006917000000612461
12.95987,-0.0012082999999165622,-3.0299999934868538e-05,0.00023596101584675785,0.0005933783217339337,-0.0012082999999165622
12.97987,0.002781700000014098,0.0003877000000557018,0.00022143054453135572,0.00028069766905725036,0.0006917000000612461
12.99987,-0.0012082999999165622,0.0003877000000557018,0.00010535355334328288,-4.305524469289004e-05,0.0006917000000612461
13.01987,0.0008817000000362896,7.700000060140155e-06,-0.00010567280981857595,3.666503502274873e-05,0.0006917000000612461
13.039869,0.0006917000000612461,-0.0007522999999309832,-0.0003643986290943337,-0.00044165664329493426,-0.0010182999999415188
13.059869,-0.0031082999998943706,-0.00033429999994041284,-0.0005989291936708199,-0.00022198298362521767,0.0006917000000612461
13.079869,-0.0010182999999415188,-0.0007522999999309832,-0.0007395620238427971,-0.0011144072260340044,-0.0010182999999415188
13.099869,0.0008817000000362896,-0.0007522999999309832,-0.0007434023079476525,-0.0007928687644974952,-0.0010182999999415188
13.119869,-0.0012082999999165622,-0.0007902999999259919,-0.0006067439993413455,-0.0007928687644927252,-0.0010182999999415188
13.139868,0.0006917000000612461,-6.829999992987723e-05,-0.0003639840537868521,-0.0002210972027268329,0.0006917000000612461
13.159868,-0.003298299999869414,-0.00010629999992488593,-7.736450053400418e-05,0.00019300536137434066,0.0006917000000612461
13.179868,0.0025917000000390544,0.00027370000007067576,0.00017938514067350234,4.64086247851989e-05,0.0006917000000612461
13.199868,0.0006917000000612461,-0.00010629999992488593,0.00034175605730546525,0.0002240076923794897,0.0006917000000612461
13.219868,0.0006917000000612461,0.0006917000000612461,0.00037420017053201114,0.0005145438229071396,0.0006917000000612461
13.239867,-0.0012082999999165622,0.00034970000006069314,0.00028053603971881,0.0001885764569423078,0.0006917000000612461
13.259867,0.0006917000000612461,-3.0299999934868538e-05,0.0001006334523171515,0.00023507995343969627,0.0006917000000612461
13.279867,0.0008817000000362896,-0.0004102999999304302,-0.00010367502901119804,-7.31717948086645e-05,-0.0012082999999165622
13.299867,-0.0012082999999165622,7.700000060140155e-06,-0.00026742998842497735,-0.00028133030296580196,0.0006917000000612461
13.319867,-0.0012082999999165622,7.700000060140155e-06,-0.0003411298690165886,-0.0006117265733563063,0.0006917000000612461
13.339866,0.0008817000000362896,-0.0007902999999259919,-0.00030466364696010766,-0.00033492004655433683,-0.0012082999999165622
13.359866,0.0006917000000612461,-0.0004102999999304302,-0.00017260502351091746,-0.00013783379947012613,0.0006917000000612461
13.379866,-0.0031082999998943706,0.0003877000000557018,1.0972772840841873e-05,-3.641188804563586e-05,0.0006917000000612461
13.399866,0.0006917000000612461,0.00034970000006069314,0.00018796842756287147,0.00014561608397644743,0.0006917000000612461
13.419866,0.002781700000014098,-3.0299999934868538e-05,0.0003098514416753105,0.0007501615385145778,0.0006917000000612461
13.439866,0.0006917000000612461,0.0007677000000512635,0.0003617197625821144,0.0004689261072837555,0.0006917000000612461
13.459865,-0.0012082999999165622,0.0011477000000468252,0.00037341702116622645,0.00034757412593128305,0.0008817000000362896
13.479865,0.0008817000000362896,-3.0299999934868538e-05,0.0004078990129053485,0.0005335881119441571,0.0006917000000612461
13.499865,0.0025917000000390544,-3.0299999934868538e-05,0.0005297153001238308,0.0003360589744213541,0.0006917000000612461
13.519865,-0.0031082999998943706,0.0007297000000562548,0.0007675088240385222,0.0002647536131195282,0.0008817000000362896
13.539864,0.0006917000000612461,0.0010717000000568077,0.0010882558858414013,0.0009738212121740247,0.0025917000000390544
13.559864,0.0025917000000390544,0.0007297000000562548,0.0013983697330948266,0.001609368997713064,0.0008817000000362896
13.579864,0.0025917000000390544,0.0019077000000379484,0.001576121165573487,0.0014096254079739795,0.0025917000000390544
13.599864,0.0008817000000362896,0.0019077000000379484,0.0015229097513778148,0.0015473643357059458,0.0025917000000390544
13.619864,0.002781700000014098,0.0011477000000468252,0.0012093471366940662,0.0019906976690303394,0.0008817000000362896
13.639863,0.0006917000000612461,0.0008057000000462721,0.0006947558623223991,0.0007461755245248471,0.0008817000000362896
13.659863,-0.0012082999999165622,0.0003877000000557018,0.00011168631410908838,-0.000144034265671368,0.0006917000000612461
13.679863,0.0008817000000362896,-0.0008282999999210006,-0.00037840888646142716,-0.0005957825174101046,-0.0012082999999165622
13.699863,-0.0012082999999165622,-0.0008282999999210006,-0.0006417531069379119,-0.0007242207458415333,-0.0012082999999165622
13.719862,-0.003298299999869414,-0.0004482999999254389,-0.000620343028735744,-0.0010072277388436844,0.0006917000000612461
13.739862,0.0006917000000612461,-0.0004862999999204476,-0.00035310915058170677,-0.00021622540785143802,0.0006917000000612461
13.759862,0.0006917000000612461,-0.00010629999992488593,3.9427143176094895e-05,0.0003170146853853967,0.0006917000000612461
13.779862,0.0006917000000612461,0.0010717000000568077,0.0004016960292776507,0.00030151351988308715,0.0006917000000612461
13.799862,0.0006917000000612461,0.0006917000000612461,0.0006011966491699394,0.0008179237762816953,0.0006917000000612461
13.819862,0.0025917000000390544,0.00034970000006069314,0.0005740254532902471,0.0008932151515684813,0.0006917000000612461
13.839861,-0.0012082999999165622,0.00034970000006069314,0.00034101548464996904,8.40543124201118e-05,0.0006917000000612461
13.859861,-0.0010182999999415188,-3.0299999934868538e-05,-8.369087308464062e-06,-6.652843816353045e-05,-0.0010182999999415188
13.879861,0.0006917000000612461,-0.0007902999999259919,-0.0003536866299027031,-0.00029240256403660874,-0.0012082999999165622
13.899861,-0.0012082999999165622,-0.0003722999999354215,-0.0005853911217879453,-0.0008681601397879915,-0.0010182999999415188
13.919861,-0.0012082999999165622,-0.0004102999999304302,-0.0006364277264874499,-0.0008885331001582758,-0.0012082999999165622
13.93986,0.0008817000000362896,-0.0007902999999259919,-0.0004967613841763304,-0.0003176473192780481,-0.0012082999999165622
13.95986,-0.0012082999999165622,-3.0299999934868538e-05,-0.00021043328797615282,-6.519976683503365e-05,-0.0012082999999165622
13.97986,-0.0012082999999165622,0.0003877000000557018,0.00014197066247732137,0.00014340163175963606,0.0008817000000362896
13.99986,0.0025917000000390544,0.0003877000000557018,0.0004707292926797121,0.0006150799534316551,0.0008817000000362896
14.01986,0.0008817000000362896,0.0007677000000512635,0.000706809728981692,0.0009627489510973879,0.0008817000000362896
14.03986,0.0008817000000362896,0.0011477000000468252,0.0008232404083174215,0.000783378321731238,0.0008817000000362896
14.059859,0.0006917000000612461,0.0007677000000512635,0.000838037413531091,0.0007196020979549109,0.0006917000000612461
14.079859,0.0006917000000612461,0.00034970000006069314,0.0007968276373300358,0.000659368997726542,0.0006917000000612461
14.099859,0.0006917000000612461,0.0003117000000656844,0.0007438574403127611,0.0005420030303627402,0.0006917000000612461
14.119859,-0.0012082999999165622,0.0006917000000612461,0.000696039887037976,0.0007302314685913656,0.0006917000000612461
14.139858,0.0006917000000612461,0.0007297000000562548,0.0006335781535304198,0.00047158344994551913,0.0006917000000612461
14.159858,0.0025917000000390544,0.00034970000006069314,0.0005127404777926249,0.0004764552448145542,0.0006917000000612461
14.179858,0.0008817000000362896,0.00034970000006069314,0.00029384151452172577,0.0003502314685919869,0.0006917000000612461
14.199858,-0.0012082999999165622,0.00034970000006069314,-3.18677184112549e-05,0.0003125857809470039,0.0006917000000612461
14.219858,-0.0012082999999165622,-0.0004102999999304302,-0.0004305040314546234,-0.00011037459200763516,-0.0012082999999165622
14.239857,0.0006917000000612461,-0.0008282999999210006,-0.0008319456436542436,-0.0010497452213640624,-0.0012082999999165622
14.259857,-0.0012082999999165622,-0.0012082999999165622,-0.0011487154823181587,-0.001532495804109538,-0.0012082999999165622
14.279857,-0.0012082999999165622,-0.0012082999999165622,-0.0013010013768313127,-0.0011958990675162019,-0.0012082999999165622
14.299857,-0.0031082999998943706,-0.0011702999999215536,-0.0012420373396234915,-0.0011954561770765497,-0.0012082999999165622
14.319857,-0.0012082999999165622,-0.0007902999999259919,-0.0009754568964333141,-0.0007459223775487944,-0.0012082999999165622
14.339856,0.0008817000000362896,-0.0007902999999259919,-0.0005558490417626833,-0.0007968547784808657,-0.0012082999999165622
14.359856,0.0006917000000612461,0.00034970000006069314,-7.124452829782774e-05,9.114055950436821e-05,0.0006917000000612461
14.379856,-0.0012082999999165622,0.00034970000006069314,0.00038330740239278505,0.0002749400933025507,0.0006917000000612461
14.399856,0.0025917000000390544,0.0006917000000612461,0.000728660560793237,0.0007909074592652167,0.0006917000000612461
14.419856,-0.0012082999999165622,0.0003117000000656844,0.0009144136060067402,0.0009481335664913431,-0.0012082999999165622
14.439855,0.0025917000000390544,0.0010717000000568077,0.0009225816517831822,0.0010212104895697977,0.0025917000000390544
14.459855,-0.0012082999999165622,0.0006917000000612461,0.0007660019993203344,0.0006164086247707519,0.0006917000000612461
14.479855,0.0025917000000390544,0.0006917000000612461,0.00048389873209686644,0.0003125857809533639,0.0006917000000612461
14.499855,0.0006917000000612461,-0.0004482999999254389,0.00013384165912331517,-5.014149177396635e-05,-0.0012082999999165622
14.519855,-0.0012082999999165622,-6.829999992987723e-05,-0.0002218952918361557,0.00017396107232460294,0.0006917000000612461
14.539855,-0.0031082999998943706,-0.0004102999999304302,-0.0005335540552909196,-0.0007565517481725288,0.0006917000000612461
14.559854,0.0006917000000612461,-0.0008282999999210006,-0.0007760732194277798,-0.0007034048950262963,-0.0012082999999165622
14.579854,0.0008817000000362896,-0.0012462999999115708,-0.0009477019071674489,-0.0013057358973502652,-0.0013982999998916057
14.599854,-0.0013982999998916057,-0.0004482999999254389,-0.0010566693927081762,-0.0007450365966594198,0.0006917000000612461
14.619854,-0.003298299999869414,-0.0008282999999210006,-0.0011070323831667876,-0.0006276706292924378,-0.0012082999999165622
14.639853,0.0008817000000362896,-0.0008662999999160092,-0.0010929790105053783,-0.0008690459206630556,-0.0012082999999165622
14.659853,-0.0012082999999165622,-0.0012462999999115708,-0.0010026781681352198,-0.0013699550115630645,-0.0012082999999165622
14.679853,0.0006917000000612461,-0.0008282999999210006,-0.000828973800344823,-0.0012016566432682513,-0.0012082999999165622
14.699853,-0.003298299999869414,-0.0008662999999160092,-0.0005839571281556894,-0.0006830319346560118,-0.0012082999999165622
14.719853,-0.0012082999999165622,-0.0004482999999254389,-0.00031066025098448703,-0.00013384778548039555,0.0006917000000612461
14.739852,0.0006917000000612461,-0.0004482999999254389,-8.05584160706699e-05,-0.00022508321670967335,0.0006917000000612461
14.759852,0.0008817000000362896,0.00034970000006069314,2.9741582435597702e-05,8.095407932240612e-05,0.0006917000000612461
14.779852,0.0006917000000612461,0.0003117000000656844,-2.5422693309210455e-05,3.887948724804033e-05,0.0006917000000612461
14.799852,0.0006917000000612461,-6.829999992987723e-05,-0.00023217349446518287,0.00022710792547348565,0.0006917000000612461
14.819852,-0.0013982999998916057,-0.0004862999999204476,-0.0005144768026997887,-0.0004753163169390566,-0.0012082999999165622
14.839851,-0.0012082999999165622,-0.0008662999999160092,-0.0007615874425465531,-0.0008207708623879782,-0.0012082999999165622
14.859851,-0.0012082999999165622,-0.0012462999999115708,-0.0008731500873951585,-0.0013194655010732956,-0.0012082999999165622
14.879851,-0.0012082999999165622,-0.0008282999999210006,-0.0008009949087608621,-0.00111750745912323,-0.0012082999999165622
14.899851,-0.0012082999999165622,-0.0008282999999210006,-0.0005692456424594184,-0.00037522307685313334,-0.0012082999999165622
14.919851,0.0006917000000612461,-3.0299999934868538e-05,-0.00026462323991382304,-0.0003242906759226522,-0.0012082999999165622
14.93985,-0.0012082999999165622,0.00034970000006069314,-1.173048292591593e-06,0.00011594242430827543,0.0006917000000612461
14.95985,0.002781700000014098,-6.829999992987723e-05,0.0001261768236201667,0.0005260589744191888,0.0006917000000612461
14.97985,0.0006917000000612461,0.0003117000000656844,7.987737268440324e-05,0.0001447303031003232,0.0006917000000612461
14.99985,-0.003298299999869414,0.0003117000000656844,-0.00010639205474879542,-0.00019009487171850394,0.0006917000000612461
15.01985,0.0025917000000390544,-0.0009042999999110179,-0.0003432393796567448,-0.0003517498833734829,-0.0012082999999165622
15.039849,-0.0012082999999165622,-0.0008662999999160092,-0.0005220722827246037,-0.000699418881039746,-0.0012082999999165622
15.059849,-0.003298299999869414,-3.0299999934868538e-05,-0.0005567924362071571,-0.0007149200465415255,0.0008817000000362896
15.079849,0.0008817000000362896,-0.0007902999999259919,-0.00041473347221095147,-0.0005173909090197826,-0.0012082999999165622
15.099849,0.0008817000000362896,-3.0299999934868538e-05,-0.00012586683475942644,0.00024438065273970396,0.0008817000000362896
15.119849,-0.0012082999999165622,0.0003877000000557018,0.00023124609041308113,-0.00018123706287139873,0.0008817000000362896
15.139848,0.0025917000000390544,0.0007297000000562548,0.0005581217889165819,0.0006181801865367808,0.0008817000000362896
15.159848,-0.0012082999999165622,0.0003117000000656844,0.0007671214519719072,0.0013183899767372819,-0.0012082999999165622
15.179848,0.0025917000000390544,0.0010717000000568077,0.0008050408800690336,0.0008219097902714259,0.0025917000000390544
15.199848,-0.0012082999999165622,0.0006917000000612461,0.0006652569513452559,0.00041002167839236366,0.0006917000000612461
15.219848,0.0025917000000390544,0.00027370000007067576,0.000387169974502048,0.00017528974366210994,0.0006917000000612461
15.239847,0.0006917000000612461,-0.0004862999999204476,4.298918700635801e-05,-0.0001502347318620096,-0.0012082999999165622
15.259847,-0.003298299999869414,-6.829999992987723e-05,-0.0002856244116083695,-2.8439860071474994e-05,0.0006917000000612461
15.279847,-0.0012082999999165622,-0.0004102999999304302,-0.0005329210381534843,-0.0006710738926984807,0.0006917000000612461
15.299847,0.0008817000000362896,-0.0007902999999259919,-0.0006640989625331986,-0.0003831951048272943,-0.0012082999999165622
15.319847,0.0008817000000362896,-0.0003722999999354215,-0.0006732705563110292,-0.0006445004661327844,-0.0012082999999165622
15.339846,-0.0012082999999165622,4.570000005514885e-05,-0.000571124925462256,-0.0006489293705637572,0.0008817000000362896
15.359846,-0.0012082999999165622,-0.0003722999999354215,-0.0003762452910299779,-0.0003123326339720111,-0.0012082999999165622
15.379846,0.0008817000000362896,-0.0007902999999259919,-0.0001169580112428334,-4.7041258678910593e-05,-0.0012082999999165622
15.399846,-0.0012082999999165622,-3.0299999934868538e-05,0.0001619179429982991,7.032470869019141e-05,-0.0012082999999165622
15.419846,-0.0012082999999165622,0.0007297000000562548,0.00039878414022376387,0.00013232937069730942,0.0008817000000362896
15.439845,0.0025917000000390544,0.0003117000000656844,0.0005288349881385814,0.00042286550122707934,-0.0012082999999165622
15.459845,0.0025917000000390544,0.0003117000000656844,0.0005084894800794154,0.0006221662005254514,-0.0012082999999165622
15.479845,-0.0012082999999165622,0.0007297000000562548,0.0003372544213340351,0.0006620263403861858,0.0008817000000362896
15.499845,-0.0012082999999165622,0.00034970000006069314,6.255460719601596e-05,0.0004675974359568489,0.0006917000000612461
15.519845,0.0008817000000362896,-0.0004102999999304302,-0.00023606116173161194,-0.0002875307691628037,-0.0012082999999165622
15.539844,0.0006917000000612461,-0.0007902999999259919,-0.0004752077680353405,-0.0012286729602937402,-0.0012082999999165622
15.559844,-0.0012082999999165622,-0.0007902999999259919,-0.0005977235741578023,-0.0010918198134394885,-0.0012082999999165622
15.579844,-0.0031082999998943706,-0.0008282999999210006,-0.000595571362165688,-0.0001838944055257422,-0.0012082999999165622
15.599844,-0.0012082999999165622,-0.0004482999999254389,-0.0005154091384930603,-2.445384608704452e-05,-0.0012082999999165622
15.619844,0.0006917000000612461,-3.0299999934868538e-05,-0.0004379699883130848,-0.0004097685313961704,0.0006917000000612461
15.639843,0.0025917000000390544,-3.0299999934868538e-05,-0.0004355403209772524,-0.0006688594404848491,0.0006917000000612461
15.659843,0.0008817000000362896,-0.0004102999999304302,-0.0005306185161404111,-0.000574080885708143,0.0006917000000612461
15.679843,-0.0031082999998943706,-0.0007902999999259919,-0.0006836757918835488,-0.00034156340319735075,-0.0012082999999165622
15.699843,-0.0031082999998943706,-0.0011322999999265448,-0.0008188620687433535,-0.0006582300698627047,-0.0012082999999165622
15.719842,-0.0012082999999165622,-0.0011322999999265448,-0.0008682260670304074,-0.0010058990675284377,-0.0012082999999165622
15.739842,0.0008817000000362896,-0.0007522999999309832,-0.0008037089200226768,-0.0014598617714850456,-0.0012082999999165622
15.759842,0.0008817000000362896,-0.0003722999999354215,-0.0006411087637041307,-0.0006958757575055677,-0.0012082999999165622
15.779842,-0.0012082999999165622,-0.0003722999999354215,-0.0004240154348647114,-0.00028841655005005823,-0.0012082999999165622
15.799842,-0.0012082999999165622,-3.0299999934868538e-05,-0.00020513478416684384,0.00037193310028970814,-0.0012082999999165622
15.819842,-0.0012082999999165622,-0.0004482999999254389,-3.3606764279733525e-05,0.00015934568770848795,-0.0012082999999165622
15.839841,0.0025917000000390544,0.00034970000006069314,5.448839838330177e-05,-0.0002835447551720132,-0.0012082999999165622
15.859841,-0.0012082999999165622,-6.829999992987723e-05,4.5556421122813395e-05,-0.00031410419573009007,-0.0012082999999165622
15.879841,0.002781700000014098,-6.829999992987723e-05,-4.652310642258298e-05,5.6152214520619e-05,-0.0012082999999165622
15.899841,-0.003298299999869414,-0.0004482999999254389,-0.00018670322664644738,4.5522843889994385e-05,-0.0012082999999165622
15.919841,-0.0012082999999165622,-6.829999992987723e-05,-0.000335501079196882,-0.00022242587405267973,0.0006917000000612461
15.93984,0.0006917000000612461,-0.0008662999999160092,-0.00046558990846094447,-0.0008668314684483644,-0.0012082999999165622
15.95984,0.0006917000000612461,-0.0004862999999204476,-0.0005676585285645449,-0.0005634515150700985,-0.0012082999999165622
15.97984,-0.0012082999999165622,-0.0004862999999204476,-0.0006451784444135673,-0.0007676240092369755,-0.0012082999999165622
15.99984,-0.0013982999998916057,-0.0004862999999204476,-0.0007062624467040217,-0.00024634195796933235,-0.0012082999999165622
16.01984,-0.0012082999999165622,-0.0008662999999160092,-0.0007589162741270461,-0.0006232417248625251,-0.0012082999999165622
16.03984,0.0006917000000612461,-0.0008282999999210006,-0.0008093445580146839,-0.0007937545453736196,-0.0012082999999165622
16.059839,-0.0012082999999165622,-0.0008282999999210006,-0.0008612653944738121,-0.001367297668910841,-0.0012082999999165622
16.079839,-0.0010182999999415188,-0.0008282999999210006,-0.0009169635345850202,-0.001019628671247228,-0.0012082999999165622
16.099839,-0.0013982999998916057,-0.0015882999999121239,-0.0009810150000593768,-0.0005807242423516871,-0.0012082999999165622
16.119838,-0.0012082999999165622,-0.0008282999999210006,-0.0010636990337054369,-0.0010196286712461679,-0.0012082999999165622
16.139838,-0.0031082999998943706,-0.0008662999999160092,-0.0011785494772493293,-0.001597600699209062,-0.0012082999999165622
16.159838,0.0025917000000390544,-0.0016262999999071327,-0.0013319407458228319,-0.0012499317015422689,-0.0012082999999165622
16.179838,-0.0012082999999165622,-0.0016262999999071327,-0.001510489624793256,-0.0014160156176229205,-0.0012082999999165622
16.199838,-0.005198299999847222,-0.0008662999999160092,-0.0016766393654116265,-0.0014930785546889858,-0.0012082999999165622
16.219837,-0.0012082999999165622,-0.002006299999902694,-0.001777257227039417,-0.0017486263402302362,-0.0012082999999165622
16.239837,0.0006917000000612461,-0.002006299999902694,-0.0017595896246072817,-0.0015448967365061916,-0.0012082999999165622
16.259837,-0.0031082999998943706,-0.0012082999999165622,-0.0015861766472210223,-0.0019036379952464414,-0.0012082999999165622
16.279837,-0.0012082999999165622,-0.0007902999999259919,-0.001246160776488137,-0.0011578104894289165,-0.0012082999999165622
16.299837,-0.0012082999999165622,-0.0011702999999215536,-0.0007635245920774301,-0.0008305144521403582,-0.0012082999999165622
16.319837,0.0008817000000362896,-0.0004102999999304302,-0.0001997448966635635,-0.00028620209783695696,-0.0012082999999165622
16.339836,-0.0012082999999165622,7.700000060140155e-06,0.00035357969425333795,0.0001385298368890111,0.0006917000000612461
16.359836,0.0006917000000612461,0.0011857000000418338,0.0007940679053031796,0.0009224459207922313,0.0008817000000362896
16.379836,0.0008817000000362896,0.0007677000000512635,0.0010373794278607002,0.0013945671329044322,0.0006917000000612461
16.399836,0.004681699999991906,0.0011857000000418338,0.001047349451018457,0.0010841009324466804,0.0008817000000362896
16.419836,-0.0012082999999165622,0.0011857000000418338,0.0008536055239152127,0.000685499533852056,0.0008817000000362896
16.439835,0.0008817000000362896,0.00034970000006069314,0.0005439581081495388,0.0005575041958576297,0.0006917000000612461
16.459835,0.0006917000000612461,-0.0004102999999304302,0.00023088076953314593,8.582587418773087e-05,0.0006917000000612461
16.479835,-0.003298299999869414,-3.0299999934868538e-05,7.020692148907549e-06,-0.00019540955703991133,0.0006917000000612461
16.499835,0.0008817000000362896,-6.829999992987723e-05,-8.801612540096699e-05,-7.05144521469009e-05,0.0006917000000612461
16.519835,0.0006917000000612461,-6.829999992987723e-05,-7.352602185557354e-05,0.00015093076929944491,0.0006917000000612461
16.539834,0.0006917000000612461,0.0007297000000562548,-6.132581957640403e-06,-0.00012410419572907557,0.0006917000000612461
16.559834,0.0006917000000612461,-0.00010629999992488593,5.352832624436602e-05,9.205827574038084e-06,0.0006917000000612461
16.579834,0.0006917000000612461,-6.829999992987723e-05,6.575062696914145e-05,0.0004587396270996732,0.0006917000000612461
16.599834,-0.003298299999869414,-3.0299999934868538e-05,1.790202163269283e-05,0.00021072097908445144,0.0006917000000612461
16.619833,0.0008817000000362896,-3.0299999934868538e-05,-8.36773870323431e-05,-0.00029151678314829417,0.0006917000000612461
16.639833,0.0008817000000362896,-0.0004102999999304302,-0.00022393393102405123,-0.0004288128204416682,0.0006917000000612461
16.659833,0.0006917000000612461,-0.0004102999999304302,-0.00038471706605598747,-0.0005439643355907787,0.0006917000000612461
16.679833,-0.0012082999999165622,-0.0004482999999254389,-0.0005488790583366219,-0.0007521228437457961,0.0006917000000612461
16.699833,-0.003298299999869414,-0.0008662999999160092,-0.0007073011243687146,-0.00031543286706176666,-0.0012082999999165622
16.719832,0.0006917000000612461,-0.0012462999999115708,-0.0008649798489002371,-0.0010089993006118332,-0.0012082999999165622
16.739832,-0.0012082999999165622,-0.0008662999999160092,-0.001037189845344232,-0.0012326589742654502,-0.0012082999999165622
16.759832,-0.0012082999999165622,-0.0008662999999160092,-0.0012333682841033896,-0.0010612603728750514,-0.0012082999999165622
16.779832,0.0006917000000612461,-0.0012462999999115708,-0.001437998596015603,-0.001096691608306403,-0.0012082999999165622
16.799832,-0.003298299999869414,-0.0012082999999165622,-0.0016025425785530123,-0.0015572976689086754,-0.0012082999999165622
16.819832,-0.0012082999999165622,-0.0016262999999071327,-0.001656710179070383,-0.0016906076922149687,-0.0012082999999165622
16.839831,-0.0010182999999415188,-0.002006299999902694,-0.0015361437890995748,-0.001313707925321776,-0.0012082999999165622
16.859831,-0.003298299999869414,-0.0008282999999210006,-0.0012142514516661476,-0.001666248717854954,-0.0012082999999165622
16.879831,-0.0012082999999165622,-0.0008282999999210006,-0.0007229540786577739,-0.0012610039626167859,-0.0012082999999165622
16.899831,0.0025917000000390544,-0.0009042999999110179,-0.00015138591523710196,0.00010797039633729457,-0.0012082999999165622
16.919831,-0.0012082999999165622,0.0006917000000612461,0.0003785991087680384,0.0006372244755875788,-0.0012082999999165622
16.939831,-0.0013982999998916057,0.0014517000000523693,0.0007512024428893602,0.0010446836830462682,0.0025917000000390544
16.95983,0.004681699999991906,0.0006537000000662374,0.0008960394956847899,0.0010601848485475179,-0.0012082999999165622
16.97983,0.0025917000000390544,0.0006157000000712287,0.0008136490853101985,0.0005831918415631018,-0.0013982999998916057
16.99983,-0.0013982999998916057,0.0006537000000662374,0.0005740458572400452,0.0001509307693052748,-0.0012082999999165622
17.01983,-0.0013982999998916057,-0.00010629999992488593,0.00028462758145568137,0.0005207442891083814,-0.0012082999999165622
17.039829,-0.0012082999999165622,-0.0004482999999254389,4.254211451466076e-05,5.349487185885502e-05,-0.0012082999999165622
17.059829,0.0008817000000362896,7.700000060140155e-06,-0.00010099287076465614,-0.0006294421910685372,0.0008817000000362896
17.079829,0.0008817000000362896,4.570000005514885e-05,-0.0001458257671876926,9.955547791235122e-05,0.0008817000000362896
17.099829,0.0008817000000362896,0.0004257000000507105,-0.00012168395310649815,0.00028734102569231426,0.0008817000000362896
17.119829,-0.0012082999999165622,0.0004257000000507105,-6.0827863161182834e-05,0.0001651032634541773,0.0008817000000362896
17.139828,0.0006917000000612461,-0.0003722999999354215,1.712194957790115e-05,-0.00018079417243598657,0.0006917000000612461
17.159828,0.0008817000000362896,-0.0003722999999354215,0.00010311189864587368,-0.0002565284381634849,0.0006917000000612461
17.179828,-0.0031082999998943706,7.700000060140155e-06,0.0001868312319509123,0.00012922913758900333,0.0006917000000612461
17.199828,0.0008817000000362896,0.0003877000000557018,0.00024823349961715347,0.0005818631702149947,0.0008817000000362896
17.219828,0.0006917000000612461,0.0003877000000557018,0.0002626549099200798,0.00042065104900549787,0.0008817000000362896
17.239827,0.0025917000000390544,0.0007677000000512635,0.00021837929918435876,5.3051981414432826e-05,0.0008817000000362896
17.259827,0.0008817000000362896,-6.829999992987723e-05,0.00013194368942848666,-0.00014624871787916917,0.0006917000000612461
17.279827,-0.0012082999999165622,-6.829999992987723e-05,4.412932289485612e-05,0.00038123379959819584,0.0006917000000612461
17.299827,-0.003298299999869414,-0.0004482999999254389,-5.418816483849191e-06,1.5849184221292142e-05,0.0006917000000612461
17.319827,0.0006917000000612461,-0.00010629999992488593,-6.679392776899101e-06,-0.0002808874125107796,0.0006917000000612461
17.339826,0.0006917000000612461,-0.00010629999992488593,1.2770170548781328e-05,-0.0004248268064498176,0.0006917000000612461
17.359826,0.0025917000000390544,0.0003117000000656844,7.512871463189415e-06,0.0002975275058933568,0.0006917000000612461
17.379826,-0.0012082999999165622,0.00034970000006069314,-5.367468743492438e-05,0.0004795554779165002,0.0006917000000612461
17.399826,-0.0012082999999165622,0.00034970000006069314,-0.00016669134594939923,0.00013808694645253903,0.0006917000000612461
17.419826,0.0008817000000362896,-0.0008282999999210006,-0.00029383001590931133,-0.0007437079253314531,-0.0012082999999165622
17.439825,0.0006917000000612461,-0.0008282999999210006,-0.0003844510252537483,-0.0004243839160138756,-0.0012082999999165622
17.459825,-0.003298299999869414,-0.0004102999999304302,-0.00040257943619505455,-0.0008894188810412904,0.0006917000000612461
17.479825,-0.0012082999999165622,-6.829999992987723e-05,-0.0003477991743978455,-0.00021179650342470523,0.0006917000000612461
17.499825,0.0008817000000362896,-0.0008662999999160092,-0.0002575038517630163,-7.450046612815113e-05,-0.0012082999999165622
17.519825,0.0025917000000390544,0.0003117000000656844,-0.0001871381003708688,-0.00015864965027423265,0.0008817000000362896
17.539824,-0.003298299999869414,0.0003117000000656844,-0.00017949655113391462,-2.0910722539616315e-05,0.0008817000000362896
17.559824,0.0025917000000390544,-0.00010629999992488593,-0.00024214943742758245,1.230606067545415e-05,-0.0012082999999165622
17.579824,-0.0012082999999165622,-0.0008662999999160092,-0.0003458081502735112,-0.00048638857801039343,-0.0012082999999165622
17.599824,-0.0012082999999165622,-0.0004482999999254389,-0.0004428837065577207,-0.0006724025640211474,-0.0012082999999165622
17.619824,-0.0012082999999165622,-0.0008282999999210006,-0.0004946679430065641,-0.0008402580418784282,-0.0012082999999165622
17.639823,-0.0012082999999165622,-0.0004482999999254389,-0.0004913908234101076,-0.00021976853140045618,-0.0012082999999165622
17.659823,0.0006917000000612461,-0.0004482999999254389,-0.00045351542494979517,-0.000554150815776451,-0.0012082999999165622
17.679823,0.0006917000000612461,-6.829999992987723e-05,-0.00041436787897444494,-0.00033536293698497883,0.0006917000000612461
17.699823,-0.0012082999999165622,-0.00010629999992488593,-0.00039630644947414554,-0.00032429067591205205,0.0006917000000612461
17.719822,0.0006917000000612461,-0.0005242999999154563,-0.0003958577158166868,-0.0001272044288278413,-0.0012082999999165622
17.739822,-0.0013982999998916057,-0.0004862999999204476,-0.00038580146988558814,-0.00030657505819664126,-0.0012082999999165622
17.759822,-0.0013982999998916057,-0.00010629999992488593,-0.0003309036577287526,-0.000503661305281382,0.0006917000000612461
17.779822,0.0008817000000362896,-0.0004862999999204476,-0.0002070624371367679,-0.00035972191134499385,-0.0012082999999165622
17.799822,0.0006917000000612461,-6.829999992987723e-05,-1.4514242925435129e-05,-3.419743582617453e-05,0.0006917000000612461
17.819822,-0.0012082999999165622,0.00034970000006069314,0.00021831785232499803,5.39377623075174e-05,0.0006917000000612461
17.839821,0.0006917000000612461,0.0003117000000656844,0.00043918324257672016,0.0006341242424819228,0.0006917000000612461
17.859821,0.0006917000000612461,0.0003117000000656844,0.0005831355292407296,0.0007045438229002039,0.0006917000000612461
17.879821,0.0006917000000612461,0.0007297000000562548,0.0005892079160376432,0.0005955927739533952,0.0006917000000612461
17.899821,0.0006917000000612461,0.00034970000006069314,0.00041878114131361604,0.00010885617721977906,0.0006917000000612461
17.919821,0.0008817000000362896,-3.0299999934868538e-05,6.895401645768748e-05,0.00015801701637787122,0.0006917000000612461
17.93982,-0.0012082999999165622,-0.0007902999999259919,-0.0004248251026424811,-0.0003973675989995169,-0.0012082999999165622
17.95982,-0.0012082999999165622,-0.0007902999999259919,-0.0009974920648439817,-0.0011214934731119002,-0.0012082999999165622
17.97982,-0.0031082999998943706,-0.0016262999999071327,-0.0015690264064310972,-0.0016861787877861163,-0.0012082999999165622
17.99982,0.0006917000000612461,-0.002044299999897703,-0.0020575070861886184,-0.0018876939392949393,-0.0031082999998943706
18.019819,-0.003298299999869414,-0.002044299999897703,-0.002387330866289831,-0.0021839876455836487,-0.0031082999998943706
18.039819,-0.003298299999869414,-0.0016642999999021413,-0.002495682813566967,-0.002298696270290457,-0.0012082999999165622
18.059819,-0.0012082999999165622,-0.0024242999998932645,-0.0023417839125325413,-0.0024187195803096625,-0.0031082999998943706
18.079819,-0.0012082999999165622,-0.002044299999897703,-0.0019195675658286763,-0.00184296200456199,-0.0013982999998916057
18.099819,-0.0031082999998943706,-0.0012462999999115708,-0.0012700564617961002,-0.0014620762236848969,-0.0012082999999165622
18.119818,-0.0013982999998916057,-0.0004482999999254389,-0.0004866021567539857,-0.0005585797202042436,-0.0012082999999165622
18.139818,0.0006917000000612461,-6.829999992987723e-05,0.0002951928583145879,0.00022046456882941144,0.0006917000000612461
18.159818,0.002781700000014098,0.0006917000000612461,0.0009264309352733428,0.0008732850816431494,0.0006917000000612461
18.179818,0.0006917000000612461,0.0014897000000473782,0.001285115028801429,0.001566851515198516,0.0006917000000612461
18.199818,0.0006917000000612461,0.0014897000000473782,0.0013112763438919842,0.0013963386946890116,0.0006917000000612461
18.219818,0.0025917000000390544,0.0006917000000612461,0.001022706547305515,0.0007607909091494423,0.0006917000000612461
18.239817,0.0006917000000612461,-0.00010629999992488593,0.0005062479343263649,0.0004286230769886689,0.0006917000000612461
18.259817,-0.0012082999999165622,-0.00010629999992488593,-0.0001112188243766139,-0.0002777871794077736,0.0006917000000612461
18.279817,-0.003298299999869414,-0.0004862999999204476,-0.0007005846619523766,-0.0006028687644853506,0.0006917000000612461
18.299817,0.0006917000000612461,-0.0012842999999065797,-0.001161330035112452,-0.0012317731933813758,-0.0012082999999165622
18.319817,0.0006917000000612461,-0.0012842999999065797,-0.0014341097925903341,-0.0012512603728702357,-0.0012082999999165622
18.339816,-0.003298299999869414,-0.0008662999999160092,-0.0014970828276672247,-0.0015059223775279417,-0.0012082999999165622
18.359816,-0.0012082999999165622,-0.0008662999999160092,-0.0013575445328309669,-0.0011493955710055632,-0.0012082999999165622
18.379816,-0.0012082999999165622,-0.0016642999999021413,-0.0010471630907347535,-0.0008282999999155968,-0.0012082999999165622
18.399816,0.0006917000000612461,-0.0004862999999204476,-0.0006198556659746402,-0.0008867615383731665,-0.0012082999999165622
18.419816,-0.003298299999869414,-0.00010629999992488593,-0.00014709787693332894,-0.0003601648017846461,0.0006917000000612461
18.439815,0.0025917000000390544,0.00027370000007067576,0.00029281549916836466,0.0004122361306022849,0.0006917000000612461
18.459815,0.0006917000000612461,0.0003117000000656844,0.0006312106055103475,0.0006115368298942968,0.0006917000000612461
18.479815,0.0006917000000612461,0.0011477000000468252,0.0008262224961810223,0.0010061522145002504,0.0008817000000362896
18.499815,0.0008817000000362896,0.0008057000000462721,0.0008729343729186463,0.000846711655061553,0.0008817000000362896
18.519814,0.0008817000000362896,0.0007677000000512635,0.0008011322681565228,0.0009352897436386069,0.0008817000000362896
18.539814,0.0008817000000362896,0.00034970000006069314,0.0006613824731990381,0.0002660822844437852,0.0008817000000362896
18.559814,0.0005017000000862026,0.0003117000000656844,0.0005049772645517376,0.0003143573427236329,0.0006917000000612461
18.579814,-0.0013982999998916057,0.00027370000007067576,0.00036564288094640735,0.0004383666667330989,0.0006917000000612461
18.599814,0.0006917000000612461,0.00023570000007566705,0.00025136601801748273,0.00023906596743737685,0.0006917000000612461
18.619813,0.0006917000000612461,0.0003117000000656844,0.00015142213056567076,0.00031922913759849795,0.0006917000000612461
18.639813,0.0006917000000612461,0.00034970000006069314,5.534179573178314e-05,0.00014915920752705576,0.0006917000000612461
18.659813,0.0008817000000362896,0.00034970000006069314,-2.8274782483939853e-05,0.00012037132873500804,0.0006917000000612461
18.679813,-0.0012082999999165622,-3.0299999934868538e-05,-6.667503822789036e-05,0.00036794708630527763,0.0006917000000612461
18.699813,0.0006917000000612461,-3.0299999934868538e-05,-1.6987519619470497e-05,-0.00020161002324433318,0.0006917000000612461
18.719812,-0.0012082999999165622,-3.0299999934868538e-05,0.0001472095950654506,-0.00027247249410597673,0.0006917000000612461
18.739812,0.0006917000000612461,-3.0299999934868538e-05,0.0004110145906610957,9.51265734898585e-05,0.0006917000000612461
18.759812,0.0008817000000362896,0.00034970000006069314,0.0007089762751079247,0.0004981568765175755,0.0006917000000612461
18.779812,-0.0012082999999165622,0.0011097000000518165,0.0009390062829364158,0.001295802564152306,0.0008817000000362896
18.799812,0.0025917000000390544,0.0011097000000518165,0.000997692690904141,0.0011403480187022789,0.0008817000000362896
18.819812,0.0025917000000390544,0.0010717000000568077,0.000825268738956663,0.0010810006993526842,0.0006917000000612461
18.839811,0.0006917000000612461,0.0006917000000612461,0.0004401858562024549,0.00034801701637994547,0.0006917000000612461
18.859811,0.0006917000000612461,-3.0299999934868538e-05,-5.693743419237888e-05,6.235268072186061e-05,0.0006917000000612461
18.879811,-0.0031082999998943706,-0.0008282999999210006,-0.0005169994094952415,-0.00041331165493829866,-0.0010182999999415188
18.899811,-0.0010182999999415188,-0.0008282999999210006,-0.00079980240028352,-0.0012902347318506059,-0.0010182999999415188
18.919811,-0.0013982999998916057,-0.0012082999999165622,-0.0008274000364381933,-0.0009536379952572696,-0.0012082999999165622
18.939811,0.0006917000000612461,-0.0004482999999254389,-0.0006091323213329924,-0.0006152696968904844,-0.0010182999999415188
18.95981,-0.0012082999999165622,0.00027370000007067576,-0.00023090774775953428,-0.00019496666659230894,0.0006917000000612461
18.97981,0.0006917000000612461,0.0003117000000656844,0.00018150030108481427,0.000637667366028291,0.0006917000000612461
18.99981,0.0025917000000390544,0.00034970000006069314,0.0005070688575978058,0.0005180869464466178,0.0006917000000612461
19.01981,-0.0012082999999165622,0.0007677000000512635,0.0006648906380736896,0.0005229587413119425,0.0008817000000362896
19.039809,0.0008817000000362896,0.0003877000000557018,0.0006301228233131142,0.0005158724942266262,0.0008817000000362896
19.059809,0.0008817000000362896,7.700000060140155e-06,0.0004302128390300142,0.0007240310023827038,0.0006917000000612461
19.079809,-0.0012082999999165622,0.0003877000000557018,0.00012872010094949765,-6.431398595201906e-05,0.0006917000000612461
19.099809,0.0006917000000612461,-3.0299999934868538e-05,-0.0001946673659710903,-0.0005249200465505811,0.0006917000000612461
19.119808,0.0006917000000612461,-0.0008282999999210006,-0.0004630147372920042,-0.0002547568763873856,-0.0012082999999165622
19.139808,-0.0012082999999165622,-0.0004482999999254389,-0.0006188619463313151,-0.0008686030302202236,0.0006917000000612461
19.159808,-0.0031082999998943706,-0.0004482999999254389,-0.0006376495897499213,-0.0005160622376854556,0.0006917000000612461
19.179808,0.0006917000000612461,-0.0008282999999210006,-0.0005330400880396739,-0.00017016480179582179,-0.0012082999999165622
19.199808,0.0006917000000612461,-3.0299999934868538e-05,-0.00034863617720816653,-0.0004009107225384651,0.0006917000000612461
19.219808,-0.0012082999999165622,0.00034970000006069314,-0.0001379075032191702,-4.394102557802454e-05,0.0006917000000612461
19.239807,0.002781700000014098,-3.0299999934868538e-05,5.6423925753573916e-05,-2.8439860076775103e-05,-0.0012082999999165622
19.259807,-0.0012082999999165622,7.700000060140155e-06,0.0002110049279876395,0.0002040776224387873,-0.0012082999999165622
19.279807,-0.0012082999999165622,-3.0299999934868538e-05,0.0003149082994563986,-3.7297668932360586e-05,-0.0012082999999165622
19.299807,0.0008817000000362896,-6.829999992987723e-05,0.00035578947894786153,0.00045918251754197557,-0.0012082999999165622
19.319807,-0.0013982999998916057,0.0003117000000656844,0.0003137253887389776,0.0004458958042601875,0.0006917000000612461
19.339807,0.0025917000000390544,0.0006917000000612461,0.0001712299359717898,7.434265808539144e-06,0.0006917000000612461
19.359806,0.0006917000000612461,-0.00014429999991989463,-6.643023171910286e-05,-2.57825174060012e-05,0.0006917000000612461
19.379806,0.0006917000000612461,-0.00010629999992488593,-0.0003574876176920146,-0.00033137692299789847,0.0006917000000612461
19.399806,-0.003298299999869414,-0.0008662999999160092,-0.0006307736936691158,-0.00034023473185666384,-0.0012082999999165622
19.419806,-0.0012082999999165622,-0.0008282999999210006,-0.0008124465873731763,-0.0006896752912990259,-0.0012082999999165622
19.439806,-0.0012082999999165622,-0.0008282999999210006,-0.0008557342398626575,-0.001228230069847198,-0.0012082999999165622
19.459805,0.0008817000000362896,-0.0007902999999259919,-0.0007559808597124702,-0.0009669247085464778,-0.0012082999999165622
19.479805,0.0006917000000612461,-0.0004102999999304302,-0.0005465508263938902,-0.000439885081514595,0.0006917000000612461
19.499805,-0.0031082999998943706,-3.0299999934868538e-05,-0.00028431637719541526,-5.8524474886191146e-06,0.0006917000000612461
19.519805,0.0006917000000612461,-6.829999992987723e-05,-3.443319589226515e-05,-0.00026760069923058153,0.0006917000000612461
19.539804,0.0006917000000612461,-0.0004482999999254389,0.00014336372347703122,0.0003130286713919561,0.0006917000000612461
19.559804,0.0006917000000612461,0.0003117000000656844,0.00020840602508313694,0.00018459044295999756,0.0006917000000612461
19.579804,-0.0012082999999165622,0.0006917000000612461,0.00015076615932670375,0.00023375128212020966,0.0006917000000612461
19.599804,0.0006917000000612461,-0.00010629999992488593,-4.16273009365259e-06,0.00011815687653038697,0.0006917000000612461
19.619803,0.0025917000000390544,-0.0004862999999204476,-0.00020219927306759828,-0.000513404895023692,-0.0012082999999165622
19.639803,-0.003298299999869414,-0.0004862999999204476,-0.0003787667187922894,-0.0004536146852381554,-0.0012082999999165622
19.659803,-0.0012082999999165622,-0.0004482999999254389,-0.0004845045978149297,-0.0005798384614639026,-0.0012082999999165622
19.679803,-0.0012082999999165622,-0.0007902999999259919,-0.0005060704144020542,-0.00015422074585598003,-0.0012082999999165622
19.699803,0.0008817000000362896,-0.0003722999999354215,-0.00046850327225952953,-0.0008274142190415924,-0.0012082999999165622
19.719803,0.0008817000000362896,7.700000060140155e-06,-0.0004163176365730128,-0.0005572510488815769,0.0006917000000612461
19.739802,-0.0012082999999165622,-0.0004102999999304302,-0.0003858595575684991,0.000138086946448299,0.0006917000000612461
19.759802,0.0006917000000612461,-6.829999992987723e-05,-0.0003866668947646575,-6.165664328813521e-05,0.0006917000000612461
19.779802,-0.003298299999869414,-0.0004862999999204476,-0.0004009102851278047,-0.000427041258665039,-0.0012082999999165622
19.799802,0.0025917000000390544,-0.0004862999999204476,-0.0003973147309547775,-0.0007906543122679636,-0.0012082999999165622
19.819802,-0.0012082999999165622,-0.0008662999999160092,-0.0003498873942189821,-0.0008610738926894249,-0.0012082999999165622
19.839801,-0.0012082999999165622,-6.829999992987723e-05,-0.0002530829136282892,-0.00017193636356503087,-0.0012082999999165622
19.859801,-0.0012082999999165622,-0.0004102999999304302,-0.00012740976698737624,7.6082284447541e-05,-0.0012082999999165622
19.879801,0.0006917000000612461,0.00034970000006069314,-1.0831748663331645e-05,0.00046139696975454694,0.0006917000000612461
19.899801,0.0008817000000362896,0.00034970000006069314,6.329685636510594e-05,-0.00029638857802050925,0.0006917000000612461
19.919801,0.0025917000000390544,0.00034970000006069314,9.044544200952149e-05,0.0003745904429509418,0.0006917000000612461
19.939801,-0.0012082999999165622,-3.0299999934868538e-05,0.00010359082924266247,0.00013764405600811665,-0.0012082999999165622
19.9598,-0.0012082999999165622,0.0003117000000656844,0.00015639635399121758,0.000172632400999286,-0.0012082999999165622
19.9798,-0.0012082999999165622,-0.0004482999999254389,0.0002893950872711991,-7.538624701699598e-05,-0.0012082999999165622
19.9998,0.0025917000000390544,0.0003117000000656844,0.0005012784616950152,0.00021426410263240955,-0.0012082999999165622
20.019799,-0.0012082999999165622,0.0007297000000562548,0.0007439263570676819,0.000714730303089056,0.0008817000000362896
20.039799,0.0025917000000390544,0.0014897000000473782,0.0009435389484785596,0.0014299983683437342,0.0025917000000390544
20.059799,0.0008817000000362896,0.0011477000000468252,0.0010351083617325483,0.0012993456876891339,0.0008817000000362896
20.079799,0.0025917000000390544,0.0011857000000418338,0.0009916854908918872,0.0010003946387397208,0.0008817000000362896
20.099799,0.0008817000000362896,0.0004257000000507105,0.0008332629521091644,0.00047291212126500577,0.0008817000000362896
20.119798,-0.0010182999999415188,0.0003877000000557018,0.0006108033350226798,0.0006899284382777287,0.0006917000000612461
20.139799,-0.0012082999999165622,7.700000060140155e-06,0.00037565783605150027,1.2306060664323595e-05,0.0006917000000612461
20.159798,0.0006917000000612461,7.700000060140155e-06,0.000154681846804675,6.722447558718543e-05,0.0006917000000612461
20.179798,0.0006917000000612461,-3.0299999934868538e-05,-5.2448609153172027e-05,-8.955874119610856e-05,0.0006917000000612461
20.199798,0.0008817000000362896,0.00034970000006069314,-0.00025369784474959844,5.659510495815104e-05,0.0006917000000612461
20.219797,-0.0012082999999165622,7.700000060140155e-06,-0.00043889734477422745,-8.734428897823706e-05,0.0006917000000612461
20.239797,0.0006917000000612461,-0.0003722999999354215,-0.0005669779962723199,-0.00032163333326883873,-0.0010182999999415188
20.259797,-0.0010182999999415188,-0.0007902999999259919,-0.0005759447549013602,-0.0007667382283693314,-0.0012082999999165622
20.279797,-0.0012082999999165622,-0.0003722999999354215,-0.0004117024692648378,-0.000689232400863614,-0.0010182999999415188
20.299797,-0.0012082999999165622,-0.0003722999999354215,-6.142498693661638e-05,2.6035664398484218e-05,-0.0010182999999415188
20.319796,0.0008817000000362896,0.00034970000006069314,0.0004262572708900848,0.00032277226113267595,0.0006917000000612461
20.339796,0.0006917000000612461,0.0011097000000518165,0.0009463203870113258,0.0007191592075147286,0.0008817000000362896
20.359796,0.0025917000000390544,0.0011097000000518165,0.001366984904278011,0.001305989044339038,0.0008817000000362896
20.379796,0.0025917000000390544,0.0014897000000473782,0.0015709816155387993,0.001720534498877744,0.0025917000000390544
20.399796,-0.0012082999999165622,0.0014897000000473782,0.0014915937859437702,0.001683331701674533,0.0025917000000390544
20.419796,0.002781700000014098,0.0011097000000518165,0.00113233478476377,0.0011585065268599917,0.0006917000000612461
20.439795,0.0006917000000612461,0.00034970000006069314,0.0005677082899135043,0.0007891358974938876,0.0006917000000612461
20.459795,0.0006917000000612461,0.0003117000000656844,-7.350832388940114e-05,-0.00010993170156109291,0.0006917000000612461
20.479795,-0.0012082999999165622,-0.0004862999999204476,-0.000640734999882159,-0.0009912836829006626,-0.0012082999999165622
20.499795,-0.0013982999998916057,-0.0012462999999115708,-0.0010048844990649904,-0.0010648034964155896,-0.0012082999999165622
20.519794,-0.0012082999999165622,-0.0016262999999071327,-0.0011002801224955642,-0.0016029153845214593,-0.0012082999999165622
20.539794,-0.0031082999998943706,-0.0008662999999160092,-0.0009479886038529742,-0.0006879037295250468,-0.0012082999999165622
20.559794,-0.0012082999999165622,-0.0004102999999304302,-0.0006465675033172751,-0.00016972191135192943,-0.0012082999999165622
20.579794,0.0025917000000390544,0.00034970000006069314,-0.0003290671189197207,-0.00011923240086375048,0.0008817000000362896
20.599794,0.0008817000000362896,0.00034970000006069314,-0.00010395853845715535,7.785384621516013e-05,0.0008817000000362896
20.619793,0.0025917000000390544,-3.0299999934868538e-05,-1.1479333620194726e-05,-0.00023748414911692697,0.0008817000000362896
20.639793,-0.0031082999998943706,-0.0003722999999354215,-2.168809168169681e-05,-8.468694632442351e-05,0.0008817000000362896
20.659793,-0.0031082999998943706,-0.0007902999999259919,-7.423185438510901e-05,-3.552610716739152e-05,-0.0012082999999165622
20.679793,0.0008817000000362896,-0.0007522999999309832,-0.00013057153457730276,-0.000560794172424765,-0.0012082999999165622
20.699793,-0.0012082999999165622,7.700000060140155e-06,-0.00020172904420582928,-0.0003592790209106416,0.0006917000000612461
20.719792,0.002781700000014098,-3.0299999934868538e-05,-0.00033528860572382916,-0.0007419363635654239,0.0006917000000612461
20.739792,0.0006917000000612461,-0.0004102999999304302,-0.0005760475121649855,-5.722773886564254e-05,-0.0010182999999415188
20.759792,-0.003298299999869414,-0.0007902999999259919,-0.0009302373687867529,-0.00036680815843985015,-0.0010182999999415188
20.779792,-0.0010182999999415188,-0.0012082999999165622,-0.0013544636502914962,-0.0012038710954855925,-0.0010182999999415188
20.799792,-0.0031082999998943706,-0.002006299999902694,-0.0017695367546869468,-0.0020165750581755608,-0.0031082999998943706
20.819792,0.0006917000000612461,-0.002006299999902694,-0.0020858219773650204,-0.0027207708623615515,-0.0031082999998943706
20.839791,-0.003298299999869414,-0.0024242999998932645,-0.002228232146157777,-0.0020444771560808837,-0.0031082999998943706
20.859791,-0.003298299999869414,-0.0016262999999071327,-0.0021560124079245432,-0.001645875757483609,-0.0031082999998943706
20.879791,-0.0031082999998943706,-0.0016262999999071327,-0.0018740478240010761,-0.0022025890441841945,-0.0031082999998943706
20.899791,0.0008817000000362896,-0.0016262999999071327,-0.0014309682160839404,-0.001338509790120383,-0.0031082999998943706
20.919791,0.0006917000000612461,-0.0012082999999165622,-0.0009036673666652255,-0.0010927055943230326,-0.0012082999999165622
20.93979,-0.003298299999869414,0.00034970000006069314,-0.000376177963771251,-9.838461473049535e-06,0.0006917000000612461
20.95979,-0.0012082999999165622,-6.829999992987723e-05,7.792280057893927e-05,5.128041964681384e-05,-0.0012082999999165622
20.97979,0.004681699999991906,-6.829999992987723e-05,0.00040742166832116066,0.00046494009330197515,-0.0012082999999165622
20.99979,-0.0012082999999165622,0.00034970000006069314,0.0005911588006846923,5.748088584699553e-05,-0.0012082999999165622
21.019789,0.0006917000000612461,0.0011477000000468252,0.0006394669421004216,0.0006513969697518512,0.0006917000000612461
21.039789,-0.0012082999999165622,-3.0299999934868538e-05,0.0005868146578076551,0.0011142174825651047,-0.0012082999999165622
21.059789,0.002781700000014098,0.0007297000000562548,0.00047920270892723356,0.0005003713287296169,0.0006917000000612461
21.079789,-0.0012082999999165622,0.00034970000006069314,0.000362982181858737,-0.00026140023303039984,-0.0012082999999165622
21.099789,0.0025917000000390544,0.00034970000006069314,0.0002771719239598678,0.0005362454546048607,-0.0012082999999165622
21.119788,-0.0012082999999165622,-6.829999992987723e-05,0.0002466068845590619,0.0003214435898068293,-0.0012082999999165622
21.139789,-0.0012082999999165622,0.0006917000000612461,0.00027519702323358094,0.00019079090915752914,0.0006917000000612461
21.159788,0.0006917000000612461,-6.829999992987723e-05,0.00034412445976038223,0.00025943892780713127,-0.0012082999999165622
21.179788,0.0025917000000390544,0.0003117000000656844,0.000420567471432028,0.0005676906760533721,0.0006917000000612461
21.199788,-0.0012082999999165622,0.0010717000000568077,0.0004754269143387018,0.0003861055944704108,0.0006917000000612461
21.219788,0.0006917000000612461,0.0006917000000612461,0.000500604689254092,0.0008112804196402713,0.0006917000000612461
21.239787,0.0025917000000390544,0.0003117000000656844,0.0005158255703726308,0.0007466184149809297,0.0006917000000612461
21.259787,-0.0012082999999165622,0.0006917000000612461,0.0005607677773911394,0.00034314522151197033,0.0006917000000612461
21.279787,0.0006917000000612461,0.0006917000000612461,0.0006750778825765007,0.0003298585082211722,0.0006917000000612461
21.299787,0.0006917000000612461,0.00034970000006069314,0.0008747887752122238,0.001025196503547868,0.0006917000000612461
21.319787,0.0006917000000612461,0.0011477000000468252,0.0011368982625142834,0.001088972727323135,0.0006917000000612461
21.339786,0.0008817000000362896,0.0015277000000423868,0.0014011564835599473,0.0012506277389728142,0.0008817000000362896
21.359786,0.002781700000014098,0.0015277000000423868,0.0015899590339868376,0.0015540076923473698,0.0008817000000362896
21.379786,0.0025917000000390544,0.0015657000000373956,0.0016380985690667245,0.0017555228438599032,0.0008817000000362896
21.399786,0.0006917000000612461,0.0015277000000423868,0.001518916755343376,0.001611583449923515,0.0008817000000362896
21.419785,0.0008817000000362896,0.0014897000000473782,0.0012556830573415953,0.0015252198135638022,0.0008817000000362896
21.439785,0.0006917000000612461,0.0007297000000562548,0.0009154049026513542,0.0009782501166049973,0.0006917000000612461
21.459785,0.0025917000000390544,0.0007297000000562548,0.0005895554512541058,0.0002545671329317362,0.0006917000000612461
21.479785,-0.0012082999999165622,0.0003117000000656844,0.00036763363587268596,0.00026386783223174374,0.0006917000000612461
21.499785,0.0006917000000612461,0.0003117000000656844,0.00030879043446842595,0.0004361522145178775,0.0006917000000612461
21.519785,-0.0012082999999165622,0.0003117000000656844,0.00041905175152132486,0.00048044125880640455,0.0006917000000612461
21.539784,0.0006917000000612461,0.0006917000000612461,0.0006442751149348106,0.0007156160839747205,0.0006917000000612461
21.559784,0.0025917000000390544,0.0007297000000562548,0.0008852115076502659,0.0004122361305969847,0.0006917000000612461
21.579784,0.0006917000000612461,0.0011097000000518165,0.0010306034299140607,0.0008945438229001581,0.0006917000000612461
21.599784,0.0008817000000362896,0.0007297000000562548,0.0009951580772916636,0.0010495554779073532,0.0006917000000612461
21.619783,0.0006917000000612461,0.0007297000000562548,0.0007489131957909486,0.0014906743590175854,0.0006917000000612461
21.639783,-0.0012082999999165622,0.0007677000000512635,0.000331206265080676,0.00043615221451151736,0.0008817000000362896
21.659783,0.0025917000000390544,0.00034970000006069314,-0.00015220013414146404,-0.0002946170162491801,0.0006917000000612461
21.679783,0.0008817000000362896,-0.0008282999999210006,-0.0005506955252604698,-0.00079906923069343,-0.0012082999999165622
21.699783,-0.0012082999999165622,-0.0004102999999304302,-0.0007115276896539701,-0.0010980202796393966,0.0008817000000362896
21.719783,-0.005198299999847222,-0.0007902999999259919,-0.0005373709647219007,-0.0010865051281239027,0.0006917000000612461
21.739782,0.0008817000000362896,-0.0007902999999259919,-3.597458069773849e-05,-0.0006595587411837743,0.0
21.759782,0.0006917000000612461,-0.0007902999999259919,0.0006682561504866543,0.0002877839161441664,0.0
