time,raw_wavelength_shift,moving_average,butterworth,savitzky_golay,median
0.02,-0.0008056999997734238,0.0007803000002695626,-0.0008033100110271674,0.0004926916086075651,0.0
0.039999,0.002974300000232688,0.0007803000002695626,-0.00023893907830363723,0.0006967475527175466,0.00032430000032945827
0.06,0.00032430000032945827,0.0007803000002695626,0.00019690766783134206,0.0007310132870080701,0.00032430000032945827
0.079999,0.00032430000032945827,0.0007803000002695626,0.0004271187968290228,0.0006339736599712306,0.00032430000032945827
0.099999,0.0010843000002296321,-0.00012769999971169456,0.00044712967838472854,0.0004441135200991236,0.00032430000032945827
0.119999,-0.0008056999997734238,2.430000026834023e-05,0.00031277969870481596,0.00019991771588384337,0.00032430000032945827
0.139999,-0.0015656999996735976,-0.0002016999997522362,0.00010506827563117255,-0.0003838351978808516,-0.0008056999997734238
0.159998,0.0010843000002296321,-0.0002016999997522362,-0.00010656008975124925,-3.1341025387285803e-05,-0.0008056999997734238
0.179998,-0.0008056999997734238,-0.00035369999973227094,-0.0002847834307880602,-0.00044756480160325606,-0.0008056999997734238
0.199998,0.0010843000002296321,2.430000026834023e-05,-0.0004241406342640472,-0.0004036487176835676,0.00032430000032945827
0.219998,-0.0015656999996735976,-0.0007316999997328821,-0.0005375941535240319,-0.0003202221442497923,-0.0008056999997734238
0.239998,0.00032430000032945827,-0.00035369999973227094,-0.000641386976318842,-0.0004567023307325554,0.00032430000032945827
0.259997,-0.0026956999997764797,-0.0008836999997129169,-0.0007451180179475357,-0.0006570986011194926,-0.0015656999996735976
0.279997,0.0010843000002296321,-0.0007316999997328821,-0.0008476157582652501,-0.0009872850813123963,-0.0008056999997734238
0.299997,-0.0015656999996735976,-0.0009576999997534585,-0.000936697468198276,-0.001110128904169374,-0.0008056999997734238
0.319997,-0.0008056999997734238,-0.0009576999997534585,-0.0009922306280896096,-0.0008670286710887697,-0.0008056999997734238
0.339997,-0.0008056999997734238,-0.0009576999997534585,-0.0009928383700199778,-0.0009346510487169102,-0.0008056999997734238
0.359997,-0.0026956999997764797,-0.0008056999997734238,-0.0009245970848217453,-0.0008660263400894994,-0.0008056999997734238
0.379996,0.0010843000002296321,-0.0008056999997734238,-0.0007876361864947856,-0.0009185671326386216,-0.0008056999997734238
0.399996,-0.0008056999997734238,-0.0008056999997734238,-0.0005974265870167614,-0.0006405951046767436,-0.0008056999997734238
0.419996,-0.0008056999997734238,-4.969999977220141e-05,-0.0003811991485288989,-0.00044674895083027575,-0.0008056999997734238
0.439996,-0.0008056999997734238,-0.0004276999997728126,-0.00017197261885409546,-0.00015870699278573117,-0.0008056999997734238
0.459996,0.0010843000002296321,-4.969999977220141e-05,-1.3757104729246289e-06,0.00022823939418012738,-0.0008056999997734238
0.479995,-0.0008056999997734238,0.000176300000248375,0.00010861994211661574,7.348414943876536e-05,0.00032430000032945827
0.499995,0.0010843000002296321,0.0004023000002689514,0.00015314800645450634,0.0001985657345214953,0.00032430000032945827
0.519995,0.00032430000032945827,2.430000026834023e-05,0.00014694072488401745,0.0001427848487473504,0.00032430000032945827
0.539995,0.00032430000032945827,2.430000026834023e-05,0.00011839240315917233,-0.00010425477828443227,0.00032430000032945827
0.559994,-0.0008056999997734238,-0.00012769999971169456,9.585534972528208e-05,-1.0431934438763884e-05,0.00032430000032945827
0.579994,-0.0008056999997734238,-0.00012769999971169456,9.260324051929035e-05,0.0001300342660294897,0.00032430000032945827
0.599994,0.00032430000032945827,0.00021230000029390795,0.00010016838925591681,0.00017364731964267284,0.00032430000032945827
0.619994,0.00032430000032945827,0.00021230000029390795,9.610355203798481e-05,0.00023294801894788495,0.00032430000032945827
0.639994,0.0020243000003574707,0.00043830000031448436,6.22413132610032e-05,9.856573456567736e-05,0.00032430000032945827
0.659993,-0.0008056999997734238,6.030000031387317e-05,6.517286281594755e-07,1.0197436214843907e-05,0.00032430000032945827
0.679993,0.00032430000032945827,-0.00016569999970670324,-6.505134507384214e-05,1.4300000313940194e-05,-0.0008056999997734238
0.699993,-0.0015656999996735976,-0.0005056999997123057,-0.00010480626047637208,-0.00036576992979017275,-0.0008056999997734238
0.719993,-0.0008056999997734238,-0.00012769999971169456,-0.00010272341608135848,-0.0002078911419135436,0.00032430000032945827
0.739993,0.00032430000032945827,-0.0003156999997372623,-6.783087198578339e-05,-0.00014266969669617392,-0.0006156999997983803
0.759992,0.0010843000002296321,0.0003663000002688932,-2.677249215959696e-05,0.00012201561798285607,0.00032430000032945827
0.779992,-0.0006156999997983803,0.0003663000002688932,-3.6050676708854173e-06,0.0002970738930231588,0.00032430000032945827
0.799992,0.0018443000003571797,0.0001403000002483168,-1.106470464229005e-06,0.00020229533825970298,-0.0006156999997983803
0.819992,-0.0008056999997734238,-1.169999973171798e-05,3.051732628868398e-06,-0.00024789114190954496,-0.0006156999997983803
0.839992,-0.0008056999997734238,-0.00023969999970177013,4.1706405214514114e-05,-6.956946359287799e-05,-0.0008056999997734238
0.859992,0.00032430000032945827,-0.00039169999972727966,0.00013371559606695715,-8.754149155822165e-05,-0.0008056999997734238
0.879991,-0.001755699999648641,0.0004023000002689514,0.00026543854198998344,0.00024259836856273953,0.00032430000032945827
0.899991,0.0010843000002296321,0.0004023000002689514,0.0003917137109287747,0.0004106636366117908,0.00032430000032945827
0.919991,0.0031643000002077315,0.0005543000002489861,0.0004581394584150828,0.0006222487182096409,0.0010843000002296321
0.939991,-0.0008056999997734238,0.0008963000002495392,0.00043205333974834464,0.0005451391611023732,0.0010843000002296321
0.959991,0.0010843000002296321,0.0003663000002688932,0.00032292999538591915,0.00023271491867615256,-4.569999964587623e-05
0.97999,-4.569999964587623e-05,-0.00020169999970676145,0.00017984914045323026,0.0005205703965527081,-4.569999964587623e-05
0.99999,-0.0015656999996735976,2.430000031381496e-05,6.86998483763716e-05,-6.716853114447656e-05,0.00032430000032945827
1.01999,0.00032430000032945827,0.00021230000033938267,4.3196546413841383e-05,-0.0002735554775122647,0.00032430000032945827
1.03999,0.00032430000032945827,-9.169999966616161e-05,0.00012469249098811744,0.000219894405924579,0.00032430000032945827
1.059989,0.0020243000003574707,0.00043830000031448436,0.00029760263799918235,0.00011854242455447205,0.00032430000032945827
1.079989,-0.0015656999996735976,0.0006283000002895278,0.0005173278651998113,0.0005937405597337077,0.0010843000002296321
1.099989,0.0010843000002296321,0.0006283000002895278,0.0007238346378692659,0.000999125175125163,0.0010843000002296321
1.119989,0.0012743000002046756,0.0006283000002895278,0.000857097567367805,0.0006476333336197376,0.0010843000002296321
1.139989,0.00032430000032945827,0.001006300000290139,0.0008734507150748534,0.0008856053615903844,0.0010843000002296321
1.159988,0.0020243000003574707,0.0006283000002895278,0.0007601326362186004,0.0008369806529697194,0.00032430000032945827
1.179988,0.00032430000032945827,0.0007783000003200868,0.0005424145829929347,0.0006202673662693318,0.00032430000032945827
1.199988,-0.0008056999997734238,0.00040030000031947565,0.00027855765593832234,0.0002174235434451145,0.00032430000032945827
1.219988,0.0020243000003574707,-0.000317699999686738,4.257419400855745e-05,0.00011926503530440877,-0.0008056999997734238
1.239988,-0.0015656999996735976,-1.369999968119373e-05,-0.00010000937720004642,-0.00021092144490121535,-0.0008056999997734238
1.259988,-0.0015656999996735976,0.00013830000034431578,-0.00011503062687271545,-0.00017029207426418218,-4.569999964587623e-05
1.279987,0.0018443000003571797,-0.00042769999968186314,-1.2418116009687854e-05,-5.1084615052407456e-05,-0.0008056999997734238
1.299987,-4.569999964587623e-05,0.00029030000032435053,0.00015672197190579596,0.00022485944088820864,-4.569999964587623e-05
1.319987,-0.0008056999997734238,0.00044230000030438533,0.0003173843734201134,9.110652709774206e-05,-4.569999964587623e-05
1.339987,0.0020243000003574707,0.00029030000027887584,0.000395309402563758,0.0004561414921168681,-4.569999964587623e-05
1.359986,-0.0008056999997734238,0.0001383000002533663,0.00034094698777059406,0.0006140202799934972,-0.0008056999997734238
1.379986,0.0010843000002296321,0.0003643000002739427,0.00014642353683826638,0.00015691072286936074,0.00032430000032945827
1.399986,-0.0008056999997734238,2.430000026834023e-05,-0.00014895035143213403,-0.00011075827479853931,0.00032430000032945827
1.419986,0.00032430000032945827,-0.00035369999973227094,-0.00046704887582013513,-0.0003448841489009424,0.00032430000032945827
1.439986,0.00032430000032945827,-0.0008836999997129169,-0.0007129545781390525,-0.0008648841489093814,-0.0008056999997734238
1.459985,-0.0026956999997764797,-0.0006576999996923405,-0.000806730711833854,-0.0008570986010979094,0.00032430000032945827
1.479985,-0.0015656999996735976,-0.0008836999997129169,-0.0007156020954871205,-0.0009124132864176311,-0.0008056999997734238
1.499985,0.00032430000032945827,-0.0008836999997129169,-0.0004726669143655522,-0.0006437652677668217,-0.0008056999997734238
1.519985,-0.0008056999997734238,-0.00012769999971169456,-0.00017061644498561697,-0.0002270752910964282,0.00032430000032945827
1.539985,0.00032430000032945827,0.00025030000028891664,7.032518169234748e-05,0.0002863745923604114,0.00032430000032945827
1.559984,0.0010843000002296321,0.0004023000002689514,0.000148512597987018,0.00047385710984817943,0.00032430000032945827
1.579984,0.00032430000032945827,0.00025030000028891664,2.2321667045634093e-05,0.00012201561799080621,0.00032430000032945827
1.599984,0.0010843000002296321,-0.00035369999973227094,-0.00027099116255913406,-0.00025630606034561835,0.00032430000032945827
1.619984,-0.0015656999996735976,-0.0007316999997328821,-0.0006286527529179423,-0.0007386137526456118,-0.0008056999997734238
1.639984,-0.0026956999997764797,-0.0009576999997534585,-0.000923555528606371,-0.0010201988342405717,-0.0008056999997734238
1.659983,-0.0008056999997734238,-0.0014876999997341044,-0.0010549274369473411,-0.001326049650089292,-0.0015656999996735976
1.679983,-0.0008056999997734238,-0.0009576999997534585,-0.0009852572307133911,-0.0011428095568703379,-0.0008056999997734238
1.699983,-0.0015656999996735976,-0.0005796999997528474,-0.0007483351831942231,-0.0008389634030201584,-0.0008056999997734238
1.719983,0.0010843000002296321,-0.0002016999997522362,-0.0004283337067543052,-9.469766874615175e-05,-0.0008056999997734238
1.739983,-0.0008056999997734238,2.430000026834023e-05,-0.00012206373851335019,0.00020467296063344254,0.00032430000032945827
1.759983,0.0010843000002296321,0.0004023000002689514,9.884381869813949e-05,5.6840792819938855e-05,0.00032430000032945827
1.779982,0.00032430000032945827,2.430000026834023e-05,0.00021135141499849407,0.00022471958069464077,0.00032430000032945827
1.799982,0.00032430000032945827,0.00017630000029384975,0.00024245657501890177,0.00035290139887136647,0.00032430000032945827
1.819982,-0.0008056999997734238,0.00021430000028885843,0.0002502385283954762,7.320442920427195e-05,0.00032430000032945827
1.839982,-4.569999964587623e-05,0.00021430000028885843,0.00029434992039415066,0.00024126969727452342,0.00032430000032945827
1.859981,0.0012743000002046756,0.00014030000029379152,0.0004093211829438006,3.4906060903486004e-05,-4.569999964587623e-05
1.879981,0.00032430000032945827,0.0005563000002894114,0.0005907767764046228,0.00048502261100192033,0.00032430000032945827
1.899981,-4.569999964587623e-05,0.0007823000002645131,0.0007976104686206419,0.0011880995340707956,0.0010843000002296321
1.919981,0.0012743000002046756,0.0011223000002701156,0.0009676738723065598,0.0011592883452539065,0.0010843000002296321
1.939981,0.0010843000002296321,0.0012743000002501503,0.0010416339768899903,0.0010067708627064964,0.0010843000002296321
1.95998,0.002974300000232688,0.0007443000002240296,0.0009866227764200174,0.0007990319349678801,0.0010843000002296321
1.97998,0.0010843000002296321,0.000706300000229021,0.0008089456899008569,0.000743670629595296,0.0010843000002296321
1.99998,-0.0026956999997764797,0.0005543000002489861,0.0005488868584377841,0.000581596037531866,0.0010843000002296321
2.01998,0.0010843000002296321,2.430000026834023e-05,0.00026172576890624334,0.0004665610725408821,0.00032430000032945827
2.039979,0.00032430000032945827,-0.00012769999971169456,-1.6560042164415498e-06,-4.416153817225012e-05,0.00032430000032945827
2.059979,0.00032430000032945827,0.00040230000031442613,-0.0002039494612739464,-0.00043889347289180947,0.00032430000032945827
2.079979,0.00032430000032945827,-0.0003536999996867962,-0.00032158880156142367,-0.0002830659670528033,0.00032430000032945827
2.099979,-4.569999964587623e-05,-0.0003536999996867962,-0.00034482852944370116,-7.441794839732098e-05,0.00032430000032945827
2.119979,-0.0026956999997764797,-0.0003536999996867962,-0.00028292693460223205,-0.0005022268061977439,0.00032430000032945827
2.139979,0.00032430000032945827,-0.0003536999996867962,-0.00016990666019826945,-5.716853114905358e-05,0.00032430000032945827
2.159978,0.00032430000032945827,-0.0002796999996917293,-6.129597266334222e-05,-2.618951018676602e-05,0.00032430000032945827
2.179978,0.00032430000032945827,0.000476300000309493,-1.7536500094605747e-05,-0.00022036200436988042,0.00032430000032945827
2.199978,0.00032430000032945827,-0.00012769999971169456,-8.066184131253072e-05,-0.00014395174795484792,0.00032430000032945827
2.219978,0.0010843000002296321,-0.0005056999997123057,-0.00025715013265321474,-2.5024009029507458e-05,0.00032430000032945827
2.239978,-0.0026956999997764797,-0.0005056999997123057,-0.0005162284733685845,-0.000584208158222807,0.00032430000032945827
2.259977,-0.0015656999996735976,-0.0007316999997328821,-0.0008026714433266566,-0.0007616440556728898,-0.0008056999997734238
2.279977,0.00032430000032945827,-0.0012616999997135281,-0.0010545397946720588,-0.0010435088575293735,-0.0015656999996735976
2.299977,-0.0008056999997734238,-0.0008836999997129169,-0.0012165841388969338,-0.0012019470859608507,-0.0008056999997734238
2.319977,-0.0015656999996735976,-0.0009216999997079256,-0.0012480056438878434,-0.001448100932118099,-0.0008056999997734238
2.339977,-0.0008056999997734238,-0.001147699999728502,-0.0011292060033527835,-0.0009174249414473733,-0.0008056999997734238
2.359977,-0.001755699999648641,-0.001147699999728502,-0.0008697096411164143,-0.0008821801862025612,-0.0008056999997734238
2.379976,-0.0008056999997734238,-0.0004296999997222883,-0.0005129311879849436,-0.0005537652677809862,-0.0008056999997734238
2.399976,-0.0008056999997734238,-0.00020369999970171193,-0.00013080456233967232,-4.4720978729748063e-05,-0.0008056999997734238
2.419976,0.0020243000003574707,0.0003643000002739427,0.0001943925490351436,0.00017816946413961988,0.00032430000032945827
2.439976,0.00032430000032945827,0.0003643000002739427,0.0003951313637544469,0.0001980995340782022,0.00032430000032945827
2.459975,0.0010843000002296321,0.0003643000002739427,0.00043858544864015174,0.0006567009326697435,0.00032430000032945827
2.479975,-0.0008056999997734238,2.430000026834023e-05,0.00033166743125378844,0.00021371724969093748,0.00032430000032945827
2.499975,-0.0008056999997734238,0.000176300000248375,0.00011123927063927894,0.0001872603732234769,0.00032430000032945827
2.519975,0.00032430000032945827,-0.0005796999997528474,-0.000171361944945465,-0.0004617606058300006,-0.0008056999997734238
2.539975,0.0010843000002296321,-0.0002016999997522362,-0.0004619775174357487,-0.0004004785545489688,0.00032430000032945827
2.559974,-0.0026956999997764797,-0.0005416999997578387,-0.0007092295400178876,-0.0006079843820328132,0.00032430000032945827
2.579974,0.0010843000002296321,-0.0005416999997578387,-0.0008682295644381759,-0.0007514575754988777,0.00032430000032945827
2.599974,-0.002505699999801436,-0.0010716999997384847,-0.0009063537008216094,-0.0007998491839002813,-0.0015656999996735976
2.619974,0.00032430000032945827,-0.0006936999997378734,-0.0008108656612936451,-0.0009467955708392507,-0.0008056999997734238
2.639974,-0.0015656999996735976,-0.0006936999997378734,-0.0005949872611161904,-0.0007569587409824441,-0.0008056999997734238
2.659973,-0.0008056999997734238,-0.00020169999970676145,-0.00029830445575299534,-2.30659670843593e-05,-4.569999964587623e-05
2.679973,0.0010843000002296321,-4.9699999726726675e-05,2.1115473429596264e-05,-6.238997641985694e-05,-4.569999964587623e-05
2.699973,-4.569999964587623e-05,0.0004803000002539193,0.0003017701921848067,0.00034961468558606117,0.0010843000002296321
2.719973,0.0010843000002296321,0.0004803000002539193,0.0004952893071164414,0.0005178198137687893,0.0010843000002296321
2.739973,0.0010843000002296321,0.0003283000002738845,0.0005771517724190614,0.0005373769233358829,0.00032430000032945827
2.759973,-0.0008056999997734238,0.0005543000002489861,0.0005474193118826867,0.00031430000027149533,0.0010843000002296321
2.779972,0.00032430000032945827,2.430000026834023e-05,0.00042364198633129674,0.0002652324012005778,0.00032430000032945827
2.799972,0.0010843000002296321,2.430000026834023e-05,0.0002326984827193375,0.0003901741261231304,0.00032430000032945827
2.819972,-0.0015656999996735976,0.0004023000002689514,7.518441905585092e-06,0.00012761002357744724,0.0010843000002296321
2.839972,0.0010843000002296321,0.000176300000248375,-0.00021090021991209155,-7.278624682856996e-05,0.0010843000002296321
2.859971,0.0010843000002296321,-0.00035369999973227094,-0.0003718166047855166,-0.00021311258714777628,-0.0008056999997734238
2.879971,-0.0008056999997734238,-0.0002016999997522362,-0.00042150729021831206,-0.00039080489485150206,-0.0008056999997734238
2.899971,-0.0015656999996735976,-0.00042769999972733783,-0.00032239909863136996,-0.0006174948715224713,-0.0008056999997734238
2.919971,-0.0008056999997734238,-0.00042769999972733783,-7.803025435199744e-05,-0.00010406829810266294,-0.0008056999997734238
2.939971,-4.569999964587623e-05,-0.00020169999970676145,0.0002519806665657929,7.399696998580167e-05,-4.569999964587623e-05
2.95997,0.0010843000002296321,0.0007063000002744957,0.0005612037344313597,0.0004437871797810272,0.00032430000032945827
2.97997,0.00032430000032945827,0.0009323000002950721,0.0007311945885228157,0.0008907568767373734,0.00032430000032945827
2.99997,0.002974300000232688,0.0007803000002695626,0.0006780336734628964,0.0007870039629686859,0.00032430000032945827
3.01997,0.00032430000032945827,0.0004023000002689514,0.0003891436730943639,0.000657003962985789,0.00032430000032945827
3.03997,-0.0008056999997734238,2.430000026834023e-05,-6.741513852312066e-05,4.730699328158938e-05,-0.0008056999997734238
3.059969,-0.0008056999997734238,-0.0005796999997073726,-0.0005657990911615243,-0.000659336363361145,-0.0008056999997734238
3.079969,-0.0015656999996735976,-0.0011836999997285602,-0.0009667738160597784,-0.0010376580416768995,-0.0008056999997734238
3.099969,-4.569999964587623e-05,-0.0012216999997235688,-0.0011649830741047049,-0.00156763473164479,-0.0009956999997484672
3.119969,-0.0026956999997764797,-0.0010696999996980595,-0.0011224898854443914,-0.00128047855449757,-0.0009956999997484672
3.139969,-0.0009956999997484672,-0.0008796999997230159,-0.0008790534878160965,-0.000758031002047758,-0.0006156999997983803
3.159968,-4.569999964587623e-05,-0.0006536999997479142,-0.0005365704479309745,-0.0003921801862116609,-0.0006156999997983803
3.179968,-0.0006156999997983803,0.0001023000002533081,-0.0002220289350547753,-8.810093215547022e-05,-4.569999964587623e-05
3.199968,0.0010843000002296321,0.0001403000002483168,-4.098787260722471e-05,-7.005361070132321e-06,-4.569999964587623e-05
3.219968,0.0010843000002296321,-1.1699999777192716e-05,-3.897967575552633e-05,0.00021959137552903242,-0.0006156999997983803
3.239968,-0.0008056999997734238,-4.969999977220141e-05,-0.0001869974825140216,-5.484846332680347e-07,-0.0008056999997734238
3.259967,-0.0008056999997734238,-0.0004276999997728126,-0.00039799665351056393,-0.0005461895102709963,-0.0008056999997734238
3.279967,-0.0008056999997734238,-0.0008056999997734238,-0.0005676702586825332,-0.0005821568762233447,-0.0008056999997734238
3.299967,-0.0008056999997734238,-0.0009956999997484672,-0.0006220398685542987,-0.0010581475521989504,-0.0008056999997734238
3.319967,-0.0008056999997734238,-0.0006176999997478561,-0.0005522631818917982,-0.0007419703960065006,-0.0008056999997734238
3.339967,-0.001755699999648641,-0.0007696999997278908,-0.00042264502086885805,-0.0006605484845903464,-0.0008056999997734238
3.359967,0.0010843000002296321,-0.00039169999972727966,-0.0003469463880255817,-0.0006666324006716222,-0.0008056999997734238
3.379966,-0.0015656999996735976,-0.0007316999997328821,-0.00043835014087617477,-0.0005555601395803367,-0.0015656999996735976
3.399966,0.0010843000002296321,-0.00038969999973232917,-0.0007484211864910964,-0.0006471452211573217,-4.569999964587623e-05
3.419966,-0.002505699999801436,-0.0006156999997074308,-0.0012169834700329627,-0.0002673317013455424,-4.569999964587623e-05
3.439965,-4.569999964587623e-05,-0.00046369999972739606,-0.0016553059610333474,-0.0005699657340036211,-4.569999964587623e-05
3.459965,-4.569999964587623e-05,-0.00046369999972739606,-0.0017796658456617287,-0.000742436596458274,-4.569999964587623e-05
3.479965,-0.0008056999997734238,-0.0005016999997224048,-0.0013022222524489218,-0.0003681941722199546,-4.569999964587623e-05
3.499965,0.0010843000002296321,-8.769999972173537e-05,-6.938980230387569e-05,-9.359673389350265e-06,-4.569999964587623e-05
3.519965,-0.0026956999997764797,0.0001383000002533663,0.0017869417633945522,0.00034602494199001063,0.0010843000002296321
3.539965,0.0020243000003574707,0.0005163000002539775,0.003746268094661549,0.00034754009349126656,0.0010843000002296321
3.559964,0.0010843000002296321,-5.169999972167716e-05,0.004916509298268164,0.000279847785823583,0.0010843000002296321
3.579964,0.0010843000002296321,0.0005523000002995105,0.004222911285810542,0.0003143466203492684,0.0010843000002296321
3.599964,-0.001755699999648641,-0.00020369999970171193,0.0007644484377505287,0.012449148485139755,0.00032430000032945827
3.619964,0.00032430000032945827,-0.0005816999997023231,-0.005747395724412744,-0.0028085438225553573,-0.0008056999997734238
3.639964,-0.001755699999648641,-0.0013376999997035456,-0.014635245648514542,-0.01612924312325433,-0.001755699999648641
3.659963,-0.0008056999997734238,-0.03131369999969138,-0.024200583706815368,-0.026117564801537596,-0.001755699999648641
3.679963,-0.0026956999997764797,-0.03339169999967453,-0.03212477156737768,-0.032620385314354974,-0.0026956999997764797
3.699963,-0.15163569999958781,-0.035053699999662055,-0.03627826638814316,-0.0360540682980381,-0.010065699999586286
3.719963,-0.010065699999586286,-0.036679699999649526,-0.03559444000947518,-0.036137844521784604,-0.010065699999586286
3.739963,-0.010065699999586286,-0.038531699999612104,-0.030521760747001418,-0.03427532703924714,-0.010065699999586286
3.759962,-0.008935699999710778,-0.010217699999611796,-0.02279056897503334,-0.02506845058236802,-0.010065699999586286
3.779962,-0.011955699999589342,-0.010747699999637917,-0.01467128987301308,-0.012391387645319182,-0.010065699999586286
3.799962,-0.010065699999586286,-0.0070436999996672965,-0.008161259137674081,0.004050593706637684,-0.010065699999586286
3.819962,-0.01271569999971689,-0.00764769999964301,-0.004448049768907619,-0.00626719184114579,-0.011955699999589342
3.839962,0.008454300000266812,-0.0072696999996423985,-0.0037510282261212667,-0.007726142890078885,-0.010065699999586286
3.859962,-0.011955699999589342,-0.00764769999964301,-0.005471360817219879,-0.009339266433187964,-0.011955699999589342
3.879961,-0.010065699999586286,-0.01010569999962172,-0.008528364657973778,-0.009715233799163829,-0.011955699999589342
3.899961,-0.011955699999589342,-0.01396169999961785,-0.011758682804375252,-0.011892553146497538,-0.011955699999589342
3.919961,-0.025005699999610442,-0.013357699999642137,-0.014260334652821614,-0.013696679020619093,-0.010825699999713834
3.939961,-0.010825699999713834,-0.014983699999675082,-0.015586951118319557,-0.01603507062903127,-0.011955699999589342
3.95996,-0.008935699999710778,-0.014909699999680014,-0.01575514771978101,-0.014580921444896928,-0.011585699999614008
3.97996,-0.018195699999751014,-0.012527699999691323,-0.015103645382139076,-0.013969126573113375,-0.011585699999614008
3.99996,-0.011585699999614008,-0.013131699999667035,-0.014093752623085163,-0.01325574661973462,-0.013095699999666977
4.01996,-0.013095699999666977,-0.013509699999667646,-0.01313800712697916,-0.012137238461205332,-0.013095699999666977
4.039959,-0.013845699999592398,-0.012943699999641466,-0.01250202611968644,-0.013375490209438769,-0.013095699999666977
4.059959,-0.010825699999713834,-0.013017699999636534,-0.012281764537306877,-0.013349686013617572,-0.013095699999666977
4.079959,-0.01536569999962012,-0.013017699999636534,-0.012434260343920294,-0.01257390512783484,-0.013095699999666977
4.099959,-0.011955699999589342,-0.013017699999636534,-0.012832604517884313,-0.013057028670967176,-0.013095699999666977
4.119959,-0.013095699999666977,-0.013471699999627162,-0.01331993298156901,-0.01333155081547039,-0.013095699999666977
4.139959,-0.013845699999592398,-0.013167699999621618,-0.013748799921068942,-0.013605513519432537,-0.013095699999666977
4.159959,-0.013095699999666977,-0.01392369999962284,-0.01400507693132753,-0.013983928437854546,-0.013845699999592398
4.179958,-0.013845699999592398,-0.013847699999632822,-0.014022406838099856,-0.013646096270042148,-0.013845699999592398
4.199958,-0.015735699999595454,-0.013621699999657722,-0.013791684103682754,-0.01378213356608473,-0.013095699999666977
4.219958,-0.01271569999971689,-0.013393699999642194,-0.013363909329228221,-0.013208613752557507,-0.01271569999971689
4.239958,-0.01271569999971689,-0.013015699999641583,-0.01284111731504478,-0.013063788577721676,-0.01271569999971689
4.259957,-0.011955699999589342,-0.01225969999964036,-0.012353315677318105,-0.012728567132499098,-0.011955699999589342
4.279957,-0.011955699999589342,-0.012485699999615463,-0.012026602233323897,-0.01216901002293961,-0.011955699999589342
4.299957,-0.011955699999589342,-0.012107699999614852,-0.011951684626084662,-0.011563648717564368,-0.011955699999589342
4.319957,-0.013845699999592398,-0.012107699999614852,-0.012160099735464919,-0.012132273426190294,-0.011955699999589342
4.339957,-0.010825699999713834,-0.012335699999630379,-0.012611729737286297,-0.012319289743211977,-0.011955699999589342
4.359956,-0.011955699999589342,-0.01324369999965711,-0.013196951942903441,-0.01322115454509738,-0.013095699999666977
4.379956,-0.013095699999666977,-0.01324369999965711,-0.013758910792309105,-0.01389831072227703,-0.013095699999666977
4.399956,-0.016495699999723,-0.014415699999653952,-0.014138320126481098,-0.014094720978697028,-0.013845699999592398
4.419956,-0.013845699999592398,-0.014567699999679462,-0.014230646378558306,-0.014420665034627479,-0.013845699999592398
4.439956,-0.016685699999698045,-0.014339699999663936,-0.01403169635671926,-0.014662786246735244,-0.013845699999592398
4.459955,-0.01271569999971689,-0.013809699999637815,-0.013646276924149214,-0.013664301398252724,-0.013845699999592398
4.479955,-0.011955699999589342,-0.013205699999662101,-0.013250064244333518,-0.012753718647684105,-0.01271569999971689
4.499955,-0.013845699999592398,-0.012033699999665259,-0.013018152380933352,-0.012574581118557356,-0.011955699999589342
4.519955,-0.010825699999713834,-0.012675699999681456,-0.013051108155753255,-0.013066142890121984,-0.011955699999589342
4.539955,-0.010825699999713834,-0.01377369999968323,-0.01333200248781148,-0.013229382983351155,-0.013845699999592398
4.559954,-0.01592569999979787,-0.01377369999968323,-0.013735098689024141,-0.01366201701600114,-0.013845699999592398
4.579954,-0.01744569999959822,-0.014151699999683843,-0.014082818733857486,-0.014358380652369437,-0.013845699999592398
4.599954,-0.013845699999592398,-0.014529699999684453,-0.014222396045651222,-0.014334348018326459,-0.013845699999592398
4.619954,-0.01271569999971689,-0.01449169999964397,-0.014084216304469741,-0.014564511188477753,-0.013845699999592398
4.639954,-0.01271569999971689,-0.013167699999667094,-0.01369898409972321,-0.01392796107193308,-0.01271569999971689
4.659953,-0.015735699999595454,-0.012941699999691992,-0.013176468739851017,-0.012747098601059572,-0.01271569999971689
4.679953,-0.010825699999713834,-0.012639699999681397,-0.0126629281840468,-0.012189010022992466,-0.01271569999971689
4.699953,-0.01271569999971689,-0.012487699999655887,-0.012293640099713494,-0.01215206363604078,-0.011955699999589342
4.719953,-0.01120569999966392,-0.011883699999680175,-0.012152917232050744,-0.012247168531141411,-0.011955699999589342
4.739953,-0.011955699999589342,-0.012337699999670803,-0.012252390667402906,-0.012430035664000007,-0.01271569999971689
4.759952,-0.01271569999971689,-0.012753699999666423,-0.012534714093355251,-0.012555793239760731,-0.01271569999971689
4.779952,-0.013095699999666977,-0.013281699999652119,-0.012901068672172685,-0.01317022214418916,-0.013095699999666977
4.799953,-0.014795699999694989,-0.01343369999967763,-0.01325052922158671,-0.01326213356610544,-0.013095699999666977
4.819952,-0.013845699999592398,-0.01343369999967763,-0.013513656052471165,-0.013574068298043914,-0.013095699999666977
4.839952,-0.01271569999971689,-0.013583699999662713,-0.013666023636360132,-0.01360078158475124,-0.013845699999592398
4.859951,-0.01271569999971689,-0.013393699999642194,-0.013719262859663586,-0.013661364335298166,-0.013845699999592398
4.879951,-0.013845699999592398,-0.013393699999642194,-0.01370022611257676,-0.013564790908719988,-0.013845699999592398
4.899951,-0.013845699999592398,-0.013619699999617296,-0.013633410182689995,-0.01333670233063328,-0.013845699999592398
4.919951,-0.013845699999592398,-0.013619699999617296,-0.013535182693208655,-0.013542250116175157,-0.013845699999592398
4.93995,-0.013845699999592398,-0.013469699999632212,-0.01341784696012627,-0.01358227342619494,-0.013845699999592398
4.95995,-0.01271569999971689,-0.013469699999632212,-0.013295990195725488,-0.013594184848120808,-0.013845699999592398
4.97995,-0.013095699999666977,-0.01324369999965711,-0.013189084182859844,-0.013209499533454305,-0.013095699999666977
4.99995,-0.013845699999592398,-0.013169699999662044,-0.013118830609728167,-0.01310542027936911,-0.013095699999666977
5.01995,-0.01271569999971689,-0.013017699999636534,-0.013102694833284594,-0.012982576456525383,-0.013095699999666977
5.039949,-0.013475699999617063,-0.013167699999621618,-0.013145846313625417,-0.012920338694269323,-0.013475699999617063
5.059949,-0.011955699999589342,-0.013017699999636534,-0.013234577628551588,-0.013272623076534547,-0.013095699999666977
5.079949,-0.013845699999592398,-0.013243699999611636,-0.013335637940067218,-0.013448637062567367,-0.013475699999617063
5.099949,-0.013095699999666977,-0.013507699999627221,-0.013405074562357223,-0.013416539160470474,-0.013845699999592398
5.119949,-0.013845699999592398,-0.01365969999965273,-0.01340534057948447,-0.013473602097530853,-0.013845699999592398
5.139949,-0.014795699999694989,-0.013281699999652119,-0.013323057777652521,-0.01331164405560064,-0.013095699999666977
5.159948,-0.01271569999971689,-0.013205699999662101,-0.01317700163714385,-0.013290338694308259,-0.01271569999971689
5.179948,-0.011955699999589342,-0.012979699999687,-0.01301016085395328,-0.012960595104573557,-0.01271569999971689
5.199948,-0.01271569999971689,-0.012639699999681397,-0.012869518088255483,-0.01273833403232773,-0.01271569999971689
5.219948,-0.01271569999971689,-0.012639699999681397,-0.012785301357538175,-0.012704161538166253,-0.01271569999971689
5.239948,-0.013095699999666977,-0.012791699999706908,-0.01276107823091914,-0.012610105594089663,-0.01271569999971689
5.259947,-0.01271569999971689,-0.013017699999682008,-0.01277822069855093,-0.012791107925088694,-0.01271569999971689
5.279947,-0.01271569999971689,-0.0128656999996565,-0.012810115111389778,-0.013066072960050641,-0.01271569999971689
5.299947,-0.013845699999592398,-0.0128656999996565,-0.012838014785494409,-0.012906539160487137,-0.01271569999971689
5.319947,-0.011955699999589342,-0.013091699999631601,-0.012861343806535128,-0.012989173193092743,-0.013095699999666977
5.339947,-0.013095699999666977,-0.012939699999606091,-0.012898491473946339,-0.012946725640642118,-0.013095699999666977
5.359946,-0.013845699999592398,-0.012939699999606091,-0.012978120236113486,-0.012908473892374584,-0.013095699999666977
5.379946,-0.011955699999589342,-0.013091699999631601,-0.013124324945380121,-0.012871597435515442,-0.013095699999666977
5.399946,-0.013845699999592398,-0.013167699999621618,-0.013341058013590298,-0.013195886479827388,-0.013475699999617063
5.419946,-0.01271569999971689,-0.013319699999647128,-0.013602415094682537,-0.013852389976335483,-0.013475699999617063
5.439945,-0.013475699999617063,-0.01407569999964835,-0.01385482901244168,-0.013766142890072944,-0.013845699999592398
5.459945,-0.014605699999719945,-0.01407569999964835,-0.014033124775462575,-0.01399651585045205,-0.013845699999592398
5.479945,-0.015735699999595454,-0.01392369999962284,-0.014085035134782433,-0.01421488414882394,-0.013845699999592398
5.499945,-0.013845699999592398,-0.014149699999643417,-0.013992374310054546,-0.01388891678287077,-0.014605699999719945
5.519945,-0.011955699999589342,-0.013771699999642806,-0.01377765645462672,-0.013868590442533205,-0.013845699999592398
5.539945,-0.014605699999719945,-0.013167699999667094,-0.013493859313381458,-0.013606026339992824,-0.01271569999971689
5.559944,-0.01271569999971689,-0.013167699999667094,-0.013204919712683347,-0.013308590442549437,-0.01271569999971689
5.579944,-0.01271569999971689,-0.013319699999692602,-0.012966935044777023,-0.012641131235107463,-0.01271569999971689
5.599944,-0.013845699999592398,-0.012789699999666481,-0.012815356014793543,-0.012602156876134512,-0.01271569999971689
5.619944,-0.01271569999971689,-0.012411699999665871,-0.012758392450339233,-0.012840571794547461,-0.01271569999971689
5.639944,-0.011955699999589342,-0.01282769999966149,-0.012775748257306626,-0.012898100932067565,-0.01271569999971689
5.659944,-0.010825699999713834,-0.012979699999687,-0.01282420801840075,-0.0129304086243875,-0.01271569999971689
5.679943,-0.014795699999694989,-0.012979699999687,-0.012853092397275839,-0.012926585780584376,-0.01271569999971689
5.699943,-0.014605699999719945,-0.012753699999711899,-0.012827669309326137,-0.012757355011356868,-0.01271569999971689
5.719943,-0.01271569999971689,-0.013207699999702527,-0.01274907031393345,-0.012665024009013055,-0.013095699999666977
5.739943,-0.010825699999713834,-0.012639699999681397,-0.012656460541235542,-0.01292064172464738,-0.01271569999971689
5.759942,-0.013095699999666977,-0.012261699999680787,-0.012607927411383313,-0.01275481421880341,-0.01271569999971689
5.779942,-0.011955699999589342,-0.012639699999681397,-0.012651555184197026,-0.012443299067265965,-0.01271569999971689
5.799942,-0.01271569999971689,-0.0128656999996565,-0.012803158566934756,-0.012385863169824027,-0.01271569999971689
5.819942,-0.014605699999719945,-0.013015699999641583,-0.01303994389789745,-0.012986352680307444,-0.01271569999971689
5.839942,-0.011955699999589342,-0.013167699999667094,-0.013309007315790622,-0.013571434265372013,-0.01271569999971689
5.859941,-0.013845699999592398,-0.013771699999642806,-0.013544271650706822,-0.013754767598709942,-0.013845699999592398
5.879941,-0.01271569999971689,-0.013619699999617296,-0.013686099673353302,-0.013726679020627089,-0.013845699999592398
5.899941,-0.015735699999595454,-0.013771699999642806,-0.01369958786813282,-0.01361371864764239,-0.013845699999592398
5.919941,-0.013845699999592398,-0.013317699999652178,-0.013586511320897426,-0.013415350349276715,-0.01271569999971689
5.939941,-0.01271569999971689,-0.01354369999962728,-0.01338487583202529,-0.013310105594051224,-0.013845699999592398
5.95994,-0.011575699999639255,-0.012939699999651565,-0.013154734667561034,-0.013041947085912008,-0.01271569999971689
5.97994,-0.013845699999592398,-0.012713699999676465,-0.012957796766878747,-0.013282320046278585,-0.01271569999971689
5.99994,-0.01271569999971689,-0.013091699999677076,-0.012842246713477608,-0.012904114918090216,-0.01271569999971689
6.01994,-0.01271569999971689,-0.013545699999667704,-0.01283829883105259,-0.012710525174506403,-0.013845699999592398
6.039939,-0.014605699999719945,-0.012941699999691992,-0.012960245367739083,-0.01316845058243267,-0.01271569999971689
6.059939,-0.013845699999592398,-0.012941699999691992,-0.01320608587283078,-0.013231224475226684,-0.01271569999971689
6.079939,-0.010825699999713834,-0.013735699999688222,-0.013549943790337977,-0.013320338694332688,-0.013845699999592398
6.099939,-0.01271569999971689,-0.01343369999967763,-0.013932778868762163,-0.013818240792223224,-0.013095699999666977
6.119939,-0.016685699999698045,-0.01381169999967824,-0.01426467066214557,-0.014093229137205242,-0.013095699999666977
6.139939,-0.013095699999666977,-0.014605699999674471,-0.014447568444174361,-0.014467215151172429,-0.014795699999694989
6.159938,-0.015735699999595454,-0.014831699999649572,-0.014412524123697756,-0.014649732633695508,-0.014795699999694989
6.179938,-0.014795699999694989,-0.014263699999628444,-0.014153269381205397,-0.014526772260707962,-0.013845699999592398
6.199938,-0.013845699999592398,-0.013809699999637815,-0.013737798345331403,-0.013717867831801046,-0.013845699999592398
6.219938,-0.013845699999592398,-0.013053699999636592,-0.013289458175999585,-0.01288632937025364,-0.013845699999592398
6.239938,-0.010825699999713834,-0.01271369999963099,-0.012943158809927758,-0.012948427272362773,-0.013095699999666977
6.259937,-0.011955699999589342,-0.01271369999963099,-0.012795133743662904,-0.012832786246729098,-0.013095699999666977
6.279937,-0.013095699999666977,-0.012903699999651509,-0.0128693490927165,-0.012867727971662636,-0.013095699999666977
6.299937,-0.013845699999592398,-0.013507699999627221,-0.013115292916030405,-0.013013508857436927,-0.013845699999592398
6.319937,-0.014795699999694989,-0.013507699999627221,-0.013434354319248538,-0.013376912120842252,-0.013845699999592398
6.339936,-0.013845699999592398,-0.013657699999612305,-0.013717577897008499,-0.013876445920368321,-0.013845699999592398
6.359936,-0.011955699999589342,-0.013809699999637815,-0.013876613823183009,-0.014124930768851216,-0.013845699999592398
6.379936,-0.013845699999592398,-0.013619699999617296,-0.013860660038583604,-0.013880058973982853,-0.013845699999592398
6.399936,-0.014605699999719945,-0.013619699999617296,-0.013663114090625754,-0.013528520512453715,-0.013845699999592398
6.419936,-0.013845699999592398,-0.013393699999642194,-0.01332248455079269,-0.013160315384243278,-0.013845699999592398
6.439935,-0.013845699999592398,-0.013015699999641583,-0.012915598658620844,-0.012735699999625087,-0.013845699999592398
6.459935,-0.010825699999713834,-0.012485699999615463,-0.012538627654074846,-0.012762366666299159,-0.011955699999589342
6.479935,-0.011955699999589342,-0.012107699999614852,-0.012278291186665359,-0.012401061304991742,-0.011955699999589342
6.499935,-0.011955699999589342,-0.01225969999964036,-0.012184927194734602,-0.011988916782825643,-0.011955699999589342
6.519935,-0.011955699999589342,-0.012485699999615463,-0.012260562580109706,-0.012199662703586453,-0.011955699999589342
6.539935,-0.014605699999719945,-0.012485699999615463,-0.012466371280338902,-0.012555093939017086,-0.011955699999589342
6.559934,-0.011955699999589342,-0.013015699999641583,-0.01274243055791001,-0.012969895803831694,-0.011955699999589342
6.579934,-0.011955699999589342,-0.01324369999965711,-0.01302788552319546,-0.01304315920712054,-0.013095699999666977
6.599934,-0.014605699999719945,-0.0128656999996565,-0.013273923286956748,-0.013133835197790197,-0.01271569999971689
6.619934,-0.013095699999666977,-0.01324369999965711,-0.013449186941882718,-0.013405140559092171,-0.013095699999666977
6.639934,-0.01271569999971689,-0.013621699999657722,-0.013540692298787243,-0.013502226806185052,-0.013845699999592398
6.659933,-0.013845699999592398,-0.013621699999657722,-0.013552875258680529,-0.013667401631376929,-0.013845699999592398
6.679933,-0.013845699999592398,-0.013545699999667704,-0.013505876030217542,-0.013629616083573357,-0.013845699999592398
6.699933,-0.014605699999719945,-0.013393699999642194,-0.013431874658264755,-0.013195233799172116,-0.013845699999592398
6.719933,-0.01271569999971689,-0.013393699999642194,-0.013366433172227984,-0.013424114918058906,-0.013845699999592398
6.739933,-0.011955699999589342,-0.013167699999667094,-0.013334196635808208,-0.013416725640677155,-0.01271569999971689
6.759932,-0.013845699999592398,-0.013167699999667094,-0.013334837932225865,-0.013133205827191038,-0.01271569999971689
6.779932,-0.01271569999971689,-0.013167699999667094,-0.01333896572127228,-0.013217098601089836,-0.01271569999971689
6.799932,-0.014605699999719945,-0.013319699999692602,-0.013299322931300553,-0.013216725640705095,-0.01271569999971689
6.819932,-0.01271569999971689,-0.013319699999692602,-0.013173173627558543,-0.013432180186146742,-0.01271569999971689
6.839931,-0.01271569999971689,-0.013167699999667094,-0.012945299106646657,-0.012993765267743186,-0.01271569999971689
6.859931,-0.013845699999592398,-0.012637699999640973,-0.012641280617207236,-0.012734674358632245,-0.01271569999971689
6.879931,-0.011955699999589342,-0.01225969999964036,-0.012325266329006362,-0.012608963402890465,-0.011955699999589342
6.899931,-0.011955699999589342,-0.012485699999615463,-0.012081907725611808,-0.011890921444840278,-0.011955699999589342
6.919931,-0.010825699999713834,-0.011957699999629767,-0.01198778303738842,-0.011897821211756542,-0.011955699999589342
6.939931,-0.013845699999592398,-0.011731699999654666,-0.012082185327763202,-0.011926655710607283,-0.01120569999966392
6.95993,-0.01120569999966392,-0.012261699999680787,-0.012347917523590034,-0.012109686013656728,-0.01120569999966392
6.97993,-0.010825699999713834,-0.0128656999996565,-0.012709653332461164,-0.0129136953376544,-0.013845699999592398
6.99993,-0.014605699999719945,-0.0128656999996565,-0.013052938514164608,-0.013177914451874237,-0.013845699999592398
7.01993,-0.013845699999592398,-0.013393699999642194,-0.013260618185923037,-0.01323686550080153,-0.013845699999592398
7.039929,-0.013845699999592398,-0.013393699999642194,-0.013254548026147782,-0.013058124242073232,-0.013845699999592398
7.059929,-0.013845699999592398,-0.012863699999616073,-0.01302460890749307,-0.013348170862109427,-0.013845699999592398
7.079929,-0.010825699999713834,-0.012637699999640973,-0.012631794266528346,-0.01288511724904034,-0.01271569999971689
7.099929,-0.011955699999589342,-0.01225969999964036,-0.012185705083361682,-0.011750455244376262,-0.011955699999589342
7.119929,-0.01271569999971689,-0.011503699999639138,-0.011808698778604961,-0.011685187179132531,-0.011955699999589342
7.139929,-0.011955699999589342,-0.011579699999629156,-0.011601116056537086,-0.01167024545419461,-0.011955699999589342
7.159928,-0.010065699999586286,-0.012147699999650286,-0.011616561438890359,-0.011591084615016858,-0.011955699999589342
7.179928,-0.01120569999966392,-0.011995699999624776,-0.011851086644364912,-0.01215071165463126,-0.011955699999589342
7.199928,-0.014795699999694989,-0.011995699999624776,-0.012247767742707992,-0.012239126573070467,-0.011955699999589342
7.219928,-0.011955699999589342,-0.012903699999651509,-0.012714471418662512,-0.01245497738891162,-0.011955699999589342
7.239928,-0.011955699999589342,-0.013205699999662101,-0.013147758990873505,-0.013186469230432325,-0.01271569999971689
7.259927,-0.014605699999719945,-0.013015699999641583,-0.013455626053022907,-0.013568543822505297,-0.01271569999971689
7.279927,-0.01271569999971689,-0.013545699999667704,-0.013576124028349509,-0.013637914451868797,-0.013845699999592398
7.299927,-0.013845699999592398,-0.013545699999667704,-0.013491191311818381,-0.013304581118543345,-0.013845699999592398
7.319927,-0.014605699999719945,-0.01324369999965711,-0.013232936426890982,-0.013376003029974147,-0.013095699999666977
7.339927,-0.011955699999589342,-0.012941699999646516,-0.01287763361927162,-0.013014697668656127,-0.013095699999666977
7.359926,-0.013095699999666977,-0.012563699999645905,-0.012525021723045465,-0.012395210489132905,-0.011955699999589342
7.379926,-0.01120569999966392,-0.012033699999619785,-0.012267093886539675,-0.012048613752530368,-0.011955699999589342
7.399926,-0.011955699999589342,-0.012033699999619785,-0.012157462754813627,-0.011962949416872959,-0.011955699999589342
7.419926,-0.011955699999589342,-0.011957699999629767,-0.012194487390166021,-0.012159079953012351,-0.011955699999589342
7.439925,-0.011955699999589342,-0.01267569999963598,-0.012326548620366364,-0.012586236130189832,-0.011955699999589342
7.459925,-0.01271569999971689,-0.01282769999966149,-0.01247822820756653,-0.012838893472845817,-0.01271569999971689
7.479925,-0.014795699999694989,-0.01282769999966149,-0.012585807832627442,-0.012707191841146503,-0.01271569999971689
7.499925,-0.01271569999971689,-0.01282769999966149,-0.012624238353206885,-0.012478893472850004,-0.01271569999971689
7.519925,-0.011955699999589342,-0.01229769999963537,-0.012610506337576046,-0.012504977388910994,-0.011955699999589342
7.539924,-0.011955699999589342,-0.012107699999614852,-0.012581610033648872,-0.012528870162796447,-0.011955699999589342
7.559924,-0.010065699999586286,-0.012333699999589953,-0.012562099782820456,-0.01238935967326718,-0.011955699999589342
7.579924,-0.013845699999592398,-0.012485699999615463,-0.01254368281731157,-0.012342483216377102,-0.01271569999971689
7.599924,-0.013845699999592398,-0.012485699999615463,-0.01249063606675352,-0.012570035663932217,-0.01271569999971689
7.619924,-0.01271569999971689,-0.012863699999616073,-0.012365868940884154,-0.012390198834120124,-0.01271569999971689
7.639924,-0.011955699999589342,-0.01225969999964036,-0.012158596997736238,-0.012280991374941933,-0.011955699999589342
7.659923,-0.011955699999589342,-0.011655699999664648,-0.011896175688241703,-0.012303578787547047,-0.011955699999589342
7.679923,-0.010825699999713834,-0.011655699999664648,-0.01163578407761327,-0.011541597435570351,-0.011955699999589342
7.699923,-0.010825699999713834,-0.011655699999664648,-0.011444000935973867,-0.011248543822499775,-0.011955699999589342
7.719923,-0.01271569999971689,-0.011277699999664038,-0.011375830375734952,-0.01119994242389388,-0.010825699999713834
7.739923,-0.011955699999589342,-0.011503699999639138,-0.011460172631089357,-0.011554394638354323,-0.011955699999589342
7.759922,-0.010065699999586286,-0.01188169999963975,-0.011692565195376797,-0.011703718647663855,-0.011955699999589342
7.779922,-0.011955699999589342,-0.012107699999614852,-0.01203447434093417,-0.01206854382246312,-0.011955699999589342
7.799922,-0.01271569999971689,-0.012107699999614852,-0.012420729993442478,-0.012523718647627198,-0.011955699999589342
7.819922,-0.013845699999592398,-0.012863699999616073,-0.01277621309639423,-0.012641154545052803,-0.01271569999971689
7.839922,-0.011955699999589342,-0.013241699999616685,-0.01303755680591491,-0.012946888810784736,-0.013845699999592398
7.859921,-0.013845699999592398,-0.013089699999591175,-0.013171379360256308,-0.013415187179103887,-0.013845699999592398
7.879921,-0.013845699999592398,-0.012939699999606091,-0.01318201318140646,-0.013305886479813608,-0.013095699999666977
7.899921,-0.011955699999589342,-0.013319699999647128,-0.013106553566606947,-0.01297500069891151,-0.013845699999592398
7.919921,-0.013095699999666977,-0.012941699999646516,-0.012999696055916258,-0.012815769929718113,-0.013095699999666977
7.93992,-0.013855699999794524,-0.012563699999645905,-0.012913998968546865,-0.012969569463527907,-0.011955699999589342
7.95992,-0.011955699999589342,-0.012943699999686942,-0.01288215498520322,-0.01277390512787898,-0.013095699999666977
7.97992,-0.011955699999589342,-0.013019699999676958,-0.012906772843139572,-0.012874208158186885,-0.013475699999617063
7.99992,-0.013855699999794524,-0.012791699999661432,-0.012961337734994631,-0.013057611421591914,-0.01271569999971689
8.01992,-0.013475699999617063,-0.013019699999676958,-0.013002810459364092,-0.01294954615352176,-0.013095699999666977
8.039919,-0.01271569999971689,-0.013171699999702469,-0.012991023237291248,-0.012996492540481061,-0.013095699999666977
8.059919,-0.013095699999666977,-0.012943699999686942,-0.012906159310946283,-0.01319229673630501,-0.01271569999971689
8.079919,-0.01271569999971689,-0.012791699999706908,-0.01275700493702339,-0.012909895803901558,-0.01271569999971689
8.099919,-0.01271569999971689,-0.012639699999681397,-0.012577604456192763,-0.0123083806523458,-0.01271569999971689
8.119919,-0.01271569999971689,-0.012261699999680787,-0.012414244844994518,-0.012245187179162412,-0.01271569999971689
8.139919,-0.011955699999589342,-0.012109699999655277,-0.012307293464321547,-0.012328800232777427,-0.011955699999589342
8.159918,-0.01120569999966392,-0.012337699999670803,-0.01227452253841619,-0.012304114918095604,-0.011955699999589342
8.179918,-0.011955699999589342,-0.012337699999670803,-0.012303680538399664,-0.012269452913411933,-0.011955699999589342
8.199918,-0.013855699999794524,-0.012337699999670803,-0.012359339677168643,-0.012282389976342832,-0.011955699999589342
8.219918,-0.01271569999971689,-0.012487699999655887,-0.012401431674642381,-0.01237481421877223,-0.011955699999589342
8.239918,-0.011955699999589342,-0.012639699999681397,-0.012405365004354591,-0.012768264102232587,-0.01271569999971689
8.259917,-0.011955699999589342,-0.012411699999665871,-0.012373253255928108,-0.012485863169833375,-0.01271569999971689
8.279917,-0.01271569999971689,-0.012411699999665871,-0.012332600595474936,-0.012126888810881283,-0.01271569999971689
8.299917,-0.01271569999971689,-0.012035699999705685,-0.012325465107067043,-0.012119919113919644,-0.01271569999971689
8.319917,-0.01271569999971689,-0.012415699999746722,-0.012392978741736352,-0.012394394638415046,-0.01271569999971689
8.339916,-0.010075699999788412,-0.012793699999747332,-0.012559915039099253,-0.012774044988101169,-0.01271569999971689
8.359916,-0.013855699999794524,-0.01286969999973735,-0.012824852979893817,-0.012959476223526932,-0.013095699999666977
8.379916,-0.014605699999719945,-0.013097699999752877,-0.013160491755399923,-0.012972786246822961,-0.013855699999794524
8.399916,-0.013095699999666977,-0.01370169999972859,-0.013522741074883323,-0.013446352680389986,-0.013855699999794524
8.419916,-0.013855699999794524,-0.01370169999972859,-0.01386131374653491,-0.0138889167829561,-0.013855699999794524
8.439915,-0.013095699999666977,-0.013929699999744116,-0.014126222252762357,-0.014305793239849074,-0.013855699999794524
8.459915,-0.013855699999794524,-0.014081699999769626,-0.014271981615088322,-0.014166212820281854,-0.013855699999794524
8.479915,-0.01574569999979758,-0.014081699999769626,-0.014264964729160843,-0.013904907458969473,-0.013855699999794524
8.499915,-0.013855699999794524,-0.014157699999759642,-0.014094904465925503,-0.014130781584840432,-0.013855699999794524
8.519915,-0.013855699999794524,-0.013777699999718607,-0.013784641200244295,-0.01411800769202088,-0.013855699999794524
8.539914,-0.013475699999617063,-0.013549699999703079,-0.01339071126402501,-0.013508916782912203,-0.013855699999794524
8.559914,-0.011955699999589342,-0.013169699999662044,-0.012992247729168361,-0.013039779253765548,-0.013475699999617063
8.579914,-0.014605699999719945,-0.012413699999660821,-0.01267141306406063,-0.012241084615049006,-0.011955699999589342
8.599914,-0.011955699999589342,-0.012489699999696314,-0.012490987394393676,-0.012464114918085441,-0.011955699999589342
8.619914,-0.010075699999788412,-0.012489699999696314,-0.012475244414249345,-0.012641037995037248,-0.011955699999589342
8.639914,-0.013855699999794524,-0.01271769999971184,-0.012601383371638165,-0.012654091608102956,-0.011955699999589342
8.659913,-0.011955699999589342,-0.01286969999973735,-0.01280780187320785,-0.013079965733985191,-0.01271569999971689
8.679913,-0.01574569999979758,-0.013245699999697536,-0.013017945720490904,-0.01272996573397844,-0.01271569999971689
8.699913,-0.01271569999971689,-0.013245699999697536,-0.013168007422486694,-0.013096748950762075,-0.01271569999971689
8.719913,-0.011955699999589342,-0.013019699999722434,-0.013223844403704704,-0.01341364871766206,-0.01271569999971689
8.739913,-0.013855699999794524,-0.012791699999706908,-0.013181392128033598,-0.013037448251460571,-0.01271569999971689
8.759912,-0.010825699999713834,-0.013019699999722434,-0.013057386589664372,-0.013027401631425007,-0.013855699999794524
8.779912,-0.014605699999719945,-0.013019699999722434,-0.012881757726962767,-0.012848450582455118,-0.013855699999794524
8.799912,-0.013855699999794524,-0.012791699999706908,-0.01269646395820024,-0.012930804894818279,-0.01271569999971689
8.819912,-0.011955699999589342,-0.013169699999707518,-0.012555160441243557,-0.012626632400650005,-0.01271569999971689
8.839911,-0.01271569999971689,-0.012413699999706295,-0.01251431095363407,-0.012385839859837345,-0.01271569999971689
8.859911,-0.01271569999971689,-0.012185699999690769,-0.012613040405627633,-0.012613462237466452,-0.01271569999971689
8.879911,-0.010825699999713834,-0.01271569999971689,-0.012850229111850374,-0.012489849183854375,-0.01271569999971689
8.899911,-0.01271569999971689,-0.0130936999997175,-0.013173753009666363,-0.013268287412300461,-0.01271569999971689
8.919911,-0.014605699999719945,-0.013471699999718112,-0.013493178465728685,-0.01370381188783995,-0.014605699999719945
8.93991,-0.014605699999719945,-0.014227699999719335,-0.013714334389112317,-0.01370754149154848,-0.014605699999719945
8.95991,-0.014605699999719945,-0.01392569999970874,-0.013779214211414178,-0.013957098601121598,-0.014605699999719945
8.97991,-0.014605699999719945,-0.013547699999708129,-0.013688851164603713,-0.01393961608363022,-0.014605699999719945
8.99991,-0.01120569999966392,-0.013397699999723045,-0.013496085391899318,-0.013256795570802123,-0.013855699999794524
9.01991,-0.01271569999971689,-0.012867699999696924,-0.013273632499319983,-0.012939546153548068,-0.01271569999971689
9.039909,-0.013855699999794524,-0.012489699999696314,-0.013077367611641567,-0.01289304265705333,-0.01271569999971689
9.059909,-0.011955699999589342,-0.013169699999707518,-0.012925389469424538,-0.012922180186182486,-0.01271569999971689
9.079909,-0.01271569999971689,-0.013169699999707518,-0.01280164106907633,-0.012724744288727247,-0.01271569999971689
9.099909,-0.014605699999719945,-0.012789699999666481,-0.01267839528875525,-0.013134604428589818,-0.01271569999971689
9.119909,-0.01271569999971689,-0.012639699999681397,-0.01254274018611207,-0.012717331701312175,-0.01271569999971689
9.139909,-0.011955699999589342,-0.012867699999696924,-0.012411299256101762,-0.012444254778238344,-0.01271569999971689
9.159908,-0.01120569999966392,-0.012111699999695701,-0.012325214385728752,-0.012271877155883584,-0.011955699999589342
9.179908,-0.013855699999794524,-0.012111699999695701,-0.012329607558784516,-0.012084930768932184,-0.011955699999589342
9.199908,-0.010825699999713834,-0.012263699999721211,-0.012449734392494369,-0.0124594995335098,-0.01271569999971689
9.219908,-0.01271569999971689,-0.012943699999732416,-0.012675693097660213,-0.012720688344703274,-0.01271569999971689
9.239908,-0.01271569999971689,-0.0130936999997175,-0.012962130990905716,-0.01296919650322638,-0.01271569999971689
9.259907,-0.014605699999719945,-0.0130936999997175,-0.013242465642327814,-0.013175839859866364,-0.01271569999971689
9.279907,-0.014605699999719945,-0.013321699999733028,-0.013450226147200978,-0.013264790908828154,-0.013855699999794524
9.299907,-0.010825699999713834,-0.013549699999748555,-0.013537148081144475,-0.01375150419556714,-0.013855699999794524
9.319907,-0.013855699999794524,-0.013399699999763471,-0.01348237408061828,-0.013731107925155054,-0.013855699999794524
9.339907,-0.013855699999794524,-0.013097699999752877,-0.013295014372731655,-0.013160268764305958,-0.013855699999794524
9.359906,-0.013855699999794524,-0.013323699999727979,-0.013013931473811092,-0.012846119580167101,-0.013855699999794524
9.379906,-0.013095699999666977,-0.012567699999726756,-0.012703007828375506,-0.012543905127932846,-0.013095699999666977
9.399906,-0.011955699999589342,-0.012567699999726756,-0.012437041160390426,-0.012689686013706604,-0.013095699999666977
9.419906,-0.010075699999788412,-0.012113699999690652,-0.012279241044664385,-0.01228388181789027,-0.011955699999589342
9.439905,-0.013855699999794524,-0.012265699999716162,-0.012260333765903781,-0.012242366666375522,-0.011955699999589342
9.459905,-0.011585699999614008,-0.012417699999741672,-0.012371012389315424,-0.012241783915794242,-0.01271569999971689
9.479905,-0.013855699999794524,-0.012945699999727367,-0.012571145808247848,-0.012523951747981082,-0.01271569999971689
9.499905,-0.01271569999971689,-0.01271769999971184,-0.012808554541096338,-0.013023322377367712,-0.01271569999971689
9.519905,-0.01271569999971689,-0.013171699999747943,-0.013036398228340866,-0.013328893472928406,-0.01271569999971689
9.539905,-0.01271569999971689,-0.013171699999747943,-0.013222626537454563,-0.01286556013959727,-0.01271569999971689
9.559904,-0.013855699999794524,-0.013171699999747943,-0.013351749102271408,-0.013420665034718964,-0.01271569999971689
9.579904,-0.013855699999794524,-0.013171699999747943,-0.013422449431037185,-0.013437727971773271,-0.01271569999971689
9.599904,-0.01271569999971689,-0.013777699999764081,-0.013443585411286693,-0.01335835734242389,-0.013855699999794524
9.619904,-0.01271569999971689,-0.013399699999763471,-0.013429536736441287,-0.013355699999766366,-0.01271569999971689
9.639904,-0.01574569999979758,-0.013021699999762859,-0.013395731796273845,-0.01349835734242288,-0.01271569999971689
9.659903,-0.011965699999791468,-0.013399699999763471,-0.013354982578628369,-0.01318136433543201,-0.01271569999971689
9.679903,-0.011965699999791468,-0.013627699999778997,-0.013314809597506257,-0.013289196503274953,-0.013855699999794524
9.699903,-0.014605699999719945,-0.012871699999777775,-0.013276952502203235,-0.013423602097685183,-0.011965699999791468
9.719903,-0.013855699999794524,-0.013399699999763471,-0.013240731857257214,-0.013550968065032217,-0.013855699999794524
9.739902,-0.011965699999791468,-0.013625699999738571,-0.013208735338487673,-0.013075233799265201,-0.013855699999794524
9.759903,-0.014605699999719945,-0.013323699999727979,-0.013189602649965397,-0.013176399300424921,-0.013095699999666977
9.779902,-0.013095699999666977,-0.01271769999971184,-0.013193616677324214,-0.01319446456848274,-0.013095699999666977
9.799902,-0.013095699999666977,-0.01309569999971245,-0.013221783546218637,-0.012892273426282862,-0.013095699999666977
9.819902,-0.010825699999713834,-0.01313369999970746,-0.013254745251421193,-0.01324996573397734,-0.013095699999666977
9.839901,-0.013855699999794524,-0.013057699999717443,-0.013251368569481661,-0.013181667365676504,-0.013095699999666977
9.859901,-0.014795699999694989,-0.013209699999742952,-0.013163783554348635,-0.013387331701355308,-0.013855699999794524
9.879901,-0.01271569999971689,-0.01328569999973297,-0.012964429102512857,-0.013090804894848925,-0.013855699999794524
9.899901,-0.013855699999794524,-0.01328569999973297,-0.012669356500772725,-0.012818147552192023,-0.013855699999794524
9.919901,-0.01120569999966392,-0.011963699999751044,-0.012341564458937108,-0.012404720978763016,-0.01271569999971689
9.9399,-0.013855699999794524,-0.011963699999751044,-0.012069436753645876,-0.011847867831918685,-0.01271569999971689
9.9599,-0.008185699999785356,-0.011585699999750431,-0.01192982780219262,-0.011694930768998333,-0.011965699999791468
9.9799,-0.01271569999971689,-0.012115699999776552,-0.011954587479143786,-0.01182194708600667,-0.01271569999971689
9.9999,-0.011965699999791468,-0.011887699999761026,-0.01211866444138388,-0.012131154545208859,-0.01271569999971689
10.0199,-0.013855699999794524,-0.012793699999747332,-0.012356275614416906,-0.012655490209554206,-0.01271569999971689
10.0399,-0.01271569999971689,-0.013021699999762859,-0.012594962877180727,-0.012622623076677303,-0.01271569999971689
10.059899,-0.01271569999971689,-0.013021699999762859,-0.012787424168199977,-0.01331479090885244,-0.01271569999971689
10.079899,-0.013855699999794524,-0.012643699999762248,-0.012924476988378803,-0.012791434265506432,-0.01271569999971689
10.099899,-0.011965699999791468,-0.012871699999777775,-0.013025019422011152,-0.012599406293478856,-0.01271569999971689
10.119899,-0.011965699999791468,-0.01272169999979269,-0.013111638806467167,-0.012846958741042304,-0.011965699999791468
10.139899,-0.013855699999794524,-0.01272169999979269,-0.013187630047266691,-0.013196119580217843,-0.011965699999791468
10.159898,-0.011965699999791468,-0.013477699999793914,-0.013229827100747889,-0.01329052517462518,-0.013855699999794524
10.179898,-0.013855699999794524,-0.013477699999793914,-0.013202151314680066,-0.013180385314485142,-0.013855699999794524
10.199898,-0.01574569999979758,-0.013099699999793301,-0.013081859965476565,-0.013329546153638273,-0.011965699999791468
10.219898,-0.011965699999791468,-0.013099699999793301,-0.012881560548362803,-0.013222063636155756,-0.011965699999791468
10.239897,-0.011965699999791468,-0.012871699999777775,-0.012651605069951548,-0.012484091608176527,-0.011965699999791468
10.259897,-0.011965699999791468,-0.012115699999776552,-0.012460023533741163,-0.012319755943823812,-0.011965699999791468
10.279897,-0.01271569999971689,-0.011887699999761026,-0.012361786556776883,-0.01210611958018198,-0.011965699999791468
10.299897,-0.011965699999791468,-0.012415699999746722,-0.012374664104864201,-0.01230199370604865,-0.011965699999791468
10.319897,-0.010825699999713834,-0.012793699999747332,-0.012473550776406963,-0.012565140559180912,-0.01271569999971689
10.339896,-0.014605699999719945,-0.012793699999747332,-0.012605251279331018,-0.012685699999744964,-0.01271569999971689
10.359896,-0.013855699999794524,-0.012565699999731806,-0.012715946355461158,-0.012888147552182247,-0.01271569999971689
10.379896,-0.01271569999971689,-0.013171699999747943,-0.012776570219434196,-0.012869849183891384,-0.013855699999794524
10.399896,-0.010825699999713834,-0.01286969999973735,-0.012792386753477086,-0.012835839859870935,-0.013095699999666977
10.419896,-0.013855699999794524,-0.012491699999736738,-0.012793745970712988,-0.012779336363374413,-0.01271569999971689
10.439896,-0.013095699999666977,-0.012491699999736738,-0.012816561262056624,-0.012636003030043617,-0.01271569999971689
10.459895,-0.011965699999791468,-0.013097699999752877,-0.01288389284549852,-0.01271723846128224,-0.013095699999666977
10.479895,-0.01271569999971689,-0.013097699999752877,-0.01299565656426867,-0.012965140559202407,-0.013095699999666977
10.499895,-0.013855699999794524,-0.012871699999777775,-0.01312875987931737,-0.013264604428687198,-0.01271569999971689
10.519895,-0.013855699999794524,-0.013249699999778385,-0.01324645902657691,-0.013172203496285818,-0.013855699999794524
10.539895,-0.011965699999791468,-0.013477699999793914,-0.013312439670583431,-0.013364604428692835,-0.013855699999794524
10.559894,-0.013855699999794524,-0.013325699999768403,-0.01330398974257543,-0.013515839859902599,-0.013855699999794524
10.579894,-0.013855699999794524,-0.013097699999752877,-0.013220403561711856,-0.013254301398363009,-0.013095699999666977
10.599894,-0.013095699999666977,-0.01324769999973796,-0.013084442617864539,-0.012879849183887338,-0.013095699999666977
10.619894,-0.01271569999971689,-0.01286969999973735,-0.012935373637870867,-0.012945210489240504,-0.01271569999971689
10.639894,-0.01271569999971689,-0.012641699999721822,-0.012814568203006475,-0.012903042657083204,-0.01271569999971689
10.659893,-0.011965699999791468,-0.012793699999747332,-0.012749140632175962,-0.012641737295778773,-0.01271569999971689
10.679893,-0.01271569999971689,-0.012643699999762248,-0.012741620664519194,-0.012464114918160702,-0.01271569999971689
10.699893,-0.013855699999794524,-0.012719699999752265,-0.012771112452634245,-0.012816539160588754,-0.01271569999971689
10.719893,-0.011965699999791468,-0.01286969999973735,-0.012805175859406897,-0.013180455244496594,-0.01271569999971689
10.739892,-0.013095699999666977,-0.01324769999973796,-0.012816284326594403,-0.012891317715356064,-0.013095699999666977
10.759892,-0.01271569999971689,-0.01286969999973735,-0.012795370175374922,-0.012756259440295332,-0.01271569999971689
10.779892,-0.014605699999719945,-0.012491699999736738,-0.012756651108758026,-0.012621504195567077,-0.01271569999971689
10.799892,-0.011965699999791468,-0.012643699999762248,-0.0127307050441086,-0.012657051981107264,-0.01271569999971689
10.819892,-0.010075699999788412,-0.012871699999777775,-0.012747784776510944,-0.012784907458957943,-0.013855699999794524
10.839892,-0.013855699999794524,-0.012645699999757199,-0.012820444910884405,-0.01290891678297483,-0.013475699999617063
10.859891,-0.013855699999794524,-0.012795699999742283,-0.01293687731438111,-0.012867867831918746,-0.013475699999617063
10.879891,-0.013475699999617063,-0.013551699999743505,-0.013068434458204515,-0.013028124242172295,-0.013855699999794524
10.899891,-0.01271569999971689,-0.013173699999742893,-0.013183393939701454,-0.013280455244498522,-0.013475699999617063
10.919891,-0.013855699999794524,-0.013173699999742893,-0.01325601612071259,-0.013420315384372317,-0.013475699999617063
10.93989,-0.011965699999791468,-0.012871699999777775,-0.01326695435959309,-0.013071970396031769,-0.01271569999971689
10.95989,-0.013855699999794524,-0.013099699999793301,-0.013199481692133759,-0.012992693006766913,-0.013855699999794524
10.97989,-0.011965699999791468,-0.012871699999777775,-0.013038821332780354,-0.012909336363430451,-0.01271569999971689
10.99989,-0.013855699999794524,-0.012871699999777775,-0.01277858539116944,-0.013007727971823278,-0.01271569999971689
11.01989,-0.01271569999971689,-0.012493699999777164,-0.012432012776708471,-0.012629616083690285,-0.011965699999791468
11.03989,-0.011965699999791468,-0.012493699999777164,-0.012040576833842648,-0.011923205827275822,-0.011965699999791468
11.059889,-0.011965699999791468,-0.011585699999750431,-0.011672220267796985,-0.011493951748014748,-0.011965699999791468
11.079889,-0.011965699999791468,-0.011057699999764737,-0.011406513968759417,-0.01154590978995874,-0.011965699999791468
11.099889,-0.009315699999660865,-0.011585699999750431,-0.011311561828056189,-0.011245933099975673,-0.011965699999791468
11.119889,-0.010075699999788412,-0.011735699999735515,-0.011423393330342889,-0.011606049650101523,-0.011965699999791468
11.139889,-0.014605699999719945,-0.011735699999735515,-0.01173850538839191,-0.011914930768969715,-0.011965699999791468
11.159888,-0.01271569999971689,-0.012643699999762248,-0.012221613054577887,-0.012197681351736774,-0.01271569999971689
11.179888,-0.011965699999791468,-0.013171699999747943,-0.012819167519868646,-0.012726399300446452,-0.01271569999971689
11.199888,-0.013855699999794524,-0.013021699999762859,-0.013466688231460602,-0.013350921444989807,-0.01271569999971689
11.219888,-0.01271569999971689,-0.013551699999743505,-0.014087847652858627,-0.01413891678296039,-0.013855699999794524
11.239887,-0.013855699999794524,-0.014307699999744728,-0.014594848256307578,-0.014391387645422415,-0.013855699999794524
11.259887,-0.01536569999962012,-0.015025699999705466,-0.014901289233301236,-0.014943928437946733,-0.01536569999962012
11.279887,-0.01574569999979758,-0.015025699999705466,-0.014949010563256501,-0.01499576992977765,-0.01536569999962012
11.299887,-0.01744569999959822,-0.01479769999968994,-0.01473665671566902,-0.014658031002016386,-0.01536569999962012
11.319887,-0.01271569999971689,-0.014267699999709293,-0.014330789100486577,-0.0144948841488781,-0.01271569999971689
11.339887,-0.01271569999971689,-0.01381369999967319,-0.013848000026540155,-0.013994301398289829,-0.01271569999971689
11.359886,-0.01271569999971689,-0.01309569999971245,-0.013414768980370603,-0.013413159207161594,-0.01271569999971689
11.379886,-0.013475699999617063,-0.013171699999702469,-0.013125786492832376,-0.012907005360992973,-0.013095699999666977
11.399886,-0.013855699999794524,-0.013171699999702469,-0.013019556103001288,-0.012706748950757733,-0.013095699999666977
11.419886,-0.013095699999666977,-0.013171699999702469,-0.013076462841046015,-0.013026562470571006,-0.013095699999666977
11.439886,-0.01271569999971689,-0.01324769999973796,-0.013233011656709355,-0.013478194172219456,-0.013095699999666977
11.459885,-0.01271569999971689,-0.01324769999973796,-0.013404195814643681,-0.013674231468277504,-0.013095699999666977
11.479885,-0.013855699999794524,-0.013777699999764081,-0.013509596120441983,-0.01363215687622593,-0.013855699999794524
11.499885,-0.013855699999794524,-0.013627699999778997,-0.0134995722223091,-0.013467727971805652,-0.013855699999794524
11.519885,-0.01574569999979758,-0.013477699999793914,-0.013373774749179309,-0.013278916783010054,-0.013855699999794524
11.539885,-0.011965699999791468,-0.013099699999793301,-0.01318141529580763,-0.013146329370434619,-0.011965699999791468
11.559884,-0.011965699999791468,-0.012871699999777775,-0.012998666129403594,-0.012868846852936636,-0.011965699999791468
11.579884,-0.011965699999791468,-0.012493699999777164,-0.01289228971046522,-0.012959313053382195,-0.011965699999791468
11.599884,-0.01271569999971689,-0.012795699999742283,-0.012889163969415678,-0.012846818880863576,-0.01271569999971689
11.619884,-0.013855699999794524,-0.013323699999727979,-0.012968324369913376,-0.012623975057997781,-0.013475699999617063
11.639884,-0.013475699999617063,-0.013171699999702469,-0.013077233435230864,-0.013233718647725162,-0.013475699999617063
11.659883,-0.014605699999719945,-0.013171699999702469,-0.013159373454864357,-0.013543951747947754,-0.013475699999617063
11.679883,-0.01120569999966392,-0.013321699999687553,-0.01317654892382828,-0.01330705198104878,-0.013475699999617063
11.699883,-0.01271569999971689,-0.013169699999707518,-0.013117188616161206,-0.012914417948409106,-0.01271569999971689
11.719883,-0.014605699999719945,-0.012413699999706295,-0.01299293039300697,-0.012800898134888637,-0.01271569999971689
11.739882,-0.01271569999971689,-0.012791699999706908,-0.012830401385486708,-0.012699010023031454,-0.01271569999971689
11.759882,-0.010825699999713834,-0.013019699999722434,-0.012662750516634763,-0.012618147552173328,-0.013095699999666977
11.779882,-0.013095699999666977,-0.012491699999736738,-0.01252289159004758,-0.013006212820251002,-0.01271569999971689
11.799882,-0.013855699999794524,-0.012491699999736738,-0.012439835472735033,-0.012480105594136447,-0.01271569999971689
11.819882,-0.011965699999791468,-0.01286969999973735,-0.01243709772502343,-0.012226399300433097,-0.01271569999971689
11.839881,-0.01271569999971689,-0.012415699999746722,-0.012528825780417113,-0.012413835197884963,-0.01271569999971689
11.859881,-0.01271569999971689,-0.012415699999746722,-0.012711041313083567,-0.012852413286468769,-0.01271569999971689
11.879881,-0.010825699999713834,-0.012793699999747332,-0.012952497872939835,-0.012700012354067295,-0.01271569999971689
11.899881,-0.013855699999794524,-0.013209699999742952,-0.013194841493224285,-0.013194860838904508,-0.013855699999794524
11.919881,-0.013855699999794524,-0.013209699999742952,-0.013368725540533057,-0.01356674895077909,-0.013855699999794524
11.93988,-0.014795699999694989,-0.013965699999744174,-0.013421868196499894,-0.013493322377358757,-0.013855699999794524
11.95988,-0.01271569999971689,-0.013435699999718054,-0.013344515069557472,-0.013338217482243717,-0.013855699999794524
11.97988,-0.014605699999719945,-0.013057699999717443,-0.013176583077240322,-0.01325374195776258,-0.01271569999971689
11.99988,-0.01120569999966392,-0.012641699999721822,-0.012990792357204427,-0.012971014685032022,-0.01271569999971689
12.01988,-0.011965699999791468,-0.01286969999973735,-0.012860324080879598,-0.01270528041931146,-0.01271569999971689
12.039879,-0.01271569999971689,-0.012719699999752265,-0.01282854722405215,-0.01263507062914113,-0.01271569999971689
12.059879,-0.013855699999794524,-0.012871699999777775,-0.012896231928091246,-0.012793205827278293,-0.01271569999971689
12.079879,-0.013855699999794524,-0.013249699999778385,-0.013029764846323538,-0.013157145221225283,-0.013855699999794524
12.099879,-0.011965699999791468,-0.013401699999758421,-0.013181423010399321,-0.013593252447315842,-0.013855699999794524
12.119879,-0.013855699999794524,-0.013551699999743505,-0.01330909818125503,-0.013409802563828267,-0.013855699999794524
12.139879,-0.013475699999617063,-0.013097699999707401,-0.01338778482447594,-0.01329714522116809,-0.013475699999617063
12.159878,-0.014605699999719945,-0.013247699999692487,-0.013411177960378372,-0.013036329370329145,-0.013475699999617063
12.179878,-0.011585699999614008,-0.013247699999692487,-0.013385087119104888,-0.013304021678005987,-0.013475699999617063
12.199878,-0.01271569999971689,-0.013171699999702469,-0.01331738431299103,-0.013425676689668146,-0.013095699999666977
12.219878,-0.013855699999794524,-0.013171699999702469,-0.013212015279138711,-0.013312762936773938,-0.013095699999666977
12.239877,-0.013095699999666977,-0.01324769999973796,-0.013072429895344483,-0.013063602097637426,-0.013095699999666977
12.259877,-0.014605699999719945,-0.01324769999973796,-0.012911435309792926,-0.012889499533525512,-0.013095699999666977
12.279877,-0.011965699999791468,-0.01271769999971184,-0.012757180037726497,-0.013062086946108612,-0.01271569999971689
12.299877,-0.01271569999971689,-0.01271769999971184,-0.012646605201172157,-0.012526842190853626,-0.01271569999971689
12.319877,-0.01120569999966392,-0.01233969999971123,-0.012607574435410591,-0.01242509393910256,-0.01271569999971689
12.339876,-0.013095699999666977,-0.01233969999971123,-0.012640603873009911,-0.012502926106946512,-0.01271569999971689
12.359876,-0.01271569999971689,-0.01271769999971184,-0.012712720482600937,-0.012751574125583157,-0.01271569999971689
12.379876,-0.011965699999791468,-0.013019699999722434,-0.012768801997441587,-0.012748310722318983,-0.01271569999971689
12.399876,-0.014605699999719945,-0.012943699999732416,-0.012755583639659892,-0.012879989044024195,-0.01271569999971689
12.419876,-0.01271569999971689,-0.012415699999746722,-0.012646460753956024,-0.01281542027946634,-0.01271569999971689
12.439875,-0.01271569999971689,-0.012793699999747332,-0.012454452165427425,-0.01233583985990104,-0.01271569999971689
12.459875,-0.010075699999788412,-0.01203769999974611,-0.01222702831413988,-0.012355000699055905,-0.01271569999971689
12.479875,-0.013855699999794524,-0.011887699999761026,-0.012026777558788955,-0.012109429603470397,-0.011965699999791468
12.499875,-0.010825699999713834,-0.011963699999751044,-0.011908640189560452,-0.011572623076667121,-0.011965699999791468
12.519875,-0.011965699999791468,-0.012113699999736128,-0.011903157768771749,-0.011724371328415443,-0.011965699999791468
12.539875,-0.013095699999666977,-0.011735699999735515,-0.012009428513307609,-0.012118310722355592,-0.011965699999791468
12.559874,-0.010825699999713834,-0.012341699999751654,-0.012197197821682097,-0.012625280419331118,-0.011965699999791468
12.579875,-0.011965699999791468,-0.012719699999752265,-0.012416398895900535,-0.012170315384375237,-0.013095699999666977
12.599874,-0.013855699999794524,-0.012493699999777164,-0.012612217525318008,-0.01269453449859903,-0.011965699999791468
12.619874,-0.013855699999794524,-0.012493699999777164,-0.012741685206727001,-0.012722063636125974,-0.011965699999791468
12.639873,-0.011965699999791468,-0.013021699999762859,-0.012784999049645763,-0.012563811887886335,-0.013855699999794524
12.659873,-0.010825699999713834,-0.012643699999762248,-0.01274648524957513,-0.01297493076900606,-0.011965699999791468
12.679873,-0.014605699999719945,-0.012265699999761636,-0.01264735179306176,-0.012630665034731817,-0.011965699999791468
12.699873,-0.011965699999791468,-0.012643699999762248,-0.012517415002752766,-0.012383112587168368,-0.011965699999791468
12.719873,-0.011965699999791468,-0.012643699999762248,-0.012390165361278153,-0.012219825873877859,-0.011965699999791468
12.739872,-0.013855699999794524,-0.012265699999761636,-0.012299666400020188,-0.012541713985770024,-0.011965699999791468
12.759872,-0.010825699999713834,-0.012265699999761636,-0.012275911180455802,-0.012528077622150599,-0.011965699999791468
12.779872,-0.01271569999971689,-0.012643699999762248,-0.012337795104145784,-0.012077867831942198,-0.01271569999971689
12.799872,-0.011965699999791468,-0.012265699999761636,-0.012486227078749811,-0.012625630069685714,-0.011965699999791468
12.819872,-0.013855699999794524,-0.012643699999762248,-0.012701119730958282,-0.012476375990425798,-0.01271569999971689
12.839871,-0.011965699999791468,-0.01302369999975781,-0.012944276195133268,-0.012882553146605673,-0.01271569999971689
12.859871,-0.01271569999971689,-0.01302369999975781,-0.013167676841105305,-0.0134432524473156,-0.01271569999971689
12.879871,-0.014615699999694698,-0.013401699999758421,-0.013325560518144125,-0.01324259976666389,-0.01271569999971689
12.899871,-0.011965699999791468,-0.013401699999758421,-0.013387906073942902,-0.013202273426343432,-0.01271569999971689
12.919871,-0.01574569999979758,-0.013251699999773336,-0.01335105462614856,-0.013438706992783211,-0.011965699999791468
12.93987,-0.011965699999791468,-0.013099699999793301,-0.013240270436667848,-0.013482506526582403,-0.011965699999791468
12.95987,-0.011965699999791468,-0.013629699999773948,-0.013101819494314392,-0.013103858507927883,-0.013855699999794524
12.97987,-0.013855699999794524,-0.01264769999975215,-0.012987555567533034,-0.01291388181794588,-0.011965699999791468
12.99987,-0.014615699999694698,-0.012797699999737233,-0.012938102476991968,-0.013010851514896535,-0.01271569999971689
13.01987,-0.010835699999688586,-0.013175699999737844,-0.01296909403242844,-0.012463229137256487,-0.013855699999794524
13.039869,-0.01271569999971689,-0.012947699999722317,-0.013062974381536628,-0.013167028671050388,-0.01271569999971689
13.059869,-0.013855699999794524,-0.012567699999726756,-0.013170266758300325,-0.013226585780617195,-0.01271569999971689
13.079869,-0.01271569999971689,-0.013549699999748555,-0.013224493847459601,-0.013258473892519137,-0.01271569999971689
13.099869,-0.01271569999971689,-0.013399699999763471,-0.013169190481795014,-0.013196329370380993,-0.01271569999971689
13.119869,-0.01574569999979758,-0.013171699999747943,-0.01298703580070585,-0.013263578787636053,-0.01271569999971689
13.139868,-0.011965699999791468,-0.012795699999742283,-0.012716562403608668,-0.012860944754991416,-0.01271569999971689
13.159868,-0.01271569999971689,-0.012645699999757199,-0.012444852424589285,-0.012296609090656958,-0.011965699999791468
13.179868,-0.010835699999688586,-0.01203969999974106,-0.01227559101882365,-0.01230001235406965,-0.011965699999791468
13.199868,-0.011965699999791468,-0.01203969999974106,-0.012285797848840076,-0.012101410955457682,-0.011965699999791468
13.219868,-0.01271569999971689,-0.012419699999736623,-0.012491806396603343,-0.012138380652401352,-0.011965699999791468
13.239867,-0.011965699999791468,-0.0128716999997323,-0.012840258007722465,-0.012961527505549714,-0.01271569999971689
13.259867,-0.014615699999694698,-0.013401699999712946,-0.013227169672174357,-0.013343578787607386,-0.013095699999666977
13.279867,-0.013095699999666977,-0.013629699999728472,-0.013535713730115877,-0.01374334568737199,-0.013855699999794524
13.299867,-0.014615699999694698,-0.013779699999713558,-0.013676660493036797,-0.013699103263118836,-0.013855699999794524
13.319867,-0.013855699999794524,-0.013399699999717995,-0.01361596860450033,-0.013627424941438631,-0.013095699999666977
13.339866,-0.01271569999971689,-0.013323699999727979,-0.013380641006206975,-0.013433485547497568,-0.01271569999971689
13.359866,-0.01271569999971689,-0.012943699999732416,-0.013043603154317148,-0.01291273962677053,-0.01271569999971689
13.379866,-0.01271569999971689,-0.012565699999731806,-0.012696484541679987,-0.012531644055687357,-0.01271569999971689
13.399866,-0.01271569999971689,-0.012415699999746722,-0.012421831851535952,-0.01216402167807145,-0.01271569999971689
13.419866,-0.011965699999791468,-0.012265699999761636,-0.012273208685453564,-0.012495560139624582,-0.011965699999791468
13.439866,-0.011965699999791468,-0.012493699999777164,-0.012266684982058705,-0.012495350349435993,-0.011965699999791468
13.459865,-0.011965699999791468,-0.01272169999979269,-0.012383770945283964,-0.012354907458992051,-0.011965699999791468
13.479865,-0.013855699999794524,-0.012495699999772115,-0.012583324250827938,-0.012543695337776054,-0.011965699999791468
13.499865,-0.013855699999794524,-0.012721699999747215,-0.012816833505626301,-0.012928893472938715,-0.013095699999666977
13.519865,-0.010835699999688586,-0.013251699999727862,-0.013040000905032599,-0.013049079953093116,-0.013855699999794524
13.539864,-0.013095699999666977,-0.01317569999969237,-0.013217301737818996,-0.013119499533498677,-0.013475699999617063
13.559864,-0.014615699999694698,-0.012797699999691759,-0.0133226378170825,-0.01331763473163184,-0.013095699999666977
13.579864,-0.013475699999617063,-0.013401699999712946,-0.013340839940837247,-0.013306352680369796,-0.013475699999617063
13.599864,-0.011965699999791468,-0.013553699999738456,-0.013270429925294773,-0.013152576456616112,-0.013855699999794524
13.619864,-0.013855699999794524,-0.01302369999975781,-0.013124745504977076,-0.013251853845904143,-0.013475699999617063
13.639863,-0.013855699999794524,-0.01256969999976718,-0.012929694250349882,-0.012891877155920453,-0.011965699999791468
13.659863,-0.011965699999791468,-0.0128716999997323,-0.012718378885650774,-0.012557098601141238,-0.013475699999617063
13.679863,-0.01120569999966392,-0.012643699999716772,-0.012523926046104932,-0.012611177855210626,-0.01271569999971689
13.699863,-0.013475699999617063,-0.012265699999716162,-0.012373519921257037,-0.012524487878502608,-0.011965699999791468
13.719862,-0.01271569999971689,-0.012415699999701246,-0.012286863263014433,-0.012153532167539522,-0.01271569999971689
13.739862,-0.011965699999791468,-0.012567699999726756,-0.012278498240904373,-0.012382296736310056,-0.01271569999971689
13.759862,-0.01271569999971689,-0.012415699999746722,-0.012359398303162974,-0.012472949416989326,-0.01271569999971689
13.779862,-0.011965699999791468,-0.012643699999762248,-0.012534227842935657,-0.012568986713054986,-0.01271569999971689
13.799862,-0.01271569999971689,-0.012643699999762248,-0.01279533319603727,-0.012733578787654982,-0.01271569999971689
13.819862,-0.013855699999794524,-0.01302369999975781,-0.013117735552445255,-0.012923159207206734,-0.01271569999971689
13.839861,-0.011965699999791468,-0.013553699999738456,-0.01345905774299072,-0.013612436596467988,-0.013855699999794524
13.859861,-0.014615699999694698,-0.013629699999728472,-0.013765961174354776,-0.013763159207191136,-0.013855699999794524
13.879861,-0.014615699999694698,-0.014007699999729084,-0.013985865525228389,-0.013954208158235804,-0.014615699999694698
13.899861,-0.013095699999666977,-0.014007699999729084,-0.014079995333283456,-0.014032646386691707,-0.014615699999694698
13.919861,-0.01574569999979758,-0.01385569999974905,-0.014032484410919545,-0.013961201165249315,-0.013855699999794524
13.93986,-0.011965699999791468,-0.013703699999769014,-0.0138521126316902,-0.01391875361281247,-0.013855699999794524
13.95986,-0.013855699999794524,-0.013627699999778997,-0.013567439770344919,-0.013751667365742088,-0.013855699999794524
13.97986,-0.013855699999794524,-0.013021699999762859,-0.013219208803699945,-0.013039336363398508,-0.01271569999971689
13.99986,-0.01271569999971689,-0.013171699999747943,-0.012853286228134834,-0.012618613752663791,-0.01271569999971689
14.01986,-0.01271569999971689,-0.012189699999726144,-0.012514336650817023,-0.01234339230742276,-0.01271569999971689
14.03986,-0.01271569999971689,-0.012189699999726144,-0.012239080232427424,-0.012623602097640602,-0.01271569999971689
14.059859,-0.00894569999968553,-0.012417699999741672,-0.012050371701923638,-0.012309802563845212,-0.01271569999971689
14.079859,-0.013855699999794524,-0.012267699999756587,-0.011956121004783464,-0.011956795570843832,-0.01271569999971689
14.099859,-0.013855699999794524,-0.011891699999750927,-0.011954776180938981,-0.011839313053355824,-0.011965699999791468
14.119859,-0.011965699999791468,-0.012269699999751537,-0.012041713280760024,-0.011876748950785715,-0.011965699999791468
14.139858,-0.010835699999688586,-0.012117699999726029,-0.012207419724851272,-0.012296795570830778,-0.011965699999791468
14.159858,-0.010835699999688586,-0.012117699999726029,-0.01242651739028506,-0.01271602634006205,-0.011965699999791468
14.179858,-0.013095699999666977,-0.012495699999726639,-0.012649290408875156,-0.012352226806256686,-0.013095699999666977
14.199858,-0.013855699999794524,-0.012721699999747215,-0.012809024545122885,-0.012334278088318832,-0.013095699999666977
14.219858,-0.013855699999794524,-0.012947699999767793,-0.012845773933481767,-0.012746725640791965,-0.013095699999666977
14.239857,-0.011965699999791468,-0.01272169999979269,-0.012733310289696891,-0.013289779253873191,-0.011965699999791468
14.259857,-0.011965699999791468,-0.01272169999979269,-0.012494179874180548,-0.013058217482306688,-0.011965699999791468
14.279857,-0.011965699999791468,-0.012493699999777164,-0.012196896343013184,-0.012087075291155033,-0.011965699999791468
14.299857,-0.013855699999794524,-0.011889699999755976,-0.01193799266051375,-0.011523392307460478,-0.011965699999791468
14.319857,-0.01271569999971689,-0.011511699999755366,-0.011813429931482641,-0.011528287412340573,-0.011965699999791468
14.339856,-0.00894569999968553,-0.011889699999755976,-0.011884127662091128,-0.011940548484604373,-0.01271569999971689
14.359856,-0.010075699999788412,-0.01204169999973601,-0.012146458448325986,-0.012215769929821554,-0.01271569999971689
14.379856,-0.013855699999794524,-0.012269699999751537,-0.012525305386125103,-0.012518100932140269,-0.013855699999794524
14.399856,-0.014615699999694698,-0.013099699999747827,-0.012900933393482633,-0.012907215151248874,-0.013855699999794524
14.419856,-0.013855699999794524,-0.01370369999972354,-0.013160038143049342,-0.012999546153568837,-0.013855699999794524
14.439855,-0.013095699999666977,-0.013475699999708013,-0.013243795978805135,-0.01380416153818323,-0.013095699999666977
14.459855,-0.013095699999666977,-0.01271969999970679,-0.013168008203464188,-0.013429686013695968,-0.013095699999666977
14.479855,-0.01271569999971689,-0.013097699999707401,-0.013008804502875816,-0.012751061305058382,-0.013095699999666977
14.499855,-0.010835699999688586,-0.012645699999711723,-0.012865727835267175,-0.012580268764286293,-0.01271569999971689
14.519855,-0.01574569999979758,-0.012645699999711723,-0.012821427417291175,-0.012578800232809809,-0.01271569999971689
14.539855,-0.010835699999688586,-0.012873699999727251,-0.012913364537994366,-0.012972017016034471,-0.013095699999666977
14.559854,-0.013095699999666977,-0.013401699999712946,-0.013124254481895047,-0.013088403962418015,-0.013475699999617063
14.579854,-0.013855699999794524,-0.013211699999692428,-0.013391109549605169,-0.01334423146823616,-0.013475699999617063
14.599854,-0.013475699999617063,-0.013587699999698088,-0.013628834944487961,-0.014053532167523697,-0.013475699999617063
14.619854,-0.014795699999694989,-0.013891699999703633,-0.013760637865381774,-0.013592529836511845,-0.013855699999794524
14.639853,-0.01271569999971689,-0.014079699999683726,-0.013744526170663053,-0.014209126573127541,-0.014615699999694698
14.659853,-0.014615699999694698,-0.013399699999717995,-0.01358608193399941,-0.013462926106940647,-0.014615699999694698
14.679853,-0.014795699999694989,-0.013211699999737902,-0.013332621647168287,-0.012976772260798382,-0.013855699999794524
14.699853,-0.010075699999788412,-0.012683699999752208,-0.013050628302258182,-0.012704511188572791,-0.013855699999794524
14.719853,-0.013855699999794524,-0.012531699999772172,-0.012795947015494706,-0.012755187179268709,-0.013855699999794524
14.739852,-0.010075699999788412,-0.012343699999792079,-0.012592108738916344,-0.012925396969481778,-0.013855699999794524
14.759852,-0.013855699999794524,-0.013099699999793301,-0.012430129906487869,-0.012390431934526477,-0.013855699999794524
14.779852,-0.013855699999794524,-0.012495699999772115,-0.012290362792152105,-0.01228786783195685,-0.013855699999794524
14.799852,-0.013855699999794524,-0.012495699999772115,-0.012170693661618822,-0.012603672027735411,-0.013855699999794524
14.819852,-0.010835699999688586,-0.012267699999756587,-0.012098989705185442,-0.012006026340085458,-0.01271569999971689
14.839851,-0.010075699999788412,-0.01203969999974106,-0.012118739007764147,-0.012371504195547414,-0.01271569999971689
14.859851,-0.01271569999971689,-0.01166169999974045,-0.012257641822966188,-0.011840641724684318,-0.011965699999791468
14.879851,-0.01271569999971689,-0.012417699999741672,-0.012501629924952977,-0.012084417948465178,-0.01271569999971689
14.899851,-0.011965699999791468,-0.012795699999742283,-0.01279156713496483,-0.012584557808597898,-0.01271569999971689
14.919851,-0.014615699999694698,-0.013175699999737844,-0.013044229464676435,-0.013372996037020326,-0.01271569999971689
14.93985,-0.011965699999791468,-0.01332769999971788,-0.013186435473695413,-0.013645373659392383,-0.013475699999617063
14.95985,-0.014615699999694698,-0.01355369999969298,-0.013186778192547254,-0.013300991375000296,-0.013475699999617063
14.97985,-0.013475699999617063,-0.013023699999712335,-0.013071279893960874,-0.013204720978709544,-0.013095699999666977
14.99985,-0.013095699999666977,-0.012947699999676843,-0.012915059298355128,-0.0126124365964222,-0.013095699999666977
15.01985,-0.011965699999791468,-0.01256769999968128,-0.012811236313528361,-0.012398334032330713,-0.01271569999971689
15.039849,-0.011585699999614008,-0.012265699999716162,-0.01282935158612939,-0.012788567132555377,-0.011965699999791468
15.059849,-0.01271569999971689,-0.012947699999722317,-0.012983294786787144,-0.01301374195775,-0.011965699999791468
15.079849,-0.011965699999791468,-0.013477699999702964,-0.013226441614918573,-0.013298846852873377,-0.01271569999971689
15.099849,-0.016505699999697754,-0.013931699999739066,-0.013477819567152136,-0.013756912120946041,-0.013855699999794524
15.119849,-0.014615699999694698,-0.013781699999753982,-0.013664514226203657,-0.013878683682726045,-0.013855699999794524
15.139848,-0.013855699999794524,-0.014159699999754593,-0.013754557305771941,-0.013680944755016241,-0.013855699999794524
15.159848,-0.011965699999791468,-0.013251699999773336,-0.013760819165356713,-0.013807914451988677,-0.013855699999794524
15.179848,-0.013855699999794524,-0.013099699999793301,-0.013716918013871844,-0.013561900465982067,-0.013855699999794524
15.199848,-0.011965699999791468,-0.013477699999793914,-0.013645076298678808,-0.013253811887926674,-0.013855699999794524
15.219848,-0.013855699999794524,-0.013477699999793914,-0.013538962193722522,-0.01340507062916923,-0.013855699999794524
15.239847,-0.01574569999979758,-0.013477699999793914,-0.01337154260445746,-0.013357285081367055,-0.013855699999794524
15.259847,-0.011965699999791468,-0.013401699999758421,-0.01312000125956379,-0.013532762936826941,-0.013855699999794524
15.279847,-0.013855699999794524,-0.01302369999975781,-0.012789558950502414,-0.013058706992766341,-0.011965699999791468
15.299847,-0.011585699999614008,-0.012417699999741672,-0.012421272588014733,-0.012428753612794864,-0.011965699999791468
15.319847,-0.011965699999791468,-0.01203969999974106,-0.01208064544660645,-0.011819662703700495,-0.011965699999791468
15.339846,-0.01271569999971689,-0.011435699999719873,-0.011834315086545848,-0.011594581118610007,-0.011585699999614008
15.359846,-0.010075699999788412,-0.011889699999755976,-0.011726148839753064,-0.011880781584812407,-0.011965699999791468
15.379846,-0.010835699999688586,-0.01203969999974106,-0.01176312197887453,-0.01164735501139694,-0.01271569999971689
15.399846,-0.013855699999794524,-0.011889699999755976,-0.011917107393827552,-0.012127867831932034,-0.011965699999791468
15.419846,-0.01271569999971689,-0.012267699999756587,-0.012140870669041076,-0.012325350349408865,-0.011965699999791468
15.439845,-0.011965699999791468,-0.012871699999777775,-0.012388056355739165,-0.012279662703744346,-0.01271569999971689
15.459845,-0.011965699999791468,-0.012493699999777164,-0.012625236557152196,-0.012777797901880647,-0.011965699999791468
15.479845,-0.013855699999794524,-0.012343699999792079,-0.012831621174768817,-0.01269812424220568,-0.011965699999791468
15.499845,-0.011965699999791468,-0.012873699999772725,-0.012991415236092282,-0.012672762936836324,-0.011965699999791468
15.519845,-0.011965699999791468,-0.01302369999975781,-0.01308756638017331,-0.012992902796975112,-0.01271569999971689
15.539844,-0.014615699999694698,-0.01302369999975781,-0.013103412359300175,-0.01334763473169178,-0.01271569999971689
15.559844,-0.01271569999971689,-0.013173699999742893,-0.013032824269340585,-0.0132237419577779,-0.01271569999971689
15.579844,-0.013855699999794524,-0.013323699999727979,-0.012892263919843744,-0.012797145221184417,-0.01271569999971689
15.599844,-0.01271569999971689,-0.012567699999726756,-0.01272451063455592,-0.012658194172222192,-0.01271569999971689
15.619844,-0.01271569999971689,-0.012417699999741672,-0.012587679080097955,-0.01263092144493988,-0.01271569999971689
15.639843,-0.010835699999688586,-0.01234169999970618,-0.012532706134610402,-0.012453415617432764,-0.01271569999971689
15.659843,-0.011965699999791468,-0.012721699999701741,-0.012581295392511503,-0.01267031538432075,-0.01271569999971689
15.679843,-0.013475699999617063,-0.012721699999701741,-0.012717664300124734,-0.012700501864497268,-0.01271569999971689
15.699843,-0.014615699999694698,-0.013097699999707401,-0.012898734709861664,-0.012849569463564815,-0.01271569999971689
15.719842,-0.01271569999971689,-0.013247699999692487,-0.01307444491234973,-0.013117518181523388,-0.01271569999971689
15.739842,-0.01271569999971689,-0.01309569999971245,-0.013204087261563593,-0.01326252983653834,-0.01271569999971689
15.759842,-0.01271569999971689,-0.012943699999732416,-0.01326125145949249,-0.013259662703676855,-0.01271569999971689
15.779842,-0.01271569999971689,-0.012943699999732416,-0.01323154474145847,-0.012984301398355151,-0.01271569999971689
15.799842,-0.013855699999794524,-0.013171699999747943,-0.013112183576599289,-0.012970105594153316,-0.01271569999971689
15.819842,-0.01271569999971689,-0.013021699999762859,-0.012917582333260678,-0.013191457575517786,-0.01271569999971689
15.839841,-0.013855699999794524,-0.013097699999752877,-0.012686417814710232,-0.013098986713047718,-0.013095699999666977
15.859841,-0.011965699999791468,-0.012719699999752265,-0.012481093896461428,-0.012405443589488571,-0.01271569999971689
15.879841,-0.013095699999666977,-0.012417699999741672,-0.012373220134785182,-0.01217653916058118,-0.011965699999791468
15.899841,-0.011965699999791468,-0.011813699999720484,-0.012416741433167953,-0.012223951747989074,-0.011965699999791468
15.919841,-0.01120569999966392,-0.012569699999721707,-0.012619428712478911,-0.012434301398328112,-0.011965699999791468
15.93984,-0.010835699999688586,-0.012873699999727251,-0.012928857792261482,-0.012948473892486658,-0.011965699999791468
15.95984,-0.01574569999979758,-0.01317569999969237,-0.013245834935749315,-0.013360851514850815,-0.013475699999617063
15.97984,-0.014615699999694698,-0.013857699999698525,-0.013464187689441688,-0.013766306060289233,-0.014615699999694698
15.99984,-0.013475699999617063,-0.014007699999683609,-0.013517827746800541,-0.013649382983346534,-0.014615699999694698
16.01984,-0.014615699999694698,-0.013477699999657488,-0.013408545332618389,-0.013395886479870465,-0.013475699999617063
16.03984,-0.011585699999614008,-0.01256969999967623,-0.01319875902560735,-0.013261247785227727,-0.013095699999666977
16.059839,-0.013095699999666977,-0.012645699999711723,-0.0129744248901269,-0.012745746619740154,-0.013095699999666977
16.079839,-0.010075699999788412,-0.012645699999711723,-0.012799961610159179,-0.0123650473190708,-0.013095699999666977
16.099839,-0.013855699999794524,-0.012721699999747215,-0.012690119859461184,-0.01251796107199546,-0.013095699999666977
16.119838,-0.014615699999694698,-0.012269699999751537,-0.01261217858447411,-0.012715746619783565,-0.011965699999791468
16.139838,-0.011965699999791468,-0.013177699999732794,-0.012513009853664952,-0.012910455244513116,-0.013855699999794524
16.159838,-0.010835699999688586,-0.012799699999732184,-0.012352636811350721,-0.012581970396024968,-0.011965699999791468
16.179838,-0.014615699999694698,-0.011891699999750927,-0.012126897628481311,-0.0122336020976405,-0.011965699999791468
16.199838,-0.011965699999791468,-0.01166569999973035,-0.011871204599191026,-0.011593765267786145,-0.010835699999688586
16.219837,-0.010075699999788412,-0.011739699999725416,-0.011645930803516665,-0.011497727971758118,-0.01120569999966392
16.239837,-0.010835699999688586,-0.011435699999719873,-0.011510745140530127,-0.011467681351690896,-0.01120569999966392
16.259837,-0.01120569999966392,-0.011435699999719873,-0.011501026079470681,-0.011553229137249007,-0.01120569999966392
16.279837,-0.013095699999666977,-0.011661699999694974,-0.011618666910587397,-0.011635513519532344,-0.01120569999966392
16.299837,-0.011965699999791468,-0.012265699999716162,-0.011839429915467842,-0.011958963402964849,-0.011965699999791468
16.319837,-0.01120569999966392,-0.012567699999726756,-0.012127921039791375,-0.01230257645658435,-0.01271569999971689
16.339836,-0.013855699999794524,-0.012115699999731078,-0.012448906490907264,-0.012443765267794588,-0.011965699999791468
16.359836,-0.01271569999971689,-0.012493699999731689,-0.012769647370764201,-0.01261423146827614,-0.01271569999971689
16.379836,-0.010835699999688586,-0.01302369999975781,-0.0130555567818289,-0.01291688881094369,-0.013855699999794524
16.399836,-0.013855699999794524,-0.01302369999975781,-0.013266568999692722,-0.013302972727031766,-0.013855699999794524
16.419836,-0.013855699999794524,-0.013251699999773336,-0.013361848510248553,-0.013305699999790843,-0.013855699999794524
16.439835,-0.013855699999794524,-0.013477699999793914,-0.0133140499114529,-0.01326169067577815,-0.013855699999794524
16.459835,-0.013855699999794524,-0.013099699999793301,-0.013125098680277888,-0.013168310722399695,-0.013855699999794524
16.479835,-0.011965699999791468,-0.012947699999767793,-0.012832176936543501,-0.013144487878565977,-0.013095699999666977
16.499835,-0.011965699999791468,-0.012343699999746605,-0.012498772869213486,-0.01237437132841897,-0.011965699999791468
16.519835,-0.013095699999666977,-0.012115699999731078,-0.012195285156006567,-0.011979406293438279,-0.011965699999791468
16.539834,-0.010835699999688586,-0.011889699999710502,-0.011978693271974232,-0.01189931305331723,-0.011965699999791468
16.559834,-0.01271569999971689,-0.012039699999695586,-0.011879191962236585,-0.011875513519510474,-0.01271569999971689
16.579834,-0.010835699999688586,-0.012039699999695586,-0.011897153465646028,-0.012220385314386066,-0.01271569999971689
16.599834,-0.01271569999971689,-0.012265699999716162,-0.012009673094386693,-0.012147774591776874,-0.01271569999971689
16.619833,-0.013095699999666977,-0.012265699999716162,-0.012182596166953287,-0.011959662703679343,-0.01271569999971689
16.639833,-0.011965699999791468,-0.01233969999971123,-0.012381668955426571,-0.012396445920459027,-0.01271569999971689
16.659833,-0.01271569999971689,-0.01233969999971123,-0.012577589724407636,-0.012394068298072039,-0.01271569999971689
16.679833,-0.01120569999966392,-0.012643699999716772,-0.012745228069086532,-0.01287099137499836,-0.01271569999971689
16.699833,-0.01271569999971689,-0.012793699999701858,-0.012863168056770877,-0.012824301398319735,-0.01271569999971689
16.719832,-0.014615699999694698,-0.013021699999717385,-0.012919640405268242,-0.012925816549846238,-0.01271569999971689
16.739832,-0.01271569999971689,-0.013173699999742893,-0.012923398949415606,-0.013098380652408738,-0.01271569999971689
16.759832,-0.013855699999794524,-0.013173699999742893,-0.012910002966534146,-0.01282500069903688,-0.01271569999971689
16.779832,-0.011965699999791468,-0.012793699999747332,-0.012934051043694954,-0.013009033333086653,-0.01271569999971689
16.799832,-0.01271569999971689,-0.012793699999747332,-0.013047206439282064,-0.013047028671073515,-0.01271569999971689
16.819832,-0.01271569999971689,-0.013171699999747943,-0.013272632804149706,-0.013163019347063907,-0.01271569999971689
16.839831,-0.01271569999971689,-0.01370169999972859,-0.013590247760273344,-0.013448147552188806,-0.01271569999971689
16.859831,-0.01574569999979758,-0.013929699999744116,-0.013941416601489984,-0.013873112587152585,-0.013855699999794524
16.879831,-0.014615699999694698,-0.014157699999759642,-0.014250305160802735,-0.014570292074345275,-0.013855699999794524
16.899831,-0.013855699999794524,-0.014763699999775781,-0.01444998887795657,-0.014369056643129246,-0.014615699999694698
16.919831,-0.013855699999794524,-0.01438569999977517,-0.014501089800097847,-0.014554231468324158,-0.013855699999794524
16.939831,-0.01574569999979758,-0.013855699999794524,-0.014397932859990512,-0.014485816549906006,-0.013855699999794524
16.95983,-0.013855699999794524,-0.014233699999795135,-0.014164227219215413,-0.014051970396067629,-0.013855699999794524
16.97983,-0.011965699999791468,-0.014007699999774558,-0.013842648548074652,-0.01365066503474778,-0.013855699999794524
16.99983,-0.01574569999979758,-0.013251699999773336,-0.013482625690283474,-0.013313508857564615,-0.012725699999691642
17.01983,-0.012725699999691642,-0.012797699999737233,-0.01312990938035771,-0.013245257109309754,-0.011965699999791468
17.039829,-0.011965699999791468,-0.013175699999737844,-0.01281971029172832,-0.012844651048687438,-0.012725699999691642
17.059829,-0.011585699999614008,-0.012797699999737233,-0.01257406449040239,-0.012700688344730447,-0.012725699999691642
17.079829,-0.013855699999794524,-0.012419699999736623,-0.012404308039554536,-0.012652879486907676,-0.011965699999791468
17.099829,-0.013855699999794524,-0.012419699999736623,-0.012317357782532642,-0.012261154545180626,-0.011965699999791468
17.119829,-0.010835699999688586,-0.012723699999742166,-0.012319742339101492,-0.012168730302767128,-0.013105699999641729
17.139828,-0.011965699999791468,-0.012345699999741555,-0.012413318811391672,-0.012473042657090282,-0.011965699999791468
17.159828,-0.013105699999641729,-0.011967699999740945,-0.012584424490700467,-0.01262569999976607,-0.011965699999791468
17.179828,-0.011965699999791468,-0.012949699999762743,-0.01279588395262659,-0.012592156876205341,-0.011965699999791468
17.199828,-0.011965699999791468,-0.013101699999742778,-0.01299079561797128,-0.012923019347057158,-0.012725699999691642
17.219828,-0.01574569999979758,-0.01302569999975276,-0.013109523443509854,-0.013246865500914085,-0.012725699999691642
17.239827,-0.012725699999691642,-0.013177699999732794,-0.013112516488750508,-0.013174417948449101,-0.012725699999691642
17.259827,-0.012725699999691642,-0.013177699999732794,-0.012996765793756459,-0.013011247785282795,-0.012725699999691642
17.279827,-0.012725699999691642,-0.012573699999711608,-0.012796917848729631,-0.012666026340056315,-0.012725699999691642
17.299827,-0.011965699999791468,-0.012421699999731573,-0.012571651255755675,-0.012697215151247472,-0.012725699999691642
17.319827,-0.012725699999691642,-0.012269699999751537,-0.012383879320203794,-0.012226096270131893,-0.011965699999791468
17.339826,-0.011965699999791468,-0.012685699999747158,-0.012284037845009452,-0.012405793239841579,-0.011965699999791468
17.359826,-0.011965699999791468,-0.01245969999972658,-0.01230097502640226,-0.01245252983656618,-0.011965699999791468
17.379826,-0.014805699999669741,-0.01245969999972658,-0.012439427325567602,-0.012285699999710218,-0.011965699999791468
17.399826,-0.010835699999688586,-0.012687699999696633,-0.012679998825392846,-0.012728940092938958,-0.012725699999691642
17.419826,-0.012725699999691642,-0.012839699999676667,-0.012978993075359215,-0.01294854382254899,-0.012725699999691642
17.439825,-0.013105699999641729,-0.013027699999702236,-0.013270668287901065,-0.013255420279408573,-0.012725699999691642
17.459825,-0.012725699999691642,-0.013405699999702847,-0.013477919569492569,-0.013343975057963435,-0.012725699999691642
17.479825,-0.01574569999979758,-0.013481699999692865,-0.013533566816859651,-0.013324044988035983,-0.013105699999641729
17.499825,-0.012725699999691642,-0.013405699999702847,-0.013405602058208538,-0.013636842190833694,-0.012725699999691642
17.519825,-0.013105699999641729,-0.013405699999702847,-0.01311423319974084,-0.013268124242125512,-0.012725699999691642
17.539824,-0.012725699999691642,-0.012649699999701624,-0.012731467283722285,-0.01314798438201231,-0.012725699999691642
17.559824,-0.012725699999691642,-0.01249769999972159,-0.012362204913713417,-0.012176212820234993,-0.012725699999691642
17.579824,-0.011965699999791468,-0.012269699999751537,-0.012112745854919322,-0.011764254778292009,-0.011965699999791468
17.599824,-0.011965699999791468,-0.011587699999745382,-0.012055795115150349,-0.011873089277146412,-0.011965699999791468
17.619824,-0.011965699999791468,-0.01219169999976657,-0.01220258762308947,-0.012229522843572076,-0.011965699999791468
17.639823,-0.009315699999660865,-0.012419699999736623,-0.012493473300811301,-0.012582879486914804,-0.011965699999791468
17.659823,-0.01574569999979758,-0.012987699999712277,-0.012815196595713924,-0.012688637062663483,-0.013105699999641729
17.679823,-0.013105699999641729,-0.012987699999712277,-0.013042774693069512,-0.01327045524447236,-0.013105699999641729
17.699823,-0.014805699999669741,-0.013517699999738397,-0.013089403452133833,-0.013427075291100314,-0.013105699999641729
17.719822,-0.011965699999791468,-0.013139699999737787,-0.012940314506441298,-0.012869406293458093,-0.013105699999641729
17.739822,-0.011965699999791468,-0.012533699999767122,-0.0126543050407187,-0.012772902796967689,-0.011965699999791468
17.759822,-0.013855699999794524,-0.011587699999790858,-0.012334349632300045,-0.011973019347081768,-0.011965699999791468
17.779822,-0.010075699999788412,-0.012155699999766512,-0.012083158788368643,-0.011994301398382697,-0.011965699999791468
17.799822,-0.010075699999788412,-0.012155699999766512,-0.011964021609987647,-0.011698567132658908,-0.011965699999791468
17.819822,-0.014805699999669741,-0.011777699999765901,-0.011982973372712733,-0.012106352680414493,-0.011965699999791468
17.839821,-0.011965699999791468,-0.012155699999766512,-0.012097346869628989,-0.01221847389252293,-0.011965699999791468
17.859821,-0.011965699999791468,-0.012835699999732242,-0.012242259716290494,-0.012114651048694029,-0.011965699999791468
17.879821,-0.011965699999791468,-0.012267699999756587,-0.01235954557593659,-0.012869849183894565,-0.011965699999791468
17.899821,-0.013475699999617063,-0.012267699999756587,-0.012417352813646521,-0.01258756480162645,-0.011965699999791468
17.919821,-0.011965699999791468,-0.012645699999757199,-0.012416453677642545,-0.011990525174590566,-0.011965699999791468
17.93982,-0.011965699999791468,-0.012267699999756587,-0.012384120174529716,-0.012392250116303499,-0.011965699999791468
17.95982,-0.013855699999794524,-0.012117699999771503,-0.012358751619151589,-0.012617285081343245,-0.011965699999791468
17.97982,-0.010075699999788412,-0.012495699999772115,-0.012370771455418497,-0.012055350349420617,-0.012725699999691642
17.99982,-0.012725699999691642,-0.012495699999772115,-0.012427144986063529,-0.012094417948515722,-0.012725699999691642
18.019819,-0.013855699999794524,-0.011739699999770892,-0.012506246013619767,-0.012682180186247288,-0.011965699999791468
18.039819,-0.011965699999791468,-0.012911699999767734,-0.01256568083663486,-0.012585769929835051,-0.012725699999691642
18.059819,-0.010075699999788412,-0.01298769999975775,-0.01256022831278371,-0.012634907458966711,-0.013105699999641729
18.079819,-0.015935699999772623,-0.01223169999975653,-0.01246368287167663,-0.012855933099984996,-0.011965699999791468
18.099819,-0.013105699999641729,-0.012383699999736564,-0.012286388055815268,-0.012200222144265853,-0.012725699999691642
18.119818,-0.010075699999788412,-0.012535699999716599,-0.012078720333666386,-0.011727634731652057,-0.012725699999691642
18.139818,-0.012725699999691642,-0.01151569999969979,-0.011914823039762499,-0.011908007692017476,-0.010835699999688586
18.159818,-0.010835699999688586,-0.011439699999709774,-0.011862500278505122,-0.012297961071946167,-0.010835699999688586
18.179818,-0.010835699999688586,-0.012347699999691032,-0.011955114787380412,-0.01169271631670997,-0.012725699999691642
18.199818,-0.012725699999691642,-0.012497699999676115,-0.012180173399754858,-0.012198800232793999,-0.012725699999691642
18.219818,-0.014615699999694698,-0.012345699999696081,-0.012488162138616324,-0.012386469230437035,-0.012725699999691642
18.239817,-0.013475699999617063,-0.012873699999681775,-0.012812490497646887,-0.012682972726958326,-0.013475699999617063
18.259817,-0.010075699999788412,-0.012873699999681775,-0.013086939185672187,-0.013170431934430219,-0.013475699999617063
18.279817,-0.013475699999617063,-0.013099699999702352,-0.013255089651800145,-0.013487797901797879,-0.013475699999617063
18.299817,-0.012725699999691642,-0.012949699999717268,-0.01327798619875533,-0.013217331701323939,-0.012725699999691642
18.319817,-0.01574569999979758,-0.01355569999968793,-0.013147099812540745,-0.012973299067294206,-0.013105699999641729
18.339816,-0.012725699999691642,-0.013027699999702236,-0.012898069612323542,-0.012951947085962213,-0.012725699999691642
18.359816,-0.013105699999641729,-0.012875699999722202,-0.012611243982042714,-0.012863299067304806,-0.012725699999691642
18.379816,-0.010835699999688586,-0.012119699999720979,-0.012390001166409724,-0.012154044988072248,-0.011965699999791468
18.399816,-0.011965699999791468,-0.012119699999720979,-0.012323372662632934,-0.012416655710685634,-0.011965699999791468
18.419816,-0.011965699999791468,-0.012269699999751537,-0.012451613002384294,-0.012344441258492385,-0.011965699999791468
18.439815,-0.012725699999691642,-0.013251699999773336,-0.012752434368068215,-0.012652366666430069,-0.012725699999691642
18.459815,-0.013855699999794524,-0.013251699999773336,-0.013153345097992344,-0.013259825873903217,-0.012725699999691642
18.479815,-0.01574569999979758,-0.013479699999743388,-0.013560975756525071,-0.013701644055712572,-0.013105699999641729
18.499815,-0.011965699999791468,-0.014083699999764577,-0.013890815597904027,-0.013989569463618071,-0.013855699999794524
18.519814,-0.013105699999641729,-0.013857699999744,-0.014084892442843654,-0.013852669696702477,-0.013105699999641729
18.539814,-0.01574569999979758,-0.013631699999723423,-0.014116343210230392,-0.01422653916056931,-0.013105699999641729
18.559814,-0.012725699999691642,-0.013781699999708508,-0.013987750121391486,-0.014018893472921576,-0.013105699999641729
18.579814,-0.014615699999694698,-0.014309699999739679,-0.013728643106197879,-0.013394627738656243,-0.014615699999694698
18.599814,-0.01271569999971689,-0.013175699999737844,-0.01339169825914778,-0.013587821211845319,-0.012725699999691642
18.619813,-0.01574569999979758,-0.0128716999997323,-0.013044050804546915,-0.013101107925148205,-0.01271569999971689
18.639813,-0.010075699999788412,-0.0128716999997323,-0.012751625688368653,-0.012635117249148942,-0.01271569999971689
18.659813,-0.01120569999966392,-0.012721699999747215,-0.012559645043963223,-0.012663275757317977,-0.011965699999791468
18.679813,-0.014615699999694698,-0.012115699999731078,-0.012478278774278989,-0.012488893472940299,-0.011965699999791468
18.699813,-0.011965699999791468,-0.012643699999716772,-0.012481963606567842,-0.012521294405314546,-0.01271569999971689
18.719812,-0.01271569999971689,-0.012945699999727367,-0.012522341250885286,-0.012278287412295676,-0.01271569999971689
18.739812,-0.01271569999971689,-0.01233969999971123,-0.012546499572309829,-0.01287889347290648,-0.01271569999971689
18.759812,-0.01271569999971689,-0.01233969999971123,-0.012511936148798811,-0.012328357342370633,-0.01271569999971689
18.779812,-0.011585699999614008,-0.01233969999971123,-0.012395045922407592,-0.012211877155883486,-0.01271569999971689
18.799812,-0.011965699999791468,-0.011963699999705568,-0.012194834247778482,-0.012287658041673389,-0.011965699999791468
18.819812,-0.01271569999971689,-0.012191699999721094,-0.011935004963164419,-0.011962832866854754,-0.011965699999791468
18.839811,-0.010835699999688586,-0.011889699999755976,-0.011665192587897898,-0.011874907458945164,-0.011965699999791468
18.859811,-0.013855699999794524,-0.011737699999730466,-0.011457798973610513,-0.011447867831915209,-0.01120569999966392
18.879811,-0.010075699999788412,-0.011587699999745382,-0.011394937783591953,-0.011661620745665348,-0.01120569999966392
18.899811,-0.01120569999966392,-0.011587699999745382,-0.01154381038434307,-0.01135085151488572,-0.01120569999966392
18.919811,-0.011965699999791468,-0.011739699999725416,-0.01192723992683608,-0.011603112587144845,-0.01120569999966392
18.939811,-0.010835699999688586,-0.012117699999726029,-0.01250303635833146,-0.012454884148913489,-0.011965699999791468
18.95981,-0.014615699999694698,-0.013177699999732794,-0.013165241610667825,-0.013112623076652834,-0.011965699999791468
18.97981,-0.011965699999791468,-0.013933699999734017,-0.013771485140573483,-0.014151993706028678,-0.014615699999694698
18.99981,-0.016505699999697754,-0.014537699999755205,-0.014188293071352578,-0.014339779253836202,-0.014615699999694698
19.01981,-0.01574569999979758,-0.014157699999759642,-0.014336061131928236,-0.01423476759881672,-0.013855699999794524
19.039809,-0.013855699999794524,-0.014157699999759642,-0.014212904340921283,-0.014083392307454728,-0.013855699999794524
19.059809,-0.01271569999971689,-0.013399699999763471,-0.013885704781709519,-0.013696725640790147,-0.01271569999971689
19.079809,-0.011965699999791468,-0.013021699999762859,-0.013454877245925489,-0.013702762936825447,-0.01271569999971689
19.099809,-0.01271569999971689,-0.013021699999762859,-0.013014633282124287,-0.012768497202570568,-0.01271569999971689
19.119808,-0.013855699999794524,-0.012871699999777775,-0.012630206647934785,-0.012242762936840752,-0.01271569999971689
19.139808,-0.013855699999794524,-0.012493699999777164,-0.012337833116817628,-0.012555839859924894,-0.01271569999971689
19.159808,-0.011965699999791468,-0.012343699999792079,-0.012156303017319544,-0.012391620745699038,-0.011965699999791468
19.179808,-0.010075699999788412,-0.012531699999772172,-0.01209506091148605,-0.012466096270160373,-0.011965699999791468
19.199808,-0.011965699999791468,-0.011927699999750985,-0.01215388289820636,-0.012173811887874045,-0.011965699999791468
19.219808,-0.014795699999694989,-0.012305699999751596,-0.012319991836724244,-0.012093648717699673,-0.011965699999791468
19.239807,-0.010835699999688586,-0.012683699999752208,-0.012568695737025284,-0.012377914451965868,-0.011965699999791468
19.259807,-0.013855699999794524,-0.013061699999752818,-0.012866911848283645,-0.01293094475500178,-0.013855699999794524
19.279807,-0.011965699999791468,-0.012873699999772725,-0.013176279327588716,-0.013351830535897662,-0.013855699999794524
19.299807,-0.013855699999794524,-0.013477699999793914,-0.013455987708662583,-0.013354208158289423,-0.013855699999794524
19.319807,-0.013855699999794524,-0.013477699999793914,-0.013668004520915237,-0.013505140559247272,-0.013855699999794524
19.339807,-0.013855699999794524,-0.013855699999794524,-0.013785265378057307,-0.013891364335465844,-0.013855699999794524
19.359806,-0.013855699999794524,-0.013855699999794524,-0.013799661131682987,-0.013794790908883957,-0.013855699999794524
19.379806,-0.013855699999794524,-0.013627699999778997,-0.013725358163089108,-0.013902693006780225,-0.013855699999794524
19.399806,-0.013855699999794524,-0.013627699999778997,-0.013594804142349306,-0.013491644055713823,-0.013855699999794524
19.419806,-0.01271569999971689,-0.013399699999763471,-0.013448011375349768,-0.013477518181576442,-0.013855699999794524
19.439806,-0.013855699999794524,-0.013171699999747943,-0.013318739994042225,-0.013186259440311047,-0.01271569999971689
19.459805,-0.01271569999971689,-0.013171699999747943,-0.013222946048837229,-0.013018776922827375,-0.01271569999971689
19.479805,-0.01271569999971689,-0.013021699999762859,-0.01315453791305247,-0.012975070629125427,-0.01271569999971689
19.499805,-0.013855699999794524,-0.013021699999762859,-0.013091079103803388,-0.013372343356408514,-0.01271569999971689
19.519805,-0.011965699999791468,-0.013249699999778385,-0.013008269720936778,-0.013338287412367532,-0.013855699999794524
19.539804,-0.013855699999794524,-0.013477699999793914,-0.012897781167658818,-0.013076049650133585,-0.013855699999794524
19.559804,-0.013855699999794524,-0.01272169999979269,-0.01277962488266799,-0.012623392307489642,-0.013855699999794524
19.579804,-0.013855699999794524,-0.01272169999979269,-0.012699802435545833,-0.012495420279527478,-0.013855699999794524
19.599804,-0.010075699999788412,-0.012343699999792079,-0.012709502074357587,-0.012631364335465394,-0.011965699999791468
19.619803,-0.011965699999791468,-0.01272169999979269,-0.01283412535840564,-0.012973648717735195,-0.011965699999791468
19.639803,-0.011965699999791468,-0.012873699999772725,-0.013051409674977726,-0.012876003030065204,-0.011965699999791468
19.659803,-0.01574569999979758,-0.013477699999748438,-0.013295722889860665,-0.013254301398347108,-0.013095699999666977
19.679803,-0.014615699999694698,-0.013627699999733522,-0.013488067176366317,-0.01337071165475602,-0.013095699999666977
19.699803,-0.013095699999666977,-0.014005699999734134,-0.013572694433940309,-0.013992017016048845,-0.013855699999794524
19.719803,-0.01271569999971689,-0.013249699999732911,-0.013538264153022452,-0.013639732633759769,-0.013095699999666977
19.739802,-0.013855699999794524,-0.013249699999732911,-0.013415154199650696,-0.013440431934470407,-0.013095699999666977
19.759802,-0.011965699999791468,-0.01302369999975781,-0.01325651552087122,-0.012976212820263674,-0.01271569999971689
19.779802,-0.014615699999694698,-0.013251699999773336,-0.013116406863801656,-0.012935746619807419,-0.013855699999794524
19.799802,-0.011965699999791468,-0.01302369999975781,-0.01303402883827724,-0.013111783915857132,-0.01271569999971689
19.819802,-0.013855699999794524,-0.013173699999742893,-0.013026227790567326,-0.013087168531222274,-0.01271569999971689
19.839801,-0.01271569999971689,-0.013021699999762859,-0.013086577243606077,-0.01311611958016966,-0.01271569999971689
19.859801,-0.01271569999971689,-0.01324769999973796,-0.013189083915065286,-0.013334161538205963,-0.013095699999666977
19.879801,-0.013855699999794524,-0.01324769999973796,-0.013295630582518167,-0.01303124778529166,-0.013095699999666977
19.899801,-0.013095699999666977,-0.013323699999727979,-0.013366332278841639,-0.013586562470588695,-0.013095699999666977
19.919801,-0.013855699999794524,-0.013323699999727979,-0.013370587487233496,-0.013344138228154816,-0.013095699999666977
19.939801,-0.013095699999666977,-0.013475699999708013,-0.013295331376384237,-0.013276679020698443,-0.013095699999666977
19.9598,-0.01271569999971689,-0.013023699999712335,-0.013147529439259295,-0.01333551351951372,-0.013095699999666977
19.9798,-0.014615699999694698,-0.012795699999696809,-0.012950038736529284,-0.012641154545151915,-0.01271569999971689
19.9998,-0.010835699999688586,-0.012795699999696809,-0.012732260192909817,-0.012784231468231719,-0.01271569999971689
20.019799,-0.01271569999971689,-0.012267699999711112,-0.012519129853335649,-0.012277564801559521,-0.01271569999971689
20.039799,-0.013095699999666977,-0.012303699999711171,-0.012323622950422759,-0.012352623076650894,-0.01271569999971689
20.059799,-0.010075699999788412,-0.012151699999731137,-0.01214717893285462,-0.01231511724915231,-0.01271569999971689
20.079799,-0.014795699999694989,-0.012379699999746663,-0.011988253868729076,-0.012186189510223596,-0.013095699999666977
20.099799,-0.010075699999788412,-0.012001699999746051,-0.011853797040950262,-0.011920105594148966,-0.01120569999966392
20.119798,-0.013855699999794524,-0.012153699999726087,-0.011765381976832997,-0.011835839859883977,-0.01120569999966392
20.139799,-0.01120569999966392,-0.011209699999744771,-0.011753440804553797,-0.011530362004403038,-0.010835699999688586
20.159798,-0.010835699999688586,-0.012117699999726029,-0.011839930632149666,-0.011842646386669611,-0.01120569999966392
20.179798,-0.010075699999788412,-0.01151369999970484,-0.012018812418545027,-0.011613089277100056,-0.010835699999688586
20.199798,-0.014615699999694698,-0.012195699999710995,-0.012248392171649988,-0.01256511724911314,-0.010835699999688586
20.219797,-0.010835699999688586,-0.012573699999711608,-0.012464106345157775,-0.012451037995040475,-0.012725699999691642
20.239797,-0.014615699999694698,-0.01332969999971283,-0.012606990782857467,-0.012761830535863494,-0.013855699999794524
20.259797,-0.012725699999691642,-0.012421699999731573,-0.012651950738168265,-0.012710898134929833,-0.012725699999691642
20.279797,-0.013855699999794524,-0.01264769999975215,-0.012619125495822997,-0.0127786603726943,-0.012725699999691642
20.299797,-0.010075699999788412,-0.012269699999751537,-0.012561274976677682,-0.012249103263158711,-0.012725699999691642
20.319796,-0.011965699999791468,-0.012495699999772115,-0.012534706507904173,-0.012398054312131201,-0.012725699999691642
20.339796,-0.012725699999691642,-0.012117699999771503,-0.012571732603963945,-0.01252113123521539,-0.011965699999791468
20.359796,-0.013855699999794524,-0.012873699999772725,-0.012670609160237116,-0.012776935431012933,-0.012725699999691642
20.379796,-0.011965699999791468,-0.013403699999753372,-0.012805592988320569,-0.012733718647774879,-0.013855699999794524
20.399796,-0.013855699999794524,-0.01302569999975276,-0.012946613991504206,-0.013369010023044907,-0.013855699999794524
20.419796,-0.014615699999694698,-0.012799699999732184,-0.013074448004693288,-0.013109499533523396,-0.012725699999691642
20.439795,-0.010835699999688586,-0.01332969999971283,-0.013182916318547781,-0.012922320046353263,-0.013855699999794524
20.459795,-0.012725699999691642,-0.012951699999712218,-0.013269524755124521,-0.012909522843545438,-0.012725699999691642
20.479795,-0.014615699999694698,-0.012799699999732184,-0.013324399473150663,-0.013742553146567669,-0.012725699999691642
20.499795,-0.011965699999791468,-0.013555699999733406,-0.013328272437685557,-0.013218100932119316,-0.013855699999794524
20.519794,-0.013855699999794524,-0.013933699999734017,-0.013262483102078287,-0.013212949416986638,-0.014615699999694698
20.539794,-0.014615699999694698,-0.01264769999975215,-0.013124083768118548,-0.013214254778303545,-0.013855699999794524
20.559794,-0.014615699999694698,-0.01302569999975276,-0.012934337808503506,-0.012869872493939546,-0.013855699999794524
20.579794,-0.008185699999785356,-0.01264769999975215,-0.012732422797374457,-0.012772762936834544,-0.013855699999794524
20.599794,-0.013855699999794524,-0.012495699999772115,-0.012557357278832724,-0.01255495407900743,-0.013855699999794524
20.619793,-0.011965699999791468,-0.012117699999771503,-0.012431857765687856,-0.012248870162931498,-0.012725699999691642
20.639793,-0.013855699999794524,-0.01264769999975215,-0.01236030831066023,-0.012284161538221754,-0.012725699999691642
20.659793,-0.012725699999691642,-0.01264769999975215,-0.012339737656018427,-0.012546282750332554,-0.012725699999691642
20.679793,-0.010835699999688586,-0.012799699999732184,-0.012371914940407208,-0.012874627738663706,-0.012725699999691642
20.699793,-0.013855699999794524,-0.012421699999731573,-0.012466086035833206,-0.01232388181791807,-0.012725699999691642
20.719792,-0.012725699999691642,-0.012269699999751537,-0.012630573997160242,-0.012504184848229637,-0.011965699999791468
20.739792,-0.011965699999791468,-0.012873699999772725,-0.01285846050335716,-0.012538823542883699,-0.012725699999691642
20.759792,-0.011965699999791468,-0.012873699999772725,-0.013115758822963721,-0.013038077622169447,-0.012725699999691642
20.779792,-0.013855699999794524,-0.013099699999793301,-0.013341133900812303,-0.01329546689955655,-0.013855699999794524
20.799792,-0.013855699999794524,-0.013477699999793914,-0.013462294687011968,-0.013630292074382265,-0.013855699999794524
20.819792,-0.013855699999794524,-0.013629699999773948,-0.01342467095272193,-0.013432273426357407,-0.013855699999794524
20.839791,-0.013855699999794524,-0.013629699999773948,-0.01321875218289753,-0.013567005361069303,-0.013855699999794524
20.859791,-0.012725699999691642,-0.01264769999975215,-0.012890950531953304,-0.013069452913508983,-0.013855699999794524
20.879791,-0.013855699999794524,-0.01264769999975215,-0.012530189171178792,-0.012181923775984533,-0.013855699999794524
20.899791,-0.00894569999968553,-0.011891699999750927,-0.012234203184300282,-0.011932389976454804,-0.012725699999691642
20.919791,-0.013855699999794524,-0.011739699999770892,-0.012070228905648218,-0.011955093939141724,-0.011965699999791468
20.93979,-0.010075699999788412,-0.011891699999750927,-0.012049017652718532,-0.012210874824916548,-0.011965699999791468
20.95979,-0.011965699999791468,-0.012723699999742166,-0.012125531930485434,-0.01206973263377825,-0.013105699999641729
20.97979,-0.014615699999694698,-0.012345699999741555,-0.012226114028827648,-0.012347215151262983,-0.011965699999791468
20.99979,-0.013105699999641729,-0.012345699999741555,-0.012287284503322265,-0.012622693006749177,-0.011965699999791468
21.019789,-0.011965699999791468,-0.012723699999742166,-0.01228442129400745,-0.012250851514885058,-0.013105699999641729
21.039789,-0.010075699999788412,-0.011967699999740945,-0.012235444785677322,-0.012453625407656335,-0.011965699999791468
21.059789,-0.013855699999794524,-0.011891699999750927,-0.012181449948059654,-0.011902623076660766,-0.011965699999791468
21.079789,-0.010835699999688586,-0.011891699999750927,-0.01215944154805505,-0.011819243123313774,-0.011965699999791468
21.099789,-0.012725699999691642,-0.012269699999751537,-0.01218270899676112,-0.012102459906519886,-0.011965699999791468
21.119788,-0.011965699999791468,-0.012269699999751537,-0.012236129947983763,-0.012415746619795269,-0.011965699999791468
21.139789,-0.011965699999791468,-0.012419699999736623,-0.012285599188987608,-0.01246329906733366,-0.011965699999791468
21.159788,-0.013855699999794524,-0.012267699999756587,-0.012295900801526463,-0.011878706992746764,-0.011965699999791468
21.179788,-0.011585699999614008,-0.012115699999731078,-0.012248965900909395,-0.012237285081332736,-0.011965699999791468
21.199788,-0.011965699999791468,-0.012115699999731078,-0.01215519259032807,-0.012302320046363566,-0.011965699999791468
21.219788,-0.01120569999966392,-0.012267699999711112,-0.012054872914351466,-0.01227835734236437,-0.011965699999791468
21.239787,-0.011965699999791468,-0.012495699999726639,-0.012011421571933587,-0.01255418484818873,-0.011965699999791468
21.259787,-0.014615699999694698,-0.012419699999691147,-0.012097865886263869,-0.012484487878484876,-0.011965699999791468
21.279787,-0.012725699999691642,-0.012949699999717268,-0.012373348224959387,-0.012551271095279683,-0.012725699999691642
21.299787,-0.011585699999614008,-0.012723699999696692,-0.012845526378111153,-0.012832529836531107,-0.012725699999691642
21.319787,-0.013855699999794524,-0.012193699999716045,-0.013424870600428466,-0.01245176060579094,-0.011965699999791468
21.339786,-0.010835699999688586,-0.012419699999736623,-0.013893325437501835,-0.012498100932129282,-0.011965699999791468
21.359786,-0.011965699999791468,-0.012117699999771503,-0.013918810640769334,-0.012814534498596044,-0.011965699999791468
21.379786,-0.013855699999794524,-0.012269699999751537,-0.013137648349607406,-0.013298776922852916,-0.011965699999791468
21.399786,-0.010075699999788412,-0.012117699999771503,-0.011298205722806999,-0.013102623076687091,-0.011965699999791468
21.419785,-0.014615699999694698,-0.01041769999974349,-0.008420197216204706,-0.00968994242398348,-0.010075699999788412
21.439785,-0.010075699999788412,-0.006901699999707489,-0.00489367040717938,-0.005819872493889969,-0.010075699999788412
21.459785,-0.003465699999651406,-0.0020616999996946107,-0.001442439146061727,-0.0009926463866278346,-0.003465699999651406
21.479785,0.003724300000385483,0.0016063000003214256,0.001075880315819849,0.0019598011658306836,0.003724300000385483
21.499785,0.01412430000027598,0.0034583000003294726,0.001976582117602349,0.002795162471177501,0.003724300000385483
21.519785,0.003724300000385483,0.0017583000003014604,0.001027848868345488,0.002127703263698426,0.003724300000385483
21.539784,-0.0008156999997481762,-0.0013796999997339298,-0.0014401210633767597,-0.0011265624705667494,-0.0008156999997481762
21.559784,-0.011965699999791468,-0.006749699999727454,-0.004662428972052162,-0.0050527862468154345,-0.011965699999791468
21.579784,-0.011965699999791468,-0.009661699999742267,-0.007744577907029182,-0.009030734964778252,-0.011965699999791468
21.599784,-0.012725699999691642,-0.011135699999749704,-0.009997786456478652,-0.01193586316991022,-0.011965699999791468
21.619783,-0.010835699999688586,-0.010757699999749093,-0.011156276680145917,-0.011589522843597894,-0.010835699999688586
21.639783,-0.008185699999785356,-0.010379699999748481,-0.011403816429844742,-0.010650525174583803,-0.010075699999788412
21.659783,-0.010075699999788412,-0.009849699999767836,-0.011232467271541592,-0.009779802563853128,-0.010075699999788412
21.679783,-0.010075699999788412,-0.010303699999758465,-0.011219307127490094,-0.010125070629125038,-0.010075699999788412
21.699783,-0.010075699999788412,-0.012307699999746546,-0.011817185254934868,-0.011130944754998845,-0.010075699999788412
21.719783,-0.013105699999641729,-0.013933699999734017,-0.013226173237349577,-0.01295176060580692,-0.013105699999641729
21.739782,-0.018205699999725766,-0.013933699999734017,-0.015368269662684253,-0.015741853845881643,-0.013105699999641729
21.759782,-0.018205699999725766,-0.013933699999734017,-0.017949069107996336,-0.019655560139555394,-0.013105699999641729
