time,raw_wavelength_shift,moving_average,butterworth,savitzky_golay,median
0.02,0.0019421000004058442,0.0018241000002944929,0.002006855341443621,0.0016102118885479213,0.0
0.039999,-0.00019789999964814342,0.0018241000002944929,0.0024261475725810503,0.0009939181821311447,0.0003821000002517394
0.059999,0.002722100000255523,0.0018241000002944929,0.002810891208332752,0.001201610489758068,0.0019421000004058442
0.079999,0.0003821000002517394,0.0019801000002644285,0.0031028900912539437,0.0019156198137471082,0.002722100000255523
0.099999,0.004272100000207502,0.003302100000246355,0.0031896684129385667,0.0028182771564166827,0.002722100000255523
0.119999,0.002722100000255523,0.0031461000002764193,0.0029457220318224405,0.00359191352008524,0.002722100000255523
0.139999,0.006412100000261489,0.0022921000002952495,0.0023058673309103517,0.00297662214481242,0.002722100000255523
0.159998,0.0019421000004058442,0.0028361000003314985,0.001329760796594585,0.0025173214455456038,0.002722100000255523
0.179998,-0.0038878999996541097,0.0006201000003329682,0.00021704860560127853,0.0003637550119896392,0.0019421000004058442
0.199998,0.006992100000388746,-0.0007018999996489583,-0.0007441101347393687,-0.001179298601053635,-0.00019789999964814342
0.219998,-0.008357899999737128,-0.002761899999677553,-0.0012804111040879925,-0.0023286459204147117,-0.0038878999996541097
0.239998,-0.00019789999964814342,-0.0010138999996797792,-0.0012486287311261896,-0.002182771794552186,-0.00019789999964814342
0.259997,-0.008357899999737128,-0.002141899999696761,-0.0007106082560884456,-0.00057225897405095,-0.00019789999964814342
0.279997,0.004852100000334758,0.0009281000003284135,7.637369688673436e-05,0.000652542890764971,0.0013521000003038353
0.299997,0.0013521000003038353,0.001356100000339211,0.0007629229590423034,0.0011407013989540094,0.0019421000004058442
0.319997,0.006992100000388746,0.0026781000003666122,0.0010611006799154598,0.0025044776227506394,0.0019421000004058442
0.339997,0.0019421000004058442,0.001358100000379636,0.0008695107452851879,0.0003220766903338638,0.0013521000003038353
0.359996,-0.001747899999600122,-0.0002738999996381608,0.0003026084861538884,8.636573463395088e-05,-0.001747899999600122
0.379996,-0.001747899999600122,-0.002605899999662142,-0.00038836738707989557,-0.0010374571092109125,-0.001747899999600122
0.399996,-0.00680789999978515,-0.0015958999996655622,-0.0009523717946943355,-0.0012484128201862808,-0.001747899999600122
0.419996,-0.004667899999731162,-0.0007018999996944331,-0.0012517764585918308,-0.0020338673656548185,-0.001747899999600122
0.439996,0.006992100000388746,-0.0011298999997052307,-0.0012909279612692542,-0.0006619093237012682,-0.0038878999996541097
0.459995,0.002722100000255523,-0.00011789999966822506,-0.0011594208562912707,-0.0006220491838410632,-0.001747899999600122
0.479995,-0.0038878999996541097,0.0010481000003437658,-0.0009466330743468372,-0.0005402076919841278,0.0011621000003287918
0.499995,-0.001747899999600122,-0.0015958999996655622,-0.0006930758538149578,-0.00043694428868357453,-0.001747899999600122
0.519995,0.0011621000003287918,-0.0017518999996354978,-0.00040190348548262855,-0.00018873916047333302,-0.001747899999600122
0.539994,-0.006227899999657893,-0.000585899999623507,-8.376336968116138e-05,-0.0015724687642026463,0.0011621000003287918
0.559994,0.0019421000004058442,0.000734100000363469,0.00021015845332419443,0.00044617925446389505,0.0019421000004058442
0.579994,0.0019421000004058442,-0.0002758999996331113,0.00039513823171039085,0.000983988112247359,0.0019421000004058442
0.599994,0.004852100000334758,0.001940100000365419,0.00039449490285475744,0.00012837039662849322,0.0019421000004058442
0.619994,-0.0038878999996541097,-0.00011989999966317555,0.0001829789351951573,0.00030219324044867407,0.0019421000004058442
0.639993,0.004852100000334758,-0.0008578999996643688,-0.00020160813930143956,1.9862238101196143e-05,-0.001747899999600122
0.659993,-0.008357899999737128,-0.0012838999996802158,-0.0006856694272561386,-0.0013436575754396704,-0.001747899999600122
0.679993,-0.001747899999600122,-0.0014398999996956263,-0.001201846974014964,-0.0015473172491257622,-0.001747899999600122
0.699993,0.002722100000255523,-0.00233389999971223,-0.0017113104872315866,-0.0018005107223292443,-0.001747899999600122
0.719993,-0.004667899999731162,-0.0008178999997198843,-0.002190066425925142,-0.0009254524472818009,-0.0007778999997753999
0.739992,0.0003821000002517394,-0.0012458999997306819,-0.0025946207469072563,-0.0026857787876052213,-0.0007778999997753999
0.759992,-0.0007778999997753999,-0.0025678999997126085,-0.0028409257715572758,-0.0023200212118319186,-0.0038878999996541097
0.779992,-0.0038878999996541097,-0.0034238999996887287,-0.002822923571719976,-0.0037196715614682815,-0.0038878999996541097
0.799992,-0.0038878999996541097,-0.0031118999996579077,-0.0024699505171618284,-0.0025513032630552776,-0.0038878999996541097
0.819992,-0.008947899999611764,-0.002567899999621659,-0.001811343532250105,-0.0020023522140681827,-0.0038878999996541097
0.839991,0.0019421000004058442,-0.00039189999961308786,-0.0010012891167939053,-0.0009432379949503633,0.0019421000004058442
0.859991,0.0019421000004058442,-0.0008598999996138445,-0.0002749097272632579,-6.988135160078553e-05,0.0019421000004058442
0.879991,0.006992100000388746,0.0017841000003500085,0.00014715088889120546,0.00023412797238459135,0.0019421000004058442
0.899991,-0.006227899999657893,0.000150100000337261,0.00014937346737374995,0.0003057130539511209,0.0019421000004058442
0.919991,0.004272100000207502,-0.0010158999996747297,-0.00024536009191343614,-0.00015155967332358385,-0.0038878999996541097
0.939991,-0.006227899999657893,-0.0024538999996821078,-0.0009098050889249106,-0.0015004174821949432,-0.0038878999996541097
0.95999,-0.0038878999996541097,-0.0015578999996705533,-0.0016799495674235676,-0.0017849163166867594,-0.001747899999600122
0.97999,-0.00019789999964814342,-0.0023358999996617056,-0.0024094880640801904,-0.002513913985686198,-0.001747899999600122
0.99999,-0.001747899999600122,-0.0018678999996609492,-0.0029855224511266885,-0.002203704195478378,-0.001747899999600122
1.01999,0.0003821000002517394,-0.0024518999996871573,-0.0033157394640398775,-0.00410484638661988,-0.001747899999600122
1.039989,-0.0038878999996541097,-0.003345899999703761,-0.0033199901325340667,-0.0029441703959831146,-0.0038878999996541097
1.059989,-0.00680789999978515,-0.0034638999997241627,-0.002949697288641006,-0.002593028204841297,-0.0038878999996541097
1.079989,-0.004667899999731162,-0.002257899999722213,-0.00222516274722536,-0.001555568997381587,-0.0038878999996541097
1.099989,-0.002337899999702131,-0.0010918999997102218,-0.0012551758003013916,-0.00236657132840178,-0.002337899999702131
1.119989,0.006412100000261489,0.0003461000002971559,-0.00021189994009536634,-0.0003472473190620149,0.0003821000002517394
1.139988,0.0019421000004058442,-8.189999971364159e-05,0.0007288259891189708,0.001237554545743359,0.0003821000002517394
1.159988,0.0003821000002517394,0.002990100000306484,0.0014419902148207404,0.001854547552767046,0.0019421000004058442
1.179988,-0.00680789999978515,0.000930100000323364,0.0018711679435991378,0.0015292328674495364,0.0003821000002517394
1.199988,0.013022100000398495,0.0005021000003125664,0.002013155742652665,0.0015643843825997538,-0.00019789999964814342
1.219988,-0.0038878999996541097,0.0009701000003133232,0.0018957158629117367,0.001229326107540995,-0.00019789999964814342
1.239988,-0.00019789999964814342,0.0033021000003373045,0.0015674990456874143,0.0018428925411223798,0.002722100000255523
1.259987,0.002722100000255523,0.0006581000003279769,0.0011019531855757199,0.0017800487182882897,-0.00019789999964814342
1.279987,0.004852100000334758,0.0010861000003387744,0.0006064840881448551,0.0010420067602414256,-0.00019789999964814342
1.299987,-0.00019789999964814342,0.0007741000003079534,0.00022085696931764323,-0.00019510279688503415,-0.00019789999964814342
1.319987,-0.001747899999600122,0.0001901000003272202,8.81710543405338e-05,0.0006457363639544288,-0.00019789999964814342
1.339987,-0.0017578999998022482,0.0001901000003272202,0.0002992904506502999,-0.00010181608359163309,-0.00019789999964814342
1.359986,-0.00019789999964814342,-0.00023789999968357734,0.000837810568266018,0.00016529347352088895,-0.001747899999600122
1.379986,0.004852100000334758,0.0010821000003033987,0.0015611466189181808,0.0012792328674516046,-0.00019789999964814342
1.399986,-0.002337899999702131,0.0027161000003161464,0.002235398803617873,0.0026030324012394435,0.004852100000334758
1.419986,0.004852100000334758,0.003298100000301929,0.0026139262023789373,0.002730328438503474,0.004852100000334758
1.439986,0.006412100000261489,0.0019761000002745275,0.0025296620595412476,0.0029811442893215574,0.0027121000002807705
1.459985,0.0027121000002807705,0.0020921000002545043,0.001963505011691794,0.0019842678324295876,0.0027121000002807705
1.479985,-0.0017578999998022482,0.0015101000002687216,0.0010578398759005872,0.000575736363912798,0.0019421000004058442
1.499985,-0.0017578999998022482,-0.0005518999997093487,6.863886732500589e-05,0.0004894892776746411,-0.0017578999998022482
1.519985,0.0019421000004058442,-0.0011338999996951316,-0.0007199113991193948,-0.0003478533796495855,-0.0017578999998022482
1.539984,-0.003897899999628862,-0.00023989999967852783,-0.0010807903877954788,-0.0018269675987437049,-0.00019789999964814342
1.559984,-0.00019789999964814342,7.210000035229314e-05,-0.0009023410419046191,-0.0009604174821839985,-0.00019789999964814342
1.579984,0.0027121000002807705,-0.0012498999996751082,-0.00021104137554752323,-0.00016729393905204527,-0.00019789999964814342
1.599984,-0.00019789999964814342,0.0012781000003087683,0.0008368956596433815,0.0011193261075531842,-0.00019789999964814342
1.619984,-0.004667899999731162,0.0018601000002945512,0.0019890158254419078,0.001570468298653999,0.0027121000002807705
1.639983,0.00874210000029052,0.0026001000002906947,0.0029535941933633673,0.0029446641028449626,0.0027121000002807705
1.659983,0.0027121000002807705,0.0027161000002706714,0.003476709614635577,0.00432927948746471,0.0027121000002807705
1.679983,0.006412100000261489,0.004620100000283856,0.0034208045033338676,0.0037316571098422483,0.004852100000334758
1.699983,0.0003821000002517394,0.0034141000002819053,0.0028118232355567943,0.0019172748254371787,0.0027121000002807705
1.719983,0.004852100000334758,0.0007721000002675283,0.0018284880423565185,0.0022397223778852535,0.0027121000002807705
1.739982,0.0027121000002807705,-0.0011338999997406063,0.0007326793948071109,0.0001797456879122348,0.0003821000002517394
1.759982,-0.010497899999791116,0.0009661000002779474,-0.00023172347285487993,-0.00032083706265377706,0.0027121000002807705
1.779982,-0.0031178999997791834,-0.0012498999997205829,-0.000924795073749777,-0.0018046599064706031,-0.0031178999997791834
1.799982,0.010882100000344508,-0.0022598999997171633,-0.001337408931054343,-0.0006774337992554488,-0.0031178999997791834
1.819982,-0.006227899999657893,-0.0005118999997193896,-0.0015498855292076805,-0.0013714431232774984,-0.002337899999702131
1.839982,-0.002337899999702131,0.0009661000002779474,-0.0016578678450304806,-0.001449158740997246,-0.0017578999998022482
1.859981,-0.0017578999998022482,-0.0028838999997333305,-0.0017136962625097715,-0.00045342447523822417,-0.002337899999702131
1.879981,0.004272100000207502,-0.002105899999742178,-0.001708129023993004,-0.0019979233097538115,-0.002337899999702131
1.899981,-0.00836789999971188,-0.0012498999997205829,-0.0015902951937783198,-0.0029784128202429675,-0.0017578999998022482
1.919981,-0.002337899999702131,-0.0012498999997205829,-0.0013095451116743513,-0.0005932846151014174,-0.0017578999998022482
1.939981,0.0019421000004058442,-0.0017158999996809143,-0.0008550256389568536,-0.0007194617712589321,-0.0017578999998022482
1.95998,-0.0017578999998022482,0.0005001000003176159,-0.00027073979677271355,-0.001110091141868265,0.0019421000004058442
1.97998,0.0019421000004058442,0.0005001000003176159,0.0003586987857482748,0.0008252002334151735,0.0019421000004058442
1.99998,0.0027121000002807705,0.00038210000029721415,0.0009370672312518883,0.0014430557112721232,0.0013521000003038353
2.01998,-0.002337899999702131,0.002482100000315768,0.001381737496430001,0.0011891629373748155,0.0019421000004058442
2.039979,0.0013521000003038353,0.0003041000003122463,0.0016369441939606299,0.001053894872091573,0.0013521000003038353
2.059979,0.00874210000029052,0.00104410000030839,0.0016782703545951245,0.0018236617718829225,0.0013521000003038353
2.079979,-0.008947899999611764,0.0017821000003095833,0.0015142884670095143,0.0009916571098763233,0.0013521000003038353
2.099979,0.006412100000261489,0.001900100000329985,0.0011885145188177165,0.001534920513152503,0.0019421000004058442
2.119979,0.0013521000003038353,-0.00031589999966854523,0.0007820543609735694,0.0016116337998454203,0.0013521000003038353
2.139978,0.0019421000004058442,0.0023281000002953077,0.00041193271992149823,0.000904104662315961,0.0019421000004058442
2.159978,-0.002337899999702131,0.0004221000002871733,0.00021331694865875636,-0.0001006972025036669,0.0013521000003038353
2.179978,0.004272100000207502,0.00011210000029677758,0.00029756060170457017,8.60393942072029e-05,-0.00019789999964814342
2.199978,-0.0031178999997791834,-0.0006278999997448409,0.0006951283671798388,-0.00047489300672993453,-0.0017578999998022482
2.219978,-0.00019789999964814342,0.0003821000002517394,0.001310484848486989,0.0009885335666949457,-0.00019789999964814342
2.239977,-0.0017578999998022482,0.0017041000002791407,0.001922794174897936,0.0016345941727584237,-0.00019789999964814342
2.259977,0.0027121000002807705,0.0027161000003161464,0.002254255710601535,0.0037421932404005384,0.0019421000004058442
2.279977,0.010882100000344508,0.0027161000003161464,0.0020933619208707665,0.001969326107574348,0.0019421000004058442
2.299977,0.0019421000004058442,0.0034561000003577647,0.0014169884815481244,0.0022303051285559117,0.0019421000004058442
2.319977,-0.00019789999964814342,0.0002301000003626541,0.00043729509215029914,0.0007310510492948693,0.0019421000004058442
2.339977,0.0019421000004058442,-0.0010918999996647472,-0.00046811629932979617,-0.000484496736241576,0.0019421000004058442
2.359976,-0.013417899999694782,-0.0019478999996863423,-0.0009172188481527783,-0.00232025431203687,-0.00019789999964814342
2.379976,0.004272100000207502,-0.0013658999997005594,-0.0006945751124908951,-0.0015289489507497786,0.0019421000004058442
2.399976,-0.002337899999702131,-0.0008998999997402279,0.00015543938723931554,0.0005394193475841216,0.0027121000002807705
2.419976,0.0027121000002807705,0.00396010000026763,0.0013561524782573675,0.0015169717951383289,0.004272100000207502
2.439976,0.004272100000207502,0.00275410000026568,0.002524712297772504,0.0024142678324251604,0.0027121000002807705
2.459975,0.010882100000344508,0.003182100000276478,0.0033287560173666944,0.004898953147116797,0.0027121000002807705
2.479975,-0.0017578999998022482,0.003494100000261824,0.0035996381074726155,0.003548720046893758,0.004272100000207502
2.499975,-0.00019789999964814342,0.003922100000272622,0.0033604858141710182,0.004214920513079639,0.004272100000207502
2.519975,0.004272100000207502,0.0012781000002632936,0.002777247316013381,0.0013691163172877938,-0.00019789999964814342
2.539974,0.006412100000261489,0.0017061000002740912,0.0020739684465403926,0.0008668319349984755,0.0003821000002517394
2.559974,-0.002337899999702131,0.0005001000002721412,0.001450893249004134,0.001103824941989393,0.0003821000002517394
2.579974,0.0003821000002517394,0.001938100000279519,0.0010255915438397464,0.0018624030305979204,0.0003821000002517394
2.599974,-0.006227899999657893,0.00104410000030839,0.0008101360416097566,0.0015521000003023957,0.0003821000002517394
2.619974,0.01146210000024439,0.0007321000003230437,0.0007344536637441398,1.2379720600469565e-05,0.0003821000002517394
2.639973,0.0019421000004058442,0.000926100000333463,0.0007060634620667584,0.0008504682987031841,0.0013521000003038353
2.659973,-0.003897899999628862,0.0017041000003246154,0.0006696078227040581,0.0011300487182953635,0.0013521000003038353
2.679973,0.0013521000003038353,0.0008101000003534864,0.0006297022992356536,0.0011368319350672843,0.0013521000003038353
2.699973,-0.002337899999702131,-0.0005118999996739148,0.0006325492069500936,0.001135316783542708,-0.002337899999702131
2.719973,0.006992100000388746,0.0011221000002933578,0.0007301099625952326,-0.0010833778551609424,0.0013521000003038353
2.739972,-0.004667899999731162,0.0008121000003029621,0.0009499700991659714,0.0014684636366487601,-0.00019789999964814342
2.759972,0.004272100000207502,0.0013561000002937362,0.0012785302057388146,0.0012189764571708343,0.0003821000002517394
2.779972,-0.00019789999964814342,0.0017061000002740912,0.0016577910636336516,0.0017845009326969323,0.0003821000002517394
2.799972,0.0003821000002517394,0.0013941000002887448,0.001997203231171331,0.0019934519816292395,0.0003821000002517394
2.819972,0.00874210000029052,0.0024041000002853253,0.002200158305542059,0.0017345475527106705,0.0003821000002517394
2.839971,-0.006227899999657893,0.0020921000002545043,0.002197495571526125,0.002787554545714422,0.0003821000002517394
2.859971,0.009322100000190403,0.0025581000002603107,0.0019754584079809613,0.002120351748512841,0.0027121000002807705
2.879971,-0.0017578999998022482,0.0008861000002525543,0.0015872775319783405,0.0013165755247195915,0.0003821000002517394
2.899971,0.0027121000002807705,0.0020921000002545043,0.0011428443138461124,0.0013277876459632956,0.0003821000002517394
2.919971,0.0003821000002517394,-0.00023989999972400254,0.000777074377935527,0.0008810976692748333,-0.00019789999964814342
2.93997,-0.00019789999964814342,0.0015101000003141963,0.000605448324609291,0.0010381839163662227,0.0003821000002517394
2.95997,-0.002337899999702131,0.0006161000002975925,0.0006825991641729752,-0.0006416995334985126,-0.00019789999964814342
2.97997,0.006992100000388746,7.21000003068184e-05,0.000980387251426971,0.000965713053918799,-0.0017578999998022482
2.99997,-0.0017578999998022482,0.0010821000003033987,0.001393492708497162,0.001991633799848509,-0.0017578999998022482
3.01997,-0.002337899999702131,0.002948100000321574,0.001770124449134182,0.0018040813523206682,0.004852100000334758
3.039969,0.004852100000334758,0.0019381000003249938,0.0019604972256098913,0.002279302797534815,0.0019421000004058442
3.059969,0.006992100000388746,0.0010441000003538648,0.0018712980883787086,0.001971493939723986,0.0019421000004058442
3.079969,0.0019421000004058442,0.002366100000335791,0.0015040508361405585,0.0005055498837763193,0.004272100000207502
3.099969,-0.006227899999657893,0.0009281000003284135,0.0009529213829402663,0.0022973214455599116,0.0019421000004058442
3.119969,0.004272100000207502,-0.0005098999996789644,0.0003592082510935187,0.0006027993010192397,-0.00019789999964814342
3.139968,-0.002337899999702131,7.21000003068184e-05,-0.00015057950855030877,-0.0014443102560804423,-0.00019789999964814342
3.159968,-0.00019789999964814342,-0.0009378999996897619,-0.0005096172426041412,-0.0017344967362858247,-0.00019789999964814342
3.179968,0.004852100000334758,-0.0014038999996500933,-0.0007237982486269811,-0.00010932191109387993,-0.00019789999964814342
3.199968,-0.011277899999640795,-8.189999966816686e-05,-0.000856913638974465,0.0005973680656011872,0.0019421000004058442
3.219968,0.0019421000004058442,0.00034610000034263066,-0.0009961199836331868,-0.00098531258706077,0.0019421000004058442
3.239968,0.004272100000207502,-0.001985899999681351,-0.0012056711156582947,-0.0012800911418620036,0.0019421000004058442
3.259967,0.0019421000004058442,-0.0009758999996847706,-0.001487251722405964,-0.001976920978723415,0.0019421000004058442
3.279967,-0.00680789999978515,-0.001715899999726389,-0.0017754064812300087,-0.002060510722325249,-0.0017578999998022482
3.299967,-0.006227899999657893,-0.0024938999997175413,-0.0019795644861879576,-0.0010919559437730234,-0.0017578999998022482
3.319967,-0.0017578999998022482,-0.002921899999728339,-0.002044586968756337,-0.002949927971766965,-0.0017578999998022482
3.339967,0.0003821000002517394,-0.0020278999997117354,-0.001982489977549978,-0.002509858041684485,-0.0017578999998022482
3.359966,-0.00019789999964814342,-0.0011338999997406063,-0.0018532207574130347,-0.001294007225836764,-0.0017578999998022482
3.379966,-0.002337899999702131,-0.00039389999969898783,-0.0017147941123628633,-0.0009272240090282194,-0.00019789999964814342
3.399966,-0.0017578999998022482,-0.0012498999996751082,-0.0015820058597323862,-0.0015325386943161484,-0.0017578999998022482
3.419966,0.0019421000004058442,-0.0024558999996770582,-0.0014201455932455276,-0.001690254312006169,-0.002337899999702131
3.439965,-0.003897899999628862,-0.0015998999996554631,-0.0011750805784814023,-0.0010068044285736109,-0.0017578999998022482
3.459965,-0.006227899999657893,-0.0003938999996535131,-0.0008199101652573437,-0.0013665247082999502,0.0019421000004058442
3.479965,0.0019421000004058442,-0.0007058999996843341,-0.0003872771822949606,-0.0008520958038591413,0.0003821000002517394
3.499965,0.004272100000207502,-0.0009778999996797211,3.645123548768952e-05,-1.5452447208599417e-05,0.0003821000002517394
3.519965,0.0003821000002517394,0.0012381000003188092,0.00035230253706323295,0.00030473403294383096,0.0019421000004058442
3.539964,-0.005257899999605797,0.0013921000002937944,0.0004980131352809936,0.0014282771564789398,0.0027121000002807705
3.559964,0.004852100000334758,0.00018610000029184448,0.0004793096159743072,0.0013072981354735754,0.0003821000002517394
3.579964,0.0027121000002807705,0.00018610000029184448,0.00037368856716093394,-0.00019281841464563996,0.0003821000002517394
3.599964,-0.0017578999998022482,0.0008861000002525543,0.0003065769450156702,-0.0002445666664010424,0.0003821000002517394
3.619964,0.0003821000002517394,-0.000123899999744026,0.0004027853836711787,0.00022226317041777277,-0.00019789999964814342
3.639963,-0.0017578999998022482,0.00018810000024132022,0.000727509559188516,0.0009703284384806601,-0.00019789999964814342
3.659963,-0.00019789999964814342,0.0009281000002829387,0.001245340706693769,0.0006860627042250655,0.0003821000002517394
3.679963,0.004272100000207502,0.0018221000002995424,0.001823635930385584,0.001966622144826331,0.0019421000004058442
3.699963,0.0019421000004058442,0.0027161000003161464,0.002283902513462504,0.002568417016629833,0.0027121000002807705
3.719963,0.004852100000334758,0.0031441000003269437,0.0024772121136677873,0.002836132634366496,0.0027121000002807705
3.739962,0.0027121000002807705,0.0019381000003249938,0.0023462372595363487,0.002438859907094538,0.0019421000004058442
3.759962,0.0019421000004058442,0.0019381000003249938,0.0019450777286075629,0.001375969464176639,0.0019421000004058442
3.779962,-0.0017578999998022482,0.0006161000002975925,0.0014120094967059718,0.001097461305679454,0.0019421000004058442
3.799962,0.0019421000004058442,0.0006161000002975925,0.0009148481635195667,0.0016123097904974437,0.0019421000004058442
3.819962,-0.0017578999998022482,0.0013921000002937944,0.0005990679217379003,0.0010232421914351916,0.0019421000004058442
3.839962,0.0027121000002807705,0.001820100000304592,0.0005590078803762553,0.0006840813522783966,0.0019421000004058442
3.859961,0.005822100000386854,0.0006521000002976507,0.0008302102159173729,3.9162937365885895e-05,0.0003821000002517394
3.879961,0.0003821000002517394,0.0009641000003284717,0.0013843928891295535,0.00084860349683196,0.0003821000002517394
3.899961,-0.003897899999628862,0.0010821000003488734,0.002114825306923109,0.0020039881122283403,0.0003821000002517394
3.919961,-0.00019789999964814342,0.002094100000340404,0.00282751302287949,0.003507810956070462,0.0003821000002517394
3.93996,0.0033021000003827794,0.0034161000003678057,0.003273523105044668,0.0036230557113215876,0.0033021000003827794
3.95996,0.010882100000344508,0.0042721000003439254,0.0032376936869768797,0.0031046407928883987,0.0033021000003827794
3.97996,0.006992100000388746,0.003532100000347782,0.0026461135368771554,0.0028349904432282487,0.0033021000003827794
3.99996,0.0003821000002517394,0.0017821000003095833,0.001619316993516067,0.0019934519816631603,0.0003821000002517394
4.01996,-0.003897899999628862,-0.0008618999996997445,0.0004225809278304889,-3.741048921296472e-05,-0.002337899999702131
4.039959,-0.0054478999998082145,-0.0022998999997071224,-0.0006641984028875939,-0.0014366179484155055,-0.002337899999702131
4.059959,-0.002337899999702131,-0.0024158999996870987,-0.0014757502299473089,-0.0024347065264916255,-0.002337899999702131
4.079959,-0.00019789999964814342,-0.0012478999996801577,-0.002010107320356046,-0.0016668044285937603,-0.00019789999964814342
4.099959,-0.00019789999964814342,-0.000625899999658941,-0.00237469371681837,-0.0015944734262392023,-0.00019789999964814342
4.119959,0.0019421000004058442,-0.0010918999996647472,-0.002675444376064546,-0.001902049183809569,-0.00019789999964814342
4.139959,-0.002337899999702131,-0.002841899999657471,-0.0029262314483005,-0.0023170841488386698,-0.002337899999702131
4.159958,-0.004667899999731162,-0.003269899999668269,-0.0030356114383372126,-0.003442258974032101,-0.002337899999702131
4.179958,-0.008947899999611764,-0.0035818999996990895,-0.002872869528366115,-0.0031020025637766716,-0.002337899999702131
4.199958,-0.002337899999702131,-0.003153899999688292,-0.0023628080648518553,-0.0025189955707772137,-0.002337899999702131
4.219958,0.0003821000002517394,-0.0012498999996751082,-0.0015444443083601359,-0.002522049183851208,-0.00019789999964814342
4.239957,-0.00019789999964814342,0.00018810000028679497,-0.0005606493140216837,-0.0005722589740663198,-0.00019789999964814342
4.259957,0.004852100000334758,0.00030410000026677154,0.0004047512120402721,0.0004941745923502467,-0.00019789999964814342
4.279957,-0.0017578999998022482,0.0015101000002687216,0.0011980455479297866,0.0023028925410506903,-0.00019789999964814342
4.299957,-0.0017578999998022482,0.001626100000248698,0.0017393723457834525,0.0021610976692491694,0.0003821000002517394
4.319957,0.006412100000261489,0.0019381000002340442,0.0020317513915630095,0.002115200233332991,0.0003821000002517394
4.339957,0.0003821000002517394,0.0019381000002340442,0.0021466091386765284,0.0012156897438229876,0.0003821000002517394
4.359956,0.006412100000261489,0.002366100000244842,0.002195090460890502,0.001117810955939566,0.0003821000002517394
4.379956,-0.0017578999998022482,0.0010441000002629152,0.002287565539890245,0.0026387666669237695,0.0003821000002517394
4.399956,0.0003821000002517394,0.002832100000250648,0.0024897960849110767,0.0035184403266083357,0.0003821000002517394
4.419956,-0.00019789999964814342,0.0029481000002760994,0.0027976019151811147,0.002519559207736375,0.0003821000002517394
4.439955,0.009322100000190403,0.003842100000292703,0.003149973308132404,0.0037750370632229193,0.0027121000002807705
4.459955,0.006992100000388746,0.003298100000301929,0.003474002742482057,0.002379139627324694,0.0027121000002807705
4.479955,0.0027121000002807705,0.004620100000283856,0.00372599796518786,0.0037661093243103,0.006412100000261489
4.499955,-0.002337899999702131,0.0022881000003053486,0.0038957201289062183,0.004375340093551066,0.0027121000002807705
4.519955,0.006412100000261489,0.0034941000003072984,0.003977750513696707,0.004217391375591434,0.0027121000002807705
4.539954,-0.002337899999702131,0.003922100000318096,0.0039474051542329296,0.003463778321996887,0.004852100000334758
4.559954,0.013022100000398495,0.00446610000030887,0.0037725091358582195,0.0035490463872542544,0.004852100000334758
4.579954,0.004852100000334758,0.003572100000337741,0.003453520441963541,0.003561843590079569,0.0019421000004058442
4.599954,0.0003821000002517394,0.004000100000348538,0.0030525400264394516,0.003505643123903333,0.0019421000004058442
4.619954,0.0019421000004058442,0.0017841000003500085,0.0026782362040896762,0.002704524242775558,0.0019421000004058442
4.639954,-0.00019789999964814342,0.0017841000003500085,0.0024319481430748074,0.0033989997672509704,0.0019421000004058442
4.659953,0.0019421000004058442,0.002562100000341161,0.002352721063324212,0.0007295825178220951,0.0019421000004058442
4.679953,0.004852100000334758,0.002562100000341161,0.0023973910049865897,0.0016500953383418245,0.0019421000004058442
4.699953,0.004272100000207502,0.0016681000003245573,0.0024630759193044814,0.002769442657667342,0.0019421000004058442
4.719953,0.0019421000004058442,0.0030281000003014925,0.002432109342829202,0.003614710722901737,0.004272100000207502
4.739953,-0.004667899999731162,0.0029121000002760413,0.0022145736272040934,0.0032004682986531063,0.004272100000207502
4.759952,0.00874210000029052,0.002018100000304912,0.001776773699270688,0.0011751303033277897,0.0019421000004058442
4.779952,0.004272100000207502,0.00011210000029677758,0.0011526278599891643,-0.0001989489507352579,-0.00019789999964814342
4.799952,-0.00019789999964814342,0.00026610000031723757,0.00043045019532273534,0.0007665055947113118,-0.00019789999964814342
4.819952,-0.007587899999634828,-0.0006278999996993662,-0.0002892027792668493,-0.00026214242395574544,-0.00019789999964814342
4.839952,-0.003897899999628862,-0.0006278999996993662,-0.0009439652625895911,-0.0009537275055209824,-0.00019789999964814342
4.859951,0.004272100000207502,-0.0028438999996978965,-0.0015283128708257227,-0.001861000232804896,-0.003897899999628862
4.879951,0.004272100000207502,-0.0010938999997051723,-0.0020613024440084304,-0.0022469909087840657,0.0011621000003287918
4.899951,-0.011277899999640795,-0.00023789999972905206,-0.0025303599214744486,-0.0019625620043768432,0.0011621000003287918
4.91995,0.0011621000003287918,-0.002881899999692905,-0.002858569417225024,-0.001224520046327329,0.0003821000002517394
4.93995,0.0003821000002517394,-0.0036598999996840576,-0.002920612661110113,-0.0028195317013220166,0.0003821000002517394
4.95995,-0.008947899999611764,-0.0014438999996855273,-0.0025990638534437206,-0.003529298601088358,0.0003821000002517394
4.97995,0.0003821000002517394,-0.002609899999697518,-0.0018549927644515483,-0.002381233333028356,-0.00019789999964814342
4.99995,-0.00019789999964814342,-0.0018318999997063655,-0.0007821040575943987,-0.0008344501162558844,-0.00019789999964814342
5.01995,-0.004667899999731162,0.0003461000002971559,0.000383205139416987,-0.0010810701628558963,0.0003821000002517394
5.039949,0.004272100000207502,0.00023010000031717937,0.001310276469053537,0.0010872981355154435,-0.00019789999964814342
5.059949,0.0019421000004058442,0.0012401000003137597,0.0016746727561856483,0.0032555032636996445,0.0019421000004058442
5.079949,-0.00019789999964814342,0.0030281000003014925,0.0012818607437948154,0.0024282538464680853,0.004272100000207502
5.099949,0.004852100000334758,0.0012401000003137597,0.0001679120588033879,0.00021979230799130966,0.0019421000004058442
5.119949,0.004272100000207502,-0.0014038999996955682,-0.0013728066275490501,-0.0018418627036610935,-0.00019789999964814342
5.139948,-0.004667899999731162,-0.0037358999997195498,-0.0028653794833137475,-0.003387853379652566,-0.004667899999731162
5.159948,-0.011277899999640795,-0.004473899999720743,-0.003826097446713769,-0.00408533589716289,-0.004667899999731162
5.179948,-0.011857899999768051,-0.004357899999695292,-0.003958500952471501,-0.004085662237465616,-0.004667899999731162
5.199948,0.0011621000003287918,-0.0038918999996894856,-0.003272585426606431,-0.0038931214449153834,-0.002337899999702131
5.219948,0.004852100000334758,-0.0012478999996801577,-0.002061644369155609,-0.002379951281727812,0.0011621000003287918
5.239947,-0.002337899999702131,0.0012001000003238004,-0.0007573103936267286,0.00039986223809209526,0.0011621000003287918
5.259947,0.0019421000004058442,0.0009281000003284135,0.00024957507473744413,0.0012395358977647596,0.0003821000002517394
5.279947,0.0003821000002517394,-8.189999966816686e-05,0.0007354695068652359,0.0009452002334264981,-0.00019789999964814342
5.299947,-0.00019789999964814342,-0.0005478999996739731,0.0006815160499533001,-0.00021249207426167816,-0.00019789999964814342
5.319947,-0.00019789999964814342,-0.00039389999969898783,0.0002359289875840399,-0.0005742403260241193,-0.00019789999964814342
5.339947,-0.004667899999731162,-8.189999966816686e-05,-0.00035978978082898286,-8.729393908495282e-05,-0.00019789999964814342
5.359946,0.0027121000002807705,-0.00039389999969898783,-0.0008428120055228383,-0.000712934964728994,-0.00019789999964814342
5.379946,0.0019421000004058442,-0.00039389999969898783,-0.000980168067727772,-0.000619951281737328,-0.00019789999964814342
5.399946,-0.0017578999998022482,0.0005001000003176159,-0.0006046791232252703,-0.0001123055941013007,-0.00019789999964814342
5.419945,-0.00019789999964814342,0.0005001000003176159,0.0003488407759539254,0.0002571815853985495,-0.00019789999964814342
5.439945,-0.00019789999964814342,0.0010821000003033987,0.0018056312836028934,0.0015279974362283541,-0.00019789999964814342
5.459945,0.0027121000002807705,0.0024041000003308,0.003532398643974396,0.0025198156180202286,0.0027121000002807705
5.479945,0.004852100000334758,0.004502100000308928,0.005165916558307849,0.005190095338289787,0.004852100000334758
5.499945,0.004852100000334758,0.006406100000276638,0.006299739449425749,0.006846155944370625,0.004852100000334758
5.519945,0.010292100000242499,0.007262100000298232,0.006610282107006314,0.006846132634313983,0.006992100000388746
5.539944,0.009322100000190403,0.005824100000290855,0.005976620243345653,0.006256878555065192,0.006992100000388746
5.559944,0.006992100000388746,0.0045021000002634535,0.004538640989760255,0.004701610489790602,0.006992100000388746
5.579944,-0.002337899999702131,0.0024041000002853253,0.002657555856282233,0.0024962025643756307,-0.00019789999964814342
5.599944,-0.0017578999998022482,0.00018810000028679497,0.0007891046179866482,0.0007099321681021059,-0.0017578999998022482
5.619944,-0.00019789999964814342,-0.0016778999997313804,-0.0006737462524848177,-0.0017194384612687487,-0.0017578999998022482
5.639943,-0.0017578999998022482,-0.0011338999997406063,-0.0015190377682602375,-0.0017366645684852842,-0.0017578999998022482
5.659943,-0.002337899999702131,-0.0012498999997205829,-0.0017530414992346908,-0.0018997414915654747,-0.0017578999998022482
5.679943,0.0003821000002517394,-0.0005498999997143982,-0.001556972173521922,-0.0005600212118430246,-0.0017578999998022482
5.699943,-0.002337899999702131,-0.0011318999997001812,-0.0011937039807125645,-0.000843051514855707,-0.002337899999702131
5.719943,0.0033021000003827794,-0.00027789999971901126,-0.0009052288938079069,-0.0005746132864236982,0.0003821000002517394
5.739942,-0.004667899999731162,-0.0011338999996951316,-0.0008366246289103838,-0.0007200445218359711,-0.002337899999702131
5.759942,0.001932100000203718,-0.0005898999997043574,-0.0010069489463648295,-0.0012184361302534738,0.0003821000002517394
5.779942,-0.003897899999628862,-0.0021838999997271457,-0.0013276059934616594,-0.0016364547782666745,-0.003897899999628862
5.799942,0.0003821000002517394,-0.001601899999741363,-0.0016527018198522526,-0.0018237974356340157,-0.0017578999998022482
5.819942,-0.004667899999731162,-0.0020278999997117354,-0.0018389024897296014,-0.002485452447293868,-0.0017578999998022482
5.839942,-0.0017578999998022482,-0.0015998999997464125,-0.0017932754166392912,-0.0016317927736132602,-0.0017578999998022482
5.859941,-0.00019789999964814342,-0.001715899999726389,-0.0014942752030812705,-0.0012505806523974003,-0.0017578999998022482
5.879941,-0.0017578999998022482,-0.00023989999972400254,-0.0009826487255369949,-0.00030314475498334774,-0.00019789999964814342
5.899941,-0.00019789999964814342,0.0004981000002771907,-0.0003319730195262797,-0.0005959419577774913,-0.00019789999964814342
5.91994,0.0027121000002807705,0.00018610000024636973,0.00038372059310292023,0.0006173913755474424,-0.00019789999964814342
5.93994,0.001932100000203718,0.0006141000002571672,0.0011086539967920426,0.0010673214454747077,0.0003821000002517394
5.95994,-0.0017578999998022482,0.0019361000002390937,0.0018030080577035481,0.0012637083918385925,0.001932100000203718
5.97994,0.0003821000002517394,0.0019361000002390937,0.0024275278513274114,0.0023563424244954774,0.001932100000203718
5.99994,0.006412100000261489,0.0020921000002545043,0.0029344461097444005,0.002907694405849353,0.0027121000002807705
6.01994,0.0027121000002807705,0.003842100000292703,0.0032788579552008633,0.0034709111890931952,0.0027121000002807705
6.039939,0.0027121000002807705,0.004308100000298509,0.003444792212460601,0.004204174592381519,0.0027121000002807705
6.059939,0.006992100000388746,0.0035681000003023656,0.003464792388978069,0.0032387200469259398,0.0027121000002807705
6.079939,0.0027121000002807705,0.003102100000296559,0.003413480749345283,0.003092239860425493,0.0027121000002807705
6.099939,0.0027121000002807705,0.0022081000002799555,0.0033706851407377973,0.002653032401205957,0.0027121000002807705
6.119939,0.0003821000002517394,0.0031021000002510847,0.0033700881709323284,0.004143055711231445,0.0027121000002807705
6.139939,-0.0017578999998022482,0.0032961000002615037,0.0033653886130390106,0.003551587179746762,0.0027121000002807705
6.159938,0.01146210000024439,0.0037241000002723014,0.00324267909771954,0.0021052235433798995,0.0036821000003328663
6.179938,0.0036821000003328663,0.0022861000002649236,0.002878270305900986,0.003135200233379164,0.0036821000003328663
6.199938,0.004852100000334758,0.0025981000002957442,0.0022056789671928523,0.002516202564386617,0.0036821000003328663
6.219938,-0.00680789999978515,0.0015861000003042137,0.0012492145971797293,0.0016754100236026667,0.0036821000003328663
6.239937,-0.00019789999964814342,-0.0005138999997143401,0.00011304964556616852,8.04405624607127e-06,-0.00019789999964814342
6.259937,0.006402100000286737,-0.001951899999721718,-0.001051042936772575,-0.001563144754950408,-0.002337899999702131
6.279937,-0.006817899999759902,-0.0010578999997051142,-0.0020726835046569435,-0.0017086925405229276,-0.002337899999702131
6.299937,-0.002337899999702131,-0.0009418999997251376,-0.0027862332246266107,-0.00270006783188628,-0.002337899999702131
6.319937,-0.002337899999702131,-0.0035858999997344654,-0.003057968448647305,-0.0027833778552027394,-0.002337899999702131
6.339936,0.0003821000002517394,-0.0030018999997082573,-0.0028195406204120973,-0.0025928417246775482,-0.002337899999702131
6.359936,-0.006817899999759902,-0.0021478999997270876,-0.002100135847241368,-0.0026803941722061105,-0.002337899999702131
6.379936,-0.003897899999628862,-0.00028189999970891223,-0.0010431435617468668,-0.001046011887812463,0.0003821000002517394
6.399936,0.001932100000203718,-0.0011378999996850326,0.00011035171011126662,-0.000133098134897526,-0.003897899999628862
6.419935,0.006992100000388746,0.000768100000323102,0.0010793565424997759,0.001395782983999496,0.001932100000203718
6.439935,-0.003897899999628862,0.002518100000315826,0.0016254097407058452,0.0012936384618838998,0.0027121000002807705
6.459935,0.0027121000002807705,0.002090100000350503,0.0016252045567705501,0.0020784636367145864,0.0027121000002807705
6.479935,0.004852100000334758,-0.0005538999996588245,0.001105228112434988,0.0016865055947364754,-0.00020789999962289585
6.499935,-0.00020789999962289585,0.0006121000003076916,0.0002291489860493417,-0.0006617694635458608,0.001932100000203718
6.519934,-0.006227899999657893,-0.00028189999970891223,-0.0007558196355712808,-0.001129881351708681,-0.00020789999962289585
6.539934,0.001932100000203718,-0.0026158999997278444,-0.001594758556135294,-0.0009083195801481993,-0.0017578999998022482
6.559934,-0.0017578999998022482,-0.0017218999997567152,-0.002095753578441069,-0.0022038673657142783,-0.0017578999998022482
6.579934,-0.006817899999759902,-0.001255899999750909,-0.0021728994280694122,-0.0028823988342572696,-0.0017578999998022482
6.599934,0.004262100000232749,-0.001993899999752102,-0.0018543608067833912,-0.0012869442888017294,-0.0017578999998022482
6.619934,-0.003897899999628862,-0.0016838999997162319,-0.0012613700672172842,-0.000811746153564723,-0.0017578999998022482
6.639934,-0.0017578999998022482,0.0006501000003027002,-0.0005693769317112269,-0.0011878300696208043,-0.00020789999962289585
6.659933,-0.00020789999962289585,-0.000981899999669622,3.833528151336148e-05,0.0003326361308459742,-0.0017578999998022482
6.679933,0.004852100000334758,0.000184100000296894,0.00041695756237014803,0.000526715384938204,-0.00020789999962289585
6.699933,-0.003897899999628862,0.0010781000003134977,0.0004977552603087917,0.0002706081588161348,0.001932100000203718
6.719933,0.001932100000203718,0.00034010000031230446,0.00030589998259645477,0.0008549205131277281,0.001932100000203718
6.739932,0.0027121000002807705,-0.00024389999971390352,-4.908214546178912e-05,-0.00024328461508141692,0.001932100000203718
6.759932,-0.003897899999628862,-0.00024389999971390352,-0.0004096135063699051,-0.00040288834470831333,0.001932100000203718
6.779932,0.001932100000203718,-0.0009818999997150968,-0.0006244541562088215,-0.00109645477826633,-0.0017578999998022482
6.799932,-0.003897899999628862,-0.0007878999997046777,-0.0006047086406112502,-0.0005903009321189075,-0.0017578999998022482
6.819932,-0.0017578999998022482,-0.0004758999997193314,-0.00035939161400329523,-0.0007047298365482919,-0.0017578999998022482
6.839931,0.0036821000003328663,-0.0004758999997193314,7.617570490610386e-06,-0.00012554568736626657,-0.0017578999998022482
6.859931,-0.002337899999702131,0.0008461000002625951,0.0003415849825069254,0.0006656664338442505,0.001932100000203718
6.879931,0.001932100000203718,0.0011561000002984656,0.0005047781127230415,0.0006834053616004027,0.001932100000203718
6.899931,0.0027121000002807705,0.00026210000028186186,0.00043968986289958994,0.0010356198137958742,-0.00020789999962289585
6.91993,-0.00020789999962289585,0.000806100000272636,0.00020056094977264857,0.0003564123545971492,0.0003821000002517394
6.93993,-0.0007878999997501523,6.81000002714427e-05,-6.208937912984828e-05,9.149393965857708e-05,-0.00020789999962289585
6.95993,0.0003821000002517394,-0.0003978999997343635,-0.00016072728160016373,-0.00012218904404300848,-0.00020789999962289585
6.97993,-0.0017578999998022482,3.0100000230959267e-05,4.813065447350901e-05,-0.00039822634007609945,0.0003821000002517394
6.99993,0.0003821000002517394,-0.00016389999977945991,0.0005930773630598595,-0.0006647531466174126,0.0003821000002517394
7.01993,0.001932100000203718,0.0007301000002371439,0.0013564192295543165,0.0010803983685069545,0.0003821000002517394
7.039929,-0.0017578999998022482,0.001468100000238337,0.0020989243377926774,0.0021989298370499516,0.001932100000203718
7.059929,0.004852100000334758,0.0032561000002260697,0.002539827653656566,0.003318020746158927,0.001932100000203718
7.079929,0.001932100000203718,0.002828100000260747,0.002470744034446775,0.003079186247347597,0.001932100000203718
7.099929,0.009322100000190403,0.0031381000002966173,0.001861449546431683,0.0024006081587952042,0.001932100000203718
7.119929,-0.00020789999962289585,0.0009221000002980872,0.0009049852818604024,0.00129603939425174,-0.00020789999962289585
7.139929,-0.00020789999962289585,0.0004941000003327644,-3.454150525596792e-05,-0.0005474104891788102,-0.00020789999962289585
7.159928,-0.006227899999657893,-0.0018398999996406928,-0.0005623981164540696,-0.0015255223772730256,-0.00020789999962289585
7.179928,-0.00020789999962289585,-0.0018398999996406928,-0.00042138678074031554,-0.0005597414914633098,-0.00020789999962289585
7.199928,-0.0023478999996768835,0.00037610000035783744,0.0003939253879136095,-0.0003720258737594603,-0.00020789999962289585
7.219928,-0.00020789999962289585,0.0029021000003467633,0.0016333862759423108,0.002105456643700393,-0.00020789999962289585
7.239928,0.010872100000369755,0.0030201000003216905,0.002898441683657371,0.003116155944380837,0.0003821000002517394
7.259927,0.006402100000286737,0.004460100000324018,0.0038053446346067977,0.0048447107229349995,0.004852100000334758
7.279927,0.0003821000002517394,0.004578100000298946,0.004124082047636369,0.0046481606063701955,0.004852100000334758
7.299927,0.004852100000334758,0.0033741000002919463,0.0038336248010707014,0.0038293494175370103,0.004852100000334758
7.319927,0.0003821000002517394,0.0017421000002741493,0.003086331536466971,0.0023747340329042525,0.0003821000002517394
7.339926,0.004852100000334758,0.0013141000002633517,0.002118447126484366,0.0011418435899894347,0.0003821000002517394
7.359926,-0.0017578999998022482,0.0008861000002525543,0.0011547601387490662,0.0012162025643530643,0.0003821000002517394
7.379926,-0.0017578999998022482,0.00119610000024295,0.0003425770380307879,0.0001666454548032058,0.001932100000203718
7.399926,0.0027121000002807705,-0.000553899999749774,-0.0002685352115549458,-0.0010119559438091117,-0.0017578999998022482
7.419926,0.001932100000203718,-0.0011378999997305073,-0.0007039598654843119,0.0005091163172701479,-0.0017578999998022482
7.439925,-0.003897899999628862,6.610000027649222e-05,-0.0010180684488574328,-0.000391046852878168,0.001932100000203718
7.459925,-0.0046778999997059145,0.0004941000002872898,-0.0012499237776585424,-0.0006087391605423841,0.001932100000203718
7.479925,0.004262100000232749,-0.002149899999676563,-0.001396311971280177,-0.0015943335661129457,-0.003897899999628862
7.499925,0.004852100000334758,-0.0018398999996861675,-0.0014095271733867915,-0.0025875969693681233,-0.0023478999996768835
7.519925,-0.011287899999615547,-0.0009458999996695639,-0.0012253113434286071,-0.0014931447549140775,-0.00020789999962289585
7.539925,-0.0023478999996768835,-0.0012558999996599596,-0.0008133716326787387,-0.0003651727269384558,-0.00020789999962289585
7.559924,-0.00020789999962289585,-0.0009458999996695639,-0.00021753263944747844,0.0003886967369420636,-0.00020789999962289585
7.579924,0.0027121000002807705,0.0012701000003289664,0.0004517253801159531,8.004871828041246e-05,-0.00020789999962289585
7.599924,0.006402100000286737,0.002126100000305087,0.001073833060857329,0.0003059927741866738,0.001932100000203718
7.619924,-0.00020789999962289585,0.0018161000002692163,0.0015819282116317783,0.002613661771835088,0.001932100000203718
7.639924,0.001932100000203718,0.00135010000026341,0.001985812928377895,0.002302822610988356,0.0003821000002517394
7.659924,-0.0017578999998022482,0.0018161000002692163,0.002341443780714189,0.0019395825177468502,0.0003821000002517394
7.679923,0.0003821000002517394,0.0024001000002499494,0.002696644112058906,0.002698883217040653,0.001932100000203718
7.699923,0.008732100000315768,0.00255610000026536,0.0030556839547899515,0.0023083937065554562,0.0027121000002807705
7.719923,0.0027121000002807705,0.004304100000263133,0.0033822255759826747,0.003739209557363967,0.0027121000002807705
7.739923,0.0027121000002807705,0.003758100000277409,0.00362632604258115,0.0035147107228764877,0.0027121000002807705
7.759922,0.00698210000018662,0.0034081000002515794,0.003747891237119076,0.003994664102821222,0.0027121000002807705
7.779922,-0.0023478999996768835,0.002942100000245773,0.0037223189378578704,0.0043005382286900136,0.0027121000002807705
7.799922,0.00698210000018662,0.0036801000002469665,0.0035348838663632797,0.0026422631704193953,0.006402100000286737
7.819921,0.0003821000002517394,0.0030201000002762156,0.003179204185039988,0.003111587179742516,0.0036821000003328663
7.839921,0.006402100000286737,0.0025541000002704097,0.0026673622582840347,0.002922449650619285,0.0036821000003328663
7.859921,0.0036821000003328663,0.0022441000002800136,0.002043992547841872,0.0020157829839764726,0.0036821000003328663
7.879921,-0.0046778999997059145,0.002126100000305087,0.0013890618001017553,0.0017324962706931875,0.0036821000003328663
7.899921,0.005432100000234641,0.0003761000003123627,0.0008019359410836527,0.0005274379956536898,-0.00020789999962289585
7.91992,-0.00020789999962289585,-0.0002858999996988132,0.00037352789496899596,0.0006515405597418502,-0.00020789999962289585
7.93992,-0.0023478999996768835,0.0011921000002985238,0.00015949915299963188,-8.223566403149868e-05,0.000372100000276987
7.95992,0.000372100000276987,0.00018010000030699302,0.0001644875622232443,0.00028018857839303654,0.000372100000276987
7.97992,0.0027121000002807705,0.00018010000030699302,0.0003421875555863872,0.0006008645690734922,0.000372100000276987
7.99992,0.000372100000276987,0.0007241000002977671,0.0006098573373245601,9.872004691944083e-05,0.000372100000276987
8.01992,-0.00020789999962289585,0.0007241000002977671,0.0008695757275479498,0.00047247296065941545,0.000372100000276987
8.039919,0.000372100000276987,0.0007241000002977671,0.001029266259496523,0.001495759673957503,0.000372100000276987
8.059919,0.000372100000276987,0.0006081000003177906,0.0010236986236566482,0.0011917503499668258,0.000372100000276987
8.079919,0.0027121000002807705,0.0016181000003143708,0.0008380585158923971,0.0004101885784236342,0.000372100000276987
8.099919,-0.00020789999962289585,0.000764100000333201,0.0005287244442664915,0.0010371349653670908,0.000372100000276987
8.119919,0.004842100000360006,0.0004541000003428053,0.0002260608997543535,0.000492333100554745,-0.00020789999962289585
8.139918,-0.003897899999628862,0.000764100000333201,0.00010467480480358683,0.0006938482520778783,-0.00020789999962289585
8.159918,-0.0011778999996749917,0.0003361000003224035,0.0003217267796745785,0.00013881328705932775,-0.0011778999996749917
8.179918,0.004262100000232749,0.0003361000003224035,0.0009445783632259339,0.00032920955743600167,-0.0011778999996749917
8.199918,-0.0023478999996768835,0.0010741000003235968,0.0018995699589764601,0.0006972515154571788,-0.00020789999962289585
8.219918,0.004842100000360006,0.002706100000295919,0.002967368896696358,0.0025759228441410904,0.004262100000232749
8.239917,-0.00020789999962289585,0.0028221000003213702,0.003834664664141965,0.0046385102567304305,0.004842100000360006
8.259917,0.00698210000018662,0.005466100000330698,0.004194279927507719,0.005006179254390189,0.004842100000360006
8.279917,0.004842100000360006,0.004146100000298247,0.0038651616406399567,0.00474727482548593,0.004842100000360006
8.299917,0.010872100000369755,0.0038361000002623768,0.0028835602323656092,0.0029515871797685805,0.004842100000360006
8.319916,-0.0017578999998022482,0.0015041000002838701,0.0015132546621043552,0.0005647340328926642,-0.0017578999998022482
8.339916,-0.0017578999998022482,-0.001255899999750909,0.0001526071286509848,-0.0008626319344937531,-0.0017578999998022482
8.359916,-0.0046778999997059145,-0.0025778999997783103,-0.0008267877483558109,-0.0012177834496448427,-0.0017578999998022482
8.379916,-0.00895789999981389,-0.001373899999771311,-0.0012271087797966747,-0.00010200256388682401,-0.0017578999998022482
8.399916,0.004262100000232749,0.0007241000002522924,-0.0010751300305815894,-0.0013479699298264685,0.004262100000232749
8.419916,0.004262100000232749,0.0011901000002580986,-0.0005530634878717592,-0.0004132613050773443,0.004262100000232749
8.439915,0.008732100000315768,0.0007241000002977671,0.0001349138113844546,0.00023333543152144004,0.004262100000232749
8.459915,-0.0023478999996768835,0.0007241000002977671,0.0008638876122205289,0.0013384403266235316,0.004262100000232749
8.479915,-0.011287899999615547,0.0012681000002885412,0.001596167806414163,0.0027772048954062723,0.004262100000232749
8.499915,0.004262100000232749,0.000802100000282735,0.00231908043165388,0.0015826361308260912,0.004262100000232749
8.519915,0.00698210000018662,0.002552100000275459,0.0029896158550052456,0.0018869484851227435,0.006402100000286737
8.539914,0.006402100000286737,0.004458100000238119,0.003537382078960329,0.002580771328921683,0.006402100000286737
8.559914,0.006402100000286737,0.004458100000238119,0.003908844932336099,0.004301796969934447,0.006402100000286737
8.579914,-0.0017578999998022482,0.003914100000247345,0.004100562650602806,0.00581300909112387,0.004262100000232749
8.599914,0.004262100000232749,0.003486100000236547,0.004153210595769956,0.004185340093482741,0.004262100000232749
8.619914,0.004262100000232749,0.0037981000002218933,0.004121524781351346,0.0029125662007120274,0.004262100000232749
8.639914,0.004262100000232749,0.004108100000257764,0.004050909476976174,0.003599186247329535,0.004262100000232749
8.659913,0.007962100000213468,0.003642100000251958,0.003973980265700267,0.004173079021223475,0.004262100000232749
8.679913,-0.00020789999962289585,0.004846100000258957,0.003917684471501204,0.004934617482774299,0.004262100000232749
8.699913,0.001932100000203718,0.004378100000258201,0.003907072662637947,0.003928650116812783,0.001932100000203718
8.719913,0.010282100000267747,0.0033261000002767103,0.003961691798830771,0.004022030070199189,0.001932100000203718
8.739912,0.0019221000002289657,0.0039081000002624934,0.004087031544279456,0.0036506081587853916,0.002702100000306018
8.759912,0.002702100000306018,0.004802100000279097,0.004262111667316267,0.003925293473479985,0.002702100000306018
8.779912,0.002702100000306018,0.0032861000002867512,0.004427197384834263,0.004538813286993666,0.002702100000306018
8.799912,0.006402100000286737,0.004182100000298306,0.004484527755482624,0.0041611675993569654,0.002702100000306018
8.819911,0.002702100000306018,0.004026100000282895,0.0043244623074697825,0.003598603496790126,0.002702100000306018
8.839911,0.006402100000286737,0.004338100000268241,0.0038737049904239325,0.004831377389555298,0.004262100000232749
8.859911,0.0019221000002289657,0.0035981000002720974,0.0031449743027366643,0.003910398368562595,0.002702100000306018
8.879911,0.004262100000232749,0.003442100000256687,0.0022619113979928515,0.0029081839163445176,0.002702100000306018
8.899911,0.002702100000306018,0.0012261000002581567,0.0014399104965872034,0.0011680673662318036,0.0019221000002289657
8.91991,0.0019221000002289657,0.0009161000002677611,0.0009188469683531712,-9.148974332846507e-05,0.0019221000002289657
8.93991,-0.0046778999997059145,-9.589999972376972e-05,0.0008652951763270274,4.4967133135287115e-05,0.000372100000276987
8.95991,0.000372100000276987,0.0002161000002615765,0.001284782607864205,0.0016659461541118099,0.000372100000276987
8.97991,-0.0007978999997249048,0.002122100000269711,0.0019940191421033023,0.002132915851072782,0.000372100000276987
8.99991,0.004262100000232749,0.003910100000257444,0.0026822862421880186,0.003001354079514243,0.004262100000232749
9.019909,0.011452100000269638,0.00336610000026667,0.003042728451540067,0.003215876224057111,0.004262100000232749
9.039909,0.004262100000232749,0.0034841000002870715,0.002907382174559331,0.0028672048953915777,0.004262100000232749
9.059909,-0.0023478999996768835,0.002162100000305145,0.002312030556577841,0.0023501419583329265,-0.00020789999962289585
9.079909,-0.00020789999962289585,-5.3899999693385324e-05,0.001461104203766602,0.0019143377625525817,-0.00020789999962289585
9.099909,-0.0023478999996768835,0.0003741000003174122,0.000626843945888211,0.00047589953411443807,-0.00020789999962289585
9.119909,0.000372100000276987,0.0008021000003282097,4.869109913956529e-05,-0.0005906272724126236,-0.00020789999962289585
9.139908,0.006402100000286737,0.0004901000002973888,-0.00012257884504703054,0.00011165710988532201,-0.00020789999962289585
9.159908,-0.00020789999962289585,0.0009181000003081862,0.00016174109696955537,0.0005946874128955014,-0.00020789999962289585
9.179908,-0.0017678999997770006,0.0010741000003235968,0.0008480270077378535,-1.918205096906788e-05,-0.00020789999962289585
9.199908,-0.00020789999962289585,0.00017810000031204254,0.0017769863158524385,0.001760305128511866,-0.00020789999962289585
9.219908,0.0011521000003540394,0.0011881000003086228,0.002693596699676762,0.002497507925714267,0.0011521000003540394
9.239907,0.0019221000002289657,0.004142100000308346,0.003300005099713824,0.003274197902410154,0.0019221000002289657
9.259907,0.004842100000360006,0.004142100000308346,0.0033580432394999023,0.004360258508479469,0.0019221000002289657
9.279907,0.013002100000221617,0.0038701000003129593,0.0028050220139651115,0.0035698156180314707,0.0019221000002289657
9.299907,-0.00020789999962289585,0.002550100000325983,0.0018160577129192074,0.001645293473496962,-0.00020789999962289585
9.319906,-0.00020789999962289585,0.0005281000002923975,0.0007575890163839491,0.0002601885783974203,-0.00020789999962289585
9.339906,-0.0046778999997059145,-0.002113899999676505,3.475585376872595e-05,0.00015226317047631354,-0.00020789999962289585
9.359906,-0.0052678999998079235,-0.0007918999996945786,-9.502910393513508e-05,-0.0009584361302283196,-0.00020789999962289585
9.379906,-0.00020789999962289585,0.000530100000287348,0.000358632978455071,-0.0009731913749791714,-0.00020789999962289585
9.399906,0.006402100000286737,0.0009961000002931542,0.0011315433313965554,0.001344314452490247,-0.00020789999962289585
9.419906,0.006402100000286737,0.002902100000301289,0.0018370161154855724,0.0023633121214830886,0.004262100000232749
9.439905,-0.0023478999996768835,0.003328100000271661,0.0021421763005061195,0.0035028226110056706,0.004262100000232749
9.459905,0.004262100000232749,0.0020061000002897346,0.001902797694838369,0.002561377389583069,0.0019221000002289657
9.479905,0.0019221000002289657,0.0006841000003078079,0.0012087009254729078,0.0016391629373665342,-0.00020789999962289585
9.499905,-0.00020789999962289585,0.0003721000003224617,0.00033800813386560387,3.2892541125101294e-05,-0.00020789999962289585
9.519905,-0.00020789999962289585,6.010000033711549e-05,-0.0003532393842434694,-0.0018636109553698068,-0.00020789999962289585
9.539904,-0.0039078999996036146,-0.001261899999644811,-0.0005664745673663646,-0.0009410934728669071,-0.00020789999962289585
9.559904,0.002702100000306018,-0.001573899999675632,-0.0001754484173920343,-0.0003255456873250736,-0.0017678999997770006
9.579904,-0.004687899999680667,0.0010681000002932706,0.0007211396545493776,0.0003922398604661712,-0.0017678999997770006
9.599904,-0.0017678999997770006,0.002818100000285995,0.0018335645194370804,0.0021797689979671693,0.002702100000306018
9.619904,0.013002100000221617,0.002234100000305261,0.002795841184696728,0.0035951769233674353,-0.00021789999959764828
9.639903,0.004842100000360006,0.004568100000278718,0.0033176299702545966,0.00477473403290496,0.004842100000360006
9.659903,-0.00021789999959764828,0.0049961000002895165,0.0033025378218425987,0.00301659883478835,0.004842100000360006
9.679903,0.00698210000018662,0.0020421000002897927,0.00287314816942658,0.002583778321970375,0.000372100000276987
9.699903,0.000372100000276987,-0.0001738999997087376,0.002292644028644846,0.0014338249420021178,-0.00021789999959764828
9.719903,-0.0017678999997770006,0.001266100000248116,0.0018270478827082431,0.0004238948720566315,0.000372100000276987
9.739902,-0.006237899999632646,0.001266100000248116,0.0016206986863701795,0.002067624475763399,0.000372100000276987
9.759902,0.00698210000018662,0.0021601000002647195,0.0016508122768043648,0.00218596946413184,0.004842100000360006
9.779902,0.00698210000018662,0.0027821000002859362,0.0017829939767672934,0.0014987200469167613,0.004842100000360006
9.799902,0.004842100000360006,0.0032481000002917426,0.0018853428524081338,0.0025460627042604086,0.004842100000360006
9.819902,0.0013421000003290828,0.0022361000003002117,0.00192044631415441,0.00269823053642036,0.0019221000002289657
9.839901,-0.0039078999996036146,0.0016921000003094378,0.001957500819919802,0.002619838928029508,0.0019221000002289657
9.859901,0.0019221000002289657,0.0011081000002832297,0.0021106511538565476,0.0012300254082226296,0.0019221000002289657
9.879901,0.004262100000232749,0.0018081000002894143,0.0024574192161271467,0.0017524729606639615,0.0019221000002289657
9.899901,0.0019221000002289657,0.003442100000256687,0.0029892409751160185,0.002413988112160456,0.004262100000232749
9.9199,0.004842100000360006,0.004026100000282895,0.0036112744662943528,0.003866762004938881,0.004262100000232749
9.9399,0.004262100000232749,0.003714100000297549,0.004177847819092415,0.004505456643639619,0.004262100000232749
9.9599,0.004842100000360006,0.004608100000314153,0.004540667287717371,0.004908580186788431,0.004842100000360006
9.9799,0.002702100000306018,0.004180100000303355,0.00459254352488697,0.00412962913784566,0.004262100000232749
9.9999,0.006392100000311984,0.004606100000319202,0.004298050804019278,0.005034011422235829,0.004842100000360006
10.0199,0.002702100000306018,0.0031681000003118244,0.003707364721200853,0.0034066920748973563,0.002702100000306018
10.039899,0.006392100000311984,0.0039061000003130174,0.002949737309694203,0.002517368065588396,0.006392100000311984
10.059899,-0.0023478999996768835,0.0012641000002986402,0.0022040367099753987,0.0015133587415593073,0.002702100000306018
10.079899,0.006392100000311984,0.0016921000003094378,0.0016511674710629972,0.0024710510492436267,0.004842100000360006
10.099899,-0.006817899999759902,0.0012661000002935907,0.0014245497322155827,0.0016763191145126423,0.004262100000232749
10.119899,0.004842100000360006,0.003482100000292121,0.0015802569188216196,0.0017675778557821316,0.004842100000360006
10.139898,0.004262100000232749,0.0014221000003090012,0.0020989472472483697,0.0021599787881983043,0.004262100000232749
10.159898,0.008732100000315768,0.0037541000003329826,0.002909398311016051,0.0029038715620838614,0.004842100000360006
10.179898,-0.0039078999996036146,0.004064100000323379,0.003907254870342612,0.003506575524799459,0.004842100000360006
10.199898,0.004842100000360006,0.004064100000323379,0.004953539741351179,0.005452216550461009,0.004842100000360006
10.219898,0.006392100000311984,0.0044901000003392255,0.005867732711409026,0.005470841259064665,0.004842100000360006
10.239897,0.004262100000232749,0.006550100000322345,0.006445141994966353,0.005891796970019703,0.006392100000311984
10.259897,0.010862100000395003,0.0067441000002872896,0.006510001940076541,0.006327065035273751,0.006392100000311984
10.279897,0.006392100000311984,0.005734100000290709,0.005983633231100527,0.006411190909371671,0.005812100000184728
10.299897,0.005812100000184728,0.005422100000305363,0.004930125101092375,0.005445829604016517,0.005812100000184728
10.319897,0.0013421000003290828,0.0028961000002709625,0.0035515312968573388,0.0035115405597265182,0.002702100000306018
10.339896,0.002702100000306018,0.002586100000280567,0.002131756454441762,0.002051214219406234,0.002702100000306018
10.359896,-0.0017678999997770006,0.0003301000002920773,0.0009537304245060327,0.0007313540795324731,0.0013421000003290828
10.379896,0.004842100000360006,0.0006021000002874643,0.00022249539264275554,-0.00019622167804402122,0.002702100000306018
10.399896,-0.005467899999757719,0.00044610000027205387,1.763876227923317e-05,2.534009351805029e-05,0.0019221000002289657
10.419895,0.002702100000306018,0.00044610000027205387,0.0002840924980741349,0.00040091118907108626,0.0019221000002289657
10.439895,0.0019221000002289657,0.0007561000002624496,0.0008594542778265395,0.001350701398880148,0.0019221000002289657
10.459895,-0.0017678999997770006,0.00211810000027981,0.0015280175812287708,0.002029093007279392,0.0019221000002289657
10.479895,0.006392100000311984,0.0025461000002906077,0.0020847363273673097,0.0017519601401434263,0.0019221000002289657
10.499895,0.0013421000003290828,0.0018081000002894143,0.002388728685472258,0.0022455965037890694,0.0013421000003290828
10.519895,0.004842100000360006,0.0022361000003002117,0.0023884773953931457,0.002475713053890681,0.0013421000003290828
10.539894,-0.0017678999997770006,0.0013421000002836081,0.002111429358762366,0.0020799554781342896,0.0013421000003290828
10.559894,0.000372100000276987,0.002158100000269769,0.0016278845680955901,0.0015523097904893964,0.0019221000002289657
10.579894,0.0019221000002289657,-5.7899999728761034e-05,0.0010122604746321535,0.00035545664365286135,0.000372100000276987
10.599894,0.0054221000002598885,0.00025210000030710943,0.00032089479866680257,0.0009354333336402664,0.000372100000276987
10.619894,-0.006237899999632646,0.0001341000003321824,-0.0004121096858601009,-0.001034986246773319,-0.00021789999959764828
10.639893,-0.00021789999959764828,-0.0006038999996690108,-0.0011709707589284176,-0.0010623755241533355,-0.00021789999959764828
10.659893,-0.00021789999959764828,-0.0037918999996691127,-0.0019518387021674717,-0.0017956855474531807,-0.0017678999997770006
10.679893,-0.0017678999997770006,-0.00200389999968138,-0.002752127996442177,-0.0025489955707512914,-0.00021789999959764828
10.699893,-0.01051789999974062,-0.002741899999682573,-0.00355472554655984,-0.004190370862149971,-0.0017678999997770006
10.719893,0.002702100000306018,-0.004063899999709975,-0.004310543609447259,-0.003309298601100015,-0.0039078999996036146
10.739892,-0.0039078999996036146,-0.0055018999997173525,-0.004926536234588057,-0.005099648251475886,-0.0068278999997346546
10.759892,-0.0068278999997346546,-0.0033238999997138308,-0.005270747064730388,-0.0056765013983418044,-0.0039078999996036146
10.779892,-0.00895789999981389,-0.005655899999737812,-0.005203091542050803,-0.005053401165228961,-0.0068278999997346546
10.799892,0.000372100000276987,-0.004799899999761692,-0.004624212253196724,-0.003089718181569944,-0.0068278999997346546
10.819891,-0.00895789999981389,-0.0028938999997535574,-0.0035197337549831504,-0.00439354102540238,0.000372100000276987
10.839891,0.000372100000276987,-0.0007178999997449864,-0.0019799575376180964,-0.0028810934729552036,0.000372100000276987
10.859891,0.002702100000306018,-0.0020398999997269128,-0.00019033527651573744,8.014195832359641e-05,0.000372100000276987
10.879891,0.0019221000002289657,0.0014961000003040682,0.0015989993538582394,0.0019704682986834447,0.0019221000002289657
10.899891,-0.006237899999632646,0.0035941000003276713,0.0031149294591750103,0.0022841512823763583,0.002702100000306018
10.919891,0.008722100000341015,0.003128100000321865,0.0041131719611025705,0.004791913520131175,0.0019221000002289657
10.93989,0.010862100000395003,0.003128100000321865,0.004441291800705895,0.0037893494175547894,0.0019221000002289657
10.95989,0.000372100000276987,0.005770100000290768,0.0040972063327416,0.004127554545769416,0.006972100000211867
10.97989,0.0019221000002289657,0.0032441000003018416,0.003250642369718861,0.00434517692337925,0.0019221000002289657
10.99989,0.006972100000211867,0.0020401000002948423,0.0022052948461046733,0.0032921466203442965,0.0019221000002289657
11.019889,-0.0039078999996036146,0.0016121000002840447,0.0013090347343393453,0.00016457086276512167,0.0019221000002289657
11.039889,0.004842100000360006,0.0004461000003175286,0.0008412154007574433,-0.00034610512790680796,-0.0017678999997770006
11.059889,-0.0017678999997770006,-0.0005638999996790516,0.000913069554272321,0.0002338249420319747,-0.0017678999997770006
11.079889,-0.0039078999996036146,0.0014961000003040682,0.0014176924833273492,0.001116995105205806,0.0019221000002289657
11.099889,0.0019221000002289657,0.0013781000002836663,0.0020595751146758722,0.002740072028278645,0.0019221000002289657
11.119889,0.006392100000311984,0.0034761000003072696,0.0024701224947840574,0.00409240303059694,0.004252100000257997
11.139888,0.004252100000257997,0.004526100000293809,0.0023731439025027885,0.002358533566738329,0.004252100000257997
11.159888,0.008722100000341015,0.002466100000310689,0.0017240863458971535,0.002158603496809525,0.004252100000257997
11.179888,0.0013421000003290828,-0.00017789999969863857,0.0007433907270110985,0.0009988365970313245,0.0013421000003290828
11.199888,-0.008377899999686633,-0.0006438999997044447,-0.00018620356982570075,-0.0011502310020345147,0.0013421000003290828
11.219887,-0.0068278999997346546,-0.0023158999997122008,-0.000709197405188131,-0.0017891587409709438,0.00036210000030223455
11.239887,0.0019221000002289657,-0.0021998999997322245,-0.0006678252441091171,-0.0012762682980917426,0.00036210000030223455
11.259887,0.00036210000030223455,0.0007541000002674991,-0.00015894012703862663,-0.00040270186454562443,0.0019221000002289657
11.279887,0.0019221000002289657,0.0025041000002602233,0.0005440327987130087,0.0011772515154182062,0.0019221000002289657
11.299887,0.006392100000311984,0.002192100000274877,0.0011463254185354451,0.002768999767160909,0.0019221000002289657
11.319886,0.0019221000002289657,0.0016481000002841028,0.0014731038961797531,0.002332869231056108,0.0019221000002289657
11.339886,0.00036210000030223455,0.0016481000002841028,0.0015269926620903205,0.0010316337998315835,0.0019221000002289657
11.359886,-0.002357899999651636,0.0003261000003021763,0.0014459861373822863,0.000777741025928976,0.00036210000030223455
11.379886,0.0019221000002289657,0.0003261000003021763,0.0014000739986225349,0.001492892541086479,0.00036210000030223455
11.399886,-0.00021789999959764828,0.0011041000002933287,0.0014899076236549974,0.0005126594408541462,0.0019221000002289657
11.419885,0.0019221000002289657,0.0025441000002956573,0.0016971942471043365,0.0008064822846957219,0.0019221000002289657
11.439885,0.004252100000257997,0.0009121000003233348,0.0019004771616917347,0.0024892328674521514,0.0019221000002289657
11.459885,0.004842100000360006,0.0019241000003148655,0.001936683394066331,0.002450141958354466,0.004252100000257997
11.479885,-0.006237899999632646,0.0028181000003314693,0.0016749168756070864,0.0014137550119865696,0.004842100000360006
11.499885,0.004842100000360006,0.0006021000003329391,0.001076010354351964,0.001767857576080226,0.004842100000360006
11.519885,0.006392100000311984,-0.0004098999996585917,0.00022466652046586202,0.0007976710959110194,-0.00021789999959764828
11.539884,-0.0068278999997346546,0.001378100000329141,-0.0006747890811021266,-0.0007722589740065762,0.002702100000306018
11.559884,-0.00021789999959764828,-0.0008378999996693892,-0.001346749193922657,-0.0017657088574705537,-0.00021789999959764828
11.579884,0.002702100000306018,-0.002897899999652509,-0.0015311426225145515,-0.0013547531465199483,-0.0039078999996036146
11.599884,-0.006237899999632646,-0.001147899999659785,-0.0010829368521382814,-0.0014693219110898995,-0.00021789999959764828
11.619884,-0.0039078999996036146,0.00017410000032214157,-4.6563779097733615e-05,-0.0007682729600417565,0.0019221000002289657
11.639883,0.0019221000002289657,0.0009121000003233348,0.0013314710422593237,0.0017654566436880056,0.0019221000002289657
11.659883,0.006392100000311984,0.0022321000003103107,0.0026701515268723105,0.0024844776226824123,0.0019221000002289657
11.679883,0.006392100000311984,0.00429210000029343,0.003582483390902005,0.0037600953382865886,0.006392100000311984
11.699883,0.00036210000030223455,0.00429210000029343,0.0038108549096791166,0.004152519580710111,0.006392100000311984
11.719882,0.006392100000311984,0.003086100000291481,0.0033123962368722527,0.003899885548069427,0.0019221000002289657
11.739882,0.0019221000002289657,0.0010261000003083608,0.0022665206614180316,0.0021517736599741414,0.00036210000030223455
11.759882,0.00036210000030223455,0.0018041000002995133,0.0010110291944333183,0.00022142400963108116,0.0019221000002289657
11.779882,-0.0039078999996036146,-0.00025589999968360643,-6.512694767961504e-05,0.00012774102597580062,0.00036210000030223455
11.799882,0.004252100000257997,-0.0006838999996489292,-0.0006358626608763694,-9.139650315383857e-05,-0.00021789999959764828
11.819882,-0.0039078999996036146,0.000212100000362625,-0.0005259458640039501,-0.001235568997314995,-0.00021789999959764828
11.839881,-0.00021789999959764828,0.0006401000003279477,0.0002462986045931362,-0.0001298114215565704,-0.00021789999959764828
11.859881,0.004842100000360006,0.00033010000033755204,0.0014765227074458325,0.001490048718273156,-0.00021789999959764828
11.879881,-0.0017678999997770006,0.002974100000301405,0.002828268376890561,0.003591610489797285,0.002702100000306018
11.899881,0.002702100000306018,0.004412100000263308,0.003923700755664419,0.004012636130818367,0.004842100000360006
11.91988,0.00931210000021565,0.004294100000242907,0.0044539565254034475,0.0043610510491952775,0.004252100000257997
11.93988,0.006972100000211867,0.0041761000002679795,0.004279495884565978,0.004033568531706929,0.004252100000257997
11.95988,0.004252100000257997,0.0032801000002564253,0.003481095776529088,0.003340444988602874,0.004252100000257997
11.97988,-0.002357899999651636,0.0023841000002903455,0.002333695810304403,0.0026215871797818265,0.004252100000257997
11.99988,-0.001777899999751753,0.0009461000003284425,0.0012127345970136536,0.0013012841495076335,-0.00021789999959764828
12.01988,0.004832100000385253,5.210000035731355e-05,0.0004780394451249734,0.0005200254082873776,-0.00021789999959764828
12.039879,-0.00021789999959764828,0.0014901000003646914,0.00038209393039833917,-0.00024424032596634436,-0.00021789999959764828
12.059879,-0.00021789999959764828,0.002384100000381295,0.0010217062954922178,0.0010699787882525427,0.0026921000003312656
12.079879,0.004832100000385253,0.0014901000003646914,0.002326701316769495,0.002830794639056817,0.00036210000030223455
12.099879,0.0026921000003312656,0.004250100000353996,0.0040749298340900355,0.004914407692684435,0.0026921000003312656
12.119879,0.00036210000030223455,0.006038100000341729,0.005931018160480205,0.00543177366002044,0.004832100000385253
12.139879,0.013582100000348873,0.007244100000343678,0.007510755161266314,0.007554151282381537,0.008722100000341015
12.159878,0.008722100000341015,0.007090100000323218,0.008465121738856624,0.007696365734600519,0.008722100000341015
12.179878,0.010862100000395003,0.008762100000330975,0.008561923032854565,0.008093894872116578,0.008722100000341015
12.199878,0.0019221000002289657,0.006312100000332066,0.007737039333899441,0.007285386713601221,0.008722100000341015
12.219877,0.008722100000341015,0.0059621000003062365,0.006103226666356215,0.00738596946419556,0.006972100000211867
12.239877,0.0013321000003543304,0.0033181000002969084,0.003926490760300881,0.004190887879091781,0.0019221000002289657
12.259877,0.006972100000211867,0.003900100000328166,0.001584007422010649,0.0017076710958681492,0.004832100000385253
12.279877,-0.002357899999651636,-0.0003758999996989587,-0.0004964479294570574,-0.0009782962700833685,0.0013321000003543304
12.299877,0.004832100000385253,-0.0018918999996913044,-0.0019245849116386437,-0.002132445454215106,-0.002357899999651636
12.319876,-0.012657899999794608,-0.0033298999996532073,-0.002458014543751657,-0.0027178999996845562,-0.002357899999651636
12.339876,-0.006247899999607398,-0.002007899999671281,-0.0020974932927487967,-0.002138459440232458,-0.00021789999959764828
12.359876,-0.00021789999959764828,-0.0016958999996859348,-0.0011078273415577988,-0.0017744967362532053,-0.00021789999959764828
12.379876,0.004252100000257997,0.0007921000003534573,7.303457725004248e-05,0.0009576710959109255,-0.00021789999959764828
12.399876,0.006392100000311984,0.00258010000034119,0.0010101016007172034,0.001532845921080499,0.0026921000003312656
12.419876,-0.00021789999959764828,0.003162100000326973,0.001447158799976224,0.002473032401277217,0.0026921000003312656
12.439875,0.0026921000003312656,0.0009461000003284425,0.001392997384915192,0.001790584848808949,0.0026921000003312656
12.459875,0.0026921000003312656,-0.0008038999996642815,0.0010806888424796865,2.8766666986323325e-05,-0.00021789999959764828
12.479875,-0.0068278999997346546,0.0005181000003176451,0.0008296966487259411,0.00010335874158087414,0.0026921000003312656
12.499875,-0.002357899999651636,5.210000031183881e-05,0.0008851147927330015,0.00038058484881249533,0.00036210000030223455
12.519875,0.006392100000311984,0.0012581000003137888,0.001313002345211292,0.0013829158511309287,0.00036210000030223455
12.539875,0.00036210000030223455,0.00258010000034119,0.001994203173615423,0.0012722165504360419,0.00036210000030223455
12.559874,0.008722100000341015,0.0034361000003173105,0.0027014261095432016,0.003220934499155616,0.0019221000002289657
12.579874,-0.00021789999959764828,0.0026961000003211666,0.0032047933005848787,0.004572706060928602,0.0019221000002289657
12.599874,0.0019221000002289657,0.004368100000328922,0.0033538065588336386,0.0037812375294655016,0.0026921000003312656
12.619874,0.0026921000003312656,0.0021521000003303925,0.003114635184283482,0.002418113986358595,0.0019221000002289657
12.639873,0.008722100000341015,0.0021521000003303925,0.0025676759426398205,0.0021954333336783476,0.0019221000002289657
12.659873,-0.002357899999651636,0.0018401000003450464,0.0018755850506078425,0.0013836151518327035,0.00036210000030223455
12.679873,-0.00021789999959764828,0.0016861000003245863,0.001229753084341186,0.00177291585112997,0.00036210000030223455
12.699873,0.00036210000030223455,0.0003261000003021763,0.0007900317870646072,0.0005773214455447582,0.00036210000030223455
12.719872,0.0019221000002289657,0.0007541000003129739,0.0006407140718981588,0.0008115871797999186,0.00036210000030223455
12.739872,0.0019221000002289657,0.0008701000002929504,0.000778307658837957,0.0005021932403995301,0.00036210000030223455
12.759872,-0.00021789999959764828,0.0020761000002949004,0.0011278625054629652,0.001470887879081192,0.0019221000002289657
12.779872,0.00036210000030223455,0.0013361000002987567,0.0015735633529759107,0.0012315405597270658,0.00036210000030223455
12.799872,0.006392100000311984,0.0013361000002987567,0.0019916049303679074,0.002636738694913638,0.00036210000030223455
12.819872,-0.001777899999751753,0.0022301000002698857,0.002279067985229094,0.002216039394215953,0.0019221000002289657
12.839871,0.0019221000002289657,0.0035521000002518123,0.0023754111766152402,0.0017832421914143388,0.004252100000257997
12.859871,0.004252100000257997,0.0010241000002679356,0.0022747923459909216,0.0027524263405810955,0.0019221000002289657
12.879871,0.006972100000211867,0.0019181000002845394,0.002026665477022351,0.002262379720562773,0.0026921000003312656
12.899871,-0.006247899999607398,0.0028121000003011433,0.0017196737650438385,0.0013770417252514933,0.004252100000257997
12.91987,0.0026921000003312656,0.0011801000003288209,0.001448823051883983,0.0015567620049849607,0.0026921000003312656
12.93987,0.006392100000311984,-0.00014189999965310562,0.0012786324831730153,0.0006811675994032707,0.00036210000030223455
12.95987,-0.0039078999996036146,0.0014921000003141672,0.0012199989396293378,0.0004110510492844571,0.0019221000002289657
12.97987,0.00036210000030223455,0.0014921000003141672,0.0012307855142443442,0.0017569717951837684,0.0019221000002289657
12.99987,0.0019221000002289657,0.0010641000003033696,0.0012415959767447834,0.0026118435900273273,0.0019221000002289657
13.01987,0.0026921000003312656,0.0026961000002756917,0.0012009256214641285,0.0009660860142759774,0.0026921000003312656
13.039869,0.004252100000257997,0.0013741000002937653,0.001120075904134384,0.001062146620344218,0.0026921000003312656
13.059869,0.004252100000257997,0.0009461000003284425,0.0010864522532953833,0.001376598834816081,0.0026921000003312656
13.079869,-0.006247899999607398,0.00137410000033924,0.0012246240287124436,0.0004411209793632692,0.004252100000257997
13.099869,-0.00021789999959764828,0.00048010000036811105,0.0016198887997320448,0.0015594892777519884,-0.00021789999959764828
13.119869,0.004832100000385253,0.0009081000003789086,0.0022520831228665435,0.002187927506212141,-0.00021789999959764828
13.139868,-0.00021789999959764828,0.004330100000379389,0.002986243288868758,0.0024376944059865705,0.004832100000385253
13.159868,0.006392100000311984,0.004330100000379389,0.0036295713062756097,0.004171284149560336,0.004832100000385253
13.179868,0.010862100000395003,0.003748100000348131,0.004020904486805743,0.0050497923080399425,0.0019221000002289657
13.199868,-0.00021789999959764828,0.005070100000330058,0.004099662256437745,0.004041214219446735,0.006392100000311984
13.219867,0.0019221000002289657,0.0033201000003373338,0.00391637919030787,0.003473125641357707,0.0019221000002289657
13.239867,0.006392100000311984,0.001882100000329956,0.0035858253054592637,0.003029792308034374,0.0019221000002289657
13.259867,-0.002357899999651636,0.0028921000003265364,0.003218736335366102,0.002857158275393113,0.003672100000358114
13.279867,0.003672100000358114,0.0030461000003469962,0.002875413415673959,0.0026723331005485585,0.003672100000358114
13.299867,0.004832100000385253,0.003162100000326973,0.0025644157991468047,0.0031017270399576217,0.003672100000358114
13.319866,0.0026921000003312656,0.003162100000326973,0.0022785053966389384,0.003076878555118342,0.003672100000358114
13.339866,0.006972100000211867,0.0023841000003358205,0.0020351076728771177,0.0024010277392577163,0.0026921000003312656
13.359866,-0.002357899999651636,0.0022681000003103692,0.0018855228129843052,0.0017058995341265003,0.0026921000003312656
13.379866,-0.00021789999959764828,0.0012581000003137888,0.0018810980952766077,0.0010613074595177757,-0.00021789999959764828
13.399866,0.004252100000257997,-6.389999966813776e-05,0.0020192980693159767,0.0010971349653470476,-0.00021789999959764828
13.419866,-0.002357899999651636,0.0022681000003103692,0.002211234464610693,0.002413148951362105,0.00036210000030223455
13.439865,0.00036210000030223455,0.0030461000003015213,0.00230183660317961,0.003142775990999396,0.003672100000358114
13.459865,0.009302100000240898,0.0030461000003015213,0.0021425376313272205,0.00244844032663381,0.003672100000358114
13.479865,0.003672100000358114,0.0025801000002957154,0.00168019379644436,0.001997857576035901,0.003672100000358114
13.499865,0.004252100000257997,0.00071410000027754,0.0010046420329474569,0.0011718435900292343,0.003672100000358114
13.519864,-0.004687899999680667,0.00013210000029175716,0.0003131419503315935,5.4617482802082895e-05,0.003672100000358114
13.539864,-0.008967899999788642,-0.0010738999997101928,-0.00019612976820751468,-0.0005906039624095129,-0.002357899999651636
13.559864,0.006392100000311984,-0.0023958999996921194,-0.00043592075829559273,-0.001667806759605751,-0.002357899999651636
13.579864,-0.002357899999651636,-0.00017989999969358905,-0.00047571382122921696,-0.0006663149181036895,-0.002357899999651636
13.599864,-0.002357899999651636,0.0011421000003338122,-0.0004966082293229659,-2.1746153516625957e-05,-0.002357899999651636
13.619864,0.006392100000311984,-0.0001798999996481143,-0.0006872924991174027,0.0007617037299433013,-0.002357899999651636
13.639863,-0.002357899999651636,-0.0006458999996539205,-0.0011413802571182863,-0.0005709303026630917,-0.002357899999651636
13.659863,-0.00021789999959764828,-0.001423899999645073,-0.001809660765433659,-0.0026646599063981477,-0.002357899999651636
13.679863,-0.004687899999680667,-0.003951899999628949,-0.002529352577008941,-0.002812771794516106,-0.004687899999680667
13.699863,-0.006247899999607398,-0.0034078999996381754,-0.003110148458753787,-0.0032426086243505107,-0.004687899999680667
13.719862,-0.006247899999607398,-0.003835899999648973,-0.003425569991628707,-0.0037214664331918406,-0.004687899999680667
13.739862,0.00036210000030223455,-0.002941899999632369,-0.003458491269978554,-0.0032835876453230608,-0.002357899999651636
13.759862,-0.002357899999651636,-0.0024738999996316126,-0.0032825483795787544,-0.003970510722258205,-0.002357899999651636
13.779862,-0.00021789999959764828,-0.002589899999657064,-0.0030033251617609144,-0.0024375969693376694,-0.002357899999651636
13.799862,-0.0039078999996036146,-0.003133899999647838,-0.002703240366804916,-0.0019233312350829391,-0.002357899999651636
13.819861,-0.0068278999997346546,-0.00169589999964046,-0.0024189576459002844,-0.002123168064925098,-0.002357899999651636
13.839861,-0.002357899999651636,-0.002589899999657064,-0.0021479451672445507,-0.0026414897432329525,-0.0039078999996036146
13.859861,0.004832100000385253,-0.002279899999666668,-0.0018631562508386415,-0.001927643589387586,-0.002357899999651636
13.879861,-0.004687899999680667,-0.0009578999996392668,-0.0015243790043730472,-0.0020233545451075895,-0.002357899999651636
13.899861,-0.002357899999651636,-0.0004138999996484927,-0.0010919138742164559,-0.0007463149180856218,-0.00021789999959764828
13.91986,-0.00021789999959764828,-0.0017358999996758939,-0.0005476867618372263,-0.0005616995334641085,-0.001777899999751753
13.93986,0.00036210000030223455,5.210000031183881e-05,8.561878623399025e-05,-0.0004376435894182104,-0.00021789999959764828
13.95986,-0.001777899999751753,0.00048010000032263635,0.0007429340419206286,0.0007916104898153639,-0.00021789999959764828
13.97986,0.004252100000257997,0.0018021000003045629,0.001338834236260424,0.002027484615693082,0.00036210000030223455
13.99986,-0.00021789999959764828,0.0025801000002957154,0.0018048602755649475,0.001917531235733222,0.004252100000257997
14.01986,0.006392100000311984,0.002154100000325343,0.0021228685908631774,0.0027857829839955635,0.004252100000257997
14.039859,0.004252100000257997,0.0018421000003399969,0.0023323553813735824,0.0012455731938149023,0.0026921000003312656
14.059859,-0.0039078999996036146,0.002852100000336577,0.0025005201413134007,0.002739093007333366,0.004252100000257997
14.079859,0.0026921000003312656,0.0006361000003380468,0.002668068925403169,0.0020972981355439325,0.0026921000003312656
14.099859,0.004832100000385253,0.002852100000336577,0.002805812846480994,0.0030539648021882396,0.0026921000003312656
14.119859,-0.004687899999680667,0.002852100000336577,0.002815640909885464,0.001880771329001464,0.0026921000003312656
14.139858,0.015332100000250648,0.0031641000003219235,0.0025816186775670207,0.002824594172825896,0.004252100000257997
14.159858,-0.0039078999996036146,0.0014161000003241498,0.0020431900512997907,0.0033284170166482012,-0.0039078999996036146
14.179858,0.004252100000257997,0.0033201000003373338,0.0012470045111528517,0.0012645475527911767,0.004252100000257997
14.199858,-0.0039078999996036146,-0.0005278999996335187,0.00034715085912534233,0.000928230536483745,-0.0039078999996036146
14.219857,0.004832100000385253,-0.0006838999996489292,-0.00044598956330449223,-0.0006872939390334538,-0.0039078999996036146
14.239857,-0.0039078999996036146,-0.0009958999996342755,-0.0009442071985530157,-0.0026380165497510385,-0.0039078999996036146
14.259857,-0.004687899999680667,-0.0015798999996604834,-0.0010559446673124916,-0.0008010701628409555,-0.0039078999996036146
14.279857,0.0026921000003312656,-0.0012678999996751372,-0.0008273110410687947,-0.0012087158504798245,-0.0039078999996036146
14.299857,-0.0068278999997346546,-0.00010189999970862118,-0.00042827682549556254,0.0005854799536800185,0.0019221000002289657
14.319857,0.006392100000311984,0.0007921000003079826,-8.288366624900882e-05,0.00023030512849772828,0.0019221000002289657
14.339856,0.0019221000002289657,0.0006381000002875226,2.8894221815497005e-05,0.00043582960402271335,0.0019221000002289657
14.359856,-0.00021789999959764828,0.000522100000307546,-0.00015037864198714067,-0.00040542913722838047,0.0019221000002289657
14.379856,0.0019221000002289657,-0.0016938999996909843,-0.0005390319468879612,-0.0015646832164818052,-0.00021789999959764828
14.399856,-0.007407899999634537,-0.0020058999996763307,-0.0009692331822773485,-0.00020053403230997678,-0.00021789999959764828
14.419856,-0.004687899999680667,-0.0014238999996905477,-0.0012734871000205737,-0.0023124687642428884,0.00036210000030223455
14.439855,0.00036210000030223455,-0.0008418999996592901,-0.0013480092965631341,-0.0007405806523562937,0.00036210000030223455
14.459855,0.0026921000003312656,-0.0007258999996793136,-0.001157625320603952,-0.0008101144518899703,0.00036210000030223455
14.479855,0.004832100000385253,0.0014901000003192167,-0.0006965553729628016,-0.0004756156173855296,0.0026921000003312656
14.499855,-0.0068278999997346546,0.0001681000003372901,4.472958891408909e-05,0.0007708412590646499,0.0026921000003312656
14.519854,0.006392100000311984,0.00048010000032263635,0.0010673971232264268,0.0002470883453239022,0.004252100000257997
14.539854,-0.006247899999607398,0.00048010000032263635,0.002313891767698416,0.001740025408253666,0.004252100000257997
14.559854,0.004252100000257997,0.003124100000331964,0.003625218382570202,0.0036144776227031456,0.004832100000385253
14.579854,0.004832100000385253,0.0049121000003196965,0.004753024050067104,0.005042612820831411,0.004832100000385253
14.599854,0.006392100000311984,0.00670010000030743,0.005438209636384365,0.005832356410563325,0.004832100000385253
14.619853,0.015332100000250648,0.00549410000030548,0.0055192633601640366,0.004602006760202494,0.004832100000385253
14.639853,0.0026921000003312656,0.0041721000002780785,0.005005109374261427,0.0058426128208065595,0.0026921000003312656
14.659853,-0.001777899999751753,0.003860100000292732,0.004064713741934353,0.004041424009621545,0.0026921000003312656
14.679853,-0.001777899999751753,0.0020721000003049994,0.0029426940573984016,0.002834943823120795,0.0026921000003312656
14.699853,0.004832100000385253,0.0011781000002883957,0.0018612438267385679,0.002131843590037149,-0.001777899999751753
14.719852,0.006392100000311984,0.0016061000002991932,0.0009668697501147725,-0.0004994617712424993,0.00036210000030223455
14.739852,-0.001777899999751753,0.001918100000330014,0.0003312571530127106,-4.8855710632999486e-05,0.00036210000030223455
14.759852,0.00036210000030223455,-0.0007258999996793136,-2.6799929483675633e-05,0.0008504682986793339,-0.00021789999959764828
14.779852,-0.00021789999959764828,-0.0006098999996993371,-0.0001290946773952019,0.0017834986017156828,-0.00021789999959764828
14.799852,-0.008387899999661386,0.001140100000293387,-3.5135721419816146e-05,-0.00011242214422338653,0.00036210000030223455
14.819851,0.006972100000211867,0.0010241000003134103,0.00017074328632924767,-0.001467387179205633,-0.00021789999959764828
14.839851,0.006972100000211867,-0.0011918999997305945,0.0004095927876574216,8.412590285990403e-07,-0.00021789999959764828
14.859851,-0.00021789999959764828,0.0008701000002474757,0.0006349989322113518,0.0011908412590091492,0.0019221000002289657
14.879851,-0.011297899999817673,0.0016481000002841028,0.0008312670880014145,0.0012885568767133826,0.0019221000002289657
14.899851,0.0019221000002289657,0.0006381000002875226,0.0009883263717294754,0.0019262958044661224,0.0019221000002289657
14.91985,0.010862100000395003,-0.0002558999997290812,0.0010883511212674251,3.9209557411858326e-05,0.0019221000002289657
14.93985,0.0019221000002289657,0.0025421000003007068,0.0011213593576569303,-0.00013647808827689642,0.0019221000002289657
14.95985,-0.004687899999680667,0.0016861000003245863,0.0011047589088121557,0.0018876477858420096,0.0019221000002289657
14.97985,0.0026921000003312656,-0.00010189999970862118,0.0010751754515358005,0.00250373170193929,0.0019221000002289657
14.99985,-0.002357899999651636,0.0007921000003079826,0.0010567659115595077,0.000249419347632589,0.0019221000002289657
15.01985,0.0019221000002289657,0.0010641000003033696,0.0010383069772246063,-8.603726607866579e-07,0.0019221000002289657
15.039849,0.006392100000311984,0.00048210000031758684,0.0009808862734481721,0.0008137550119707576,-0.00021789999959764828
15.059849,-0.0033278999997037317,0.0018041000002995133,0.0008485797897985317,0.001732123310332299,0.0019221000002289657
15.079849,-0.00021789999959764828,0.000948100000323393,0.0006386287440724953,0.0009513074595161846,-0.00021789999959764828
15.099849,0.004252100000257997,0.00020810000032724929,0.00039427132691000365,0.0011207713289952867,-0.00021789999959764828
15.119848,-0.002357899999651636,0.00040210000033766844,0.0001970807358532394,-0.0009442636360136962,-0.00021789999959764828
15.139848,0.0026921000003312656,0.00040210000033766844,0.00014210617768001642,-0.000328086479845671,-0.00021789999959764828
15.159848,-0.002357899999651636,-0.0009198999996442581,0.00030204133945977156,0.0012657829840388593,-0.002357899999651636
15.179848,-0.00021789999959764828,0.0018401000003450464,0.0006935323994275805,0.0005256897439464226,-0.00021789999959764828
15.199847,-0.002357899999651636,0.0012581000003592635,0.0012640313930955428,0.0009675778558356034,-0.00021789999959764828
15.219847,0.011442100000294886,0.00137410000033924,0.0019099598075554677,0.0019106314688524658,-0.00021789999959764828
15.239847,-0.00021789999959764828,0.0028121000003011433,0.0025165916441956043,0.0021021000003172436,-0.00021789999959764828
15.259847,-0.001777899999751753,0.003666100000282313,0.002995094072627649,0.003689442657644805,0.0019121000002542132
15.279847,0.006972100000211867,0.0023441000003003865,0.003299805316716643,0.003917134965308155,0.0019121000002542132
15.299847,0.0019121000002542132,0.0035481000002619114,0.0034288616864577215,0.0033982072263740387,0.004832100000385253
15.319846,0.004832100000385253,0.003858100000252307,0.0034182219256428917,0.001796319114481566,0.004832100000385253
15.339846,0.005802100000209975,0.0025361000002703804,0.0033300356144713287,0.00399620256434573,0.0019121000002542132
15.359846,-0.00022789999979977438,0.0030041000002711373,0.003230937096319665,0.0037910510492102536,0.004252100000257997
15.379846,0.00036210000030223455,0.003898100000242266,0.0031647171937911407,0.002522146620313015,0.004252100000257997
15.399846,0.004252100000257997,0.002266100000269944,0.003135778158910795,0.0028990463872115083,0.00036210000030223455
15.419846,0.009302100000240898,0.002850100000296152,0.0031169580544279795,0.0035695125877021746,0.0026921000003312656
15.439845,-0.002357899999651636,0.004054100000303151,0.0030761554635301107,0.0033027060609194777,0.004252100000257997
15.459845,0.0026921000003312656,0.004170100000328603,0.0030014089137820406,0.0031521932404220193,0.004832100000385253
15.479845,0.006382100000337232,0.0015261000003192748,0.002909147785015762,0.0031927759909913494,0.0026921000003312656
15.499845,0.004832100000385253,0.0025361000003158553,0.0028338242946249377,0.0022646407928462267,0.0026921000003312656
15.519845,-0.003917899999805741,0.0033921000002919755,0.002804657507561299,0.0018573447555455256,0.004832100000385253
15.539844,0.0026921000003312656,0.002188100000284976,0.002821416709669381,0.00392459417278298,0.0026921000003312656
15.559844,0.006972100000211867,0.002188100000284976,0.0028475058484562586,0.0027455965037859924,0.0026921000003312656
15.579844,0.00036210000030223455,0.004248100000313571,0.0028310156934287477,0.002468976457185402,0.004832100000385253
15.599844,0.004832100000385253,0.0027701000003162333,0.002742204442133708,0.002656109324332883,0.004832100000385253
15.619843,0.006382100000337232,0.002342100000350911,0.0026009926394694053,0.003084500932750626,0.004832100000385253
15.639843,-0.004697899999655419,0.0026521000003413065,0.0024750199770646,0.002790841259070218,0.004832100000385253
15.659843,0.004832100000385253,0.0025361000003158553,0.0024500109996779176,0.0026578109560344582,0.004252100000257997
15.679843,0.0019121000002542132,0.0024201000002904037,0.002592214534957776,0.002212636130842482,0.004252100000257997
15.699843,0.004252100000257997,0.0034321000002819346,0.0029234707574589645,0.002203848252020079,0.004252100000257997
15.719842,0.005802100000209975,0.002538100000265331,0.003414540191666521,0.003224547552713966,0.0019121000002542132
15.739842,0.00036210000030223455,0.0043261000002530635,0.003989878139488939,0.0047414473195957554,0.004252100000257997
15.759842,0.00036210000030223455,0.00475210000026891,0.004540185944054509,0.004678370396530743,0.005802100000209975
15.779842,0.010852100000192877,0.004442100000278515,0.004948091551992111,0.005213148951333426,0.004252100000257997
15.799842,0.006382100000337232,0.005336100000295119,0.005127680427012173,0.004423265501450876,0.004832100000385253
15.819841,0.004252100000257997,0.005646100000285514,0.005060519187916181,0.004482775990978068,0.004832100000385253
15.839841,0.004832100000385253,0.0038581000002977815,0.004803421545941416,0.0060687899769766036,0.004252100000257997
15.859841,0.0019121000002542132,0.004326100000298538,0.004461026332752912,0.004410375058567007,0.004252100000257997
15.879841,0.0019121000002542132,0.0048701000002893124,0.004142061748875489,0.003610025408228251,0.004832100000385253
15.899841,0.008722100000341015,0.0029641000002811778,0.003925512998768531,0.004263009091202627,0.0019121000002542132
15.91984,0.006972100000211867,0.0046361000002889344,0.003846914402110533,0.003920584848761518,0.006972100000211867
15.93984,-0.004697899999655419,0.0046361000002889344,0.0038953992473579452,0.0032890696972348605,0.006972100000211867
15.95984,0.010272100000292994,0.002846100000260776,0.0040109458215985445,0.003848533566724135,0.0019121000002542132
15.97984,0.0019121000002542132,0.002418100000295453,0.00408631997628122,0.0039253400935328475,0.0019121000002542132
15.99984,-0.00022789999979977438,0.00510210000029474,0.003987785900127294,0.004095340093528706,0.004832100000385253
16.01984,0.004832100000385253,0.003702100000282371,0.0036017805015876522,0.004345037063222782,0.0032721000002311484
16.039839,0.008722100000341015,0.003702100000282371,0.002896930006254718,0.003587764335936462,0.0032721000002311484
16.059839,0.0032721000002311484,0.002654100000290782,0.001970152240441524,0.001031354079541439,0.0032721000002311484
16.079839,0.0019121000002542132,0.0007481000002826476,0.001037653766677847,0.0009528459210417517,0.0019121000002542132
16.099839,-0.005467899999757719,-0.0004578999997193023,0.0003557924703666331,0.0008389531471524443,0.0019121000002542132
16.119838,-0.004697899999655419,-0.00026189999971393263,0.00010565722143336632,-1.2655244485240626e-05,0.0019121000002542132
16.139838,0.0026921000003312656,0.00020610000028682408,0.0003082297350796584,-0.0003677368295618059,0.0026921000003312656
16.159838,0.004252100000257997,0.001254100000278413,0.0008201896722838298,0.0005710976692799847,0.0026921000003312656
16.179838,0.004252100000257997,0.002266100000269944,0.001404976070068969,0.0017897456879204963,0.0026921000003312656
16.199837,-0.00022789999979977438,0.0021101000002545335,0.001827588701878197,0.0029716337998032787,0.0019121000002542132
16.219837,0.00036210000030223455,0.0016421000002537767,0.0019212414418332566,0.0016131256412614137,0.0019121000002542132
16.239837,0.0019121000002542132,0.0004361000002518267,0.0016091639991659427,0.0010912841494277925,0.00036210000030223455
16.259837,0.0019121000002542132,-0.0003018999997493665,0.0008969800221198558,0.00024119090935496482,0.00036210000030223455
16.279837,-0.001777899999751753,0.0005921000002672372,-0.00014225555429563482,-0.00025950839135433336,0.0019121000002542132
16.299837,-0.003917899999805741,-0.0011558999997305364,-0.0013788268457493487,-0.0009867344985591223,-0.001777899999751753
16.319836,0.004832100000385253,-0.002321899999742527,-0.0026337311900956023,-0.002140650582488029,-0.003917899999805741
16.339836,-0.0068278999997346546,-0.003215899999713656,-0.0036928109707313013,-0.003477783449613168,-0.003917899999805741
16.359836,-0.003917899999805741,-0.003215899999713656,-0.004340467466112557,-0.004942025873834879,-0.003917899999805741
16.379836,-0.006247899999607398,-0.005121899999721791,-0.004414376323143448,-0.004377690209493001,-0.004697899999655419
16.399836,-0.003917899999805741,-0.004227899999705187,-0.003862178225100391,-0.0031516062934046256,-0.003917899999805741
16.419836,-0.004697899999655419,-0.002049899999701665,-0.002770507268503587,-0.003329112120946192,-0.003917899999805741
16.439835,-0.002357899999651636,-0.0004178999997293431,-0.001346602664143822,-0.0009287624705887672,-0.002357899999651636
16.459835,0.006972100000211867,-0.0004178999997293431,0.0001431973858671689,-0.00048780675961956324,-0.002357899999651636
16.479835,0.0019121000002542132,0.0014881000002787913,0.0014497411002883003,0.0020134752916571167,0.0019121000002542132
16.499835,-0.003917899999805741,0.0022261000002799848,0.0023966873267008046,0.0023468086249989993,0.0019121000002542132
16.519834,0.004832100000385253,0.0026921000002857907,0.0028989413295058106,0.003375829604005744,0.0019121000002542132
16.539834,0.0013321000003543304,0.0015261000002738001,0.002955706837080757,0.0019458296039914147,0.0013321000003543304
16.559834,0.009302100000240898,0.0031601000002865476,0.0026380559030997276,0.0021131722613387596,0.004252100000257997
16.579834,-0.003917899999805741,0.0014101000002483487,0.0020754120771807934,0.002672100000261456,0.0013321000003543304
16.599834,0.004252100000257997,0.0028881000002456856,0.0014327726031509128,0.0017467620049276744,0.004252100000257997
16.619833,-0.003917899999805741,8.810000026642229e-05,0.0008768876358643037,0.001008277156434798,-0.003917899999805741
16.639833,0.008722100000341015,0.00040010000029724326,0.000541139244191392,-1.815640997410682e-05,-0.002357899999651636
16.659833,-0.004697899999655419,0.0008261000003130902,0.0004990149402191509,0.00020144731967567699,-0.002357899999651636
16.679833,-0.002357899999651636,0.0011381000003439113,0.0007502493384235095,0.001870678088911447,-0.002357899999651636
16.699833,0.006382100000337232,0.0011381000003439113,0.001223587883937832,0.0006743610726033282,-0.002357899999651636
16.719832,-0.002357899999651636,0.0020321000003150403,0.0018002349632298715,0.002303801632043877,-0.00022789999979977438
16.739832,0.008722100000341015,0.0022641000003204683,0.002352128599651967,0.0014458762240849845,-0.00022789999979977438
16.759832,-0.00022789999979977438,0.0028481000003012014,0.0027774240196688236,0.003512892541097877,-0.00022789999979977438
16.779832,-0.0011978999996244966,0.0029641000002811778,0.003017981309789211,0.0031589531471367684,-0.00022789999979977438
16.799832,0.009302100000240898,0.0024961000002804213,0.003058866220413688,0.0022741279722956736,-0.00022789999979977438
16.819831,-0.001777899999751753,0.0024961000002804213,0.0029205966577974885,0.0037321233102881905,-0.00022789999979977438
16.839831,0.006382100000337232,0.003274100000271574,0.0026515060932642176,0.0017811442893360435,0.0026921000003312656
16.859831,-0.00022789999979977438,0.0023801000003004446,0.0023191731317724965,0.002448113986321543,0.0026921000003312656
16.879831,0.0026921000003312656,0.0014861000003293157,0.0019980339018503385,0.002139559207762437,0.0026921000003312656
16.899831,0.004832100000385253,0.0016021000003092923,0.0017541740525550014,0.0015282305364576858,0.0026921000003312656
16.91983,-0.006247899999607398,0.0021861000003355,0.0016319798140596062,0.002196668764897939,0.0026921000003312656
16.939831,0.006962100000237115,0.0021861000003355,0.0016488324475411181,0.001806808625045825,0.0026921000003312656
16.95983,0.0026921000003312656,0.0012921000003188964,0.0018008235538486538,0.0015641046623440602,0.0026921000003312656
16.97983,0.0026921000003312656,0.0030801000003066294,0.0020729528801908597,0.0019552701634791597,0.0026921000003312656
16.99983,0.00036210000030223455,0.0016421000002992514,0.0024409265009896564,0.0024714706296510174,0.0026921000003312656
17.01983,0.0026921000003312656,0.0029641000002811778,0.002860405199660566,0.0034056664338324347,0.0026921000003312656
17.039829,-0.00022789999979977438,0.0028081000002657674,0.003256478190392472,0.0026078575760423656,0.0019121000002542132
17.059829,0.009302100000240898,0.003274100000271574,0.0035309611471441432,0.003248533566712563,0.0026921000003312656
17.079829,0.0019121000002542132,0.0034681000002819927,0.003590985560783464,0.0031860860142562527,0.0026921000003312656
17.099829,0.0026921000003312656,0.0038961000002927905,0.0033842006149577353,0.004327647785832888,0.0026921000003312656
17.119828,0.0036621000003833615,0.002418100000295453,0.0029216459197535824,0.0035010510492528915,0.0019121000002542132
17.139828,0.0019121000002542132,0.0030021000003216613,0.0022793275169280722,0.0014594193476453257,0.0026921000003312656
17.159828,0.0019121000002542132,0.0010961000003135268,0.0015799698350359292,0.0011816104898165255,0.0019121000002542132
17.179828,0.004832100000385253,8.100000286503928e-06,0.0009599934661183421,0.0014134519816461442,0.0019121000002542132
17.199828,-0.006837899999709407,0.0017961000002742367,0.0005293891025111924,0.0004246874128678422,0.0019121000002542132
17.219827,-0.001777899999751753,0.00047410000029231015,0.00033895106242472087,0.0005716571098274127,-0.001777899999751753
17.239827,0.010852100000192877,-0.000653899999724672,0.00037185568351625844,-6.97181815270695e-05,-0.001777899999751753
17.259827,-0.004697899999655419,0.0015621000002738583,0.0005630712082779285,0.0008610044291989332,-0.0008078999996996572
17.279827,-0.0008078999996996572,0.0014461000002938817,0.0008301361992182134,0.0008494659676445529,-0.0008078999996996572
17.299827,0.004242100000283244,0.0006681000003027293,0.0010963079722727891,0.001376622144799052,-0.0008078999996996572
17.319826,-0.002357899999651636,0.0008241000002726651,0.0013021292951677064,0.0013674613056374907,-0.0008078999996996572
17.339826,0.006962100000237115,0.0013681000002634391,0.0014110158089394298,0.0011126128207895357,0.0019121000002542132
17.359826,-0.003917899999805741,0.0017961000002742367,0.001411066729927185,0.001459792307968584,0.0019121000002542132
17.379826,0.0019121000002542132,0.0017961000002742367,0.0013117399474437148,0.0015276710958625575,0.0019121000002542132
17.399826,0.006382100000337232,-0.0005358999997042702,0.0011357952077786302,0.0005655498837329561,-0.002357899999651636
17.419825,-0.002357899999651636,0.0016401000003043009,0.0009082039259248699,0.0007041979023839079,0.0019121000002542132
17.439825,-0.004697899999655419,0.00047410000029231015,0.0006447087449087925,0.0004979275061323756,-0.002357899999651636
17.459825,0.006962100000237115,-0.0002638999997088831,0.00034757499026100543,0.0010976710958680446,-0.002357899999651636
17.479825,-0.003917899999805741,0.0005901000002722867,1.7179945474571823e-05,7.112097929465279e-05,0.0019121000002542132
17.499825,0.0026921000003312656,0.0007461000002422224,-0.00032403208996460844,-0.0008570375288943912,0.0019121000002542132
17.519824,0.0019121000002542132,-0.001001899999755551,-0.0006140586131747649,-0.00010232890419272986,-0.001777899999751753
17.539824,-0.003917899999805741,-0.0005738999997447536,-0.0007596271264284012,-0.0005733079251635038,-0.001777899999751753
17.559824,-0.001777899999751753,-0.0005738999997447536,-0.0006724667410853639,-0.000988622610452008,-0.001777899999751753
17.579824,-0.001777899999751753,-0.0008838999997351493,-0.0003143147102639117,0.00021953589770533596,-0.001777899999751753
17.599824,0.0026921000003312656,0.0007481000002826476,0.0002767915333628029,-0.00046134988319185353,0.00036210000030223455
17.619823,0.00036210000030223455,0.0010581000002730435,0.0009934392815922517,0.000924081352257585,0.00036210000030223455
17.639823,0.004242100000283244,0.0014861000002838408,0.0016911058636330852,0.0016087666669526656,0.00036210000030223455
17.659823,-0.00022789999979977438,0.0022241000002850343,0.002226207243877406,0.0025272048953993305,0.00036210000030223455
17.679823,0.00036210000030223455,0.001990100000284656,0.002486302581265738,0.0032168785550643316,0.00036210000030223455
17.699823,0.006382100000337232,0.002418100000295453,0.002411150452087321,0.0016430324012304688,0.00036210000030223455
17.719822,-0.0008078999996996572,0.0021081000003050575,0.002007048384823987,0.0018179741261735959,0.00036210000030223455
17.739822,0.006382100000337232,0.0007861000003231311,0.001350178362310998,0.0012591629373687454,-0.0008078999996996572
17.759822,-0.001777899999751753,0.0006701000002976798,0.0005702250167729555,0.0011794659676933183,-0.0008078999996996572
17.779822,-0.006247899999607398,0.00036010000030728406,-0.0001859595329717033,-0.0003902776220716587,-0.001777899999751753
17.799822,0.005802100000209975,-0.0013878999996904894,-0.0007956018396110025,-0.0016157554775592135,-0.002357899999651636
17.819822,-0.002357899999651636,-0.001815899999701287,-0.0011865607306179912,-0.0005241004659006082,-0.002357899999651636
17.839821,-0.002357899999651636,-2.789999971355428e-05,-0.001341619246863092,-0.001658715850520834,-0.002357899999651636
17.859821,-0.003917899999805741,-0.0006498999996892962,-0.001286309127980992,-0.0005273871791880334,-0.002357899999651636
17.879821,0.0026921000003312656,-0.0015458999997008504,-0.0010682086469961532,-0.000885708857509762,-0.002357899999651636
17.899821,0.0026921000003312656,-0.0005358999997042702,-0.0007347970428137534,-0.001786944288734522,0.0026921000003312656
17.919821,-0.006837899999709407,-0.0002238999996734492,-0.00031993341007277955,-8.436130218476964e-06,0.0026921000003312656
17.93982,0.0026921000003312656,8.610000031694653e-05,0.00015466445221665962,0.0003998389280603636,0.0026921000003312656
17.95982,-0.002357899999651636,0.0005141000003277441,0.0006703917043940591,0.0017972515154709742,0.0026921000003312656
17.97982,0.004242100000283244,0.0018361000003096705,0.0012091288843042868,0.00023394149215088102,0.0026921000003312656
17.99982,0.004832100000385253,0.002146100000300066,0.001758978786564345,0.0010619368301434376,0.004242100000283244
18.019819,-0.00022789999979977438,0.0013681000003089138,0.0023146046095848844,0.003121890210110165,0.004242100000283244
18.039819,0.004242100000283244,0.0028081000003112424,0.002860359471857786,0.003058230536445324,0.004242100000283244
18.059819,-0.006247899999607398,0.003118100000301638,0.0033451951760494502,0.0025588132870105994,0.004242100000283244
18.079819,0.011442100000294886,0.003118100000301638,0.0036758890940212486,0.0030034986016952213,0.004242100000283244
18.099818,0.006382100000337232,0.0022241000002850343,0.003746542846022695,0.003869699067867469,-0.00022789999979977438
18.119818,-0.00022789999979977438,0.005762100000265491,0.0034923967409554446,0.004382076690254755,0.006382100000337232
18.139818,-0.00022789999979977438,0.0034281000002465587,0.0029358877094089416,0.003743568531719886,-0.00022789999979977438
18.159818,0.011442100000294886,0.0016801000002487853,0.002199735447491102,0.0026997456878903457,-0.00022789999979977438
18.179818,-0.00022789999979977438,0.0013701000002583896,0.0014785635570659934,-0.00012922867107281288,-0.00022789999979977438
18.199818,-0.002357899999651636,0.0009441000002880173,0.0009722263785457572,0.00017895314711692458,-0.001777899999751753
18.219817,-0.001777899999751753,-0.000495899999714311,0.0008010436705539964,0.0018215638697569262,-0.001777899999751753
18.239817,-0.002357899999651636,0.0008261000003130902,0.0009457212970833817,0.0005744310026531332,-0.001777899999751753
18.259817,0.004242100000283244,0.0022641000003204683,0.0012547693692597452,0.0010520766903081922,0.004242100000283244
18.279817,0.006382100000337232,0.001370100000349339,0.0015240822407022127,0.0019491629374043136,0.004242100000283244
18.299817,0.004832100000385253,0.003430100000332459,0.0016032469400142587,0.0022319368301707736,0.004832100000385253
18.319816,-0.006247899999607398,0.0012141000003339287,0.0014642776768124869,0.0014633820516298252,0.004832100000385253
18.339816,0.007942100000263963,0.0004761000003327354,0.0011971770470775456,0.0014150137532474329,0.0026921000003312656
18.359816,-0.006837899999709407,-0.00041789999968386835,0.0009466552701835352,0.000778650116858032,0.00036210000030223455
18.379816,0.0026921000003312656,0.0019921000002796063,0.0008353033494399447,-0.00023095361276458722,0.0026921000003312656
18.399816,0.00036210000030223455,0.00035810000026685883,0.000914992097717119,0.0005581839163474249,0.00036210000030223455
18.419815,0.005802100000209975,0.001254100000278413,0.0011620319660683297,0.002062985781153906,0.00036210000030223455
18.439815,-0.00022789999979977438,0.002108100000259583,0.0015032350135444506,0.0016918435900164727,0.00036210000030223455
18.459815,-0.002357899999651636,0.002574100000265389,0.00184826057236905,0.0023968785550304962,0.0026921000003312656
18.479815,0.006962100000237115,0.0013681000002634391,0.0021130833452380404,0.0013267853149332852,-0.00022789999979977438
18.499815,0.0026921000003312656,0.0010581000002730435,0.0022336881606818404,0.0016509111890808843,-0.00022789999979977438
18.519814,-0.00022789999979977438,0.0024961000002804213,0.002173039380630127,0.0023069484851499246,0.0026921000003312656
18.539814,-0.001777899999751753,0.002070100000310049,0.0019240563993141733,0.0029820067602136513,0.0026921000003312656
18.559814,0.004832100000385253,0.002070100000310049,0.0015143240842481294,0.001681890210104653,0.0026921000003312656
18.579814,0.004832100000385253,0.0010201000003235094,0.001014404211533304,0.00011848694671010517,0.0026921000003312656
18.599813,0.0026921000003312656,0.0004361000003427762,0.0005362452208101774,0.0004031256413446089,0.0026921000003312656
18.619813,-0.005477899999732472,0.00012410000031195522,0.0002029812098573953,-4.901888078303766e-05,0.0026921000003312656
18.639813,-0.004697899999655419,-0.0003038999996988423,9.5031152880287e-05,0.0007820300702421723,0.0026921000003312656
18.659813,0.0032721000002311484,-0.000771899999699599,0.0002093366881312759,-0.0003563382281532925,0.0003521000003274821
18.679813,0.0026921000003312656,0.0017161000002943183,0.0004685738573024079,0.0003601186483189956,0.0026921000003312656
18.699813,0.0003521000003274821,0.0017161000002943183,0.0007783560528481797,0.0013726594408606627,0.0026921000003312656
18.719812,0.006962100000237115,0.0020281000003251393,0.0010902989524721855,0.00245480396300841,0.0026921000003312656
18.739812,-0.004697899999655419,0.0014441000002989313,0.0014240261146951784,0.0016016337998340964,0.0003521000003274821
18.759812,0.004832100000385253,0.0014441000002989313,0.0018315337742210672,0.0007482305364458225,0.0003521000003274821
18.779812,-0.00022789999979977438,0.00012210000031700474,0.0023264976842616992,0.001126995105195929,0.0003521000003274821
18.799812,0.0003521000003274821,0.002338100000315535,0.002824385098273186,0.0021626361308462877,0.0003521000003274821
18.819811,0.0003521000003274821,0.0024541000002955117,0.003137141433544917,0.0028700254082585,0.0003521000003274821
18.839811,0.006382100000337232,0.003466100000332517,0.0030412800385225523,0.0036831023313167767,0.004832100000385253
18.859811,0.005412100000285136,0.003466100000332517,0.002398162039176259,0.0036121466203674285,0.004832100000385253
18.879811,0.004832100000385253,0.0026121000003058725,0.0012667514410822109,0.0025876710958867115,0.004832100000385253
18.899811,0.0003521000003274821,0.0014061000003039227,-6.16307687576004e-05,0.0001479508161499366,0.0003521000003274821
18.91981,-0.003917899999805741,-0.0019378999997115899,-0.001144683701079991,-0.002097037528836686,0.0003521000003274821
18.93981,0.0003521000003274821,-0.003377899999713918,-0.0015640535947645281,-0.002960347552157588,-0.0023678999996263883
18.95981,-0.011307899999792426,-0.002365899999722387,-0.001116843664505687,-0.0013591820510134621,-0.0023678999996263883
18.97981,-0.0023678999996263883,0.0005881000002773362,7.20600814003692e-05,-0.00020505617689967537,0.0003521000003274821
18.99981,0.005412100000285136,0.0019101000002592627,0.0015831217136317763,0.001972239860416083,0.005412100000285136
19.019809,0.010852100000192877,0.00369810000029247,0.002875162844282189,0.0029717969699867073,0.005412100000285136
19.039809,0.006962100000237115,0.004710100000284001,0.0035132801535330024,0.003825200233389292,0.005412100000285136
19.059809,-0.0023678999996263883,0.0032721000002766234,0.0033356582132846348,0.005137437995621759,0.0026921000003312656
19.079809,0.0026921000003312656,0.0019501000002946967,0.002487542606516509,0.0030508645690295825,0.0026921000003312656
19.099809,-0.001777899999751753,0.0005121000002873188,0.0013322338874120281,-0.0002531447549532337,-0.00022789999979977438
19.119808,0.004242100000283244,4.610000028151262e-05,0.0003025054804078432,-0.0010509303027258807,-0.00022789999979977438
19.139808,-0.00022789999979977438,-0.0009658999997100182,-0.00024398551251150345,-0.00019650139831243481,-0.001777899999751753
19.159808,-0.004697899999655419,0.0012501000002885121,-0.0001277096252037038,0.0003876477858300398,-0.00022789999979977438
19.179808,-0.0023678999996263883,0.0007841000002827059,0.0006103946018090286,0.0006297223779003127,-0.00022789999979977438
19.199808,0.009302100000240898,0.0009001000003081572,0.0017366331872867792,0.0014407480189363364,0.0003521000003274821
19.219808,0.0019121000002542132,0.003232100000286664,0.00291316889535784,0.0031904916087005446,0.0019121000002542132
19.239807,0.0003521000003274821,0.004672100000288992,0.0038135593811174074,0.004543498601706372,0.004832100000385253
19.259807,0.006962100000237115,0.004554100000314065,0.004223189070669658,0.005042845921037422,0.004832100000385253
19.279807,0.004832100000385253,0.0033881000003020746,0.0040960493569757875,0.0037259927741826724,0.004832100000385253
19.299807,0.008712100000366263,0.0033881000003020746,0.0035551661627347413,0.0020603750585874055,0.004832100000385253
19.319806,-0.003917899999805741,0.002066100000320148,0.002835597004130316,0.002956762004981751,0.0003521000003274821
19.339806,0.0003521000003274821,0.002066100000320148,0.0021884411467375906,0.0029765522147808267,0.0003521000003274821
19.359806,0.0003521000003274821,0.0016001000003143418,0.0017880460916862347,0.001864431002661052,0.0003521000003274821
19.379806,0.004832100000385253,0.002454100000340986,0.001686114886939183,0.0012293027975135036,0.0003521000003274821
19.399806,0.006382100000337232,0.0020281000003251393,0.001824342274588019,0.001244197902420823,0.0003521000003274821
19.419805,0.0003521000003274821,0.0020281000003251393,0.002078535508282897,0.002376762005006076,0.0003521000003274821
19.439805,-0.001777899999751753,0.0020281000003251393,0.002299156481642146,0.002381727039954335,0.0003521000003274821
19.459805,0.0003521000003274821,0.001290100000323946,0.0023395335821981655,0.0023486967369289844,0.0003521000003274821
19.479805,0.004832100000385253,0.0020681000003150984,0.0020890258652231136,0.0024945941728062807,0.0026921000003312656
19.499804,0.0026921000003312656,0.0024941000003309453,0.0015219995966809033,0.001509116317325475,0.0026921000003312656
19.519804,0.004242100000283244,0.002378100000305494,0.0007421285120653547,0.0011071116553186895,0.0026921000003312656
19.539804,0.0003521000003274821,-0.0002658999997038336,-1.852351548179405e-05,0.0005272515154666205,0.0003521000003274821
19.559804,-0.00022789999979977438,-0.0007338999997045903,-0.00047076982492108034,-0.0007531913749955987,0.0003521000003274821
19.579804,-0.008387899999661386,-0.0010438999996949861,-0.0003920874706880467,-0.0012642869460945303,0.0003521000003274821
19.599804,0.0003521000003274821,-0.0007318999997096398,0.00025603111634464327,-0.0004599979017971751,0.0003521000003274821
19.619803,0.0026921000003312656,0.0005901000003177614,0.0012843832429202875,0.0011005382287475488,0.0019121000002542132
19.639803,0.0019121000002542132,0.003350100000307066,0.0023376642121579884,0.0028024263406228704,0.0026921000003312656
19.659803,0.006382100000337232,0.004128100000298218,0.0030356554777372408,0.0034911209793251027,0.004242100000283244
19.679803,0.005412100000285136,0.0032341000002816143,0.0031270513547953425,0.003995666433868724,0.004242100000283244
19.699803,0.004242100000283244,0.002378100000305494,0.0025855241176573527,0.002265759673952743,0.004242100000283244
19.719802,-0.001777899999751753,0.0011721000003035442,0.001608591254534268,0.0017558995341014944,0.0003521000003274821
19.739802,-0.0023678999996263883,4.410000028656214e-05,0.0005279196008710157,0.0005681139863075449,-0.00022789999979977438
19.759802,0.0003521000003274821,-0.0002658999997038336,-0.00032026765782272625,-0.0005203708621846612,-0.00022789999979977438
19.779802,-0.00022789999979977438,-0.0006938999997146312,-0.0007072251631417008,-0.0014164081582323598,-0.00022789999979977438
19.799802,0.0026921000003312656,-0.00014989999972385703,-0.0005723322672575111,-0.0012626086244363456,0.0003521000003274821
19.819801,-0.003917899999805741,-0.000575899999739704,-2.970941410685196e-05,-3.265524447343578e-05,-0.00022789999979977438
19.839801,0.0003521000003274821,0.00043610000029730144,0.0006684775892972628,0.0014270650352444384,0.0003521000003274821
19.859801,-0.001777899999751753,0.000864100000308099,0.0012054202980622901,0.001199232867453242,0.0003521000003274821
19.879801,0.004832100000385253,0.0021861000003355,0.0013032580458503897,0.00206720489545194,0.0026921000003312656
19.899801,0.004832100000385253,0.0008661000003485242,0.0008326370955074173,0.0004918202800569995,0.0026921000003312656
19.919801,0.0026921000003312656,0.0011761000003389199,-0.0001180212133205662,2.641235464272563e-05,0.0026921000003312656
19.9398,-0.006247899999607398,-0.0020518999996966157,-0.0012575338926107743,-0.0013179932397961404,-0.00022789999979977438
19.9598,-0.00022789999979977438,-0.0026358999997228238,-0.0021969865070939148,-0.0019677601395655647,-0.00022789999979977438
19.9798,-0.011307899999792426,-0.0031038999997235806,-0.002599296714255958,-0.0030293918412072312,-0.00022789999979977438
19.999799,0.0019121000002542132,-0.001627899999721194,-0.002302296713691091,-0.0027425853144045376,0.0003521000003274821
20.019799,0.0003521000003274821,-0.0015118999996957428,-0.0013633101639815247,-0.0015767578085646029,0.0003521000003274821
20.039799,0.0011321000004045345,0.0011321000003135851,-2.0680219469440172e-05,0.00048676200496061423,0.0011321000004045345
20.059799,0.0003521000003274821,0.0012881000003289954,0.001392497549032036,0.0013537317019648115,0.0011321000004045345
20.079799,0.0019121000002542132,0.002066100000320148,0.0025403185524934323,0.003246155944391824,0.0019121000002542132
20.099798,0.0026921000003312656,0.002378100000305494,0.0031585688839379797,0.003300398368613372,0.0026921000003312656
20.119798,0.004242100000283244,0.0029621000002862273,0.0031071225746205416,0.0022307480189309027,0.0026921000003312656
20.139798,0.0026921000003312656,0.00253410000027543,0.0023987947936337057,0.0020316104897783282,0.0026921000003312656
20.159798,0.0032721000002311484,0.00020010000025649788,0.0011979988457250289,0.0011883937065534662,0.0026921000003312656
20.179798,-0.00022789999979977438,0.00020010000025649788,-0.00021715613078311194,0.0002369951051379535,0.0026921000003312656
20.199797,-0.008977899999763395,-0.0011218999997709034,-0.0015238232230626735,-0.0016781097899765804,-0.00022789999979977438
20.219797,0.004242100000283244,-0.0021318999997674837,-0.0024330453552902148,-0.0017505340323949918,-0.001777899999751753
20.239797,-0.003917899999805741,-0.0030258999997386125,-0.0027526970514861596,-0.0028244034962652534,-0.003917899999805741
20.259797,-0.001777899999751753,-0.0003818999997292849,-0.002422674218206015,-0.003075615617440445,-0.001777899999751753
20.279797,-0.004697899999655419,-0.002597899999727815,-0.001524882496460099,-0.0017200445218616182,-0.003917899999805741
20.299797,0.004242100000283244,-0.0008478999996896164,-0.0002707799249731748,0.0002080673662694702,-0.001777899999751753
20.319796,-0.006837899999709407,0.0009001000003081572,0.0010383489988738583,0.0009663191145381695,0.004242100000283244
20.339796,0.004832100000385253,0.002806100000316292,0.0020826585512673,0.002608533566747391,0.004832100000385253
20.359796,0.006962100000237115,0.0023401000003104855,0.0026166360954462706,0.0020430324012350033,0.004832100000385253
20.379796,0.004832100000385253,0.0029241000002912187,0.0025521719350818216,0.002954267832460486,0.004832100000385253
20.399796,0.0019121000002542132,0.0014841000002888904,0.0019892127194871614,0.0018372515154521354,0.0019121000002542132
20.419795,-0.003917899999805741,0.0013681000003089138,0.0011705980007214122,0.00183554988376275,0.0019121000002542132
20.439795,-0.0023678999996263883,-0.0005378999996992206,0.00038148191468193195,-0.0004152193470193133,-0.0023678999996263883
20.459795,0.006382100000337232,-0.0008498999996845669,-0.0001540623221968599,-0.0012426319344194605,-0.0023678999996263883
20.479795,-0.004697899999655419,-0.0001118999996833736,-0.00033360694472593064,-0.00040785337965180274,-0.00022789999979977438
20.499794,0.0003521000003274821,0.0009001000003081572,-0.00018131198237577228,0.0006498622380799564,0.0003521000003274821
20.519794,-0.00022789999979977438,0.00047210000029735967,0.00018954404200705472,0.001128533566745877,0.0003521000003274821
20.539794,0.0026921000003312656,0.0012501000002885121,0.0006347877177707573,0.001128906527091925,0.0003521000003274821
20.559794,0.004242100000283244,0.0008241000002726651,0.0010342620703024548,-0.00024389067572304812,-0.00022789999979977438
20.579794,-0.0008078999996996572,0.0012521000002834626,0.00132018261735109,0.0014532188813942634,0.0019121000002542132
20.599794,-0.001777899999751753,0.00035810000026685883,0.0014697010694898313,0.0015729624711291546,-0.0008078999996996572
20.619793,0.0019121000002542132,0.0012521000002834626,0.001477495573815995,0.0012489298371132504,-0.0008078999996996572
20.639793,-0.001777899999751753,0.0013681000002634391,0.0013388931625456827,0.0009854100235909488,-0.00022789999979977438
20.659793,0.008712100000366263,0.0012501000002885121,0.0010614201754890508,0.001371633799807931,-0.00022789999979977438
20.679793,-0.00022789999979977438,0.0012501000002885121,0.0006924535921851409,0.0009157130538817943,-0.00022789999979977438
20.699793,-0.0023678999996263883,0.0015601000002789078,0.00033155368843783306,0.000800072028255539,-0.00022789999979977438
20.719792,0.0019121000002542132,-0.0011218999997254287,0.0001065294378608294,-6.104685285007315e-05,-0.00022789999979977438
20.739792,-0.00022789999979977438,-0.00010989999968842312,0.00012111298444331041,0.0002564123546233108,-0.00022789999979977438
20.759792,-0.004697899999655419,0.00043410000030235095,0.00040304715035609223,-0.0006133312351302857,0.0003521000003274821
20.779792,0.004832100000385253,0.0009001000003081572,0.000881849574492148,0.0010474846157006814,0.0003521000003274821
20.799792,0.0003521000003274821,0.0009001000003081572,0.0014100774322182922,0.0013959927741748358,0.0003521000003274821
20.819791,0.004242100000283244,0.0026881000002958897,0.0018195930987622115,0.001789372727572328,0.004242100000283244
20.839791,-0.00022789999979977438,0.0016761000002588843,0.001986962604981561,0.0023259228440996984,0.0003521000003274821
20.859791,0.004242100000283244,0.00233810000027006,0.0018803874759998804,0.0027434053615707017,0.0036621000003833615
20.879791,-0.00022789999979977438,0.0014441000002534566,0.0015722576529570195,0.0016920766902426246,-0.00022789999979977438
20.899791,0.0036621000003833615,0.0017161000002943183,0.0012150680607753443,0.00044063146881351403,0.0011321000004045345
20.919791,-0.00022789999979977438,0.0005121000002873188,0.0009880948245433395,0.00028382494201650886,-0.00022789999979977438
20.93979,0.0011321000004045345,0.0002021000002969231,0.0010300143411513922,0.001642822610997888,-0.00022789999979977438
20.95979,-0.001777899999751753,0.0016401000002588262,0.0013804988003961135,0.0014473214454825663,-0.00022789999979977438
20.97979,-0.001777899999751753,0.0026501000002554067,0.0019571851830381113,0.0017162258743870186,0.0011321000004045345
20.999789,0.010852100000192877,0.0019501000002492218,0.0025837137792818848,0.0026747573429094394,-0.001777899999751753
21.019789,0.004822100000183127,0.0028441000002658256,0.003057449606689181,0.0027181839163562234,0.0026921000003312656
21.039789,-0.0023678999996263883,0.004476100000283622,0.003220560227557729,0.0032480207462042172,0.004822100000183127
21.059789,0.0026921000003312656,0.0016381000003093504,0.0030011886189815237,0.0038521699303730485,0.0026921000003312656
21.079789,0.006382100000337232,0.0019501000003401714,0.0024193632915606397,0.0031665289047464002,0.0026921000003312656
21.099788,-0.003337899999678484,0.002378100000305494,0.0015724111517239413,0.0003650370632673934,0.0026921000003312656
21.119788,0.006382100000337232,0.0009001000003081572,0.0006104448691589372,-0.0001031680649460306,-0.00022789999979977438
21.139788,-0.00022789999979977438,-0.0017438999997011705,-0.0002989444605539773,-0.0004341004659131828,-0.003337899999678484
21.159788,-0.004697899999655419,-0.0006938999997146312,-0.0010164775426520414,-0.001007177389000751,-0.00022789999979977438
21.179788,-0.006837899999709407,-0.001587899999731235,-0.0014726164620988147,-0.0006643568761712615,-0.00022789999979977438
21.199788,0.0019121000002542132,-0.0010038999997050268,-0.0016781749889892687,-0.0009118860136907884,0.0019121000002542132
21.219787,0.0019121000002542132,-0.0005378999996992206,-0.0016903185709938376,-0.0022411634029813436,0.0019121000002542132
21.239787,0.0026921000003312656,-0.0009658999997100182,-0.0015567216488671502,-0.0016695083913168666,0.0019121000002542132
21.259787,-0.0023678999996263883,-0.0013938999997208158,-0.0012859477638685129,-0.0008417228435394003,-0.00022789999979977438
21.279787,-0.008977899999763395,-0.0015118999996957428,-0.0008724823373327743,-0.0010362916080833343,-0.00022789999979977438
21.299787,-0.00022789999979977438,-0.0015118999996957428,-0.0003531036976932214,-0.001361582983373352,-0.00022789999979977438
21.319786,0.001322100000379578,-0.0009678999997049687,0.00016197676282952381,8.240303060864067e-05,0.0003521000003274821
21.339786,0.0026921000003312656,0.0017921000002843357,0.0005208272264006403,0.000887904196078486,0.001322100000379578
21.359786,0.0003521000003274821,0.0022201000002951333,0.0006098103036667797,0.00115067808884827,0.0019121000002542132
21.379786,0.004822100000183127,0.0007041000002573128,0.0004288713008219866,0.0007771349653064258,0.0019121000002542132
21.399786,0.0019121000002542132,-0.0007738999997400243,0.00011008784830153778,-2.5452447294123913e-05,0.0003521000003274821
21.419785,-0.006257899999809524,-0.000461899999754678,-0.0001388150531475429,0.0002935918417417896,0.0019121000002542132
21.439785,-0.004697899999655419,-0.00014989999972385703,-0.00013808182342739698,-0.00042382074564828605,0.0019121000002542132
21.459785,0.0019121000002542132,-0.0003058999996937928,0.0001732945363698301,-0.0010848696966739273,0.0011321000004045345
21.479785,0.006382100000337232,6.100000337028177e-06,0.0007112417554265214,8.464079287043335e-05,0.0011321000004045345
21.499785,0.0011321000004045345,0.0014841000003343653,0.001290900645076149,0.0013350137532676205,0.0019121000002542132
21.519784,-0.004697899999655419,0.0030781000003571534,0.001706965634956225,0.0030087433570019965,0.0026921000003312656
21.539784,0.0026921000003312656,0.0013281000003644294,0.0018125922413645907,0.0026293027975643557,0.0011321000004045345
21.559784,0.009882100000368155,0.0014841000003343653,0.0015776039430934151,0.0015265755248391835,0.0019121000002542132
21.579784,-0.0023678999996263883,0.0019501000003401714,0.0011118801659797577,0.0009976477858799648,0.0019121000002542132
21.599783,0.0019121000002542132,0.0013661000003139633,0.0006355980691867657,0.0005084869466821165,-0.00022789999979977438
21.619783,-0.0023678999996263883,-0.0006558999997196225,0.00039298499385262523,0.00043216993036167864,-0.00022789999979977438
21.639783,-0.00022789999979977438,-0.0005378999997446953,0.0005402326167799858,-0.0003956622374946205,-0.00022789999979977438
21.659783,-0.00022789999979977438,0.00035610000027190835,0.0010607633565784859,-0.0001195550114113864,-0.00022789999979977438
21.679783,-0.001777899999751753,0.0017941000002338115,0.0017532987290468174,0.0023914006995511008,-0.00022789999979977438
21.699783,0.006382100000337232,0.0026881000002504153,0.0023064811321387556,0.0027248505829965187,0.004242100000283244
21.719782,0.004822100000183127,0.0032721000002766234,0.002433028070164899,0.0029658529140099577,0.004242100000283244
21.739782,0.004242100000283244,0.0028441000002658256,0.0020033449769080933,0.003085456643637143,0.004242100000283244
21.759782,0.0026921000003312656,0.0010941000002731016,0.0011126781176648457,0.0009058296040015672,0.0026921000003312656
21.779782,-0.003917899999805741,8.410000027652132e-05,4.6659739065547885e-05,-0.0005175969694198919,-0.00022789999979977438
21.799782,-0.0023678999996263883,-0.0025598999997328066,-0.0008374961571493573,-0.001587130768969145,-0.0023678999996263883
21.819781,-0.00022789999979977438,-0.0018218999997316131,-0.0012544907098625015,-0.0012113731932078394,-0.0023678999996263883
21.839781,-0.008977899999763395,-7.389999973383965e-05,-0.001091105665065995,-0.0017087857806281225,-0.00022789999979977438
21.859781,0.006382100000337232,0.00047010000025693444,-0.00042190135627648815,-0.00024123333305704428,0.0003521000003274821
21.879781,0.004822100000183127,4.210000029161165e-05,0.0005548172903612221,0.001457601165794634,0.0003521000003274821
21.899781,0.0003521000003274821,0.003580100000317543,0.001615254655059468,0.0022811209793134257,0.004822100000183127
21.91978,-0.0023678999996263883,0.0026861000003009393,0.0025868839563964025,0.0024535452217618564,0.0019121000002542132
21.93978,0.008712100000366263,0.0022601000003305673,0.0033748872001735856,0.003692542890771661,0.0019121000002542132
21.95978,0.0019121000002542132,0.0027281000003313237,0.00394631761862109,0.0032852002334387673,0.0026921000003312656
21.97978,0.0026921000003312656,0.004944100000329854,0.004296559396438856,0.0038922398604827936,0.0026921000003312656
21.999779,0.0026921000003312656,0.00405010000031325,0.004419655747762492,0.004631517249735999,0.0026921000003312656
22.019779,0.008712100000366263,0.003622100000302453,0.004295811200510013,0.0037948505830367654,0.0026921000003312656
22.039779,0.004242100000283244,0.0034661000002870423,0.0038981154243145698,0.0031762025643712554,0.0026921000003312656
22.059779,-0.00022789999979977438,0.002882100000260834,0.003209174332340315,0.0034485568767359614,0.0019121000002542132
22.079779,0.0019121000002542132,0.0024161000002550282,0.002238225765999934,0.0033436384618057754,0.0019121000002542132
22.099778,-0.00022789999979977438,0.0010941000002731016,0.0010387190421086705,0.001167111655284866,-0.00022789999979977438
22.119778,0.006382100000337232,0.0007841000002827059,-0.0002732816854114576,-0.0005839139857380164,-0.00022789999979977438
22.139778,-0.0023678999996263883,-0.0017038999997112114,-0.0015137266307879646,-0.0019458720276945545,-0.001777899999751753
22.159778,-0.001777899999751753,-0.0017038999997112114,-0.002459900097223599,-0.002031839393658467,-0.001777899999751753
22.179778,-0.010527899999715373,-0.003763899999739806,-0.0029173762198866455,-0.0029266412584791532,-0.0023678999996263883
22.199778,-0.00022789999979977438,-0.0024418999997578793,-0.00279381604391956,-0.0032794384612765746,-0.001777899999751753
22.219777,-0.003917899999805741,-0.0024418999997578793,-0.0021344956975131793,-0.0018263382281895938,-0.001777899999751753
22.239777,0.004242100000283244,0.00020210000025144836,-0.0010977442366780785,-0.0003349163167753956,-0.00022789999979977438
22.259777,-0.001777899999751753,0.0016401000002588262,0.00011030023079057404,0.0005558529139968679,0.0026921000003312656
22.279777,0.0026921000003312656,0.0011721000002580695,0.0012983906458314516,0.001394570862724184,0.0026921000003312656
22.299777,0.006962100000237115,0.0007061000002522632,0.0023160854561836636,0.001026365734524878,0.0019121000002542132
22.319777,-0.006257899999809524,0.001600100000268867,0.0030392839968283905,0.002407834266006247,0.0026921000003312656
22.339776,0.0019121000002542132,0.002454100000250037,0.003344356770816646,0.0026198622380267894,0.0026921000003312656
22.359776,0.0026921000003312656,0.00233810000027006,0.003114454689265298,0.0038798622380176997,0.0026921000003312656
22.379776,0.006962100000237115,0.0035441000002720104,0.0023006956071904647,0.00280601608417016,0.0026921000003312656
22.399776,0.006382100000337232,0.002806100000270817,0.001009902789913032,0.0014595592077419025,0.0026921000003312656
22.419775,-0.00022789999979977438,0.0005881000002773362,-0.0004506084212527145,0.0007196291378180542,-0.00022789999979977438
22.439775,-0.001777899999751753,-0.0017438999997011705,-0.0016305672075423894,-0.0018869442887502307,-0.001777899999751753
22.459775,-0.008397899999636138,-0.0033758999997189677,-0.0020948091985849844,-0.0036703708621902936,-0.001777899999751753
22.479775,-0.004697899999655419,-0.0027918999996927596,-0.0016105811942901146,-0.002047387179193499,-0.001777899999751753
22.499775,-0.001777899999751753,-0.0010438999996949861,-0.00026408645598966185,-0.00011477645656221477,-0.001777899999751753
22.519774,0.0026921000003312656,0.003816100000312872,0.0015613153278545755,0.0018925428907713964,0.0026921000003312656
22.539774,0.006962100000237115,0.004282100000318678,0.0033385281498283055,0.0037492561774700233,0.0026921000003312656
22.559774,0.015902100000403152,0.004592100000309074,0.004603123250831492,0.004926086014292992,0.0026921000003312656
22.579774,-0.0023678999996263883,0.00490210000029947,0.005108176287135978,0.005405573193774293,0.004242100000283244
22.599773,-0.00022789999979977438,0.0040481000003183,0.004861716254804677,0.0051007480189571046,0.0026921000003312656
22.619773,0.004242100000283244,0.0022601000002850924,0.004058786756129252,0.003425526573717163,0.0026921000003312656
22.639773,0.0026921000003312656,0.0028041000002758665,0.0029760617952365896,0.0024817270399255234,0.0026921000003312656
22.659773,0.006962100000237115,0.002494100000285471,0.0018896693787691145,0.00119363846180724,0.0026921000003312656
22.679773,0.0003521000003274821,0.002184100000295075,0.0010288974189670028,0.0023378808860582898,0.0026921000003312656
22.699773,-0.001777899999751753,0.0008621000002676738,0.0005450259970560901,-0.00018587202768340083,0.0003521000003274821
22.719772,0.0026921000003312656,-0.0004598999997142528,0.0004805056677949109,0.00012927948746214698,0.0003521000003274821
22.739772,-0.003917899999805741,-0.0008858999997300998,0.0007493155223040154,0.001014431002596428,-0.001777899999751753
22.759772,0.0003521000003274821,0.00253410000027543,0.0011540935422748061,0.001021703729878884,0.0003521000003274821
22.779772,-0.001777899999751753,0.0019501000002492218,0.001456060449109963,0.0019146874128525885,-0.00022789999979977438
22.799772,0.015322100000275896,0.002066100000274673,0.0014827294679884858,0.002475643123794427,-0.00022789999979977438
22.819771,-0.00022789999979977438,0.0019501000002492218,0.0012218180535460048,0.001178090676243588,-0.00022789999979977438
22.839771,-0.003337899999678484,0.0022601000002396175,0.0008393162121397067,0.000834920513077521,-0.00022789999979977438
22.859771,-0.00022789999979977438,-0.0017438999997466454,0.0005986188934708727,-0.00017221235407358462,-0.00022789999979977438
22.879771,-0.00022789999979977438,-0.0007338999997500651,0.0007227688281429643,0.00035729813543511227,-0.00022789999979977438
22.89977,-0.004697899999655419,0.0013261000002330547,0.0012792778237285052,0.000289675757806972,-0.00022789999979977438
22.91977,0.004822100000183127,0.003230100000246239,0.0021507446235813025,0.0031463191144821628,0.004822100000183127
22.93977,0.006962100000237115,0.003814100000272447,0.0031022808044771743,0.003664407692577116,0.004822100000183127
22.95977,0.009292100000266146,0.004980100000284438,0.003900705168694198,0.004026272494466413,0.004822100000183127
22.97977,0.0026921000003312656,0.003970100000287857,0.004411824871211267,0.004182006760183794,0.0026921000003312656
22.999769,0.0011321000004045345,0.003970100000287857,0.004622584511428907,0.0051889298370970185,0.0026921000003312656
23.019769,-0.00022789999979977438,0.0030761000002712535,0.00459263041743497,0.0041810976692875975,0.0026921000003312656
23.039769,0.006962100000237115,0.004280100000278253,0.004388228977925895,0.0038607480189273586,0.004822100000183127
23.059769,0.004822100000183127,0.004124100000262842,0.004050971795536224,0.0037048972030804717,0.004822100000183127
23.079769,0.008712100000366263,0.00455210000027364,0.0036111235207165093,0.003518090676256388,0.004822100000183127
23.099768,0.0003521000003274821,0.0032301000002917133,0.0031144377998381947,0.0034844076925736435,0.0019121000002542132
23.119768,0.0019121000002542132,0.0022201000002951333,0.0026272068574370814,0.003598743356947654,0.0003521000003274821
23.139768,0.0003521000003274821,0.001754100000289327,0.0022134067071539034,0.001359256177448838,0.0003521000003274821
23.159768,-0.00022789999979977438,0.002222100000290084,0.0019074307686837713,0.0016261326343352085,0.0019121000002542132
23.179768,0.006382100000337232,0.001056100000278093,0.0017090203410905203,0.0015646407928152362,0.0003521000003274821
23.199768,0.0026921000003312656,0.0027281000002858493,0.0016047978511428613,0.0022758296040110296,0.0026921000003312656
23.219768,-0.003917899999805741,0.0027281000002858493,0.0015970007709261405,0.0019051536133465696,0.0026921000003312656
23.239767,0.008712100000366263,0.0015221000002838992,0.0017155776822764405,0.0021768785550511636,0.0003521000003274821
23.259767,-0.00022789999979977438,0.0013661000002684887,0.0020031186692810723,0.0016053400935172526,0.0003521000003274821
23.279767,0.0003521000003274821,0.003114100000266262,0.002478179672398878,0.0023684869466390175,0.0019121000002542132
23.299767,0.0019121000002542132,0.0019101000002592627,0.00309472125224188,0.0025638715620280132,0.0019121000002542132
23.319766,0.004822100000183127,0.003814100000272447,0.0037220639743252926,0.0041612608394399,0.0026921000003312656
23.339766,0.0026921000003312656,0.003270100000281673,0.004163519488894868,0.0030652701634470373,0.0026921000003312656
23.359766,0.009292100000266146,0.004630100000304083,0.00421160667586701,0.004453918182140648,0.004822100000183127
23.379766,-0.0023678999996263883,0.0029981000003317603,0.0037180235377206757,0.004171633799861933,0.0026921000003312656
23.399765,0.008712100000366263,0.0031921000003421796,0.0026512810781439858,0.002497111655352388,0.0036621000003833615
23.419765,-0.003337899999678484,0.0005501000003278022,0.0011229026388864239,0.0017271116553444275,-0.0023678999996263883
23.439765,0.0036621000003833615,-3.189999970345525e-05,-0.0006257348521939367,-0.0006726086244207262,-0.003337899999678484
23.459765,-0.003917899999805741,-0.0018198999997366626,-0.0022748878965443003,-0.002462212354035599,-0.003337899999678484
23.479765,-0.005277899999782676,-0.003413899999759451,-0.0035064905492331023,-0.0030428883447555194,-0.003917899999805741
23.499765,-0.00022789999979977438,-0.0040758999997706265,-0.004093080717496426,-0.005125499067362666,-0.003917899999805741
23.519764,-0.011307899999792426,-0.0040758999997706265,-0.003968677280112273,-0.0038968044286759908,-0.003917899999805741
23.539764,0.0003521000003274821,-0.003259899999738991,-0.003255108278876699,-0.0028616995335710082,-0.0011978999996244966
23.559764,-0.003917899999805741,-0.002249899999742411,-0.0022281543594785173,-0.002371629603454173,-0.0011978999996244966
23.579764,-0.0011978999996244966,8.210000028157083e-05,-0.001228776247032643,-0.0013395083913343526,0.0003521000003274821
23.599763,0.004822100000183127,-0.0016678999997111533,-0.0005489738256664379,-0.0008395083913119887,-0.0011978999996244966
23.619763,0.0003521000003274821,8.010000028662035e-05,-0.00033625749885633164,0.0009077643359653357,0.0003521000003274821
23.639763,-0.008397899999636138,8.010000028662035e-05,-0.0005536124414208253,-0.0003862449880608662,0.0003521000003274821
23.659763,0.004822100000183127,-0.00092989999970996,-0.001004902472134401,-0.0009653592071842674,-0.00022789999979977438
23.679763,-0.0011978999996244966,-0.0022518999997373614,-0.001408623429475184,-0.0016237974356444684,-0.0011978999996244966
23.699763,-0.00022789999979977438,-0.0009278999997604842,-0.0014946242487089484,-0.0025768510486795437,-0.0011978999996244966
23.719762,-0.006257899999809524,-0.0013538999997308565,-0.0011014468922721547,-0.001009205361054343,-0.0011978999996244966
23.739762,-0.001777899999751753,-0.0010438999997404608,-0.0002475424100915757,-0.00022682773866609013,-0.00022789999979977438
23.759762,0.0026921000003312656,0.00039410000026691706,0.0008563982071890871,-3.8855710675207505e-05,0.0003521000003274821
23.779762,0.0003521000003274821,0.0017161000002943183,0.0018722397559341798,0.0028255965037663356,0.0003521000003274821
23.799762,0.006962100000237115,0.0034641000002920918,0.002458876537863084,0.002720748018927633,0.0026921000003312656
23.819761,0.0003521000003274821,0.0033081000002766815,0.0024067986643738436,0.0028906780888765284,0.0019121000002542132
23.839761,0.006962100000237115,0.0011321000002681102,0.0017255287410258009,0.0016377410259259526,0.0019121000002542132
23.859761,0.0019121000002542132,-3.389999969840574e-05,0.0006455097295835091,0.0003872048953808474,0.0011321000004045345
23.879761,-0.010527899999715373,-0.00014989999972385703,-0.0004672380801879693,-0.00015960163141254952,0.0011321000004045345
23.899761,0.0011321000004045345,-0.0014718999997057835,-0.0012444351825792472,-0.001726944288745555,0.0003521000003274821
23.91976,-0.00022789999979977438,-0.0017838999996911298,-0.0014356282033230815,-0.001399974591784103,0.0003521000003274821
23.93976,0.0003521000003274821,-3.389999969840574e-05,-0.0009696095874689938,-0.0015434944052828896,0.0003521000003274821
23.95976,0.0003521000003274821,0.0005881000002773362,4.840399856319872e-05,-0.00022817971997967756,0.0003521000003274821
23.97976,-0.001777899999751753,0.0011721000003035442,0.00138235063154782,0.0023677876459663938,0.0003521000003274821
23.999759,0.004242100000283244,0.002066100000274673,0.0027334232077492597,0.0020573680655381838,0.0026921000003312656
24.019759,0.0026921000003312656,0.003854100000262406,0.00382125410124786,0.004046016084194605,0.004242100000283244
24.039759,0.004822100000183127,0.004748100000279009,0.004468081056642116,0.005188603496768852,0.004242100000283244
24.059759,0.009292100000266146,0.00575810000027559,0.004664010170143722,0.005202752680923653,0.004822100000183127
24.079759,0.0026921000003312656,0.005290100000274833,0.004582887017726795,0.005357904196095265,0.004822100000183127
24.099758,0.009292100000266146,0.004396100000303704,0.004525710792567929,0.00405426783246315,0.0026921000003312656
24.11976,0.0003521000003274821,0.0038141000003179214,0.0047956982340892525,0.0032305149187219166,0.0026921000003312656
24.139758,0.0003521000003274821,0.004124100000308317,0.005547354808158326,0.004499699067917778,0.004242100000283244
24.159758,0.006382100000337232,0.004552100000319114,0.0066804627438814546,0.00644098111920221,0.004242100000283244
24.179758,0.004242100000283244,0.008518100000310369,0.007844771815280925,0.008808370396579127,0.006382100000337232
24.199757,0.011432100000320133,0.010190100000318125,0.008573358613090151,0.009011097669323512,0.008712100000366263
24.219757,0.020182100000283754,0.00929610000030152,0.008491492504773294,0.009525013753233185,0.008712100000366263
24.239757,0.008712100000366263,0.007974100000319595,0.007494807112784404,0.008121820280029782,0.008712100000366263
24.259757,0.0019121000002542132,0.005642100000295613,0.005796555769302533,0.004961890210080991,0.0019121000002542132
24.279757,-0.0023678999996263883,0.0015601000002789078,0.0038177052062645083,0.0030537083918757645,-0.00022789999979977438
24.299757,-0.00022789999979977438,-0.00022789999975429963,0.0019902283538712185,0.0014172981354486662,-0.00022789999979977438
24.319756,-0.00022789999979977438,0.0007821000002422807,0.0005913512171757309,-0.0005605340323826416,-0.00022789999979977438
24.339756,-0.00022789999979977438,0.0017941000002338115,-0.000307294672680136,4.6831934974710934e-05,-0.00022789999979977438
24.359756,0.006962100000237115,0.0004721000002518849,-0.0007735066984341527,0.000727437995570626,-0.00022789999979977438
24.379756,0.0026921000003312656,0.0004721000002518849,-0.0008996824119768378,0.00044655221468910137,-0.00022789999979977438
24.399755,-0.006837899999709407,0.0004721000002518849,-0.0007251874415160005,-0.0012036575755026918,-0.00022789999979977438
24.419755,-0.00022789999979977438,-0.0013938999997208158,-0.00024090025690758662,2.93027974680993e-05,-0.00022789999979977438
24.439755,-0.00022789999979977438,-0.001549899999736226,0.000544724415699993,3.032843850599143e-05,-0.00022789999979977438
24.459755,-0.0023678999996263883,0.0025321000002804794,0.0015392332017058487,0.00025825384645220315,-0.00022789999979977438
24.479755,0.0019121000002542132,0.0021041000003151566,0.002552708787275658,0.0022044076926220984,-0.00022789999979977438
24.499754,0.013572100000374121,0.003116100000352162,0.0033500262099137976,0.004114058042287909,0.0019121000002542132
24.519754,-0.0023678999996263883,0.004438100000334089,0.003738227360701881,0.004226389044639527,0.004242100000283244
24.539754,0.004832100000385253,0.004438100000334089,0.0036386556283392424,0.0040434053616540755,0.004242100000283244
24.559754,0.004242100000283244,0.001794100000324761,0.003108506604157089,0.002914594172800601,0.0019121000002542132
24.579754,0.0019121000002542132,0.001912100000299688,0.0023092769508374763,0.0018960860142928537,0.0019121000002542132
24.599753,0.0003521000003274821,0.0009001000002626825,0.0014431149508061917,0.000529396037583998,0.0003521000003274821
24.619753,-0.001777899999751753,0.0010181000002830842,0.0006855238709927819,0.00143743799561029,0.0003521000003274821
24.639753,-0.00022789999979977438,0.00028010000028189097,0.00014081738530977682,0.00011081794897407855,-0.00022789999979977438
24.659753,0.004832100000385253,0.00016410000025643968,-0.00016539265435432148,-0.000197154078994208,-0.00022789999979977438
24.679753,-0.001777899999751753,0.00016410000025643968,-0.000263916609031479,6.734475551365283e-05,-0.00022789999979977438
24.699753,-0.00022789999979977438,0.00028010000028189097,-0.00021296253602412577,-0.00040659463843652004,-0.00022789999979977438
24.719752,-0.001777899999751753,-0.0006158999997296633,-8.053203433831253e-05,0.00018389487206737378,-0.00022789999979977438
24.739752,0.0003521000003274821,-0.0006158999997296633,6.255304877290756e-05,-0.0005501610719765091,-0.00022789999979977438
24.759752,0.0003521000003274821,0.0003961000003073423,0.00015182143889174145,6.225874431949974e-06,0.0003521000003274821
24.779752,-0.001777899999751753,0.00027810000033241523,0.00014855638276281948,0.0010917270399543664,0.0003521000003274821
24.799752,0.004832100000385253,0.0011741000003439694,6.364789992988846e-05,0.00031615594439361587,0.0003521000003274821
24.819751,-0.0023678999996263883,0.00032010000031732486,-3.097624274530594e-05,9.18202800604148e-05,-0.001777899999751753
24.839751,0.004832100000385253,-0.00026389999966340837,-2.1096478522161846e-05,-0.0008261051278832046,-0.0023678999996263883
24.859751,-0.003917899999805741,-0.0006918999996742059,0.0001964354249531881,9.237972061049252e-05,-0.0023678999996263883
24.879751,-0.004697899999655419,0.0001641000003019144,0.0006459841050124276,0.0007856897439175166,0.0019121000002542132
24.89975,0.0026921000003312656,0.0009401000002981164,0.0012320438430424366,0.0006359461541407058,0.0019121000002542132
24.91975,0.0019121000002542132,0.0016781000002993097,0.0017606539505052022,0.0019015871797658202,0.0019121000002542132
24.93975,0.008712100000366263,0.0025721000002704385,0.0020224333543309003,0.0015623564105239015,0.0019121000002542132
24.95975,-0.00022789999979977438,0.0024161000002550282,0.001893479900107796,0.002742333100502208,0.0019121000002542132
24.97975,-0.00022789999979977438,0.0016781000002538348,0.001398134835276247,0.001977507925644877,-0.00022789999979977438
24.999749,0.0019121000002542132,0.00031810000023142494,0.0007047058588061837,0.0014959694641127025,-0.00022789999979977438
25.019749,-0.001777899999751753,8.100000241029192e-06,6.428157240579005e-05,-0.00023291165477545665,-0.00022789999979977438
25.039749,0.0019121000002542132,0.0005921000002672372,-0.00027649646118644775,-0.0017292986011612347,0.0019121000002542132
25.059749,-0.001777899999751753,-0.0013138999997408974,-0.00015916884070417566,-0.0006739372957561136,-0.001777899999751753
25.079749,0.0026921000003312656,8.100000286503928e-06,0.00042778019231378653,0.0004940813522720819,0.0019121000002542132
25.099749,-0.007617899999786459,0.0013681000003089138,0.0013327960470226722,0.002301354079545793,0.0026921000003312656
25.119748,0.004832100000385253,0.0031161000003066875,0.002281996058664498,0.0029406081588284096,0.004832100000385253
25.139748,0.008712100000366263,0.0031161000003066875,0.002974620134706746,0.0019766687648963463,0.004832100000385253
25.159748,0.006962100000237115,0.0033901000003424995,0.0031981632276423607,0.003685013753240333,0.004832100000385253
25.179748,0.0026921000003312656,0.002378100000305494,0.00290380886118113,0.0027411442893450185,0.0026921000003312656
25.199748,-0.006247899999607398,0.0024961000002804213,0.0022009762243448425,0.0026165755247605643,0.0026921000003312656
25.219747,-0.00022789999979977438,-0.0004198999997242936,0.0012852043477906412,0.0007483937065577,-0.00022789999979977438
25.239747,0.009302100000240898,-0.0004198999997242936,0.0003552437254892763,0.00010347529164730939,-0.00022789999979977438
25.259747,-0.007617899999786459,0.001056100000278093,-0.0004350913158666343,-0.00047976480155815853,0.0011321000004045345
25.279747,0.0026921000003312656,0.0006281000003127701,-0.0009866749149023894,-0.0010601144519117522,0.0011321000004045345
25.299747,0.0011321000004045345,-0.002481899999656889,-0.0012498004954599664,-0.0008951960369708692,-0.0023678999996263883
25.319746,-0.0023678999996263883,-0.0013138999996499478,-0.0012240679554658177,-0.0011791587408971679,-0.001777899999751753
25.339746,-0.006247899999607398,-0.0008858999996391503,-0.000965427358263325,-0.0010209536126997922,-0.001777899999751753
25.359746,-0.001777899999751753,-0.00026389999966340837,-0.0005845975642532896,0.00028685524509640273,-0.001777899999751753
25.379746,0.004832100000385253,-0.00014589999968848134,-0.00021794438075474376,-0.0011633778551608947,-0.001777899999751753
25.399746,0.004242100000283244,0.0001641000003019144,2.6133458997038987e-05,-0.0004654524472474886,-0.001777899999751753
25.419745,-0.001777899999751753,0.0002801000003273657,0.00011263784460927178,0.0008598389280697658,-0.0011978999996244966
25.439745,-0.004697899999655419,0.0002801000003273657,8.359528957377056e-05,0.0009378342660759479,-0.0011978999996244966
25.459745,-0.0011978999996244966,-0.00034189999964837623,2.0489707145352254e-05,-7.661794837920542e-05,-0.0011978999996244966
25.479745,0.004832100000385253,-0.0007698999996591738,-2.021623002437981e-06,-0.001316501398287925,-0.0011978999996244966
25.499745,0.0011321000004045345,0.00012410000031195522,5.741490134525022e-05,-0.0009090655008408264,-0.00022789999979977438
25.519744,-0.003917899999805741,0.00043410000030235095,0.00020240233364354315,0.0009091396273519942,0.0003521000003274821
25.539744,-0.00022789999979977438,0.00043410000030235095,0.00040617683503051154,0.0016131023313075937,0.0003521000003274821
25.559744,0.0003521000003274821,0.001056100000278093,0.0006286761044239603,0.0007899787881803618,0.0003521000003274821
25.579744,0.004832100000385253,0.0013661000003139633,0.0008442481645355682,0.00023126083945526588,0.0003521000003274821
25.599744,0.004242100000283244,0.0010561000003235677,0.00106659742314664,0.0015064589746584113,0.0003521000003274821
25.619743,-0.0023678999996263883,0.0016401000003043009,0.0013464200695825887,0.0011419601401804218,0.0032721000002311484
25.639743,-0.001777899999751753,0.0015221000002838992,0.0017323615667613375,0.0015797689979677872,0.0032721000002311484
25.659743,0.0032721000002311484,0.0003181000002768997,0.0022183291057797593,0.001928673426832442,-0.001777899999751753
25.679743,0.004242100000283244,0.002962100000240753,0.0027166310825442403,0.002524058042195231,0.0032721000002311484
25.699743,-0.001777899999751753,0.003700100000241946,0.0030798832990562553,0.0030293727275193917,0.0032721000002311484
25.719742,0.010852100000192877,0.0035841000002619695,0.0031619967076019456,0.003803661771820938,0.0026921000003312656
25.739742,0.0019121000002542132,0.002262100000280043,0.002885273863528376,0.0024493960375833973,0.0019121000002542132
25.759742,0.0026921000003312656,0.0026881000002958897,0.002277769619552616,0.0018375545457448603,0.0019121000002542132
25.779742,-0.0023678999996263883,0.0001621000003069639,0.0014632048197961412,0.0021414240096193507,0.0003521000003274821
25.799742,0.0003521000003274821,0.0011721000003035442,0.0006155475834024343,0.0012988132870265792,0.0003521000003274821
25.819741,-0.001777899999751753,0.0007041000003027876,-9.075347984806195e-05,-0.00041225897404786383,0.0003521000003274821
25.839741,0.006962100000237115,-0.00018989999971381623,-0.0005132723813318615,-0.0006901610719654286,0.0003521000003274821
25.859741,0.0003521000003274821,-0.0003058999997392675,-0.0005621699330300911,-0.0010814664333084068,-0.00022789999979977438
25.879741,-0.006837899999709407,-0.0003058999997392675,-0.00022730453908476812,0.00042053822869044335,-0.00022789999979977438
25.89974,-0.00022789999979977438,-0.0007338999997500651,0.0003886233421336613,-3.8459440313328135e-05,-0.00022789999979977438
25.91974,-0.001777899999751753,0.0004721000002518849,0.0010624019303167543,0.000446389044532703,-0.00022789999979977438
25.93974,0.004822100000183127,0.001056100000232618,0.0015024281862224774,0.0005486034967514431,-0.00022789999979977438
25.95974,0.006382100000337232,0.0019501000002492218,0.0014578421780835566,0.0025833121214555313,0.004242100000283244
25.97974,-0.003917899999805741,0.002376100000265069,0.0008370429539840229,0.0025260393942017918,0.004242100000283244
25.99974,0.004242100000283244,0.001056100000278093,-0.00022613944133610716,4.783426600896211e-05,0.0003521000003274821
26.019739,0.0003521000003274821,-0.002325899999732428,-0.001397458650303431,-0.0013450561768787316,-0.001777899999751753
26.039739,-0.001777899999751753,-0.002597899999727815,-0.0022584338280183863,-0.003740254312091287,-0.001777899999751753
26.059739,-0.010527899999715373,-0.0030638999997336215,-0.0024754767936472984,-0.0032056389274789233,-0.001777899999751753
26.079739,-0.005277899999782676,-0.0031798999997590728,-0.0019524651656071762,-0.001922375524209143,-0.001777899999751753
26.099739,0.0019121000002542132,-0.0010818999997354694,-0.0008898202862802594,-0.0012889256407833793,-0.00022789999979977438
26.119738,-0.00022789999979977438,0.0009781000002476504,0.00028976492434521,0.00047601608417080325,-0.00022789999979977438
26.139738,0.008712100000366263,0.0024161000002550282,0.0011191005088757977,0.0011692794874376855,0.0019121000002542132
26.159738,-0.00022789999979977438,0.0015601000002789078,0.0012820090003009702,0.00263319557135561,-0.00022789999979977438
26.179738,0.0019121000002542132,0.0008221000002777146,0.0007361748407691452,0.001870514918694628,-0.00022789999979977438
26.199738,-0.0023678999996263883,-0.0003818999997292849,-0.0002831015916291144,-0.00023542913723729206,-0.00022789999979977438
26.219737,-0.003917899999805741,-0.0012758999997004139,-0.0013656168409180356,-0.002162142423936739,-0.0023678999996263883
26.239737,0.0026921000003312656,-0.003025899999693138,-0.0020835674656212093,-0.003814333566143572,-0.003917899999805741
26.259737,-0.004697899999655419,-0.002907899999718211,-0.0021445525110678995,-0.002650137761938109,-0.003917899999805741
26.279737,-0.006837899999709407,-0.0011598999997204373,-0.0014934486732248442,-0.0012556156174387341,-0.001777899999751753
26.299736,-0.001777899999751753,-0.0003058999997392675,-0.00033064565546076484,0.000632239860386529,-0.001777899999751753
26.319736,0.004822100000183127,0.0015981000002284417,0.0009660616339750595,0.0017327060608356673,0.004822100000183127
26.339736,0.006962100000237115,0.0029201000002103683,0.0019910796542975213,0.001526389044496822,0.004822100000183127
26.359736,0.004822100000183127,0.0029201000002103683,0.002465433828906734,0.0028893494174589904,0.004822100000183127
26.379735,-0.00022789999979977438,0.0014821000002484652,0.002321233959563473,0.0017654799536232753,-0.00022789999979977438
26.399735,-0.001777899999751753,0.0006281000002672954,0.0016841686813183691,0.0021314240095979577,-0.00022789999979977438
26.419735,-0.0023678999996263883,-0.0008098999996946077,0.0007850947034164833,0.00038760116580526763,-0.001777899999751753
26.439735,0.0026921000003312656,0.0010941000003185763,-0.00013438657511975562,-0.0010096482514394046,-0.001777899999751753
26.459735,-0.0023678999996263883,-0.0006558999996741477,-0.0008747294759522027,-0.0009173638691336132,-0.0023678999996263883
26.479735,0.009292100000266146,-0.0005378999996992206,-0.0012884802797102895,-0.0005349862467779851,-0.001777899999751753
26.499735,-0.010527899999715373,-0.0005378999996992206,-0.0012799817939452426,-0.0006406272724278983,-0.001777899999751753
26.519734,-0.001777899999751753,-0.00010989999973389785,-0.00082171147096988,-0.00038827296008583836,-0.00022789999979977438
26.539734,0.0026921000003312656,-0.00174189999970622,1.855551081328659e-05,-0.000777037528848328,-0.00022789999979977438
26.559734,-0.00022789999979977438,0.0012121000002935033,0.0010682892606159796,0.0009030790212637589,0.0011321000004045345
26.579734,0.0011321000004045345,0.0019501000002946967,0.002078638054617592,0.0008505382287342469,0.0019121000002542132
26.599733,0.004242100000283244,0.0028041000002758665,0.0027872859844155764,0.0035707946389698583,0.0019121000002542132
26.619733,0.0019121000002542132,0.002494100000285471,0.002996031144439616,0.0039889065270681135,0.0019121000002542132
26.639733,0.006962100000237115,0.0032321000002411894,0.0026374410734240333,0.0026159927741469546,0.004242100000283244
26.659733,-0.001777899999751753,0.002454100000250037,0.0018050976129353193,0.0018074146855899345,0.0019121000002542132
26.679733,0.004822100000183127,0.00012210000027153002,0.0007304884786367937,0.0003341279722895282,0.0003521000003274821
26.699733,0.0003521000003274821,-0.0011998999997103964,-0.0002921821382928628,-0.0005566412584631251,0.0003521000003274821
26.719732,-0.009747899999638321,-0.0008898999997200008,-0.001009106308370404,-0.0015393918412102948,0.0003521000003274821
26.739732,0.0003521000003274821,-0.0014718999997057835,-0.0012950400808042506,-0.0017172706290804185,0.0003521000003274821
26.759732,-0.00022789999979977438,-0.0018978999997216305,-0.00118301625396232,-0.0007218393936528121,-0.00022789999979977438
26.779732,0.0019121000002542132,0.0009001000002626825,-0.0008200999955962127,-0.00035356433538852295,0.0003521000003274821
26.799731,-0.001777899999751753,0.0007841000002372312,-0.00037666322488141493,0.0005271582752925249,-0.00022789999979977438
26.819731,0.004242100000283244,0.0007841000002372312,3.801682681033943e-05,0.0003616804198010333,-0.00022789999979977438
26.839731,-0.00022789999979977438,-0.0003818999997747596,0.0004097775172239813,-0.00025950839138560446,-0.00022789999979977438
26.859731,-0.00022789999979977438,-0.00018789999976434046,0.000790794254161368,0.0008109344990630244,-0.00022789999979977438
26.879731,-0.003917899999805741,0.0008221000002322399,0.0012316641138770314,0.0006603517484995224,-0.00022789999979977438
26.89973,-0.0008078999996996572,0.0017161000002488436,0.0017220618974374273,0.0008723564105037032,-0.00022789999979977438
26.91973,0.009292100000266146,0.0012881000002835207,0.002182712452292091,0.0022765988347581774,-0.0008078999996996572
26.93973,0.004242100000283244,0.0030361000002812944,0.002514355203031749,0.002933009091199237,0.004242100000283244
26.95973,-0.0023678999996263883,0.004940100000294478,0.0026675170052978996,0.0034801186483272286,0.004822100000183127
26.97973,0.004822100000183127,0.002142100000310165,0.00268615920424604,0.0031782771564819504,0.004242100000283244
26.99973,0.008712100000366263,0.002142100000310165,0.0027008569269649056,0.0030494193476261703,0.004242100000283244
27.019729,-0.004697899999655419,0.002998100000286286,0.0028750389311411914,0.002190864569074476,0.004242100000283244
27.039729,0.004242100000283244,0.003776100000322913,0.0033259790180576723,0.002396738694936039,0.004242100000283244
27.059729,0.0019121000002542132,0.0024161000003005027,0.004054656004958067,0.004357880886082938,0.0019121000002542132
27.079729,0.008712100000366263,0.004438100000288614,0.004919662388332872,0.004676925175142172,0.004242100000283244
27.099729,0.0019121000002542132,0.006304100000306789,0.005671169753591607,0.005464850583041413,0.005412100000285136
27.119728,0.005412100000285136,0.006304100000306789,0.0060331229839422915,0.006341633799836474,0.005412100000285136
27.139728,0.013572100000374121,0.004944100000284379,0.0058031308910126925,0.005598929837134607,0.0019121000002542132
27.159728,0.0019121000002542132,0.0046321000002990335,0.004933036464770926,0.005262589510767883,0.0019121000002542132
27.179728,0.0019121000002542132,0.004514100000278631,0.0035588575336201965,0.003983824941984518,0.0019121000002542132
27.199727,0.0003521000003274821,0.0017541000002438522,0.001970114096537966,0.0025057363639102706,0.0019121000002542132
27.219727,0.004822100000183127,0.000898100000267732,0.0005344042387052572,0.00018037505854425634,0.0003521000003274821
27.239727,-0.00022789999979977438,-0.00042389999971419455,-0.00039735953194386083,-0.0014675270393562706,-0.00022789999979977438
27.259727,-0.0023678999996263883,-0.00011189999972884834,-0.0005854332595267948,-0.00023167622349385395,-0.00022789999979977438
27.279727,-0.004697899999655419,-0.0002278999997088249,2.3845935057759804e-05,-0.0003639139857279439,-0.00022789999979977438
27.299726,0.0019121000002542132,0.0012101000002985528,0.0012706374800993407,0.0019514473196315173,0.0019121000002542132
27.319726,0.004242100000283244,0.0025321000002804794,0.0028252363758374567,0.002782636130834395,0.004242100000283244
27.339726,0.006962100000237115,0.006070100000260936,0.0042962483725492604,0.0045532188813915105,0.004242100000283244
27.359726,0.004242100000283244,0.005332100000259743,0.00535986778029778,0.005707368065509998,0.004242100000283244
27.379726,0.012992100000246865,0.00544810000023972,0.005852961409772082,0.00593114428927934,0.004822100000183127
27.399725,-0.001777899999751753,0.004904100000248946,0.005792083015842524,0.00602419790235348,0.004242100000283244
27.419725,0.004822100000183127,0.004904100000248946,0.005320369241156059,0.00427261282076674,0.004242100000283244
27.439725,0.004242100000283244,0.003582100000267019,0.0046208638636078435,0.00417499044315074,0.004242100000283244
27.459725,0.004242100000283244,0.0031541000002562212,0.0038451602530170255,0.0038235219116770462,0.004242100000283244
27.479725,0.006382100000337232,0.004048100000272825,0.003085047170604302,0.002506155944315011,0.004242100000283244
27.499724,-0.003917899999805741,0.0028441000002658256,0.0023831409518349205,0.003151214219386639,0.004242100000283244
27.519724,0.009292100000266146,0.0018341000002692453,0.0017612556290363109,0.002115130303306168,-0.0008078999996996572
27.539724,-0.001777899999751753,0.001096100000268052,0.0012458379061293142,0.0017054566436364973,-0.0008078999996996572
27.559724,-0.0008078999996996572,0.002262100000280043,0.0008776189081594695,0.0017460160842005972,0.0019121000002542132
27.579724,0.0026921000003312656,0.00047410000029231015,0.0007021647117926165,-0.00036424032606353007,0.0003521000003274821
27.599724,0.0019121000002542132,0.0007841000002827059,0.0007467004269992346,0.0007032421914099393,0.0003521000003274821
27.619723,0.0003521000003274821,-0.0003058999997392675,0.0009923617560030277,0.0004843610725180425,0.0003521000003274821
27.639723,-0.00022789999979977438,0.0017541000002438522,0.0013527424502474813,0.0016387666669315138,0.0003521000003274821
27.659723,-0.006257899999809524,0.0015981000002739166,0.001674692443130196,0.0011686734268474641,0.0003521000003274821
27.679723,0.012992100000246865,0.0010541000002831425,0.0017769242333300083,0.0016438249420066984,-0.00022789999979977438
27.699723,0.0011321000004045345,0.0011701000003085937,0.0015219050722538872,0.002050468298683397,0.0003521000003274821
27.719722,-0.0023678999996263883,0.0032701000003271473,0.0008871695871354085,0.0013011442893691868,0.0011321000004045345
27.739722,0.0003521000003274821,-0.00026789999965330934,-5.136781245911004e-06,0.0005894426576751183,0.0003521000003274821
27.759722,0.004242100000283244,-0.001745899999696121,-0.0009183599080544391,-0.0007310002327905221,-0.0023678999996263883
27.779722,-0.004697899999655419,-0.0013178999997307983,-0.0015802340474144817,-0.002635382517195737,-0.00022789999979977438
27.799721,-0.006257899999809524,-0.0017438999997466454,-0.0017830296772898264,-0.0023203941722357378,-0.001777899999751753
27.819721,-0.00022789999979977438,-0.002053899999737041,-0.0014673794834762419,-0.0014989023307525181,-0.001777899999751753
27.839721,-0.001777899999751753,-0.001469899999756308,-0.0007513159394631546,-0.000648319580181346,-0.001777899999751753
27.859721,0.0026921000003312656,0.00117410000025302,0.00011317571735141189,-9.955501141577032e-05,-0.00022789999979977438
27.879721,-0.001777899999751753,0.0016021000002638176,0.0008383746733397604,0.0020064356646034625,0.0019121000002542132
27.89972,0.006962100000237115,0.0014841000002888904,0.0012100177147856763,0.002064873893063222,0.0019121000002542132
27.91972,0.0019121000002542132,0.0011721000003035442,0.0011599978535930117,0.0005033354315414878,0.0011321000004045345
27.93972,-0.0023678999996263883,0.00047210000029735967,0.0007720233195299334,0.00021561981382775948,0.0011321000004045345
27.95972,0.0011321000004045345,-0.0013938999996753409,0.00022161061780323363,-0.00047174615353537527,-0.0023678999996263883
27.97972,-0.005277899999782676,-0.0009278999996695347,-0.0003136937397383778,-0.0005301610719347827,-0.0023678999996263883
27.999719,-0.0023678999996263883,-0.00038389999967876066,-0.0007218921389062921,-0.001000114451888335,0.0003521000003274821
28.019719,0.004242100000283244,-0.0005398999996941711,-0.0009662107079111632,0.00011065477889188205,0.0003521000003274821
28.039719,0.0003521000003274821,0.0005861000003278604,-0.0010419938008258847,-0.000449275291048635,0.0003521000003274821
28.059719,0.0003521000003274821,0.0005861000003278604,-0.0009240255208582202,-0.0010611167829025427,0.0003521000003274821
28.079719,0.0003521000003274821,-0.0015138999996906933,-0.0005537310641556815,-2.850606030292669e-05,0.0003521000003274821
28.099718,-0.0023678999996263883,-0.0006198999997195642,0.00011610516207169454,0.00011848694666611453,0.0003521000003274821
28.119718,-0.006257899999809524,0.0007021000002623623,0.0010479288884830532,-0.00017312144495440946,0.0003521000003274821
28.139718,0.004822100000183127,0.001170100000263119,0.0020735379010303956,0.001602169930325943,0.0026921000003312656
28.159718,0.006962100000237115,0.0020261000002392395,0.0029190783150473006,0.002787997436146124,0.0026921000003312656
28.179718,0.0026921000003312656,0.004554100000268591,0.003298108752783384,0.0033123797205416835,0.004822100000183127
28.199718,0.0019121000002542132,0.0034281000002920337,0.0030261511415276515,0.00399060815879831,0.0026921000003312656
28.219717,0.006382100000337232,0.001562100000319333,0.002101085039560164,0.002917298135505687,0.0019121000002542132
28.239717,-0.0008078999996996572,0.0008621000003131485,0.0007162265453879941,0.0003207013989116937,-0.0008078999996996572
28.259717,-0.0023678999996263883,-0.000771899999699599,-0.0007967892056030374,-0.001262631934413486,-0.0008078999996996572
28.279717,-0.0008078999996996572,-0.002521899999692323,-0.0020731437228143075,-0.002029555011339042,-0.0023678999996263883
28.299716,-0.006257899999809524,-0.002833899999677669,-0.0028293187198093015,-0.003236781118570049,-0.0023678999996263883
28.319716,-0.0023678999996263883,-0.0027158999997027424,-0.002945568636343879,-0.0039220025637930166,-0.0023678999996263883
28.339716,-0.0023678999996263883,-0.0029098999997131613,-0.0024881145025636283,-0.002443401165201413,-0.0023678999996263883
28.359716,-0.001777899999751753,-0.0011198999996850033,-0.0016656405641147858,-0.0008551494169755357,-0.001777899999751753
28.379716,-0.001777899999751753,0.0003181000002768997,-0.0007379390041453417,6.410466229340043e-05,-0.001777899999751753
28.399715,0.0026921000003312656,0.00117410000025302,8.900978230972891e-05,0.0009352002333791343,0.0019121000002542132
28.419715,0.004822100000183127,0.001056100000278093,0.0007401302695043012,0.0011239414920917248,0.0019121000002542132
28.439715,0.0019121000002542132,0.0013661000002684887,0.0012837008586351348,0.0010209111890713838,0.0019121000002542132
28.459715,-0.0023678999996263883,0.0013661000002684887,0.001865489207624015,0.0007939414921388907,0.0019121000002542132
28.479715,-0.00022789999979977438,0.0006661000003077788,0.002592130980490133,0.0013391163173190157,0.001322100000379578
28.499714,0.0026921000003312656,0.0015601000003243825,0.003427952190305999,0.002996435664628386,0.001322100000379578
28.519714,0.001322100000379578,0.004204100000288235,0.00417095911124066,0.004580934499154816,0.0026921000003312656
28.539714,0.006382100000337232,0.0061081000003014195,0.004533156051478779,0.005046785314996021,0.006382100000337232
28.559714,0.010852100000192877,0.0050961000003098885,0.004290569256802623,0.004619675757861863,0.006382100000337232
28.579714,0.009292100000266146,0.0035801000002720685,0.0034226080572679744,0.00403496713315288,0.006382100000337232
28.599714,-0.0023678999996263883,0.002258100000244667,0.0021575206515619416,0.0026362958044474855,-0.00022789999979977438
28.619713,-0.006257899999809524,0.0009361000002627406,0.0008917497388240165,0.0009266687648209742,-0.00022789999979977438
28.639713,-0.00022789999979977438,-0.001277899999740839,2.7875925167912268e-05,-0.00048682773867428505,-0.001777899999751753
28.659713,0.004242100000283244,-0.0007338999997500651,-0.0001800241047940552,-0.0011123755242216115,-0.00022789999979977438
28.679713,-0.001777899999751753,0.0014821000002484652,0.0002945190483976713,-0.0005332613051104001,0.0003521000003274821
28.699712,0.0003521000003274821,0.0019101000002592627,0.0012598694743021866,0.0020956198137633167,0.0019121000002542132
28.719712,0.004822100000183127,0.001600100000268867,0.0023793619828935356,0.0029116804198502143,0.0019121000002542132
28.739712,0.0019121000002542132,0.0033481000002666406,0.003275642142683842,0.0030657363639072905,0.0026921000003312656
28.759712,0.0026921000003312656,0.0033481000002666406,0.003638853712327093,0.003787437995611622,0.0026921000003312656
28.779712,0.006962100000237115,0.003232100000286664,0.003314947763924857,0.0037232655014538063,0.0026921000003312656
28.799711,0.0003521000003274821,0.0029201000003013177,0.0023530659391380803,0.002679838928023246,0.0026921000003312656
28.819711,0.004242100000283244,0.0010141000002931832,0.000995933072560138,0.0005081372963444793,0.0003521000003274821
28.839711,0.0003521000003274821,-0.0007338999997045903,-0.0003914567357324614,-0.000722095803900095,0.0003521000003274821
28.859711,-0.006837899999709407,-0.0017438999997011705,-0.0014394364496070117,-0.0015917694635791675,-0.001777899999751753
28.879711,-0.001777899999751753,-0.002209899999706977,-0.0018986749614321433,-0.0019724920742866126,-0.001777899999751753
28.899711,-0.004697899999655419,-0.00174189999970622,-0.0017216996293633233,-0.0017466878784949478,-0.001777899999751753
28.91971,0.0019121000002542132,-0.0003038999996988423,-0.0010641614461856363,-0.001888063169857807,0.0003521000003274821
28.93971,0.0026921000003312656,-0.0003038999996988423,-0.00020728110028440298,0.00010328881147773065,0.0003521000003274821
28.95971,0.0003521000003274821,0.0011741000002984947,0.0005586487749253247,0.002142356410561589,0.0019121000002542132
28.97971,-0.001777899999751753,0.0019521000002896472,0.0010373890816834407,0.0010017969699995933,0.0026921000003312656
28.99971,0.0026921000003312656,0.0011741000002984947,0.001181356650255519,0.001444221212410831,0.0003521000003274821
29.019709,0.005802100000209975,-0.00014789999972890654,0.0010884245567487328,0.0008156664338391929,-0.0011978999996244966
29.039709,-0.0011978999996244966,0.001600100000268867,0.0009475125935926394,0.0006376944058527431,0.0026921000003312656
29.059709,-0.006257899999809524,0.001016100000242659,0.000950192861132632,0.00047687855502632625,-0.00022789999979977438
29.079709,0.006962100000237115,-7.389999973383965e-05,0.0012005014215028793,0.0005848972030568682,-0.00022789999979977438
29.099709,-0.00022789999979977438,0.0005481000002419024,0.0016625023667883902,0.0013600020981488852,0.0003521000003274821
29.119708,0.0003521000003274821,0.0030761000002712535,0.002169509487382584,0.002706645454803963,0.0019121000002542132
29.139708,0.0019121000002542132,0.0030761000002712535,0.0024904412102239315,0.0032223331005130557,0.0019121000002542132
29.159708,0.006382100000337232,0.002882100000306309,0.002426596196823112,0.0030065289047305943,0.0019121000002542132
29.179708,0.006962100000237115,0.0013281000003189547,0.0018990665181097956,0.0005919601401751143,0.0019121000002542132
29.199708,-0.0011978999996244966,0.0009001000003081572,0.0009851570590461033,0.0005603750586014063,-0.00022789999979977438
29.219707,-0.00741789999960929,-0.0008498999996845669,-0.00011518636159621355,0.0011896757578826315,-0.0011978999996244966
29.239707,-0.00022789999979977438,-0.0013938999996753409,-0.0011585630533290144,-0.000853144754920284,-0.0011978999996244966
29.259707,-0.0023678999996263883,-0.000771899999699599,-0.001930766622909515,-0.003022771794565737,-0.00022789999979977438
29.279706,0.004242100000283244,-0.001977899999701549,-0.002278739364566793,-0.0032526785544676287,-0.00022789999979977438
29.299706,0.0019121000002542132,-0.001977899999701549,-0.0021129590627530924,-0.0007069675987846438,-0.00022789999979977438
29.319706,-0.01344789999961904,-0.0002278999997088249,-0.001414019250654211,-0.0002965480183672262,0.0019121000002542132
29.339706,-0.00022789999979977438,0.0003161000002819492,-0.00025402534361648656,-0.0006779699297769761,0.0019121000002542132
29.359706,0.006382100000337232,-0.0010058999996999773,0.0011927558884598434,0.0005096524478393749,-0.00022789999979977438
29.379705,0.006962100000237115,0.0029601000002912768,0.0026764825829804707,0.002425876224092225,0.006382100000337232
29.399705,-0.004697899999655419,0.004748100000324484,0.003929187823916354,0.0033924263406474994,0.006382100000337232
29.419705,0.006382100000337232,0.004748100000324484,0.004726299235517092,0.005797111655320633,0.006382100000337232
29.439705,0.008712100000366263,0.002570100000320963,0.004935613976702707,0.004765946154176899,0.006382100000337232
29.459705,0.006382100000337232,0.0053681000003052756,0.004548838407881278,0.00391226317046721,0.006382100000337232
29.479705,-0.003927899999780493,0.004162100000303326,0.003687707525706771,0.0038665755247687724,0.006382100000337232
29.499704,0.009292100000266146,0.0023741000002701186,0.0025770634908365044,0.0038242212123957824,0.0003521000003274821
29.519704,0.0003521000003274821,0.0011681000002681686,0.0014893228013501995,0.0006977410259284931,0.0003521000003274821
29.539704,-0.00022789999979977438,0.0014801000002989894,0.0006738288767379923,-0.00011764358945867985,0.0003521000003274821
29.559704,0.0003521000003274821,-0.0008518999996795174,0.00028669645609468586,0.0003164123546133377,-0.00022789999979977438
29.579704,-0.0023678999996263883,0.0004701000003024092,0.0003411839223229921,0.0008152468534662527,-0.00022789999979977438
29.599703,-0.0023678999996263883,0.0010521000003336667,0.0007021370011166633,0.0005225895108243362,0.0003521000003274821
29.619703,0.006962100000237115,0.0010521000003336667,0.0011370157438492304,0.0011510510492775295,0.0003521000003274821
29.639703,0.002682100000356513,0.002062100000330247,0.0014085069237097453,0.0016748738931028704,0.002682100000356513
29.659703,0.0003521000003274821,0.001750100000299426,0.0013672329696449374,0.001403778321990548,0.002682100000356513
29.679703,0.002682100000356513,0.0008941000003233057,0.0010008690939258124,0.0019408179490364038,0.002682100000356513
29.699703,-0.003927899999780493,-0.00011589999967327458,0.00042226600664771057,0.0001672515154808778,0.0003521000003274821
29.719702,0.002682100000356513,7.810000033714459e-05,-0.0001877702208959683,-0.001166011887773967,0.001322100000379578
29.739702,-0.0023678999996263883,-0.0018258999996760394,-0.0006512799225570824,-0.001099345221113435,-0.0023678999996263883
29.759702,0.001322100000379578,-0.00019189999966329196,-0.0008500930148268325,-0.0007440305358048873,0.001322100000379578
29.779702,-0.006837899999709407,-0.0006578999996690981,-0.0007537507299078425,-0.0005117461535266068,0.0003521000003274821
29.799701,0.004242100000283244,0.00019810000030702214,-0.00041340692238454185,0.00028727482549690316,0.001322100000379578
29.819701,0.0003521000003274821,4.100000296602957e-06,7.335066049007822e-05,-0.0004449862467762497,0.0003521000003274821
29.839701,0.0019121000002542132,0.0014421000003039808,0.0006089408722056696,0.0011794892776821188,0.0003521000003274821
29.859701,0.0003521000003274821,0.0006641000003128284,0.0011287734280210956,0.0009391629373572737,0.0003521000003274821
29.879701,0.0003521000003274821,0.001986100000294755,0.0016059674310110626,0.0022473214455403963,0.0003521000003274821
29.8997,0.0003521000003274821,0.0011301000003186346,0.0020334971321385484,0.0012736384618623135,0.0003521000003274821
29.9197,0.006962100000237115,0.0023361000003205845,0.0024022767674106776,0.0017216804198813237,0.0003521000003274821
29.9397,-0.0023678999996263883,0.0022201000002951333,0.002690180687259025,0.0026235452217375746,0.0003521000003274821
29.9597,0.006382100000337232,0.003114100000266262,0.0028656505534629026,0.003716645454831393,0.004822100000183127
29.9797,-0.00022789999979977438,0.002998100000286286,0.0029020591042003673,0.0028535685317483015,0.004822100000183127
29.999699,0.004822100000183127,0.00354210000027706,0.0027961683077642316,0.002875829603995571,0.004822100000183127
30.019699,0.006382100000337232,0.0014801000002535147,0.0025806270171097327,0.0023813074594711534,0.0003521000003274821
30.039699,0.0003521000003274821,0.0029181000002608927,0.0023186845899931564,0.002397018415184313,0.004822100000183127
30.059699,-0.003927899999780493,0.0020241000002897635,0.002077887073957612,0.001811027739206056,0.0003521000003274821
30.079699,0.006962100000237115,0.0008181000002878136,0.0018974022049669933,0.0017661326343151183,0.0003521000003274821
30.099698,0.0003521000003274821,0.0017121000002589426,0.0017730351885769545,0.0013195358977095906,0.0003521000003274821
30.119698,0.0003521000003274821,0.0024521000002550863,0.0016719753197009387,0.002107694405839224,0.0003521000003274821
30.139698,0.004822100000183127,0.0019081000002643123,0.0015676384129566252,0.0017322165503601127,0.0003521000003274821
30.159698,-0.00022789999979977438,0.0022201000002496584,0.0014729679199299462,0.0023235452217180083,0.0019121000002542132
30.179698,0.004242100000283244,0.0012101000002530781,0.0014518569486617337,0.0014173913755649915,0.0019121000002542132
30.199697,0.0019121000002542132,0.0019881000002897053,0.00159793071974321,0.0013814240095925026,0.0019121000002542132
30.219697,-0.004697899999655419,0.0019881000002897053,0.0019857468866544803,0.0019655032636726436,0.0019121000002542132
30.239697,0.008712100000366263,0.0015221000002838992,0.0026165652895222408,0.0019573913755801765,0.0019121000002542132
30.259697,-0.00022789999979977438,0.002998100000286286,0.0033876479067709506,0.003455573193765834,0.0019121000002542132
30.279697,0.0019121000002542132,0.004474100000288672,0.004104187717683124,0.003137298135486079,0.002682100000356513
30.299696,0.009292100000266146,0.004008100000282866,0.004533691565784549,0.005375270163465619,0.002682100000356513
30.319696,0.002682100000356513,0.004124100000308317,0.0044845346978804115,0.005590281818493581,0.002682100000356513
30.339696,0.006382100000337232,0.005484100000330727,0.0038786015111239637,0.0031699787882045333,0.006382100000337232
30.359696,0.0003521000003274821,0.0019461000003502705,0.0027873305876948023,0.00290878997703226,0.002682100000356513
30.379696,0.008712100000366263,0.0006241000003228692,0.0014139176200319184,0.0012449438231744005,0.0003521000003274821
30.399695,-0.008397899999636138,-0.00026989999969373457,2.6549745656471257e-05,-0.0008915363633204357,0.0003521000003274821
30.419695,-0.003927899999780493,-0.0006978999997045321,-0.001129576209748096,-0.0009707671325849001,-0.0017878999997265055
30.439695,0.0019121000002542132,-0.002797899999723086,-0.0019001118674981609,-0.0013238207456349033,-0.0017878999997265055
30.459695,-0.0017878999997265055,-0.0007358999997450155,-0.0022384164573831067,-0.0017339372957580065,-0.0017878999997265055
30.479695,-0.0017878999997265055,-0.00042389999971419455,-0.0021749453635982944,-0.002781303263134445,-0.0017878999997265055
30.499694,0.0019121000002542132,-0.002057899999726942,-0.001773429737347708,-0.0012195550113917905,-0.0017878999997265055
30.519694,-0.0023678999996263883,-0.001745899999741596,-0.0011087913922135878,-0.0012889489507859604,-0.0017878999997265055
30.539694,-0.006257899999809524,-0.0004238999997596693,-0.0002749812732084541,-0.0003589722608379159,-0.00022789999979977438
30.559694,-0.00022789999979977438,0.00015810000022611347,0.0006002128889367054,0.0009820533801680493,-0.00022789999979977438
30.579694,0.004822100000183127,0.0015961000001880165,0.0013661298999089822,0.001170351748449468,0.004822100000183127
30.599693,0.004822100000183127,0.0024901000002046205,0.0018949639868962322,0.0013603983684959246,0.004822100000183127
30.619693,0.004822100000183127,0.002178100000219274,0.002133231865979377,0.0022974613055780466,0.004822100000183127
30.639693,-0.0017878999997265055,0.0017501000002539513,0.0021168703856668967,0.002779419347584393,0.002682100000356513
30.659693,-0.0017878999997265055,0.0013221000002886286,0.0019359170962668366,0.0014613540795333022,0.002682100000356513
30.679693,0.002682100000356513,0.0007401000003028457,0.0016767863822943646,0.001206901865086447,0.0019121000002542132
30.699692,0.002682100000356513,0.001052100000288192,0.0013853967892084418,0.0010494426576490093,0.0019121000002542132
30.719692,0.0019121000002542132,0.002258100000290142,0.0010716535576889637,0.0013164356646299053,0.002682100000356513
30.739692,-0.00022789999979977438,0.0012481000002935617,0.0007411548640997934,0.0014932888114732685,0.0019121000002542132
30.759692,0.004242100000283244,0.000666100000262304,0.000423736259480156,0.0005326128207995497,-0.00022789999979977438
30.779691,-0.0023678999996263883,-0.00018989999971381623,0.00017619270565981328,0.0001788599070467106,-0.00022789999979977438
30.799691,-0.00022789999979977438,-7.389999968836492e-05,5.613400022444538e-05,2.1610489801573356e-05,-0.00022789999979977438
30.819691,-0.0023678999996263883,-7.389999968836492e-05,8.352306429462386e-05,5.596503795158144e-06,-0.00022789999979977438
30.839691,0.0003521000003274821,4.410000028656214e-05,0.0002161401091527479,-0.0006608836826771567,-0.00022789999979977438
30.859691,0.004242100000283244,-7.189999969341443e-05,0.00035739639893526655,8.645690783505751e-07,-0.0008078999996996572
30.879691,-0.001777899999751753,0.0001621000003069639,0.0003941861388971036,0.0006614473196485087,-0.0008078999996996572
30.89969,-0.0008078999996996572,0.0013681000003089138,0.00024616578586164443,0.001143428671639946,-0.0008078999996996572
30.91969,-0.0011978999996244966,-0.0002638999997088831,-9.277880894133853e-05,0.00023475734294771183,-0.0011978999996244966
30.93969,0.006382100000337232,0.0001621000003069639,-0.0005335317593838975,-0.0006791820509802068,-0.0008078999996996572
30.95969,-0.003917899999805741,-0.0010438999996949861,-0.00090240803314094,-0.000927480419268083,-0.0011978999996244966
30.97969,0.0003521000003274821,-0.0002658999997038336,-0.000992067434992304,-0.0009570142188094679,0.0003521000003274821
30.999689,-0.006837899999709407,-0.0011598999997204373,-0.0006437066510071831,-0.0007298580416692357,0.0003521000003274821
31.019689,0.0026921000003312656,-0.00042189999971924407,0.0001734069013954222,0.0002322398603963044,0.0003521000003274821
31.039689,0.0019121000002542132,0.0009001000002626825,0.0013261031248423768,0.00028391818206658287,0.0019121000002542132
31.059689,-0.00022789999979977438,0.0032321000002411894,0.002545667400973744,0.0021681839163371357,0.0026921000003312656
31.079689,0.006962100000237115,0.0027641000002404325,0.0035098437753233983,0.003993894872038034,0.0019121000002542132
31.099689,0.004822100000183127,0.003658100000257036,0.003947256011850303,0.005133568531737685,0.004822100000183127
31.119688,0.0003521000003274821,0.004980100000284438,0.003728215968488452,0.0037404682986364904,0.006382100000337232
31.139688,0.006382100000337232,0.0026481000003059306,0.002912753722249491,0.0025585335667257557,0.004822100000183127
31.159688,0.006382100000337232,0.0009001000003081572,0.0017395684366471405,0.00151319557141404,0.0003521000003274821
31.179688,-0.004697899999655419,0.0005901000003177614,0.0005550126222051264,5.051491874061704e-05,-0.0011978999996244966
31.199687,-0.003917899999805741,-0.00014789999968343182,-0.00029811214694823375,-0.00041885571062476583,-0.0011978999996244966
31.219687,-0.0011978999996244966,-0.0010418999997000356,-0.0005890064352193837,0.00013872004692445244,-0.0011978999996244966
31.239687,0.0026921000003312656,0.00028010000028189097,-0.0002569410621247417,-0.0003739606057831189,0.0019121000002542132
31.259687,0.0019121000002542132,0.0020281000002796644,0.0005999214896393657,0.0003752235433778046,0.0019121000002542132
31.279687,0.0019121000002542132,0.002222100000244609,0.0017823154239326436,0.0022855265736803363,0.0019121000002542132
31.299686,0.004822100000183127,0.0025321000002350045,0.0030533582878124314,0.003164827272977513,0.0019121000002542132
31.319686,-0.00022789999979977438,0.0034261000002516083,0.004181788133566629,0.004102169930309498,0.004242100000283244
31.339686,0.004242100000283244,0.004436100000248189,0.004967143869110371,0.004524990443144241,0.004822100000183127
31.359686,0.006382100000337232,0.004748100000279009,0.005264925635251644,0.005088603496768512,0.006382100000337232
31.379686,0.006962100000237115,0.0051761000002898076,0.0050216276707525645,0.00507342867161557,0.006382100000337232
31.399685,0.006382100000337232,0.004710100000284001,0.004306645155383091,0.004047997436199045,0.006382100000337232
31.419685,0.0019121000002542132,0.003504100000282051,0.003313929231614888,0.004056738694929365,0.0019121000002542132
31.439685,0.0019121000002542132,0.002066100000274673,0.002316645649336888,0.002782076690232906,0.0019121000002542132
31.459685,0.0003521000003274821,0.0017541000002438522,0.0015850604105042316,0.001330375058525625,0.0019121000002542132
31.479685,-0.00022789999979977438,0.0013261000002330547,0.0012994658583005397,0.0005355498836952762,0.0003521000003274821
31.499685,0.004822100000183127,0.0010141000002477085,0.0014917714747499766,0.0013848272729590832,0.0003521000003274821
31.519684,-0.00022789999979977438,0.0019081000002188376,0.002034538938415585,0.0021693727275006853,0.0003521000003274821
31.539684,0.0003521000003274821,0.003346100000226215,0.002678554096849792,0.002352286480405253,0.004822100000183127
31.559684,0.004822100000183127,0.002336100000229635,0.003128823915956015,0.003253778321897966,0.0003521000003274821
31.579684,0.006962100000237115,0.0027641000002404325,0.0031406826319814343,0.0033519834501222747,0.0019121000002542132
31.599683,-0.00022789999979977438,0.003542100000231585,0.002607748278249747,0.0032599554780907967,0.004242100000283244
31.619683,0.0019121000002542132,0.002222100000244609,0.0016097054180201273,0.002149512587652527,0.0019121000002542132
31.639683,0.004242100000283244,0.0004741000002468354,0.00039917923701175706,0.00011081794897672876,-0.00022789999979977438
31.659683,-0.001777899999751753,-0.0011598999997204373,-0.0006729439759084816,-0.0012346599064786902,-0.001777899999751753
31.679682,-0.001777899999751753,-0.0014718999997057835,-0.0012748624642262795,-0.0017065013983251272,-0.001777899999751753
31.699682,-0.008397899999636138,-0.001355899999725807,-0.0012158962126135188,-0.0009453125871257199,-0.001777899999751753
31.719682,0.0003521000003274821,-0.0006178999997246137,-0.0005220409923877837,-0.0013228650346821357,0.0003521000003274821
31.739682,0.004822100000183127,0.00027610000029199,0.0005748849567099908,0.00018098111916203726,0.0019121000002542132
31.759682,0.0019121000002542132,0.00233810000027006,0.0017330012700328607,0.002625083683264202,0.0019121000002542132
31.779682,0.0026921000003312656,0.004126100000257793,0.00263463277575511,0.00407412797230389,0.0026921000003312656
31.799681,0.0019121000002542132,0.0035441000002720104,0.0030980312332163696,0.00407454755269591,0.0019121000002542132
31.819681,0.009292100000266146,0.002806100000270817,0.003123927801722166,0.0019661792543342075,0.0019121000002542132
31.839681,0.0019121000002542132,0.0014841000002434157,0.0028635231269703754,0.0017675545457223095,0.0019121000002542132
31.859681,-0.001777899999751753,0.0016401000002588262,0.002522742083382095,0.0022703517485146737,0.0019121000002542132
31.879681,-0.003917899999805741,0.0016401000002588262,0.002247180146139528,0.002325549883691109,0.0019121000002542132
31.89968,0.0026921000003312656,0.0016401000002588262,0.002050835868711109,0.0012056897438482354,0.0019121000002542132
31.91968,0.009292100000266146,0.0019501000002492218,0.0018325165864525987,0.0016687899769590535,0.0019121000002542132
31.93968,0.0019121000002542132,0.0022601000002850924,0.0014668830470434529,0.0025355965037697522,0.0019121000002542132
31.95968,-0.00022789999979977438,0.003114100000266262,0.0009069533452713022,0.0020673214454802144,0.0019121000002542132
31.97968,-0.0023678999996263883,4.100000251128222e-06,0.00023442745469631418,0.0010426594408113675,-0.00022789999979977438
31.999679,0.006962100000237115,-0.0011618999997608625,-0.000364841061313801,-0.0008632379950919233,-0.0023678999996263883
32.019679,-0.006257899999809524,-0.0010458999997354113,-0.0006819229621299221,-0.0022487624706115767,-0.0023678999996263883
32.039679,-0.003917899999805741,-0.0005018999997446372,-0.000583664459784204,-0.001455102796935836,0.0003521000003274821
32.059679,0.0003521000003274821,-0.0015118999997412175,-8.370123622586555e-05,0.0006851536133341704,0.0003521000003274821
32.079679,0.0003521000003274821,0.0010161000002881337,0.0006530150575962929,0.0007937783219517525,0.0003521000003274821
32.099679,0.0019121000002542132,0.0031921000002967047,0.0013812751806802487,0.0014323564105261641,0.0019121000002542132
32.119678,0.006382100000337232,0.0018701000002693037,0.0018893982561178067,0.0028097923079622904,0.0019121000002542132
32.139678,0.006962100000237115,0.0027641000002404325,0.0020958684124922893,0.002202123310287303,0.004822100000183127
32.159678,-0.006257899999809524,0.0019081000002643123,0.0020762519887539835,0.0022091862473414174,0.004822100000183127
32.179677,0.004822100000183127,0.001170100000263119,0.002008104527425917,0.0014602118883749148,0.0026921000003312656
32.199677,-0.0023678999996263883,0.0010541000002831425,0.0020704180251900827,0.0016805149187015629,0.0026921000003312656
32.219677,0.0026921000003312656,0.0023761000003105436,0.0023567712063822296,0.0018694892776922462,0.0026921000003312656
32.239677,0.006382100000337232,0.003154100000347171,0.002843754294748422,0.0026961559443939367,0.0026921000003312656
32.259677,0.0003521000003274821,0.004166100000338702,0.0034176156275153437,0.004482636130893152,0.0026921000003312656
32.279677,0.008712100000366263,0.004166100000338702,0.003931651845465957,0.003624384382629414,0.0026921000003312656
32.299676,0.0026921000003312656,0.003738100000327904,0.004259521853636353,0.004740631468850866,0.0026921000003312656
32.319676,0.0026921000003312656,0.00405010000031325,0.0043226314916710385,0.004005176923392302,0.0026921000003312656
32.339676,0.004242100000283244,0.003584100000307444,0.004091000909530591,0.004272845921059142,0.0026921000003312656
32.359676,0.0019121000002542132,0.0031161000003066875,0.003572728428798763,0.0029443377625523065,0.0026921000003312656
32.379676,0.006382100000337232,0.0031161000003066875,0.002807662021887229,0.0019480207462316155,0.0026921000003312656
32.399676,0.0003521000003274821,0.0009001000003081572,0.0018684666925601722,0.0027372048953975504,0.0019121000002542132
32.419675,0.0026921000003312656,0.0019101000003047374,0.0008607662285998902,0.0012649205131075444,0.0026921000003312656
32.439675,-0.006837899999709407,0.0005881000002773362,-8.541409860350766e-05,-0.00018396060576514415,0.0003521000003274821
32.459675,0.006962100000237115,-0.0011618999997153878,-0.0008323579842103883,-0.0011270841488925706,-0.00022789999979977438
32.479675,-0.00022789999979977438,-0.0016298999997161445,-0.0012559978234704364,-0.0011398347316629019,-0.00022789999979977438
32.499674,-0.008397899999636138,0.00012010000027657952,-0.0012719087699468497,-0.0008054757572995582,0.0003521000003274821
32.519674,0.0003521000003274821,-0.00042389999971419455,-0.0008630205332727824,-0.0005534011652078919,0.0003521000003274821
32.539674,0.0019121000002542132,-0.0008518999996795174,-9.617624010808502e-05,0.000351493939697512,0.0003521000003274821
32.559674,0.004242100000283244,0.0013661000003139633,0.0008837066703525712,5.3148951363759636e-05,0.0019121000002542132
32.579674,-0.0023678999996263883,0.0016781000002993097,0.0018771818585387283,0.0008643843826069235,0.0019121000002542132
32.599673,0.0026921000003312656,0.00183410000031472,0.0026597487396551873,0.0027429391611544394,0.0026921000003312656
32.619673,0.0019121000002542132,0.0010561000003235677,0.003017091742893312,0.0024256198138195018,0.0019121000002542132
32.639673,0.0026921000003312656,0.0033881000003020746,0.0027958366657197123,0.003873988112201866,0.0026921000003312656
32.659673,0.0003521000003274821,0.0028041000002758665,0.001969410764894033,0.0029362258744232692,0.0019121000002542132
32.679673,0.009292100000266146,0.0026481000003059306,0.0006945844493516639,0.0006056431238177224,0.0011321000004045345
32.699672,-0.00022789999979977438,-0.0008898999997200008,-0.0006840360985691373,-0.0012441937060106798,0.0003521000003274821
32.719672,0.0011321000004045345,-0.0023278999997273786,-0.0017171131449857592,-0.0014420025638151464,-0.00022789999979977438
32.739672,-0.014997899999798392,-0.0024438999997073553,-0.0020133357872007484,-0.001874403496224141,-0.00022789999979977438
32.759672,-0.006837899999709407,-0.0013158999996903732,-0.0014123284783833455,-0.001697830069631171,0.0011321000004045345
32.779672,0.008712100000366263,-0.0014718999997057835,-6.994000921202539e-05,-0.001518109789884983,0.0003521000003274821
32.799671,0.005412100000285136,0.0022601000003305673,0.001598091780278555,0.0010922631704886128,0.0036621000003833615
32.819671,0.0003521000003274821,0.004476100000329097,0.0030811989934945725,0.003280561538764614,0.004242100000283244
32.839671,0.0036621000003833615,0.00389410000029784,0.003960399985973076,0.006291983450208659,0.004242100000283244
32.859671,0.004242100000283244,0.0036601000002974616,0.004041821809148854,0.005502845921053715,0.004242100000283244
32.879671,0.005802100000209975,0.004128100000298218,0.0034063882753988823,0.002611936830117681,0.004242100000283244
32.89967,0.004242100000283244,0.0026121000002603976,0.0023723102895037078,0.001566528904693811,0.004242100000283244
32.91967,0.0026921000003312656,0.0005121000002418441,0.001378503383511736,0.0006505149186589076,0.0026921000003312656
32.93967,-0.003917899999805741,-0.00026589999974930835,0.0008159995436330802,-7.845944032841003e-05,0.0019121000002542132
32.95967,-0.006257899999809524,-0.00026589999974930835,0.0008653571996024867,0.00041210000025125864,0.0019121000002542132
32.97967,0.0019121000002542132,0.0007821000002422807,0.0014167142936036433,0.0012396524478211234,0.0019121000002542132
32.999669,0.004242100000283244,0.002842100000270875,0.0021251010829660927,0.0024667620049246006,0.004242100000283244
33.019669,0.00793210000028921,0.004476100000283622,0.0025854497371957438,0.0037245475527034697,0.004242100000283244
33.039669,0.006382100000337232,0.004048100000272825,0.0025401894027195517,0.004110421678590765,0.004242100000283244
33.059669,0.0019121000002542132,0.0028441000002658256,0.002009271736971649,0.0023051536133373244,0.0019121000002542132
33.079669,-0.00022789999979977438,0.0003181000002768997,0.0012752832675687862,0.0009035918417784646,-0.00022789999979977438
33.099668,-0.001777899999751753,-0.001197899999715446,0.0007361594615065942,-0.00011629160810640163,-0.0011978999996244966
33.119668,-0.004697899999655419,0.0002781000002869405,0.0007065147227085012,-0.0012401843819955785,-0.0011978999996244966
33.139668,-0.0011978999996244966,0.000706100000297738,0.0012703675962461906,0.0008805848487781476,-0.0011978999996244966
33.159668,0.009292100000266146,0.0019101000003047374,0.0022553667141268865,0.002618440326633908,0.0019121000002542132
33.179668,0.0019121000002542132,0.005448100000285195,0.00333108384023743,0.0046585102567000755,0.004242100000283244
33.199667,0.004242100000283244,0.005642100000250139,0.004170511724133126,0.005355899534062805,0.004242100000283244
33.219667,0.012992100000246865,0.0046321000002535586,0.004589725151783332,0.0050831955713466805,0.004242100000283244
33.239667,-0.00022789999979977438,0.003894100000252365,0.004601327162271072,0.004231843589981189,0.004242100000283244
33.259667,0.004242100000283244,0.0035841000002619695,0.004364555835490002,0.003246249184413808,0.0026921000003312656
33.279666,-0.001777899999751753,0.0023781000002600196,0.004067836300193663,0.0036714240095926777,0.0026921000003312656
33.299666,0.0026921000003312656,0.003390100000297025,0.003814906437446928,0.0032065755247496826,0.004242100000283244
33.319666,0.006962100000237115,0.0031961000002866057,0.0035799351335816165,0.0028211909093946537,0.0032721000002311484
33.339666,0.004832100000385253,0.00409010000030321,0.0032504987791550145,0.0037695125877245817,0.0032721000002311484
33.359666,0.0032721000002311484,0.0038181000003078224,0.0027227518394472875,0.0037799321681279254,0.0032721000002311484
33.379666,0.0026921000003312656,0.0023801000003004446,0.0019881788682333057,0.003318370396560165,0.0026921000003312656
33.399665,0.0013321000003543304,0.0017961000002742367,0.0011654936450189496,0.0014719135201015933,0.0019121000002542132
33.419665,-0.00022789999979977438,0.0002021000002969231,0.00046515199930745045,-0.0009567344985346942,0.0013321000003543304
33.439665,0.0019121000002542132,-0.0005758999996942294,0.00010465872886215043,-0.0005569209787251791,-0.00022789999979977438
33.459665,-0.004697899999655419,-0.000771899999699599,0.00021144944722226018,0.000433242191454023,-0.00022789999979977438
33.479665,-0.0011978999996244966,0.0015601000003243825,0.0007567204057779252,0.0010469251751415928,0.0003521000003274821
33.499664,0.0003521000003274821,0.001716100000339793,0.0015553081068066747,0.0009873214455494857,0.0003521000003274821
33.519664,0.011432100000320133,0.0024161000003459776,0.002337946484925592,0.002397834266098806,0.0003521000003274821
33.539664,0.0026921000003312656,0.0027261000003363733,0.00286118917960489,0.003331750350005979,0.0003521000003274821
33.559664,-0.0011978999996244966,0.0043981000003441295,0.0029973267158517948,0.0039511909094296985,0.0026921000003312656
33.579664,0.0003521000003274821,0.002066100000320148,0.002765409257194694,0.002302915851121642,0.0003521000003274821
33.599663,0.008712100000366263,0.0011721000003035442,0.00230637149955412,0.0017729857811790532,-0.00022789999979977438
33.619663,-0.00022789999979977438,0.0013661000002684887,0.001828844569522123,0.0010942911424796642,-0.00022789999979977438
33.639663,-0.001777899999751753,0.003038100000276245,0.0015478119913625234,0.00191014195831437,-0.00022789999979977438
33.659663,-0.00022789999979977438,0.0018341000002692453,0.001630269102706475,0.0026822864804561383,-0.00022789999979977438
33.679662,0.008712100000366263,0.002262100000280043,0.002160420371928329,0.003024454312635125,0.0019121000002542132
33.699662,0.0026921000003312656,0.00389410000029784,0.0031278998083675803,0.0012964589746426993,0.0026921000003312656
33.719662,0.0019121000002542132,0.004788100000314444,0.004427750281153248,0.004348277156478545,0.004242100000283244
33.739662,0.006382100000337232,0.0034281000002920337,0.0058621420939377914,0.006720817949019941,0.0026921000003312656
33.759662,0.004242100000283244,0.0073921000002883375,0.00715341350011683,0.007166948485148256,0.004242100000283244
33.779662,0.0019121000002542132,0.008286100000304941,0.007990439621977817,0.007186785314985883,0.006382100000337232
33.799661,0.022512100000312785,0.007080100000302991,0.008115196551712398,0.007681820280032427,0.004242100000283244
33.819661,0.006382100000337232,0.007198100000323393,0.007420956364520221,0.007973521911738005,0.004832100000385253
33.839661,0.0003521000003274821,0.007198100000323393,0.006009537456788834,0.005927298135514979,0.004832100000385253
33.859661,0.004832100000385253,0.003544100000317485,0.004172180070309033,0.004904011422239151,0.004242100000283244
33.879661,0.0019121000002542132,0.0013281000003189547,0.0023053036998720747,0.0034779275061553984,0.0019121000002542132
33.89966,0.004242100000283244,0.002106100000310107,0.0008025273214152095,-0.0012265480183470024,0.004242100000283244
33.91966,-0.004697899999655419,0.0007841000002827059,-4.235171350350248e-05,-0.0004500911419011173,0.0019121000002542132
33.93966,0.004242100000283244,-0.0011218999997254287,-0.0001052612933656282,0.0004297223778938052,-0.001777899999751753
33.95966,-0.001777899999751753,0.0003161000002819492,0.0005355348926354078,0.0003579741261348367,-0.001777899999751753
33.97966,-0.007617899999786459,0.002648100000260456,0.001617302003705377,0.0018082538464328061,0.004242100000283244
33.999659,0.011432100000320133,0.00233810000027006,0.002770479746493349,0.0032147573429368143,0.0026921000003312656
34.019659,0.006962100000237115,0.003970100000287857,0.0036432906108614647,0.00431039836857614,0.006382100000337232
34.039659,0.0026921000003312656,0.005876100000295992,0.004026808529419254,0.003416552214740022,0.006382100000337232
34.059659,0.006382100000337232,0.0032341000002816143,0.003919285998168983,0.004892216550410458,0.0026921000003312656
34.079659,0.0019121000002542132,0.0022241000002850343,0.003496002478162306,0.0034831722613551117,0.0019121000002542132
34.099658,-0.001777899999751753,0.003078100000266204,0.0030032432872670973,0.0018014939396576357,0.0019121000002542132
34.119658,0.0019121000002542132,0.0010181000002376095,0.0026339442025013885,0.0023631256412668684,0.0019121000002542132
34.139658,0.006962100000237115,0.0024961000002349464,0.0024458672930569845,0.0019370650351901433,0.0019121000002542132
34.159658,-0.003917899999805741,0.002806100000225342,0.002354202636457657,0.0012278109559422175,0.0019121000002542132
34.179657,0.009302100000240898,0.0019521000002441723,0.0021908860886506185,0.0030118902100311927,-0.00022789999979977438
34.199657,-0.00022789999979977438,0.0014081000002533982,0.0017965752992009833,0.0037874613056168537,-0.00022789999979977438
34.219657,-0.002357899999651636,0.0035841000002619695,0.001106238400046983,0.001397507925668142,0.004242100000283244
34.239657,0.004242100000283244,0.00035610000027190835,0.00019821554782717174,-0.0005923988342433137,-0.00022789999979977438
34.259657,0.006962100000237115,-0.001859899999726622,-0.0007119448403411142,-0.0004447531465755386,-0.002357899999651636
34.279657,-0.006837899999709407,-0.001005899999745452,-0.001340214756086973,-0.0020419792538098275,0.0019121000002542132
34.299656,-0.011307899999792426,-0.0008878999997250503,-0.0014497277212673606,-0.0013315829834098744,0.0019121000002542132
34.319656,0.0019121000002542132,-0.002325899999732428,-0.000962545029390144,-0.000802189044021673,-0.00022789999979977438
34.339656,0.004832100000385253,-0.0004198999997242936,-4.15165070720868e-06,-0.0004704407922566303,0.0019121000002542132
34.359656,-0.00022789999979977438,0.0026901000002908402,0.001144719442039389,0.00018412797230571562,0.0026921000003312656
34.379656,0.0026921000003312656,0.0026901000002908402,0.0021561697312540208,0.0032216337998128707,0.0026921000003312656
34.399655,0.004242100000283244,0.0016781000002538348,0.002765369232036949,0.003404687412860126,0.0019121000002542132
34.419655,0.0019121000002542132,0.0030001000002812363,0.0028421070246760585,0.0032312841494621758,0.0026921000003312656
34.439655,-0.00022789999979977438,0.0021061000002646326,0.002411662444306945,0.0022955965037683036,0.0019121000002542132
34.459655,0.006382100000337232,0.0022241000002850343,0.0016315718953109663,0.001588743356933269,0.0019121000002542132
34.479655,-0.001777899999751753,4.810000027646311e-05,0.0007365826067120108,-0.00018552237736166322,-0.00022789999979977438
34.499654,0.004832100000385253,-0.00026189999971393263,-3.6361363748915584e-05,-0.0007827717945983266,-0.001777899999751753
34.519654,-0.008967899999788642,-0.001583899999741334,-0.0005270885153153815,-0.00041081375263226185,-0.001777899999751753
34.539654,-0.001777899999751753,-0.00026189999971393263,-0.0007069458037389759,-0.00015678111859438728,-0.00022789999979977438
34.559655,-0.00022789999979977438,-0.0008458999997401406,-0.000676382296597752,-0.0010863615381964528,-0.00022789999979977438
34.579654,0.004832100000385253,0.0005921000002672372,-0.0005951286320863302,-0.0001214198132576993,-0.00022789999979977438
34.599653,0.0019121000002542132,0.00016410000025643968,-0.000578801687929133,-9.139650325665997e-05,-0.00022789999979977438
34.619653,-0.001777899999751753,0.0005921000002672372,-0.0006244410984946657,0.0006227526809142924,0.0019121000002542132
34.639653,-0.003917899999805741,-0.0007298999997601641,-0.0006110062982293183,-0.0009108836827201388,-0.001777899999751753
34.659653,0.0019121000002542132,-0.001583899999741334,-0.0003717444566581783,-0.001260557342401903,-0.001777899999751753
34.679652,-0.001777899999751753,-0.0008458999997401406,0.0002060193740422514,-0.0012096016314608912,-0.001777899999751753
34.699652,-0.002357899999651636,0.0013301000002684305,0.0011071438669273438,0.0017759927741641444,0.0019121000002542132
34.719652,0.0019121000002542132,0.0022241000002850343,0.002177302722149524,0.002320864569048364,0.0019121000002542132
34.739652,0.006962100000237115,0.004322100000308637,0.0031806486288555513,0.003402403030611191,0.006382100000337232
34.759652,0.006382100000337232,0.003426100000297083,0.003898508942385956,0.004472566200788756,0.006382100000337232
34.779652,0.008712100000366263,0.004786100000319493,0.0042160287306683844,0.004352356410569761,0.006962100000237115
34.799651,-0.006837899999709407,0.004242100000328719,0.004150271900733502,0.0038017969700080145,0.006382100000337232
34.819651,0.008712100000366263,0.0021821000003001247,0.003813192883918867,0.0033505848487998154,0.004242100000283244
34.839651,0.004242100000283244,0.0017161000002943183,0.003344218840189916,0.0033370883452833264,0.004242100000283244
34.859651,-0.003917899999805741,0.004476100000283622,0.002856665702701382,0.0026060160841896228,0.006382100000337232
34.87965,0.006382100000337232,0.0031161000002612126,0.0024212644359659584,0.0019680207461885407,0.004242100000283244
34.89965,0.006962100000237115,0.00132810000027348,0.0020820346419039687,0.003123848252031993,0.0019121000002542132
34.91965,0.0019121000002542132,0.002650100000300881,0.0018796895946982155,0.00196939603758845,0.0026921000003312656
34.93965,-0.004697899999655419,0.002650100000300881,0.0018555177983427733,0.002075410023601371,0.0026921000003312656
34.95965,0.0026921000003312656,0.0016401000003043009,0.002030258073010366,0.002222519580718999,0.0019121000002542132
34.97965,0.006382100000337232,0.0012121000002935033,0.002378997556993886,0.00146389487208411,0.0019121000002542132
34.999649,0.0019121000002542132,0.003118100000301638,0.0028250858995738466,0.0025610044292243006,0.0026921000003312656
35.019649,-0.00022789999979977438,0.003856100000302831,0.0032565545532026053,0.0036082538464648727,0.004832100000385253
35.039649,0.004832100000385253,0.0035461000003124354,0.0035555184528436733,0.0044010510492516995,0.004832100000385253
35.059649,0.006382100000337232,0.003118100000301638,0.0036314343119521714,0.003370141958352069,0.004832100000385253
35.079648,0.004832100000385253,0.003702100000327846,0.0034478979172879597,0.0029455265737359966,0.004832100000385253
35.099648,-0.00022789999979977438,0.002806100000316292,0.003029198532959609,0.003013428671645271,0.0026921000003312656
35.119648,0.0026921000003312656,0.001912100000299688,0.0024413384469523236,0.002178813287022351,0.0019121000002542132
35.139648,0.0003521000003274821,0.0010161000002881337,0.0017608697903524642,0.0014806780888806043,0.0003521000003274821
35.159648,0.0019121000002542132,0.0011321000003135851,0.0010538572403334416,0.0012337083919238753,0.0003521000003274821
35.179647,0.0003521000003274821,0.0013261000003240043,0.00037667930361185066,0.0012876244758230867,0.0003521000003274821
35.199647,0.0003521000003274821,0.0009001000003081572,-0.00020915972496988815,0.0004785568767799121,0.0003521000003274821
35.219647,0.0036621000003833615,-0.0002658999997038336,-0.0006291768982337513,-0.0010682729600793427,0.0003521000003274821
35.239647,-0.001777899999751753,-0.0015858999996908097,-0.0008145902849647069,-0.0017539606057577935,-0.001777899999751753
35.259647,-0.003917899999805741,-0.001701899999716261,-0.0007489236475630601,-0.0016120258738247164,-0.001777899999751753
35.279647,-0.006247899999607398,-0.001701899999716261,-0.0005149622114902556,-0.00024244545426398503,-0.001777899999751753
35.299646,-0.00022789999979977438,-0.00018589999972391525,-0.0002960858189466632,0.0003709344991027696,-0.00022789999979977438
35.319646,0.0036621000003833615,0.0009801000002880756,-0.00030392105241363763,-0.0004507904426134918,0.0019121000002542132
35.339646,0.005802100000209975,0.0008621000002676738,-0.0006579313941831777,0.0002936151518005516,0.0019121000002542132
35.359646,0.0019121000002542132,-0.0007698999997046485,-0.001292390779830314,-0.0005882729600944651,0.0019121000002542132
35.379646,-0.006837899999709407,-0.0015478999997412756,-0.0019642824915290405,-0.0018147531465913611,-0.00022789999979977438
35.399645,-0.008387899999661386,-0.0040758999997251525,-0.0023734179567764754,-0.0036191820509923886,-0.006837899999709407
35.419645,-0.00022789999979977438,-0.004387899999710498,-0.002328534975507221,-0.0033345899764054476,-0.006837899999709407
35.439645,-0.006837899999709407,-0.002481899999702364,-0.001860533728644215,-0.0026168044286062524,-0.00022789999979977438
35.459645,0.0003521000003274821,0.00035610000027190835,-0.0012169617348704248,-0.0013412100230316875,0.0003521000003274821
35.479645,0.0026921000003312656,-0.0003818999997292849,-0.0007407179336843036,0.0003631256412770569,0.0003521000003274821
35.499644,0.005802100000209975,0.00020210000025144836,-0.0006974334465015167,0.000387134965276644,0.0003521000003274821
35.519644,-0.003917899999805741,-0.00022389999976439866,-0.0011410506911957122,-0.000542678554529843,-0.001777899999751753
35.539644,-0.003917899999805741,-0.0017018999997617356,-0.0018839041566587724,-0.0015599745918295892,-0.003917899999805741
35.559644,-0.001777899999751753,-0.0035298999997394275,-0.002579178194280918,-0.003252119113963661,-0.003917899999805741
35.579643,-0.004697899999655419,-0.0036858999997093633,-0.0028682693539068514,-0.00369596526777944,-0.003917899999805741
35.599643,-0.003337899999678484,-0.0023638999996819622,-0.002524913456877512,-0.0037709536127438206,-0.003337899999678484
35.619643,-0.004697899999655419,-0.0014698999996653583,-0.0015407183284676918,-0.0008313731931390292,-0.003337899999678484
35.639643,0.0026921000003312656,-0.00014789999968343182,-0.00012504155141059156,0.0004418669001062476,0.0019121000002542132
35.659643,0.0026921000003312656,0.002262100000325518,0.0013748106043446526,0.0013157363639604608,0.0026921000003312656
35.679642,0.0019121000002542132,0.002846100000306251,0.0025967698621823625,0.00305338205158894,0.0026921000003312656
35.699642,0.008712100000366263,0.0026901000002908402,0.003279529078900366,0.003024174592359291,0.0019121000002542132
35.719642,-0.001777899999751753,0.0030001000002812363,0.0033288868942431544,0.0035458062939799414,0.0019121000002542132
35.739642,0.0019121000002542132,0.002262100000280043,0.002821379641178427,0.002616272494459889,0.0019121000002542132
35.759642,0.004242100000283244,0.0014861000002838408,0.0019608456546256173,0.0017956198138100016,0.0019121000002542132
35.779642,-0.001777899999751753,0.0013681000003089138,0.0010162651865957906,0.0005941279723231628,0.0019121000002542132
35.799641,0.004832100000385253,0.0006301000003077206,0.00026128198435763797,-0.0002532379950409379,-0.001777899999751753
35.819641,-0.0023678999996263883,-0.00014789999968343182,-7.883185492414448e-05,0.0009383703966043644,-0.001777899999751753
35.839641,-0.001777899999751753,0.0011741000003439694,0.00012800563983531138,0.0006672515154868108,0.0003521000003274821
35.859641,0.0003521000003274821,0.0011741000003439694,0.0008907415766228721,0.0010617270399638575,0.0003521000003274821
35.879641,0.004832100000385253,0.00203010000032009,0.0020907317224297855,0.0018632188814721317,0.0019121000002542132
35.89964,0.004832100000385253,0.003352100000347491,0.003505471208260716,0.0026258296040750206,0.004832100000385253
35.91964,0.0019121000002542132,0.004248100000359046,0.004850860697440388,0.004605433333669707,0.004832100000385253
35.93964,0.004832100000385253,0.005142100000330174,0.005831287442760515,0.006670281818520241,0.004832100000385253
35.95964,0.004832100000385253,0.005568100000300546,0.006196399866066177,0.006474570862781879,0.004832100000385253
35.97964,0.009302100000240898,0.00646210000031715,0.005805168229297429,0.004599605827813453,0.006382100000337232
35.999639,0.006962100000237115,0.004128100000298218,0.0046823233910182355,0.004750491608685581,0.006382100000337232
36.019639,0.006382100000337232,0.0026881000002958897,0.0030357589046144293,0.004056948485155056,0.006382100000337232
36.039639,-0.006837899999709407,0.0022201000002951333,0.0012106864643592937,0.0010671582753485206,0.006382100000337232
36.059639,-0.0023678999996263883,-0.0004218999996737693,-0.00040972187424853754,-0.000571116782911113,-0.0023678999996263883
36.079638,0.006962100000237115,-0.003065899999683097,-0.0015150329141967564,-0.001590464102221981,-0.006247899999607398
36.099638,-0.006247899999607398,-0.0007318999996641651,-0.0019466910107250892,-0.002054147085902418,-0.0023678999996263883
36.119638,-0.006837899999709407,-0.000187899999673391,-0.0017272137224752099,-0.0027585526803252302,0.0003521000003274821
36.139638,0.004832100000385253,-0.0023638999996819622,-0.0010400792712288217,-0.000865545687350328,-0.003917899999805741
36.159638,0.0003521000003274821,-0.0011598999997204373,-0.0001670325138673058,0.0006077643359420585,-0.00022789999979977438
36.179637,-0.003917899999805741,0.0023781000002600196,0.0006024661228547682,0.0012434752916512764,0.0003521000003274821
36.199637,-0.00022789999979977438,0.0023781000002600196,0.0010651045451889477,0.0018199787881355662,0.0003521000003274821
36.219637,0.010852100000192877,0.0009401000002526416,0.0011728875864924213,0.0012473214454877197,-0.00022789999979977438
36.239637,0.004832100000385253,0.00035610000027190835,0.0010481142578975095,-0.00017976480161120386,-0.00022789999979977438
36.259637,-0.006837899999709407,0.0012501000002885121,0.0009212518508342369,0.0009212375294071617,0.004242100000283244
36.279636,-0.006837899999709407,-0.0002658999997038336,0.0010049225277888047,0.0011196291378262984,0.0032721000002311484
36.299636,0.004242100000283244,4.410000028656214e-05,0.001369810875493634,0.0007501419583423485,0.0032721000002311484
36.319636,0.0032721000002311484,0.0014821000002939399,0.0019013823214949304,0.000536412354617581,0.0032721000002311484
36.339636,0.006382100000337232,0.00369810000029247,0.002364267741726297,0.0026134053615978754,0.004242100000283244
36.359636,0.0003521000003274821,0.0033881000003020746,0.0025300850718041053,0.004531074359267388,0.0032721000002311484
36.379636,0.004242100000283244,0.0031161000003066875,0.0022944486051987953,0.0033017503499433894,0.0026921000003312656
36.399635,0.0026921000003312656,0.0014841000002888904,0.0017287267627546664,0.0012501652683619927,0.0019121000002542132
36.419635,0.0019121000002542132,0.00047410000029231015,0.0010505028385978474,0.0007008412590431592,0.0019121000002542132
36.439635,-0.001777899999751753,0.0001641000003019144,0.0005298218974415272,-0.00021389067569066943,0.0019121000002542132
36.459635,-0.004697899999655419,0.0001641000003019144,0.00037256153689381883,-0.00017864592043472663,0.0019121000002542132
36.479635,0.0026921000003312656,-0.00014789999968343182,0.0006339614930728901,0.000481983450195184,0.0003521000003274821
36.499634,0.0026921000003312656,0.0010561000003235677,0.0012031901259910802,0.0011843144525189614,0.0026921000003312656
36.519634,0.0003521000003274821,0.0033881000003020746,0.0018639457298236404,0.0019216104898233774,0.0026921000003312656
36.539634,0.004242100000283244,0.0026881000002958897,0.002398364637695972,0.002951144289351719,0.0026921000003312656
36.559634,0.006962100000237115,0.0026881000002958897,0.0026845437653343885,0.004186086014286139,0.0026921000003312656
36.579633,-0.0008078999996996572,0.0034661000002870423,0.002745132510988541,0.003080981119163907,0.004242100000283244
36.599633,0.0026921000003312656,0.0034661000002870423,0.002727662463264224,0.0019448738930487167,0.004242100000283244
36.619633,0.004242100000283244,0.0012901000002784712,0.002826932243833742,0.002182939161121378,0.0026921000003312656
36.639633,0.004242100000283244,0.001990100000284656,0.00318296140402907,0.0022510976692864154,0.0026921000003312656
36.659633,-0.003917899999805741,0.0037381000002824293,0.003796753001166626,0.0034405615387475587,0.004242100000283244
36.679632,0.0026921000003312656,0.004282100000273204,0.0045032382828099566,0.005294617482790253,0.004242100000283244
36.699632,0.011432100000320133,0.004826100000263978,0.005024487247436053,0.004982729370887148,0.006962100000237115
36.719632,0.006962100000237115,0.005992100000275969,0.00508883350405087,0.00519056153871718,0.006962100000237115
36.739632,0.006962100000237115,0.005098100000259365,0.004558139412401194,0.004638650116821707,0.006962100000237115
36.759632,0.0019121000002542132,0.003350100000261591,0.0034943799991544893,0.004648347086537125,0.0026921000003312656
36.779632,-0.001777899999751753,0.0014841000002888904,0.0021335731031208957,0.002083964802135081,0.0019121000002542132
36.799631,0.0026921000003312656,0.00047410000029231015,0.0007896816916677185,6.685524502537802e-05,0.0019121000002542132
36.819631,-0.0023678999996263883,-0.0006918999997196807,-0.00025840460969927436,-0.001166944288760725,-0.001777899999751753
36.839631,0.0019121000002542132,-0.0002658999997038336,-0.0008504253751301426,-0.00101372750553168,0.0003521000003274821
36.859631,-0.003917899999805741,-0.0012778999996953643,-0.0009781832132855822,-0.0005877601395373588,-0.0023678999996263883
36.879631,0.0003521000003274821,0.0001621000003069639,-0.0007695937880769987,-0.00015913543091784495,0.0003521000003274821
36.89963,-0.0023678999996263883,-0.0006938999996691564,-0.00043421151999096104,-0.0006205573423312583,-0.0023678999996263883
36.91963,0.004832100000385253,4.410000033203687e-05,-0.00018705677896965213,-0.0006714897432659794,-0.00022789999979977438
36.93963,-0.0023678999996263883,-0.0004998999996587372,-0.00017405563081491764,3.196014018233442e-05,-0.0023678999996263883
36.95963,-0.00022789999979977438,-7.189999969341443e-05,-0.00042350056725465524,0.0003619834502002903,-0.00022789999979977438
36.97963,-0.0023678999996263883,-0.00018989999971381623,-0.0008374045553249579,-0.0007136109554027478,-0.00022789999979977438
36.999629,-0.00022789999979977438,-0.0009658999997100182,-0.0012210830281911243,-0.0007996016314026323,-0.00022789999979977438
37.019629,0.004242100000283244,-0.0013938999996753409,-0.0013417178358188294,-0.0018049862467865792,-0.0023678999996263883
37.039629,-0.006247899999607398,-0.0005378999996992206,-0.0010068365309191117,-0.001660464102259902,-0.00022789999979977438
37.059629,-0.0023678999996263883,-0.0006538999996791972,-0.0001476245013756035,-0.0005723522141391848,-0.0008078999996996572
37.079628,0.0019121000002542132,-0.0006538999996791972,0.0011236313947677245,0.001374267832487254,-0.0008078999996996572
37.099629,-0.0008078999996996572,0.002882100000306309,0.002518919561422468,0.00222750792573238,0.0019121000002542132
37.119628,0.004242100000283244,0.004322100000308637,0.0036589431679138235,0.0029922631704727867,0.004242100000283244
37.139628,0.011432100000320133,0.00389410000029784,0.004212706797365532,0.005542006760192533,0.004242100000283244
37.159628,0.004832100000385253,0.0045941000003040244,0.004033346911883342,0.004970258508449893,0.004242100000283244
37.179627,-0.00022789999979977438,0.0045941000003040244,0.0032251538318156295,0.0031087200469287323,0.004242100000283244
37.199627,0.0026921000003312656,0.0010581000003185182,0.002108187083707151,0.001899116317332466,0.0026921000003312656
37.219627,0.004242100000283244,-0.0003818999996838102,0.0010971736277344828,0.00038676200500108605,-0.00022789999979977438
37.239627,-0.006247899999607398,0.0006301000003531953,0.0005476575134574208,-0.0002416762234315057,0.0026921000003312656
37.259627,-0.0023678999996263883,0.0010581000003639929,0.0006310517702990705,0.000642939161186018,0.004242100000283244
37.279626,0.004832100000385253,0.0010581000003639929,0.0012870258210095095,0.0018900720283491726,0.004242100000283244
37.299626,0.004832100000385253,0.0028461000003517254,0.0022688874543327887,0.002233382051645736,0.004242100000283244
37.319626,0.004242100000283244,0.004286100000354054,0.0032532410796520896,0.0031069251751792036,0.004832100000385253
37.339626,0.0026921000003312656,0.003702100000327846,0.003957345093460447,0.00480335874157877,0.004242100000283244
37.359626,0.004832100000385253,0.003584100000307444,0.004217206496650331,0.004171097669312846,0.004242100000283244
37.379626,0.0019121000002542132,0.003584100000307444,0.004012435927578506,0.003973079021294878,0.004242100000283244
37.399625,0.004242100000283244,0.0033101000003171064,0.00345017068678085,0.003031447319651287,0.004242100000283244
37.419625,0.004242100000283244,0.0031921000002967047,0.00272626362665808,0.0028617736599804147,0.004242100000283244
37.439625,0.001322100000379578,0.002026100000284714,0.0020744645495886405,0.0017097923079760552,0.004242100000283244
37.459625,0.004242100000283244,0.002026100000284714,0.0017075834013698659,0.0014907713289441216,0.004242100000283244
37.479625,-0.003917899999805741,0.0011321000002681102,0.0017576458645710055,0.0024819368301098733,0.001322100000379578
37.499624,0.004242100000283244,0.002726100000245424,0.002232081964400459,0.0019729624711029487,0.004242100000283244
37.519624,-0.00022789999979977438,0.00303810000023077,0.003007220665267627,0.002767414685554918,0.004242100000283244
37.539624,0.009292100000266146,0.0037761000002319634,0.003867935415742277,0.00420620256432381,0.004242100000283244
37.559624,0.005802100000209975,0.004670100000248567,0.004577824786705635,0.00461606270419592,0.005802100000209975
37.579623,-0.00022789999979977438,0.005680100000245147,0.004947500102304046,0.005570887879048435,0.005802100000209975
37.599623,0.008712100000366263,0.0038921000002574146,0.004874412697691434,0.004399955478117554,0.004822100000183127
37.619623,0.004822100000183127,0.003270100000281673,0.004348369023289105,0.004016552214730924,0.0026921000003312656
37.639623,0.0003521000003274821,0.003270100000281673,0.0034327348567862546,0.002617577855739164,0.0026921000003312656
37.659623,0.0026921000003312656,0.0019101000002592627,0.002236084334805859,0.002568580186750721,0.0019121000002542132
37.679622,-0.00022789999979977438,0.0009001000002626825,0.000888559627197384,0.001284897203060829,0.0003521000003274821
37.699622,0.0019121000002542132,0.00035610000027190835,-0.0004687456666951865,-0.0002072939391248977,-0.00022789999979977438
37.719622,-0.00022789999979977438,-0.001549899999736226,-0.0016863655726542838,-0.0022409069927229303,-0.00022789999979977438
37.739622,-0.0023678999996263883,-0.0017438999997011705,-0.0026166411356679845,-0.0021490188808415598,-0.0011978999996244966
37.759622,-0.006837899999709407,-0.003921899999704692,-0.003142018377333136,-0.003056874358669652,-0.0023678999996263883
37.779622,-0.0011978999996244966,-0.0025998999996772907,-0.0032128746208885967,-0.0030012333330101033,-0.0023678999996263883
37.799621,-0.008977899999763395,-0.003065899999683097,-0.002870732028813869,-0.0037072006989912745,-0.004697899999655419
37.819621,0.006382100000337232,-0.0017438999997011705,-0.002236880526998459,-0.002034636596423167,-0.0011978999996244966
37.839621,-0.004697899999655419,-0.001859899999726622,-0.0014686007576599329,-0.001024333566154423,-0.001777899999751753
37.859621,-0.00022789999979977438,0.0012121000002935033,-0.0007064119028880124,-5.8412820239650814e-05,-0.00022789999979977438
37.879621,-0.001777899999751753,-0.0008478999997350911,-3.8299486645565595e-05,-9.978811161754134e-05,-0.001777899999751753
37.89962,0.006382100000337232,0.0001621000002614892,0.000507152173822071,0.0001261792543623217,-0.00022789999979977438
37.91962,-0.003917899999805741,0.0002781000002869405,0.0009414894211600496,-0.0002647764566106887,0.0003521000003274821
37.93962,0.0003521000003274821,0.0010161000002881337,0.001282991863093842,0.0020807480189163493,0.0003521000003274821
37.95962,0.0003521000003274821,0.0011321000002681102,0.0015288314058876401,0.001969162937357529,0.0003521000003274821
37.97962,0.0019121000002542132,0.0024541000002955117,0.0016528022136306898,0.0011936850818834227,0.0019121000002542132
37.999619,0.006962100000237115,0.0014441000002989313,0.0016316242789818588,0.0007787200469034054,0.0019121000002542132
38.019619,0.0026921000003312656,0.0010181000002830842,0.0014778532912614825,0.0018868086250033774,0.0019121000002542132
38.039619,-0.004697899999655419,0.0017961000002742367,0.0012502537355636534,0.0017666687648536055,0.0026921000003312656
38.059619,-0.001777899999751753,0.0009421000002930669,0.0010342683785937521,0.0017785102566885212,0.0026921000003312656
38.079618,0.005802100000209975,0.0007861000002776563,0.000913321905272132,0.0008610976692749777,0.0019121000002542132
38.099618,0.0026921000003312656,0.0016801000002487853,0.0009528681134729226,0.0003484869466520001,0.0019121000002542132
38.119618,0.0019121000002542132,0.0016801000002487853,0.0011937251852437171,0.0009705382286761403,0.0019121000002542132
38.139618,-0.00022789999979977438,0.00117410000025302,0.0016355051743814815,0.002178766666903768,0.0019121000002542132
38.159618,-0.001777899999751753,0.0012901000002329965,0.0022073226664325917,0.0016180207461696,0.0019121000002542132
38.179617,0.0032721000002311484,0.0019881000002442304,0.0027511788817840737,0.002355223543373591,0.0032721000002311484
38.199617,0.0032721000002311484,0.0024161000002550282,0.0030489550736334373,0.0029915172496481884,0.0032721000002311484
38.219617,0.005402100000310384,0.004164100000252802,0.002897922714198491,0.0032364822846291668,0.0032721000002311484
38.239617,0.0019121000002542132,0.0024521000002550863,0.0022037474623254876,0.002668137296299747,0.0032721000002311484
38.259617,0.006962100000237115,0.001324100000283579,0.0010419268332910526,0.0018184403266317292,0.0019121000002542132
38.279616,-0.005287899999757428,-0.0006958999997095817,-0.0003497825338616742,-0.000896617948422051,-0.0023678999996263883
38.299616,-0.0023678999996263883,-0.0015518999996857019,-0.0016508775274092242,-0.0024833545451535617,-0.0023678999996263883
38.319616,-0.004697899999655419,-0.004195899999695029,-0.002573775875724667,-0.0031075969693786826,-0.004697899999655419
38.339616,-0.0023678999996263883,-0.0026018999996722412,-0.002960288564939445,-0.002167620279401824,-0.0023678999996263883
38.359616,-0.006257899999809524,-0.0015918999996756612,-0.0028160174403473316,-0.0026794151511850403,-0.0023678999996263883
38.379616,0.002682100000356513,-0.0006978999997045321,-0.002275293076524639,-0.0016755689973526307,-0.00022789999979977438
38.399615,0.002682100000356513,-0.001903899999706482,-0.0015264572726692279,-0.002030464102271808,-0.00022789999979977438
38.419615,-0.00022789999979977438,-0.0006978999997045321,-0.0007460396752323735,-0.00015302820485094853,-0.00022789999979977438
38.439615,-0.008397899999636138,-0.0008518999997249921,-7.62947467727841e-05,-0.0002089722608079921,-0.00022789999979977438
38.459615,-0.00022789999979977438,4.100000251128222e-06,0.0003611958651420769,-0.00010109347292331728,-0.00022789999979977438
38.479614,0.0019121000002542132,-0.0013178999997307983,0.0004568413469513315,-0.0009948696967193623,-0.00022789999979977438
38.499614,0.006962100000237115,0.0004321000002619257,0.0001402996824679999,0.0005355498837244275,0.0003521000003274821
38.519614,-0.006837899999709407,0.000548100000287377,-0.000567960864922256,0.0006896291378158859,0.0003521000003274821
38.539614,0.0003521000003274821,0.00043010000031245,-0.001520991759071016,-0.0007792986011026309,0.0003521000003274821
38.559614,0.0003521000003274821,-0.003495899999688845,-0.00245727327177167,-0.002860021211802053,0.0003521000003274821
38.579613,0.001322100000379578,-0.0036118999996688217,-0.003066465796913403,-0.0038540072257774866,0.0003521000003274821
38.599613,-0.012667899999769361,-0.002833899999677669,-0.003092915151983422,-0.0034397648015330965,0.0003521000003274821
38.619613,-0.00741789999960929,-0.002367899999671863,-0.0024383776206935125,-0.0020204641022403443,0.001322100000379578
38.639613,0.004242100000283244,-0.0017838999996911298,-0.001209865554246415,-0.0011485293703101481,0.002682100000356513
38.659613,0.002682100000356513,0.0008201000003282388,0.000322104508712207,-9.347109525340339e-05,0.002682100000356513
38.679613,0.004242100000283244,0.003580100000317543,0.0018346690453735239,0.0016798855481034622,0.004242100000283244
38.699612,0.0003521000003274821,0.002802100000326391,0.0030695581985131152,0.005166528904759003,0.002682100000356513
38.719612,0.006382100000337232,0.0035421000003225344,0.0038987712440543497,0.0037539414921641786,0.004242100000283244
38.739612,0.0003521000003274821,0.003970100000333332,0.004323366533488702,0.003192845921083893,0.006382100000337232
38.759612,0.006382100000337232,0.0029601000003367517,0.004425952792814049,0.00446927948750875,0.006382100000337232
38.779612,0.006382100000337232,0.003970100000333332,0.004309257978640695,0.003656109324342629,0.006382100000337232
38.799611,-0.004697899999655419,0.004748100000324484,0.004047389599594055,0.0036101186483588864,0.006382100000337232
38.819611,0.011432100000320133,0.0025321000003259543,0.003665468194133029,0.004009279487505709,0.004242100000283244
38.839611,0.004242100000283244,0.0025321000003259543,0.0031507907844594845,0.003354500932708662,0.004242100000283244
38.859611,-0.004697899999655419,0.004436100000293664,0.002485000738357686,0.002096389044580426,0.004822100000183127
38.879611,0.006382100000337232,0.0007821000002877554,0.001679550535906699,0.001966785314976369,0.004242100000283244
38.89961,0.004822100000183127,0.0004701000003024092,0.0007998843662330666,0.0024272282054275435,0.002682100000356513
38.91961,-0.006837899999709407,0.0016361000003144,-3.128913636167411e-05,-0.001242958274743387,0.002682100000356513
38.93961,0.002682100000356513,-0.00011389999967832409,-0.0006571968735636877,-0.0007555223772915652,0.0011321000004045345
38.95961,0.0011321000004045345,-0.002757899999642177,-0.0009330045882543969,-1.1443123199857819e-05,-0.0023678999996263883
38.979609,-0.0023678999996263883,0.00035210000037295687,-0.0007800798503042004,-0.0016666412583732316,0.0011321000004045345
38.999609,-0.008397899999636138,8.010000037756981e-05,-0.00022800432630130216,-0.0008919093236055328,0.0011321000004045345
39.019609,0.008712100000366263,-0.0006198999996286147,0.0005773679401593619,0.0010017037299871504,-0.0023678999996263883
39.039609,0.001322100000379578,0.0011301000003641093,0.001412213253952995,0.0017265289047859386,0.001322100000379578
39.059609,-0.0023678999996263883,0.0037741000003279623,0.0020485403544674265,0.002112822611049883,0.004822100000183127
39.079608,0.006382100000337232,0.002414100000305552,0.00233258777287139,0.0023826128208140297,0.0019121000002542132
39.099608,0.004822100000183127,0.0010921000002781511,0.0022361165455894072,0.0024762025643736553,0.0019121000002542132
39.119608,0.0019121000002542132,0.0019481000002542713,0.0018609043578003864,0.001155106993262812,0.0019121000002542132
39.139608,-0.005287899999757428,0.001520100000243474,0.001394081041278555,0.0019052002333623315,0.0019121000002542132
39.159608,0.0019121000002542132,0.0010921000002781511,0.0010348275543675207,0.001939372727536,0.0019121000002542132
39.179608,0.004242100000283244,0.0007801000002928049,0.0009275755219729684,0.0002819368301193839,0.0019121000002542132
39.199607,0.002682100000356513,0.0017921000002843357,0.0011250193852904281,0.00015354522173869776,0.0019121000002542132
39.219607,0.0003521000003274821,0.001052100000288192,0.0015780020463115722,0.0009294426576228444,0.0003521000003274821
39.239607,-0.00022789999979977438,0.0011681000002681686,0.002140691928107072,0.0028076477858141723,0.0003521000003274821
39.259607,-0.0017878999997265055,0.002024100000244289,0.0025951941791303263,0.0031103750585329253,0.0003521000003274821
39.279606,0.004822100000183127,0.003346100000226215,0.002711893196759346,0.002717088345214658,0.004822100000183127
39.299606,0.006962100000237115,0.003034100000240869,0.0023445138771927207,0.002018976457090862,0.004822100000183127
39.319606,0.006962100000237115,0.0021401000002242653,0.0015206966285704912,0.001972286480423365,0.004822100000183127
39.339606,-0.0017878999997265055,0.0007021000002623623,0.0004678533587335361,0.0012387899769618906,-0.0017878999997265055
39.359606,-0.006257899999809524,-0.000153899999713758,-0.00045924611485856815,0.00023541002359238447,-0.0017878999997265055
39.379606,-0.0023678999996263883,-0.001903899999706482,-0.0009215614491702317,-0.002249881351686292,-0.0017878999997265055
39.399605,0.002682100000356513,-0.0015918999997211359,-0.0007366921877747409,-0.0020737041955267528,-0.0017878999997265055
39.419605,-0.0017878999997265055,-0.0003858999997191859,4.8891462974559464e-05,-0.0005944967363375095,-0.00022789999979977438
39.439605,-0.00022789999979977438,0.002258100000244667,0.0011802917888439396,0.0018416337997910251,-0.00022789999979977438
39.459605,-0.00022789999979977438,0.0025701000002300136,0.002292195934913314,0.0038230790212389846,-0.00022789999979977438
39.479604,0.010852100000192877,0.0034641000002466173,0.003048073943500091,0.0032614240095593305,0.002682100000356513
39.499604,0.004242100000283244,0.0038921000002574146,0.0032702306063231734,0.0031716337997705654,0.002682100000356513
39.519604,0.002682100000356513,0.0031521000002612707,0.0030056291484929433,0.002855246853410196,0.002682100000356513
39.539604,0.0019121000002542132,0.0018301000002793443,0.0024947994191477094,0.0024222398604268817,0.002682100000356513
39.559604,-0.003927899999780493,0.001052100000288192,0.0020594876340464426,0.002019279487460968,0.0019121000002542132
39.579603,0.004242100000283244,0.0019081000002643123,0.001967106861138911,0.0014837550119296185,0.0019121000002542132
39.599603,0.0003521000003274821,0.002490100000250095,0.002335595300427466,0.0020512142193622436,0.004242100000283244
39.619603,0.006962100000237115,0.004124100000262842,0.0031105633318412244,0.003028906527058608,0.004242100000283244
39.639603,0.004822100000183127,0.003658100000257036,0.004104145778287607,0.004434244522409068,0.004242100000283244
39.659603,0.004242100000283244,0.0053301000002647925,0.00506108936452307,0.005996575524751552,0.004822100000183127
39.679602,0.0019121000002542132,0.0053301000002647925,0.00572274194628978,0.005594757342918056,0.004822100000183127
39.699602,0.008712100000366263,0.005214100000284816,0.005879904768260561,0.004920468298635398,0.004242100000283244
39.719602,0.006962100000237115,0.004320100000268212,0.005417218265465759,0.004356365734539281,0.004242100000283244
39.739602,0.004242100000283244,0.004008100000282866,0.004346197423633965,0.004963148951322245,0.004242100000283244
39.759602,-0.00022789999979977438,0.003658100000257036,0.002815871920375039,0.004282845921023825,0.004242100000283244
39.779602,0.0003521000003274821,0.0023361000002751096,0.0010937164967819019,0.0020973680655458453,0.0003521000003274821
39.799601,0.006962100000237115,-0.0001918999997087667,-0.00048240946910877835,-0.001725662237482111,0.0003521000003274821
39.819601,0.0003521000003274821,-0.0019418999997014908,-0.0015809052135107508,-0.0024219326337324935,0.0003521000003274821
39.839601,-0.008397899999636138,-0.002679899999702684,-0.0019788651921691276,-0.0027640072258046954,-0.003337899999678484
39.859601,-0.008977899999763395,-0.002213899999696878,-0.0016623937329735081,-0.0015074337992264063,-0.003337899999678484
39.8796,-0.003337899999678484,-0.0019018999997115315,-0.0008642623310319674,-0.0002384128202330524,-0.003337899999678484
39.8996,0.009292100000266146,0.001170100000263119,1.3200027400725425e-05,0.000293148951319628,0.0019121000002542132
39.9196,0.0019121000002542132,0.002920100000255843,0.0005743936053737469,0.0013632655014247201,0.0019121000002542132
39.9396,0.006962100000237115,0.0022201000002496584,0.0006132680502922022,0.00120338205152729,0.0019121000002542132
39.959599,-0.00022789999979977438,-0.001005899999745452,0.00019360922741317994,-2.722400907976302e-05,-0.00022789999979977438
39.979599,-0.006837899999709407,-0.0021718999997574428,-0.00042020689534694487,-0.0007435643354140652,-0.003917899999805741
39.999599,-0.006837899999709407,-0.002715899999748217,-0.000933893943527756,-0.0021334710953234883,-0.003917899999805741
40.019599,-0.003917899999805741,-0.0013938999997208158,-0.00118530946351131,-0.001734473426308684,-0.003917899999805741
40.039599,0.004242100000283244,-0.0008098999997400824,-0.0012009776478988387,-0.0017391820510149602,-0.003917899999805741
40.059599,0.006382100000337232,8.410000027652132e-05,-0.0011285820326604472,-0.00048246876429292485,-0.0023678999996263883
40.079598,-0.003917899999805741,0.0005121000002873188,-0.0011108666496564804,-5.493962674819571e-05,-0.001777899999751753
40.099598,-0.0023678999996263883,-0.0008098999996946077,-0.001192116655804601,-3.820303000350413e-05,-0.0023678999996263883
40.119598,-0.001777899999751753,-0.0025598999996873316,-0.0013057756316959242,-0.0012488090905831408,-0.0023678999996263883
40.139598,-0.0023678999996263883,-0.0013938999996753409,-0.0013289653190678877,-0.0020537974355711404,-0.0023678999996263883
40.159598,-0.0023678999996263883,-0.0013938999996753409,-0.0011573550025206244,-0.0023537508155203543,-0.0023678999996263883
40.179598,0.0019121000002542132,-0.0006558999996741477,-0.0007601543627996879,-0.0003896482514332766,-0.0023678999996263883
40.199597,-0.0023678999996263883,-0.0005378999996992206,-0.00019796390956095666,-0.00020626829807375568,-0.001777899999751753
40.219597,0.0019121000002542132,0.0009001000002626825,0.00039442356633319993,9.6039394225416e-05,0.0019121000002542132
40.239597,-0.001777899999751753,4.410000028656214e-05,0.0008494876534418747,0.0008048972030733017,-0.001777899999751753
40.259597,0.004822100000183127,0.0009001000002626825,0.0010205599261196717,0.0015961326343086606,0.0019121000002542132
40.279596,-0.0023678999996263883,0.001056100000278093,0.0008345852992577735,0.0009548972030698347,0.0019121000002542132
40.299597,0.0019121000002542132,0.0013661000002684887,0.00032915591893286267,0.00046547995362470327,0.0019121000002542132
40.319596,0.0026921000003312656,-0.0008498999997300416,-0.0003411667174979544,-0.000386431468274436,-0.00022789999979977438
40.339596,-0.00022789999979977438,-0.0007318999997551146,-0.0009396613320580022,-0.0005542869461121066,-0.00022789999979977438
40.359596,-0.006257899999809524,-0.0008498999997300416,-0.0012214662035384635,-0.0016768976687150492,-0.00022789999979977438
40.379595,-0.001777899999751753,-0.0013178999997307983,-0.0010241214751559437,-0.001258156410004382,-0.00022789999979977438
40.399595,0.001322100000379578,-0.0013178999997307983,-0.0003353568424278422,-0.0009029349647724092,-0.00022789999979977438
40.419595,0.0003521000003274821,0.000898100000267732,0.0006951853086922251,0.0006184170165768539,0.0003521000003274821
40.439595,-0.00022789999979977438,0.002530100000285529,0.0018064107954509235,0.0021924962706803292,0.001322100000379578
40.459594,0.004822100000183127,0.003114100000266262,0.002717210478258724,0.0036631256413173817,0.004242100000283244
40.479594,0.006382100000337232,0.003114100000266262,0.0032234215828888277,0.003542309790490146,0.004242100000283244
40.499594,0.004242100000283244,0.00354210000027706,0.0032623006288703773,0.0029662258743840962,0.004242100000283244
40.519594,0.0003521000003274821,0.0025321000002804794,0.0029170936755828656,0.002388906527063755,0.0019121000002542132
40.539594,0.0019121000002542132,0.0012101000002530781,0.002361578220470585,0.0019661559443220865,0.0003521000003274821
40.559594,-0.00022789999979977438,0.000744100000247272,0.0017765485414617643,0.0011257363638942548,0.0003521000003274821
40.579593,-0.00022789999979977438,0.0015221000002384245,0.0012843801859275224,0.0012968086249368772,0.0019121000002542132
40.599593,0.0019121000002542132,0.0015221000002384245,0.0009336665461592045,0.001466645454792238,0.0019121000002542132
40.619593,0.004242100000283244,0.0019501000002492218,0.0007331808910750827,0.001152403030557726,0.0019121000002542132
40.639593,0.0019121000002542132,0.0015221000002838992,0.0007028248876831194,0.001457251515422016,0.0019121000002542132
40.659593,0.0019121000002542132,0.0010941000002731016,0.0008984786489204429,0.0010227526809145865,0.0019121000002542132
40.679592,-0.0023678999996263883,0.0014061000002584477,0.0013870750399753342,0.0008223331005038678,0.0019121000002542132
40.699592,-0.00022789999979977438,0.0009781000002476504,0.0021861386905276878,0.0019159927741461739,-0.00022789999979977438
40.719592,0.005802100000209975,0.00233810000027006,0.0032105204896905387,0.0029586967368442872,-0.00022789999979977438
40.739592,-0.00022789999979977438,0.004982100000233913,0.0042667731135284225,0.00449196014012419,0.005802100000209975
40.759592,0.008712100000366263,0.005566100000260121,0.005106029095413075,0.0045110976692626925,0.005802100000209975
40.779592,0.010852100000192877,0.004944100000284379,0.005510934602148072,0.005615573193727462,0.0026921000003312656
40.799591,0.0026921000003312656,0.004944100000284379,0.005372281424231544,0.006276925175103069,0.0026921000003312656
40.819591,0.0026921000003312656,0.005062100000259306,0.004718670030221718,0.004411633799808261,0.0026921000003312656
40.839591,-0.00022789999979977438,0.003430100000286984,0.0036941077496260104,0.004406505594681343,0.0026921000003312656
40.859591,0.009302100000240898,0.0015241000002788497,0.0025078716927234173,0.0015754100235869574,0.0026921000003312656
40.879591,0.0026921000003312656,0.0019521000002896472,0.0013823891525875174,0.00010391818212989221,0.0026921000003312656
40.89959,-0.006837899999709407,0.0007481000003281224,0.0005069620053921612,0.0008817270399587958,0.0026921000003312656
40.91959,0.004832100000385253,-0.00037989999964338494,-1.486236645148219e-06,0.0011641512824035185,0.0026921000003312656
40.93959,-0.006247899999607398,0.0003581000003578083,-0.00011910831698643372,0.0006976477859107498,0.0036621000003833615
40.95959,0.0036621000003833615,0.0016801000003397349,9.699058203130093e-05,-0.0011675037292710525,0.0036621000003833615
40.979589,0.006382100000337232,-6.989999969846395e-05,0.0005492651603539963,0.0005193027975045807,-0.00022789999979977438
40.999589,-0.00022789999979977438,0.0011341000002630607,0.0011413460531873433,0.0018896990678700923,-0.00022789999979977438
41.019589,-0.003917899999805741,0.0024561000002449873,0.001793422843019468,0.0015122398603844207,-0.00022789999979977438
41.039589,-0.00022789999979977438,0.0015621000002283836,0.0024319067223685016,0.0025530324011637483,-0.00022789999979977438
41.059589,0.010272100000292994,0.0021461000002545917,0.002980852243794736,0.0028345475526820644,0.0019121000002542132
41.079588,0.0019121000002542132,0.0037781000002723884,0.0033762790207111813,0.002837997436156098,0.0026921000003312656
41.099588,0.0026921000003312656,0.0051001000002997895,0.003593705597886139,0.0036300020982117463,0.004242100000283244
41.119588,0.004242100000283244,0.0025721000003159134,0.003662629642102112,0.004295410023630937,0.0026921000003312656
41.139588,0.006382100000337232,0.0031561000003421215,0.003653679426524298,0.004093265501499632,0.004242100000283244
41.159588,-0.0023678999996263883,0.004010100000323291,0.0036447621393966,0.0027596058278495173,0.004832100000385253
41.179587,0.004832100000385253,0.0038941000003433145,0.0036842056486895355,0.004001260839502006,0.004832100000385253
41.199587,0.006962100000237115,0.0026881000003413646,0.003769084065181064,0.004041563869803453,0.0036621000003833615
41.219587,0.0036621000003833615,0.004554100000314065,0.003846304241528769,0.0027932421914672084,0.004832100000385253
41.239587,0.0003521000003274821,0.003658100000302511,0.0038301405468322385,0.003451330769539951,0.0036621000003833615
41.259587,0.006962100000237115,0.0022201000002951333,0.0036265432193096584,0.004396202564377825,0.0003521000003274821
41.279586,0.0003521000003274821,0.00354210000027706,0.0031617530881786187,0.003717344755514088,0.0003521000003274821
41.299586,-0.00022789999979977438,0.0034261000002516083,0.0024160085240792287,0.0020325895107612376,0.0003521000003274821
41.319586,0.010272100000292994,0.0015601000002789078,0.0014550041113069946,0.0015546641028266344,-0.00022789999979977438
41.339586,-0.00022789999979977438,0.00012210000027153002,0.0004391831069291126,0.0007948505830361464,-0.00022789999979977438
41.359586,-0.0023678999996263883,0.000706100000297738,-0.0004107964078772353,-0.0005070142188251699,-0.00022789999979977438
41.379586,-0.006837899999709407,-0.0015098999997007923,-0.0008921623913550268,-0.0007443801861949957,-0.0008078999996996572
41.399585,0.0026921000003312656,-0.0015098999997007923,-0.0009069586387918704,-0.0011640305358331282,-0.0008078999996996572
41.419585,-0.0008078999996996572,-0.0009658999997100182,-0.0005098595396119012,-0.0015634011652035209,-0.00022789999979977438
41.439585,-0.00022789999979977438,0.0009401000002981164,0.00010792564000314126,-0.00021438018616887347,0.0003521000003274821
41.459584,0.0003521000003274821,0.0006681000003027293,0.0006878757624749105,0.001670141958343132,0.0003521000003274821
41.479584,0.0026921000003312656,0.0009001000003081572,0.0009959198799445437,0.0018965055947203855,0.0003521000003274821
41.499584,0.0013321000003543304,0.001794100000324761,0.000904121447059751,0.0010007247089305698,0.0013321000003543304
41.519584,0.0003521000003274821,0.0003561000003173831,0.0004350197691456911,-4.006783185352787e-05,0.0013321000003543304
41.539584,0.004242100000283244,-0.0005378999996992206,-0.00024832711064653627,-0.0005813498831353368,0.0003521000003274821
41.559584,-0.006837899999709407,-0.0017438999997011705,-0.0009057428914483119,-0.001058575990379295,-0.001777899999751753
41.579583,-0.001777899999751753,-0.0009658999997100182,-0.0013128500962081898,-0.001280837062647912,-0.001777899999751753
41.599583,-0.004697899999655419,-0.0017438999997011705,-0.001342071140740557,-0.001419531701336886,-0.001777899999751753
41.619583,0.004242100000283244,-0.0003058999996937928,-0.0009942471529755788,-0.0010689023306869841,0.0003521000003274821
41.639583,0.0003521000003274821,-0.00018989999966834148,-0.000373020880007445,-0.0005016762234471202,0.0003521000003274821
41.659583,0.0003521000003274821,0.0012881000003289954,0.00037173485825795226,0.000957647785876014,0.0003521000003274821
41.679582,-0.0011978999996244966,0.0008221000003231893,0.0010952085607883733,0.0016317503499774318,0.0003521000003274821
41.699582,0.0026921000003312656,0.0011341000003085356,0.0016854825503618057,0.001623661771868465,0.0019121000002542132
41.719582,0.0019121000002542132,0.001912100000299688,0.0020724565421330957,0.001026016084213741,0.0019121000002542132
41.739582,0.0019121000002542132,0.0017961000002742367,0.0022294569362293266,0.00252203007020524,0.0019121000002542132
41.759582,0.004242100000283244,0.0021061000002646326,0.0021727453493685356,0.0022936850818579975,0.0019121000002542132
41.779581,-0.001777899999751753,0.0025721000002704385,0.0019576168611957928,0.0016093960375671967,0.004242100000283244
41.799581,0.004242100000283244,0.0012501000002885121,0.0016690785001823615,0.0016121932403642273,0.004242100000283244
41.819581,0.004242100000283244,0.0007841000002827059,0.0014067549991948773,0.0019977876459735676,0.0019121000002542132
41.839581,-0.004697899999655419,0.0025321000002804794,0.001264653773265294,0.0015515638697453586,0.004242100000283244
41.859581,0.0019121000002542132,0.001754100000289327,0.001309106424516328,0.0009593261075055771,0.0019121000002542132
41.87958,0.006962100000237115,0.0005501000002823275,0.001561709384139342,0.0015239181820995086,0.0003521000003274821
41.89958,0.0003521000003274821,0.0020281000002796644,0.0019914466422441043,0.0018549205131210434,0.0019121000002542132
41.91958,-0.001777899999751753,0.002922100000296268,0.002514364034000363,0.001776622144817366,0.0026921000003312656
41.93958,0.0026921000003312656,0.002496100000325896,0.003002446142924463,0.003954967133177838,0.0026921000003312656
41.95958,0.006382100000337232,0.0023801000003004446,0.003310639020344032,0.003821983450196,0.0026921000003312656
41.979579,0.004832100000385253,0.0047121000003244266,0.0033230998013462102,0.0028098622380781546,0.004832100000385253
41.999579,-0.00022789999979977438,0.003390100000297025,0.0029992915872662468,0.002462146620345249,0.004832100000385253
42.019579,0.009882100000368155,0.0011741000002984947,0.002392062345358201,0.002599396037600071,-0.00022789999979977438
42.039579,-0.003917899999805741,0.0005901000002722867,0.0016245356150407883,0.0016432188814095878,-0.00022789999979977438
42.059579,-0.004697899999655419,0.001912100000299688,0.0008389872295863735,0.0009655731937480214,0.0019121000002542132
42.079578,0.0019121000002542132,-0.0004198999997242936,0.0001507019173805794,-0.0002727717946043905,-0.001777899999751753
42.099578,0.006382100000337232,8.100000286503928e-06,-0.0003644794029432077,-0.00040757365937702867,-0.001777899999751753
42.119578,-0.001777899999751753,8.100000286503928e-06,-0.0006514715701274194,-0.0005096482514552017,-0.001777899999751753
42.139578,-0.001777899999751753,0.0005921000003127119,-0.0006578758951424025,0.00023657552479045343,-0.001777899999751753
42.159578,-0.004697899999655419,-0.00030189999970389183,-0.00034236490985040216,0.00012830046648771817,-0.001777899999751753
42.179577,0.004832100000385253,-0.0005738999996992789,0.0002962299113822606,4.2100000291823416e-05,-0.001777899999751753
42.199577,0.0019121000002542132,0.0009421000002930669,0.0011936077905451308,-0.00028498624679330453,0.0019121000002542132
42.219577,-0.0031378999997286883,0.0028481000003012014,0.0022154261360657524,0.002439512587729671,0.004832100000385253
42.239577,0.005802100000209975,0.0021481000002950166,0.0031768250516143537,0.003741657109862581,0.0019121000002542132
42.259577,0.004832100000385253,0.004052100000308201,0.0038834786163227495,0.004053148951343385,0.004832100000385253
42.279576,0.0013321000003543304,0.004634100000293984,0.004185480717168944,0.003944594172791315,0.004832100000385253
42.299576,0.011432100000320133,0.003544100000317485,0.004024776822044996,0.004207437995650993,0.0013321000003543304
42.319576,-0.00022789999979977438,0.003426100000297083,0.003452485155177397,0.004244407692600492,0.0013321000003543304
42.339576,0.0003521000003274821,0.0028041000002758665,0.002603597517377287,0.0018805382287254914,0.0003521000003274821
42.359576,0.004242100000283244,0.0004721000002518849,0.0016390515908608092,0.0008512841494411838,-0.00022789999979977438
42.379575,-0.001777899999751753,-0.00042189999971924407,0.000683819262989253,-0.0001341004659370774,-0.00022789999979977438
42.399575,-0.00022789999979977438,-0.00010989999973389785,-0.00020853192080299586,-0.0004724920743287038,-0.00022789999979977438
42.419575,-0.004697899999655419,-0.0008878999997250503,-0.0010474083874808199,0.000181167599349107,-0.00022789999979977438
42.439575,0.0019121000002542132,-0.00014989999972385703,-0.001854669784442737,-0.0011618393936554678,0.0003521000003274821
42.459575,0.0003521000003274821,-0.0017838999996911298,-0.0025963857970859863,-0.0022905573423597564,0.0003521000003274821
42.479574,0.0019121000002542132,-0.0022118999997019274,-0.003140907762823971,-0.002557596969399345,0.0003521000003274821
42.499574,-0.008397899999636138,-0.0029498999997031204,-0.003284580086345307,-0.003774077155875908,-0.001777899999751753
42.519574,-0.006837899999709407,-0.0033758999997189677,-0.0028487369617888323,-0.0026688324006390787,-0.001777899999751753
42.539574,-0.001777899999751753,-0.003687899999704314,-0.0017994050109422872,-0.0027632846150886787,-0.001777899999751753
42.559574,-0.001777899999751753,-0.00014989999972385703,-0.0003168166247752509,-0.0013822356640661114,-0.001777899999751753
42.579573,0.0003521000003274821,0.0011721000002580695,0.001233156813677262,0.0010961326342979567,-0.00022789999979977438
42.599573,0.009292100000266146,0.0024921000002450454,0.0024193023518786403,0.002947577855712139,0.0003521000003274821
42.619573,-0.00022789999979977438,0.003696100000252045,0.002903994796509567,0.004168789976920349,0.004242100000283244
42.639573,0.004822100000183127,0.0028421000002254006,0.0025717177763207692,0.0030974146855496233,0.004242100000283244
42.659573,0.004242100000283244,0.0015221000002384245,0.0015752712367991483,0.001426155944304782,0.0026921000003312656
42.679572,-0.003917899999805741,-0.00011189999972884834,0.0002840071857223042,-0.00043053403236529403,0.0026921000003312656
42.699572,0.0026921000003312656,-0.0015498999996907514,-0.0008443068600444417,-0.0015059419577452217,-0.0023678999996263883
42.719572,-0.008397899999636138,-0.0018598999996811473,-0.0014191832259764967,-0.0014136109553892185,-0.0023678999996263883
42.739572,-0.0023678999996263883,-0.00022789999966335017,-0.0012411883116172425,-0.0010215363632895518,0.0026921000003312656
42.759572,0.0026921000003312656,-0.0006958999996641069,-0.00034714851480109393,-0.0008402076919729539,0.0003521000003274821
42.779571,0.004242100000283244,0.0022601000003305673,0.001033455337688793,0.0012779275061649093,0.0026921000003312656
42.799571,0.0003521000003274821,0.0026881000002958897,0.0025790242996526543,0.0034219834501829855,0.0026921000003312656
42.819571,0.006382100000337232,0.004436100000293664,0.003981926513410926,0.004554244522442122,0.004242100000283244
42.839571,-0.00022789999979977438,0.004980100000284438,0.005022366768605341,0.005066389044569335,0.006382100000337232
42.859571,0.011432100000320133,0.004436100000293664,0.005599268619413652,0.00537508368326106,0.006382100000337232
42.87957,0.006962100000237115,0.0053301000002647925,0.00572332408233378,0.005291517249696257,0.006962100000237115
42.89957,-0.0023678999996263883,0.005914100000291,0.005480806907815879,0.004906575524754379,0.006962100000237115
42.91957,0.010852100000192877,0.00369810000029247,0.0049814225910995175,0.004226132634319102,0.0026921000003312656
42.93957,0.0026921000003312656,0.0028441000003113005,0.004311149776982112,0.00503403473225961,0.0026921000003312656
42.95957,0.0003521000003274821,0.0045941000003040244,0.0035100414809512144,0.003416179254405634,0.0026921000003312656
42.979569,0.0026921000003312656,0.0031561000003421215,0.0025827742603258034,0.0028033820516063786,0.0026921000003312656
42.999569,0.006382100000337232,0.0013661000003139633,0.0015340999516634752,0.0020308645690687416,0.0026921000003312656
43.019569,0.0036621000003833615,0.0005121000002873188,0.0004064053519371631,-0.0003007904425909889,0.0026921000003312656
43.039569,-0.006257899999809524,-0.0003818999997292849,-0.000709195146304,-0.0007509536127793863,-0.001777899999751753
43.059569,-0.003917899999805741,-0.002013899999747082,-0.0016993391410328154,-0.0008851261069825436,-0.001777899999751753
43.079569,-0.001777899999751753,-0.003103899999769055,-0.0024712898820391897,-0.0024954524473242714,-0.0017878999997265055
43.099568,-0.001777899999751753,-0.0018978999997671052,-0.0029774276385226848,-0.0037749629368288833,-0.001777899999751753
43.119568,-0.0017878999997265055,-0.002793899999733185,-0.003207258216625745,-0.0034571074589443283,-0.001777899999751753
43.139568,-0.00022789999979977438,-0.0029118999997081118,-0.0031638031616787127,-0.002772562004368085,-0.0017878999997265055
43.159568,-0.008397899999636138,-0.002485899999692265,-0.0028505923943228004,-0.002156641258438863,-0.0017878999997265055
43.179567,-0.0023678999996263883,-0.0021738999997069188,-0.0022784904747348185,-0.0017947298365221433,-0.00022789999979977438
43.199567,0.0003521000003274821,-0.0012798999996903148,-0.0014801155253902649,-0.0008092519810588273,-0.00022789999979977438
43.219567,-0.00022789999979977438,4.210000029161165e-05,-0.0005166649187344788,-0.0017930515148713794,-0.00022789999979977438
43.239567,0.004242100000283244,0.00047010000025693444,0.000522939268822761,-0.0004963382281448623,-0.00022789999979977438
43.259567,-0.0017878999997265055,-0.0005398999997396458,0.0015201112564270244,0.0016466920748628823,-0.00022789999979977438
43.279566,-0.00022789999979977438,0.0022201000002951333,0.002321845472117258,0.0026596291377886886,-0.00022789999979977438
43.299566,-0.004697899999655419,0.0023361000002751096,0.0027538244607155796,0.0027745941727676904,-0.00022789999979977438
43.319566,0.013572100000374121,0.0030761000002712535,0.002674083595068692,0.002666295804485165,0.0019121000002542132
43.339566,0.004822100000183127,0.0021821000003001247,0.002057363691809433,0.001853755011935695,0.0019121000002542132
43.359565,0.0019121000002542132,0.0027641000002859074,0.0010574708448865937,0.0020024962706766646,0.0019121000002542132
43.379565,-0.004697899999655419,-0.000307899999734218,-9.650720690694543e-06,0.0006116571098456743,-0.0017878999997265055
43.399565,-0.0017878999997265055,-0.001201899999705347,-0.0007707732727933888,-0.001020837062652968,-0.0017878999997265055
43.419565,-0.0017878999997265055,-0.002057899999681467,-0.0009372961895648085,-0.002576944288726969,-0.0017878999997265055
43.439565,0.0003521000003274821,-0.0005818999996790808,-0.0004133943907593163,-0.0007549862467578484,-0.0017878999997265055
43.459565,-0.0023678999996263883,0.001518100000339473,0.000675460734395892,0.0008593027975386984,0.0003521000003274821
43.479564,0.002682100000356513,0.0028401000003213995,0.002038889107984036,0.0038741046623329617,0.002682100000356513
43.499564,0.008712100000366263,0.003500100000337625,0.0033346397269423097,0.002748113986334219,0.003652100000408609
43.519564,0.004822100000183127,0.005132100000309947,0.004289144230267893,0.003975200233421865,0.004822100000183127
43.539564,0.003652100000408609,0.003228100000296763,0.004774330378169926,0.005023708391917471,0.004822100000183127
43.559564,0.005792100000235223,0.004666100000304141,0.004813821080999204,0.005700794638992919,0.004822100000183127
43.579563,-0.006837899999709407,0.004550100000324164,0.004532313377021725,0.004181657109867887,0.004242100000283244
43.599563,0.015902100000403152,0.003890100000307939,0.00408904648518266,0.0025900254082488598,0.004242100000283244
43.619563,0.004242100000283244,0.002258100000335617,0.003628255128141138,0.0036768086250379,0.0003521000003274821
43.639563,0.0003521000003274821,0.004474100000334147,0.0032497235320871226,0.0035366221448433605,0.004242100000283244
43.659563,-0.0023678999996263883,0.0031521000003067456,0.002988551468265468,0.003027904196137249,0.004242100000283244
43.679563,0.004242100000283244,0.001830100000324819,0.002808269037678762,0.0031832655014836717,0.0003521000003274821
43.699562,0.009292100000266146,0.002142100000310165,0.0026237015717219562,0.001930375058571648,0.0019121000002542132
43.719562,-0.0023678999996263883,0.0034641000002920918,0.002352735702632452,0.0027827060609067985,0.004242100000283244
43.739562,0.0019121000002542132,0.0034641000002920918,0.0019703348895265317,0.0027109578091473003,0.004242100000283244
43.759562,0.004242100000283244,0.0006661000003077788,0.0015356048807384894,0.0017176477858424407,0.0019121000002542132
43.779561,0.004242100000283244,0.0012101000002985528,0.001179264195074994,0.0007955032637147396,0.0019121000002542132
43.799561,-0.004697899999655419,0.0010921000003236258,0.0010548567821851193,0.0006723331005545058,0.001322100000379578
43.819561,0.0003521000003274821,0.0015201000003344234,0.0012713024433930716,0.00177011864835149,0.001322100000379578
43.839561,0.001322100000379578,0.0012081000003490773,0.001838215336918547,0.0010856897439513926,0.001322100000379578
43.859561,0.006382100000337232,0.0026841000003514637,0.0026535503824008638,0.002349559207812598,0.002682100000356513
43.87956,0.002682100000356513,0.003462100000342616,0.0035385988213319,0.003604920513155325,0.002682100000356513
43.89956,0.002682100000356513,0.0053681000003052756,0.00429900394999144,0.0054769251751311,0.004242100000283244
43.91956,0.004242100000283244,0.004474100000288672,0.004784240406372629,0.005008300466492265,0.002682100000356513
43.93956,0.010852100000192877,0.004786100000274018,0.0049269135153486064,0.004767298135469816,0.004242100000283244
43.959559,0.0019121000002542132,0.004320100000268212,0.004750703913185718,0.004348929837098307,0.004242100000283244
43.979559,0.004242100000283244,0.004320100000268212,0.004342110754721113,0.003896272494453835,0.004242100000283244
43.999559,0.0003521000003274821,0.0026881000002958897,0.0037966648130542996,0.0036081839163733882,0.0026921000003312656
44.019559,0.004242100000283244,0.0023761000003105436,0.003168638394975224,0.002743102331290167,0.0026921000003312656
44.039559,0.0026921000003312656,0.0024921000002905203,0.002454634691483188,0.002412636130827789,0.0026921000003312656
44.059559,0.0003521000003274821,0.002376100000265069,0.0016205422356285327,0.0027520300702038457,0.0026921000003312656
44.079558,0.004822100000183127,0.0015981000002739166,0.0006541897604933924,0.00018776433593289832,0.0003521000003274821
44.099558,-0.00022789999979977438,-0.000307899999734218,-0.0003896218586104186,-0.0002704874123210055,0.0003521000003274821
44.119558,0.0003521000003274821,-0.002057899999726942,-0.0013818852423536138,-0.0011498580416757455,-0.00022789999979977438
44.139558,-0.006837899999709407,-0.001745899999696121,-0.002158505403329636,-0.0020503941721854795,-0.00022789999979977438
44.159558,-0.008397899999636138,-0.002173899999661444,-0.002583659986552511,-0.0027545200462937677,-0.0023678999996263883
44.179557,0.006382100000337232,-0.0031838999996580243,-0.0025978072302447093,-0.0027972473190138653,-0.004697899999655419
44.199557,-0.0023678999996263883,-0.0018618999996760977,-0.0022251483486597505,-0.002433191374959629,-0.0023678999996263883
44.219557,-0.004697899999655419,0.00020010000030197262,-0.0015491777214806093,-0.0016930282048128091,-0.00022789999979977438
44.239557,-0.00022789999979977438,-0.0015498999996907514,-0.0006824559449984526,-0.00018281841460198616,-0.0023678999996263883
44.259557,0.0019121000002542132,-0.0002278999997088249,0.00025507816758604427,0.0009662258744229048,-0.00022789999979977438
44.279556,-0.0023678999996263883,0.0015601000002789078,0.0011523962823144864,0.0008012608394424091,0.0019121000002542132
44.299556,0.004242100000283244,0.002570100000275488,0.0019236266578434337,0.00234923286738426,0.004242100000283244
44.319556,0.004242100000283244,0.0021421000002646907,0.002521168611627969,0.0018476011657454446,0.004242100000283244
44.339556,0.004822100000183127,0.0025701000002300136,0.002935698611274859,0.002119699067861278,0.004242100000283244
44.359555,-0.00022789999979977438,0.001792100000238861,0.003176007491446267,0.003484081352219507,0.0003521000003274821
44.379555,-0.00022789999979977438,0.003230100000246239,0.003237824017251996,0.0038593494174840584,0.0003521000003274821
44.399555,0.0003521000003274821,0.003230100000246239,0.0030888309573675276,0.002130025408178507,0.0003521000003274821
44.419555,0.011432100000320133,0.0023361000002751096,0.002692858480336573,0.0026723097904659465,0.0003521000003274821
44.439555,0.004822100000183127,0.002026100000284714,0.002063014836424797,0.002046435664609534,0.0003521000003274821
44.459555,-0.004697899999655419,0.0033481000002666406,0.0013016134405187327,0.0025338249420175036,0.004822100000183127
44.479554,-0.001777899999751753,0.00012210000027153002,0.0005912322657969722,0.0007076710958599925,-0.001777899999751753
44.499554,0.006962100000237115,-0.0003038999996988423,0.00013981281919119172,0.0006804916086728058,-0.001777899999751753
44.519554,-0.004697899999655419,-0.00014789999972890654,0.00011031331023322995,-0.0012006505824836804,-0.001777899999751753
44.539554,0.0026921000003312656,0.002066100000274673,0.0005624366345583489,4.5619813791620244e-05,0.0026921000003312656
44.559554,-0.003917899999805741,-0.00010989999973389785,0.0014217468860430575,0.00202051491867632,-0.003917899999805741
44.579553,0.009292100000266146,0.0025721000002704385,0.0024867890608989206,0.002216598834775041,0.0026921000003312656
44.599553,-0.003917899999805741,0.003310100000271632,0.003478702004661837,0.0031312841494793267,0.006382100000337232
44.619553,0.008712100000366263,0.0046321000002990335,0.0041232595393279215,0.005441237529434447,0.006382100000337232
44.639553,0.006382100000337232,0.00405010000031325,0.004239859724358748,0.004414081352274014,0.006382100000337232
44.659553,0.0026921000003312656,0.004788100000314444,0.0038039874139526395,0.0033742445224437447,0.006382100000337232
44.679552,0.006382100000337232,0.0017941000002792862,0.0029543392568542977,0.0016234519816554938,0.0026921000003312656
44.699552,-0.00022789999979977438,0.0005881000002773362,0.001937050186601328,0.0027827526809389904,0.0003521000003274821
44.719552,-0.006257899999809524,0.0013261000002785296,0.001011516965102902,0.0008731023312731808,0.0003521000003274821
44.739552,0.0003521000003274821,0.0010141000002477085,0.0003660934576973976,0.0002992561774140843,0.0003521000003274821
44.759552,0.006382100000337232,0.00012010000027657952,8.551960425662528e-05,0.0006419368300992967,0.0003521000003274821
44.779551,0.004822100000183127,0.0013261000002785296,0.00017201343800681614,-0.00017745710928601742,0.0003521000003274821
44.799551,-0.004697899999655419,0.0017941000002792862,0.0005805353425630008,0.0010461792543567448,0.0026921000003312656
44.819551,-0.00022789999979977438,0.0001621000002614892,0.0012283302448629293,0.0014716804198521216,-0.00022789999979977438
44.839551,0.0026921000003312656,0.0005901000002722867,0.00197912876994968,0.0013783937065619005,-0.00022789999979977438
44.85955,-0.001777899999751753,0.0020681000002696235,0.0026374600314524976,0.0018949904431581777,0.0026921000003312656
44.87955,0.006962100000237115,0.003390100000297025,0.002984417681134401,0.002966855245046859,0.0026921000003312656
44.89955,0.0026921000003312656,0.0032341000002816143,0.002852803082625206,0.004302985781181738,0.0026921000003312656
44.91955,0.006382100000337232,0.0031161000003066875,0.0022061611315138106,0.001762286480500406,0.0026921000003312656
44.93955,0.0019121000002542132,0.0010941000003185763,0.0011744098528033192,0.0006250137532162963,0.0019121000002542132
44.95955,-0.0023678999996263883,-0.0012398999997003557,1.6859018590556702e-05,0.0006999554781649153,-0.0023678999996263883
44.979549,-0.0031478999997034407,-0.0011238999997203792,-0.0009761671342961849,-0.0007305107223149682,-0.0023678999996263883
44.999549,-0.008977899999763395,-0.0011238999997203792,-0.0015933956391220262,-0.0027687158505486018,-0.0023678999996263883
45.019549,0.006962100000237115,-0.0019018999997570062,-0.0017667390305789131,-0.002634007225872149,-0.0031478999997034407
45.039549,0.0019121000002542132,-0.002523899999778223,-0.001564310749553026,-0.0007547065265821856,-0.006257899999809524
45.059549,-0.006257899999809524,0.0014421000002130314,-0.001134104159932645,-3.0254312140575714e-05,0.0019121000002542132
45.079548,-0.006257899999809524,0.00012010000023110479,-0.0006394572387296519,-0.0003392519811282039,0.0003521000003274821
45.099548,0.010852100000192877,-0.0016298999997616192,-0.0002105719892870747,-0.0001695783214382511,-0.006257899999809524
45.119548,0.0003521000003274821,-0.0007338999997500651,8.229611897949078e-05,-0.0009949862468345582,-0.001777899999751753
45.139548,-0.006837899999709407,0.0013661000002684887,0.00022952935994116606,-0.00020524265708091476,0.0003521000003274821
45.159548,-0.001777899999751753,-0.00042189999971924407,0.00025823937526668037,0.0009195125876833954,0.0003521000003274821
45.179548,0.004242100000283244,-0.0008478999997350911,0.00020488130399557924,0.0004591163172866735,-0.001777899999751753
45.199547,0.0019121000002542132,0.000902100000257633,0.00010860307722503324,-0.0005806039624395305,0.0019121000002542132
45.219547,-0.001777899999751753,0.001096100000268052,2.3668644337925335e-05,0.00033748461564723717,0.0019121000002542132
45.239547,0.0019121000002542132,0.0003181000002768997,2.6459750680640684e-05,0.0005041979023784606,0.0003521000003274821
45.259547,-0.0008078999996996572,-0.0005378999996992206,0.00019859139457143707,0.0002927759909831193,-0.0008078999996996572
45.279546,0.0003521000003274821,0.0003561000003173831,0.0005903679106217069,8.091118912003541e-05,0.0003521000003274821
45.299546,-0.0023678999996263883,0.0012501000003339868,0.0011857665274259753,0.0011122165504483263,0.0003521000003274821
45.319546,0.0026921000003312656,0.001794100000324761,0.001892768996887216,0.0016465988348403687,0.0019121000002542132
45.339546,0.006382100000337232,0.0024561000003359367,0.002570504420003914,0.0028332888115134226,0.0026921000003312656
45.359546,0.0019121000002542132,0.003312100000312057,0.00308228669033304,0.0032446407928571775,0.0026921000003312656
45.379545,0.0036621000003833615,0.004166100000293227,0.00334691466465551,0.0033418435900498854,0.0036621000003833615
45.399545,0.0019121000002542132,0.0024161000003005027,0.003363816113667192,0.0034328226110276402,0.0019121000002542132
45.419545,0.006962100000237115,0.002882100000306309,0.003205578971465646,0.0031062958044920604,0.0036621000003833615
45.439545,-0.0023678999996263883,0.002998100000286286,0.0029871836620770026,0.003077717715896553,0.004242100000283244
45.459545,0.004242100000283244,0.0035801000002720685,0.0028272824899159706,0.003232472960645865,0.004242100000283244
45.479544,0.004242100000283244,0.002570100000275488,0.002815347252340512,0.0025854566436174287,0.004242100000283244
45.499544,0.004822100000183127,0.003114100000266262,0.002990793263051509,0.0023173214455035856,0.004242100000283244
45.519544,0.0019121000002542132,0.0028041000002758665,0.0033313211388104665,0.002771144289337647,0.0026921000003312656
45.539544,0.0003521000003274821,0.003232100000286664,0.0037488929637625747,0.004703661771839886,0.0026921000003312656
45.559544,0.0026921000003312656,0.0041261000003032676,0.004103186902118228,0.004203358741545468,0.0026921000003312656
45.579543,0.006382100000337232,0.004708100000289051,0.0042454652566895346,0.004319955478147281,0.004822100000183127
45.599543,0.009292100000266146,0.004280100000278253,0.004086124749417651,0.0033501419583278325,0.004822100000183127
45.619543,0.004822100000183127,0.004124100000262842,0.0036506854330846015,0.004068836596993542,0.004822100000183127
45.639543,-0.0017878999997265055,0.002802100000235441,0.003083665415734438,0.00406659883474765,0.0019121000002542132
45.659543,0.0019121000002542132,0.002802100000235441,0.0025909185417155524,0.0029393727275049356,0.0019121000002542132
45.679542,-0.00022789999979977438,0.0019081000002643123,0.00235289454693571,0.001322706060847899,0.0003521000003274821
45.699542,0.009292100000266146,0.0022201000002496584,0.0024553247891698354,0.001475013753173329,0.0003521000003274821
45.719542,0.0003521000003274821,0.0023741000002701186,0.002862463365814188,0.002585246853419298,0.0003521000003274821
45.739542,-0.00022789999979977438,0.004278100000283303,0.0034306122821774316,0.003895106993282797,0.002682100000356513
45.759542,0.002682100000356513,0.0032681000002867224,0.0039523965113485585,0.004520141958336618,0.002682100000356513
45.779541,0.009292100000266146,0.004278100000283303,0.004225873070612894,0.004994920513107403,0.004242100000283244
45.799541,0.004242100000283244,0.005172100000299907,0.004133211978877247,0.0040212608394520405,0.004242100000283244
45.819541,0.005402100000310384,0.0045901000002686486,0.0036946463572915937,0.003926482284654134,0.004242100000283244
45.839541,0.004242100000283244,0.002258100000290142,0.003062099853417936,0.0028716571098532217,0.004242100000283244
45.859541,-0.00022789999979977438,0.0013641000002735382,0.002445283452218359,0.0016279508161381997,-0.00022789999979977438
45.87954,-0.0023678999996263883,0.0010141000002931832,0.0020036608971341083,0.0012982771564594717,-0.00022789999979977438
45.89954,-0.00022789999979977438,0.0011301000002731597,0.0017635107560642126,0.0015630557112209062,-0.00022789999979977438
45.91954,0.003652100000408609,0.00214010000026974,0.0016111805982734506,0.00188249627065209,0.003652100000408609
45.93954,0.004822100000183127,0.0022561000002497165,0.0013703880027051039,0.0019989997671709687,0.003652100000408609
45.95954,0.004822100000183127,0.002372100000275168,0.0009177885305163061,0.0016394892776697904,0.003652100000408609
45.979539,-0.0017878999997265055,0.0007021000002623623,0.00026521848989216536,0.0007934986016541883,0.0003521000003274821
45.999539,0.0003521000003274821,-0.0010478999997303618,-0.00044115076279198834,-0.0004596249414500665,-0.0017878999997265055
46.019539,-0.004697899999655419,-0.002057899999726942,-0.0010015519744429437,-0.0016592752911111929,-0.0017878999997265055
46.039539,-0.003927899999780493,-0.0016298999997161445,-0.0012730465486543699,-0.00203109347291761,-0.00022789999979977438
46.059539,-0.00022789999979977438,-0.001745899999741596,-0.0012461827472569082,-0.002231699533542958,-0.00022789999979977438
46.079538,0.0003521000003274821,-0.0008518999997704669,-0.0010483188054830536,-0.000806524708374481,-0.00022789999979977438
46.099538,-0.00022789999979977438,-0.0004238999997596693,-0.0008769533115825975,-4.6198368051796756e-05,-0.00022789999979977438
46.119538,-0.00022789999979977438,0.00015810000027158822,-0.0009013177671924474,-0.00025773682959678444,-0.00022789999979977438
46.139538,-0.0017878999997265055,-0.0006978999997500068,-0.0011798305137108512,-0.0011968510486995692,-0.00022789999979977438
46.159538,0.002682100000356513,-0.0021758999997473437,-0.0016277703719570348,-0.0012040072258344984,-0.0017878999997265055
46.179538,-0.003927899999780493,-0.0020598999997218925,-0.0020470787448405134,-0.0017761284379597584,-0.0017878999997265055
46.199537,-0.007617899999786459,-0.0011658999997052888,-0.0022060551683991806,-0.0031768277386371242,0.0003521000003274821
46.219537,0.0003521000003274821,-0.0029538999997384963,-0.0019351925875903523,-0.0023416296034583653,-0.003927899999780493
46.239537,0.002682100000356513,-0.002525899999727699,-0.0011981428470114607,-0.001752795104626505,-0.0017878999997265055
46.259537,-0.006257899999809524,0.0011681000002681686,-0.00011114069355586263,-0.00010911212094186044,0.0003521000003274821
46.279536,-0.0017878999997265055,0.0013621000002785877,0.0010930535480862952,0.0026616804198544026,0.001322100000379578
46.299536,0.010852100000192877,0.002218100000254708,0.002144371378662677,0.002117671095843726,0.001322100000379578
46.319536,0.001322100000379578,0.0034241000002566578,0.0028306729683719037,0.002319838927983971,0.001322100000379578
46.339536,0.006962100000237115,0.0024141000002600777,0.003066980498553474,0.0029040580422105104,0.001322100000379578
46.359536,-0.00022789999979977438,0.0024141000002600777,0.002902780900710498,0.0035862491844166557,0.001322100000379578
46.379535,-0.006837899999709407,0.0022201000002496584,0.002468695946742664,0.0021627759909274933,0.0003521000003274821
46.399535,0.010852100000192877,0.0007821000002422807,0.0019036982059506204,0.0009060160841605461,-0.00022789999979977438
46.419535,0.0003521000003274821,0.0007821000002422807,0.0013087133022239843,0.0013372282053545795,-0.00022789999979977438
46.439535,-0.00022789999979977438,0.0025321000002350045,0.0007406826667119409,0.0004892561773933685,0.0003521000003274821
46.459535,-0.00022789999979977438,4.100000251128222e-06,0.00022948886488201008,0.0008347340328777317,-0.00022789999979977438
46.479534,0.0019121000002542132,-0.0004238999997596693,-0.0002042049489519006,0.0005779741261327205,-0.00022789999979977438
46.499534,-0.0017878999997265055,-0.000307899999734218,-0.0005395973314431255,-0.000517224009060593,-0.00022789999979977438
46.519534,-0.0017878999997265055,-0.0001918999997087667,-0.000755048004824243,-0.0010311867130130582,0.0003521000003274821
46.539534,0.0003521000003274821,-0.0006198999997195642,-0.0008330147431218697,-0.0013681330999498619,-0.00022789999979977438
46.559534,0.0003521000003274821,-0.0019418999997014908,-0.000766554848763862,-0.0013503475521482672,-0.00022789999979977438
46.579533,-0.00022789999979977438,-0.00042589999970914504,-0.0005640328448531472,-0.000712678554472171,0.0003521000003274821
46.599533,-0.008397899999636138,0.00023410000030708034,-0.00024809808005371044,0.0011402818184957375,0.0003521000003274821
46.619533,0.005792100000235223,0.0010121000002982327,0.00015738067510795607,0.0006408179490150413,0.003652100000408609
46.639533,0.003652100000408609,0.0014401000003090303,0.00065210159479771,0.0013244543126351986,0.003652100000408609
46.659533,0.004242100000283244,0.0018681000002743532,0.001275415008284151,0.0005136384618312255,0.003652100000408609
46.679533,0.0019121000002542132,0.001986100000294755,0.0020822560695879563,0.0007968086250093848,0.003652100000408609
46.699532,-0.006257899999809524,0.0007821000002877554,0.00307206546501605,0.00400713496532738,0.0019121000002542132
46.719532,0.006382100000337232,0.0025321000002804794,0.00411230597417057,0.0030934519816478044,0.0019121000002542132
46.739532,-0.0023678999996263883,0.005214100000284816,0.00492410547086037,0.00434818391634897,0.006382100000337232
46.759531,0.012992100000246865,0.005214100000284816,0.005168452956935378,0.005080771328941809,0.006382100000337232
46.779531,0.015322100000275896,0.004902100000253995,0.004602593007076439,0.005742472960635445,0.004822100000183127
46.799531,-0.006257899999809524,0.005018100000233972,0.0032197870359989508,0.004471796969935606,0.004822100000183127
46.819531,0.004822100000183127,0.0016341000002285,0.0012884690880765688,0.0006297689978991146,-0.0017878999997265055
46.839531,-0.0017878999997265055,-0.003225899999779358,-0.0007322838955598935,-0.0004156622375321063,-0.003927899999780493
46.859531,-0.003927899999780493,-0.002447899999742731,-0.0023555602720682274,-0.0031323755242414902,-0.0023678999996263883
46.87953,-0.008977899999763395,-0.002447899999742731,-0.003231255617391407,-0.004810930302784617,-0.0023678999996263883
46.89953,-0.0023678999996263883,-0.0028758999997535286,-0.0032455681298512876,-0.002442002563842913,-0.003927899999780493
46.91953,0.004822100000183127,-0.0030298999997285135,-0.002523447799766919,-0.0021665247083530103,-0.003927899999780493
46.93953,-0.003927899999780493,0.0006241000002773945,-0.0013488566808764206,-0.0009361051279234866,-0.0023678999996263883
46.95953,-0.004697899999655419,0.0011681000002681686,-5.142911547175791e-05,0.0006945708627488439,0.0003521000003274821
46.979529,0.009292100000266146,-0.000153899999713758,0.0010919852836828012,0.0016972748254520166,-0.0017878999997265055
46.999529,0.0003521000003274821,0.0015961000002789661,0.0019145633956944338,0.0011309578091348478,0.0003521000003274821
47.019529,-0.0017878999997265055,0.002606100000275546,0.002369151976786607,0.0014922165503957643,0.0003521000003274821
47.039529,0.004822100000183127,0.0011301000002731597,0.002499059472521859,0.0023648272730028945,0.0003521000003274821
47.059529,0.0003521000003274821,0.002024100000244289,0.0023928901076957416,0.002971820279976568,0.0019121000002542132
47.079528,0.0019121000002542132,0.0024521000002550863,0.0021490635649777682,0.001537997436146926,0.0019121000002542132
47.099528,0.004822100000183127,0.0024521000002550863,0.001861424162317339,0.0019360627042062433,0.0019121000002542132
47.119528,0.0003521000003274821,0.0015961000002334912,0.0016185262579742,0.002061330769469682,0.0019121000002542132
47.139528,0.004822100000183127,0.0015961000002334912,0.0015004070194439784,0.0013609111890445507,0.0019121000002542132
47.159528,-0.003927899999780493,0.0015961000002334912,0.0015629652254773876,0.002145293473418624,0.0019121000002542132
47.179528,0.0019121000002542132,0.0019081000002188376,0.0018161542492042691,0.0016573680655039681,0.0019121000002542132
47.199527,0.004822100000183127,0.001792100000238861,0.00221364547456325,0.0012437317018540379,0.0019121000002542132
47.219527,0.0019121000002542132,0.0025321000002350045,0.002666136692074355,0.0022529158510300458,0.0019121000002542132
47.239527,0.004242100000283244,0.0031141000002207877,0.0030734846709386137,0.004250887879034638,0.004242100000283244
47.259526,-0.00022789999979977438,0.0038921000002574146,0.0033603795735273633,0.004182612820770834,0.004242100000283244
47.279526,0.004822100000183127,0.004786100000274018,0.0035030907833625445,0.0033278342660054403,0.004822100000183127
47.299526,0.008712100000366263,0.0021421000002646907,0.003539294213961911,0.003050375058546608,0.004822100000183127
47.319526,0.006382100000337232,0.0035801000002720685,0.003551511907203974,0.002990444988606194,0.006382100000337232
47.339526,-0.008977899999763395,0.0035801000002720685,0.0036200194155566645,0.003306458974619455,0.006382100000337232
47.359525,0.006962100000237115,0.0026861000002554648,0.0037649315724712137,0.004226249184413098,0.004822100000183127
47.379525,0.004822100000183127,0.0029961000002458604,0.003919082501742319,0.0036761093242666937,0.004822100000183127
47.399525,0.004242100000283244,0.0056401000002551886,0.003959496564659068,0.004327647785800027,0.004822100000183127
47.419525,0.00793210000028921,0.0043181000002732615,0.0037804265553595825,0.003774780652957616,0.004242100000283244
47.439525,0.004242100000283244,0.003890100000307939,0.003357749524662542,0.004449162937367199,0.004242100000283244
47.459525,0.0003521000003274821,0.0016741000003094087,0.0027612270438077094,0.0011867853149862353,0.002682100000356513
47.479524,0.002682100000356513,0.0012461000002986112,0.002108463205734084,0.0023194426576379924,0.002682100000356513
47.499524,-0.006837899999709407,0.0003521000002820074,0.00149452219676411,0.002076342424530888,0.0003521000003274821
47.519524,0.005792100000235223,0.0025681000002805376,0.0009475734317382759,0.0005133820515669828,0.002682100000356513
47.539524,-0.00022789999979977438,0.0003521000002820074,0.00044070830875910584,-0.0002973172491207341,-0.00022789999979977438
47.559524,0.011432100000320133,0.0003521000002820074,-5.481345614421894e-05,-5.235221417102605e-05,-0.00022789999979977438
47.579523,-0.008397899999636138,-0.0007358999996995407,-0.0005232677745238664,0.0004299554781453974,-0.00022789999979977438
47.599523,-0.006837899999709407,0.0002741000002970395,-0.0009028872717666395,0.0001675545457423325,0.0003521000003274821
47.619523,0.0003521000003274821,-0.0019418999997014908,-0.0011207866407502978,-0.001793564335378665,0.0003521000003274821
47.639523,0.004822100000183127,-0.001513899999736168,-0.0011255239589996724,-0.0014589023307072257,0.0003521000003274821
47.659523,0.0003521000003274821,-7.589999972879014e-05,-0.0008956404524488336,-0.002196920978751509,0.0003521000003274821
47.679522,-0.006257899999809524,0.0003901000002770161,-0.00043756802932877443,0.0003985102566778061,0.0003521000003274821
47.699522,0.0003521000003274821,-0.0006198999997195642,0.000209117520126008,0.001541820280003579,0.0003521000003274821
47.719522,0.002682100000356513,0.0005861000002823858,0.0009648330502104085,0.0006564822846726885,0.0003521000003274821
47.739522,-0.00022789999979977438,0.0026861000003009393,0.0017191940217659394,0.0005414240096171129,0.002682100000356513
47.759522,0.006382100000337232,0.0018301000002793443,0.0023589842017627343,0.0026242678324276208,0.002682100000356513
47.779521,0.004242100000283244,0.002258100000244667,0.0027981220986967956,0.0032155498837151643,0.004242100000283244
47.799521,-0.003927899999780493,0.003696100000252045,0.0029915426244121143,0.0029748039629611976,0.004822100000183127
47.819521,0.004822100000183127,0.0019461000002593209,0.002931163589101403,0.0027214240095717063,0.004242100000283244
47.839521,0.006962100000237115,0.0019461000002593209,0.00263733143798966,0.002387088345252814,0.004242100000283244
47.85952,-0.0023678999996263883,0.0026861000002554648,0.0021568134469291786,0.0018670184151672012,0.004242100000283244
47.87952,0.004242100000283244,0.0017921000002843357,0.0015645842438165157,0.0013461792543593507,0.0003521000003274821
47.89952,-0.00022789999979977438,0.0007821000002877554,0.000960601379029944,0.002176342424527517,0.0003521000003274821
47.91952,0.0003521000003274821,0.0007821000002877554,0.0004580354426000025,0.000373755011941601,0.0003521000003274821
47.93952,0.0019121000002542132,0.000898100000267732,0.000164644446450217,-0.0002394617712740553,0.0003521000003274821
47.959519,-0.0023678999996263883,4.100000296602957e-06,0.00015963729647388444,0.0005971582753436953,0.0003521000003274821
47.979519,0.004822100000183127,0.0004701000003024092,0.0004688273624023865,0.0002810743592702211,0.0019121000002542132
47.999519,-0.004697899999655419,0.0009361000003082154,0.0010440196274798682,0.0008655032637229798,0.002682100000356513
48.019519,0.002682100000356513,0.0017901000002893853,0.0017569657746661382,0.0017126128208217778,0.002682100000356513
48.039519,0.004242100000283244,0.0013621000003240624,0.0024186398638788285,0.0018228226110321,0.002682100000356513
48.059519,0.0019021000002794608,0.003266100000291772,0.0028256555104340868,0.0033772981354869983,0.002682100000356513
48.079518,0.002682100000356513,0.002682100000265564,0.0028207743799272423,0.0028022864804611034,0.002682100000356513
48.099518,0.004822100000183127,0.00279810000024554,0.0023450461041564855,0.0031609578090881388,0.002682100000356513
48.119518,-0.0002378999997745268,0.0011661000002277434,0.0014607955605754994,0.001060934499062016,0.002682100000356513
48.139518,0.004822100000183127,0.00027210000021113954,0.0003339004951665368,1.830046643365598e-05,-0.0002378999997745268
48.159518,-0.006257899999809524,-0.0016318999997565697,-0.0008221711684466936,-0.0010148930067732098,-0.0017878999997265055
48.179517,-0.0017878999997265055,-0.0016318999997565697,-0.0018204090337103117,-0.002359671561535863,-0.0017878999997265055
48.199517,-0.004697899999655419,-0.0033818999997492936,-0.002558868791800364,-0.0026473405591702285,-0.003927899999780493
48.219517,-0.0002378999997745268,-0.0026038999997126666,-0.003034222476562959,-0.0031126785545131583,-0.0023678999996263883
48.239517,-0.003927899999780493,-0.002293899999722271,-0.0033046529247424314,-0.00289892564075242,-0.0023678999996263883
48.259516,-0.0023678999996263883,-0.002605899999753092,-0.003425437500471609,-0.0026128650346921747,-0.0023678999996263883
48.279516,-0.0002378999997745268,-0.00248789999973269,-0.0033948699796959216,-0.002879158740997796,-0.0023678999996263883
48.299516,-0.006257899999809524,-0.003069899999718473,-0.0031413721708093124,-0.0027518627036977245,-0.0023678999996263883
48.319516,0.0003521000003274821,-0.002215899999737303,-0.002561094284108164,-0.0029287624705796396,-0.0002378999997745268
48.339516,-0.006837899999709407,-0.0023318999997172796,-0.0015894732800315757,-0.0019316296034440979,-0.0008178999996744096
48.359515,0.0019021000002794608,-0.0006998999996994826,-0.0002715572829173769,-0.0017553125871312717,0.0003521000003274821
48.379515,-0.0008178999996744096,7.810000029166986e-05,0.001206282554116203,0.0013150603732670963,0.0019021000002794608
48.399515,0.0019021000002794608,0.0022941000002902,0.0025451956962396797,0.00310468741288879,0.0019021000002794608
48.419515,0.004242100000283244,0.00451010000028873,0.003419793453713433,0.003940002098182745,0.004242100000283244
48.439515,0.004242100000283244,0.0034221000002617073,0.0035921278481406867,0.0035702118883732094,0.004242100000283244
48.459514,0.012982100000272112,0.00299410000025091,0.0030066916714466705,0.0026067620048992103,0.004242100000283244
48.479514,-0.006257899999809524,0.0008941000002323562,0.0018193477209995906,0.002327065035206675,-0.0002378999997745268
48.499514,-0.0002378999997745268,0.0008941000002323562,0.00034135937396079615,0.0005407480188855877,-0.0002378999997745268
48.519514,-0.006257899999809524,-0.0021758999997473437,-0.001072831397270391,-0.0019049163167738753,-0.0023678999996263883
48.539514,0.004242100000283244,-0.0021758999997473437,-0.00213476337104859,-0.0026824687643152156,-0.0023678999996263883
48.559514,-0.0023678999996263883,-0.0027958999997281355,-0.0026822707685404948,-0.0032568743587015996,-0.003337899999678484
48.579513,-0.006257899999809524,-0.0006958999997095817,-0.0026849741620567614,-0.0015860118878340082,-0.0023678999996263883
48.599513,-0.003337899999678484,-0.0019018999997115315,-0.002214422526340155,-0.0017559419577574632,-0.0023678999996263883
48.619513,0.004242100000283244,-0.0014758999997411593,-0.0013984395816449187,-3.878578060174378e-05,-0.0017878999997265055
48.639513,-0.0017878999997265055,0.00031210000029204823,-0.00037508004184188035,-0.0011344034962289485,-0.0002378999997745268
48.659513,-0.0002378999997745268,0.0018281000002843939,0.0007367508368525011,0.0005603517485378744,0.002682100000356513
48.679512,0.002682100000356513,4.0100000296661166e-05,0.0018385837380973358,0.001765386713607652,-0.0002378999997745268
48.699512,0.004242100000283244,0.0021401000003152147,0.002831852043203985,0.002034757342960167,0.002682100000356513
48.719512,-0.004697899999655419,0.003036100000326769,0.0035978717279020146,0.0029060860142996123,0.004242100000283244
48.739512,0.008712100000366263,0.0034641000002920918,0.004003536497851178,0.004444454312654562,0.004242100000283244
48.759511,0.004242100000283244,0.0038921000003028896,0.0039447084890014555,0.0041432421914328246,0.004822100000183127
48.779511,0.004822100000183127,0.004784100000279068,0.0034124606693727456,0.0035770650352503937,0.004822100000183127
48.799511,0.006382100000337232,0.0025681000002805376,0.0025424574686526255,0.002860514918710011,0.004242100000283244
48.819511,-0.0002378999997745268,0.0019461000003047958,0.0016071753788874659,0.002687834266031788,0.0011321000004045345
48.839511,-0.0023678999996263883,0.0010521000003336667,0.0009395751842325516,9.38482520615356e-05,0.0003521000003274821
48.85951,0.0011321000004045345,0.0003121000003375229,0.000816518131440082,0.00044018857843693246,0.0003521000003274821
48.87951,0.0003521000003274821,0.0006241000003683439,0.0013539457569131325,0.000837298135574222,0.0011321000004045345
48.89951,0.002682100000356513,0.003072100000372302,0.002459414192336419,0.002466645454911696,0.001322100000379578
48.91951,0.001322100000379578,0.0041221000003588415,0.00385938742643304,0.0044158062940825825,0.002682100000356513
48.93951,0.009872100000393402,0.005638100000351187,0.005187868182861727,0.005220771329026131,0.006382100000337232
48.95951,0.006382100000337232,0.005638100000351187,0.006100981439636623,0.006572775991024208,0.006382100000337232
48.979509,0.00793210000028921,0.006222100000331921,0.006373789350434196,0.006603941492180455,0.006382100000337232
48.999509,0.002682100000356513,0.005834100000311082,0.005946227168816653,0.005424734032936576,0.006382100000337232
49.019509,0.004242100000283244,0.003772100000287537,0.0049119986787247785,0.004029023077207931,0.004242100000283244
49.039509,0.00793210000028921,0.0021381000002747897,0.0034699473571186516,0.00346762447579676,0.002682100000356513
49.059509,-0.003927899999780493,0.0021381000002747897,0.0018654025401307424,0.0018957596739312967,0.002682100000356513
49.079508,-0.0002378999997745268,0.0021381000002747897,0.00034180528586407865,0.00038755454572961495,0.002682100000356513
49.099508,0.002682100000356513,-0.0015558999997210775,-0.0008885742840680508,6.438438257082453e-05,-0.0002378999997745268
49.119508,0.004242100000283244,-0.0006998999996994826,-0.0016596812484481205,-0.0014381097899120602,0.0003521000003274821
49.139508,-0.010537899999690126,-0.0005818999996790808,-0.001868875558748726,-0.002518226340020526,0.0003521000003274821
49.159508,0.0003521000003274821,-0.001903899999706482,-0.0015065905813930853,-0.0009100212118100248,0.0003521000003274821
49.179507,0.0003521000003274821,-0.0023718999997072387,-0.0006846578505426587,-0.0013312566430684573,0.0003521000003274821
49.199507,-0.003927899999780493,0.0011281000002782092,0.00036609036499153023,-0.000334030535864821,0.0003521000003274821
49.219507,0.0019021000002794608,0.0010101000002578076,0.0013474637027556721,0.0011480673662425485,0.0003521000003274821
49.239507,0.006962100000237115,0.0022161000002597574,0.0019866308797820333,0.0035180906762521482,0.0019021000002794608
49.259506,-0.0002378999997745268,0.0030721000002813525,0.0021365488793290937,0.002153009091168293,0.0019021000002794608
49.279506,0.006382100000337232,0.002644100000270555,0.0018385667011888184,0.0019258529140307105,0.0003521000003274821
49.299506,0.0003521000003274821,0.00031210000029204823,0.0013117434811545264,0.0019007713289764098,-0.0002378999997745268
49.319506,-0.0002378999997745268,0.0008961000003182562,0.0008650649633142148,-0.0004291820509854555,0.0003521000003274821
49.339506,-0.004697899999655419,1.0000030670198612e-07,0.0007669922101494433,3.2589510799515176e-05,0.0003521000003274821
49.359506,0.002682100000356513,-0.0001178999997136998,0.0011313410197322665,0.0015743144525301933,-0.0002378999997745268
49.379505,0.0019021000002794608,0.0026441000003160297,0.0018733710193473156,0.001712962471155175,0.0019021000002794608
49.399505,-0.0002378999997745268,0.003964100000303006,0.002754792339603842,0.00287739137558785,0.0019021000002794608
49.419505,0.013572100000374121,0.0033801000002767977,0.0034912521862436293,0.0038101419583435945,0.0019021000002794608
49.439505,0.0019021000002794608,0.0035361000002922085,0.003866670572712498,0.004114547552743322,0.0019021000002794608
49.459505,-0.0002378999997745268,0.004432100000303763,0.003801399506684921,0.003950188578374246,0.002682100000356513
49.479504,0.002682100000356513,0.0020981000002848306,0.003354379291660141,0.003966412354601582,0.0019021000002794608
49.499504,0.004242100000283244,0.002682100000265564,0.002679078734110552,0.0023443377625216545,0.002682100000356513
49.519504,0.0019021000002794608,0.002372100000275168,0.0019669698398027207,0.0007285102566613798,0.002682100000356513
49.539504,0.004822100000183127,0.0010501000002477666,0.0013967107118392763,0.0015586268067729735,0.0019021000002794608
49.559504,-0.0017878999997265055,0.0011661000002277434,0.001089772190920106,0.0012273447554915042,0.0019021000002794608
49.579504,-0.003927899999780493,0.0011661000002277434,0.0010753905401900792,0.0011864589745780377,0.0019021000002794608
49.599503,0.004822100000183127,0.00058210000024701,0.001280728297023575,0.0009465755247029154,0.0019021000002794608
49.619503,0.0019021000002794608,0.0019041000002289366,0.0015618671543955907,0.0021325662006985743,0.0019021000002794608
49.639503,0.0019021000002794608,0.0027601000002505315,0.0017691731934432837,0.0020540813522443983,0.0019021000002794608
49.659503,0.004822100000183127,0.002644100000270555,0.0018154178274105647,0.0021991163172693515,0.0019021000002794608
49.679502,0.0003521000003274821,0.001324100000283579,0.001710062074443102,0.0019168319350134264,0.0019021000002794608
49.699502,0.004242100000283244,0.000898100000267732,0.0015412378097650968,0.00042885990705842216,0.0003521000003274821
49.719502,-0.004697899999655419,0.0006641000003128284,0.0014155881226458437,0.0013224729606667986,0.0003521000003274821
49.739502,-0.00022789999979977438,0.0009761000002981746,0.0013909511758983108,0.0009873447555488865,0.0019121000002542132
49.759501,0.003652100000408609,0.0015201000002889487,0.0014434099836668306,0.0023561326343349777,0.0019121000002542132
49.779501,0.0019121000002542132,0.0021021000002747316,0.0014889899069443148,0.001874780652941112,0.0019121000002542132
49.799501,0.006962100000237115,0.0031121000002713116,0.0014417213780692625,0.0006861326342852792,0.003652100000408609
49.819501,-0.0017878999997265055,0.00012010000023110479,0.001263541326119672,0.0009232188813670808,0.0019121000002542132
49.839501,0.004822100000183127,2.1000002561777366e-06,0.0009702930643762866,0.0019119601401316722,0.001322100000379578
49.8595,-0.011307899999792426,-0.00011389999972379882,0.0005958960671910463,0.00045170372987319055,0.001322100000379578
49.8795,0.001322100000379578,0.0015201000002889487,0.0001535037284958292,-0.0002399279717422584,0.004822100000183127
49.8995,0.006382100000337232,-0.001977899999701549,-0.0003648087250019919,-0.0011431214449370767,0.001322100000379578
49.9195,0.006382100000337232,0.0002381000002969813,-0.0009472504954714633,-0.000869438461254474,0.001322100000379578
49.9395,-0.012667899999769361,-0.0003838999997242354,-0.0015221354232876334,-0.0009372939390928665,-0.00022789999979977438
49.959499,-0.00022789999979977438,-0.0018238999997265636,-0.0019600653143322785,-0.0006229815848013205,-0.0008178999996744096
49.979499,-0.0017878999997265055,-0.0030298999997285135,-0.0021174014444096203,-0.0023206272724719595,-0.0008178999996744096
49.999499,-0.0008178999996744096,-0.00128189999973074,-0.0018876176714320342,-0.0028773172491408133,-0.0008178999996744096
50.019499,0.0003521000003274821,-0.0006998999996994826,-0.0012354552352209888,-0.001557037528846941,-0.0008178999996744096
50.039499,-0.003927899999780493,-0.00011589999967327458,-0.0002118004219246323,0.0006117736600000911,0.0003521000003274821
50.059499,0.002682100000356513,0.0008961000003182562,0.0010465364231937223,0.000531237529467481,0.0011321000004045345
50.079498,0.0011321000004045345,0.0013621000003240624,0.0023350093343282776,0.002246762004991378,0.002682100000356513
50.099498,0.004242100000283244,0.003540100000327584,0.003421834950583341,0.0035650370632655097,0.002682100000356513
50.119498,0.002682100000356513,0.004280100000323727,0.004105968209570766,0.004152845921063719,0.004242100000283244
50.139498,0.006962100000237115,0.004436100000293664,0.004276123847814373,0.004877764335969292,0.004242100000283244
50.159497,0.006382100000337232,0.00354210000027706,0.00394784004291801,0.0034440813522611364,0.002682100000356513
50.179497,0.0019121000002542132,0.0033881000002565997,0.0032582276181268195,0.0033659228440773557,0.0019121000002542132
50.199497,-0.00022789999979977438,0.0016381000002638757,0.002413838965968814,0.002461890210039135,0.0019121000002542132
50.219497,0.0019121000002542132,0.0013261000002330547,0.0016120668061954955,0.0009042212123521852,0.0019121000002542132
50.239497,-0.0017878999997265055,0.000586100000236911,0.0009734508630799984,0.0007139648021028282,-0.00022789999979977438
50.259497,0.004822100000183127,0.00027410000025156477,0.0005159854096238272,0.0005074379955844033,-0.0017878999997265055
50.279496,-0.0017878999997265055,0.0011681000002681686,0.00017766147162675565,0.0008032655014414798,-0.0017878999997265055
50.299496,-0.0017878999997265055,0.0005861000002823858,-0.00013061129387408244,-6.63615381810205e-05,-0.0017878999997265055
50.319496,0.006382100000337232,-0.0007358999996995407,-0.0004693837513459972,-0.0006005806523959945,-0.0017878999997265055
50.339496,-0.004697899999655419,-0.0011638999997103383,-0.0008366507079227166,-0.0004940538458540572,-0.0017878999997265055
50.359496,-0.0017878999997265055,-0.00026989999969373457,-0.0011681246568331016,-0.0006551261069139766,-0.0017878999997265055
50.379495,-0.003927899999780493,-0.0014758999996956844,-0.0013670015305791738,-0.0012544734262686858,-0.0017878999997265055
50.399495,0.002682100000356513,-0.0008938999997099017,-0.0013443326720300659,-0.001933750815541934,-0.0017878999997265055
50.419495,0.0003521000003274821,-0.001903899999706482,-0.001053256703106316,-0.0019251261069342309,-0.0017878999997265055
50.439495,-0.0017878999997265055,-0.00026989999969373457,-0.0005132269060687049,0.00011140069958185837,0.0003521000003274821
50.459495,-0.006837899999709407,0.00015810000027158822,0.00017698269408855083,-9.158740972654161e-06,0.0003521000003274821
50.479494,0.004242100000283244,0.00047010000025693444,0.0008495579544310481,0.0009951536133215992,0.0019121000002542132
50.499495,0.004822100000183127,0.00047010000025693444,0.0013140451347141222,0.0010727526808848107,0.0019121000002542132
50.519494,0.0019121000002542132,0.002802100000235441,0.0014293267576679111,0.0017768552449979377,0.004242100000283244
50.539494,-0.0017878999997265055,0.0015961000002334912,0.0011652483802902969,0.0010987666669115591,0.0019121000002542132
50.559494,0.004822100000183127,0.00015810000027158822,0.0006198064964693709,0.001244803962956453,-0.0017878999997265055
50.579494,-0.0017878999997265055,-0.001009899999735353,-1.6535864086007014e-05,-2.223566406532189e-05,-0.0017878999997265055
50.599493,-0.0023678999996263883,0.00042810000027202475,-0.0005324819851242271,-0.0007605340323467479,-0.0017878999997265055
50.619493,-0.003927899999780493,-0.0008938999997099017,-0.0007733217318595778,-0.0012629116547380808,-0.0017878999997265055
50.639493,0.005402100000310384,-0.0013218999997206993,-0.0006934776166709769,-0.0009071773890131322,-0.0023678999996263883
50.659492,-0.0017878999997265055,-0.0008938999997553764,-0.0003669006296655238,-0.001528785780621471,-0.0017878999997265055
50.679492,-0.003927899999780493,0.000740100000257371,4.2770855399308405e-05,0.0007342212123870676,-0.00022789999979977438
50.699492,-0.00022789999979977438,-0.0002698999997392093,0.0003412692349759043,0.001175666433815396,-0.00022789999979977438
50.719492,0.004242100000283244,0.0013641000002735382,0.0003806085634349082,0.0008862958044741551,0.0003521000003274821
50.739492,0.0003521000003274821,0.000898100000267732,0.00013377760798688473,0.0003630324012004818,0.0003521000003274821
50.759491,0.006382100000337232,0.0004701000003024092,-0.00026891439838510944,-1.3237995046378554e-05,0.0003521000003274821
50.779491,-0.006257899999809524,-0.00042389999971419455,-0.0005762910323379302,-0.0005663615381699938,-0.00022789999979977438
50.799491,-0.0023678999996263883,-0.0014338999997107749,-0.0005260820116546116,-0.0015179233097339544,-0.0023678999996263883
50.819491,-0.00022789999979977438,-0.001745899999741596,1.8766389565317284e-05,-0.0006362916081217309,-0.0023678999996263883
50.839491,-0.004697899999655419,0.0005861000002823858,0.0009788722326672153,0.0012301186482795942,-0.00022789999979977438
50.859491,0.004822100000183127,0.0029181000002608927,0.0020663373511894552,0.0007947340328992202,0.004822100000183127
50.87949,0.005402100000310384,0.003034100000286344,0.002895731421618851,0.003692542890740391,0.004822100000183127
50.89949,0.009292100000266146,0.003034100000286344,0.0031473321618844165,0.004242775990975561,0.004822100000183127
50.91949,0.0003521000003274821,0.004046100000323349,0.002703210133344966,0.0036415172497312152,0.005402100000310384
50.93949,-0.004697899999655419,0.002180100000305174,0.0016935034524633203,0.002056808625004006,0.0003521000003274821
50.95949,0.009882100000368155,-0.00092989999970996,0.0004403636256646956,-0.00013971818152470937,-0.003927899999780493
50.979489,-0.003927899999780493,-0.001785899999731555,-0.0006677727752752593,-0.0020918393936771155,-0.003927899999780493
50.999489,-0.006257899999809524,-0.0004638999997496285,-0.0013213529030825797,-0.0024682496500989934,-0.003927899999780493
51.019489,-0.003927899999780493,-0.0027978999997685604,-0.0014026874200249212,-0.0003495783214247628,-0.003927899999780493
51.039489,0.0019121000002542132,-0.0007358999997450155,-0.0010212264555075118,-0.00036943846127875145,-0.0017878999997265055
51.059489,-0.0017878999997265055,0.001052100000288192,-0.0004524639418039338,-0.0013978067596540746,0.0019121000002542132
51.079488,0.006382100000337232,0.0003141000002869987,-9.108602697280465e-06,0.000906365734554895,0.0019121000002542132
51.099488,0.002682100000356513,-0.00011389999972379882,9.022400361975073e-05,0.00040832377650948013,-0.00022789999979977438
51.119488,-0.007617899999786459,0.0005081000002974178,-0.00020715759276937183,0.0001342911424728098,0.001322100000379578
51.139488,-0.00022789999979977438,-0.0020198999997319334,-0.0007967416744109679,-0.0010233079251308417,-0.00022789999979977438
51.159487,0.001322100000379578,-0.0020198999997319334,-0.0014806271336535505,-0.0015633312351517874,-0.00022789999979977438
51.179487,-0.006257899999809524,-0.0014358999997057253,-0.0020433286550857873,-0.0030847065265179417,-0.00022789999979977438
51.199487,0.002682100000356513,-0.0018638999996710482,-0.0023114774739284587,-0.002381373193159913,-0.0023678999996263883
51.219487,-0.004697899999655419,-0.0026018999996722412,-0.002191238785304814,-0.0014083662001137134,-0.0023678999996263883
51.239487,-0.0023678999996263883,-0.000813899999639034,-0.0016858706495931678,-0.0017566412583866274,-0.0023678999996263883
51.259487,-0.0023678999996263883,-0.0012798999996448401,-0.0008929064994707306,-0.0008241237758702844,-0.0023678999996263883
51.279486,0.002682100000356513,4.2100000337086384e-05,2.2108343953979995e-05,0.00029885990711580636,0.0003521000003274821
51.299486,0.0003521000003274821,0.0010541000003286172,0.0008722370517004794,0.0001190230772417024,0.0019121000002542132
51.319486,0.0019121000002542132,0.0014821000002939399,0.0015017251560974136,0.0017447340329270829,0.0019121000002542132
51.339486,0.0026921000003312656,0.00132810000027348,0.001825484661385968,0.002317741025909917,0.0019121000002542132
51.359486,-0.00022789999979977438,0.0021061000002646326,0.001843484670440647,0.002092053380219668,0.0019121000002542132
51.379485,0.0019121000002542132,0.0017941000002792862,0.0016297523333820285,0.0014343843825691564,0.0019121000002542132
51.399485,0.004242100000283244,0.0007821000002877554,0.001302809248880416,0.000997997436184212,0.0003521000003274821
51.419485,0.0003521000003274821,0.0008981000003132067,0.000984824970307878,0.0007290696972766489,0.0003521000003274821
51.439485,-0.0023678999996263883,0.0004701000003024092,0.000757197550793267,0.0003685801867830213,0.0003521000003274821
51.459485,0.0003521000003274821,0.00016010000031201342,0.0006267808641436699,0.0005845941728070741,0.0003521000003274821
51.479484,-0.00022789999979977438,4.410000028656214e-05,0.0005225714242987047,0.000616039394234385,-0.00022789999979977438
51.499484,0.0026921000003312656,0.0009001000002626825,0.00033349579872174587,0.0005306314687892798,0.0003521000003274821
51.519484,-0.00022789999979977438,0.0007841000002372312,-2.5592278748144828e-05,7.697179511214659e-05,-0.00022789999979977438
51.539484,0.0019121000002542132,4.610000023603788e-05,-0.00055288087039551,0.0004250836832117016,-0.00022789999979977438
51.559484,-0.00022789999979977438,-0.001431899999761299,-0.0011380141615094095,-0.001342492074347603,-0.00022789999979977438
51.579483,-0.003917899999805741,-0.0010038999997505015,-0.0015954995724094894,-0.001936058507913231,-0.00022789999979977438
51.599483,-0.004697899999655419,-0.0027538999997432255,-0.0017396399875509515,-0.0022132613051226613,-0.003917899999805741
51.619483,0.0019121000002542132,-0.0017438999997466454,-0.0014643391809508572,-0.001508645920479458,-0.003917899999805741
51.639483,-0.006837899999709407,-0.00042189999971924407,-0.0007883611691931506,-0.0007030048948356551,0.0019121000002542132
51.659482,0.004822100000183127,0.001056100000278093,0.0001539106927214986,0.00023177365995937166,0.0026921000003312656
51.679482,0.0026921000003312656,0.001056100000278093,0.0011671541289032554,0.0016285335667258396,0.0026921000003312656
51.699482,0.0026921000003312656,0.002494100000285471,0.0020638277626286636,0.0021444776226599545,0.0026921000003312656
51.719482,0.0019121000002542132,0.002378100000305494,0.002712232759895584,0.002602939161138489,0.0026921000003312656
51.739482,0.0003521000003274821,0.002222100000290084,0.003047907421364555,0.0032395358977286006,0.0019121000002542132
51.759482,0.004242100000283244,0.0025321000002804794,0.003059082386769354,0.0018532655014606705,0.0019121000002542132
51.779481,0.0019121000002542132,0.002104100000269682,0.0027697667101105766,0.0027960860142407806,0.0019121000002542132
51.799481,0.004242100000283244,0.0024161000002550282,0.0022353980934386244,0.002546528904668721,0.0019121000002542132
51.819481,-0.00022789999979977438,0.0025321000002350045,0.0015482832130743426,0.0022146174827610606,0.0019121000002542132
51.839481,0.0019121000002542132,0.0012101000002530781,0.0008389999749214401,0.0009013074594717595,0.0019121000002542132
51.85948,0.004822100000183127,0.00012210000027153002,0.0002600262034820056,0.00035230979048957287,-0.00022789999979977438
51.87948,-0.004697899999655419,-0.0003058999996937928,-5.3987743150820846e-05,-0.00020176946358628012,-0.0011978999996244966
51.89948,-0.0011978999996244966,0.00027610000029199,-3.993839147544109e-05,-0.0007760351978342173,-0.0011978999996244966
51.91948,-0.0023678999996263883,-0.0010438999996949861,0.0002527404161545508,0.00025711165531819595,-0.001777899999751753
51.93948,0.004822100000183127,0.00043410000030235095,0.000664960939960991,0.00018464079283473148,-0.0011978999996244966
51.959479,-0.001777899999751753,0.0016381000002638757,0.0009860717646209705,0.000699349417524874,0.0026921000003312656
51.97948,0.0026921000003312656,0.0017561000002388027,0.0010465133242903762,0.002368160606304492,0.0026921000003312656
51.999479,0.004822100000183127,0.00117410000025302,0.0008035077534236056,0.0017844776226143206,0.0019121000002542132
52.019479,-0.001777899999751753,0.001600100000268867,0.00037831646570398185,0.001020375058531837,0.0019121000002542132
52.039479,0.0019121000002542132,0.00012210000027153002,2.1158147537413455e-05,-0.0011031680649753878,0.0003521000003274821
52.059479,0.0003521000003274821,-0.0010818999996899947,9.050711071980165e-06,-0.0005104174822150706,-0.0011978999996244966
52.079479,-0.004697899999655419,-0.0006558999996741477,0.0005136957946088392,-2.655244438936954e-06,0.0003521000003274821
52.099478,-0.0011978999996244966,0.0012481000003390363,0.0014980571780519947,0.000905153613400954,0.0003521000003274821
52.119478,0.0003521000003274821,0.002454100000340986,0.002698285871314204,0.00326713496539049,0.0003521000003274821
52.139478,0.011432100000320133,0.003932100000338323,0.0037134752891219993,0.0032439414921903833,0.0026921000003312656
52.159477,0.006382100000337232,0.005020100000319871,0.004168761651582624,0.004426086014302959,0.004242100000283244
52.179477,0.0026921000003312656,0.004166100000293227,0.0038729701921950913,0.004908533566711718,0.004242100000283244
52.199477,0.004242100000283244,0.0028441000002658256,0.002895687287342793,0.0036892328673883744,0.004242100000283244
52.219477,-0.003917899999805741,0.0012121000002480286,0.0015368726162275357,0.0017004916086596174,0.0026921000003312656
52.239477,0.004822100000183127,0.00020010000025649788,0.0002151997305041336,-0.0005912799531097672,-0.001777899999751753
52.259476,-0.001777899999751753,-0.0011218999997254287,-0.0006745423287896299,-0.0015556855475211636,-0.0023678999996263883
52.279476,-0.0023678999996263883,-0.0003838999997242354,-0.0008892852138781816,-0.0013847997666306306,-0.001777899999751753
52.299476,-0.0023678999996263883,-0.0013938999997208158,-0.0004175710960804844,-0.0006764081582467084,-0.001777899999751753
52.319476,-0.00022789999979977438,0.00035410000027695786,0.0005127375219199437,0.0008215638697333996,-0.00022789999979977438
52.339476,-0.00022789999979977438,0.001792100000238861,0.0015098116878106763,0.0018225895107577175,-0.00022789999979977438
52.359475,0.006962100000237115,0.0028041000002303916,0.00216012027355104,0.003186878555027713,0.0026921000003312656
52.379475,0.004822100000183127,0.0032321000002411894,0.0021881714038920275,0.0025332655013916346,0.0026921000003312656
52.399475,0.0026921000003312656,0.0020261000002392395,0.0015659941337900724,0.0011096291377540248,0.0026921000003312656
52.419475,0.0019121000002542132,-0.0006178999997700884,0.0005198292030384488,0.00029286923100351294,0.0019121000002542132
52.439475,-0.006257899999809524,-0.0016278999997666687,-0.0005706149501784309,-0.0006328417247271982,-0.00022789999979977438
52.459474,-0.006257899999809524,-0.0012018999997962965,-0.0013292856728998245,-0.001868482750372404,-0.00022789999979977438
52.479474,-0.00022789999979977438,-0.001629899999807094,-0.0015180689724359486,-0.0014282962701789683,-0.00022789999979977438
52.499474,0.004822100000183127,-0.0003078999997796927,-0.0010900437628473811,-0.0009009536128543605,-0.00022789999979977438
52.519474,-0.00022789999979977438,0.0013261000002330547,-0.00016008979073154419,-0.0005744034962753889,0.0003521000003274821
52.539474,0.0003521000003274821,0.0013261000002330547,0.0010620192405634413,0.0014804449885818416,0.0003521000003274821
52.559474,0.0019121000002542132,0.0009001000002626825,0.0023297150242216473,0.0033593027974512324,0.0003521000003274821
52.579473,-0.00022789999979977438,0.0031161000002612126,0.003396561232403761,0.003242775990930833,0.0019121000002542132
52.599473,0.0026921000003312656,0.0043221000002631625,0.004048902073228337,0.002924897203078148,0.0026921000003312656
52.619473,0.010852100000192877,0.0032721000002766234,0.004149688756659105,0.004211120979323088,0.0026921000003312656
52.639473,0.006382100000337232,0.003544100000317485,0.003683232471815908,0.0037209578091508795,0.0026921000003312656
52.659472,-0.003337899999678484,0.0038541000003078805,0.0027702052786586443,0.0031217037299045456,0.004242100000283244
52.679472,0.0011321000004045345,0.0009001000003081572,0.0016329124459097046,0.0020838482520559257,0.0011321000004045345
52.699472,0.004242100000283244,-0.0003058999996937928,0.0005240865800540288,0.00021314895135889523,0.0003521000003274821
52.719472,-0.003917899999805741,-0.0001118999996833736,-0.00034680698251534443,-0.0017025853143548,0.0003521000003274821
52.739472,0.0003521000003274821,-0.0005778999996891798,-0.0008625389429540197,-0.0010620258738088084,-0.0011978999996244966
52.759472,-0.0023678999996263883,-0.0013558999996803323,-0.001011629145082681,0.00014974568795988712,-0.0011978999996244966
52.779471,-0.0011978999996244966,0.00027610000033746475,-0.0008665651055021784,-0.0001269909087755088,0.0003521000003274821
52.799471,0.0003521000003274821,0.00027610000033746475,-0.0005360392965920486,-0.0007543568761025062,0.0003521000003274821
52.819471,0.004242100000283244,0.00027610000033746475,-0.00011228704061298704,0.0005452235434812551,0.0003521000003274821
52.839471,0.0003521000003274821,4.2100000337086384e-05,0.0003583713799663771,-0.0003600911418697006,0.0003521000003274821
52.859471,-0.0023678999996263883,0.0009361000003082154,0.00086341898372738,0.0005569717951749347,0.0003521000003274821
52.87947,-0.0023678999996263883,-0.0002678999996987841,0.0013801523396648214,0.001092333100540346,-0.001777899999751753
52.89947,0.004822100000183127,0.0014041000003089722,0.001836561952827141,0.0021449205131372374,-0.001777899999751753
52.91947,-0.001777899999751753,0.002414100000305552,0.0021136273394585315,0.0020038249420215918,0.002682100000356513
52.93947,0.008712100000366263,0.003270100000281673,0.0020946819071000016,0.0016979974361844626,0.002682100000356513
52.959469,0.002682100000356513,0.0010541000002831425,0.0017307754623224053,0.0016734986016828204,0.0019121000002542132
52.979469,0.0019121000002542132,0.0009361000003082154,0.001077139892446911,0.001703871562053828,0.0019121000002542132
52.999469,-0.006257899999809524,4.210000029161165e-05,0.0002759059104031969,0.0008004682986783696,0.0019121000002542132
53.019469,-0.0023678999996263883,-0.00011189999972884834,-0.000500254403861461,-0.0004373871791937178,0.0019121000002542132
53.039469,0.004242100000283244,-0.0014338999997107749,-0.0011037218700557416,-0.0019016995335270532,-0.0023678999996263883
53.059469,0.0019121000002542132,-0.0014338999997107749,-0.0014397446789591668,-0.002479205361042944,-0.0023678999996263883
53.079468,-0.004697899999655419,-0.0005778999997346545,-0.0014725300136343262,-0.0010413032631199667,0.0019121000002542132
53.099468,-0.006257899999809524,-0.0017838999997366045,-0.001227674469464126,0.000423079021267752,-0.0017878999997265055
53.119468,0.0019121000002542132,-0.00042389999971419455,-0.0007898448118186177,-0.0016736575754932059,-0.0017878999997265055
53.139468,-0.0017878999997265055,-0.0002698999997392093,-0.0002786074345579293,-0.0010767811186121311,-0.0017878999997265055
53.159467,0.008712100000366263,-0.0002698999997392093,0.00019985462330771858,0.0007457596739202481,-0.0017878999997265055
53.179467,-0.003927899999780493,0.0019461000002593209,0.0005994021310635656,0.0016605615387047495,-0.0017878999997265055
53.199467,-0.006257899999809524,0.002258100000244667,0.0009482353227762751,0.0014556198137716434,-0.00022789999979977438
53.219467,0.012992100000246865,-0.00026989999978468406,0.0013232258276134855,0.0005704916086219237,-0.003927899999780493
53.239467,-0.00022789999979977438,0.0008981000002222572,0.0017989901932119032,0.001374058042163511,-0.00022789999979977438
53.259466,-0.003927899999780493,0.0031141000002207877,0.002390727242830365,0.0015346641027716573,0.0019121000002542132
53.279466,0.0019121000002542132,0.0019081000002188376,0.0030118374710937593,0.0034714006995279394,0.0019121000002542132
53.299466,0.004822100000183127,0.002490100000250095,0.003474202924269998,0.003485899534041579,0.002682100000356513
53.319466,0.006962100000237115,0.003658100000257036,0.0035480317622624572,0.001913941492103251,0.002682100000356513
53.339466,0.002682100000356513,0.00334610000027169,0.0030623738916422207,0.004040025408199975,0.002682100000356513
53.359465,0.0019121000002542132,0.0024521000003005613,0.001998409410416803,0.0034456664338544064,0.0019121000002542132
53.379465,0.0003521000003274821,0.0014421000003039808,0.0005314588479309235,0.0011002351984436937,0.0019121000002542132
53.399465,0.0003521000003274821,-0.0007738999996945495,-0.0009965839823221807,-0.000635405827186245,0.0003521000003274821
53.419465,0.0019121000002542132,-0.002095899999676476,-0.002168818666939058,-0.0034508137525954916,0.0003521000003274821
53.439465,-0.008397899999636138,-0.0025238999996872735,-0.0026268623403518055,-0.003493704195483649,-0.0017878999997265055
53.459465,-0.004697899999655419,-0.003533899999683854,-0.002206679508390856,-0.002571466433240683,-0.004697899999655419
53.479464,-0.0017878999997265055,-0.0016298999996706698,-0.0010210948210018734,-0.0005469209787149158,-0.004697899999655419
53.499464,-0.004697899999655419,0.0014421000003039808,0.0005605186772980756,0.0007830324012382626,-0.0017878999997265055
53.519464,0.011432100000320133,0.0032301000002917133,0.002043534209153347,0.0021262724944817093,0.004242100000283244
53.539464,0.006962100000237115,0.003114100000311737,0.002998408225910529,0.0036827993010060314,0.004242100000283244
53.559464,0.004242100000283244,0.004124100000308317,0.003218412324176554,0.003955713053928236,0.004242100000283244
53.579463,-0.0023678999996263883,0.001908100000309787,0.0027676377653488055,0.0029415638697827674,0.0003521000003274821
53.599463,0.0003521000003274821,0.0008981000003132067,0.0019071878195852765,0.0012526827508794792,0.0003521000003274821
53.619463,0.0003521000003274821,-0.0007358999996995407,0.0009555289728798726,-0.000838342890159501,0.0003521000003274821
53.639463,0.0019121000002542132,-0.000307899999734218,0.00016126559168201632,-0.0006086692304917114,0.0003521000003274821
53.659462,-0.003927899999780493,0.00047010000025693444,-0.00036008950870858834,0.0004529158510907318,0.0003521000003274821
53.679462,-0.00022789999979977438,0.00047010000025693444,-0.0006159638801284999,0.0005445708627342909,0.0003521000003274821
53.699462,0.004242100000283244,0.00015810000027158822,-0.000675460999950983,-0.0005480631698992738,0.0003521000003274821
53.719462,0.0003521000003274821,-0.000307899999734218,-0.0005970735334602108,-0.0007410468528955184,0.0003521000003274821
53.739462,0.0003521000003274821,-0.000307899999734218,-0.0003877529524590674,-0.00039493962678337387,0.0003521000003274821
53.759461,-0.006257899999809524,-0.00019189999975424143,-1.4391780531151412e-05,0.0012161559443007318,0.0003521000003274821
53.779461,-0.00022789999979977438,0.000586100000236911,0.0005488169585797217,0.00020755454570123305,0.0003521000003274821
53.799461,0.004822100000183127,0.0011701000002176444,0.0012772618883127725,0.0002532421913843003,0.0032721000002311484
53.819461,0.004242100000283244,0.0014821000002484652,0.0020848952318519446,0.001419256177395405,0.0032721000002311484
53.839461,0.0032721000002311484,0.002920100000255843,0.0028413885309755806,0.0023122398603781197,0.004242100000283244
53.85946,-0.004697899999655419,0.002920100000255843,0.0033990616150831286,0.004667857576010545,0.004242100000283244
53.87946,0.006962100000237115,0.0030361000002358195,0.003624615174851427,0.0035040347321829307,0.004822100000183127
53.89946,0.004822100000183127,0.003774100000237013,0.003443621923251273,0.0031703517484864504,0.004822100000183127
53.91946,0.004822100000183127,0.003462100000206192,0.00289215715663824,0.003112123310224292,0.004822100000183127
53.93946,0.006962100000237115,0.0030341000001953946,0.002143995295020347,0.003238020746110213,0.004822100000183127
53.95946,-0.006257899999809524,0.002024100000198814,0.0014787055208066037,0.0020382771563661516,0.004822100000183127
53.979459,0.004822100000183127,0.001130100000227685,0.0011866640194482152,0.000322706060831793,0.0003521000003274821
53.999459,-0.00022789999979977438,-0.0007358999997450155,0.00144699982445707,5.715827532109001e-05,-0.00022789999979977438
54.019459,0.0003521000003274821,0.002258100000290142,0.0022338462118915953,0.0013796058278011713,0.0003521000003274821
54.039459,-0.0023678999996263883,0.002570100000320963,0.0032978996498674827,0.0034640114222299293,0.0003521000003274821
54.059458,0.008712100000366263,0.004902100000344944,0.004243656290859051,0.00601440769265424,0.006382100000337232
54.079458,0.006382100000337232,0.005680100000336097,0.004683393420629317,0.005080514918748058,0.006382100000337232
54.099458,0.011432100000320133,0.005796100000316074,0.004405192550699346,0.004122216550434828,0.006382100000337232
54.119458,0.004242100000283244,0.002802100000280916,0.0034708408920056206,0.003137787645987074,0.004242100000283244
54.139458,-0.0017878999997265055,0.001052100000288192,0.002187663015753475,0.0024423331005181525,-0.0017878999997265055
54.159457,-0.006257899999809524,4.210000029161165e-05,0.0009691229658326393,0.0007646407928289572,-0.0017878999997265055
54.179457,-0.0023678999996263883,4.210000029161165e-05,0.00016567678026153249,-0.000518459440262165,-0.0017878999997265055
54.199457,0.006382100000337232,0.0004701000003024092,-4.192306082817488e-05,-0.00033079044258520765,0.0003521000003274821
54.219457,0.004242100000283244,0.0013641000003190129,0.0003505897118383292,0.00047310233129461694,0.0003521000003274821
54.239457,0.0003521000003274821,0.0032301000002917133,0.0012294407318974993,0.001904058042244224,0.004242100000283244
54.259457,-0.0017878999997265055,0.0019081000002643123,0.0024241385674541207,0.0035572515154444974,0.0003521000003274821
54.279456,0.006962100000237115,0.002802100000280916,0.003738804281112326,0.0035266687648398496,0.0003521000003274821
54.299456,-0.00022789999979977438,0.004474100000288672,0.0049644794898196735,0.0037586501168407746,0.006962100000237115
54.319456,0.008712100000366263,0.005680100000290622,0.0058988563987213884,0.006172589510784903,0.006962100000237115
54.339456,0.008712100000366263,0.006030100000316452,0.006384195977050386,0.006435433333633451,0.008712100000366263
54.359455,0.004242100000283244,0.00746810000032383,0.006350257324922796,0.006577134965357867,0.008712100000366263
54.379455,0.008712100000366263,0.004786100000319493,0.005837223435656343,0.00542102773925183,0.006962100000237115
54.399455,0.006962100000237115,0.004320100000313687,0.004980831849318114,0.00512650559473445,0.006382100000337232
54.419455,-0.004697899999655419,0.0038541000003078805,0.003962578771335853,0.003388533566743883,0.006382100000337232
54.439455,0.006382100000337232,0.0026481000003059306,0.002949463462596556,0.0032116337998317583,0.002682100000356513
54.459455,0.0019121000002542132,0.0016381000003093504,0.0020553739252562654,0.0020058529140555732,0.0019121000002542132
54.479454,0.002682100000356513,0.0029601000002912768,0.0013404895841199987,0.0011986734268761333,0.0019121000002542132
54.499454,0.0019121000002542132,0.0007441000002927467,0.0008365920482526697,0.0008942911424911772,0.0019121000002542132
54.519454,0.0019121000002542132,0.0012101000002985528,0.000570168902541376,0.001773871562058358,0.0019121000002542132
54.539454,-0.004697899999655419,0.0006281000002672954,0.0005637854073535231,0.0004853167834856511,0.0019121000002542132
54.559453,0.004242100000283244,0.0010941000002731016,0.0008177934771431359,0.0008045242426880328,0.0019121000002542132
54.579453,-0.00022789999979977438,0.000666100000262304,0.0012892180063284275,0.0007607946389617735,-0.00022789999979977438
54.599453,0.004242100000283244,0.002144100000259641,0.0018828548368149975,0.001651657109822802,0.0026921000003312656
54.619453,-0.00022789999979977438,0.0018341000002692453,0.0024588074902235028,0.00202885990702409,0.0026921000003312656
54.639453,0.0026921000003312656,0.0028441000002658256,0.0028547283374113584,0.003282542890696443,0.0026921000003312656
54.659452,0.0026921000003312656,0.002066100000274673,0.0029217014323685768,0.0024799787881520053,0.0026921000003312656
54.679452,0.004822100000183127,0.0029601000002912768,0.002570309599522289,0.0028897923079966937,0.0026921000003312656
54.699452,0.0003521000003274821,0.0019481000002997463,0.0018140764704577762,0.0019679741261674787,0.0026921000003312656
54.719452,0.004242100000283244,0.0014801000002989894,0.0007897046077331584,0.0013669717951810172,0.0003521000003274821
54.739452,-0.0023678999996263883,-0.0002678999996987841,-0.00026303694351681255,-0.0003461284379337688,0.0003521000003274821
54.759451,0.0003521000003274821,-0.0008118999996895582,-0.0010639590628598984,-0.0014267811185780708,-0.0023678999996263883
54.779451,-0.003917899999805741,-0.0020158999996965576,-0.001380370870781154,-0.0017786925404866473,-0.0023678999996263883
54.799451,-0.0023678999996263883,-0.0010038999997050268,-0.001107968647677993,-0.001014286946090768,-0.001777899999751753
54.819451,-0.001777899999751753,-0.00022589999971387443,-0.0003099661731510246,-0.00022023100202823775,-0.001777899999751753
54.839451,0.0026921000003312656,0.001290100000323946,0.0008055095438793966,0.00042624918446383143,0.0026921000003312656
54.859451,0.004242100000283244,0.002302100000315477,0.0019617339069456655,0.002199582517810166,0.0026921000003312656
54.87945,0.0036621000003833615,0.0027281000003313237,0.0029087525786556496,0.0038312375294675266,0.0026921000003312656
54.89945,0.0026921000003312656,0.004360100000303646,0.0034956371782857935,0.004510375058575827,0.0036621000003833615
54.91945,0.0003521000003274821,0.0034661000002870423,0.0036941998698715715,0.0034079508161396696,0.0026921000003312656
54.93945,0.010852100000192877,0.0026881000002504153,0.0035750467345559657,0.0012755965037327302,0.0003521000003274821
54.95945,-0.00022789999979977438,0.001366100000223014,0.003253795798505972,0.0024833121214286914,-0.00022789999979977438
54.979449,-0.00022789999979977438,0.002260100000194143,0.002831385266498573,0.003357344755465273,-0.00022789999979977438
54.999449,-0.003917899999805741,0.003270100000236198,0.002357559788741476,0.0035060160841534497,-0.00022789999979977438
55.019449,0.004822100000183127,0.002842100000270875,0.0018441608938223352,0.0027693494174969562,-0.00022789999979977438
55.039449,0.015902100000403152,0.002104100000269682,0.0013245257845943932,0.0005570883452572699,-0.0023678999996263883
55.059449,-0.0023678999996263883,0.002104100000269682,0.0009071484547556124,0.0010414006995653443,-0.0023678999996263883
55.079448,-0.003917899999805741,0.0007841000002827059,0.0007581973092273015,0.0014780440562102914,-0.0023678999996263883
55.099448,-0.003917899999805741,-0.0010038999997505015,0.001001286266545004,0.0013732888114630038,-0.0023678999996263883
55.119448,-0.001777899999751753,0.0007461000002422224,0.0016007182380856414,-1.876247058605761e-05,-0.001777899999751753
55.139448,0.006962100000237115,0.001600100000268867,0.002318671779099796,0.0004328692310199932,0.0003521000003274821
55.159447,0.006382100000337232,0.002766100000280858,0.0027853302858557778,0.0038331722613263526,0.0019121000002542132
55.179447,0.0003521000003274821,0.004086100000267834,0.002645050177975902,0.004202379720558319,0.004822100000183127
55.199447,0.0019121000002542132,0.00233810000027006,0.0017029157921348774,0.0016784170165893481,0.0019121000002542132
55.219447,0.004822100000183127,-0.0010438999997404608,8.590299559325685e-06,-0.00025470652654233187,0.0003521000003274821
55.239447,-0.001777899999751753,-0.003375899999764442,-0.0021496641217032507,-0.002821536363384158,-0.001777899999751753
55.259446,-0.010527899999715373,-0.003375899999764442,-0.00433286091659769,-0.003705382517255064,-0.001777899999751753
55.279446,-0.011307899999792426,-0.005591899999762973,-0.006082576217212114,-0.005578669230549935,-0.006257899999809524
55.299446,0.0019121000002542132,-0.006487899999774527,-0.0070407207338385,-0.008051886013772843,-0.006257899999809524
55.319446,-0.006257899999809524,-0.0069158999997853245,-0.007019534454368448,-0.007752655244533817,-0.006257899999809524
55.339446,-0.006257899999809524,-0.00500989999977719,-0.006022642694767692,-0.00529340116527493,-0.006257899999809524
55.359445,-0.012667899999769361,-0.0036498999997547797,-0.004236794539342331,-0.003036920978774069,-0.006257899999809524
55.379445,-0.001777899999751753,-0.001859899999726622,-0.0019968560624451922,-0.0014050794869015495,-0.001777899999751753
55.399445,0.008712100000366263,-0.0005378999996992206,0.0002882892784831699,-0.0010370608388649328,0.0003521000003274821
55.419445,0.0026921000003312656,0.0028441000003113005,0.002240248941713002,0.0017609111891116265,0.0026921000003312656
55.439445,0.0003521000003274821,0.0035821000003124935,0.003604169014437945,0.0038061326343396236,0.0026921000003312656
55.459445,0.004242100000283244,0.003232100000286664,0.004289689938076796,0.00574177365997872,0.0026921000003312656
55.479444,0.0019121000002542132,0.0036601000002974616,0.0043559690182388595,0.0032993027975179163,0.004242100000283244
55.499444,0.006962100000237115,0.004128100000298218,0.003966966724667995,0.003511820280009773,0.004242100000283244
55.519444,0.004832100000385253,0.0023401000003104855,0.0033408589825644048,0.0032872748254747313,0.0026921000003312656
55.539444,0.0026921000003312656,0.004128100000298218,0.002699269026403359,0.0029278342660380065,0.004832100000385253
55.559443,-0.004697899999655419,0.0014861000003293157,0.002215770837470444,0.0018038715620843763,0.0026921000003312656
55.579443,0.010852100000192877,0.0013681000003089138,0.0019733999554041428,0.0019541745924006645,0.0026921000003312656
55.599443,-0.006247899999607398,0.0013681000003089138,0.0019494666916725688,0.0015987433569610214,0.0026921000003312656
55.619443,0.004242100000283244,0.003584100000307444,0.002039176009234768,0.002820398368608884,0.004242100000283244
55.639442,0.0026921000003312656,0.0017961000003197114,0.0021127627900163074,0.0027348972031078747,0.0026921000003312656
55.659442,0.006382100000337232,0.003584100000307444,0.0020835380462904327,0.002839838928048592,0.0026921000003312656
55.679442,0.0019121000002542132,0.0016801000002942602,0.001952462134392484,0.0005616337998368289,0.0026921000003312656
55.699442,0.0026921000003312656,0.0015241000002788497,0.0018000549894291787,0.0018891862473426663,0.0019121000002542132
55.719442,-0.005277899999782676,0.00020210000025144836,0.0017260473189626398,0.0018167386949057727,0.0019121000002542132
55.739442,0.0019121000002542132,0.0016801000002487853,0.0017750834291443728,0.0016048039629580956,0.0019121000002542132
55.759441,-0.00022789999979977438,0.002108100000259583,0.00190124023222676,0.0012698389279828012,0.0019121000002542132
55.779441,0.009302100000240898,0.00238010000025497,0.001997948678634072,0.002510235198383967,0.0019121000002542132
55.799441,0.004832100000385253,0.00238010000025497,0.0019705701689467646,0.001405293473448873,0.0019121000002542132
55.819441,-0.003917899999805741,0.0029641000002811778,0.001797673254168589,0.002983288811479745,0.0026921000003312656
55.839441,0.0019121000002542132,0.0001641000003019144,0.0015411455421378917,0.002076528904729618,0.0019121000002542132
55.859441,0.0026921000003312656,0.0014841000002888904,0.0013081726450846895,0.0012989531471459459,0.0019121000002542132
55.87944,-0.004697899999655419,0.0014841000002888904,0.0011978437582084594,0.000439512587702228,0.0019121000002542132
55.89944,0.011432100000320133,0.001056100000278093,0.0012614544528375502,0.0005252235433886479,-0.00022789999979977438
55.91944,-0.003917899999805741,0.001056100000278093,0.0014845464363323249,0.0014579508161285612,-0.00022789999979977438
55.93944,-0.00022789999979977438,0.0019501000002492218,0.0017859526908344937,0.0016429857811479257,-0.00022789999979977438
55.95944,0.0026921000003312656,0.0009401000002526416,0.0020334837721210247,0.0019956664338259106,-0.00022789999979977438
55.979439,-0.00022789999979977438,0.0025721000002704385,0.0020835703971672135,0.0035670417252046897,0.0026921000003312656
55.999439,0.006382100000337232,0.0026881000002958897,0.0018434144917435114,0.001659186247365791,0.0026921000003312656
56.019439,0.004242100000283244,0.0025321000002804794,0.001330209591519909,0.001416995105185092,0.0019121000002542132
56.039439,0.0003521000003274821,0.00047210000029735967,0.0006868521551714957,0.0007642212124167965,0.0019121000002542132
56.059438,0.0019121000002542132,-0.0011598999997204373,0.00012852793383839187,-0.0008893685311904065,0.0003521000003274821
56.079438,-0.010527899999715373,-0.0007318999997096398,-0.00016285944324131825,-0.0004670608388608303,0.0003521000003274821
56.099438,-0.001777899999751753,-0.0011578999997254869,-0.00013682088890513053,-0.0004820025638268419,-0.001777899999751753
56.119438,0.006382100000337232,0.0002021000002969231,0.0001010432432838102,0.00039030512848756366,-0.001777899999751753
56.139438,-0.001777899999751753,0.002262100000280043,0.00035953995608692206,0.0012761792543638313,-0.00022789999979977438
56.159437,0.008712100000366263,0.0021441000003051157,0.0004831645845609624,0.0006997456879503549,-0.00022789999979977438
56.179437,-0.00022789999979977438,0.00020010000030197262,0.0004439900809223743,0.0006994193476343783,-0.001777899999751753
56.199437,-0.0023678999996263883,-0.00038389999967876066,0.0003456176608460645,0.00020629580451881084,-0.0023678999996263883
56.219437,-0.003337899999678484,-0.0012778999996953643,0.0003417171256682764,-0.00014125664304497662,-0.0023678999996263883
56.239437,-0.004697899999655419,0.0006281000003127701,0.000528882832024121,0.0007473447555447878,-0.0023678999996263883
56.259436,0.004242100000283244,0.001056100000278093,0.0008870844072244467,-0.00023682773866522328,-0.00022789999979977438
56.279436,0.009302100000240898,0.0016781000002538348,0.0013005502781546956,0.001618859907028903,-0.00022789999979977438
56.299436,-0.00022789999979977438,0.002262100000234568,0.0016296539498857686,0.0020050603732014328,-0.00022789999979977438
56.319436,-0.00022789999979977438,0.00238010000025497,0.001773317338927113,0.002522775990916417,-0.00022789999979977438
56.339436,-0.001777899999751753,0.00016410000025643968,0.0016854636000127258,0.0020229857811467746,-0.00022789999979977438
56.359435,0.004832100000385253,0.0007481000002826476,0.0013569032985097352,0.0002573214455126164,-0.00022789999979977438
56.379436,-0.001777899999751753,0.00032010000031732486,0.0007967323043092563,-0.00035955501136036416,-0.001777899999751753
56.399435,0.0026921000003312656,0.00032010000031732486,3.3278331923092915e-05,0.0003256897439070552,-0.001777899999751753
56.419435,-0.0023678999996263883,-0.0006918999997196807,-0.000869821086822984,-0.00015370419548707193,-0.001777899999751753
56.439435,-0.001777899999751753,-0.0008098999996946077,-0.0017986617838477675,-0.0006182962701151151,-0.001777899999751753
56.459434,-0.00022789999979977438,-0.0021318999997220088,-0.0025903691635647133,-0.0028200911419293357,-0.0023678999996263883
56.479434,-0.0023678999996263883,-0.0024418999997578793,-0.003060087787411771,-0.0031210934729174315,-0.0023678999996263883
56.499434,-0.003917899999805741,-0.0035698999997293866,-0.003054624722380281,-0.003999275291103852,-0.003917899999805741
56.519434,-0.003917899999805741,-0.002985899999703179,-0.002519016155237142,-0.002660510722338411,-0.003917899999805741
56.539433,-0.00741789999960929,-0.0021298999997270583,-0.0015447944482946206,-0.0011170375288464048,-0.003917899999805741
56.559433,0.0026921000003312656,4.610000028151262e-05,-0.00036369354353403755,-0.0005743102561325633,0.0019121000002542132
56.579433,0.0019121000002542132,0.0012121000002935033,0.0007278538332887111,0.000544873893033376,0.0019121000002542132
56.599433,0.006962100000237115,0.0019121000002542132,0.0014862912735618434,0.001278789976963722,0.0019121000002542132
56.619433,0.0019121000002542132,0.0019121000002542132,0.0018214565744287695,0.002611680419861918,0.0019121000002542132
56.639433,-0.003917899999805741,0.0020681000002696235,0.0018276519565781826,0.0035605848487413245,0.0026921000003312656
56.659432,0.0026921000003312656,0.0019521000002896472,0.0017353232744365295,0.0010995125876820965,0.0026921000003312656
56.679432,0.0026921000003312656,0.0015241000002788497,0.0018155834496111902,0.000827577855772482,0.0026921000003312656
56.699432,0.006382100000337232,0.0013681000003089138,0.0022798621227883347,0.0007667153849099713,0.0026921000003312656
56.719432,-0.00022789999979977438,0.0031161000003066875,0.003201590721891055,0.003290911189111984,0.0026921000003312656
56.739432,-0.004697899999655419,0.004438100000288614,0.004476905222420582,0.005899559207768174,0.006382100000337232
56.759431,0.011432100000320133,0.005876100000295992,0.005844597329393617,0.006210608158813035,0.009302100000240898
56.779431,0.009302100000240898,0.007198100000323393,0.006975015346468206,0.005967414685618225,0.009302100000240898
56.799431,0.013572100000374121,0.008208100000319973,0.007598281900913372,0.0073192328674546725,0.009302100000240898
56.819431,0.006382100000337232,0.006770100000312596,0.007606564085360405,0.008724547552778702,0.006382100000337232
56.839431,0.0003521000003274821,0.00762410000033924,0.007077065573496878,0.007905293473506395,0.006382100000337232
56.859431,0.004242100000283244,0.005292100000315258,0.006217074391781744,0.005170258508479719,0.004242100000283244
56.87943,0.013572100000374121,0.004086100000313309,0.005277584545225426,0.004892589510819047,0.0019121000002542132
56.89943,0.0019121000002542132,0.004982100000324863,0.004479698627526162,0.0036914006996291732,0.004242100000283244
56.91943,0.0003521000003274821,0.0054101000003356605,0.003966918341211458,0.0043361093243393135,0.004832100000385253
56.93943,0.004832100000385253,0.0027661000003263323,0.003779748979976734,0.004713824942047888,0.0019121000002542132
56.95943,0.006382100000337232,0.003776100000322913,0.0038544902594996318,0.003775969464192186,0.004832100000385253
56.979429,0.0003521000003274821,0.004554100000314065,0.0040503214508936115,0.002912239860446932,0.004832100000385253
56.999429,0.006962100000237115,0.0041261000003032676,0.004198326756591714,0.004864104662321315,0.004242100000283244
57.019429,0.004242100000283244,0.00369810000029247,0.0041566551881811,0.004872123310329787,0.004242100000283244
57.039429,0.0026921000003312656,0.0049041000002944205,0.003855041372599085,0.004142100000278677,0.004242100000283244
57.059428,0.004242100000283244,0.0031561000002966466,0.00331557052874835,0.0026304449886231014,0.004242100000283244
57.079428,0.006382100000337232,0.002262100000280043,0.002642200162441883,0.002109932168115327,0.0026921000003312656
57.099428,-0.001777899999751753,0.0012501000002885121,0.0019796821857252867,0.002280771328971018,-0.00022789999979977438
57.119428,-0.00022789999979977438,0.0016781000002993097,0.0014547735104634902,0.001989838928042798,-0.00022789999979977438
57.139428,-0.0023678999996263883,0.0016781000002993097,0.0011260150408312056,0.0008773680655689559,-0.00022789999979977438
57.159427,0.006382100000337232,0.0006661000003077788,0.0009689162636795861,0.0002498622380627013,-0.00022789999979977438
57.179427,0.006382100000337232,0.0003561000003173831,0.0009010042341934285,0.0006124962707017972,-0.001777899999751753
57.199427,-0.006837899999709407,0.0016781000002993097,0.0008232268240545491,0.0015307946389988849,0.004242100000283244
57.219427,-0.001777899999751753,0.0009401000002981164,0.000651680824453349,0.0010748972030959994,0.0026921000003312656
57.239427,0.004242100000283244,-0.0006918999997196807,0.00033683155070237953,0.0005416804198749958,-0.001777899999751753
57.259427,0.0026921000003312656,0.0002021000002969231,-0.00011909767428462307,-0.0005601843819755727,-0.001777899999751753
57.279426,-0.001777899999751753,0.0003181000003223744,-0.0006498941015640442,-0.0007924454542380222,-0.0011978999996244966
57.299426,-0.0023678999996263883,-0.0008858999996846251,-0.001136350481681829,-0.0006203242421241868,-0.001777899999751753
57.319426,-0.0011978999996244966,-0.0022078999997120264,-0.0014475852081345154,-0.0021235177153236875,-0.001777899999751753
57.339426,-0.001777899999751753,-0.0022078999997120264,-0.0014954750104130225,-0.001584893006713182,-0.001777899999751753
57.359426,-0.003917899999805741,-0.0011958999997204955,-0.001273330665077205,-0.0014117461535577448,-0.001777899999751753
57.379425,-0.001777899999751753,0.00032010000027185017,-0.0008571330383461255,-0.000521909323717118,-0.001777899999751753
57.399425,0.0026921000003312656,-0.0005738999996992789,-0.00036638602450619884,-0.00014076713257578182,-0.001777899999751753
57.419425,0.006382100000337232,0.0005921000003127119,9.480331455511773e-05,0.0003574379956355711,0.0019121000002542132
57.439425,-0.006247899999607398,0.0010181000003285589,0.000479995803991702,0.0012344076926362512,0.0019121000002542132
57.459424,0.0019121000002542132,0.0008621000003131485,0.0007989274728730613,0.0003667153849340578,0.0019121000002542132
57.479424,0.0003521000003274821,-0.00034389999968880146,0.0010772330692639135,0.0001587666669745205,0.0003521000003274821
57.499424,0.0019121000002542132,0.00012210000027153002,0.00130887209679862,0.000985969464152687,0.0003521000003274821
57.519424,0.0003521000003274821,0.0014821000002939399,0.0014330594271877114,0.0011703750585543406,0.0003521000003274821
57.539424,-0.003917899999805741,0.0022601000002850924,0.0013504984282787986,0.001832333100522288,0.0019121000002542132
57.559423,0.008712100000366263,0.0006281000003127701,0.0009745414919944953,0.0011244076926208795,0.0003521000003274821
57.579423,0.004242100000283244,8.410000032199605e-05,0.0002934059802407919,0.00048499044322055594,-0.0023678999996263883
57.599423,-0.006247899999607398,0.0009381000003486406,-0.0005943961258995755,2.844032668359789e-05,0.0003521000003274821
57.619423,-0.0023678999996263883,-0.0017438999996556958,-0.0014992377479942185,-0.0013747531465176837,-0.0023678999996263883
57.639423,0.0003521000003274821,-0.0029478999996626954,-0.002207345519194727,-0.0023089489506964507,-0.0023678999996263883
57.659422,-0.004697899999655419,-0.003065899999683097,-0.0025599711189528596,-0.004291000232785512,-0.0023678999996263883
57.679422,-0.001777899999751753,-0.002325899999686953,-0.002508501142819073,-0.002989508391288264,-0.001777899999751753
57.699422,-0.006837899999709407,-0.002441899999712405,-0.0021248451922813425,-0.0012774571092558215,-0.001777899999751753
57.719422,0.0013321000003543304,-0.0005358999997042702,-0.0015616634770095155,-0.0005255923074141234,-0.00022789999979977438
57.739422,-0.00022789999979977438,-0.00022589999971387443,-0.0009742728223633112,-0.000390021211839746,-0.00022789999979977438
57.759421,0.004832100000385253,0.001096100000268052,-0.00043857755810971193,-0.0005207904426174921,-0.00022789999979977438
57.779421,-0.00022789999979977438,-0.00010989999973389785,8.765218294907151e-05,-0.00015943846127576143,-0.00022789999979977438
57.799421,-0.00022789999979977438,-0.00010989999973389785,0.0007290360755518019,0.0011691862473362001,-0.00022789999979977438
57.819421,-0.004697899999655419,0.0007841000002372312,0.0015957780396706972,0.0005750370631972423,-0.00022789999979977438
57.839421,-0.00022789999979977438,0.0021061000002646326,0.00268356135156676,0.002464104662280327,-0.00022789999979977438
57.859421,0.009302100000240898,0.0026901000002908402,0.0038359520457622257,0.0027557363638859413,0.0026921000003312656
57.87942,0.006382100000337232,0.0058001000002605,0.00479575584707707,0.0052710976692646305,0.006382100000337232
57.89942,0.0026921000003312656,0.0058001000002605,0.0053146315788754304,0.005777810955986511,0.006382100000337232
57.91942,0.010852100000192877,0.005682100000285573,0.005259808761491603,0.00650147062964871,0.006382100000337232
57.93942,-0.00022789999979977438,0.003934100000287799,0.004668017011793562,0.005253055711252323,0.0026921000003312656
57.959419,0.008712100000366263,0.004244100000278195,0.0037290158161633847,0.0029126827508664443,0.004242100000283244
57.979419,-0.002357899999651636,0.0017181000002892688,0.0027108779293592133,0.0016485568767394057,-0.00022789999979977438
57.999419,0.004242100000283244,0.0014081000002988731,0.0018586856997634836,0.0016052235434168974,-0.001777899999751753
58.019419,-0.001777899999751753,0.0002041000002918736,0.0013067828958071616,0.0009553167835042555,-0.001777899999751753
58.039419,-0.001777899999751753,0.0020681000002696235,0.0010406528680714279,0.0018525662007535953,0.0026921000003312656
58.059418,0.0026921000003312656,0.00117410000025302,0.0009265540295450954,0.0002949671331189086,-0.00022789999979977438
58.079418,0.006962100000237115,0.0012901000002784712,0.0007969273916712814,0.0012218902100486107,-0.00022789999979977438
58.099418,-0.00022789999979977438,0.0008621000002676738,0.0005486250740363006,0.0011405615387440112,-0.00022789999979977438
58.119418,-0.0011978999996244966,0.0012901000002784712,0.0002016932283605307,0.0011492561774394884,-0.00022789999979977438
58.139418,-0.003917899999805741,-2.9899999708504767e-05,-0.00010847899409903154,-8.969487151639407e-05,-0.00022789999979977438
58.159417,0.004832100000385253,-0.000767899999709698,-0.0001929448663486991,-0.0008542869461147127,-0.0011978999996244966
58.179417,0.00036210000030223455,-0.0004558999997243518,0.00010891125126915673,-0.0008092752910820792,0.00036210000030223455
58.199417,-0.003917899999805741,0.0016041000003042428,0.000857125901597786,0.00099834708655577,0.00036210000030223455
58.219417,0.00036210000030223455,0.0016041000003042428,0.001969968919661056,0.002424640792842953,0.00036210000030223455
58.239417,0.006382100000337232,0.0028081000003112424,0.003231503682511185,0.0029156664338950648,0.004832100000385253
58.259417,0.004832100000385253,0.0044401000003290395,0.0043523839677138245,0.0038188132870184705,0.004832100000385253
58.279416,0.006382100000337232,0.004906100000334845,0.0050625481389481655,0.0056118435900740565,0.004832100000385253
58.299416,0.004242100000283244,0.005490100000315579,0.005197451890538856,0.005839465967706343,0.004832100000385253
58.319416,0.0026921000003312656,0.004750100000319435,0.004746681481468757,0.004715503263724621,0.004242100000283244
58.339416,0.009302100000240898,0.003118100000301638,0.003854063200379492,0.0035506780888866067,0.0026921000003312656
58.359415,0.0011321000004045345,0.0026521000002958316,0.002773382025080353,0.0027731023312849152,0.0019121000002542132
58.379415,-0.001777899999751753,0.0024961000002804213,0.00179187688507733,0.0014886967368715868,0.0019121000002542132
58.399415,0.0019121000002542132,0.0005901000002722867,0.0011433645075091415,0.001123172261337686,0.0011321000004045345
58.419415,0.0019121000002542132,0.0004361000002518267,0.0009410237449114844,0.0005400953382520451,0.00036210000030223455
58.439415,-0.00022789999979977438,0.0016401000002588262,0.0011542017156084075,0.000502682750850704,0.0019121000002542132
58.459414,0.00036210000030223455,0.0017961000002742367,0.0016351266774877432,0.00255823053639911,0.0019121000002542132
58.479414,0.004242100000283244,0.0026901000002908402,0.0021836525649311374,0.0032702585084557964,0.0026921000003312656
58.499414,0.0026921000003312656,0.003584100000307444,0.002626592205552443,0.0026429624711487307,0.004242100000283244
58.519414,0.006382100000337232,0.0031561000002966466,0.0028806596121288006,0.002867554545751475,0.004242100000283244
58.539414,0.004242100000283244,0.002262100000280043,0.002969240804583436,0.002591214219416649,0.0026921000003312656
58.559413,-0.001777899999751753,0.0026901000002908402,0.0029818180443934856,0.0027372748254614735,0.004242100000283244
58.579413,-0.00022789999979977438,0.0017961000002742367,0.0029977354704407494,0.0022938482520239354,0.0019121000002542132
58.599413,0.004832100000385253,0.0023401000002650106,0.003021938793430647,0.003123009091180111,0.0019121000002542132
58.619413,0.0019121000002542132,0.003078100000266204,0.0029751993911506028,0.0025404449886075853,0.0019121000002542132
58.639413,0.006962100000237115,0.003972100000282808,0.002744622768191428,0.003072123310277582,0.004242100000283244
58.659412,0.0019121000002542132,0.002222100000244609,0.002260038784421216,0.003448789976944093,0.0019121000002542132
58.679412,0.004242100000283244,0.002222100000244609,0.001547579578740869,0.0017303983685629516,0.0019121000002542132
58.699412,-0.003917899999805741,0.00035810000026685883,0.0007295369454911549,-0.0003080864799343268,0.0019121000002542132
58.719412,0.0019121000002542132,-0.0009638999997150677,-2.605716844334855e-05,-0.00019587202769843332,-0.002357899999651636
58.739412,-0.002357899999651636,-0.001429899999720874,-0.0005743851504501808,-0.00022274848454625435,-0.002357899999651636
58.759411,-0.004697899999655419,0.0006301000003077206,-0.0008425831451903642,-0.0011868510486421355,0.0019121000002542132
58.779411,0.0019121000002542132,-0.0002238999996734492,-0.0008345453885068853,-0.0012643102561050606,-0.002357899999651636
58.799411,0.006382100000337232,-0.0012738999997054634,-0.0005962201765131431,0.00015720489540821183,-0.002357899999651636
58.819411,-0.002357899999651636,0.0010581000002730435,-0.00017198348692433485,0.0006469251751068479,0.0019121000002542132
58.839411,-0.007607899999811707,0.0015241000002788497,0.000414060373174053,0.0004530790212503101,0.004242100000283244
58.85941,0.006962100000237115,0.00032010000027185017,0.0011439037847423858,0.0013664356646133794,0.00036210000030223455
58.87941,0.004242100000283244,0.00032010000027185017,0.0019784405441938564,0.00075594615413348,0.00036210000030223455
58.89941,0.00036210000030223455,0.0038961000002927905,0.0028385160819382146,0.002211540559716286,0.004242100000283244
58.91941,-0.002357899999651636,0.00288610000029621,0.0036021959415999108,0.004136412354596381,0.0019121000002542132
58.939409,0.010272100000292994,0.003898100000287741,0.004122660714653289,0.004799955478142229,0.0019121000002542132
58.959409,0.0019121000002542132,0.003898100000287741,0.004269946412328115,0.0036397689979571664,0.0019121000002542132
58.979409,0.009302100000240898,0.00475210000026891,0.00398420100150572,0.004066155944339798,0.0019121000002542132
58.999409,0.00036210000030223455,0.0029241000002912187,0.0033112286647901117,0.0033164123545959363,0.0019121000002542132
59.019409,0.0019121000002542132,0.002614100000300823,0.00239656761821082,0.0029105149187109757,0.0011321000004045345
59.039409,0.0011321000004045345,0.0002821000003223162,0.0014399292023703281,0.0007115638697858686,0.00036210000030223455
59.059409,0.00036210000030223455,0.0011761000003389199,0.0006342845062376032,0.001069629137876745,0.0011321000004045345
59.079408,-0.002357899999651636,0.0003221000003577501,0.0001173850514381691,-0.0004900445217886052,0.00036210000030223455
59.099408,0.004832100000385253,0.0006341000003430963,-4.9248434745450164e-05,0.00039286923110879335,0.00036210000030223455
59.119408,-0.002357899999651636,-6.589999966308824e-05,0.00012389143618980432,0.0003535219117622346,-0.002357899999651636
59.139408,0.0026921000003312656,0.0014881000003242662,0.00057059818414083,0.0009430324012614888,0.0026921000003312656
59.159407,-0.0031378999997286883,0.0007481000003281224,0.001185746211193896,0.0006575545457941832,0.0011321000004045345
59.179407,0.005412100000285136,0.0017581000003247028,0.0018411698060360224,0.0017252701634975145,0.0026921000003312656
59.199407,0.0011321000004045345,0.0012921000003188964,0.002405783462059199,0.0023884403266469624,0.0011321000004045345
59.219407,0.0026921000003312656,0.003780100000312814,0.002771836034878496,0.0031363890445983643,0.0026921000003312656
59.239407,0.00036210000030223455,0.0030801000003066294,0.002882282514169088,0.0027489764571775525,0.0019121000002542132
59.259406,0.009302100000240898,0.002382100000295395,0.002749921966354787,0.0031440347322353483,0.0019121000002542132
59.279406,0.0019121000002542132,0.0022261000002799848,0.002456600489249139,0.0020256664338551096,0.0019121000002542132
59.299406,-0.002357899999651636,0.0026921000002857907,0.002123772293258338,0.0019250137531957882,0.0019121000002542132
59.319406,0.0019121000002542132,0.0009041000002980581,0.0018610632623874868,0.002077950816148469,0.0019121000002542132
59.339406,0.0026921000003312656,0.0010601000003134687,0.0017186211622432182,0.0014602351984384465,0.0019121000002542132
59.359405,0.00036210000030223455,0.0023801000003004446,0.0016706844893006046,0.0013723097905246153,0.0026921000003312656
59.379405,0.0026921000003312656,0.0016421000002992514,0.0016378901735478544,0.0015901652683632502,0.0026921000003312656
59.399405,0.004242100000283244,0.0019521000002896472,0.0015330161964227668,0.0021500487182302347,0.0026921000003312656
59.419405,-0.001777899999751753,0.001096100000268052,0.0013052324357131,0.0015753867135637066,0.0026921000003312656
59.439405,0.004242100000283244,0.0014061000002584477,0.0009630820559962523,0.0008725428906886526,0.004242100000283244
59.459404,-0.003917899999805741,0.00020210000025144836,0.0005701827321485908,0.00017361515175848621,-0.001777899999751753
59.479404,0.004242100000283244,0.00020210000025144836,0.00022094689767952676,0.00015988554803810602,-0.001777899999751753
59.499404,-0.001777899999751753,-0.0004198999997242936,9.117529285371109e-06,0.0005721000002808453,-0.001777899999751753
59.519404,-0.001777899999751753,0.0013301000003139052,5.76798924920785e-08,4.356853177784798e-05,0.0011321000004045345
59.539403,0.0011321000004045345,0.000242100000332357,0.00021371965892228223,-0.00022267855444629045,-0.0011978999996244966
59.559403,0.004832100000385253,-0.00034189999964837623,0.0006204628796064693,0.00011389487215930504,-0.0011978999996244966
59.579403,-0.0011978999996244966,0.0012901000003694208,0.0011463084634962988,0.001031167599432811,0.0011321000004045345
59.599403,-0.004697899999655419,0.001602100000354767,0.0016841759612882007,0.0027896524479056085,0.0026921000003312656
59.619403,0.006382100000337232,0.002496100000325896,0.0021158201942515983,0.0020868319350649364,0.0026921000003312656
59.639403,0.0026921000003312656,0.0023801000003004446,0.002350513453168051,0.0017180440562440706,0.0026921000003312656
59.659403,0.009302100000240898,0.0023801000003004446,0.002368280494621275,0.0024210510492484925,0.0026921000003312656
59.679402,-0.001777899999751753,0.0023801000003004446,0.0022362894143892757,0.0029343843825938463,0.0026921000003312656
59.699402,-0.004697899999655419,0.0028081000003112424,0.0020775113727283553,0.002397251515459225,0.004832100000385253
59.719402,0.006382100000337232,0.0004761000003327354,0.002007489268069874,0.0010520766902907014,-0.001777899999751753
59.739402,0.004832100000385253,0.0012141000003339287,0.0020791295960514503,0.0015657596739991333,0.0019121000002542132
59.759402,-0.002357899999651636,0.003120100000342063,0.002263640499753516,0.0018901652684273369,0.004832100000385253
59.779401,0.0019121000002542132,0.0028101000003516673,0.002469229995303602,0.002845176923430881,0.004832100000385253
59.799401,0.004832100000385253,0.0022261000003254592,0.0025858573545879883,0.0034738948721080368,0.0019121000002542132
59.819401,0.004832100000385253,0.0026521000002958316,0.002540436255356732,0.0023273680655698913,0.0019121000002542132
59.839401,0.0019121000002542132,0.003430100000286984,0.002339997690304156,0.0025065522147389016,0.004832100000385253
59.8594,-0.00022789999979977438,0.0022241000002850343,0.002079292676049178,0.003036645454830468,0.0019121000002542132
59.8794,0.005802100000209975,0.0016401000002588262,0.0019048211285610458,0.0018114706296414682,0.0019121000002542132
59.8994,-0.0011978999996244966,0.0016401000002588262,0.0019491187746310354,0.000351540559679353,0.0019121000002542132
59.9194,0.0019121000002542132,0.0016401000002588262,0.0022623752318765853,0.0015382305363751973,0.0019121000002542132
59.9394,0.0019121000002542132,0.00132810000027348,0.0027712618038476205,0.003423195571376676,0.0019121000002542132
59.959399,-0.00022789999979977438,0.004282100000273204,0.003289353551223851,0.003699652447843128,0.0019121000002542132
59.979399,0.004242100000283244,0.004438100000288614,0.003586271554937931,0.003753685081862835,0.0026921000003312656
59.999399,0.013572100000374121,0.0032721000002766234,0.003492635715777148,0.003764081352248228,0.0026921000003312656
60.019399,0.0026921000003312656,0.0037001000002874207,0.0029884441310106626,0.0029491396273319775,0.0026921000003312656
60.039399,-0.003917899999805741,0.0023801000003004446,0.002220636029224668,0.0022525662007607796,0.0019121000002542132
60.059398,0.0019121000002542132,0.0002041000002918736,0.0014361491845079814,0.0017561792543799783,0.0019121000002542132
60.079398,-0.002357899999651636,4.810000027646311e-05,0.0008725205518918073,0.00017282261100769658,0.0019121000002542132
60.099398,0.0026921000003312656,0.0013701000003038643,0.0006702926162481997,6.3848252034457e-05,0.0019121000002542132
60.119398,0.0019121000002542132,0.0010601000003134687,0.0008455378918548231,0.0005534053616254558,0.0019121000002542132
60.139398,0.0026921000003312656,0.0024981000003208463,0.0013171076245248965,0.0019708878791215756,0.0026921000003312656
60.159397,0.00036210000030223455,0.0014881000003242662,0.00195697987672244,0.0031878109560383207,0.0019121000002542132
60.179397,0.004832100000385253,0.003276100000311999,0.002633599169954938,0.002980701398910526,0.0026921000003312656
60.199397,-0.002357899999651636,0.0035861000003023944,0.0032354212031993975,0.0024818902100803312,0.004242100000283244
60.219397,0.010852100000192877,0.0024581000002854127,0.003677018349395016,0.003658486946679268,0.004242100000283244
60.239397,0.004242100000283244,0.0028841000002557847,0.0038941286816336295,0.0029766454548176505,0.004242100000283244
60.259396,-0.005277899999782676,0.0046321000002535586,0.003833408248209016,0.0034140114221611235,0.006382100000337232
60.279397,0.006962100000237115,0.0016781000002538348,0.003447760038326683,0.0032913307694589543,0.004242100000283244
60.299396,0.006382100000337232,0.0022241000002395594,0.0027125053936964618,0.0034351069932437145,0.006382100000337232
60.319396,-0.003917899999805741,0.0033521000002565415,0.001664928701266232,0.001605410023583296,0.006382100000337232
60.339396,0.006972100000211867,0.0014881000002787913,0.00044506324745672323,0.0007734519816157802,0.00036210000030223455
60.359395,0.00036210000030223455,-0.0007278999997197388,-0.0006968643887909512,0.0007092328674119913,-0.002357899999651636
60.379395,-0.002357899999651636,-0.0007278999997197388,-0.0014502059081091625,-0.0017784361302504946,-0.002357899999651636
60.399395,-0.004697899999655419,-0.00138989999968544,-0.00154676415689537,-0.0021348930066919895,-0.002357899999651636
60.419395,-0.003917899999805741,-0.001933899999676214,-0.0008789076056341474,-0.0015430981348536997,-0.002357899999651636
60.439395,0.0036621000003833615,-0.0004958999996688363,0.0004243193460338208,-0.00036545244720315986,-0.002357899999651636
60.459394,-0.002357899999651636,0.001720100000329694,0.002007604069074993,0.002136062704295432,0.0036621000003833615
60.479394,0.004832100000385253,0.0046741000003294175,0.0033925270974815435,0.0039920533802536625,0.004832100000385253
60.499394,0.006382100000337232,0.0038961000002927905,0.004139120138022741,0.004563568531756901,0.004832100000385253
60.519394,0.010852100000192877,0.0043221000002631625,0.0040044643513896605,0.004275643123831262,0.004832100000385253
60.539394,-0.00022789999979977438,0.0028841000002557847,0.003031936812218604,0.0033431955713422727,-0.00022789999979977438
60.559393,-0.00022789999979977438,0.0016801000002487853,0.001530676046084081,0.0017300254081798025,-0.00022789999979977438
60.579393,-0.002357899999651636,-0.0008458999997401406,-4.3725540659070105e-05,-0.0005751494169918661,-0.00022789999979977438
60.599393,0.00036210000030223455,-0.002049899999701665,-0.0012509683908518505,-0.00230929860112737,-0.001777899999751753
60.619393,-0.001777899999751753,-0.0016218999996908678,-0.0018045948376738733,-0.002244123775912512,-0.001777899999751753
60.639393,-0.006247899999607398,-0.0010778999997000938,-0.0016444804354728945,-0.0009530048947853561,0.00036210000030223455
60.659392,0.0019121000002542132,-0.00018389999968349002,-0.0009299270833175861,-0.000789321911099575,0.00036210000030223455
60.679392,0.00036210000030223455,-0.00018389999968349002,3.644330580634728e-05,9.380163201026391e-05,0.00036210000030223455
60.699392,0.004832100000385253,0.0011381000002984366,0.0009237178842038876,0.0005019368301442975,0.00036210000030223455
60.719392,-0.001777899999751753,0.0016061000002991932,0.0014839984988129135,0.0022841279723202473,0.00036210000030223455
60.739392,0.00036210000030223455,0.0019161000002895889,0.0016238970794604135,0.0029121932403787004,0.0019121000002542132
60.759391,0.004252100000257997,0.0018001000002641377,0.0014218922712791833,0.0009685335667131104,0.0019121000002542132
60.779391,0.0019121000002542132,0.0012161000002834043,0.001094617986628446,0.0004982771564525225,0.0019121000002542132
60.799391,0.004252100000257997,0.0003601000002618093,0.0009196571005232472,0.000175992774161376,0.0019121000002542132
60.819391,-0.004697899999655419,0.0007861000002776563,0.0011281408358968287,0.001353615151775944,0.0019121000002542132
60.839391,-0.003917899999805741,0.0015641000002688088,0.0017996440090467865,0.0021750836832433325,0.004252100000257997
60.85939,0.006382100000337232,0.002108100000259583,0.002809197958322265,0.0021457829839492994,0.005802100000209975
60.87939,0.005802100000209975,0.004014100000267718,0.0038624680470326633,0.003226668764848903,0.005802100000209975
60.89939,0.006972100000211867,0.0048701000002893124,0.0046080369867191285,0.004697810955990592,0.005802100000209975
60.91939,0.004832100000385253,0.0048701000002893124,0.004772201479018198,0.005721097669284439,0.005802100000209975
60.93939,0.00036210000030223455,0.004560100000298916,0.004257424487582903,0.0050489065271198275,0.004832100000385253
60.95939,0.006382100000337232,0.002694100000326216,0.003175225315183474,0.003320771328974116,0.004252100000257997
60.979389,0.004252100000257997,0.0018001000003096124,0.0018147193054444388,0.001125083683299403,0.00036210000030223455
60.999389,-0.002357899999651636,0.0013721000002988148,0.0005606887467696254,0.00019988554810406833,0.00036210000030223455
61.019389,0.00036210000030223455,-0.0008438999996997154,-0.00021983647639191317,-0.00044009114188396387,-0.001777899999751753
61.039389,-0.001777899999751753,-0.00041789999968386835,-0.00029272530130381716,-0.0002736342654249337,-0.001777899999751753
61.059388,-0.004697899999655419,0.00043610000029730144,0.0003660677444738596,-6.97181815318402e-05,0.00036210000030223455
61.079388,0.006382100000337232,0.0017581000002792279,0.0015642777956472603,0.0022916804198578667,0.0019121000002542132
61.099388,0.0019121000002542132,0.003508100000271952,0.0029637188441070665,0.004024617482794909,0.006382100000337232
61.119388,0.006972100000211867,0.005724100000270483,0.00419757076135029,0.003303079021248566,0.006382100000337232
61.139388,0.006972100000211867,0.003976100000272709,0.0049827700127399845,0.005350538228706556,0.006382100000337232
61.159387,0.006382100000337232,0.0035481000002619114,0.005181887427030151,0.0045990230771876545,0.006382100000337232
61.179387,-0.002357899999651636,0.0048701000002893124,0.0048007539703073705,0.003961680419872584,0.006382100000337232
61.199387,-0.00022789999979977438,0.0025361000003158553,0.003946827892810926,0.004764594172808191,-0.00022789999979977438
61.219387,0.013582100000348873,0.0030041000003166118,0.002791038757133217,0.0030789764571833873,-0.00022789999979977438
61.239387,-0.004697899999655419,0.003430100000286984,0.0015549501996331228,0.0010719834501906624,-0.00022789999979977438
61.259386,0.008722100000341015,0.0016821000002892107,0.0005040284962917752,0.0004776710958460166,-0.00022789999979977438
61.279386,-0.00022789999979977438,-0.0015058999997108913,-9.03320496205799e-05,0.0007668319350013174,-0.002357899999651636
61.299386,-0.008967899999788642,0.000828100000262566,-3.220192439373315e-05,-8.412820216956596e-06,-0.00022789999979977438
61.319386,-0.002357899999651636,5.010000027141359e-05,0.0007085373268548337,-0.00042636153817312444,-0.00022789999979977438
61.339386,0.006972100000211867,0.0010621000003084192,0.0019573557137765453,0.002520421678608859,0.004832100000385253
61.359385,0.004832100000385253,0.004250100000308521,0.0033849738677264275,0.0029287200469035306,0.004832100000385253
61.379385,0.004832100000385253,0.006116100000281221,0.004625852560211487,0.005041470629670373,0.006972100000211867
61.399385,0.006972100000211867,0.0051041000002896905,0.005403530477910326,0.0060903983685845,0.004832100000385253
61.419385,0.006972100000211867,0.004676100000278893,0.005605659231584812,0.005449093007270091,0.004832100000385253
61.439384,0.0019121000002542132,0.004560100000253442,0.005287319979383467,0.005244174592350166,0.004252100000257997
61.459384,0.0026921000003312656,0.004442100000278515,0.004618423072239705,0.004305060373227242,0.004252100000257997
61.479384,0.004252100000257997,0.003898100000287741,0.003811609123171567,0.003356762004941765,0.004252100000257997
61.499384,0.006382100000337232,0.0025761000003058144,0.003063312198804988,0.0025923797205823873,0.004252100000257997
61.519384,0.004252100000257997,0.0028881000002911605,0.0025182873678943666,0.0026757363639384594,0.004252100000257997
61.539383,-0.004697899999655419,0.0028881000002911605,0.0022494794316644607,0.0033584869466782522,0.004252100000257997
61.559383,0.004252100000257997,0.0024621000002753137,0.0022478150689649577,0.0026134286715988656,0.004252100000257997
61.579383,0.004252100000257997,0.001994100000274557,0.0024286541475383627,0.0014059461541211056,0.004252100000257997
61.599383,0.004252100000257997,0.00257810000025529,0.002659650056261776,0.001869675757841155,0.004252100000257997
61.619383,0.0019121000002542132,0.002266100000269944,0.0027999176931534473,0.00367683193499225,0.0026921000003312656
61.639382,-0.001777899999751753,0.0032761000002665243,0.0027356710147296136,0.003116855245009471,0.0026921000003312656
61.659382,0.0026921000003312656,0.0028081000002657674,0.002408801088436762,0.0024831722613416554,0.0019121000002542132
61.679382,0.009302100000240898,0.0007481000002826476,0.0018410133408349346,0.001699908858102719,0.0019121000002542132
61.699382,0.0019121000002542132,0.0023801000003004446,0.0011440683491699467,0.0006440114222015113,0.0026921000003312656
61.719382,-0.008387899999661386,0.0009021000003031077,0.0004964279132832969,0.0006203284385338007,0.0019121000002542132
61.739382,0.006382100000337232,-0.0010038999997050268,8.292201530303635e-05,0.0005676477858589518,-0.00022789999979977438
61.759381,-0.004697899999655419,-0.00041989999967881884,2.4632719473201967e-05,7.91862473973285e-05,-0.00022789999979977438
61.779381,-0.00022789999979977438,0.0016401000003043009,0.0003365053261450573,-0.0006319792537778634,0.0019121000002542132
61.799381,0.004832100000385253,0.0007461000002876971,0.0009312750106722788,0.001086925175110564,0.0019121000002542132
61.819381,0.0019121000002542132,0.0016401000002588262,0.0016604820041854046,0.0024849904431605476,0.0019121000002542132
61.839381,0.0019121000002542132,0.0029621000002862273,0.0023667265425980732,0.0016201652683458085,0.0019121000002542132
61.85938,-0.00022789999979977438,0.00253410000027543,0.002923899043665155,0.0035943377625171423,0.0019121000002542132
61.87938,0.006382100000337232,0.0026901000002908402,0.003258270162816482,0.003915130303327634,0.0026921000003312656
61.89938,0.0026921000003312656,0.003702100000282371,0.0033556724085007593,0.002620608158790437,0.0026921000003312656
61.91938,0.0026921000003312656,0.003820100000302773,0.0032584327653665886,0.002779419347604533,0.0026921000003312656
61.93938,0.006972100000211867,0.0017601000002741784,0.0030491752366352183,0.0027841046622801386,0.0026921000003312656
61.959379,0.00036210000030223455,0.0026161000002502986,0.002820010948876159,0.0030206780888445846,0.0026921000003312656
61.979379,-0.003917899999805741,0.002928100000235645,0.0026366594130013536,0.002671633799768872,0.004252100000257997
61.999379,0.006972100000211867,0.002384100000244871,0.002517960766327605,0.0029740114221393876,0.004252100000257997
62.019379,0.004252100000257997,0.002696100000230217,0.002446570064715937,0.002779396037520861,0.004252100000257997
62.039379,0.004252100000257997,0.0035521000002518123,0.0024022198179956423,0.001363778321933065,0.004252100000257997
62.059378,0.0019221000002289657,0.0022301000002698857,0.002386887851797607,0.0028828692310306748,0.0019221000002289657
62.079378,0.00036210000030223455,0.0013361000002987567,0.0024178985997431023,0.0035801419583518785,0.00036210000030223455
62.099378,0.00036210000030223455,0.0027741000003061343,0.0024958619973883384,0.001128370396590008,0.00036210000030223455
62.119378,-0.00021789999959764828,0.002346100000340812,0.00257882214964259,0.0023203517485760584,0.00036210000030223455
62.139378,0.011442100000294886,0.0014901000003192167,0.0025893047297420304,0.0026940813523092127,-0.00021789999959764828
62.159377,-0.00021789999959764828,0.003706100000317747,0.0024525187568041292,0.002775946154154949,-0.00021789999959764828
62.179377,-0.003917899999805741,0.003122100000291539,0.0021394890993188475,0.0019034519816582443,-0.00021789999959764828
62.199377,0.011442100000294886,0.0004781000002822111,0.001689838415439798,0.0019520067601890155,-0.001777899999751753
62.219377,-0.0031378999997286883,0.0004781000002822111,0.0012064462442583426,0.0013613074594907013,-0.001777899999751753
62.239377,-0.001777899999751753,0.0026561000002857326,0.000827614626617093,0.0006054799536607936,-0.00021789999959764828
62.259376,-0.00021789999959764828,0.00032410000030722583,0.0006888969120150586,0.001377484615677365,-0.00021789999959764828
62.279376,0.006972100000211867,0.0013361000002987567,0.0008891426075560798,0.0009662025644166135,-0.00021789999959764828
62.299376,-0.00021789999959764828,0.0016481000003295775,0.0014673090948648538,0.0008110510492624914,-0.00021789999959764828
62.319376,0.0019221000002289657,0.0025421000003007068,0.002384399940279033,0.002313265501487032,0.0019221000002289657
62.339375,-0.00021789999959764828,0.0028921000003265364,0.003508239820021031,0.003600095338311062,0.0019221000002289657
62.359375,0.004252100000257997,0.003474100000312319,0.0046161354059277085,0.00465163379984787,0.0026921000003312656
62.379375,0.008722100000341015,0.005378100000325503,0.005435720748938483,0.004511004429238588,0.004252100000257997
62.399375,0.0026921000003312656,0.006154100000321705,0.005724177720625861,0.006539559207782637,0.004252100000257997
62.419375,0.011442100000294886,0.005376100000330552,0.005357116629234487,0.005599838928074792,0.0036621000003833615
62.439375,0.0036621000003833615,0.004714100000319377,0.004385061196248404,0.004914477622682637,0.0036621000003833615
62.459374,0.00036210000030223455,0.002810100000306193,0.003026920663510798,0.002682682750897519,0.0036621000003833615
62.479374,0.005412100000285136,0.0009061000002930086,0.0015989424090627642,0.0008255965037865924,0.0019221000002289657
62.499374,-0.0068278999997346546,-0.00029789999971399086,0.0004086574542999596,0.0003115172497003811,0.00036210000030223455
62.519374,0.0019221000002289657,1.4100000271355384e-05,-0.0003401358204527829,-0.0009440305358447855,0.0019221000002289657
62.539373,-0.002357899999651636,-0.0005298999997194187,-0.0005915615407888538,-9.920536103361251e-05,0.0019221000002289657
62.559373,0.0019221000002289657,0.0009081000002879591,-0.0004174032990395615,0.0005683703965532378,0.0019221000002289657
62.579373,0.0026921000003312656,0.0009081000002879591,4.78531216945504e-05,0.00012974568792028086,0.0019221000002289657
62.599373,0.00036210000030223455,0.0014521000002787332,0.0006752065679623628,0.0011000720282554948,0.0019221000002289657
62.619373,0.0019221000002289657,0.0007121000002825895,0.0013749868475665698,0.0009468552450503004,0.00036210000030223455
62.639373,0.00036210000030223455,0.001140100000293387,0.0020856327597112874,0.0018410743592663873,0.00036210000030223455
62.659372,-0.001777899999751753,0.002346100000295337,0.0027385990093858887,0.00246137738956736,0.0019221000002289657
62.679372,0.004832100000385253,0.0028121000003011433,0.0032364453778785714,0.003256319114506545,0.004252100000257997
62.699372,0.006392100000311984,0.0035901000002922954,0.0034692931820567954,0.0029416337998387403,0.004252100000257997
62.719372,0.004252100000257997,0.0039021000003231165,0.0033626280114224566,0.0032829624711753847,0.004252100000257997
62.739372,0.004252100000257997,0.0024641000003157386,0.0029223997102041364,0.003549046387274396,0.004252100000257997
62.759371,-0.00021789999959764828,0.0024641000003157386,0.0022447785457927983,0.0028538249420591855,0.004252100000257997
62.779371,-0.002357899999651636,0.0015701000003446098,0.0014849761756431598,0.001507787646017648,-0.00021789999959764828
62.799371,0.006392100000311984,0.0003641000003426598,0.0008060141085593639,0.0006873680655970925,-0.00021789999959764828
62.819371,-0.00021789999959764828,0.00048010000032263635,0.00033224845474500445,-0.0005695783213404947,-0.00021789999959764828
62.839371,-0.001777899999751753,0.0005961000003026129,0.00011840631763181747,-0.0005726785544535709,-0.00021789999959764828
62.85937,0.00036210000030223455,-0.0011538999996901112,0.00013530298366346303,0.00034256620075309274,-0.001777899999751753
62.87937,-0.001777899999751753,0.00028410000027179194,0.0002776638828457463,0.0010584170165996503,-0.001777899999751753
62.89937,-0.002357899999651636,0.0012961000002633227,0.00040311381181493014,0.0007390230771831689,0.00036210000030223455
62.91937,0.006972100000211867,0.0012961000002633227,0.00039888459926337163,0.0009358995340358587,0.00036210000030223455
62.939369,0.003282100000205901,0.0008681000002525252,0.0002477392837815756,0.00043534009350369783,0.00036210000030223455
62.959369,0.00036210000030223455,0.000402100000246719,4.857607976670347e-05,-0.0007054524472929286,0.00036210000030223455
62.979369,-0.003917899999805741,-0.0010358999997151842,-3.618644321834681e-05,0.0005522631704289075,-0.00021789999959764828
62.999369,-0.004687899999680667,-0.0013078999997105712,0.00011419528014791611,-0.0003761983680226513,-0.00021789999959764828
63.019369,-0.00021789999959764828,0.00036410000029718503,0.0004859666181384528,-0.0013689722607556339,-0.00021789999959764828
63.039369,0.0019221000002289657,-0.00010189999966314645,0.0009147949219311044,0.0007893494175790806,-0.00021789999959764828
63.059368,0.008722100000341015,0.0018021000003500375,0.0011620605943744497,0.0021600487182866085,0.0019221000002289657
63.079368,-0.006247899999607398,0.003124100000331964,0.0010405228983420738,0.0023290930073546095,0.004832100000385253
63.099368,0.004832100000385253,0.0014901000003646914,0.0005206201143633544,0.0013426128208676431,0.004832100000385253
63.119368,0.006392100000311984,-0.0015038999996249912,-0.00023564651149192054,-0.0004800678318021231,-0.006247899999607398
63.139368,-0.006247899999607398,-0.0007258999996338389,-0.000931030657196803,-0.002186920978635774,-0.002357899999651636
63.159367,-0.006247899999607398,-0.0017358999996304192,-0.0012587819546747566,-0.001747293939013087,-0.002357899999651636
63.179367,-0.002357899999651636,-0.002475899999626563,-0.001040541825530768,-0.00021894895068264204,-0.002357899999651636
63.199367,-0.00021789999959764828,0.0005181000003631198,-0.0003048517365794579,-0.0010255923073331358,-0.00021789999959764828
63.219367,0.0026921000003312656,0.0014121000003342488,0.0007348735897086753,-0.00035540582716547505,-0.00021789999959764828
63.239367,0.008722100000341015,0.0019561000003250227,0.0017840618293310042,0.0029313540795754345,0.00036210000030223455
63.259366,-0.001777899999751753,0.002850100000296152,0.002589772487990188,0.003806155944358634,0.0026921000003312656
63.279366,0.00036210000030223455,0.004056100000298102,0.003022799672945135,0.0034340347322234514,0.004252100000257997
63.299366,0.004252100000257997,0.001956100000279548,0.003097323637342738,0.0029259927741704236,0.00036210000030223455
63.319366,0.008722100000341015,0.0023841000002903455,0.002940893965572626,0.0021122398604203727,0.00036210000030223455
63.339366,-0.001777899999751753,0.002850100000296152,0.0027352347622340515,0.0015871116553157563,0.0026921000003312656
63.359365,0.00036210000030223455,0.002538100000310806,0.002644303181749528,0.003098836597049036,0.0026921000003312656
63.379365,0.0026921000003312656,0.0017601000003196533,0.0027517549703595756,0.003211424009643168,0.0026921000003312656
63.399365,0.0026921000003312656,0.0035101000003123772,0.0030361062153174113,0.002586575524799206,0.0026921000003312656
63.419365,0.004832100000385253,0.003976100000318184,0.0033974353220660117,0.0030647573429535314,0.0026921000003312656
63.439365,0.006972100000211867,0.0038221000002977234,0.0037193718944967206,0.005084524242718639,0.0026921000003312656
63.459364,0.0026921000003312656,0.004678100000273844,0.00392959079940198,0.004241866900062404,0.004832100000385253
63.479364,0.0019221000002289657,0.004444100000273466,0.004026721218107477,0.0035815172497014377,0.0036621000003833615
63.499364,0.006972100000211867,0.002578100000300765,0.004065219725226645,0.003329932168106525,0.0026921000003312656
63.519364,0.0036621000003833615,0.003434100000276885,0.004113385910812098,0.004058323776501434,0.0036621000003833615
63.539364,-0.002357899999651636,0.004600100000288876,0.004210412529976418,0.004370701398905533,0.006972100000211867
63.559363,0.006972100000211867,0.0049501000003147055,0.004346600037469954,0.004565060373253986,0.006972100000211867
63.579363,0.0077521000002889195,0.00429010000029848,0.004477638315115269,0.005315363403568066,0.006972100000211867
63.599363,0.008722100000341015,0.0051461000002746005,0.004559220368542403,0.0037083237765201237,0.006972100000211867
63.619363,0.00036210000030223455,0.005030100000294624,0.004569131247358651,0.004859955478136495,0.006392100000311984
63.639363,0.0019221000002289657,0.0028521000002911024,0.004494909006456778,0.004114291142477489,0.0019221000002289657
63.659362,0.006392100000311984,0.0033961000002818765,0.004301008059646975,0.0034411675993547396,0.0019221000002289657
63.679362,-0.0031378999997286883,0.0029681000002710787,0.0039139088257841214,0.003968440326614894,0.0019221000002289657
63.699362,0.011442100000294886,0.004444100000273466,0.003252561314903805,0.003581447319612074,0.006392100000311984
63.719362,-0.001777899999751753,0.0032381000002715153,0.002295622592796257,0.003339792307956612,0.00036210000030223455
63.739362,0.009302100000240898,0.0025001000002703223,0.0011435385383568456,0.0018527759909474856,0.00036210000030223455
63.759361,0.00036210000030223455,-0.0004538999997294013,2.508588483693685e-05,-0.0007622123540303727,-0.001777899999751753
63.779361,-0.0068278999997346546,-0.0005698999997093779,-0.0007760347800385821,-0.0004568044286085846,-0.002357899999651636
63.799361,-0.0033278999997037317,-0.002901899999687885,-0.0010485546474334083,-0.00239083706263964,-0.002357899999651636
63.819361,-0.002357899999651636,-0.0011138999997001519,-0.0007657650484028457,-0.0009222356640344492,-0.002357899999651636
63.839361,-0.002357899999651636,-0.00010389999970357166,-0.00011235224941733987,-0.0007120958038924821,-0.002357899999651636
63.85936,0.009302100000240898,0.0016441000002942018,0.0005966490477690626,0.0012453167835114393,-0.001777899999751753
63.87936,-0.001777899999751753,0.002188100000284976,0.0010636364452326179,0.0023007247089090015,0.00036210000030223455
63.89936,0.005412100000285136,0.0023041000002649525,0.001144769730257958,0.0016831256413019848,0.00036210000030223455
63.91936,0.00036210000030223455,8.810000026642229e-05,0.0009070112978840706,0.0005427993009560713,-0.001777899999751753
63.939359,-0.001777899999751753,0.00028210000027684146,0.0005838032653456784,0.0009645242426847583,-0.0008078999996996572
63.959359,-0.001777899999751753,-0.0004158999997343926,0.00045864814104644056,-0.00048221235403875283,-0.0008078999996996572
63.979359,-0.0008078999996996572,0.0012561000002733636,0.0007366308345166612,0.0006646874128586908,-0.0008078999996996572
63.999359,0.0019221000002289657,0.0009461000002829678,0.0014616697344056178,0.0006701652683561063,-0.0008078999996996572
64.019359,0.008722100000341015,0.0025801000002957154,0.002506356304667263,0.002287810956006122,0.0019221000002289657
64.039358,-0.0033278999997037317,0.0037081000003126975,0.0036235278355504406,0.0036485102567240567,0.004832100000385253
64.059358,0.006392100000311984,0.004718100000309278,0.004529648540137497,0.006028673426888197,0.006392100000311984
64.079358,0.004832100000385253,0.004252100000303472,0.004994031225906074,0.004861120979321844,0.006392100000311984
64.099358,0.006972100000211867,0.006312100000286591,0.0049155113498289766,0.0045234752916572946,0.006392100000311984
64.119358,0.006392100000311984,0.0032401000002664658,0.004365455240753832,0.004273918182069335,0.006392100000311984
64.139358,0.006972100000211867,0.004134100000237595,0.0035741704415742964,0.0045788132869769484,0.006972100000211867
64.159357,-0.008967899999788642,0.003278100000261475,0.002854653913306613,0.0021250370631979857,0.006392100000311984
64.179357,0.009302100000240898,0.001956100000279548,0.00248972745654295,0.00239496713312814,0.0026921000003312656
64.199357,0.0026921000003312656,0.0009461000002829678,0.0026302573152691255,0.001966202564387139,0.0019221000002289657
64.219357,-0.00021789999959764828,0.005028100000299673,0.0032441070002370747,0.002938440326628419,0.0026921000003312656
64.239357,0.0019221000002289657,0.003706100000317747,0.004129268805228967,0.00483715827537406,0.0026921000003312656
64.259356,0.011442100000294886,0.0049121000003196965,0.00498269926297375,0.005729932168172955,0.0026921000003312656
64.279356,0.0026921000003312656,0.005922100000316277,0.0055011281721732705,0.004394221212459776,0.004832100000385253
64.299356,0.008722100000341015,0.005066100000340157,0.005477529431540569,0.006039093007305851,0.004832100000385253
64.319356,0.004832100000385253,0.0041721000003235535,0.004857567831171767,0.005733568531779997,0.004832100000385253
64.339355,-0.002357899999651636,0.004484100000308899,0.0037409780505582146,0.0029882072264345028,0.004832100000385253
64.359355,0.006972100000211867,0.0014901000003192167,0.0023392279236085383,0.0012033820516009603,0.004252100000257997
64.379355,0.004252100000257997,-0.0004138999996939674,0.0009129629376440428,0.0017591163173350662,-0.002357899999651636
64.399355,-0.006247899999607398,0.0013361000002987567,-0.00029228115511832116,-0.00028580209759808525,0.004252100000257997
64.419355,-0.004687899999680667,1.410000031683012e-05,-0.0011000466531553828,-0.0014392986010973406,0.00036210000030223455
64.439355,0.006392100000311984,-0.002629899999692498,-0.0014339862297319864,-0.000855359207159356,-0.004687899999680667
64.459355,0.00036210000030223455,-0.0013078999997105712,-0.0013188370892292583,-0.001614263636069019,0.00036210000030223455
64.479354,-0.008967899999788642,0.0010241000002679356,-0.0008597984943896973,-0.00069435687619304,0.00036210000030223455
64.499354,0.00036210000030223455,-0.0006098999997448118,-0.00021363964862682925,3.433776249088278e-05,0.00036210000030223455
64.519354,0.006972100000211867,-0.0006098999997448118,0.00044628205451316486,0.0006106314688035429,0.00036210000030223455
64.539354,-0.001777899999751753,0.001140100000293387,0.0009717303996166777,0.0004093261075098101,0.00036210000030223455
64.559355,0.00036210000030223455,0.002346100000295337,0.0012766267064468712,0.0007008645690510405,0.00036210000030223455
64.579353,-0.00021789999959764828,0.0005961000003026129,0.0013545221633522397,0.0025091862473795344,-0.00021789999959764828
64.599353,0.006392100000311984,0.0005961000003026129,0.0012735715776213952,0.001292426340635618,-0.00021789999959764828
64.619353,-0.001777899999751753,0.0022681000003103692,0.001154606105083678,0.0007954333336587664,-0.00021789999959764828
64.639353,-0.001777899999751753,0.0015301000003091758,0.001136674320331481,0.0012259228441325438,-0.001777899999751753
64.659352,0.008722100000341015,0.0006361000002925721,0.0013348070428764632,0.0011348505830432337,-0.001777899999751753
64.679352,-0.0039078999996036146,0.0013761000002887158,0.0017993236236032069,0.0018950836832718528,0.0019221000002289657
64.699352,0.0019221000002289657,0.003010100000301463,0.002489062243999704,0.0014205848487763722,0.0019221000002289657
64.719352,0.0019221000002289657,0.0025441000002956573,0.003272107448813298,0.004197857576040701,0.0019221000002289657
64.739352,0.006392100000311984,0.003710100000262173,0.003963527103173763,0.004369372727554776,0.0019221000002289657
64.759351,0.006392100000311984,0.005614100000275357,0.004392998598720478,0.0035573680655559834,0.006392100000311984
64.779351,0.0019221000002289657,0.0044481000003088415,0.004473731134399042,0.005052193240379163,0.006392100000311984
64.799351,0.011442100000294886,0.0037081000003126975,0.004237742678672332,0.00490142400963654,0.0026921000003312656
64.819351,-0.0039078999996036146,0.003824100000292674,0.003818782231091186,0.003849069697271632,0.0026921000003312656
64.83935,0.0026921000003312656,0.003978100000313134,0.0033920406068527944,0.0026092794874792375,0.0026921000003312656
64.85935,0.006972100000211867,0.0013341000003038062,0.0031015741006558168,0.002781563869766431,0.0026921000003312656
64.87935,0.0026921000003312656,0.00308210000030158,0.003008082516604819,0.002610817949032895,0.0026921000003312656
64.89935,-0.001777899999751753,0.0038221000002977234,0.0030737015993514464,0.002728207226418358,0.004832100000385253
64.91935,0.004832100000385253,0.002694100000326216,0.003184613180266126,0.0044650836832965096,0.0026921000003312656
64.939349,0.006392100000311984,0.00343410000032236,0.003203991105040585,0.003016528904753577,0.004832100000385253
64.959349,0.0013321000003543304,0.0038621000003331574,0.0030376968684937174,0.00285373170194975,0.004832100000385253
64.979349,0.006392100000311984,0.0025401000003057563,0.0026838755620121777,0.0028270883453021104,0.0013321000003543304
64.999349,0.00036210000030223455,0.002346100000295337,0.0022405364181478913,0.0028766687648866737,0.0013321000003543304
65.019349,-0.001777899999751753,0.0020361000003049413,0.0018663912341362115,0.0024263890445740703,0.00036210000030223455
65.039349,0.0054221000002598885,0.0016081000002941437,0.0017145422937118885,0.0010065988347866843,0.00036210000030223455
65.059348,-0.00021789999959764828,0.0019201000002794899,0.0018687976909449189,0.0011774613056523765,0.0019221000002289657
65.079348,0.004252100000257997,0.0014941000003091177,0.002305006855457207,0.0009962958045054266,0.0019221000002289657
65.099348,0.0019221000002289657,0.002154100000325343,0.0028870000522057825,0.0031914240096290016,0.0019221000002289657
65.119348,-0.0039078999996036146,0.0034761000003072696,0.003400932742625654,0.004618440326666651,0.004252100000257997
65.139348,0.008722100000341015,0.00448610000030385,0.0036289583327773966,0.003914267832486421,0.006392100000311984
65.159347,0.006392100000311984,0.004058100000338527,0.0034479014958825197,0.003557134965333542,0.006392100000311984
65.179347,0.009302100000240898,0.0037841000003027148,0.0029103234304865893,0.002952612820836153,0.006392100000311984
65.199347,-0.00021789999959764828,0.0021121000002949585,0.002251978698098564,0.0024312375294601347,0.00036210000030223455
65.219347,-0.005277899999782676,0.0018001000003096124,0.001800807094182583,0.002490631468821251,0.00036210000030223455
65.239347,0.00036210000030223455,0.00032410000030722583,0.001826154877372685,0.0002499787881630564,0.00036210000030223455
65.259346,0.004832100000385253,0.0017621000002691289,0.0024103566447545312,0.0016937550119416186,0.0019221000002289657
65.279346,0.0019221000002289657,0.0033561000002919174,0.0034100769087710417,0.003098417016608784,0.0026921000003312656
65.299346,0.006972100000211867,0.006000100000301245,0.004518929751461124,0.005052519580707859,0.004832100000385253
65.319346,0.0026921000003312656,0.005572100000290447,0.005392821067952934,0.00683074801896397,0.0026921000003312656
65.339346,0.013582100000348873,0.005726100000310907,0.005780516335321008,0.005727717715932822,0.0026921000003312656
65.359345,0.0026921000003312656,0.005610100000330931,0.005608473528587446,0.005294081352283036,0.0026921000003312656
65.379345,0.0026921000003312656,0.0047161000003143275,0.0049912153974357235,0.0050425428907537075,0.0026921000003312656
65.399345,0.006392100000311984,0.003394100000286926,0.0041712649170539155,0.004226132634338713,0.0026921000003312656
65.419345,-0.001777899999751753,0.003394100000286926,0.0034223514230478196,0.0029521699303641695,0.0026921000003312656
65.439345,0.006972100000211867,0.003394100000286926,0.002958427859631059,0.0023503517485411267,0.0026921000003312656
65.459344,0.0026921000003312656,0.002188100000284976,0.00287684329767741,0.0037219135200840373,0.0026921000003312656
65.479344,0.0026921000003312656,0.004404100000283506,0.003142151590756666,0.0029605382287113406,0.0026921000003312656
65.499344,0.00036210000030223455,0.003394100000286926,0.0036037692416046006,0.0030623097904914883,0.0026921000003312656
65.519344,0.009302100000240898,0.0028121000003011433,0.0040390805858507356,0.004540398368601777,0.0019221000002289657
65.539343,0.0019221000002289657,0.004018100000303093,0.004214276168674087,0.0038018435900651175,0.0019221000002289657
65.559343,-0.00021789999959764828,0.0049121000003196965,0.0039520394917629586,0.004273708391923146,0.004832100000385253
65.579343,0.008722100000341015,0.00258010000034119,0.0031917606978258974,0.0034829624712020323,0.0019221000002289657
65.599343,0.004832100000385253,0.0022681000003558437,0.0020253149258627028,0.002213871562115075,0.00036210000030223455
65.619343,-0.002357899999651636,0.0015301000003546505,0.0006890163530657069,0.0005505149187709307,0.00036210000030223455
65.639343,0.00036210000030223455,-0.0005698999996639031,-0.0004995044897626742,1.4664102913535286e-05,-0.001777899999751753
65.659342,-0.0039078999996036146,-0.0015798999996604834,-0.0012453628194925212,-0.0015881797199380665,-0.001777899999751753
65.679342,-0.001777899999751753,-0.0015798999996604834,-0.0013814273979465492,-0.0026151494168955287,-0.001777899999751753
65.699342,-0.00021789999959764828,-0.00169589999964046,-0.0009300153226244713,-0.0013529116546587253,-0.001777899999751753
65.719342,-0.002357899999651636,0.0003641000003426598,-9.54526878958342e-05,0.0004183470865906946,-0.00021789999959764828
65.739341,-0.00021789999959764828,0.0015701000003446098,0.0008113819966537267,0.001582845921078283,-0.00021789999959764828
65.759341,0.006392100000311984,0.0019981000003099327,0.0014904329577765522,0.002430724708941189,0.0019221000002289657
65.779341,0.004252100000257997,0.0025421000003007068,0.0017661741684615356,0.002075736363934308,0.0019221000002289657
65.799341,0.0019221000002289657,0.0019201000002794899,0.0016458176922059798,0.0011491396273110423,0.0019221000002289657
65.819341,0.00036210000030223455,0.0002861000002667424,0.0012901606821146333,0.0014536617718360358,0.00036210000030223455
65.83934,-0.0033278999997037317,-0.0006078999997043866,0.0009102664203856631,-0.00083116340297482,-0.00021789999959764828
65.85934,-0.001777899999751753,-2.589999967312906e-05,0.0006473312780779574,-2.065058242329144e-05,-0.00021789999959764828
65.87934,-0.00021789999959764828,-0.0008798999996542989,0.0005048333076472831,0.000932426340678496,-0.001777899999751753
65.89934,0.004832100000385253,0.002502100000356222,0.0003712172323730944,0.0007729158511647448,-0.00021789999959764828
65.91934,-0.0039078999996036146,0.001492100000359642,0.00011664894600954072,0.0010675778558264025,-0.00021789999959764828
65.939339,0.013582100000348873,0.0001701000003322406,-0.00029763128026417783,0.00013671538496990354,-0.0039078999996036146
65.95934,-0.0068278999997346546,-0.0008398999996643397,-0.0007675385273866038,-0.0010940538458025586,-0.0039078999996036146
65.979339,-0.0068278999997346546,-0.0009958999996797502,-0.001087592683755353,-0.0008664780882681854,-0.004687899999680667
65.999339,-0.00021789999959764828,-0.0028618999996979253,-0.0010607630009162536,-0.0010434710952775556,-0.004687899999680667
66.019339,-0.004687899999680667,-0.00010189999970862118,-0.0006064843372811314,-0.0010500212118307452,-0.00021789999959764828
66.039338,0.004252100000257997,0.0007921000003079826,0.00019702587734783244,-0.0012172240090189731,-0.00021789999959764828
66.059338,0.006972100000211867,0.0005981000002975634,0.0011491979983381513,0.001618743356953458,-0.0011878999996497441
66.079338,-0.002357899999651636,0.002814100000296094,0.0020059029359362,0.002698953147149627,0.004252100000257997
66.099338,-0.0011878999996497441,0.0023481000002902874,0.002553991593406447,0.0032972282054024513,0.0019221000002289657
66.119338,0.006392100000311984,0.0018041000002995133,0.0026603823523296774,0.0024721466203311312,0.0019221000002289657
66.139338,0.0019221000002289657,0.0023481000002902874,0.0022995591698686695,0.0017529158511168643,0.0019221000002289657
66.159337,0.004252100000257997,0.0013381000002937072,0.0015629654014589734,0.0005897689979746641,0.0019221000002289657
66.179337,0.00036210000030223455,0.0010281000003033113,0.000641944263962214,0.001747018415217888,0.0019221000002289657
66.199337,-0.006237899999632646,-0.00029389999967861514,-0.00022088977225708932,0.0004697689979792397,0.00036210000030223455
66.219337,0.004842100000360006,-0.00017589999965821334,-0.0007984606007151217,-0.0015384594402187658,0.00036210000030223455
66.239336,-0.004687899999680667,-0.0014958999996451893,-0.0009390914428412374,-0.0013629582746895207,-0.004687899999680667
66.259336,0.004842100000360006,-0.0002918999996381899,-0.0006013706004160898,-0.0010415596732983483,-0.00021789999959764828
66.279336,-0.006237899999632646,1.8100000352205826e-05,0.00014001454132652757,0.00035216993042002666,-0.00021789999959764828
66.299336,-0.00021789999959764828,0.0018061000003399385,0.0011167058659855226,0.0025180673663039517,0.004252100000257997
66.319336,0.006392100000311984,0.0018061000003399385,0.002117251701530671,0.0016475778558232778,0.004252100000257997
66.339336,0.004252100000257997,0.004022100000338469,0.0029559790889647523,0.0034122165504640654,0.004842100000360006
66.359335,0.004842100000360006,0.0032841000003372756,0.0035315691578253518,0.0027606081588524983,0.004842100000360006
66.379335,0.004842100000360006,0.0035561000003326627,0.003842352092803355,0.004139838928073665,0.004842100000360006
66.399335,-0.0039078999996036146,0.00277810000034151,0.003949579023267851,0.0038243144525401973,0.004842100000360006
66.419335,0.0077521000002889195,0.003400100000317252,0.003915894998847874,0.0035159228441295396,0.004842100000360006
66.439334,0.00036210000030223455,0.0032821000002968503,0.003762414602112496,0.0037063424245453646,0.004252100000257997
66.459334,0.007952100000238715,0.0044481000002633666,0.003470062706499135,0.0032032655014538466,0.004252100000257997
66.479334,0.004252100000257997,0.002854100000286053,0.003015316182731714,0.0029913773895489616,0.0019221000002289657
66.499334,0.0019221000002289657,0.002622100000280625,0.0024072246675964633,0.0032407013988763195,0.0019221000002289657
66.519334,-0.00021789999959764828,0.001416100000278675,0.0016982943283335647,0.0016390696972459692,0.0019221000002289657
66.539334,-0.0007978999997249048,0.0008341000002928922,0.0009675902338890707,0.0006286034967800161,0.0013421000003290828
66.559333,0.0019221000002289657,9.610000029169896e-05,0.0002957639948432587,0.0001881606063483084,-0.00021789999959764828
66.579333,0.0013421000003290828,-0.00033189999971909855,-0.0002488713985143686,-0.0005288557106512674,-0.0007978999997249048
66.599333,-0.0017678999997770006,0.0007961000002978836,-0.0006109889334679995,-0.00025771351951311256,0.0013421000003290828
66.619333,-0.002357899999651636,-0.0008358999996744387,-0.0007464727443633743,0.00034895314715518446,-0.0017678999997770006
66.639333,0.004842100000360006,-0.00025389999968865594,-0.000628088121345922,-0.0003160585078220959,-0.0017678999997770006
66.659332,-0.006237899999632646,5.610000034721452e-05,-0.00026037990241197526,-0.0016428417246003954,-0.00021789999959764828
66.679332,0.004252100000257997,-0.0004098999996585917,0.0003014562489340079,-0.00071783006960432,-0.00021789999959764828
66.699332,-0.00021789999959764828,-0.0009938999996847997,0.0009398998676698357,0.001748999767229218,-0.00021789999959764828
66.719332,-0.004687899999680667,0.0025421000003007068,0.0014861562960737527,0.0018355265737394987,0.0019221000002289657
66.739332,0.0019221000002289657,0.0026601000003211085,0.0017663163767954145,0.0015305382287372918,0.0019221000002289657
66.759331,0.011442100000294886,0.0010281000003033113,0.0016769004835292482,0.002058323776538123,0.0019221000002289657
66.779331,0.004842100000360006,0.0020381000002998918,0.001253663637745013,0.0011659694641805393,0.0019221000002289657
66.799331,-0.008377899999686633,0.001610100000334569,0.000681767452163053,0.00154422121243767,0.00036210000030223455
66.819331,0.00036210000030223455,-0.00029389999967861514,0.000224413079398753,0.0006214706296921884,0.00036210000030223455
66.83933,-0.00021789999959764828,-0.0013058999996701458,0.00010444150279028816,-0.0012167811185528205,-0.00021789999959764828
66.85933,0.0019221000002289657,1.6100000311780605e-05,0.0004041291076834441,-0.000932655244440443,-0.00021789999959764828
66.87933,-0.00021789999959764828,0.0009121000003233348,0.001029133633744929,0.0010434053616253662,-0.00021789999959764828
66.89933,-0.0017678999997770006,0.0027001000003110676,0.0017442860983508308,0.0030725662008036256,0.0019221000002289657
66.91933,0.004842100000360006,0.0022721000003457447,0.0022633984703299874,0.0026066920749301583,-0.00021789999959764828
66.939329,0.008722100000341015,0.0023881000003257214,0.002360597003987973,0.0024063424245573933,0.00036210000030223455
66.959329,-0.00021789999959764828,0.0023881000003257214,0.0019588856557068947,0.0015619135201314198,0.00036210000030223455
66.979329,0.00036210000030223455,0.0010661000002983201,0.001155208909983307,0.0015823331005328366,-0.00021789999959764828
66.999329,-0.0017678999997770006,-0.0009158999996998318,0.00017205885707720229,0.00028529347350253313,-0.0011878999996497441
67.019329,-0.0017678999997770006,-0.0006038999997144856,-0.0007342968623337126,-0.0013233778551835912,-0.0011878999996497441
67.039329,-0.0011878999996497441,-0.001613899999711066,-0.001361510564237219,-0.002028832400650586,-0.0017678999997770006
67.059329,0.0013421000003290828,-0.0011878999996952188,-0.0016116550867652445,-0.0013704174822268865,-0.0011878999996497441
67.079328,-0.004687899999680667,-0.0009938999996847997,-0.0014987740494701335,-0.001252189043974171,-0.0007978999997249048
67.099328,0.00036210000030223455,-0.0007998999996743806,-0.0011258443154942462,-0.000814426806196207,-0.00021789999959764828
67.119328,-0.0007978999997249048,-0.0009958999996797502,-0.0006460849971551179,-0.0003293685311430354,-0.00021789999959764828
67.139328,-0.00021789999959764828,1.410000031683012e-05,-0.00021943677358874197,-0.00036107016286161976,0.00036210000030223455
67.159327,0.00036210000030223455,1.410000031683012e-05,2.6982774251645348e-05,-0.00018911212089358246,0.00036210000030223455
67.179327,0.00036210000030223455,-0.0002978999996685161,2.6037620619138676e-05,0.00024783426606317014,0.00036210000030223455
67.199327,0.00036210000030223455,-0.0002978999996685161,-0.0002205867986464084,-0.0006836342653914998,0.00036210000030223455
67.219327,-0.002357899999651636,-0.0008418999996592901,-0.0006525968055425231,-0.00021361095536395392,-0.00021789999959764828
67.239327,-0.00021789999959764828,-0.0013858999996500642,-0.0011748233777126623,-0.0017220025637585353,-0.002357899999651636
67.259326,-0.002357899999651636,-0.0013858999996500642,-0.0016846590616823643,-0.0017423055940654264,-0.002357899999651636
67.279326,-0.002357899999651636,-0.002589899999657064,-0.0020940666680658985,-0.0018450561768231833,-0.002357899999651636
67.299326,0.00036210000030223455,-0.0016958999996859348,-0.002341911815010354,-0.00246862261037985,-0.002357899999651636
67.319326,-0.008377899999686633,-0.0020058999996763307,-0.002397167824855762,-0.0024781564099272103,-0.002357899999651636
67.339325,0.004252100000257997,-0.0023158999996667263,-0.002255614861400136,-0.0013604174821911829,-0.0039078999996036146
67.359325,-0.0039078999996036146,-0.00200389999968138,-0.0019336967000540594,-0.0018639606057397743,-0.0039078999996036146
67.379325,-0.0039078999996036146,0.00021210000031715026,-0.0014643583673524477,-0.0015471540789561138,0.0019221000002289657
67.399325,0.0019221000002289657,-0.0024318999996921775,-0.0008980253604206879,-0.001783168064968892,-0.0039078999996036146
67.419325,0.002702100000306018,-0.0007998999997198553,-0.00030689841168100884,-0.00029086037266319933,0.0019221000002289657
67.439324,-0.008967899999788642,-6.1899999718662e-05,0.00021387854739749802,0.00012233310052375845,0.0019221000002289657
67.459324,0.004252100000257997,0.0008321000002979417,0.0005580841540127953,0.0005387666669553497,0.002702100000306018
67.479324,-0.00021789999959764828,0.00036410000029718503,0.0006421676371163988,0.0008165988347994505,0.00036210000030223455
67.499324,0.006392100000311984,0.0009101000003283843,0.00045471648360732007,0.001002892541114659,0.00036210000030223455
67.519324,0.00036210000030223455,0.0009101000003283843,9.234702419270694e-05,0.00019349860171787755,0.00036210000030223455
67.539324,-0.006237899999632646,0.0007941000003029331,-0.0002518718879688598,-1.4473426260141206e-05,0.00036210000030223455
67.559324,0.004252100000257997,-0.0018498999997063948,-0.0003548637560993791,-0.0006525386943410471,-0.0007978999997249048
67.579323,-0.0007978999997249048,-0.0010718999997152423,-5.697316926745089e-05,-0.0002544034962199266,-0.0007978999997249048
67.599323,-0.0068278999997346546,0.0019201000002794899,0.0006614102449098614,0.00019172703990944732,0.004252100000257997
67.619323,0.004252100000257997,0.0011421000002883376,0.001656252229406825,0.0013856664338475363,0.00036210000030223455
67.639323,0.008722100000341015,0.0021521000002849176,0.002662796974874689,0.0032991163172948067,0.004252100000257997
67.659322,0.00036210000030223455,0.0037861000002976652,0.0033868765456639763,0.0028862724944783463,0.004252100000257997
67.679322,0.004252100000257997,0.004214100000308463,0.0036025088912870293,0.0043285568767577045,0.004252100000257997
67.699322,0.0013421000003290828,0.0019981000003099327,0.00321746066595141,0.0033078109560231448,0.0013421000003290828
67.719322,0.006392100000311984,0.002310100000295279,0.002292848206049202,0.0017609111891132162,0.0019221000002289657
67.739322,-0.002357899999651636,0.00021210000031715026,0.0010218435172281558,0.0008106547788571517,0.0013421000003290828
67.759321,0.0019221000002289657,0.0007941000003029331,-0.0003219836213764061,0.00045291585112306257,0.0019221000002289657
67.779321,-0.006237899999632646,-0.0012658999996801867,-0.0014537249804750657,-0.0013600445218181043,-0.002357899999651636
67.799321,0.004252100000257997,-0.001731899999685993,-0.002147691506166687,-0.002323960605727446,-0.0039078999996036146
67.819321,-0.0039078999996036146,-0.002897899999652509,-0.0022955617087826695,-0.0026897881115508925,-0.0039078999996036146
67.83932,-0.004687899999680667,-0.0015758999996705824,-0.0019426999743873974,-0.002585778787547642,-0.0039078999996036146
67.85932,-0.0039078999996036146,-0.0020418999996763888,-0.0012912702886404995,-0.0011145666663404399,-0.0039078999996036146
67.87932,0.000372100000276987,-0.001613899999711066,-0.0006546833139771196,-0.0007722589740701772,-0.0017678999997770006
67.89932,0.0019221000002289657,0.000718100000267441,-0.000359139795796409,-0.00011755034938104445,0.000372100000276987
67.91932,-0.0017678999997770006,-0.0002918999997746141,-0.0006178436937033484,0.00027764778576590786,0.000372100000276987
67.93932,0.006972100000211867,1.810000021578162e-05,-0.0014301730013008193,-0.0010966878785852326,0.0019221000002289657
67.959319,-0.00895789999981389,-0.0028978999997889333,-0.0025583017491509863,-0.0024002310021137424,-0.0017678999997770006
67.979319,0.0019221000002289657,-0.003791899999760062,-0.003603265006147563,-0.004483680885539382,-0.006237899999632646
67.999319,-0.012657899999794608,-0.0052298999997219655,-0.004155333262061026,-0.004459112120955266,-0.006237899999632646
68.019319,-0.006237899999632646,-0.0037918999997145876,-0.0039539029995485165,-0.0036151960370015977,-0.0017678999997770006
68.039318,-0.00021789999959764828,-0.002897899999697984,-0.002983976867684168,-0.003368482750272541,-0.0017678999997770006
68.059318,-0.0017678999997770006,-0.0004098999996585917,-0.0014687945938284682,-0.0018165713283440014,-0.00021789999959764828
68.079318,0.006392100000311984,0.0004841000003125373,0.0002264745337603819,-0.00042766689943861847,-0.00021789999959764828
68.099318,-0.00021789999959764828,0.0007961000002978836,0.001724047824179888,0.0029332888115074012,-0.00021789999959764828
68.119318,-0.0017678999997770006,0.0034401000003072115,0.0027400853196809906,0.004256598834799015,0.0013421000003290828
68.139318,0.0013421000003290828,0.0030121000002964137,0.003145083950636323,0.0031492328674198296,0.0013421000003290828
68.159317,0.011452100000269638,0.003130100000271341,0.002982607702768378,0.0020433121214986473,0.0013421000003290828
68.179317,0.004252100000257997,0.001692100000263963,0.0024492910745310976,0.0017914240095712598,0.0013421000003290828
68.199317,0.000372100000276987,0.0018081000002439396,0.001826363487879182,0.0015062724944130404,0.0019221000002289657
68.219317,-0.00895789999981389,0.0009121000002323854,0.0013677009442870497,0.001669908858044369,0.0019221000002289657
68.239316,0.0019221000002289657,-0.00040989999974954116,0.001190985288775953,0.0006079741261131584,0.000372100000276987
68.259316,0.006972100000211867,0.0009101000002374349,0.0012375611544212049,0.0006028459209915406,0.0019221000002289657
68.279317,-0.002357899999651636,0.002658100000280683,0.001329536726904382,0.0014403284385040354,0.0019221000002289657
68.299316,0.006972100000211867,0.0031241000002864895,0.0012893066021105932,0.0026927993009821676,0.004252100000257997
68.319316,-0.00021789999959764828,0.000948100000323393,0.0010515437160890562,0.002735806294021031,-0.00021789999959764828
68.339315,0.004252100000257997,0.0018041000002995133,0.0007088156960287173,0.0004486268068448466,0.0019221000002289657
68.359315,-0.0039078999996036146,-0.000371899999663583,0.00047000446832531006,-0.000581489743262654,-0.00021789999959764828
68.379315,0.0019221000002289657,-0.00025389999968865594,0.0005531752373627974,-0.00016727062905052474,0.000372100000276987
68.399315,-0.0039078999996036146,-0.00013589999966825416,0.001066162930443821,6.746130569032917e-05,0.000372100000276987
68.419315,0.000372100000276987,0.0019241000003148655,0.001936107640795494,0.0024485568767855757,0.0019221000002289657
68.439315,0.004842100000360006,0.0032841000003372756,0.002927429984467491,0.003094431002665695,0.004842100000360006
68.459314,0.006392100000311984,0.00503410000033,0.003743144045102268,0.004681773659985836,0.004842100000360006
68.479314,0.008722100000341015,0.004606100000319202,0.004157790618771358,0.004034687412914677,0.004842100000360006
68.499314,0.004842100000360006,0.004178100000308405,0.004110082054421343,0.004791307459515514,0.004842100000360006
68.519314,-0.0017678999997770006,0.002856100000326478,0.0037069856990097666,0.003823988112217861,0.002702100000306018
68.539314,0.002702100000306018,0.002390100000320672,0.0031459160417744575,0.0018050137532480642,0.002702100000306018
68.559313,-0.00021789999959764828,0.001378100000329141,0.002609567733069811,0.001566062704292918,-0.00021789999959764828
68.579313,0.006392100000311984,0.0018061000003399385,0.0021950426620084298,0.00250830046652461,0.000372100000276987
68.599313,-0.00021789999959764828,0.003128100000321865,0.001906139813177966,0.0029074379956497715,0.000372100000276987
68.619313,0.000372100000276987,0.0037121000003025985,0.0016957957976042348,0.00259221655043871,0.002702100000306018
68.639313,0.00931210000021565,0.0010681000002932706,0.0015217022489000154,0.0010382771564809577,0.000372100000276987
68.659312,0.002702100000306018,0.000640100000282473,0.0013765859983253465,0.0010397456879267012,0.000372100000276987
68.679312,-0.0068278999997346546,0.0009501000002728688,0.0012726090088431199,0.0008587433569165392,0.0019221000002289657
68.699312,-0.002357899999651636,0.0004821000002721121,0.001195105480214004,0.0012162491844006267,0.0019221000002289657
68.719312,0.0019221000002289657,0.0003261000002567016,0.0010734596753757847,0.0007497223778771867,0.0019221000002289657
68.739311,0.006972100000211867,0.0013381000002482325,0.000809353873441886,0.001414197902339301,0.0019221000002289657
68.759311,0.0019221000002289657,0.001884100000233957,0.0003514696353917594,0.00016673869487660053,0.0019221000002289657
68.779311,-0.0017678999997770006,0.0015741000002435612,-0.00024062351125014595,0.0006483703965176803,0.000372100000276987
68.799311,0.000372100000276987,-0.0028178999997180653,-0.0007969237868596479,-0.0008111400929639028,0.000372100000276987
68.819311,0.000372100000276987,-0.0014578999996956554,-0.001109120155686723,-0.001219298601090977,0.000372100000276987
68.839311,-0.014987899999596266,-0.001147899999659785,-0.001033581306071977,-0.0020496482514207725,0.000372100000276987
68.85931,0.008722100000341015,-0.000371899999663583,-0.0005643556636518611,-0.0009513498831037826,0.000372100000276987
68.87931,-0.00021789999959764828,-0.0009178999996493076,0.00016685454525187373,-0.0001321191138563163,-0.00021789999959764828
68.89931,0.004252100000257997,0.0030481000003419467,0.0009600621723317998,0.001995176923427738,0.004252100000257997
68.91931,-0.002357899999651636,0.0018441000003349473,0.001639767419859505,0.0025850836833127217,0.002702100000306018
68.93931,0.004842100000360006,0.0032821000002968503,0.002120135594270729,0.003295153613358538,0.004252100000257997
68.959309,0.002702100000306018,0.0010661000002983201,0.002417655493188375,0.0011055498837454904,0.002702100000306018
68.979309,0.006972100000211867,0.002078100000289851,0.002613402746492418,0.0020162025643790937,0.002702100000306018
68.999309,-0.0068278999997346546,0.001960100000269449,0.0027843907781654326,0.0012183703965504037,0.002702100000306018
69.019309,0.002702100000306018,0.002270100000259845,0.0029391307990090853,0.003103848252017827,0.004252100000257997
69.039308,0.004252100000257997,0.001416100000278675,0.0030000573047158615,0.0034110743592272365,0.002702100000306018
69.059308,0.004252100000257997,0.005072100000279534,0.002854984885686907,0.003999722377885277,0.004252100000257997
69.079308,0.002702100000306018,0.00417810000026293,0.0024538210729355653,0.0022707946389882465,0.004252100000257997
69.099308,0.011452100000269638,0.0025461000002906077,0.0018886159658062132,0.002960048718249037,0.002702100000306018
69.119308,-0.0017678999997770006,0.0004481000003124791,0.0013948945385878425,0.0017029391611375609,-0.0017678999997770006
69.139308,-0.0039078999996036146,0.0017701000002944057,0.001254448045459824,0.0006159461541344901,-0.0017678999997770006
69.159307,-0.006237899999632646,0.00013610000028165813,0.0016439830310755006,0.0006770883452786642,-0.0017678999997770006
69.179307,0.00931210000021565,0.0008741000002828514,0.0025180421320930247,0.0013703517485254058,0.0019221000002289657
69.199307,0.003282100000205901,0.0034001000002717775,0.0035994294886531903,0.0025036850818540967,0.003282100000205901
69.219307,0.0019221000002289657,0.00604210000024068,0.004485332751800453,0.005900631468793737,0.006972100000211867
69.239306,0.008722100000341015,0.005458100000259947,0.004815514112665408,0.007320561538714801,0.006392100000311984
69.259306,0.006972100000211867,0.00534210000027997,0.004426355163493064,0.005097251515412188,0.006392100000311984
69.279306,0.006392100000311984,0.004020100000298043,0.003424761187493854,0.0015951536133517207,0.006392100000311984
69.299306,0.002702100000306018,0.00017210000028171634,0.002145640611859851,0.0016937083919014765,0.002702100000306018
69.319306,-0.004687899999680667,-0.00025389999968865594,0.0010053604172358703,0.0008299787881848432,0.002702100000306018
69.339305,-0.01051789999974062,0.0003301000002920773,0.00032007867138261,-0.0002928650346596208,0.002702100000306018
69.359305,0.004842100000360006,-0.00025389999968865594,0.0001862455789267635,1.1796970005939863e-05,-0.00021789999959764828
69.379305,0.00931210000021565,0.0010681000002932706,0.00048688454968272044,0.0003423797205729135,0.0019221000002289657
69.399305,-0.00021789999959764828,0.0035561000002871878,0.001004383005638205,0.0019842445224174665,0.0019221000002289657
69.419305,0.0019221000002289657,0.002662100000270584,0.0015537900967357106,0.003588813286984885,0.0019221000002289657
69.439304,0.0019221000002289657,0.0016501000002790533,0.0020543195408344777,0.0018981139862976853,0.0019221000002289657
69.459304,0.000372100000276987,0.0016501000002790533,0.002514980475932919,0.0015513074594901255,0.0019221000002289657
69.479304,0.004252100000257997,0.0007941000003029331,0.00296587285217859,0.001712309790511562,0.000372100000276987
69.499304,-0.00021789999959764828,0.003904100000318067,0.0033878179938918967,0.0035550370632520664,0.000372100000276987
69.519304,-0.002357899999651636,0.003592100000332721,0.0036847375297245654,0.003232519580753319,-0.00021789999959764828
69.539303,0.017472100000304636,0.003476100000352744,0.003716912443661281,0.004082309790548792,-0.00021789999959764828
69.559303,-0.0011878999996497441,0.003166100000316874,0.0033762871706929393,0.0033071815854213327,-0.0011878999996497441
69.579303,0.003672100000358114,0.004606100000319202,0.002656436562929479,0.0034802585084863463,0.003672100000358114
69.599303,-0.0017678999997770006,0.00017410000032214157,0.0016749080139740965,0.0020196524478631977,-0.0011878999996497441
69.619303,0.004842100000360006,0.0012621000003036897,0.000640578746631465,0.00033067808888704534,0.003672100000358114
69.639302,-0.004687899999680667,-0.0011478999997052597,-0.00021106337753711173,-0.0012645200463148514,-0.0017678999997770006
69.659302,0.004252100000257997,5.610000030173978e-05,-0.0006865065392454448,0.0003787899769696849,0.004252100000257997
69.679302,-0.008377899999686633,-6.1899999718662e-05,-0.0006866796520842357,-0.0006287391605687407,0.004252100000257997
69.699302,0.004252100000257997,0.0005221000002620712,-0.00023106701778354775,-0.00043368088549943195,0.004252100000257997
69.719302,0.004252100000257997,-0.0007998999997198553,0.0005500400228182128,0.00035233310051494416,-0.0017678999997770006
69.739301,-0.0017678999997770006,0.0018441000002894724,0.0014471563894573605,0.000976738694921903,0.004252100000257997
69.759301,-0.002357899999651636,0.00227210000030027,0.0022150357336404715,0.002057904196090451,0.004252100000257997
69.779301,0.004842100000360006,0.0010681000002932706,0.0026249085195914983,0.0034150603732662575,-0.0017678999997770006
69.799301,0.006392100000311984,0.003166100000316874,0.0025279029838072265,0.002588277156488062,0.004842100000360006
69.819301,-0.0017678999997770006,0.002856100000326478,0.0019176688240334064,0.0015682305364499776,0.004842100000360006
69.839301,0.008722100000341015,0.0015341000002990768,0.0009606357378271285,0.0013416804199004955,-0.0017678999997770006
69.8593,-0.0039078999996036146,-0.0009918999996898492,-3.584541982785129e-05,0.0001668086250232049,-0.0017678999997770006
69.8793,-0.0017678999997770006,-9.789999967324547e-05,-0.000719466822877635,-0.0010994151511985587,-0.0017678999997770006
69.8993,-0.006237899999632646,-0.001573899999675632,-0.0008186101642409918,-0.0009042170160008733,-0.0017678999997770006
69.9193,0.002702100000306018,5.810000029669027e-05,-0.00024192657881300266,0.00039361515183110047,0.0013421000003290828
69.939299,0.0013421000003290828,0.0012621000003036897,0.0008923562260283034,-0.0001710235428225835,0.002702100000306018
69.959299,0.004252100000257997,0.0030501000002914223,0.0023025961939733036,0.0019993727275530574,0.002702100000306018
69.979299,0.004252100000257997,0.0025841000002856163,0.003633993094064241,0.004150072028253898,0.002702100000306018
69.999299,0.002702100000306018,0.00417810000026293,0.004553227263147814,0.005228859907022205,0.004252100000257997
70.019299,0.000372100000276987,0.005072100000279534,0.004825106980489975,0.004705363403541992,0.004252100000257997
70.039298,0.00931210000021565,0.003750100000297607,0.0043677058349188775,0.004436738694929274,0.002702100000306018
70.059299,0.008722100000341015,0.003166100000316874,0.003282448205881929,0.0025248272730552714,0.000372100000276987
70.079298,-0.002357899999651636,0.0026201000003311494,0.0018425020484654474,0.0019187899770285362,-0.00021789999959764828
70.099298,-0.00021789999959764828,-2.389999963270384e-05,0.00042444438853722724,0.0003921233103716457,-0.002357899999651636
70.119298,-0.002357899999651636,-0.0009178999996493076,-0.000603025147023181,-2.309813484717416e-05,-0.002357899999651636
70.139297,-0.0039078999996036146,-0.0009178999996493076,-0.000988662645457861,-0.0012701377618765132,-0.002357899999651636
70.159297,0.004252100000257997,0.0004041000003326189,-0.0006608947189929649,-0.0008220958038442526,-0.002357899999651636
70.179297,-0.002357899999651636,0.0008321000003434165,0.00027365439076820064,0.0009410743593083904,-0.00021789999959764828
70.199297,0.006392100000311984,0.002154100000325343,0.0015780927541344317,0.001485013753238183,0.002702100000306018
70.219297,-0.00021789999959764828,0.002154100000325343,0.002948506512900557,0.002517787646020697,0.002702100000306018
70.239296,0.002702100000306018,0.003360100000327293,0.0040716512664108985,0.003964664102875235,0.003672100000358114
70.259296,0.004252100000257997,0.003360100000327293,0.0046765971042675705,0.0039218202800473615,0.003672100000358114
70.279296,0.003672100000358114,0.004798100000289196,0.004590032724701977,0.005677647785866345,0.004252100000257997
70.299296,0.006392100000311984,0.004214100000308463,0.003794661970332067,0.003773708391898132,0.004252100000257997
70.319296,0.006972100000211867,0.0037481000003026566,0.002467924052340197,0.0025460627042455685,0.003672100000358114
70.339296,-0.00021789999959764828,0.0007541000002674991,0.0009654717810087383,0.0012314939396726133,0.0019221000002289657
70.359295,0.0019221000002289657,-0.0005678999997144274,-0.00027157285107913244,-0.000368715850532525,-0.00021789999959764828
70.379295,-0.011297899999817673,-0.0011118999997052014,-0.0008654946721433795,-0.0015224687642721737,-0.00021789999959764828
70.399295,-0.00021789999959764828,-0.0011118999997052014,-0.0006443669839876388,-0.0006733312351282627,-0.00021789999959764828
70.419295,0.004252100000257997,-0.0005278999996789935,0.0002936892225397493,-0.0005098580416342519,-0.00021789999959764828
70.439295,-0.00021789999959764828,0.0035941000003276713,0.001627588125616662,0.0019389298371360983,0.004252100000257997
70.459294,0.004842100000360006,0.003166100000316874,0.0029452863326587487,0.003621237529462416,0.004252100000257997
70.479294,0.00931210000021565,0.004178100000308405,0.003896120833099605,0.004869675757891595,0.004842100000360006
70.499294,-0.002357899999651636,0.004490100000293751,0.004300332720280118,0.004557950816147538,0.004842100000360006
70.519294,0.00931210000021565,0.003596100000277147,0.004181563217860393,0.0036379974361842476,0.0013421000003290828
70.539294,0.0013421000003290828,0.0030121000002964137,0.0037239810889730445,0.003591960140131742,0.0013421000003290828
70.559293,0.000372100000276987,0.003130100000271341,0.0031823701885887543,0.0025486734268587094,0.0013421000003290828
70.579293,0.006392100000311984,0.0022361000003002117,0.0027836013657399216,0.0021811675993675386,0.0013421000003290828
70.599293,-0.0017678999997770006,0.0025081000002955987,0.002653394464845043,0.002977251515433841,0.002702100000306018
70.619292,0.004842100000360006,0.0032841000002918007,0.0027885764797029545,0.002690817949015888,0.004252100000257997
70.639292,0.002702100000306018,0.0028561000002810034,0.0030776545665622246,0.003569279487468602,0.004252100000257997
70.659292,0.004252100000257997,0.004178100000308405,0.003356461664697782,0.0036565055947071585,0.004252100000257997
70.679292,0.004252100000257997,0.0032841000002918007,0.003474750067314016,0.003416155944342102,0.004252100000257997
70.699292,0.004842100000360006,0.0032841000002918007,0.003347631640580052,0.0033913074595081226,0.004252100000257997
70.719292,0.000372100000276987,0.002818100000285995,0.002974737962766582,0.002849116317313158,0.002702100000306018
70.739291,0.002702100000306018,0.0019241000003148655,0.0024264001164643343,0.0024694193476080943,0.0019221000002289657
70.759291,0.0019221000002289657,0.0018061000002944638,0.001810954806867156,0.0012657130539070944,0.0019221000002289657
70.779291,-0.00021789999959764828,0.0013781000002836663,0.0012414665017711768,0.0013740114222092305,0.0019221000002289657
70.799291,0.004252100000257997,0.0007941000003029331,0.0008127485838816938,0.0010619601401656287,-0.00021789999959764828
70.819291,-0.0017678999997770006,0.001378100000329141,0.0005887627788614118,0.0009287200469407488,-0.00021789999959764828
70.83929,-0.00021789999959764828,0.0009501000003183435,0.0005952573699684027,0.000586179254410414,-0.00021789999959764828
70.85929,0.004842100000360006,0.00017410000032214157,0.0008145669452708539,0.00032699510522290055,-0.00021789999959764828
70.87929,-0.002357899999651636,0.0010681000003387453,0.0011839290146325708,0.0009133354315536352,0.000372100000276987
70.89929,0.000372100000276987,0.0014961000003040682,0.001601854182452841,0.0019341279723421173,0.0019221000002289657
70.91929,0.002702100000306018,0.0018061000002944638,0.001948717622468418,0.0025556198138092893,0.0019221000002289657
70.939289,0.0019221000002289657,0.002934100000265971,0.002123951869168835,0.00142790419607247,0.002702100000306018
70.959289,0.006392100000311984,0.0019221000002744403,0.0020890963571457764,0.0017869951051657275,0.002702100000306018
70.979289,0.003282100000205901,0.0013381000002937072,0.0018925223584093328,0.002809862238062784,0.0019221000002289657
70.999289,-0.004687899999680667,0.002698100000316117,0.0016553861849887034,0.001554244522467474,0.003282100000205901
71.019289,-0.00021789999959764828,0.0013761000003341905,0.0015227996548507227,0.0017105149187307623,-0.00021789999959764828
71.039288,0.008722100000341015,0.00036610000033761026,0.0016079355320615634,0.001024827273066092,-0.00021789999959764828
71.059288,-0.00021789999959764828,0.002894100000321487,0.0019553149019855636,0.0016237783220128105,-0.00021789999959764828
71.079288,-0.0017678999997770006,0.002894100000321487,0.0025288330510400384,0.0031330090912242946,-0.00021789999959764828
71.099288,0.007952100000238715,0.0030121000002964137,0.0032181499486529414,0.003663172261366004,-0.00021789999959764828
71.119288,-0.00021789999959764828,0.0034401000002617366,0.0038608111263949982,0.002739162937337398,0.0019221000002289657
71.139287,0.00931210000021565,0.003750100000297607,0.004279018653423919,0.004178230536418694,0.0019221000002289657
71.159287,0.0019221000002289657,0.003438100000312261,0.004323166531089766,0.005235526573719212,0.0019221000002289657
71.179287,-0.00021789999959764828,0.005654100000310791,0.003911057657890046,0.0041479041961365905,0.006392100000311984
71.199287,0.006392100000311984,0.0021161000003303344,0.0030559355242870045,0.0021008412590871207,0.0019221000002289657
71.219287,0.010862100000395003,0.0009501000003638183,0.0018771489115962047,0.001659069697306775,-0.00021789999959764828
71.239287,-0.008377899999686633,0.0010681000003387453,0.0005820826584814206,0.0005464123546575245,0.000372100000276987
71.259286,-0.0039078999996036146,0.00017410000032214157,-0.0005854353230422231,-0.00011929860106976178,0.000372100000276987
71.279286,0.000372100000276987,-0.0019238999997014616,-0.001410351363093487,-0.00023349440529790466,0.000372100000276987
71.299286,0.0019221000002289657,-0.0011858999997002683,-0.0017517714896326767,-0.002395988577790339,0.000372100000276987
71.319286,0.000372100000276987,0.00013610000028165813,-0.001556287816947753,-0.002369997901811222,0.000372100000276987
71.339286,-0.004687899999680667,-0.0011858999997002683,-0.0008575667951213926,-5.4683216487133156e-05,0.000372100000276987
71.359285,0.002702100000306018,-0.00029189999968366466,0.0002188116849123811,0.0004789997672137343,0.000372100000276987
71.379285,-0.006237899999632646,0.0006021000003329391,0.0014528818377262333,0.0007387666670031967,0.002702100000306018
71.399285,0.006392100000311984,0.0025081000003410736,0.0025567399462749964,0.0015119135201458256,0.004842100000360006
71.419285,0.004842100000360006,0.0023521000003256633,0.00324524576838993,0.003898393706618453,0.004842100000360006
71.439284,0.004842100000360006,0.004450100000303792,0.003333451660506554,0.00450009533830457,0.004842100000360006
71.459284,0.0019221000002289657,0.004140100000313396,0.0028163052492098206,0.0031120533802584203,0.004842100000360006
71.479284,0.004252100000257997,0.0014961000003040682,0.001886853079224776,0.0016052701634909601,0.004252100000257997
71.499284,0.004842100000360006,-0.00025389999968865594,0.0008752088763135838,8.08878791158645e-05,0.0019221000002289657
71.519284,-0.008377899999686633,-0.0006818999996539788,0.00012567578231549714,-8.223566401082818e-05,-0.00021789999959764828
71.539284,-0.0039078999996036146,0.00033010000033755204,-0.00013812536300837264,-0.00032794661972206443,-0.00021789999959764828
71.559283,-0.00021789999959764828,-0.0005638999996790516,0.00010561975224564284,-0.00011211911388455081,-0.00021789999959764828
71.579283,0.00931210000021565,0.0011861000003136723,0.0006933009535971158,0.000793568531790723,0.000372100000276987
71.599283,0.000372100000276987,0.0025081000002955987,0.0013757982162591806,0.0013827526809384902,0.000372100000276987
71.619283,0.000372100000276987,0.003402100000266728,0.0019385919449335031,0.00315300909118493,0.002702100000306018
71.639282,0.002702100000306018,0.0011861000002681976,0.0022793141307604634,0.002911983450153539,0.000372100000276987
71.659282,0.004252100000257997,0.0020801000002848014,0.002419828128164182,0.002311680419856132,0.002702100000306018
71.679282,-0.0017678999997770006,0.0025461000002906077,0.002467094243723308,0.0011345941727800507,0.002702100000306018
71.699282,0.004842100000360006,0.002390100000275197,0.0025510533233973356,0.002632706060886945,0.002702100000306018
71.719282,0.002702100000306018,0.0019241000002693908,0.0027658582434492473,0.0026209111890911118,0.0019221000002289657
71.739281,0.0019221000002289657,0.003828100000282575,0.0031325758723791007,0.00299692517509228,0.002702100000306018
71.759281,0.0019221000002289657,0.0032441000002563667,0.003591496903771264,0.004142030070181893,0.0019221000002289657
71.779281,0.0077521000002889195,0.004100100000232487,0.004023401152792735,0.004171657109798263,0.0019221000002289657
71.799281,0.0019221000002289657,0.004568100000233244,0.0042908361088098805,0.003612892541016594,0.004262100000232749
71.819281,0.00698210000018662,0.003714100000252074,0.004282822311580061,0.004689885548028482,0.004262100000232749
71.83928,0.004262100000232749,0.003442100000256687,0.003945412419490429,0.004170025408196122,0.004262100000232749
71.85928,-0.0023478999996768835,0.004026100000282895,0.00328987709315334,0.0037984403266306957,0.004842100000360006
71.87928,0.006392100000311984,0.0016921000003094378,0.002383388860338444,0.0013407013988916154,0.004262100000232749
71.89928,0.004842100000360006,0.0009141000003182853,0.0013322421874487657,0.0006837783219946815,0.000372100000276987
71.91928,-0.004687899999680667,2.0100000301681576e-05,0.0002620355790146232,0.0003030324012454354,0.000372100000276987
71.93928,0.000372100000276987,-0.00028989999968871417,-0.000704772186138971,2.4803963003944274e-05,0.000372100000276987
71.95928,-0.006817899999759902,-0.0008738999997149222,-0.0014667860047157457,-0.0007140538458625405,0.000372100000276987
71.979279,0.004842100000360006,-0.0011838999997053179,-0.0019456486728139516,-0.0024452892770815775,0.000372100000276987
71.999279,0.0019221000002289657,-0.0020398999996814383,-0.002074761393080405,-0.0022585993003801097,-0.0039078999996036146
72.019279,-0.006237899999632646,-0.0007198999996489875,-0.0017972205064543281,-0.0013097648015322958,-0.00021789999959764828
72.039279,-0.0039078999996036146,-0.001147899999659785,-0.0010913533563035095,-0.0008567111884602231,-0.00021789999959764828
72.059278,-0.00021789999959764828,-0.0009918999996443745,-1.1640941420517482e-05,-0.0001585993003422578,-0.00021789999959764828
72.079278,0.002702100000306018,0.0012241000003541558,0.0012902843958693493,0.000848813287060301,0.002702100000306018
72.099278,0.002702100000306018,0.002546100000336082,0.002588599351879926,0.0018579275061771556,0.002702100000306018
72.119278,0.004842100000360006,0.004336100000318766,0.003642578123276497,0.004101983450217301,0.002702100000306018
72.139278,0.002702100000306018,0.0033261000003221852,0.004263775410300598,0.0052052468534608196,0.002702100000306018
72.159277,0.008732100000315768,0.0045321000003241355,0.004363751464789446,0.004533358741556602,0.004842100000360006
72.179277,-0.0023478999996768835,0.003948100000297927,0.003968196182458574,0.0031597456879617586,0.002702100000306018
72.199277,0.008732100000315768,0.00247010000030059,0.0031976264485122606,0.002191354079559041,0.0019221000002289657
72.219277,0.0019221000002289657,0.0006801000003179069,0.0022252498900807638,0.002190561538756842,-0.00021789999959764828
72.239277,-0.004687899999680667,0.0020021000002998337,0.0012284465480277285,0.002023451981673279,0.0019221000002289657
72.259276,-0.00021789999959764828,0.0012241000003086811,0.00035305592545677004,0.0005799088581187484,0.0019221000002289657
72.279276,0.004262100000232749,5.8100000342165006e-05,-0.00029505285861795003,0.00027830046652506195,-0.00021789999959764828
72.299276,0.004842100000360006,-5.7899999683286295e-05,-0.0006365411883677638,-0.001418715850487055,-0.00021789999959764828
72.319276,-0.0039078999996036146,-5.7899999683286295e-05,-0.0006118299136663933,-0.0005723988341681967,-0.00021789999959764828
72.339275,-0.0052678999998079235,-0.000525899999684043,-0.000205143091809667,0.0006274846156894006,-0.00021789999959764828
72.359275,-0.00021789999959764828,-0.0004098999997040664,0.0005134766394475736,0.00061077132894676,-0.00021789999959764828
72.379275,0.0019221000002289657,0.0012241000002632062,0.0013712664172724615,9.629580448064859e-05,0.0019221000002289657
72.399275,0.0054221000002598885,0.0023521000002801884,0.002131233006627359,0.0014619834501488939,0.0019221000002289657
72.419275,0.004262100000232749,0.0023521000002801884,0.002573180747892307,0.0029776477858360012,0.0019221000002289657
72.439274,0.000372100000276987,0.003246100000296792,0.0025740743267000494,0.004173568531788601,0.004262100000232749
72.459275,-0.00021789999959764828,0.002118100000325285,0.0021503155624640205,0.0023269018651022183,0.000372100000276987
72.479274,0.006392100000311984,0.001650100000324528,0.0014513273283491672,0.0007796291378488914,0.000372100000276987
72.499274,-0.00021789999959764828,-0.00021589999969364725,0.0007132164037752837,-0.0002602776220760419,-0.00021789999959764828
72.519274,0.0019221000002289657,0.000368100000287086,0.00018579266705076898,7.002540822728795e-05,0.0019221000002289657
72.539274,-0.00895789999981389,-5.7899999728761034e-05,5.12624773296817e-05,0.0008725428907135629,0.0019221000002289657
72.559273,0.002702100000306018,0.0009541000002627698,0.00036473024782062986,0.0008249205130810383,0.002702100000306018
72.579273,0.004262100000232749,0.0009541000002627698,0.0010461651596812176,0.0001875079256803149,0.002702100000306018
72.599273,0.004842100000360006,0.002702100000306018,0.0019256847387335728,0.002183941492125419,0.002702100000306018
72.619273,0.0019221000002289657,0.002702100000306018,0.0028093559365502912,0.0028493027975102976,0.002702100000306018
72.639272,-0.00021789999959764828,0.0035961000003226218,0.0035272633729935532,0.003696016084237146,0.002702100000306018
72.659272,0.002702100000306018,0.002702100000306018,0.00395341757268967,0.004338836597055461,0.0019221000002289657
72.679272,0.008732100000315768,0.003286100000332226,0.004014344252193555,0.0037214706296936763,0.002702100000306018
72.699272,0.000372100000276987,0.00507610000031491,0.0037020271801099717,0.0029443610725760874,0.004842100000360006
72.719271,0.004842100000360006,0.002860100000316379,0.003086382075720452,0.003143941492174674,0.004842100000360006
72.739272,0.008732100000315768,0.0013441000003240333,0.0023094957092309703,0.0029877410259689496,0.0011521000003540394
72.759271,-0.008377899999686633,0.002238100000340637,0.0015507289418895053,0.0015238249420536742,0.004842100000360006
72.779271,0.0011521000003540394,0.0013441000003240333,0.0009721699684076836,0.00012163379985378304,0.0011521000003540394
72.799271,0.004842100000360006,-0.0007558999996945204,0.0006715689136718683,0.0012453634035754317,0.000372100000276987
72.819271,0.000372100000276987,0.0014601000003040098,0.0006665631493114737,0.0007917503499522208,0.0011521000003540394
72.83927,-0.0017678999997770006,0.0025081000002955987,0.0009108616948525753,0.0004823097905074502,0.002702100000306018
72.85927,0.002702100000306018,0.001070100000288221,0.001324720577845548,0.0023175778557699487,0.000372100000276987
72.87927,0.006392100000311984,0.001070100000288221,0.0018221952991578695,0.00134039836859571,0.000372100000276987
72.89927,-0.0023478999996768835,0.002702100000306018,0.0023257821507833786,0.002471773659955933,0.002702100000306018
72.91927,0.000372100000276987,0.002702100000306018,0.002767704682009101,0.0025888132870191287,0.002702100000306018
72.93927,0.006392100000311984,0.0028201000002809453,0.003087150997366553,0.0030529624711619387,0.002702100000306018
72.959269,0.002702100000306018,0.0025081000002955987,0.003235368746055755,0.003198300466490747,0.002702100000306018
72.979269,0.00698210000018662,0.0038301000002775253,0.003188538348346708,0.003074337762505523,0.006392100000311984
72.999269,-0.0039078999996036146,0.0030921000002763323,0.002955985792575077,0.0030609344991000594,0.002702100000306018
73.019269,0.00698210000018662,0.0021981000002597286,0.002575037830468237,0.002397671095849126,0.002702100000306018
73.039268,0.002702100000306018,0.0007581000003028749,0.002096737350267593,0.0018274846156812739,-0.00021789999959764828
73.059268,-0.0017678999997770006,0.0025081000002955987,0.0015722155485455318,0.001789279487490983,0.002702100000306018
73.079268,-0.00021789999959764828,0.0013801000003240914,0.0010466404852141858,0.001005782983998864,0.0013421000003290828
73.099268,0.004842100000360006,0.0004861000003074878,0.000563178947216349,0.0012027759909731099,-0.00021789999959764828
73.119267,0.0013421000003290828,0.0004861000003074878,0.0001719234096037775,9.342867163241494e-05,-0.00021789999959764828
73.139268,-0.0017678999997770006,0.0006041000002824148,-7.008015867975401e-05,-0.00013552237733578827,0.000372100000276987
73.159267,-0.0017678999997770006,-0.0002898999997341889,-0.00011822243015037363,-0.00044447342629175447,0.000372100000276987
73.179267,0.000372100000276987,-0.0010278999997353822,2.8923172554753097e-05,-0.00017104685289194538,-0.0017678999997770006
73.199267,0.000372100000276987,-0.00013389999971877842,0.00031065954133445894,8.046829864964282e-05,0.000372100000276987
73.219267,-0.0023478999996768835,0.0014981000002990187,0.0006161900225718561,0.0010093494175441033,0.000372100000276987
73.239266,0.002702100000306018,0.0013801000003240914,0.0008286649226838284,0.001264873893091783,0.000372100000276987
73.259266,0.006392100000311984,0.000952100000313294,0.0008822683793616897,0.0006241279723581924,-0.00021789999959764828
73.279266,-0.00021789999959764828,0.000952100000313294,0.0008002508042324881,0.0005863191145308406,-0.00021789999959764828
73.299266,-0.0017678999997770006,0.0004861000003074878,0.0006866886626928426,0.0010865289047184742,-0.00021789999959764828
73.319266,-0.0023478999996768835,0.0003701000002820365,0.0006727477229815272,0.0012900254082126572,-0.00021789999959764828
73.339266,0.000372100000276987,0.0009541000002627698,0.0008502824226820201,0.0007945009326783688,0.000372100000276987
73.359265,0.005812100000184728,0.0012641000002986402,0.001231169928605307,0.00012042167861716198,0.000372100000276987
73.379265,0.002702100000306018,0.0018081000002894143,0.0017450033269262942,0.0011037550119456102,0.000372100000276987
73.399265,-0.00021789999959764828,0.0016901000003144873,0.002259843690734508,0.002592333100548606,0.000372100000276987
73.419265,0.000372100000276987,0.0019241000003148655,0.002609150494986608,0.0032968552450505736,0.000372100000276987
73.439265,-0.00021789999959764828,0.002662100000316059,0.0026269085740871154,0.0024611442893533986,0.000372100000276987
73.459264,0.00698210000018662,0.0023521000002801884,0.0022009390376306905,0.0022895825177938816,0.000372100000276987
73.479264,0.006392100000311984,0.0014961000003040682,0.001334499717214299,0.0013710044291902195,-0.00021789999959764828
73.499264,-0.0017678999997770006,0.0016141000002789952,0.00017903795445873183,0.0007703284385086035,0.000372100000276987
73.519264,-0.0039078999996036146,-0.0014578999996956554,-0.000997883466597725,-0.000988739160523743,-0.0017678999997770006
73.539263,0.000372100000276987,-0.0027798999996775818,-0.0019080025945112096,-0.0022191587409373663,-0.0017678999997770006
73.559263,-0.008377899999686633,-0.0032078999996429046,-0.0023569660008973805,-0.0032447997665499013,-0.0039078999996036146
73.579263,-0.00021789999959764828,-0.0020418999996763888,-0.0023202336381951487,-0.00321633822810139,-0.00021789999959764828
73.599263,-0.0039078999996036146,-0.0020418999996763888,-0.0019424811646774768,-0.0019624454542181867,-0.00021789999959764828
73.619263,0.0019221000002289657,-0.0007198999996944622,-0.00146037417421045,-0.0007020025638167743,-0.00021789999959764828
73.639262,0.000372100000276987,-0.0002918999997291394,-0.0010851806703048045,0.00040958251775762315,0.000372100000276987
73.659262,-0.0017678999997770006,0.0008741000002373767,-0.0009010617167692977,0.0010398389280022163,0.0019221000002289657
73.679262,0.0019221000002289657,2.010000025620684e-05,-0.0008283044657392085,-0.0015106039624548165,0.000372100000276987
73.699262,0.0019221000002289657,-0.0017298999997365171,-0.0006732307502422672,-0.0020072240090819103,-0.0017678999997770006
73.719262,-0.0023478999996768835,-0.0024678999997377105,-0.00024995167988367664,-0.002249158741002076,-0.0023478999996768835
73.739261,-0.008377899999686633,-0.0009898999997403734,0.0004785100342110388,7.596946412241623e-05,-0.0023478999996768835
73.759261,-0.005457899999782967,0.000372100000276987,0.001319395020383042,0.00197993216810752,-0.0023478999996768835
73.779261,0.00931210000021565,0.0025881000002755173,0.0018986854038547988,0.002215060373245764,0.008732100000315768
73.799261,0.008732100000315768,0.003482100000292121,0.0018396296843356294,0.0025300487182608844,0.008732100000315768
73.819261,0.008732100000315768,0.002898100000311388,0.000978555351288671,0.0015584636366632165,0.008732100000315768
73.839261,-0.0039078999996036146,-0.00021189999965827156,-0.000516879765606013,0.00034704172526183884,-0.0039078999996036146
73.85926,-0.008377899999686633,-0.003749899999684203,-0.002206315367707029,-0.002347783449552154,-0.006237899999632646
73.87926,-0.006237899999632646,-0.005539899999666887,-0.003576962698344828,-0.004654426806185996,-0.006237899999632646
73.89926,-0.00895789999981389,-0.004917899999691144,-0.004265254063957552,-0.0055267344985226625,-0.006237899999632646
73.91926,-0.00021789999959764828,-0.0030118999996830097,-0.004181006786190853,-0.0053694617712468536,-0.0007978999997249048
73.93926,-0.0007978999997249048,-0.002855899999713074,-0.0034883178481753857,-0.0027034944053010218,-0.0007978999997249048
73.959259,0.0011521000003540394,-0.0011078999996698257,-0.002482445496477874,-0.00039787668966479036,-0.00021789999959764828
73.979259,-0.005457899999782967,-0.00021189999970374628,-0.0014450832297139542,-0.0007807904425811658,-0.00021789999959764828
73.999259,-0.00021789999959764828,-9.589999967829499e-05,-0.0005470132625425247,-0.00038661794839207425,-0.00021789999959764828
74.019258,0.004262100000232749,-0.0016898999997010833,0.00017626572547245378,-0.0005375736593747657,-0.00021789999959764828
74.039258,-0.00021789999959764828,0.0006801000003179069,0.0007866186253914138,0.00031128414949278024,-0.00021789999959764828
74.059258,-0.006817899999759902,0.0015761000002839864,0.0013713327282445372,0.000663545221746414,0.004262100000232749
74.079258,0.006392100000311984,0.0012641000002986402,0.0019735207000499033,0.0029828692310511543,0.002702100000306018
74.099258,0.004262100000232749,0.001692100000263963,0.002558170622168429,0.0018152934734509503,0.002702100000306018
74.119258,0.002702100000306018,0.0044521000002532675,0.0030244960870150204,0.002243172261344977,0.004262100000232749
74.139257,0.0019221000002289657,0.0019261000002643413,0.0032472602183059446,0.0034127293708870795,0.002702100000306018
74.159257,0.00698210000018662,0.0028201000002809453,0.003121703289912579,0.004314291142455376,0.002702100000306018
74.179257,-0.006237899999632646,0.0026641000002655345,0.002599170085802571,0.0021559927741555724,0.0019221000002289657
74.199257,0.008732100000315768,0.002354100000275139,0.0017129877787367329,0.0019248272730092485,0.0019221000002289657
74.219257,0.0019221000002289657,-0.00028989999968871417,0.0005929376827648441,1.506037326269409e-05,0.000372100000276987
74.239256,0.000372100000276987,0.0009161000003132358,-0.0005434911641871258,-0.00040855268031965745,0.000372100000276987
74.259256,-0.006237899999632646,-0.002077899999676447,-0.0014358206201072878,-0.001058063169833849,-0.00020789999962289585
74.279256,-0.00020789999962289585,-0.0011818999996648927,-0.0018545338195581403,-0.000860137761914716,-0.00020789999962289585
74.299256,-0.006237899999632646,-0.0016098999996756902,-0.0016734600937342076,-0.002641932633708116,-0.0017678999997770006
74.319256,0.006402100000286737,-0.0005998999996791099,-0.000907783882707957,-0.0014629582747364997,-0.0011878999996497441
74.339255,-0.0017678999997770006,-0.0001738999997087376,0.0002928327464373253,3.032843852984182e-05,-0.0011878999996497441
74.359255,-0.0011878999996497441,0.002354100000275139,0.001684082798207037,0.0021557596739437317,0.0019221000002289657
74.379255,0.0019221000002289657,0.002354100000275139,0.0029847047061664217,0.0035212841494550486,0.0019221000002289657
74.399255,0.006402100000286737,0.0039881000002878865,0.0039447375763644755,0.004841936830108749,0.006402100000286737
74.419255,0.006402100000286737,0.005078100000264385,0.0044141580503138335,0.0036085335666988356,0.006402100000286737
74.439255,0.006402100000286737,0.004534100000273611,0.004386881473974493,0.00420081794899254,0.006402100000286737
74.459254,0.004262100000232749,0.0029001000002608635,0.00399146627254824,0.003703242191398898,0.004262100000232749
74.479254,-0.0007978999997249048,0.0025881000002755173,0.00342329081297836,0.003317158275324603,0.004262100000232749
74.499254,-0.0017678999997770006,0.0021601000002647195,0.002850738924745472,0.0026417736599459608,0.004262100000232749
74.519255,0.004842100000360006,0.002276100000290171,0.0023493378063641,0.0023283703965612116,0.004262100000232749
74.539253,0.004262100000232749,0.002394100000310573,0.0019007297885050142,0.0015351303033421528,0.004262100000232749
74.559253,0.004842100000360006,0.002510100000336024,0.0014471352070157307,0.0018432888115187097,0.004262100000232749
74.579253,-0.00020789999962289585,0.0010721000003286463,0.0009544112868850406,0.0021271815854203057,-0.00020789999962289585
74.599253,-0.0011878999996497441,0.0007601000003433,0.0004390736744837866,0.0005879041961474312,-0.00020789999962289585
74.619252,-0.0023478999996768835,-0.0006778999996640778,-5.003197286767426e-05,-0.0006967111884735677,-0.0011878999996497441
74.639252,0.002702100000306018,-0.0015718999996806814,-0.00047085021698771076,-0.0016973405591036756,-0.0023478999996768835
74.659252,-0.0023478999996768835,-0.0007938999996895291,-0.000816190301007413,-0.0006897181815066963,-0.0023478999996768835
74.679252,-0.0046778999997059145,-0.0006778999997095525,-0.0011135994886797339,-0.0005529116547328671,-0.0017678999997770006
74.699252,0.002702100000306018,-0.0003658999997242063,-0.0013978430848989854,-0.0010166645685074378,-0.0017678999997770006
74.719252,-0.0017678999997770006,-0.0016878999997516075,-0.0016705763189942264,-0.0012802310020672317,-0.0017678999997770006
74.739251,0.004262100000232749,-0.0012218999997458014,-0.0018726628332211136,-0.00219992797176946,-0.0017678999997770006
74.759251,-0.00895789999981389,-0.001803899999731584,-0.0018942911429298502,-0.0017112799531154679,-0.0017678999997770006
74.779251,-0.0023478999996768835,-0.001803899999731584,-0.0016260917010153756,-0.0018811634029876506,-0.0017678999997770006
74.799251,-0.00020789999962289585,-0.0021158999997169304,-0.0010228160079051927,-0.0011412566430891733,-0.0017678999997770006
74.819251,-0.0017678999997770006,6.010000029164075e-05,-0.0001389834081258511,-0.0007911167829455661,-0.00020789999962289585
74.83925,0.002702100000306018,0.0019261000002643413,0.000885065852218412,0.0010576710958444828,0.0019221000002289657
74.85925,0.0019221000002289657,0.0014981000002535438,0.0018764231855370294,0.0033463890445695546,0.0019221000002289657
74.87925,0.00698210000018662,0.0038301000002775253,0.002691028933856365,0.0024117969699642464,0.002702100000306018
74.89925,-0.0023478999996768835,0.0028201000002809453,0.003251217623149975,0.0028310510492155884,0.0019221000002289657
74.91925,0.009892100000342907,0.002276100000290171,0.0035435305488981488,0.00346303240123324,-0.0007978999997249048
74.93925,-0.0023478999996768835,0.002626100000316001,0.0035849749636017326,0.003034267832485349,-0.0007978999997249048
74.959249,-0.0007978999997249048,0.0037541000003329826,0.003385059236519405,0.0033558529140736604,0.003292100000408027
74.979249,0.008732100000315768,0.0018501000003197988,0.0029339497725887256,0.002249955478183679,0.000372100000276987
74.999249,0.003292100000408027,0.0027041000003009685,0.002228619093006928,0.002434827273046115,0.0019221000002289657
75.019249,0.000372100000276987,0.0020821000003252267,0.0013182308056269903,0.0019008645690784245,0.0019221000002289657
75.039248,0.0019221000002289657,0.0008761000003232767,0.00033270319522200187,0.0014475312357522482,0.0019221000002289657
75.059248,-0.0039078999996036146,0.00029210000029706863,-0.0005300422126609617,0.00018028181849312258,0.000372100000276987
75.079248,0.002702100000306018,-0.0014578999996956554,-0.0010566580914746894,-0.002429182050976858,0.000372100000276987
75.099248,0.000372100000276987,-0.0014578999996956554,-0.0010916163196415334,-0.0018279699297774252,0.000372100000276987
75.119248,-0.008377899999686633,-0.0011458999997103092,-0.0006057164778092249,-0.000985429137244867,0.000372100000276987
75.139247,0.0019221000002289657,0.0001761000002716173,0.0002694369850881865,0.0005771349653195287,0.000372100000276987
75.159247,-0.0023478999996768835,0.0009541000002627698,0.0012685324706682318,0.002129978788136775,0.0019221000002289657
75.179247,0.00931210000021565,0.0035981000002720974,0.002086340614221521,0.0019245475527185747,0.004262100000232749
75.199247,0.004262100000232749,0.0028601000002709044,0.002502141786651718,0.0025565988347667585,0.004262100000232749
75.219247,0.004842100000360006,0.0028601000002709044,0.0024694675446491955,0.0035177643359377616,0.004262100000232749
75.239246,-0.0017678999997770006,0.0013821000002735672,0.0021190321956426803,0.0016945242426940673,0.0019221000002289657
75.259246,-0.0023478999996768835,0.001070100000288221,0.0016747456819860011,0.0011486268068016364,0.0019221000002289657
75.279246,0.0019221000002289657,-0.0002518999997391802,0.0013354283712165977,0.0004384170166062427,-0.0017678999997770006
75.299246,0.002702100000306018,0.001070100000288221,0.0011892072828840056,0.0009233587415367985,0.0019221000002289657
75.319246,-0.0017678999997770006,0.0023921000002701475,0.0011983240812804717,0.001264780652936237,0.002702100000306018
75.339245,0.004842100000360006,0.0016541000002689543,0.0012478070768231807,0.0019419834501570913,0.002702100000306018
75.359245,0.004262100000232749,0.001188100000263148,0.0012217906390111354,0.0016013307695079814,0.000372100000276987
75.379245,-0.0017678999997770006,0.0015001000002939691,0.001065479026013279,0.0007208878790762671,0.000372100000276987
75.399245,0.000372100000276987,0.0006061000002773653,0.0008057522024712088,0.0014784869466573638,0.000372100000276987
75.419245,-0.00020789999962289585,0.00013810000027660862,0.0005301492543838017,0.001317764335940912,0.000372100000276987
75.439245,0.000372100000276987,0.0013441000002785586,0.000344716651118904,-0.000614986246801789,0.000372100000276987
75.459244,0.0019221000002289657,2.210000029663206e-05,0.00033210342754835375,-0.0002127251745307606,0.000372100000276987
75.479244,0.004262100000232749,-0.00040589999971416544,0.0005185885115580232,0.00017380163198371624,0.000372100000276987
75.499244,-0.006237899999632646,0.0009161000002677611,0.0008514640209033018,0.00034701841518929634,0.0019221000002289657
75.519243,-0.0023478999996768835,0.0006061000002773653,0.0011959520253397957,0.0017721699303493623,0.000372100000276987
75.539243,0.00698210000018662,0.0007221000003028166,0.0013700573190763056,0.0017139881121814068,0.000372100000276987
75.559243,0.000372100000276987,0.0027041000003009685,0.0012225074396704709,0.0012935685317786356,0.003672100000358114
75.579246,0.004842100000360006,0.0018101000002843648,0.0007233257428405069,0.0008330324012275668,0.003672100000358114
75.599243,0.003672100000358114,-5.589999968833581e-05,1.1684374848924099e-05,0.0009491629373495167,0.000372100000276987
75.619242,-0.006817899999759902,-0.00048389999969913335,-0.0006396287827306564,-0.0006298580416498165,-0.0017678999997770006
75.639242,-0.0023478999996768835,-0.0014938999996957137,-0.000935987017068607,-0.0018231214448993114,-0.0017678999997770006
75.659242,-0.0017678999997770006,-0.0019598999997015197,-0.0006943480903473093,-0.0011807205125260176,-0.0017678999997770006
75.679242,-0.00020789999962289585,0.0002561000002970104,6.994301199199316e-05,-0.00016011445192407503,-0.00020789999962289585
75.699242,0.0013421000003290828,0.0015781000002789368,0.0011433489150248556,0.0010796757578672596,0.0013421000003290828
75.719242,0.004262100000232749,0.0029001000003063384,0.002195191172623332,0.0027007013988897552,0.004262100000232749
75.739241,0.004262100000232749,0.0025881000002755173,0.0028979011066692507,0.0028295125876926725,0.004262100000232749
75.759241,0.004842100000360006,0.0027041000002554936,0.0030344848405243112,0.003968463636641326,0.004262100000232749
75.779241,-0.0017678999997770006,0.0023921000002701475,0.0025554909194247114,0.0025060160841686146,0.002702100000306018
75.799241,0.0019221000002289657,0.0019241000002693908,0.0015764400741024847,0.0008523331004906668,0.0019221000002289657
75.819241,0.002702100000306018,-0.001145899999755784,0.0003313746934731891,-0.0002059186477551989,0.0019221000002289657
75.83924,0.0019221000002289657,-0.0007178999997449864,-0.0008954211087055454,-0.00028629160813353023,0.0019221000002289657
75.85924,-0.010507899999765868,-0.0007178999997449864,-0.001843301928602463,-0.0015850794869527217,0.0019221000002289657
75.87924,0.000372100000276987,-0.0016118999997615901,-0.002339665137798885,-0.002573680885539645,0.000372100000276987
75.89924,0.0019221000002289657,-0.003787899999770161,-0.0023371676800659187,-0.0029611867130375615,-0.0017678999997770006
75.91924,-0.0017678999997770006,-0.0017278999997415666,-0.001914514502394481,-0.002316431468284629,-0.00020789999962289585
75.939239,-0.00895789999981389,-0.0005218999997396168,-0.0012464023525136107,-0.0012063382281749862,-0.00020789999962289585
75.959239,-0.00020789999962289585,-0.0005218999997396168,-0.0005501800089722169,0.0013981606063313652,-0.00020789999962289585
75.979239,0.006402100000286737,-9.389999972881924e-05,-1.2593280611941545e-05,-0.0002864547783005287,0.000372100000276987
75.999239,0.0019221000002289657,0.002082100000279752,0.0002862162040455165,0.00021492051308835388,0.0019221000002289657
76.019238,0.000372100000276987,0.0003321000002415531,0.0004109999621298104,-0.00014354102537500208,0.0019221000002289657
76.039238,0.0019221000002289657,2.010000025620684e-05,0.0005363792209025747,0.0012372515154114132,0.0019221000002289657
76.059238,-0.00895789999981389,-0.0007178999997449864,0.0008463265238416958,0.00041517692332306315,0.000372100000276987
76.079238,0.004842100000360006,0.0014981000002535438,0.0014235950800863218,0.00018706503521840256,0.0019221000002289657
76.099238,-0.0017678999997770006,0.001188100000263148,0.0021957176844854156,0.0017002118883763632,0.000372100000276987
76.119238,0.011452100000269638,0.003832100000272476,0.002968885186224588,0.003795782983942432,0.004262100000232749
76.139237,0.000372100000276987,0.004144100000257822,0.003525720056359997,0.0037999554781293016,0.004262100000232749
76.159237,0.004262100000232749,0.005350100000259772,0.0037283336563810323,0.005404687412842518,0.004262100000232749
76.179237,0.006402100000286737,0.0021241000002646614,0.003573567526745903,0.003508696736849595,0.004262100000232749
76.199237,0.004262100000232749,0.003446100000246588,0.003178696570470473,0.002559372727538947,0.004262100000232749
76.219237,-0.0046778999997059145,0.0018121000002793153,0.002709566583841163,0.0014651769233348338,0.004262100000232749
76.239236,0.00698210000018662,0.0009161000002677611,0.002288521124290473,0.002097880886054191,0.0019221000002289657
76.259236,-0.0039078999996036146,0.0013441000002785586,0.0019305312786054647,0.001427787645967874,0.0019221000002289657
76.279236,0.0019221000002289657,0.002238100000295162,0.0015439950098748198,0.0012799088581009785,0.0019221000002289657
76.299236,0.006402100000286737,0.0009161000003132358,0.0009993376940658322,0.001677414685627708,0.000372100000276987
76.319236,-0.00020789999962289585,0.0016561000003093795,0.00023062808189215305,0.00193039836862352,0.000372100000276987
76.339236,0.000372100000276987,0.0008021000003282097,-0.0006858436293065214,-0.0006724687642398788,-0.00020789999962289585
76.359235,-0.00020789999962289585,-0.0014138999996703206,-0.0015230137927343536,-0.0010602776220676204,-0.00020789999962289585
76.379235,-0.0023478999996768835,-0.0027358999996977217,-0.0019765672507158836,-0.0032860585078322065,-0.0023478999996768835
76.399235,-0.0046778999997059145,-0.0022698999996919158,-0.0017915071795239917,-0.002544286946083176,-0.0023478999996768835
76.419235,-0.006817899999759902,-0.0016878999997061328,-0.0008839035269761284,-0.0005114664332751533,-0.0023478999996768835
76.439234,0.002702100000306018,0.0013821000002735672,0.0006044761761221686,0.0003531722613615261,0.002702100000306018
76.459234,0.002702100000306018,0.002858100000275954,0.002352193179400422,0.002823218881383585,0.002702100000306018
76.479234,0.013002100000221617,0.004606100000273727,0.003983733161481428,0.004080398368563755,0.002702100000306018
76.499234,0.002702100000306018,0.0059281000002556535,0.005206510849129595,0.00601403473219583,0.002702100000306018
76.519233,0.0019221000002289657,0.005462100000249848,0.005888658986159036,0.006642356410511635,0.002702100000306018
76.539233,0.00931210000021565,0.004724100000248655,0.006051546300397064,0.005047088345227794,0.002702100000306018
76.559233,0.000372100000276987,0.004568100000233244,0.005804211521453556,0.0046229857811099975,0.0019221000002289657
76.579233,0.00931210000021565,0.004568100000233244,0.00526927566209984,0.004660468298602293,0.0019221000002289657
76.599233,0.0019221000002289657,0.004296100000237857,0.004537438029160318,0.005497018415155591,0.0019221000002289657
76.619233,0.0019221000002289657,0.005190100000254461,0.003662173339551945,0.003745363403525596,0.004842100000360006
76.639232,0.007952100000238715,0.0023921000002701475,0.0026844804438302347,0.0023394892776514905,0.0019221000002289657
76.659232,0.004842100000360006,0.0010721000002831716,0.001663371132518726,0.0023235452217137686,0.0019221000002289657
76.679232,-0.0046778999997059145,0.0015401000002839282,0.0006857326592878157,2.147062967266632e-05,0.004262100000232749
76.699232,-0.0046778999997059145,-9.189999968839402e-05,-0.00015324990861533726,0.00040482727303187404,-0.00020789999962289585
76.719232,0.004262100000232749,-0.0018398999996861675,-0.0007803918853474277,-0.00039722400901004765,-0.003897899999628862
76.739231,-0.00020789999962289585,-5.189999969843484e-05,-0.0011585927482503234,-0.0013362216780050567,-0.00020789999962289585
76.759231,-0.003897899999628862,0.00010410000031697564,-0.0012793473633364836,-0.0010335410253285654,-0.00020789999962289585
76.779231,0.004262100000232749,-0.0012178999996649508,-0.0011524532744059813,-0.0017037508155157677,-0.0023478999996768835
76.799231,-0.003897899999628862,-0.0016458999996757484,-0.0008116504692367923,-0.0006671773889464926,-0.0023478999996768835
76.819231,-0.0023478999996768835,-0.0013358999996853527,-0.0003349580288959729,-0.0009302310020096007,-0.0023478999996768835
76.839231,-0.0023478999996768835,0.00041410000030737135,0.00014236977948821396,0.0008514006996035511,-0.0023478999996768835
76.85923,-0.0023478999996768835,0.000530100000287348,0.00044967494593861325,0.0007050370632267805,-0.0023478999996768835
76.87923,0.01301210000019637,0.001074100000278122,0.00044433029037688264,-0.0007701144519459098,-0.0023478999996768835
76.89923,-0.0033178999997289793,-0.00024789999974927923,8.598058484847676e-05,8.867342681179516e-05,-0.0023478999996768835
76.91923,0.000372100000276987,-0.00013189999976930266,-0.0005295614302244184,0.0004534053615572768,-0.0017678999997770006
76.939229,-0.00895789999981389,-0.0017658999997365755,-0.001203440759178767,-0.0007953125871567473,-0.0017678999997770006
76.959229,-0.0017678999997770006,-0.0011438999997153588,-0.0017100622342200078,-0.0016416762235136276,-0.00020789999962289585
76.979229,0.004842100000360006,-0.0025818999997227364,-0.001867273535438983,-0.0029324221442215935,-0.0017678999997770006
76.999229,-0.00020789999962289585,-0.00024989999969875497,-0.0015736560139654686,-0.0012507205125141172,-0.00020789999962289585
77.019228,-0.006817899999759902,6.210000033206598e-05,-0.0008234583740994591,-0.0005203475521417997,-0.00020789999962289585
77.039228,0.002702100000306018,-0.0005198999996991916,0.00028292701403799807,0.00038585291406885024,-0.00020789999962289585
77.059228,-0.00020789999962289585,0.00037410000027193746,0.0015373248587815809,0.0013513307695211798,0.001932100000203718
77.079228,0.001932100000203718,0.0022781000002851217,0.0026509995284868396,0.002186831934992134,0.002702100000306018
77.099228,0.004262100000232749,0.003600100000267048,0.0033206168732156714,0.0029227526809247305,0.002702100000306018
77.119228,0.002702100000306018,0.0031721000002562505,0.0033197869511903113,0.003417274825446498,0.002702100000306018
77.139229,0.00931210000021565,0.0020061000002897346,0.0025845183688965375,0.002792799300976146,0.002702100000306018
77.159227,-0.0023478999996768835,0.0015401000002839282,0.001255788967836299,0.0023521932403710796,0.001932100000203718
77.179227,-0.003897899999628862,0.0009581000002981454,-0.0003437068464832561,-0.0005027018645062123,-0.00020789999962289585
77.199227,0.001932100000203718,-0.0022678999996969653,-0.0017931330511380419,-0.002387224009026168,-0.0023478999996768835
77.219227,-0.00020789999962289585,-0.003473899999698915,-0.002688781946656538,-0.0024998580416450717,-0.003897899999628862
77.239226,-0.006817899999759902,-0.0017258999997011415,-0.0027580561173062407,-0.003509718181500664,-0.00020789999962289585
77.259226,-0.008377899999686633,-0.001143899999669884,-0.0019425414800224496,-0.0014706272724253557,-0.00020789999962289585
77.279226,0.004842100000360006,-0.001455899999700705,-0.0004214119186293568,-0.0002624687642600618,-0.0017678999997770006
77.299226,0.004842100000360006,0.001654100000314429,0.0014410005055722768,0.0013973913756165465,0.004842100000360006
77.319226,-0.0017678999997770006,0.004298100000323757,0.003206870477230559,0.0033015405597500293,0.004842100000360006
77.339226,0.008732100000315768,0.004610100000309103,0.004490896258021005,0.005227298135508368,0.004842100000360006
77.359225,0.004842100000360006,0.0037161000002924995,0.005056138743632246,0.004862403030611789,0.004842100000360006
77.379225,0.006402100000286737,0.004610100000309103,0.00485535782062081,0.0037633354315407606,0.004842100000360006
77.399225,0.000372100000276987,0.0028221000003213702,0.0040151745292531455,0.004144757342957931,0.002702100000306018
77.419225,0.002702100000306018,0.002938100000301347,0.0027791829458380887,0.0032474379956467887,0.002702100000306018
77.439225,-0.00020789999962289585,0.0017321000002993969,0.0014383161916249809,0.0009519368301413157,0.000372100000276987
77.459224,0.0054221000002598885,0.0004101000003174704,0.00027235502502055876,0.0001305615387764723,0.000372100000276987
77.479224,0.000372100000276987,-0.00017189999966831236,-0.0004926362982648348,-0.0003889955707552141,-0.00020789999962289585
77.499224,-0.006237899999632646,0.00010010000032707466,-0.000719847526444957,-0.00028908881085848014,0.000372100000276987
77.519224,-0.00020789999962289585,-0.0004438999996636994,-0.00039177484829022073,-0.00027741048917943303,0.000372100000276987
77.539223,0.0011521000003540394,-0.0001318999996783532,0.0003804032816952516,0.0009386034968278659,0.0011521000003540394
77.559223,0.002702100000306018,0.0020841000003201772,0.0013835909148365644,0.0011916804198986624,0.001932100000203718
77.579223,0.001932100000203718,0.002978100000291306,0.0023606632196895524,0.001740538228734982,0.002702100000306018
77.599223,0.004842100000360006,0.002394100000265098,0.0030753435053076338,0.0031746874128567495,0.002702100000306018
77.619223,0.004262100000232749,0.0019281000002592918,0.0033597780766522747,0.0028172981354608276,0.001932100000203718
77.639222,-0.0017678999997770006,0.003094100000271283,0.003136066779924851,0.0033768785550350867,0.004262100000232749
77.659222,0.000372100000276987,0.002200100000254679,0.002420935261796044,0.002933918182074232,0.000372100000276987
77.679222,0.007762100000263672,0.0017341000002488727,0.0013284755209597183,0.0010899787881289069,0.000372100000276987
77.699222,0.000372100000276987,0.0007241000002522924,7.112359094631549e-05,-0.0003643335661899251,0.000372100000276987
77.719222,0.001932100000203718,-0.0007138999997550854,-0.0010626438726504836,-0.000551303263156627,0.000372100000276987
77.739221,-0.006817899999759902,-0.0017258999997466161,-0.0017743496332113542,-0.0008066878785388295,0.000372100000276987
77.759221,-0.006817899999759902,-0.00141389999976127,-0.0018531157701331654,-0.0025743801862393003,0.001932100000203718
77.779221,0.002702100000306018,-0.0022698999997373902,-0.001258313048265434,-0.002700813752654168,-0.0023478999996768835
77.799221,0.001932100000203718,-0.0008318999997300125,-0.00014104288767180037,0.00041396480213785306,0.000372100000276987
77.819221,-0.0023478999996768835,0.002706100000295919,0.001206783077952173,0.0016141279723179249,0.001932100000203718
77.83922,0.000372100000276987,0.00371810000028745,0.0024512284818593313,0.0034759927741863316,0.001932100000203718
77.85922,0.010872100000369755,0.0023961000003055234,0.003324745825136025,0.003492822611030388,0.000372100000276987
77.87922,0.007762100000263672,0.0034061000003021034,0.003705694680691841,0.0025317503499635192,0.002702100000306018
77.89922,-0.0046778999997059145,0.0036001000003125228,0.0036369539699413833,0.0032266221448273113,0.002702100000306018
77.919219,0.002702100000306018,0.0022781000002851217,0.0032776182943573453,0.004082449650638477,0.002702100000306018
77.939219,0.0013421000003290828,0.002122100000269711,0.0028216639812428815,0.0033940347322147296,0.002702100000306018
77.959219,0.004262100000232749,0.0035981000002720974,0.0024336527570124424,0.0012842678324256267,0.002702100000306018
77.979219,0.00698210000018662,0.0027041000002554936,0.002224458157187088,0.002090654778814527,0.002702100000306018
77.999219,0.002702100000306018,0.002082100000234277,0.0022493553866047046,0.0028203284384765897,0.002702100000306018
78.019218,-0.0017678999997770006,0.0027821000002404618,0.0024991812032339133,0.0029191396272730983,0.002702100000306018
78.039218,-0.0017678999997770006,0.0017721000002438813,0.002880969784535676,0.0025665522146764578,0.001932100000203718
78.059218,0.007762100000263672,0.0026281000002200015,0.0032160623539131492,0.0024726128207288437,0.001932100000203718
78.079218,0.001932100000203718,0.0026281000002200015,0.0032840356801896496,0.002279209557340048,0.001932100000203718
78.099218,0.00698210000018662,0.003834100000221952,0.0029076552751336146,0.003512123310239427,0.004262100000232749
78.119218,-0.0017678999997770006,0.002240100000244638,0.0020409779984499384,0.003968673426817196,0.001932100000203718
78.139217,0.004262100000232749,0.002240100000244638,0.0008175283387284465,0.0011738948720435368,0.001932100000203718
78.159217,-0.00020789999962289585,-0.00040389999971921495,-0.0004664618692276259,-0.0015260351978677628,-0.00020789999962289585
78.179217,0.001932100000203718,-0.0021518999997169885,-0.001435912969060535,-0.001414450116266011,-0.00020789999962289585
78.199217,-0.006237899999632646,-0.0020358999996915373,-0.0017679041145373716,-0.0021678533796528864,-0.00020789999962289585
78.219217,-0.010507899999765868,-0.0007138999997096107,-0.0013250946456724458,-0.0006677368295145911,0.001932100000203718
78.239217,0.004842100000360006,-0.0011418999996749336,-0.00023059794127560453,-0.0008981097898820356,-0.00020789999962289585
78.259216,0.006402100000286737,0.0010741000003235968,0.001159098830897802,0.000244244522451749,0.004842100000360006
78.279216,-0.00020789999962289585,0.0028221000003213702,0.0023736381602014393,0.0020179974362150147,0.004842100000360006
78.299216,0.004842100000360006,0.002706100000295919,0.002983831244636515,0.0041033587415583795,0.004262100000232749
78.319216,-0.0017678999997770006,0.002394100000310573,0.002732187957887552,0.004181260839484277,0.004262100000232749
78.339215,0.004262100000232749,0.001966100000299775,0.001608171495136995,0.0010933587415559777,0.004262100000232749
78.359215,0.004842100000360006,-0.00024989999969875497,-0.00014006935505366127,-0.0006267111885162079,-0.0017678999997770006
78.379215,-0.0023478999996768835,-0.0016878999997061328,-0.002062558133309824,-0.002090743822545619,-0.0023478999996768835
78.399215,-0.006237899999632646,-0.003319899999678455,-0.0036321652489343724,-0.004030487412285931,-0.003897899999628862
78.419214,-0.00895789999981389,-0.005067899999676229,-0.00440949177003309,-0.004363634265398875,-0.003897899999628862
78.439214,-0.003897899999628862,-0.004523899999685455,-0.00418822840983568,-0.004142119113888605,-0.003897899999628862
78.459214,-0.003897899999628862,-0.00261789999967732,-0.0030578517562214963,-0.0034754524472276308,-0.003897899999628862
78.479214,0.000372100000276987,2.6100000332007768e-05,-0.001357007278662574,-0.0017682729600462025,0.000372100000276987
78.499214,0.003292100000408027,0.0003361000003224035,0.0004568493759908003,0.001171493939697957,0.000372100000276987
78.519213,0.004262100000232749,0.0019681000002947256,0.001961410269077395,0.0037375312357407634,0.003292100000408027
78.539213,-0.0023478999996768835,0.0037561000002824586,0.0028867255165836454,0.0031337083918995695,0.004262100000232749
78.559213,0.004262100000232749,0.0030561000002762738,0.003163337796363607,0.0018424030305742138,0.004262100000232749
78.579213,0.00931210000021565,0.000530100000287348,0.0029021831656662477,0.0019208645690332294,-0.00020789999962289585
78.599213,-0.00020789999962289585,0.0013861000002634682,0.002325507907604436,0.001593498601671737,0.001932100000203718
78.619213,-0.00836789999971188,0.0027081000002908695,0.0016761868149700234,0.002437274825467348,0.001932100000203718
78.639212,0.001932100000203718,0.0008041000003231602,0.0011428981285718934,0.0018554566436658909,-0.00020789999962289585
78.659212,0.010872100000369755,0.0013881000003038934,0.0008358948754111411,0.0006731955714094991,0.001932100000203718
78.679212,-0.00020789999962289585,0.0018141000003197405,0.0008122988450383568,0.0002004216786552753,0.001932100000203718
78.699212,0.0027121000002807705,0.0022801000003255466,0.0011072006188074265,0.0017703284385379601,0.0027121000002807705
78.719212,-0.006237899999632646,0.000764100000333201,0.0017284084297103514,0.0028572748254929387,0.0027121000002807705
78.739211,0.004262100000232749,0.002202100000295104,0.0026195656044176005,0.00244783426606903,0.003292100000408027
78.759211,0.003292100000408027,0.0028241000003163207,0.0036347965143485594,0.0019349438231606776,0.004262100000232749
78.779211,0.00698210000018662,0.005040100000314851,0.004559600348473103,0.003939582517793904,0.004842100000360006
78.799211,0.005822100000386854,0.004574100000309045,0.005173849623601128,0.006067041725230645,0.004842100000360006
78.819211,0.004842100000360006,0.00577810000027057,0.005324056774828219,0.006876389044559724,0.005822100000386854
78.83921,0.001932100000203718,0.00577810000027057,0.004972528128370679,0.004432939161114952,0.005822100000386854
78.85921,0.00931210000021565,0.00336610000026667,0.004208147348381136,0.0036515405597101385,0.004842100000360006
78.87921,0.00698210000018662,0.0019281000002592918,0.0032170822624267713,0.0025514473196308987,0.001932100000203718
78.89921,-0.006237899999632646,0.0028221000002758958,0.002219610329757112,0.0023876477857986515,0.006402100000286737
78.919209,-0.0023478999996768835,0.0013461000002735091,0.0013938182571890205,0.0019140347321893653,0.001932100000203718
78.939209,0.006402100000286737,0.00033610000027692875,0.0008231801572356792,0.0006071582753290478,0.001932100000203718
78.959209,0.001932100000203718,0.0011141000002680812,0.0004961628812924727,1.0981119170948468e-05,0.001932100000203718
78.979209,0.001932100000203718,0.0011141000002680812,0.0003483254764417009,0.0004910976692757919,0.001932100000203718
78.999209,-0.0023478999996768835,0.000802100000282735,0.0003088465241514686,0.0014846641028268747,0.001932100000203718
79.019208,-0.0023478999996768835,6.410000028154173e-05,0.00032338028171153226,0.0001267853149668519,-0.0017578999998022482
79.039208,0.004842100000360006,-0.00036389999968378106,0.00035516657536851175,-0.00036263193441626846,-0.0017578999998022482
79.059208,-0.0017578999998022482,6.410000032701646e-05,0.00038113667641792104,0.0002667620049908216,-0.00020789999962289585
79.079208,-0.00020789999962289585,0.0015021000003343943,0.00039257032503592744,0.0007892095574454039,-0.00020789999962289585
79.099208,-0.00020789999962289585,0.0003761000003123627,0.0003988787597294389,0.0011761326343726409,-0.00020789999962289585
79.119208,0.004842100000360006,0.0006861000003482332,0.000429010373586263,-0.000247643589413486,-0.00020789999962289585
79.139207,-0.0007878999997501523,0.00025810000033743563,0.0005237888422966284,-0.0004618860136571996,-0.00020789999962289585
79.159207,-0.00020789999962289585,-5.189999969843484e-05,0.0007147245139506582,0.0013928692310856792,-0.0007878999997501523
79.179207,-0.0023478999996768835,0.0009601000002930959,0.0009968785090562597,0.0012314006995928595,-0.0007878999997501523
79.199207,-0.0017578999998022482,0.001970100000289676,0.0013178157806285422,0.0014793027974812248,-0.00020789999962289585
79.219207,0.00990210000031766,0.001232100000288483,0.0016009264376483433,0.0008324263406145565,-0.0017578999998022482
79.239206,0.004262100000232749,0.0022441000002800136,0.00179350913134025,0.0021647107229039817,0.0027121000002807705
79.259206,-0.003897899999628862,0.002554100000315884,0.001903464621691495,0.0019703750585814295,0.0027121000002807705
79.279206,0.0027121000002807705,0.0018541000003096998,0.0019951272974807577,0.0027436151518324334,0.0027121000002807705
79.299206,-0.00020789999962289585,0.0009601000003385707,0.002150250478763305,0.002060165268389805,-0.00020789999962289585
79.319206,0.006402100000286737,0.003136100000301667,0.002425525100089301,0.0016749904432064057,0.0027121000002807705
79.339205,-0.00020789999962289585,0.0026681000003009104,0.0028304988007136697,0.002782193240400573,0.000372100000276987
79.359205,0.00698210000018662,0.003990100000282837,0.0033269549625550526,0.0036044076925902686,0.006402100000286737
79.379205,0.000372100000276987,0.0030961000002662333,0.003838895472272761,0.003494920513073172,0.001932100000203718
79.399205,0.006402100000286737,0.003990100000237362,0.004265877517092236,0.004573988112117844,0.004262100000232749
79.419204,0.001932100000203718,0.003990100000237362,0.004500659219479423,0.004586575524728067,0.004262100000232749
79.439204,0.004262100000232749,0.005080100000259336,0.004455070177252278,0.004382006760163801,0.005822100000386854
79.459204,0.00698210000018662,0.003758100000277409,0.004092488310234428,0.0031507480189221456,0.004262100000232749
79.479204,0.005822100000386854,0.0030201000002762156,0.0034545776536544204,0.004136831934994232,0.004262100000232749
79.499204,-0.00020789999962289585,0.0030201000002762156,0.0026643680835063623,0.0032734752916496173,0.004262100000232749
79.519203,-0.0017578999998022482,0.0029041000002962393,0.0018976789167464302,0.002183288811479156,0.004262100000232749
79.539203,0.004262100000232749,0.0009601000002930959,0.0013346413628230226,0.0010222631704718925,-0.00020789999962289585
79.559203,0.006402100000286737,0.0005321000002822985,0.001111675665345379,0.000254151282370067,-0.0017578999998022482
79.579203,-0.003897899999628862,0.0018521000003147493,0.0012846782491977536,0.0009535452217302765,0.004262100000232749
79.599203,-0.0023478999996768835,0.0018521000003147493,0.0018065879616187082,0.0024862724944722217,0.004262100000232749
79.619203,0.004842100000360006,0.0019681000002947256,0.0025301829989951576,0.0032748972031060994,0.004262100000232749
79.639202,0.004262100000232749,0.0037161000002924995,0.0032499735529508606,0.0027771116552978968,0.004842100000360006
79.659202,0.00698210000018662,0.004572100000268619,0.003775529679945332,0.0032429624711412227,0.004842100000360006
79.679202,0.004842100000360006,0.003678100000252016,0.004000156150053065,0.004873288811444646,0.004262100000232749
79.699202,0.001932100000203718,0.003794100000277467,0.003926406854536994,0.0040857829839437846,0.004842100000360006
79.719202,0.000372100000276987,0.003250100000286693,0.0036387194096476764,0.0033161559443359336,0.004262100000232749
79.739201,0.004842100000360006,0.0022401000002901126,0.0032475160269760167,0.0027515405597489614,0.001932100000203718
79.759201,0.004262100000232749,0.0028221000003213702,0.002840572243380463,0.00227701841524348,0.004262100000232749
79.779201,-0.00020789999962289585,0.0028221000003213702,0.0024623195463750894,0.002668067366272394,0.004262100000232749
79.799201,0.004842100000360006,0.0023961000003055234,0.002119431562347757,0.002446575524790676,0.0027121000002807705
79.819201,0.000372100000276987,0.001930100000299717,0.0017996129252402695,0.002604337762530379,0.001932100000203718
79.8392,0.0027121000002807705,0.0017361000002892979,0.001490352160082801,0.0016088365970324892,0.001932100000203718
79.8592,0.001932100000203718,0.0013101000002734508,0.001188403435779892,0.0003579974361914789,0.001932100000203718
79.8792,-0.0011778999996749917,0.00045610000029228104,0.0008967857553125972,0.0004233354315160942,0.001932100000203718
79.8992,0.0027121000002807705,-0.0004378999997243227,0.0006142231318703022,0.0003211209793015943,-0.0011778999996749917
79.9192,-0.003897899999628862,0.00045610000029228104,0.0003291528324118586,0.0008005848487554048,-0.0011778999996749917
79.939199,-0.0017578999998022482,0.001078100000268023,3.124492548999171e-05,0.0005322165503783093,0.001932100000203718
79.959199,0.006402100000286737,0.00018410000025141925,-0.0002573814408266608,9.172703989797902e-05,-0.0017578999998022482
79.979199,0.001932100000203718,0.000494100000241815,-0.00045034102424725166,0.00017342867158254716,-0.0017578999998022482
79.999199,-0.0017578999998022482,0.00037610000026688795,-0.00039923333348483803,-0.0010393685312160901,-0.0017578999998022482
80.019198,-0.0023478999996768835,-0.0005178999997497158,4.870001650932573e-05,-0.00040486969672229366,-0.0017578999998022482
80.039198,-0.0023478999996768835,-0.0008278999997401115,0.0009578151722714118,0.0009441279722938726,-0.0017578999998022482
80.059198,0.001932100000203718,0.0018161000002692163,0.002232277545389657,0.0019889065270613407,0.0003821000002517394
80.079198,0.0003821000002517394,0.004578100000253471,0.003618068188656677,0.003576528904686996,0.001932100000203718
80.099198,0.01146210000024439,0.005434100000229591,0.00478957153859511,0.0047187200468718025,0.001932100000203718
80.119197,0.01146210000024439,0.005124100000239195,0.005478612910617492,0.0060209578090844665,0.001932100000203718
80.139197,0.001932100000203718,0.005900100000235398,0.005575008562832766,0.005892263170387204,0.004262100000232749
80.159197,0.0003821000002517394,0.0050041000002238436,0.005146433241212019,0.0056057829839068485,0.004262100000232749
80.179197,0.004262100000232749,0.002788100000225313,0.0043804983835642785,0.004242659440782982,0.001932100000203718
80.199197,0.00698210000018662,0.003254100000231119,0.0034968197266313323,0.0020400254081619305,0.004262100000232749
80.219197,0.0003821000002517394,0.0027081000002453946,0.002676379105525685,0.0022712841494240497,0.004262100000232749
80.239196,0.004262100000232749,0.002398100000254999,0.002025052151754312,0.002746855245002335,0.0027121000002807705
80.259197,-0.0023478999996768835,0.0018541000002642249,0.0015661071339432464,0.0019261559443218453,0.0027121000002807705
80.279196,0.0027121000002807705,0.0013081000002785003,0.0012546269157522843,0.0009467853149794868,0.0027121000002807705
80.299196,0.004262100000232749,0.00041410000030737135,0.0010093027364364683,0.0010494892776838516,-0.00020789999962289585
80.319196,-0.0023478999996768835,0.0014261000002989022,0.0007526431017102903,0.0012596058278115778,0.0027121000002807705
80.339195,-0.00020789999962289585,0.0012701000002834917,0.0004459275926672494,0.000296901865109707,0.001932100000203718
80.359195,0.0027121000002807705,-0.0003618999996888306,0.00010813255767482938,0.00021939603758331928,-0.00020789999962289585
80.379195,0.001932100000203718,-0.00024389999971390352,-0.00018618818714956142,-0.0001239372957502758,-0.00020789999962289585
80.399195,-0.003897899999628862,0.00018410000025141925,-0.0003317888636132826,-0.0002465946384233639,0.001932100000203718
80.419195,-0.0017578999998022482,0.00018410000025141925,-0.00023533334473735068,-0.0002413265731839695,0.001932100000203718
80.439194,0.001932100000203718,-0.000553899999749774,0.0001411027414300294,-0.00010358764545677349,-0.0017578999998022482
80.459194,0.0027121000002807705,0.0003021000002263463,0.0007559473876602237,9.499044312558227e-05,0.0003821000002517394
80.479194,-0.0017578999998022482,0.0019341000002441433,0.001492709520902388,0.0013097923079397203,0.001932100000203718
80.499194,0.0003821000002517394,0.0020901000002595538,0.0021900977889415404,0.002921424009563903,0.0027121000002807705
80.519193,0.006402100000286737,0.002518100000270351,0.0026905330254954245,0.003139652447833918,0.0027121000002807705
80.539193,0.0027121000002807705,0.003412100000286955,0.002895563086636787,0.002933032401229908,0.0027121000002807705
80.559193,0.004852100000334758,0.003294100000312028,0.0028067081390208415,0.0024797223779179727,0.0027121000002807705
80.579193,0.0027121000002807705,0.0020901000003050287,0.0025275616175147978,0.002565153613368309,0.0027121000002807705
80.599193,-0.00020789999962289585,0.0016241000002992223,0.0022192493896253163,0.0021444776226838044,0.0003821000002517394
80.619193,0.0003821000002517394,0.0016241000002992223,0.0020285521680442563,0.001988859907063599,0.0003821000002517394
80.639192,0.0003821000002517394,0.001934100000289618,0.002026216390067551,0.001237531235710567,0.0003821000002517394
80.659192,0.004852100000334758,0.002518100000270351,0.00218772377807377,0.0022868552450226133,0.0027121000002807705
80.679192,0.004262100000232749,0.0020901000002595538,0.0024220649401165023,0.0032141279722968426,0.0027121000002807705
80.699192,0.0027121000002807705,0.004188100000283157,0.0026251818357366685,0.002769885548048163,0.004262100000232749
80.719192,-0.0017578999998022482,0.0027481000002808286,0.002725453170396206,0.0029504449886414634,0.0027121000002807705
80.739191,0.010872100000369755,0.0014261000002989022,0.0027018741240025642,0.0023350137532164163,-0.0017578999998022482
80.759191,-0.0023478999996768835,0.002282100000320497,0.0025749790189260866,0.0017675778557937913,-0.0017578999998022482
80.779191,-0.0023478999996768835,0.002710100000331295,0.0023832902781464123,0.0024858995341351837,0.0003821000002517394
80.799191,0.006992100000388746,0.0015061000003242953,0.002164150999976718,0.0028668319350608996,0.0003821000002517394
80.819191,0.0003821000002517394,0.0028281000003062217,0.0019540175102545462,0.0020371582753576875,0.004262100000232749
80.83919,0.004852100000334758,0.002946100000281149,0.0018047341051985943,0.001359675757854639,0.004262100000232749
80.85919,0.004262100000232749,0.00119610000024295,0.0017923520058365384,0.002484197902358347,0.0003821000002517394
80.87919,-0.0017578999998022482,0.002518100000270351,0.0019962160900447025,0.0021762724944249024,0.004262100000232749
80.89919,-0.0017578999998022482,0.0019341000002441433,0.0024511622449548765,0.001849675757829639,0.001932100000203718
80.919189,0.006992100000388746,0.002052100000264545,0.003103134970017455,0.0027794193475886328,0.001932100000203718
80.939189,0.001932100000203718,0.003684100000282342,0.0038028293506516845,0.0031623331005012976,0.004852100000334758
80.959189,0.004852100000334758,0.004888100000289342,0.004348584630003641,0.004716505594679902,0.004852100000334758
80.979189,0.006402100000286737,0.00457610000025852,0.004559739819729192,0.005840188578356108,0.004852100000334758
80.999189,0.004262100000232749,0.005042100000264327,0.004346531483605528,0.004300887879056272,0.004852100000334758
81.019188,0.005432100000234641,0.003604100000256949,0.0037453726475348134,0.0029080673662277316,0.004262100000232749
81.039188,0.004262100000232749,0.0015441000002738292,0.0029029619533403116,0.002826389044572245,0.004262100000232749
81.059188,-0.002337899999702131,0.0019721000002846266,0.00201512016623393,0.0021363424245172047,0.004262100000232749
81.079188,-0.003897899999628862,0.0014281000002938527,0.001250204651140863,0.001600864569050908,0.0027121000002807705
81.099188,0.006402100000286737,0.0006521000002976507,0.0006976150258477555,9.969906789652013e-05,0.0003821000002517394
81.119188,0.0027121000002807705,0.0006521000002976507,0.0003648274818410285,-0.0002912100230103773,0.0003821000002517394
81.139187,0.0003821000002517394,0.0004961000002822402,0.00021039208417400292,0.0003543377625251449,0.0003821000002517394
81.159187,-0.002337899999702131,0.0004961000002822402,0.00017937808786527645,0.0012020533802305936,0.0003821000002517394
81.179187,-0.0046778999997059145,0.0004961000002822402,0.00022177884535115803,0.0017390696972569082,0.0003821000002517394
81.199187,0.006402100000286737,0.0003781000003073132,0.0003007464021897737,-0.0006414664332575203,-0.00020789999962289585
81.219187,0.0027121000002807705,0.0008041000003231602,0.0004013293379976204,-0.00046988135167157197,-0.00020789999962289585
81.239186,-0.00020789999962289585,6.610000032196695e-05,0.0005322281668036124,-0.00011134988312521234,-0.00020789999962289585
81.259186,-0.00020789999962289585,6.610000032196695e-05,0.000706236285736451,0.0007101419583776178,-0.00020789999962289585
81.279186,-0.00836789999971188,0.00018210000034741826,0.0009071516075031261,0.0014800020982519008,-0.00020789999962289585
81.299186,0.006402100000286737,0.001194100000338949,0.0010770751762033436,0.0009684170166641656,0.003292100000408027
81.319185,0.003292100000408027,0.0017781000003196823,0.0011506298853822452,0.0016539881122168202,0.003292100000408027
81.339185,0.004852100000334758,0.0031001000003016087,0.0011196180966560041,0.0014597223779067806,0.003292100000408027
81.359185,0.0027121000002807705,0.0014681000002838118,0.0010735098422510764,0.001673148951322923,0.0027121000002807705
81.379185,-0.0017578999998022482,0.0004581000002417568,0.0011684523671417271,0.0012993960375522076,-0.0017578999998022482
81.399185,-0.0017578999998022482,0.0004581000002417568,0.0015282440799114167,0.0005917969699291444,-0.0017578999998022482
81.419184,-0.0017578999998022482,0.0003021000002263463,0.0021347318569332778,0.0007268785550062371,-0.0017578999998022482
81.439184,0.004852100000334758,0.0024001000002499494,0.002781494329620251,0.001941051049199484,0.001932100000203718
81.459184,0.001932100000203718,0.00271010000028582,0.003131907001401467,0.003789093007271996,0.001932100000203718
81.479184,0.008732100000315768,0.004342100000303617,0.0028630864742115554,0.0037564822846736464,0.004852100000334758
81.499184,-0.00020789999962289585,0.0029041000002962393,0.0018282255412226669,0.002760887879102362,0.001932100000203718
81.519184,0.006402100000286737,0.00041610000030232184,0.0001574419123006641,0.0007558995341102987,-0.00020789999962289585
81.539183,-0.002337899999702131,-0.002109899999686604,-0.00175605480246342,-0.0020807904425935186,-0.002337899999702131
81.559183,-0.010507899999765868,-0.003157899999723668,-0.003385965619655276,-0.003432515384314172,-0.003897899999628862
81.579183,-0.003897899999628862,-0.005101899999726811,-0.004265652756657082,-0.005278389510216374,-0.003897899999628862
81.599183,-0.0054478999998082145,-0.004557899999736037,-0.004159214825239846,-0.0048878766897270075,-0.003897899999628862
81.619183,-0.0033178999997289793,-0.002807899999743313,-0.003139048071954312,-0.003665032866893865,-0.0033178999997289793
81.639182,0.0003821000002517394,-0.0011758999997709906,-0.0015454692864205245,-0.0013656622375271084,-0.0017578999998022482
81.659182,-0.0017578999998022482,0.0011941000002479996,0.0001456988666944945,0.0019054100235615223,0.0003821000002517394
81.679182,0.004262100000232749,0.0018161000002692163,0.0014923696246606658,0.002178020746180931,0.0003821000002517394
81.699182,0.006402100000286737,0.0029041000002962393,0.002230718321314469,0.0021521466203498706,0.004262100000232749
81.719182,-0.00020789999962289585,0.00201010000032511,0.0023441859303677914,0.0019932655014930512,0.004262100000232749
81.739181,0.005822100000386854,0.0011161000003539812,0.002032863520440945,0.0023079275061694045,-0.00020789999962289585
81.759181,-0.006227899999657893,0.0008061000003635854,0.0015993053836785623,0.0010783937066594657,-0.00020789999962289585
81.779181,-0.00020789999962289585,0.0013901000003443188,0.0013050914816705058,-0.0001267578084921168,0.0027121000002807705
81.799181,0.004852100000334758,-0.0008258999996542116,0.0012653445609591266,0.00013839370664981668,-0.00020789999962289585
81.81918,0.0027121000002807705,0.0017001000003347144,0.0014246402180828868,0.002053428671651136,0.0027121000002807705
81.83918,-0.005257899999605797,0.003022100000316641,0.0016140340603636766,0.0026112841494973886,0.004852100000334758
81.85918,0.006402100000286737,0.0029041000002962393,0.0016556749483534476,0.0032093727275742745,0.004262100000232749
81.87918,0.006402100000286737,0.0015821000003143127,0.001468744458003301,0.0012701652683591981,0.004262100000232749
81.89918,0.004262100000232749,0.0016981000002942892,0.0011280354504103376,0.0010352002334192234,0.004262100000232749
81.91918,-0.003897899999628862,0.0003761000003123627,0.0008383871451083906,1.326550149408438e-05,-0.00020789999962289585
81.939179,-0.0046778999997059145,0.0004941000003327644,0.0008293467315268426,0.001377997436200021,-0.00020789999962289585
81.959179,-0.00020789999962289585,-0.000709899999674235,0.0012278448171298994,0.0004575778557870765,-0.0017578999998022482
81.979179,0.006992100000388746,0.0026721000002908114,0.001985175331465987,0.0015423097905167635,-0.00020789999962289585
81.999179,-0.0017578999998022482,0.003566100000307415,0.002897302376889645,0.0026807713289803223,-0.00020789999962289585
82.019179,0.01301210000019637,0.004578100000298946,0.003697030636057655,0.004664617482812553,0.004852100000334758
82.039178,-0.00020789999962289585,0.0034101000002920044,0.00416038631294687,0.004598277156493967,0.0011521000003540394
82.059178,0.004852100000334758,0.0047321000003194055,0.004175392274264701,0.003889093007307845,0.004852100000334758
82.079178,0.0011521000003540394,0.0020881000003555527,0.003754672491395591,0.0037998622380808174,0.0011521000003540394
82.099179,0.004852100000334758,0.002982100000326682,0.0030068507293997764,0.002976505594748105,0.004262100000232749
82.119177,-0.00020789999962289585,0.002554100000315884,0.0020943323020526346,0.0011504216786587572,0.0027121000002807705
82.139177,0.004262100000232749,0.0010781000003134977,0.0011953563215159387,0.002003941492142088,0.0027121000002807705
82.159177,0.0027121000002807705,0.0006501000003027002,0.00047192179820444,6.582960402087688e-05,0.0027121000002807705
82.179177,-0.006227899999657893,0.0007681000002776273,3.840068510726714e-05,0.0003952235434280109,0.0027121000002807705
82.199177,0.0027121000002807705,-0.000863899999694695,-6.721076104333357e-05,-0.0004244967362891795,0.0003821000002517394
82.219177,0.0003821000002517394,-7.899999673099956e-06,0.00010370155095550042,0.0004603284385280649,0.0003821000002517394
82.239176,-0.003897899999628862,0.0008861000002980291,0.00042634051066189926,0.00020522354343335673,0.0003821000002517394
82.259176,0.006992100000388746,0.0011961000002884247,0.0007471649034046981,0.0007462025643996503,0.0003821000002517394
82.279176,-0.0017578999998022482,0.0006521000002976507,0.0009408678215130671,0.0011442212124061052,-0.0017578999998022482
82.299176,0.004262100000232749,0.001508100000273771,0.0009552167091352733,0.001170095338269496,0.0003821000002517394
82.319176,-0.002337899999702131,0.00018610000024636973,0.0008243076045229837,0.0006081139862754558,0.0003821000002517394
82.339175,0.0003821000002517394,0.0013901000002533692,0.0006475130118802228,0.0012929391610867233,0.0003821000002517394
82.359175,0.0003821000002517394,-0.0003978999997343635,0.0005486805355234017,-0.0003258020976624577,0.0003821000002517394
82.379175,0.004262100000232749,0.00135010000026341,0.0006349435313950584,0.000400724708896737,0.0003821000002517394
82.399175,-0.0046778999997059145,0.0006121000002622168,0.0009667715240707461,0.0009690463872299357,0.0003821000002517394
82.419174,0.006402100000286737,0.001934100000289618,0.0015426295431431542,0.002288626806805603,0.004262100000232749
82.439174,-0.003307899999754227,0.0023641000002953662,0.0023000041556565736,0.002296715384890189,0.006402100000286737
82.459174,0.006992100000388746,0.0036861000002772924,0.0031338221273210583,0.0026676710958564533,0.006402100000286737
82.479174,0.006412100000261489,0.0029481000002760994,0.003926642202127728,0.004051120979316822,0.0027121000002807705
82.499174,0.001932100000203718,0.0050081000003046935,0.00457695713334154,0.005121657109844145,0.006412100000261489
82.519174,0.0027121000002807705,0.005358100000285049,0.005013504982292427,0.004885456643648007,0.006412100000261489
82.539173,0.006992100000388746,0.004152100000283099,0.005195797698973294,0.005445922844120122,0.0027121000002807705
82.559173,0.00874210000029052,0.004736100000309306,0.005109982733965093,0.003682053380244503,0.004852100000334758
82.579173,0.0003821000002517394,0.004464100000313919,0.0047651987694455455,0.0042932655014764586,0.004852100000334758
82.599173,0.004852100000334758,0.0036081000002923247,0.004189813992314856,0.005032100000302732,0.0027121000002807705
82.619172,0.0013521000003038353,0.0036081000002923247,0.0034307167224027885,0.003970211888409543,0.0027121000002807705
82.639172,0.0027121000002807705,0.0036081000002923247,0.0025623487014871287,0.0025275545457385576,0.0027121000002807705
82.659172,0.00874210000029052,0.0018581000002996007,0.001701357272115578,0.002172752680942596,0.0013521000003038353
82.679172,0.0003821000002517394,0.0016641000002891814,0.0010051236487049547,0.00141277599098458,0.0003821000002517394
82.699172,-0.003897899999628862,0.0013541000002987857,0.000631893323909265,-0.0002591121209034131,0.0003821000002517394
82.719172,0.0003821000002517394,-0.0011738999996850907,0.0006677509835893912,4.4734032930865766e-05,0.0003821000002517394
82.739171,0.0011621000003287918,-0.0003958999996939383,0.0010604708216945715,0.0008619601401532913,0.0003821000002517394
82.759171,-0.003897899999628862,0.0022481000002699146,0.0016092838571112292,0.001531144289334402,0.0011621000003287918
82.779171,0.004272100000207502,0.0031421000002865183,0.002033431638449597,0.0022757363639212052,0.004272100000207502
82.799171,0.009322100000190403,0.002442100000280334,0.0020979020847118174,0.002766598834763918,0.004272100000207502
82.81917,0.004852100000334758,0.002288100000259874,0.0017351814428729852,0.002144967133147699,0.004272100000207502
82.83917,-0.002337899999702131,0.0019761000002745275,0.001092474477782097,0.0018807247089067313,0.0027121000002807705
82.85917,-0.004667899999731162,7.21000003068184e-05,0.00047155735548717,0.0006905149186951897,-0.00019789999964814342
82.87917,0.0027121000002807705,-0.0008218999997097853,0.00019268745916429996,-0.0013289023307163795,-0.00019789999964814342
82.89917,-0.00019789999964814342,-0.0007058999997298088,0.0004543629047453564,-0.0008615363633458275,-0.00019789999964814342
82.919169,0.0003821000002517394,0.0015101000002687216,0.0012515005046839405,0.0012070184151873327,0.0003821000002517394
82.939169,-0.0017578999998022482,0.003144100000281469,0.002378224850476499,0.0037030790212525706,0.0003821000002517394
82.959169,0.006412100000261489,0.004038100000252598,0.003508368085669653,0.004046412354566555,0.004272100000207502
82.979169,0.010882100000344508,0.004504100000258404,0.004321002157667381,0.003975270163416357,0.004272100000207502
82.999169,0.004272100000207502,0.004504100000258404,0.0046172615164887685,0.005134500932652891,0.004272100000207502
83.019169,0.0027121000002807705,0.004386100000283477,0.004374768027970384,0.003804967133163284,0.004272100000207502
83.039168,-0.0017578999998022482,0.0028701000002911313,0.003721196650084418,0.003914687412895402,0.0033021000003827794
83.059168,0.005822100000386854,0.0012361000003238587,0.002857181172278961,0.0025511209793271125,0.0027121000002807705
83.079168,0.0033021000003827794,0.002558100000305785,0.0019797686922457037,0.0016403983686046762,0.0033021000003827794
83.099168,-0.003897899999628862,0.002442100000325809,0.0012388386387742441,0.0010943843826118891,0.0033021000003827794
83.119168,0.009322100000190403,0.0008101000003080117,0.0007265594994706078,0.0005124729606861573,-0.002337899999702131
83.139167,-0.002337899999702131,-0.0003178999997089704,0.000481835301516825,0.001208090676296637,-0.002337899999702131
83.159167,-0.002337899999702131,0.0013161000002583022,0.000494074705078403,0.0003600254081888904,-0.002337899999702131
83.179167,-0.002337899999702131,0.0007341000002725195,0.0007066031161293795,0.0009907713289222882,-0.002337899999702131
83.199167,0.004272100000207502,0.0008501000002524961,0.0010338244185481796,0.0011871582752999534,-0.0017578999998022482
83.219167,0.006412100000261489,0.0018601000002490763,0.001398880647867592,0.00036585291400062313,0.0027121000002807705
83.239166,-0.0017578999998022482,0.0024041000002398504,0.0017739010012683776,0.0026900720282262694,0.0027121000002807705
83.259166,0.0027121000002807705,0.0025201000002653016,0.002193372099176965,0.002877368065535978,0.0027121000002807705
83.279166,0.0003821000002517394,0.0026361000002907533,0.002729370520007064,0.0029326594408313885,0.0027121000002807705
83.299166,0.004852100000334758,0.0030641000003015506,0.003444842345916563,0.002011284149480516,0.0027121000002807705
83.319165,0.006992100000388746,0.0038041000002976945,0.004350334787953168,0.003964314452532827,0.004852100000334758
83.339165,0.0003821000002517394,0.005126100000325096,0.00538037416865661,0.006772356410580393,0.006412100000261489
83.359165,0.006412100000261489,0.0073421000003236255,0.006395994905711309,0.0058401652683869165,0.006992100000388746
83.379165,0.006992100000388746,0.006798100000287377,0.007215729871882961,0.007084897203110149,0.006412100000261489
83.399165,0.01593210000032741,0.006254100000296603,0.0076681360143330286,0.007446901865090193,0.006412100000261489
83.419164,0.004272100000207502,0.008042100000284335,0.007643597776137702,0.007292356410513571,0.006992100000388746
83.439164,-0.002337899999702131,0.007498100000248087,0.007121478868771441,0.007694594172752868,0.004272100000207502
83.459164,0.015352100000200153,0.0046981000002233484,0.006169776978037934,0.0062778109559558735,0.004272100000207502
83.479164,0.004272100000207502,0.0048141000002488,0.004932845117026166,0.004924454312575308,0.004272100000207502
83.499164,0.001932100000203718,0.005358100000239574,0.003614800062570679,0.003413498601643768,0.004272100000207502
83.519164,0.004852100000334758,0.0023641000002498913,0.0024492577912962293,0.0024049904431436334,0.001932100000203718
83.539163,0.0003821000002517394,0.0014701000002787623,0.0016483169380053025,0.0020289997671667764,0.0003821000002517394
83.559163,0.0003821000002517394,0.000732100000277569,0.0013418911212481008,0.0010144310026102082,0.0003821000002517394
83.579163,-0.00019789999964814342,0.001938100000279519,0.0015325239263890226,0.0011082305364156647,0.0003821000002517394
83.599163,-0.0017578999998022482,0.0027161000002706714,0.0020913161407348116,0.002472030070203215,0.0003821000002517394
83.619162,0.010882100000344508,0.0021721000002798974,0.0028054130147723987,0.002795013753187127,-0.00019789999964814342
83.639162,0.004272100000207502,0.004504100000258404,0.0034596491002029184,0.00403161048978563,0.004272100000207502
83.659162,-0.002337899999702131,0.0048161000002892255,0.003912345324086558,0.003781983450163958,0.004272100000207502
83.679162,0.01146210000024439,0.003494100000261824,0.0041291566187717735,0.004881913520078319,0.004272100000207502
83.699162,-0.00019789999964814342,0.002910100000281091,0.004165850767881913,0.0041950836832515504,0.0013521000003038353
83.719162,0.004272100000207502,0.0052421000002595974,0.004116630922053949,0.0027157829839459823,0.004272100000207502
83.739161,0.0013521000003038353,0.002482100000270293,0.004055620952955273,0.003396598834776068,0.0013521000003038353
83.759161,0.009322100000190403,0.0034921000002668735,0.003997950725234668,0.004433591841755385,0.004272100000207502
83.779161,-0.002337899999702131,0.003920100000277671,0.0038962097497393993,0.0038609811191540402,0.004852100000334758
83.799161,0.004852100000334758,0.004932100000269201,0.0036720911713389428,0.004348463636646534,0.006412100000261489
83.81916,0.006412100000261489,0.0030281000003014925,0.0032688701028434322,0.0037022165504187778,0.004852100000334758
83.83916,0.006412100000261489,0.0030281000003014925,0.0026992866818845965,0.0025478342660163675,0.004852100000334758
83.85916,-0.00019789999964814342,0.0024441000002752844,0.002058992090430416,0.0015244543126464757,0.001932100000203718
83.87916,-0.002337899999702131,0.000810100000262537,0.001490522135748051,0.0019348039629787702,-0.00019789999964814342
83.89916,0.001932100000203718,0.0004981000002771907,0.0011158508420450407,0.0009877410258906255,-0.00019789999964814342
83.919159,-0.0017578999998022482,0.000924100000247563,0.0009797531188420533,0.0006365055946595132,0.001932100000203718
83.93916,0.004852100000334758,0.0017781000002287327,0.0010376996527977384,0.000835876224026049,0.001932100000203718
83.959159,0.001932100000203718,0.0013521000002583606,0.001189239504999339,0.0014654333335810572,0.001932100000203718
83.979159,0.001932100000203718,0.0017801000002691581,0.0013295571288416436,0.0013112375293844731,0.001932100000203718
83.999159,-0.00019789999964814342,0.0008861000002525543,0.0013881857502336685,0.0013508179489815637,0.0003821000002517394
84.019158,0.0003821000002517394,0.0008861000002525543,0.0013423055221507265,0.0017065988347561949,0.0003821000002517394
84.039158,0.0003821000002517394,0.0014701000002787623,0.0012134802788116303,0.0013437317018888274,0.0003821000002517394
84.059158,0.001932100000203718,0.0015861000002587388,0.0010626505329387724,0.0004241979023726775,0.0003821000002517394
84.079158,0.004852100000334758,0.0014701000002787623,0.0009864070996594603,0.00174249627068331,0.0003821000002517394
84.099158,0.0003821000002517394,0.0009261000002879882,0.0011024870685915691,0.0014692328674208188,0.0003821000002517394
84.119157,-0.00019789999964814342,0.0027161000003161464,0.0015122648979010616,0.0005995825177830173,0.0003821000002517394
84.139157,-0.002337899999702131,0.0008121000003029621,0.00224706425253293,0.0026118669000749577,-0.00019789999964814342
84.159157,0.010882100000344508,0.002018100000304912,0.0032261712214896104,0.002911097669312395,-0.00019789999964814342
84.179157,-0.004667899999731162,0.005244100000300023,0.004255791121265046,0.0035415638697662483,0.006412100000261489
84.199157,0.006412100000261489,0.005244100000300023,0.005078546484472569,0.005817950816151701,0.006412100000261489
84.219157,0.01593210000032741,0.004350100000283419,0.005457637683081214,0.005929419347599035,0.006412100000261489
84.239156,-0.002337899999702131,0.006566100000281949,0.005260307358657045,0.005411983450167835,0.006412100000261489
84.259156,0.006412100000261489,0.004350100000283419,0.0045015705095913,0.003730072028244738,0.006412100000261489
84.279156,0.006412100000261489,0.0013961000002836953,0.0033292698344207015,0.003645922844110316,0.0011621000003287918
84.299156,-0.004667899999731162,0.0019401000002744694,0.0019639033887141138,0.0011194659676555898,0.0011621000003287918
84.319155,0.0011621000003287918,0.000618100000292543,0.0006276768050489631,0.00011196014014306624,0.0003821000002517394
84.339155,0.0003821000002517394,-0.000587899999709407,-0.000503342095313822,0.0007045475527305557,0.0003821000002517394
84.359155,-0.00019789999964814342,0.0004221000002871733,-0.001309101721241534,-0.0007260818179030755,0.0003821000002517394
84.379155,0.0003821000002517394,-0.0007438999997248175,-0.001710278700798749,-0.0019009303027528743,0.0003821000002517394
84.399155,0.0003821000002517394,-0.0012878999997155915,-0.0016580761339553137,-0.0016582729600758818,-0.00019789999964814342
84.419154,-0.004667899999731162,-0.0020278999997117354,-0.0011511110529674649,-0.0016696249414315328,-0.002337899999702131
84.439154,-0.002337899999702131,-0.0009398999996847124,-0.00027201995267707224,8.412797232763706e-05,-0.002337899999702131
84.459154,-0.003897899999628862,0.0005761000003076333,0.0007916254116634942,0.000851027739238952,-0.002337899999702131
84.479154,0.005822100000386854,0.0024801000003208174,0.001778799080811177,0.0009266920749110069,0.004852100000334758
84.499154,0.007962100000213468,0.0021681000003354713,0.00244173070025988,0.0026311909094137807,0.004852100000334758
84.519153,0.004852100000334758,0.0030241000003115915,0.002644761583002882,0.0032155498837718754,0.004852100000334758
84.539153,-0.003897899999628862,0.00325810000031197,0.002415907566261455,0.0028109811192048107,0.004852100000334758
84.559153,0.0003821000002517394,0.0008861000003435038,0.0019234128928797794,0.0021168086250486235,0.0003821000002517394
84.579153,0.006992100000388746,0.000304100000357721,0.001399466367331533,0.0007663424245983735,0.0003821000002517394
84.599153,-0.003897899999628862,0.0014721000003646624,0.0010556540154345745,0.0004273214455985763,0.0019421000004058442
84.619153,0.0019421000004058442,0.0019381000003704685,0.0010217340034894683,0.0010989997672627922,0.0019421000004058442
84.639152,0.0019421000004058442,0.0008101000003534864,0.0013183282242138427,0.0019335685318270196,0.0019421000004058442
84.659152,0.0027121000002807705,0.0021321000003354127,0.0018624197973177012,0.0015007946390385865,0.0019421000004058442
84.679152,0.0013521000003038353,0.002286100000310398,0.0024982892967174296,0.002031540559733485,0.0027121000002807705
84.699152,0.0027121000002807705,0.0027521000002707296,0.003043317213363043,0.0038947107228997175,0.0027121000002807705
84.719151,0.0027121000002807705,0.0034921000002668735,0.0033395604697010217,0.0030900487182144434,0.0027121000002807705
84.739151,0.004272100000207502,0.003610100000287275,0.0033030831020350393,0.0035717037298687035,0.0027121000002807705
84.759151,0.006412100000261489,0.0027161000002706714,0.0029583395251096415,0.003065060373229827,0.0027121000002807705
84.779151,0.0019421000004058442,0.003144100000281469,0.0024401207384036686,0.002445806293998477,0.004272100000207502
84.799151,-0.0017578999998022482,0.0018221000002995424,0.0019525469621222682,0.0017700487182462253,0.0019421000004058442
84.81915,0.004852100000334758,0.0009281000003284135,0.0016954647457414966,0.0013022631704635123,0.0019421000004058442
84.83915,-0.002337899999702131,0.0013941000002887448,0.0017889804387403341,0.0016416571098777295,0.0019421000004058442
84.85915,0.0019421000004058442,0.0027161000003161464,0.002230294024127546,0.0019007713289928391,0.004272100000207502
84.87915,0.004272100000207502,0.0031441000003269437,0.002901654724466216,0.00393732144554013,0.004272100000207502
84.89915,0.004852100000334758,0.004154100000323524,0.0036235205903005574,0.003975782983999435,0.004272100000207502
84.919149,0.006992100000388746,0.005048100000294653,0.004224432253078433,0.0038128226110217193,0.004852100000334758
84.939149,0.0027121000002807705,0.003570100000297316,0.004591450386181152,0.004422123310327999,0.004852100000334758
84.959149,0.006412100000261489,0.003998100000308114,0.004679761214184803,0.004524407692608543,0.006412100000261489
84.979149,-0.0031178999997791834,0.003570100000297316,0.004489053074447123,0.004337088345292542,0.004852100000334758
84.999149,0.006992100000388746,0.00431010000029346,0.0040366074936483975,0.0042325895107739875,0.006412100000261489
85.019149,0.004852100000334758,0.0031041000002915097,0.0033542741170695034,0.0029893261075192887,0.004852100000334758
85.039148,0.006412100000261489,0.003688100000317718,0.002508841934820515,0.002888347086558831,0.004852100000334758
85.059148,0.0003821000002517394,0.0015101000003141963,0.0016170842132885558,0.001808883217097159,0.0003821000002517394
85.079148,-0.00019789999964814342,0.0010821000003033987,0.0008266798158449142,0.0008620300702521953,0.0003821000002517394
85.099148,-0.003897899999628862,-0.0006678999996893254,0.00026414981991353337,-0.00037608181787088517,-0.00019789999964814342
85.119148,0.0027121000002807705,-0.0007838999996693019,-1.7706903536625214e-05,0.00010191352012870196,-0.00019789999964814342
85.139147,-0.002337899999702131,0.0005381000003126246,-5.5954158029748995e-05,-0.0009797181814958597,-0.00019789999964814342
85.159147,-0.00019789999964814342,0.0013941000002887448,5.586374797892932e-05,0.0008622631704560867,0.0003821000002517394
85.179147,0.006412100000261489,-8.189999971364159e-05,0.00023174373459606087,0.0018981372963172275,-0.00019789999964814342
85.199147,0.0003821000002517394,0.002250100000264865,0.0004488564624895736,0.0007076477858229614,0.0003821000002517394
85.219146,-0.004667899999731162,0.0015101000002687216,0.0007582506710791396,-0.0004253592071908139,0.0003821000002517394
85.239146,0.009322100000190403,-0.0011338999997406063,0.001239614268546915,0.0012374146855672814,-0.003897899999628862
85.259146,-0.003897899999628862,0.0006541000002471264,0.0019232841635771487,0.0013989764571107047,-0.003897899999628862
85.279146,-0.00680789999978515,0.003880100000242237,0.0027256955533856543,0.0018972048953495484,0.009322100000190403
85.299146,0.009322100000190403,0.0020921000002545043,0.003445008391895692,0.004231750349906205,0.0003821000002517394
85.319145,0.01146210000024439,0.0038421000002472282,0.003835194589188551,0.003504034732197241,0.004852100000334758
85.339146,0.0003821000002517394,0.005746100000260412,0.0037255894165681438,0.0035359694641281967,0.004852100000334758
85.359145,0.004852100000334758,0.0025201000002653016,0.003116531827199671,0.003772869231002259,0.0027121000002807705
85.379145,0.0027121000002807705,0.0020921000002545043,0.0021968296604871784,0.003612542890708107,0.0027121000002807705
85.399145,-0.00680789999978515,0.001082100000257924,0.0012803349253623782,0.0010906547788270412,0.0027121000002807705
85.419144,0.009322100000190403,0.0015101000002687216,0.0007000410433940565,-0.0003519792538148642,0.0027121000002807705
85.439144,-0.004667899999731162,0.0003441000002567307,0.0007044841185743863,0.0006864822846462362,-0.0031178999997791834
85.459144,0.006992100000388746,0.0017821000002641086,0.0013835458255949701,0.0006276710958335388,0.0003821000002517394
85.479144,-0.0031178999997791834,0.0019001000002845103,0.0026338210409746917,0.002211167599332607,0.0003821000002517394
85.499144,0.0003821000002517394,0.00411610000028304,0.004171471638160305,0.005453708391886544,0.006412100000261489
85.519143,0.009912100000292412,0.00501010000025417,0.005602125326060802,0.005469792307965362,0.006412100000261489
85.539143,0.006412100000261489,0.0078101000002789075,0.006541865660974881,0.00736331212148518,0.009912100000292412
85.559143,0.01146210000024439,0.007266100000288133,0.006750324033586319,0.006401517249694344,0.009912100000292412
85.579143,0.010882100000344508,0.00567210000031082,0.006213954721641605,0.006205992774206652,0.006412100000261489
85.599143,-0.002337899999702131,0.004350100000328894,0.005132788978454749,0.004829629137861281,0.0019421000004058442
85.619143,0.0019421000004058442,0.0024461000003611843,0.003815976492276095,0.003101843590100377,0.0019421000004058442
85.639143,-0.00019789999964814342,0.0014341000003696535,0.0025462891280123253,0.0028647107230022834,0.0019421000004058442
85.659142,0.0019421000004058442,0.0022901000003912484,0.0014893345271165513,0.0008294426577258573,0.0019421000004058442
85.679142,0.005822100000386854,0.001862100000380451,0.0006860408557830618,0.0006308645691329016,0.0019421000004058442
85.699142,0.0019421000004058442,0.0005401000003530498,0.00010742913887296505,0.0010686268069039755,0.0019421000004058442
85.719141,-0.00019789999964814342,0.0005401000003530498,-0.0002841212237154314,-0.00029137319311801446,0.0019421000004058442
85.739141,-0.00680789999978515,-0.0009738999996443453,-0.000510009272023988,0.00027848694673227167,-0.00019789999964814342
85.759141,0.0019421000004058442,-0.0012858999996751663,-0.0005872526981288161,-0.0009458020975647035,-0.00019789999964814342
85.779141,-0.001747899999600122,-0.00027589999967858603,-0.0005459761116117064,-0.001385335897108696,0.0003821000002517394
85.799141,0.0003821000002517394,-0.00015989999965313473,-0.00042611349255555775,-0.0007230282048179516,0.0003821000002517394
85.81914,0.004852100000334758,-3.899999683198985e-06,-0.0002546613692147077,0.0005973214455398444,0.0003821000002517394
85.83914,-0.006227899999657893,0.0006161000002975925,-2.5120822221611583e-05,0.0004335918418155106,0.0013521000003038353
85.85914,0.002722100000255523,0.0009281000003284135,0.000302306831446944,-0.0005742403260161696,0.0019421000004058442
85.87914,0.0013521000003038353,-0.0008198999996693601,0.0007788487983927816,0.0011689764572006107,0.0013521000003038353
85.89914,0.0019421000004058442,0.0018241000003399676,0.0014361713751425962,0.0017238249420691919,0.0019421000004058442
85.919139,-0.0038878999996541097,0.0033401000003323135,0.002260914933233489,0.0023669717952082532,0.0019421000004058442
85.93914,0.006992100000388746,0.0030301000003419174,0.003185814139999844,0.00312855687678014,0.0019421000004058442
85.959139,0.010302100000217251,0.0031861000003118533,0.004100568192222452,0.0031999554781696705,0.002722100000255523
85.979139,-0.00019789999964814342,0.00450810000029378,0.004872897721058793,0.004634454312664056,0.002722100000255523
85.999139,0.002722100000255523,0.005286100000284932,0.005366585934263985,0.005909256177451791,0.002722100000255523
86.019138,0.002722100000255523,0.0046241000003192315,0.005458791033444828,0.0059179974361868795,0.002722100000255523
86.039138,0.010882100000344508,0.005208100000299964,0.00507203748710126,0.004641540559742483,0.002722100000255523
86.059138,0.006992100000388746,0.004196100000308433,0.004220735162543189,0.003704734032963294,0.002722100000255523
86.079138,0.002722100000255523,0.004040100000338498,0.0030422791897672828,0.003301307459536067,0.002722100000255523
86.099138,-0.002337899999702131,0.0013961000003291702,0.0017788157134135145,0.0024466221448483086,0.0019421000004058442
86.119138,0.0019421000004058442,7.410000030176889e-05,0.0007080038453872857,0.0005546874129010899,0.0003821000002517394
86.139138,-0.002337899999702131,0.00038410000029216463,5.722678635086345e-05,8.03051284958945e-05,0.0003821000002517394
86.159137,0.0003821000002517394,0.00038410000029216463,-5.731042196751673e-05,-0.0005976435894594571,0.0003821000002517394
86.179137,0.004272100000207502,0.0012781000002632936,0.0003530670787906981,0.0002590696972463838,0.0003821000002517394
86.199137,-0.002337899999702131,0.0008121000002574875,0.0011701465138991179,0.0016469484851075148,0.0003821000002517394
86.219136,0.006412100000261489,0.0026001000002452202,0.0022060981373051174,0.00273601608414496,0.004272100000207502
86.239136,-0.004667899999731162,0.0030281000002560176,0.0032425865378549862,0.0034369251750615455,0.006412100000261489
86.259136,0.009322100000190403,0.004350100000237944,0.004069471638315207,0.003534687412845672,0.006412100000261489
86.279136,0.006412100000261489,0.0030281000002560176,0.0045241069343470745,0.00406342867158549,0.004272100000207502
86.299136,0.004272100000207502,0.004932100000269201,0.004523268735638702,0.004505806293956586,0.004852100000334758
86.319135,-0.00019789999964814342,0.003922100000272622,0.004074296437543383,0.003951167599336485,0.004272100000207502
86.339135,0.004852100000334758,0.0026001000002906947,0.003262511698826277,0.004258813287017946,0.004272100000207502
86.359135,0.004272100000207502,0.0021341000003303632,0.0022263980192909058,0.0015592794875151673,0.0019421000004058442
86.379135,-0.00019789999964814342,0.0018241000003399676,0.0011315803572743465,0.0007034286716701502,0.0019421000004058442
86.399135,0.0019421000004058442,-7.989999967321637e-05,0.00014362747309634233,0.00010839370663598814,-0.00019789999964814342
86.419134,-0.001747899999600122,-0.0008578999996643688,-0.0006032905230998371,-0.0002950095567886579,-0.00019789999964814342
86.439134,-0.004667899999731162,-0.0007418999996843922,-0.0010354667571650846,-0.001315615617417101,0.0003821000002517394
86.459134,0.0003821000002517394,-0.0010538999997152132,-0.0011509887120192117,-0.0009164314682401373,0.0003821000002517394
86.479134,0.0003821000002517394,-0.0006278999997448409,-0.0010022270209694433,-0.0004032146850396596,0.0003821000002517394
86.499134,0.0003821000002517394,0.0006941000002825603,-0.0006566409319406546,-0.00024249207431472757,0.0003821000002517394
86.519133,0.0003821000002517394,0.00026810000031218806,-0.00016084028054834398,-0.00020857599038145172,0.0003821000002517394
86.539133,0.0019421000004058442,0.00015210000033221148,0.0004668251358301235,-5.270186447315305e-05,0.0003821000002517394
86.559133,-0.001747899999600122,3.610000035223493e-05,0.001209245307310815,0.0006594892777436407,-0.00019789999964814342
86.579133,-0.00019789999964814342,0.001358100000379636,0.0020091341358889373,0.002203148951421656,-0.00019789999964814342
86.599133,-0.00019789999964814342,0.002836100000376973,0.0027485056804455355,0.0029541979024956737,-0.00019789999964814342
86.619133,0.006992100000388746,0.0038461000003735535,0.0032754003318595125,0.0032335452218304308,0.0033021000003827794
86.639132,0.00933210000039253,0.003536100000383158,0.00347067971482593,0.0033357363640004797,0.0033021000003827794
86.659132,0.0033021000003827794,0.003652100000363134,0.0033120004166800592,0.0033102818185534897,0.0033021000003827794
86.679132,-0.001747899999600122,0.002642100000366554,0.0028880073620617475,0.0032194892777612136,0.0019421000004058442
86.699132,0.0003821000002517394,0.001164100000369217,0.002353066957620494,0.0020376477859206936,0.0019421000004058442
86.719131,0.0019421000004058442,0.0014761000003545633,0.0018587335703357899,0.0017470650353195107,0.0019421000004058442
86.739131,0.0019421000004058442,0.001786100000344959,0.0015095886499066128,0.0012193727276228153,0.0019421000004058442
86.759131,0.0048621000003095105,0.002992100000346909,0.0013618690956400407,0.00191468741291619,0.0019421000004058442
86.779131,-0.00019789999964814342,0.001826100000334918,0.0014455234160503454,0.001793731701961107,0.0019421000004058442
86.799131,0.006412100000261489,0.001982100000304854,0.0017760675150649663,0.0021775545457789784,0.002722100000255523
86.81913,-0.0038878999996541097,0.0013981000003241207,0.002337956131355652,0.002168277156490561,0.0019421000004058442
86.83913,0.002722100000255523,0.0031861000003118533,0.003050851959370024,0.0024330324012520645,0.002722100000255523
86.85913,0.0019421000004058442,0.0022921000003407245,0.003751619890680021,0.002822356410597493,0.0019421000004058442
86.87913,0.00874210000029052,0.004042100000333448,0.004220679084222772,0.00439547995372117,0.002722100000255523
86.89913,0.0019421000004058442,0.004470100000344246,0.00425289937347388,0.0045852701635012635,0.0048621000003095105
86.919129,0.0048621000003095105,0.004936100000304577,0.0037429674294732016,0.004616645454843981,0.0048621000003095105
86.939129,0.0048621000003095105,0.002566100000285587,0.002744665022008965,0.0028036617718546525,0.004272100000207502
86.959129,0.004272100000207502,0.001244100000258186,0.0014737452064676512,0.0016645242426892488,0.004272100000207502
86.979129,-0.003107899999804431,0.0002321000002666551,0.00024557249036733116,-0.00040454335637663707,-0.00019789999964814342
86.999129,-0.004667899999731162,-0.0006638999997448991,-0.0006331331374275486,-0.0012642869461300405,-0.00019789999964814342
87.019129,-0.00019789999964814342,-0.001985899999726826,-0.0009727903231235918,-0.0010350561769024332,-0.002337899999702131
87.039128,0.0003821000002517394,-0.0008198999997148348,-0.0007592598291082244,-0.00046020769204618606,-0.00019789999964814342
87.059128,-0.002337899999702131,0.0016681000002790824,-0.00013754428545275084,-0.00031545244725466606,0.0003821000002517394
87.079128,0.002722100000255523,0.0013581000002886867,0.0006645211861761852,0.001523521911727029,0.0003821000002517394
87.099128,0.007772100000238424,0.0009321000003183144,0.0014311615820249333,0.002194174592388334,-0.001747899999600122
87.119128,-0.001747899999600122,0.0026821000003110383,0.002026690976173423,0.001325037063251458,0.002722100000255523
87.139127,-0.001747899999600122,0.002098100000330305,0.0024104078068296745,0.0019611209793501845,-0.00019789999964814342
87.159127,0.006412100000261489,0.0006201000003329682,0.0026062329354935485,0.002750351748568452,-0.00019789999964814342
87.179127,-0.00019789999964814342,0.002718100000311097,0.002660701898316823,0.0020365988348155597,0.0003821000002517394
87.199127,0.0003821000002517394,0.0036121000002822257,0.0026205145115960524,0.002402892541104559,0.002722100000255523
87.219126,0.00874210000029052,0.002290100000300299,0.002537333345757861,0.0034691629373403477,0.0003821000002517394
87.239126,0.002722100000255523,0.00330210000029183,0.002483641764924398,0.002883941492130969,0.002722100000255523
87.259126,-0.00019789999964814342,0.00330210000029183,0.0025535685890055106,0.002008556876761719,0.002722100000255523
87.279126,0.0048621000003095105,0.0019421000003148948,0.002833383214381365,0.00332881328701909,0.0019421000004058442
87.299126,0.0003821000002517394,0.002680100000316088,0.0033518066158748174,0.0033872981355094513,0.0019421000004058442
87.319125,0.0019421000004058442,0.00446810000030382,0.004040071006265727,0.0032472282054417673,0.0048621000003095105
87.339125,0.006412100000261489,0.004040100000293023,0.004730303499307263,0.0047925428907393455,0.002722100000255523
87.359125,0.00874210000029052,0.004936100000304577,0.005200182092781605,0.004505223543398627,0.0048621000003095105
87.379125,0.002722100000255523,0.005402100000264909,0.005246000282367565,0.005443382051566664,0.0048621000003095105
87.399125,0.0048621000003095105,0.0040801000002829825,0.004753250552490372,0.0052620533802431755,0.004272100000207502
87.419124,0.004272100000207502,0.004198100000303384,0.0037412464659155598,0.004160817949010848,0.004272100000207502
87.439124,-0.00019789999964814342,0.0024101000003156512,0.002373834552309903,0.0022277410259638314,0.004272100000207502
87.459124,0.00933210000039253,0.0013981000003241207,0.0009354265789602235,0.0007625195807364213,-0.00019789999964814342
87.479124,-0.006217899999683141,7.610000034219411e-05,-0.0002289495393693262,0.0004503051285406612,-0.00019789999964814342
87.499124,-0.00019789999964814342,0.00019210000032217068,-0.0008051193217550197,-0.0006438673656264204,-0.00019789999964814342
87.519123,-0.002337899999702131,-0.0012858999996751663,-0.000610681000813602,-0.00132654801832031,-0.00019789999964814342
87.539123,0.0003821000002517394,3.410000031180971e-05,0.0003322012689829163,-0.0006893452211389182,0.0003821000002517394
87.559123,0.0019421000004058442,0.0009281000002829387,0.0017859211391221654,0.0009278575760544847,0.0003821000002517394
87.579123,0.0003821000002517394,0.0035721000002922666,0.0033605386349827614,0.0047975079256833645,0.0019421000004058442
87.599123,0.004272100000207502,0.005788100000290797,0.00463722503288325,0.0058522165503881625,0.004272100000207502
87.619123,0.010882100000344508,0.006254100000251128,0.005315072510142656,0.006278673426846907,0.004272100000207502
87.639122,0.01146210000024439,0.005828100000280756,0.0053241591505789115,0.004886109324301161,0.004272100000207502
87.659122,0.004272100000207502,0.004506100000298829,0.00484433165687443,0.0036795825177586786,0.004272100000207502
87.679122,-0.001747899999600122,0.002290100000300299,0.004204420557211226,0.003460701398891692,-0.00019789999964814342
87.699122,-0.002337899999702131,0.0015921000002890652,0.0037063160853259007,0.0034281372963387846,-0.00019789999964814342
87.719121,-0.00019789999964814342,0.0029141000003164662,0.003475076058508781,0.003156389044588149,-0.00019789999964814342
87.739121,0.00797210000018822,0.00466210000031424,0.0034270741348250773,0.0033539414921755443,0.006992100000388746
87.759121,0.010882100000344508,0.005090100000325037,0.0033699201731776283,0.004513964802205268,0.006992100000388746
87.779121,0.006992100000388746,0.004780100000334642,0.003156918284851603,0.00444818391640231,0.006992100000388746
87.799121,-0.00019789999964814342,0.0032621000003473454,0.0027855199190362956,0.0027436384618843047,0.0003821000002517394
87.81912,-0.001747899999600122,0.0006181000003380177,0.0023783117723778146,0.001778813287063397,-0.00019789999964814342
87.83912,0.0003821000002517394,-0.0003918999996585626,0.0020744899813932853,0.0011291629373980383,-0.00019789999964814342
87.85912,-0.002337899999702131,0.0017081000003145164,0.001919471458913924,0.001058626806836471,0.0003821000002517394
87.87912,0.0019421000004058442,0.0029121000002760413,0.0018324117914641715,0.0021286734268728697,0.0019421000004058442
87.89912,0.010302100000217251,0.002486100000305669,0.001670733913854151,0.0024662258744232142,0.0019421000004058442
87.919119,0.004272100000207502,0.0027201000003060473,0.0013414248711480599,0.0021465289047118874,0.0019421000004058442
87.939119,-0.001747899999600122,0.0013981000002786458,0.0008765950269806269,0.0008151069932970652,-0.0011678999997002393
87.959119,-0.0011678999997002393,-0.0005858999997144565,0.0004192064850301923,0.0007436617718530824,-0.0011678999997002393
87.979119,-0.004667899999731162,-0.0014798999996855854,0.00013277887193702894,-0.0009569909088037072,-0.0011678999997002393
87.999119,0.0003821000002517394,3.6100000306760195e-05,0.00010183614664905944,-0.0006588324006087934,-0.00019789999964814342
88.019119,-0.00019789999964814342,3.6100000306760195e-05,0.00028950521256398715,0.000488020746238968,-0.00019789999964814342
88.039118,0.005832100000361606,0.0023681000003307417,0.0005731511322768757,0.0008485335667494867,0.0003821000002517394
88.059118,-0.0011678999997002393,0.0013581000003341614,0.0008262363801692624,0.0013506081588433244,-0.00019789999964814342
88.079118,0.006992100000388746,0.0010481000003437658,0.000989533132421822,0.0018838948721372614,-0.0011678999997002393
88.099118,-0.004667899999731162,0.0008541000003333465,0.0010888258263724677,0.0011666221448607223,-0.0011678999997002393
88.119117,-0.001747899999600122,0.0013201000003391528,0.0011955073887197902,0.0008635685317994927,0.0011621000003287918
88.139117,0.0048621000003095105,-0.00011789999966822506,0.0013629465474406055,0.00019603939429465577,-0.00019789999964814342
88.159117,0.0011621000003287918,0.0012041000003591763,0.001580810824927056,0.0008818435901100322,0.0011621000003287918
88.179117,-0.00019789999964814342,0.0019421000003603695,0.0017704921986592271,0.0014716571098951213,0.0019421000004058442
88.199117,0.0019421000004058442,0.0018241000003399676,0.0018196351650166605,0.0036237083919440005,0.0019421000004058442
88.219116,0.0019421000004058442,0.00244610000031571,0.0016398124248732243,0.002161750349976524,0.0019421000004058442
88.239116,0.004272100000207502,0.0021361000003253137,0.0012242928875998579,0.00043422121244806255,0.0019421000004058442
88.259116,0.004272100000207502,-3.9899999683257194e-05,0.0006767269993358894,-0.00013904219082445522,0.0019421000004058442
88.279116,-0.001747899999600122,-0.00015589999970870848,0.00018663825664573378,0.0010903983686030789,0.0013621000002785877
88.299116,-0.008937899999637011,-3.789999968830671e-05,-4.505690888305318e-05,0.0004584869466763818,0.0013621000002785877
88.319115,0.0013621000002785877,0.000856100000328297,0.00010934546440512361,-0.00035631491810619105,0.0013621000002785877
88.339115,0.0048621000003095105,-3.789999968830671e-05,0.0006602251449840153,0.000630608158835268,0.0013621000002785877
88.359115,0.00874210000029052,0.002138100000320264,0.0015143120152453862,0.0007145009327314168,0.0019421000004058442
88.379115,-0.006217899999683141,0.003614100000322651,0.002517651425575742,0.002354920513137047,0.0048621000003095105
88.399115,0.0019421000004058442,0.0022921000003407245,0.0034911154645142486,0.004757950816182137,0.0019421000004058442
88.419114,0.00874210000029052,0.002720100000351522,0.004253474592862735,0.004423242191498646,0.0019421000004058442
88.439114,-0.001747899999600122,0.005830100000366656,0.004651913381892731,0.004084477622740301,0.00874210000029052
88.459114,0.010882100000344508,0.0050921000003654624,0.0046082045733479475,0.004190235198522369,0.00874210000029052
88.479114,0.00933210000039253,0.00330410000037773,0.004159830621776671,0.004490561538837242,-0.00019789999964814342
88.499114,-0.001747899999600122,0.004042100000378923,0.0034627125301510053,0.0029292095574723663,0.0019421000004058442
88.519114,-0.00019789999964814342,0.00194410000035532,0.002740701025870069,0.0029672515155232198,0.00039210000022649183
88.539113,0.0019421000004058442,0.0014781000003495138,0.0022049128540374816,0.003304058042305676,0.00039210000022649183
88.559113,0.00039210000022649183,0.0032281000003422378,0.0019896954400582313,0.001053848252092241,0.0019421000004058442
88.579113,0.007002100000363498,0.002802100000326391,0.002136354322454078,0.0016233587415905796,0.0019421000004058442
88.599113,0.007002100000363498,0.002374100000315593,0.0026154023351053733,0.003038370396589745,0.00039210000022649183
88.619112,-0.0023278999997273786,0.004044100000328399,0.0033526215627489708,0.0039617503499698985,0.007002100000363498
88.639112,-0.00019789999964814342,0.003926100000307997,0.004236662492663483,0.004253079021289148,0.006412100000261489
88.659112,0.00874210000029052,0.004274100000293402,0.005119421297112424,0.005336645454833486,0.006412100000261489
88.679112,0.006412100000261489,0.005594100000280378,0.005834977739125445,0.005229465967639456,0.006412100000261489
88.699112,0.00874210000029052,0.00722810000024765,0.006241935931211009,0.006193125641293035,0.00797210000018822
88.719111,0.004272100000207502,0.005868100000270715,0.006265272619087673,0.006449302797456768,0.006412100000261489
88.739111,0.00797210000018822,0.005440100000259918,0.00591064188682024,0.005600608158755689,0.004272100000207502
88.759111,0.0019421000004058442,0.003770100000247112,0.005245878133084727,0.00450529347344559,0.004272100000207502
88.779111,0.004272100000207502,0.004316100000278311,0.0043676922691824865,0.004700934499106778,0.004272100000207502
88.799111,0.00039210000022649183,0.0036941000003025692,0.0033790564806446054,0.004000817949010943,0.004272100000207502
88.81911,0.007002100000363498,0.0036941000003025692,0.002390841859858937,0.0026500487182812183,0.004272100000207502
88.83911,0.0048621000003095105,0.002062100000330247,0.0015364499408693476,0.0015355498837765743,0.0019421000004058442
88.85911,0.0019421000004058442,0.0012061000003541268,0.0009685512751174156,0.0010022398604678658,0.0019421000004058442
88.87911,-0.0038878999996541097,0.0006601000003229274,0.0008147445079608197,0.0006246641029205296,0.0019421000004058442
88.89911,-0.0038878999996541097,7.610000034219411e-05,0.0011061365734032578,0.0007152468534871141,0.0019421000004058442
88.91911,0.004272100000207502,0.0009701000003133232,0.0017287155836716135,0.0013937550119623335,0.0019421000004058442
88.939109,0.0019421000004058442,0.002602100000285645,0.0024444280149906682,0.0020894659676562776,0.004272100000207502
88.959109,0.006412100000261489,0.004662100000268765,0.0029845623638592557,0.0036560160841865538,0.004272100000207502
88.979109,0.004272100000207502,0.0033401000002868386,0.00316865379920153,0.004117717715892231,0.004272100000207502
88.999109,0.006412100000261489,0.0036901000002671934,0.0029844728284409857,0.0033585102566818935,0.004272100000207502
89.019109,-0.002337899999702131,0.0019401000002744694,0.002586539605808941,0.002493545221729237,0.0036921000003076188
89.039108,0.0036921000003076188,0.0016301000002840738,0.002215103470813959,0.0016492095573702984,0.002722100000255523
89.059108,-0.002337899999702131,0.0013201000002936781,0.00207876165520417,0.0011639648021517875,0.002722100000255523
89.079108,0.002722100000255523,0.0018641000002844522,0.0022596600854883297,0.0018412142194196741,0.002722100000255523
89.099108,0.0048621000003095105,0.0025241000003006775,0.0026840667104137865,0.0023539181821277066,0.002722100000255523
89.119107,0.0003821000002517394,0.003964100000303006,0.0031658410572450156,0.004039489277682157,0.0048621000003095105
89.139107,0.006992100000388746,0.003964100000303006,0.003497067786962579,0.0038886034967861795,0.0048621000003095105
89.159107,0.0048621000003095105,0.003846100000282604,0.00354319390901701,0.004399699067898891,0.004272100000207502
89.179107,0.002722100000255523,0.0037301000003026274,0.003301689709326138,0.0034030090912061813,0.004272100000207502
89.199107,0.004272100000207502,0.0027201000003060473,0.0029000966475709543,0.0019101419583520002,0.002722100000255523
89.219106,-0.00019789999964814342,0.0018241000002944929,0.0025360217472454706,0.0028746174828241404,0.0019421000004058442
89.239106,0.0019421000004058442,0.0016681000003245573,0.0023879275791493532,0.0021434053616184905,0.0019421000004058442
89.259106,0.0003821000002517394,0.003106100000331935,0.0025386870207662936,0.0015238715620922265,0.0019421000004058442
89.279106,0.0019421000004058442,0.0027961000003415394,0.0029466481855170037,0.0032932421914731416,0.0019421000004058442
89.299106,0.01146210000024439,0.002952100000311475,0.003473846167113873,0.0038222631705126446,0.0019421000004058442
89.319105,-0.001747899999600122,0.005480100000340826,0.0039511968941327935,0.004437414685658678,0.002722100000255523
89.339105,0.002722100000255523,0.004742100000339633,0.004245380237292888,0.004519302797537737,0.002722100000255523
89.359105,0.013022100000398495,0.0029941000003418593,0.004299602064690812,0.004631027739255674,0.002722100000255523
89.379105,-0.001747899999600122,0.004198100000303384,0.004137609117487535,0.0035088132870220315,0.002722100000255523
89.399105,0.002722100000255523,0.004198100000303384,0.003834406419737137,0.0028972048954138863,0.002722100000255523
89.419104,0.004272100000207502,0.0018261000002894434,0.0034699554342493078,0.0045039181821008014,0.002722100000255523
89.439104,0.002722100000255523,0.003458100000261766,0.0030913129773471994,0.002916225874405392,0.002722100000255523
89.459104,0.0011621000003287918,0.003458100000261766,0.002702695005234745,0.0017196757578197114,0.002722100000255523
89.479104,0.006412100000261489,0.0016701000002740328,0.0022837293715400127,0.0023317037298585686,0.002722100000255523
89.499104,0.002722100000255523,0.0016701000002740328,0.0018196944398631532,0.0022988132869923347,0.002722100000255523
89.519103,-0.004667899999731162,0.0018261000002894434,0.0013250703944362563,0.0015618902100906782,0.002722100000255523
89.539103,0.002722100000255523,0.0015161000002990477,0.0008528531936756167,0.001302193240401709,0.002722100000255523
89.559103,0.0019421000004058442,0.00019410000031712117,0.0004941076892136315,0.0007472981355083554,0.0019421000004058442
89.579103,0.0048621000003095105,0.0014001000003190712,0.0003699851748714161,-0.00011692097870344263,0.0019421000004058442
89.599102,-0.0038878999996541097,0.0009321000003183144,0.0006073237513709852,0.00010841701662902864,0.0013621000002785877
89.619102,0.0013621000002785877,0.0010881000002882502,0.0012918033302064913,0.0017958995340895453,0.0013621000002785877
89.639102,0.0003821000002517394,0.0013981000002786458,0.0024142178856862533,0.0026602585084503907,0.0013621000002785877
89.659102,0.002722100000255523,0.004664100000263715,0.003842035433452949,0.004364827272993767,0.002722100000255523
89.679102,0.006412100000261489,0.005790100000285747,0.005339167468465803,0.004929209557392218,0.006412100000261489
89.699102,0.012442100000271239,0.0065681000002768995,0.006627262122501315,0.006098044056213534,0.006412100000261489
89.719101,0.006992100000388746,0.006256100000291554,0.007455324264519579,0.007176971795146259,0.006412100000261489
89.739101,0.004272100000207502,0.0065681000002768995,0.007643736170361251,0.007332542890732682,0.006992100000388746
89.759101,0.0011621000003287918,0.006256100000291554,0.007097486691151629,0.0068791163172997214,0.006992100000388746
89.779101,0.00797210000018822,0.004818100000284176,0.005814958236155104,0.006100957809144311,0.004272100000207502
89.799101,0.010882100000344508,0.00450810000029378,0.003916319769676202,0.004100934499132837,0.002722100000255523
89.819101,-0.00019789999964814342,0.003926100000307997,0.0016770883663037581,0.0022140813522893545,0.002722100000255523
89.8391,0.002722100000255523,0.0005421000003480003,-0.0004805750686264564,-2.3051514799611692e-05,-0.00019789999964814342
89.8591,-0.001747899999600122,-0.0028798999996524797,-0.0020751081954385724,-0.0015884361301848192,-0.001747899999600122
89.8791,-0.008947899999611764,-0.0028798999996524797,-0.002718426746343921,-0.003384916316666738,-0.001747899999600122
89.8991,-0.006227899999657893,-0.002569899999662084,-0.0022714652217224215,-0.0033906738924399877,-0.001747899999600122
89.919099,-0.00019789999964814342,-0.0016758999996909552,-0.0009221948988290497,-0.0012775969693746584,-0.00019789999964814342
89.939099,0.004272100000207502,0.0010841000002983492,0.0008639041811379695,3.746130565212018e-05,0.002722100000255523
89.959099,0.002722100000255523,0.0034181000002718063,0.002507598515361323,0.0035401885783461987,0.004272100000207502
89.979099,0.004852100000334758,0.004312100000242935,0.0035241844836332863,0.0058877643359278205,0.004272100000207502
89.999099,0.005442100000209393,0.004856100000279184,0.003690423361179948,0.004786319114496833,0.004852100000334758
90.019099,0.004272100000207502,0.003262100000301871,0.0031070118076558274,0.0022797689979447175,0.004852100000334758
90.039098,0.006992100000388746,0.0006201000002874935,0.0021339518370198257,0.000295759673957679,0.004272100000207502
90.059098,-0.005247899999631045,-0.0006238999997094652,0.001221569264010461,0.0001905149187173468,-0.0007778999997753999
90.079098,-0.008357899999737128,-0.00031189999967864426,0.000706070428144734,0.0002156664338694911,-0.0007778999997753999
90.099098,-0.0007778999997753999,3.810000030171068e-05,0.0006682054434419959,0.00031492051313215287,-0.0007778999997753999
90.119097,0.005832100000361606,0.0016321000002790242,0.0009340343380408011,0.0017317503499406695,0.002722100000255523
90.139097,0.00874210000029052,0.0033801000002767977,0.0012180081560299646,0.002411097669268302,0.002722100000255523
90.159097,0.002722100000255523,0.0040801000002829825,0.0013176561466377555,0.0026376244757993026,0.002722100000255523
90.179097,0.0003821000002517394,0.0016681000002790824,0.0012375452352497093,0.0016568319350142423,0.002722100000255523
90.199097,0.002722100000255523,-0.001013899999725254,0.0011719268047524396,0.00047023519840769224,0.0003821000002517394
90.219096,-0.006227899999657893,-0.0002758999997240608,0.0013675374188551373,9.955920773793215e-05,0.0003821000002517394
90.239096,-0.004667899999731162,0.0016301000002840738,0.001958118141260791,0.001065316783508497,0.002722100000255523
90.259096,0.006412100000261489,0.0024841000003107184,0.0028736269611871527,0.002925619813816955,0.006412100000261489
90.279096,0.009912100000292412,0.004818100000284176,0.0038759994980160357,0.003989978788172648,0.006412100000261489
90.299096,0.006992100000388746,0.0062961000002815124,0.004689902103288455,0.0056486734268469466,0.006412100000261489
90.319095,0.005442100000209393,0.005558100000280319,0.005139117918977936,0.00580464079281698,0.005442100000209393
90.339095,0.002722100000255523,0.004858100000274135,0.00520888729317045,0.00533652890470398,0.005442100000209393
90.359095,0.002722100000255523,0.003110100000276361,0.005015538025404144,0.0048033820515580306,0.002722100000255523
90.379095,0.006412100000261489,0.0043141000002833605,0.004722918838113759,0.003997414685613622,0.002722100000255523
90.399095,-0.001747899999600122,0.005168100000310006,0.004463118648368375,0.0038785335667406128,0.006412100000261489
90.419095,0.01146210000024439,0.004274100000338876,0.004298521802908954,0.004623848252070992,0.006412100000261489
90.439094,0.006992100000388746,0.0038461000003280786,0.004226708236092579,0.004360398368625865,0.004272100000207502
90.459094,-0.001747899999600122,0.005478100000300401,0.004204097380645588,0.004020794639020407,0.006412100000261489
90.479094,0.004272100000207502,0.003146100000321894,0.004165116360539086,0.004122379720581155,0.004272100000207502
90.499094,0.006412100000261489,0.003030100000296443,0.004034981922549681,0.005138020746221588,0.004272100000207502
90.519094,-0.00019789999964814342,0.004662100000268765,0.0037486954333838403,0.0031158995340906225,0.006412100000261489
90.539093,0.006412100000261489,0.004196100000308433,0.003280764763367756,0.003024454312627175,0.006412100000261489
90.559093,0.006412100000261489,0.0018241000002944929,0.002672043753368527,0.0026051069932944877,0.0019421000004058442
90.579093,0.0019421000004058442,0.0022521000003052905,0.00203157294221541,0.002004920513153617,0.0019421000004058442
90.599092,-0.0054478999998082145,0.0013581000003341614,0.0015021640182725576,0.0018311909094248509,0.0019421000004058442
90.619092,0.0019421000004058442,0.0014741000003596128,0.001204771585026424,0.0020138482520837262,0.0019421000004058442
90.639092,0.0019421000004058442,0.0011621000003287918,0.001195678714015278,0.0007006547789085607,0.0019421000004058442
90.659092,0.006992100000388746,0.002212100000360806,0.0014586727302646765,0.0006737317019898569,0.0019421000004058442
90.679092,0.0003821000002517394,0.0017841000003500085,0.00192199337630252,0.0022618669001053084,0.0003821000002517394
90.699092,-0.00019789999964814342,0.0023681000003307417,0.002474270156335538,0.00246911631735512,0.0003821000002517394
90.719091,-0.00019789999964814342,0.0022521000003052905,0.002971575206040437,0.003127088345309487,0.0003821000002517394
90.739091,0.0048621000003095105,0.0021361000003253137,0.003253717352387776,0.0027340813522988535,-0.00019789999964814342
90.759091,0.006412100000261489,0.004042100000333448,0.003187857340454391,0.003038580186797416,0.0048621000003095105
90.779091,-0.00019789999964814342,0.0031481000003168447,0.002730041805502115,0.003509745687975929,0.0048621000003095105
90.799091,0.00933210000039253,0.0029141000003164662,0.001969747617319812,0.0025087899770017547,0.0036921000003076188
90.81909,-0.004667899999731162,0.0008541000003333465,0.001123170796036108,0.0010938482520702225,-0.00019789999964814342
90.83909,0.0036921000003076188,0.000426100000322549,0.00046623447669093244,-0.0004459419576988079,-0.002337899999702131
90.85909,-0.0038878999996541097,-0.001051899999674788,0.00023114016266121738,0.00011760116583186078,-0.002337899999702131
90.87909,-0.002337899999702131,0.0008541000003333465,0.0005128454224512522,0.0008285335667533409,0.0019421000004058442
90.89909,0.0019421000004058442,0.0017101000003094669,0.0012312992427973965,0.0007300020982194159,0.0019421000004058442
90.919089,0.0048621000003095105,0.0024481000003106603,0.002168601395200599,0.0027528692310827586,0.0019421000004058442
90.939089,0.00797210000018822,0.003460100000302191,0.0030596129868036863,0.0029530090912012123,0.002722100000255523
90.959089,-0.00019789999964814342,0.003926100000262523,0.0036861945585533623,0.003976249184425237,0.004272100000207502
90.979089,0.002722100000255523,0.003498100000251725,0.003931571181758501,0.0037789298370836046,0.002722100000255523
90.999089,0.004272100000207502,0.0024481000002651854,0.00378560480286837,0.004176901865035606,0.002722100000255523
91.019088,0.002722100000255523,0.003342100000236314,0.003321519029855866,0.003313009091146144,0.002722100000255523
91.039088,0.002722100000255523,0.003770100000247112,0.0026674311547542897,0.0021065755247395975,0.004272100000207502
91.059088,0.004272100000207502,0.0016721000002689833,0.001979999542496409,0.001236901865070595,0.002722100000255523
91.079088,0.0048621000003095105,0.0007781000002978544,0.0014137442526741845,0.001836132634322829,0.002722100000255523
91.099088,-0.006217899999683141,0.0007781000002978544,0.001081187218812671,0.0011417270399335995,0.002722100000255523
91.119087,-0.001747899999600122,0.0022161000003052323,0.0010156139647887988,0.0016523564105526672,0.002722100000255523
91.139087,0.002722100000255523,0.00031010000029709774,0.001162866661688868,0.001530211888408595,-0.001747899999600122
91.159087,0.01146210000024439,0.0024081000002752263,0.0014165728110253648,0.0008940813522718465,0.002722100000255523
91.179087,-0.004667899999731162,0.0022901000002548246,0.0016750782807613618,0.0007327293708873314,0.002722100000255523
91.199087,0.004272100000207502,0.0015901000002486398,0.0018776070176011314,0.002586762004905715,-0.0007778999997753999
91.219086,-0.002337899999702131,0.00015210000024126202,0.001999487830505487,0.00261571305384303,-0.0007778999997753999
91.239086,-0.0007778999997753999,0.0028341000002455987,0.002027595331832138,0.0016709811191160428,0.004272100000207502
91.259086,0.004272100000207502,0.002056100000254446,0.0019527190482418492,0.0015066687648215605,0.0003821000002517394
91.279086,0.00874210000029052,0.002056100000254446,0.0017916553205326337,0.002028743356905184,0.0003821000002517394
91.299086,0.0003821000002517394,0.0026001000002906947,0.0016141766121148264,0.0012956198138189081,0.0019421000004058442
91.319085,-0.002337899999702131,0.0012781000003087683,0.0015373414244001739,0.0021396291378337805,0.0003821000002517394
91.339085,0.0019421000004058442,0.0009281000003284135,0.0016770126229716383,0.0021321466203722745,0.0003821000002517394
91.359085,-0.002337899999702131,0.0019401000003199443,0.002086918308133242,0.0013298855481115519,0.0019421000004058442
91.379085,0.006992100000388746,0.003146100000321894,0.002728063430622666,0.0024784170166259768,0.0036921000003076188
91.399085,0.005442100000209393,0.00330210000029183,0.0034860972641260336,0.003885363403570167,0.0036921000003076188
91.419084,0.0036921000003076188,0.00551810000029036,0.004218426877658208,0.0041909578091456345,0.005442100000209393
91.439084,0.002722100000255523,0.0040801000002829825,0.004798079305603155,0.004879465967644366,0.0036921000003076188
91.459084,0.00874210000029052,0.003964100000303006,0.005134691608410148,0.0051746407928467,0.0036921000003076188
91.479084,-0.00019789999964814342,0.0050921000003199875,0.005176106416049452,0.004785386713603356,0.0048621000003095105
91.499084,0.0048621000003095105,0.004936100000350052,0.004906307704488796,0.004747158275400415,0.0048621000003095105
91.519083,0.00933210000039253,0.0041601000003538505,0.0043511871214601825,0.00538422121248099,0.0048621000003095105
91.539083,0.0019421000004058442,0.0041601000003538505,0.003588408356668077,0.0035324030306815393,0.0048621000003095105
91.559083,0.0048621000003095105,0.003576100000373117,0.0027441449718182266,0.0010154333336953396,0.0019421000004058442
91.579083,-0.00019789999964814342,3.810000034718541e-05,0.0019628772909434157,0.0020256897439361317,0.0019421000004058442
91.599082,0.0019421000004058442,0.0005041000003075169,0.0013579132666828738,0.0021088365970569722,0.0019421000004058442
91.619082,-0.008357899999737128,0.0022521000003052905,0.0009722256749102329,0.0016965522147460704,0.0019421000004058442
91.639082,0.004272100000207502,0.0023701000002802177,0.0007809377998886279,0.001488230536402324,0.0019421000004058442
91.659082,0.013602100000298378,0.0007381000002624205,0.0007386306480906007,-8.820303003785938e-05,0.00039210000022649183
91.679082,0.00039210000022649183,0.0014761000002636137,0.0008310091625485465,0.0004311442893126568,0.00039210000022649183
91.699081,-0.006217899999683141,0.0005821000002924848,0.0010754683439734658,0.0008292328674222558,-0.00019789999964814342
91.719081,-0.004667899999731162,-0.00027189999968868506,0.0014606500169809643,0.0017552701634880228,-0.00019789999964814342
91.739081,-0.00019789999964814342,0.0006221000003279187,0.0018843131127846096,0.0018503750585939552,-0.00019789999964814342
91.759081,0.00933210000039253,0.0027201000003060473,0.002164220427466439,0.0016692328674368666,0.004272100000207502
91.779081,0.0048621000003095105,0.00450810000029378,0.0021349095695498864,0.0023719834501855254,0.004272100000207502
91.799081,0.004272100000207502,0.0028761000002759827,0.0017643460192638659,0.0024874146855940397,0.004272100000207502
91.81908,0.004272100000207502,7.610000025124464e-05,0.0012017329158561087,0.0014519135200704671,0.004272100000207502
91.83908,-0.008357899999737128,-4.189999976915715e-05,0.0007165962126374314,0.0004880673662017284,0.004272100000207502
91.85908,-0.004667899999731162,-4.189999976915715e-05,0.000567060170144628,-0.00011827296015377213,0.004272100000207502
91.87908,0.004272100000207502,0.0003861000002416404,0.0008831222563932983,0.0011274846156020524,0.004272100000207502
91.89908,0.004272100000207502,0.0029121000002305664,0.0016335912314242806,0.0011008878790284748,0.004272100000207502
91.919079,0.006412100000261489,0.004390100000227904,0.0026785818017844676,0.002748370396506241,0.004272100000207502
91.939079,0.004272100000207502,0.0034961000002567745,0.0038508364178748435,0.0051076244757631995,0.004272100000207502
91.959079,0.002722100000255523,0.004936100000259102,0.005005472354930489,0.005289908858072316,0.004272100000207502
91.979079,-0.00019789999964814342,0.0050541000002795045,0.0060218221563024,0.005303824942017926,0.004272100000207502
91.999079,0.011472100000219143,0.005600100000310704,0.0067867035256357275,0.005788044056249425,0.007002100000363498
92.019078,0.007002100000363498,0.006804100000317703,0.007197099269899002,0.007132612820817659,0.007002100000363498
92.039078,0.007002100000363498,0.008126100000299629,0.007192144006421478,0.00817804405626319,0.007002100000363498
92.059078,0.00874210000029052,0.007580100000313905,0.00679181773368925,0.007439372727584836,0.007002100000363498
92.079078,0.006412100000261489,0.006140100000311577,0.006110119634374358,0.006099209557408954,0.007002100000363498
92.099077,0.00874210000029052,0.004274100000293402,0.0053237296403142315,0.004251493939713368,0.006412100000261489
92.119077,-0.00019789999964814342,0.0034981000002971994,0.004601407240356277,0.003460141958341084,0.0048621000003095105
92.139077,-0.0023278999997273786,0.0036161000003176015,0.004026651439712372,0.004057531235729444,0.0048621000003095105
92.159077,0.0048621000003095105,0.002722100000300998,0.0035629992872744307,0.004480444988641821,0.004272100000207502
92.179077,0.007002100000363498,0.004744100000289108,0.003096023421523096,0.003704897203090542,0.0048621000003095105
92.199077,0.004272100000207502,0.004744100000289108,0.00253551096290932,0.0024893727275736377,0.0048621000003095105
92.219076,0.009912100000292412,0.0022561000002951914,0.0019104378691855014,0.0025217037299025136,0.004272100000207502
92.239076,-0.0023278999997273786,0.0008161000002928631,0.0013838890658224793,0.0015851069932933657,-0.00019789999964814342
92.259076,-0.007577899999660076,0.0008161000002928631,0.0011667680836783868,0.000618323776511409,-0.00019789999964814342
92.279076,-0.00019789999964814342,-0.00031189999972411895,0.001382887911364134,0.0009179041960880741,-0.00019789999964814342
92.299076,0.004272100000207502,0.0015541000002940563,0.0019762602783236645,0.0012900020981931157,0.004272100000207502
92.319075,0.004272100000207502,0.003924100000267572,0.0027210145003055733,0.0026128226109885053,0.004272100000207502
92.339075,0.007002100000363498,0.004042100000242499,0.0033215448882974587,0.0036445475526907965,0.004272100000207502
92.359075,0.004272100000207502,0.004042100000242499,0.003536279100553721,0.005147764335902948,0.004272100000207502
92.379075,0.00039210000022649183,0.002254100000254766,0.003258283171662009,0.0026789065270534478,0.004272100000207502
92.399075,0.004272100000207502,0.002254100000254766,0.00252625999512475,0.0014914706296315866,0.004272100000207502
92.419075,-0.004667899999731162,-0.0002718999997341598,0.0014837419541269253,0.0016165522147132563,0.00039210000022649183
92.439074,0.007002100000363498,0.0009321000002728396,0.0003246110743648957,6.161048978485517e-05,0.004272100000207502
92.459074,-0.008357899999737128,0.00031010000029709774,-0.000745657657439924,-0.0004752193470252408,0.0011621000003287918
92.479074,0.006412100000261489,-0.0005438999996840721,-0.0015281286771439298,-0.0009390188808224627,0.0011621000003287918
92.499074,0.0011621000003287918,-0.0018658999997114734,-0.0018449022596256756,-0.0012358953376855617,0.00039210000022649183
92.519073,-0.008937899999637011,-0.00023389999969367637,-0.0015716400220423517,-0.0016367111884858674,0.00039210000022649183
92.539073,0.00039210000022649183,-0.0011278999996648053,-0.0006910342129064354,-0.0015011167828951285,0.00039210000022649183
92.559073,-0.00019789999964814342,-0.0013998999996601923,0.0006595514214538022,0.0009518669001033629,-0.00019789999964814342
92.579073,0.0019421000004058442,0.0026821000003110383,0.0021854617292435805,0.001326109324343272,0.00039210000022649183
92.599073,-0.00019789999964814342,0.003576100000327642,0.0034979415782268462,0.0032807713289797046,0.0019421000004058442
92.619072,0.011472100000219143,0.004160100000308376,0.004229923506822611,0.00499268275087105,0.002722100000255523
92.639072,0.0048621000003095105,0.003850100000272505,0.004162363944639776,0.0042592095574089765,0.002722100000255523
92.659072,0.002722100000255523,0.004122100000267892,0.0033079222207449345,0.0037607946389735226,0.002722100000255523
92.679072,0.00039210000022649183,0.001478100000304039,0.0019141678884168128,0.0018689764571489201,0.0011621000003287918
92.699072,0.0011621000003287918,4.0100000296661166e-05,0.0003856173782141316,7.846363667283237e-05,0.00039210000022649183
92.719071,-0.001747899999600122,-0.0012818999996852653,-0.0008415474878299126,-0.0012991587409392333,-0.001747899999600122
92.739071,-0.0023278999997273786,-0.0009718999996493949,-0.0014258660503762204,-0.001729974591745947,-0.001747899999600122
92.759071,-0.0038878999996541097,-0.0003498999996736529,-0.0012089962701580508,-0.0008014431231981343,-0.001747899999600122
92.779071,0.0019421000004058442,-0.0003498999996736529,-0.00024314133411667706,-0.00014507948683908827,-0.001747899999600122
92.799071,0.004272100000207502,0.0018641000003299269,0.001244161886614011,0.0012071116553253878,0.0019421000004058442
92.81907,-0.001747899999600122,0.0031861000003118533,0.0029279194740633773,0.0032703983686043128,0.002722100000255523
92.83907,0.00874210000029052,0.004546100000288789,0.004475726105239792,0.0050022864805035335,0.004272100000207502
92.85907,0.002722100000255523,0.0050921000003199875,0.005624587642979979,0.005835736363946404,0.007002100000363498
92.87907,0.00874210000029052,0.006414100000301915,0.006230073068630626,0.005663451981654441,0.007002100000363498
92.89907,0.007002100000363498,0.005210100000294915,0.00628074890588999,0.00556461748282143,0.0048621000003095105
92.919069,0.0048621000003095105,0.005520100000285311,0.005876928722950027,0.005939093007261521,0.0048621000003095105
92.939069,0.002722100000255523,0.004626100000268707,0.005182897169922556,0.004593964802122539,0.004272100000207502
92.959069,0.004272100000207502,0.004314100000237886,0.004373019742962218,0.005668789976939739,0.004272100000207502
92.979069,0.004272100000207502,0.0038861000002270883,0.0035938254814011214,0.00349130745944062,0.004272100000207502
92.999068,0.005442100000209393,0.004314100000237886,0.002950240171821767,0.0026466920748296975,0.004272100000207502
93.019068,0.002722100000255523,0.00178810000024896,0.0025044950226607333,0.0020133587414947495,0.004272100000207502
93.039068,0.0048621000003095105,0.0019061000002693618,0.0022696627074678187,0.0026432888114456274,0.0048621000003095105
93.059068,-0.008357899999737128,0.0016741000002639338,0.002194847596960011,0.0018959461541284363,0.004282100000182254
93.079068,0.0048621000003095105,0.002530100000285529,0.0021629004528170284,0.0026407013988774676,0.0048621000003095105
93.099067,0.004282100000182254,0.0010921000002781511,0.0020269997452835487,0.001464034732209837,0.004282100000182254
93.119067,0.007002100000363498,0.0036201000002620276,0.0016847068006984813,0.0014841979023607907,0.004282100000182254
93.139067,-0.0023278999997273786,0.0011321000002681102,0.001149163760177171,0.0019774613056312354,0.004282100000182254
93.159067,0.004282100000182254,0.0012481000002935617,0.0005678959579669907,0.0019887433569399236,0.004282100000182254
93.179067,-0.007577899999660076,0.00023610000030203083,0.0001715902927880793,-0.00014468321646660858,0.0019421000004058442
93.199067,0.0048621000003095105,-7.58999996833154e-05,0.0001779820152034891,-0.0008480398598166177,0.0019421000004058442
93.219066,0.0019421000004058442,-0.00038789999966866163,0.000695646184434467,-0.00016978811158762137,0.0019421000004058442
93.239066,-0.0038878999996541097,0.0019841000002998044,0.0016646028537623352,0.0019220766902725006,0.002722100000255523
93.259066,0.002722100000255523,0.002762100000290957,0.0028539525851562853,0.002294151282348991,0.002722100000255523
93.279066,0.004282100000182254,0.00334610000027169,0.0039229762808015165,0.004721610489790988,0.004282100000182254
93.299066,0.008752100000265273,0.004512100000283681,0.0045336576894025775,0.004418510256698097,0.004282100000182254
93.319065,0.0048621000003095105,0.0053681000003052756,0.004476599682996299,0.004882985781184444,0.0048621000003095105
93.339065,0.0019421000004058442,0.004162100000348801,0.0037578890927848015,0.0037901419583935593,0.0048621000003095105
93.359065,0.007002100000363498,0.002062100000375722,0.0026086059660056318,0.0030648505831233877,0.0019421000004058442
93.379065,-0.001747899999600122,0.0007401000003937952,0.0014123715740432888,0.0015280207463099064,-0.001747899999600122
93.399065,-0.001747899999600122,0.0019461000003502705,0.0005786765005413283,-0.00019668787842583324,-0.001747899999600122
93.419065,-0.001747899999600122,-0.00023189999965325114,0.0004086271187823966,0.0003675079257542778,-0.001747899999600122
93.439064,0.00797210000018822,0.0006621000003178779,0.0009995452938341563,0.0011628459210717723,-0.001747899999600122
93.459064,-0.0038878999996541097,0.002878100000316408,0.0022150153927257324,0.0018963657345829976,0.002722100000255523
93.479064,0.002722100000255523,0.004200100000298334,0.0037213432342793435,0.003638789976991218,0.0048621000003095105
93.499063,0.00933210000039253,0.0035781000003225925,0.00507641538480275,0.0049879974361943845,0.0048621000003095105
93.519063,0.0048621000003095105,0.005328100000315317,0.005850064646300823,0.006073591841813516,0.0048621000003095105
93.539063,0.0048621000003095105,0.006184100000336912,0.005747037101271255,0.005316482284720693,0.0048621000003095105
93.559063,0.0048621000003095105,0.004706100000339575,0.004699641224561109,0.00577298578122281,0.0048621000003095105
93.579063,0.007002100000363498,0.0028001000003314404,0.0029033679214358773,0.0036738482521009013,0.0048621000003095105
93.599062,0.0019421000004058442,0.0014781000003495138,0.0007797363974697248,-0.0004177834495509717,0.0019421000004058442
93.619062,-0.004667899999731162,-0.0007378999996490165,-0.0011347929217598366,-0.0011263382281013624,-0.001747899999600122
93.639062,-0.001747899999600122,-0.003809899999669142,-0.0023499520879680584,-0.0031560818178285703,-0.004667899999731162
93.659062,-0.006217899999683141,-0.0023318999996718047,-0.0025797759357609547,-0.0025024454542042214,-0.004667899999731162
93.679062,-0.008357899999737128,-0.0017478999996455968,-0.0018333456184825734,-0.0013928650346410846,-0.001747899999600122
93.699062,0.00933210000039253,0.0008961000003182562,-0.000395892631689094,-0.00010279510456659142,-0.001747899999600122
93.719061,-0.001747899999600122,0.0021001000003252556,0.001292089635947634,0.001191750349984846,-0.00019789999964814342
93.739061,0.011472100000219143,0.003422100000352657,0.002798511497693526,0.003039396037637177,-0.00019789999964814342
93.759061,-0.00019789999964814342,0.0025281000003360534,0.0038288162061863892,0.0044043843826354475,-0.00019789999964814342
93.779061,-0.001747899999600122,0.004744100000334583,0.004274239189260884,0.004352636130887465,0.0048621000003095105
93.799061,0.0048621000003095105,0.0025281000003360534,0.004188298639434012,0.0031524496506645317,0.00039210000022649183
93.81906,0.00933210000039253,0.0031121000003167866,0.003734200914514564,0.00396895314714762,0.002722100000255523
93.83906,0.00039210000022649183,0.0043181000002732615,0.0031351232725362875,0.002522962471168677,0.004282100000182254
93.85906,0.002722100000255523,0.0035801000002720685,0.0026287580213772395,0.0033582538464340802,0.002722100000255523
93.87906,0.004282100000182254,0.0016741000002639338,0.0024154297573727775,0.002633824941968021,0.0011721000003035442
93.89906,0.0011721000003035442,0.0024521000002550863,0.0026015116479865467,0.0022730324011874976,0.002722100000255523
93.919059,-0.00019789999964814342,0.0027641000002404325,0.0031561200296853073,0.0025476244757673557,0.004282100000182254
93.939059,0.004282100000182254,0.0037741000002824874,0.003904916227758914,0.0045774846156463305,0.004282100000182254
93.959059,0.004282100000182254,0.004396100000258229,0.004576559928948179,0.004054850583007329,0.004282100000182254
93.979059,0.00933210000039253,0.00540810000024976,0.004894446416105327,0.004832123310295096,0.004282100000182254
93.999059,0.004282100000182254,0.004086100000267834,0.004679455778127341,0.004824990443148438,0.004282100000182254
94.019058,0.0048621000003095105,0.004630100000304083,0.00391939358039973,0.004561470629652105,0.0048621000003095105
94.039058,-0.0023278999997273786,0.002298100000280101,0.0027778023344444303,0.0027639881122043073,0.004282100000182254
94.059058,0.007002100000363498,0.001830100000324819,0.0015452831039723628,0.0019247340329533445,0.0019421000004058442
94.079058,-0.0023278999997273786,0.0003921000003174413,0.0005566797134084886,1.636573457535948e-05,-0.0023278999997273786
94.099057,0.0019421000004058442,0.0014021000003140217,9.892541901549559e-05,-8.372750550473358e-05,0.0019421000004058442
94.119057,-0.0023278999997273786,-0.00046389999970415375,0.0003289326307648236,1.7736599713655873e-06,-0.0023278999997273786
94.139057,0.002722100000255523,0.0012861000002885703,0.0012201649165789758,0.0015361559443355234,0.0019421000004058442
94.159057,-0.0023278999997273786,0.00218210000025465,0.0025570029272556933,0.0019895358977013123,0.002722100000255523
94.179057,0.006422100000236242,0.00439810000025318,0.003988189712917042,0.00438179696995825,0.006422100000236242
94.199057,0.006422100000236242,0.004826100000263978,0.005131151696046838,0.00588596946411522,0.006422100000236242
94.219056,0.008752100000265273,0.006576100000256701,0.005693938227447725,0.00605757785573661,0.006422100000236242
94.239057,0.0048621000003095105,0.0058361000002605575,0.0055660990849017485,0.004675922844083541,0.006422100000236242
94.259056,0.006422100000236242,0.003618100000267077,0.004838929258433062,0.005447577855734914,0.0048621000003095105
94.279056,0.002722100000255523,0.0024121000002651273,0.003748110825028091,0.0031602818184493647,0.002722100000255523
94.299056,-0.004667899999731162,0.0031901000002562798,0.0025698436517897064,0.00211755454571687,0.002722100000255523
94.319055,0.002722100000255523,0.0006621000002724031,0.0015234122875050111,0.0012501186482767996,0.002722100000255523
94.339055,0.008752100000265273,0.0006621000002724031,0.0007241042780453971,0.0007342911424732512,0.002722100000255523
94.359055,-0.006217899999683141,0.0015561000002890068,0.00019423858243112346,-0.00017689766869936896,0.002722100000255523
94.379055,0.002722100000255523,0.0006621000003178779,-9.458523774379029e-05,0.0004971815853936383,-0.00019789999964814342
94.399055,-0.00019789999964814342,-0.0010098999996898783,-0.00018057456224731603,0.001261400699613048,-0.00019789999964814342
94.419054,-0.001747899999600122,0.0012061000003086519,-8.760818764028694e-05,0.0003994193476291221,0.00039210000022649183
94.439054,0.00039210000022649183,0.0007401000003028457,0.00018153076384923325,-0.001113634265429474,0.00039210000022649183
94.459054,0.0048621000003095105,0.0003141000002869987,0.0006369030470526824,0.0007078575760507721,0.00039210000022649183
94.479054,0.00039210000022649183,0.0001981000002615474,0.0012790310966051765,0.0005332188813828797,0.00039210000022649183
94.499053,-0.0023278999997273786,0.0024141000002600777,0.002067872924287751,0.0020121000002524367,0.00039210000022649183
94.519053,-0.0023278999997273786,0.0022981000002346265,0.0029021518364527365,0.0034879974361410743,0.00039210000022649183
94.539053,0.011472100000219143,0.0036201000002620276,0.0036351215610090516,0.004087764335905825,0.004282100000182254
94.559053,0.004282100000182254,0.004942100000243954,0.0041326427849070245,0.003565316783459192,0.004282100000182254
94.579053,0.007002100000363498,0.005486100000234728,0.004341107189766264,0.004631610489763282,0.004282100000182254
94.599053,0.004282100000182254,0.0031521000002612707,0.004315505316169012,0.004436016084168206,0.004282100000182254
94.619052,0.00039210000022649183,0.003850100000272505,0.004183844415922673,0.004432356410502932,0.004282100000182254
94.639052,-0.00019789999964814342,0.00299410000025091,0.004071367038680755,0.002929699067870009,0.002722100000255523
94.659052,0.007772100000238424,0.0038881000002675137,0.004036515810910641,0.004104943823130449,0.002722100000255523
94.679052,0.002722100000255523,0.004198100000303384,0.004058788338181388,0.004060678088858283,0.002722100000255523
94.699052,0.008752100000265273,0.005520100000285311,0.004078345683662233,0.004148673426862008,0.006412100000261489
94.719052,0.0019421000004058442,0.004044100000282924,0.004052002907771634,0.005075782983964999,0.002722100000255523
94.739051,0.006412100000261489,0.004044100000282924,0.0039852853871006405,0.004072053380237185,0.002722100000255523
94.759051,0.00039210000022649183,0.0036941000003025692,0.003923123565393371,0.003611120979313636,0.002722100000255523
94.779051,0.002722100000255523,0.003266100000291772,0.003911487945875777,0.0038753400935499028,0.002722100000255523
94.799051,0.007002100000363498,0.003732100000297578,0.003958761493899726,0.0032282771564887446,0.002722100000255523
94.81905,-0.00019789999964814342,0.004042100000333448,0.004021263597811917,0.004021890210090952,0.002722100000255523
94.83905,0.00874210000029052,0.004042100000333448,0.004019362322281783,0.003599932168163674,0.002722100000255523
94.85905,0.0019421000004058442,0.003614100000322651,0.003873579432374137,0.004636738694985071,0.002722100000255523
94.87905,0.002722100000255523,0.004042100000333448,0.003543204957710642,0.0037350370632804487,0.002722100000255523
94.89905,0.0048621000003095105,0.0032661000003372464,0.0030526205507954455,0.002781074359305717,0.002722100000255523
94.919049,0.0019421000004058442,0.0024121000003106017,0.0024966493782157674,0.003285037063242619,0.002722100000255523
94.939049,0.0048621000003095105,0.0024121000003106017,0.0020208936632922867,0.0017327993010012824,0.002722100000255523
94.959049,-0.0023278999997273786,0.0022941000002902,0.0017780289573445494,0.002154127972310319,0.002722100000255523
94.979049,0.002722100000255523,0.0015561000002890068,0.0018705480514678802,0.0014708878790854318,0.002722100000255523
94.999049,0.004272100000207502,0.0015561000002890068,0.002300598820239155,0.0010489531471527844,0.002722100000255523
95.019048,-0.001747899999600122,0.0024101000003156512,0.0029494212887115207,0.0026598389280403497,0.002722100000255523
95.039048,0.0048621000003095105,0.0032661000003372464,0.0036009874434820175,0.004165503263737865,0.004272100000207502
95.059048,0.0019421000004058442,0.004588100000364648,0.004011217656731533,0.004970444988714342,0.0048621000003095105
95.079048,0.007002100000363498,0.005326100000365841,0.004005713338206431,0.004366062704334731,0.0048621000003095105
95.099047,0.010882100000344508,0.003576100000373117,0.003566510741249581,0.0038521233103901466,0.0019421000004058442
95.119047,0.0019421000004058442,0.0032661000003372464,0.0028570283707443065,0.0026019834502228213,0.0019421000004058442
95.139047,-0.0038878999996541097,0.001826100000334918,0.0021555177801219644,0.0017323097905474585,0.00039210000022649183
95.159047,0.00039210000022649183,-0.0003898999996636121,0.0017204907692811792,0.0015454799537197334,-0.00019789999964814342
95.179047,-0.00019789999964814342,0.0010881000003337248,0.001660591235771235,0.0005817736600270723,-0.00019789999964814342
95.199047,-0.00019789999964814342,0.002254100000345716,0.001884070488332016,0.0012276944059293133,0.00039210000022649183
95.219046,0.00933210000039253,0.0024481000003561348,0.0021553916455599145,0.0024989997672230126,0.0013621000002785877
95.239046,0.0019421000004058442,0.003342100000327264,0.0022242825721046494,0.0036540813523192476,0.0019421000004058442
95.259046,0.0013621000002785877,0.003032100000336868,0.0019562585742633415,0.0029261326343777722,0.0019421000004058442
95.279046,0.004272100000207502,0.001554100000339531,0.0014005730578717458,0.001611144289395306,0.0019421000004058442
95.299046,-0.001747899999600122,0.00038810000032754035,0.0007694537401164019,0.0005414006996484524,0.0013621000002785877
95.319045,0.0019421000004058442,-0.00023389999964820162,0.0003442513894339722,-0.0009896016313734365,-0.001747899999600122
95.339045,-0.0038878999996541097,-0.00023389999964820162,0.00035194234899503605,-0.0002203009320773214,-0.001747899999600122
95.359045,-0.001747899999600122,0.0006601000003229274,0.000865662252753472,0.0008954799537230975,0.0019421000004058442
95.379045,0.004272100000207502,0.0016721000003144582,0.0017736597358656615,0.00199424452247119,0.002722100000255523
95.399045,0.002722100000255523,0.0038501000003179795,0.0028306875820863354,0.0034975079257192434,0.004272100000207502
95.419044,0.007002100000363498,0.004744100000289108,0.0037649226452210064,0.00377603939424975,0.004272100000207502
95.439044,0.007002100000363498,0.004278100000328777,0.004385242057344891,0.0050199088581227595,0.002722100000255523
95.459044,0.002722100000255523,0.004278100000328777,0.004636622592061578,0.00494734475554311,0.002722100000255523
95.479044,0.0019421000004058442,0.004160100000308376,0.004584151685016086,0.0038250603732831747,0.002722100000255523
95.499043,0.002722100000255523,0.0033041000002867805,0.004347816628205815,0.0036879974362164824,0.002722100000255523
95.519043,0.006412100000261489,0.0031481000003168447,0.00403346572019721,0.0036233587415485918,0.002722100000255523
95.539043,0.002722100000255523,0.0040421000002879735,0.003696562128267314,0.003609396037573969,0.002722100000255523
95.559043,0.0019421000004058442,0.00435210000027837,0.003347185085611631,0.004038417016606243,0.004272100000207502
95.579043,0.006412100000261489,0.003030100000296443,0.002980747672789917,0.0036677643359623855,0.002722100000255523
95.599042,0.004272100000207502,0.002874100000326507,0.00260945794369715,0.002492775990995339,0.0019421000004058442
95.619042,-0.00019789999964814342,0.00244610000031571,0.0022726115392127373,0.0016265988348219624,0.0019421000004058442
95.639042,0.0019421000004058442,0.0012401000003137597,0.0020183255040498154,0.0022913074595218882,0.0003821000002517394
95.659042,-0.00019789999964814342,0.0013581000003341614,0.001870799433784003,0.0016279275061425093,0.0003821000002517394
95.679042,0.0003821000002517394,0.002370100000325692,0.0018102734971434428,0.0017370883453261387,0.0019421000004058442
95.699042,0.0048621000003095105,0.001632100000324499,0.0017845912807256266,0.0017803051285482925,0.0003821000002517394
95.719041,0.0048621000003095105,0.0026441000003160297,0.0017465316729299847,0.0022842445224677734,0.0048621000003095105
95.739041,-0.001747899999600122,0.0021001000003252556,0.0016894787985073433,0.0018782538464648972,0.0048621000003095105
95.759041,0.0048621000003095105,0.0016721000003144582,0.0016539034229314893,0.00151002540823386,0.002722100000255523
95.779041,-0.002337899999702131,0.0007761000003029039,0.0016987813932684561,0.0015342212124258166,0.0003821000002517394
95.799041,0.002722100000255523,0.0016701000002740328,0.00185688531248692,0.001827274825455053,0.002722100000255523
95.81904,0.0003821000002517394,0.0019801000002644285,0.0021026204701635894,0.0018562724944399312,0.002722100000255523
95.83904,0.002722100000255523,0.0029921000002559595,0.002352043183238247,0.0025648505830045626,0.002722100000255523
95.85904,0.006412100000261489,0.0019801000002644285,0.002494327135856799,0.0018325195806828567,0.002722100000255523
95.87904,0.002722100000255523,0.0024481000002651854,0.0024347628586059407,0.0030511209792795156,0.002722100000255523
95.89904,-0.002337899999702131,0.0019801000002644285,0.002125086407208903,0.0018443377624977008,0.002722100000255523
95.919039,0.002722100000255523,0.0015521000002536312,0.0015715400225822648,0.002024920513083512,0.002722100000255523
95.939039,0.0003821000002517394,7.410000025629416e-05,0.0008296468561691783,0.0013734986016510642,0.0003821000002517394
95.959039,0.004272100000207502,0.001086100000247825,-2.8393083760145037e-06,-0.0008092053610711562,0.002722100000255523
95.979039,-0.004667899999731162,-0.0005478999997649226,-0.0007961625384228921,-0.0019830282048973738,0.0003821000002517394
95.999038,0.002722100000255523,-0.002295899999762696,-0.0014110061416525938,-0.0012296016314586261,-0.004667899999731162
96.019038,-0.0054478999998082145,-0.0024898999997276404,-0.0017329028483445532,-0.0007608836827114156,-0.004667899999731162
96.039038,-0.008357899999737128,0.00031010000029709774,-0.0017017836958077954,-0.0005264314682230755,0.002722100000255523
96.059038,0.0033021000003827794,-0.00027389999968363554,-0.0013149426450658286,-0.0014991820509684614,-0.00019789999964814342
96.079038,0.00933210000039253,-0.0004278999996586208,-0.0006012932476566885,-0.0006206039623767006,-0.00019789999964814342
96.099038,-0.00019789999964814342,0.0006221000003279187,0.00040193263922425786,-0.0006615130532821481,-0.00019789999964814342
96.119037,-0.006217899999683141,0.001360100000329112,0.001631328991814191,0.002162706060946252,-0.00019789999964814342
96.139037,-0.003107899999804431,0.0007761000003029039,0.0029426008546109463,0.0027714706296822437,-0.00019789999964814342
96.159037,0.006992100000388746,0.0029921000003014344,0.004078329755326678,0.0028344776226727317,0.006412100000261489
96.179037,0.006412100000261489,0.00431210000028841,0.0047178849133744155,0.004654594172787518,0.006412100000261489
96.199037,0.010882100000344508,0.006332100000327046,0.004605538580916197,0.005547927506146562,0.006992100000388746
96.219036,0.0003821000002517394,0.005166100000315055,0.003685975479320958,0.004586179254394279,0.006412100000261489
96.239036,0.006992100000388746,0.001628100000334598,0.0021639028377809905,0.0023134286716492607,0.0011621000003287918
96.259036,0.0011621000003287918,-0.0011698999996951898,0.000447608018614183,1.3988112199500168e-05,0.0003821000002517394
96.279036,-0.011277899999640795,-0.0008578999996643688,-0.0010009335084892892,-0.0010000911418475934,0.0011621000003287918
96.299036,-0.003107899999804431,-0.0018678999996609492,-0.0018381241707914533,-0.0029767811185316437,0.0011621000003287918
96.319035,0.0019421000004058442,-0.002449899999646732,-0.0019503844250953583,-0.0022592752910188833,-0.001747899999600122
96.339035,0.0019421000004058442,-0.0011278999996648053,-0.0014596284641824747,-0.0018469442887033487,-0.001747899999600122
96.359035,-0.001747899999600122,0.0007761000003483787,-0.0006389933169181239,4.897645721081039e-05,0.0019421000004058442
96.379035,-0.004667899999731162,0.0009321000003183144,0.00020630271747543397,0.0018404916086972984,0.0019421000004058442
96.399035,0.006412100000261489,0.000622100000282444,0.0008443295995023762,0.0012845941727866548,0.00039210000022649183
96.419034,0.002722100000255523,0.0010501000002477666,0.0011825745280480927,0.0007203750585281709,0.00039210000022649183
96.439034,0.00039210000022649183,0.0019441000002643704,0.0012812622122666591,0.0004945708627354461,0.00039210000022649183
96.459034,0.00039210000022649183,0.000622100000282444,0.0013088321969520734,0.00102739137557337,0.00039210000022649183
96.479034,-0.00019789999964814342,0.0004661000003125082,0.0014555547413686427,0.0016114939397059128,0.00039210000022649183
96.499033,-0.00019789999964814342,0.0016701000003195078,0.001844482269690182,0.0013428692310894844,0.00039210000022649183
96.519033,0.0019421000004058442,0.002874100000326507,0.002482070627772781,0.00286944265765019,0.0019421000004058442
96.539033,0.006412100000261489,0.003768100000297636,0.003268177370782844,0.0036803983686058603,0.004272100000207502
96.559033,0.006412100000261489,0.004662100000268765,0.004050849397092703,0.0038396058277887254,0.004272100000207502
96.579033,0.004272100000207502,0.0045061000002533545,0.0046876428779748704,0.004491657109811854,0.004272100000207502
96.599032,0.004272100000207502,0.004078100000242557,0.005079113156454122,0.0054315172496523165,0.004272100000207502
96.619032,0.0011621000003287918,0.0045441000002483635,0.005168514732609817,0.005436645454773934,0.004272100000207502
96.639032,0.004272100000207502,0.004972100000259161,0.0049302808272581695,0.003983568531735645,0.004272100000207502
96.659032,0.00874210000029052,0.004078100000288032,0.004373149050693713,0.0042010277392166406,0.004272100000207502
96.679032,0.006412100000261489,0.003496100000302249,0.003559697710080529,0.0040637083919164456,0.004272100000207502
96.699032,-0.00019789999964814342,0.003924100000313046,0.002617998997815076,0.00284895314715676,0.006412100000261489
96.719031,-0.001747899999600122,0.0017101000003094669,0.0017216593362363306,0.002001866900076973,-0.00019789999964814342
96.739031,0.006412100000261489,-3.789999968830671e-05,0.0010404083047492825,0.0009067620049809046,-0.001747899999600122
96.759031,-0.0023278999997273786,0.0006621000003178779,0.0006855299774172254,-0.0001570841488728027,-0.001747899999600122
96.779031,-0.0023278999997273786,0.0015561000002890068,0.0006750121265999538,0.0008233121215132778,0.002722100000255523
96.799031,0.0033021000003827794,0.0005061000003024674,0.0009319081147235447,0.0016414240096303784,0.0011621000003287918
96.819031,0.002722100000255523,0.0019441000003098453,0.0013166856051870718,0.001489396037606223,0.002722100000255523
96.83903,0.0011621000003287918,0.0020601000003352965,0.00167967523966189,0.0008397223779414633,0.002722100000255523
96.85903,0.0048621000003095105,0.001478100000304039,0.0019087725892198693,0.002538836597055196,0.0011621000003287918
96.87903,-0.001747899999600122,0.001478100000304039,0.0019521449871653259,0.0018559927741969577,0.0011621000003287918
96.899029,0.00039210000022649183,0.002218100000300183,0.001814450151548027,0.0016934053615960314,0.002722100000255523
96.919029,0.002722100000255523,0.0005841000002874353,0.0015416436422581166,0.0015414240096109592,0.00039210000022649183
96.939029,0.0048621000003095105,0.0019061000002693618,0.0012093437512177133,0.0009133587415366057,0.002722100000255523
96.959029,-0.003307899999754227,0.0013621000002785877,0.0009153004969308313,0.0009255265737129375,0.002722100000255523
96.979029,0.0048621000003095105,0.0007781000002978544,0.0007655692776407544,0.0011883470865271042,-0.00019789999964814342
96.999028,-0.0023278999997273786,0.0007781000002978544,0.0008487585341821226,0.001116971795173545,-0.00019789999964814342
97.019028,-0.00019789999964814342,0.0015181000002939982,0.0012059770684063695,0.0008522398604384725,0.00039210000022649183
97.039028,0.0048621000003095105,0.0015181000002939982,0.001811458678477699,0.0017263191144987668,0.00039210000022649183
97.059028,0.00039210000022649183,0.0025281000002905785,0.002574565659985313,0.002447484615666731,0.002722100000255523
97.079028,0.0048621000003095105,0.003850100000272505,0.00336269659351302,0.003316715384912512,0.0048621000003095105
97.099028,0.002722100000255523,0.003266100000291772,0.004035780792758315,0.004394920513122331,0.002722100000255523
97.119027,0.006412100000261489,0.005054100000324979,0.004481267482934698,0.004599116317321469,0.0048621000003095105
97.139027,0.0019421000004058442,0.004160100000308376,0.004640675518709549,0.0044128226110385915,0.002722100000255523
97.159027,0.00933210000039253,0.004588100000319173,0.004520939681269937,0.004907601165814002,0.0048621000003095105
97.179027,0.00039210000022649183,0.0038501000003179795,0.004186418516462079,0.0037845941727988296,0.002722100000255523
97.199027,0.0048621000003095105,0.004006100000287916,0.003732836596238942,0.0035812608394578645,0.002722100000255523
97.219026,0.002722100000255523,0.002100100000279781,0.003252377506764463,0.0029172282054179127,0.002722100000255523
97.239026,0.002722100000255523,0.002994100000296385,0.002804799434086214,0.0025279508161438974,0.002722100000255523
97.259026,-0.00019789999964814342,0.0024101000003156512,0.0024078947855407534,0.002365806294014424,0.002722100000255523
97.279026,0.0048621000003095105,0.002254100000345716,0.002052115056592572,0.0031060393942892984,0.0019421000004058442
97.299026,0.0019421000004058442,0.002682100000356513,0.0017318548061138195,0.0020225895108384262,0.0019421000004058442
97.319025,0.0019421000004058442,0.0023721000003661175,0.0014741489209235343,0.001618020746294152,0.0019421000004058442
97.339025,0.0048621000003095105,0.0009341000003587396,0.0013422906924468753,0.000968137296413242,0.0019421000004058442
97.359025,-0.001747899999600122,0.0009341000003587396,0.0014037080473969948,0.0013270650353082304,0.0019421000004058442
97.379025,-0.0023278999997273786,0.0010901000003286753,0.0016754685349537406,0.0007673447555870438,0.0019421000004058442
97.399024,0.0019421000004058442,0.0014021000003140217,0.00208301708706574,0.0019588599070730905,0.0019421000004058442
97.419024,0.002722100000255523,0.0021401000003152147,0.0024688554736231557,0.0027500487182587664,0.0019421000004058442
97.439024,0.006422100000236242,0.003890100000307939,0.0026595175115802653,0.002528486946695105,0.002722100000255523
97.459024,0.0019421000004058442,0.0034621000002971413,0.0025587547109267453,0.0036062491844382413,0.002722100000255523
97.479024,0.006422100000236242,0.0024521000003005613,0.0022131248814384937,0.002781633799838835,0.0019421000004058442
97.499023,-0.00019789999964814342,0.0019061000003148365,0.0018087417903747962,0.001603428671639277,0.0019421000004058442
97.519023,-0.0023278999997273786,0.0011681000003136432,0.0015954325719999525,0.0011530090912391074,-0.00019789999964814342
97.539023,0.0036921000003076188,0.000856100000328297,0.001774245222586459,0.0013126594408881251,-0.00019789999964814342
97.559023,-0.001747899999600122,0.002180100000305174,0.002403664722267383,0.0019363657345641589,0.0036921000003076188
97.579023,0.0048621000003095105,0.003930100000297898,0.003368790547847313,0.003163218881413463,0.0048621000003095105
97.599023,0.006422100000236242,0.004048100000272825,0.004424780852472189,0.004842612820776674,0.0048621000003095105
97.619022,0.006422100000236242,0.006148100000245904,0.00529081822040875,0.005684664102818836,0.006422100000236242
97.639022,0.004282100000182254,0.005720100000235107,0.005751252242023665,0.006181144289286813,0.006422100000236242
97.659022,0.008752100000265273,0.00540810000024976,0.005723947027056096,0.005600514918645724,0.0048621000003095105
97.679022,0.002722100000255523,0.0050961000002644145,0.005276048323690413,0.0051296757578436075,0.0048621000003095105
97.699021,0.0048621000003095105,0.004006100000287916,0.004590231545958382,0.004354570862770141,0.0048621000003095105
97.719021,0.0048621000003095105,0.004122100000313367,0.0039000740202771536,0.004021004429208998,0.0048621000003095105
97.739021,-0.0011678999997002393,0.0036561000003075606,0.003418976988693101,0.0035738249420253707,0.0048621000003095105
97.759021,0.00933210000039253,0.0035401000002821094,0.0032836127273767664,0.0025442212124034257,0.004282100000182254
97.779021,0.00039210000022649183,0.0031121000002713116,0.0035230427133618454,0.0038678342660174447,0.002722100000255523
97.799021,0.004282100000182254,0.0043181000002732615,0.004054899158196833,0.003940957809124381,0.004282100000182254
97.81902,0.002722100000255523,0.004628100000263658,0.004706777819369535,0.004890817948992068,0.004282100000182254
97.83902,0.0048621000003095105,0.005094100000269464,0.005261963707879184,0.0059248738930454455,0.004282100000182254
97.85902,0.010882100000344508,0.005638100000305712,0.005523443165252911,0.00501755454573888,0.0048621000003095105
97.87902,0.002722100000255523,0.005638100000305712,0.00537674849687774,0.005430864569078134,0.0048621000003095105
97.899019,0.007002100000363498,0.004626100000314182,0.004824544109234652,0.004541400699620127,0.002722100000255523
97.91902,0.002722100000255523,0.002994100000296385,0.003977061996909906,0.004065736363944597,0.002722100000255523
97.939019,-0.00019789999964814342,0.002994100000296385,0.0030067053722731656,0.002942962471154517,0.002722100000255523
97.959019,0.002722100000255523,0.0021381000002747897,0.0020936746590276907,0.0016821699303317258,0.002722100000255523
97.979019,0.002722100000255523,0.0016721000002689833,0.0013888466156767943,0.0017121466203154133,0.002722100000255523
97.999019,0.002722100000255523,0.0017901000002439106,0.0010018464099173442,0.0007933121214644683,0.002722100000255523
98.019018,0.00039210000022649183,0.0016341000002739747,0.0010019004585074766,0.0018810976692723897,0.0019421000004058442
98.039018,0.00039210000022649183,0.0016341000002739747,0.00141422394938285,0.0017102118883760263,0.0019421000004058442
98.059018,0.0019421000004058442,0.00249010000029557,0.0022073363425663115,0.001632636130822285,0.0019421000004058442
98.079018,0.002722100000255523,0.00249010000029557,0.003281646652306825,0.0031866687648741026,0.0019421000004058442
98.099017,0.007002100000363498,0.004278100000328777,0.004472903676619198,0.004530002098233344,0.002722100000255523
98.119017,0.00039210000022649183,0.00606610000031651,0.005576440768233077,0.005571843590078054,0.007002100000363498
98.139017,0.00933210000039253,0.006260100000326929,0.006388600182121345,0.006496132634351753,0.007002100000363498
98.159017,0.010882100000344508,0.005716100000290681,0.006754063621298616,0.006904267832450806,0.004282100000182254
98.179017,0.0036921000003076188,0.00692210000029263,0.006601816191582079,0.00591520023338084,0.006422100000236242
98.199016,0.004282100000182254,0.005600100000265229,0.005954382896985486,0.005707904196069685,0.004282100000182254
98.219016,0.006422100000236242,0.0033841000002666987,0.0049098377923233235,0.005372939161116651,0.0036921000003076188
98.239016,0.002722100000255523,0.0040461000002778745,0.0036122041997717074,0.003401657109845423,0.004282100000182254
98.259016,-0.00019789999964814342,0.0028401000003213995,0.0022271205591019084,0.002381843590060521,0.002722100000255523
98.279016,0.007002100000363498,0.0012061000003541268,0.0009272716037987172,0.0009710044292529959,-0.00019789999964814342
98.299016,-0.001747899999600122,0.00019610000035754637,-0.00012084334462487942,-0.0006133312350709247,-0.001747899999600122
98.319015,-0.001747899999600122,-0.0006978999996590573,-0.0007801256727881838,-0.000321722843483791,-0.001747899999600122
98.339015,-0.0023278999997273786,-0.0012418999996953062,-0.0009759687908104468,-0.00031815640994120175,-0.001747899999600122
98.359015,-0.004667899999731162,0.0003921000002719666,-0.0007214823202507094,-0.0009078533796852965,-0.001747899999600122
98.379014,0.004282100000182254,-0.00019189999975424143,-0.00011293683279614837,-0.0008691121209538685,-0.0023278999997273786
98.399014,0.006422100000236242,0.00035210000023653263,0.0007073044627843801,0.0010198855480250122,0.00039210000022649183
98.419014,-0.004667899999731162,0.0026861000002554648,0.0015974234409342086,0.0019368319349745919,0.004282100000182254
98.439014,0.00039210000022649183,0.0026861000002554648,0.002445430842870165,0.0028063424244967362,0.004282100000182254
98.459014,0.007002100000363498,0.0019461000002593209,0.0031754685552097027,0.0034957363638827227,0.002722100000255523
98.479014,0.004282100000182254,0.0037361000002420043,0.003743723473564402,0.0028804449885934725,0.004282100000182254
98.499013,0.002722100000255523,0.004514100000233156,0.004132403085555925,0.003493964802101324,0.004282100000182254
98.519013,0.004282100000182254,0.0036581000002115617,0.004339621915708073,0.004924034732152017,0.004282100000182254
98.539013,0.004282100000182254,0.0038901000002169893,0.004365244181982585,0.004817764335871142,0.004282100000182254
98.559013,0.002722100000255523,0.004202100000202336,0.004201093924031091,0.0036950370631227943,0.004282100000182254
98.579013,0.005442100000209393,0.0038901000002169893,0.0038339573424600367,0.003402985781096539,0.004282100000182254
98.599012,0.004282100000182254,0.002568100000235063,0.0032609137020718736,0.0025032888114233168,0.002722100000255523
98.619012,0.002722100000255523,0.0024121000002651273,0.0025078592551264402,0.003192169930352899,0.002722100000255523
98.639012,-0.0023278999997273786,0.0017121000003044173,0.001641573523522311,0.0022467853149907794,0.0019421000004058442
98.659012,0.0019421000004058442,0.0022561000003406663,0.0007729005032071623,0.001550305128534846,0.0019421000004058442
98.679012,0.0019421000004058442,4.01000003421359e-05,5.253042454962419e-05,0.0002953400935857991,0.0019421000004058442
98.699011,0.007002100000363498,0.00046610000035798296,-0.0003468083073758915,-0.0015960818178339937,0.0019421000004058442
98.719011,-0.008357899999737128,-0.00038789999966866163,-0.00027499269408965397,-0.0005991121208532592,-0.00019789999964814342
98.739011,-0.00019789999964814342,-0.0008158999996794591,0.00032589170087575866,0.0008987433569745515,-0.00019789999964814342
98.759011,-0.0023278999997273786,0.000856100000328297,0.0013619912622802055,0.0012339648021791084,-0.00019789999964814342
98.779011,-0.00019789999964814342,0.0033841000003121736,0.00258830495387994,0.002612496270706449,-0.00019789999964814342
98.799011,0.015362100000402279,0.003812100000322971,0.00368990206889342,0.0034729857811991206,0.0019421000004058442
98.81901,0.004282100000182254,0.005250100000330349,0.004407178620389601,0.00491809067632049,0.004282100000182254
98.83901,0.0019421000004058442,0.005250100000330349,0.004633045374772217,0.004387018415261915,0.004282100000182254
98.85901,0.0048621000003095105,0.002566100000331062,0.0044292447425495615,0.004987601165846816,0.0019421000004058442
98.87901,-0.00019789999964814342,0.0031101000003673105,0.00396643327806582,0.0041295125877596145,0.0019421000004058442
98.899009,0.0019421000004058442,0.00400610000033339,0.0034378157386220688,0.0025050603733059477,0.0048621000003095105
98.919009,0.007002100000363498,0.0029941000003418593,0.0029967563630190304,0.00252081794906296,0.0019421000004058442
98.939009,0.006422100000236242,0.0031121000003167866,0.0027349223086891128,0.003329279487474044,0.0019421000004058442
98.959009,-0.00019789999964814342,0.002802100000280916,0.002683112316054302,0.002396039394234264,0.00039210000022649183
98.979009,0.00039210000022649183,0.0031521000002612707,0.0028112885177987057,0.0029804916086800643,0.00039210000022649183
98.999008,0.00039210000022649183,0.0015181000002939982,0.003027262385785801,0.0031560393942134113,0.00039210000022649183
99.019008,0.008752100000265273,0.0033081000002766815,0.0031937397830033194,0.003517018415182594,0.00039210000022649183
99.039008,-0.001747899999600122,0.004086100000267834,0.0031748729440582626,0.003190584848759099,0.004282100000182254
99.059008,0.008752100000265273,0.004086100000267834,0.0028958454737965235,0.0026792794874434867,0.004282100000182254
99.079008,0.004282100000182254,0.0010921000002781511,0.002381013813965074,0.0024621466203076183,0.00039210000022649183
99.099007,0.00039210000022649183,0.001520100000243474,0.0017431566952439584,0.0021252701634241382,0.00039210000022649183
99.119007,-0.006217899999683141,0.0010541000002376676,0.0011254134276796081,2.2333100481018313e-05,0.00039210000022649183
99.139007,0.00039210000022649183,0.00015810000027158822,0.0006317830429706572,0.0009964356645887531,0.00039210000022649183
99.159007,0.006422100000236242,-0.0006978999997045321,0.0002929831236051275,-7.61750579904343e-05,-0.00019789999964814342
99.179007,-0.00019789999964814342,0.0019461000003047958,8.624952387462596e-05,-0.0002692519810346326,0.00039210000022649183
99.199007,-0.0038878999996541097,0.0010901000003286753,-1.488714493998434e-05,0.0008999321681635417,-0.00019789999964814342
99.219006,0.007002100000363498,-0.0005438999996385974,-1.3932061976949876e-06,0.0012043610726066613,-0.001747899999600122
99.239006,-0.0038878999996541097,0.0006621000003633526,0.0001753514701750407,0.000249489277774424,-0.001747899999600122
99.259006,-0.001747899999600122,0.00109010000037415,0.0005729136505374906,-0.00040997459169080834,-0.001747899999600122
99.279006,0.005832100000361606,7.810000038261933e-05,0.001210213445882203,0.0009819368302123861,-0.001747899999600122
99.299006,-0.001747899999600122,0.001400100000364546,0.002027563197362335,0.0018269717952529593,0.0019421000004058442
99.319005,0.0019421000004058442,0.00315010000035727,0.002875382522793287,0.002115013753261994,0.002722100000255523
99.339005,0.002722100000255523,0.0027221000003464723,0.0035426528382606994,0.0035884170166521553,0.002722100000255523
99.359005,0.007002100000363498,0.003928100000302947,0.0038226351071485344,0.004801983450204831,0.0036921000003076188
99.379005,0.0036921000003076188,0.003928100000302947,0.0035952813707394874,0.00391743799564911,0.0036921000003076188
99.399004,0.004282100000182254,0.0043561000003137455,0.0028902757792070534,0.0034769484851385696,0.004282100000182254
99.419004,0.0019421000004058442,0.0012841000002936198,0.0018960297259031002,0.0008991396273268908,0.0036921000003076188
99.439004,0.0048621000003095105,8.010000028662035e-05,0.0009015235870427713,0.0007672515154579988,0.0019421000004058442
99.459004,-0.008357899999737128,-0.0008158999996794591,0.0001893139162994495,5.5759673956230456e-05,-0.00019789999964814342
99.479004,-0.0023278999997273786,0.0009721000003082736,-7.374856497164947e-05,-5.260862440558886e-05,-0.00019789999964814342
99.499003,-0.00019789999964814342,-0.00046589999969910424,0.00010747696815798107,-0.00011270186447378031,-0.0023278999997273786
99.519003,0.010882100000344508,0.0011661000003186928,0.0005830313171908193,0.0007114939397049854,-0.00019789999964814342
99.539003,-0.0023278999997273786,0.0020201000003453374,0.0011442587873319488,0.000934524242754141,-0.00019789999964814342
99.559003,-0.00019789999964814342,0.0026041000003260706,0.0016121411947022963,0.002932100000331132,0.0019421000004058442
99.579003,0.0019421000004058442,0.00038810000032754035,0.0018833521860954308,0.002031796970039069,-0.00019789999964814342
99.599002,0.002722100000255523,0.001826100000334918,0.0019311189021177558,0.0016870883453145745,0.0019421000004058442
99.619002,-0.00019789999964814342,0.0015161000003445224,0.0017832198867602737,0.0008820766903038532,0.0019421000004058442
99.639002,0.0048621000003095105,0.0016721000003144582,0.0014964030321734682,0.0012697689980121596,0.002722100000255523
99.659002,-0.001747899999600122,0.0007781000003433292,0.0011341449775040036,0.0012153867136203643,-0.00019789999964814342
99.679002,0.002722100000255523,0.00046810000035293344,0.000748799155289848,0.0012387433569879995,-0.001747899999600122
99.699002,-0.001747899999600122,0.00046810000035293344,0.0003705161838925118,-0.0003021890439288185,-0.001747899999600122
99.719001,-0.001747899999600122,0.00046810000035293344,7.881606175146719e-06,0.0001786034968598489,-0.001747899999600122
99.739001,0.0048621000003095105,-0.0013198999996347992,-0.0003372693372518253,-0.0006488790206238318,-0.001747899999600122
99.759001,-0.001747899999600122,0.00043010000035792473,-0.0006472674764889656,0.00020974568800185514,-0.001747899999600122
99.779001,-0.006217899999683141,2.1000003471272065e-06,-0.00087217041742716,-0.00017041748213643144,-0.001747899999600122
99.799001,0.007002100000363498,-0.000581899999633606,-0.0009309552340890514,-0.0010023522140912963,-0.001747899999600122
99.819,-0.0038878999996541097,-0.0010098999996444036,-0.000733356223870234,-0.001354566666329169,-0.0038878999996541097
99.839,0.0019421000004058442,-0.00038789999966866163,-0.00021919004335545518,-0.0010396715614409738,-0.003107899999804431
99.859,-0.0038878999996541097,-0.00023389999969367637,0.0005957301208442237,0.001470701398910023,-0.003107899999804431
99.879,-0.003107899999804431,0.0019441000003098453,0.0015914392329136647,0.0015069484851604658,0.0019421000004058442
99.898999,0.007772100000238424,0.0025281000002905785,0.0025619026733232,0.001618044056246382,0.0048621000003095105
99.918999,0.007002100000363498,0.0025281000002905785,0.003284911360224217,0.0035613074594907316,0.0048621000003095105
99.938999,0.0048621000003095105,0.0049001000003045195,0.003610939884275309,0.0044245475527371105,0.007002100000363498
99.958999,-0.0038878999996541097,0.003890100000307939,0.0035209286520816474,0.004223288811504191,0.0048621000003095105
99.978999,0.008752100000265273,0.002878100000316408,0.00312527375719736,0.0032064822847059694,0.002722100000255523
99.998998,0.002722100000255523,0.0009721000003082736,0.0026128833828829375,0.0011846641028603081,0.0019421000004058442
100.018998,0.0019421000004058442,0.002606100000275546,0.0021769046326723953,0.0013829624711345,0.002722100000255523
100.038998,-0.004667899999731162,0.0014001000002735963,0.0019439955550531916,0.0026477410259189314,0.002722100000255523
100.058998,0.004282100000182254,0.0022561000002951914,0.00193376351060468,0.0029592095574040443,0.002722100000255523
100.078998,0.002722100000255523,0.0025281000002905785,0.0020688027161450614,0.0009027526809493723,0.0033021000003827794
100.098998,0.007002100000363498,0.0026841000003059888,0.002230260071336443,0.002281773659975589,0.0033021000003827794
100.118997,0.0033021000003827794,0.0019061000003148365,0.002323253709256093,0.0029435918417960788,0.002722100000255523
100.138997,-0.0038878999996541097,0.0032281000003422378,0.002312228949809218,0.003247321445566043,0.0033021000003827794
100.158997,0.00039210000022649183,0.0017881000003399095,0.0022153480196254326,0.0016424729607249114,0.00039210000022649183
100.178997,0.00933210000039253,0.0010881000003337248,0.002078950066419835,0.0013082538464899444,-0.00019789999964814342
100.198996,-0.00019789999964814342,0.0019441000003098453,0.0019560773352914926,0.0017525428907628658,0.00039210000022649183
100.218996,-0.00019789999964814342,0.002838100000326449,0.0018936415159927326,0.0019546641028815198,0.00039210000022649183
100.238996,0.00039210000022649183,0.0019441000003098453,0.0019227424572185068,0.0025038249420301748,0.00039210000022649183
100.258996,0.0048621000003095105,0.0015181000002939982,0.002053607419835955,0.0024505848487782174,0.00039210000022649183
100.278996,0.0048621000003095105,0.0026461000002655057,0.0022792018457774847,0.001967251515415422,0.0048621000003095105
100.298995,-0.0023278999997273786,0.0035401000002821094,0.0025821148801512556,0.0026328925410761344,0.0048621000003095105
100.318995,0.005442100000209393,0.0025281000002905785,0.0029349058349585322,0.0026939181821157136,0.0048621000003095105
100.338995,0.0048621000003095105,0.0019441000003098453,0.003292933305526197,0.003024827273033114,0.0019421000004058442
100.358995,-0.00019789999964814342,0.0036941000003025692,0.0035886690606762124,0.003407437995632384,0.0048621000003095105
100.378995,0.0019421000004058442,0.003890100000307939,0.0037386718650725113,0.0036839881121939607,0.0048621000003095105
100.398994,0.006422100000236242,0.0036561000003075606,0.003669928051332877,0.00470333543154193,0.0036921000003076188
100.418994,0.006422100000236242,0.0036561000003075606,0.0033597144433624294,0.003383009091225936,0.0036921000003076188
100.438994,0.0036921000003076188,0.0038121000002774965,0.0028655112585923245,0.002117484615683687,0.0036921000003076188
100.458994,-0.00019789999964814342,0.001750100000299426,0.002317174856877676,0.0022029857811793965,0.002722100000255523
100.478994,0.002722100000255523,0.0005441000002974761,0.001865500251606111,0.0020066221448048413,0.00039210000022649183
100.498994,-0.0038878999996541097,0.0015561000002890068,0.0016144313895442867,0.001927204895381398,0.00039210000022649183
100.518993,0.00039210000022649183,0.0024521000002550863,0.0015798532168138765,0.001049629137788908,0.002722100000255523
100.538993,0.008752100000265273,0.00198610000024928,0.0017014589241413419,0.0020286967368411913,0.00039210000022649183
100.558993,0.004282100000182254,0.00198610000024928,0.0018952931930388342,0.0017385801867410727,0.00039210000022649183
100.578993,0.00039210000022649183,0.0033081000002766815,0.0021035590652819735,0.002394081352269506,0.004282100000182254
100.598993,-0.0038878999996541097,0.0012081000003036023,0.0023051331782304265,0.0030725428907353233,0.00039210000022649183
100.618992,0.007002100000363498,0.002102100000320206,0.0024897390314615616,0.002119232867452435,0.00039210000022649183
100.638992,-0.001747899999600122,0.002102100000320206,0.0026295317323427603,0.002045806294025213,0.00039210000022649183
100.658992,0.008752100000265273,0.0031521000003067456,0.0026752471433675483,0.0022912142194214634,0.0013621000002785877
100.678992,0.00039210000022649183,0.0026081000002704966,0.002575403429301647,0.002827997436165976,0.0013621000002785877
100.698992,0.0013621000002785877,0.002336100000229635,0.002298892781709446,0.002641633799779954,0.0013621000002785877
100.718991,0.004282100000182254,0.001130100000227685,0.0018457328787116747,0.0014554100235305825,0.0013621000002785877
100.738991,-0.003107899999804431,0.001012100000252758,0.001245900063797356,0.0010108878790103092,0.0013621000002785877
100.758991,0.002722100000255523,0.0008181000002423389,0.0005558438395252348,0.00029897645713348043,0.00039210000022649183
100.778991,-0.00019789999964814342,-0.0003878999997141364,-0.00013975422459722793,0.0008059461541323248,-0.00019789999964814342
100.79899,0.00039210000022649183,0.0008941000003233057,-0.0007235156568617305,-0.0005622822840681783,0.00039210000022649183
100.81899,-0.001747899999600122,-0.0004278999996586208,-0.0010504272491508673,-0.0009015130532756464,-0.00019789999964814342
100.83899,0.0033021000003827794,-0.001165899999659814,-0.0009755271752348795,-0.0003066645684158335,-0.001747899999600122
100.85899,-0.0038878999996541097,-0.0002718999996432103,-0.000406433315110455,-0.0013355223772529307,-0.001747899999600122
100.87899,-0.0038878999996541097,0.00046610000035798296,0.0006358802723170963,-7.452004626116014e-05,0.0019421000004058442
100.898989,0.0048621000003095105,0.0001941000003625959,0.001981268622642065,0.0015480207462965122,0.0019421000004058442
100.918989,0.0019421000004058442,0.0032661000003372464,0.003331945763210693,0.003775573193816527,0.0019421000004058442
100.938989,0.0019421000004058442,0.005444100000340768,0.004348771454013562,0.004537717715948562,0.0048621000003095105
100.958989,0.011472100000219143,0.005328100000315317,0.004774121322591418,0.005416808625020578,0.004282100000182254
100.978989,0.007002100000363498,0.004474100000288672,0.004537725582313487,0.0057218902100744495,0.004282100000182254
100.998989,0.004282100000182254,0.004164100000252802,0.003790218535891076,0.002909372727530857,0.004282100000182254
101.018988,-0.0023278999997273786,0.0024141000002600777,0.0028386507910787575,0.00206983892799293,0.002722100000255523
101.038988,0.00039210000022649183,-0.00022989999974925012,0.002010703421009499,0.0018815871797373434,0.00039210000022649183
101.058988,0.002722100000255523,0.0007801000002928049,0.0015169656414678575,0.0005675312357167252,0.00039210000022649183
101.078988,-0.006217899999683141,0.002530100000285529,0.0013814737117535199,0.0013242212124063967,0.002722100000255523
101.098988,0.00933210000039253,0.002102100000320206,0.0014704891281858347,0.002186458974667816,0.002722100000255523
101.118987,0.006422100000236242,0.002102100000320206,0.001594833004331873,0.002452449650677002,0.002722100000255523
101.138987,-0.001747899999600122,0.0033061000003272055,0.0016219952710729037,0.0021283937066389064,0.002722100000255523
101.158987,0.002722100000255523,0.0010901000003286753,0.0015341146516160784,0.0012822864805255986,-0.00019789999964814342
101.178987,-0.00019789999964814342,0.00035010000033253164,0.0014082044978473483,0.0021838249420367234,-0.00019789999964814342
101.198987,-0.001747899999600122,0.0007781000002978544,0.0013449387748241854,2.347529168180687e-05,0.00039210000022649183
101.218986,0.002722100000255523,0.0015181000002939982,0.001396301391564562,0.00046638904459244963,0.00039210000022649183
101.238986,0.00039210000022649183,0.0007801000002928049,0.0015321941251146222,0.0012856198138001655,0.00039210000022649183
101.258986,0.006422100000236242,0.0019841000002543295,0.001657003728726437,0.0023656431238076757,0.002722100000255523
101.278986,-0.0038878999996541097,0.0019841000002543295,0.0016597479716792378,0.0020981606063088243,0.002722100000255523
101.298985,0.004272100000207502,0.0027601000002505315,0.0014700871118969552,0.0020486268067606934,0.004272100000207502
101.318985,0.002722100000255523,-3.9899999728731926e-05,0.0010964290571889204,0.0010416571098248173,0.002722100000255523
101.338985,0.004272100000207502,0.0012821000002531946,0.0006304211617939978,0.0006090696972414741,0.002722100000255523
101.358985,-0.007577899999660076,7.810000029166986e-05,0.00021179575919604268,-0.00042060396241948425,0.002722100000255523
101.378985,0.002722100000255523,-0.0003878999997141364,-3.4507520884131936e-05,-7.666899477689086e-06,0.00039210000022649183
101.398984,-0.001747899999600122,-0.0012818999996852653,-5.7324874413146405e-05,-0.0001387158505090088,-0.00019789999964814342
101.418984,0.00039210000022649183,0.0007781000002978544,9.881694467807651e-05,-0.0008923755241739076,0.00039210000022649183
101.438984,-0.00019789999964814342,0.0007781000002978544,0.00032089796098527183,0.0005834752916751176,0.00039210000022649183
101.458984,0.002722100000255523,0.00019410000027164642,0.000489190873586193,0.001520724708895548,0.00039210000022649183
101.478984,0.002722100000255523,0.0018641000002844522,0.0005430394526807025,0.00109042167860407,0.002722100000255523
101.498983,-0.004667899999731162,0.0009701000002678484,0.0005188012275119766,0.001215433333615986,0.002722100000255523
101.518983,0.00874210000029052,0.0008141000002979126,0.0005405238449961777,-0.00016575547756516869,0.0019421000004058442
101.538983,-0.004667899999731162,-0.00019589999969866768,0.0007640085656262528,3.2239860421067607e-05,-0.0023278999997273786
101.558983,0.0019421000004058442,0.0008161000002928631,0.001294801187287694,0.0008867386949450772,0.00039210000022649183
101.578983,-0.0023278999997273786,0.0012441000003036607,0.002116247325965828,0.0019111209793306698,0.00039210000022649183
101.598983,0.00039210000022649183,0.0035781000003225925,0.0030684348916355645,0.0036395125877289646,0.0019421000004058442
101.618982,0.010882100000344508,0.0037341000002925283,0.003900321714836236,0.0037900487182464947,0.002722100000255523
101.638982,0.007002100000363498,0.005172100000299907,0.004375870655655085,0.00437561981381153,0.0048621000003095105
101.658982,0.002722100000255523,0.005172100000299907,0.004377555818473152,0.004562636130827384,0.0048621000003095105
101.678982,0.0048621000003095105,0.00264610000031098,0.003950459020127928,0.004573242191454369,0.002722100000255523
101.698982,0.00039210000022649183,0.0031121000003167866,0.0032698395884714648,0.0038901652683964788,0.002722100000255523
101.718981,-0.001747899999600122,0.0025281000003360534,0.002561081124603265,0.001384058042300446,0.00039210000022649183
101.738981,0.00933210000039253,0.00194410000035532,0.0020188244402870167,0.0010468319350793284,0.00039210000022649183
101.758981,-0.00019789999964814342,0.0010881000003791995,0.0017562657674109773,0.0020763657346325806,-0.00019789999964814342
101.778981,0.0019421000004058442,0.002720100000351522,0.001788175263799632,0.0018912841495561134,0.0019421000004058442
101.79898,-0.0038878999996541097,0.002254100000345716,0.0020390488186728755,0.0025525662008269866,0.0019421000004058442
101.81898,0.006412100000261489,0.0020601000003352965,0.0023736679270254836,0.002718999767209765,0.0019421000004058442
101.83898,0.007002100000363498,0.002526100000295628,0.002648499724624723,0.0024198156180071703,0.004272100000207502
101.85898,-0.0011678999997002393,0.0038481000002775546,0.002767564645268602,0.0028969951051993257,0.004272100000207502
101.87898,0.004272100000207502,0.0029541000003064253,0.00271538538505388,0.002544640792835727,0.002722100000255523
101.89898,0.002722100000255523,0.0012041000003137014,0.002551184285531011,0.0024935452217504377,0.0019421000004058442
101.918979,0.0019421000004058442,0.0022921000002952495,0.0023718960260311777,0.0024818435900539697,0.002722100000255523
101.938979,-0.001747899999600122,0.0024101000003156512,0.002266300870259702,0.002231354079556103,0.002722100000255523
101.958979,0.004272100000207502,0.0031481000003168447,0.0022831151071482144,0.002476901865103521,0.004272100000207502
101.978979,0.0048621000003095105,0.0018261000002894434,0.002424657511248033,0.0017601885783839497,0.004272100000207502
101.998978,0.006412100000261489,0.0027201000002605724,0.0026590883975793744,0.002608859907035276,0.004272100000207502
102.018978,-0.004667899999731162,0.002838100000280974,0.0029330743739170322,0.0030222398604225534,0.0048621000003095105
102.038978,0.002722100000255523,0.003266100000291772,0.003177370689766791,0.003555852914046247,0.0048621000003095105
102.058978,0.0048621000003095105,0.0023721000003206426,0.0033178856310984318,0.003518440326640666,0.002722100000255523
102.078978,0.007002100000363498,0.004162100000303326,0.003304791986842512,0.0029937550119566213,0.004282100000182254
102.098977,0.0019421000004058442,0.004162100000303326,0.0031479475181238844,0.003365246853467203,0.004282100000182254
102.118977,0.004282100000182254,0.0028401000003213995,0.002928346671677068,0.0036931023313174992,0.002722100000255523
102.138977,0.002722100000255523,0.0024121000003106017,0.002766047086999232,0.0027909111891198306,0.002722100000255523
102.158977,-0.001747899999600122,0.0021021000002747316,0.002754953667823901,0.0016010976692961395,0.002722100000255523
102.178977,0.0048621000003095105,0.002218100000300183,0.0028990860344365256,0.0018493960375813652,0.002722100000255523
102.198977,0.00039210000022649183,0.001908100000309787,0.0030883248068488104,0.003644384382579449,0.0011721000003035442
102.218976,0.0048621000003095105,0.004008100000282866,0.0031333781229040264,0.0033572282054301094,0.0048621000003095105
102.238976,0.0011721000003035442,0.0037741000002824874,0.002850005308234739,0.003272985781168763,0.0036921000003076188
102.258976,0.008752100000265273,0.0023361000002751096,0.0021557310748372338,0.002414081352234911,0.0036921000003076188
102.278976,0.0036921000003076188,0.0011301000002731597,0.0011300195847433912,0.001620608158789171,0.0011721000003035442
102.298975,-0.006797899999810397,0.00043010000026697524,4.745300174435668e-07,0.0002001419583169007,-0.0011678999997002393
102.318975,-0.0011678999997002393,-0.0009318999997049105,-0.0009449040426656077,-0.0012981097899257908,-0.0011678999997002393
102.338975,-0.0023278999997273786,-0.0030298999997285135,-0.0014762611100162647,-0.0018301377619535646,-0.0023278999997273786
102.358975,0.0019421000004058442,-0.0012818999996852653,-0.0015128532924647837,-0.002985592307395848,-0.0011678999997002393
102.378975,-0.006797899999810397,-0.0009698999996999192,-0.0011496515907385581,-0.0013536109554060814,0.00039210000022649183
102.398974,0.0019421000004058442,-0.0005438999996840721,-0.0006159676311017676,0.0007323097905271127,0.00039210000022649183
102.418974,0.00039210000022649183,4.0100000296661166e-05,-0.0001847265756863685,0.00025631911452076643,0.00039210000022649183
102.438974,-0.00019789999964814342,0.0011661000003186928,-6.394280041568781e-05,0.00012340536160921256,0.00039210000022649183
102.458974,0.0048621000003095105,-0.00046589999969910424,-0.00031075255382582203,-0.0005014897432791308,-0.00019789999964814342
102.478974,-0.0011678999997002393,-0.0008938999996644271,-0.0008056202140289888,-0.0007607438224998274,-0.0011678999997002393
102.498973,-0.006217899999683141,-0.0012038999996548227,-0.001301751864794225,-0.0011925386942889206,-0.001747899999600122
102.518973,-0.001747899999600122,-0.0022158999996463534,-0.0015283759778040962,-0.0012798347315696702,-0.001747899999600122
102.538973,-0.001747899999600122,-0.0010098999996444036,-0.001298548214628502,-0.0020565013982709267,-0.001747899999600122
102.558973,-0.00019789999964814342,-0.00038789999966866163,-0.0005742401655399892,-0.0014058720276353789,-0.001747899999600122
102.578973,0.0048621000003095105,4.0100000296661166e-05,0.0005290118006516424,0.00039100442921265926,-0.00019789999964814342
102.598972,-0.003107899999804431,0.0022561000002951914,0.0017852583042669349,0.0028917736599544932,0.00039210000022649183
102.618972,0.00039210000022649183,0.0031521000002612707,0.002926710364374951,0.003182682750865292,0.004282100000182254
102.638972,0.00933210000039253,0.0035801000002720685,0.0037211096406549716,0.004045969464141743,0.004282100000182254
102.658972,0.004282100000182254,0.00385210000031293,0.004041926502148215,0.00394051491869056,0.004282100000182254
102.678972,0.007002100000363498,0.004630100000304083,0.003906353690780879,0.003742612820811109,0.004282100000182254
102.698972,-0.001747899999600122,0.0027241000002959483,0.0034576719301661913,0.003337391375614212,0.004282100000182254
102.718971,0.004282100000182254,0.0022561000003406663,0.0028944941922071587,0.0024461792544181963,0.0019421000004058442
102.738971,-0.00019789999964814342,0.0008161000003383378,0.00238186436742429,0.0018115405597668725,-0.00019789999964814342
102.758971,0.0019421000004058442,0.002566100000331062,0.0019902103348244204,0.0023828692311243832,0.0019421000004058442
102.778971,-0.00019789999964814342,0.002254100000345716,0.0016909150812492136,0.0010663890446231017,0.0019421000004058442
102.79897,0.007002100000363498,0.00194410000035532,0.001405530805101191,0.0016995125877440193,0.0019421000004058442
102.81897,0.002722100000255523,0.0006221000003279187,0.001076742580866373,0.0017972282054874735,-0.00019789999964814342
102.83897,-0.001747899999600122,0.002062100000330247,0.0007185167959452708,0.0018424729607149884,0.002722100000255523
102.85897,-0.004667899999731162,0.0010501000003387162,0.0004194423825484581,0.00010042167865281695,0.0019421000004058442
102.87897,0.007002100000363498,-0.0004278999996586208,0.00030488403226670515,0.00011137738959676789,-0.001747899999600122
102.898969,0.0019421000004058442,-0.0005438999996840721,0.00048185302716378936,-0.0007712333330084356,-0.0023278999997273786
102.918969,-0.004667899999731162,0.002138100000320264,0.0009867366090494576,0.0014533354315624599,0.0019421000004058442
102.938969,-0.0023278999997273786,0.0011261000003287337,0.0017512236854727366,0.0017383937066038245,0.0019421000004058442
102.958969,0.00874210000029052,0.002486100000305669,0.002605561137091441,0.002813894872124987,0.0019421000004058442
102.978969,0.0019421000004058442,0.002642100000321079,0.00333002138289026,0.0025583237765514754,0.0019421000004058442
102.998968,0.00874210000029052,0.004974100000345061,0.003736592072929875,0.004053428671649959,0.00874210000029052
103.018968,-0.0038878999996541097,0.0034981000003426743,0.003741082226450153,0.0041908179490495875,0.0019421000004058442
103.038968,0.00933210000039253,0.00365410000031261,0.0033943501068385293,0.004316155944387021,0.002722100000255523
103.058968,0.0013621000002785877,0.0018661000003248774,0.0028663514169383437,0.002548953147176415,0.0013621000002785877
103.078968,0.002722100000255523,0.004044100000328399,0.0023932936646040657,0.001978440326665025,0.002722100000255523
103.098967,-0.00019789999964814342,0.0014001000003190712,0.002203531053488721,0.0013871815854203428,0.0013621000002785877
103.118967,0.007002100000363498,0.0017881000003399095,0.0024420484535564086,0.002580211888437326,0.002722100000255523
103.138967,-0.0038878999996541097,0.002992100000346909,0.003117471139791265,0.003039349417573714,0.0033021000003827794
103.158967,0.0033021000003827794,0.004780100000334642,0.004093720290081214,0.004680188578438676,0.007002100000363498
103.178967,0.00874210000029052,0.005246100000340448,0.00513657722616439,0.005051237529486816,0.00874210000029052
103.198967,0.00874210000029052,0.006412100000352439,0.006001189672787342,0.006426878555131541,0.00874210000029052
103.218966,0.00933210000039253,0.006724100000337785,0.0065192533037425745,0.007226155944402864,0.00874210000029052
103.238966,0.0019421000004058442,0.006842100000358187,0.00663932786803509,0.006616319114574528,0.00874210000029052
103.258966,0.0048621000003095105,0.005638100000351187,0.006403451321751865,0.005130864569117399,0.0048621000003095105
103.278966,0.00933210000039253,0.0029941000003418593,0.005885108705575358,0.005185153613385979,0.002722100000255523
103.298965,0.002722100000255523,0.0049001000003045195,0.005133111934727614,0.004802030070231193,0.0048621000003095105
103.318965,-0.0038878999996541097,0.005522100000280261,0.004155558995663273,0.00446848694667369,0.00797210000018822
103.338965,0.011472100000219143,0.002878100000270933,0.0029535746204743473,0.0035782538464409737,0.002722100000255523
103.358965,0.00797210000018822,0.0019841000002998044,0.0015850928235586416,0.002400165268357672,-0.001747899999600122
103.378965,-0.0038878999996541097,0.0018281000002843939,0.00021178853373006375,-0.00012885571068065363,-0.001747899999600122
103.398964,-0.001747899999600122,-0.0003878999997141364,-0.0009172779919839665,-0.0008302076920268218,-0.001747899999600122
103.418964,-0.004667899999731162,-0.0033438999997088105,-0.0015498134998639093,-0.0010018160836333715,-0.0038878999996541097
103.438964,0.00039210000022649183,-0.0015938999997160864,-0.0015361643193265466,-0.002710580652384749,-0.001747899999600122
103.458964,-0.00680789999978515,-0.0002718999997341598,-0.0008961558633898662,-0.0015108137526285668,0.00039210000022649183
103.478964,0.0048621000003095105,0.000740100000257371,0.00018751539467771428,0.0006844310025773435,0.00039210000022649183
103.498963,0.0048621000003095105,0.001516100000253573,0.001441927066391248,0.0024054333335599663,0.004272100000207502
103.518963,0.00039210000022649183,0.0037321000002521034,0.0026023675579713544,0.0029646174827712857,0.004272100000207502
103.538963,0.004272100000207502,0.0037321000002521034,0.0034884619055573695,0.002908183916350878,0.004272100000207502
103.558963,0.004272100000207502,0.0024101000002701768,0.004029826464684872,0.004861470629646232,0.004272100000207502
103.578963,0.0048621000003095105,0.003614100000277176,0.004243985800395155,0.0030206780888514745,0.004272100000207502
103.598962,-0.001747899999600122,0.00450810000029378,0.004190652707899504,0.003648230536420132,0.0048621000003095105
103.618962,0.006412100000261489,0.0027201000003060473,0.003931960010272213,0.00409781095601559,0.0048621000003095105
103.638962,0.00874210000029052,0.003496100000302249,0.0035188402240047246,0.0031503284385242946,0.006412100000261489
103.658962,-0.004667899999731162,0.003924100000267572,0.0030033160720616234,0.0034025895107638094,0.006412100000261489
103.678962,0.00874210000029052,0.0027201000002605724,0.002459049828368374,0.0023374146855715356,0.00039210000022649183
103.698961,0.00039210000022649183,0.0019441000002643704,0.001990940944560533,0.003617204895370532,0.00039210000022649183
103.718961,0.00039210000022649183,0.0025281000002905785,0.0017239575817849964,0.0019999088581090342,0.00039210000022649183
103.738961,0.0048621000003095105,0.00264610000031098,0.0017710263360898165,0.0006989531471550441,0.00039210000022649183
103.758961,-0.001747899999600122,0.0013241000003290538,0.002187797695630387,0.0021084403266696528,0.00039210000022649183
103.77896,0.00933210000039253,0.00179010000033486,0.0029290970802166947,0.0018423797206219836,0.002722100000255523
103.79896,-0.006217899999683141,0.003422100000352657,0.003826976151702254,0.004297717715951884,0.002722100000255523
103.81896,0.002722100000255523,0.00505610000031993,0.004612298056523911,0.004909838928075265,0.006422100000236242
103.83896,0.013022100000398495,0.004474100000288672,0.0049923518342565665,0.00501296247116529,0.006422100000236242
103.85896,0.006422100000236242,0.0053681000003052756,0.004766253378826511,0.005021144289332281,0.006422100000236242
103.87896,0.006422100000236242,0.00490210000029947,0.003923039265644461,0.0032279508161579284,0.006422100000236242
103.898959,-0.001747899999600122,0.0019481000002997463,0.002663344003663781,0.003724058042263956,0.00039210000022649183
103.918959,0.00039210000022649183,0.0006241000003228692,0.0013288731128183874,0.0013734519816533224,-0.00019789999964814342
103.938959,-0.001747899999600122,0.00019610000031207165,0.00027923960136735346,0.00019580629401391296,-0.00019789999964814342
103.958959,-0.00019789999964814342,0.0005061000003024674,-0.0002221719724271078,-0.0004038207455933096,-0.00019789999964814342
103.978959,0.004282100000182254,0.0008161000003383378,-7.212179177996212e-05,-0.0009832146849925454,-0.00019789999964814342
103.998958,-0.00019789999964814342,0.00023210000031212986,0.0006626857955143924,0.00018447762268787322,-0.00019789999964814342
104.018958,0.0019421000004058442,0.0012441000003036607,0.0017714984416660126,0.002322123310342618,0.0019421000004058442
104.038958,-0.004667899999731162,0.0025641000003361115,0.002947984163600335,0.0035150603732830264,0.0019421000004058442
104.058958,0.0048621000003095105,0.004780100000334642,0.0038648124910816454,0.0049534286716683765,0.0048621000003095105
104.078958,0.010882100000344508,0.004042100000333448,0.004275157938158024,0.0036604216786637065,0.0048621000003095105
104.098958,0.010882100000344508,0.005520100000330786,0.0041102451538556975,0.0037748738931078617,0.0048621000003095105
104.118957,-0.001747899999600122,0.0028761000003214576,0.0035143478233177696,0.003344897203113809,0.002722100000255523
104.138957,0.002722100000255523,0.0021001000003252556,0.0027789036351512208,0.0037601419583495207,0.002722100000255523
104.158957,-0.008357899999737128,0.0007801000002928049,0.002202806933721828,0.001437204895411168,0.002722100000255523
104.178957,0.007002100000363498,0.0021021000002747316,0.0019600363771937485,0.00042680862500754874,0.004282100000182254
104.198956,0.004282100000182254,0.0012081000003036023,0.0020483106039251697,0.002100468298656801,0.004282100000182254
104.218956,0.0048621000003095105,0.004164100000298277,0.0023322135239998722,0.003163335431512759,0.0048621000003095105
104.238956,-0.001747899999600122,0.004048100000272825,0.002636064471328145,0.003146831935029199,0.0048621000003095105
104.258956,0.006422100000236242,0.002258100000290142,0.002828029389438857,0.004676528904708742,0.0048621000003095105
104.278955,0.006422100000236242,0.002258100000290142,0.002860390724668711,0.0017032421914016656,0.0048621000003095105
104.298955,-0.004667899999731162,0.0034641000002466173,0.0027600886695051145,0.0016761792543561747,0.0048621000003095105
104.318955,0.0048621000003095105,0.0009361000002627406,0.002584884759537237,0.0026308412590136014,0.004282100000182254
104.338955,0.004282100000182254,0.0015181000002939982,0.0023743411535200897,0.0025509344991002927,0.004282100000182254
104.358955,-0.006217899999683141,0.0034241000003021327,0.002125432892156619,0.0014558529140454956,0.0048621000003095105
104.378955,0.00933210000039253,0.0015181000002939982,0.0018063753706540882,0.0018082771564963385,0.004282100000182254
104.398955,0.0048621000003095105,0.0010501000003387162,0.0013979540293861518,0.002537181585419203,0.0019421000004058442
104.418954,-0.004667899999731162,0.002682100000356513,0.0009331060750630454,0.0008897223779593883,0.0019421000004058442
104.438954,0.0019421000004058442,0.0005821000003379595,0.0005062202650413198,0.00037335874162583254,0.0019421000004058442
104.458954,0.0019421000004058442,-0.0008558999996694183,0.0002452519219130114,0.0005752235434765333,-0.0011678999997002393
104.478954,-0.0011678999997002393,0.00046610000035798296,0.00026292435969859816,-0.0004877601395428507,0.0019421000004058442
104.498953,-0.0023278999997273786,0.0009341000003132649,0.0006109076961224328,0.0003042212124386649,0.0019421000004058442
104.518953,0.0019421000004058442,0.0014021000002685468,0.0012568720700732255,0.002220118648322008,0.0019421000004058442
104.538953,0.004282100000182254,0.002026100000284714,0.002094729056483515,0.0018839414921032025,0.0019521000003805966
104.558953,0.004282100000182254,0.003776100000277438,0.002981870422909259,0.0028558762240432772,0.004282100000182254
104.578953,0.0019521000003805966,0.003466100000241568,0.003781777991458223,0.004080631468799976,0.004282100000182254
104.598953,0.006422100000236242,0.004010100000277817,0.004390953931739867,0.0038638249419822033,0.004282100000182254
104.618952,0.00039210000022649183,0.004010100000277817,0.004745633997726416,0.004357880886035767,0.004282100000182254
104.638952,0.007002100000363498,0.004164100000252802,0.004819835575877775,0.005204384382568196,0.004282100000182254
104.658952,0.004282100000182254,0.005058100000269405,0.004628464082311689,0.005177391375558008,0.004282100000182254
104.678952,0.002722100000255523,0.005524100000275212,0.004237689071076905,0.004005246853387854,0.004282100000182254
104.698951,0.01089210000031926,0.003502100000241626,0.003769628771853458,0.0035191629373386613,0.002722100000255523
104.718951,0.002722100000255523,0.0026081000002704966,0.003381795711007936,0.003998300466473845,0.002722100000255523
104.738951,-0.003107899999804431,0.003930100000297898,0.0032133635406226737,0.002761913520076652,0.002722100000255523
104.758951,-0.000187899999673391,0.0026081000002704966,0.0033187786766680533,0.0026538715620641994,0.002722100000255523
104.77895,0.00933210000039253,0.002298100000280101,0.0036317020566377207,0.0033789531471473716,0.0011721000003035442
104.79895,0.004282100000182254,0.004320100000313687,0.0039902627088918355,0.003966878555061306,0.004282100000182254
104.81895,0.0011721000003035442,0.0061081000003014195,0.004213617725954983,0.005306692074891071,0.007002100000363498
104.83895,0.007002100000363498,0.004786100000274018,0.004187938415289576,0.005520281818498592,0.004282100000182254
104.85895,0.008752100000265273,0.003580100000317543,0.003918207099133176,0.0037279041961115296,0.002722100000255523
104.87895,0.002722100000255523,0.003308100000322156,0.003519175619447608,0.0018996058278080202,0.002722100000255523
104.898949,-0.001747899999600122,0.001986100000294755,0.0031449667535976373,0.0029767153849160244,0.00039210000022649183
104.918949,-0.000187899999673391,0.0015201000002889487,0.0028919667130995726,0.0025654566436451335,0.00039210000022649183
104.938949,0.00039210000022649183,0.0027261000002908988,0.0027357713164824302,0.002421866900056983,0.00039210000022649183
104.958949,0.006422100000236242,0.0027261000002908988,0.002549848301455792,0.0026000254082262624,0.00039210000022649183
104.978949,0.008752100000265273,0.003736100000287479,0.0021998036665296416,0.0031993960375930925,0.0048621000003095105
104.998948,-0.001747899999600122,0.0031921000002967047,0.0016519557910630105,0.0028240580422465977,0.0048621000003095105
105.018948,0.0048621000003095105,0.0014421000003039808,0.0010227319471454014,0.0013366920748934745,-0.001747899999600122
105.038948,-0.0023278999997273786,-0.0007738999996945495,0.0005343116470142994,-0.0001003475521591399,-0.0023278999997273786
105.058948,-0.0023278999997273786,-0.0003458999997292267,0.00040055506163295945,-0.0008573172491299452,-0.0023278999997273786
105.078948,-0.0023278999997273786,-0.000461899999754678,0.0007076938876515427,-0.0007952193470658631,-0.0023278999997273786
105.098948,0.00039210000022649183,0.0014041000002634973,0.0013578063508889358,0.002562030070174211,0.00039210000022649183
105.118947,0.004282100000182254,0.002726100000245424,0.002109855594260594,0.002932030070187177,0.004282100000182254
105.138947,0.007002100000363498,0.005058100000269405,0.0026984401871451894,0.0031076944058537406,0.004282100000182254
105.158947,0.004282100000182254,0.0033081000002766815,0.002963744052976291,0.003297554545732208,0.004282100000182254
105.178947,0.00933210000039253,0.001986100000294755,0.0029169882222378255,0.003143988112170296,0.004282100000182254
105.198946,-0.008357899999737128,0.001986100000294755,0.002703757896308124,0.001813265501472089,0.004282100000182254
105.218946,-0.0023278999997273786,0.0016741000003094087,0.0024932914255992914,0.0017680440562641148,0.002722100000255523
105.238946,0.007002100000363498,0.00019810000030702214,0.002371375115269944,0.0018318902100990656,0.0019521000003805966
105.258946,0.002722100000255523,0.0036201000003075025,0.0023073839510041757,0.0032590230772407813,0.002722100000255523
105.278945,0.0019521000003805966,0.004164100000298277,0.002206527338116447,0.001729489277670466,0.002722100000255523
105.298945,0.008752100000265273,0.002842100000270875,0.001997884927280595,0.003025782983958322,0.0019521000003805966
105.318945,0.00039210000022649183,0.00020010000025649788,0.0016921603767594401,0.001846692074848189,0.00039210000022649183
105.338945,0.00039210000022649183,0.001560100000233433,0.0013722449920865324,0.0009417037298344103,0.00039210000022649183
105.358945,-0.010487899999816364,0.0003541000002314831,0.0011303443239332413,0.0012476477857729547,0.00039210000022649183
105.378945,0.008752100000265273,0.0008201000002372894,0.0010047923266683764,0.0005221466202739123,0.002722100000255523
105.398944,0.002722100000255523,0.0007041000002573128,0.0009661486718773087,0.00044522354338127445,0.002722100000255523
105.418944,0.002722100000255523,0.0024521000003005613,0.0009559880854165173,0.001030817949026273,0.002722100000255523
105.438944,-0.000187899999673391,0.0013641000003190129,0.0009377195332876207,0.00169335874158292,0.002722100000255523
105.458944,-0.001747899999600122,0.00047010000034788393,0.0009183647192083806,0.0021997223779592133,-0.000187899999673391
105.478944,0.003312100000357532,0.0007821000003332302,0.0009338588246319786,7.596946419979726e-05,-0.000187899999673391
105.498944,-0.001747899999600122,0.0007821000003332302,0.001018204310008493,0.00010517692342149596,-0.000187899999673391
105.518943,0.004282100000182254,0.0010941000003185763,0.00117903096750515,0.0008367620049970449,-0.000187899999673391
105.538943,-0.000187899999673391,0.0008221000003231893,0.001389761296732383,0.0021238482520604075,-0.000187899999673391
105.558943,-0.000187899999673391,0.0024561000002904622,0.0015985317218651259,0.0015160627042590936,0.0019521000003805966
105.578943,0.0019521000003805966,0.00183410000031472,0.001750686876347053,0.0014282538464631084,0.0011721000003035442
105.598942,0.006422100000236242,0.0010941000003185763,0.0018184708362732785,0.0021172048954105033,0.0011721000003035442
105.618942,0.0011721000003035442,0.0025321000003259543,0.001824585111304704,0.001888720046954494,0.0019521000003805966
105.638942,-0.0038878999996541097,0.0026861000003009393,0.0018441670188412691,0.002701167599392939,0.002722100000255523
105.658942,0.007002100000363498,0.0017921000003298104,0.00198100191316419,0.0021907713289904826,0.0019521000003805966
105.678941,0.002722100000255523,0.002102100000320206,0.002328381680466483,0.0016134519816468208,0.002722100000255523
105.698941,0.0019521000003805966,0.0029581000002963263,0.0029279621385075536,0.00186718158538773,0.002722100000255523
105.718941,0.002722100000255523,0.002842100000270875,0.0037367827138827256,0.0035858762240615965,0.002722100000255523
105.738941,0.00039210000022649183,0.004164100000298277,0.004616540274925143,0.005255223543409382,0.002722100000255523
105.758941,0.006422100000236242,0.005524100000275212,0.005363163280598408,0.005917741025931118,0.006422100000236242
105.778941,0.00933210000039253,0.0063801000002968065,0.005780413785866743,0.0055865522147378836,0.007002100000363498
105.79894,0.008752100000265273,0.006846100000302613,0.0057694758975665025,0.005646901865083568,0.007002100000363498
105.81894,0.007002100000363498,0.004630100000304083,0.005383202244548558,0.005805293473496634,0.007002100000363498
105.83894,0.002722100000255523,0.004630100000304083,0.0048054924145678425,0.005777134965350387,0.007002100000363498
105.85894,-0.00465789999975641,0.004046100000323349,0.004261906319553751,0.003082636130861911,0.005832100000361606
105.87894,0.00933210000039253,0.003036100000326769,0.003913442182626685,0.00277119090943662,0.002722100000255523
105.898939,0.005832100000361606,0.00214210000035564,0.003793235951070448,0.003474314452579028,0.0019521000003805966
105.91894,0.0019521000003805966,0.005680100000381572,0.0038117114382487344,0.004387601165842133,0.005832100000361606
105.938939,-0.001747899999600122,0.0046701000003395166,0.0038149372720369043,0.004668836597078256,0.004282100000182254
105.958939,0.013032100000373248,0.0035821000003124935,0.003664097904257312,0.004215363403600383,0.0019521000003805966
105.978939,0.004282100000182254,0.00284210000031635,0.003303661370242372,0.002812053380269064,0.00039210000022649183
105.998939,0.00039210000022649183,0.0035821000003124935,0.00278812474805294,0.0026261792543972877,0.0019521000003805966
106.018938,-0.001747899999600122,0.0019481000002997463,0.0022529719752344963,0.0027082072264227423,0.0019521000003805966
106.038938,0.0019521000003805966,0.0010541000003286172,0.0018489823235928063,0.0014598389280474165,0.00039210000022649183
106.058938,0.0048621000003095105,0.0015201000003344234,0.0016816746243146496,0.00036307902128567416,0.0019521000003805966
106.078938,-0.000187899999673391,0.0019481000002997463,0.0017859108107151653,0.0020639181821369536,0.0019521000003805966
106.098937,0.002722100000255523,0.0033081000002766815,0.0021361368452959837,0.0036275079256936605,0.002722100000255523
106.118937,0.00039210000022649183,0.0033081000002766815,0.00267516352270348,0.003225549883708997,0.002722100000255523
106.138937,0.008752100000265273,0.003890100000262464,0.0033432974618025977,0.0029211209792982086,0.002722100000255523
106.158937,0.0048621000003095105,0.0029961000002913353,0.00409228476880657,0.0033108645690621574,0.002722100000255523
106.178937,0.002722100000255523,0.004784100000324543,0.004873990966960623,0.00454305571126513,0.0048621000003095105
106.198936,-0.001747899999600122,0.004784100000324543,0.005611523882166822,0.005782239860453524,0.0048621000003095105
106.218936,0.00933210000039253,0.005562100000315695,0.006183076809725294,0.0070017736600062,0.008752100000265273
106.238936,0.008752100000265273,0.006768100000317645,0.006448333794106599,0.005677391375605282,0.008752100000265273
106.258936,0.008752100000265273,0.007508100000313789,0.006312888393355833,0.005947997436202829,0.008752100000265273
106.278936,0.008752100000265273,0.005020100000274396,0.005787643142169016,0.005744058042254153,0.008752100000265273
106.298935,0.0019521000003805966,0.004670100000294042,0.004997373978694207,0.0062559694641520355,0.007002100000363498
106.318935,-0.003107899999804431,0.0038921000003028896,0.0041302964378772886,0.004004524242725899,0.0048621000003095105
106.338935,0.007002100000363498,0.0035421000003225344,0.0033643683729788505,0.0030776710958845014,0.0048621000003095105
106.358935,0.0048621000003095105,0.002374100000315593,0.0028165471249309965,0.0024312841495023967,0.0048621000003095105
106.378935,0.007002100000363498,0.003540100000327584,0.002531413812439914,0.0014736617718994918,0.0048621000003095105
106.398934,-0.0038878999996541097,0.002530100000331004,0.0024905446125395273,0.0031392561774858186,0.002722100000255523
106.418934,0.002722100000255523,0.001948100000345221,0.0026213992769514864,0.0035411209793562767,0.0019521000003805966
106.438934,0.0019521000003805966,0.00284210000031635,0.002808664500069146,0.0031851769234056376,0.0019521000003805966
106.458934,0.0019521000003805966,0.0035821000003124935,0.0029241832675904775,0.002719908858128221,0.0019521000003805966
106.478934,0.011472100000219143,0.0034281000003375086,0.002874890895053191,0.002118626806843135,0.0019521000003805966
106.498934,-0.000187899999673391,0.002106100000310107,0.0026415694859225495,0.002680794639025834,0.0019521000003805966
106.518933,0.0019521000003805966,0.002106100000310107,0.0022772844971228083,0.0023632188814335445,0.0019521000003805966
106.538933,-0.00465789999975641,0.0007841000003281807,0.001863354353742432,0.0020714939397025946,0.0019521000003805966
106.558933,0.0019521000003805966,0.0016781000002993097,0.001457795113314803,0.001195363403569697,0.0019521000003805966
106.578933,0.0048621000003095105,0.0009381000003031659,0.001078181452932893,0.0009032188814265864,0.0019521000003805966
106.598932,0.004282100000182254,0.0017141000002993678,0.0007277408856346366,0.0006876477858321157,0.0019521000003805966
106.618932,-0.001747899999600122,0.0015961000002789661,0.0004329718957208958,0.0007395592077497462,0.0013621000002785877
106.638932,-0.0007778999997753999,-0.0006198999997195642,0.0002535251165665875,0.0009448039629930673,-0.0007778999997753999
106.658932,0.0013621000002785877,-7.58999996833154e-05,0.00025432489140830806,-0.00014293496473920123,-0.0007778999997753999
106.678931,-0.006217899999683141,0.0003521000002820074,0.0004638494583856172,-0.000150091141886851,0.00039210000022649183
106.698931,0.007002100000363498,0.0008981000003132067,0.000851894313992357,0.0008325895107985149,0.0013621000002785877
106.718931,0.00039210000022649183,0.0014821000002939399,0.001342647071264021,0.0018523097904920023,0.0019521000003805966
106.738931,0.0019521000003805966,0.003270100000281673,0.0018517543626135656,0.0024047806529682936,0.002722100000255523
106.758931,0.004282100000182254,0.0019481000002542713,0.0023201731488505,0.002151633799800714,0.0019521000003805966
106.778931,0.002722100000255523,0.0024141000002600777,0.002722840532780816,0.0025766687648167566,0.002722100000255523
106.79893,0.00039210000022649183,0.0021021000002292567,0.0030496379607784095,0.00190538671351601,0.002722100000255523
106.81893,0.002722100000255523,0.002530100000240054,0.00327621108835958,0.0037231955713257514,0.002722100000255523
106.83893,0.00039210000022649183,0.003270100000236198,0.003351773599595742,0.0033121932403180434,0.002722100000255523
106.85893,0.006422100000236242,0.004164100000252802,0.003221875004738673,0.003131307459462298,0.0048621000003095105
106.878929,0.006422100000236242,0.002842100000270875,0.002877275235732782,0.003989652447838651,0.0048621000003095105
106.898929,0.0048621000003095105,0.003426100000297083,0.0023930943513807796,0.0027845475527478814,0.0048621000003095105
106.918929,-0.0038878999996541097,0.0025321000003259543,0.0019201384702216995,0.00102142400964068,0.003312100000357532
106.938929,0.003312100000357532,-0.0001118999996833736,0.001620659534648313,0.0015123564105722275,0.0019521000003805966
106.958929,0.0019521000003805966,-0.0001118999996833736,0.001581419384641173,0.0013416571098719436,0.0019521000003805966
106.978929,-0.006797899999810397,0.0029601000002912768,0.0017559644728333448,0.0015447340329290558,0.003312100000357532
106.998928,0.0048621000003095105,0.0022601000002850924,0.001974744754545064,0.0014230324012294057,0.0019521000003805966
107.018928,0.011472100000219143,0.0014041000002634973,0.0020253915658576707,0.0021055265737118458,-0.000187899999673391
107.038928,-0.000187899999673391,0.002414100000305552,0.0017628344284170438,0.002336249184422228,-0.000187899999673391
107.058928,-0.0023278999997273786,0.002298100000280101,0.0011881204277575759,0.0019145475527220918,-0.000187899999673391
107.078928,-0.001747899999600122,0.000548100000287377,0.0004578139755409265,0.001989815618004177,-0.000187899999673391
107.098927,0.004282100000182254,-0.0006578999997145729,-0.0001685267343732584,-0.0015856156174270785,-0.001747899999600122
107.118927,0.002722100000255523,4.210000029161165e-05,-0.0004122774067757349,-0.0014539372957372365,0.0011721000003035442
107.138927,-0.006217899999683141,-0.0003858999997191859,-6.755259788874717e-05,-6.291608111700059e-06,0.0011721000003035442
107.158927,0.0011721000003035442,0.0014801000002989894,0.0009177435458044257,0.0016050836832848104,0.0011721000003035442
107.178926,-0.0038878999996541097,0.0014801000002989894,0.0024004980630325363,0.002810701398888696,0.0011721000003035442
107.198926,0.01361210000027313,0.0045901000003141235,0.004069322337268965,0.0031194426576555416,0.002722100000255523
107.218926,0.002722100000255523,0.005212100000289865,0.005538763316711517,0.004670911189115809,0.004282100000182254
107.238926,0.00933210000039253,0.0066521000002921936,0.0064711991482806226,0.0074051069932900716,0.004282100000182254
107.258926,0.004282100000182254,0.005680100000290622,0.006675321738708536,0.007123009091191006,0.004282100000182254
107.278925,0.003312100000357532,0.006886100000292572,0.006152131824873556,0.007291493939693029,0.008752100000265273
107.298925,0.008752100000265273,0.004670100000294042,0.005088090731669128,0.004331563869779895,0.004282100000182254
107.318925,0.008752100000265273,0.00420410000033371,0.0038050597586501383,0.0037913307695491586,0.003312100000357532
107.338925,-0.001747899999600122,0.002610100000310922,0.0026720095286532322,0.0010854100236066572,0.0019521000003805966
107.358925,0.0019521000003805966,0.0014041000003089722,0.001988773328112232,0.0025317270399407973,0.0019521000003805966
107.378925,-0.00465789999975641,0.00019810000030702214,0.0018765843093858355,0.0019949438231496447,0.0019521000003805966
107.398924,0.002722100000255523,0.0036201000003075025,0.0022294343228751543,0.0016338016320187644,0.002722100000255523
107.418924,0.002722100000255523,0.0024521000003005613,0.0027633975900449416,0.003127298135517687,0.002722100000255523
107.438924,0.015362100000402279,0.0043561000003137455,0.0031482239207820998,0.004609815618012838,0.002722100000255523
107.458924,-0.0038878999996541097,0.004550100000324164,0.003152973788220053,0.00338645897467135,0.0036921000003076188
107.478924,0.0048621000003095105,0.003074100000321778,0.0027278525136371313,0.00239911631734688,0.0036921000003076188
107.498923,0.0036921000003076188,-0.001047899999684887,0.0019869641189627315,0.0011705149187309478,-0.0038878999996541097
107.518923,-0.00465789999975641,0.0002741000002970395,0.0011172620970738018,0.0006895825177895233,0.002722100000255523
107.538923,-0.005247899999631045,0.0005861000002823858,0.0002766023240009829,-0.000439135430950276,0.002722100000255523
107.558923,0.002722100000255523,-0.00018989999971381623,-0.0004574357064764809,0.0005729857811590901,-0.000187899999673391
107.578923,0.006422100000236242,-0.00018989999971381623,-0.0010642773456986429,-0.0013607205125427389,-0.000187899999673391
107.598922,-0.000187899999673391,-7.189999973888916e-05,-0.0015151302330766911,-0.0017003475521735676,-0.000187899999673391
107.618922,-0.00465789999975641,-0.0013938999997208158,-0.0017302338609903832,-0.0004197181815497196,-0.0038878999996541097
107.638922,-0.00465789999975641,-0.0021338999997169593,-0.0015985091333150807,-0.0012014431232752797,-0.0038878999996541097
107.658922,-0.0038878999996541097,-0.0011238999997203792,-0.00104140519043374,-0.0018370375288332616,-0.0038878999996541097
107.678921,0.002722100000255523,-0.0005418999996891216,-6.775848354766352e-05,-0.000670953612735973,-0.001747899999600122
107.698921,0.0048621000003095105,0.00179010000033486,0.0012178504555395628,0.001268836597045012,0.002722100000255523
107.718921,-0.001747899999600122,0.00385210000031293,0.002649215776296211,0.003164081352298667,0.0048621000003095105
107.738921,0.007002100000363498,0.00385210000031293,0.004045185393221153,0.004877461305678157,0.0048621000003095105
107.758921,0.006422100000236242,0.004280100000323727,0.005243199171658679,0.004939489277702695,0.006422100000236242
107.778921,0.002722100000255523,0.006030100000316452,0.006112223818192427,0.004621936830170757,0.007002100000363498
107.79892,0.007002100000363498,0.005020100000319871,0.006552589864638317,0.006553591841833903,0.006422100000236242
107.81892,0.007002100000363498,0.005602100000351129,0.006497373183214061,0.007263055711283669,0.007002100000363498
107.83892,0.0019521000003805966,0.007236100000363876,0.005927446266977974,0.005939978788216086,0.007002100000363498
107.85892,0.00933210000039253,0.0049041000003398946,0.0048988965618927,0.00468461748287389,0.007002100000363498
107.87892,0.01089210000031926,0.003154100000347171,0.0035633270493000066,0.0034776244758918246,0.0019521000003805966
107.898919,-0.00465789999975641,0.002414100000351027,0.002153019744142129,0.002256179254435732,-0.001747899999600122
107.918919,-0.001747899999600122,0.0009381000003486406,0.000919457837472337,0.0009259927742320219,-0.001747899999600122
107.938919,-0.001747899999600122,-0.0006958999996641069,5.079711994555694e-05,0.000284407692649729,-0.001747899999600122
107.958919,0.0019521000003805966,-0.00022989999965830065,-0.00038297970772538934,-0.000606967598728125,-0.001747899999600122
107.978919,0.002722100000255523,0.0005101000003378431,-0.0004273032154232971,-0.001055335897097562,0.0019521000003805966
107.998918,-0.0023278999997273786,0.0009381000003031659,-0.00019542693317430655,0.0001969251751395098,0.0019521000003805966
108.018918,0.0019521000003805966,-0.00011189999972884834,0.00018646420653836544,0.0014365988347652976,0.00039210000022649183
108.038918,0.00039210000022649183,0.00020010000025649788,0.0006127927532181198,0.000939046387183247,0.00039210000022649183
108.058918,-0.0032978999997794745,0.0019501000002492218,0.001006550917436285,-0.000397293939156653,0.0019521000003805966
108.078918,0.004282100000182254,8.410000023104658e-05,0.0013144369619304006,0.001119046387205269,0.00039210000022649183
108.098917,0.006422100000236242,0.00039610000026186755,0.0015025401677037913,0.0019523097904605405,0.0019521000003805966
108.118917,-0.00737789999971028,0.0032341000002816143,0.0015564723226582028,0.001133451981616363,0.004282100000182254
108.138917,0.0019521000003805966,0.0014461000002938817,0.0014842270748579459,0.0014082305364362916,0.0019521000003805966
108.158917,0.01089210000031926,-0.000187899999673391,0.0013214332205742265,0.0021693727275897273,-0.001747899999600122
108.178916,-0.00465789999975641,0.0022601000003305673,0.0011353861552270855,0.0005975312357665945,0.0019521000003805966
108.198916,-0.001747899999600122,0.002414100000305552,0.0010172349002549256,0.001125316783538805,0.002722100000255523
108.218916,0.0048621000003095105,-0.0005418999996891216,0.0010572971833865223,0.0017179741261891578,-0.001747899999600122
108.238916,0.002722100000255523,0.0016741000003094087,0.0013131719398374016,0.0008503517485583075,0.002722100000255523
108.258916,-0.0038878999996541097,0.001986100000294755,0.001784574320840183,0.0011293727275585382,0.002722100000255523
108.278916,0.006422100000236242,0.002298100000280101,0.0024033476486798383,0.0029300254082055962,0.002722100000255523
108.298915,-0.000187899999673391,0.002610100000265447,0.003044038231984349,0.003385223543386036,0.004282100000182254
108.318915,0.006422100000236242,0.0037781000002723884,0.003556614074384795,0.0024915172496963152,0.004282100000182254
108.338915,0.004282100000182254,0.0034661000002870423,0.0038127712640379837,0.003808650116832729,0.004282100000182254
108.358915,0.0019521000003805966,0.0034661000002870423,0.003748822103887862,0.004435223543407347,0.004282100000182254
108.378915,0.0048621000003095105,0.003932100000292848,0.003390117822130525,0.003897927506124279,0.004282100000182254
108.398914,-0.000187899999673391,0.0030381000003217194,0.002851009822079283,0.003130817949020664,0.0019521000003805966
108.418914,0.008752100000265273,0.002882100000306309,0.0023108171656180706,0.0014325895108137964,0.0011721000003035442
108.438914,-0.000187899999673391,0.0011321000003135851,0.001966966828093307,0.0017032421914652664,-0.000187899999673391
108.458914,0.0011721000003035442,0.002142100000310165,0.0019698764911813527,0.0023249438231512393,0.0011721000003035442
108.478914,-0.0038878999996541097,0.002142100000310165,0.002358282246731331,0.002760981119194306,0.0011721000003035442
108.498913,0.0048621000003095105,0.0031521000003067456,0.003028232485701466,0.002991167599366731,0.0048621000003095105
108.518913,0.008752100000265273,0.0034621000002971413,0.0037608765469245476,0.0023218435900397533,0.0048621000003095105
108.538913,0.0048621000003095105,0.0043181000002732615,0.004299773129538288,0.004750608158783287,0.0048621000003095105
108.558913,0.002722100000255523,0.0043181000002732615,0.004437571227606491,0.004558720046903168,0.0048621000003095105
108.578913,0.00039210000022649183,0.0043181000002732615,0.00407481032520947,0.005474407692579694,0.0048621000003095105
108.598912,0.0048621000003095105,0.0025681000002805376,0.003241446253074855,0.0037202351984120734,0.002722100000255523
108.618912,0.008752100000265273,0.0028801000002658837,0.0020890879604630935,0.0011767386949077402,0.004282100000182254
108.638912,-0.0038878999996541097,0.0011301000002731597,0.0008553830231133469,-0.00030640815824911237,0.004282100000182254
108.658912,0.004282100000182254,-0.0012018999997508218,-0.0002045303536894806,-0.0006665247083802613,-0.0038878999996541097
108.678912,-0.008357899999737128,-0.0024078999997527717,-0.000907514859115732,-0.0005523055941574876,-0.0038878999996541097
108.698911,-0.006797899999810397,-0.00034589999977470144,-0.0012115990491220468,-0.0006934710953190363,0.002722100000255523
108.718911,0.002722100000255523,-0.0008118999997350329,-0.00121644143806143,-0.00128158298343488,0.0019521000003805966
108.738911,0.006422100000236242,0.00039410000026691706,-0.0010827865164812897,-0.0003954291372721782,0.0019521000003805966
108.758911,0.0019521000003805966,0.00039410000026691706,-0.0009192031215386406,-0.0007247531465740484,0.0019521000003805966
108.77891,-0.0023278999997273786,-0.00018789999971886574,-0.0007169257937331379,9.797412615367336e-05,-0.000187899999673391
108.79891,-0.006797899999810397,-0.0013938999997208158,-0.0003804804349747708,-0.0010235876454193962,-0.000187899999673391
108.81891,-0.000187899999673391,-0.0017058999997516366,0.00017255474695520722,-0.0009447065265524601,-0.000187899999673391
108.83891,0.00039210000022649183,-0.0003838999997697101,0.0009197484272033757,0.00032102773917466905,0.00039210000022649183
108.85891,0.00039210000022649183,0.0031541000002562212,0.0017157752118005963,0.0017354100235365132,0.00039210000022649183
108.87891,0.004282100000182254,0.0034641000002466173,0.0023594385691588517,0.003182752680910135,0.0013621000002785877
108.898909,0.01089210000031926,0.002920100000255843,0.0027021196190686303,0.0036402118883851597,0.0013621000002785877
108.918909,0.0013621000002785877,0.003232100000286664,0.0027288006847085424,0.0029599088580703086,0.0019521000003805966
108.938909,-0.0023278999997273786,0.0024541000002955117,0.0025596969801259684,0.0021766687648609832,0.0013621000002785877
108.958909,0.0019521000003805966,0.0008201000002827641,0.002372360804971476,0.0017838482520464295,0.0013621000002785877
108.978909,0.00039210000022649183,0.0009381000003031659,0.002296380115874731,0.001901027739232172,0.0019521000003805966
108.998908,0.002722100000255523,0.0026881000002958897,0.0023458812424797283,0.0016633587415553106,0.0019521000003805966
109.018908,0.0019521000003805966,0.003270100000281673,0.002424038186486372,0.0028628459210340686,0.002722100000255523
109.038908,0.006422100000236242,0.0027261000002908988,0.002387853154665205,0.0031886034967795697,0.002722100000255523
109.058908,0.0048621000003095105,0.0022601000002850924,0.0021299732356214814,0.0022710277392022082,0.0019521000003805966
109.078907,-0.0023278999997273786,0.0018321000002742948,0.0016308161111598875,0.0012314473196547316,0.00039210000022649183
109.098907,0.00039210000022649183,0.00020010000030197262,0.0009587057658306218,0.0008283470865466611,-0.000187899999673391
109.118907,-0.000187899999673391,-0.0008098999996946077,0.00023150225659906496,0.0007232655014606072,-0.000187899999673391
109.138907,-0.0017378999996253697,0.0005121000002873188,-0.00042656184283275373,-0.0011473871791952213,-0.000187899999673391
109.158907,-0.000187899999673391,-3.189999970345525e-05,-0.0009075476093407614,-0.0007619559437767295,-0.000187899999673391
109.178907,0.004282100000182254,-0.0013538999997308565,-0.0011217926542723667,-0.0008819093237304212,-0.0017378999996253697
109.198906,-0.0023278999997273786,-3.389999974388047e-05,-0.0009985807755681355,-0.0005271074589440002,-0.000187899999673391
109.218906,-0.006797899999810397,-0.000461899999754678,-0.0005030551078127717,-0.0008990188808741625,-0.0023278999997273786
109.238906,0.0048621000003095105,-3.389999974388047e-05,0.00033496572941321733,0.0006377410258928855,-0.0023278999997273786
109.258906,-0.0023278999997273786,0.00039410000026691706,0.0014044502504254718,0.0011871582753206237,-0.000187899999673391
109.278905,0.006422100000236242,0.003932100000292848,0.0025289888210661446,0.0022466221447972807,0.0048621000003095105
109.298905,-0.000187899999673391,0.003038100000276245,0.003512377083440882,0.0039670883452657965,0.00039210000022649183
109.318905,0.01089210000031926,0.004476100000283622,0.00419246871913891,0.004055013753219378,0.0048621000003095105
109.338905,0.00039210000022649183,0.0035821000003124935,0.004478673509497476,0.004312239860453793,0.0019521000003805966
109.358905,0.0048621000003095105,0.004010100000323291,0.004359254676693944,0.004688580186795848,0.0019521000003805966
109.378905,0.0019521000003805966,0.0035821000003124935,0.0038828726517098353,0.0034091629373863615,0.0019521000003805966
109.398905,0.0019521000003805966,0.0028441000003113005,0.0031329888376579224,0.0030417037299077724,0.0019521000003805966
109.418904,0.008752100000265273,0.00183410000031472,0.002211769614890909,0.0014321932404005064,0.0019521000003805966
109.438904,-0.0032978999997794745,0.0015221000002838992,0.0012345820671555863,0.001773871562064188,0.00039210000022649183
109.458904,-0.000187899999673391,0.0010941000002731016,0.0003248317868745692,0.0007522631704343548,-0.000187899999673391
109.478904,0.00039210000022649183,-0.0005778999997346545,-0.0003969655455076072,-0.00012794661977173766,-0.000187899999673391
109.498904,-0.000187899999673391,-0.0002658999997038336,-0.0008265033510405364,-0.0007985759903986612,-0.000187899999673391
109.518903,0.00039210000022649183,-0.0005758999996942294,-0.0008879259518634344,-0.001178762470563379,-0.000187899999673391
109.538903,-0.0017378999996253697,-0.00010989999968842312,-0.0005473435909831545,-0.0002498580416408975,-0.000187899999673391
109.558903,-0.0017378999996253697,0.0003181000003223744,0.00017138558068821632,0.0001530324012626825,0.00039210000022649183
109.578902,0.002722100000255523,0.0006301000003531953,0.001176237897365999,0.001056645454896692,0.0019521000003805966
109.598902,0.0019521000003805966,0.002378100000350969,0.0023134156932747498,0.0025804216786789176,0.0019521000003805966
109.618902,0.0019521000003805966,0.003698100000337945,0.0033950427842131966,0.003229372727626071,0.002722100000255523
109.638902,0.007002100000363498,0.0041261000003487425,0.00424136499961097,0.0036792328674645023,0.0048621000003095105
109.658902,0.0048621000003095105,0.0038141000003179214,0.004723255812743566,0.004516295804509714,0.0048621000003095105
109.678902,0.0048621000003095105,0.004396100000303704,0.004790485487369379,0.00525100442921523,0.0048621000003095105
109.698901,0.00039210000022649183,0.004746100000284059,0.0044787345549587975,0.004620724708916116,0.0048621000003095105
109.718901,0.0048621000003095105,0.004436100000293664,0.0038996166838728545,0.0044457596739428465,0.0048621000003095105
109.738901,0.008752100000265273,0.0026881000002958897,0.003221129904764898,0.0031024729606725088,0.003312100000357532
109.758901,0.003312100000357532,0.0035821000003124935,0.0026361669507787232,0.002410608158818187,0.0048621000003095105
109.778901,-0.0038778999996793573,0.002262100000325518,0.0023105615980446702,0.001865363403586859,0.003312100000357532
109.7989,0.0048621000003095105,0.0010561000003235677,0.0023178121471227084,0.0016966687648861762,0.002722100000255523
109.8189,-0.0017378999996253697,0.0013661000003139633,0.0025934558871355236,0.0024478808860964514,0.002722100000255523
109.8389,0.002722100000255523,0.003426100000297083,0.0029471849539465297,0.003032356410572393,0.0048621000003095105
109.8589,0.0048621000003095105,0.004320100000313687,0.003143993724718512,0.003888160606359248,0.0048621000003095105
109.8789,0.006422100000236242,0.004202100000293285,0.003023904309357612,0.004327321445514262,0.0048621000003095105
109.898899,0.00933210000039253,0.0031921000002967047,0.002598309350987206,0.002141167599358818,0.0048621000003095105
109.918899,-0.0023278999997273786,0.0021821000003001247,0.002061585104398895,0.0022510277392421025,-0.000187899999673391
109.938899,-0.0023278999997273786,0.0005501000003278022,0.0016988956198626946,0.001792216550448191,-0.0017378999996253697
109.958899,-0.000187899999673391,0.0005501000003278022,0.001735175063332414,0.0004600487182744909,-0.0017378999996253697
109.978899,-0.0017378999996253697,0.0018721000003097288,0.0022107407570850957,0.0014589997672082538,-0.000187899999673391
109.998898,0.00933210000039253,0.0024161000003005027,0.002953329814959653,0.002340584848772916,0.00039210000022649183
110.018898,0.004282100000182254,0.004748100000279009,0.003657117383147838,0.00411510699329075,0.004282100000182254
110.038898,0.00039210000022649183,0.005058100000269405,0.004021273875818982,0.005732542890717195,0.004282100000182254
110.058898,0.011472100000219143,0.0037361000002420043,0.0038792569815827463,0.0045778808860416015,0.002722100000255523
110.078897,-0.000187899999673391,0.0038521000002674556,0.003265638273216472,0.0034022631704059628,0.002722100000255523
110.098897,0.002722100000255523,0.0021021000002747316,0.0023986990331023132,0.0010603284384813356,0.002722100000255523
110.118897,0.0048621000003095105,0.0003521000002820074,0.0015893793225684632,0.0015011675993581346,0.002722100000255523
110.138897,-0.008357899999737128,0.0007801000002928049,0.0011151412535629567,0.0006711675993760468,0.002722100000255523
110.158897,0.002722100000255523,0.0016361000003144,0.0011133056362600483,0.0008414006996102473,0.002722100000255523
110.178896,0.0019521000003805966,0.0006261000003178196,0.0015415564170595515,0.0018283470865670078,0.0019521000003805966
110.198896,0.007002100000363498,0.0040481000003183,0.0022197961888804044,0.0024526128208339298,0.002722100000255523
110.218896,-0.000187899999673391,0.0031561000003421215,0.0029235497829103517,0.0034427759910073013,0.0019521000003805966
110.238896,0.008752100000265273,0.00405010000031325,0.003475531985761136,0.003981773659995655,0.006422100000236242
110.258896,-0.0017378999996253697,0.00304010000031667,0.003794102313907898,0.003203545221774731,0.0019521000003805966
110.278896,0.006422100000236242,0.0031561000002966466,0.003889884781166274,0.0038961093243112177,0.0019521000003805966
110.298895,0.0019521000003805966,0.003272100000322098,0.003829641047955664,0.0038378109560058063,0.0019521000003805966
110.318895,0.00039210000022649183,0.004710100000284001,0.0036960136165383756,0.003659675757878858,0.005452100000184146
110.338895,0.00933210000039253,0.0033881000003020746,0.0035628571243766886,0.003138906527108961,0.0019521000003805966
110.358895,0.005452100000184146,0.0029601000002912768,0.0034866911328657085,0.00323694848513182,0.00039210000022649183
110.378895,-0.000187899999673391,0.004166100000293227,0.0035002903925401246,0.0034613074594972825,0.005452100000184146
110.398894,-0.000187899999673391,0.0028441000002658256,0.003599437621917855,0.004769116317289768,0.002722100000255523
110.418894,0.006422100000236242,0.003932100000292848,0.003733760378501212,0.004102169930358789,0.002722100000255523
110.438894,0.002722100000255523,0.004242100000283244,0.0038204597348046555,0.0021524496506330547,0.002722100000255523
110.458894,0.01089210000031926,0.003504100000282051,0.0037806856995356475,0.0036535452217298795,0.002722100000255523
110.478894,0.0013621000002785877,0.0027641000002859074,0.0035735565680408477,0.004488137296305168,0.002722100000255523
110.498893,-0.0038778999996793573,0.004514100000278631,0.0032037081206853445,0.003953055711232021,0.002722100000255523
110.518893,0.002722100000255523,0.0019881000002897053,0.002705558026742316,0.0021834519816588743,0.0013621000002785877
110.538893,0.011472100000219143,0.0013681000003089138,0.0021279588792477325,0.0014596757578926088,-0.0017378999996253697
110.558893,-0.0017378999996253697,0.0017961000003197114,0.0015312087868761593,0.0007239648021846422,-0.0017378999996253697
110.578892,-0.0017378999996253697,0.0017961000003197114,0.0009844321961468441,0.0016772515154760796,-0.0017378999996253697
110.598892,-0.0017378999996253697,4.6100000326987355e-05,0.0005521048977133573,0.0014099088581077256,-0.0017378999996253697
110.618892,0.002722100000255523,0.00047210000029735967,0.0002797368652558238,0.0006625895107856957,0.00039210000022649183
110.638892,0.002722100000255523,0.000666100000262304,0.00019388557194366856,-0.0008259885777950395,0.00039210000022649183
110.658892,0.00039210000022649183,0.0014041000002634973,0.0003119834269736446,0.0006554799536495679,0.0019521000003805966
110.678892,-0.0007678999998006475,8.410000027652132e-05,0.0006422177138081258,0.0008588132869831127,0.00039210000022649183
110.698891,0.0019521000003805966,0.0008241000002726651,0.0011640147447649803,0.0010831256412957126,0.00039210000022649183
110.718891,-0.0038778999996793573,0.0012901000002784712,0.0018033082674149626,0.0013836151517733427,0.0019521000003805966
110.738891,0.006422100000236242,0.0023001000002750515,0.0024287195373283387,0.0023056664338218192,0.002722100000255523
110.758891,0.002722100000255523,0.002766100000235383,0.0028836784268403645,0.003040235198402138,0.004282100000182254
110.778891,0.004282100000182254,0.003932100000247374,0.0030440144658157855,0.0028953167834759506,0.004282100000182254
110.79889,0.004282100000182254,0.002610100000265447,0.002870739712053072,0.0034632421913921496,0.002722100000255523
110.81889,0.0019521000003805966,0.002144100000259641,0.0024288244515998174,0.002934920513074032,0.0019521000003805966
110.83889,-0.000187899999673391,0.0022601000002850924,0.0018627825681040249,0.001052030070217699,0.0019521000003805966
110.85889,0.00039210000022649183,0.00047210000029735967,0.001343871394189397,0.0006131023312983769,0.00039210000022649183
110.87889,0.0048621000003095105,0.00047210000029735967,0.0010163799883914618,0.0006024729606788825,0.00039210000022649183
110.898889,-0.00465789999975641,0.0013661000002684887,0.0009663413944995156,0.0014976710958577385,0.0019521000003805966
110.918889,0.0019521000003805966,0.0025721000002704385,0.001222232101593898,0.002106878555034973,0.004282100000182254
110.938889,0.004282100000182254,0.0024561000002449873,0.0017828041768660225,0.002337228205358496,0.004282100000182254
110.958889,0.006422100000236242,0.003466100000241568,0.002652949686101853,0.002742449650555394,0.004282100000182254
110.978889,0.004282100000182254,0.003932100000201899,0.0038585045380243256,0.0033579741260705313,0.004282100000182254
110.998888,0.00039210000022649183,0.004942100000243954,0.005420589117669897,0.004291493939604958,0.004282100000182254
111.018888,0.004282100000182254,0.004942100000243954,0.007303355750344091,0.005650701398859724,0.004282100000182254
111.038888,0.00933210000039253,0.004942100000243954,0.0093790500767971,0.00754328881153588,0.00039210000022649183
