time,raw_wavelength_shift,moving_average,butterworth,savitzky_golay,median
0.02,-0.0035902000004170986,-0.0023062000003392313,-0.0035886336064691843,-0.0032653748255772703,-0.002420200000415207
0.039999,-0.003010200000289842,-0.0023062000003392313,-0.0020263676989773793,-0.0035078923080516878,-0.002420200000415207
0.06,-0.002420200000415207,-0.0023062000003392313,-0.00046618480242029825,-0.002409920280049621,-0.003010200000289842
0.079999,0.002049799999667812,-0.0002842000003056455,0.0010138827882392976,-0.0004972629373735556,-0.002420200000415207
0.099999,-0.004560200000241821,0.0015037999996820872,0.0022303015909645035,0.001704275524174027,0.002049799999667812
0.119999,0.0065197999997508305,0.003173799999694893,0.0029363989644291583,0.0036688909087906766,0.0059297999996488215
0.139999,0.0059297999996488215,0.003173799999694893,0.0029277391344966785,0.0032835296034106672,0.0059297999996488215
0.159998,0.0059297999996488215,0.0034837999996852886,0.0021623053282586987,0.0028636228435226026,0.0059297999996488215
0.179998,0.002049799999667812,0.0006837999996605504,0.0008269299396226335,0.0007589142187959638,0.002049799999667812
0.199998,-0.003010200000289842,-0.0006762000003163848,-0.0006982080177302945,-0.0002580554781968162,-0.0008702000002358545
0.219998,-0.007480200000372861,-0.0030862000003253343,-0.001969517949605663,-0.0027113655014879643,-0.003010200000289842
0.239998,-0.0008702000002358545,-0.0030862000003253343,-0.0026421664987395822,-0.0035216918418047223,-0.003010200000289842
0.259997,-0.006120200000395926,-0.002658200000314537,-0.0025862084628328653,-0.0026672862474129374,-0.0008702000002358545
0.279997,0.002049799999667812,-0.000870200000326804,-0.0019086650207985672,-0.0015374027975323095,-0.0008702000002358545
0.299997,-0.0008702000002358545,2.3799999644325e-05,-0.0008851965677818092,-0.00037493193507340326,0.0014597999995658029
0.319997,0.0014597999995658029,0.0006457999996655417,0.0001550582235618079,0.0003475855474351793,0.0014597999995658029
0.339997,0.0035997999996197905,0.00021779999965474418,0.0009374051268539367,0.0008145785544156924,-9.020000038617582e-05
0.359997,-0.003010200000289842,0.0008017999996354774,0.0013051962359878827,0.0019363034961721905,0.0014597999995658029
0.379996,-9.020000038617582e-05,0.0013457999996717262,0.001232364541369345,0.0007330400929108427,0.002049799999667812
0.399996,0.002049799999667812,0.0004517999997005973,0.0008024230897215113,0.0012423874122585157,-9.020000038617582e-05
0.419996,0.004179799999747047,2.5799999684750218e-05,0.00017435222420458292,-0.0006753282054251686,-9.020000038617582e-05
0.439996,-0.0008702000002358545,0.00021979999969516938,-0.0004590932950380828,-0.0010966568767474556,0.00087979999966592
0.459996,-0.005140200000369077,-0.0018022000002929418,-0.0009244101406814226,-0.0005158410259569287,-0.0008702000002358545
0.479995,0.00087979999966592,-0.0014522000003125868,-0.0011235205001173438,-0.0007250484851635491,-0.0008702000002358545
0.499995,-0.008060200000272744,-0.0009862000003522553,-0.0010663615837270975,-0.0014287547788787562,0.00087979999966592
0.519995,0.0059297999996488215,-0.00013220000032561076,-0.0008548470957382526,-0.0011495706297120572,0.00087979999966592
0.539995,0.0014597999995658029,-0.0009102000003167632,-0.0006210583139481294,-3.6517016638915305e-05,-0.0008702000002358545
0.559994,-0.0008702000002358545,0.001111799999671348,-0.00045476189454968414,0.00035544102532329485,0.0014597999995658029
0.579994,-0.003010200000289842,-0.00024820000030558733,-0.000363112411212824,-0.0007470298371492945,-0.0008702000002358545
0.599994,0.002049799999667812,-0.0010242000003017893,-0.0002816363614442939,0.0003373524472522953,-0.0008702000002358545
0.619994,-0.0008702000002358545,-0.0010242000003017893,-0.00012303443726840237,-0.0011175659676519872,-0.0008702000002358545
0.639994,-0.002420200000415207,0.0008817999997063452,0.0001660525885263137,-1.3719813820829013e-05,-0.0008702000002358545
0.659993,-0.0008702000002358545,-1.2200000310258474e-05,0.0005682432817420993,0.0005415249414133422,-0.0008702000002358545
0.679993,0.0065197999997508305,0.0008817999996608705,0.0009948971429525407,0.0008737627036433392,-0.0008702000002358545
0.699993,-0.002420200000415207,0.001191799999696741,0.001320586339963802,0.0006515948714703767,-0.0008702000002358545
0.719993,0.0035997999996197905,0.0016577999996570726,0.0014347675290022773,0.0014327137525702062,0.0014597999995658029
0.739993,-0.0008702000002358545,0.0007637999996404687,0.001289059473620404,0.00282362284348844,0.0014597999995658029
0.759992,0.0014597999995658029,0.001967799999647468,0.0009265478334656163,0.0016693571091948658,0.002049799999667812
0.779992,0.002049799999667812,0.0016577999996570726,0.00048605262444067354,8.632680616029115e-05,0.002049799999667812
0.799992,0.0035997999996197905,-9.22000003811263e-05,0.00017337715362426156,-0.0002340461542030593,0.002049799999667812
0.819992,0.002049799999667812,-0.00040220000037152206,0.00019292714872006048,-0.00036020000037601354,0.002049799999667812
0.839992,-0.009620200000426848,-9.22000003811263e-05,0.0006505700322532884,0.0005213850811907677,0.002049799999667812
0.859992,-9.020000038617582e-05,0.0009197999996104044,0.0014699822855886637,0.0011369328667532716,0.002049799999667812
0.879991,0.0035997999996197905,0.0012297999996008003,0.0023811779694401084,0.0023527137525047384,0.0035997999996197905
0.899991,0.008659799999577444,0.003873799999610128,0.0030106319779095807,0.002652061071852602,0.0035997999996197905
0.919991,0.0035997999996197905,0.004183799999600524,0.0030386246247255918,0.003295114684932049,0.0035997999996197905
0.939991,0.0035997999996197905,0.0025517999996282014,0.0023433165867170246,0.0036345552444007187,0.0035997999996197905
0.959991,0.0014597999995658029,0.0006457999996655417,0.0010599019811247934,0.0017883547781984397,0.0014597999995658029
0.97999,-0.004560200000241821,-0.0005582000003414578,-0.0004664515402990991,-0.0010829505830927272,-0.0008702000002358545
0.99999,-0.0008702000002358545,-0.0017622000003484572,-0.0018033963232011022,-0.0025224144525586925,-0.002420200000415207
1.01999,-0.002420200000415207,-0.0033942000003207794,-0.002574466639569783,-0.003360549650689359,-0.002420200000415207
1.03999,-0.002420200000415207,-0.0017622000003484572,-0.0025720685057164295,-0.0026800135201425273,-0.002420200000415207
1.059989,-0.006700200000295808,-0.0017622000003484572,-0.0018106712561787466,-0.0009219249420422093,-0.002420200000415207
1.079989,0.0035997999996197905,0.00033579999967514595,-0.0005108762151831902,0.00032632680619566084,-0.0008702000002358545
1.099989,-0.0008702000002358545,0.0012297999996917497,0.0009770147395929247,-0.00031898787912113067,0.002049799999667812
1.119989,0.00806979999970281,0.00208579999966787,0.0022820958707483706,0.002400336130198744,0.002049799999667812
1.139989,0.002049799999667812,0.0016577999996570726,0.0031140692963303684,0.0038993337991934237,0.0014597999995658029
1.159988,-0.002420200000415207,0.004767799999626732,0.0033240596609905213,0.0036450913749330382,0.002049799999667812
1.179988,0.0014597999995658029,0.0022417999996378057,0.002918886905111984,0.002884951514788414,0.0014597999995658029
1.199988,0.014679799999612442,0.0008037999996304279,0.0020423240494313205,0.0016221076919444302,-0.002420200000415207
1.219988,-0.004560200000241821,0.0016977999996470317,0.0009317688899727195,2.0359440193583366e-05,0.0014597999995658029
1.239988,-0.005140200000369077,6.57999996747094e-05,-0.00015206048992927153,-1.2997203136083093e-05,-0.004560200000241821
1.259988,0.002049799999667812,-0.0025782000003346183,-0.001011390161656114,-0.0010131836833021583,-0.004560200000241821
1.279987,-0.006700200000295808,-0.001840200000333425,-0.001576325443800031,-0.0013870531471827695,-0.0008702000002358545
1.299987,0.0014597999995658029,-0.001296200000342651,-0.0019106524274051001,-0.0025821580423030267,-0.0008702000002358545
1.319987,-0.0008702000002358545,-0.0011802000003626745,-0.0021535073200511803,-0.0013691044292645268,-0.0008702000002358545
1.339987,-0.002420200000415207,-0.0016462000003684806,-0.0024293657402345375,-0.0023380088581729393,-0.0008702000002358545
1.359986,0.0026297999995676946,-0.0029662000003554565,-0.002774711696974624,-0.0026485682987523167,-0.002420200000415207
1.379986,-0.00903020000032484,-0.003276200000391327,-0.003117478025727916,-0.0023221813523520035,-0.002420200000415207
1.399986,-0.005140200000369077,-0.0023822000003747234,-0.00331338443157917,-0.0034556545458111917,-0.002420200000415207
1.419986,-0.002420200000415207,-0.0038202000003366267,-0.0032119668946449186,-0.0033737198138819218,-0.004560200000241821
1.439986,0.002049799999667812,-0.0024982000003547,-0.0027169630357495663,-0.0031548386949974447,-0.002420200000415207
1.459985,-0.004560200000241821,-0.0014882000003581196,-0.0018233678079592256,-0.002424349184500921,-0.002420200000415207
1.479985,-0.002420200000415207,-0.0007122000003619178,-0.000632378500103203,-0.0003584517486072648,-9.020000038617582e-05
1.499985,-9.020000038617582e-05,-0.00028620000034607074,0.0006553060564758654,0.0004940424238890538,-9.020000038617582e-05
1.519985,0.0014597999995658029,0.0013457999996262515,0.001776728975916621,0.002463226573072977,0.0014597999995658029
1.539985,0.004179799999747047,0.002821799999628638,0.0024777902836475795,0.002120522610343843,0.0035997999996197905
1.559984,0.0035997999996197905,0.0035597999996298314,0.002599643976405612,0.0028021543119569796,0.0035997999996197905
1.579984,0.004959799999596726,0.001343799999631301,0.002143243166323054,0.001755790675613202,0.0035997999996197905
1.599984,0.0035997999996197905,0.000917799999615454,0.0012770175660569865,0.0016396368294796615,0.0035997999996197905
1.619984,-0.009620200000426848,2.3799999644325e-05,0.0002783864641240189,0.0004964666663140658,0.002049799999667812
1.639984,0.002049799999667812,-0.00013220000032561076,-0.000563557339276747,-0.0009916219117614346,0.002049799999667812
1.659983,-0.0008702000002358545,-0.0018802000003233844,-0.001035548804552849,-0.0011043258744453217,-0.0008702000002358545
1.679983,0.004179799999747047,-0.00013020000028518552,-0.0010432276666446335,-0.0016435333336365762,-0.0008702000002358545
1.699983,-0.005140200000369077,0.0001797999997052102,-0.0006107132313960813,-0.00021789230797180552,-0.0008702000002358545
1.719983,-0.0008702000002358545,0.0001797999997052102,0.00014195868907654634,0.0009308955708132228,-0.0008702000002358545
1.739983,0.0035997999996197905,0.0006477999997059669,0.0010299112227913898,0.001751664801573536,-0.0008702000002358545
1.759983,-0.0008702000002358545,0.0016577999997025473,0.0018426850751795292,0.0010325272724347827,-9.020000038617582e-05
1.779982,0.0065197999997508305,0.0031357999996998844,0.0023899556593501166,0.0013278186477189218,0.0035997999996197905
1.799982,-9.020000038617582e-05,0.0006097999997109582,0.002542547601454596,0.002858704428608125,-9.020000038617582e-05
1.819982,0.0065197999997508305,0.002515799999673618,0.002255753362798214,0.0027892638691345926,0.0065197999997508305
1.839982,-0.00903020000032484,0.0016217999996570142,0.0015713694769447656,0.0016261869460494254,0.002049799999667812
1.859981,0.008659799999577444,0.001155799999651208,0.0006062550780386754,0.0006123641021992638,0.002049799999667812
1.879981,0.002049799999667812,-0.0014882000003581196,-0.0004648508280828846,-0.0010828107229585203,-0.002420200000415207
1.899981,-0.002420200000415207,-0.00028420000035112025,-0.001437126045079682,-0.0011738596739869485,-0.002420200000415207
1.919981,-0.006700200000295808,-0.00219020000031378,-0.0021236375947253994,-0.001968894639028148,-0.002420200000415207
1.939981,-0.003010200000289842,-0.0026182000003245774,-0.0024145908673729346,-0.001782391142514809,-0.002420200000415207
1.95998,-0.0008702000002358545,-0.0026182000003245774,-0.002317199052903362,-0.0032009459210725327,-0.002420200000415207
1.97998,-9.020000038617582e-05,-0.0017622000003484572,-0.0019508048809343164,-0.002274419114584742,-0.002420200000415207
1.99998,-0.002420200000415207,-0.0008682000003773282,-0.0015004643077857068,-0.0011588946390697664,-0.0008702000002358545
2.01998,-0.002420200000415207,-0.0011782000004131987,-0.001153671682161534,-0.0007634400936373707,-0.002420200000415207
2.039979,0.0014597999995658029,-0.0013342000003831345,-0.0010442530910444447,-0.0008446988348801667,-0.002420200000415207
2.059979,-0.002420200000415207,-0.0014522000003580615,-0.0012164156847601592,-0.00175675011690725,-0.002420200000415207
2.079979,-0.0008702000002358545,-0.001142200000322191,-0.0016143272078271377,-0.00137474545488124,-0.0008702000002358545
2.099979,-0.003010200000289842,-0.002462200000309167,-0.0020983170282525164,-0.001992577622688968,-0.002420200000415207
2.119979,-0.0008702000002358545,-0.001686200000312965,-0.0024834881386362334,-0.002345095105204725,-0.0008702000002358545
2.139979,-0.005140200000369077,-0.002852200000324956,-0.002591374536892424,-0.002554419114550392,-0.003010200000289842
2.159978,0.0014597999995658029,-0.001958200000353827,-0.002302642720826745,-0.002749314219461712,-0.0008702000002358545
2.179978,-0.006700200000295808,-0.0018022000003838912,-0.001597982159486401,-0.0023361207462895958,-9.020000038617582e-05
2.199978,0.0014597999995658029,-0.0009482000003572466,-0.0005744035558846887,0.00046537109520319213,-9.020000038617582e-05
2.219978,-9.020000038617582e-05,0.00037379999967015467,0.0005726795215731064,0.001159333799179269,-9.020000038617582e-05
2.239978,-0.0008702000002358545,0.0033277999996698783,0.0016016095405350867,0.0015218745917698806,0.0014597999995658029
2.259977,0.00806979999970281,0.0013837999997122097,0.002295445272638505,0.0012629701628809912,-9.020000038617582e-05
2.279977,0.00806979999970281,0.001227799999742274,0.0025224520034054358,0.002095394405318831,-0.0008702000002358545
2.299977,-0.00826020000022254,0.002121799999713403,0.002258008484761694,0.00298049930044636,0.0035997999996197905
2.319977,-0.0008702000002358545,0.0013437999997222504,0.0015648938621813829,0.002036723076640871,0.0035997999996197905
2.339977,0.0035997999996197905,0.0004497999997056468,0.0005609794842001792,0.00029453193442541194,0.0035997999996197905
2.359977,0.004179799999747047,-0.0005602000003364083,-0.0005952728314716413,-0.0014170298371563867,0.0035997999996197905
2.379976,0.0035997999996197905,-0.0009882000003472058,-0.0017073966562781927,-0.001624255944397787,0.0035997999996197905
2.399976,-0.013310200000432815,-0.001726200000348399,-0.0025654120572960563,-0.0013773328674971008,-9.020000038617582e-05
2.419976,-0.003010200000289842,-0.003164200000355777,-0.003005913878178587,-0.0031462372963923222,-0.003010200000289842
2.439976,-9.020000038617582e-05,-0.004680200000348122,-0.0029771195405513986,-0.0034778456879855273,-0.003010200000289842
2.459975,-0.003010200000289842,-0.0019202000003133435,-0.0025639756108998897,-0.0033126009327307873,-0.003010200000289842
2.479975,-0.003980200000341938,-0.0009082000003218127,-0.001956292784905279,-0.0019521347322490742,-9.020000038617582e-05
2.499975,0.0004897999997410807,-0.001492200000302546,-0.001377328734499317,-0.00039504848514605414,-0.003010200000289842
2.519975,0.002049799999667812,-0.0009082000003218127,-0.0010045792248376858,-0.00043136550148003075,-9.020000038617582e-05
2.539975,-0.003010200000289842,-0.0007142000003113935,-0.0009131789534309612,-0.000914092774208085,-9.020000038617582e-05
2.559974,-9.020000038617582e-05,-0.0005202000003464491,-0.00106266493355965,-0.001354186014322826,-9.020000038617582e-05
2.579974,-0.003010200000289842,-0.0024262000003545834,-0.0013296706175364526,-0.00205742610759474,-0.003010200000289842
2.599974,0.0014597999995658029,-0.0023082000003796566,-0.0015691940333065718,-0.002021318881497585,-0.002420200000415207
2.619974,-0.007480200000372861,-0.001998200000389261,-0.0016764337529547558,-0.001603137063325336,-0.002420200000415207
2.639974,-0.002420200000415207,-0.000560200000381883,-0.0016221121010806775,-0.0005809925411845761,0.0014597999995658029
2.659973,0.0014597999995658029,-0.001336200000378085,-0.0014456280418672007,-0.0012925776227470185,-0.002420200000415207
2.679973,0.004179799999747047,-0.0004422000003614812,-0.001213648660513354,-0.0020940927742509837,-0.002420200000415207
2.699973,-0.002420200000415207,-0.0012982000003376015,-0.0009765495236187505,-0.001643183683328089,-0.002420200000415207
2.719973,-0.003010200000289842,-0.0016082000003279973,-0.0007561849818860978,0.0005330167828736644,-0.002420200000415207
2.739973,-0.006700200000295808,-0.0007122000003619178,-0.0005666457870101596,-7.46988348345756e-05,-0.002420200000415207
2.759973,-9.020000038617582e-05,0.00018179999965468597,-0.0004346527400479169,-0.0008174727276321673,-9.020000038617582e-05
2.779972,0.008659799999577444,-0.0007122000003619178,-0.00038822512075787323,-0.0011997571099212911,-9.020000038617582e-05
2.799972,0.002049799999667812,0.00014379999961420254,-0.0004225290492094832,-0.0006555146856712131,-9.020000038617582e-05
2.819972,-0.007480200000372861,-1.220000035573321e-05,-0.00048467157972688715,0.00020914731896804715,-0.0008702000002358545
2.839972,-0.002420200000415207,-0.0014522000003580615,-0.000503131910729129,5.9450349286499634e-05,-0.0008702000002358545
2.859971,-0.0008702000002358545,-0.0011422000003676659,-0.0004392915604122206,-0.0006682419583928531,-0.0008702000002358545
2.879971,0.0014597999995658029,-0.000248200000351062,-0.0003148015885198436,-0.0013804797206344189,-0.0008702000002358545
2.899971,0.0035997999996197905,0.0005277999996451399,-0.00019370540133020511,-0.00021619067637252128,0.0014597999995658029
2.919971,-0.003010200000289842,0.00021779999960926943,-0.00013934853651527827,0.0008749981348306007,0.0014597999995658029
2.939971,0.0014597999995658029,-9.22000003811263e-05,-0.0001810507777095718,-0.0003035100236770523,-9.020000038617582e-05
2.95997,-0.002420200000415207,-0.0009862000003522553,-0.0003086227267971662,-0.00017521165540156108,-0.0008702000002358545
2.97997,-9.020000038617582e-05,-0.0008682000003773282,-0.00048806251931772873,-0.001022134732287849,-0.0008702000002358545
2.99997,-0.0008702000002358545,-0.0004402000003665307,-0.0006803946209948436,-0.0011273794875334814,-0.0008702000002358545
3.01997,-0.002420200000415207,-0.0008682000003318535,-0.0008500997415932823,-0.00032966386981680734,-0.0008702000002358545
3.03997,0.0035997999996197905,-0.0005582000003414578,-0.0009614133145472012,-0.0005646055947462512,-0.0008702000002358545
3.059969,-0.004560200000241821,-0.00040220000037152206,-0.0009713686605825973,-0.0012233701635324986,-9.020000038617582e-05
3.079969,0.0014597999995658029,-0.00040220000037152206,-0.0008317535347885929,-0.0005527407929108753,-9.020000038617582e-05
3.099969,-9.020000038617582e-05,-0.0016062000003785216,-0.0005060566212208935,-0.0002836265738093525,-0.002420200000415207
3.119969,-0.002420200000415207,0.0009197999996104044,3.849736235262773e-06,-0.00021835850854760104,-9.020000038617582e-05
3.139969,-0.002420200000415207,0.00014379999961420254,0.0006360659454427276,0.0003928303026430835,-0.002420200000415207
3.159968,0.00806979999970281,0.00045379999960459827,0.001268347102273169,0.0008067696965666586,-0.002420200000415207
3.179968,-0.002420200000415207,0.001773799999637049,0.0017455573505978973,0.0008607090905421216,0.0014597999995658029
3.199968,0.0014597999995658029,0.001773799999637049,0.001926326743621539,0.0027666298364691934,0.0014597999995658029
3.219968,0.004179799999747047,0.0014637999996466532,0.001732844596809108,0.002636699766550221,0.0014597999995658029
3.239968,-0.002420200000415207,0.0026677999996536526,0.0011892533812747695,0.0019527603726113673,0.0035997999996197905
3.259967,0.0065197999997508305,0.0005697999996755243,0.00043464449640235247,8.196783183246246e-05,0.0035997999996197905
3.279967,0.0035997999996197905,-0.0005962000003364665,-0.00030505975836019327,-0.001091901632022237,-0.001650200000312907
3.299967,-0.00903020000032484,-0.0010242000003017893,-0.0007932172853759489,-0.0018916685317749442,-0.001650200000312907
3.319967,-0.001650200000312907,-0.0026182000003245774,-0.0008850985278265611,-0.0007053515154590686,-0.001650200000312907
3.339967,-0.004560200000241821,-0.0012962000002971763,-0.0006029707688010073,-0.00016695990705510453,-0.001650200000312907
3.359967,-0.001450200000363111,0.0016957999996975559,-0.000127518022373556,-0.0006561906763004463,-0.001450200000363111
3.379966,0.010209799999756797,0.0008017999996809521,0.00030476966016049597,0.0010206857805574675,-0.001450200000363111
3.399966,0.0059297999996488215,0.0016957999996520812,0.0005422138905308043,0.0015950913749486217,-9.020000038617582e-05
3.419966,-0.006120200000395926,0.002277799999637864,0.0006065712739927291,0.0009993337991820127,0.0014597999995658029
3.439965,-9.020000038617582e-05,-0.0006762000003618596,0.0006711336188493899,0.001249660139502281,-9.020000038617582e-05
3.459965,0.0014597999995658029,-0.0006762000003618596,0.0009445473713263602,2.8378088211066725e-05,-9.020000038617582e-05
3.479965,-0.004560200000241821,0.0012677999996412836,0.0015340319403652446,-0.0003264703966547181,0.0014597999995658029
3.499965,0.0059297999996488215,0.0015777999996316795,0.002364190531858644,0.0018648582746895166,0.0014597999995658029
3.519965,0.0035997999996197905,0.0028997999996590806,0.003188591724863815,0.003479310489162072,0.0035997999996197905
3.539965,0.0014597999995658029,0.004647799999656854,0.0036838107266344,0.004344998134872085,0.004179799999747047
3.559964,0.00806979999970281,0.003287799999679919,0.0035821279307349293,0.004229590209486821,0.0035997999996197905
3.579964,0.004179799999747047,0.0034037999997053705,0.0027876505154122147,0.0035421076920010702,0.004179799999747047
3.599964,-0.0008702000002358545,0.001771799999733048,0.0014294587626093095,0.0011854643353811038,0.004179799999747047
3.619964,0.004179799999747047,-0.0006382000002759014,-0.00017037401918512188,-0.0005212489513082698,-0.0008702000002358545
3.639964,-0.006700200000295808,-0.0020762000002832793,-0.0016028945502232104,-0.001949687179756291,-0.003010200000289842
3.659963,-0.003980200000341938,-0.0025042000002940767,-0.0025111964850438344,-0.002772367832472491,-0.003010200000289842
3.679963,-0.003010200000289842,-0.0030482000003303257,-0.002706669502226281,-0.0031764470865772512,-0.003010200000289842
3.699963,-0.003010200000289842,-0.0012982000003376015,-0.0022171925021565895,-0.0016843958045326213,-0.003010200000289842
3.719963,0.0014597999995658029,-0.0011042000003271824,-0.0012537392040665395,-0.001694628904764796,-0.003010200000289842
3.739963,0.002049799999667812,0.0008017999996809521,-0.0001189833531272602,0.0005122009320843977,0.0014597999995658029
3.759962,-0.003010200000289842,0.0008017999996809521,0.0008975499244748047,0.0021056275055287457,0.0014597999995658029
3.779962,0.0065197999997508305,0.0018137999997179578,0.001597746407580203,0.001593832633726979,0.002049799999667812
3.799962,-0.003010200000289842,0.0018137999997179578,0.0019072449060308153,0.0012861170160287652,0.002049799999667812
3.819962,0.0065197999997508305,0.0009197999997013539,0.0018626464482412617,0.0015087277386403196,0.002049799999667812
3.839962,0.002049799999667812,0.0004517999997005973,0.001565921780223934,0.0007816414915368769,0.002049799999667812
3.859962,-0.007480200000372861,0.0017737999996825238,0.0011255087058421832,0.0015584480183389493,0.0035997999996197905
3.879961,0.004179799999747047,-0.00044220000031600646,0.0006099429142771153,-0.00012187832198557781,0.002049799999667812
3.899961,0.0035997999996197905,-1.6200000300159444e-05,3.708417813813441e-05,0.0006591706290667585,0.0035997999996197905
3.919961,-0.004560200000241821,0.00013979999971525103,-0.0005984937302905229,-0.0006471230772297702,0.0035997999996197905
3.939961,0.004179799999747047,-0.000286200000300596,-0.0012829567683150314,-0.0011045589746402024,0.002049799999667812
3.95996,-0.006700200000295808,-0.002346200000283716,-0.0019557948548785185,-0.0014888480189199171,-0.004560200000241821
3.97996,0.002049799999667812,-0.002346200000283716,-0.002513589756830254,-0.0020439995340923536,-0.004560200000241821
3.99996,-0.006700200000295808,-0.0032002000003103605,-0.002841205178293035,-0.0037540927741923687,-0.004560200000241821
4.01996,-0.004560200000241821,-0.001568200000338038,-0.0028530032241294813,-0.0031940694642076076,-9.020000038617582e-05
4.039959,-9.020000038617582e-05,-0.0042122000003473655,-0.002522812757828729,-0.0027443958045673756,-0.004560200000241821
4.059959,0.0014597999995658029,-0.0011402000003727154,-0.001889141525586317,-0.0008351184152953152,-9.020000038617582e-05
4.079959,-0.011170200000378827,0.000491799999599607,-0.001036846357371988,-0.0007980787882458521,0.0014597999995658029
4.099959,0.008659799999577444,0.0003357999996296712,-6.674525387603573e-05,5.059254041236429e-05,0.0014597999995658029
4.119959,0.0035997999996197905,-0.00028620000034607074,0.0009321991514642754,0.0005124340322527781,-0.0008702000002358545
4.139959,-0.0008702000002358545,0.0022397999996428553,0.0018925009350218515,0.001513809323663494,0.0014597999995658029
4.159959,-0.001650200000312907,0.002121799999667928,0.00275211204586426,0.0027210587409341827,0.0014597999995658029
4.179958,0.0014597999995658029,0.002705799999694136,0.003428830820985334,0.003907911887799145,0.0014597999995658029
4.199958,0.00806979999970281,0.0032897999996748693,0.0038175925992308085,0.003049287179184058,0.002049799999667812
4.219958,0.0065197999997508305,0.004029799999671013,0.0038253964739185134,0.003979986479859778,0.002049799999667812
4.239958,0.002049799999667812,0.0044577999996818106,0.003421414217058088,0.0040599864798496615,0.0035997999996197905
4.259957,0.002049799999667812,0.0023597999996582074,0.0026637191997928855,0.002330499300361742,0.002049799999667812
4.279957,0.0035997999996197905,0.000453799999650073,0.0016832256995476102,0.0009889841488500127,0.002049799999667812
4.299957,-0.002420200000415207,-0.0004402000003665307,0.000636720384445808,0.0004901263399605965,-0.002420200000415207
4.319957,-0.003010200000289842,0.0003357999996296712,-0.0003410027557705332,-8.800885819738597e-05,-0.002420200000415207
4.339957,-0.002420200000415207,-9.22000003811263e-05,-0.0011575293840422709,-0.00024369650387621468,-0.002420200000415207
4.359956,0.0059297999996488215,-0.001104200000372657,-0.0017473798969952375,-0.0015289179490874337,-0.002420200000415207
4.379956,0.0014597999995658029,-0.001104200000372657,-0.002043687614241003,-0.002334395804562648,-0.002420200000415207
4.399956,-0.007480200000372861,-0.0016482000003634311,-0.001977827700247941,-0.001733952914117784,-0.003010200000289842
4.419956,-0.003010200000289842,-0.002542200000380035,-0.001526236694313857,-0.0017182652684469553,-0.003010200000289842
4.439956,-0.005140200000369077,-0.0021142000003692373,-0.0007745554346958872,-0.00128404615422278,-0.003010200000289842
4.459955,0.0014597999995658029,-0.00032620000038150463,5.961585906949627e-05,-0.0007323212125191461,0.0014597999995658029
4.479955,0.0035997999996197905,0.0009957999996004219,0.0006819494492258688,0.0006302428900519927,0.0014597999995658029
4.499955,0.0014597999995658029,0.0020057999995970023,0.0008371623331357938,0.0018220144518203024,0.0014597999995658029
4.519955,0.0035997999996197905,0.0008017999996354774,0.0004257958171220318,0.0008236228434403271,0.0014597999995658029
4.539955,-9.020000038617582e-05,-0.0005202000003464491,-0.0004402579017114289,0.00014168811154718563,-9.020000038617582e-05
4.559954,-0.004560200000241821,-0.0017242000003079739,-0.0014726364929456112,-0.0018797571098496046,-0.003010200000289842
4.579954,-0.003010200000289842,-0.002618200000279103,-0.0023147469821869367,-0.0027375659676434805,-0.003010200000289842
4.599954,-0.004560200000241821,-0.003202200000259836,-0.002672615176313991,-0.003003882983957513,-0.003010200000289842
4.619954,-0.0008702000002358545,-0.001998200000298311,-0.00241281471351234,-0.0031477524478400474,-0.003010200000289842
4.639954,-0.003010200000289842,-0.001414200000317578,-0.0015943838765043613,-0.0014912256413339374,-0.0008702000002358545
4.659953,0.0014597999995658029,-9.220000033565157e-05,-0.0004336527266804277,0.0007711752910282,-9.020000038617582e-05
4.679953,-9.020000038617582e-05,0.0012677999996412836,0.000775428573919212,0.0008227137525658615,0.0014597999995658029
4.699953,0.002049799999667812,0.0022797999996328143,0.0017536217523057974,0.0018530867129360152,0.002049799999667812
4.719953,0.0059297999996488215,0.0010757999996712897,0.002311238648225244,0.001928331468189019,0.002049799999667812
4.739953,0.002049799999667812,0.0022797999996782893,0.002383913693807239,0.0026548815847338347,0.002049799999667812
4.759952,-0.004560200000241821,0.0018517999996674917,0.002023254245625796,0.001768541258403144,0.002049799999667812
4.779952,0.0059297999996488215,0.000957799999650888,0.0013562728295173775,0.0011299165497769296,0.0014597999995658029
4.799953,-9.020000038617582e-05,-0.0003642000003310386,0.0005389702446588455,2.397249385051618e-05,-9.020000038617582e-05
4.819952,0.0014597999995658029,0.00037379999967015467,-0.0002781885763328051,-0.0006689179490337465,-9.020000038617582e-05
4.839952,-0.004560200000241821,-0.0009862000003067807,-0.0009710540377757935,-0.0010391976693172468,-0.0008702000002358545
4.859951,-0.0008702000002358545,-0.0009862000003067807,-0.0014523584118870912,0.00015049930038806936,-0.0008702000002358545
4.879951,-0.0008702000002358545,-0.0016082000002825224,-0.0016717533430594365,-0.0014049552450513287,-0.0008702000002358545
4.899951,-9.020000038617582e-05,0.00013979999971525103,-0.0016069003846274294,-0.0018514587415352315,-0.0008702000002358545
4.919951,-0.001650200000312907,-0.001492200000302546,-0.0012564812649060444,-0.0017083118883846132,-0.0008702000002358545
4.93995,0.004179799999747047,-0.001492200000302546,-0.0006488522142324972,-0.0008359342660306647,-0.0008702000002358545
4.95995,-0.00903020000032484,-0.0002882000002955465,0.00013296020001718253,0.00018483496472767571,-0.0008702000002358545
4.97995,-0.0008702000002358545,0.000761799999690993,0.0009313895173916797,0.0011574689973440858,0.0035997999996197905
4.99995,0.0059297999996488215,0.0009177999996609288,0.0015315767374258229,0.001432503962367836,0.0035997999996197905
5.01995,0.0035997999996197905,0.0022397999996428553,0.0017277120993917558,0.0006808256406702763,0.0035997999996197905
5.039949,0.004959799999596726,0.0016177999996216386,0.001409663620386115,0.0011423874122099466,0.0035997999996197905
5.059949,-0.002420200000415207,-0.00017020000036609416,0.0006185257858455031,0.0020761170159533703,-0.002420200000415207
5.079949,-0.003980200000341938,0.00029579999963971206,-0.00045977315395750665,0.00028488158472310594,-0.002420200000415207
5.099949,-0.003010200000289842,-0.0016082000003279973,-0.001551116561990801,-0.001987729137868095,-0.003010200000289842
5.119949,0.0059297999996488215,-0.0021522000003187714,-0.0023659484901442903,-0.0027965403266592167,-0.003980200000341938
5.139949,-0.004560200000241821,-0.0023842000003241994,-0.002666601989828997,-0.0035833934735085148,-0.004560200000241821
5.159948,-0.005140200000369077,-0.0016062000003330469,-0.002328205159447504,-0.0017206895108189662,-0.004560200000241821
5.179948,-0.005140200000369077,-0.0025002000003496506,-0.0013882873172100945,-0.0008059342660942173,-0.004560200000241821
5.199948,0.00087979999966592,0.00014379999961420254,-5.9610114620986415e-05,-0.0005265869467658204,0.00087979999966592
5.219948,0.0014597999995658029,0.0011537999996107829,0.0013198830919914461,0.0007467463865666307,0.00087979999966592
5.239948,0.008659799999577444,0.0025917999996181605,0.0023935331494299604,0.002962667132472122,0.0014597999995658029
5.259947,-9.020000038617582e-05,0.003601799999614741,0.002904546000605009,0.0034094736592906196,0.002049799999667812
5.279947,0.002049799999667812,0.002825799999618539,0.0027735275403332213,0.0030287044285228926,0.002049799999667812
5.299947,0.0059297999996488215,0.0008037999996304279,0.002106414091186016,0.0021264200462285093,-9.020000038617582e-05
5.319947,-0.002420200000415207,0.0008037999996304279,0.0011388998764206776,0.0003331333329669818,-9.020000038617582e-05
5.339947,-0.001450200000363111,0.0003757999996196304,0.00014649617404114795,-0.0007561440563019835,-9.020000038617582e-05
5.359946,-9.020000038617582e-05,-0.001722200000358498,-0.0006430180498932348,-0.0002138829840383251,-0.001450200000363111
5.379946,-9.020000038617582e-05,-0.0005182000003514986,-0.0011035912678453884,-0.0011114121215772788,-9.020000038617582e-05
5.399946,-0.004560200000241821,-0.00024620000035611154,-0.0012178366639073448,-0.0009871230772787287,-9.020000038617582e-05
5.419946,0.0035997999996197905,-0.0007122000003619178,-0.0010452179900149556,-0.0005962372963998523,-9.020000038617582e-05
5.439945,-9.020000038617582e-05,-0.00028420000035112025,-0.0006746478310854189,-0.00016826526843932151,-9.020000038617582e-05
5.459945,-0.002420200000415207,0.00014379999961420254,-0.0001874112936043633,-0.00015124895140978568,-9.020000038617582e-05
5.479945,0.002049799999667812,0.0002617999996346043,0.00035388934042221833,-0.00017539813555842007,-9.020000038617582e-05
5.499945,-0.002420200000415207,0.00010579999966466857,0.0008932630145266439,0.0014177254075794224,-0.0008702000002358545
5.519945,0.004189799999721799,0.0009997999996812722,0.0013632956064527921,0.000900545920434196,0.002049799999667812
5.539945,-0.0008702000002358545,0.001893799999697876,0.001678693105253447,0.0009869328668245798,0.002049799999667812
5.559944,0.002049799999667812,0.0013497999997071019,0.0017486762405311963,0.0018377953376874868,0.002049799999667812
5.579944,0.0065197999997508305,0.000493799999685507,0.0015035962756577749,0.0010106624705499235,-9.020000038617582e-05
5.599944,-0.005140200000369077,0.0015057999996770377,0.0009239699214934354,0.0013436694635657594,0.002049799999667812
5.619944,-9.020000038617582e-05,0.00018379999969511118,6.100976124461776e-05,0.0009432032631046816,-9.020000038617582e-05
5.639944,0.004189799999721799,-0.0008262000003014692,-0.0009563456518068979,-0.0006723678324712097,-9.020000038617582e-05
5.659944,-0.004560200000241821,-0.0007102000002760178,-0.001931576121426098,-0.002435118415200562,-9.020000038617582e-05
5.679943,0.001469799999767929,-0.002926200000274548,-0.002635798378657955,-0.0032460741261519915,-0.004560200000241821
5.699943,-0.004560200000241821,-0.003470200000265322,-0.0028715022257993763,-0.0024020881121529503,-0.004560200000241821
5.719943,-0.011170200000378827,-0.0021482000002833956,-0.0025473756001420803,-0.002826983217061287,0.001469799999767929
5.739943,0.001469799999767929,-0.0020322000003034192,-0.0017252627524094542,-0.001549034499130934,0.001469799999767929
5.759942,0.002049799999667812,-0.0007102000003214925,-0.0006041239397828241,-0.00041208811220361144,0.002049799999667812
5.779942,0.002049799999667812,0.002361799999698633,0.0005579144954466285,-0.00027344009355106925,0.002049799999667812
5.799942,0.002049799999667812,0.0012717999996766593,0.0015409125627376082,0.002499590209468826,0.002049799999667812
5.819942,0.004189799999721799,0.0016997999996874568,0.0022274432435642876,0.0033749282048032335,0.002049799999667812
5.839942,-0.003980200000341938,0.0030217999996693832,0.0026088887460662884,0.0023971193469943227,0.004189799999721799
5.859941,0.004189799999721799,0.0020097999996778527,0.0027464682338350097,0.0016581916080686846,0.004189799999721799
5.879941,0.008659799999577444,0.0014657999996870786,0.0027188025804265525,0.0019286578085336158,0.001469799999767929
5.899941,-0.003010200000289842,0.002243799999678231,0.0025810418811311312,0.0019234130533063417,0.001469799999767929
5.919941,0.001469799999767929,0.002709799999684037,0.002345558008738974,0.0023677953376950583,0.001469799999767929
5.939941,-9.020000038617582e-05,0.0012717999997221342,0.001989186918703517,0.004092270862181327,0.001469799999767929
5.95994,0.0065197999997508305,0.002593799999704061,0.0014894183247133909,0.0013193804192686075,0.001469799999767929
5.97994,0.001469799999767929,0.0022817999996732397,0.0008751034118090433,-0.00020609743621678332,0.001469799999767929
5.99994,0.0035997999996197905,-0.0003622000003360881,0.0002560584064077693,0.0007730400929089641,0.001469799999767929
6.01994,-9.020000038617582e-05,-0.0008282000003418943,-0.00020119717914820372,0.00020807505793824389,0.001469799999767929
6.039939,-0.013310200000432815,0.00018179999965468597,-0.0003486483307200462,-8.81254082691213e-05,0.0035997999996197905
6.059939,0.004189799999721799,-0.0005562000003465073,-0.00013734755859601565,-0.0007587780889420863,-9.020000038617582e-05
6.079939,0.0065197999997508305,-0.0005562000003465073,0.00035154747213843085,-0.00047444242458387787,-9.020000038617582e-05
6.099939,-9.020000038617582e-05,0.0022037999996882716,0.0009420626607895902,0.0008517347316158615,0.0004897999997410807
6.119939,-9.020000038617582e-05,0.0016597999996974977,0.001433073942948294,0.002301291841182445,0.0004897999997410807
6.139939,0.0004897999997410807,0.0015437999996720463,0.00165930580195999,0.0028872592071507008,0.0004897999997410807
6.159938,0.001469799999767929,0.0009597999996913131,0.0015261487056370151,0.0007172358971332982,0.0004897999997410807
6.179938,0.005939799999623574,0.00037579999971057985,0.0010227899186657143,-0.00034502517512554893,0.0004897999997410807
6.199938,-0.003010200000289842,0.00010379999971519283,0.00021802401352230387,0.0007027137526149582,-0.0008702000002358545
6.219938,-0.003010200000289842,-0.0006742000003214343,-0.000761356828471269,-0.0003883818184834989,-0.002420200000415207
6.239938,-0.0008702000002358545,-0.0014522000003125868,-0.001763023487171777,-0.0017751417252598444,-0.002420200000415207
6.259937,-0.002420200000415207,-0.0027722000002995627,-0.002638562377473911,-0.0025527641028767678,-0.002420200000415207
6.279937,0.002049799999667812,-0.0027722000002995627,-0.0032631359727892176,-0.0030474727275601647,-0.002420200000415207
6.299937,-0.009610200000224722,-0.0027722000002995627,-0.003552180904229805,-0.0035706662007529543,-0.002420200000415207
6.319937,-0.003010200000289842,-0.0032002000002648856,-0.0034821656852672914,-0.0038168899769725354,-0.003010200000289842
6.339936,-0.0008702000002358545,-0.00495020000025761,-0.0031081044330340695,-0.0033900601401184514,-0.004560200000241821
6.359936,-0.004560200000241821,-0.002190200000268305,-0.0025608602847385195,-0.0026751417251802104,-0.003010200000289842
6.379936,-0.006700200000295808,-0.0012942000002567511,-0.0020131256082969355,-0.0025194773895458335,-0.0008702000002358545
6.399936,0.004189799999721799,-0.0016042000002926215,-0.0016175199958009742,-0.0004461440562514834,-0.002420200000415207
6.419936,0.001469799999767929,-0.0011762000003272988,-0.0014373471555777775,-0.0003065869466985057,-0.002420200000415207
6.439935,-0.002420200000415207,0.0005737999996654253,-0.0014057315683259563,-0.0011424377625775882,0.001469799999767929
6.459935,-0.002420200000415207,-0.0011762000003272988,-0.0013466518331107535,-0.001731994872131825,-0.002420200000415207
6.479935,0.002049799999667812,-0.0029662000003554565,-0.0010621514944038697,-0.002290083450223309,-0.002420200000415207
6.499935,-0.004560200000241821,-0.0021882000003188296,-0.00045055040603027735,-0.0020908993010247635,-0.002420200000415207
6.519935,-0.007480200000372861,-0.0002842000003056455,0.00040450819473231256,0.0005772592071395388,0.001469799999767929
6.539935,0.001469799999767929,0.0013477999997121514,0.0012327957937323009,0.0025367696966678657,0.001469799999767929
6.559934,0.007099799999650713,0.0029797999996844736,0.0016872105983670403,0.002277888577794278,0.0035997999996197905
6.579934,0.010209799999756797,0.0031357999996998844,0.0015216151321658991,0.00098611701602616,0.0035997999996197905
6.599934,0.0035997999996197905,0.0009197999997013539,0.0007358954095963447,0.0013766065265155957,0.0035997999996197905
6.619934,-0.006700200000295808,-0.0011022000002867572,-0.0004068497743855329,0.0003692871791843111,-0.003010200000289842
6.639934,-0.009610200000224722,-0.0024242000003141585,-0.001505348145955729,-0.0018577757578999,-0.003010200000289842
6.659933,-0.003010200000289842,-0.003628200000321158,-0.00220622077153004,-0.0037397571098706376,-0.003010200000289842
6.679933,0.0035997999996197905,-0.002462200000309167,-0.0023384814171925152,-0.00364395291406399,-0.002420200000415207
6.699933,-0.002420200000415207,-0.0007142000003113935,-0.0019363844931991978,-0.0011646522147560948,-0.0008702000002358545
6.719933,-0.0008702000002358545,0.0007257999996909348,-0.0011709086665931889,0.00047119860108700616,-0.0008702000002358545
6.739933,-0.0008702000002358545,0.00041579999970053905,-0.00025165189694523736,0.00040833146823072454,-0.0008702000002358545
6.759932,0.004189799999721799,-1.220000026478374e-05,0.0006485469572474239,0.0004546951046209361,-0.0008702000002358545
6.779932,0.002049799999667812,0.00045579999973597294,0.0014229525844964533,0.0008853011652491304,0.001469799999767929
6.799932,-0.004560200000241821,0.0022437999997237056,0.0020168552558769946,0.002026420046362793,0.002049799999667812
6.819932,0.001469799999767929,0.0018157999997129083,0.0023936782562875005,0.0018714317013332686,0.002049799999667812
6.839931,0.00806979999970281,0.0013877999997021107,0.002513927967919156,0.0016890074588920643,0.001469799999767929
6.859931,0.002049799999667812,0.0022817999996732397,0.0023443344915053585,0.0024586111884973352,0.001469799999767929
6.879931,-9.020000038617582e-05,0.0025917999996636354,0.0018857989797684588,0.002377515617384437,0.002049799999667812
6.899931,-9.020000038617582e-05,0.0018157999996674334,0.0011961009038992183,0.00226681631667365,0.002049799999667812
6.919931,0.0030197999997199076,-9.020000034070108e-05,0.0003935156305395293,-0.00010082937095690992,-9.020000038617582e-05
6.939931,0.004189799999721799,-0.00024620000031063685,-0.00036113551714821195,-0.00044448904460966097,-9.020000038617582e-05
6.95993,-0.007480200000372861,-0.0008302000002913701,-0.0009042299474566778,-0.0010174027975079708,-0.0008702000002358545
6.97993,-0.0008702000002358545,-0.00044220000031600646,-0.0011240640235933373,-0.0014108526809603757,-0.0008702000002358545
6.99993,-0.003010200000289842,-0.002620200000319528,-0.0010075267017084436,-0.001139174359281614,-0.003010200000289842
7.01993,0.004959799999596726,-0.0004042000003209978,-0.0006504918366063047,-0.00031052634064968423,-0.0008702000002358545
7.039929,-0.006700200000295808,0.000607799999670533,-0.00022203623171279855,-0.00046024662038098366,0.0035997999996197905
7.059929,0.0035997999996197905,0.0011917999996512662,0.00010172943553033004,0.0004429934728545073,0.0035997999996197905
7.079929,0.004189799999721799,-0.001296200000342651,0.00020522368592767242,6.350116187829559e-06,-9.020000038617582e-05
7.099929,-9.020000038617582e-05,0.000453799999650073,7.416603290035377e-05,0.0003882615381097047,0.002049799999667812
7.119929,-0.007480200000372861,0.00014379999965967726,-0.00020633495443718715,-0.0007157944059333645,0.002049799999667812
7.139929,0.002049799999667812,-0.0005962000003364665,-0.0004891278789332861,0.000525277855144735,0.0004897999997410807
7.159928,0.002049799999667812,-0.0011802000003171998,-0.0006123625562199529,-0.0009733934735090576,0.0004897999997410807
7.179928,0.0004897999997410807,0.0011517999997067818,-0.00043768862750105816,-0.0007282885783843319,0.002049799999667812
7.199928,-0.003010200000289842,0.00013979999971525103,0.00011942563950357919,-0.0005800834501654192,0.0004897999997410807
7.219928,0.004179799999747047,0.0005657999997310981,0.0010603109525822274,0.00188716596709989,0.0004897999997410807
7.239928,-0.003010200000289842,0.0011877999997068401,0.002281559496791597,0.00245213100205047,0.0035997999996197905
7.259927,0.004179799999747047,0.004841799999712748,0.0035803020770839434,0.0036594736593765324,0.004179799999747047
7.279927,0.0035997999996197905,0.004297799999676499,0.0046991406945391025,0.004579403729288482,0.0035997999996197905
7.299927,0.015259799999739698,0.00530979999966803,0.0054005240915287215,0.004978144988014133,0.0035997999996197905
7.319927,0.0014597999995658029,0.004883799999652183,0.0055360441359761136,0.005312317482174507,0.002049799999667812
7.339927,0.002049799999667812,0.004883799999652183,0.005074605979300777,0.005746723076565082,0.002049799999667812
7.359926,0.002049799999667812,0.0030177999996340078,0.004083490744577959,0.0040608256406480135,0.002049799999667812
7.379926,0.0035997999996197905,0.0022417999996378057,0.0026908432233039453,0.0017415482513850058,0.002049799999667812
7.399926,0.0059297999996488215,0.0010357999996358559,0.0010607646945738959,0.0003139958038369597,0.002049799999667812
7.419926,-0.002420200000415207,-0.00028620000034607074,-0.0006155645465227488,0.0007165132863807115,-0.002420200000415207
7.439925,-0.003980200000341938,-0.0005962000003364665,-0.00213131588804386,-0.0017604097905481438,-0.002420200000415207
7.459925,-0.004560200000241821,-0.003278200000340803,-0.003290570445191272,-0.0037115286716853787,-0.003980200000341938
7.479925,0.002049799999667812,-0.004718200000343131,-0.003944003922125054,-0.004105188345334325,-0.004560200000241821
7.499925,-0.007480200000372861,-0.0036302000003615833,-0.004020504955854545,-0.003908405128553969,-0.004560200000241821
7.519925,-0.009620200000426848,-0.0018822000003638096,-0.003544755534604143,-0.0029917850819463354,0.0014597999995658029
7.539924,0.0014597999995658029,-0.002776200000380413,-0.0026318965573879473,-0.002038405128595284,-0.002420200000415207
7.559924,0.004179799999747047,-0.0017642000003888826,-0.0014551664440874803,-0.002312461072650435,-0.002420200000415207
7.579924,-0.002420200000415207,0.0005697999996300496,-0.00019997464497084022,-0.001122344522518649,0.0014597999995658029
7.599924,-0.002420200000415207,0.00010379999966971809,0.0009700234623595565,0.0018661170159694606,-0.0008702000002358545
7.619924,0.002049799999667812,0.0014257999996516446,0.0019244887353185927,0.0027953944052766812,-0.0008702000002358545
7.639924,-0.0008702000002358545,0.002745799999684095,0.0025713341411980058,0.0018115948714757888,0.002049799999667812
7.659923,0.01078979999965668,0.0028997999997045555,0.0028728439970099793,0.0022569328668236334,0.002049799999667812
7.679923,0.004179799999747047,0.0024717999996937577,0.002865704387937185,0.003201618181530619,-9.020000038617582e-05
7.699923,-0.001650200000312907,0.003481799999690338,0.0026579305097506364,0.003080802330702853,0.004179799999747047
7.719923,-9.020000038617582e-05,0.0016157999996721628,0.00238837960271847,0.001753692773560877,0.0014597999995658029
7.739923,0.004179799999747047,0.001071799999635914,0.002168174791800583,0.0024981682979969737,0.0014597999995658029
7.759922,0.0014597999995658029,0.001693799999611656,0.002040935735791476,0.0011429934728097062,0.0014597999995658029
7.779922,0.0014597999995658029,0.00344379999960438,0.001983636085009888,0.0019588909086776644,0.0014597999995658029
7.799922,0.0014597999995658029,0.001811799999586583,0.0019417881522523816,0.0032594503492353252,0.0014597999995658029
7.819922,0.008659799999577444,0.0022397999995973803,0.0018747088854930455,0.0024038559436619705,0.0014597999995658029
7.839922,-0.003980200000341938,0.0025517999996282014,0.0017835288834364422,0.0013493804191944546,0.0030197999997199076
7.859921,0.0035997999996197905,0.0013477999996666767,0.0017047619492420892,0.0010267930066498036,0.0030197999997199076
7.879921,0.0030197999997199076,2.5799999684750218e-05,0.0016732909101024444,0.001921921211814557,0.002049799999667812
7.899921,-0.004560200000241821,0.0016577999997025473,0.0016791827849271972,0.0015824806523882884,0.0030197999997199076
7.919921,0.002049799999667812,0.002241799999728755,0.0016492739530362145,0.0007256275055535405,0.0030197999997199076
7.93992,0.004179799999747047,0.0006077999997160077,0.0014723043875348586,0.001663855943788681,0.002049799999667812
7.95992,0.0065197999997508305,0.001345799999717201,0.0010592644627117644,0.001481921211851652,0.002049799999667812
7.97992,-0.00515020000034383,0.001345799999717201,0.000404375738758351,0.0006122009321138865,0.002049799999667812
7.99992,-0.0008702000002358545,0.0004917999996905565,-0.00038969551702267653,0.0007470027968796351,-9.020000038617582e-05
8.01992,0.002049799999667812,-0.0023082000003341817,-0.0011340079580646886,-0.0014579156180422922,-0.0008702000002358545
8.039919,-9.020000038617582e-05,-0.0009862000003522553,-0.001609795183831971,-0.0028474261075707562,-9.020000038617582e-05
8.059919,-0.007480200000372861,-0.0017242000003534486,-0.0016388513317113014,-0.0018081487183170654,-9.020000038617582e-05
8.079919,0.0014597999995658029,-0.001414200000363053,-0.0011466401301585467,-0.0003479156180839554,-9.020000038617582e-05
8.099919,-0.004560200000241821,0.0003337999996347207,-0.00019382873357722983,0.000215464335310985,0.0014597999995658029
8.119919,0.0035997999996197905,0.001655799999662122,0.0010413102917584793,0.0006135062933618912,0.0014597999995658029
8.139919,0.008649799999602692,0.0021997999996983706,0.002323141473334236,0.0020570261069032406,0.0035997999996197905
8.159918,-0.0008702000002358545,0.0034037999996598955,0.0034297624908076582,0.003957049416934515,0.0035997999996197905
8.179918,0.004179799999747047,0.003987799999686103,0.004200442199277058,0.0036775622374448816,0.004179799999747047
8.199918,0.0014597999995658029,0.0034437999996953295,0.004548862719769656,0.005286699766569529,0.004179799999747047
8.219918,0.0065197999997508305,0.004027799999676063,0.004458319434400351,0.004237655477544447,0.004179799999747047
8.239918,0.0059297999996488215,0.00449579999967682,0.003977939915689074,0.003088121678029691,0.0059297999996488215
8.259917,0.002049799999667812,0.0032917999997152947,0.0032203718802692534,0.0033523174822262768,0.0059297999996488215
8.279917,0.0065197999997508305,0.0018137999997179578,0.002346518828659966,0.002121151981063846,0.002049799999667812
8.299917,-0.004560200000241821,0.0013477999997121514,0.001528677321810625,0.002120475990391682,0.002049799999667812
8.319917,-0.0008702000002358545,0.0012297999996917497,0.0009035454856844411,0.0010936228434942946,0.0014597999995658029
8.339916,0.0035997999996197905,0.0006457999996655417,0.0005405397893400338,0.0005318745917529065,0.0014597999995658029
8.359916,0.0014597999995658029,0.001071799999635914,0.0004420970949678292,0.00026940372924987716,0.0014597999995658029
8.379916,0.0035997999996197905,0.001071799999635914,0.000566537745949253,0.0005087743586092344,0.0014597999995658029
8.399916,-0.0024302000003899593,0.0006437999996251164,0.0008473078672028457,0.0017333431231640233,0.0014597999995658029
8.419916,-0.0008702000002358545,0.0011877999996613652,0.0011936221912645358,0.0006043687642002613,0.0014597999995658029
8.439915,0.0014597999995658029,0.00044979999966017204,0.0014836051548411395,0.0012530400929086814,-9.020000038617582e-05
8.459915,0.004179799999747047,0.000761799999690993,0.001572927396710417,0.00151947365937024,-9.020000038617582e-05
8.479915,-9.020000038617582e-05,0.00223979999968833,0.0013288698763514015,0.0005526904426031241,0.0014597999995658029
8.499915,-0.0008702000002358545,0.0006077999997160077,0.0006782423551339349,0.0011385412584498246,-9.020000038617582e-05
8.519915,0.0065197999997508305,-0.0012582000003021677,-0.00035272654934112975,-0.00019483869495519638,-0.0008702000002358545
8.539914,-0.006700200000295808,-0.0009482000003117718,-0.001625024789448718,-0.0015187547788725413,-0.0008702000002358545
8.559914,-0.00515020000034383,-0.002270200000339173,-0.002907450248767671,-0.0030222979024382996,-0.00515020000034383
8.579914,0.0014597999995658029,-0.004176200000347308,-0.003924547373263069,-0.003552437762557818,-0.00515020000034383
8.599914,-0.007480200000372861,-0.00374820000033651,-0.004416767251158994,-0.003978195338324328,-0.004560200000241821
8.619914,-0.003010200000289842,-0.002892200000314915,-0.004200296869844833,-0.004661388811524444,-0.003010200000289842
8.639914,-0.004560200000241821,-0.003202200000305311,-0.0032188047461021436,-0.0024940927742078175,-0.003010200000289842
8.659913,-0.0008702000002358545,-0.0017242000003079739,-0.0015775632920851314,-0.0014520181821189356,-0.0008702000002358545
8.679913,-9.020000038617582e-05,0.0001817999997001607,0.0004526674879011818,-0.0007122046623086933,-9.020000038617582e-05
8.699913,-9.020000038617582e-05,0.0018137999996724829,0.002471788261835681,0.002142597202476654,-9.020000038617582e-05
8.719913,0.0065197999997508305,0.002707799999643612,0.004028161318930098,0.0035015249413792686,0.0035997999996197905
8.739913,0.0035997999996197905,0.004339799999661409,0.004727916568929403,0.005524741724597739,0.0035997999996197905
8.759912,0.0035997999996197905,0.004767799999672207,0.004351580998902259,0.004720056409917834,0.0035997999996197905
8.779912,0.00806979999970281,0.0035617999996702563,0.002942369515484206,0.0030627370626185348,0.0035997999996197905
8.799912,0.002049799999667812,0.000607799999670533,0.0008277518050270042,0.0015757673656394803,0.002049799999667812
8.819912,0.0004897999997410807,-0.001142200000322191,-0.001451869077705936,-0.0021064470865947748,0.0004897999997410807
8.839911,-0.011170200000378827,-0.0032422000003407446,-0.003300990552736901,-0.0037004564105864815,-0.0024302000003899593
8.859911,-0.00515020000034383,-0.005458200000339275,-0.004262065749700445,-0.004906703496839349,-0.00515020000034383
8.879911,-0.0024302000003899593,-0.004720200000338082,-0.004164150833201467,-0.004813603263728247,-0.00515020000034383
8.899911,-0.00903020000032484,-0.002076200000328754,-0.003162019957894453,-0.0028699902101112806,-0.0024302000003899593
8.919911,0.004179799999747047,-0.00021020000031057862,-0.0016515462649136102,-0.0006214820516163809,0.002049799999667812
8.93991,0.002049799999667812,0.0005677999996805738,-0.00010329427113983578,0.0013110354309059978,0.002049799999667812
8.95991,0.004179799999747047,0.0023557999996683065,0.001109322394705945,0.0008215482514160235,0.002049799999667812
8.97991,0.0014597999995658029,0.0009177999996609288,0.0018123928057771283,0.0016523641022368122,0.0014597999995658029
8.99991,-9.020000038617582e-05,0.0006057999996755825,0.002028545953224845,0.0022079351978081595,0.0004897999997410807
9.01991,-0.003010200000289842,0.0010737999996763392,0.0018907590481120318,0.0007581916080868376,0.0004897999997410807
9.039909,0.0004897999997410807,0.0006077999997160077,0.0015365445354108675,0.0004365832164975353,-9.020000038617582e-05
9.059909,0.0065197999997508305,0.00045179999974607197,0.001044826399042065,0.001295720745645349,-0.0008702000002358545
9.079909,-0.0008702000002358545,0.0010357999997268053,0.0004380272658658831,0.00023063916057999997,-9.020000038617582e-05
9.099909,-0.0008702000002358545,0.0013477999997121514,-0.0002729888961254228,-0.0004164937065837726,-9.020000038617582e-05
9.119909,-9.020000038617582e-05,-0.00219020000031378,-0.0010409471207133989,0.0008465599064424419,-0.0008702000002358545
9.139909,0.002049799999667812,-0.001296200000342651,-0.0017596226939455288,-0.0015031137532392053,-9.020000038617582e-05
9.159908,-0.011170200000378827,-0.00028620000034607074,-0.0022754214168245867,-0.002504605594751867,0.002049799999667812
9.179908,0.0035997999996197905,-0.0030862000003253343,-0.002426893179243817,-0.002659640559781253,0.002049799999667812
9.199908,0.004179799999747047,-0.0027762000003349386,-0.0020987884583557946,-0.002585631235760031,0.0035997999996197905
9.219908,-0.014090200000282493,-0.000716200000306344,-0.0012764917595542479,-0.0013157710958771646,0.0035997999996197905
9.239908,0.0035997999996197905,-0.0002502000003005378,-8.3473804107774e-05,-0.00033807878819828996,0.0035997999996197905
9.259907,-0.0008702000002358545,9.979999967981711e-05,0.0012227540478189228,0.0020968396267312533,0.0035997999996197905
9.279907,0.0059297999996488215,0.0028997999996590806,0.0023122282990930506,0.00157655990643214,0.0035997999996197905
9.299907,0.0059297999996488215,0.0030157999996845318,0.002884875560997704,0.0026138792537390926,0.004179799999747047
9.319907,-9.020000038617582e-05,0.002703799999653711,0.002767125831837543,0.00366161818149232,0.004179799999747047
9.339907,0.004179799999747047,0.0013437999996767757,0.0019593491418988767,0.0016496834495714073,-9.020000038617582e-05
9.359906,-0.0024302000003899593,-0.00044420000031095694,0.0006214940013579407,0.00037760885748709937,-0.0008702000002358545
9.379906,-0.0008702000002358545,-0.000716200000306344,-0.0009844337904026084,-0.0010606195807311837,-0.001450200000363111
9.399906,-0.003010200000289842,-0.0027762000003349386,-0.002564226922597362,-0.0027233468534798764,-0.0024302000003899593
9.419906,-0.001450200000363111,-0.0027762000003349386,-0.003850461466047356,-0.0038157244758650977,-0.0024302000003899593
9.439905,-0.006120200000395926,-0.0045262000003731375,-0.004643513171942152,-0.005115980886151234,-0.003010200000289842
9.459905,-0.0024302000003899593,-0.0045262000003731375,-0.004838403475029075,-0.003989896970071146,-0.003010200000289842
9.479905,-0.009620200000426848,-0.00425420000037775,-0.004439808830708974,-0.003911715151900156,-0.003010200000289842
9.499905,-0.003010200000289842,-0.0024262000003545834,-0.00355913335726881,-0.003493673193828193,-0.0024302000003899593
9.519905,-9.020000038617582e-05,-0.002852200000324956,-0.002385940124962992,-0.002853416783541007,-0.003010200000289842
9.539905,0.0030197999997199076,-0.0011022000002867572,-0.0011387786336740653,-0.0017060041961071274,-0.0008702000002358545
9.559904,-0.004560200000241821,-9.220000029017684e-05,-1.6174558264322612e-05,0.0004903361302588989,-9.020000038617582e-05
9.579904,-0.0008702000002358545,0.0005297999997310399,0.0008331026144645427,0.0015677720277167996,0.0020397999996930594
9.599904,0.0020397999996930594,0.001227799999742274,0.001320871821703906,0.0008080983680446182,0.0020397999996930594
9.619904,0.0030197999997199076,0.0007997999997314764,0.0014244201169316267,0.0008040424239702938,0.0020397999996930594
9.639904,0.006509799999776078,0.0009537999997064617,0.001188578515578382,0.00113765547755409,0.0020397999996930594
9.659903,-0.006700200000295808,0.0010717999996813887,0.0007134525099366187,0.0015945785544715465,0.0026297999995676946
9.679903,-0.00010020000036092824,0.00029379999969023627,0.00012149268233730678,-0.0006072163173363139,-0.00010020000036092824
9.699903,0.0026297999995676946,-0.0019202000003133435,-0.0004820617625096038,-0.001214325874442143,-0.0008702000002358545
9.719903,-0.0008702000002358545,-0.0016102000003229478,-0.0010329520255937762,-0.0011254214455263221,-0.0008702000002358545
9.739902,-0.004560200000241821,-0.0002882000002955465,-0.001505800261819039,-0.0011666102567150232,-0.0008702000002358545
9.759903,-0.00515020000034383,-0.0009882000002562562,-0.001890604889613804,-0.0005080554781369766,-0.0008702000002358545
9.779902,0.006509799999776078,-0.0018442000002778514,-0.0021587310950294853,-0.0024442559443144905,-0.004560200000241821
9.799902,-0.0008702000002358545,-0.0018442000002778514,-0.0022375129407988747,-0.002358708158762739,-0.004560200000241821
9.819902,-0.00515020000034383,-0.0014162000002670538,-0.002019882840989111,-0.0015052582753396224,-0.003010200000289842
9.839901,-0.004560200000241821,-0.0015322000002925052,-0.0014198475109728499,-0.0011509459210478357,-0.003010200000289842
9.859901,-0.003010200000289842,-0.0013782000003175199,-0.00044681733932145875,-0.0015493142194173684,-0.003010200000289842
9.879901,0.0059297999996488215,-0.00036820000032093957,0.0007514403947517355,-0.00031351002363749476,-0.00010020000036092824
9.899901,-0.00010020000036092824,0.001379799999676834,0.001910412484568939,0.0014333431232218382,-0.00010020000036092824
9.919901,-0.00010020000036092824,0.0041397999996661385,0.002729914473241758,0.003542876922750339,0.004179799999747047
9.9399,0.004179799999747047,0.0023517999996784055,0.0029833057411033205,0.00408579067565072,-0.00010020000036092824
9.9599,0.01078979999965668,0.0033637999996699365,0.002615228410804481,0.0036265832164472274,0.004179799999747047
9.9799,-0.003010200000289842,0.0027817999996841538,0.0017863693406845636,0.0018060937059699621,0.004179799999747047
9.9999,0.004959799999596726,0.0013437999996767757,0.0008327247557318555,-1.8550119690223868e-06,-0.003010200000289842
10.0199,-0.003010200000289842,-0.0017262000003029244,0.00013929131752767472,0.00012012634003879169,-0.003010200000289842
10.0399,-0.003010200000289842,-0.0012982000002921268,-2.6197188741499145e-05,-0.0009977757578674131,-0.003010200000289842
10.059899,-0.004560200000241821,0.00021779999974569364,0.00035656771430294103,-0.0009657477858201326,-0.003010200000289842
10.079899,-0.0008702000002358545,0.0003337999997256702,0.0010368420432445749,0.0010346951046315924,-0.0024302000003899593
10.099899,0.012539799999785828,0.001771799999733048,0.0016006869741225567,0.0015170261069712677,-0.0008702000002358545
10.119899,-0.0024302000003899593,0.003091799999720024,0.0016675318062277832,0.003180452680366085,0.0020397999996930594
10.139899,0.004179799999747047,0.0032457999996950092,0.0010827955685460068,0.002901524941421228,0.0020397999996930594
10.159898,0.0020397999996930594,0.0002517999996598519,1.5312071202294015e-05,0.001368564568430871,-0.00010020000036092824
10.179898,-0.00010020000036092824,-0.000602200000321318,-0.0010858979326761676,-0.0020145356646822034,-0.00010020000036092824
10.199898,-0.0024302000003899593,-0.0024682000003394934,-0.0016629172876618692,-0.0037421813523115504,-0.0024302000003899593
10.219898,-0.006700200000295808,-0.003050200000325276,-0.001285650606539155,-0.0017429039630048938,-0.0024302000003899593
10.239897,-0.00515020000034383,-0.0005222000002959249,0.0001423450788579186,-0.00045248438259329316,-0.0024302000003899593
10.259897,-0.0008702000002358545,0.002121799999713403,0.002306120750197636,0.0025215948714942525,-0.0008702000002358545
10.279897,0.012539799999785828,0.005191799999693103,0.004578442564494844,0.004860475990383576,0.008649799999602692
10.299897,0.01078979999965668,0.007407799999691633,0.006258514077403935,0.006454648484540162,0.008649799999602692
10.319897,0.008649799999602692,0.007561799999666619,0.006838278540995357,0.008221478321333167,0.008649799999602692
10.339896,0.0059297999996488215,0.005345799999622614,0.006173269388046069,0.007007096036939142,0.0059297999996488215
10.359896,-0.00010020000036092824,0.003907799999615236,0.0044952356755677365,0.004304834964655554,0.0035997999996197905
10.379896,0.0014597999995658029,0.0008377999996355357,0.0022886607439694118,0.0008777720275789392,0.0014597999995658029
10.399896,0.0035997999996197905,-0.0008342000003722205,0.00010637726558015983,-0.0017102466204215222,-0.00010020000036092824
10.419896,-0.006700200000295808,-0.0013002000003780267,-0.0015987682709034288,-0.0017059342661068055,-0.0024302000003899593
10.439896,-0.0024302000003899593,-0.002194200000349156,-0.0025777761705115705,-0.0014823911425487736,-0.0024302000003899593
10.459895,-0.0024302000003899593,-0.001494200000342971,-0.002807362012932643,-0.0018438363639782093,-0.0024302000003899593
10.479895,-0.003010200000289842,-0.0010662000003321737,-0.002438376605127224,-0.002176610256723903,-0.0024302000003899593
10.499895,0.007099799999650713,-0.0016102000003229478,-0.0017039957280734013,-0.0016722745923937812,-0.003010200000289842
10.519895,-0.004560200000241821,-0.000716200000306344,-0.0008354254347551514,-0.0004819249420565135,-0.003010200000289842
10.539895,-0.00515020000034383,0.000177799999664785,-2.0632458329715057e-05,-0.00047968717981486137,0.0014597999995658029
10.559894,0.0020397999996930594,-0.0012622000003375434,0.0005952897471612955,0.00027590722577988517,-0.00010020000036092824
10.579894,0.0014597999995658029,5.779999964943272e-05,0.0009006623113502937,0.00034744568729249206,0.0014597999995658029
10.599894,-0.00010020000036092824,0.0014957999996568106,0.0008282519643488484,-9.35566437115544e-05,0.0020397999996930594
10.619894,0.0020397999996930594,0.0006017999996402068,0.00038723411647257494,0.0014058839157296674,0.0014597999995658029
10.639894,0.0020397999996930594,0.00013579999967987532,-0.0003082762915713106,0.0010131100229828164,-0.00010020000036092824
10.659893,-0.0024302000003899593,-1.820000029510993e-05,-0.001042579264566871,-0.000972414452513428,-0.0008702000002358545
10.679893,-0.0008702000002358545,-0.0013382000002820859,-0.00154843380675182,-0.002298311888372142,-0.0008702000002358545
10.699893,-0.0008702000002358545,-0.002658200000269062,-0.001595669012977735,-0.002019151049210674,-0.0024302000003899593
10.719893,-0.004560200000241821,-0.0017642000002524583,-0.0010878238936600003,-0.0010322512823189665,-0.0008702000002358545
10.739892,-0.004560200000241821,0.00013979999971525103,-0.00012387489197031141,-0.0005322279723199926,-0.0008702000002358545
10.759892,0.0020397999996930594,0.00103379999968638,0.0010125165092274195,0.001077352447241657,0.0020397999996930594
10.779892,0.008649799999602692,0.0014597999996567522,0.0019448097257134922,0.0023341589740243666,0.0020397999996930594
10.799892,0.0035997999996197905,0.0032077999996545257,0.0023406732131358078,0.002253226573093307,0.0035997999996197905
10.819892,-0.0024302000003899593,0.002625799999668743,0.0020300410740556104,0.002281221911093755,0.0035997999996197905
10.839892,0.004179799999747047,-0.00044420000031095694,0.001053602212069193,0.0013562801861446427,-0.0008702000002358545
10.859891,-0.0008702000002358545,-0.0011842000003071008,-0.00036586488158052595,-0.0005328573429679145,-0.0008702000002358545
10.879891,-0.006700200000295808,-0.0011842000003071008,-0.001901824214110101,-0.002721295571405153,-0.0008702000002358545
10.899891,-0.00010020000036092824,-0.0029322000003048744,-0.00321511608740226,-0.0026246055947080705,-0.0024302000003899593
10.919891,-0.0024302000003899593,-0.0039822000003368885,-0.004030604484972126,-0.0040201300702395765,-0.004560200000241821
10.93989,-0.004560200000241821,-0.0028162000003248977,-0.0041891189603786025,-0.004646517016650975,-0.0024302000003899593
10.95989,-0.006120200000395926,-0.0042922000003272846,-0.0036765446023670455,-0.0035249785551170576,-0.004560200000241821
10.97989,-0.0008702000002358545,-0.002620200000319528,-0.002629776270535543,-0.0021828573429764167,-0.004560200000241821
10.99989,-0.007480200000372861,-0.001300200000332552,-0.001310569397922708,-0.0012839529140688244,-0.0008702000002358545
11.01989,0.0059297999996488215,0.000331799999685245,-4.0678666685551416e-05,5.371095231950689e-06,0.0020397999996930594
11.03989,0.0020397999996930594,0.0007977999996455765,0.0008894167110372256,0.00111679300664624,0.0020397999996930594
11.059889,0.0020397999996930594,0.0018077999996421567,0.0013039725364132283,0.0012675855474455029,0.0020397999996930594
11.079889,0.0014597999995658029,0.00044779999966522156,0.001179618474030363,0.0005649515148024997,0.0014597999995658029
11.099889,-0.0024302000003899593,-0.0004462000003513822,0.0006222759595284404,0.0010924107222576736,-0.0008702000002358545
11.119889,-0.0008702000002358545,-0.0008742000003621797,-0.000197045945321343,-0.0007673095574779851,-0.0008702000002358545
11.139889,-0.0024302000003899593,-0.0008742000003621797,-0.0011082237627307394,-0.001407845688003905,-0.0008702000002358545
11.159888,-0.00010020000036092824,-0.0017282000003433495,-0.001978341964560634,-0.0019542326343904405,-0.0008702000002358545
11.179888,0.0014597999995658029,-0.002466200000344543,-0.002713990742029851,-0.0025567501168786886,-0.0024302000003899593
11.199888,-0.006700200000295808,-0.002466200000344543,-0.0032493495830325536,-0.0027824144525414466,-0.0024302000003899593
11.219888,-0.004560200000241821,-0.0033582000003207213,-0.003542265799007865,-0.0035125543126907927,-0.004560200000241821
11.239887,-0.0024302000003899593,-0.004136200000311873,-0.003582578125019451,-0.003030596270717836,-0.004560200000241821
11.259887,-0.004560200000241821,-0.003282200000330704,-0.0033997680131306876,-0.0043350484851775225,-0.0024302000003899593
11.279887,-0.0024302000003899593,-0.0023902000003545253,-0.003057006656866061,-0.0034008759910172364,-0.0024302000003899593
11.299887,-0.0024302000003899593,-0.003400200000351106,-0.0026306755536813363,-0.0021008060609754116,-0.0024302000003899593
11.319887,-0.00010020000036092824,-0.0013022000003729771,-0.0021845551106454532,-0.0014787547789253007,-0.0024302000003899593
11.339887,-0.007480200000372861,-0.0014182000003529539,-0.001749984281100477,-0.001913393473529307,-0.0024302000003899593
11.359886,0.0059297999996488215,-0.0011062000003221328,-0.0013194978251548461,-0.001966889977024307,-0.0008702000002358545
11.379886,-0.003010200000289842,-0.001998200000298311,-0.0008568561473708841,-0.0005065170166283699,-0.003010200000289842
11.399886,-0.0008702000002358545,0.0002177999997002189,-0.0003225484846998035,-0.00013465221474576986,-0.0008702000002358545
11.419886,-0.004560200000241821,0.0006457999997110164,0.0002937905976124523,0.0002657673656831156,-0.0008702000002358545
11.439886,0.0035997999996197905,0.0003357999997206207,0.000951933989575945,0.0007583547782792762,-0.0008702000002358545
11.459885,0.00806979999970281,0.0009177999997064034,0.0015650832142631418,0.0008373524472608785,0.0020397999996930594
11.479885,-0.004560200000241821,0.0022377999996933797,0.002024983570168537,0.0023701030299974543,0.0020397999996930594
11.499885,0.0020397999996930594,0.0027037999996991856,0.002231219853994712,0.00262434545424936,0.0020397999996930594
11.519885,0.0020397999996930594,0.000915799999711453,0.002116038595965334,0.0017095902094891,0.0020397999996930594
11.539885,0.0059297999996488215,0.0016537999997126463,0.001667308305051445,0.0014963967363112994,0.0020397999996930594
11.559884,-0.0008702000002358545,0.0007597999996960425,0.0009469484941143486,0.0011430167829288894,-0.0008702000002358545
11.579884,-0.0008702000002358545,0.0016537999997126463,9.170755147569335e-05,0.0008422708621774758,-0.0008702000002358545
11.599884,-0.0024302000003899593,-0.0008722000002762797,-0.0007127744183365925,-0.00024047972057427173,-0.0008702000002358545
11.619884,0.006509799999776078,-0.0017282000002978748,-0.0012802746391462872,-0.0015992209793115474,-0.0024302000003899593
11.639884,-0.006700200000295808,-0.001146200000312092,-0.0014833195544760528,-0.0023877990678888524,-0.0024302000003899593
11.659883,-0.00515020000034383,-0.0015722000002824643,-0.0013089824725359969,-0.0019119715620669947,-0.004560200000241821
11.679883,0.0020397999996930594,-0.002466200000299068,-0.0008877169628346343,-0.0008211090912063493,-0.004560200000241821
11.699883,-0.004560200000241821,-0.0007182000003012945,-0.0004678767470619772,-0.0003503864804897483,0.0020397999996930594
11.719883,0.0020397999996930594,0.0010317999996914296,-0.0003272123926159729,-0.0007496172497375945,0.0020397999996930594
11.739882,0.0020397999996930594,-0.0004062000003159483,-0.0006482416362928009,0.0007258839157780334,0.0020397999996930594
11.759882,0.0035997999996197905,-0.0004062000003159483,-0.0014132137832188966,-0.00047339347350365394,0.0020397999996930594
11.779882,-0.00515020000034383,-0.0014162000003125285,-0.002376733025665634,-0.002602647552759887,-0.003010200000289842
11.799882,-0.004560200000241821,-0.0033202000003257127,-0.00314306988901934,-0.0028890578091720787,-0.004560200000241821
11.819882,-0.003010200000289842,-0.004642200000307639,-0.003323294204148224,-0.0039559808860991814,-0.004560200000241821
11.839881,-0.007480200000372861,-0.002892200000314915,-0.0027050467735448354,-0.003960945921081892,-0.003010200000289842
11.859881,-0.003010200000289842,-0.0016882000003533904,-0.0013595369449715194,-0.002095491375624324,-0.003010200000289842
11.879881,0.0035997999996197905,-0.00036620000037146383,0.0003627623587546062,0.0007782149180474039,0.0014597999995658029
11.899881,0.0014597999995658029,0.0027437999996436702,0.0019489796349829755,0.0024627370625544915,0.0035997999996197905
11.919881,0.0035997999996197905,0.003637799999614799,0.0029074954172831975,0.003134089043912272,0.0035997999996197905
11.93988,0.00806979999970281,0.0027437999996436702,0.0029465094391609367,0.0034889841488351583,0.0014597999995658029
11.95988,0.0014597999995658029,0.0018497999996725412,0.002079865941969565,0.0024993571092241243,0.0014597999995658029
11.97988,-0.0008702000002358545,0.0009557999997014122,0.0006221303350848951,0.001100615850506217,-0.0008702000002358545
11.99988,-0.003010200000289842,-0.0009502000003067223,-0.0009217054204140757,-0.000904605594699808,-0.0008702000002358545
12.01988,-0.0008702000002358545,-0.0020382000002882707,-0.002027270187698614,-0.003189314219401298,-0.0014602000003378635
12.039879,-0.0014602000003378635,-0.0032042000003002615,-0.0023218115627511356,-0.004260572960672198,-0.003010200000289842
12.059879,-0.003980200000341938,-0.002194200000303681,-0.0017031157565426983,-0.0013186149187100972,-0.0014602000003378635
12.079879,-0.006700200000295808,-0.0002902000003359717,-0.0003718455715193102,0.0006746951045573384,-0.0014602000003378635
12.099879,0.0020397999996930594,0.002625799999668743,0.0012394534630140689,0.002344601864461032,0.0020397999996930594
12.119879,0.008649799999602692,0.0029357999996591387,0.0026278366797767875,0.0022297533796051764,0.0020397999996930594
12.139879,0.01311979999968571,0.0041017999996711295,0.0034129986515617247,0.0030053477852294585,0.0020397999996930594
12.159878,-0.0024302000003899593,0.0030917999996745494,0.0034713757000065424,0.003955674125565347,-0.0008702000002358545
12.179878,-0.0008702000002358545,0.0026637999997092265,0.0029461537281362375,0.004202923542814871,-0.0008702000002358545
12.199878,-0.003010200000289842,0.0007597999996960425,0.002144353644365166,0.0011796135195137891,-0.0008702000002358545
12.219878,0.006509799999776078,0.0012257999997018487,0.0013958620660362894,0.0003362801861694907,-0.00010020000036092824
12.239877,0.0035997999996197905,0.0003697999996802537,0.0009473719396715168,-3.3719813845595496e-05,-0.00010020000036092824
12.259877,-0.00010020000036092824,0.0027017999996587607,0.0009142436593356685,0.0016385179483911659,0.0035997999996197905
12.279877,-0.00515020000034383,0.001225799999656374,0.0012747882798125284,0.001740942190812276,-0.00010020000036092824
12.299877,0.008649799999602692,0.0013417999996818252,0.001891529931804955,0.002787235897121281,-0.00010020000036092824
12.319877,-0.0008702000002358545,0.00219779999970342,0.002557075597788166,0.0019008955707741592,0.004179799999747047
12.339876,0.004179799999747047,0.004413799999701951,0.0030595864216716425,0.0026949981348990924,0.004179799999747047
12.359876,0.004179799999747047,0.00219779999970342,0.003249907696169521,0.0035832265731353882,0.004179799999747047
12.379876,0.0059297999996488215,0.0032077999997000006,0.003087561013179379,0.0031512219111285537,0.004179799999747047
12.399876,-0.0024302000003899593,0.0027797999996892033,0.002650208032979503,0.0023474223773109937,0.004179799999747047
12.419876,0.004179799999747047,0.0019237999996676081,0.002105654134735707,0.002916070395944799,0.0020397999996930594
12.439875,0.0020397999996930594,0.0019237999996676081,0.001659545968575808,0.0014923407922046443,0.0020397999996930594
12.459875,-0.00010020000036092824,0.002235799999698429,0.0014964828526912288,0.0015515249414004909,0.0020397999996930594
12.479875,0.0059297999996488215,0.001379799999676834,0.0017264653057027762,0.0014451146850129703,-0.00010020000036092824
12.499875,-0.0008702000002358545,0.002273799999693438,0.0023431169790275185,0.0021491006990003014,-0.00010020000036092824
12.519875,-0.00010020000036092824,0.002701799999704235,0.0032030300331015917,0.0023269328668271035,0.0020397999996930594
12.539875,0.006509799999776078,0.002701799999704235,0.004041951436726991,0.004313739393632374,0.0020397999996930594
12.559874,0.0020397999996930594,0.004489799999691968,0.004540022720045896,0.004900732400640641,0.0059297999996488215
12.579875,0.0059297999996488215,0.005695799999693918,0.004427972787270486,0.004548308158199338,0.0059297999996488215
12.599874,0.00806979999970281,0.003481799999690338,0.003598685779316132,0.004367282517159565,0.0059297999996488215
12.619874,0.0059297999996488215,0.0025877999996737344,0.002172589480868984,0.0022794736593705874,0.0059297999996488215
12.639873,-0.004560200000241821,0.000489799999695606,0.00047568323417179124,-0.0007386382287513126,-0.0024302000003899593
12.659873,-0.0024302000003899593,-0.0020362000002933202,-0.0010714082818713056,-0.00032248438257488523,-0.004560200000241821
12.679873,-0.004560200000241821,-0.00324220000029527,-0.0021053303715641383,-0.0023298270399243273,-0.004560200000241821
12.699873,-0.004560200000241821,-0.000716200000306344,-0.0024404584602319315,-0.003332111422213749,-0.0024302000003899593
12.719873,-0.00010020000036092824,-0.002154200000313722,-0.0021063070382392273,-0.0018096172497320678,-0.004560200000241821
12.739872,0.00806979999970281,-0.0008342000003267458,-0.0013007139155488175,-0.0007615519816835347,-0.00010020000036092824
12.759872,-0.009620200000426848,0.0010697999996409635,-0.00030126627653080884,0.00017471841456776632,0.0020397999996930594
12.779872,0.0020397999996930594,0.0002937999996447616,0.0006152554424140072,0.001319100698921753,0.0020397999996930594
12.799872,0.004959799999596726,-0.0003282000003764551,0.0012224763265654326,0.0008000564099021224,0.0020397999996930594
12.819872,-0.003980200000341938,0.0014217999996617436,0.001368763200681511,6.600046586353945e-05,0.0020397999996930594
12.839871,0.004959799999596726,9.979999967981711e-05,0.0009887981763437798,0.0003128769227315042,-0.0008702000002358545
12.859871,-0.0008702000002358545,-0.0006002000003263675,0.00010799125017238231,0.0017338559437327903,-0.0008702000002358545
12.879871,-0.004570200000216573,0.00017579999966983452,-0.0011599039524125023,-0.00138807878820052,-0.00010020000036092824
12.899871,0.0014597999995658029,-0.0024682000002940185,-0.002623923104343126,-0.0032360508161470973,-0.0008702000002358545
12.919871,-0.00010020000036092824,-0.00484020000030796,-0.00404126567836669,-0.0037623212124323624,-0.004570200000216573
12.93987,-0.00826020000022254,-0.004528200000322613,-0.005163987188722614,-0.005389593939696241,-0.003010200000289842
12.95987,-0.012730200000305558,-0.005306200000313765,-0.005803404978657939,-0.005296633566758567,-0.003010200000289842
12.97987,-0.003010200000289842,-0.006200200000284895,-0.005886826600127459,-0.0055042326343428365,-0.004570200000216573
12.99987,-0.0024302000003899593,-0.005344200000308774,-0.005473267124905968,-0.006220922611007355,-0.003980200000341938
13.01987,-0.004570200000216573,-0.003712200000290977,-0.004718773932142509,-0.004987612587690446,-0.003980200000341938
13.039869,-0.003980200000341938,-0.003712200000290977,-0.0038156838296603724,-0.003724628904724976,-0.003980200000341938
13.059869,-0.004570200000216573,-0.0031282000002647694,-0.0029383355241576915,-0.001995351515444197,-0.003980200000341938
13.079869,-0.003010200000289842,-0.0027002000002994465,-0.002209228017032225,-0.00231577109585882,-0.003010200000289842
13.099869,0.0004897999997410807,-0.0010682000002816493,-0.0016817637051635885,-0.0010549785550498089,-0.0024302000003899593
13.119869,-0.0024302000003899593,-0.0010682000002816493,-0.0013356450977285313,-0.0019825543126252435,-0.0024302000003899593
13.139868,0.004179799999747047,-0.0006402000002708519,-0.0010908821790414386,-0.0011284983685695062,-0.0008702000002358545
13.159868,-0.004570200000216573,-0.0025462000002789862,-0.0008486560781785038,-0.0011702233103019946,-0.0024302000003899593
13.179868,-0.0008702000002358545,-0.00033020000028045616,-0.0005528138142260419,-0.001324232634314689,-0.0008702000002358545
13.199868,-0.009040200000299592,-0.001768200000287834,-0.00024229536085778664,-0.00019742610753713686,-0.003010200000289842
13.219868,0.008649799999602692,-0.0003302000003259309,-5.467681136970603e-05,-1.2227972343353908e-05,-0.0008702000002358545
13.239867,-0.003010200000289842,0.0005637999996451981,-0.0001629704375118552,-0.0003069365970711237,0.002619799999592942
13.259867,0.002619799999592942,0.0007197999996606085,-0.0006723038966288971,0.00037059254045404674,0.002619799999592942
13.279867,0.0035997999996197905,-0.0016122000003178983,-0.001535096091518632,-0.0015912955714400695,-0.003010200000289842
13.299867,-0.00826020000022254,-0.0020402000003286957,-0.002536970451715298,-0.00166985034998679,-0.003010200000289842
13.319867,-0.003010200000289842,-0.004060200000321856,-0.003366112153641033,-0.0036784051285240925,-0.00515020000034383
13.339866,-0.00515020000034383,-0.003944200000296405,-0.0037324697025932878,-0.004572088112186852,-0.00515020000034383
13.359866,-0.007480200000372861,-0.003206200000295212,-0.0034784759497854113,-0.004186563636635075,-0.004570200000216573
13.379866,0.004179799999747047,-0.003518200000280558,-0.002632893254394376,-0.0028578689979358697,-0.004570200000216573
13.399866,-0.004570200000216573,-0.00033020000028045616,-0.0013927340832829455,-0.00036171515180571777,-0.004570200000216573
13.419866,-0.004570200000216573,0.0011457999997219303,-5.0316717986947644e-05,0.00032833146824137196,-0.00010020000036092824
13.439866,0.01078979999965668,0.0006017999996856815,0.0011020644190141234,0.0017519212118139293,-0.00010020000036092824
13.459865,-0.00010020000036092824,0.0014957999996568106,0.0018550477518560848,0.0018494503493178428,-0.00010020000036092824
13.479865,0.0014597999995658029,0.0027017999996132858,0.0021225939567662924,0.0011082382280574088,0.0014597999995658029
13.499865,-0.00010020000036092824,5.7799999603957984e-05,0.0019275744647007768,0.0018897300695234272,-0.00010020000036092824
13.519865,0.0014597999995658029,0.0003697999995893042,0.0013503890759493237,0.0010679118876881907,0.0014597999995658029
13.539864,-0.0024302000003899593,5.7799999603957984e-05,0.00047888440677490933,-0.0006027641029716611,-0.00010020000036092824
13.559864,0.0014597999995658029,-0.0004082000004018482,-0.000609070092377149,-0.0003532069934112619,-0.00010020000036092824
13.579864,-0.00010020000036092824,-0.0013022000003729771,-0.0018260574280320582,-0.0010570997672695473,-0.0024302000003899593
13.599864,-0.0024302000003899593,-0.0018462000003637512,-0.0030417986221570386,-0.0017840228441800212,-0.0024302000003899593
13.619864,-0.003010200000289842,-0.0030522000003202266,-0.004070562921725738,-0.004060409790533142,-0.003010200000289842
13.639863,-0.00515020000034383,-0.004528200000322613,-0.0047026493794242764,-0.004786260606376182,-0.004570200000216573
13.659863,-0.004570200000216573,-0.005850200000304539,-0.004776624703311464,-0.00596425594436701,-0.00515020000034383
13.679863,-0.007480200000372861,-0.004724200000327983,-0.00426173407787341,-0.004477472727605764,-0.00515020000034383
13.699863,-0.009040200000299592,-0.0037142000003314024,-0.0033050350588547687,-0.0032495473196715364,-0.004570200000216573
13.719862,0.002619799999592942,-0.0016142000003583235,-0.002205079426400557,-0.002086889977031391,-0.00010020000036092824
13.739862,-0.00010020000036092824,-0.001032200000327066,-0.001308168956619837,-0.0008469365970741184,-0.00010020000036092824
13.759862,0.0059297999996488215,0.0002897999996548606,-0.0008712584356233431,-0.0005672629374016545,-0.00010020000036092824
13.779862,-0.004570200000216573,-0.0008362000003216963,-0.0009633581146782424,-0.00020344009356614901,-0.0024302000003899593
13.799862,-0.0024302000003899593,-0.0018462000003182765,-0.001457920164029647,-0.001344022844162525,-0.003010200000289842
13.819862,-0.003010200000289842,-0.0035182000003260326,-0.0021140573209557914,-0.0035174494175639988,-0.003010200000289842
13.839861,-0.00515020000034383,-0.0036342000003514842,-0.0026958840987786874,-0.0033153048954311037,-0.003010200000289842
13.859861,-0.0024302000003899593,-0.003322200000320663,-0.003067279475222123,-0.0035140228441609164,-0.003010200000289842
13.879861,-0.00515020000034383,-0.002428200000349534,-0.0032218374037682805,-0.0026681254082823094,-0.0024302000003899593
13.899861,-0.0008702000002358545,-0.002428200000349534,-0.0032444437605094857,-0.002848568298713243,-0.0024302000003899593
13.919861,0.0014597999995658029,-0.002972200000340308,-0.003233948920711023,-0.0027566568768054413,-0.00515020000034383
13.93986,-0.00515020000034383,-0.0025442000003295107,-0.0032332003139936326,-0.0029256778558062004,-0.003010200000289842
13.95986,-0.00515020000034383,-0.002972200000340308,-0.0032038881520850553,-0.003391039161161252,-0.003010200000289842
13.97986,-0.003010200000289842,-0.0038662000003114373,-0.0030527053895155368,-0.0028656545457849724,-0.003010200000289842
13.99986,-0.003010200000289842,-0.002856200000314857,-0.0026844737552696334,-0.0030039062940178645,-0.003010200000289842
14.01986,-0.003010200000289842,-0.001418200000307479,-0.002049318795642023,-0.0023781720282691583,-0.003010200000289842
14.03986,-0.00010020000036092824,-0.0009902000002966816,-0.001164451046477596,-0.0008795706296845893,-0.0008702000002358545
14.059859,0.0020397999996930594,-9.620000032555254e-05,-0.00011027226575891244,-3.430256442210408e-05,-0.00010020000036092824
14.079859,-0.0008702000002358545,0.0009137999996710278,0.0009877689842950972,0.0007430167828936143,0.0014597999995658029
14.099859,0.0014597999995658029,0.0015357999996922444,0.001980473083494445,0.0016888442887287765,0.0020397999996930594
14.119859,0.0020397999996930594,0.001963799999703042,0.0027173675775014863,0.0032389375288431953,0.0020397999996930594
14.139858,0.0030097999997451552,0.002973799999699622,0.003075420694645945,0.002860732400651647,0.0030097999997451552
14.159858,0.004179799999747047,0.003517799999735871,0.002994653247792539,0.0027585179484408574,0.004179799999747047
14.179858,0.004179799999747047,0.0020797999997284934,0.0025087197008271506,0.002752713752625875,0.004179799999747047
14.199858,0.004179799999747047,0.001885799999718074,0.0017504497991909884,0.001886350116282919,0.004179799999747047
14.219858,-0.00515020000034383,0.001029799999696479,0.0009193849553173837,0.0011078652677680711,0.0020397999996930594
14.239857,0.0020397999996930594,1.979999969989876e-05,0.00021935699163920096,-0.00013936083946105692,-0.00010020000036092824
14.259857,-0.00010020000036092824,-0.0008362000003216963,-0.00020642306259306478,-0.0004113188814357931,-0.00010020000036092824
14.279857,-0.0008702000002358545,1.979999969989876e-05,-0.0003144305591203394,-0.0006431603732754813,-0.00010020000036092824
14.299857,-0.00010020000036092824,0.000331799999685245,-0.00016212008741024213,0.00015786526775504945,-0.00010020000036092824
14.319857,-0.0008702000002358545,0.00017779999971025972,0.00012308990239348166,0.0007130400929544476,-0.0008702000002358545
14.339856,0.0035997999996197905,0.0007597999996960425,0.0003925344535462965,0.00025038275027904197,-0.00010020000036092824
14.359856,-0.0008702000002358545,0.00017779999971025972,0.0005246130841684664,0.0006635529134480486,-0.0008702000002358545
14.379856,0.0020397999996930594,0.0006437999996705912,0.00045573938416465244,0.000314834964725413,0.0014597999995658029
14.399856,-0.003010200000289842,-0.0002502000003005378,0.00018580343132084052,-0.00034183170193801847,-0.0008702000002358545
14.419856,0.0014597999995658029,-0.0006782000003113353,-0.00023648167028251902,4.1874591752466593e-05,-0.0008702000002358545
14.439855,-0.0008702000002358545,-0.0011062000003221328,-0.0007346856388438984,-0.001198241958353254,-0.0008702000002358545
14.459855,-0.003010200000289842,-9.620000032555254e-05,-0.0012209980038527433,-0.0005268899770140243,-0.00010020000036092824
14.479855,-0.00010020000036092824,-0.0017302000002928253,-0.0016053966673118347,-0.0017482652683685625,-0.0008702000002358545
14.499855,0.0020397999996930594,-0.0011482000003070424,-0.0018034020509261194,-0.001101621911731755,-0.00010020000036092824
14.519855,-0.006710200000270561,-0.0018882000003031863,-0.0017512724595488134,-0.0025420181821129272,-0.00010020000036092824
14.539855,0.0020397999996930594,-0.0011482000003070424,-0.0014317347745952112,-0.001588964569066192,0.0020397999996930594
14.559854,-0.006710200000270561,-0.002470200000288969,-0.0008996700002917554,-0.0006129505830396718,-0.004570200000216573
14.579854,0.0035997999996197905,0.00048579999970570497,-0.00028714384628634646,-0.0006567034967875918,0.0020397999996930594
14.599854,-0.004570200000216573,5.7799999694907456e-05,0.00022708830060706535,0.0005477953376869875,-0.00010020000036092824
14.619854,0.00806979999970281,0.0009137999996710278,0.00047807838948262654,0.0009312685311258809,-0.00010020000036092824
14.639853,-0.00010020000036092824,0.0004857999996602302,0.00037788076331577434,-0.00018609743625190795,-0.00010020000036092824
14.659853,-0.0024302000003899593,-9.620000037102727e-05,-5.2593034739408876e-05,-4.3813053964232736e-05,-0.00010020000036092824
14.679853,0.0014597999995658029,-0.00188420000035876,-0.0007000958053041304,-0.0012428573430102283,-0.0008702000002358545
14.699853,-0.007480200000372861,-0.0017662000003383581,-0.0014103625018883164,-0.0004271930073371516,-0.0008702000002358545
14.719853,-0.0008702000002358545,-0.001300200000332552,-0.0020404484543581143,-0.002166703496841625,-0.00010020000036092824
14.739852,0.0004897999997410807,-0.0017662000002928834,-0.002484746120983523,-0.002904489044598805,-0.0008702000002358545
14.759852,-0.00010020000036092824,-0.002194200000303681,-0.002674689820996844,-0.0022760041961085806,-0.0008702000002358545
14.779852,-0.0008702000002358545,-0.002934200000299825,-0.002576458382114655,-0.002718987879067246,-0.0008702000002358545
14.799852,-0.009620200000426848,-0.0018462000003182765,-0.0022075219612528044,-0.0020243491844359656,-0.0008702000002358545
14.819852,-0.004570200000216573,-0.0027402000002894056,-0.0016620174699149347,-0.002643137063262183,-0.004570200000216573
14.839851,0.0059297999996488215,-0.002274200000329074,-0.0011094801036386696,-0.0007802233103580741,-0.004570200000216573
14.859851,-0.004570200000216573,-5.8200000330543845e-05,-0.000743118582800138,-0.0006775659676927911,0.0014597999995658029
14.879851,0.0014597999995658029,0.0016917999996621802,-0.0006936365376438532,-0.0006896638697967196,0.0014597999995658029
14.899851,0.0014597999995658029,-0.0018462000003182765,-0.0009544976471716937,0.0001776088574980824,0.0014597999995658029
14.919851,0.004179799999747047,-0.0012622000003375434,-0.0013633646561268973,-0.0007790111891368223,0.0014597999995658029
14.93985,-0.011760200000253462,-0.001146200000312092,-0.0016583904663120715,-0.002982344522474491,0.0014597999995658029
14.95985,-0.001650200000312907,-0.0019242000003032445,-0.0015892342124896553,-0.0019330438231729753,-0.001650200000312907
14.97985,0.0020397999996930594,-0.0032462000003306455,-0.0010296327628479048,-0.0009458410259440217,-0.0024302000003899593
14.99985,-0.0024302000003899593,0.0011477999996714061,-3.6532667062952166e-05,0.0004958372957096046,-0.001650200000312907
15.01985,-0.0024302000003899593,0.0026637999996637516,0.0011674201150028408,0.00046322657308846466,0.0020397999996930594
15.039849,0.010209799999756797,0.0017697999996471481,0.0022728162502232804,0.0025450447548976515,-0.0024302000003899593
15.059849,0.0059297999996488215,0.0013417999996818252,0.002984655160741229,0.002738331468203581,-0.0024302000003899593
15.079849,-0.0024302000003899593,0.0035577999996803554,0.003102358633433856,0.0033294270393067057,0.0059297999996488215
15.099849,-0.004570200000216573,0.0023517999996784055,0.002555731441167952,0.003121827971712366,0.004179799999747047
15.119849,0.008649799999602692,0.0006797999996706495,0.0014077444001435284,0.0017150680649457052,-0.0024302000003899593
15.139848,0.004179799999747047,-0.0003302000003259309,-0.00015420957117564832,-0.0012673794875266416,-0.0024302000003899593
15.159848,-0.0024302000003899593,-0.0004462000003513822,-0.001840971068165711,-0.002362181352329455,-0.0024302000003899593
15.179848,-0.007480200000372861,-0.003672200000346493,-0.0033189817301602412,-0.003200806060943096,-0.00515020000034383
15.199848,-0.00515020000034383,-0.00511020000035387,-0.0043012325761076975,-0.0036889179490601914,-0.00515020000034383
15.219848,-0.007480200000372861,-0.00479820000032305,-0.004632283556417683,-0.0043033235434568875,-0.00515020000034383
15.239847,-0.003010200000289842,-0.0025822000003245193,-0.004319965999659703,-0.004108335198472172,-0.003010200000289842
15.259847,-0.0008702000002358545,-0.002038200000333745,-0.0034994601711868644,-0.003795444755562908,-0.0024302000003899593
15.279847,0.0035997999996197905,-0.0023502000003190913,-0.002360515837295664,-0.0020851184152484016,-0.0024302000003899593
15.299847,-0.0024302000003899593,-0.0017682000003333086,-0.0010897618198744538,-0.0009515286716581179,-0.0008702000002358545
15.319847,-0.009040200000299592,0.0001357999996344006,0.00014091526930932406,0.00027331981316773427,-0.00010020000036092824
15.339846,-0.00010020000036092824,-0.00017620000035094562,0.0011571719141169777,0.00048103543087885976,-0.00010020000036092824
15.359846,0.008649799999602692,0.0006017999996402068,0.001783520936785861,0.0011877953376245997,0.0014597999995658029
15.379846,0.0020397999996930594,0.0025077999996483413,0.0018889900856748716,0.0018993571092046021,0.0014597999995658029
15.399846,0.0014597999995658029,0.0028197999996336875,0.0014525916076333707,0.0017913384611814801,0.0014597999995658029
15.419846,0.0004897999997410807,0.0004877999996551807,0.0005991369822923276,0.0016890773889141175,0.0014597999995658029
15.439845,0.0014597999995658029,-0.0014162000003580034,-0.00042443539646226685,-0.0009159109560534775,0.0004897999997410807
15.459845,-0.003010200000289842,-0.001300200000332552,-0.001325305642127254,-0.0019104097905499771,0.0004897999997410807
15.479845,-0.007480200000372861,-0.0020002000003387366,-0.0018606515216631045,-0.001897962238091451,-0.003010200000289842
15.499845,0.0020397999996930594,-0.001572200000327939,-0.0019117770275524904,-0.002078754778876452,-0.003010200000289842
15.519845,-0.003010200000289842,-0.001572200000327939,-0.0015059813181461375,-0.0012930671332077332,-0.003010200000289842
15.539844,0.0035997999996197905,0.0002157999996597937,-0.0007838553937792482,-7.136550151336826e-05,0.0014597999995658029
15.559844,-0.003010200000289842,0.0005277999996451399,6.239721647288793e-05,0.00011348298331786662,0.0014597999995658029
15.579844,0.0014597999995658029,0.0011097999996309226,0.0008470928586422909,0.0002035062933629939,0.0014597999995658029
15.599844,0.0035997999996197905,-0.00052420000033635,0.0014272394206174337,0.0012303594402227505,-0.00010020000036092824
15.619844,-0.00010020000036092824,0.001379799999676834,0.0017166288301158985,0.0025967230766007904,0.0014597999995658029
15.639843,-0.004570200000216573,0.003011799999694631,0.0016887416938251572,0.0012303827502767423,0.0035997999996197905
15.659843,0.006509799999776078,0.0012617999997019068,0.0013807633419296052,0.0012356974355917896,-0.00010020000036092824
15.679843,0.009619799999654788,-0.0002142000003004796,0.0008994182609809364,0.0005681682980710521,-0.004570200000216573
15.699843,-0.00515020000034383,0.0014197999996667932,0.0004105419721909529,0.00038040606028465993,0.0035997999996197905
15.719842,-0.007480200000372861,0.0006417999996301659,9.457381911835694e-05,0.0009467696965985094,0.002619799999592942
15.739842,0.0035997999996197905,-0.000990200000387631,8.136122052165655e-05,0.0002934829832736376,0.0014597999995658029
15.759842,0.002619799999592942,0.0003317999995942955,0.0004046112746655321,-0.0007570997672966227,0.0014597999995658029
15.779842,0.0014597999995658029,0.0016537999996216967,0.0010018313663793677,0.0008541822840143035,0.0014597999995658029
15.799842,0.0014597999995658029,0.0022357999996529543,0.001748300866749808,0.0024111752910153093,0.0014597999995658029
15.819842,-0.0008702000002358545,0.00289779999966413,0.0024977764095111413,0.003468867598729117,0.0014597999995658029
15.839841,0.006509799999776078,0.0021197999996729775,0.0031148390515390338,0.0029217114215885423,0.0014597999995658029
15.859841,0.0059297999996488215,0.003441799999700379,0.0034971580478945622,0.0024092405591310422,0.0059297999996488215
15.879841,-0.0024302000003899593,0.0035957999996753644,0.0035869329917817905,0.0034619212118098077,0.0059297999996488215
15.899841,0.00806979999970281,0.002273799999647963,0.003370396289794524,0.003552434032290209,-0.00010020000036092824
15.919841,-0.00010020000036092824,0.002817799999638737,0.002870371589935102,0.003473832633654586,-0.00010020000036092824
15.93984,-0.00010020000036092824,0.002817799999638737,0.002140966737131,0.0017124806523197743,-0.00010020000036092824
15.95984,0.008649799999602692,0.0010297999996510044,0.0012675541526337643,0.0009595902094560846,-0.00010020000036092824
15.97984,-0.0024302000003899593,0.00013579999967987532,0.0003641434077017358,0.0004960004658840227,-0.0008702000002358545
15.99984,-0.0008702000002358545,0.00013579999967987532,-0.00044372203530507545,-0.0004131603732869457,-0.0008702000002358545
16.01984,-0.004570200000216573,-0.0016142000003128488,-0.0010511225837007924,-0.000732484382600283,-0.0008702000002358545
16.03984,-0.00010020000036092824,-0.0008362000003216963,-0.0014036178512075467,-0.0010634167835462346,-0.00010020000036092824
16.059839,-0.00010020000036092824,-0.0016922000003432914,-0.00150428753506914,-0.0024199435900831294,-0.00010020000036092824
16.079839,0.0014597999995658029,-0.0004862000003868161,-0.0013957090966335716,-0.0011138829840461428,-0.00010020000036092824
16.099839,-0.00515020000034383,-0.001262200000383018,-0.0011345626715503017,-0.0009415986017849199,-0.00010020000036092824
16.119838,0.0014597999995658029,-0.0005222000003868744,-0.0007770565046390842,-7.572447591963822e-05,0.0014597999995658029
16.139838,-0.003980200000341938,-0.0008342000003722205,-0.0003774281704364492,-0.0005959109561034866,-0.00010020000036092824
16.159838,0.0035997999996197905,0.000487799999609706,1.0515767885433874e-05,5.579067560267537e-05,0.0014597999995658029
16.179838,-0.00010020000036092824,-0.00029020000038144645,0.000336088913576277,-0.0006934400936211809,-0.00010020000036092824
16.199838,0.0014597999995658029,0.000913799999625553,0.0005560161059031609,0.0009622941721187704,0.0014597999995658029
16.219837,-0.0024302000003899593,-0.0006022000003667926,0.000634945342187085,5.686293669766949e-05,-0.00010020000036092824
16.239837,0.0020397999996930594,0.001031799999645955,0.0005443405732087308,0.001287142656992456,0.0014597999995658029
16.259837,-0.003980200000341938,-0.0002902000003359717,0.00026886747646690515,0.0004840424239100612,-0.0024302000003899593
16.279837,0.00806979999970281,0.0010317999996914296,-0.00017592937325942179,-0.0003698969700214698,0.0020397999996930594
16.299837,-0.00515020000034383,-0.0008722000003217545,-0.0007263551983187734,-0.0006289179490282055,-0.003980200000341938
16.319837,0.004179799999747047,-0.0011062000003221328,-0.0012751564638552857,-0.0009195473196663493,-0.00515020000034383
16.339836,-0.007480200000372861,-0.0023122000003240827,-0.001709116001248568,-0.0022629972031126973,-0.00515020000034383
16.359836,-0.00515020000034383,-0.0020782000003237043,-0.001964313266057686,-0.0027067268068466706,-0.003980200000341938
16.379836,0.0020397999996930594,-0.003516200000331082,-0.002063273780229579,-0.0024245356646758003,-0.003980200000341938
16.399836,-0.003980200000341938,-0.0017282000003433495,-0.0021043115992784227,-0.001113976224126427,-0.003010200000289842
16.419836,-0.003010200000289842,2.1799999649374514e-05,-0.0022031809727311603,-0.0017517151518733369,0.0014597999995658029
16.439835,0.0014597999995658029,-0.002194200000349156,-0.0024177040229212206,-0.0022736265737624017,-0.003010200000289842
16.459835,0.0035997999996197905,-0.0027402000003348805,-0.002698947794283338,-0.002789547319677505,-0.003010200000289842
16.479835,-0.009040200000299592,-0.003480200000331024,-0.0029030616619143716,-0.003277892308019693,-0.006710200000270561
16.499835,-0.006710200000270561,-0.0025862000003144202,-0.0028652584541231487,-0.0021029738930969594,-0.006710200000270561
16.519835,-0.006710200000270561,-0.003326200000310564,-0.002494035846258913,-0.0026034167835324753,-0.006710200000270561
16.539834,0.0059297999996488215,-0.0015382000003228314,-0.0018254437452181185,-0.003021225641349136,-0.00010020000036092824
16.559834,-0.00010020000036092824,-0.001226200000337485,-0.0010078932967798194,-0.001851994872123539,-0.00010020000036092824
16.579834,-0.00010020000036092824,0.0004077999996297876,-0.00023990486841716978,0.0010422242420749402,-0.00010020000036092824
16.599834,-0.00515020000034383,5.779999964943272e-05,0.0002953615366454112,0.0006036694635037864,-0.00010020000036092824
16.619833,0.0014597999995658029,0.00036979999963477895,0.00047587777500444277,0.0008400564098695034,0.0014597999995658029
16.639833,0.004179799999747047,-0.0008342000003722205,0.0002699939889506216,-0.00017838181855312006,0.0014597999995658029
16.659833,0.0014597999995658029,0.0009157999996205035,-0.00024819279162761144,-0.0003536032637630709,0.0014597999995658029
16.679833,-0.006120200000395926,-0.0002902000003359717,-0.0009092470310499179,-0.0005694307695878642,0.0014597999995658029
16.699833,0.0035997999996197905,-0.002156200000354147,-0.0014948603642636503,-0.0014239762241175656,-0.004570200000216573
16.719832,-0.004570200000216573,-0.0024682000003394934,-0.001810024407131869,-0.0030963538464800536,-0.004570200000216573
16.739832,-0.00515020000034383,-0.0018462000003182765,-0.0017521763423650968,-0.0020326708628145454,-0.003010200000289842
16.759832,-0.00010020000036092824,-0.0018462000003182765,-0.001345494887820474,-0.0002046755247968712,-0.003010200000289842
16.779832,-0.003010200000289842,0.0007977999996455765,-0.0007205917885534499,-7.243776257550205e-05,-0.00010020000036092824
16.799832,0.0035997999996197905,0.001225799999656374,-4.5476134701690756e-05,-0.0008011790213297782,-0.00010020000036092824
16.819832,0.008649799999602692,-0.0002502000003460125,0.0005556629714433029,0.0010615249413783205,-0.003010200000289842
16.839831,-0.003010200000289842,0.0011877999996613652,0.0010456065998226737,0.0014715249413989483,0.0035997999996197905
16.859831,-0.007480200000372861,0.0017697999996926228,0.0014521361103938257,0.0012912452211291828,0.004179799999747047
16.879831,0.004179799999747047,1.979999969989876e-05,0.0018038909511632866,0.0013420610719566582,-0.00010020000036092824
16.899831,0.006509799999776078,0.001029799999696479,0.002079224259741857,0.001203529603425672,0.0020397999996930594
16.919831,-0.00010020000036092824,0.002933799999709663,0.002205066631823825,0.0014565599064669261,0.0020397999996930594
16.939831,0.0020397999996930594,0.002817799999684212,0.002098053501529838,0.002934834964722413,0.0020397999996930594
16.95983,0.0020397999996930594,0.0013397999996868748,0.0017158683973321097,0.0031075855474751598,0.0020397999996930594
16.97983,0.0035997999996197905,0.0013397999996868748,0.0010921092455447078,0.001128657808545747,0.0020397999996930594
16.99983,-0.000880200000210607,0.0007557999997061416,0.0003407058910799688,-0.0006797337998244103,-0.00010020000036092824
17.01983,-0.00010020000036092824,-0.000566200000275785,-0.0003741672952827243,-0.0002425776226403766,-0.000880200000210607
17.039829,-0.000880200000210607,-0.001890200000252662,-0.0008941761181510401,-0.0008525310026104091,-0.000880200000210607
17.059829,-0.004570200000216573,-0.0005282000002807763,-0.0011262388295589802,-0.0009744191144976584,-0.000880200000210607
17.079829,-0.0030202000002645946,-0.0009942000002865826,-0.0010766950137186281,-0.0017280088580869735,-0.0024302000003899593
17.099829,0.0059297999996488215,-0.0009942000002865826,-0.0008417060944591742,-0.0011254214455093618,-0.0024302000003899593
17.119829,-0.0024302000003899593,-0.0006842000002961867,-0.0005592705638559089,-6.20881121640006e-05,-0.0024302000003899593
17.139828,-0.000880200000210607,0.0007557999997061416,-0.00034992853256061876,0.00021945034934629662,-0.000880200000210607
17.159828,-0.0030202000002645946,-2.22000002850109e-05,-0.000274188581396573,0.0007705459204539493,-0.000880200000210607
17.179828,0.004179799999747047,-0.000566200000275785,-0.00031830794951862897,-0.0009107594408481873,-0.000880200000210607
17.199828,0.0020397999996930594,-0.000566200000275785,-0.00040786661212762853,-0.0015958643359358184,-0.000880200000210607
17.219828,-0.00515020000034383,-0.0009922000002916321,-0.0004466171170515003,-0.00015786899794368721,-0.000880200000210607
17.239827,-0.000880200000210607,-0.0005262000002858258,-0.0003706116075613421,-0.0003618083918865327,-0.000880200000210607
17.259827,-0.00515020000034383,-0.0005262000002858258,-0.00019091408002676468,-0.00018682004690167317,-0.000880200000210607
17.279827,0.006509799999776078,-0.00010020000026997878,5.445071463823008e-06,-0.0003209692310699191,-0.000880200000210607
17.299827,0.0020397999996930594,0.0003677999996853032,0.00010150230428440832,0.0005019445218432822,0.0014597999995658029
17.319827,-0.0030202000002645946,0.0013777999996818836,1.3776438012021313e-05,0.000565674125565157,0.0014597999995658029
17.339826,0.0014597999995658029,-0.000528200000326251,-0.00026738843449177423,-0.0006647454548733768,-0.00010020000036092824
17.359826,-0.00010020000036092824,-0.001966200000333629,-0.0006803704816115075,-0.00023413939427857335,-0.0030202000002645946
17.379826,-0.0030202000002645946,-0.0013822000003528955,-0.0011285203751339077,-0.0021919249420794236,-0.00010020000036092824
17.399826,-0.00515020000034383,-0.0009542000003420981,-0.0015244900004999168,-0.0014633002334535935,-0.00010020000036092824
17.419826,-0.00010020000036092824,-0.0022762000003240246,-0.0018164462618696048,-0.0009886848488142963,-0.0030202000002645946
17.439825,0.0035997999996197905,-0.0012642000003324938,-0.001984106705246072,-0.0026647454548626593,-0.00010020000036092824
17.459825,-0.006710200000270561,-0.0011482000003070424,-0.0020160007508225252,-0.002039477389599117,-0.00010020000036092824
17.479825,0.0020397999996930594,-0.002352200000314042,-0.0018935053770153794,-0.0015777990679066206,-0.004570200000216573
17.499825,-0.004570200000216573,-0.0017702000002827844,-0.0015972346018468815,-0.0011005030305849587,-0.004570200000216573
17.519825,-0.006120200000395926,-0.0006042000002707936,-0.0011278349962210252,-0.0005171463872187139,-0.000880200000210607
17.539824,0.006509799999776078,-0.0006042000002707936,-0.0005201492177771003,-0.0013887314688006726,-0.000880200000210607
17.559824,-0.000880200000210607,0.0004837999997107545,0.0001613258442162849,9.380932373468905e-05,0.0008697999996911676
17.579824,0.0020397999996930594,0.0003657999997358274,0.0008375413453355936,-0.0005418550119248465,0.0008697999996911676
17.599824,0.0008697999996911676,0.0006757999997262232,0.0014244376318431156,0.0022926671325938213,0.0008697999996911676
17.619824,-0.006710200000270561,0.0012597999997069564,0.0018355119388826998,0.0025590540789791967,0.0020397999996930594
17.639823,0.008059799999728057,0.0030097999996996803,0.0019947122724798005,0.0020310820509605565,0.0020397999996930594
17.659823,0.0020397999996930594,0.0016117999996822618,0.0018717531383629503,0.0021584946383715834,0.0020397999996930594
17.679823,0.01078979999965668,0.002933799999664188,0.0015211984119604732,0.0009101030299836063,0.0020397999996930594
17.699823,-0.006120200000395926,0.00040779999967526236,0.0010836001083930626,0.0011518046616786804,-0.00010020000036092824
17.719822,-0.00010020000036092824,-2.020000033553515e-05,0.000725555689074202,0.0006551613050246258,-0.00010020000036092824
17.739822,-0.004570200000216573,-0.0009922000003371068,0.000547038394465534,-4.726293741441696e-05,-0.00010020000036092824
17.759822,-0.00010020000036092824,0.00021179999966989272,0.0005205072770850038,-1.8195338334344683e-05,-0.00010020000036092824
17.779822,0.0059297999996488215,0.0014177999996718427,0.0005102022025412043,0.0006981916080660703,-0.00010020000036092824
17.799822,-0.00010020000036092824,0.0014177999996718427,0.0003634648844629018,0.0020446717945610403,-0.00010020000036092824
17.819822,0.0059297999996488215,0.0018457999996826402,1.4666449706735595e-05,-3.306713317866169e-05,0.0020397999996930594
17.839821,-0.004570200000216573,-0.0011482000003070424,-0.00046609618682431496,-0.0005740927742089485,-0.00010020000036092824
17.859821,0.0020397999996930594,-0.002158200000303623,-0.0009104413675280481,-0.000926656876773327,-0.004570200000216573
17.879821,-0.009040200000299592,-0.002158200000303623,-0.0011510386803737385,-0.00200651701661914,-0.004570200000216573
17.899821,-0.00515020000034383,-0.00052420000033635,-0.001119417801606052,-0.001846540326648315,0.0020397999996930594
17.919821,0.0059297999996488215,-0.0018462000003182765,-0.0008797481181945845,-0.0008584051285391351,-0.004570200000216573
17.93982,0.0035997999996197905,0.0002537999996548024,-0.0005798114321881373,0.0001554177152691561,0.0014597999995658029
17.95982,-0.004570200000216573,0.0020037999996475263,-0.00035764742075227753,6.977668962121898e-05,0.0035997999996197905
17.97982,0.0014597999995658029,-0.00052420000033635,-0.00026742855062411916,0.0006714083912630234,0.0014597999995658029
17.99982,0.0035997999996197905,-0.0012642000003324938,-0.00026534631513343293,-0.00014570116582618604,-0.00010020000036092824
18.019819,-0.006710200000270561,-0.0005262000003313005,-0.0002543266179305734,-0.0014685216786406558,-0.00010020000036092824
18.039819,-0.00010020000036092824,-0.00041020000030584925,-0.00015619688062657524,-0.0008072629373728932,-0.00010020000036092824
18.059819,-0.000880200000210607,-0.001150200000301993,3.09668552622332e-05,5.199114186573518e-05,-0.00010020000036092824
18.079819,0.0020397999996930594,0.0005997999996907311,0.00022316165276975057,1.1688111596619031e-05,-0.00010020000036092824
18.099819,-0.00010020000036092824,0.0005997999996907311,0.00029336402922890955,0.0005489375288257652,-0.00010020000036092824
18.119818,0.0020397999996930594,0.0008717999996861181,0.00014197496141250276,0.0007435995334823139,0.00047979999976632826
18.139818,-0.00010020000036092824,-2.2200000330485636e-05,-0.00024300336081973384,0.0001736228435136519,-0.00010020000036092824
18.159818,0.00047979999976632826,-0.0009162000003016147,-0.0007659884542043507,-0.00013884801896278112,-0.00010020000036092824
18.179818,-0.0024302000003899593,-0.0009162000003016147,-0.001253874881935121,-0.0022490111891180034,-0.00010020000036092824
18.199818,-0.004570200000216573,-0.001694200000292767,-0.0015230023193053518,-0.0020053515154390905,-0.0024302000003899593
18.219818,0.0020397999996930594,-0.0028202000003147987,-0.0014531607856143071,-0.0014150717951677775,-0.00399020000031669
18.239817,-0.00399020000031669,-0.0004882000002908171,-0.0010361751936815969,-0.0009905962707092324,-0.00399020000031669
18.259817,-0.00515020000034383,0.0007177999996656581,-0.0003784171000647653,-0.0004172629373998223,0.0014597999995658029
18.279817,0.009229799999729948,-0.00017620000035094562,0.00034382431007889405,0.0008026904425448751,-0.0024302000003899593
18.299817,0.0014597999995658029,0.0010297999996510044,0.000955265872695491,0.0009910121208527244,0.0014597999995658029
18.319817,-0.0024302000003899593,0.0024677999996583822,0.0013427463671310082,0.00159147832133462,0.0020397999996930594
18.339816,0.0020397999996930594,0.0004457999996702711,0.001477254697056584,0.0016441356640249083,0.0014597999995658029
18.359816,0.0020397999996930594,0.0009897999997065198,0.001395508388641355,0.0013223641022744382,0.0020397999996930594
18.379816,-0.000880200000210607,0.0005617999997411971,0.0011629207321636353,0.00020611701603920622,0.0020397999996930594
18.399816,0.004179799999747047,0.0008737999997265433,0.0008408338348296668,0.0007553244752470842,0.0020397999996930594
18.419816,-0.004570200000216573,0.0004457999997157458,0.00046960046181641527,0.00043450862442394106,-0.00010020000036092824
18.439815,0.0035997999996197905,0.00013579999967987532,6.992608291311211e-05,-0.00014399953409492997,-0.00010020000036092824
18.459815,-0.00010020000036092824,-0.0008762000003116555,-0.000340896210436407,3.119860108275968e-05,-0.000880200000210607
18.479815,-0.0024302000003899593,0.0004457999996702711,-0.0007268265129137708,-9.686666700262043e-05,-0.00010020000036092824
18.499815,-0.000880200000210607,-0.0002942000003258727,-0.0010172392827388426,-0.0004927874129053395,-0.00010020000036092824
18.519814,0.0020397999996930594,-0.000878200000306606,-0.0011080741835211812,-0.001014092774207894,-0.000880200000210607
18.539814,-0.00010020000036092824,-0.000566200000275785,-0.0008866093921194292,-0.001429757109845696,-0.0008702000002358545
18.559814,-0.0030202000002645946,-0.0008762000003116555,-0.00027960001720393583,-0.0008348853149737622,-0.0008702000002358545
18.579814,-0.0008702000002358545,0.0003297999996902945,0.0006902532212798881,0.0006773524472509025,-0.0008702000002358545
18.599814,-0.0024302000003899593,0.0010697999996864382,0.0018714721402732165,0.002320429370290206,-0.0008702000002358545
18.619813,0.00806979999970281,0.0034037999996598955,0.003005984899897826,0.0028549515148196354,0.0035997999996197905
18.639813,0.0035997999996197905,0.004297799999631024,0.003809405772004493,0.003663879253738673,0.0035997999996197905
18.659813,0.008649799999602692,0.004181799999651048,0.004073786021903807,0.00388217762200742,0.0035997999996197905
18.679813,0.0035997999996197905,0.0028597999996236466,0.0037396174556847436,0.0036173058271264805,0.0035997999996197905
18.699813,-0.003010200000289842,0.002431799999612849,0.002903510195411059,0.0035666764564913746,0.0014597999995658029
18.719812,0.0014597999995658029,0.001421799999616269,0.001769948296591757,0.0021121310019326105,0.0014597999995658029
18.739812,0.0014597999995658029,0.0009937999996054714,0.0005852632252735324,0.00048511468492661415,0.0014597999995658029
18.759812,0.0035997999996197905,0.0005657999995946738,-0.00041449843816113125,-0.0009623212125166919,0.0014597999995658029
18.779812,0.0014597999995658029,-0.001222200000393059,-0.0010410115590431042,-0.0018936965039085675,0.0014597999995658029
18.799812,-0.00515020000034383,-0.001222200000393059,-0.0011933722390246456,-0.0007236032638152582,0.0014597999995658029
18.819812,-0.007480200000372861,-0.0019622000003892024,-0.0008998381089782742,-0.0007411090912779479,-0.00010020000036092824
18.839811,0.0014597999995658029,-0.00021220000035100385,-0.0003300516185312619,-0.00010364988380157179,-0.00010020000036092824
18.859811,-0.00010020000036092824,0.0006437999996705912,0.00025680238962160195,0.0004315016313588189,-0.00010020000036092824
18.879811,0.010209799999756797,0.0021197999996729775,0.0006215216898451799,0.0005732498831371579,-0.00010020000036092824
18.899811,-0.0008702000002358545,0.0012257999997018487,0.0006543095610330143,0.0013061403260465722,-0.00010020000036092824
18.919811,-0.00010020000036092824,0.00033179999973071973,0.0004146073446028973,0.0010546717945859368,-0.0008702000002358545
18.939811,-0.003010200000289842,-0.0013022000002820278,7.518938723804686e-05,-0.00038381305389181917,-0.0008702000002358545
18.95981,-0.004570200000216573,-0.0011482000003070424,-0.00019154498766552075,-0.002049966900044124,-0.00010020000036092824
18.97981,0.0020397999996930594,-0.0013022000002820278,-0.0003123558106660032,-0.0013005263406178976,-0.0008702000002358545
18.99981,-0.00010020000036092824,-0.0008742000002712302,-0.000340486652776858,0.0008198699297827499,-0.0008702000002358545
19.01981,-0.0008702000002358545,0.00219779999970342,-0.0004033196959734774,0.000430079720003569,-0.00010020000036092824
19.039809,-0.0008702000002358545,0.0004477999997106963,-0.0006071046334748319,7.891421883160976e-05,-0.0008702000002358545
19.059809,0.01078979999965668,-0.0013402000002770364,-0.0009556987646014946,-0.00034253100262813304,-0.0008702000002358545
19.079809,-0.006710200000270561,-0.0014962000002924469,-0.0013333219581603039,-0.0023371230772236745,-0.001650200000312907
19.099809,-0.009040200000299592,-0.0013422000003174618,-0.0015675195111569526,-0.0022842792543680468,-0.001650200000312907
19.119808,-0.001650200000312907,-0.004102200000306766,-0.0015358665132715037,-0.0017384284385449083,-0.003010200000289842
19.139808,-0.00010020000036092824,-0.0014582000002974383,-0.0012441032073229267,-0.0008509925411002121,-0.001650200000312907
19.159808,-0.003010200000289842,0.0008737999996810686,-0.000821304558165665,-0.0012291743592716894,-0.00010020000036092824
19.179808,0.006509799999776078,0.001029799999696479,-0.000437666400456937,-4.227459239679463e-05,-0.00010020000036092824
19.199808,0.002619799999592942,-0.00044620000030590743,-0.00020293242923537778,0.0006345552444308403,-0.0008702000002358545
19.219808,-0.0008702000002358545,-0.0003302000003259309,-0.00011256202381036729,-0.0001215053616082589,-0.0008702000002358545
19.239807,-0.007480200000372861,-0.0003302000003259309,-7.183153413252468e-05,-0.0007216452217598681,-0.0008702000002358545
19.259807,-0.0024302000003899593,-0.0010282000002916902,2.939467855945943e-05,0.0002226671325464778,-0.0008702000002358545
19.279807,0.006509799999776078,-0.0005622000003313588,0.00025216649110038417,-0.0004112489513649793,-0.0008702000002358545
19.299807,-0.0008702000002358545,0.002235799999698429,0.0005962915688177445,0.00046278368269386306,0.0014597999995658029
19.319807,0.0014597999995658029,0.0021197999997184525,0.0010325983707299958,0.001880452680344192,0.0014597999995658029
19.339807,0.006509799999776078,0.0012257999997018487,0.0015392776988610126,0.0019535062934152954,0.0014597999995658029
19.359806,-0.003010200000289842,0.0021197999996729775,0.002108683407685059,0.002643786013685357,0.0020397999996930594
19.379806,0.0020397999996930594,0.0019257999997080333,0.0027208297799818475,0.0017955109553959101,0.0020397999996930594
19.399806,0.0035997999996197905,0.0027817999996841538,0.0033078697314690686,0.0024031799530640076,0.0020397999996930594
19.419806,0.0004897999997410807,0.0027817999996841538,0.0037427518499849053,0.0034984946383873573,0.0020397999996930594
19.439806,0.01078979999965668,0.003559799999675306,0.0038700301892379643,0.0038459072257883173,0.0035997999996197905
19.459805,-0.003010200000289842,0.00445379999969191,0.0035695756318886852,0.00453481165469981,0.0059297999996488215
19.479805,0.0059297999996488215,0.003753799999685725,0.0028242126923238857,0.0035100097898813857,0.0059297999996488215
19.499805,0.00806979999970281,0.0011097999996763975,0.0017583331245516255,0.0011633198131949696,-0.0024302000003899593
19.519805,-0.003010200000289842,0.001225799999656374,0.0006226338556635985,0.0006281216779944362,-0.0024302000003899593
19.539804,-0.0024302000003899593,-0.000874200000316705,-0.00028038037004655454,-0.0006638829839945335,-0.0024302000003899593
19.559804,-0.0024302000003899593,-0.000874200000316705,-0.0007044648462686042,0.00023695617682223608,-0.0024302000003899593
19.579804,-0.004570200000216573,-0.0002922000003309222,-0.0005504991795263295,-0.0014822979024207892,-0.0024302000003899593
19.599804,0.00806979999970281,0.0004857999996602302,0.00010410173395509752,-4.117902131565044e-05,-0.00010020000036092824
19.619803,-0.00010020000036092824,0.0007977999996910512,0.0010437227097557084,0.0012488909087588426,-0.00010020000036092824
19.639803,0.0014597999995658029,0.003441799999654904,0.001989523042531294,0.0023102895101664066,0.0014597999995658029
19.659803,-0.0008702000002358545,0.001225799999656374,0.002673149947611579,0.003093110022972052,-0.00010020000036092824
19.679803,0.008649799999602692,0.002431799999658324,0.0028913970271047676,0.0027007324005828394,0.0014597999995658029
19.699803,-0.003010200000289842,0.0021197999996729775,0.0025425401755769456,0.001437702097567687,-0.00010020000036092824
19.719803,0.0059297999996488215,0.0016917999996621802,0.0016464106921828322,0.002175371095237232,-0.00010020000036092824
19.739802,-0.00010020000036092824,-5.8200000330543845e-05,0.0003441527190875497,0.0007416181814757538,-0.00010020000036092824
19.759802,-0.003010200000289842,5.779999964943272e-05,-0.001127358508200858,-0.0011697804199243534,-0.00010020000036092824
19.779802,-0.00010020000036092824,-0.00293620000034025,-0.002486003390133334,-0.0031994307695532567,-0.0024302000003899593
19.799802,-0.0024302000003899593,-0.003830200000311379,-0.0034714540295165794,-0.002954838694962317,-0.003010200000289842
19.819802,-0.009040200000299592,-0.003248200000325596,-0.00391290350188157,-0.003814116084237447,-0.0024302000003899593
19.839801,-0.004570200000216573,-0.003248200000325596,-0.003775975467414589,-0.0035837198138531116,-0.0024302000003899593
19.859801,-0.00010020000036092824,-0.003248200000325596,-0.0031686304463239196,-0.003478941259071972,-0.0024302000003899593
19.879801,-0.00010020000036092824,-0.0022362000003340655,-0.002301800272684787,-0.0023519948721315923,-0.0024302000003899593
19.899801,-0.0024302000003899593,-0.0012242000003425345,-0.0014242413277072428,-0.0014131836833109327,-0.00010020000036092824
19.919801,-0.003980200000341938,-0.0004842000003463909,-0.000760309201269274,-7.765920780443425e-05,-0.00010020000036092824
19.939801,0.0004897999997410807,-0.0013782000003175199,-0.0004659679219164348,-0.000450316550459024,-0.0024302000003899593
19.9598,0.0035997999996197905,-0.0009122000003117137,-0.0006023111699789543,-0.0015075892776880598,-0.00010020000036092824
19.9798,-0.004570200000216573,-0.0010302000002866407,-0.001125385037871165,-0.0014573095574006612,-0.00010020000036092824
19.9998,-0.00010020000036092824,-0.0020422000002781717,-0.0018974258374690183,-0.0015185682986483713,-0.004570200000216573
20.019799,-0.004570200000216573,-0.002782200000274315,-0.0027208380811672584,-0.002391901631975228,-0.004570200000216573
20.039799,-0.004570200000216573,-0.002782200000274315,-0.003384672429731534,-0.0032825076925698934,-0.004570200000216573
20.059799,-0.00010020000036092824,-0.0036762000002454444,-0.003708746655643725,-0.003963789743822602,-0.004570200000216573
20.079799,-0.004570200000216573,-0.0029362000002493005,-0.003577248645968193,-0.003405165035214361,-0.004570200000216573
20.099799,-0.004570200000216573,-0.0026242000002639544,-0.0029618090055625805,-0.0029671230771738137,-0.003010200000289842
20.119798,-0.0008702000002358545,-0.0023122000002786082,-0.0019336721799221536,-0.001838638228741257,-0.003010200000289842
20.139799,-0.003010200000289842,-0.0006782000003113353,-0.0006582750542868069,-0.0006375426576549887,-0.0008702000002358545
20.159798,0.0014597999995658029,0.0005277999996451399,0.0006354637182777532,8.72260743414491e-07,0.0014597999995658029
20.179798,0.0035997999996197905,0.0015377999996417202,0.0017093618995864394,0.002521641491464964,0.0014597999995658029
20.199798,0.0014597999995658029,0.002431799999612849,0.002378232008753964,0.002547958507769597,0.0014597999995658029
20.219797,0.004179799999747047,0.003129799999624083,0.002557124822613519,0.0023364899763107932,0.0035997999996197905
20.239797,0.0014597999995658029,0.001067799999646013,0.002274754970104613,0.00198304009288672,0.0014597999995658029
20.259797,0.004949799999621973,0.0011837999996714642,0.0016480105147282649,0.001685371095225132,0.0020397999996930594
20.279797,-0.006710200000270561,0.00032779999964986927,0.0008290734111467992,0.00036977668963548483,0.0014597999995658029
20.299797,0.0020397999996930594,0.00032779999964986927,-4.9916153902925534e-05,-0.0002508993010332662,0.0014597999995658029
20.319796,-0.00010020000036092824,-0.0020042000003286375,-0.0009078078743025746,-0.000560503030646095,-0.00010020000036092824
20.339796,0.0014597999995658029,-0.000682200000346711,-0.0017101323941151405,-0.00212922097936894,-0.00010020000036092824
20.359796,-0.006710200000270561,-0.0015762000003633147,-0.002442625781091176,-0.0018651417252992107,-0.00010020000036092824
20.379796,-0.00010020000036092824,-0.003480200000376499,-0.003086303591128099,-0.0021998270400018505,-0.0024302000003899593
20.399796,-0.0024302000003899593,-0.0031702000003406283,-0.0036089623536277207,-0.00416236783253799,-0.0024302000003899593
20.419796,-0.009620200000426848,-0.004064200000357232,-0.003973448148320277,-0.004600200000350196,-0.0024302000003899593
20.439795,0.0030097999997451552,-0.004648200000337966,-0.004153989072283089,-0.004503393473503998,-0.0030202000002645946
20.459795,-0.01118020000035358,-0.004338200000302095,-0.004148716657166629,-0.003276773426882966,-0.0030202000002645946
20.479795,-0.0030202000002645946,-0.0025902000002588467,-0.003978304496299887,-0.003990945921035828,-0.000880200000210607
20.499795,-0.000880200000210607,-0.0036782000002858694,-0.0036683391321502045,-0.0037024610725261906,-0.0024302000003899593
20.519794,-0.000880200000210607,-0.0027842000002692656,-0.00322600875086581,-0.0027111557112066216,-0.0024302000003899593
20.539794,-0.0024302000003899593,-0.0023562000002584683,-0.002632382798945334,-0.0026593841494465184,-0.000880200000210607
20.559794,-0.006710200000270561,-0.001772200000277735,-0.001865532433608945,-0.001856330536396846,-0.000880200000210607
20.579794,-0.000880200000210607,-0.0016162000003077993,-0.0009446558688136931,-0.001500153380257156,-0.000880200000210607
20.599794,0.0020397999996930594,-0.0016162000003077993,3.6524640328165265e-05,-0.0005189645690900759,-0.000880200000210607
20.619793,-0.00010020000036092824,0.0014557999996668513,0.0009150676006897553,0.0002721076919729838,-0.00010020000036092824
20.639793,-0.0024302000003899593,0.0018057999996472062,0.0015070384325516525,0.0019294270392812942,0.0008697999996911676
20.659793,0.008649799999602692,0.0013777999996364087,0.0016804730346172848,0.002948587878423644,-0.00010020000036092824
20.679793,0.0008697999996911676,0.0021177999996325526,0.0014225041038195341,0.0014291006989360642,0.0008697999996911676
20.699793,-0.00010020000036092824,0.0019997999996576254,0.0008667999250707186,0.001088541258392679,0.0008697999996911676
20.719792,0.0035997999996197905,-0.0007602000003316789,0.00025860990071278054,0.0004876787875430741,-0.00010020000036092824
20.739792,-0.0030202000002645946,-0.00021420000034595433,-0.00013785380769984416,-0.0002824610726075737,-0.00010020000036092824
20.759792,-0.00515020000034383,-0.0006802000003517606,-0.00015433802782899704,-0.0017243724945191522,-0.0024302000003899593
20.779792,0.0035997999996197905,-0.001108200000362558,0.0001962110669035831,-0.0009233468535241318,-0.0024302000003899593
20.799792,-0.0024302000003899593,-9.620000037102727e-05,0.0007084796000592287,0.0012324573422946858,0.0014597999995658029
20.819792,0.0014597999995658029,0.0019637999996120923,0.0010612272066417357,0.0021440657338980176,0.0020397999996930594
20.839791,0.0020397999996930594,0.00254579999964335,0.0009552643219414681,0.0022299864798027078,0.0020397999996930594
20.859791,0.005149799999571769,0.0011077999996359721,0.0002561468690922746,0.0001810587409005653,0.0020397999996930594
20.879791,0.006509799999776078,-0.0014202000003479044,-0.0009263404828973697,-0.002002717482868949,0.0020397999996930594
20.899791,-0.009620200000426848,-0.0031702000003406283,-0.0022706509292661457,-0.001973813053954285,-0.006710200000270561
20.919791,-0.01118020000035358,-0.003676200000336394,-0.0033809468959707235,-0.003066773426908596,-0.006710200000270561
20.93979,-0.006710200000270561,-0.004570200000352997,-0.003955769294665074,-0.004669966900117445,-0.006710200000270561
20.95979,0.002619799999592942,-0.003676200000336394,-0.0038917977537015593,-0.004646493706638854,-0.00515020000034383
20.97979,0.0020397999996930594,-0.002470200000334444,-0.003277330773790494,-0.0033905962707449196,-0.00515020000034383
20.99979,-0.00515020000034383,-0.0002922000003309222,-0.0023097805596906055,-0.0009305729606668035,0.0020397999996930594
21.019789,-0.00515020000034383,-0.0009922000002916321,-0.0012067708580947537,-0.0007418317019287728,-0.000880200000210607
21.039789,0.004179799999747047,-0.0015762000002723653,-0.0001527442407544376,-0.0002599902100715425,-0.000880200000210607
21.059789,-0.000880200000210607,-0.0002542000002904388,0.0007209357365906212,0.0004054177153317482,-0.000880200000210607
21.079789,-0.000880200000210607,0.0023877999997239385,0.0013414045331640223,0.0007305226104341665,0.0014597999995658029
21.099789,0.0014597999995658029,0.0018437999996876897,0.001697161951832014,0.0020673058272195483,0.0014597999995658029
21.119788,0.008059799999728057,0.0011057999996864965,0.0018384321788718445,0.002408867598744184,0.0014597999995658029
21.139789,0.0014597999995658029,0.0022717999996530124,0.0018652579124171108,0.0011425272723759536,0.0014597999995658029
21.159788,-0.004570200000216573,0.0022717999996530124,0.0018926917924592694,0.0014617580416164265,0.0014597999995658029
21.179788,0.004949799999621973,0.00048379999966527973,0.0019989890497402255,0.0028298932397557252,0.0014597999995658029
21.199788,0.0014597999995658029,0.0014937999997073348,0.0021839151561401206,0.00188359953348416,0.0014597999995658029
21.219788,-0.000880200000210607,0.0039037999996708096,0.0023649850109540302,0.0013599631698559581,0.004949799999621973
21.239787,0.006509799999776078,0.0015717999996923027,0.002416850151999649,0.0031548815847842887,0.0014597999995658029
21.259787,0.0074797999996008,0.0021157999997285515,0.0022328875532932773,0.0026066531465519,0.004179799999747047
21.279787,-0.006710200000270561,0.003011799999694631,0.0017759857448598078,0.0018613850812982332,0.004179799999747047
21.299787,0.004179799999747047,0.0003677999996853032,0.001094730916045859,0.0009985878784888563,0.0035997999996197905
21.319787,0.0035997999996197905,-0.00040820000031089877,0.0003042809134415026,0.0004966764565429365,0.0035997999996197905
21.339786,-0.006710200000270561,-9.620000032555254e-05,-0.00045213344198323253,-0.0006866801868173902,0.0035997999996197905
21.359786,0.0035997999996197905,-0.00052420000033635,-0.0010442298508777058,-0.0020901766902933763,0.0020397999996930594
21.379786,-0.00515020000034383,-0.001848200000313227,-0.001386356354694725,-0.0004253748254981198,-0.0030202000002645946
21.399786,0.0020397999996930594,-0.0014202000003024295,-0.0014523352851146928,-0.0016878923079816064,-0.0030202000002645946
21.419785,-0.0030202000002645946,-0.0005282000002807763,-0.0012720468926817716,-0.0009618783219461275,-0.0030202000002645946
21.439785,-0.004570200000216573,-0.000412200000255325,-0.000914235525412965,-0.0005099669000531127,-0.0030202000002645946
21.459785,0.008059799999728057,-0.0005282000002807763,-0.0004629148880249154,-0.0002989179489948097,-0.0030202000002645946
21.479785,-0.004570200000216573,-0.00041020000030584925,2.801770317167149e-06,-0.00027050303060287143,-0.0024302000003899593
21.499785,0.0014597999995658029,0.0013397999996868748,0.00041525521568712675,9.753379650871653e-06,0.0014597999995658029
21.519785,-0.0024302000003899593,-0.0013022000003275025,0.0007100475515843407,0.0005150680649575419,-0.0024302000003899593
21.539784,0.004179799999747047,0.0009137999996710278,0.0008166916303165985,0.0004569328667979283,0.0014597999995658029
21.559784,-0.00515020000034383,0.00013579999967987532,0.0006661577433042081,0.0010848582747126341,-0.0024302000003899593
21.579784,0.006509799999776078,0.0009137999996710278,0.00022129080044076422,0.00040119860106180554,0.0014597999995658029
21.599784,-0.0024302000003899593,0.0002517999996598519,-0.00048268729562137567,-0.0014323212124494357,0.0008697999996911676
21.619783,0.0014597999995658029,-0.001808200000323268,-0.0013130084641388411,-0.0006083818185153025,0.0008697999996911676
21.639783,0.0008697999996911676,-0.0023902000003545253,-0.002052484119033776,-0.001561179021322705,0.0008697999996911676
21.659783,-0.015450200000259429,-0.000602200000321318,-0.002453573038720534,-0.0017862372963586728,0.0014597999995658029
21.679783,0.0035997999996197905,-0.0022362000002885906,-0.0023092342306972125,-0.0023820881121838135,0.0008697999996911676
21.699783,0.006509799999776078,-0.0025862000002689458,-0.0015073418916627063,-0.002449186014256208,-0.000880200000210607
21.719783,-0.006710200000270561,0.0013397999997323494,-5.470409627796659e-05,-0.0016798037298530065,0.0035997999996197905
21.739782,-0.000880200000210607,0.0013397999997323494,0.0019211079301561182,0.00023378601374860852,0.0
21.759782,0.004179799999747047,0.0013397999997323494,0.00418739986562305,0.003599310489271453,0.0
