time,raw_wavelength_shift,moving_average,butterworth,savitzky_golay,median
0.02,0.0008588000000600005,0.0007448000000749744,0.0008696656792727516,0.0006010377623093597,0.000668800000084957
0.039999,0.000668800000084957,0.0007448000000749744,0.0008075206790540346,0.0008853734266442484,0.000668800000084957
0.059999,0.000668800000084957,0.0007448000000749744,0.000751208605924767,0.0009628792541510265,0.000668800000084957
0.079999,0.0008588000000600005,0.0007448000000749744,0.0007150495749515183,0.0009050820513558508,0.000668800000084957
0.099999,0.000668800000084957,0.001124800000070536,0.0007160604463141027,0.000783508624784878,0.0008588000000600005
0.119999,0.0008588000000600005,0.0007448000000749744,0.0007720690423799471,0.000669685780964263,0.0008588000000600005
0.139999,0.0025688000000627653,0.0007068000000799657,0.0008960158862382348,0.0009823664336409466,0.000668800000084957
0.159998,-0.0012311999998928513,0.0010868000000755274,0.00108617332432117,0.0011657230770000069,0.0008588000000600005
0.179998,0.000668800000084957,0.0014288000000760802,0.001316213452941841,0.0011121333334141222,0.0025688000000627653
0.199998,0.0025688000000627653,0.0010488000000805186,0.001532944207926377,0.0013915972028704354,0.000668800000084957
0.219998,0.0025688000000627653,0.001466800000071089,0.001667419150944202,0.0015089631702342372,0.0008588000000600005
0.239998,0.000668800000084957,0.0018848000000616593,0.0016567569408241464,0.0016958629371258854,0.0025688000000627653
0.259997,0.0008588000000600005,0.0015048000000660977,0.0014674383388724893,0.0018929491842111564,0.0008588000000600005
0.279997,0.002758800000037809,0.001124800000070536,0.0011113989292808285,0.0012795459208169108,0.000668800000084957
0.299997,0.000668800000084957,0.0007068000000799657,0.0006495825715271312,0.00025868344996874537,0.000668800000084957
0.319997,0.000668800000084957,0.0002888000000893953,0.0001795478373456406,0.0001546041958936218,0.000668800000084957
0.339997,-0.0014211999998678948,-0.0005091999998967367,-0.00019250068985842122,-6.905547775999504e-05,-0.0012311999998928513
0.359996,-0.0012311999998928513,-0.00012919999990117502,-0.00038669552935846716,-0.0003680065267035781,-0.0012311999998928513
0.379996,-0.0012311999998928513,-0.0005091999998967367,-0.00037611832672487187,-0.0005425053612006931,-0.0012311999998928513
0.399996,0.0025688000000627653,-9.119999990616633e-05,-0.0001922564116252499,-0.00020103682973938178,-0.0012311999998928513
0.419996,-0.0012311999998928513,0.0002888000000893953,9.155850485786432e-05,0.0001023431236351739,0.000668800000084957
0.439996,0.000668800000084957,0.000668800000084957,0.00038800189585788203,0.0003835785548649361,0.000668800000084957
0.459995,0.000668800000084957,0.0002888000000893953,0.0006219665074956983,0.0008769585082410363,0.000668800000084957
0.479995,0.000668800000084957,0.000668800000084957,0.0007479739788842769,0.000987681118962354,0.000668800000084957
0.499995,0.000668800000084957,0.0010488000000805186,0.0007573966576808505,0.0005403617716482302,0.000668800000084957
0.519995,0.000668800000084957,0.000668800000084957,0.0006759486902337319,0.0006998023310869278,0.000668800000084957
0.539994,0.0025688000000627653,0.0002888000000893953,0.0005516874065784301,0.00038535011663838527,0.000668800000084957
0.559994,-0.0012311999998928513,0.0002888000000893953,0.0004345649589266541,0.0002746275059170674,0.000668800000084957
0.579994,-0.0012311999998928513,0.0002888000000893953,0.00035264081040506243,0.00036763449892297426,0.000668800000084957
0.599994,0.000668800000084957,-9.119999990616633e-05,0.00029590371837318806,0.00030562983691903643,0.000668800000084957
0.619994,0.000668800000084957,0.0002888000000893953,0.00021909071669633362,0.00013290256419378068,0.000668800000084957
0.639993,0.000668800000084957,0.0002888000000893953,6.51158507362161e-05,-0.00010625827496426579,0.000668800000084957
0.659993,0.000668800000084957,-9.119999990616633e-05,-0.00020277476455130797,0.00021085128213968053,0.000668800000084957
0.679993,-0.0012311999998928513,-0.000471199999901728,-0.0005775576156022476,-0.0003626918413943607,-0.0012311999998928513
0.699993,-0.0012311999998928513,-0.0008511999998972897,-0.0010049880408122915,-0.0010646731933656606,-0.0012311999998928513
0.719993,-0.0012311999998928513,-0.0016491999998834218,-0.0013999701123562466,-0.0014920624707486223,-0.0012311999998928513
0.739992,-0.0012311999998928513,-0.0016491999998834218,-0.0016741467863725646,-0.002078892307570812,-0.0012311999998928513
0.759992,-0.003321199999845703,-0.0016491999998834218,-0.0017638845272926716,-0.0015850694637534692,-0.0012311999998928513
0.779992,-0.0012311999998928513,-0.0016491999998834218,-0.0016494343528031194,-0.001290547319235029,-0.0012311999998928513
0.799992,-0.0012311999998928513,-0.0008891999998922983,-0.0013593935652613778,-0.001310477389165661,-0.0012311999998928513
0.819992,-0.0012311999998928513,-0.0008511999998972897,-0.0009601799021913573,-0.0011266778553695985,-0.0012311999998928513
0.839991,0.0025688000000627653,-0.0008511999998972897,-0.0005369375699572621,-0.0009428783215740661,-0.0012311999998928513
0.859991,-0.0031311999998706597,-0.000471199999901728,-0.00017514268729196153,-0.00012574545445312576,-0.0012311999998928513
0.879991,-0.0012311999998928513,-9.119999990616633e-05,5.271299539709451e-05,7.532680661869541e-05,0.000668800000084957
0.899991,0.000668800000084957,-9.119999990616633e-05,9.959647543529567e-05,0.00038977902106723816,0.000668800000084957
0.919991,0.000668800000084957,0.0002888000000893953,-3.8784601961209666e-05,0.00012404475533607528,0.000668800000084957
0.939991,0.0025688000000627653,0.0002888000000893953,-0.00030699754514789155,-0.0004942303029298554,0.000668800000084957
0.95999,-0.0012311999998928513,-0.000471199999901728,-0.0005902828825105945,-0.0002643701630728766,-0.0012311999998928513
0.97999,-0.0012311999998928513,-0.0008511999998972897,-0.0007464036169753882,-0.000993367832064365,-0.0012311999998928513
0.99999,-0.0031311999998706597,-0.0011931999998978427,-0.0006629308180867164,-0.0008565146852164735,-0.0012311999998928513
1.01999,-0.0012311999998928513,-0.0007751999999072723,-0.00031239662009643557,-0.0004649995337103458,-0.0012311999998928513
1.039989,0.0008588000000600005,0.0004028000000744214,0.00022676168127953078,0.00036807738934831636,0.0008588000000600005
1.059989,0.0008588000000600005,0.0012008000000605535,0.0007979143384136148,0.0005824363637051056,0.0008588000000600005
1.079989,0.004658800000015617,0.0016188000000511237,0.0012292304140468179,0.0011914107226704987,0.0008588000000600005
1.099989,0.0008588000000600005,0.000782800000069983,0.001399392730364164,0.0017826694639231308,0.0008588000000600005
1.119989,0.0008588000000600005,0.0015428000000611065,0.0012752028069101969,0.0017255365967924678,0.0008588000000600005
1.139988,-0.003321199999845703,0.0007448000000749744,0.0009104975739456712,0.0008087533800284364,0.0008588000000600005
1.159988,0.004658800000015617,0.00032680000008440403,0.0004181368143249754,0.0002777277390147733,0.000668800000084957
1.179988,0.000668800000084957,-0.0005091999998967367,-6.660681355262424e-05,-0.0005726219113185875,-0.0012311999998928513
1.199988,-0.0012311999998928513,0.0002888000000893953,-0.0004222943987869106,-0.0004929016315971185,0.000668800000084957
1.219988,-0.003321199999845703,-0.0008891999998922983,-0.0005754886816539618,-0.000503531002230393,-0.0012311999998928513
1.239988,0.000668800000084957,-0.0008511999998972897,-0.0005255279464762841,-0.00016206247077173196,-0.0012311999998928513
1.259987,-0.0012311999998928513,-0.0004331999999067193,-0.0003459958831765045,-0.0007094750581765495,0.000668800000084957
1.279987,0.0008588000000600005,0.0003648000000794127,-0.00015610260937249458,-0.00013504615376055344,0.000668800000084957
1.299987,0.0008588000000600005,-1.5199999916148954e-05,-7.20949087307973e-05,0.00013068811197113924,0.000668800000084957
1.319987,0.000668800000084957,-1.5199999916148954e-05,-0.0001606846421545762,0.00010411468539855307,0.000668800000084957
1.339987,-0.0012311999998928513,-0.000471199999901728,-0.00041511511769089216,-0.0004986592073629481,-0.0012311999998928513
1.359986,-0.0012311999998928513,-0.0008891999998922983,-0.0007620010914193846,-0.0008640438227393219,-0.0012311999998928513
1.379986,-0.0014211999998678948,-0.00126919999988786,-0.0010917315769493553,-0.0011674237761112275,-0.0012311999998928513
1.399986,-0.0012311999998928513,-0.00126919999988786,-0.0012963655366722306,-0.0012090554777422309,-0.0012311999998928513
1.419986,-0.0012311999998928513,-0.0008891999998922983,-0.0013004766769623122,-0.0014504307691154989,-0.0012311999998928513
1.439986,-0.0012311999998928513,-0.0008511999998972897,-0.0010782398424306057,-0.0009543934730877052,-0.0012311999998928513
1.459985,0.000668800000084957,-0.0008511999998972897,-0.0006573720749791974,-0.0007108037295045161,-0.0012311999998928513
1.479985,-0.0012311999998928513,-5.319999991115765e-05,-0.00011347772292021452,7.311235439870395e-05,-0.0012311999998928513
1.499985,-0.0012311999998928513,0.00032680000008440403,0.00044322504110365916,0.00037560652689236525,0.000668800000084957
1.519985,0.002758800000037809,0.0007068000000799657,0.000889717728584014,0.0004996158508975912,0.000668800000084957
1.539984,0.000668800000084957,0.0007068000000799657,0.0011203909791057975,0.001022226573500621,0.000668800000084957
1.559984,0.0025688000000627653,0.001124800000070536,0.001079146160077653,0.0012968186480889596,0.0008588000000600005
1.579984,-0.0012311999998928513,0.0010868000000755274,0.0007816808976253551,0.001208240559512435,0.0008588000000600005
1.599984,0.0008588000000600005,0.0007068000000799657,0.00031837291115775426,0.00048190023318218033,0.0008588000000600005
1.619984,0.0025688000000627653,-0.0004331999999067193,-0.00016527991241216302,-0.0003640205127260378,-0.0012311999998928513
1.639983,-0.0012311999998928513,-0.0004331999999067193,-0.0005086904859098718,-0.0005274470861518159,-0.0012311999998928513
1.659983,-0.0031311999998706597,-0.000471199999901728,-0.0005895379662568565,-0.0008972606059596926,-0.0012311999998928513
1.679983,-0.0012311999998928513,-0.0008511999998972897,-0.0003737652797924352,-0.000552248950948303,-0.0012311999998928513
1.699983,0.000668800000084957,-0.000471199999901728,6.177739782944807e-05,-0.0002466545453574659,0.000668800000084957
1.719983,0.000668800000084957,0.000668800000084957,0.0005507950790876106,0.0006289398602210444,0.000668800000084957
1.739982,0.000668800000084957,0.001466800000071089,0.0008987726156081883,0.001497005128277236,0.000668800000084957
1.759982,0.0025688000000627653,0.001466800000071089,0.000959356342055252,0.0012463291376071408,0.000668800000084957
1.779982,0.002758800000037809,0.000668800000084957,0.0006932591957815634,0.0009411776224559556,0.000668800000084957
1.799982,0.000668800000084957,-9.119999990616633e-05,0.000182818073875321,-7.304149174972546e-05,0.000668800000084957
1.819982,-0.003321199999845703,-0.0004331999999067193,-0.00040640145697227477,-0.0007506638693626005,0.000668800000084957
1.839982,-0.0031311999998706597,-0.0016491999998834218,-0.0008993697752547857,-0.0010757454544407076,-0.0031311999998706597
1.859981,0.0008588000000600005,-0.0016491999998834218,-0.0011833154772576955,-0.0014588456875324922,-0.0031311999998706597
1.879981,-0.003321199999845703,-0.0008511999998972897,-0.0012422831399279636,-0.001571782750464791,0.000668800000084957
1.899981,0.000668800000084957,-0.0005091999998967367,-0.0011428783107065449,-0.0007515496502450848,0.000668800000084957
1.919981,0.000668800000084957,-0.000927199999887307,-0.0009863117485888106,-0.0003215030302040694,-0.0012311999998928513
1.939981,-0.0014211999998678948,-0.00012919999990117502,-0.0008556081691566745,-0.0008356988343869264,0.000668800000084957
1.95998,-0.0012311999998928513,-0.000927199999887307,-0.000783573238153447,-0.0008910601397441402,-0.0012311999998928513
1.97998,0.000668800000084957,-0.0013451999998778774,-0.0007520195650557219,-0.0005075170162084633,-0.0014211999998678948
1.99998,-0.003321199999845703,-0.0005471999998917454,-0.0007156390491223679,-0.0008578433565290698,-0.0012311999998928513
2.01998,-0.0014211999998678948,-0.0005471999998917454,-0.0006336831860833261,-0.001112505361189956,-0.0012311999998928513
2.039979,0.0025688000000627653,-0.000927199999887307,-0.0004927219882536278,-0.0007010601397510758,-0.0012311999998928513
2.059979,-0.0012311999998928513,-0.0005091999998967367,-0.00031254506201328015,-0.00025861258731128703,-0.0012311999998928513
2.079979,-0.0012311999998928513,0.0002888000000893953,-0.00013783339223472776,-1.723729594384926e-05,-0.0012311999998928513
2.099979,-0.0012311999998928513,-5.319999991115765e-05,-2.1911732577666793e-05,0.0004101519814348725,-0.0012311999998928513
2.119979,0.0025688000000627653,-5.319999991115765e-05,-6.529874942667215e-06,6.204009332577721e-05,-0.0012311999998928513
2.139978,0.0008588000000600005,-5.319999991115765e-05,-0.00010259739361786638,-0.0005478200465236903,-0.0012311999998928513
2.159978,-0.0012311999998928513,-5.319999991115765e-05,-0.0002817694985071759,-0.000166934265644477,-0.0012311999998928513
2.179978,-0.0012311999998928513,-0.000813199999902281,-0.00048693049613617734,-0.000290943589653413,-0.0012311999998928513
2.199978,-0.0012311999998928513,-0.000813199999902281,-0.0006574004678110675,-0.0007763515150537622,-0.0012311999998928513
2.219978,-0.0012311999998928513,-0.000813199999902281,-0.0007536453229107635,-0.0012125986012970797,-0.0012311999998928513
2.239977,0.0008588000000600005,-0.000813199999902281,-0.0007676641589414582,-0.0005433911420990776,-0.0012311999998928513
2.259977,-0.0012311999998928513,-0.0003951999999117106,-0.0007166517757900645,-0.0003347897435006978,-0.0012311999998928513
2.279977,-0.0012311999998928513,-1.5199999916148954e-05,-0.0006279795440552834,-0.0007134610721657497,0.000668800000084957
2.299977,0.0008588000000600005,-0.0008511999998972897,-0.0005259976668681563,-0.00046765687636203914,-0.0012311999998928513
2.319977,0.000668800000084957,-0.0008511999998972897,-0.00042735946237852505,-0.0004034377621407597,-0.0012311999998928513
2.339977,-0.003321199999845703,-9.119999990616633e-05,-0.00034571169138210533,-0.0006961883448825709,0.000668800000084957
2.359976,-0.0012311999998928513,-0.0005091999998967367,-0.0002999349412829852,-0.00033257529127699633,-0.0012311999998928513
2.379976,0.0025688000000627653,-0.0008891999998922983,-0.0003157965411468853,-0.0003259319346345122,-0.0012311999998928513
2.399976,-0.0012311999998928513,-5.319999991115765e-05,-0.00041529370078201863,-0.0003254890441938,-0.0012311999998928513
2.419976,-0.0012311999998928513,-5.319999991115765e-05,-0.0005993940466298874,-0.0004579132866186691,-0.0012311999998928513
2.439976,0.0008588000000600005,-0.000813199999902281,-0.000836752239361368,-0.0004468410255473322,-0.0012311999998928513
2.459975,-0.0012311999998928513,-0.0012311999998928513,-0.0010676731414524282,-0.0012378433565369289,-0.0012311999998928513
2.479975,-0.0012311999998928513,-0.0012311999998928513,-0.0012243409852776984,-0.001742738461424548,-0.0012311999998928513
2.499975,-0.003321199999845703,-0.0016491999998834218,-0.0012598020058519315,-0.001215698834389485,-0.0012311999998928513
2.519975,-0.0012311999998928513,-0.00126919999988786,-0.0011711436042905134,-0.0012555589742475695,-0.0012311999998928513
2.539974,-0.0012311999998928513,-0.0008891999998922983,-0.0010018959834231787,-0.0008498713285649791,-0.0012311999998928513
2.559974,0.000668800000084957,-0.000471199999901728,-0.0008193032586789603,-0.0005123888110891583,-0.0012311999998928513
2.579974,0.000668800000084957,-9.119999990616633e-05,-0.0006786154964205501,-0.0005810368297339903,0.000668800000084957
2.599974,-0.0012311999998928513,-0.0005091999998967367,-0.0005965502978671146,-0.00032194592064531174,0.000668800000084957
2.619974,0.000668800000084957,-0.000927199999887307,-0.0005511219202908958,-0.0007409202796107503,-0.0012311999998928513
2.639973,-0.003321199999845703,-0.000927199999887307,-0.000507920513257267,-0.001068659207344791,-0.0012311999998928513
2.659973,-0.0014211999998678948,-0.000927199999887307,-0.00045505610437715087,-0.000671829370521496,-0.0012311999998928513
2.679973,0.000668800000084957,-0.000927199999887307,-0.00042231010938242414,-0.00034807645677294565,-0.0012311999998928513
2.699973,-0.0012311999998928513,0.00025080000009438665,-0.0004696485438279088,1.1550582867279001e-05,0.000668800000084957
2.719973,0.000668800000084957,-0.00012919999990117502,-0.0006504305452605406,-0.0008077967364895532,0.000668800000084957
2.739972,0.0025688000000627653,-0.000927199999887307,-0.0009721456327858924,-0.0008387990675084824,-0.0012311999998928513
2.759972,-0.003321199999845703,-0.0017631999999139225,-0.0013808292725584514,-0.0014460018647142066,-0.003321199999845703
2.779972,-0.003321199999845703,-0.0017631999999139225,-0.001780968861122182,-0.0019402675989786211,-0.003321199999845703
2.799972,-0.005411200000025929,-0.0025231999999050458,-0.002078113796460005,-0.0018826918414067161,-0.003321199999845703
2.819972,0.000668800000084957,-0.0021051999999144753,-0.0022149293330469724,-0.002325582284291987,-0.0012311999998928513
2.839971,-0.0012311999998928513,-0.001687199999923905,-0.0021790311995870584,-0.002303437762144544,-0.0012311999998928513
2.859971,-0.0012311999998928513,-0.0012311999998928513,-0.0019864175465592105,-0.0016878200465276565,-0.0012311999998928513
2.879971,-0.0012311999998928513,-0.001611199999888413,-0.0016629175773947007,-0.0014402442889404267,-0.0012311999998928513
2.899971,-0.0031311999998706597,-0.001611199999888413,-0.001241617971508889,-0.0013188923075688741,-0.0012311999998928513
2.919971,-0.0012311999998928513,-0.0012311999998928513,-0.0007744695968118835,-0.0011824820511754748,-0.0012311999998928513
2.93997,-0.0012311999998928513,-0.0008511999998972897,-0.0003407232141486795,-0.0002940438227495287,-0.0012311999998928513
2.95997,0.000668800000084957,0.0002888000000893953,-3.561754278665222e-05,-0.0002519692306730429,0.000668800000084957
2.97997,0.000668800000084957,0.0002888000000893953,6.225674256477861e-05,0.00022413799543047873,0.000668800000084957
2.99997,0.0025688000000627653,-0.00012919999990117502,-7.106701115810949e-05,3.768111897901267e-05,0.000668800000084957
3.01997,-0.0012311999998928513,-0.00012919999990117502,-0.0003850414198888278,-0.00024133986004029845,0.000668800000084957
3.039969,-0.003321199999845703,-0.0008891999998922983,-0.0007674655139600365,-0.0003626918413943607,-0.0012311999998928513
3.059969,0.000668800000084957,-0.0012311999998928513,-0.0010852701676406307,-0.001215255943947713,-0.0012311999998928513
3.079969,-0.0031311999998706597,-0.0012311999998928513,-0.00123298111041355,-0.0016098713285563166,-0.0012311999998928513
3.099969,0.0008588000000600005,-0.0012311999998928513,-0.0011682052111843153,-0.0016701044287894555,-0.0012311999998928513
3.119969,-0.0012311999998928513,-0.0012311999998928513,-0.0009241301127866732,-0.0009973538460498555,-0.0012311999998928513
3.139968,-0.003321199999845703,-0.0004331999999067193,-0.0005985819787734383,-0.00032593193464458244,0.000668800000084957
3.159968,0.000668800000084957,-0.0004331999999067193,-0.0003224354295277882,7.532680662611569e-05,0.000668800000084957
3.179968,0.0008588000000600005,-1.5199999916148954e-05,-0.00021277843065987438,7.975571103641815e-05,0.0008588000000600005
3.199968,0.0008588000000600005,0.0003648000000794127,-0.00032426108970821883,-0.0006979599066814605,0.0008588000000600005
3.219968,0.0008588000000600005,-0.0008511999999427644,-0.0006205042976473042,-0.0007263048950412761,0.0008588000000600005
3.239968,-0.0014211999998678948,-0.0012691999999333349,-0.0009840688219196322,-0.0005004307691777378,-0.0012311999998928513
3.259967,-0.005411200000025929,-0.0012691999999333349,-0.001264369139572345,-0.0015283794871122796,-0.0012311999998928513
3.279967,-0.0012311999998928513,-0.0013071999999283435,-0.0013398074333890125,-0.0013977268064550292,-0.0012311999998928513
3.299967,0.0008588000000600005,-0.0016491999999288965,-0.0011620411958728114,-0.001340151048870934,-0.0012311999998928513
3.319967,0.000668800000084957,-5.319999991115765e-05,-0.0007647886803805461,-0.0010717594404753574,0.000668800000084957
3.339967,-0.0031311999998706597,-5.319999991115765e-05,-0.0002433722542064998,-0.0002696848484006442,0.000668800000084957
3.359966,0.0025688000000627653,-5.319999991115765e-05,0.0002774528690780182,0.0010368419581299867,0.000668800000084957
3.379966,-0.0012311999998928513,0.00032680000008440403,0.0006754591816393515,0.0008122965035753345,0.0008588000000600005
3.399966,0.0008588000000600005,0.001466800000071089,0.0008594836335254742,0.00044868344997241,0.0025688000000627653
3.419966,0.0025688000000627653,0.0002888000000893953,0.000792338514275719,0.00060856689985129,0.0008588000000600005
3.439965,0.0025688000000627653,0.0002888000000893953,0.0005014941903047547,0.0006816438229270947,0.0008588000000600005
3.459965,-0.003321199999845703,0.0002888000000893953,6.973014878902899e-05,-7.791328662088044e-05,0.0008588000000600005
3.479965,-0.0012311999998928513,-0.000471199999901728,-0.00039396593710574335,-0.00018642144512697687,-0.0012311999998928513
3.499965,0.0008588000000600005,-0.0012311999998928513,-0.0007902824889173858,-0.0008556289043233887,-0.0012311999998928513
3.519965,-0.0012311999998928513,-0.000813199999902281,-0.001055445160514151,-0.0012715030301980114,-0.0012311999998928513
3.539964,-0.0012311999998928513,-0.000813199999902281,-0.0011696826639261673,-0.001397726806423229,-0.0012311999998928513
3.559964,-0.0012311999998928513,-0.0011931999998978427,-0.0011520490365438858,-0.0009304773891816527,-0.0012311999998928513
3.579964,-0.0012311999998928513,-0.0011931999998978427,-0.0010478959581251435,-0.0009154191141205854,-0.0012311999998928513
3.599964,-0.0010411999999178079,-0.000813199999902281,-0.0009122717363203112,-0.0007072606059623878,-0.0012311999998928513
3.619964,-0.0012311999998928513,-0.0004331999999067193,-0.0007911694547192138,-0.000715675524378851,-0.0010411999999178079
3.639963,0.000668800000084957,-0.0004331999999067193,-0.0007047297773856275,-0.0005894517481557537,-0.0010411999999178079
3.659963,0.000668800000084957,-0.0008511999998972897,-0.0006397321643159989,-0.0008751160838154287,-0.0012311999998928513
3.679963,-0.0012311999998928513,-0.000471199999901728,-0.0005585295443481779,-0.0006957454544450388,0.000668800000084957
3.699963,-0.0031311999998706597,-0.0008511999998972897,-0.00042392693718854745,-0.0004986592073587082,-0.0012311999998928513
3.719963,0.000668800000084957,-0.000471199999901728,-0.0002270782446493606,-0.00012840279710852926,-0.0012311999998928513
3.739962,-0.0012311999998928513,-9.119999990616633e-05,4.1798594300242463e-07,-0.00019926526797017286,0.000668800000084957
3.759962,0.0025688000000627653,0.000668800000084957,0.0001999738316491379,0.00022590955719968772,0.000668800000084957
3.779962,0.000668800000084957,0.0002888000000893953,0.00031675508300367674,0.0004694993007865868,0.000668800000084957
3.799962,0.000668800000084957,0.000668800000084957,0.00032760103305852956,0.0005315039627905247,0.000668800000084957
3.819962,-0.0012311999998928513,-9.119999990616633e-05,0.0002494682521919817,0.00028348531477477286,0.000668800000084957
3.839962,0.000668800000084957,-9.119999990616633e-05,0.0001263502661130779,6.824055953443903e-05,0.000668800000084957
3.859961,-0.0012311999998928513,-9.119999990616633e-05,6.044145870206953e-06,-0.00039723729593845814,0.000668800000084957
3.879961,0.000668800000084957,-9.119999990616633e-05,-7.887248043153279e-05,0.00015460419589044194,0.000668800000084957
3.899961,0.000668800000084957,-5.319999991115765e-05,-0.00011825584189230825,-8.23421910539732e-05,0.000668800000084957
3.919961,-0.0012311999998928513,0.0003648000000794127,-0.00012131826796685567,-0.00010227226098407548,0.000668800000084957
3.93996,0.0008588000000600005,-0.0004331999999067193,-0.00010957103759946494,-0.00014877575748676393,0.000668800000084957
3.95996,0.0008588000000600005,-0.0004331999999067193,-0.00011105077464577681,-0.0002377967365040004,0.000668800000084957
3.97996,-0.003321199999845703,-5.319999991115765e-05,-0.00015677737434963975,-0.00015807645678571157,0.000668800000084957
3.99996,0.000668800000084957,-0.000471199999901728,-0.000276046459985896,-0.0003086592073667037,0.000668800000084957
4.01996,0.000668800000084957,-0.000471199999901728,-0.00048631016970241764,-0.00024222564093285298,0.000668800000084957
4.039959,-0.0012311999998928513,-0.0004331999999067193,-0.0007788507685205275,-0.0008356988343969963,0.000668800000084957
4.059959,0.0008588000000600005,-0.000813199999902281,-0.0011094729725654132,-0.0010673305360295443,-0.0012311999998928513
4.079959,-0.0031311999998706597,-0.0015731999998934044,-0.0014048365749011265,-0.0012750461537443796,-0.0012311999998928513
4.099959,-0.0012311999998928513,-0.0015731999998934044,-0.0015863282987698241,-0.0019136941723784746,-0.0012311999998928513
4.119959,-0.0031311999998706597,-0.002029199999878983,-0.001601157029337473,-0.0016678899765768841,-0.0014211999998678948
4.139959,-0.0012311999998928513,-0.00126919999988786,-0.0014440925675140365,-0.0012715030301937713,-0.0012311999998928513
4.159958,-0.0014211999998678948,-0.0008511999998972897,-0.0011575683037525347,-0.0010832745919662058,-0.0012311999998928513
4.179958,0.000668800000084957,-0.000471199999901728,-0.0008102311672529548,-0.0009946965033902117,-0.0012311999998928513
4.199958,0.0008588000000600005,-0.000471199999901728,-0.0004667629569481454,-0.00037243543113985077,-0.0012311999998928513
4.219958,-0.0012311999998928513,-0.0004331999999067193,-0.00016633010340066662,6.8240559528079e-05,-0.0012311999998928513
4.239957,-0.0012311999998928513,0.0003648000000794127,8.066463034972433e-05,0.0001236018648863529,-0.0012311999998928513
4.259957,-0.0012311999998928513,-5.319999991115765e-05,0.00028217209089897153,0.0002515972028802491,-0.0012311999998928513
4.279957,0.004658800000015617,0.00032680000008440403,0.0004530397326130638,0.00026001212129618236,-0.0012311999998928513
4.299957,-0.0012311999998928513,0.0007068000000799657,0.00060955056384105,0.0003596624709461631,0.000668800000084957
4.319957,0.000668800000084957,0.001124800000070536,0.0007664927443702868,0.0007742079254843392,0.000668800000084957
4.339957,0.000668800000084957,0.00032680000008440403,0.0009315310418027535,0.001163951515223908,0.000668800000084957
4.359956,0.0008588000000600005,0.0010868000000755274,0.0010988029137071987,0.0012569585082314047,0.000668800000084957
4.379956,0.000668800000084957,0.001466800000071089,0.0012483091122861847,0.0011683804196570007,0.0008588000000600005
4.399956,0.0025688000000627653,0.001466800000071089,0.0013538882670378854,0.0014097557110302685,0.0008588000000600005
4.419956,0.0025688000000627653,0.0014288000000760802,0.0013948575651478359,0.0013034620047367434,0.000668800000084957
4.439955,0.000668800000084957,0.0010488000000805186,0.001362115205412883,0.001259172960448216,0.000668800000084957
4.459955,0.000668800000084957,0.0010868000000755274,0.0012533251627022612,0.0012768885781646872,0.000668800000084957
4.479955,-0.0012311999998928513,0.0007068000000799657,0.0010621191998723637,0.001038170629446823,0.000668800000084957
4.499955,0.002758800000037809,0.0007068000000799657,0.0007737353813258295,0.0005514340327137368,0.000668800000084957
4.519955,0.000668800000084957,0.00032680000008440403,0.00037523626373286734,0.0003875645688488365,0.000668800000084957
4.539954,0.000668800000084957,0.00032680000008440403,-0.00012489604020356218,1.3765035054409761e-05,0.000668800000084957
4.559954,-0.0012311999998928513,-0.0005091999998967367,-0.000682542102412351,-0.0005332046619038653,-0.0012311999998928513
4.579954,-0.0012311999998928513,-0.00126919999988786,-0.0012208709439506514,-0.0008339272726203672,-0.0012311999998928513
4.599954,-0.0014211999998678948,-0.0016871999998784304,-0.0016508260945299455,-0.0018171440558193094,-0.0014211999998678948
4.619954,-0.0031311999998706597,-0.0016871999998784304,-0.0018998692897650017,-0.0023525986012671255,-0.0014211999998678948
4.639954,-0.0014211999998678948,-0.002105199999869001,-0.0019366525583815802,-0.002089078787749594,-0.0014211999998678948
4.659953,-0.0012311999998928513,-0.0020671999998739922,-0.0017820018490589677,-0.0014375869462680629,-0.0014211999998678948
4.679953,-0.003321199999845703,-0.000927199999887307,-0.001502205129605541,-0.0014863048949854427,-0.0012311999998928513
4.699953,-0.0012311999998928513,-0.0008891999998922983,-0.0011865020140730854,-0.0011142769229639349,-0.0012311999998928513
4.719953,0.0025688000000627653,-0.0013071999998828688,-0.0009161421125033211,-0.0009242769229655704,-0.0012311999998928513
4.739953,-0.0012311999998928513,-0.0005091999998967367,-0.0007374673668910616,-0.0007333911420868418,-0.0012311999998928513
4.759952,-0.003321199999845703,-0.0005091999998967367,-0.0006518732657920047,-0.0006939738926673495,-0.0012311999998928513
4.779952,0.000668800000084957,-0.0008891999998922983,-0.0006262373011509581,-0.00017977808848025265,-0.0012311999998928513
4.799952,-0.0012311999998928513,-0.000927199999887307,-0.0006146344073440763,-0.0007825519812422838,-0.0012311999998928513
4.819952,0.000668800000084957,-0.00012919999990117502,-0.0005786266135163356,-0.0013056055942865562,0.000668800000084957
4.839952,-0.0014211999998678948,-0.000927199999887307,-0.0005002195989327752,-0.00043311142180522174,-0.0012311999998928513
4.859951,0.000668800000084957,-0.0005471999998917454,-0.0003878807964073389,-4.7796736498745794e-05,0.000668800000084957
4.879951,-0.003321199999845703,-0.00012919999990117502,-0.0002755624201960837,-0.0002741137528130664,0.000668800000084957
4.899951,0.000668800000084957,-9.119999990616633e-05,-0.00021197305193753463,-0.00012308811179348195,0.000668800000084957
4.91995,0.002758800000037809,-0.000471199999901728,-0.00023985628589990346,-0.00034010442880779486,-0.0012311999998928513
4.93995,-0.0012311999998928513,-5.319999991115765e-05,-0.00037361628232907164,-0.0004818293705326719,-0.0012311999998928513
4.95995,-0.0012311999998928513,-0.000471199999901728,-0.0005891782224416742,-0.0004131813518851897,-0.0012311999998928513
4.97995,-0.0012311999998928513,-0.00126919999988786,-0.0008333947649444421,-0.0004929016316024184,-0.0012311999998928513
4.99995,-0.0014211999998678948,-0.0008891999998922983,-0.0010464057045760737,-0.0014145566432407848,-0.0012311999998928513
5.01995,-0.0012311999998928513,-0.0013071999998828688,-0.0011830152527615944,-0.0016709902096698202,-0.0012311999998928513
5.039949,0.000668800000084957,-0.0013071999998828688,-0.0012236567013710418,-0.0008866312353195275,-0.0012311999998928513
5.059949,-0.003321199999845703,-0.0008891999998922983,-0.001174494020605987,-0.0008711300698177478,-0.0012311999998928513
5.079949,-0.0012311999998928513,-0.0005471999998917454,-0.0010608565541236458,-0.0008866312353195275,0.0004788000001099135
5.099949,0.000668800000084957,-0.0013071999998828688,-0.0009176315684365121,-0.0012520158507022614,-0.0012311999998928513
5.119949,0.0004788000001099135,-0.0008891999998922983,-0.000779690375914868,-0.0009712233099121513,-0.0012311999998928513
5.139948,-0.0031311999998706597,-0.0008891999998922983,-0.0006762365989591904,-0.0007984960371890156,-0.0012311999998928513
5.159948,-0.0012311999998928513,-0.0005091999998967367,-0.0006299929498413664,-0.0003467477854492189,-0.0012311999998928513
5.179948,-0.0012311999998928513,-0.0008511999998972897,-0.0006555781310820976,-0.00041805314675316457,-0.0012311999998928513
5.199948,0.0025688000000627653,-0.000471199999901728,-0.0007512655802709309,-0.0008011533798507793,-0.0012311999998928513
5.219948,-0.0012311999998928513,-0.000471199999901728,-0.0008887541789351492,-0.0008653724940715285,-0.0012311999998928513
5.239947,-0.0012311999998928513,-0.0008511999998972897,-0.001014777727747294,-0.0009256055943020175,-0.0012311999998928513
5.259947,-0.0012311999998928513,-0.001611199999888413,-0.0010729886521865818,-0.0014925053611951648,-0.0012311999998928513
5.279947,-0.0031311999998706597,-0.001611199999888413,-0.0010376122724841347,-0.0011116195803138316,-0.0012311999998928513
5.299947,-0.0012311999998928513,-0.0012311999998928513,-0.0009373270641446158,-0.001091246619943017,-0.0012311999998928513
5.319947,-0.0012311999998928513,-0.000471199999901728,-0.0008499112541839793,-0.0007922955709930738,-0.0012311999998928513
5.339947,0.000668800000084957,-0.000471199999901728,-0.0008648153978038602,-0.0006324121211115438,-0.0012311999998928513
5.359946,0.0025688000000627653,-0.0008891999998922983,-0.0010322062946576081,-0.0006873305360275152,-0.0012311999998928513
5.379946,-0.0031311999998706597,-0.0008891999998922983,-0.0013289185172704267,-0.001243158041843496,-0.0012311999998928513
5.399946,-0.003321199999845703,-0.0016871999998784304,-0.001663378948459483,-0.0019008503495246784,-0.0031311999998706597
5.419945,-0.0012311999998928513,-0.002865199999860124,-0.0019167892316176369,-0.002027074125745126,-0.003321199999845703
5.439945,-0.003321199999845703,-0.002105199999869001,-0.0019955347301979856,-0.002184300232969132,-0.003321199999845703
5.459945,-0.003321199999845703,-0.0013071999998828688,-0.0018661373982899198,-0.0019694983681711005,-0.0012311999998928513
5.479945,0.000668800000084957,-0.0013071999998828688,-0.0015580326733348297,-0.0012701743588562641,-0.0012311999998928513
5.499945,0.000668800000084957,-0.0008891999998922983,-0.00113936685910131,-0.0009557221444146119,-0.0012311999998928513
5.519945,-0.0012311999998928513,-0.000471199999901728,-0.0006855274251095869,-0.0007170041957025778,-0.0012311999998928513
5.539944,-0.0012311999998928513,-0.0004331999999067193,-0.0002603627385901429,-0.00018775011646024372,-0.0012311999998928513
5.559944,-0.0012311999998928513,-0.0004331999999067193,8.461066339284138e-05,0.00012847365975856786,-0.0012311999998928513
5.579944,0.0008588000000600005,-5.319999991115765e-05,0.0003042246060065899,-0.00020413706284662782,0.000668800000084957
5.599944,0.000668800000084957,0.00032680000008440403,0.0003613383041970443,0.0003056298369126764,0.000668800000084957
5.619944,0.000668800000084957,0.00032680000008440403,0.00023983628289963896,0.00039420792549291076,0.000668800000084957
5.639943,0.000668800000084957,0.0002888000000893953,-3.997675304883117e-05,-1.3251281958358773e-05,0.000668800000084957
5.659943,-0.0012311999998928513,-0.0005091999998967367,-0.00041629758515798504,-6.37407924460077e-05,0.000668800000084957
5.679943,0.000668800000084957,-0.0008891999998922983,-0.0007980321636382924,-0.0007302909089827757,-0.0012311999998928513
5.699943,-0.003321199999845703,-0.0008891999998922983,-0.0010916120587847274,-0.0012856755243606938,-0.0012311999998928513
5.719943,-0.0012311999998928513,-0.0013071999998828688,-0.001231920390786152,-0.0015381230768042385,-0.0012311999998928513
5.739942,0.000668800000084957,-0.0016871999998784304,-0.0012044345430711554,-0.0013122489509327503,-0.0012311999998928513
5.759942,-0.003321199999845703,-0.0008891999998922983,-0.0010496052797205502,-0.001126234964921996,-0.0012311999998928513
5.779942,-0.0012311999998928513,-0.0005091999998967367,-0.0008475369437843732,-0.0006452559439526197,0.000668800000084957
5.799942,0.000668800000084957,-0.0008891999998922983,-0.0006872399851932923,-0.0002798713285730659,-0.0012311999998928513
5.819942,0.000668800000084957,-9.119999990616633e-05,-0.0006304595741667433,-0.0005482629369591023,0.000668800000084957
5.839942,-0.0012311999998928513,-0.0005091999998967367,-0.0006855658188971237,-0.0007209902096848882,0.000668800000084957
5.859941,0.000668800000084957,-0.0008891999998922983,-0.0008062968691817014,-0.0005704074591054858,-0.0012311999998928513
5.879941,-0.003321199999845703,-0.00126919999988786,-0.0009187549322950672,-0.0013769109555973917,-0.0012311999998928513
5.899941,-0.0012311999998928513,-0.00126919999988786,-0.0009637687936647376,-0.0013746965033832306,-0.0012311999998928513
5.91994,-0.0012311999998928513,-0.0016491999998834218,-0.0009317872129596567,-0.0009667944054885986,-0.0012311999998928513
5.93994,-0.0012311999998928513,-0.000471199999901728,-0.0008706024667184965,-0.0006629715616701505,-0.0012311999998928513
5.95994,-0.0012311999998928513,-0.000471199999901728,-0.0008605771714035172,-0.0011080764567674632,-0.0012311999998928513
5.97994,0.0025688000000627653,-0.0008891999998922983,-0.0009696018065415332,-0.0007781230768171409,-0.0012311999998928513
5.99994,-0.0012311999998928513,-0.0013071999998828688,-0.0012117162511483329,-0.0007028317015245249,-0.0012311999998928513
6.01994,-0.003321199999845703,-0.000927199999887307,-0.0015321939753986727,-0.0012409435896266843,-0.0012311999998928513
6.039939,-0.003321199999845703,-0.0016871999998784304,-0.001826640694737171,-0.0017214797201553487,-0.0012311999998928513
6.059939,0.000668800000084957,-0.0024851999998645622,-0.0019825677531768236,-0.0023038806525492155,-0.003321199999845703
6.079939,-0.0012311999998928513,-0.0020671999998739922,-0.0019240623135261168,-0.0027888456875099126,-0.0012311999998928513
6.099939,-0.0052211999998235115,-0.0016491999998834218,-0.001644904709192455,-0.0019123655010409677,-0.0012311999998928513
6.119939,-0.0012311999998928513,-0.0016491999998834218,-0.001220223363151782,-0.0007714797201773069,-0.0012311999998928513
6.139939,-0.0012311999998928513,-0.0008891999998922983,-0.0007876070789549839,-0.00034453333323664753,-0.0012311999998928513
6.159938,0.000668800000084957,0.00032680000008440403,-0.0004963170358922072,-0.0004202675989689158,0.000668800000084957
6.179938,0.0025688000000627653,-9.119999990616633e-05,-0.0004420920617863555,-0.00033213240083416383,0.000668800000084957
6.199938,0.0008588000000600005,-0.000471199999901728,-0.0006210130041546001,-0.00047828624699054354,0.000668800000084957
6.219938,-0.003321199999845703,-0.0012311999998928513,-0.0009314954397842685,-0.001386654545347652,-0.0031311999998706597
6.239937,-0.0031311999998706597,-0.001953199999888966,-0.0012264592691823605,-0.001176281584977943,-0.0031311999998706597
6.259937,-0.0031311999998706597,-0.0019911999998839746,-0.001385562124711848,-0.0013467944054890374,-0.0031311999998706597
6.279937,-0.0010411999999178079,-0.000813199999902281,-0.0013649035465153928,-0.0017697547784442066,-0.0010411999999178079
6.299937,0.000668800000084957,-0.000813199999902281,-0.001199285696453259,-0.0013955123542053573,-0.0010411999999178079
6.319937,0.0025688000000627653,-0.000813199999902281,-0.0009657416838842024,-0.0005265613052698611,-0.0010411999999178079
6.339936,-0.0031311999998706597,-0.000471199999901728,-0.0007399749172103822,-0.00031220233090777186,0.000668800000084957
6.359936,-0.0031311999998706597,-0.000471199999901728,-0.0005729025625729928,-0.0005292186479178447,0.000668800000084957
6.379936,0.000668800000084957,-0.00126919999988786,-0.0004903890333622644,-0.0007196615383548012,-0.0014211999998678948
6.399936,0.000668800000084957,-0.0008891999998922983,-0.0005006059924919405,-0.0008875170162094322,-0.0012311999998928513
6.419935,-0.0014211999998678948,-0.00012919999990117502,-0.0005957632702596148,-0.0008410135197062137,0.000668800000084957
6.439935,-0.0012311999998928513,-0.0005091999998967367,-0.0007483940147175697,-0.00027632820502775774,-0.0012311999998928513
6.459935,0.000668800000084957,-0.0008891999998922983,-0.0009096868732996668,-0.00047341445211249844,-0.0012311999998928513
6.479935,-0.0012311999998928513,-0.0008511999998972897,-0.0010158406072952157,-0.0013171207458102653,-0.0012311999998928513
6.499935,-0.0012311999998928513,-0.0008511999998972897,-0.0010043771661276163,-0.0011687524474455545,-0.0012311999998928513
6.519934,-0.0012311999998928513,-0.0012311999998928513,-0.0008374306224879985,-0.0005748363635406989,-0.0012311999998928513
6.539934,-0.0012311999998928513,-0.000471199999901728,-0.0005229933325870534,-0.0005646498833481365,-0.0012311999998928513
6.559934,-0.0012311999998928513,-9.119999990616633e-05,-0.00012213604682863324,-0.0007949529136490077,-0.0012311999998928513
6.579934,0.0025688000000627653,-0.00012919999990117502,0.0002652001713935594,0.00023255291384429173,-0.0012311999998928513
6.599934,0.000668800000084957,0.0002888000000893953,0.0005325218606113842,0.0009668186480969051,0.000668800000084957
6.619934,-0.0014211999998678948,0.0014288000000760802,0.0006043690922405866,0.0011539981352786978,0.0008588000000600005
6.639934,0.0008588000000600005,0.000668800000084957,0.0004646701206646517,0.0005619235432143947,0.000668800000084957
6.659933,0.004468800000040574,-0.0001311999998961255,0.00016562754567954284,-4.7633566333337576e-05,-0.0012311999998928513
6.679933,-0.0012311999998928513,-0.00047319999989667847,-0.00018907448890715425,-0.0007189622376530263,-0.0012311999998928513
6.699933,-0.0033311999998204556,-0.0005111999998916872,-0.0004864754320742416,-0.0005308503495433068,-0.0012311999998928513
6.719933,-0.0031311999998706597,-0.0012711999998828104,-0.0006565513285617038,-0.000519661538355714,-0.0012311999998928513
6.739932,0.000668800000084957,-0.0008911999998872488,-0.0007049271751057107,-0.000924999533686357,0.000668800000084957
6.759932,0.000668800000084957,-0.000471199999901728,-0.0007031934347209194,-0.0009328317015231308,0.000668800000084957
6.779932,0.000668800000084957,-9.119999990616633e-05,-0.0007417085467336464,-0.0005976335663328149,0.000668800000084957
6.799932,-0.0012311999998928513,-0.000471199999901728,-0.0008746909876813817,-0.00037735384606068807,-0.0012311999998928513
6.819932,-0.0012311999998928513,-0.0012311999998928513,-0.001088991279836506,-0.0004827151514167462,-0.0012311999998928513
6.839931,-0.0012311999998928513,-0.0012311999998928513,-0.0013095707999540886,-0.0012622023308948237,-0.0012311999998928513
6.859931,-0.0031311999998706597,-0.0012311999998928513,-0.0014340465704874281,-0.0017272372959243585,-0.0012311999998928513
6.879931,0.000668800000084957,-0.001611199999888413,-0.0013782680261642006,-0.0019531114217958467,-0.0012311999998928513
6.899931,-0.0012311999998928513,-0.001611199999888413,-0.0011155061500191523,-0.0015810834497722189,-0.0012311999998928513
6.91993,-0.0031311999998706597,-0.0008511999998972897,-0.000696914483640383,-0.0007236475523482419,-0.0012311999998928513
6.93993,-0.0012311999998928513,-0.000471199999901728,-0.0002445116098705881,-7.92419579477872e-05,-0.0012311999998928513
6.95993,0.000668800000084957,0.0002888000000893953,8.796622941905858e-05,0.0005518769231655795,0.000668800000084957
6.97993,0.0025688000000627653,0.0006308000000899483,0.00017889310610926204,0.00024933613062753577,0.000668800000084957
6.99993,0.0025688000000627653,0.0006308000000899483,1.1337473741866293e-06,0.0003505948718866178,0.000668800000084957
7.01993,-0.0014211999998678948,-0.00012919999990117502,-0.0003524727521981025,-3.0267598968814326e-05,-0.0012311999998928513
7.039929,-0.0012311999998928513,-0.0008911999998872488,-0.0007016870751050474,-0.0008999645686499381,-0.0012411999998676038
7.059929,-0.0031311999998706597,-0.0016891999998733809,-0.0008583695624791903,-0.0015991254077972461,-0.0014211999998678948
7.079929,-0.0012411999998676038,-0.001273199999877761,-0.0007136837863938619,-0.0010679132865943936,-0.0012411999998676038
7.099929,-0.0014211999998678948,-0.0005131999998866377,-0.00028869958451353204,-0.0004782629369535123,-0.0012411999998676038
7.119929,0.0006588000001102046,0.0010448000000906176,0.00027652381700363313,0.00033583962713947576,0.0006588000001102046
7.139929,0.0025688000000627653,0.0010088000000905595,0.0007889698307420121,0.0014123431236302288,0.0006588000001102046
7.159928,0.004658800000015617,0.0014248000000861793,0.001090087146141724,0.0017958163170972122,0.0006588000001102046
7.179928,-0.0014211999998678948,0.0018068000000766916,0.0011208771398801083,0.001311107692392278,0.0025688000000627653
7.199928,0.0006588000001102046,0.000664800000095056,0.0009344407094105979,0.000657028438327217,0.0006588000001102046
7.219928,0.0025688000000627653,-0.0005151999998815882,0.0006551174663783798,4.953846261756829e-06,-0.0012411999998676038
7.239928,-0.003141199999845412,-9.919999988596828e-05,0.00040972077695185526,0.00017299580430027683,0.0006588000001102046
7.259927,-0.0012411999998676038,0.0003208000000995526,0.00026654559984880076,-0.0001015729602637501,0.0006588000001102046
7.279927,0.0006588000001102046,0.0003208000000995526,0.00021149302918119182,0.0005146275059259364,0.0006588000001102046
7.299927,0.002758800000037809,0.00028280000010454386,0.00017112370340927274,0.0002910144523172316,0.0006588000001102046
7.319927,0.0025688000000627653,0.0006628000001001055,6.579498836503672e-05,0.0001748139861218186,0.0006588000001102046
7.339926,-0.0033311999998204556,0.00028280000010454386,-0.00014150610633042042,0.0006003617716647577,0.0006588000001102046
7.359926,0.0006588000001102046,-0.0005171999998765386,-0.0004284322587652501,-0.00039264522132723665,-0.0012411999998676038
7.379926,-0.0012411999998676038,-0.0012791999998626124,-0.0007320325497030883,-0.0008856522143238982,-0.0012411999998676038
7.399926,-0.0012411999998676038,-0.0012411999998676038,-0.0009859438618713527,-0.0018760018646541289,-0.0012411999998676038
7.419926,-0.0012411999998676038,-0.0012411999998676038,-0.0011545027398906726,-0.0015761650348264712,-0.0012411999998676038
7.439925,-0.003141199999845412,-0.0016211999998631654,-0.0012484164226539342,-0.0006318759905380763,-0.0012411999998676038
7.459925,0.0006588000001102046,-0.0008591999998770917,-0.0013154947359456039,-0.0012398946385708415,-0.0012411999998676038
7.479925,-0.003141199999845412,-0.0008951999998771498,-0.0014102232602191205,-0.001101666200361731,-0.0014211999998678948
7.499925,0.0025688000000627653,-0.001313199999913195,-0.0015570824243818584,-0.001428938927642938,-0.0014211999998678948
7.519925,-0.0014211999998678948,-0.0016931999999087565,-0.001728986204551096,-0.0018186825173888673,-0.0014211999998678948
7.539925,-0.0052312000000256376,-0.0016931999999087565,-0.001856635947674956,-0.00175271515142375,-0.0014211999998678948
7.559924,-0.0012411999998676038,-0.0024551999998948305,-0.0018661074960323186,-0.00203709743579878,-0.0014211999998678948
7.579924,-0.003141199999845412,-0.0020391999998992105,-0.0017223303464262768,-0.0019100578087512918,-0.0012411999998676038
7.599924,-0.0012411999998676038,-0.0012411999998676038,-0.0014517187702176285,-0.0019340671327455789,-0.0012411999998676038
7.619924,0.0006588000001102046,-0.0012411999998676038,-0.0011316983326456365,-0.0012025752912434248,-0.0012411999998676038
7.639924,-0.0012411999998676038,-0.0004811999998764804,-0.0008553636202671466,-0.00020418368284913925,-0.0012411999998676038
7.659924,-0.0012411999998676038,-0.0004811999998764804,-0.0006911725875046901,-0.00043189930058079053,-0.0012411999998676038
7.679923,0.0006588000001102046,-0.00044119999988652127,-0.0006560341730286262,-0.0003542069928901238,-0.0012411999998676038
7.699923,-0.0012411999998676038,-0.0008591999998770917,-0.0007112014833365665,-0.0009174937061708593,-0.0012411999998676038
7.719923,0.0008588000000600005,-0.0008591999998770917,-0.0007814582917352547,-0.0013828783215459816,-0.0012411999998676038
7.739923,-0.0033311999998204556,-0.0012751999998727114,-0.000790675004692096,-0.0008037874124659716,-0.0012411999998676038
7.759922,-0.0012411999998676038,-0.0008951999998771498,-0.0006993133836032242,-0.0005959785546623716,-0.0012411999998676038
7.779922,-0.0014211999998678948,-0.0005151999998815882,-0.0005250713918998524,-0.000721269929953302,-0.0012411999998676038
7.799922,0.0006588000001102046,-0.000133199999891076,-0.0003336299482526927,-0.0002584494171373985,-0.0012411999998676038
7.819921,0.002758800000037809,-0.000133199999891076,-0.00020328207886900315,-0.00011278508147406354,-0.0012411999998676038
7.839921,-0.0014211999998678948,0.00028280000010454386,-0.00018426050891466833,0.0002688000001032148,0.0006588000001102046
7.859921,-0.0012411999998676038,-9.719999989101779e-05,-0.0002765565405849426,-8.945174813869029e-05,-0.0012411999998676038
7.879921,0.0006588000001102046,-0.000935199999867109,-0.0004363520735575869,-0.0006167011653755935,-0.0012411999998676038
7.899921,-0.0012411999998676038,-0.0008991999998670507,-0.0006034473916870771,-0.0009565146851828914,-0.0012411999998676038
7.91992,-0.0014311999998426472,-0.0008991999998670507,-0.0007333452303547011,-0.0009406638693286341,-0.0012411999998676038
7.93992,-0.0012411999998676038,-0.0008611999998720421,-0.0008188126223715025,-0.0009315729602431871,-0.0012411999998676038
7.95992,-0.0012411999998676038,-0.0008611999998720421,-0.0008914920750783353,-0.0009776801863516657,-0.0012411999998676038
7.97992,0.000848800000085248,-0.0012031999998725952,-0.0010027188663072897,-0.0007624354310938415,-0.0012411999998676038
7.99992,-0.0012411999998676038,-0.0008231999998770334,-0.0011928299834580761,-0.0009860951047739588,-0.0012411999998676038
8.01992,-0.003141199999845412,-0.0008231999998770334,-0.001464276683394988,-0.0011450927737899647,-0.0012411999998676038
8.039919,0.0006588000001102046,-0.0020391999998992105,-0.0017714097119014324,-0.0018497314684267382,-0.0012411999998676038
8.059919,-0.0012411999998676038,-0.0020391999998992105,-0.0020320365589145645,-0.0019272372959351057,-0.0012411999998676038
8.079919,-0.0052312000000256376,-0.002077199999894219,-0.0021579218554788845,-0.002474206992897091,-0.0012411999998676038
8.099919,-0.0012411999998676038,-0.002077199999894219,-0.002093572074658545,-0.0021260951047879953,-0.0012411999998676038
8.119919,-0.0033311999998204556,-0.002457199999889781,-0.0018460761981783345,-0.0020153724940592576,-0.003141199999845412
8.139918,0.0006588000001102046,-0.0012791999998626124,-0.001490265711139474,-0.0018515030301800468,-0.0012411999998676038
8.159918,-0.003141199999845412,-0.0012791999998626124,-0.0011452480299390083,-0.0007814797201361593,-0.0012411999998676038
8.179918,0.0006588000001102046,-0.0004811999998764804,-0.0009320196799311102,-0.0005711067597669802,0.0006588000001102046
8.199918,-0.0012411999998676038,-0.0008611999998720421,-0.0009289023067857685,-0.001060943589633813,-0.0012411999998676038
8.219918,0.0006588000001102046,-0.0012791999999080873,-0.0011416178517439058,-0.000987423776131076,-0.0012411999998676038
8.239917,-0.0012411999998676038,-0.001659199999903649,-0.0015001238828479136,-0.001682761771465722,-0.0012411999998676038
8.259917,-0.0052312000000256376,-0.001659199999903649,-0.0018843452755348776,-0.0017824121211130531,-0.0012411999998676038
8.279917,-0.0012411999998676038,-0.002457199999889781,-0.0021673643416729184,-0.002518053146738016,-0.0012411999998676038
8.299917,-0.0012411999998676038,-0.0024951999998847896,-0.0022561249613856768,-0.0022390321677134045,-0.0014311999998426472
8.319916,-0.0033311999998204556,-0.0016971999998531828,-0.002113887037139367,-0.002241689510357678,-0.0012411999998676038
8.339916,-0.0014311999998426472,-0.0012791999998626124,-0.0017610157262012525,-0.0013935543122193983,-0.0012411999998676038
8.359916,-0.0012411999998676038,-0.0012791999998626124,-0.0012601114859770236,-0.0008155822842363641,-0.0012411999998676038
8.379916,0.000848800000085248,-0.00044319999988147175,-0.0006944895145868282,-0.0009962349649057089,-0.0012411999998676038
8.399916,-0.0012411999998676038,-0.00040519999988646304,-0.000148856452834642,-0.00037071048939488373,-0.0012411999998676038
8.419916,0.000848800000085248,-2.519999989090138e-05,0.00030188424308379163,0.0004361659674663909,0.0006588000001102046
8.439915,-0.0012411999998676038,0.0003188000001046021,0.0005963669917445226,0.0005780307693291847,0.0006588000001102046
8.459915,0.0006588000001102046,0.0006988000001001638,0.0006897960096841628,0.000584580885882904,0.0006588000001102046
8.479915,0.0025688000000627653,0.0002808000001095934,0.0005621428086646101,0.00033224988355826546,0.0006588000001102046
8.499915,0.0006588000001102046,0.0002808000001095934,0.00022911881751554929,0.0004238116551172997,0.0006588000001102046
8.519915,-0.0012411999998676038,-9.919999988596828e-05,-0.0002538365954787344,-0.0002647897434723173,-0.0012411999998676038
8.539914,-0.0012411999998676038,-0.0008611999998720421,-0.0008019384359197636,-0.000723321211994635,-0.0012411999998676038
8.559914,-0.0012411999998676038,-0.0016591999998581742,-0.0013228161290185037,-0.0014814797201390597,-0.0012411999998676038
8.579914,-0.0012411999998676038,-0.0016971999998531828,-0.0017390824580434732,-0.001785465734118676,-0.0012411999998676038
8.599914,-0.0033311999998204556,-0.0016971999998531828,-0.002002460767470524,-0.0020747198133680414,-0.0012411999998676038
8.619914,-0.0014311999998426472,-0.0016971999998531828,-0.0020963615844949166,-0.0017049062935569847,-0.0012411999998676038
8.639914,-0.0012411999998676038,-0.0021151999998437533,-0.002029303154120353,-0.0019551393937868983,-0.0014311999998426472
8.659913,-0.0012411999998676038,-0.0013171999998576212,-0.0018252030042793337,-0.0017447664334177193,-0.0012411999998676038
8.679913,-0.0033311999998204556,-0.0016591999998581742,-0.0015172102178717829,-0.0017956988343524405,-0.0012411999998676038
8.699913,0.0006588000001102046,-0.0012791999998626124,-0.0011475136941774319,-0.001071572960239527,-0.0012411999998676038
8.719913,-0.003141199999845412,-0.0012791999998626124,-0.0007689446051915882,-0.000981223309892204,-0.0012411999998676038
8.739912,0.0006588000001102046,-0.00010119999988091876,-0.00044113262355099264,-0.00046082703950333504,0.0006588000001102046
8.759912,-0.0012411999998676038,-0.0004811999998764804,-0.00021716929704904895,-0.00010474312342113911,-0.0012411999998676038
8.779912,0.002558800000088013,0.0002788000001146429,-0.00012410803134331949,0.00016320559452153496,0.0006588000001102046
8.799912,-0.0012411999998676038,-0.00013919999987592745,-0.00014770384572689157,-0.0004594983681737784,-0.0012411999998676038
8.819911,0.0006588000001102046,-0.00010119999988091876,-0.00023294920401439187,3.6538927857195395e-05,-0.0010511999998925603
8.839911,-0.0014311999998426472,-0.0008611999998720421,-0.0003042901625496681,-0.0005702209788961562,-0.0012411999998676038
8.859911,-0.0010511999998925603,-0.00010119999988091876,-0.0002972270631865195,-0.00016276177144223673,-0.0010511999998925603
8.879911,-0.0012411999998676038,-0.0004811999998764804,-0.00018520899591582712,-0.0003842069928854024,-0.0012411999998676038
8.899911,0.002558800000088013,0.0003168000001096516,1.1672045645416777e-05,0.00024912634044000546,-0.0010511999998925603
8.91991,-0.0012411999998676038,0.0002788000001146429,0.00023825059281647773,0.0001384037297181577,-0.0012411999998676038
8.93991,0.002558800000088013,0.0006588000001102046,0.00042644471009595594,0.0002048372961504184,0.0006588000001102046
8.95991,-0.0012411999998676038,-0.00010119999988091876,0.0005152018351359594,0.0005232755245892214,-0.0012411999998676038
8.97991,0.0006588000001102046,0.0002788000001146429,0.00046201004281914504,0.0008581006994085787,0.0006588000001102046
8.99991,-0.0012411999998676038,0.0002788000001146429,0.00024877851455550726,0.0001051869465036173,0.0006588000001102046
9.019909,0.0006588000001102046,0.0002788000001146429,-0.00011206103037356958,-9.145641013935104e-05,0.0006588000001102046
9.039909,0.002558800000088013,-0.0008611999998720421,-0.0005712239757101441,-0.0009794517481219347,-0.0012411999998676038
9.059909,-0.0012411999998676038,-0.0008611999998720421,-0.0010448474524844963,-0.0006999878786613816,-0.0012411999998676038
9.079909,-0.00504119999982322,-0.0012791999998626124,-0.0014343588125159646,-0.001262458741121966,-0.0012411999998676038
9.099909,-0.0012411999998676038,-0.0016591999998581742,-0.0016598259968039954,-0.0016610601397160601,-0.0012411999998676038
9.119909,-0.0014311999998426472,-0.0020771999998487447,-0.001688766215540202,-0.0018798480185017023,-0.0014311999998426472
9.139908,0.0006588000001102046,-0.0013171999998576212,-0.0015442030771637915,-0.00181119999985157,-0.0012411999998676038
9.159908,-0.0033311999998204556,-0.0009371999998620595,-0.001291280221252205,-0.001445815384469896,-0.0012411999998676038
9.179908,-0.0012411999998676038,-0.0009371999998620595,-0.001013268267307193,-0.00046481305347928546,-0.0012411999998676038
9.199908,0.0006588000001102046,-0.0013171999998576212,-0.000786818909984042,-0.000679614918280497,-0.0012411999998676038
9.219908,-0.0014311999998426472,-0.00013919999987592745,-0.000661166936460959,-0.0006508270394963994,-0.0012411999998676038
9.239907,-0.0012411999998676038,-0.0005191999998714891,-0.0006449269658189576,-0.0007376335663021247,-0.0012411999998676038
9.259907,0.002558800000088013,-0.0008991999998670507,-0.0007051428995801322,-0.0006446265732993977,-0.0012411999998676038
9.279907,-0.003141199999845412,-0.0008611999998720421,-0.0007816173179754962,-0.0009905240091922117,-0.0012411999998676038
9.299907,-0.0012411999998676038,-0.0008611999998720421,-0.0008139269988594752,-0.0009307337994045549,-0.0012411999998676038
9.319906,-0.0012411999998676038,-0.0012411999998676038,-0.0007705087204433475,-0.0006406405593170874,-0.0012411999998676038
9.339906,-0.0012411999998676038,-0.0004811999998764804,-0.00066467543087359,-0.0006787291374033127,-0.0012411999998676038
9.359906,0.0006588000001102046,-0.0004811999998764804,-0.000547927565339995,-0.000993181351851855,-0.0012411999998676038
9.379906,0.0006588000001102046,-0.0004811999998764804,-0.00048432814829159153,-0.0002756988343777157,-0.0012411999998676038
9.399906,-0.0012411999998676038,-0.0004811999998764804,-0.0005205801525217381,-0.00020926526794492507,-0.0012411999998676038
9.419906,-0.0012411999998676038,-0.0004811999998764804,-0.0006665746560094203,-0.00047499953367608784,-0.0012411999998676038
9.439905,-0.0012411999998676038,-0.0008611999998720421,-0.0008922192114608577,-0.0006698713285456071,-0.0012411999998676038
9.459905,0.0006588000001102046,-0.0012411999998676038,-0.0011376823886758204,-0.001471503030167948,-0.0012411999998676038
9.479905,-0.0012411999998676038,-0.0012411999998676038,-0.001332353189662811,-0.0017150927737548472,-0.0012411999998676038
9.499905,-0.003141199999845412,-0.0016211999998631654,-0.0014190224916435774,-0.0014006405593063047,-0.0012411999998676038
9.519905,-0.0012411999998676038,-0.0016211999998631654,-0.001376926523431065,-0.0014493585080236845,-0.0012411999998676038
9.539904,-0.003141199999845412,-0.0012411999998676038,-0.0012321296162116032,-0.0011836242422925219,-0.0012411999998676038
9.559904,0.0006588000001102046,-0.0008611999998720421,-0.001045501773461418,-0.0008470275056997156,-0.0012411999998676038
9.579904,0.0006588000001102046,-0.0004811999998764804,-0.0008808687129171157,-0.0005547198133954365,0.0006588000001102046
9.599904,-0.0012411999998676038,-0.00010119999988091876,-0.0007705341278591238,-0.0005812932399685529,0.0006588000001102046
9.619904,0.0006588000001102046,-0.0008611999998720421,-0.0006997944064392886,-0.0009710368297075917,-0.0012411999998676038
9.639903,-0.0012411999998676038,-0.0012411999998676038,-0.000621407681023785,-0.000747820046491507,-0.0012411999998676038
9.659903,-0.003141199999845412,-0.0008611999998720421,-0.0004919474504235658,-0.0007101743588486441,-0.0012411999998676038
9.679903,-0.0012411999998676038,-0.0004811999998764804,-0.00030675881026457334,-0.0005556055942816313,-0.0012411999998676038
9.699903,0.0006588000001102046,-6.319999988591007e-05,-0.00010924333457686339,0.00018667878798846524,0.0006588000001102046
9.719903,0.002558800000088013,0.0003168000001096516,3.3364682638305726e-05,-1.4836363524598178e-05,0.0006588000001102046
9.739902,0.000848800000085248,0.000734800000100222,7.14454832829445e-05,0.00036383496514257377,0.000848800000085248
9.759902,-0.0012411999998676038,-6.319999988591007e-05,2.705100746903056e-06,0.0002260960374079574,0.000848800000085248
9.779902,0.000848800000085248,-0.00044319999988147175,-0.00012913518551260902,-0.000261083449766901,0.0006588000001102046
9.799902,-0.0033311999998204556,-0.0008611999998720421,-0.00026294181037002395,-0.0006800578087344596,-0.0012411999998676038
9.819902,0.0006588000001102046,-0.00044319999988147175,-0.0003547682053763873,-0.0004608270395075753,0.0006588000001102046
9.839901,-0.0012411999998676038,-0.0004811999998764804,-0.00039609875005358077,-0.00043646806514862046,0.0006588000001102046
9.859901,0.000848800000085248,0.00035480000010466026,-0.0004067291721808886,4.0082051392963493e-05,0.0006588000001102046
9.879901,0.0006588000001102046,-0.00040519999988646304,-0.0004109011676344887,-0.0003788923075745951,0.0006588000001102046
9.899901,0.000848800000085248,-2.519999989090138e-05,-0.0004158697282723457,-0.0004364680651539204,0.0006588000001102046
9.9199,-0.003141199999845412,-0.0008231999998770334,-0.0004088620868132383,-0.0005011300698159122,0.0006588000001102046
9.9399,0.0006588000001102046,-0.0007851999998820247,-0.0003734975082143487,-0.00027082703951610107,0.0006588000001102046
9.9599,-0.003141199999845412,-0.00040519999988646304,-0.0003110462681505839,-0.0006145100231915734,0.0006588000001102046
9.9799,0.000848800000085248,-2.519999989090138e-05,-0.00024790778443118983,-0.00019996456865445755,0.0006588000001102046
9.9999,0.0027488000000630564,-0.00040519999988646304,-0.00022199015953707537,-0.0003310601397460599,-0.0012411999998676038
10.0199,-0.0012411999998676038,0.000392800000099669,-0.0002581299268445747,8.171375301654676e-05,0.000848800000085248
10.039899,-0.0012411999998676038,-0.00040519999988646304,-0.00035135884498360725,-0.00042982470851408647,-0.0012411999998676038
10.059899,0.000848800000085248,-0.0007851999998820247,-0.00046941718321919304,-0.00037003449872112965,-0.0012411999998676038
10.079899,-0.003141199999845412,-0.0008231999998770334,-0.0005705512649981016,-0.0005290321677138151,-0.0012411999998676038
10.099899,0.000848800000085248,-0.00044319999988147175,-0.0006233616209656578,-0.0009183328670057814,0.0006588000001102046
10.119899,-0.0014311999998426472,-0.0004811999998764804,-0.0006173823695297984,-0.00044355431223287663,0.0006588000001102046
10.139898,0.0006588000001102046,-0.0005191999998714891,-0.0005615501433848031,-0.0007912233098917195,0.0006588000001102046
10.159898,0.0006588000001102046,-0.0005571999998664978,-0.0004758430668917444,-0.0007092885779523793,0.0006588000001102046
10.179898,-0.0033311999998204556,-0.0005571999998664978,-0.0003835282285811258,-4.229557096694877e-05,0.0006588000001102046
10.199898,0.0006588000001102046,-0.00017719999987093616,-0.00030640697662984796,-6.864335535066942e-06,0.0006588000001102046
10.219898,-0.0014311999998426472,-0.00017719999987093616,-0.0002593132380954067,-0.0001596615383334006,0.0006588000001102046
10.239897,0.002558800000088013,0.0002408000001196342,-0.00024141626505005915,-0.00045684102551148473,0.0006588000001102046
10.259897,0.0006588000001102046,-0.0005191999998714891,-0.00023046759527442818,-0.00035276177143795106,-0.0012411999998676038
10.279897,-0.0012411999998676038,-6.319999988591007e-05,-0.00019084534740513562,-2.28083914934591e-05,0.0006588000001102046
10.299897,-0.003141199999845412,-0.00044319999988147175,-9.75473565536526e-05,-0.00031334452202693905,0.0006588000001102046
10.319897,0.000848800000085248,-0.00044319999988147175,3.809054345094868e-05,2.3252214563217047e-05,0.0006588000001102046
10.339896,0.0006588000001102046,-6.319999988591007e-05,0.0001618782608863647,-0.00014991794860275094,0.0006588000001102046
10.359896,0.0006588000001102046,0.0006968000001052133,0.00019832979002227396,0.000184464335776424,0.0006588000001102046
10.379896,0.0006588000001102046,0.0002788000001146429,8.902206776782803e-05,0.000377121678432842,0.0006588000001102046
10.399896,0.0006588000001102046,-0.00010119999988091876,-0.00017433703360084297,0.00040497715630491307,0.0006588000001102046
10.419895,-0.0012411999998676038,-0.0004811999998764804,-0.0005398561700879883,-0.0007236708623444627,-0.0012411999998676038
10.439895,-0.0012411999998676038,-0.0008611999998720421,-0.0009128985727566372,-0.0010318526805416202,-0.0012411999998676038
10.459895,-0.0012411999998676038,-0.0016611999998985994,-0.001192147886701863,-0.0014487524474488347,-0.0012411999998676038
10.479895,-0.0012411999998676038,-0.001243199999908029,-0.00130809568701959,-0.0012365146852211521,-0.0012411999998676038
10.499895,-0.0033412000000225817,-0.001243199999908029,-0.001248194263765747,-0.001590943589648805,-0.0012411999998676038
10.519895,0.000848800000085248,-0.0008631999999124673,-0.0010590822809484822,-0.0011877967365048322,-0.0012411999998676038
10.539894,-0.0012411999998676038,-0.001243199999908029,-0.0008255123591124835,-0.0004974703961649481,-0.0012411999998676038
10.559894,0.0006588000001102046,-6.319999988591007e-05,-0.0006352809431527023,-0.00016005780874881067,0.0006588000001102046
10.579894,-0.003141199999845412,-0.00010119999988091876,-0.0005449896736058785,-0.0004622722609772384,0.0006588000001102046
10.599894,0.002558800000088013,-0.0005211999999119143,-0.0005598773335735663,-0.0007593585080644377,0.0006588000001102046
10.619894,0.0006588000001102046,-0.0013211999999384715,-0.000635291403723556,-0.0007039972027331942,-0.003141199999845412
10.639893,-0.0033412000000225817,-0.0005611999999473483,-0.0007006976186058685,-0.0007638107225562922,0.0006588000001102046
10.659893,-0.0033412000000225817,-0.0005611999999473483,-0.0006972653075334019,-0.0009232512819949898,0.0006588000001102046
10.679893,0.0006588000001102046,-0.0013211999999384715,-0.0006093347722186569,-0.0004887524474928604,-0.003141199999845412
10.699893,0.002558800000088013,-0.0005211999999119143,-0.0004708491319886748,-0.0009439972027155627,0.0006588000001102046
10.719893,-0.003141199999845412,0.0002788000001146429,-0.0003446817490024469,-0.00011089696958488859,0.0006588000001102046
10.739892,0.0006588000001102046,-0.00010119999988091876,-0.00029017352519378046,8.257622390069069e-05,0.0006588000001102046
10.759892,0.0006588000001102046,-0.0004811999998764804,-0.0003366550675370592,0.000114744056057268,0.0006588000001102046
10.779892,-0.0012411999998676038,-0.0005211999999119143,-0.0004724811795769604,-0.0008083328670344004,0.0006588000001102046
10.799892,0.0006588000001102046,-0.0005211999999119143,-0.0006514285904685937,-0.0011412932399952537,0.0006588000001102046
10.819891,-0.0033412000000225817,-0.0012811999999030378,-0.000812801042955157,-0.0006055123542251016,-0.0012411999998676038
10.839891,0.0006588000001102046,-0.000901199999907476,-0.000905995380551261,-0.0010996615383663702,0.0006588000001102046
10.859891,-0.003141199999845412,-0.0008631999999124673,-0.0009075460655009653,-0.0006542069929144601,0.0006588000001102046
10.879891,0.0006588000001102046,-0.00044319999988147175,-0.0008227436107780948,-0.0005052559439573397,0.0006588000001102046
10.899891,0.000848800000085248,-0.00040519999988646304,-0.0006735828349848132,-0.0011027850814645367,0.0006588000001102046
10.919891,-0.0012411999998676038,-0.00040519999988646304,-0.00048382827377166344,-0.00027795990663307947,0.0006588000001102046
10.93989,0.000848800000085248,-0.0007851999998820247,-0.0002731211341159245,-0.0005626918413780778,-0.0012411999998676038
10.95989,-0.003141199999845412,-2.519999989090138e-05,-6.292601951967688e-05,0.0003740214453245358,-0.0012411999998676038
10.97989,-0.0012411999998676038,-2.519999989090138e-05,0.00011530672290441252,0.00012644568775161622,-0.0012411999998676038
10.99989,0.004648800000040865,0.0003168000001096516,0.00022281902207662365,-3.299487168125122e-05,-0.0012411999998676038
11.019889,-0.0012411999998676038,0.0003168000001096516,0.0002291800994703457,0.00021989557120830538,-0.0012411999998676038
11.039889,0.002558800000088013,0.0002788000001146429,0.00012789354581485617,-8.79132865924528e-05,-0.0012411999998676038
11.059889,-0.003141199999845412,-0.0005191999998714891,-6.317099622785178e-05,0.00034075804207197343,-0.0012411999998676038
11.079889,-0.0014311999998426472,-0.0005191999998714891,-0.00031727549774189734,-0.0003902209788958647,-0.0012411999998676038
11.099889,0.0006588000001102046,-0.0008991999998670507,-0.0006153731692874401,-0.0011840205126814319,-0.0012411999998676038
11.119889,-0.0012411999998676038,-0.0009011999998620012,-0.0009483458426108116,-0.0007750694637166469,-0.0012411999998676038
11.139888,0.0006588000001102046,-0.0008651999998619431,-0.0013036386289246044,-0.0011641137527570902,-0.0012411999998676038
11.159888,-0.0031511999998201645,-0.0012471999998524552,-0.001648957467967952,-0.00116131654997755,-0.0012511999998423562
11.179888,-0.0012511999998423562,-0.0016671999998834508,-0.0019274577859501362,-0.002134043822738905,-0.0012511999998423562
11.199888,-0.0012511999998423562,-0.002467199999910008,-0.0020699662710808114,-0.00220590862463533,-0.0031511999998201645
11.219887,-0.0033412000000225817,-0.00212519999995493,-0.002019256417048953,-0.0020488923076417845,-0.0014412000000447733
11.239887,-0.0033412000000225817,-0.001363199999968856,-0.0017546589251123891,-0.0018381463869064168,-0.0014412000000447733
11.259887,-0.0014412000000447733,-0.001363199999968856,-0.001303660871081959,-0.0010552559440209482,-0.0014412000000447733
11.279887,0.002558800000088013,-0.0005651999999372493,-0.0007330771022489984,-0.0006676102563586147,-0.0012511999998423562
11.299887,-0.0012511999998423562,0.00023280000009435754,-0.000125457398915379,-4.103682975643613e-05,0.0006488000001354521
11.319886,0.0006488000001354521,0.0006508000001304026,0.00044334813831169823,0.000444510955840661,0.0006488000001354521
11.339886,0.0006488000001354521,0.00026880000013989046,0.000912765641971815,0.0008741379954801155,0.0006488000001354521
11.359886,0.0006488000001354521,0.0006488000001354521,0.0012330025309285366,0.0008847673661118,0.0006488000001354521
11.379886,0.0006488000001354521,0.001068800000120973,0.0013590016651875954,0.000945862937189332,0.0006488000001354521
11.399886,0.0006488000001354521,0.001068800000120973,0.0012547873700752222,0.0013390097903278118,0.0006488000001354521
11.419885,0.0027488000000630564,0.001068800000120973,0.0009117103138460678,0.0011845575758940153,0.0006488000001354521
11.439885,0.0006488000001354521,0.0006888000001254113,0.00037199834396179287,0.0006352568765788227,0.0006488000001354521
11.459885,0.0006488000001354521,0.00030880000012984966,-0.00025951095975302625,-0.00015693426561407366,0.0006488000001354521
11.479885,-0.0012511999998423562,-0.000909199999887278,-0.0008304660912259803,-0.0005749995336886168,-0.0012511999998423562
11.499885,-0.0012511999998423562,-0.0012891999998828397,-0.0011846017083493058,-0.0011795449882341673,-0.0012511999998423562
11.519885,-0.0033412000000225817,-0.0012491999998928804,-0.0012186927764268668,-0.001727820046500868,-0.0012511999998423562
11.539884,-0.0012511999998423562,-0.0012491999998928804,-0.0009274970989710083,-0.0015891254078097734,-0.0012511999998423562
11.559884,0.000848800000085248,-0.0008691999998973188,-0.0004139580308206646,-0.0004909902096878725,-0.0012511999998423562
11.579884,-0.0012511999998423562,0.00031080000012480015,0.00014340784554931412,0.0008704083917191175,0.0006488000001354521
11.599884,0.0006488000001354521,0.0014908000001014443,0.0005553328954739096,0.0010481473194492053,0.000848800000085248
11.619884,0.002558800000088013,0.0010708000001159236,0.0006943662189159871,0.0007283104896238118,0.0006488000001354521
11.639883,0.004648800000040865,0.0002728000000843167,0.0005449364606137369,0.0005066554779432956,0.0006488000001354521
11.659883,-0.0012511999998423562,-0.00010719999991124496,0.00020510561637358905,0.00014500046628975898,-0.0012511999998423562
11.679883,-0.00524120000000039,-0.00010719999991124496,-0.0001657054906547033,-0.0004063048950117841,-0.0012511999998423562
11.699883,-0.0012511999998423562,-0.0012871999998878892,-0.0004271756463600184,-0.0006808969695969423,-0.0012511999998423562
11.719882,0.002558800000088013,-0.0012871999998878892,-0.0005213502177558323,-0.0009077034963894673,-0.0012511999998423562
11.739882,-0.0012511999998423562,0.00027280000012979143,-0.00048625965351599854,-0.0007807804194370344,-0.0012511999998423562
11.759882,-0.0012511999998423562,0.00027280000012979143,-0.0004214416601158075,0.00019530349664386958,-0.0012511999998423562
11.779882,0.002558800000088013,-0.0004891999998562824,-0.0004318347158117342,4.204009336673234e-05,-0.0012511999998423562
11.799882,-0.0012511999998423562,-0.0005271999998967658,-0.000579369236132807,-0.0004549296036234389,-0.0012511999998423562
11.819882,-0.0012511999998423562,-0.0009451999999328109,-0.0008609843305847862,-0.0011804540791764732,-0.0012511999998423562
11.839881,-0.0014412000000447733,-0.001327199999923323,-0.0012170184260613458,-0.0012178433565921938,-0.0012511999998423562
11.859881,-0.0033412000000225817,-0.0017451999999593681,-0.0015598655661708861,-0.0014467477855038247,-0.0014412000000447733
11.879881,0.0006488000001354521,-0.0017451999999593681,-0.001806050025401524,-0.0022250694638113935,-0.0014412000000447733
11.899881,-0.0033412000000225817,-0.0017071999999188846,-0.0018989511506229055,-0.0019828550115851833,-0.0012511999998423562
11.91988,-0.0012511999998423562,-0.0016691999998784013,-0.0018187582698194218,-0.0016440438227469452,-0.0012511999998423562
11.93988,-0.0012511999998423562,-0.0016691999998784013,-0.0015822725172709021,-0.0014513864800465366,-0.0012511999998423562
11.95988,-0.0031511999998201645,-0.0008711999998467946,-0.0012354366945072103,-0.000927004195654157,-0.0012511999998423562
11.97988,0.0006488000001354521,-0.0008711999998467946,-0.0008400246871132101,-0.001024882983532279,-0.0012511999998423562
11.99988,0.0006488000001354521,-0.0004911999998512328,-0.00045702268911828697,-0.0005886358972688215,0.0006488000001354521
12.01988,-0.0012511999998423562,-0.00011119999985567119,-0.00013239414958444006,-0.00012182937048491792,0.0006488000001354521
12.039879,0.0006488000001354521,-0.00011119999985567119,0.00010872833166623062,0.0002989165502560898,0.0006488000001354521
12.059879,-0.0012511999998423562,0.00026880000013989046,0.0002586869988169867,0.0003387766901157642,0.0006488000001354521
12.079879,0.0006488000001354521,0.00026880000013989046,0.0003203864135066931,-4.653799519442191e-05,0.0006488000001354521
12.099879,0.0025488000001132605,-0.00011119999985567119,0.00030282233211776564,3.951515296407164e-06,-0.0012511999998423562
12.119879,-0.0012511999998423562,0.00026880000013989046,0.00021973912162753838,0.0005420634033996266,0.0006488000001354521
12.139879,-0.0012511999998423562,0.00026880000013989046,8.859126174287071e-05,8.810069944036858e-05,0.0006488000001354521
12.159878,0.0006488000001354521,-7.31999998606625e-05,-7.049349722731552e-05,-3.369417235440606e-05,0.0006488000001354521
12.179878,0.0006488000001354521,-0.0004531999998562242,-0.00023315928983355324,-0.00022635151501029414,0.0006488000001354521
12.199878,0.0008388000001104956,-7.31999998606625e-05,-0.0003673353830834329,-0.0005058153844692572,0.0006488000001354521
12.219877,-0.0031511999998201645,-7.31999998606625e-05,-0.00043347691173991254,-0.0003330881117461215,0.0006488000001354521
12.239877,0.0006488000001354521,-0.0004531999998562242,-0.0003923424116660196,7.937529274477397e-06,0.0006488000001354521
12.259877,0.0006488000001354521,-0.0004531999998562242,-0.00021720753437731418,-0.00028879906745865445,0.0006488000001354521
12.279877,-0.0012511999998423562,0.0006868000001304609,9.560569011521236e-05,-0.00010278508144578066,0.0006488000001354521
12.299877,0.0008388000001104956,0.0003068000001348992,0.0005213347844756226,0.00018686526820521496,0.0006488000001354521
12.319876,0.0025488000001132605,0.0006868000001304609,0.001007124129269445,0.0014650470863680797,0.0008388000001104956
12.339876,-0.0012511999998423562,0.0014468000001215842,0.0014782764809010988,0.001493392074713585,0.0025488000001132605
12.359876,0.0025488000001132605,0.0022068000001127077,0.001850899920052012,0.001619615850933502,0.0025488000001132605
12.379876,0.0025488000001132605,0.0014468000001215842,0.00205052852693954,0.0020027160840284668,0.0025488000001132605
12.399876,0.004638800000066112,0.0018648000001121544,0.002032473555151449,0.001836632167947285,0.0025488000001132605
12.419876,-0.0012511999998423562,0.0018648000001121544,0.001795325085582594,0.0020146741260018983,0.0025488000001132605
12.439875,0.0008388000001104956,0.0014848000001165928,0.0013810524911139995,0.001640431701742909,0.0008388000001104956
12.459875,0.0025488000001132605,0.0006868000001304609,0.0008636223944969755,0.0009738815851854706,0.0006488000001354521
12.479875,0.0006488000001354521,0.0002688000000944157,0.00033272392053457125,-0.00010012773882058749,0.0006488000001354521
12.499875,0.0006488000001354521,0.00023080000009940705,-0.00012458244927706177,-0.0005478899765791336,0.0006488000001354521
12.519875,-0.0033412000000225817,-0.000909199999887278,-0.00044450613138710985,-7.355431225383117e-05,0.0006488000001354521
12.539875,0.0006488000001354521,-0.0005291999998917162,-0.000604568701373978,-0.0004079365966292958,0.0006488000001354521
12.559874,-0.0031511999998201645,-0.0004911999998967076,-0.0006280397259323105,-0.0006134377621241397,0.0006488000001354521
12.579874,0.0025488000001132605,-7.31999998606625e-05,-0.0005678024649301276,-0.0006134377621130093,0.0006488000001354521
12.599874,0.0008388000001104956,-0.0004531999998562242,-0.0004765841987785532,-0.0005071440558041141,-0.0012511999998423562
12.619874,-0.0012511999998423562,-7.31999998606625e-05,-0.0003820374450345105,-0.00015106013970071766,-0.0012511999998423562
12.639873,-0.0012511999998423562,-0.0004531999998562242,-0.0002823755055227493,-0.0001802909089499079,-0.0012511999998423562
12.659873,-0.0012511999998423562,-0.0004911999998512328,-0.0001621110169048285,-0.00024052400918092676,-0.0012511999998423562
12.679873,0.0006488000001354521,-7.31999998606625e-05,-1.2633993363738649e-05,-0.0004996149182706656,0.0006488000001354521
12.699873,0.0006488000001354521,-7.31999998606625e-05,0.0001579058040717641,3.8496969834674055e-05,0.0006488000001354521
12.719872,0.0008388000001104956,0.0007248000001254696,0.0003291109012375247,0.0007364923078183636,0.0006488000001354521
12.739872,-0.0012511999998423562,0.0007248000001254696,0.0004800025848411087,0.0007807813521063606,0.0006488000001354521
12.759872,0.002738800000088304,0.0007248000001254696,0.0005984401565741499,0.0007054899768163946,0.0006488000001354521
12.779872,0.0006488000001354521,0.0003068000001348992,0.0006825493168198508,0.00046632913765993806,0.0006488000001354521
12.799872,0.0006488000001354521,0.0006868000001304609,0.0007327186459691762,0.0004060960374320992,0.0006488000001354521
12.819872,-0.0012511999998423562,0.00026880000013989046,0.0007378860041678905,0.000417168298505556,0.0006488000001354521
12.839871,0.0006488000001354521,0.00026880000013989046,0.0006662426839149411,0.0006749305362800482,0.0006488000001354521
12.859871,0.0006488000001354521,0.0003068000001348992,0.00047212735368906564,0.0006488000001465843,0.0006488000001354521
12.879871,0.0006488000001354521,0.0006868000001304609,0.00012204805599587393,0.00048803076935553943,0.0006488000001354521
12.899871,0.0008388000001104956,0.0002688000000944157,-0.00037214810037210986,-0.0003756055943210902,0.0006488000001354521
12.91987,0.0006488000001354521,-0.0009091999999327527,-0.0009345250286961969,-0.0007609202796667869,0.0006488000001354521
12.93987,-0.0014412000000447733,-0.0017071999999643595,-0.00143843667516323,-0.0015891254078829148,-0.0014412000000447733
12.95987,-0.00524120000000039,-0.0017451999999593681,-0.0017524871974551744,-0.0017795682983294113,-0.0014412000000447733
12.97987,-0.0033412000000225817,-0.00212519999995493,-0.0017976338803446963,-0.002009871328620742,-0.0014412000000447733
12.99987,0.0006488000001354521,-0.0017071999999188846,-0.00158320722093779,-0.001558123076853915,-0.0012511999998423562
13.01987,-0.0012511999998423562,-0.000909199999887278,-0.001201301189146123,-0.0015798247085214256,-0.0012511999998423562
13.039869,0.0006488000001354521,-0.00011119999985567119,-0.0007854124745682548,-0.000802551981207689,0.0006488000001354521
13.059869,-0.0012511999998423562,-0.0008711999998467946,-0.00045850475159261273,0.0004375412589092313,-0.0012511999998423562
13.079869,0.0006488000001354521,-0.00011119999985567119,-0.0002949728834845847,1.4137995493739637e-05,0.0006488000001354521
13.099869,-0.0031511999998201645,-0.00011119999985567119,-0.0003069205455344398,-0.000916374825042083,0.0006488000001354521
13.119869,0.0025488000001132605,-0.000909199999887278,-0.0004519297499778975,-0.0006794284381103879,0.0006488000001354521
13.139868,0.0006488000001354521,-0.0012891999998828397,-0.0006547474923630284,-0.0006152093238991787,-0.0012511999998423562
13.159868,-0.00524120000000039,-0.00014919999989615462,-0.0008360069315004613,-0.0008388689975586258,0.0006488000001354521
13.179868,-0.0012511999998423562,-0.000909199999887278,-0.0009396139021786635,-0.0011227617714437916,-0.0012511999998423562
13.199868,0.0025488000001132605,-0.0016691999998784013,-0.0009475790145453793,-0.0007374470861288355,-0.0012511999998423562
13.219867,-0.0012511999998423562,-0.0004911999998512328,-0.0008762200308585781,-0.0010474703961384552,-0.0012511999998423562
13.239867,-0.0031511999998201645,-7.31999998606625e-05,-0.000759845202198203,-0.0007285892772456897,0.0006488000001354521
13.259867,0.0006488000001354521,-0.0008331999998517859,-0.0006334185835004966,-3.9451748078364796e-05,-0.0012511999998423562
13.279867,0.0008388000001104956,-0.0008331999998517859,-0.0005206099409058401,-0.0006400111886696954,-0.0012511999998423562
13.299867,-0.0012511999998423562,-7.31999998606625e-05,-0.00042879637196914066,-0.0008995449882149866,0.0006488000001354521
13.319866,-0.0012511999998423562,-0.0004911999998967076,-0.00035196209881466336,-0.00017984801853993606,-0.0012511999998423562
13.339866,0.0006488000001354521,-0.0005291999998917162,-0.00027997902334781047,3.9382750680588136e-05,-0.0012511999998423562
13.359866,-0.0014412000000447733,-0.00011119999990114593,-0.0002083449198147422,-0.000644882983579011,0.0006488000001354521
13.379866,0.0006488000001354521,-0.00011119999990114593,-0.00014226586236948947,-0.0002750694637658345,0.0006488000001354521
13.399866,0.0008388000001104956,-0.0004911999998967076,-9.372961127236122e-05,-5.0966899660905154e-05,-0.0012511999998423562
13.419866,-0.0012511999998423562,0.0003068000001348992,-7.479049033182342e-05,0.00015099114232414098,0.0006488000001354521
13.439865,-0.0012511999998423562,-7.31999998606625e-05,-9.088850280105288e-05,5.1340792670979886e-05,-0.0012511999998423562
13.459865,0.0025488000001132605,-0.00011119999985567119,-0.00013591253750153725,-8.196923062948349e-05,-0.0012511999998423562
13.479865,-0.0012511999998423562,-0.00014919999989615462,-0.00019026572069923763,-0.0003968643355505392,-0.0012511999998423562
13.499865,0.0006488000001354521,-0.00014919999989615462,-0.00022497116291880865,-0.0003795916082827305,-0.0012511999998423562
13.519864,-0.0014412000000447733,-0.0004911999998967076,-0.00021355124084062303,4.60261073220121e-05,-0.0012511999998423562
13.539864,-0.0012511999998423562,-0.00011119999990114593,-0.0001469051614287842,-0.00013334452204678785,0.0006488000001354521
13.559864,0.0008388000001104956,-7.319999990613723e-05,-4.1227676512736385e-05,-0.00038357762227140104,0.0006488000001354521
13.579864,0.0006488000001354521,-3.519999986565381e-05,6.781018269367076e-05,0.00021653892784953674,0.0006488000001354521
13.599864,0.0008388000001104956,0.00034480000012990784,0.0001416771775079262,6.817062950019618e-05,0.0006488000001354521
13.619864,-0.0012511999998423562,0.0003068000001348992,0.00015628984761763945,0.00025197016332063904,0.0006488000001354521
13.639863,0.0006488000001354521,-7.31999998606625e-05,0.00011147880893890595,0.00016516363650060368,0.0006488000001354521
13.659863,0.0006488000001354521,-0.00011119999985567119,3.086601692789236e-05,0.00030954592090208456,0.0006488000001354521
13.679863,-0.0012511999998423562,0.00026880000013989046,-4.513769130668105e-05,-0.00017940512806477335,0.0006488000001354521
13.699863,0.0006488000001354521,0.00026880000013989046,-7.035874968463138e-05,-0.0003078433565158123,0.0006488000001354521
13.719862,0.0006488000001354521,-0.0005291999998917162,-6.162368451814786e-06,9.562983693883661e-05,0.0006488000001354521
13.739862,0.0006488000001354521,0.00023080000009940705,0.00016452199847775937,0.00017313566443660398,0.0006488000001354521
13.759862,-0.0033412000000225817,0.0006108000000949687,0.0004256649082890093,0.00045880000009521885,0.0006488000001354521
13.779862,0.0025488000001132605,0.0006108000000949687,0.0007254003979734219,0.0007772382285340221,0.0006488000001354521
13.799862,0.0025488000001132605,0.0006108000000949687,0.0009878548985115657,0.000777238228538792,0.0006488000001354521
13.819861,0.0006488000001354521,0.0014088000001265754,0.0011370833075816705,0.0009366787879875598,0.0006488000001354521
13.839861,0.0006488000001354521,0.0010668000001260226,0.0011216802910650379,0.0012555599068803255,0.0006488000001354521
13.859861,0.0006488000001354521,0.0006868000001304609,0.0009293665134418888,0.0015505249418797588,0.0006488000001354521
13.879861,0.0008388000001104956,0.0006868000001304609,0.000589278644265739,0.000290058741389374,0.0006488000001354521
13.899861,0.0006488000001354521,0.0003068000001348992,0.00016500638047302276,-2.882237750445149e-05,0.0006488000001354521
13.91986,0.0006488000001354521,-0.0004911999998967076,-0.00025980573634408027,-0.0003742769229660932,0.0006488000001354521
13.93986,-0.0012511999998423562,-0.0005291999998917162,-0.000602882883574349,-0.0007020158507070241,0.0006488000001354521
13.95986,-0.0033412000000225817,-0.000909199999887278,-0.0008075133476689349,-0.0006931580418498486,-0.0012511999998423562
13.97986,0.0006488000001354521,-0.000909199999887278,-0.0008590818233410592,-0.0007064447551316367,-0.0012511999998423562
13.99986,-0.0012511999998423562,-0.0005291999998917162,-0.0007835993576830934,-0.0008167244754048223,0.0006488000001354521
14.01986,0.0006488000001354521,-0.00011119999985567119,-0.000627994626302433,-0.0006887291373971454,0.0006488000001354521
14.039859,0.0006488000001354521,-0.0004911999998512328,-0.0004345346715541441,-0.00025469650335526936,-0.0012511999998423562
14.059859,-0.0012511999998423562,-0.00011119999985567119,-0.00022541152449655362,4.204009339747259e-05,0.0006488000001354521
14.079859,-0.0012511999998423562,-7.31999998606625e-05,-4.975830101889342e-06,-0.00012670116536031312,0.0006488000001354521
14.099859,0.0006488000001354521,-7.31999998606625e-05,0.00022617983836890605,8.380419718899594e-06,0.0006488000001354521
14.119859,0.0008388000001104956,0.0003068000001348992,0.00045794173669783605,0.0003870517483855416,0.0006488000001354521
14.139858,0.0006488000001354521,0.0006868000001304609,0.0006668103380588939,0.0006062825176140158,0.0006488000001354521
14.159858,0.0006488000001354521,0.0010668000001260226,0.0008212924378047341,0.0009096624709912216,0.0006488000001354521
14.179858,0.0006488000001354521,0.0006488000001354521,0.0008914500790577442,0.0008941613054915621,0.0006488000001354521
14.199858,0.0025488000001132605,0.0006488000001354521,0.0008577823076857006,0.0008503151516649477,0.0006488000001354521
14.219857,-0.0012511999998423562,0.0006488000001354521,0.0007166048129727048,0.0005668652681992937,0.0006488000001354521
14.239857,0.0006488000001354521,0.0006488000001354521,0.00048131624045962115,0.0005274480187639014,0.0006488000001354521
14.259857,0.0006488000001354521,-0.00014919999989615462,0.0001811419845275305,0.0004968885782100647,0.0006488000001354521
14.279857,0.0006488000001354521,0.00023080000009940705,-0.0001411514329344285,-0.0001940205127195789,0.0006488000001354521
14.299857,-0.0014412000000447733,-0.00014919999989615462,-0.00043399205614314576,-0.0006989156176278684,0.0006488000001354521
14.319857,0.0006488000001354521,-0.0009471999999277614,-0.0006470614451375496,-0.0006307104894311688,-0.0012511999998423562
14.339856,-0.0012511999998423562,-0.0009471999999277614,-0.0007462954311502417,-0.0006993585080807709,-0.0012511999998423562
14.359856,-0.0033412000000225817,-0.0005291999998917162,-0.000727811455564389,-0.0006262815849970159,0.0006488000001354521
14.379856,0.0006488000001354521,-0.0004911999998967076,-0.000621642462676399,-0.0005266312353300746,0.0006488000001354521
14.399856,0.0006488000001354521,-0.0004911999998967076,-0.00047986210860927154,-0.0005315030301720791,0.0006488000001354521
14.419856,0.0008388000001104956,-7.31999998606625e-05,-0.0003542134410686044,-0.0006293818180576211,0.0006488000001354521
14.439855,-0.0012511999998423562,-0.0004531999998562242,-0.0002771580178890877,-0.0002905706292352835,-0.0012511999998423562
14.459855,-0.0012511999998423562,-0.00041519999986121546,-0.00025707897712286113,0.000241340792708035,-0.0012511999998423562
14.479855,-0.0012511999998423562,-0.0004531999998562242,-0.0002853466474311356,-0.0004659552446159429,-0.0012511999998423562
14.499855,0.0008388000001104956,-7.31999998606625e-05,-0.00034401723291316717,-0.0004260951047737587,0.0006488000001354521
14.519854,0.0006488000001354521,-0.0004911999998967076,-0.0004072106282990531,-0.0005483328670193157,0.0006488000001354521
14.539854,0.0006488000001354521,-7.319999990613723e-05,-0.000440624971750024,-0.0003375170162179048,0.0006488000001354521
14.559854,-0.0033412000000225817,-0.0004911999998967076,-0.00040840239000196387,-0.0002887990675042351,0.0006488000001354521
14.579854,0.0008388000001104956,-0.0004531999999016989,-0.0002889105613271436,-0.0004305240092248719,0.0006488000001354521
14.599854,-0.0012511999998423562,-0.0004531999999016989,-8.970805843732689e-05,-0.0001293585080538774,0.0006488000001354521
14.619853,0.0008388000001104956,0.00034480000012990784,0.00015034045601428116,0.00023602610733892675,0.0006488000001354521
14.639853,0.0006488000001354521,0.0006868000001304609,0.00037516076174049396,0.0003910377623646719,0.0006488000001354521
14.659853,0.0006488000001354521,0.0006868000001304609,0.0005341294956015543,0.0005549072262544826,0.0006488000001354521
14.679853,0.0025488000001132605,0.0003068000001348992,0.0006005054265244548,0.000574837296186705,0.0006488000001354521
14.699853,-0.0012511999998423562,0.0003068000001348992,0.0005759001365236451,0.0006062825176092457,0.0006488000001354521
14.719852,-0.0010611999998673127,0.0006868000001304609,0.00048050902816693553,0.00046234312365695733,0.0006488000001354521
14.739852,0.0006488000001354521,-0.00011119999990114593,0.00033880943732490283,0.00019926620056953795,-0.0010611999998673127
14.759852,0.0025488000001132605,0.0002688000000944157,0.00017219430184929913,0.00016826386956120902,0.0006488000001354521
14.779852,-0.0014412000000447733,0.00023080000009940705,9.675809628781153e-07,2.6538927836862133e-05,0.0006488000001354521
14.799852,0.0006488000001354521,0.00023080000009940705,-0.00015197510123855857,6.197016327192403e-05,0.0006488000001354521
14.819851,-0.0012511999998423562,-0.0005291999998917162,-0.00026370136729892617,-0.00024362424230937315,-0.0012511999998423562
14.839851,0.0006488000001354521,-0.0004911999998512328,-0.00032017501910408996,-0.00041590862458172644,-0.0012511999998423562
14.859851,-0.0012511999998423562,-0.0004911999998512328,-0.0003254141661611582,-0.0006820857807371711,-0.0012511999998423562
14.879851,-0.0012511999998423562,-0.00011119999985567119,-0.0003039448364900058,-0.0001683328669711762,0.0006488000001354521
14.899851,0.0006488000001354521,-0.0004911999998512328,-0.0002925564652104503,-0.00023520932386587935,-0.0012511999998423562
14.91985,0.0006488000001354521,-7.31999998606625e-05,-0.00032284090906582253,-0.0001089855476449021,0.0006488000001354521
14.93985,-0.0012511999998423562,-7.31999998606625e-05,-0.000402579572780266,-0.00048322797188375135,0.0006488000001354521
14.95985,0.0008388000001104956,-0.0004531999998562242,-0.0005069800387889304,-0.00043672447538106284,-0.0012511999998423562
14.97985,-0.0012511999998423562,-0.0008331999998517859,-0.0005864849163536973,-0.00037250536116243354,-0.0012511999998423562
14.99985,-0.0012511999998423562,-0.0004531999998562242,-0.0005889377158106215,-0.0005341603728147626,-0.0012511999998423562
15.01985,-0.0012511999998423562,-0.0004911999998512328,-0.00048599594681741204,-0.0008375403261898483,-0.0012511999998423562
15.039849,0.0006488000001354521,-0.0004911999998512328,-0.0002912564687199136,-0.0005208736595250244,-0.0012511999998423562
15.059849,0.0006488000001354521,-0.0004911999998512328,-6.209162076977846e-05,-5.5395804033046896e-05,-0.0012511999998423562
15.079849,-0.0012511999998423562,0.00026880000013989046,0.00011486406312074152,2.9196270534666524e-05,0.0006488000001354521
15.099849,-0.0012511999998423562,0.00026880000013989046,0.00014977623952575064,-3.502284370039314e-05,0.0006488000001354521
15.119848,0.0025488000001132605,-0.0005291999998917162,-1.840332871888411e-05,0.0005526927740117009,-0.0012511999998423562
15.139848,0.0006488000001354521,-0.00014919999989615462,-0.0003920294918752689,-0.00026886899756671257,0.0006488000001354521
15.159848,-0.0033412000000225817,0.00023080000009940705,-0.0008995291881969496,-0.0008069808856895427,0.0006488000001354521
15.179848,0.0006488000001354521,-0.0017451999999138935,-0.0014064995206483567,-0.0013362349649456567,0.0006488000001354521
15.199847,0.0006488000001354521,-0.002125199999909455,-0.001755059941331839,-0.0018566312353350556,-0.0012511999998423562
15.219847,-0.007331199999953242,-0.00170719999987341,-0.0018207449287774879,-0.00226896223764953,-0.0012511999998423562
15.239847,-0.0012511999998423562,-0.00170719999987341,-0.0015656255589898682,-0.0019190787877537353,-0.0012511999998423562
15.259847,-0.0012511999998423562,-0.00170719999987341,-0.0010616195657947914,-0.0008472839159454085,-0.0012511999998423562
15.279847,0.0006488000001354521,-7.31999998606625e-05,-0.0004671779238899046,-0.0005022722609456792,0.0006488000001354521
15.299847,0.0006488000001354521,0.0006868000001304609,3.58340350023644e-05,0.0002484270397589008,0.0006488000001354521
15.319846,0.0008388000001104956,0.0006868000001304609,0.00031598070223277886,0.000938893240237762,0.0006488000001354521
15.339846,0.0025488000001132605,0.0003068000001348992,0.00034245040806938503,0.0004906881120204831,0.0006488000001354521
15.359846,-0.0012511999998423562,-7.31999998606625e-05,0.00018962248379078117,-4.078041944290253e-05,-0.0012511999998423562
15.379846,-0.0012511999998423562,-7.31999998606625e-05,-4.183430908978247e-06,-0.00028879906745865445,-0.0012511999998423562
15.399846,-0.0012511999998423562,-0.0008331999998517859,-0.00010246855271542917,-0.0002976568763152999,-0.0012511999998423562
15.419846,0.0008388000001104956,-7.31999998606625e-05,-2.887337535598491e-05,-0.00038623496489023407,-0.0012511999998423562
15.439845,-0.0012511999998423562,0.0003068000001348992,0.00020729634459632057,3.951515290046828e-06,0.0006488000001354521
15.459845,0.0025488000001132605,0.0006868000001304609,0.0005249175831535885,0.000980524941852865,0.0006488000001354521
15.479845,0.0006488000001354521,0.0010288000001310138,0.0008123895104612923,0.0011200354313630504,0.0006488000001354521
15.499845,0.0006488000001354521,0.0014088000001265754,0.0009753307764279304,0.0011001053614350682,0.0006488000001354521
15.519845,0.0025488000001132605,0.0006488000001354521,0.0009708222544921026,0.0010358862472190891,0.0006488000001354521
15.539844,0.0006488000001354521,0.0006488000001354521,0.0008168308940961312,0.0008082405595741516,0.0006488000001354521
15.559844,-0.0012511999998423562,0.0006488000001354521,0.0005765767176444337,0.00020590955725018257,0.0006488000001354521
15.579844,0.0006488000001354521,-0.00011119999985567119,0.000327941839846352,6.6088579518105495e-06,0.0006488000001354521
15.599844,0.0006488000001354521,-0.00011119999985567119,0.0001335880652023089,0.00038572307707877515,0.0006488000001354521
15.619843,-0.0012511999998423562,0.00026880000013989046,2.4673350406180836e-05,-4.463403122706184e-06,0.0006488000001354521
15.639843,0.0006488000001354521,0.0006488000001354521,1.9750041580158605e-06,-3.8123076799159115e-05,0.0006488000001354521
15.659843,0.0006488000001354521,-0.00014919999989615462,4.91092358295254e-05,0.0006310843824014928,0.0006488000001354521
15.679843,0.0025488000001132605,0.0002688000000944157,0.0001471888121628832,6.861351990539784e-05,0.0006488000001354521
15.699843,-0.0033412000000225817,0.000686800000084986,0.00028055116748967006,0.00014124755251929003,0.0008388000001104956
15.719842,0.0008388000001104956,-0.00011119999994662067,0.00043079878421023845,0.00017889324015155273,0.0008388000001104956
15.739842,0.002738800000088304,-0.00011119999994662067,0.0005670068868328397,0.0004158396270933178,0.0008388000001104956
15.759842,-0.0033412000000225817,0.0007248000000799948,0.0006439423465238541,0.000608496969757686,0.0008388000001104956
15.779842,0.0025488000001132605,0.0010668000000805477,0.00061459342298679,0.0006417137529944868,0.0025488000001132605
15.799842,0.0008388000001104956,0.0002688000000944157,0.0004539094395634944,0.000962809324117844,0.0008388000001104956
15.819841,0.0025488000001132605,0.0006868000001304609,0.00018191809302001545,9.208671340465863e-05,0.0008388000001104956
15.839841,-0.0012511999998423562,-7.31999998606625e-05,-0.0001300320080884964,-0.00027949836815811666,-0.0012511999998423562
15.859841,-0.0012511999998423562,-0.0004911999998512328,-0.0003798621532145294,-0.0002546965033356592,-0.0012511999998423562
15.879841,-0.0012511999998423562,-0.0008711999998467946,-0.0004753930046455456,-0.0005563048949558463,-0.0012511999998423562
15.899841,-0.0012511999998423562,-0.0004911999998512328,-0.00037363193192177936,-0.0005983794870275618,-0.0012511999998423562
15.91984,0.0006488000001354521,0.00026880000013989046,-9.739489059724143e-05,-0.0002724121210659103,0.0006488000001354521
15.93984,0.0006488000001354521,0.00026880000013989046,0.00027787776806867056,0.0005292195805564307,0.0006488000001354521
15.95984,0.0025488000001132605,0.0010288000001310138,0.0006570389128342437,0.0009012475525800586,0.0006488000001354521
15.97984,-0.0012511999998423562,0.0010288000001310138,0.0009590206130142236,0.0011182638695938414,0.0006488000001354521
15.99984,0.0025488000001132605,0.0010288000001310138,0.0011364429521858953,0.0011359794873092523,0.0006488000001354521
16.01984,0.0006488000001354521,0.0006488000001354521,0.0011772952306504131,0.0009101053614377639,0.0006488000001354521
16.039839,0.0006488000001354521,0.0010288000001310138,0.0010945531123626184,0.000799382750716446,0.0006488000001354521
16.059839,0.0006488000001354521,0.0006488000001354521,0.0009129698294398767,0.0008038116551452989,0.0006488000001354521
16.079839,0.0006488000001354521,0.0006488000001354521,0.0006607358664065755,0.0009836251749738914,0.0006488000001354521
16.099839,0.0006488000001354521,0.0006488000001354521,0.00036917248071145526,0.00025064149197730196,0.0006488000001354521
16.119838,0.0006488000001354521,0.00026880000013989046,7.749245079791423e-05,0.00012884662016715714,0.0006488000001354521
16.139838,0.0006488000001354521,-0.00014919999989615462,-0.00016488741865090757,0.00010005874136768939,0.0006488000001354521
16.159838,-0.0012511999998423562,-0.00014919999989615462,-0.0003052156891188145,-0.00035390396259686884,0.0006488000001354521
16.179838,-0.0014412000000447733,-0.00014919999989615462,-0.0003035470466313379,-0.0003118293705251532,0.0006488000001354521
16.199837,0.0006488000001354521,-0.0005291999998917162,-0.00015035136909662356,-0.00019269184138472206,-0.0012511999998423562
16.219837,0.0006488000001354521,0.00023080000009940705,0.00012451127488220587,5.5326806635799895e-05,0.0006488000001354521
16.239837,-0.0012511999998423562,0.0006488000001354521,0.0004564245265705941,0.0003919235432386761,0.0006488000001354521
16.259837,0.0025488000001132605,0.0006868000001304609,0.0007621004757150372,0.000817098368423907,0.0006488000001354521
16.279837,0.0006488000001354521,0.0006868000001304609,0.0009610258744641004,0.0011032055945656347,0.0006488000001354521
16.299837,0.0008388000001104956,0.0010668000001260226,0.0009955084468723425,0.0007550937064189089,0.0006488000001354521
16.319836,0.0006488000001354521,0.0006868000001304609,0.0008440550228801192,0.0008020400933654896,0.0006488000001354521
16.339836,0.0006488000001354521,0.0002688000000944157,0.0005260512517532907,0.000658100699395181,0.0006488000001354521
16.359836,0.0006488000001354521,0.00023080000009940705,9.852867517046462e-05,4.837296116880522e-06,0.0006488000001354521
16.379836,-0.0014412000000447733,-0.00018719999993663806,-0.0003536666125398659,-0.000351689510418218,0.0006488000001354521
16.399836,0.0006488000001354521,-0.0005671999999321998,-0.0007334412176303648,-0.0005266312353602851,-0.0012511999998423562
16.419836,-0.0014412000000447733,-0.0009471999999277614,-0.0009514613662687772,-0.0008384261071486542,-0.0012511999998423562
16.439835,-0.0012511999998423562,-0.0005291999998917162,-0.000947820062594999,-0.0010953025640078012,-0.0012511999998423562
16.459835,-0.0012511999998423562,-0.000909199999887278,-0.0007104569484909979,-0.0009225752912586951,-0.0012511999998423562
16.479835,0.0006488000001354521,-0.0004911999998512328,-0.00028384119569367915,-4.565221431246738e-05,-0.0012511999998423562
16.499835,-0.0012511999998423562,0.00026880000013989046,0.0002374592068643477,1.1480652819255514e-05,0.0006488000001354521
16.519834,0.0006488000001354521,0.0010288000001310138,0.0007314413760835659,0.0007400354313869921,0.0006488000001354521
16.539834,0.0025488000001132605,0.0006488000001354521,0.0010828167296450433,0.0012777044290325393,0.0006488000001354521
16.559834,0.0025488000001132605,0.0014088000001265754,0.001217854338682255,0.0014327160840423843,0.0025488000001132605
16.579834,-0.0012511999998423562,0.0014088000001265754,0.0011259787445464956,0.001029685781016787,0.0025488000001132605
16.599834,0.0025488000001132605,0.0006488000001354521,0.0008584520626039993,0.0009898256411571128,0.0006488000001354521
16.619833,0.0006488000001354521,-0.00011119999985567119,0.0005050128273087822,7.304242438460124e-05,-0.0012511999998423562
16.639833,-0.0012511999998423562,0.00026880000013989046,0.00015877502107035897,-0.00012182937048491811,0.0006488000001354521
16.659833,-0.0012511999998423562,-0.0004911999998512328,-0.00011617272331591819,-0.00011297156162721262,-0.0012511999998423562
16.679833,0.0006488000001354521,-0.00011119999985567119,-0.0003007040222938526,2.8753380096074258e-05,-0.0012511999998423562
16.699833,-0.0012511999998423562,-0.00011119999985567119,-0.00041303543312489225,-0.0005735776222278947,-0.0012511999998423562
16.719832,0.0025488000001132605,-0.00011119999985567119,-0.0004830862965533185,-0.00027684102549476277,-0.0012511999998423562
16.739832,-0.0012511999998423562,-0.0004911999998512328,-0.0005255340451225889,-0.0002768410254947628,-0.0012511999998423562
16.759832,-0.0012511999998423562,-0.00011119999985567119,-0.0005285679106626352,-0.0004300811187311587,-0.0012511999998423562
16.779832,-0.0012511999998423562,-0.0008711999998467946,-0.0004636069239449193,-0.0005695916082424043,-0.0012511999998423562
16.799832,0.0006488000001354521,-0.0004911999998512328,-0.00030694053934770437,-0.000536374825027864,-0.0012511999998423562
16.819831,-0.0012511999998423562,-7.31999998606625e-05,-5.854647534526483e-05,-0.00037471981337606504,0.0006488000001354521
16.839831,0.0006488000001354521,0.0003068000001348992,0.000251867876730014,0.00043355524488876,0.0006488000001354521
16.859831,0.0008388000001104956,0.0006868000001304609,0.0005729910349307346,0.0009672382285652471,0.0006488000001354521
16.879831,0.0006488000001354521,0.0010668000001260226,0.0008488875594068191,0.0008232988346277987,0.0006488000001354521
16.899831,0.0025488000001132605,0.0010668000001260226,0.0010359251571479026,0.0010381006994279504,0.0006488000001354521
16.91983,0.0006488000001354521,0.0006488000001354521,0.0011109471092221144,0.0008897324010627094,0.0006488000001354521
16.939831,0.0006488000001354521,0.0010288000001310138,0.001067123693891083,0.0009123198136688856,0.0006488000001354521
16.95983,-0.0012511999998423562,0.00026880000013989046,0.0009025732934087285,0.0009866787880229747,0.0006488000001354521
16.97983,0.0025488000001132605,0.0006488000001354521,0.0006132083925658421,0.00034609603741027177,0.0006488000001354521
16.99983,-0.0012511999998423562,0.00023080000009940705,0.00019872682933043411,0.0001229025642078981,-0.0012511999998423562
17.01983,0.0025488000001132605,-0.00018919999993158854,-0.00032042240856667426,-0.00017945174816215643,-0.0012511999998423562
17.039829,-0.0014412000000447733,-0.0005691999999271502,-0.0008878326149136044,-0.00046499953373631595,-0.0012511999998423562
17.059829,-0.003351199999997334,-0.0009891999999581459,-0.0014112011930634929,-0.001237820046591589,-0.0014412000000447733
17.079829,0.0006488000001354521,-0.0017871999999897526,-0.001781867505487886,-0.0018411999999904808,-0.0014412000000447733
17.099829,-0.003351199999997334,-0.0021691999999802645,-0.001906991988170121,-0.00207185268064383,-0.003351199999997334
17.119828,-0.0014412000000447733,-0.0013311999999586987,-0.001742220000210244,-0.0021051627039322942,-0.0014412000000447733
17.139828,-0.003351199999997334,-0.0017111999999542605,-0.0013126819396759447,-0.0012116895104300343,-0.0014412000000447733
17.159828,0.0008388000001104956,-0.0005311999999321415,-0.0007126268260923907,-0.0005526918414208156,-0.0012511999998423562
17.179828,-0.0012511999998423562,-7.519999990108772e-05,-8.017739941858291e-05,-0.0002472139859298041,0.0008388000001104956
17.199828,0.0025488000001132605,0.0007248000001254696,0.0004456466020305191,0.0007797090910272666,0.0008388000001104956
17.219827,0.0008388000001104956,0.0006868000001304609,0.000768827476496519,0.0008257463870861321,0.0006488000001354521
17.239827,0.0006488000001354521,0.0010668000001260226,0.0008627968170991444,0.000941503962846133,0.0006488000001354521
17.259827,0.0006488000001354521,0.0003068000001348992,0.0007693423344402361,0.0005128326341679267,0.0006488000001354521
17.279827,0.0006488000001354521,0.00026880000013989046,0.0005730676050492824,0.0006550004663335157,0.0006488000001354521
17.299827,-0.0012511999998423562,0.00026880000013989046,0.0003649192839444958,-0.00010012773878401686,0.0006488000001354521
17.319826,0.0006488000001354521,0.00026880000013989046,0.00021113970945026587,0.00010581631716001934,0.0006488000001354521
17.339826,0.0006488000001354521,-0.00011119999985567119,0.00013905773088732277,0.0005681473194987785,0.0006488000001354521
17.359826,0.0006488000001354521,0.0006488000001354521,0.00014138628207657078,0.00014413799547557637,0.0006488000001354521
17.379826,-0.0012511999998423562,0.0006488000001354521,0.00019168813775862541,0.00021639906772115977,0.0006488000001354521
17.399826,0.0025488000001132605,-0.0001511999998911051,0.00026051275588496396,0.00054134079264863,0.0006488000001354521
17.419825,0.0006488000001354521,0.00022880000010445657,0.00032444873289146894,0.00018180699311466008,0.0006488000001354521
17.439825,-0.003351199999997334,0.0006088000001000182,0.0003660027528617117,-4.8612587306707026e-05,0.0006488000001354521
17.459825,0.0025488000001132605,-0.0001511999998911051,0.0003688295423245911,0.0003279608392625596,0.0006488000001354521
17.479825,0.0006488000001354521,-0.00011319999989609642,0.0003165585650199199,0.0007259794872965747,0.0006488000001354521
17.499825,-0.0012511999998423562,0.0010668000001260226,0.00019962461780247888,0.0002139748252887278,0.0008388000001104956
17.519824,0.0008388000001104956,0.0003068000001348992,2.601041659551942e-05,2.7517948835671777e-05,0.0006488000001354521
17.539824,0.0025488000001132605,-0.0004931999998916581,-0.00017345950622806486,0.00010327552459861135,-0.0012511999998423562
17.559824,-0.0012511999998423562,-0.0004931999998916581,-0.0003535747525019462,-0.0009657221444089748,-0.0012511999998423562
17.579824,-0.003351199999997334,-0.0004931999998916581,-0.00047774796547004846,-0.0004286592073393378,-0.0012511999998423562
17.599824,-0.0012511999998423562,-0.0012531999998827814,-0.0005436725620897075,-0.0006333212120146295,-0.0012511999998423562
17.619823,0.0008388000001104956,-0.0004931999998916581,-0.0005916088430305889,-0.0006391487178332524,-0.0012511999998423562
17.639823,-0.0012511999998423562,-0.0004931999998916581,-0.0006838186960683693,-0.0006429016315915311,-0.0012511999998423562
17.659823,0.0025488000001132605,-0.00011319999989609642,-0.0008648903501441009,-0.0005198480185464933,0.0006488000001354521
17.679823,-0.003351199999997334,-0.0009511999999176624,-0.0011280587949305096,-0.0007373305360549802,-0.0012511999998423562
17.699823,0.0006488000001354521,-0.001371199999948658,-0.0014096864565202418,-0.0015410601398197473,-0.003351199999997334
17.719822,-0.003351199999997334,-0.0021691999999802645,-0.0016166347347560568,-0.0018401277388954865,-0.003351199999997334
17.739822,-0.003351199999997334,-0.0017491999999492691,-0.0016718420899300788,-0.0019298946386599406,-0.0014412000000447733
17.759822,-0.0014412000000447733,-0.0017491999999492691,-0.0015530167867328641,-0.001862179020924485,-0.0014412000000447733
17.779822,-0.0012511999998423562,-0.0013291999999182735,-0.0013032205510489679,-0.0010585659672828639,-0.0012511999998423562
17.799822,0.0006488000001354521,-0.0005291999998917162,-0.001008329491696668,-0.0011603142190127302,-0.0012511999998423562
17.819822,-0.0012511999998423562,-0.0004911999998512328,-0.0007551097847626129,-0.00035460326326578324,-0.0012511999998423562
17.839821,0.0006488000001354521,-0.0004911999998512328,-0.0005928325710597201,-0.00016837948700654818,-0.0012511999998423562
17.859821,-0.0012511999998423562,-0.0004911999998512328,-0.0005164866076737697,-0.000685628904264989,-0.0012511999998423562
17.879821,-0.0012511999998423562,-0.0004911999998512328,-0.0004763296029892086,-0.00047348438215681166,-0.0012511999998423562
17.899821,0.0006488000001354521,-0.000909199999887278,-0.0004057786997385253,-0.0007812932399740005,-0.0012511999998423562
17.919821,-0.0012511999998423562,-0.00014919999989615462,-0.00025334743031328014,-0.000504486713177861,-0.0012511999998423562
17.93982,-0.0014412000000447733,-0.00014919999989615462,-5.052436939596131e-06,-9.038414908251754e-05,-0.0012511999998423562
17.95982,0.0025488000001132605,0.00023080000009940705,0.000311185361278982,0.0007356065269008984,-0.0012511999998423562
17.97982,-0.0012511999998423562,0.0009908000000905305,0.0006400689132398253,0.0007333920746936272,0.0025488000001132605
17.99982,0.0025488000001132605,0.0014088000001265754,0.0009248089108141886,0.0009393361306472036,0.0025488000001132605
18.019819,0.0025488000001132605,0.0006488000001354521,0.0011309444300227783,0.0011497090910344027,0.0006488000001354521
18.039819,0.0006488000001354521,0.0014088000001265754,0.0012554549881174267,0.0013042778556247355,0.0025488000001132605
18.059819,-0.0012511999998423562,0.0010288000001310138,0.0013170900718266216,0.0011266787880081844,0.0006488000001354521
18.079819,0.0025488000001132605,0.0010288000001310138,0.0013363906552814409,0.0012307580420843683,0.0006488000001354521
18.099818,0.0006488000001354521,0.0010668000001260226,0.001320938780647182,0.0010381006994279502,0.0008388000001104956
18.119818,0.0025488000001132605,0.0014468000001215842,0.0012658485299741956,0.001385769697092093,0.0008388000001104956
18.139818,0.0008388000001104956,0.0014468000001215842,0.001166599602313371,0.0014809911423121615,0.0008388000001104956
18.159818,0.0006488000001354521,0.0014468000001215842,0.0010329048493906484,0.0013680540793766824,0.0008388000001104956
18.179818,0.0025488000001132605,0.0006868000001304609,0.000893141319503252,0.0008033687646987564,0.0006488000001354521
18.199818,0.0006488000001354521,0.0006488000001354521,0.0007849562461564951,0.0005487067600410504,0.0006488000001354521
18.219817,-0.0012511999998423562,0.0006488000001354521,0.0007349866369400155,0.0004446275059648667,0.0006488000001354521
18.239817,0.0006488000001354521,0.00026880000013989046,0.0007380149938589232,0.0008100121213476007,0.0006488000001354521
18.259817,0.0006488000001354521,0.0006488000001354521,0.0007497032016761116,0.0008241846155351935,0.0006488000001354521
18.279817,0.0006488000001354521,0.0010288000001310138,0.0007016437149177064,0.0004277976691314105,0.0006488000001354521
18.299817,0.0025488000001132605,0.0006488000001354521,0.0005338112536710098,0.0008020400933527697,0.0006488000001354521
18.319816,0.0006488000001354521,0.00023080000009940705,0.00022719854646068328,0.0005518069931106661,0.0006488000001354521
18.339816,-0.0012511999998423562,0.00023080000009940705,-0.00018198930454956113,-0.00011917202786767501,0.0006488000001354521
18.359816,-0.0014412000000447733,-0.000909199999887278,-0.0006143512097843924,-0.0008078666665566568,-0.0012511999998423562
18.379816,0.0006488000001354521,-0.0012891999998828397,-0.0009782244976387056,-0.0011112466199306825,-0.0012511999998423562
18.399816,-0.0031511999998201645,-0.0012891999998828397,-0.0012037952540531161,-0.001388053146726822,-0.0012511999998423562
18.419815,-0.0012511999998423562,-0.0008711999998467946,-0.0012660897587972728,-0.001190966899630951,-0.0012511999998423562
18.439815,-0.0012511999998423562,-0.0012511999998423562,-0.0011891659322536725,-0.0011524820511319657,-0.0012511999998423562
18.459815,0.0006488000001354521,-0.0008711999998467946,-0.001031825686264466,-0.0009556055942167346,-0.0012511999998423562
18.479815,-0.0012511999998423562,-0.0008711999998467946,-0.0008631610715969368,-0.000883997202628544,-0.0012511999998423562
18.499815,-0.0012511999998423562,-0.0004931999998461833,-0.0007399951758917617,-0.0004825752912305984,-0.0012511999998423562
18.519814,-0.0012511999998423562,-0.0008751999998821702,-0.000694209522058296,-0.0006882629369474923,-0.0012511999998423562
18.539814,0.0006388000001606997,-0.0008771999999225954,-0.0007303094122637058,-0.0008232046619269485,-0.0012511999998423562
18.559814,-0.0012612000000444823,-0.0008791999999630207,-0.000829890995335754,-0.0010466079253698532,-0.0012612000000444823
18.579814,-0.0012612000000444823,-0.0008812000000034459,-0.0009606112165206393,-0.0009552093240127979,-0.0012612000000444823
18.599813,-0.0012612000000444823,-0.0012612000000444823,-0.0010876448821171094,-0.0013866778555272556,-0.0012612000000444823
18.619813,-0.0012612000000444823,-0.0012612000000444823,-0.001183765462927954,-0.0008074237762834273,-0.0012612000000444823
18.639813,-0.0012612000000444823,-0.0012612000000444823,-0.0012336812151508203,-0.0011135776224216922,-0.0012612000000444823
18.659813,-0.0012612000000444823,-0.0004992000000129338,-0.0012312351146154957,-0.0012170741259033466,-0.0012612000000444823
18.679813,-0.0012612000000444823,-0.0012971999999990657,-0.0011725613441749558,-0.0014367944056057854,-0.0012612000000444823
18.699813,0.0025488000001132605,-0.0012971999999990657,-0.0010514123859473117,-0.001136677855468903,-0.0012612000000444823
18.719812,-0.005251199999975142,-0.0009171999999580294,-0.0008620888420193955,-0.0004313398600895436,-0.0012612000000444823
18.739812,-0.0012612000000444823,-0.00015519999992648082,-0.0006088722213249284,-0.000613531002262195,0.0006388000001606997
18.759812,0.0006388000001606997,-0.000537199999916993,-0.00031278589004741895,-0.00037705081576637305,0.0006388000001606997
18.779812,0.0025488000001132605,-0.0001571999999214313,-7.499692467664447e-06,5.859020989414413e-05,0.0006388000001606997
18.799812,0.0006388000001606997,0.0006048000001101173,0.00027170135616612037,3.667878796278183e-05,0.0006388000001606997
18.819811,-0.003351199999997334,0.0006448000001000765,0.0004935875374326999,0.0007644410257325584,0.0008388000001104956
18.839811,0.0025488000001132605,-0.00015519999992648082,0.0006265121629992458,0.00013590955720908196,0.0006388000001606997
18.859811,0.0008388000001104956,-0.00015519999992648082,0.0006327961419064775,0.000406305827598959,0.0006388000001606997
18.879811,-0.0014512000000195258,0.000642800000105126,0.0004739658963222766,0.0006279375292291942,0.0006388000001606997
18.899811,0.0006388000001606997,0.0006808000001001346,0.00012995694147576792,0.0003538349651286008,0.0006388000001606997
18.91981,0.0006388000001606997,-0.00011919999992642261,-0.00037533146060131475,-5.955244658481713e-06,0.0006388000001606997
18.93981,0.002738800000088304,-0.0009171999999125546,-0.0009574278439935371,-0.0010932279719596473,0.0006388000001606997
18.95981,-0.0031612000000222906,-0.001297199999953591,-0.0014807884409125654,-0.0016900811188482116,-0.0012612000000444823
18.97981,-0.005441199999950186,-0.0016771999999946273,-0.0018005969164423651,-0.001367004195778715,-0.0012612000000444823
18.99981,-0.0012612000000444823,-0.0024772000000211846,-0.001820630109125783,-0.0019031114219337448,-0.0012612000000444823
19.019809,-0.0012612000000444823,-0.0013351999999940745,-0.0015356403318799324,-0.0020658386946614577,-0.0012612000000444823
19.039809,-0.0012612000000444823,-0.0008792000000084954,-0.0010349457680294191,-0.0015096615384654392,-0.0012612000000444823
19.059809,0.0025488000001132605,-0.000499199999967459,-0.00046834426858033705,0.0001405482517904845,-0.0012612000000444823
19.079809,-0.0031612000000222906,0.00026280000006408957,5.7541490446726705e-06,0.0004178209790744377,0.0006388000001606997
19.099809,0.0006388000001606997,0.000642800000105126,0.00026830433915444566,0.00026679533809407385,0.0006388000001606997
19.119808,0.0025488000001132605,-0.000537199999916993,0.000270726275375239,0.00021318228449977825,0.0006388000001606997
19.139808,0.0006388000001606997,0.0002228000001196051,4.345820192786465e-05,-5.348438217203159e-05,0.0006388000001606997
19.159808,-0.003351199999997334,-0.00019519999991644,-0.00031998603285843285,-0.0005172606059793938,0.0006388000001606997
19.179808,0.0006388000001606997,-0.0009571999999479885,-0.0006988377419163386,-0.0005812233099761806,-0.0012612000000444823
19.199808,-0.0014512000000195258,-0.001337199999989025,-0.0009869431396772718,-0.0011290088577864071,-0.0012612000000444823
19.219808,-0.0012612000000444823,-0.0009571999999934633,-0.0011242247974265537,-0.0013227151515007882,-0.0012612000000444823
19.239807,-0.0012612000000444823,-0.0009571999999934633,-0.0011080606233131928,-0.001351503030314036,-0.0012612000000444823
19.259807,-0.0014512000000195258,-0.0009191999999984546,-0.000983896920699174,-0.0004934610722558481,-0.0012612000000444823
19.279807,0.0006388000001606997,-0.0009191999999984546,-0.0008205812072205124,-0.0008761883450026444,-0.0012612000000444823
19.299807,-0.0012612000000444823,-0.00015719999996690603,-0.0006799196068233361,-0.0004300578088303395,-0.0012612000000444823
19.319806,-0.0012612000000444823,-0.000499199999967459,-0.0005917457147732084,-0.00034378741254031096,-0.0012612000000444823
19.339806,0.0025488000001132605,-0.000499199999967459,-0.0005438390270407162,-0.0006695916083572246,-0.0012612000000444823
19.359806,-0.0031612000000222906,-0.0005371999999624677,-0.0004909484684061167,-0.0005955822843582634,-0.0012612000000444823
19.379806,0.0006388000001606997,-0.0005371999999624677,-0.00038030062584208896,-0.00041175944052092913,-0.0012612000000444823
19.399806,-0.0014512000000195258,-0.0005751999999574764,-0.00018316313536200345,-0.0005614097901480243,-0.0012612000000444823
19.419805,-0.0012612000000444823,0.00018480000007912168,8.31141195276817e-05,3.0431701701787368e-05,0.0006388000001606997
19.439805,0.002358800000138217,-0.00019519999996191472,0.0003553185753207892,0.0002716904429476693,-0.0012612000000444823
19.459805,0.0006388000001606997,0.001022800000055213,0.0005484046391756654,0.0009705482518049023,0.0006388000001606997
19.479805,-0.0012612000000444823,0.001022800000055213,0.0005921245296126832,0.0005254433566561788,0.0006388000001606997
19.499804,0.004638800000066112,0.000298800000018673,0.00046274438194696,0.0008549305361610878,-0.0012612000000444823
19.519804,-0.0012612000000444823,-8.120000002236339e-05,0.00019482178015744347,0.0001604317016380435,-0.0012612000000444823
19.539804,-0.0012612000000444823,0.000298800000018673,-0.00013301957403539518,-0.000745302564113943,-0.0012612000000444823
19.559804,-0.0012612000000444823,-0.0012611999999990076,-0.00043163192964494417,-0.00029889230767852386,-0.0012612000000444823
19.579804,0.0006388000001606997,-0.0008811999999579712,-0.0006366756916603829,-0.0006222023309646315,-0.0012612000000444823
19.599804,-0.0031612000000222906,-0.00011919999992642261,-0.0007277014374844104,-0.0009681230768573764,0.0006388000001606997
19.619803,0.0006388000001606997,-0.000537199999916993,-0.0007237693997963221,-0.00015334452205353346,0.0006388000001606997
19.639803,0.0025488000001132605,-0.000537199999916993,-0.0006624390369638191,-0.0006766778553948401,0.0006388000001606997
19.659803,-0.003351199999997334,-0.0001571999999214313,-0.0005778360700206006,-0.000720034498767631,0.0006388000001606997
19.679803,0.0006388000001606997,-0.000955199999953038,-0.0004919472342539088,-0.000557470396207446,-0.0012612000000444823
19.699803,-0.0012612000000444823,-0.000955199999953038,-0.00042118931197579387,-0.0002248596735837,-0.0012612000000444823
19.719802,-0.003351199999997334,-0.0001571999999214313,-0.0003867591417387524,-0.0008143701631311851,0.0006388000001606997
19.739802,0.0025488000001132605,-0.0005751999999574764,-0.00041420265313614376,-0.0006709202796650511,-0.0012612000000444823
19.759802,0.0006388000001606997,-0.0006131999999524851,-0.0005179464793062346,5.6585547848962784e-05,-0.0014512000000195258
19.779802,-0.0014512000000195258,0.00018480000007912168,-0.0006815222948597179,-0.0006439738927358164,0.0006388000001606997
19.799802,-0.0014512000000195258,-0.0006151999999474356,-0.0008504634433291671,-0.0006945566433005698,-0.0014512000000195258
19.819801,0.0006388000001606997,-0.0014131999999790422,-0.000946883101603147,-0.0006190321677680216,-0.0014512000000195258
19.839801,-0.0014512000000195258,-0.0009951999999429973,-0.0009010139754533398,-0.0014664680652246667,-0.0014512000000195258
19.859801,-0.003351199999997334,-0.000537199999916993,-0.0006859211082272305,-0.0009958153845709293,0.0006388000001606997
19.879801,0.0006388000001606997,-0.0009171999999580294,-0.0003389877356214027,-0.00041341445215109193,-0.0012612000000444823
19.899801,0.0008388000001104956,-0.00011719999993147212,4.26485535849521e-05,0.00011469743598320513,0.0006388000001606997
19.919801,-0.0012612000000444823,0.0007208000000900938,0.0003345207875721508,0.0005158862471682494,0.0008388000001104956
19.9398,0.0025488000001132605,0.0007208000000900938,0.0004329973447108815,0.000551434032713737,0.0008388000001104956
19.9598,0.0008388000001104956,0.00030080000005909823,0.0002987718088083486,0.0005681240094055662,0.0006388000001606997
19.9798,0.0006388000001606997,-7.919999993646342e-05,-2.375432626097873e-05,-0.00022858927734204813,0.0006388000001606997
19.999799,-0.0012612000000444823,-0.00046119999992697556,-0.00042113067255396285,-0.00020399720273362116,0.0006388000001606997
20.019799,-0.0031612000000222906,-0.0008811999999579712,-0.0007538582854219421,-0.0008471440558832828,-0.0012612000000444823
20.039799,0.0006388000001606997,-0.0008811999999579712,-0.0009077670992107382,-0.0014489156176767841,-0.0012612000000444823
20.059799,-0.0012612000000444823,-0.001261199999953533,-0.0008311495322690709,-0.0007939972027434104,-0.0012612000000444823
20.079799,0.0006388000001606997,-0.00011919999992642261,-0.0005455901287122947,-0.0004436475524027326,0.0006388000001606997
20.099798,-0.0031612000000222906,0.00026280000006408957,-0.0001320409184619271,-4.938181811268614e-05,0.0006388000001606997
20.119798,0.0025488000001132605,0.00026280000006408957,0.0002992100522608251,0.0006829025641858381,0.0006388000001606997
20.139798,0.0025488000001132605,0.00026280000006408957,0.0006440980548920484,0.0007173780886517016,0.0006388000001606997
20.159798,-0.0012612000000444823,0.0014048000000911997,0.0008338647700581412,0.0006037184149896059,0.0025488000001132605
20.179798,0.0006388000001606997,0.0006428000000596512,0.0008474682520386189,0.0007436951049547446,0.0006388000001606997
20.199797,0.0025488000001132605,-0.00015719999996690603,0.0007054810916921373,0.0008915972028634423,-0.0012612000000444823
20.219797,-0.0012612000000444823,0.0006048000000646425,0.0004527563337175489,-3.322797200545465e-05,0.0006388000001606997
20.239797,-0.0014512000000195258,0.0002248000000236061,0.00014019326454910456,-2.679440556534109e-05,-0.0012612000000444823
20.259797,0.0025488000001132605,-0.0005372000000079425,-0.0001863495683680235,0.00011751794875260624,-0.0012612000000444823
20.279797,-0.0012612000000444823,-0.00015719999996690603,-0.00048732082872075686,-0.00031966153845202846,-0.0012612000000444823
20.299797,-0.0012612000000444823,-0.00011919999997189734,-0.0007252939140959111,-0.0006155822843718991,-0.0012612000000444823
20.319796,0.0006388000001606997,-0.0008812000000034459,-0.0008635351651328169,-0.0006396848484872814,-0.0012612000000444823
20.339796,-0.0012612000000444823,-0.0008812000000034459,-0.0008727674388947349,-0.0010731580419700694,-0.0012612000000444823
20.359796,-0.0012612000000444823,-0.0008812000000034459,-0.0007452381709930238,-0.0010005240093243768,-0.0012612000000444823
20.379796,-0.0012612000000444823,-0.0008812000000034459,-0.000509031647344442,-0.0005294051281966056,-0.0012612000000444823
20.399796,-0.0012612000000444823,-0.00011919999997189734,-0.00023177287438020473,-0.00019665454542487252,-0.0012612000000444823
20.419795,0.0006388000001606997,-0.00011919999997189734,-5.2389958348213315e-06,-8.5582284349487e-05,-0.0012612000000444823
20.439795,0.0025488000001132605,0.0002608000000691391,8.714647544264518e-05,0.00020684195810337854,0.0006388000001606997
20.459795,-0.0012612000000444823,0.0002608000000691391,5.274628898543488e-06,0.0001624363636959454,0.0006388000001606997
20.479795,0.0006388000001606997,-0.00011919999997189734,-0.00022918099239726246,-5.935850811400814e-05,-0.0012612000000444823
20.499794,-0.0012612000000444823,-0.0008812000000034459,-0.0005409835007612686,-0.00061798321678426,-0.0012612000000444823
20.519794,-0.0012612000000444823,-0.0008812000000034459,-0.0008314989986731175,-0.0009952559440770323,-0.0012612000000444823
20.539794,-0.0012612000000444823,-0.0012612000000444823,-0.0010157594102837857,-0.001350617249450102,-0.0012612000000444823
20.559794,-0.0012612000000444823,-0.0008812000000034459,-0.0010503341599063856,-0.000875885314688189,-0.0012612000000444823
20.579794,-0.0012612000000444823,-0.0008812000000034459,-0.000942118615878186,-0.0010299645687780572,-0.0012612000000444823
20.599794,0.0006388000001606997,-0.0005011999999624094,-0.0007374147886352353,-0.0006936009323796023,-0.0012612000000444823
20.619793,-0.0012612000000444823,-0.0005011999999624094,-0.0004989069476592311,-0.000257703496448482,-0.0012612000000444823
20.639793,0.0006388000001606997,-8.119999993141391e-05,-0.0002818544720240677,-8.286247014339411e-06,0.0006388000001606997
20.659793,-0.0012612000000444823,-4.1199999941454735e-05,-0.0001187407193308784,-0.00012157296031395647,0.0006388000001606997
20.679793,0.0008388000001104956,-4.1199999941454735e-05,-1.6029801910769076e-05,-0.00018427692303556992,0.0006388000001606997
20.699793,0.0008388000001104956,-0.00042119999998249116,3.829177149901408e-05,-0.00028311142188660015,-0.0012612000000444823
20.719792,-0.0012612000000444823,-1.199999951495556e-06,6.051510647607298e-05,0.00010010536137073102,0.0008388000001104956
20.739792,-0.0012612000000444823,-4.1199999941454735e-05,5.687760321670569e-05,-0.0001152792540329602,0.0006388000001606997
20.759792,0.0008388000001104956,-8.119999993141391e-05,1.749239583383423e-05,0.0003267720280523696,0.0006388000001606997
20.779792,0.0006388000001606997,-8.119999993141391e-05,-7.618946963147332e-05,-4.900885773006711e-05,0.0006388000001606997
20.799792,0.0006388000001606997,0.0002988000001096225,-0.00023457779792016722,-0.00040565221438089156,0.0006388000001606997
20.819791,-0.0012612000000444823,-0.0005391999999119435,-0.00044619374021319277,-0.00031194592064670893,0.0006388000001606997
20.839791,0.0006388000001606997,-0.0009571999999479885,-0.0006777204987211451,-0.000567423776134106,-0.0012612000000444823
20.859791,-0.003351199999997334,-0.0009571999999479885,-0.0008882273023418846,-0.0009799179486643396,-0.0012612000000444823
20.879791,-0.0014512000000195258,-0.0009571999999479885,-0.0010475767644233668,-0.0011398480186194022,-0.0012612000000444823
20.899791,0.0006388000001606997,-0.001337199999989025,-0.0011464854583776987,-0.0013878666666664245,-0.0012612000000444823
20.919791,-0.0012612000000444823,-0.0009571999999934633,-0.0011928507339463137,-0.0009290321678164012,-0.0012612000000444823
20.93979,-0.0012612000000444823,-0.0009571999999934633,-0.0011997673657080474,-0.001254556643368081,-0.0012612000000444823
20.95979,-0.0014512000000195258,-0.0009571999999934633,-0.0011753370883966943,-0.0008404540792287467,-0.0012612000000444823
20.97979,-0.0014512000000195258,-0.0013751999999840336,-0.0011200218267769014,-0.0012107104894911159,-0.0014512000000195258
20.999789,0.0006388000001606997,-0.0009951999999429973,-0.0010306629820438938,-0.0011580065267702251,-0.0014512000000195258
21.019789,-0.003351199999997334,-0.0009571999999479885,-0.0009075116074996261,-0.0007899645686933973,-0.0012612000000444823
21.039789,0.0006388000001606997,-0.0005391999999119435,-0.0007607058308504224,-0.0006925286712517472,0.0006388000001606997
21.059789,-0.0012612000000444823,-0.0009191999999529799,-0.0006130664005064172,-0.0009848363635862369,-0.0012612000000444823
21.079789,0.0006388000001606997,-0.0005391999999574182,-0.0004975317645893984,-0.0006708270395810567,-0.0012612000000444823
21.099788,-0.0012612000000444823,-0.0009191999999984546,-0.0004501137969856903,-0.00036966153844133245,-0.0012612000000444823
21.119788,-0.0014512000000195258,-0.00015919999996185651,-0.0005001223025948338,-0.0002124354312109661,-0.0012612000000444823
21.139788,-0.0012612000000444823,-0.000539200000002893,-0.0006581248447108731,-0.0007173305361277358,-0.0012612000000444823
21.159788,0.002538800000138508,-0.0009571999999934633,-0.0009032115203545943,-0.0006283095571036091,-0.0012612000000444823
21.179788,-0.0012612000000444823,-0.0009191999999984546,-0.0011767532018238304,-0.001487517016342906,-0.0012612000000444823
21.199788,-0.003351199999997334,-0.0009571999999934633,-0.0013928224595261207,-0.001252785081577142,-0.0012612000000444823
21.219787,-0.0012612000000444823,-0.002135200000020632,-0.0014673489417780855,-0.0014077967366012969,-0.0014512000000195258
21.239787,-0.0014512000000195258,-0.0013751999999840336,-0.0013535250718212468,-0.0014746731934753299,-0.0014512000000195258
21.259787,-0.003351199999997334,-0.0009571999999934633,-0.0010641989519820766,-0.001286444755223914,-0.0012612000000444823
21.279787,0.002538800000138508,-0.0005771999999524269,-0.000669133475659028,-0.0006154657342211926,-0.0012612000000444823
21.299787,-0.0012612000000444823,-0.0001591999999163818,-0.00026935915987763776,2.0082051357067188e-05,0.0006388000001606997
21.319786,0.0006388000001606997,0.0002588000000741886,3.760577784659678e-05,-6.672447544759798e-05,0.0006388000001606997
21.339786,0.0006388000001606997,-0.0001211999999213731,0.0001856083799300124,0.00021229650358973326,0.0006388000001606997
21.359786,-0.0012612000000444823,-0.0001211999999213731,0.00015180084703961236,0.00023842703971683712,0.0006388000001606997
21.379786,0.0006388000001606997,-0.0001211999999213731,-4.621410772720645e-05,-0.00020446340319758458,0.0006388000001606997
21.399786,-0.0012612000000444823,-0.0005011999999624094,-0.0003609059861367756,-0.000501642890395809,-0.0012612000000444823
21.419785,0.0006388000001606997,-0.0005011999999624094,-0.0007264758275422755,-0.0008515263402995536,-0.0012612000000444823
21.439785,-0.0012612000000444823,-0.0012991999999940162,-0.0010697842058587637,-0.0008001510489294201,-0.0012612000000444823
21.459785,-0.0012612000000444823,-0.0008811999999579712,-0.0013221991502485933,-0.0011921090908942806,-0.0012612000000444823
21.479785,-0.003351199999997334,-0.0012611999999990076,-0.0014328141933492512,-0.0017435076923094986,-0.0012612000000444823
21.499785,0.0008288000001357432,-0.0016791999999895778,-0.0013795944869020712,-0.0012585426573037508,-0.0012612000000444823
21.519784,-0.0012612000000444823,-0.0012991999999485415,-0.0011738665294437438,-0.001220896969672018,-0.0012612000000444823
21.539784,-0.003351199999997334,-0.0001211999999213731,-0.0008564896747383326,-0.00039047738920621844,0.0006388000001606997
21.559784,0.0006388000001606997,-0.0005391999999574182,-0.00048700611581057365,-0.0005255589742902012,-0.0012612000000444823
21.579784,0.002538800000138508,-0.0001591999999163818,-0.0001288509670869827,-0.00018674778548482377,0.0006388000001606997
21.599783,-0.0012612000000444823,-0.0001211999999213731,0.00016329888841931135,-0.0001052559439750656,0.0006388000001606997
21.619783,0.0006388000001606997,0.0002588000000741886,0.0003471713779800327,0.00016977902106617507,0.0006388000001606997
21.639783,-0.0031612000000222906,-0.0001211999999213731,0.00038821490940819107,0.0004111543124468629,0.0006388000001606997
21.659783,0.002538800000138508,-0.0001211999999213731,0.0002576566543017701,0.00012327552455023642,0.0006388000001606997
21.679783,0.0006388000001606997,-0.0001211999999213731,-5.599041534250483e-05,-0.0004502675990076553,0.0006388000001606997
21.699783,-0.0012612000000444823,0.0002588000000741886,-0.000524709870102523,0.0001153034965766055,0.0006388000001606997
21.719782,0.0006388000001606997,-0.0009191999999529799,-0.0010640263071100514,-0.0005840205127589011,-0.0012612000000444823
21.739782,-0.0012612000000444823,-0.0009191999999529799,-0.001538211922717486,-0.0011509202796663586,-0.0012612000000444823
21.759782,-0.003351199999997334,-0.0017551999999341206,-0.0017939961563479677,-0.002267004195770103,-0.0012612000000444823
21.779782,0.0006388000001606997,-0.0021731999999701655,-0.0017146928207698259,-0.002293577622332619,-0.0014512000000195258
21.799782,-0.005441199999950186,-0.0017931999999291292,-0.0012744005858767794,-0.0014184261071391701,-0.0014512000000195258
21.819781,-0.0014512000000195258,-0.0006151999999019608,-0.0005661634593733842,-0.0007430181817494666,0.0006388000001606997
21.839781,0.0006388000001606997,0.0001448000000891625,0.0002167372449159928,0.0004505715618780154,0.0006388000001606997
21.859781,0.002538800000138508,0.0013228000000708561,0.0008479491535933564,0.0012411310024316696,0.0006388000001606997
21.879781,0.004438800000116316,0.0017408000001069013,0.0011578714662053872,0.0013447673660459407,0.0006388000001606997
21.899781,0.00044879999995828257,0.001360800000065865,0.0011023191887850835,0.0015750703963240214,0.0006388000001606997
21.91978,0.0006388000001606997,0.0006008000000292668,0.0007738879353219759,0.0007105482517808073,0.00044879999995828257
21.93978,-0.0012612000000444823,-0.000539200000002893,0.00035080699690814534,-0.0001933911421818989,-0.0012612000000444823
21.95978,-0.0012612000000444823,-0.0005011999999624094,1.1655641604631397e-05,-0.0005587757575582727,-0.0012612000000444823
21.97978,-0.0012612000000444823,-0.0005011999999624094,-0.0001403013640981674,-0.00022616503490961615,-0.0012612000000444823
21.999779,0.0006388000001606997,0.0002588000000741886,-0.00010864167676348924,4.137995414575343e-06,0.0006388000001606997
22.019779,0.0006388000001606997,0.000638800000115225,1.764717159072346e-05,0.00022071142201043642,0.0006388000001606997
22.039779,0.002538800000138508,0.00022080000012465463,0.0001201103995984395,0.0002760727273909707,0.0006388000001606997
22.059779,0.0006388000001606997,0.00022080000012465463,0.00010823384635112191,0.00032966247099487574,0.0006388000001606997
22.079779,-0.003351199999997334,-0.0001591999999163818,-4.922087577320775e-05,8.607272739472624e-05,0.0006388000001606997
22.099778,0.0006388000001606997,-0.0005391999999119435,-0.00032574529587236893,-0.00023900885773108155,0.0006388000001606997
22.119778,-0.0012612000000444823,-0.0009571999999479885,-0.0006584979035681084,-0.0009719925407536412,-0.0012612000000444823
22.139778,0.0006388000001606997,-0.0005391999999574182,-0.0009724344490785226,-0.001107074125837094,-0.0012612000000444823
22.159778,-0.0014512000000195258,-0.001337199999989025,-0.0011997018737167624,-0.0012775869463693887,-0.0012612000000444823
22.179778,-0.0012612000000444823,-0.0009571999999479885,-0.001295933808806003,-0.0013550927738655663,-0.0012612000000444823
22.199778,-0.003351199999997334,-0.0017171999999845867,-0.0012541661669858777,-0.0011735076922698847,-0.0014512000000195258
22.219777,0.0006388000001606997,-0.0012991999999485415,-0.0011106293116956315,-0.0009604773892082016,-0.0012612000000444823
22.239777,-0.0031612000000222906,-0.0005391999999119435,-0.0009347900233445724,-0.0010180531467869967,0.0006388000001606997
22.259777,0.0006388000001606997,-0.0005391999999119435,-0.0008028754926221466,-0.0007434610721769283,0.0006388000001606997
22.279777,0.002538800000138508,-0.0009571999999479885,-0.0007651844854646824,-0.0008705706293132506,-0.0014512000000195258
22.299777,-0.003351199999997334,-0.0005771999999524269,-0.0008242994757358642,-0.0006181230768776564,-0.0012612000000444823
22.319777,-0.0014512000000195258,-0.0009571999999934633,-0.0009368483302337631,-0.0007133445221263451,-0.0012612000000444823
22.339776,-0.0012612000000444823,-0.0012991999999940162,-0.001036754489719581,-0.0009126452214432673,-0.0012612000000444823
22.359776,-0.0012612000000444823,-0.0008812000000034459,-0.001065035998532039,-0.0015105473193691244,-0.0012612000000444823
22.379776,0.0008288000001357432,-0.0012611999999990076,-0.0009915108824575917,-0.0014706871794903694,-0.0012612000000444823
22.399776,-0.0012612000000444823,-0.0008811999999579712,-0.0008236582813555151,-0.000708915617677882,-0.0012612000000444823
22.419775,-0.003351199999997334,-0.0005011999999169348,-0.000604550398040729,-0.0004303375290468127,0.0006388000001606997
22.439775,0.0006388000001606997,-0.0005391999999119435,-0.000400386617673896,-1.4020512704446936e-05,0.0006388000001606997
22.459775,0.0006388000001606997,-0.00015919999987090705,-0.0002767535717563291,-0.00031297156166499034,0.0006388000001606997
22.479775,0.0006388000001606997,0.0002588000001196633,-0.00026931580749162435,-0.0003816195803092924,0.0006388000001606997
22.499775,0.0006388000001606997,-0.0005391999999119435,-0.00036402009497358136,-0.0003391020977973944,0.0006388000001606997
22.519774,-0.0012612000000444823,-0.0005391999999119435,-0.0005012744460745474,-0.0003966778553984501,0.0006388000001606997
22.539774,-0.003351199999997334,-0.0009191999999529799,-0.0006044256076527507,-0.0008665846153298805,-0.0012612000000444823
22.559774,0.0006388000001606997,-0.0009191999999529799,-0.0006160031991653118,-0.0008200811188245419,-0.0012612000000444823
22.579774,-0.0012612000000444823,-0.0005391999999119435,-0.0005199705500789091,-0.00041660792532113226,0.0006388000001606997
22.599773,0.0006388000001606997,0.0002588000001196633,-0.0003390153036879316,-6.672447541102738e-05,0.0006388000001606997
22.619773,0.0006388000001606997,0.0002588000001196633,-0.00011336412222304236,-4.71981339913931e-06,0.0006388000001606997
22.639773,0.0006388000001606997,0.00022080000012465463,0.00012172003056900847,0.00012814731945160168,0.0006388000001606997
22.659773,0.0006388000001606997,-0.0001591999999163818,0.00034466735887399877,0.00011884662013198367,0.0006388000001606997
22.679773,-0.0014512000000195258,0.00022080000007917988,0.0005394296902848012,0.000652529603841331,0.0006388000001606997
22.699773,-0.0012612000000444823,0.0006008000000747415,0.0006813512156702471,0.00045721491848763876,0.0006388000001606997
22.719772,0.002538800000138508,0.0006008000000747415,0.0007339899353954535,0.0006653734266516665,0.0006388000001606997
22.739772,0.002538800000138508,0.0006388000000697502,0.0006648706154229044,0.0007344643357398608,0.0006388000001606997
22.759772,0.0006388000001606997,0.0010568000001057952,0.00047020113398327755,0.0004975179487768952,0.0008288000001357432
22.779772,-0.0012612000000444823,0.00029680000006919726,0.0001885354450674259,0.0005573081585921124,0.0006388000001606997
22.799772,0.0008288000001357432,-0.0005011999999624094,-0.00010872213515242707,-4.768018642383083e-05,-0.0012612000000444823
22.819771,-0.0012612000000444823,-0.0005011999999624094,-0.0003449764505194615,-0.0007474470862217801,-0.0012612000000444823
22.839771,-0.0014512000000195258,-0.0005011999999624094,-0.00046852469843364924,-0.0007961650349380998,-0.0012612000000444823
22.859771,0.0006388000001606997,-0.0005391999999574182,-0.0004701901750968608,-0.00014954498828426296,-0.0012612000000444823
22.879771,-0.0012612000000444823,-0.0001591999999163818,-0.00038169224304712023,-0.00021863589735284704,0.0006388000001606997
22.89977,0.0006388000001606997,0.0002588000001196633,-0.0002577670898416944,-0.00038914871786818153,0.0006388000001606997
22.91977,0.0006388000001606997,-0.0005011999999169348,-0.00015248663878588092,1.6538927865289888e-05,0.0006388000001606997
22.93977,0.0006388000001606997,-8.319999988088966e-05,-0.00010197228299748714,2.539673672458532e-05,0.0006388000001606997
22.95977,-0.0031612000000222906,-8.319999988088966e-05,-0.0001204975805786003,-0.00038693426564607005,0.0006388000001606997
22.97977,0.0008288000001357432,-0.00046319999992192604,-0.00020734096716416538,-0.0002314797201817326,0.0006388000001606997
22.999769,0.0006388000001606997,-0.0008431999999629625,-0.0003549808632462292,-0.0003218293705666864,-0.0012612000000444823
23.019769,-0.0012612000000444823,-8.319999992636439e-05,-0.0005515465545304668,-0.0007846498834165106,0.0006388000001606997
23.039769,-0.0012612000000444823,-0.0005391999999574182,-0.0007782926152678503,-0.0005981930069533842,-0.0012612000000444823
23.059769,0.0006388000001606997,-0.001337199999989025,-0.001007363650281252,-0.0008665846153441904,-0.0012612000000444823
23.079769,-0.0014512000000195258,-0.0009571999999479885,-0.0012040196635754743,-0.0013382629370220396,-0.0012612000000444823
23.099768,-0.003351199999997334,-0.001375199999938559,-0.001334205569629394,-0.0013356055943533856,-0.0014512000000195258
23.119768,0.0006388000001606997,-0.0013371999999435501,-0.0013745381804654681,-0.001185022843752253,-0.0014512000000195258
23.139768,-0.003351199999997334,-0.0012991999999485415,-0.0013191676454777901,-0.0013887524475144587,-0.0012612000000444823
23.159768,0.0008288000001357432,-0.0008811999999579712,-0.0011797278860995201,-0.0014286125874022233,-0.0012612000000444823
23.179768,-0.0012612000000444823,-0.0012611999999990076,-0.0009797925047042866,-0.0007864214451777694,-0.0012612000000444823
23.199768,-0.0012612000000444823,-0.0004631999999674008,-0.0007485534989176049,-0.0004236941724504392,-0.0012612000000444823
23.219768,-0.0012612000000444823,-0.0005011999999624094,-0.000516769276618817,-0.0008762815850659687,-0.0012612000000444823
23.239767,0.0006388000001606997,-0.0005011999999624094,-0.00031409327378265496,-0.00019982470858279167,-0.0012612000000444823
23.259767,0.0006388000001606997,-0.0005011999999624094,-0.00016579542082900442,-0.0002991020978602239,-0.0012612000000444823
23.279767,-0.0012612000000444823,0.00022280000007413037,-8.929747950614964e-05,-0.00016078041953955836,0.0006388000001606997
23.299767,-0.0012612000000444823,-0.00015719999996690603,-9.210045099934409e-05,-1.2062470812829689e-05,-0.0012612000000444823
23.319766,0.002358800000138217,-0.0005372000000079425,-0.00017071473811040543,-8.059393935412596e-05,-0.0012612000000444823
23.339766,-0.0012612000000444823,-0.00015719999996690603,-0.00030953539159438024,-0.00035043076922148565,-0.0012612000000444823
23.359766,-0.0012612000000444823,-0.00015719999996690603,-0.0004810643631647174,-0.00045441678321049485,-0.0012612000000444823
23.379766,0.0006388000001606997,-0.0008812000000034459,-0.0006498757737062967,-0.0008540438228371806,-0.0012612000000444823
23.399765,-0.0012612000000444823,-0.0009191999999984546,-0.0007801283589159226,-0.0009549529137586252,-0.0012612000000444823
23.419765,-0.0012612000000444823,-0.0009571999999934633,-0.00084371368092192,-0.0007146265734263598,-0.0012612000000444823
23.439765,-0.0014512000000195258,-0.000539200000002893,-0.0008252430969449769,-0.0003267011654701719,-0.0012612000000444823
23.459765,-0.0014512000000195258,-0.00012119999996684783,-0.0007207507205177383,-0.0007102442890254592,-0.0012612000000444823
23.479765,0.0027288000001135515,-0.0005011999999624094,-0.0005309556909216257,-0.0006486825174754836,-0.0014512000000195258
23.499765,0.0008288000001357432,-0.0004631999999674008,-0.000256835998618753,-0.0001747897435522029,-0.0012612000000444823
23.519764,-0.0031612000000222906,0.00037280000005921463,9.282853880187767e-05,-5.078041952365663e-05,0.0008288000001357432
23.539764,-0.0012612000000444823,-7.199999936347013e-06,0.00048281253733784165,0.0003407347320079114,0.0008288000001357432
23.559764,0.0027288000001135515,-4.5199999931355705e-05,0.0008379171018436243,0.0007233920746944944,0.0006388000001606997
23.579764,0.0008288000001357432,0.001094800000100804,0.0010528249623840454,0.0006653734266781669,0.0008288000001357432
23.599763,0.0006388000001606997,0.0015128000001368492,0.0010275705782228507,0.001383741725044861,0.0008288000001357432
23.619763,0.002538800000138508,0.0007148000001052423,0.0007121950665777903,0.0009700820513785695,0.0008288000001357432
23.639763,0.0008288000001357432,0.00029680000006919726,0.00013762186067927312,0.00016667878797164916,0.0006388000001606997
23.659763,-0.0012612000000444823,-0.0008811999999579712,-0.0005839184306955584,-0.0006123655011049365,-0.0012612000000444823
23.679763,-0.0012612000000444823,-0.001261199999953533,-0.0012916432054099183,-0.0012098247085821309,-0.0012612000000444823
23.699763,-0.005251199999975142,-0.0017171999999845867,-0.001828762335557342,-0.0018272139859899573,-0.0012612000000444823
23.719762,0.0006388000001606997,-0.002135199999975157,-0.002091711616424691,-0.0024720624708650446,-0.0014512000000195258
23.739762,-0.0014512000000195258,-0.002135199999975157,-0.002057020460661924,-0.0021111067598968535,-0.0014512000000195258
23.759762,-0.003351199999997334,-0.001337199999989025,-0.00178093881193691,-0.001621269930041151,-0.0012612000000444823
23.779762,-0.0012612000000444823,-0.0012991999999940162,-0.0013783827668869062,-0.001413111421908394,-0.0012612000000444823
23.799762,-0.0012612000000444823,-0.0012611999999990076,-0.000989469093528979,-0.0006176801864804046,-0.0012612000000444823
23.819761,0.0008288000001357432,-0.0008432000000084372,-0.0007401950623596642,-0.0010543701631670842,-0.0012612000000444823
23.839761,-0.0012612000000444823,-0.0004631999999674008,-0.0007057997447737091,-0.0007886358974083609,-0.0012612000000444823
23.859761,-0.0012612000000444823,-0.0008811999999579712,-0.0008878831806104733,-0.0005384027971784476,-0.0012612000000444823
23.879761,0.0006388000001606997,-0.0012991999999940162,-0.0012135859760578807,-0.001105745454518667,-0.0012612000000444823
23.899761,-0.003351199999997334,-0.0012991999999940162,-0.0015580003740535329,-0.0014773305361185432,-0.0012612000000444823
23.91976,-0.0012612000000444823,-0.0017171999999845867,-0.0017837933969251183,-0.0021992419580665864,-0.0012612000000444823
23.93976,-0.0012612000000444823,-0.002097200000025623,-0.0017866970351184262,-0.0019109202797377273,-0.0012612000000444823
23.95976,-0.003351199999997334,-0.0017172000000300613,-0.001532776418507219,-0.001629684848500545,-0.0012612000000444823
23.97976,-0.0012612000000444823,-0.0009571999999934633,-0.0010741164494759512,-0.001049055477849387,-0.0012612000000444823
23.999759,-0.0014512000000195258,-0.0005771999999524269,-0.000534463598086463,-0.0003802909090534067,-0.0012612000000444823
24.019759,0.002538800000138508,0.00022080000007917988,-6.648542893154229e-05,0.0001489631702424582,0.0006388000001606997
24.039759,0.0006388000001606997,0.0001828000000841712,0.0002039514781226469,0.00013567645696438028,0.0006388000001606997
24.059759,0.0006388000001606997,0.0006008000001202163,0.00022210063047763842,0.00020653892783503372,0.0006388000001606997
24.079759,-0.0014512000000195258,-0.0005771999999069522,1.772421833583742e-05,3.3368764695036035e-05,0.0006388000001606997
24.099758,0.0006388000001606997,-0.0005771999999069522,-0.0003149582778854585,-4.147972016163787e-05,0.0006388000001606997
24.11976,-0.003351199999997334,-0.0005771999999069522,-0.0006565636595611267,-0.0009631347318583053,0.0006388000001606997
24.139758,0.0006388000001606997,-0.0005391999999119435,-0.0009014945565500183,-0.0010716428903808318,0.0006388000001606997
24.159758,0.0006388000001606997,-0.0013371999999435501,-0.0009838510552028356,-0.0009011300698469471,-0.0012612000000444823
24.179758,-0.0012612000000444823,-0.0005391999999119435,-0.0008891518986679969,-0.0008103375290557315,0.0006388000001606997
24.199757,-0.003351199999997334,-0.0005391999999119435,-0.0006564961452425938,-0.0008395682983049217,0.0006388000001606997
24.219757,0.0006388000001606997,-0.0009191999999529799,-0.0003717966785977175,-0.00043560559432436754,-0.0012612000000444823
24.239757,0.0006388000001606997,-0.0005391999999119435,-0.00014735816376100296,-0.00023082703954077,0.0006388000001606997
24.259757,-0.0012612000000444823,0.0002588000001196633,-8.681640431849712e-05,6.716829847071545e-05,0.0006388000001606997
24.279757,0.0006388000001606997,0.0002988000001096225,-0.000244929140025573,0.00020061818194036662,0.0006388000001606997
24.299757,0.0006388000001606997,-0.0004991999999219843,-0.000598740441793816,-0.0002640671327642511,0.0006388000001606997
24.319756,0.0008388000001104956,-0.0009171999999125546,-0.0010459473078466253,-0.001367190675940874,0.0006388000001606997
24.339756,-0.003351199999997334,-0.0016771999999491527,-0.001438161590368434,-0.0017769808857485312,-0.0031612000000222906
24.359756,-0.003351199999997334,-0.002057199999990189,-0.0016407902243490804,-0.00182826293702566,-0.0031612000000222906
24.379756,-0.0031612000000222906,-0.0020971999999801483,-0.0015929630082118541,-0.0019240671328460879,-0.0031612000000222906
24.399755,-0.0012612000000444823,-0.0012991999999485415,-0.0013347413369412327,-0.0010519459206949015,-0.0012612000000444823
24.419755,0.0006388000001606997,-0.0005011999999169348,-0.0009844069420440508,-0.0009944867132095716,0.0006388000001606997
24.439755,0.0006388000001606997,0.0002588000001196633,-0.0006777929209800938,-0.00024588531456420644,0.0006388000001606997
24.459755,0.0006388000001606997,-0.0005391999998664687,-0.0005041742477336986,-0.00010821631688132338,0.0006388000001606997
24.479755,0.0006388000001606997,-0.0004991999998765096,-0.0004739757895937402,-0.00043802983671810896,0.0006388000001606997
24.499754,-0.005251199999975142,-0.0008791999999175459,-0.0005326672059809146,-0.0008690554777526339,0.0006388000001606997
24.519754,0.0008388000001104956,-0.0012591999999585824,-0.0006066765082927477,-0.000995162703899226,-0.0012612000000444823
24.539754,-0.0012612000000444823,-0.0012591999999585824,-0.0006498425549278162,-0.0011117128204873976,-0.0012612000000444823
24.559754,-0.0012612000000444823,-0.00011919999997189734,-0.0006635762807026829,-0.00042630489509220106,0.00044879999995828257
24.579754,0.0006388000001606997,-0.000539200000002893,-0.0006842052433630517,-0.00042828624707014044,-0.0012612000000444823
24.599753,0.00044879999995828257,-0.00011919999997189734,-0.0007509293159579788,-0.00021106013983649688,0.00044879999995828257
24.619753,-0.0012612000000444823,-0.0009171999999580294,-0.0008766516589002561,-0.0011909902097893546,0.00044879999995828257
24.639753,0.0008388000001104956,-0.0012971999999990657,-0.0010396942818373188,-0.001100570629343127,-0.0012612000000444823
24.659753,-0.005251199999975142,-0.0016771999999946273,-0.0011999645193888988,-0.0014616428904296941,-0.0012612000000444823
24.679753,-0.0012612000000444823,-0.001297199999953591,-0.001326168554294425,-0.001204673193457402,-0.0012612000000444823
24.699753,-0.0014512000000195258,-0.0017551999999795953,-0.0014126977850159447,-0.0014018993006471993,-0.0014512000000195258
24.719752,0.0006388000001606997,-0.0005771999999524269,-0.001473473182983973,-0.0013982862470294875,-0.0012612000000444823
24.739752,-0.0014512000000195258,-0.001375199999938559,-0.0015197485532872058,-0.001496328205082558,-0.0014512000000195258
24.759752,0.0006388000001606997,-0.001375199999938559,-0.0015427722211776701,-0.0012780298367936704,-0.0014512000000195258
24.779752,-0.005251199999975142,-0.001793199999974604,-0.0015177249270292672,-0.00176343776220356,-0.0014512000000195258
24.799752,-0.0014512000000195258,-0.001793199999974604,-0.00142646694189102,-0.0015729948717485831,-0.0014512000000195258
24.819751,-0.0014512000000195258,-0.001793199999974604,-0.0012797654405690864,-0.0013094750582390018,-0.0014512000000195258
24.839751,-0.0014512000000195258,-0.0006151999999474356,-0.0011191789100988862,-0.001247470396234534,-0.0014512000000195258
24.859751,0.0006388000001606997,-0.0005771999999524269,-0.0009946269689054168,-0.000999894638651544,-0.0012612000000444823
24.879751,0.0006388000001606997,-0.0009571999999479885,-0.0009324716032909191,-0.00035548904422087876,-0.0012612000000444823
24.89975,-0.0012612000000444823,-0.0005391999999119435,-0.0009165176875388938,-0.0006947431234712087,0.0006388000001606997
24.91975,-0.003351199999997334,-0.0009191999999529799,-0.0008957649120864749,-0.0011300578088130997,-0.0012612000000444823
24.93975,0.0006388000001606997,-0.0012991999999940162,-0.0008144616907990023,-0.0011050927738761147,-0.0012612000000444823
24.95975,-0.0012612000000444823,-0.0012991999999940162,-0.0006458842140208347,-0.0010905006993028614,-0.0012612000000444823
24.97975,-0.0012612000000444823,-0.00011919999997189734,-0.0004107438364222454,-0.00047768018645438434,-0.0012612000000444823
24.999749,-0.0012612000000444823,-0.00011919999997189734,-0.00017083935729730174,0.0001727627040179446,-0.0012612000000444823
25.019749,0.0025488000001132605,0.00030080000005909823,-4.5504424815094496e-07,0.0004502685315227495,0.0006388000001606997
25.039749,0.0006388000001606997,0.00030080000005909823,5.096338950943038e-05,0.00011124755249221103,0.0006388000001606997
25.059749,0.0008388000001104956,0.00026280000006408957,-1.5809127145243753e-05,-3.0710489470477586e-05,0.0006388000001606997
25.079749,-0.0012612000000444823,-0.000499199999967459,-0.00015290922035463572,-0.00031043076920375396,-0.0012612000000444823
25.099749,-0.0014512000000195258,-0.0008792000000084954,-0.0002965934790116622,-0.0006127617715436674,-0.0012612000000444823
25.119748,-0.0012612000000444823,-0.0009191999999984546,-0.0004071167642612765,-0.0008225519813262667,-0.0012612000000444823
25.139748,-0.0012612000000444823,-0.0005391999999574182,-0.0004913459119772402,-0.00019982470859074183,-0.0012612000000444823
25.159748,0.0006388000001606997,-0.0001211999999213731,-0.0005930388252331089,-0.0004688223775601082,0.0006388000001606997
25.179748,0.0006388000001606997,-0.0001211999999213731,-0.0007568172919852705,-0.0005361883449022753,0.0006388000001606997
25.199748,0.0006388000001606997,-0.0009191999999075051,-0.0009897350905104792,-0.0007992652679870447,0.0006388000001606997
25.219747,-0.0012612000000444823,-0.0012991999999485415,-0.0012469497849603279,-0.0014936708624202644,-0.0012612000000444823
25.239747,-0.005251199999975142,-0.0016791999999895778,-0.0014520191568851081,-0.001488193006958889,-0.0012612000000444823
25.259747,-0.0012612000000444823,-0.002097200000025623,-0.0015377696797358828,-0.0014315729603795024,-0.0012612000000444823
25.279747,-0.0012612000000444823,-0.0013351999999940745,-0.0014794127168386926,-0.00149078041959542,-0.0012612000000444823
25.299747,-0.0014512000000195258,-0.0005372000000079425,-0.001299665371259218,-0.0014970741259050365,-0.0012612000000444823
25.319746,0.0025488000001132605,-0.0009551999999985128,-0.0010485849317937123,-0.0010642069930135289,-0.0012612000000444823
25.339746,-0.0012612000000444823,-0.0009551999999985128,-0.0007786019231566079,-0.0005406638694629618,-0.0012612000000444823
25.359746,-0.003351199999997334,-0.0005371999999624677,-0.0005338127883586269,-0.0003811999999554324,-0.0012612000000444823
25.379746,-0.0012612000000444823,-0.0008791999999630207,-0.00035477392543508855,-0.0005782862470354029,-0.0012612000000444823
25.399746,0.0006388000001606997,-0.0004991999999219843,-0.00028319235395369365,-0.0005455356642588557,0.0006388000001606997
25.419745,0.0008388000001104956,-0.00046119999992697556,-0.0003520431845477055,-0.0005508969696166951,0.0006388000001606997
25.439745,0.0006388000001606997,-8.119999988593918e-05,-0.0005638770924240779,-0.0003043701630694078,0.0006388000001606997
25.459745,-0.0031612000000222906,-0.00046119999992697556,-0.0008742176656807742,-0.0004176568763695548,0.0006388000001606997
25.479745,0.0006388000001606997,-0.0012991999999485415,-0.0011946467220386211,-0.0011738107225647298,-0.0012612000000444823
25.499745,-0.0012612000000444823,-0.0016791999999895778,-0.0014171660067752675,-0.0016440904428877893,-0.0012612000000444823
25.519744,-0.003351199999997334,-0.0012991999999940162,-0.0014503386126309386,-0.001645139393939392,-0.0012612000000444823
25.539744,-0.0012612000000444823,-0.0012991999999940162,-0.0012528812257295563,-0.0012939738927637229,-0.0012612000000444823
25.559744,-0.0012612000000444823,-0.0009191999999529799,-0.0008504495279453124,-0.0006451393938925449,-0.0012612000000444823
25.579744,0.0006388000001606997,-0.0001211999999213731,-0.00032740058231302044,-0.0006481930069220181,0.0006388000001606997
25.599744,0.0006388000001606997,0.0002588000001196633,0.00020302120661143757,0.0002541379954575576,0.0006388000001606997
25.619743,0.0006388000001606997,0.0006388000001606997,0.0006363492774146924,0.0011101752915341652,0.0006388000001606997
25.639743,0.0006388000001606997,0.0010208000001512118,0.0009070336576612689,0.001021737063099268,0.0006388000001606997
25.659743,0.0006388000001606997,0.0010208000001512118,0.0010020498202223372,0.0007975878789420062,0.0006388000001606997
25.679743,0.0025488000001132605,0.0006028000001151668,0.00095673279475557,0.0008984037297418257,0.0006388000001606997
25.699743,0.0006388000001606997,0.0006028000001151668,0.0008360242298716097,0.0007595925408994948,0.0006388000001606997
25.719742,-0.0014512000000195258,0.000984800000105679,0.0007069762099519991,0.0006247440560310634,0.0006388000001606997
25.739742,0.0006388000001606997,0.00022280000007413037,0.0006121404141573779,0.00033357855486079165,0.0006388000001606997
25.759742,0.0025488000001132605,0.00022280000007413037,0.0005553073514715844,0.0007418303031232715,0.0006388000001606997
25.779742,-0.0012612000000444823,0.0006408000001101755,0.000505731815593772,0.0003561659674521277,0.0006388000001606997
25.799742,0.0006388000001606997,0.0010228000001006876,0.0004173760715208911,0.000587541258843753,0.0006388000001606997
25.819741,0.0006388000001606997,-0.0001571999999214313,0.00025376151284433614,0.0005722498835639542,0.0006388000001606997
25.839741,0.0025488000001132605,0.0002228000001196051,8.211489493663425e-06,1.970909099935868e-05,0.0006388000001606997
25.859741,-0.003351199999997334,-0.0001571999999214313,-0.0002892813216174686,-0.0005749296036670942,0.0006388000001606997
25.879741,0.0006388000001606997,-0.0005751999999574764,-0.0005823794149505385,-0.0004194284381620843,-0.0012612000000444823
25.89974,-0.0012612000000444823,-0.001337199999989025,-0.0008108249213852252,-0.0007964680652355947,-0.0012612000000444823
25.91974,-0.0014512000000195258,-0.0005391999999574182,-0.0009334042441370264,-0.0011427384615380581,-0.0012612000000444823
25.93974,-0.0012612000000444823,-0.0009191999999984546,-0.000941130684652121,-0.0010552093239956464,-0.0012612000000444823
25.95974,0.0006388000001606997,-0.0009191999999984546,-0.0008568236723588338,-0.0004874703962469066,-0.0012612000000444823
25.97974,-0.0012612000000444823,-0.0005011999999624094,-0.0007240576678469459,-0.0009219459207491052,-0.0012612000000444823
25.99974,-0.0012612000000444823,-0.0005011999999624094,-0.0005922104901988179,-0.0007071440559277534,-0.0012612000000444823
26.019739,0.0006388000001606997,-0.0008812000000034459,-0.0005034462924810042,-0.0002620391607986402,-0.0012612000000444823
26.039739,-0.0012612000000444823,-0.0005011999999624094,-0.0004838114079345704,-0.0003727617715093578,-0.0012612000000444823
26.059739,-0.0012612000000444823,-0.0001211999999213731,-0.0005381147347810615,-0.0007957221444920874,0.0006388000001606997
26.079739,0.0006388000001606997,-0.0008811999999579712,-0.0006483151080441007,-0.0005853491840794477,-0.0012612000000444823
26.099739,0.0006388000001606997,-0.0009191999999529799,-0.0007767491677727768,-0.0006628550115830452,-0.0012612000000444823
26.119738,-0.0031612000000222906,-0.0005391999999119435,-0.0008764523147728861,-0.0010282396270028798,0.0006388000001606997
26.139738,-0.0014512000000195258,-0.0009191999999529799,-0.0009077400370119869,-0.000760290909027345,-0.0012612000000444823
26.159738,0.0006388000001606997,-0.0012991999999940162,-0.0008541608709141079,-0.0009396615384258254,-0.0012612000000444823
26.179738,-0.0012612000000444823,-0.0005391999999574182,-0.0007291816166529738,-0.0010481696969605425,-0.0012612000000444823
26.199738,-0.0012612000000444823,-0.0005011999999624094,-0.0005705259903523298,-0.0005676335663937175,-0.0012612000000444823
26.219737,0.0006388000001606997,-0.0005011999999624094,-0.00042561349196191547,-1.6234964963129104e-05,-0.0012612000000444823
26.239737,-0.0012612000000444823,-0.0001211999999213731,-0.0003338846482577925,-0.00015574545447437469,0.0006388000001606997
26.259737,0.0006388000001606997,-0.0001211999999213731,-0.00031193006483068333,-0.0005082862470494232,0.0006388000001606997
26.279737,0.0006388000001606997,-0.0005011999999624094,-0.00034743206775120894,-0.00026026759900399073,-0.0012612000000444823
26.299736,-0.0012612000000444823,-0.0005011999999624094,-0.00040618104883068736,-0.0005082862470494232,-0.0012612000000444823
26.319736,-0.0012612000000444823,-0.0005011999999624094,-0.00045073940684106027,-0.000734160372947942,-0.0012612000000444823
26.339736,-0.0012612000000444823,-0.0008812000000034459,-0.0004615777321008737,-0.000403764102519807,-0.0012612000000444823
26.359736,0.0006388000001606997,-0.0005011999999624094,-0.00044799818405432415,-0.0004741836829460383,-0.0012612000000444823
26.379735,-0.0012612000000444823,-0.0001211999999213731,-0.0004416577504305337,-0.00023502284376997147,0.0006388000001606997
26.399735,0.0006388000001606997,-0.0001591999999163818,-0.00047669792585423187,-0.00043875244749136605,0.0006388000001606997
26.419735,0.0006388000001606997,-0.0005771999999524269,-0.0005689860646791396,-0.0006823421910846254,-0.0012612000000444823
26.439735,-0.0014512000000195258,-0.0009571999999479885,-0.0007073453161484919,-0.000531759440489323,-0.0014512000000195258
26.459735,-0.0014512000000195258,-0.0009571999999479885,-0.000861760504285551,-0.0009082163169550537,-0.0014512000000195258
26.479735,-0.0031612000000222906,-0.0009571999999479885,-0.001001702918109051,-0.0010056522143823932,-0.0014512000000195258
26.499735,0.0006388000001606997,-0.0012991999999485415,-0.0011104779487287255,-0.0015016895104668978,-0.0014512000000195258
26.519734,0.0006388000001606997,-0.001261199999953533,-0.001186011963413134,-0.0013156755244391836,-0.0012612000000444823
26.539734,-0.0031612000000222906,-0.0008811999999579712,-0.0012309518191050291,-0.0009657920745370291,-0.0012612000000444823
26.559734,-0.0012612000000444823,-0.0008811999999579712,-0.0012424821619756072,-0.0008510834498381709,-0.0012612000000444823
26.579734,-0.0012612000000444823,-0.0012611999999990076,-0.001208761203207832,-0.0006252093239905329,-0.0012612000000444823
26.599733,0.0006388000001606997,-0.0008812000000034459,-0.0011123557521761686,-0.0015442069930339168,-0.0012612000000444823
26.619733,-0.0012612000000444823,-0.0008812000000034459,-0.0009398938026561748,-0.0015419925408202853,-0.0012612000000444823
26.639733,-0.0012612000000444823,-0.0012991999999940162,-0.0006975893640901233,-0.0006628550116381662,-0.0012612000000444823
26.659733,-0.0012612000000444823,-0.0009191999999984546,-0.00042716285916972964,-0.00045868251745061884,-0.0012612000000444823
26.679733,-0.003351199999997334,-0.00015919999996185651,-0.00020898911690063303,-0.0003196149183965159,-0.0012612000000444823
26.699733,0.002538800000138508,-0.00015919999996185651,-0.00013996948641404212,-0.0001375869463627721,-0.0012612000000444823
26.719732,0.002538800000138508,-0.0001971999999568652,-0.0002884424223166873,5.5513286771988624e-05,-0.0012612000000444823
26.739732,-0.0012612000000444823,0.0002588000000741886,-0.0006488119675773092,-0.00038516270389382114,-0.0010711999998420652
26.759732,-0.0014512000000195258,-0.0009191999999529799,-0.0011259415461629808,-0.0008568410255790902,-0.0012612000000444823
26.779732,-0.0010711999998420652,-0.0020971999999801483,-0.0015641508381086745,-0.0015189622377415964,-0.0014512000000195258
26.799731,-0.003351199999997334,-0.0020971999999801483,-0.0018093549897868157,-0.002615558974363371,-0.0014512000000195258
26.819731,-0.003351199999997334,-0.0020591999999851397,-0.0017747275783375964,-0.0021372372960181277,-0.0012612000000444823
26.839731,-0.0012612000000444823,-0.0017171999999845867,-0.0014787248531642119,-0.001120360839119412,-0.0012612000000444823
26.859731,-0.0012612000000444823,-0.0005391999999574182,-0.0010372935395012203,-0.0010118526806292157,-0.0012612000000444823
26.879731,0.0006388000001606997,-0.00012119999996684783,-0.0006137286090118135,-0.0005716195803876879,-0.0012612000000444823
26.89973,0.002538800000138508,-0.0005391999999574182,-0.0003504285860220602,-0.000270011188769091,-0.0012612000000444823
26.91973,-0.0012612000000444823,-0.0001591999999163818,-0.00031523195588735263,7.544335670633097e-05,0.0006388000001606997
26.93973,-0.003351199999997334,-0.0005391999999574182,-0.0004849397720571925,-0.0003497314684555794,-0.0012612000000444823
26.95973,0.0006388000001606997,-0.0009191999999529799,-0.0007661622748309503,-0.0009188456875941584,-0.0012612000000444823
26.97973,-0.0012612000000444823,-0.0013371999999435501,-0.0010357306801161005,-0.001232855011612589,-0.0012612000000444823
26.99973,0.0006388000001606997,-0.0009571999999479885,-0.0011819312547623367,-0.0015030181817800245,-0.0012612000000444823
27.019729,-0.003351199999997334,-0.0009571999999479885,-0.0011375332705839123,-0.0010583561770990439,-0.0012612000000444823
27.039729,-0.0014512000000195258,-0.0009951999999429973,-0.0009010718274979322,-0.0007682629370078661,-0.0014512000000195258
27.059729,0.0006388000001606997,-0.0009951999999429973,-0.0005410181573937883,-0.0006823421910671352,-0.0014512000000195258
27.079729,-0.0014512000000195258,-0.0001591999999163818,-0.00017758383471645447,-0.00039003449874748595,0.0006388000001606997
27.099729,0.0006388000001606997,0.0002588000001196633,5.5850675850524534e-05,0.00010866013995108171,0.0006388000001606997
27.119728,0.0008288000001357432,-0.0001211999999213731,6.0245170556525144e-05,0.0005945109558218238,0.0006388000001606997
27.139728,0.0006388000001606997,0.000296800000114672,-0.0001895430546521503,-0.00023192261062933488,0.0006388000001606997
27.159728,-0.0012612000000444823,-0.0005011999999169348,-0.0006293249652587554,-0.00034485967357700427,0.0006388000001606997
27.179728,0.0006388000001606997,-0.001375199999938559,-0.001123129781175228,-0.001274929603649854,-0.0012612000000444823
27.199727,-0.003351199999997334,-0.001375199999938559,-0.0015101009075818882,-0.0018732745920206633,-0.0012612000000444823
27.219727,-0.0035411999999723776,-0.002173199999924691,-0.0016639714866995778,-0.001972924941665874,-0.003351199999997334
27.239727,0.0006388000001606997,-0.0017931999999291292,-0.0015407327490194198,-0.00170896223768749,-0.003351199999997334
27.259727,-0.005251199999975142,-0.0009951999998975224,-0.0011931407529498007,-0.0008143235430004112,0.0006388000001606997
27.279727,0.002538800000138508,-0.00015919999987090705,-0.0007448419937170549,-0.000712458741150049,0.0006388000001606997
27.299726,0.0006388000001606997,-0.00015919999987090705,-0.00033599520023830235,8.031515165857726e-05,0.0006388000001606997
27.319726,0.0006388000001606997,0.0002588000001196633,-6.685684638913124e-05,4.0012121332750077e-05,0.0006388000001606997
27.339726,0.0006388000001606997,-0.00012119999987589836,3.2946153272300016e-05,-0.00022882237752367893,0.0006388000001606997
27.359726,-0.0031612000000222906,-0.0005011999999169348,-3.0112097324380077e-06,0.00025437109568688933,0.0006388000001606997
27.379726,0.0006388000001606997,-0.0005011999999169348,-0.00011289414094912686,-0.000521130069830078,0.0006388000001606997
27.399725,-0.0012612000000444823,-0.0005011999999169348,-0.00024399706425757005,-0.0006207804195145097,0.0006388000001606997
27.419725,0.0006388000001606997,-0.0001591999999163818,-0.000371425935397195,-0.0004945566432877022,0.0006388000001606997
27.439725,0.0006388000001606997,-0.0005391999999574182,-0.0004935014632973822,-0.00034175944049095856,-0.0012612000000444823
27.459725,-0.0014512000000195258,-0.0001591999999163818,-0.0006143559061114686,-0.00011809976683045158,0.0006388000001606997
27.479725,-0.0012612000000444823,-0.0005391999999574182,-0.0007280392455776113,-0.0007447897435695564,-0.0012612000000444823
27.499724,0.0006388000001606997,-0.0009191999999984546,-0.000812574267260929,-0.0006229948717631215,-0.0012612000000444823
27.519724,-0.0012612000000444823,-0.0008812000000034459,-0.000834996219351393,-0.0009928083916192288,-0.0012612000000444823
27.539724,-0.0012612000000444823,-0.0005011999999624094,-0.0007643623480281125,-0.0010924587412649697,-0.0012612000000444823
27.559724,-0.0012612000000444823,-0.0008812000000034459,-0.0005873216529966344,-0.0005632046619823551,-0.0012612000000444823
27.579724,0.0006388000001606997,-0.0005011999999624094,-0.0003188272453305776,-9.196923071076778e-05,-0.0012612000000444823
27.599724,-0.0012612000000444823,0.0002588000000741886,-1.733726853412776e-06,-2.9964568712659973e-05,0.0006388000001606997
27.619723,0.0006388000001606997,0.000638800000115225,0.000305539950584449,0.00036863682992383483,0.0006388000001606997
27.639723,0.002538800000138508,0.0002588000000741886,0.000547538785327392,0.0005413641026671109,0.0006388000001606997
27.659723,0.0006388000001606997,0.000638800000115225,0.0006867863312925861,0.000762809324138897,0.0006388000001606997
27.679723,-0.0012612000000444823,0.000638800000115225,0.0007073522522162779,0.0004705016318075875,0.0006388000001606997
27.699723,0.0006388000001606997,0.0002588000001196633,0.0006075083296672254,0.0005856531469847885,0.0006388000001606997
27.719722,0.0006388000001606997,-0.0001211999999213731,0.00039101030005502625,0.00018705174835889388,0.0006388000001606997
27.739722,0.0006388000001606997,0.0002588000001196633,6.673623751576323e-05,-0.00014688764559652896,0.0006388000001606997
27.759722,-0.0012612000000444823,-0.0001211999999213731,-0.0003424047555493264,-4.719813450550117e-06,0.0006388000001606997
27.779722,0.0006388000001606997,-0.0005011999999624094,-0.0007889708476689291,-0.0003900344987745163,-0.0012612000000444823
27.799721,-0.0012612000000444823,-0.0009191999999984546,-0.0011986502783474606,-0.0010587990675863968,-0.0012612000000444823
27.819721,-0.0012612000000444823,-0.001337199999989025,-0.0014824614960943004,-0.0017674237762510616,-0.0012612000000444823
27.839721,-0.0014512000000195258,-0.0017172000000300613,-0.0015632763596022414,-0.0017541370629766935,-0.0012612000000444823
27.859721,-0.003351199999997334,-0.0017172000000300613,-0.0014079838775528045,-0.00124658461538915,-0.0012612000000444823
27.879721,-0.0012612000000444823,-0.0009571999999934633,-0.001049848366715108,-0.0012337407925533744,-0.0012612000000444823
27.89972,-0.0012612000000444823,-0.0005391999999574182,-0.0005862761263450381,-0.0007022722610486482,-0.0012612000000444823
27.91972,0.002538800000138508,-0.00015919999996185651,-0.00014819394807903606,-7.956829830457407e-05,-0.0012612000000444823
27.93972,0.0006388000001606997,0.0002588000000741886,0.000146437633084564,0.0003389631702514228,0.0006388000001606997
27.95972,-0.0014512000000195258,0.000638800000115225,0.00023263050479105162,0.0005533221446193422,0.0006388000001606997
27.97972,0.0008288000001357432,-0.0001591999999163818,0.00011440951212793631,0.00017199347328722658,0.0006388000001606997
27.999719,0.0006388000001606997,-0.0005391999999574182,-0.00014620406896257606,-0.00041040745915752103,-0.0012612000000444823
28.019719,-0.0014512000000195258,-0.0005011999999624094,-0.00045875481160727685,-0.000675698834477122,-0.0012612000000444823
28.039719,-0.0012612000000444823,-0.0009191999999984546,-0.0007398685401908275,-0.0009502909090909004,-0.0012612000000444823
28.059719,-0.0012612000000444823,-0.0009191999999984546,-0.0009418795517317935,-0.000906001864777463,-0.0012612000000444823
28.079719,-0.0012612000000444823,-0.0012991999999940162,-0.001064025413868118,-0.001010081118869017,-0.0012612000000444823
28.099718,0.0006388000001606997,-0.0009191999999529799,-0.0011426735794682996,-0.0013373771561697655,-0.0012612000000444823
28.119718,-0.003351199999997334,-0.0009191999999529799,-0.0012266508982906475,-0.0009339039626552257,-0.0012612000000444823
28.139718,0.0006388000001606997,-0.0013371999999435501,-0.0013497731731281061,-0.0009804074591414837,-0.0012612000000444823
28.159718,-0.0012612000000444823,-0.0013371999999435501,-0.0015122993793235445,-0.0013763515150812342,-0.0012612000000444823
28.179718,-0.003351199999997334,-0.0013371999999435501,-0.0016784887019179718,-0.0019056055943622587,-0.0012612000000444823
28.199718,0.0006388000001606997,-0.002135199999975157,-0.0017912414003003955,-0.0020096848484490427,-0.003351199999997334
28.219717,-0.003351199999997334,-0.0021731999999701655,-0.0017981804865755224,-0.001848029836799364,-0.003351199999997334
28.239717,-0.003351199999997334,-0.001375199999938559,-0.0016780930946503434,-0.0018639738927365558,-0.0014512000000195258
28.259717,-0.0014512000000195258,-0.0017551999999795953,-0.0014545816762836633,-0.0011526918414350375,-0.0014512000000195258
28.279717,0.0006388000001606997,-0.0009571999999479885,-0.001188087780901634,-0.0011371906759581683,-0.0012612000000444823
28.299716,-0.0012612000000444823,-0.0005391999999574182,-0.0009492231864129503,-0.0012992885780681702,-0.0012612000000444823
28.319716,0.0006388000001606997,-0.0009191999999529799,-0.0007886292495413725,-0.0003913631701014229,-0.0012612000000444823
28.339716,-0.0012612000000444823,-0.0009191999999529799,-0.0007204145770281814,-0.0007904074591457695,-0.0012612000000444823
28.359716,-0.003351199999997334,-0.0005391999999119435,-0.0007254414267714385,-0.0005955356642598201,0.0006388000001606997
28.379716,0.0006388000001606997,-0.0012991999999485415,-0.000766964917253422,-0.0008284960372213945,-0.0012612000000444823
28.399715,0.0006388000001606997,-0.0005391999999119435,-0.0008060555465452383,-0.0009418759906023561,0.0006388000001606997
28.419715,-0.0031612000000222906,-0.0005391999999119435,-0.0008105099574219572,-0.0010592419579910682,0.0006388000001606997
28.439715,0.002538800000138508,-0.0009191999999529799,-0.0007597892724312576,-0.0005432745919897118,-0.0012612000000444823
28.459715,-0.003351199999997334,-0.0008811999999579712,-0.00065025019241619,-0.0004746265733676702,-0.0012612000000444823
28.479715,-0.0012612000000444823,-0.0001211999999213731,-0.0004997420230013271,-0.0006190088577527207,0.0006388000001606997
28.499714,0.0008288000001357432,-0.0008811999999579712,-0.0003458780780036748,-0.0005658620046154983,-0.0012612000000444823
28.519714,0.0006388000001606997,-8.319999992636439e-05,-0.00023402468825632595,-0.00024698088572061274,0.0006388000001606997
28.539714,-0.0012612000000444823,-8.319999992636439e-05,-0.00019863258697080087,-0.0001336009323290511,0.0006388000001606997
28.559714,0.0006388000001606997,-0.0001211999999213731,-0.0002473676382433884,0.00030087459217314767,0.0006388000001606997
28.579714,-0.0012612000000444823,-0.0001211999999213731,-0.0003558447501588654,-0.00035061724933541387,0.0006388000001606997
28.599714,0.0006388000001606997,-0.0005391999999119435,-0.00047500108802433236,-0.0008001510488933797,0.0006388000001606997
28.619713,0.0006388000001606997,-0.0009571999999479885,-0.000549048945178758,-0.00098350769224237,-0.0012612000000444823
28.639713,-0.003351199999997334,-0.0005771999999069522,-0.0005391187550367339,-0.00043432354301799284,0.0006388000001606997
28.659713,-0.0014512000000195258,-0.0005771999999069522,-0.00044313326494835233,-0.00012607179477705207,0.0006388000001606997
28.679713,0.0006388000001606997,-0.00019719999991139048,-0.0002993351010429833,-0.00022572214443286316,0.0006388000001606997
28.699712,0.0006388000001606997,0.00022080000007917988,-0.000167249290880853,-0.0006088223775585684,0.0006388000001606997
28.719712,0.002538800000138508,-0.0001591999999163818,-9.558886753778416e-05,-6.36242423408819e-05,0.0006388000001606997
28.739712,-0.0012612000000444823,-0.0001591999999163818,-9.801048806658478e-05,0.00043684195814544497,0.0006388000001606997
28.759712,-0.003351199999997334,0.00022080000007917988,-0.0001517272284090976,0.00013080466209481508,0.0006388000001606997
28.779712,0.0006388000001606997,-0.0005771999999524269,-0.0002153968131570374,-0.0006114797202420624,-0.0012612000000444823
28.799711,0.002538800000138508,-0.0005771999999524269,-0.0002503014345454096,-0.00047418368294709827,-0.0012612000000444823
28.819711,-0.0014512000000195258,-0.00015919999996185651,-0.00023367868715399575,-0.0007133445221221052,-0.0012612000000444823
28.839711,-0.0012612000000444823,0.00022080000003370514,-0.0001645985602953277,0.00017066480190784889,-0.0012612000000444823
28.859711,-0.0012612000000444823,-0.000539200000002893,-6.50093724180987e-05,0.0004589864802181573,-0.0012612000000444823
28.879711,0.002538800000138508,0.00025880000002871385,2.6501845865662845e-05,1.5653146868323514e-05,-0.0012612000000444823
28.899711,-0.0012612000000444823,0.00022080000003370514,6.969350094636615e-05,-0.00030544242424072367,-0.0012612000000444823
28.91971,0.002538800000138508,0.00018280000003869645,3.940926082865921e-05,-3.306480184799639e-05,-0.0012612000000444823
28.93971,-0.0014512000000195258,-0.0005771999999979016,-6.714290327605516e-05,0.00020609603733761056,-0.0012612000000444823
28.95971,-0.0014512000000195258,-0.0001971999999568652,-0.00023703300483185808,-0.00019029090903702206,-0.0012612000000444823
28.97971,-0.0012612000000444823,-0.0005771999999524269,-0.0004548647577954359,-0.0007788923076485607,-0.0012612000000444823
28.99971,0.0006388000001606997,-0.0009571999999479885,-0.0007099330753550373,-0.0009649062936667349,-0.0012612000000444823
29.019709,0.0006388000001606997,-0.0009191999999529799,-0.000991209261706475,-0.0010667710955308773,-0.0012612000000444823
29.039709,-0.003351199999997334,-0.0009571999999479885,-0.00127613905751791,-0.0007213165500559853,-0.0012612000000444823
29.059709,-0.0012612000000444823,-0.0009571999999479885,-0.0015241697275714115,-0.0011203608391035116,-0.0012612000000444823
29.079709,-0.0014512000000195258,-0.0017171999999845867,-0.001680680235323504,-0.0016899179486955234,-0.0014512000000195258
29.099709,0.0006388000001606997,-0.0016791999999895778,-0.0016906183112272175,-0.002194813053621303,-0.0014512000000195258
29.119708,-0.0031612000000222906,-0.0016791999999895778,-0.0015193753843014191,-0.0016305706293703091,-0.0014512000000195258
29.139708,-0.0031612000000222906,-0.001261199999953533,-0.0011758485930352185,-0.0010260251747903084,-0.0012612000000444823
29.159708,-0.0012612000000444823,-0.0008811999999579712,-0.0007257899403304644,-0.0007053724940928232,-0.0012612000000444823
29.179708,0.0006388000001606997,-0.00046319999992192604,-0.0002813801852854745,-0.00034220233090676044,-0.0010711999998420652
29.199708,0.002538800000138508,0.000296800000114672,3.531651307707612e-05,-0.00031164289036829406,0.0006388000001606997
29.219707,-0.0010711999998420652,0.000296800000114672,0.0001388523909583506,0.0003593361306455576,0.0006388000001606997
29.239707,0.0006388000001606997,-8.319999992636439e-05,1.2835556600661664e-05,0.00033054825185563,-0.0010711999998420652
29.259707,-0.0012612000000444823,-0.00046319999992192604,-0.0002859687785871552,3.602610730856905e-05,-0.0010711999998420652
29.279706,-0.0012612000000444823,-0.0005011999999624094,-0.000649307347178514,-0.0008431114218921006,-0.0012612000000444823
29.299706,0.0006388000001606997,-0.0008812000000034459,-0.0009524428267682037,-0.001301503030305652,-0.0012612000000444823
29.319706,-0.0012612000000444823,-0.0012611999999990076,-0.0010908286860500022,-0.0010955589743642657,-0.0012612000000444823
29.339706,-0.0012612000000444823,-0.0008811999999579712,-0.0010114454094934484,-0.00110618834497157,-0.0012612000000444823
29.359706,-0.0031612000000222906,-0.0008811999999579712,-0.0007326809060935421,-0.0007075869463244749,-0.0012612000000444823
29.379705,0.0006388000001606997,-0.0005011999999169348,-0.00034432319632271454,-0.00028684102553576635,0.0006388000001606997
29.399705,0.0006388000001606997,-0.00012119999987589836,1.820445618987284e-05,-7.159627027953237e-05,0.0006388000001606997
29.419705,0.0006388000001606997,0.0006388000001606997,0.00021987853415679186,0.0004647440560873388,0.0006388000001606997
29.439705,0.0006388000001606997,0.0002588000001196633,0.00017442231153039556,0.000274301165637662,0.0006388000001606997
29.459705,0.0006388000001606997,-0.0001591999999163818,-0.00012584785762905564,-2.4206992905489495e-05,0.0006388000001606997
29.479705,-0.0012612000000444823,-0.0009571999999479885,-0.0006107619613162224,-0.0008696848484371265,-0.0012612000000444823
29.499704,-0.0014512000000195258,-0.001337199999989025,-0.001161563480749512,-0.001192994871782595,-0.0012612000000444823
29.519704,-0.003351199999997334,-0.00175520000002507,-0.001654301671760555,-0.0017466079254225746,-0.0014512000000195258
29.539704,-0.0012612000000444823,-0.0017932000000200788,-0.0019979978270716985,-0.0019078200466569816,-0.0014512000000195258
29.559704,-0.0014512000000195258,-0.002135200000020632,-0.002153560122817822,-0.00236178275063691,-0.0014512000000195258
29.579704,-0.0014512000000195258,-0.0017172000000300613,-0.0021317511552625817,-0.0022621324009651986,-0.0014512000000195258
29.599703,-0.0031612000000222906,-0.002135200000020632,-0.001978629716814702,-0.0016770741258772376,-0.0014512000000195258
29.619703,-0.0012612000000444823,-0.0017171999999845867,-0.001757705212466275,-0.0014605006992739564,-0.0014512000000195258
29.639703,-0.003351199999997334,-0.0012991999999485415,-0.0015321924856358034,-0.0017040904428407154,-0.0012612000000444823
29.659703,0.0006388000001606997,-0.0013371999999435501,-0.0013471711375409067,-0.0012120391607872818,-0.0012612000000444823
29.679703,0.0006388000001606997,-0.0013371999999435501,-0.0012147071363116828,-0.0014516428904035308,-0.0012612000000444823
29.699703,-0.003351199999997334,-0.0005771999999524269,-0.0011099297027586494,-0.0010911300698967224,0.00044879999995828257
29.719702,-0.0012612000000444823,-0.0013751999999840336,-0.0009837690391979476,-0.0007855356642846847,-0.0012612000000444823
29.739702,0.00044879999995828257,-0.000995199999988472,-0.0007878325790429967,-0.0005950927738652184,-0.0012612000000444823
29.759702,-0.003351199999997334,-0.0001971999999568652,-0.0004986267429158935,-0.0009232745920590519,0.00044879999995828257
29.779702,0.002538800000138508,-0.0001971999999568652,-0.00012989681642350387,-0.0003231580419232738,0.00044879999995828257
29.799701,0.0006388000001606997,-0.0001591999999163818,0.0002697117568646763,0.0004674013986780811,0.0006388000001606997
29.819701,-0.0012612000000444823,0.0010188000001107866,0.0006291540568273392,0.00076148065280563,0.0006388000001606997
29.839701,0.0006388000001606997,0.000638800000115225,0.0008719083819955524,0.0007260494173726884,0.0006388000001606997
29.859701,0.002538800000138508,0.000638800000115225,0.0009346503417974957,0.001066632167964235,0.0006388000001606997
29.879701,0.0006388000001606997,0.000638800000115225,0.0007856693805955373,0.0004705016318187177,0.0006388000001606997
29.8997,0.0006388000001606997,0.000638800000115225,0.00043758669719566525,0.000616655477958137,0.0006388000001606997
29.9197,-0.0012612000000444823,-0.0001211999999213731,-5.196405448088555e-05,0.00019413799542831003,0.0006388000001606997
29.9397,0.0006388000001606997,-0.0005011999999624094,-0.0005929517187891945,-0.000645139393897845,-0.0012612000000444823
29.9597,-0.0012612000000444823,-0.0012611999999990076,-0.0010844821695859756,-0.0014578433566487636,-0.0012612000000444823
29.9797,-0.0012612000000444823,-0.0012991999999940162,-0.001439316399546817,-0.0014379132867250216,-0.0012612000000444823
29.999699,-0.0031612000000222906,-0.0016792000000350527,-0.00160555932137738,-0.0014622722610823863,-0.0012612000000444823
30.019699,-0.0014512000000195258,-0.0012991999999940162,-0.0015787943633043238,-0.0014866312354461114,-0.0012612000000444823
30.039699,-0.0012612000000444823,-0.0012991999999940162,-0.0013989591781336727,-0.001176165034977759,-0.0012612000000444823
30.059699,0.0006388000001606997,-0.0009191999999984546,-0.0011328517850717939,-0.0009414331002066945,-0.0012612000000444823
30.079699,-0.0012612000000444823,-0.0005011999999624094,-0.0008519089933830497,-0.0011761650349438383,-0.0012612000000444823
30.099698,-0.0012612000000444823,-0.0009191999999529799,-0.0006173805197602488,-0.0006686125873759054,-0.0012612000000444823
30.119698,0.0006388000001606997,-0.0012991999999940162,-0.0004777926894068604,-0.0006637407924973301,-0.0012612000000444823
30.139698,-0.003351199999997334,-0.0005391999999574182,-0.00047264609927691467,-0.0005198013985630622,-0.0012612000000444823
30.159698,-0.0012612000000444823,-0.0005771999999524269,-0.0006306473163942744,-0.0007146731934511317,-0.0012612000000444823
30.179698,0.002538800000138508,-0.000995199999988472,-0.000955342720723995,-0.0009361184148821071,-0.0014512000000195258
30.199697,-0.0014512000000195258,-0.000995199999988472,-0.0014041891812296046,-0.0011239039626875105,-0.0014512000000195258
30.219697,-0.0014512000000195258,-0.0013751999999840336,-0.0018790121988137912,-0.0016885892773967068,-0.0014512000000195258
30.239697,-0.003351199999997334,-0.002135200000020632,-0.0022436856431113593,-0.001943251282070313,-0.0014512000000195258
30.259697,-0.0031612000000222906,-0.002515200000016193,-0.002367890504210764,-0.002331223310031663,-0.0031612000000222906
30.279697,-0.0012612000000444823,-0.0024772000000211846,-0.0021783774024361734,-0.002860920279748099,-0.0031612000000222906
30.299696,-0.003351199999997334,-0.0016791999999895778,-0.0016943532832324386,-0.0021323655011724132,-0.0012612000000444823
30.319696,-0.0012612000000444823,-0.0012991999999940162,-0.0010310403155358967,-0.0010322256409995003,-0.0012612000000444823
30.339696,0.0006388000001606997,-0.0005011999999624094,-0.00036766882585589184,0.000123275524520026,-0.0012612000000444823
30.359696,-0.0012612000000444823,0.0006768000000647589,0.00011136091898217556,0.0005838815851371385,0.0006388000001606997
30.379696,0.0027288000001135515,0.0006768000000647589,0.00028241884770571795,0.00017420792545209723,0.0006388000001606997
30.399695,0.002538800000138508,-8.319999997183914e-05,0.00012965264404422568,2.3182284421382506e-05,-0.0012612000000444823
30.419695,-0.0012612000000444823,-0.0005011999999624094,-0.00024954153860721047,-0.00030499953374171036,-0.0012612000000444823
30.439695,-0.0031612000000222906,-0.0009191999999529799,-0.000686371140003581,-0.0008431114218793805,-0.0012612000000444823
30.459695,-0.003351199999997334,-0.001261199999953533,-0.001010326656002385,-0.0008453258740606812,-0.0012612000000444823
30.479695,0.0006388000001606997,-0.001261199999953533,-0.0011107827724022917,-0.0012328550115972186,-0.0012612000000444823
30.499694,0.0008288000001357432,-0.0005011999999169348,-0.000962780216558035,-0.001494160372911189,0.0006388000001606997
30.519694,-0.0012612000000444823,-8.319999992636439e-05,-0.0006156637481834923,-0.0004644400931851781,0.0006388000001606997
30.539694,0.0006388000001606997,-0.0004631999999674008,-0.0001637834929224127,0.00042355524482072624,-0.0012612000000444823
30.559694,-0.0012612000000444823,0.0002968000000237225,0.000281972129954567,0.0006826461539035747,-0.0012612000000444823
30.579694,-0.0012612000000444823,0.0006768000000647589,0.0006166004902923909,6.880000001932584e-05,0.0006388000001606997
30.599693,0.00462880000009136,0.0002968000000237225,0.0007612860139347268,0.00044791421914576067,-0.0012612000000444823
30.619693,0.0006388000001606997,0.0002968000000237225,0.0006822380890567605,0.0007278209790671662,-0.0012612000000444823
30.639693,-0.0012612000000444823,0.0010568000000603206,0.00040078137747767836,0.0006618303030591876,0.0006388000001606997
30.659693,-0.0012612000000444823,-0.00015919999996185651,-1.2330328327580915e-05,0.00012327552450624562,-0.0012612000000444823
30.679693,0.002538800000138508,-0.0005771999999979016,-0.00045644004243966145,-0.00039269184145695037,-0.0012612000000444823
30.699692,-0.0014512000000195258,-0.000995199999988472,-0.0008268616736115357,-0.0013294051282019648,-0.0014512000000195258
30.719692,-0.0014512000000195258,-0.0005771999999524269,-0.001041911312674158,-0.0009192885780682613,-0.0014512000000195258
30.739692,-0.003351199999997334,-0.001337199999989025,-0.0010668926574962817,-0.0009281463869143065,-0.0014512000000195258
30.759692,0.0008288000001357432,-0.0009191999999529799,-0.0009266381215080266,-0.0008617128204629655,-0.0012612000000444823
30.779691,-0.0012612000000444823,-0.0008811999999579712,-0.0006979187750677535,-0.0011389622377300278,-0.0012612000000444823
30.799691,0.0006388000001606997,-8.319999992636439e-05,-0.00048217344926133453,-0.00022439347312821676,0.0006388000001606997
30.819691,-0.0012612000000444823,-0.0005011999999624094,-0.0003698125343584272,1.91962704645126e-05,-0.0012612000000444823
30.839691,0.0006388000001606997,-8.319999992636439e-05,-0.00041042513529738664,-0.000563647552399747,0.0006388000001606997
30.859691,-0.0012612000000444823,-0.0008431999999629625,-0.0005986762726854463,-0.0007253025640573759,-0.0012612000000444823
30.879691,0.0008288000001357432,-0.001261199999953533,-0.0008790644566965125,-0.0010038806526359745,-0.0012612000000444823
30.89969,-0.0031612000000222906,-0.0008811999999579712,-0.0011667174698818297,-0.0010238107225655469,-0.0012612000000444823
30.91969,-0.003351199999997334,-0.0012991999999485415,-0.0013758200240132216,-0.0011278899766221202,-0.0031612000000222906
30.93969,0.002538800000138508,-0.0013371999999435501,-0.0014443103346101836,-0.0015907104894756542,-0.0031612000000222906
30.95969,-0.003351199999997334,-0.0013371999999435501,-0.0013473737805167435,-0.0016505006992532409,-0.0031612000000222906
30.97969,0.0006388000001606997,-0.0009191999999529799,-0.001100759644147985,-0.0013515496503107177,-0.0012612000000444823
30.999689,-0.0031612000000222906,-0.0012991999999485415,-0.000758417475867521,-0.00020357762229972966,-0.0012612000000444823
31.019689,-0.0012612000000444823,-0.0001211999999213731,-0.00040376137358339137,-0.00031208578081377635,0.0006388000001606997
31.039689,0.0006388000001606997,-0.0001211999999213731,-0.0001292401545730417,-0.00062476643349735,0.0006388000001606997
31.059689,0.002538800000138508,-0.0001591999999163818,-4.679257159864601e-06,0.0003655365968420293,0.0006388000001606997
31.079689,0.0006388000001606997,0.00022080000012465463,-4.759005719772726e-05,-0.00012872913743192563,0.0006388000001606997
31.099689,-0.003351199999997334,0.00022080000012465463,-0.00021377711510410855,-1.3577622258434852e-05,0.0006388000001606997
31.119688,0.0006388000001606997,-0.0009571999999025138,-0.0004156433527914749,-0.0002704540791175819,0.0006388000001606997
31.139688,0.0006388000001606997,-0.0009571999999025138,-0.0005582283473738423,-0.000800151048849389,0.0006388000001606997
31.159688,-0.003351199999997334,-0.00015919999987090705,-0.0005751448055223389,-0.00094851934722735,0.0006388000001606997
31.179688,0.0006388000001606997,-0.0005391999999119435,-0.0004507063681960668,-0.0005282163169233444,0.0006388000001606997
31.199687,0.0006388000001606997,-0.0005011999999169348,-0.00022232489393440998,-5.60559430176413e-06,0.0006388000001606997
31.219687,-0.0012612000000444823,0.000296800000114672,3.57466395056593e-05,5.152727283896889e-05,0.0006388000001606997
31.239687,0.0008288000001357432,0.0003348000001096807,0.00024043051177589152,0.00021318228448599785,0.0006388000001606997
31.259687,0.0006388000001606997,0.0003348000001096807,0.0003297912088527673,0.0007070051283324907,0.0006388000001606997
31.279687,0.0008288000001357432,0.0003348000001096807,0.00028527506599399904,0.0003278909092012862,0.0006388000001606997
31.299686,0.0006388000001606997,0.000296800000114672,0.00013820700641656506,4.8869930153354874e-05,0.0006388000001606997
31.319686,-0.0012612000000444823,-8.319999992636439e-05,-4.325772393465812e-05,-6.185268057591316e-05,0.0006388000001606997
31.339686,0.0006388000001606997,-0.0005011999999624094,-0.0001828548855333457,-0.0004073072260603453,-0.0012612000000444823
31.359686,-0.0012612000000444823,-0.0005011999999624094,-0.00022905871041851988,-0.0004290088577644266,-0.0012612000000444823
31.379686,-0.0012612000000444823,-0.0001211999999213731,-0.00017765115016977323,-0.00016283170155757104,0.0006388000001606997
31.399685,0.0006388000001606997,-0.0001211999999213731,-7.33088598056538e-05,3.691188820854378e-05,0.0006388000001606997
31.419685,0.0006388000001606997,0.0002588000001196633,1.1324606418315645e-05,0.0002029958043141059,0.0006388000001606997
31.439685,0.0006388000001606997,0.00022080000012465463,9.324145301458271e-06,-7.377156078923312e-06,0.0006388000001606997
31.459685,0.0006388000001606997,-0.0001591999999163818,-0.0001108688314495132,-0.00035061724933541387,0.0006388000001606997
31.479685,-0.0014512000000195258,-0.0005391999999574182,-0.00033373998198322585,-0.00029259860133763673,-0.0012612000000444823
31.499685,-0.0012612000000444823,-0.0009191999999984546,-0.000605329425044784,-0.0003563748251579544,-0.0012612000000444823
31.519684,-0.0012612000000444823,-0.000539200000002893,-0.0008528486198732481,-0.000828053146869724,-0.0012612000000444823
31.539684,-0.0012612000000444823,-0.000539200000002893,-0.001002781800025928,-0.0010207104895335623,-0.0012612000000444823
31.559684,0.002538800000138508,-0.0009571999999934633,-0.0009923686225747819,-0.0009343468531494688,-0.0012612000000444823
31.579684,-0.0014512000000195258,-0.0005771999999524269,-0.000779844308900879,-0.0009037874125368015,-0.0012612000000444823
31.599683,-0.003351199999997334,-0.00019719999991139048,-0.0003605447006184453,-0.0003001277388461751,0.0006388000001606997
31.619683,0.0006388000001606997,-0.0005771999999069522,0.00021494002416518735,8.961585092148413e-05,0.0006388000001606997
31.639683,0.0006388000001606997,0.000638800000115225,0.0008364006037791753,0.0008425296038661958,0.0006388000001606997
31.659683,0.0006388000001606997,0.0014748000001418404,0.0013569953097331887,0.00083367179499206,0.0006388000001606997
31.679682,0.00462880000009136,0.001854800000137402,0.001640367731010653,0.0020808512821927066,0.0008288000001357432
31.699682,0.0008288000001357432,0.0014748000000963657,0.0016116984628256382,0.002131340792670285,0.0008288000001357432
31.719682,0.002538800000138508,0.0018548000000919273,0.0012878686717726834,0.0011963990676748697,0.002538800000138508
31.739682,-0.0012612000000444823,0.0002588000000741886,0.000771769220167323,0.000591853613105469,0.0008288000001357432
31.759682,0.002538800000138508,-0.00015919999996185651,0.00021331519190015137,0.0001423198135814237,-0.0012612000000444823
31.779682,-0.003351199999997334,-0.0005391999999574182,-0.0002453785452131464,-0.0006544400931740026,-0.0012612000000444823
31.799681,-0.0012612000000444823,-0.0001591999999163818,-0.0005173500558102844,-0.0006008503496114379,0.0006388000001606997
31.819681,0.0006388000001606997,-0.0009191999999529799,-0.0005913910023550319,-0.0005291020978503497,-0.0012612000000444823
31.839681,0.0006388000001606997,-0.00015919999996185651,-0.0005194181677524904,-0.0004825986013450112,0.00044879999995828257
31.859681,-0.0012612000000444823,0.00022080000007917988,-0.00038074808302228683,-7.026759901728667e-05,0.0006388000001606997
31.879681,0.00044879999995828257,-0.0001971999999568652,-0.00024345993659510872,0.00045677202804215663,0.00044879999995828257
31.89968,0.0006388000001606997,0.00018280000003869645,-0.00014047407872939656,-9.728391603800523e-05,0.00044879999995828257
31.91968,-0.0014512000000195258,-0.00023519999995187392,-6.784341267665783e-05,-0.00081963822841351,0.00044879999995828257
31.93968,0.002538800000138508,-0.0005771999999524269,-2.7327283120168076e-06,-0.00027931188806432875,-0.0012612000000444823
31.95968,-0.003351199999997334,-0.0005771999999524269,6.920275497416576e-05,0.0001591496504228302,-0.0012612000000444823
31.97968,-0.0012612000000444823,0.0006388000000697502,0.00013280627853685996,0.0001370051282679666,0.0006388000001606997
31.999679,0.0006388000001606997,-0.00012119999996684783,0.00014407039436882744,0.00019236643359867999,-0.0012612000000444823
32.019679,0.00462880000009136,0.0002968000000237225,5.592711924645286e-05,0.0002260261072549925,-0.0012612000000444823
32.039679,-0.0012612000000444823,0.0002968000000237225,-0.00014692968739014192,-0.00018851934731551386,-0.0012612000000444823
32.059679,-0.0012612000000444823,-0.00012120000001232256,-0.0004305139451038492,6.3524475534755586e-06,-0.0012612000000444823
32.079679,-0.0012612000000444823,-0.0013372000000344997,-0.0007255281732220882,-0.0008444400932746582,-0.0012612000000444823
32.099679,-0.0014512000000195258,-0.0013372000000344997,-0.0009630347010497075,-0.0013338340326785182,-0.0012612000000444823
32.119678,-0.0014512000000195258,-0.0013372000000344997,-0.0011081334277581133,-0.0016372139860387637,-0.0012612000000444823
32.139678,-0.0012612000000444823,-0.0009571999999934633,-0.0011724893400657202,-0.0008639272727317175,-0.0012612000000444823
32.159678,-0.0012612000000444823,-0.0009191999999984546,-0.0012009444842694967,-0.000979078787876058,-0.0012612000000444823
32.179677,0.0006388000001606997,-0.0008812000000034459,-0.0012413706138210475,-0.0010853724941690531,-0.0012612000000444823
32.199677,-0.0012612000000444823,-0.0012611999999990076,-0.0013150766007180284,-0.0011828083916107029,-0.0012612000000444823
32.219677,-0.0012612000000444823,-0.0012611999999990076,-0.001404384257184492,-0.001311689510498744,-0.0012612000000444823
32.239677,-0.0031612000000222906,-0.001641200000040044,-0.0014636738779042202,-0.0016199412587773153,-0.0012612000000444823
32.259677,-0.0012612000000444823,-0.001641200000040044,-0.001445771897572298,-0.0017129482517970027,-0.0012612000000444823
32.279677,-0.0012612000000444823,-0.001641200000040044,-0.0013270621649029625,-0.0014915030303358167,-0.0012612000000444823
32.299676,-0.0012612000000444823,-0.0008812000000034459,-0.0011177329236378476,-0.0011150461538515354,-0.0012612000000444823
32.319676,-0.0012612000000444823,-0.0005011999999624094,-0.0008539684189823604,-0.0005835776223441593,-0.0012612000000444823
32.339676,0.0006388000001606997,-0.0005011999999624094,-0.000578607226016942,-0.0003001277388875155,-0.0012612000000444823
32.359676,0.0006388000001606997,-0.0001211999999213731,-0.0003217735207477091,-0.00030898554772720074,0.0006388000001606997
32.379676,-0.0012612000000444823,-0.0001211999999213731,-9.259310204113936e-05,-0.00013625827498127467,0.0006388000001606997
32.399676,0.0006388000001606997,-0.0001211999999213731,0.00011327053108053723,1.4324475617737815e-05,0.0006388000001606997
32.419675,-0.0012612000000444823,-0.0001211999999213731,0.0002958138197200905,9.847365977600948e-05,0.0006388000001606997
32.439675,0.0006388000001606997,0.0002588000001196633,0.00043562561419746364,0.00023134079265749112,0.0006388000001606997
32.459675,0.0006388000001606997,0.0002588000001196633,0.0004933480966638205,0.0002534853148044048,0.0006388000001606997
32.479675,0.0006388000001606997,0.0006388000001606997,0.0004264466812058862,0.000567937529290578,0.0006388000001606997
32.499674,0.0006388000001606997,0.0002588000001196633,0.00021540997354813532,0.0005883104896428422,0.0006388000001606997
32.519674,0.0006388000001606997,0.0002588000001196633,-0.00011451314710024193,0.0004665156178443575,0.0006388000001606997
32.539674,-0.0012612000000444823,-0.0001211999999213731,-0.0004886900951610523,-0.0008847431234722232,0.0006388000001606997
32.559674,0.0006388000001606997,-0.0009191999999529799,-0.0008011857640212858,-0.0008936009323490091,-0.0012612000000444823
32.579674,-0.0012612000000444823,-0.0016791999999895778,-0.0009515198784628679,-0.0010840438228304863,-0.0012612000000444823
32.599673,-0.003351199999997334,-0.0005011999999624094,-0.0008866469414741551,-0.0012124820512815252,-0.0012612000000444823
32.619673,-0.0031612000000222906,-0.0008812000000034459,-0.0006283041619630521,-0.0006012932400685804,-0.0012612000000444823
32.639673,0.00462880000009136,-0.0005011999999624094,-0.00026829326459256434,3.695104944712816e-06,-0.0012612000000444823
32.659673,-0.0012612000000444823,0.0006768000000647589,6.992295464159932e-05,0.00019192354316697785,0.0006388000001606997
32.679673,0.0006388000001606997,0.0010568000000603206,0.00028381204654093873,0.0004067254079697796,0.0006388000001606997
32.699672,0.002538800000138508,-0.00015919999996185651,0.00033020585151355094,0.0004886601398953396,-0.0012612000000444823
32.719672,-0.0012612000000444823,-0.00015919999996185651,0.0002314778619910551,0.0001095459207842752,-0.0012612000000444823
32.739672,-0.0014512000000195258,-0.00015919999996185651,5.104058306479243e-05,-0.00044849603723791647,-0.0012612000000444823
32.759672,-0.0012612000000444823,-0.0005391999999574182,-0.00014368297718645053,3.695104972803139e-06,-0.0012612000000444823
32.779672,0.0006388000001606997,-0.0001591999999163818,-0.0003076648551840968,-0.00045912540788073104,0.0006388000001606997
32.799671,0.0006388000001606997,-0.0001211999999213731,-0.0004212665522368462,-0.00042147972020977744,0.0006388000001606997
32.819671,0.0006388000001606997,-0.0001211999999213731,-0.0004759016849439971,-0.0001579599066842959,0.0006388000001606997
32.839671,-0.0012612000000444823,-0.0001211999999213731,-0.00046028761728521007,-0.00018674778548005374,0.0006388000001606997
32.859671,-0.0012612000000444823,-0.0005011999999624094,-0.0003608411022613875,-0.00027355431229213905,-0.0012612000000444823
32.879671,0.0006388000001606997,-0.0005011999999624094,-0.00017536106432052516,-0.00041085034960300343,-0.0012612000000444823
32.89967,-0.0012612000000444823,-0.0001211999999213731,7.186100747255428e-05,-0.0004152792540133058,0.0006388000001606997
32.91967,0.0006388000001606997,0.0002588000001196633,0.00032592411796231895,0.00024728484859468276,0.0006388000001606997
32.93967,0.0006388000001606997,0.0002588000001196633,0.0005136162561999926,0.0007632522146039897,0.0006388000001606997
32.95967,0.0006388000001606997,0.0010188000001562613,0.0005687680911083892,0.0008141846155323507,0.0006388000001606997
32.97967,0.0006388000001606997,0.0006008000001202163,0.0004602880460469065,0.0005595226108375443,0.0006388000001606997
32.999669,0.002538800000138508,0.00022080000007917988,0.00020937089923743013,0.0004022965035933976,0.0006388000001606997
33.019669,-0.0014512000000195258,-0.00015919999996185651,-0.00011504524322629385,-0.0003351160838956454,-0.0012612000000444823
33.039669,-0.0012612000000444823,-0.000539200000002893,-0.00042424186962457,-0.0007474470862599405,-0.0012612000000444823
33.059669,-0.0012612000000444823,-0.001299200000039491,-0.0006495013246482151,-0.0006234377622494145,-0.0012612000000444823
33.079669,-0.0012612000000444823,-0.0008812000000034459,-0.0007730748634251893,-0.0008803142191175718,-0.0012612000000444823
33.099668,-0.0012612000000444823,-0.0004631999999674008,-0.0008329021975459421,-0.0010548130536030265,-0.0012612000000444823
33.119668,0.0006388000001606997,-0.0008431999999629625,-0.0008981196317571958,-0.00075143310019773,-0.0012612000000444823
33.139668,0.0008288000001357432,-0.0008431999999629625,-0.001028973076852875,-0.0006717128204767912,-0.0012612000000444823
33.159668,-0.0031612000000222906,-0.0008811999999579712,-0.0012432274907696766,-0.0008395682983388422,-0.0012612000000444823
33.179668,-0.0012612000000444823,-0.0012611999999990076,-0.0015061318214503248,-0.001397610256389654,-0.0012612000000444823
33.199667,-0.0014512000000195258,-0.002097200000025623,-0.0017464905027429348,-0.002061945920763672,-0.0014512000000195258
33.219667,-0.0012612000000444823,-0.002135200000020632,-0.0018887161531891705,-0.0024738340326808947,-0.0014512000000195258
33.239667,-0.003351199999997334,-0.002135200000020632,-0.0018864603018973298,-0.0021150927739035444,-0.0014512000000195258
33.259667,-0.003351199999997334,-0.0017171999999845867,-0.0017441139799494912,-0.0014636009323716623,-0.0012612000000444823
33.279666,-0.0012612000000444823,-0.0013371999999435501,-0.0015151274546518934,-0.0011735076922635246,-0.0012612000000444823
33.299666,0.0006388000001606997,-0.0009191999999529799,-0.001274700259308845,-0.0010694284381793904,-0.0012612000000444823
33.319666,0.0006388000001606997,-0.0005011999999624094,-0.0010799134905823155,-0.0011075170162878763,-0.0012612000000444823
33.339666,-0.0012612000000444823,-0.0008811999999579712,-0.0009419435800611646,-0.0008939972027766093,-0.0012612000000444823
33.359666,-0.0012612000000444823,-0.0012611999999990076,-0.0008294842664092711,-0.0008778899766729494,-0.0012612000000444823
33.379666,-0.0031612000000222906,-0.0012611999999990076,-0.0007009541003392265,-0.0010192419580205077,-0.0012612000000444823
33.399665,-0.0012612000000444823,-0.000841199999968012,-0.0005419626489835402,-0.0006488456876101514,-0.0012612000000444823
33.419665,0.0006388000001606997,-0.00046119999992697556,-0.0003807687723205874,-0.000619708158456086,0.0006388000001606997
33.439665,0.0008388000001104956,0.0002988000001096225,-0.00027099352560975074,-0.00012576876445888655,0.0006388000001606997
33.459665,0.0006388000001606997,-8.119999988593918e-05,-0.000254655046340536,7.120093252761865e-05,0.0006388000001606997
33.479665,0.0006388000001606997,-8.119999988593918e-05,-0.0003316060335591677,-1.2855011535528322e-05,0.0006388000001606997
33.499664,-0.0031612000000222906,-0.0005011999999169348,-0.0004551618147252987,-0.0003146032633095327,0.0006388000001606997
33.519664,0.0006388000001606997,-0.0008811999999579712,-0.0005549143506818339,-0.0009983095570800047,-0.0012612000000444823
33.539664,-0.0012612000000444823,-0.0009191999999984546,-0.0005712730192986131,-0.0009407337995356602,-0.0012612000000444823
33.559664,-0.0012612000000444823,-0.000539200000002893,-0.0004822902502030404,-0.0005046032634043586,-0.0012612000000444823
33.579664,0.00044879999995828257,-0.00015720000001238077,-0.0003105484331496077,-0.00026264522145564163,-0.0012612000000444823
33.599663,-0.0012612000000444823,0.00022280000002865562,-0.00010882528675267465,0.00036439440562110054,0.00044879999995828257
33.619663,0.0025488000001132605,0.00022280000002865562,6.709860569142903e-05,5.2273193488664956e-05,0.00044879999995828257
33.639663,0.0006388000001606997,0.0002608000000691391,0.00018393402949789855,0.0002403850816344249,0.0006388000001606997
33.659663,-0.0012612000000444823,0.0002608000000691391,0.00024063897154715568,0.0002068186480880772,0.0006388000001606997
33.679662,0.0006388000001606997,-0.0001211999999213731,0.0002578121120514615,0.0002261659674713507,0.0006388000001606997
33.699662,-0.0012612000000444823,-0.0001211999999213731,0.0002555757910006375,-6.159627029523988e-05,0.0006388000001606997
33.719662,0.0006388000001606997,0.0002588000001196633,0.00023608958568320518,-8.374079244215352e-05,0.0006388000001606997
33.739662,0.0006388000001606997,-0.0001211999999213731,0.00018235304411929576,0.00047861351990800534,0.0006388000001606997
33.759662,0.0006388000001606997,0.0006408000001101755,7.309977837508586e-05,0.0002599655012502101,0.0006388000001606997
33.779662,-0.0012612000000444823,0.0002608000000691391,-9.66108194799653e-05,2.3368764641312355e-05,0.0006388000001606997
33.799661,0.0025488000001132605,-0.0005371999999624677,-0.0003023187310664537,-0.00023117668991868797,-0.0012612000000444823
33.819661,-0.0012612000000444823,-0.0005371999999624677,-0.0004935102966215162,-0.000663111421887569,-0.0012612000000444823
33.839661,-0.003351199999997334,-0.0005371999999624677,-0.0006135443462217386,-0.0005788689976278126,-0.0012612000000444823
33.859661,0.0006388000001606997,-0.0009191999999529799,-0.0006261066950550262,-0.0007078899766463503,-0.0012612000000444823
33.879661,-0.0012612000000444823,-0.0005391999999119435,-0.0005326762103322151,-0.0006068410255716187,0.0006388000001606997
33.89966,0.0006388000001606997,-0.0001591999999163818,-0.0003710027038545934,-0.0005193118880196668,0.0006388000001606997
33.91966,0.0006388000001606997,-0.0001591999999163818,-0.00019754054920444292,0.00011928951060873673,0.0006388000001606997
33.93966,-0.0014512000000195258,0.00022080000012465463,-6.570546519068181e-05,0.00011043170172188069,0.0006388000001606997
33.95966,0.0006388000001606997,-0.0001591999999163818,-1.0651046941683728e-05,-0.0003107571094900497,0.0006388000001606997
33.97966,0.0006388000001606997,-0.0005391999999574182,-4.42358219299354e-05,-5.609510480213324e-05,-0.0012612000000444823
33.999659,-0.0012612000000444823,-0.0001211999999213731,-0.00015800884969071585,-4.679440552597593e-05,0.0006388000001606997
34.019659,-0.0012612000000444823,-0.0001211999999213731,-0.0003296444916372107,-0.00045066386941193537,0.0006388000001606997
34.039659,0.0006388000001606997,-0.0005011999999624094,-0.0005282921808801738,-0.0004194517481985857,-0.0012612000000444823
34.059659,0.0006388000001606997,-0.0009191999999529799,-0.0007172984764547191,-0.0009149062936657706,-0.0012612000000444823
34.079659,-0.0012612000000444823,-0.000537199999916993,-0.0008577375620695231,-0.0007888456875715108,0.0006388000001606997
34.099658,-0.003351199999997334,-0.0009151999999176041,-0.0009169797078858801,-0.0007868876455972123,-0.0012511999998423562
34.119658,0.0006488000001354521,-0.0009131999999226536,-0.0008801354168917462,-0.0007095216782389518,-0.0012511999998423562
34.139658,-0.0012511999998423562,-0.0009491999999227119,-0.0007563691203730177,-0.0009600111887410581,-0.0012511999998423562
34.159658,0.0006488000001354521,-0.00014919999989615462,-0.0005751097065672755,-0.0007768177155304458,0.0006488000001354521
34.179657,-0.0014412000000447733,-0.0005291999998917162,-0.00037539925600103423,-0.00014423030289766454,-0.0012511999998423562
34.199657,0.0006488000001354521,-0.00014919999989615462,-0.00019531024707497918,-5.145641014016962e-05,0.0006488000001354521
34.219657,-0.0012511999998423562,-0.00014919999989615462,-6.522905700634025e-05,-0.00017231888102821775,0.0006488000001354521
34.239657,0.0006488000001354521,-0.00014919999989615462,-4.330033896409131e-06,-0.00013467319338482473,0.0006488000001354521
34.259657,0.0006488000001354521,-0.00011119999990114593,-1.834327833517174e-05,-0.00027418368288547007,0.0006488000001354521
34.279657,-0.0014412000000447733,-0.00011119999990114593,-9.832050942985395e-05,0.00026299580432109315,0.0006488000001354521
34.299656,0.0008388000001104956,-0.00011119999990114593,-0.00022143523816937514,-5.737715608200762e-05,0.0006488000001354521
34.319656,-0.0012511999998423562,-0.00011119999990114593,-0.0003544830472068543,-0.0005103841490890278,0.0006488000001354521
34.339656,0.0006488000001354521,-0.0004931999998916581,-0.00046022903389154196,-0.0005419692306738661,0.0006488000001354521
34.359656,0.0006488000001354521,-0.0009111999998822285,-0.0005070854195694392,-0.00043602517472115826,-0.0012511999998423562
34.379656,-0.003351199999997334,-0.00011319999989609642,-0.0004814907231627621,-0.0004671440558197729,0.0006488000001354521
34.399655,-0.0012511999998423562,-0.0004931999998916581,-0.00039793302032946055,-0.0006756289043156771,-0.0012511999998423562
34.419655,0.002738800000088304,-0.0008731999998872197,-0.0002981293299201677,-0.0004511766898619801,-0.0012511999998423562
34.439655,-0.0012511999998423562,-7.31999998606625e-05,-0.00023537843635890304,-8.835617701991489e-05,-0.0012511999998423562
34.459655,-0.0012511999998423562,0.0003068000001348992,-0.00025042592624627415,0.0001749305362603349,0.0006488000001354521
34.479655,0.0006488000001354521,-0.00011119999985567119,-0.0003508291695709926,-8.635897298445874e-06,0.0006488000001354521
34.499654,0.0006488000001354521,-0.0005311999998866667,-0.0005034437480778319,-0.0006814797201580812,0.0006488000001354521
34.519654,0.0006488000001354521,-0.0009111999998822285,-0.0006452148399439437,-0.0011557221443988588,0.0006488000001354521
34.539654,-0.003351199999997334,-0.0009111999998822285,-0.0007119473387711326,-0.0008055123541971583,0.0006488000001354521
34.559655,-0.0031511999998201645,-0.0009111999998822285,-0.0006740331351748468,-0.0006038806525657191,0.0006488000001354521
34.579654,0.0006488000001354521,-0.0009111999998822285,-0.0005577437098572779,-0.0004595916082720831,0.0006488000001354521
34.599653,0.0006488000001354521,-0.00011119999985567119,-0.0004347146935810203,-0.0006472372959051189,0.0006488000001354521
34.619653,0.0006488000001354521,0.00026880000013989046,-0.0003831513408288552,-0.00034481305345259063,0.0006488000001354521
34.639653,0.0006488000001354521,-0.0004911999998512328,-0.00044509095579633046,0.0001965622379137431,0.0006488000001354521
34.659653,-0.0012511999998423562,-0.0004911999998512328,-0.0006064161200054252,-0.0004646265732991062,0.0006488000001354521
34.679652,-0.0031511999998201645,-0.000909199999887278,-0.0008095235800738897,-0.0010620857807460901,-0.0012511999998423562
34.699652,0.0006488000001354521,-0.0016691999998784013,-0.0009873923595302603,-0.0014651160838003072,-0.0014412000000447733
34.719652,-0.0014412000000447733,-0.0012891999998828397,-0.0010974906798331186,-0.0013738806525678494,-0.0014412000000447733
34.739652,-0.0031511999998201645,-0.0009471999999277614,-0.0011383328352340576,-0.001022715151422391,-0.0014412000000447733
34.759652,0.0006488000001354521,-0.0009471999999277614,-0.0011429712431693664,-0.0010591953379376759,-0.0014412000000447733
34.779652,-0.0014412000000447733,-0.0009471999999277614,-0.0011544458737686736,-0.0007022023309508042,-0.0014412000000447733
34.799651,0.0006488000001354521,-0.0009871999999631954,-0.0011962958373757909,-0.0013305240092825101,-0.0014412000000447733
34.819651,-0.0014412000000447733,-0.0009871999999631954,-0.0012545707387725824,-0.0010584727272121195,-0.0014412000000447733
34.839651,-0.003351199999997334,-0.0013691999999537075,-0.0012820812491256552,-0.0011523888111486728,-0.0014412000000447733
34.859651,0.0006488000001354521,-0.0013691999999537075,-0.0012224343473850395,-0.0014968876456612564,-0.0014412000000447733
34.87965,-0.003351199999997334,-0.0013331999999536492,-0.0010400825961513216,-0.001190454079219597,-0.0012612000000444823
34.89965,0.0006488000001354521,-0.0005731999999625259,-0.0007408803830513611,-0.0009950694638401418,0.00044879999995828257
34.91965,-0.0012612000000444823,-0.0005751999999574764,-0.00037432592741510923,-0.00034050069924122556,0.00044879999995828257
34.93965,0.00044879999995828257,0.00022280000007413037,-1.7708418807132096e-05,0.0003142079254961379,0.0006388000001606997
34.95965,0.0006388000001606997,0.00022080000007917988,0.0002504820976329577,0.00033206340336059586,0.0006388000001606997
34.97965,0.0006388000001606997,0.0006008000001202163,0.00037683199543692977,0.0006731123544240563,0.0006388000001606997
34.999649,0.0006388000001606997,0.0002588000001196633,0.00034833008451946797,3.8287179566582626e-05,0.0006388000001606997
35.019649,0.0006388000001606997,-0.0001211999999213731,0.0001907172598368746,-7.823962696017707e-05,0.0006388000001606997
35.039649,-0.0012612000000444823,-0.0005011999999624094,-4.8406770875261455e-05,-0.000257610256331097,-0.0012612000000444823
35.059649,-0.0012612000000444823,-0.0005011999999624094,-0.0003218356680476419,-0.0003798480185973243,-0.0012612000000444823
35.079648,-0.0012612000000444823,-0.0005011999999624094,-0.0005965485861911636,-0.0005082862470494232,-0.0012612000000444823
35.099648,0.0006388000001606997,-0.0005011999999624094,-0.0008501309854892468,-0.00027975477853525135,-0.0012612000000444823
35.119648,0.0006388000001606997,-0.0005011999999624094,-0.0010541795676377197,-0.00105786666665741,-0.0012612000000444823
35.139648,-0.0012612000000444823,-0.0005011999999624094,-0.0011615470327055067,-0.0012325986013727263,-0.0012612000000444823
35.159648,-0.0012612000000444823,-0.0016791999999895778,-0.0011142045562971398,-0.0012355589743341052,-0.0012612000000444823
35.179647,-0.0012612000000444823,-0.0012971999999990657,-0.0008733567599537873,-0.0007282163169764926,-0.0012612000000444823
35.199647,-0.005251199999975142,-0.0005351999999675172,-0.0004539463287125677,-0.0007981696969509509,-0.0012612000000444823
35.219647,0.0025488000001132605,0.00018880000006902265,6.279679595351261e-05,-0.00016273846150749699,0.002358800000138217
35.239647,0.0025488000001132605,0.00018880000006902265,0.0005537551471753153,0.0007729258742124151,0.002358800000138217
35.259647,0.002358800000138217,0.0017488000000867032,0.0009048293592998527,0.0010708279721181753,0.0025488000001132605
35.279647,-0.0012612000000444823,0.0013668000000961911,0.001058483172747483,0.0011434153847035855,0.002358800000138217
35.299646,0.0025488000001132605,0.0006048000000646425,0.00103161812883132,0.001600268531557119,0.0006388000001606997
35.319646,0.0006388000001606997,0.00030080000005909823,0.0008985424340540247,0.00041530349656967097,0.0006388000001606997
35.339646,-0.0012612000000444823,0.0010628000000906467,0.0007527836981551695,0.00040483729609332457,0.0008388000001104956
35.359646,0.0008388000001104956,0.00026280000006408957,0.0006679232581958525,0.0005536951049547902,0.0006388000001606997
35.379646,0.0025488000001132605,0.0006448000000546017,0.0006736251762809153,0.0008493128205983661,0.0008388000001104956
35.399645,-0.0014512000000195258,0.001024800000095638,0.0007531266208878975,0.0006343944056729486,0.0008388000001104956
35.419645,0.0025488000001132605,0.000984800000105679,0.000858019386792068,0.0007739048952022144,0.0006388000001606997
35.439645,0.0006388000001606997,0.000642800000105126,0.0009309654253472608,0.0012678442891861635,0.0006388000001606997
35.459645,0.0006388000001606997,0.0010608000001411711,0.0009276293186763968,0.0011095692309052543,0.0006388000001606997
35.479645,0.0008388000001104956,0.0010608000001411711,0.0008320074423548207,0.0007445342658469077,0.0006388000001606997
35.499644,0.0006388000001606997,0.0006808000001001346,0.0006621103361327492,0.0007669351982368638,0.0006388000001606997
35.519644,0.0025488000001132605,0.00030080000005909823,0.00046464384807082623,0.0002293128205864085,0.0006388000001606997
35.539644,-0.0012612000000444823,0.0002608000000691391,0.0002985575222318677,0.0002670983683618883,0.0006388000001606997
35.559644,-0.0012612000000444823,0.0002608000000691391,0.0002111228899530917,0.0001839981352674096,0.0006388000001606997
35.579643,0.0006388000001606997,-0.0001211999999213731,0.00021662650098406186,0.0001402918415787121,0.0006388000001606997
35.599643,0.0006388000001606997,0.0002588000001196633,0.00028991506758985593,0.00017840372970938888,0.0006388000001606997
35.619643,0.0006388000001606997,0.0006388000001606997,0.00037946029934842547,0.00041917296052741714,0.0006388000001606997
35.639643,0.0006388000001606997,0.0006388000001606997,0.00043261822635876296,0.0007145342659041,0.0006388000001606997
35.659643,0.0006388000001606997,0.0006388000001606997,0.0004193908804006587,0.0007592662006407595,0.0006388000001606997
35.679642,0.0006388000001606997,0.00022080000012465463,0.00034333258257039656,0.0002588000001279321,0.0006388000001606997
35.699642,0.0006388000001606997,0.00022080000012465463,0.000235278029371365,1.5210256517182589e-05,0.0006388000001606997
35.719642,-0.0014512000000195258,-0.00019719999991139048,0.00013337480973557347,-0.0001477268064282712,0.0006388000001606997
35.739642,0.0006388000001606997,-0.00019719999991139048,5.9502685341079007e-05,-1.6025174718888144e-05,0.0006388000001606997
35.759642,-0.0014512000000195258,-0.00019719999991139048,4.966176266967666e-06,9.149650451737682e-06,0.0006388000001606997
35.779642,0.0006388000001606997,0.0002608000001146138,-6.545626937302767e-05,-2.791328662256611e-05,0.0006388000001606997
35.799641,0.0006388000001606997,-0.00011919999992642261,-0.00019195571926254468,7.651561779072503e-05,0.0006388000001606997
35.819641,0.0008388000001104956,-8.119999993141391e-05,-0.00039244115550829173,-0.00031089696964810694,0.0006388000001606997
35.839641,-0.0012612000000444823,-0.0004611999999724503,-0.0006461755282150041,-0.0006679832167534239,-0.0012612000000444823
35.859641,-0.0012612000000444823,-0.0012212000000090483,-0.0008989921011115746,-0.00094292494171385,-0.0012612000000444823
35.879641,-0.0012612000000444823,-0.0012611999999990076,-0.001087302147770963,-0.0011760251748271218,-0.0012612000000444823
35.89964,-0.0031612000000222906,-0.0012611999999990076,-0.001166503793023298,-0.0012078433566354615,-0.0012612000000444823
35.91964,0.0006388000001606997,-0.0008811999999579712,-0.0011276635230517734,-0.0013053958041838272,-0.0012612000000444823
35.93964,-0.0012612000000444823,-0.0009191999999529799,-0.0009949997518537668,-0.000809241957995257,-0.0012612000000444823
35.95964,0.0006388000001606997,-0.0005391999999574182,-0.0008093588165150964,-0.0005781230768689346,-0.0012612000000444823
35.97964,-0.0014512000000195258,-0.000499199999967459,-0.0006104496132113288,-0.0007555356643015965,-0.0012612000000444823
35.999639,-0.0012612000000444823,-0.000499199999967459,-0.0004279136717060904,-0.0004618293706170875,-0.0012612000000444823
36.019639,0.0008388000001104956,-0.0008792000000084954,-0.00028202868390722635,-0.00023059393937980947,-0.0012612000000444823
36.039639,-0.0012612000000444823,-7.919999998193817e-05,-0.0001877288329426393,-6.182937058976242e-05,-0.0012612000000444823
36.059639,-0.0012612000000444823,0.00030080000005909823,-0.00015538261424007162,-0.00038956829835560364,0.0006388000001606997
36.079638,0.0025488000001132605,-0.000499199999967459,-0.00018656748441624318,-0.000292598601365727,-0.0012612000000444823
36.099638,0.0006388000001606997,-0.000499199999967459,-0.00026913220632394393,-0.00021425361299169692,-0.0012612000000444823
36.119638,-0.0031612000000222906,-0.00011919999992642261,-0.0003785509664240831,-0.0003463048950381873,0.0006388000001606997
36.139638,-0.0012612000000444823,-0.0005011999999169348,-0.0004873655619766688,-0.00025924195795973883,0.0006388000001606997
36.159638,0.0006388000001606997,-0.0008811999999579712,-0.0005751231222563758,-0.0008455123542594108,-0.0012612000000444823
36.179637,0.0006388000001606997,-0.0005011999999624094,-0.0006297521886358331,-0.0008898013985664883,-0.0012612000000444823
36.199637,-0.0012612000000444823,-0.0005011999999624094,-0.0006408961846389009,-0.0005515496503387491,-0.0012612000000444823
36.219637,-0.0012612000000444823,-0.00011919999997189734,-0.0005939132113286657,5.1364102601479536e-05,-0.0012612000000444823
36.239637,-0.0012612000000444823,-0.0004992000000129338,-0.00047060932971750566,-0.00024502284380726496,-0.0012612000000444823
36.259637,0.0025488000001132605,-0.00011919999997189734,-0.00025571447734014857,-0.0007240671328658747,-0.0012612000000444823
36.279636,-0.0012612000000444823,-0.00011919999997189734,5.366014102123514e-05,-0.0001473771561611248,-0.0012612000000444823
36.299636,0.0006388000001606997,0.0002608000000691391,0.0004367227734377453,0.0005174247086821564,0.0006388000001606997
36.319636,-0.0012612000000444823,0.0006408000000647007,0.0008396128487085343,0.000867308158590141,0.0006388000001606997
36.339636,0.0006388000001606997,0.0010208000001057371,0.00117718549856513,0.0010174247087267802,0.0006388000001606997
36.359636,0.004448800000091069,0.0010208000001057371,0.0013537646814330627,0.0009234853147982463,0.0006388000001606997
36.379636,0.0006388000001606997,0.0014008000001467734,0.0012986640447648918,0.0016842079255644312,0.0006388000001606997
36.399635,0.0006388000001606997,0.0014008000001467734,0.000999847252153238,0.0012874713288304309,0.0006388000001606997
36.419635,0.0006388000001606997,0.0006388000001606997,0.0005184397507348749,0.0007399188812691462,0.0006388000001606997
36.439635,0.0006388000001606997,-0.00015919999987090705,-2.294193469449225e-05,-0.00011788997657720054,0.0006388000001606997
36.459635,0.0006388000001606997,-0.0005391999999119435,-0.00047451682383894576,-0.0006083328670130529,0.0006388000001606997
36.479635,-0.003351199999997334,-0.0005391999999119435,-0.0007066390899263769,-0.0006008503495669173,0.0006388000001606997
36.499634,-0.0012612000000444823,-0.0005391999999119435,-0.0006553665133130589,-0.001051223309951325,0.0006388000001606997
36.519634,0.0006388000001606997,-0.0009191999999529799,-0.0003484622357142909,-0.0006006405593799171,-0.0012612000000444823
36.539634,0.0006388000001606997,-0.0001211999999213731,0.00010081175438812348,-5.7283916019743605e-05,0.0006388000001606997
36.559634,-0.0012612000000444823,0.0010208000001057371,0.0005314073742746468,0.000897727739025671,0.0006388000001606997
36.579633,0.0006388000001606997,0.0010208000001057371,0.0007908260322879794,0.0013874713288005592,0.0006388000001606997
36.599633,0.004448800000091069,0.0010208000001057371,0.0007913647416117687,0.0010129025642271832,0.0006388000001606997
36.619633,0.0006388000001606997,0.0006408000001101755,0.0005451566757794349,0.00034402144529268675,0.0006388000001606997
36.639633,0.0006388000001606997,0.0002608000000691391,0.00015936466833902738,-3.2785081529761693e-05,0.0006388000001606997
36.659633,-0.0031612000000222906,-0.0008811999999579712,-0.00021224996831736406,-0.00027695757569794037,-0.0012612000000444823
36.679632,-0.0012612000000444823,-0.0008811999999579712,-0.00044070587506962885,-0.0008083095570646803,-0.0012612000000444823
36.699632,-0.0012612000000444823,-0.0008811999999579712,-0.0004792704012518572,-0.0008946731934026627,-0.0012612000000444823
36.719632,0.0006388000001606997,-0.0001211999999213731,-0.00037701285093924705,-0.0002884727271962089,0.0006388000001606997
36.739632,0.0006388000001606997,0.0002988000001096225,-0.00024411128696200132,0.00017493053621528415,0.0006388000001606997
36.759632,0.0006388000001606997,0.0002988000001096225,-0.0001909421246443509,0.00018192354320653576,0.0006388000001606997
36.779632,0.0008388000001104956,-8.119999993141391e-05,-0.00027415779137187523,-0.00010805314676467611,0.0006388000001606997
36.799631,-0.0012612000000444823,-0.000841199999968012,-0.00047525251488778183,-0.0005966312353754155,-0.0012612000000444823
36.819631,-0.0012612000000444823,-0.000841199999968012,-0.0007174789145476244,-0.0008705240092948389,-0.0012612000000444823
36.839631,-0.0031612000000222906,-0.0012611999999990076,-0.0009067782816391267,-0.0011315962703943177,-0.0012612000000444823
36.859631,0.0006388000001606997,-0.000841199999968012,-0.0009723529004241661,-0.0009768177156000242,-0.0012612000000444823
36.879631,-0.0012612000000444823,-0.000841199999968012,-0.0008877802646296284,-0.0009243701631497368,-0.0012612000000444823
36.89963,0.0008388000001104956,-8.119999993141391e-05,-0.0006692219329297457,-0.0005287990675560346,0.0006388000001606997
36.91963,-0.0012612000000444823,-0.0004611999999724503,-0.0003608945996780128,-0.0004079599067002478,-0.0012612000000444823
36.93963,0.0006388000001606997,-8.119999993141391e-05,-2.0343143602338237e-05,9.099114225673255e-05,0.0006388000001606997
36.95963,-0.0012612000000444823,-0.0001211999999213731,0.0002912473900854533,0.00027502377631180726,0.0006388000001606997
36.97963,0.0006388000001606997,0.0006408000001101755,0.0005167776095055781,0.0006623198136407436,0.0006388000001606997
36.999629,0.0006388000001606997,0.0006408000001101755,0.0006140681026426926,0.0003990331003302835,0.0006388000001606997
37.019629,0.0025488000001132605,0.0006408000001101755,0.0005693112129044327,0.000662786014095167,0.0006388000001606997
37.039629,0.0006388000001606997,0.0002608000000691391,0.00040498681829348297,0.00027595617722065384,0.0006388000001606997
37.059629,-0.0012612000000444823,0.00030080000005909823,0.00017304679925525537,0.00033597948725513243,0.0006388000001606997
37.079628,-0.0012612000000444823,-0.0004611999999724503,-6.660984125401449e-05,-0.00023779673657078153,-0.0012612000000444823
37.099629,0.0008388000001104956,-0.0004611999999724503,-0.00027041216891159894,-0.00036471981348770396,-0.0012612000000444823
37.119628,-0.0012612000000444823,-0.0004611999999724503,-0.0004235000098794176,-0.0005629715617334131,-0.0012612000000444823
37.139628,0.0006388000001606997,-8.119999993141391e-05,-0.0005346304825593371,-0.00038311142187262857,0.0006388000001606997
37.159628,-0.0012612000000444823,-0.0005011999999624094,-0.0006197174271316863,-0.00047798321674445937,-0.0012612000000444823
37.179627,0.0006388000001606997,-0.0005011999999624094,-0.0006855071052190558,-0.00047332121208362493,-0.0012612000000444823
37.199627,-0.0012612000000444823,-0.0008812000000034459,-0.0007228320463117778,-0.0008145799533775462,-0.0012612000000444823
37.219627,-0.0012612000000444823,-0.0004611999999724503,-0.0007124751895062973,-0.00037868251746232617,-0.0012612000000444823
37.239627,-0.0012612000000444823,-0.0008412000000134867,-0.0006393339057417259,-0.0009792885780906186,-0.0012612000000444823
37.259627,0.0008388000001104956,-0.0004611999999724503,-0.0005062381211335443,-0.000754463403250063,-0.0012612000000444823
37.279626,-0.0012612000000444823,-0.000841199999968012,-0.0003401727865614545,-0.0006718293706137175,-0.0012612000000444823
37.299626,0.0006388000001606997,-7.919999993646342e-05,-0.00018851728464612346,0.00010567645695267142,0.0006388000001606997
37.319626,-0.0031612000000222906,-0.00011919999992642261,-0.0001061794469130116,0.0001386601399617304,0.0006388000001606997
37.339626,0.0025488000001132605,0.0002608000001146138,-0.00013564312274950442,-1.0407459103165461e-05,0.0006388000001606997
37.359626,0.0006388000001606997,-0.0004991999999219843,-0.0002854639509290122,-0.0003415263402420167,0.0006388000001606997
37.379626,0.0006388000001606997,-0.00011919999992642261,-0.0005188216965233192,-0.0004092419579674019,0.0006388000001606997
37.399625,-0.0031612000000222906,-0.0008811999999579712,-0.0007637499714010725,-0.0009457221445066406,-0.0012612000000444823
37.419625,-0.0012612000000444823,-0.0012611999999990076,-0.0009444097066094763,-0.0010129715617691224,-0.0012612000000444823
37.439625,-0.0012612000000444823,-0.001641200000040044,-0.0010166106599185953,-0.00157649137531205,-0.0012612000000444823
37.459625,-0.0012612000000444823,-0.0008812000000034459,-0.000985942392840833,-0.000875885314683949,-0.0012612000000444823
37.479625,-0.0012612000000444823,-0.0005011999999624094,-0.0008975407573996918,-0.0006278666666332165,-0.0012612000000444823
37.499624,0.0006388000001606997,-0.0001211999999213731,-0.0008035113438638551,-0.0002248363635646888,0.0006388000001606997
37.519624,0.0006388000001606997,-0.0005011999999169348,-0.0007270125161796403,-0.0007474470861804391,0.0006388000001606997
37.539624,0.0006388000001606997,-0.0005011999999169348,-0.0006454325718979281,-0.0006411533798911541,0.0006388000001606997
37.559624,-0.0031612000000222906,-0.0008811999999579712,-0.000505905424464639,-0.0003532745919971776,-0.0012612000000444823
37.579623,-0.0012612000000444823,-0.0005011999999624094,-0.00026643099494644973,-0.0007811067598494721,-0.0012612000000444823
37.599623,-0.0012612000000444823,-0.0005011999999624094,6.301984418342333e-05,-0.00047772680650512683,-0.0012612000000444823
37.619623,0.002538800000138508,-0.00012119999996684783,0.00040734274005003096,0.00022868344992470638,-0.0012612000000444823
37.639623,0.0006388000001606997,0.0010568000000603206,0.0006515801642836302,0.001154767366021606,0.0006388000001606997
37.659623,-0.0012612000000444823,0.001436800000101357,0.0006919728312718782,0.001097191608458711,0.0006388000001606997
37.679622,0.00462880000009136,0.0006768000000647589,0.00048724192657494163,0.0004992895105593547,0.0006388000001606997
37.699622,0.0006388000001606997,-0.0005011999999624094,8.524700791913779e-05,0.00016977902106299477,-0.0012612000000444823
37.719622,-0.0012612000000444823,-0.0001211999999213731,-0.0003897834931997702,-0.0005056289043542691,0.0006388000001606997
37.739622,-0.005251199999975142,-0.0009191999999075051,-0.0007860353292619503,-0.000999451748191752,0.0006388000001606997
37.759622,0.0006388000001606997,-0.0013371999999435501,-0.0009845714667040609,-0.0009086592073756258,-0.0012612000000444823
37.779622,0.0006388000001606997,-0.0013371999999435501,-0.000939842298061538,-0.001557493706243094,-0.0012612000000444823
37.799621,-0.0014512000000195258,0.00022080000007917988,-0.00068381632955942,-0.0006601976689578524,0.0006388000001606997
37.819621,-0.0012612000000444823,-0.00015919999996185651,-0.00030049381324829324,0.0001325762238338137,-0.0012612000000444823
37.839621,0.002538800000138508,0.00022080000003370514,0.00011118146463923615,0.0010715039627739091,-0.0012612000000444823
37.859621,-0.0012612000000444823,0.0006388000000697502,0.00047020669545473837,0.00022956923082521105,0.0006388000001606997
37.879621,0.002538800000138508,0.0010188000001107866,0.0007320696603207968,5.905641032842679e-05,0.0006388000001606997
37.89962,0.0006388000001606997,-0.0001211999999213731,0.0008883195563913631,0.0006990331003323594,0.0006388000001606997
37.91962,0.0006388000001606997,0.000638800000115225,0.0009499961969076572,0.0012349305362526883,0.0006388000001606997
37.93962,-0.0031612000000222906,0.0010188000001107866,0.0009265624059286402,0.0007455365968398179,0.0006388000001606997
37.95962,0.002538800000138508,0.0010188000001107866,0.0008163778087465979,0.0009824829838123235,0.0006388000001606997
37.97962,0.004438800000116316,0.00022080000007917988,0.0006172251902121766,0.0003469351982250535,0.0006388000001606997
37.999619,0.0006388000001606997,0.000980800000115778,0.00034721225608298734,0.0003225762238539083,0.0006388000001606997
38.019619,-0.003351199999997334,0.00022080000007917988,5.451465575519401e-05,0.00039122424252312075,0.0006388000001606997
38.039619,0.0006388000001606997,-0.0005391999999119435,-0.00019582055280363154,0.00035357855489138806,0.0006388000001606997
38.059619,-0.0012612000000444823,-0.0005391999999119435,-0.00034823852037238153,-0.0008869575756853248,0.0006388000001606997
38.079618,0.0006388000001606997,-0.0001211999999213731,-0.00037699432769310314,-0.0009179599067069041,0.0006388000001606997
38.099618,0.0006388000001606997,-0.0005011999999624094,-0.00029054656471438146,-5.432354305995462e-05,-0.0012612000000444823
38.119618,-0.0012612000000444823,0.00029680000006919726,-0.00012359256980362543,0.00030884662010490773,0.0006388000001606997
38.139618,-0.0012612000000444823,0.00029680000006919726,7.547694820542232e-05,4.709836834174502e-05,0.0006388000001606997
38.159618,0.0027288000001135515,-8.319999997183914e-05,0.00025744961257640945,0.0004080540793332569,-0.0012612000000444823
38.179617,0.0006388000001606997,0.00029680000006919726,0.00038353826152163394,-2.3764102509298208e-05,0.0006388000001606997
38.199617,-0.0012612000000444823,0.0006768000001102336,0.00043169497915889865,0.0003664223777011932,0.0006388000001606997
38.219617,0.0006388000001606997,-0.0001211999999213731,0.0003957034549033789,0.0006055832168899804,0.0006388000001606997
38.239617,0.0006388000001606997,0.0002588000000741886,0.00028021868419518986,0.000215839627117021,0.0006388000001606997
38.259617,-0.0012612000000444823,0.00022080000007917988,9.792672749064582e-05,3.425454551656947e-05,0.0006388000001606997
38.279616,0.002538800000138508,-0.00015919999996185651,-0.0001289025237585853,-0.0001734610722215859,-0.0012612000000444823
38.299616,-0.0014512000000195258,-0.00015919999996185651,-0.0003663981861130338,-0.00033068717944294236,-0.0012612000000444823
38.319616,-0.0012612000000444823,-0.0005391999999574182,-0.0005723933665660845,-0.0005056289043828895,-0.0012612000000444823
38.339616,0.0006388000001606997,-0.0009191999999529799,-0.0007067005973244399,-0.0005388456875836494,-0.0012612000000444823
38.359616,-0.0031612000000222906,-0.0005011999999169348,-0.0007438902658427467,-0.0007049296036669514,0.0006388000001606997
38.379616,0.0006388000001606997,-0.0005011999999169348,-0.000681670491090774,-0.0010038806526327946,0.0006388000001606997
38.399615,0.0006388000001606997,-0.0008811999999579712,-0.0005411193601773499,-0.00035504615376002644,-0.0012612000000444823
38.419615,-0.0012612000000444823,-0.0001211999999213731,-0.00036056552870342075,-0.00041350769223349657,0.0006388000001606997
38.439615,-0.0012612000000444823,-0.0001211999999213731,-0.00018745429068009792,-0.00039800652675397747,0.0006388000001606997
38.459615,0.0006388000001606997,-0.0005011999999624094,-6.991274299546164e-05,0.00031283263411530863,-0.0012612000000444823
38.479614,0.0006388000001606997,-8.319999992636439e-05,-4.6648637400692636e-05,-0.00012341445213860875,0.0006388000001606997
38.499614,-0.0012612000000444823,0.000296800000114672,-0.0001355462998277808,-0.00020712074584079807,0.0006388000001606997
38.519614,0.0008288000001357432,-0.00046319999992192604,-0.0003254701198030267,-0.000424137062863061,0.0006388000001606997
38.539614,0.0006388000001606997,-0.0008431999999629625,-0.0005767378347736483,-0.0005747198134498832,-0.0012612000000444823
38.559614,-0.0031612000000222906,-0.0008811999999579712,-0.0008322155448623794,-0.0010618993006750925,-0.0012612000000444823
38.579613,-0.0012612000000444823,-0.0009191999999529799,-0.0010348051368125881,-0.0009644634032270826,-0.0012612000000444823
38.599613,-0.0014512000000195258,-0.0012991999999940162,-0.0011418414712008429,-0.000800593939343632,-0.0012612000000444823
38.619613,0.0006388000001606997,-0.0005391999999574182,-0.001128540173498828,-0.000929032167804741,-0.0012612000000444823
38.639613,-0.0012612000000444823,-0.0005391999999574182,-0.0009823809709373719,-0.001065885314677543,-0.0012612000000444823
38.659613,0.0006388000001606997,-0.0005011999999624094,-0.0006993623057792377,-0.0006606405594202948,-0.0012612000000444823
38.679613,-0.0012612000000444823,-0.0008812000000034459,-0.0002915432443912294,-0.0007071440559176834,-0.0012612000000444823
38.699612,-0.0012612000000444823,-0.00012119999996684783,0.00019654669447745539,0.0003960960373343847,-0.0012612000000444823
38.719612,-0.0012612000000444823,0.00025880000002871385,0.0006775756854269447,0.0005108046620295329,-0.0012612000000444823
38.739612,0.002538800000138508,0.0013988000000608736,0.0010340542508133663,0.001053345454614076,0.002538800000138508
38.759612,0.002538800000138508,0.0009808000000703031,0.0011572627175220345,0.001102506293776408,0.002538800000138508
38.779612,0.004438800000116316,0.0013608000001113397,0.000994490587670886,0.0011689398602367593,0.002538800000138508
38.799611,-0.003351199999997334,0.0006008000000747415,0.0005757478002580422,0.0007907114219970493,0.0006388000001606997
38.819611,0.0006388000001606997,-0.0001971999999568652,2.605130503627166e-06,7.544335670368082e-05,-0.0012612000000444823
38.839611,-0.0012612000000444823,-0.001337199999989025,-0.0005931596136906476,-0.0009365613053456099,-0.0012612000000444823
38.859611,-0.0014512000000195258,-0.0009571999999934633,-0.001096558479042936,-0.0014551860140124403,-0.0012612000000444823
38.879611,-0.0012612000000444823,-0.0013372000000344997,-0.0014398374586321707,-0.001658915617737545,-0.0012612000000444823
38.89961,-0.0014512000000195258,-0.0013372000000344997,-0.0016081014780680004,-0.0010964447552589403,-0.0012612000000444823
38.91961,-0.0012612000000444823,-0.0012611999999990076,-0.0016249464598341971,-0.001446771095592797,-0.0012612000000444823
38.93961,-0.0012612000000444823,-0.0012611999999990076,-0.0015297343474828583,-0.0012585426573429714,-0.0012612000000444823
38.95961,-0.0010711999998420652,-0.0012232000000039988,-0.0013585806132654077,-0.0015442069930243767,-0.0012612000000444823
38.979609,-0.0012612000000444823,-0.0012232000000039988,-0.0011366005093805106,-0.0011482629370634257,-0.0012612000000444823
38.999609,-0.0012612000000444823,-0.0012232000000039988,-0.0008818231337993783,-0.0009843934732059456,-0.0012612000000444823
39.019609,-0.0012612000000444823,-0.0005012000000078842,-0.0006145291810048486,-0.0005906638694538561,-0.0012612000000444823
39.039609,-0.0012612000000444823,-0.0005012000000078842,-0.0003628984656767902,-0.000477726806527387,-0.0012612000000444823
39.059609,0.002538800000138508,-0.00012119999996684783,-0.00015906864845203382,-0.0003187291375304617,-0.0012612000000444823
39.079608,-0.0012612000000444823,-0.00012119999996684783,-2.765597109344904e-05,9.360186485821392e-05,-0.0012612000000444823
39.099608,0.0006388000001606997,0.0002588000000741886,2.4819551830297875e-05,0.0002641146853936887,0.0006388000001606997
39.119608,-0.0012612000000444823,-8.319999992636439e-05,1.2373607182955399e-05,-0.0001101277388594708,0.0006388000001606997
39.139608,0.0006388000001606997,-8.319999992636439e-05,-3.642757816405343e-05,7.238228512281174e-06,0.0006388000001606997
39.159608,0.0008288000001357432,-0.0004631999999674008,-8.831297818163293e-05,-0.0003492885780482578,-0.0012612000000444823
39.179608,-0.0012612000000444823,0.00029680000006919726,-0.00011502240603956408,0.00014453426579611508,0.0006388000001606997
39.199607,-0.0012612000000444823,-8.319999997183914e-05,-0.00010082184914239894,-0.0001101277388997514,-0.0012612000000444823
39.219607,0.002538800000138508,-0.00012119999996684783,-4.5930433845116376e-05,-3.262191138555376e-05,-0.0012612000000444823
39.239607,-0.0012612000000444823,-0.00012119999996684783,3.512641422072432e-05,-0.00018541911419289758,-0.0012612000000444823
39.259607,0.0006388000001606997,0.0002588000000741886,0.00011848993290602405,-6.628158502596627e-05,0.0006388000001606997
39.279606,-0.0012612000000444823,-0.0001211999999213731,0.00017696874837264974,0.00025747132876657473,0.0006388000001606997
39.299606,0.0006388000001606997,0.0002588000001196633,0.0001876000053475292,0.0006095692308982611,0.0006388000001606997
39.319606,0.0006388000001606997,0.000296800000114672,0.00014207797848437399,0.00024418461551923735,0.0006388000001606997
39.339606,0.0006388000001606997,0.0006768000001557084,5.668920937701009e-05,0.0002109678322967469,0.0006388000001606997
39.359606,0.0008288000001357432,-8.319999988088966e-05,-2.702621664277941e-05,-0.00032714405584145323,0.0006388000001606997
39.379606,0.0006388000001606997,-0.00046319999992192604,-5.848889740064063e-05,-0.00017434685304311962,0.0006388000001606997
39.399605,-0.0031612000000222906,-0.00046319999992192604,-8.631979977609636e-06,-0.0002961417248654547,0.0006388000001606997
39.419605,-0.0012612000000444823,-0.0001211999999213731,0.00010154606641776049,-1.490629361290208e-05,0.0006388000001606997
39.439605,0.0006388000001606997,-0.0001211999999213731,0.00019683933860551622,0.00032656223785741917,0.0006388000001606997
39.459605,0.002538800000138508,0.000638800000115225,0.00017916732539665625,0.0003619934732908911,0.0006388000001606997
39.479604,0.0006388000001606997,0.000638800000115225,-1.9015256148961075e-05,-5.8309557031134746e-05,0.0006388000001606997
39.499604,0.0006388000001606997,-0.0001591999999163818,-0.000390998835778351,-4.719813420869622e-06,0.0006388000001606997
39.519604,-0.0012612000000444823,-0.0012991999999485415,-0.0008496846076737668,-0.0006619692306851906,-0.0012612000000444823
39.539604,-0.003351199999997334,-0.0012991999999485415,-0.0012636337659740586,-0.0013639505827041912,-0.0012612000000444823
39.559604,-0.0031612000000222906,-0.0017171999999845867,-0.001514518867295,-0.0019862116550027832,-0.0014512000000195258
39.579603,0.0006388000001606997,-0.0017551999999795953,-0.0015446765306396492,-0.0018821324009393196,-0.0014512000000195258
39.599603,-0.0014512000000195258,-0.001337199999989025,-0.0013732769766621835,-0.0014104540792317902,-0.0014512000000195258
39.619603,-0.0014512000000195258,-0.0005771999999524269,-0.0010800968217306746,-0.0007704773892214974,-0.0012612000000444823
39.639603,-0.0012612000000444823,-0.0005771999999524269,-0.0007705604710544727,-0.000320943589688442,-0.0012612000000444823
39.659603,0.0006388000001606997,-0.0005391999999574182,-0.0005379003158849802,-0.0003457454544981793,-0.0012612000000444823
39.679602,0.0006388000001606997,-0.0005011999999624094,-0.0004346128251589511,-0.0008373538461469412,-0.0012612000000444823
39.699602,-0.0012612000000444823,-0.0005011999999624094,-0.00046181055339624777,-0.0005158153845860519,-0.0012612000000444823
39.719602,-0.0012612000000444823,-0.0008812000000034459,-0.0005791835222865281,-0.0007133445221327052,-0.0012612000000444823
39.739602,-0.0012612000000444823,-0.0008812000000034459,-0.0007286185063636348,-0.0005251160838993098,-0.0012612000000444823
39.759602,-0.0012612000000444823,-0.0009191999999984546,-0.0008576025819995802,-0.0010477268065352003,-0.0012612000000444823
39.779602,0.0006388000001606997,-0.0005391999999574182,-0.0009312651106528932,-0.0009325752913473992,-0.0012612000000444823
39.799601,-0.0014512000000195258,-0.0009571999999479885,-0.0009321748158502959,-0.0008572839160314628,-0.0012612000000444823
39.819601,0.0006388000001606997,-0.0005771999999069522,-0.000855628564110338,-0.0008218526805873908,0.0006388000001606997
39.839601,-0.003351199999997334,-0.0009571999999479885,-0.0007081425262203025,-0.0007270741257931947,-0.0012612000000444823
39.859601,0.0006388000001606997,-0.0005391999999119435,-0.0005095373475071687,-0.0005654191141313253,0.0006388000001606997
39.8796,-0.0012612000000444823,-0.0005391999999119435,-0.00029239413785377925,-0.0002620391607355693,0.0006388000001606997
39.8996,0.0006388000001606997,0.000296800000114672,-9.3543917441471e-05,0.00019900979033603557,0.0006388000001606997
39.9196,0.0006388000001606997,0.000296800000114672,6.028289685720678e-05,4.7984149278820526e-05,0.0006388000001606997
39.9396,0.0008288000001357432,0.000296800000114672,0.0001634619555994976,0.00029821724951350386,0.0006388000001606997
39.959599,0.0006388000001606997,-0.0001211999999213731,0.00022956068404607666,-0.0002314797201955129,0.0006388000001606997
39.979599,-0.0012612000000444823,-0.0001211999999213731,0.0002746661007032511,0.00022469743601023702,0.0006388000001606997
39.999599,-0.0014512000000195258,-0.0001591999999163818,0.00029599350530490505,7.681118955113388e-06,0.0006388000001606997
40.019599,0.0006388000001606997,0.00022080000007917988,0.00026316708603694506,0.000357564568847198,0.0006388000001606997
40.039599,0.0006388000001606997,0.00022080000007917988,0.00013404468553950292,0.00023798414927294487,0.0006388000001606997
40.059599,0.002538800000138508,0.000638800000115225,-0.00011058666547729321,0.00031194685323017413,0.0006388000001606997
40.079598,-0.0012612000000444823,-0.0001211999999213731,-0.0004359395780251679,-0.00031695757568228134,0.0006388000001606997
40.099598,0.0006388000001606997,-0.0005011999999624094,-0.0007499364777820761,-0.0006872139859653206,-0.0012612000000444823
40.119598,-0.0031612000000222906,-0.0016791999999895778,-0.0009357446529133946,-0.0009157454545091728,-0.0012612000000444823
40.139598,-0.0012612000000444823,-0.0009191999999529799,-0.0009054169692499731,-0.0014693585081353724,-0.0012612000000444823
40.159598,-0.003351199999997334,-0.0008811999999579712,-0.0006455222613050283,-0.0010840438228182964,-0.0012612000000444823
40.179598,0.002538800000138508,-0.0005011999999624094,-0.00022861489701106547,-3.391142125763356e-06,-0.0012612000000444823
40.199597,0.0008288000001357432,0.0006388000000697502,0.00021668115581688444,0.0004926461539126305,0.0008288000001357432
40.219597,-0.0012612000000444823,0.001436800000101357,0.000561148009674236,0.0009665389278094109,0.0008288000001357432
40.239597,0.004438800000116316,0.0006768000000647589,0.0007277483095261005,0.0008558163170812031,0.0006388000001606997
40.259597,0.0006388000001606997,0.00025880000002871385,0.0007170011665070909,0.0006343710956290272,-0.0012612000000444823
40.279596,-0.0012612000000444823,0.0006388000000697502,0.0005947182343707742,0.0003327627040305703,0.0006388000001606997
40.299597,-0.0012612000000444823,-0.0001211999999213731,0.00045065017148018317,0.000361550582815198,0.0006388000001606997
40.319596,0.0006388000001606997,0.0002588000000741886,0.00035206494328916333,0.00047050163179804727,0.0006388000001606997
40.339596,0.0006388000001606997,0.0002588000000741886,0.0003174887984049385,-0.00015397389270516582,0.0006388000001606997
40.359596,0.002538800000138508,0.000638800000115225,0.00032001494490133125,0.0002313407926103204,0.0006388000001606997
40.379595,-0.0012612000000444823,0.0002588000000741886,0.00031010008946451105,0.0004306414919351929,0.0006388000001606997
40.399595,0.0006388000001606997,0.0002588000000741886,0.00024072230814989735,0.0006786601399694952,0.0006388000001606997
40.419595,-0.0012612000000444823,-0.0001211999999213731,8.495212532962252e-05,0.0002295692308633717,0.0006388000001606997
40.439595,0.0006388000001606997,0.0002588000001196633,-0.00015420211014109642,-0.00016238881109512836,0.0006388000001606997
40.459594,0.0006388000001606997,-0.0005011999999169348,-0.0004398429525936918,-0.0007315030302299974,0.0006388000001606997
40.479594,0.0006388000001606997,-0.0005391999999119435,-0.0007060591899159824,-0.0005122722609840327,0.0006388000001606997
40.499594,-0.0031612000000222906,-0.0009191999999529799,-0.0008763961836682639,-0.0011035310022833057,-0.0012612000000444823
40.519594,-0.0014512000000195258,-0.0009191999999529799,-0.0008932182696056825,-0.0009064447552017451,-0.0012612000000444823
40.539594,-0.0012612000000444823,-0.0012991999999940162,-0.0007440563354825635,-0.0008865146852965534,-0.0012612000000444823
40.559594,0.0006388000001606997,-0.00015919999996185651,-0.00046857717315697684,-0.000366118414872174,-0.0012612000000444823
40.579593,-0.0012612000000444823,0.0002588000000741886,-0.0001406700393103478,0.0001525062937755762,0.0006388000001606997
40.599593,0.002538800000138508,0.000638800000115225,0.00016439152625836076,0.0003421100233956309,0.0006388000001606997
40.619593,0.0006388000001606997,0.0002588000000741886,0.0003990947695519599,0.00020059487188054455,0.0006388000001606997
40.639593,0.0006388000001606997,0.00022080000007917988,0.000553222007901221,0.0006121333334267394,0.0006388000001606997
40.659593,-0.0012612000000444823,0.00022280000007413037,0.0006403794406179156,0.0002893827506467189,0.0006388000001606997
40.679592,-0.0014512000000195258,0.0006048000000646425,0.0006740578883798999,0.0005225995338672366,0.0006388000001606997
40.699592,0.0025488000001132605,0.00018680000002859742,0.0006536082260110759,0.0007335319347854336,-0.0012612000000444823
40.719592,0.0025488000001132605,0.000948800000060146,0.000571717104579656,0.0008722265734839481,0.0025488000001132605
40.739592,-0.0014512000000195258,0.0014068000000861502,0.00043562042947956997,0.00042896317021287784,0.0025488000001132605
40.759592,0.0025488000001132605,0.00022680000006403134,0.0002818811525243341,0.0004871216783809026,0.0008388000001104956
40.779592,0.0008388000001104956,-0.0005351999999675172,0.00016928091669754804,7.824055949700123e-05,-0.0012612000000444823
40.799591,-0.003351199999997334,0.00026480000005904005,0.00015046947482254738,-0.0002019226106764574,0.0008388000001104956
40.819591,-0.0012612000000444823,-0.00011719999993147212,0.00023903848400241216,0.0002166321679096808,0.0006388000001606997
40.839591,0.0025488000001132605,0.00022480000006908085,0.0003950236263239084,0.0006840214453209746,0.0006388000001606997
40.859591,0.0006388000001606997,0.0010228000001006876,0.0005416428675068546,0.00028113100240149415,0.0006388000001606997
40.879591,0.0025488000001132605,0.0010228000001006876,0.0006039352165594845,0.0005464223776914147,0.0006388000001606997
40.89959,0.0006388000001606997,0.0002608000000691391,0.0005441716882941991,0.0008260261073084351,0.0006388000001606997
40.91959,-0.0012612000000444823,0.0002608000000691391,0.0003733011266985864,0.0005387533800571496,0.0006388000001606997
40.93959,-0.0012612000000444823,-0.0001211999999213731,0.00013696700093875726,2.7797669087655213e-05,0.0006388000001606997
40.95959,0.0006388000001606997,-0.0001211999999213731,-0.00010853890567084822,-7.404382276542611e-05,0.0006388000001606997
40.979589,0.0006388000001606997,-0.0001211999999213731,-0.00031374826655777523,-0.0004028317015621998,0.0006388000001606997
40.999589,0.0006388000001606997,-0.0001211999999213731,-0.00044274778840450754,-0.0006526219113832014,0.0006388000001606997
41.019589,-0.0012612000000444823,-0.0005011999999624094,-0.00047676999693204006,-0.0004722023309659787,-0.0012612000000444823
41.039589,-0.0012612000000444823,-0.0008812000000034459,-0.0004213155524212372,-0.0004859552447313406,-0.0012612000000444823
41.059589,-0.0012612000000444823,-0.0005372000000079425,-0.000312630330492856,-0.0003647431235257954,-0.0012612000000444823
41.079588,-0.0012612000000444823,-0.00015719999996690603,-0.00021177361410633467,2.439440561772315e-05,-0.0012612000000444823
41.099588,0.002358800000138217,0.00026280000006408957,-0.00017979849193804008,-3.6941724518788766e-06,0.0006388000001606997
41.119588,0.0006388000001606997,0.00026280000006408957,-0.00024314111717295094,-0.00012082703957521897,0.0006388000001606997
41.139588,0.0008388000001104956,-0.00015519999992648082,-0.000371385659061661,-0.0003437874125313008,0.0006388000001606997
41.159588,-0.0012612000000444823,-0.0008791999999630207,-0.000487028553154199,-0.0006631580419001508,-0.0012612000000444823
41.179587,-0.003351199999997334,-0.0008791999999630207,-0.000507100621942941,-0.0004853025640352571,-0.0012612000000444823
41.199587,-0.0012612000000444823,-0.0008791999999630207,-0.0003930820953802475,-0.0006184027971519004,-0.0012612000000444823
41.219587,0.0006388000001606997,-0.00011719999993147212,-0.0001772571322227637,-0.0006302442890080162,0.0006388000001606997
41.239587,0.0008388000001104956,0.00030080000005909823,5.159645839090936e-05,0.00014528018653167256,0.0006388000001606997
41.259587,0.0025488000001132605,0.00030080000005909823,0.00019344493918066027,0.00041311235436180085,0.0006388000001606997
41.279586,-0.0012612000000444823,0.0007208000000446191,0.00018528790207229614,0.0006811776224339809,0.0008388000001104956
41.299586,-0.0012612000000444823,-7.919999998193817e-05,2.7239875942985244e-05,0.00045472074596849307,-0.0012612000000444823
41.319586,0.002738800000088304,-0.0004611999999724503,-0.00022183355363661016,-0.0004256988344924406,-0.0012612000000444823
41.339586,-0.0031612000000222906,-0.0004611999999724503,-0.000471718730886884,-0.001090640559428058,-0.0012612000000444823
41.359586,0.0006388000001606997,-0.0008791999999630207,-0.000637820806359311,-0.0012964913752621294,-0.0012612000000444823
41.379586,-0.0012612000000444823,-0.0012991999999485415,-0.0006739726693388243,-8.262191135312747e-05,-0.0012612000000444823
41.399585,-0.003351199999997334,-0.0001571999999214313,-0.0005883710827550591,-0.0003677034964341733,0.0006388000001606997
41.419585,0.0006388000001606997,0.00022480000006908085,-0.00043411680881161964,-0.000626910955642818,0.0006388000001606997
41.439585,0.0025488000001132605,-0.0005731999999170512,-0.0002768839038096119,-5.6048484759870973e-05,0.0006388000001606997
41.459584,0.0025488000001132605,0.0002248000001145556,-0.00015738500822503758,-3.390396259228697e-05,0.0006388000001606997
41.479584,-0.005251199999975142,0.0002248000001145556,-7.293540814617458e-05,-4.2295570964298547e-05,0.0006388000001606997
41.499584,0.0006388000001606997,-0.00015719999987595656,1.0585264353369618e-05,0.00017262284393514832,0.0006388000001606997
41.519584,0.0006388000001606997,-0.0009191999999075051,0.00012857712550321836,-0.0001627850814925186,0.0006388000001606997
41.539584,0.0006388000001606997,0.0006788000001051841,0.0002923881811576394,-0.00011977808848015576,0.0006388000001606997
41.559584,-0.0012612000000444823,0.0006788000001051841,0.0004824459700063132,0.0003719701632752528,0.0006388000001606997
41.579583,0.002738800000088304,0.0006788000001051841,0.0006585661637501703,0.001179918881240002,0.0006388000001606997
41.599583,0.0006388000001606997,0.0006788000001051841,0.0007783823919426987,0.0009080307693604596,0.0006388000001606997
41.619583,0.0006388000001606997,0.0010588000001462206,0.0008137238067198915,0.0009217836831194613,0.0006388000001606997
41.639583,0.0006388000001606997,0.0006788000001506589,0.0007575674473807262,0.0004514806528001812,0.0006388000001606997
41.659583,0.0006388000001606997,0.0002988000001096225,0.0006202466419468106,0.0005805016318303793,0.0006388000001606997
41.679582,0.0008388000001104956,-8.119999993141391e-05,0.00041963750200524455,-3.430023302200761e-05,0.0006388000001606997
41.699582,-0.0012612000000444823,0.00030080000005909823,0.00017257609489329135,0.00018772773898335696,0.0006388000001606997
41.719582,-0.0012612000000444823,-7.919999998193817e-05,-0.00010610688269293341,0.00028863682986823104,-0.0012612000000444823
41.739582,0.0025488000001132605,-7.919999998193817e-05,-0.0003945541697443782,-0.0002405006993007778,-0.0012612000000444823
41.759582,-0.0012612000000444823,-7.919999998193817e-05,-0.0006504459917640559,-0.00037793659672676874,-0.0012612000000444823
41.779581,0.0008388000001104956,-0.0004971999999725085,-0.0008065805933286574,-0.0008698946386765975,-0.0012612000000444823
41.799581,-0.0012612000000444823,-0.0008791999999630207,-0.0007875210125307537,-0.0008181696969333162,-0.0012612000000444823
41.819581,-0.003351199999997334,-0.0009171999999580294,-0.0005457118609736865,-0.0007651627039212907,-0.0012612000000444823
41.839581,0.0006388000001606997,-0.0005371999999624677,-9.859353762726174e-05,-0.00046318135194286516,-0.0012612000000444823
41.859581,-0.0014512000000195258,0.00022480000006908085,0.000458171663613555,0.0004465156177819606,0.0006388000001606997
41.87958,0.002738800000088304,0.0014048000000911997,0.0009756013157093241,0.0010399888112832046,0.0025488000001132605
41.89958,0.0025488000001132605,0.0014048000000911997,0.0013068479998469898,0.0015199421912502,0.0025488000001132605
41.91958,0.0025488000001132605,0.0018228000001272449,0.0013666719096784978,0.0018477743590931458,0.0025488000001132605
41.93958,0.0006388000001606997,0.0010228000001006876,0.0011645918988904876,0.001142086713382509,0.0006388000001606997
41.95958,0.0006388000001606997,0.0006408000001101755,0.0007953530488663568,0.0007749538462569971,0.0006388000001606997
41.979579,-0.0012612000000444823,-0.0001591999999163818,0.0003931909422661058,0.000127657808964387,0.0006388000001606997
41.999579,0.0006388000001606997,-0.0001591999999163818,7.384284276473667e-05,-0.00030252867124475573,0.0006388000001606997
42.019579,-0.0014512000000195258,-0.0001591999999163818,-0.00010870649130127146,-0.00045553566426242,0.0006388000001606997
42.039579,0.0006388000001606997,-0.0001591999999163818,-0.00017398765096428404,-0.00011145641016782729,0.0006388000001606997
42.059579,0.0006388000001606997,-0.0001591999999163818,-0.00019436453908242932,0.00018572307701926702,0.0006388000001606997
42.079578,-0.0012612000000444823,0.0002588000001196633,-0.0002542794778466269,-8.886899757649133e-05,0.0006388000001606997
42.099578,0.0006388000001606997,-0.0001211999999213731,-0.00040783507675247726,-0.00015707412579333123,0.0006388000001606997
42.119578,0.0006388000001606997,-0.0009191999999529799,-0.000651598295615024,-0.0006056755243973998,-0.0012612000000444823
42.139578,-0.0012612000000444823,-0.0005391999999119435,-0.0009230504172456647,-0.0011365379952891154,0.0006388000001606997
42.159578,-0.003351199999997334,-0.0013371999999435501,-0.0011253466114571093,-0.0010626452213751394,-0.0012612000000444823
42.179577,0.0006388000001606997,-0.001297199999953591,-0.001167600337369562,-0.0010943468530719932,-0.0012612000000444823
42.199577,-0.003351199999997334,-0.0009171999999125546,-0.0010025703594902088,-0.0011770974358479153,0.0006388000001606997
42.219577,0.0008388000001104956,-0.0004991999999219843,-0.000646199258815946,-0.0009945799533174165,0.0006388000001606997
42.239577,0.0006388000001606997,-0.00045919999993202507,-0.00017378278451966753,-0.0003474937062012066,0.0006388000001606997
42.259577,-0.0012612000000444823,0.0003388000000995817,0.00030235059752207626,0.0008111076924154954,0.0006388000001606997
42.279576,0.0008388000001104956,0.0006788000001051841,0.0006646207123691955,0.0008372149185225282,0.0006388000001606997
42.299576,0.0006388000001606997,0.0010588000001007457,0.0008233763249326562,0.0009359328672350423,0.0008388000001104956
42.319576,0.002538800000138508,0.0006408000001101755,0.0007439289202166487,0.0007042312355274407,0.0008388000001104956
42.339576,0.002538800000138508,0.0001828000000841712,0.00045761724336290107,2.5093706374619237e-05,0.0006388000001606997
42.359576,-0.003351199999997334,0.0001828000000841712,4.833333867212636e-05,3.3135664437083804e-05,0.0006388000001606997
42.379575,-0.0014512000000195258,-0.0009951999999429973,-0.0003826850190293637,-0.00024427692300492654,-0.0014512000000195258
42.399575,0.0006388000001606997,-0.0009951999999429973,-0.0007557492640642896,-0.0007563048950513948,-0.0014512000000195258
42.419575,-0.003351199999997334,-0.0005771999999524269,-0.0010336034289425318,-0.0014405706293438543,-0.0012612000000444823
42.439575,0.002538800000138508,-0.0009571999999479885,-0.0012160186257976402,-0.001099102097867703,-0.0012612000000444823
42.459575,-0.0012612000000444823,-0.0013751999999840336,-0.0013183835067337672,-0.0009352326339980327,-0.0014512000000195258
42.479574,-0.003351199999997334,-0.0005771999999524269,-0.0013526691508900883,-0.0011482629370141353,-0.0012612000000444823
42.499574,-0.0014512000000195258,-0.0017551999999795953,-0.0013221177957959142,-0.0012926452214039555,-0.0014512000000195258
42.519574,0.0006388000001606997,-0.001375199999938559,-0.0012275601372972672,-0.0012483561771207286,-0.0014512000000195258
42.539574,-0.003351199999997334,-0.0009571999999479885,-0.001076235823312196,-0.001634113752887527,-0.0012612000000444823
42.559574,0.0006388000001606997,-0.0009191999999529799,-0.0008865198777588209,-0.0007992652679960548,-0.0012612000000444823
42.579573,-0.0012612000000444823,-0.0009191999999529799,-0.0006868256684813471,-0.00035858927731434475,-0.0012612000000444823
42.599573,-0.0012612000000444823,-0.0001211999999213731,-0.0005092365415050227,-0.0005959785547270327,0.0006388000001606997
42.619573,0.0006388000001606997,-0.0005011999999624094,-0.00037965285369824444,-0.0006229948717647115,-0.0012612000000444823
42.639573,0.0006388000001606997,-0.0005011999999624094,-0.0003081696084378773,-4.502284375888693e-05,-0.0012612000000444823
42.659573,-0.0012612000000444823,-0.0001211999999213731,-0.00028472655495415485,-0.0004019925407442379,0.0006388000001606997
42.679572,-0.0012612000000444823,-0.0001211999999213731,-0.000283043801937572,-2.730722602227574e-05,0.0006388000001606997
42.699572,0.0006388000001606997,-0.0005011999999624094,-0.0002706633850298053,-0.00022882237755441945,-0.0012612000000444823
42.719572,0.0006388000001606997,-0.0001211999999213731,-0.00021977931175174294,-0.0006074937062438519,0.0006388000001606997
42.739572,-0.0012612000000444823,-0.0001591999999163818,-0.00011564855751364235,-0.0002863981351348049,0.0006388000001606997
42.759572,0.0006388000001606997,-0.0001591999999163818,3.778773257961497e-05,0.00018793752925038852,0.0006388000001606997
42.779571,-0.0014512000000195258,0.00022080000007917988,0.00021659687768987813,0.000520105361422292,0.0006388000001606997
42.799571,0.0006388000001606997,0.0006008000001202163,0.00038341845663515076,0.00034737808865304554,0.0006388000001606997
42.819571,0.002538800000138508,0.0005628000000797329,0.0005024246225395132,0.00041558321685451527,0.0006388000001606997
42.839571,0.0006388000001606997,0.0006008000000747415,0.0005555483154554296,0.000776538927838077,0.0006388000001606997
42.859571,0.00044879999995828257,0.0006008000000747415,0.0005484407479907522,0.0003092895105556901,0.0006388000001606997
42.87957,-0.0012612000000444823,0.0002588000000741886,0.0005004347381340811,0.0006126694639525062,0.0006388000001606997
42.89957,0.0006388000001606997,-0.00012119999996684783,0.0004254370842535825,0.0003221333333935858,0.00044879999995828257
42.91957,0.0008288000001357432,0.00029680000006919726,0.0003183236466416029,-0.00012341445217782954,0.0006388000001606997
42.93957,-0.0012612000000444823,0.00029680000006919726,0.00015707152379511161,0.00027740139864579626,0.0006388000001606997
42.95957,0.002538800000138508,-8.319999997183914e-05,-8.062832647385719e-05,0.00026455757581585074,-0.0012612000000444823
42.979569,-0.0012612000000444823,-8.319999997183914e-05,-0.0003968313522482975,-0.000324929603700433,-0.0012612000000444823
42.999569,-0.0012612000000444823,-0.0004631999999674008,-0.0007613950949203852,-0.0008364680652485566,-0.0012612000000444823
43.019569,0.0008288000001357432,-0.0016411999999945692,-0.001115994880360734,-0.0009671207458930864,-0.0012612000000444823
43.039569,-0.0031612000000222906,-0.001261199999953533,-0.0013928222500961599,-0.0016287990675724797,-0.0012612000000444823
43.059569,-0.003351199999997334,-0.001261199999953533,-0.0015390771445119693,-0.0017767244754970082,-0.0012612000000444823
43.079569,0.0006388000001606997,-0.0020591999999851397,-0.001535111629305984,-0.0011119459206976488,-0.0031612000000222906
43.099568,-0.0012612000000444823,-0.0009191999999529799,-0.001397655592794649,-0.001359964568735131,-0.0012612000000444823
43.119568,-0.0031612000000222906,-0.0005391999999574182,-0.0011688317094327597,-0.0013998247086096458,-0.0012612000000444823
43.139568,0.002538800000138508,-0.001337199999989025,-0.0008995213415628046,-0.0008324820512434555,-0.0014512000000195258
43.159568,-0.0014512000000195258,-0.0009571999999479885,-0.0006362907876105826,-0.0006752559440051393,-0.0014512000000195258
43.179567,-0.003351199999997334,-0.00019719999991139048,-0.0004156717237690919,-0.0007222023309363499,0.0006388000001606997
43.199567,0.0006388000001606997,-0.0005771999999069522,-0.00026214549586129157,0.00011486060618783414,0.0006388000001606997
43.219567,0.0006388000001606997,-0.00015919999987090705,-0.00018261453991113525,6.171375304160148e-05,0.0006388000001606997
43.239567,0.0006388000001606997,0.0006388000001606997,-0.0001562082672574957,-0.0003634610721372692,0.0006388000001606997
43.259567,0.0006388000001606997,-0.00012119999987589836,-0.00012945974089459392,-4.015104880611067e-05,0.0006388000001606997
43.279566,0.0006388000001606997,-0.00012119999987589836,-2.9815276241326233e-05,9.404475538637741e-05,0.0006388000001606997
43.299566,-0.0031612000000222906,-0.00012119999987589836,0.00020082745036080962,7.32289045504702e-05,0.0006388000001606997
43.319566,0.0006388000001606997,0.0002588000001196633,0.0005679375590945931,0.0002592428905606942,0.0006388000001606997
43.339566,0.0006388000001606997,0.0006768000001102336,0.0010054911387821234,0.0009705249418563821,0.0006388000001606997
43.359565,0.002538800000138508,0.0014748000001418404,0.001391887560250299,0.0010746041959240858,0.0008288000001357432
43.379565,0.0027288000001135515,0.001854800000137402,0.0015955744629884258,0.001867820979149574,0.002538800000138508
43.399565,0.0008288000001357432,0.001436800000101357,0.0015282074950639876,0.001858963170282328,0.002538800000138508
43.419565,0.002538800000138508,0.001436800000101357,0.0011809348829786718,0.0012477743590778637,0.002538800000138508
43.439565,-0.0014512000000195258,0.00022080000007917988,0.0006303491011210915,0.0007118769231697251,0.0008288000001357432
43.459565,0.002538800000138508,0.0001828000000841712,1.496050251227118e-05,-0.00019870582744447522,0.0006388000001606997
43.479564,-0.003351199999997334,-0.0005771999999524269,-0.0005071562657678357,-0.0004666545453961596,-0.0012612000000444823
43.499564,0.0006388000001606997,-0.0005391999999574182,-0.000805262995224568,-0.0007253025640732763,-0.0012612000000444823
43.519564,-0.0012612000000444823,-0.0008811999999579712,-0.000813899860174548,-0.0011013165500914047,-0.0012612000000444823
43.539564,-0.0012612000000444823,-0.0004631999999674008,-0.0005520223071475051,-0.0007253025640605562,-0.0012612000000444823
43.559564,0.0008288000001357432,-0.0004631999999674008,-0.00011873520454052045,-0.00021642144516677622,-0.0012612000000444823
43.579563,-0.0012612000000444823,0.00029680000006919726,0.0003337895870747158,0.0009311076923807093,0.0006388000001606997
43.599563,0.0006388000001606997,0.001094800000100804,0.0006449158892947021,0.000651643822915916,0.0008288000001357432
43.619563,0.002538800000138508,0.0006768000000647589,0.000696867783733637,0.000520991142261846,0.0006388000001606997
43.639563,0.0027288000001135515,0.0002588000000741886,0.00045580568775240027,0.00036376503503783965,0.0006388000001606997
43.659563,-0.0012612000000444823,-0.00012119999996684783,-1.5857907145914502e-05,-6.362424237215254e-05,-0.0012612000000444823
43.679563,-0.003351199999997334,-0.0005011999999624094,-0.0005838899564025674,-0.00014245874121590705,-0.0012612000000444823
43.699562,-0.0012612000000444823,-0.0012991999999940162,-0.001091413055995555,-0.0011721790209874984,-0.0012612000000444823
43.719562,0.0006388000001606997,-0.0012991999999940162,-0.0014079367920012235,-0.0017722955711100264,-0.0012612000000444823
43.739562,-0.0012612000000444823,-0.0012991999999940162,-0.0014599519149901103,-0.001715162703957633,-0.0012612000000444823
43.759562,-0.0012612000000444823,-0.0009191999999529799,-0.0012416531393973941,-0.0011832512820100748,-0.0012612000000444823
43.779561,-0.003351199999997334,-0.0009191999999529799,-0.0008123329751696719,-0.0005282163169535551,-0.0012612000000444823
43.799561,0.0006388000001606997,-0.0005011999999169348,-0.0002820471141850495,-9.462657332324066e-05,0.0006388000001606997
43.819561,0.0006388000001606997,0.0002588000001196633,0.00021731987510876277,0.00024418461549644704,0.0006388000001606997
43.839561,0.0008288000001357432,0.0010948000001462788,0.0005722709599556714,0.0005564223777408984,0.0008288000001357432
43.859561,0.002538800000138508,0.0007148000001052423,0.0007247208287814313,0.0005232055945136378,0.0008288000001357432
43.87956,0.0008288000001357432,0.00033480000006420597,0.0006877275918967323,0.0009373081586121615,0.0008288000001357432
43.89956,-0.0012612000000444823,0.00029680000006919726,0.0005310891306297097,0.0003898955711559333,0.0006388000001606997
43.91956,-0.0012612000000444823,0.00029680000006919726,0.00034493122689593144,0.00021273939398592452,0.0006388000001606997
43.93956,0.0006388000001606997,-0.00012119999996684783,0.00020224503777876735,0.0002304550117214758,-0.0012612000000444823
43.959559,0.002538800000138508,0.0002588000000741886,0.0001392806644817207,-0.00019427692301615256,0.0006388000001606997
43.979559,-0.0012612000000444823,0.000638800000115225,0.00015727057384447816,0.0003704083916946338,0.0006388000001606997
43.999559,0.0006388000001606997,0.0002588000000741886,0.00023487097878128427,0.0005413641026543906,0.0006388000001606997
44.019559,0.0006388000001606997,0.0002588000000741886,0.000339660893695191,0.0002667720280517422,0.0006388000001606997
44.039559,-0.0012612000000444823,0.0002588000000741886,0.0004352146691002262,0.0003553501166261464,0.0006388000001606997
44.059559,0.002538800000138508,0.0002588000000741886,0.0004867407671440705,0.0004040680653520063,0.0006388000001606997
44.079558,-0.0012612000000444823,0.0006388000000697502,0.00046850966277020567,0.0005413641026331903,0.0006388000001606997
44.099558,0.0006388000001606997,0.0006388000000697502,0.00037286042966634404,0.00024905641029393066,0.0006388000001606997
44.119558,0.002538800000138508,-0.00012119999996684783,0.00021700998091651335,0.00036420792546848165,-0.0012612000000444823
44.139558,-0.0012612000000444823,0.0002588000000741886,4.223515848127417e-05,0.00036863682991906477,0.0006388000001606997
44.159558,-0.0012612000000444823,0.0002588000000741886,-9.783503743811424e-05,-0.00041527925403079613,0.0006388000001606997
44.179557,0.0006388000001606997,-0.0005011999999624094,-0.00015675051008960693,-0.00014511608386813055,-0.0012612000000444823
44.199557,0.0006388000001606997,-0.0005011999999624094,-0.00011390585425863109,-0.0003045566433259086,-0.0012612000000444823
44.219557,-0.0012612000000444823,0.0002588000000741886,1.5889553277040448e-05,-0.000215978554727654,0.0006388000001606997
44.239557,-0.0012612000000444823,0.0002588000000741886,0.00018581262054864073,0.0005236484849522301,0.0006388000001606997
44.259557,0.002538800000138508,0.0002588000000741886,0.0003335358472309009,0.000634371095684148,0.0006388000001606997
44.279556,0.0006388000001606997,0.000638800000115225,0.00040631129579146393,0.00010024522152613825,0.0006388000001606997
44.299556,0.0006388000001606997,0.000638800000115225,0.00038354281473087446,0.0004124829837769497,0.0006388000001606997
44.319556,0.0006388000001606997,-0.0001211999999213731,0.00028400483426895673,0.0006095692308754708,0.0006388000001606997
44.339556,-0.0012612000000444823,0.00029680000006919726,0.00015306304578238913,0.00017332214458392267,0.0006388000001606997
44.359555,-0.0012612000000444823,-8.319999997183914e-05,3.784918678597757e-05,-0.0003780764568599158,-0.0012612000000444823
44.379555,0.0027288000001135515,-0.00046320000001287553,-3.5145697929399274e-05,-0.0002828550116504477,-0.0012612000000444823
44.399555,-0.0012612000000444823,-8.319999997183914e-05,-6.967186125237144e-05,0.0001002452214752574,-0.0012612000000444823
44.419555,-0.0012612000000444823,0.00029680000006919726,-9.531681060377993e-05,5.3741725000129456e-05,0.0006388000001606997
44.439555,0.0006388000001606997,-0.0001211999999213731,-0.0001534931830297982,-0.00013448671321418559,0.0006388000001606997
44.459555,0.0006388000001606997,-0.0005011999999169348,-0.0002791952716874741,-0.00012961491832925038,0.0006388000001606997
44.479554,0.0006388000001606997,-0.0005011999999169348,-0.000485217218780212,-0.0009046731934060355,0.0006388000001606997
44.499554,-0.0031612000000222906,-0.0005011999999169348,-0.0007562829245669913,-0.00047639813510560883,0.0006388000001606997
44.519554,-0.0012612000000444823,-0.0012991999999485415,-0.0010554375597070047,-0.0007465613052751642,-0.0012612000000444823
44.539554,0.0006388000001606997,-0.0012991999999485415,-0.0013369570712260979,-0.0014551860139286987,-0.0012612000000444823
44.559554,-0.003351199999997334,-0.0013371999999435501,-0.0015581276023905284,-0.0019715962703665277,-0.0012612000000444823
44.579553,0.0006388000001606997,-0.001717199999939112,-0.0016875564405351628,-0.0020003841491612255,-0.0031612000000222906
44.599553,-0.003351199999997334,-0.0020971999999801483,-0.0017116590409760328,-0.0012470275057720913,-0.0031612000000222906
44.619553,-0.0031612000000222906,-0.001261199999953533,-0.0016385517818545013,-0.0014463282050656934,-0.0012612000000444823
44.639553,-0.0012612000000444823,-0.001261199999953533,-0.0014943972711502984,-0.0016527151514848925,-0.0012612000000444823
44.659553,0.0008288000001357432,-0.001261199999953533,-0.001309328756339981,-0.0010525986013454043,-0.0012612000000444823
44.679552,0.0006388000001606997,-0.0008811999999579712,-0.001099893038713427,-0.0010508270395799052,-0.0012612000000444823
44.699552,-0.003351199999997334,-0.00046319999992192604,-0.0008625641565948265,-0.0008338107225661225,0.0006388000001606997
44.719552,-0.0012612000000444823,-0.0008811999999579712,-0.0005866935621335925,-0.0008369109556707185,-0.0012612000000444823
44.739552,0.0008288000001357432,-0.0012611999999990076,-0.0002787778266958464,-0.0004515962703488724,-0.0012612000000444823
44.759552,-0.0012612000000444823,-8.319999997183914e-05,2.0445588830235447e-05,-6.04848482197767e-06,-0.0012612000000444823
44.779551,-0.0012612000000444823,0.0007148000000597676,0.00024019846595320238,3.824055945594938e-05,0.0008288000001357432
44.799551,0.002538800000138508,0.0002968000000237225,0.00030633787032723433,0.0005435785548240314,-0.0012612000000444823
44.819551,0.0027288000001135515,-0.00012119999996684783,0.00017836161994657404,5.329883453821698e-05,-0.0012612000000444823
44.839551,-0.0012612000000444823,0.00029680000006919726,-0.0001237326686097728,8.252960377097684e-05,0.0008288000001357432
44.85955,-0.003351199999997334,-0.0005011999999624094,-0.0005193901398996217,-0.00011411375284549117,-0.0012612000000444823
44.87955,0.0008288000001357432,-0.0008811999999579712,-0.0008941850875210425,-0.0006632979020370078,-0.0012612000000444823
44.89955,-0.0014512000000195258,-0.0012991999999485415,-0.0011379329236229914,-0.001565022843803573,-0.0014512000000195258
44.91955,0.0008288000001357432,-0.0008811999999579712,-0.0011787130158268364,-0.0016186125873963479,-0.0012612000000444823
44.93955,-0.003351199999997334,-0.0012991999999940162,-0.0010063217241123384,-0.0012062815850506028,-0.0012612000000444823
44.95955,-0.0012612000000444823,-0.0008431999999629625,-0.0006821354004633818,-0.0005043002330528026,-0.0012612000000444823
44.979549,-0.0012612000000444823,-0.0008431999999629625,-0.0003286466111194776,-0.0002518526806066079,-0.0012612000000444823
44.999549,0.0008288000001357432,0.00033480000006420597,-9.276060918170654e-05,0.00016977902104020463,0.0008288000001357432
45.019549,0.0008288000001357432,0.00033480000006420597,-8.93353104703938e-05,-0.00015175944050372433,0.0008288000001357432
45.039549,0.002538800000138508,-8.319999992636439e-05,-0.00034792122559300186,-0.00026203916079016,0.0008288000001357432
45.059549,-0.0012612000000444823,-0.0009191999999529799,-0.0007915804392239039,-0.0005127151514570755,-0.0012612000000444823
45.079548,-0.003351199999997334,-0.001337199999989025,-0.0012635306721380701,-0.0012390554778249608,-0.0012612000000444823
45.099548,-0.003351199999997334,-0.0017171999999845867,-0.0015909212769139479,-0.0018546731934688785,-0.0012612000000444823
45.119548,-0.0012612000000444823,-0.0020971999999801483,-0.0016535811051796544,-0.0018010834498533132,-0.0031612000000222906
45.139548,0.0006388000001606997,-0.0012991999999485415,-0.0014255860243739189,-0.0019268643356261583,-0.0012612000000444823
45.159548,-0.0031612000000222906,-0.0005011999999169348,-0.00097694731831021,-0.0007842069929238575,0.0006388000001606997
45.179548,0.0006388000001606997,-0.0005011999999169348,-0.00044332888626332417,-0.000359032167756117,0.0006388000001606997
45.199547,0.0006388000001606997,-0.0001211999999213731,2.0011616225613043e-05,0.00043595617724441016,0.0006388000001606997
45.219547,-0.0012612000000444823,0.0002588000000741886,0.0002852795679453415,0.0005267487180356258,0.0006388000001606997
45.239547,0.002538800000138508,0.0006388000000697502,0.0002885663914456537,2.185361310242577e-05,0.0006388000001606997
45.259547,-0.0012612000000444823,-0.00015919999996185651,4.657321372718582e-05,0.00011043170169909046,-0.0012612000000444823
45.279546,0.002538800000138508,-0.0005771999999524269,-0.00035189060507722096,-0.0005317594405115833,-0.0012612000000444823
45.299546,-0.003351199999997334,-0.0009571999999479885,-0.0007787949391426656,-0.0008240671328222226,-0.0012612000000444823
45.319546,-0.003351199999997334,-0.0009571999999479885,-0.0011134350073371759,-0.0012005240092932534,-0.0012612000000444823
45.339546,0.0006388000001606997,-0.0017171999999845867,-0.001283079985439355,-0.001501689510466898,-0.0012612000000444823
45.359546,-0.0012612000000444823,-0.0012991999999940162,-0.0012795285138788631,-0.0013404773892595212,-0.0012612000000444823
45.379545,-0.0012612000000444823,-0.0005011999999624094,-0.0011470180728361328,-0.001183251282035515,-0.0012612000000444823
45.399545,-0.0012612000000444823,-0.0008812000000034459,-0.0009519732363154663,-0.0005078433566283212,-0.0012612000000444823
45.419545,0.0006388000001606997,-0.0004631999999674008,-0.0007505745117403325,-0.00011632820509834316,-0.0012612000000444823
45.439545,-0.0012612000000444823,-0.0004631999999674008,-0.0005671566825806353,-0.0008032512820313661,-0.0012612000000444823
45.459545,0.0008288000001357432,-8.319999992636439e-05,-0.0003910262591606077,-0.0004910135197657145,0.0006388000001606997
45.479544,-0.0012612000000444823,-0.0008431999999629625,-0.00019274443357881988,-0.00047994125867794745,-0.0012612000000444823
45.499544,0.0006388000001606997,-8.319999992636439e-05,4.7294728603574404e-05,2.2739394029430964e-05,0.0006388000001606997
45.519544,-0.0031612000000222906,-0.0001211999999213731,0.0003125301785478744,5.1527272799218324e-05,0.0006388000001606997
45.539544,0.002538800000138508,0.000638800000115225,0.0005423938873911168,0.00035224988354328086,0.0006388000001606997
45.559544,0.0006388000001606997,0.0002588000000741886,0.0006513527419922283,0.0007331356644378644,0.0006388000001606997
45.579543,0.002538800000138508,0.0010188000001107866,0.0005676678150104126,0.0009948839162036772,0.0006388000001606997
45.599543,-0.0012612000000444823,0.0006768000001102336,0.00027163735631988807,0.00045234312364139434,0.0006388000001606997
45.619543,0.0006388000001606997,-8.319999992636439e-05,-0.0001872199718397889,8.695850825018039e-05,0.0006388000001606997
45.639543,0.0008288000001357432,-0.001223199999958524,-0.0007030417338117687,-0.0011819226106911179,-0.0012612000000444823
45.659543,-0.0031612000000222906,-0.001223199999958524,-0.0011514573467186367,-0.0013524354312117524,-0.0012612000000444823
45.679542,-0.0031612000000222906,-0.0016031999999995606,-0.001436526808677767,-0.0017798247086217448,-0.0012612000000444823
45.699542,-0.0012612000000444823,-0.0016411999999945692,-0.001525330654506734,-0.001004323543105837,-0.0012612000000444823
45.719542,-0.0012612000000444823,-0.0012611999999990076,-0.0014527603879180414,-0.0015535076923143141,-0.0012612000000444823
45.739542,0.0006388000001606997,-0.0005011999999624094,-0.0012949322930549043,-0.0015003608391479413,-0.0012612000000444823
45.759542,-0.0012612000000444823,-0.0012991999999485415,-0.0011282581297055096,-0.000804579953308982,-0.0012612000000444823
45.779541,0.0006388000001606997,-0.0009191999999075051,-0.0009981428423846087,-0.0006827850814882369,0.0006388000001606997
45.799541,-0.005251199999975142,-0.0009191999999075051,-0.0009115046510725048,-0.0010038806525935742,0.0006388000001606997
45.819541,0.0006388000001606997,-0.0009191999999075051,-0.0008495689148779864,-0.0007315030302114469,0.0006388000001606997
45.839541,0.0006388000001606997,-0.0012991999999485415,-0.0007864274705102444,-0.0012651860139266246,-0.0012612000000444823
45.859541,-0.0012612000000444823,-0.0001211999999213731,-0.0007022618083928806,-0.0007625053612261363,0.0006388000001606997
45.87954,-0.0012612000000444823,-0.0008811999999579712,-0.0005903221107834295,-0.000707144055904963,-0.0012612000000444823
45.89954,0.0006388000001606997,-0.0005011999999624094,-0.00046075887498709317,-1.8449417193720677e-05,-0.0012612000000444823
45.91954,-0.0031612000000222906,-0.0005011999999624094,-0.00034062039397050306,-0.0004639972027529458,-0.0012612000000444823
45.93954,0.002538800000138508,-0.0001211999999213731,-0.0002665045035386008,-0.0005685193472878621,0.0006388000001606997
45.95954,-0.0012612000000444823,-0.0005011999999624094,-0.00026967457605446365,-0.00021199254073262321,-0.0012612000000444823
45.979539,0.0006388000001606997,-0.00012119999996684783,-0.00035962344407782225,-0.0001964913752387939,-0.0012612000000444823
45.999539,-0.0012612000000444823,-0.0004631999999674008,-0.000514692678604741,-0.00036257529134859604,-0.0012612000000444823
46.019539,-0.0012612000000444823,-0.0004631999999674008,-0.0006847319469815192,-0.00030721398598820214,-0.0012612000000444823
46.039539,0.0008288000001357432,-0.0008432000000084372,-0.0008047121962277524,-0.001270500699317463,-0.0012612000000444823
46.059539,-0.0012612000000444823,-0.0008432000000084372,-0.0008149611577285888,-0.0009077734265896028,-0.0012612000000444823
46.079538,-0.0012612000000444823,-0.0008432000000084372,-0.0006830904764966613,-0.0008103375291649133,-0.0012612000000444823
46.099538,-0.0012612000000444823,-0.0005012000000078842,-0.00042092118918614027,-0.00018143310020687713,-0.0012612000000444823
46.119538,-0.0012612000000444823,-8.319999997183914e-05,-8.734347316172362e-05,-0.0002770974358655378,-0.0012612000000444823
46.139538,0.002538800000138508,0.00029680000006919726,0.00022898968578178084,0.0001502918415418045,0.0006388000001606997
46.159538,0.0008288000001357432,0.00029680000006919726,0.00044253505677816456,0.0006977044289895525,0.0006388000001606997
46.179538,0.0006388000001606997,0.001094800000100804,0.0005036380382358554,0.0007951403264285521,0.0008288000001357432
46.199537,-0.0012612000000444823,0.00033480000006420597,0.0004145916112276245,0.00045854358980076547,0.0006388000001606997
46.219537,0.0027288000001135515,-8.319999997183914e-05,0.00022251907093238888,0.00022204009328593232,-0.0012612000000444823
46.239537,-0.0012612000000444823,-0.00046320000001287553,-5.492290577883087e-06,-0.0006880997668976261,-0.0012612000000444823
46.259537,-0.0012612000000444823,-8.319999997183914e-05,-0.00021327202687817097,-0.0002297081585005051,-0.0012612000000444823
46.279536,-0.0012612000000444823,-0.0009191999999984546,-0.00037894973183939297,-0.0003200578088398781,-0.0012612000000444823
46.299536,0.0006388000001606997,-0.00015919999996185651,-0.0005191646858890887,-0.0004042069929689993,-0.0012612000000444823
46.319536,-0.0014512000000195258,-0.0005391999999574182,-0.0006708616635610901,-0.0008090088577839456,-0.0012612000000444823
46.339536,0.002538800000138508,-0.0005391999999574182,-0.0008606744951016494,-0.00040509277386049393,-0.0012612000000444823
46.359536,-0.0031612000000222906,-0.0009191999999984546,-0.0010804847987707488,-0.0009857221445127122,-0.0012612000000444823
46.379535,-0.0012612000000444823,-0.0009191999999984546,-0.0012840620688865897,-0.001362179020987453,-0.0012612000000444823
46.399535,-0.0012612000000444823,-0.002097200000025623,-0.0014062354384910829,-0.0012842303030378432,-0.0014512000000195258
46.419535,-0.0014512000000195258,-0.0012991999999940162,-0.0013931524451167197,-0.0016407571095475013,-0.0012612000000444823
46.439535,-0.003351199999997334,-0.0009191999999529799,-0.0012279557215707031,-0.0016699878787728411,-0.0012612000000444823
46.459535,0.0008288000001357432,-0.0013371999999435501,-0.0009403749451228642,-0.0006424820512069307,-0.0014512000000195258
46.479534,0.0006388000001606997,-0.0005391999999119435,-0.000597144375202584,-0.0004166079253047018,0.0006388000001606997
46.499534,-0.003351199999997334,0.0002588000001196633,-0.0002789883068544154,-0.00031474312345168966,0.0006388000001606997
46.519534,0.002538800000138508,-0.0001591999999163818,-5.463962063101258e-05,-0.00015353100224855295,0.0006388000001606997
46.539534,0.0006388000001606997,-0.0005391999999574182,3.8765996156713255e-05,0.00019369510498229783,-0.0012612000000444823
46.559534,-0.0012612000000444823,0.0002588000000741886,3.295375488270998e-06,-0.0001079132866426594,0.0006388000001606997
46.579533,-0.0012612000000444823,-8.319999992636439e-05,-0.00012515199165106017,-0.00022040745916445667,0.0006388000001606997
46.599533,0.0006388000001606997,-0.0004631999999674008,-0.0002904282274943791,3.2040093298698314e-05,-0.0012612000000444823
46.619533,0.0008288000001357432,-0.0004631999999674008,-0.0004308218907132174,-0.0006991720279461724,-0.0012612000000444823
46.639533,-0.0012612000000444823,-8.319999992636439e-05,-0.0004919445353474432,-0.0005198013985747225,0.0006388000001606997
46.659533,-0.0012612000000444823,-0.0004631999999674008,-0.00043933371850770936,-0.0002828550116011568,-0.0012612000000444823
46.679533,0.0006388000001606997,-0.0005011999999624094,-0.0002702065439116061,-0.00023192261066060554,-0.0012612000000444823
46.699532,-0.0012612000000444823,-0.0001211999999213731,-1.897488674180155e-05,-0.0004112932400278154,0.0006388000001606997
46.719532,0.0006388000001606997,0.0002588000001196633,0.0002491443189214378,0.00019945268074971729,0.0006388000001606997
46.739532,0.0006388000001606997,0.0002588000001196633,0.00045716846103633404,0.0009306648020184382,0.0006388000001606997
46.759531,0.0006388000001606997,0.0010188000001562613,0.0005425678188328588,0.0006538582752074586,0.0006388000001606997
46.779531,0.0006388000001606997,0.0006768000001557084,0.0004807053788723726,0.0004656298369798933,0.0006388000001606997
46.799531,0.002538800000138508,-8.319999988088966e-05,0.00029457027541135737,4.709836843926662e-05,0.0006388000001606997
46.819531,-0.0010711999998420652,-8.319999988088966e-05,4.395890411639269e-05,-6.761025629669208e-05,0.0006388000001606997
46.839531,-0.0031612000000222906,-0.00046319999992192604,-0.00020297799591614227,-1.4463403168479843e-05,-0.0010711999998420652
46.859531,0.0006388000001606997,-0.00046319999992192604,-0.00040107247397568285,-0.000545931934675856,-0.0010711999998420652
46.87953,-0.0012612000000444823,-0.0005391999999574182,-0.0005435352302715756,-0.0006965146852616184,-0.0012612000000444823
46.89953,0.002538800000138508,-0.0005391999999574182,-0.0006532804020234016,-0.000824952913705767,-0.0012612000000444823
46.91953,-0.0014512000000195258,-0.0005391999999574182,-0.0007597318225035717,-0.0004839272726888782,-0.0012612000000444823
46.93953,-0.0031612000000222906,-0.0005391999999574182,-0.0008786891075486158,-0.0005100578088207523,-0.0012612000000444823
46.95953,0.0006388000001606997,-0.0012991999999940162,-0.0010052208699869315,-0.0011987524475616748,-0.0012612000000444823
46.979529,-0.0012612000000444823,-0.0012611999999990076,-0.0011173823417298591,-0.0009352326340245331,-0.0012612000000444823
46.999529,-0.0012612000000444823,-0.0008812000000034459,-0.0011845043818693901,-0.0013023888111934365,-0.0012612000000444823
47.019529,-0.0012612000000444823,-0.0008812000000034459,-0.0011770903932868245,-0.0013023888111934365,-0.0012612000000444823
47.039529,-0.0012612000000444823,-0.0012611999999990076,-0.0010776358272543,-0.0010946731934823111,-0.0012612000000444823
47.059529,0.0006388000001606997,-0.0012991999999940162,-0.0008905472087789631,-0.0009994517482394523,-0.0012612000000444823
47.079528,-0.0031612000000222906,-0.0005391999999574182,-0.0006476568729388647,-0.0005144867132310547,-0.0012612000000444823
47.099528,-0.0014512000000195258,-0.0001591999999163818,-0.00040482989746370177,-0.0004768410255913718,0.0006388000001606997
47.119528,0.002538800000138508,-0.0005391999999574182,-0.00022634671034215534,-0.00020889230762484722,-0.0012612000000444823
47.139528,0.0006388000001606997,-0.00015919999996185651,-0.00016038766776322396,-0.00011367086240530891,-0.0012612000000444823
47.159528,-0.0012612000000444823,0.0002588000000741886,-0.00021789211676529567,-0.00019117668993275677,0.0006388000001606997
47.179528,-0.0012612000000444823,-0.0005011999999624094,-0.00036765449514403507,-0.0002137641025331028,-0.0012612000000444823
47.199527,0.0006388000001606997,-0.0008812000000034459,-0.0005498096465404514,-0.0006920857808783464,-0.0012612000000444823
47.219527,-0.0012612000000444823,-0.0008812000000034459,-0.0006988760649955298,-0.0007385892773858049,-0.0012612000000444823
47.239527,-0.0012612000000444823,-0.0004631999999674008,-0.0007654747365678961,-0.0007873072261021247,-0.0012612000000444823
47.259526,-0.0012612000000444823,-0.0004631999999674008,-0.0007297172560801585,-0.0006854424242056517,-0.0012612000000444823
47.279526,0.0008288000001357432,-0.0008811999999579712,-0.0006036146708538274,-0.0006765846153315161,-0.0012612000000444823
47.299526,0.0006388000001606997,-0.0005011999999169348,-0.00042426684793985415,-0.0006455822843157668,0.0006388000001606997
47.319526,-0.003351199999997334,-0.00012119999987589836,-0.00024274260864426395,0.00010113100246003358,0.0006388000001606997
47.339526,0.0006388000001606997,-0.00015919999987090705,-0.00011185030620273296,-0.00024653799519933913,0.0006388000001606997
47.359525,0.0006388000001606997,-0.00015919999987090705,-7.195791193498102e-05,0.00012593286728143117,0.0006388000001606997
47.379525,0.0006388000001606997,-0.00015919999987090705,-0.00013543471359090328,-0.00031695757564200074,0.0006388000001606997
47.399525,0.0006388000001606997,0.00022080000012465463,-0.0002769517606114328,-0.00017036083903695866,0.0006388000001606997
47.419525,-0.003351199999997334,-0.0005771999999069522,-0.000438734087543421,1.1667132989364674e-05,0.0006388000001606997
47.439525,0.002538800000138508,-0.0005771999999069522,-0.0005519720991685709,-0.0009277034964322535,0.0006388000001606997
47.459525,-0.003351199999997334,-0.0009571999999479885,-0.0005653030261693114,-0.0010982163169682584,-0.0012612000000444823
47.479524,0.0006388000001606997,-0.0005771999999524269,-0.00046723355482252246,-0.0005601044288491387,-0.0012612000000444823
47.499524,-0.0012612000000444823,-0.0005771999999524269,-0.0002920478023713402,-7.513939388049143e-05,-0.0012612000000444823
47.519524,-0.0014512000000195258,0.0006008000000747415,-0.00010474975187101831,0.0004009678322315103,0.0006388000001606997
47.539524,0.002538800000138508,0.00022080000003370514,3.085905586793856e-05,-9.329790207424516e-05,-0.0012612000000444823
47.559524,0.002538800000138508,0.00022080000003370514,8.644486942222347e-05,0.0003363058275265881,-0.0012612000000444823
47.579523,-0.0012612000000444823,0.00025880000002871385,8.514132600083725e-05,-2.553566431931785e-05,-0.0012612000000444823
47.599523,-0.0012612000000444823,-0.00012119999996684783,8.615794741352809e-05,-3.8822377575665654e-05,-0.0012612000000444823
47.619523,-0.0012612000000444823,-0.0005011999999624094,0.00014555926752402986,2.0524941781348906e-05,-0.0012612000000444823
47.639523,0.0006388000001606997,-8.319999992636439e-05,0.00027863323319341984,3.5583216861496535e-05,0.0006388000001606997
47.659523,0.0006388000001606997,0.0006768000001102336,0.00044800047941293545,0.00042089790220401315,0.0006388000001606997
47.679522,0.0008288000001357432,0.0010948000001462788,0.0005830756671378654,0.0009302219115528156,0.0008288000001357432
47.699522,0.002538800000138508,0.0007148000001052423,0.0006166041472425552,0.0005271916084943582,0.0008288000001357432
47.719522,0.0008288000001357432,0.00033480000006420597,0.0005157542057941365,0.0005829958042806241,0.0008288000001357432
47.739522,-0.0012612000000444823,-8.319999997183914e-05,0.0002915240299859785,8.03151515430352e-05,-0.0012612000000444823
47.759522,-0.0012612000000444823,-8.319999997183914e-05,-1.3863295679437609e-05,0.00015604941727159348,-0.0012612000000444823
47.779521,-0.0012612000000444823,-0.000539200000002893,-0.000347208548862232,-0.00010259860137796291,-0.0012612000000444823
47.799521,0.002538800000138508,-0.00015919999996185651,-0.0006563291970351726,-0.0010565846153743554,-0.0012612000000444823
47.819521,-0.0014512000000195258,-0.0005771999999524269,-0.0008910177018705786,-0.0008307104894726565,-0.0012612000000444823
47.839521,0.0006388000001606997,-0.0009951999999429973,-0.00100440246109365,-0.0008081230768723106,-0.0014512000000195258
47.85952,-0.003351199999997334,-0.0009951999999429973,-0.000966009094787042,-0.0008811999999459954,-0.0014512000000195258
47.87952,-0.003351199999997334,-0.0009571999999479885,-0.000783107692287868,-0.0007594051281300204,-0.0012612000000444823
47.89952,0.002538800000138508,-0.0009571999999479885,-0.0005132255936277917,-0.0008617128204592554,-0.0012612000000444823
47.91952,-0.0012612000000444823,-0.0001591999999163818,-0.00025288058953664626,-0.0004896848484186671,0.0006388000001606997
47.93952,0.0006388000001606997,0.0002588000000741886,-0.00010394515326732579,-0.00024210909082772737,0.0006388000001606997
47.959519,0.0006388000001606997,-0.00046319999992192604,-0.00013386223664664716,0.0002517137530214156,-0.0010711999998420652
47.979519,-0.0012612000000444823,-8.319999988088966e-05,-0.0003477682664378793,0.0001897090910063475,0.0006388000001606997
47.999519,-0.0010711999998420652,-0.00046319999992192604,-0.0006823157796085448,-0.0007120158507384873,-0.0010711999998420652
48.019519,0.0006388000001606997,-0.0008431999999629625,-0.0010217587871123783,-0.0009848363635835869,-0.0012612000000444823
48.039519,-0.0012612000000444823,-0.001261199999953533,-0.0012318316810669082,-0.0016053258741124397,-0.0012612000000444823
48.059519,-0.0012612000000444823,-0.0012991999999940162,-0.0012045254324386473,-0.001382109090901125,-0.0012612000000444823
48.079518,-0.003351199999997334,-0.0012611999999990076,-0.0009022112776341152,-0.0010255822843580765,-0.0012612000000444823
48.099518,-0.0012612000000444823,-0.0004631999999674008,-0.00038308898415792265,-0.00046089696967909047,-0.0012612000000444823
48.119518,0.0008288000001357432,-4.5199999931355705e-05,0.00020948692632092602,0.0003832522145166294,0.0008288000001357432
48.139518,0.0027288000001135515,0.0011328000000958127,0.0006966054427834845,0.0009368652681799295,0.0008288000001357432
48.159518,0.0008288000001357432,0.0015128000001368492,0.000932986186749776,0.0007659095572212325,0.0008288000001357432
48.179517,0.002538800000138508,0.0007148000001052423,0.0008632087841046008,0.0011180074593232384,0.0008288000001357432
48.199517,0.0006388000001606997,-8.319999992636439e-05,0.0005385887306207637,0.0007194060607074138,0.0006388000001606997
48.219517,-0.0031612000000222906,0.00029680000006919726,8.958773914542952e-05,0.0001042312354914883,0.0006388000001606997
48.239517,-0.0012612000000444823,-0.0004631999999674008,-0.00032848654482211365,-0.0007899645687437482,-0.0012612000000444823
48.259516,0.0027288000001135515,-0.0008812000000034459,-0.0005884408076151501,-0.0007695916083967839,-0.0012612000000444823
48.279516,-0.0012612000000444823,-0.000539200000002893,-0.0006231449543164746,-0.0007673771561826226,-0.0012612000000444823
48.299516,-0.0014512000000195258,0.00022080000003370514,-0.00043410262615058875,-0.0002049062936950078,-0.0012612000000444823
48.319516,-0.0014512000000195258,-0.0001971999999568652,-8.332393524286525e-05,0.00035933613059255655,-0.0012612000000444823
48.339516,0.002538800000138508,0.00022080000007917988,0.0003271157880039809,0.0003305482518307195,0.0006388000001606997
48.359515,0.0006388000001606997,0.000638800000115225,0.0006848721718438822,0.00046120093251924,0.0006388000001606997
48.379515,0.0008288000001357432,0.0010948000001462788,0.0008985710107871839,0.0008757463870849762,0.0008288000001357432
48.399515,0.0006388000001606997,0.0007148000001507171,0.0009196911451175506,0.0008288000001410456,0.0006388000001606997
48.419515,0.0008288000001357432,0.0003348000001096807,0.0007494158687452505,0.0007818536132034749,0.0006388000001606997
48.439515,0.0006388000001606997,0.000296800000114672,0.00043255706235478895,0.00030308904441433916,0.0006388000001606997
48.459514,-0.0012612000000444823,0.0003348000001096807,4.430104590916049e-05,0.00023444102574247678,0.0006388000001606997
48.479514,0.0006388000001606997,-8.319999992636439e-05,-0.00032544299292305693,-7.336783209379216e-05,0.0006388000001606997
48.499514,0.0008288000001357432,-0.0004631999999674008,-0.0005885604383538359,-0.0005357454545219843,-0.0012612000000444823
48.519514,-0.0012612000000444823,-0.0004631999999674008,-0.0006776812347669745,-0.000960920279718345,-0.0012612000000444823
48.539514,-0.0012612000000444823,-0.0008432000000084372,-0.000568086507632197,-0.0009498480186480684,-0.0012612000000444823
48.559514,-0.0012612000000444823,-0.0008812000000034459,-0.0002960099324645982,-0.00040332121210294534,-0.0012612000000444823
48.579513,-0.0012612000000444823,-0.00012119999996684783,4.0343734139700674e-05,0.0004102685314922973,-0.0012612000000444823
48.599513,0.0006388000001606997,0.0006768000000647589,0.00030817723130782974,0.0004700587413234147,0.0006388000001606997
48.619513,0.002538800000138508,0.001094800000100804,0.0003919840781968333,0.0005878675991708595,0.0008288000001357432
48.639513,0.0027288000001135515,0.0002588000001196633,0.00024686564395992404,0.00019369510498547785,0.0008288000001357432
48.659513,0.0008288000001357432,-0.0001211999999213731,-7.828942126439675e-05,-0.00017833286705299035,0.0008288000001357432
48.679512,-0.005441199999950186,-0.0008811999999579712,-0.00046578182529169367,-0.00041306480178059416,-0.0012612000000444823
48.699512,-0.0012612000000444823,-0.0012991999999485415,-0.0007894393271211385,-0.0008975869463291993,-0.0012612000000444823
48.719512,-0.0012612000000444823,-0.0013371999999435501,-0.0009727674630070612,-0.001280687179436354,-0.0012612000000444823
48.739512,0.0006388000001606997,-0.0005011999999624094,-0.0010109121003866266,-0.0012341836829426757,-0.0012612000000444823
48.759511,0.0006388000001606997,-0.0005391999999574182,-0.0009510279384844607,-0.0011075170163032464,-0.0012612000000444823
48.779511,-0.0012612000000444823,-0.0005391999999574182,-0.000853212000901828,-0.00017434685311944062,-0.0012612000000444823
48.799511,-0.0014512000000195258,-0.0009191999999984546,-0.0007595324528391336,-0.00023900885777878233,-0.0012612000000444823
48.819511,-0.0012612000000444823,-0.000539200000002893,-0.0006839353351391323,-0.0008346965034931277,-0.0012612000000444823
48.839511,-0.0012612000000444823,-0.0005771999999979016,-0.0006184984253763082,-0.0006570974359062571,-0.0012612000000444823
48.85951,0.002538800000138508,-0.0009571999999934633,-0.0005456715677936382,-0.0009981230769273858,-0.0012612000000444823
48.87951,-0.0014512000000195258,-0.0001971999999568652,-0.00045117222019261475,-0.0006526685314413639,-0.0012612000000444823
48.89951,-0.003351199999997334,-0.0006151999999474356,-0.0003367811544802688,-0.0002673538460898372,-0.0014512000000195258
48.91951,0.002538800000138508,-0.0006151999999474356,-0.00022917445301924634,-0.00012607179478659196,-0.0014512000000195258
48.93951,-0.003351199999997334,-0.00019719999991139048,-0.00017640855729903076,-0.00016106013977829157,0.0006388000001606997
48.95951,0.002538800000138508,0.00022080000007917988,-0.0002279624594034445,-0.0002806405593795752,0.0006388000001606997
48.979509,0.0006388000001606997,-0.0005391999999574182,-0.00040629999331130186,-0.0001566312353690492,-0.0012612000000444823
48.999509,-0.0012612000000444823,-0.00015919999996185651,-0.000686803407806075,-0.0006221090908901773,-0.0012612000000444823
49.019509,-0.0012612000000444823,-0.0012991999999940162,-0.0010000974608833963,-0.0013909668997784405,-0.0012612000000444823
49.039509,-0.0014512000000195258,-0.0016792000000350527,-0.0012573132393564692,-0.000812551981344624,-0.0012612000000444823
49.059509,-0.0031612000000222906,-0.0012991999999940162,-0.0013844897094392099,-0.0016744167832250143,-0.0012612000000444823
49.079508,-0.0012612000000444823,-0.0009191999999529799,-0.0013474688648383488,-0.0014795449883332347,-0.0012612000000444823
49.099508,0.0006388000001606997,-0.0012991999999485415,-0.0011561362793055985,-0.0009215030302257117,-0.0012612000000444823
49.119508,0.0006388000001606997,-0.0005391999999119435,-0.0008510677340651539,-0.0009215030302140515,0.0006388000001606997
49.139508,-0.003351199999997334,-0.00015919999987090705,-0.0004858222522402879,-0.0004431813518847085,0.0006388000001606997
49.159508,0.0006388000001606997,-0.0005391999999119435,-0.00011582180971049252,2.5839627145157144e-05,0.0006388000001606997
49.179507,0.0006388000001606997,-0.0001591999999163818,0.000206246841643671,0.00024949930082527444,0.0006388000001606997
49.199507,-0.0012612000000444823,0.000638800000115225,0.0004354358720682438,0.00016756456885784368,0.0006388000001606997
49.219507,0.002538800000138508,0.000638800000115225,0.0005437452572492844,0.00038236643365799523,0.0006388000001606997
49.239507,0.0006388000001606997,0.0002588000000741886,0.0005300458555905656,0.0008939048952257292,0.0006388000001606997
49.259506,0.0006388000001606997,0.000638800000115225,0.00042324507291166856,0.0003376344989261058,0.0006388000001606997
49.279506,-0.0012612000000444823,0.0002588000001196633,0.00027372196955520933,0.00020476736605787437,0.0006388000001606997
49.299506,0.0006388000001606997,-0.0001211999999213731,0.00013554630932311381,0.00014453426584063576,0.0006388000001606997
49.319506,0.0006388000001606997,-0.0001211999999213731,4.817685608538644e-05,-3.483636353028414e-05,0.0006388000001606997
49.339506,-0.0012612000000444823,0.0002588000001196633,2.5771928078640226e-05,2.9382750672974977e-05,0.0006388000001606997
49.359506,0.0006388000001606997,0.000296800000114672,5.689625393883755e-05,0.00022204009334847336,0.0006388000001606997
49.379505,0.0006388000001606997,-8.319999992636439e-05,0.0001124881243083047,0.00018439440569713024,0.0006388000001606997
49.399505,0.0008288000001357432,0.000296800000114672,0.00015715406340444316,-9.949836822301623e-05,0.0006388000001606997
49.419505,-0.0012612000000444823,-8.319999992636439e-05,0.00015839750209845391,9.980233109496619e-05,0.0006388000001606997
49.439505,0.0006388000001606997,-8.319999992636439e-05,9.15136098511805e-05,0.00023975571105752408,0.0006388000001606997
49.459505,-0.0012612000000444823,-8.319999992636439e-05,-5.719090213023221e-05,8.518694645394089e-05,0.0006388000001606997
49.479504,0.0006388000001606997,-8.319999992636439e-05,-0.00028492771647362986,-0.00065001118877006,0.0006388000001606997
49.499504,0.0008288000001357432,-0.0005011999999624094,-0.0005654937323574116,-0.0004259086246608905,-0.0012612000000444823
49.519504,-0.0012612000000444823,-0.0009191999999529799,-0.0008476754272148912,-0.0005339738927135544,-0.0012612000000444823
49.539504,-0.0014512000000195258,-0.0005391999999574182,-0.0010658418976857765,-0.0011008736596538724,-0.0012612000000444823
49.559504,-0.003351199999997334,-0.0013751999999840336,-0.001161738545057721,-0.0010300111887704987,-0.0014512000000195258
49.579504,0.002538800000138508,-0.0013751999999840336,-0.0011077033277710024,-0.001561479720271515,-0.0014512000000195258
49.599503,-0.003351199999997334,-0.0009571999999479885,-0.0009203138912779778,-0.0010964447552117697,-0.0012612000000444823
49.619503,-0.0012612000000444823,-0.0005391999999574182,-0.0006591215576225362,-0.0004998713286149396,-0.0012612000000444823
49.639503,0.0006388000001606997,-0.0005391999999574182,-0.0004103420056836117,-0.0002341370628837769,-0.0012612000000444823
49.659503,-0.0012612000000444823,-0.00012119999996684783,-0.0002585595672564059,-0.0002832979020763195,-0.0012612000000444823
49.679502,0.002538800000138508,-0.00015919999996185651,-0.00025451172485044314,-0.0005206871794667472,-0.0012612000000444823
49.699502,-0.0012612000000444823,-0.000539200000002893,-0.00039222771785256264,1.0781352015718865e-05,-0.0012612000000444823
49.719502,-0.0014512000000195258,-0.00015919999996185651,-0.0006071913744536179,-0.0005034144522042388,-0.0012612000000444823
49.739502,-0.0012612000000444823,-0.0009191999999984546,-0.0007971626040574826,-0.0006562116550052222,-0.0012612000000444823
49.759501,0.0006388000001606997,-0.0009191999999984546,-0.0008564843384323494,-0.0009418759906643673,-0.0012612000000444823
49.779501,-0.0012612000000444823,-0.0005011999999624094,-0.0007114135439313472,-0.0011611067599023815,-0.0012612000000444823
49.799501,-0.0012612000000444823,-0.0005011999999624094,-0.0003472364106870918,-0.0004369808857444176,-0.0012612000000444823
49.819501,0.0006388000001606997,-0.00012119999996684783,0.0001794330305021961,0.0002650004662523226,-0.0012612000000444823
49.839501,-0.0012612000000444823,0.0006388000000697502,0.0007492968900752645,0.0009355365968249321,0.0006388000001606997
49.8595,0.002538800000138508,0.0013988000001063483,0.0012125529951256867,0.0010639748252531805,0.002538800000138508
49.8795,0.002538800000138508,0.0013988000001063483,0.0014377231915826908,0.0013961426574489347,0.002538800000138508
49.8995,0.002538800000138508,0.0013988000001063483,0.001359263671871492,0.001688450349777064,0.002538800000138508
49.9195,0.0006388000001606997,0.0010188000001107866,0.0010024469154543455,0.0011791263404457518,0.0006388000001606997
49.9395,-0.0012612000000444823,0.000638800000115225,0.00047335819060271536,0.0006742312355544225,0.0006388000001606997
49.959499,0.0006388000001606997,-0.0005011999999169348,-8.06934687595805e-05,-0.0006632979020311778,0.0006388000001606997
49.979499,0.0006388000001606997,-0.0008811999999579712,-0.0005221649024323591,-0.000991036829798079,-0.0012612000000444823
49.999499,-0.0031612000000222906,-0.0008811999999579712,-0.0007662504063556589,-0.0008271673659220486,-0.0012612000000444823
50.019499,-0.0012612000000444823,-0.0005011999999624094,-0.0008020615468616587,-0.0006455822843523374,-0.0012612000000444823
50.039499,-0.0012612000000444823,-0.0005011999999624094,-0.0006847893269601765,-6.716736591375066e-05,-0.0012612000000444823
50.059499,0.002538800000138508,-0.00012119999996684783,-0.000501223216455112,-0.00042369417246633945,-0.0012612000000444823
50.079498,0.0006388000001606997,0.0002588000000741886,-0.00032507547272608395,-0.0003506172493751645,0.0006388000001606997
50.099498,-0.0012612000000444823,-0.0001591999999163818,-0.00018728593647450255,-7.377156098003644e-06,0.0006388000001606997
50.119498,0.0006388000001606997,-0.0005391999999119435,-7.825337906554184e-05,-0.0002159785546762431,0.0006388000001606997
50.139498,-0.003351199999997334,-0.0005391999999119435,2.2916367765822884e-05,-0.000307213985900751,0.0006388000001606997
50.159497,0.0006388000001606997,-0.00015919999987090705,0.00011556149002369232,-0.0003138573425326347,0.0006388000001606997
50.179497,0.0006388000001606997,-0.00012119999987589836,0.00016557235868164244,0.00012681864815596554,0.0006388000001606997
50.199497,0.0006388000001606997,0.0007148000001507171,0.00012296341398301507,0.0005568652682059911,0.0006388000001606997
50.219497,0.0008288000001357432,0.0003348000001096807,-4.342965975346189e-05,0.0002069818182889962,0.0006388000001606997
50.239497,0.0008288000001357432,-4.5199999931355705e-05,-0.00031774615418706003,9.891655020188157e-05,0.0006388000001606997
50.259497,-0.0012612000000444823,-0.0008431999999629625,-0.0006347266429733157,-0.0010995449883243157,-0.0012612000000444823
50.279496,-0.0012612000000444823,-0.0012611999999990076,-0.0009067834213462547,-0.0013387058275173428,-0.0012612000000444823
50.299496,-0.003351199999997334,-0.0017172000000300613,-0.0010660482149712999,-0.001037540326344758,-0.0012612000000444823
50.319496,-0.0012612000000444823,-0.0009571999999934633,-0.001096445293938801,-0.0010729715617623296,-0.0012612000000444823
50.339496,-0.0014512000000195258,-0.0005771999999524269,-0.0010353337837734667,-0.0009573771561528966,-0.0012612000000444823
50.359496,0.002538800000138508,-0.0005391999999574182,-0.0009432347295621248,-0.0006579832167362706,-0.0012612000000444823
50.379495,0.0006388000001606997,-0.0005391999999574182,-0.0008623720594682244,-0.0007447897435616061,-0.0012612000000444823
50.399495,-0.0031612000000222906,-0.0005011999999624094,-0.000793382790230421,-0.0006318526806377873,-0.0012612000000444823
50.419495,-0.0012612000000444823,-0.0012611999999990076,-0.0007056702249187682,-0.000847097435879711,-0.0012612000000444823
50.439495,-0.0012612000000444823,-0.0012232000000039988,-0.0005708068986435983,-0.0008807571095360237,-0.0012612000000444823
50.459495,-0.0012612000000444823,-0.0004631999999674008,-0.00039220954724088626,-0.0007815496503097947,-0.0012612000000444823
50.479494,0.0008288000001357432,-8.319999992636439e-05,-0.00020977802934381658,-0.00013492960366178792,0.0006388000001606997
50.499495,0.0006388000001606997,0.0003348000001096807,-7.756676311801412e-05,0.0004098256411263164,0.0006388000001606997
50.519494,0.0006388000001606997,0.0003348000001096807,-3.0374532156423654e-05,9.094452222984073e-05,0.0006388000001606997
50.539494,0.0008288000001357432,-8.319999992636439e-05,-6.110448622614348e-05,-0.0002305939393183285,0.0006388000001606997
50.559494,-0.0012612000000444823,-0.0004631999999674008,-0.00012295374582052936,-0.0001885193472635731,-0.0012612000000444823
50.579494,-0.0012612000000444823,-0.0004631999999674008,-0.0001543336153243595,-9.506946382331399e-05,-0.0012612000000444823
50.599493,-0.0012612000000444823,-8.319999997183914e-05,-0.00010996733025825993,-0.00012119999996896817,-0.0012612000000444823
50.619493,0.0006388000001606997,0.00029680000006919726,2.136149369953907e-05,-0.00019427692303682287,0.0006388000001606997
50.639493,0.0027288000001135515,0.0002588000000741886,0.00022061872740690547,0.0003792662005486293,0.0006388000001606997
50.659492,0.0006388000001606997,0.000638800000115225,0.00045505739647943986,0.0005590797203830517,0.0006388000001606997
50.679492,-0.0014512000000195258,0.0010188000001107866,0.0006908861268624575,0.0008115272728308363,0.0006388000001606997
50.699492,0.0006388000001606997,0.00022080000007917988,0.0008938881339029792,0.0008646741259722988,0.0006388000001606997
50.719492,0.002538800000138508,0.0006008000000747415,0.0010244325738960544,0.0006742312355136118,0.0006388000001606997
50.739492,-0.0012612000000444823,0.0010188000001107866,0.0010386626714470894,0.0007583804196925539,0.0006388000001606997
50.759491,0.002538800000138508,0.0010188000001107866,0.0009009017730964615,0.0012017137530333777,0.0006388000001606997
50.779491,0.0006388000001606997,0.000638800000115225,0.000602574597514927,0.000960338461667,0.0006388000001606997
50.799491,0.0006388000001606997,0.000638800000115225,0.00017716956390931564,0.00021362517492193997,0.0006388000001606997
50.819491,0.0006388000001606997,-0.0005011999999169348,-0.00029959380843021987,-0.0007430181817552967,0.0006388000001606997
50.839491,-0.0012612000000444823,-0.0008811999999579712,-0.0007295128781379245,-0.0004259086246508204,-0.0012612000000444823
50.859491,-0.0031612000000222906,-0.0012611999999990076,-0.001025821080555473,-0.0012474703962647446,-0.0012612000000444823
50.87949,-0.0012612000000444823,-0.0008812000000034459,-0.0011451262543192432,-0.0011212466200400573,-0.0012612000000444823
50.89949,-0.0012612000000444823,-0.0012991999999940162,-0.0010996381906558574,-0.001258985547790044,-0.0012612000000444823
50.91949,0.002538800000138508,-0.0005391999999574182,-0.0009431924382325982,-0.0008869575757330252,-0.0012612000000444823
50.93949,-0.003351199999997334,-0.0005391999999574182,-0.0007413507852393531,-0.0005636475524045169,-0.0012612000000444823
50.95949,0.0006388000001606997,-0.0001211999999213731,-0.0005440418342254556,-0.0002890554778045187,0.0006388000001606997
50.979489,-0.0012612000000444823,-0.0008811999999579712,-0.0003730466145759901,-0.0001916195803368984,-0.0012612000000444823
50.999489,0.0008288000001357432,-8.319999992636439e-05,-0.00022486466288990344,-0.0003156289043574947,0.0006388000001606997
51.019489,-0.0012612000000444823,-8.319999992636439e-05,-8.287031432471739e-05,-0.000621223309963702,0.0006388000001606997
51.039489,0.0006388000001606997,-8.319999992636439e-05,6.778385044128316e-05,0.00033099114228362194,0.0006388000001606997
51.059489,0.0006388000001606997,-0.0001211999999213731,0.00022777722788826636,7.987226114843373e-05,0.0006388000001606997
51.079488,-0.0012612000000444823,0.000638800000115225,0.00037793679856029216,0.00032789090917955576,0.0006388000001606997
51.099488,0.0006388000001606997,0.0002588000000741886,0.0004830876946406457,0.00028094452222502493,0.0006388000001606997
51.119488,0.002538800000138508,0.00029680000006919726,0.0005055310491320435,0.0008682172495282074,0.0006388000001606997
51.139488,-0.0012612000000444823,0.0006768000001102336,0.00042357632063000963,0.00039875338003483916,0.0006388000001606997
51.159487,0.0008288000001357432,0.0007148000001052423,0.0002466606572240668,0.00021273939402408518,0.0008288000001357432
51.179487,0.0006388000001606997,-0.0004251999999269174,1.9329801524006337e-05,0.0003101752914959455,0.0006388000001606997
51.199487,0.0008288000001357432,-4.519999988588097e-05,-0.00018905632945576757,-0.00023015104886118598,0.0006388000001606997
51.219487,-0.0031612000000222906,-8.319999988088966e-05,-0.0003067109595349736,-0.00048702750573570344,0.0006388000001606997
51.239487,0.0006388000001606997,-0.00046319999992192604,-0.00028622503869410297,-0.000392248950940447,0.0006388000001606997
51.259487,0.0006388000001606997,-0.0005011999999169348,-0.00012433102247609912,-0.00029702750573786906,0.0006388000001606997
51.279486,-0.0012612000000444823,0.0002588000001196633,0.0001345407620418799,0.00023266946398068785,0.0006388000001606997
51.299486,0.0006388000001606997,0.0006768000001102336,0.00041259306263841745,0.0004514573427663298,0.0006388000001606997
51.319486,0.0006388000001606997,0.0006768000001102336,0.0006256549037350084,0.0010298722612017367,0.0006388000001606997
51.339486,0.0027288000001135515,0.0006768000001102336,0.0007131834085490939,0.0003921100234018952,0.0006388000001606997
51.359486,0.0006388000001606997,0.0007148000001052423,0.0006589195362338366,0.0008305715618683839,0.0006388000001606997
51.379485,-0.0012612000000444823,0.00033480000006420597,0.0004921840987114806,0.0005869818182655845,0.0006388000001606997
51.399485,0.0008288000001357432,0.00029680000006919726,0.00026978563632713376,4.842703967713189e-05,0.0006388000001606997
51.419485,-0.0012612000000444823,-0.0004631999999674008,4.977891753472013e-05,-5.565221439004153e-05,-0.0012612000000444823
51.439485,0.002538800000138508,-8.319999992636439e-05,-0.000128967771022468,-0.0004591254078711908,0.0006388000001606997
51.459485,-0.0031612000000222906,-8.319999992636439e-05,-0.0002541542756816359,5.50703963386964e-05,0.0006388000001606997
51.479484,0.0006388000001606997,-8.319999992636439e-05,-0.00033514735143018134,-0.00015973146845880504,0.0006388000001606997
51.499484,0.0008288000001357432,-0.0004251999999269174,-0.00039037786815540175,-0.0005410601397994009,0.0006388000001606997
51.519484,-0.0012612000000444823,-0.0004251999999269174,-0.0004330667874713103,-0.0004945566432781622,0.0006388000001606997
51.539484,0.0008288000001357432,-0.0004251999999269174,-0.00046189947550733196,-0.00046355431226665294,0.0006388000001606997
51.559484,-0.0031612000000222906,-0.0004251999999269174,-0.0004604279531193428,-8.532587403701331e-05,0.0006388000001606997
51.579483,0.0006388000001606997,-7.199999890872277e-06,-0.0004030530268801978,-0.0002292652679792315,0.0008288000001357432
51.599483,0.0008288000001357432,-0.0004251999999269174,-0.0002625723391194666,-0.0005928783215959364,0.0006388000001606997
51.619483,0.0008288000001357432,0.0003728000001046894,-1.7944834169057847e-05,3.646899775087112e-05,0.0008288000001357432
51.639483,-0.0012612000000444823,-7.199999936347013e-06,0.00033471074048579513,0.00019812400938835987,0.0008288000001357432
51.659482,0.0008288000001357432,0.0007528000000547764,0.0007679140915967233,0.0008093128205891144,0.0008288000001357432
51.679482,-0.0012612000000444823,0.0007148000000597676,0.0012140653857258975,0.0011791263404038808,0.0006388000001606997
51.699482,0.00462880000009136,0.0014748000000963657,0.0015738627448066702,0.0013983571096270553,0.0008288000001357432
51.719482,0.0006388000001606997,0.0018548000000919273,0.0017448482635349899,0.0017508979021915038,0.002538800000138508
51.739482,0.002538800000138508,0.0018548000000919273,0.0016590388560998389,0.0017070517483458087,0.002538800000138508
51.759482,0.0027288000001135515,0.0010568000001057952,0.0013113787303162797,0.0015498256411170326,0.0006388000001606997
51.779481,-0.0012612000000444823,0.0006768000000647589,0.0007653493925343388,0.0008013407926271438,0.0006388000001606997
51.799481,0.0006388000001606997,0.00029680000006919726,0.0001340587450688134,4.001212128239913e-05,0.0006388000001606997
51.819481,-0.0012612000000444823,-0.0008811999999579712,-0.0004535269348984158,-0.00048215571091118903,-0.0012612000000444823
51.839481,0.0006388000001606997,-0.00046319999992192604,-0.0008871726800330349,-0.001325862004615846,0.0006388000001606997
51.85948,-0.0031612000000222906,-0.001261199999953533,-0.0011002098338496178,-0.0010756289043530724,-0.0012612000000444823
51.87948,0.0008288000001357432,-0.0008811999999124964,-0.0010802036100545202,-0.0005680764567808988,0.0006388000001606997
51.89948,-0.003351199999997334,-0.0005011999999169348,-0.0008650483460087538,-0.0007319459206855497,0.0006388000001606997
51.91948,0.0006388000001606997,-0.0001211999999213731,-0.0005265403978171937,-0.00047064055937475965,0.0006388000001606997
51.93948,0.002538800000138508,-0.0005391999999574182,-0.00014721997836121014,-0.0005060717948188316,-0.0012612000000444823
51.959479,-0.0012612000000444823,0.0002588000000741886,0.00019980344183485847,0.00019812400939578007,0.0006388000001606997
51.97948,-0.0012612000000444823,0.0002588000000741886,0.00046002003245860146,0.00043285594414405406,0.0006388000001606997
51.999479,0.0006388000001606997,0.0002588000000741886,0.0005971788118536674,0.0009160494173572725,0.0006388000001606997
52.019479,0.0006388000001606997,0.000638800000115225,0.0005932869705494141,0.00047493053622425004,0.0006388000001606997
52.039479,0.002538800000138508,0.000638800000115225,0.00045507499150792554,-6.096689969077861e-05,0.0006388000001606997
52.059479,0.0006388000001606997,0.0002588000000741886,0.00022068500549897202,0.0006325995338873785,0.0006388000001606997
52.079479,-0.0012612000000444823,-0.00012119999996684783,-4.5710794136413145e-05,0.0001432055944586081,-0.0012612000000444823
52.099478,-0.0012612000000444823,-0.00012119999996684783,-0.0002754551849178978,-0.00040819300697728035,-0.0012612000000444823
52.119478,-0.0012612000000444823,-0.0009191999999984546,-0.0004229219759418314,-0.0003280298368018489,-0.0012612000000444823
52.139478,0.002538800000138508,-0.0005391999999574182,-0.000483035448422448,-0.0008639272726977971,-0.0012612000000444823
52.159477,-0.003351199999997334,-0.0001591999999163818,-0.0004903137344917568,-0.0007664913752423673,0.0006388000001606997
52.179477,0.0006388000001606997,-0.0005771999999069522,-0.0005024754362244122,-0.00023502284371485052,0.0006388000001606997
52.199477,0.0006388000001606997,-0.0009571999999025138,-0.0005769932182430878,-0.00023059393926744742,0.0006388000001606997
52.219477,-0.003351199999997334,-0.00015919999987090705,-0.0007481647266947871,-0.0007089156175925506,0.0006388000001606997
52.239477,0.0006388000001606997,-0.0009191999999075051,-0.0010103871873933697,-0.0014423421910643027,0.0006388000001606997
52.259476,0.0006388000001606997,-0.0016791999999441031,-0.0013124595104842566,-0.0010548130535341252,-0.0031612000000222906
52.279476,-0.0031612000000222906,-0.001261199999953533,-0.001566906952193908,-0.0014693585081104617,-0.0012612000000444823
52.299476,-0.0031612000000222906,-0.001223199999958524,-0.0016745083012990355,-0.0015535076922936438,-0.0012612000000444823
52.319476,-0.0012612000000444823,-0.0016031999999995606,-0.0015563773301307058,-0.0012390554778482813,-0.0012612000000444823
52.339476,0.0008288000001357432,-0.0012232000000039988,-0.0011809329772951482,-0.0017071906759908923,-0.0012612000000444823
52.359475,-0.0012612000000444823,-0.0004631999999674008,-0.0005774849268857087,-0.0009409902097723427,-0.0012612000000444823
52.379475,-0.0012612000000444823,-8.319999992636439e-05,0.00016411002086823528,0.00038059487185380567,0.0006388000001606997
52.399475,0.0006388000001606997,0.0006768000000647589,0.0009072413875434702,0.001100291841573907,0.0006388000001606997
52.419475,0.0006388000001606997,0.001436800000101357,0.0014982377227567192,0.0015675412588621238,0.0006388000001606997
52.439475,0.00462880000009136,0.001854800000137402,0.0018104416978655844,0.001403228904543261,0.0008288000001357432
52.459474,0.002538800000138508,0.001854800000137402,0.001789136560709282,0.0019794293707751064,0.0008288000001357432
52.479474,0.0008288000001357432,0.0014748000000963657,0.0014756880890578327,0.0018797790211113451,0.0008288000001357432
52.499474,0.0006388000001606997,0.001094800000100804,0.0009960642889561952,0.001104277855551977,0.0008288000001357432
52.519474,-0.0012612000000444823,0.00033480000006420597,0.0005173779466943073,0.0003070750583235083,0.0006388000001606997
52.539474,0.0027288000001135515,-8.319999997183914e-05,0.00019159379668227537,-0.0002093351980957703,-0.0012612000000444823
52.559474,-0.0012612000000444823,-4.519999997683044e-05,0.00010772728303814606,5.0198601428850566e-05,-0.0012612000000444823
52.579473,-0.0012612000000444823,0.0007148000000597676,0.00026645885276891935,0.00020078135202362317,0.0008288000001357432
52.599473,0.0008288000001357432,0.00033480000006420597,0.000583382460639911,0.0006175412588056409,0.0008288000001357432
52.619473,0.002538800000138508,0.0007148000001052423,0.0009206127888647517,0.0010050703963766288,0.0008288000001357432
52.639473,0.0008288000001357432,0.0014748000001418404,0.0011373964852834859,0.0011357230770624996,0.0008288000001357432
52.659472,0.0006388000001606997,0.0014368000001468318,0.001141545426770482,0.0017876578090250234,0.0008288000001357432
52.679472,0.002538800000138508,0.0010568000001512702,0.0009224406400709079,0.0011432522145943583,0.0006388000001606997
52.699472,0.0006388000001606997,0.000638800000115225,0.0005534966656316456,0.0003394060607122751,0.0006388000001606997
52.719472,0.0006388000001606997,-0.0001591999999163818,0.0001619839215237394,-0.00022483636354348876,0.0006388000001606997
52.739472,-0.0012612000000444823,-0.0005391999999119435,-0.0001248554873742271,-0.0005171440558551879,0.0006388000001606997
52.759472,-0.003351199999997334,-0.0005391999999119435,-0.0002366040597508193,-0.00032182937052534596,0.0006388000001606997
52.779471,0.0006388000001606997,-0.0005391999999119435,-0.00019207866228526972,-0.0002930414917322382,0.0006388000001606997
52.799471,0.0006388000001606997,0.00022080000012465463,-8.805378888942813e-05,0.00020786759916618052,0.0006388000001606997
52.819471,0.0006388000001606997,0.000638800000115225,-4.769137938558958e-05,0.0001370051283008272,0.0006388000001606997
52.839471,0.002538800000138508,0.0002588000000741886,-0.0001557897134101215,-1.8006526730218053e-05,0.0006388000001606997
52.859471,-0.0012612000000444823,-0.0005391999999574182,-0.0004158567336212045,-0.00011367086243021938,-0.0012612000000444823
52.87947,-0.0012612000000444823,-0.0009191999999984546,-0.0007505714079268827,-0.0007850927738651729,-0.0012612000000444823
52.89947,-0.003351199999997334,-0.0012991999999940162,-0.0010415067548137193,-0.0012749296037198154,-0.0012612000000444823
52.91947,-0.0012612000000444823,-0.001261199999953533,-0.0011827759831728665,-0.0014631580419473807,-0.0012612000000444823
52.93947,0.0006388000001606997,-0.001261199999953533,-0.0011201010110293618,-0.0013900811188456055,-0.0012612000000444823
52.959469,-0.0010711999998420652,-0.0004251999999269174,-0.0008615969338388085,-0.000493227971931115,-0.0010711999998420652
52.979469,-0.0012612000000444823,-4.519999988588097e-05,-0.00046511470832920994,-0.00037143310012998027,0.0006388000001606997
52.999469,0.0008288000001357432,-4.519999988588097e-05,-1.5194754408759906e-05,1.1667132971344339e-05,0.0006388000001606997
53.019469,0.0006388000001606997,-8.319999992636439e-05,0.0004000602066887937,0.0004430424243636469,0.0006388000001606997
53.039469,0.0006388000001606997,0.0006768000001102336,0.0007072928489374665,0.0005112475525349061,0.0006388000001606997
53.059469,-0.0012612000000444823,0.0010188000001107866,0.0008602218209457995,0.001029872261169406,0.0006388000001606997
53.079468,0.002538800000138508,0.0006388000000697502,0.0008471723164623854,0.0008664456877346178,0.0006388000001606997
53.099468,0.002538800000138508,0.0006768000000647589,0.000694227136093733,0.0006870750583504478,0.0008288000001357432
53.119468,-0.0012612000000444823,0.0006388000000697502,0.0004603478296761399,0.0003885668998178964,0.0008288000001357432
53.139468,0.0008288000001357432,0.0002588000000741886,0.0002200106633582167,0.00016269277394163808,0.0006388000001606997
53.159467,-0.0014512000000195258,-0.0005011999999624094,3.622223385663094e-05,2.5396736663634077e-05,-0.0012612000000444823
53.179467,0.0006388000001606997,-0.0001211999999213731,-6.407934567168033e-05,-0.0002669109556321647,0.0006388000001606997
53.199467,-0.0012612000000444823,-0.0001591999999163818,-9.898719985430885e-05,7.681118976313823e-06,0.0006388000001606997
53.219467,0.0006388000001606997,0.0002588000001196633,-0.00011951392241450287,-0.00021819300689729452,0.0006388000001606997
53.239467,0.0006388000001606997,-0.0001211999999213731,-0.00018190804233377054,-0.00022262191133091736,0.0006388000001606997
53.259466,0.0006388000001606997,-0.0005011999999169348,-0.0003180139146571668,0.00012593286722472027,0.0006388000001606997
53.279466,-0.0012612000000444823,-0.0001211999999213731,-0.0005183008803592483,-0.0005122722610221934,0.0006388000001606997
53.299466,-0.0031612000000222906,-0.0005011999999624094,-0.000734638550544131,-0.0005454890442256036,-0.0012612000000444823
53.319466,0.002538800000138508,-0.0012991999999940162,-0.0008989242273886991,-0.0010703142190968558,-0.0012612000000444823
53.339466,-0.0012612000000444823,-0.0009191999999529799,-0.0009482997996601199,-0.0010220391608276084,-0.0012612000000444823
53.359465,-0.003351199999997334,-0.0005391999999574182,-0.0008495803407983305,-0.0011859086246787285,-0.0012612000000444823
53.379465,0.0006388000001606997,-0.0009191999999529799,-0.0006170511417068323,-0.0006810135197465885,-0.0012612000000444823
53.399465,-0.0012612000000444823,-0.0008811999999124964,-0.00031605558288473227,-0.00015397389267283513,-0.0010711999998420652
53.419465,0.0006388000001606997,0.000296800000114672,-4.6550706024173105e-05,-7.602517471845522e-05,0.0006388000001606997
53.439465,-0.0010711999998420652,0.000296800000114672,9.070184301756957e-05,0.0003070750584045999,0.0006388000001606997
53.459465,0.002538800000138508,0.000296800000114672,3.31516832343713e-05,0.0002428559441674202,0.0006388000001606997
53.479464,0.0006388000001606997,-0.0005011999999169348,-0.00021622041189374195,-0.0005685193472565916,-0.0010711999998420652
53.499464,-0.0012612000000444823,-0.0005391999999574182,-0.0005875549596883037,-0.0005680764568153494,-0.0012612000000444823
53.519464,-0.003351199999997334,-0.0012991999999940162,-0.0009712613205239526,-0.0009445333333102308,-0.0012612000000444823
53.539464,-0.0012612000000444823,-0.0012611999999990076,-0.0012596374534156126,-0.0010951160839118932,-0.0012612000000444823
53.559464,-0.0012612000000444823,-0.0012991999999940162,-0.001380502052597125,-0.0016571440559699261,-0.0012612000000444823
53.579463,0.0008288000001357432,-0.0008812000000034459,-0.0013088208149759435,-0.0013581930070205128,-0.0012612000000444823
53.599463,-0.0014512000000195258,-0.0008812000000034459,-0.001059890541981012,-0.0008599412587361572,-0.0012612000000444823
53.619463,-0.0012612000000444823,-0.0005011999999624094,-0.0006775929471672878,-0.0005654191141906863,-0.0012612000000444823
53.639463,-0.0012612000000444823,-0.0005391999999574182,-0.00022624396719900613,-0.0002846265733677159,-0.0012612000000444823
53.659462,0.0006388000001606997,-0.0001211999999213731,0.00021667121522799343,8.917296045851157e-05,0.0006388000001606997
53.679462,0.0006388000001606997,0.000638800000115225,0.0005739405926609565,0.0005475645688826629,0.0006388000001606997
53.699462,0.0006388000001606997,0.0010188000001562613,0.0007893792013552116,0.0009311076924469603,0.0006388000001606997
53.719462,0.002538800000138508,0.0010568000001512702,0.0008479694902846533,0.0011476811190422912,0.0006388000001606997
53.739462,0.0006388000001606997,0.0006768000001102336,0.0007833707334396863,0.0007025762239094681,0.0006388000001606997
53.759461,0.0008288000001357432,0.0006768000001102336,0.0006647625170376842,0.000297331468623599,0.0006388000001606997
53.779461,-0.0012612000000444823,-8.319999992636439e-05,0.0005656920165485338,0.0004058396271148553,0.0006388000001606997
53.799461,0.0006388000001606997,0.00029680000006919726,0.0005295296836997428,0.0006250703963576398,0.0006388000001606997
53.819461,-0.0012612000000444823,0.0006388000000697502,0.0005509065216958749,0.0005962825175719522,0.0006388000001606997
53.839461,0.002538800000138508,0.0010188000001107866,0.0005847794594613955,0.0006073547786194386,0.0006388000001606997
53.85946,0.002538800000138508,0.0006388000000697502,0.0005778276982583287,0.0003677510490174999,0.0006388000001606997
53.87946,0.0006388000001606997,0.0006388000000697502,0.000501917486927114,0.0008066554779474912,0.0006388000001606997
53.89946,-0.0012612000000444823,0.0002588000000741886,0.0003685136625379644,0.0006671449884208754,0.0006388000001606997
53.91946,-0.0012612000000444823,0.00029680000006919726,0.00021820116011964666,0.00035224988351148024,0.0006388000001606997
53.93946,0.0006388000001606997,-8.319999997183914e-05,9.75843348272596e-05,-8.621165496931868e-05,-0.0012612000000444823
53.95946,0.0027288000001135515,-8.319999997183914e-05,4.006210291378481e-05,-0.00044495291373235874,-0.0012612000000444823
53.979459,-0.0012612000000444823,0.00033480000006420597,5.639452368497447e-05,-7.735384613599363e-05,0.0006388000001606997
53.999459,-0.0012612000000444823,-4.519999997683044e-05,0.00013107723957139192,0.0002548139860571103,-0.0012612000000444823
54.019459,0.0008288000001357432,-8.319999997183914e-05,0.0002224790250698686,0.0006427860140502605,-0.0012612000000444823
54.039459,-0.0012612000000444823,0.00029680000006919726,0.0002714983179450043,0.0002729724942402639,0.0006388000001606997
54.059458,0.002538800000138508,0.0006768000001102336,0.0002221394820953172,-0.00016770349643349604,0.0006388000001606997
54.079458,0.0006388000001606997,-0.0001591999999163818,4.710556210450616e-05,0.00032656223786483945,0.0006388000001606997
54.099458,0.0006388000001606997,-0.0001591999999163818,-0.0002366600353004616,-0.00025362424233924636,0.0006388000001606997
54.119458,-0.003351199999997334,-0.0005391999999119435,-0.0005737795290650618,-0.0006522256409439408,0.0006388000001606997
54.139458,-0.0012612000000444823,-0.0012991999999485415,-0.0008944911263674783,-0.0008129948717095451,-0.0012612000000444823
54.159457,0.0006388000001606997,-0.0012991999999485415,-0.001141194548434454,-0.0013577501164965893,-0.0012612000000444823
54.179457,-0.0031612000000222906,-0.0008811999999579712,-0.0012824647329483037,-0.0012647431235081725,-0.0012612000000444823
54.199457,0.0006388000001606997,-0.0009191999999529799,-0.0013113827651242236,-0.0013426918414837527,-0.0012612000000444823
54.219457,-0.0012612000000444823,-0.0012991999999940162,-0.0012358395119783693,-0.0008178666666416509,-0.0012612000000444823
54.239457,-0.0014512000000195258,-0.0009191999999984546,-0.0010706160267559162,-0.0012705006992952028,-0.0012612000000444823
54.259457,-0.0012612000000444823,-0.0008812000000034459,-0.000835878700670474,-0.0008829715617745653,-0.0012612000000444823
54.279456,-0.0012612000000444823,-0.0008812000000034459,-0.0005593666417583429,-0.00043343776224151,-0.0012612000000444823
54.299456,0.0008288000001357432,-4.519999997683044e-05,-0.00027570129543476866,-0.00048437016317941136,-0.0012612000000444823
54.319456,-0.0012612000000444823,-4.519999997683044e-05,-1.905347865211238e-05,5.948718252763883e-07,-0.0012612000000444823
54.339456,0.0027288000001135515,0.00033480000006420597,0.00018790805738189088,0.0004589864802600279,0.0006388000001606997
54.359455,-0.0012612000000444823,0.00029680000006919726,0.0003413830165526342,0.0002880307693145814,0.0006388000001606997
54.379455,0.0006388000001606997,0.0006768000001102336,0.00045420585301714103,0.00041646899775608004,0.0006388000001606997
54.399455,0.0006388000001606997,-0.0001211999999213731,0.0005443648299476121,0.0003810377623231383,0.0006388000001606997
54.419455,0.0006388000001606997,0.000638800000115225,0.0006207616389709371,0.0005648372961515312,0.0006388000001606997
54.439455,-0.0012612000000444823,0.000638800000115225,0.000674519675272048,0.0005648372961674316,0.0006388000001606997
54.459455,0.002538800000138508,0.000638800000115225,0.000681373180401419,0.0008000121213383977,0.0006388000001606997
54.479454,0.0006388000001606997,0.0006768000001102336,0.0006148127372655274,0.0008598023311159841,0.0006388000001606997
54.499454,0.0006388000001606997,0.0006768000001102336,0.00046288183875832056,0.0003854666667631213,0.0006388000001606997
54.519454,0.0008288000001357432,0.000296800000114672,0.00023837803341962986,5.9499300790869474e-05,0.0006388000001606997
54.539454,-0.0012612000000444823,-0.00046319999992192604,-2.3710839357941626e-05,-0.00010658461528713223,0.0006388000001606997
54.559453,0.0006388000001606997,-0.0004251999999269174,-0.00027911655073191893,-0.00039667785538466995,0.0006388000001606997
54.579453,-0.0031612000000222906,-0.0004251999999269174,-0.00048850875544639,-7.292494163770968e-05,0.0006388000001606997
54.599453,0.0008288000001357432,-4.519999988588097e-05,-0.0006238286325061319,-0.0004980997668308905,0.0006388000001606997
54.619453,0.0008288000001357432,-0.0004251999999269174,-0.0006646136735617804,-0.0006823421910703152,0.0006388000001606997
54.639453,0.0006388000001606997,-0.00046319999992192604,-0.0005924877092984006,-0.0006929715616855696,0.0006388000001606997
54.659452,-0.0012612000000444823,-0.0005011999999169348,-0.0003961253908986635,-0.0006663981351225235,0.0006388000001606997
54.679452,-0.003351199999997334,-0.0005011999999169348,-8.951821373572526e-05,0.00020609603740651152,0.0006388000001606997
54.699452,0.0006388000001606997,-0.0001211999999213731,0.0002705454612469898,2.1853613138996236e-05,0.0006388000001606997
54.719452,0.0008288000001357432,0.000638800000115225,0.000588513295008144,0.0006312708625678919,0.0008288000001357432
54.739452,0.002538800000138508,0.0010568000001057952,0.0007627410587940566,0.0006113407926298396,0.0008288000001357432
54.759451,0.002538800000138508,0.001094800000100804,0.000730884124909165,0.0007840680653662255,0.0008288000001357432
54.779451,-0.0012612000000444823,0.00029680000006919726,0.0005004279108565448,0.0008815039628052253,0.0008288000001357432
54.799451,0.0008288000001357432,-4.5199999931355705e-05,0.00014635409935892982,4.134079260771585e-05,0.0008288000001357432
54.819451,-0.0031612000000222906,-0.0004251999999269174,-0.00022025050619406796,-0.0001774470861742161,0.0006388000001606997
54.839451,0.0008288000001357432,-0.0004251999999269174,-0.0004926023166448433,-0.000520244288970384,0.0006388000001606997
54.859451,0.0006388000001606997,-0.0004251999999269174,-0.0005979009894455499,-0.0008701277388714786,0.0006388000001606997
54.87945,-0.0012612000000444823,-8.319999992636439e-05,-0.0005094999579055834,-0.0005645333332748115,0.0006388000001606997
54.89945,0.0008288000001357432,-0.0005011999999624094,-0.00024684196187033596,-0.00042546573422176843,-0.0012612000000444823
54.91945,-0.0014512000000195258,-0.00012119999996684783,0.0001303062329027468,0.0004160261072814472,-0.0012612000000444823
54.93945,-0.0012612000000444823,0.0006388000000697502,0.0005336795693258063,0.0008859328671927372,0.0008288000001357432
54.95945,0.002538800000138508,0.001018800000065312,0.0008689909952114483,0.0009483804196426875,0.002538800000138508
54.979449,0.002538800000138508,0.0014748000000963657,0.0010676193405638485,0.0009036484849399486,0.002538800000138508
54.999449,0.0027288000001135515,0.0010568000001057952,0.0011135633394161759,0.0007752102565010998,0.002538800000138508
55.019449,0.0008288000001357432,0.0006768000001102336,0.001046566204005288,0.0013558396271718682,0.0008288000001357432
55.039449,-0.003351199999997334,0.0007148000001052423,0.0009349275939862973,0.0010697324010481607,0.0008288000001357432
55.059449,0.0006388000001606997,0.0006768000001102336,0.0008344430320701985,0.0005028326341210928,0.0008288000001357432
55.079448,0.0027288000001135515,0.0002588000000741886,0.000761645380688653,0.00040096783225430054,0.0006388000001606997
55.099448,0.002538800000138508,0.0010568000001057952,0.0006971059863914256,0.0004895459208398348,0.0006388000001606997
55.119448,-0.0012612000000444823,0.0010568000001057952,0.0006101340531530615,0.0011879841493023973,0.0006388000001606997
55.139448,0.0006388000001606997,0.000638800000115225,0.00048397538413603644,0.0008784037297276597,0.0006388000001606997
55.159447,0.0006388000001606997,0.0002588000001196633,0.00032792764345202885,0.00020255291386067325,0.0006388000001606997
55.179447,0.0006388000001606997,-0.00015919999987090705,0.00017540869070647357,-0.0002979132865959732,0.0006388000001606997
55.199447,0.0006388000001606997,0.00022080000012465463,7.235853240092693e-05,0.0003385202798568211,0.0006388000001606997
55.219447,-0.003351199999997334,0.00022080000012465463,6.093373165922467e-05,0.000294231235568294,0.0006388000001606997
55.239447,0.002538800000138508,0.0006008000001202163,0.00016489682166250644,2.849696980374071e-05,0.0006388000001606997
55.259446,0.0006388000001606997,-0.00019719999991139048,0.00038266608278493736,0.00015870676000914827,0.0006388000001606997
55.279446,0.002538800000138508,0.000980800000115778,0.0006881477607962406,0.0006764456877463235,0.002538800000138508
55.299446,-0.003351199999997334,0.000980800000115778,0.0010343818332623953,0.0011734153847243042,0.002538800000138508
55.319446,0.002538800000138508,0.0013988000001063483,0.0013584150216439542,0.001663858275177117,0.002538800000138508
55.339446,0.002538800000138508,0.0010568000001057952,0.0015922189109377337,0.0009392662005795697,0.002538800000138508
55.359445,0.0027288000001135515,0.0018948000001273613,0.0016819499600107396,0.0018488233101505783,0.002538800000138508
55.379445,0.0008288000001357432,0.0015148000001317997,0.0016078602891686602,0.0016781939395163381,0.0008388000001104956
55.399445,0.0008388000001104956,0.0018968000001223118,0.0013932934319474245,0.002009895571230108,0.0008388000001104956
55.419445,0.0006388000001606997,0.0007188000000951433,0.0010982231368046522,0.0007584969697918493,0.0008288000001357432
55.439445,0.004448800000091069,0.0007208000000900938,0.0008011069170535556,0.0003383104895850194,0.0008388000001104956
55.459445,-0.0031612000000222906,0.00030080000005909823,0.0005749603604886739,0.00041511701637571145,0.0006388000001606997
55.479444,0.0008388000001104956,0.0006828000000496104,0.0004638707939620982,0.0008277976690665138,0.0008388000001104956
55.499444,-0.0012612000000444823,0.0003028000000540487,0.00046930230670882517,0.0006711310023899355,0.0008388000001104956
55.519444,0.0025488000001132605,0.0010628000000906467,0.0005553356690238574,0.0005686834499344437,0.0008388000001104956
55.539444,0.0025488000001132605,0.0006428000000596512,0.0006714310266049226,0.0002791496504209045,0.0006388000001606997
55.559443,0.0006388000001606997,0.0010628000000906467,0.000777476861524168,0.0013078442891493042,0.0008388000001104956
55.579443,-0.0012612000000444823,0.0006808000001001346,0.0008540186562039914,0.0007100587413513636,0.0006388000001606997
55.599443,0.0008388000001104956,0.0006808000001001346,0.0008943699222815484,0.0010194993008077946,0.0006388000001606997
55.619443,0.0006388000001606997,0.00030080000005909823,0.0008909817330863713,0.00033579300706382275,0.0006388000001606997
55.639442,0.0025488000001132605,0.0011008000000856555,0.0008306165741934417,0.0008578209790861036,0.0008388000001104956
55.659442,-0.0012612000000444823,0.0006808000000546599,0.000702010307014755,0.0008170517482957831,0.0006388000001606997
55.679442,0.002738800000088304,0.001062800000045172,0.0005086871408235923,0.000699219580469608,0.0025488000001132605
55.699442,-0.0012612000000444823,-0.00011719999997694686,0.00027690035599864366,0.00042101445226726806,-0.0012612000000444823
55.719442,0.0025488000001132605,0.00026280000006408957,5.2426741606786136e-05,8.07738932335285e-06,0.0006388000001606997
55.739442,-0.003351199999997334,-0.0001571999999214313,-0.00011412852323927178,-0.00013656130528831014,0.0006388000001606997
55.759441,0.0006388000001606997,-0.0001571999999214313,-0.00018753691761851064,-0.0003277967365163364,0.0006388000001606997
55.779441,0.0006388000001606997,-0.0004991999999219843,-0.0001636676358366417,-0.0003543701630915727,0.0006388000001606997
55.799441,-0.0012612000000444823,-8.119999993141391e-05,-7.269834900072214e-05,-5.6001864738279106e-05,0.0006388000001606997
55.819441,0.0008388000001104956,0.00033880000005410694,3.15094529954742e-05,-5.419114163985662e-06,0.0006388000001606997
55.839441,-0.0012612000000444823,-4.119999998692947e-05,9.137662968071142e-05,0.0005381939394482407,-0.0012612000000444823
55.859441,0.002738800000088304,0.00033880000005410694,6.770473051164667e-05,9.241305364113359e-05,0.0006388000001606997
55.87944,-0.0012612000000444823,-8.119999997688865e-05,-4.4673195299118956e-05,-0.00022623496502760033,-0.0012612000000444823
55.89944,0.0006388000001606997,-8.119999997688865e-05,-0.00021552796535599075,-0.0001355589743330303,-0.0012612000000444823
55.91944,-0.0012612000000444823,-0.0008812000000034459,-0.0003942823195563938,-0.0006159785547793593,-0.0012612000000444823
55.93944,-0.0012612000000444823,-0.0004611999999724503,-0.0005344968960524758,-0.0004898713286518475,-0.0012612000000444823
55.95944,-0.0012612000000444823,-0.0008412000000134867,-0.000614740949974084,-0.0006000344988267973,-0.0012612000000444823
55.979439,0.0008388000001104956,-0.00042119999998249116,-0.0006447981782096425,-0.0006511999999993304,-0.0012612000000444823
55.999439,-0.0012612000000444823,-0.00042119999998249116,-0.0006554030313212695,-0.0009322023310114212,-0.0012612000000444823
56.019439,0.0008388000001104956,-0.0008391999999730615,-0.0006797086260065536,-0.0005732512820078499,-0.0012612000000444823
56.039439,-0.0012612000000444823,-0.0008791999999630207,-0.0007380239291237592,-0.0005473771561115984,-0.0012612000000444823
56.059438,-0.003351199999997334,-0.0004991999999219843,-0.0008320024946955534,-0.000320011188747795,0.0006388000001606997
56.079438,0.0006388000001606997,-0.0009571999999479885,-0.0009460533839070678,-0.0012990554778128677,-0.0012612000000444823
56.099438,0.0006388000001606997,-0.0009571999999479885,-0.001050944060158907,-0.0013130414917943113,-0.0012612000000444823
56.119438,-0.0014512000000195258,-0.0013371999999435501,-0.0011096394609535812,-0.0012246965034391686,-0.0012612000000444823
56.139438,-0.0012612000000444823,-0.000955199999953038,-0.0010895613294611385,-0.0008153724940970646,-0.0012612000000444823
56.159437,-0.005251199999975142,-0.000955199999953038,-0.0009797157590847002,-0.000817237295995319,-0.0012612000000444823
56.179437,0.0025488000001132605,-0.0009171999999580294,-0.0008013139014504996,-0.0009632745920407429,-0.0012612000000444823
56.199437,0.0006388000001606997,-0.0009171999999580294,-0.0006013501372943734,-0.0008947431235153469,-0.0012612000000444823
56.219437,-0.0012612000000444823,0.0002608000000691391,-0.00043226391752022305,-0.000503134731886004,0.0006388000001606997
56.239437,-0.0012612000000444823,-0.0005391999999574182,-0.0003317813858412603,0.00010304242431415894,-0.0012612000000444823
56.259436,0.0006388000001606997,-0.0005391999999574182,-0.00031340412833634663,0.0001620167832933247,-0.0012612000000444823
56.279436,-0.0014512000000195258,-0.0001591999999163818,-0.0003671812185051459,-0.001080850349591545,0.0006388000001606997
56.299436,0.0006388000001606997,-0.0005771999999069522,-0.00046568898276328445,-0.00046290163163629046,0.0006388000001606997
56.319436,0.0006388000001606997,-0.0009571999999479885,-0.0005727774333970262,-0.0005329482516783126,-0.0012612000000444823
56.339436,-0.003351199999997334,-0.00011919999992642261,-0.000654892660287917,-0.000511992540718799,0.0006388000001606997
56.359435,-0.0012612000000444823,-0.0009171999999580294,-0.000692341804309239,-0.0008548829836429522,-0.0012612000000444823
56.379436,0.002738800000088304,-0.0009171999999580294,-0.0006846087092655442,-0.0006001044288414299,-0.0012612000000444823
56.399435,-0.003351199999997334,-0.0005371999999624677,-0.000646218615814366,-0.0008686125873813526,-0.0012612000000444823
56.419435,0.0006388000001606997,-0.0001571999999214313,-0.0005963699192033904,-0.000687377156139739,0.0006388000001606997
56.439435,-0.0014512000000195258,-0.0009571999999479885,-0.0005485556502729387,0.00010304242432210905,-0.0012612000000444823
56.459434,0.0006388000001606997,-0.0001591999999163818,-0.000503899128968089,-0.0004486825173968951,0.0006388000001606997
56.479434,-0.0012612000000444823,-0.0001591999999163818,-0.00044965482617296805,-0.0007732745919957378,0.0006388000001606997
56.499434,0.0006388000001606997,-0.0005391999999119435,-0.000364381430484448,-0.00022980139851771844,0.0006388000001606997
56.519434,0.0006388000001606997,-0.0004991999999219843,-0.0002303964832867961,-0.0004392186479388993,0.0006388000001606997
56.539433,-0.003351199999997334,-7.919999989098869e-05,-5.013380431296485e-05,-0.0001371207458166577,0.0006388000001606997
56.559433,0.0008388000001104956,-7.919999989098869e-05,0.00014242715129897748,5.777435909678336e-05,0.0006388000001606997
56.579433,0.0008388000001104956,-7.919999989098869e-05,0.00028572503678380096,0.00019728484861279884,0.0006388000001606997
56.599433,0.0006388000001606997,0.0007188000001406181,0.0003132243224740084,0.0006162358975507462,0.0006388000001606997
56.619433,0.0006388000001606997,0.0002988000001096225,0.0001852321135917274,1.4347785660599407e-05,0.0006388000001606997
56.639433,0.0006388000001606997,0.0002588000001196633,-8.697911920041206e-05,0.0002022265735590074,0.0006388000001606997
56.659432,-0.0012612000000444823,-0.0009571999999025138,-0.00043802441526714827,-0.00043038414907264465,0.0006388000001606997
56.679432,0.0006388000001606997,-0.0005751999999120017,-0.0007685516016203269,-0.0008680298367597927,0.0006388000001606997
56.699432,-0.005441199999950186,-0.000955199999953038,-0.0009795509523967136,-0.0008951860139274387,-0.0012612000000444823
56.719432,0.0025488000001132605,-0.000955199999953038,-0.0010052899255576374,-0.0012280764568418589,-0.0012612000000444823
56.739432,-0.0012612000000444823,-0.000955199999953038,-0.0008317228033491125,-0.0009259785547540677,-0.0012612000000444823
56.759431,-0.0012612000000444823,-0.00011919999997189734,-0.0004968953721621818,-0.00039404382280551844,-0.0012612000000444823
56.779431,0.0006388000001606997,-0.00011919999997189734,-7.839733482344691e-05,0.00012413799538773932,-0.0012612000000444823
56.799431,-0.0012612000000444823,0.0002608000000691391,0.0003259891025029623,0.0006285668998257054,0.0006388000001606997
56.819431,0.0025488000001132605,0.0006408000001101755,0.0006209030016232056,5.635244762493093e-05,0.0006388000001606997
56.839431,0.0006388000001606997,0.0002608000000691391,0.0007355809408400374,0.0006848139861284747,0.0006388000001606997
56.859431,0.0006388000001606997,0.0006408000001101755,0.0006398674767083129,0.0006786368299536641,0.0006388000001606997
56.87943,-0.0012612000000444823,0.0002988000001096225,0.00034974901380738,0.0005169818182727146,0.0006388000001606997
56.89943,0.0006388000001606997,-8.119999993141391e-05,-7.668401011797795e-05,-7.47431234740914e-05,0.0006388000001606997
56.91943,0.0008388000001104956,-0.0004611999999724503,-0.0005490019527617398,-0.0006935076922611573,-0.0012612000000444823
56.93943,-0.0012612000000444823,-0.000841199999968012,-0.0009589245459856812,-0.0009341603729470292,-0.0012612000000444823
56.95943,-0.0012612000000444823,-0.000841199999968012,-0.0012016669188321429,-0.0010740205128118123,-0.0012612000000444823
56.979429,-0.0031612000000222906,-0.0012611999999990076,-0.0012028216884188271,-0.0009528083915797669,-0.0012612000000444823
56.999429,0.0006388000001606997,-0.0008811999999579712,-0.0009420866207356789,-0.0011338340326004599,-0.0012612000000444823
57.019429,-0.0012612000000444823,-0.0005011999999169348,-0.00046298796912823653,-0.0005780065267399588,0.0006388000001606997
57.039429,0.0006388000001606997,0.0002588000001196633,0.00013611236341287594,3.222657354035841e-05,0.0006388000001606997
57.059428,0.0006388000001606997,0.0006408000001101755,0.000726120561757174,0.0009355832169307955,0.0006388000001606997
57.079428,0.0006388000001606997,0.0010208000001512118,0.0011786503454437789,0.0012888466201836997,0.0006388000001606997
57.099428,0.0025488000001132605,0.001402800000141724,0.001396970788976808,0.001088030769351211,0.0006388000001606997
57.119428,0.0006388000001606997,0.000984800000105679,0.001339571167456336,0.0013694993008468753,0.0006388000001606997
57.139428,0.0025488000001132605,0.000984800000105679,0.0010304836125494257,0.0010525995339203892,0.0006388000001606997
57.159427,-0.0014512000000195258,0.0006028000001151668,0.0005531893528658626,0.0006998023311033581,0.0006388000001606997
57.179427,0.0006388000001606997,0.00022280000007413037,2.9781355339121847e-05,3.6515617774053144e-05,0.0006388000001606997
57.199427,0.0006388000001606997,-0.0005391999999574182,-0.00040860102438673794,-0.000534230302993698,-0.0012612000000444823
57.219427,-0.0012612000000444823,-0.0005011999999624094,-0.0006531228208208753,-0.0007675636363341815,-0.0012612000000444823
57.239427,-0.0012612000000444823,-0.0005011999999624094,-0.0006444753653004705,-0.0005040438227896197,-0.0012612000000444823
57.259427,-0.0012612000000444823,-0.0005011999999624094,-0.00038952497114824806,-0.00043723729597845023,-0.0012612000000444823
57.279426,0.0006388000001606997,0.0002608000000691391,3.968342122503521e-05,0.0001219934732465114,0.0006388000001606997
57.299426,0.0006388000001606997,0.0002608000000691391,0.0005272401347084066,0.0005372615385075936,0.0006388000001606997
57.319426,0.0025488000001132605,0.001440800000091258,0.0009484107704084662,0.0010362125874788844,0.0006388000001606997
57.339426,-0.0012612000000444823,0.0010608000000502215,0.0012047822435641991,0.001375256876544334,0.0006388000001606997
57.359426,0.004638800000066112,0.0010608000000502215,0.0012467346594384155,0.001151364102630115,0.0006388000001606997
57.379425,-0.0012612000000444823,0.0006788000000597094,0.0010775127109800373,0.0007232755245162273,0.0006388000001606997
57.399425,0.0006388000001606997,0.0006788000000597094,0.0007413107746295682,0.0007845575758211094,0.0006388000001606997
57.419425,0.0006388000001606997,-0.0001211999999213731,0.00030375297392345893,0.0002470284383198397,0.0006388000001606997
57.439425,-0.0012612000000444823,0.0002588000001196633,-0.0001651861293603443,-1.2482051190010205e-05,0.0006388000001606997
57.459424,0.0006388000001606997,-0.0005391999999119435,-0.0005999703347662976,-0.000981246619968986,0.0006388000001606997
57.479424,0.0006388000001606997,-0.0009191999999529799,-0.0009418183948416058,-0.0007863748250899263,-0.0012612000000444823
57.499424,-0.003351199999997334,-0.0008811999999124964,-0.0011412558072924036,-0.0006918759905975347,-0.0010711999998420652
57.519424,-0.0012612000000444823,-0.0008811999999124964,-0.001165161169267103,-0.001134789743511887,-0.0010711999998420652
57.539424,-0.0010711999998420652,-0.0008411999999225373,-0.0010054406988295548,-0.0007318993005977068,-0.0010711999998420652
57.559423,0.0006388000001606997,-0.0008411999999225373,-0.0006832031469004025,-0.0011811067598338663,-0.0010711999998420652
57.579423,0.0008388000001104956,-7.919999989098869e-05,-0.0002467156700632612,-0.000642085780814841,0.0006388000001606997
57.599423,-0.003351199999997334,-0.00015519999992648082,0.00023373705736457186,0.0006138349651304349,0.0006388000001606997
57.619423,0.0025488000001132605,0.000606800000059593,0.0006734087917018058,0.0007651403264141934,0.0008388000001104956
57.639423,-0.0014512000000195258,0.000948800000060146,0.0009877282251329496,0.0010997557110168695,0.0025488000001132605
57.659422,0.004448800000091069,0.0013288000000557076,0.001116293237638473,0.0009201286713721665,0.0025488000001132605
57.679422,0.0025488000001132605,0.0009468000000651955,0.0010474602981894396,0.0009194293706815215,0.0006388000001606997
57.699422,-0.0014512000000195258,0.000984800000060204,0.0008270506029520463,0.0010511310023935544,0.0006388000001606997
57.719422,0.0006388000001606997,0.00022280000007413037,0.0005414590816588321,0.00035511701638674456,0.0006388000001606997
57.739422,-0.0012612000000444823,-0.00011919999992642261,0.0002829843755266682,0.0005554899767960112,0.0006388000001606997
57.759421,0.0006388000001606997,0.0002988000001096225,0.00011739102708786693,-0.00020826293697321545,0.0006388000001606997
57.779421,0.0008388000001104956,0.0003388000000995817,6.96686196632611e-05,7.238228528181365e-06,0.0006388000001606997
57.799421,0.0006388000001606997,0.0003388000000995817,0.000129080207983318,0.00037649230779552006,0.0006388000001606997
57.819421,0.0008388000001104956,0.0003408000000945322,0.0002627039224788221,0.00030656223785438335,0.0006488000001354521
57.839421,-0.0012612000000444823,0.00030280000009952346,0.00042621076233930746,0.0004712475525574549,0.0006488000001354521
57.859421,0.0006488000001354521,0.00034280000008948266,0.0005692622550957314,0.00032777435906807,0.0006488000001354521
57.87942,0.0006488000001354521,0.00030480000009447394,0.0006412040183327004,0.0005650470863438316,0.0006488000001354521
57.89942,0.0008388000001104956,0.0007248000001254696,0.0006028632552688277,0.0006667720280732371,0.0006488000001354521
57.91942,0.0006488000001354521,0.0007628000001204782,0.00044303445706633354,0.0006224596737805392,0.0008388000001104956
57.93942,0.0008388000001104956,0.00038280000012491655,0.00019095500424709576,0.0003599888113336909,0.0008388000001104956
57.959419,0.0008388000001104956,-3.519999986565381e-05,-8.542607740925574e-05,3.583962717026037e-05,0.0006488000001354521
57.979419,-0.0012511999998423562,-0.00041519999986121546,-0.0003003219966579673,-0.0003716195802831292,-0.0012511999998423562
57.999419,-0.0012511999998423562,-0.00041519999986121546,-0.00038506511219841476,-0.0007790787877343986,-0.0012511999998423562
58.019419,-0.0012511999998423562,-0.0008331999998517859,-0.0003220384425863895,-0.00046861258727134655,-0.0012511999998423562
58.039419,0.0008388000001104956,-0.0004531999998562242,-0.00015940551878352075,-0.0004132512819067125,-0.0012511999998423562
58.059418,-0.0012511999998423562,0.0003068000001348992,3.7646190821878947e-06,0.00018194685330027795,0.0006488000001354521
58.079418,0.0006488000001354521,0.0003068000001348992,5.795252426646454e-05,0.0005502219115661571,0.0006488000001354521
58.099418,0.0025488000001132605,0.00026880000013989046,-6.77235706350244e-05,0.000169685781002321,0.0006488000001354521
58.119418,-0.0012511999998423562,-0.0001511999998911051,-0.0003705445384978723,-0.0004982629369618481,0.0006488000001354521
58.139418,0.0006488000001354521,-0.0009511999999176624,-0.0007717767875235438,-0.0009354424241505824,-0.0012511999998423562
58.159417,-0.003351199999997334,-0.0017111999999087856,-0.0011501072352835045,-0.001260990209704843,-0.0012511999998423562
58.179417,-0.003351199999997334,-0.001331199999913224,-0.0013944670819847477,-0.0013672839159973083,-0.0012511999998423562
58.199417,-0.0012511999998423562,-0.0017111999999087856,-0.0014480023756197852,-0.001916001864700481,-0.0012511999998423562
58.219417,0.0006488000001354521,-0.0009111999998822285,-0.0013208683609492922,-0.0011798713285618035,-0.0012511999998423562
58.239417,-0.0012511999998423562,-0.0008711999998467946,-0.001070164527031049,-0.0008418759905453065,-0.0012511999998423562
58.259417,0.0006488000001354521,-0.00011119999985567119,-0.0007650476890266027,-0.0003395449881866958,0.0006488000001354521
58.279416,-0.0031511999998201645,-0.0004911999998512328,-0.0004591718246836773,-0.0004372139858507874,-0.0012511999998423562
58.299416,0.0025488000001132605,-0.0004911999998512328,-0.00018160142187706747,-0.00021483636349082483,-0.0012511999998423562
58.319416,-0.0012511999998423562,-0.0004911999998512328,5.627228946181529e-05,-0.00025735384600590296,-0.0012511999998423562
58.339416,-0.0012511999998423562,0.0006488000001354521,0.0002474057772502292,-8.68410254974586e-05,0.0006488000001354521
58.359415,0.0006488000001354521,-0.00011119999985567119,0.00037973109165301814,0.000547774359123724,-0.0012511999998423562
58.379415,0.0025488000001132605,0.0003068000001348992,0.0004373195902134134,0.000670734732062507,0.0006488000001354521
58.399415,-0.0012511999998423562,0.0010668000001260226,0.00041071032205021105,0.000324464335780714,0.0008388000001104956
58.419415,0.0008388000001104956,0.00026680000009946523,0.00030753284873599686,0.0005896158509184073,0.0008388000001104956
58.439415,0.0025488000001132605,-0.00011319999989609642,0.00015403367527657097,-4.8496037192040874e-05,0.0006488000001354521
58.459414,-0.003351199999997334,-0.00011319999989609642,-1.5572405672655352e-05,-0.00023462657332170092,0.0006488000001354521
58.479414,0.0006488000001354521,-0.0005311999998866667,-0.0001766703053209534,-0.00037180606049616897,-0.0012511999998423562
58.499414,-0.0012511999998423562,-0.0005311999998866667,-0.0003272294152093795,-0.00017215571084001912,-0.0012511999998423562
58.519414,-0.0012511999998423562,-0.00011119999985567119,-0.0004851781177057768,-0.0003363748250293066,-0.0012511999998423562
58.539414,0.0025488000001132605,-0.0004911999998512328,-0.0006688616562141631,-0.0008344167830715412,-0.0012511999998423562
58.559413,-0.0012511999998423562,-0.0004911999998512328,-0.0008725937426211253,-0.00046658461523948434,-0.0012511999998423562
58.579413,-0.0012511999998423562,-0.0009111999998822285,-0.0010552983284734185,-0.0011017827504557266,-0.0012511999998423562
58.599413,-0.0012511999998423562,-0.0012911999998777902,-0.0011526128857951058,-0.0010866312353106646,-0.0012511999998423562
58.619413,-0.003351199999997334,-0.0012911999998777902,-0.0011066733779531528,-0.0010003841490666778,-0.0012511999998423562
58.639413,0.0006488000001354521,-0.0009111999998822285,-0.0008959339932446621,-0.00140551235418806,-0.0012511999998423562
58.659412,-0.0012511999998423562,-0.0005311999998866667,-0.0005484412083033209,-0.0006190321677107809,0.0006488000001354521
58.679412,0.0006488000001354521,-0.00011119999985567119,-0.0001332586579446971,-0.00028406713273919663,0.0006488000001354521
58.699412,0.0006488000001354521,0.00026880000013989046,0.0002635258687788662,0.000551597202930026,0.0006488000001354521
58.719412,-0.0012511999998423562,0.0006488000001354521,0.0005670021480249918,0.0010819002332456932,0.0006488000001354521
58.739412,0.0025488000001132605,0.0010288000001310138,0.0007365431943714502,0.0005425062938429889,0.0006488000001354521
58.759411,0.0006488000001354521,0.0006488000001354521,0.0007776930409842042,0.0009455365968685857,0.0006488000001354521
58.779411,0.0025488000001132605,0.0006488000001354521,0.0007380693308694179,0.0004716438229813454,0.0006488000001354521
58.799411,-0.0012511999998423562,0.0006488000001354521,0.0006853144707179477,0.00040078135211970195,0.0006488000001354521
58.819411,-0.0012511999998423562,0.00026880000013989046,0.0006735075234397846,0.000864044755394868,-0.0012511999998423562
58.839411,0.0025488000001132605,0.00026880000013989046,0.0007142669791180983,0.00048537342670649576,-0.0012511999998423562
58.85941,-0.0012511999998423562,0.0010288000001310138,0.0007695739124832773,0.0007887533800662113,0.0025488000001132605
58.87941,0.0025488000001132605,0.0009908000000905305,0.0007714331475149203,0.0007378209791224801,0.0025488000001132605
58.89941,0.0025488000001132605,0.0006108000000949687,0.0006574116011770245,0.0007798955711894257,0.0006488000001354521
58.91941,-0.0014412000000447733,0.0006108000000949687,0.0004024790564818731,0.0005562358975299785,0.0006488000001354521
58.939409,0.0006488000001354521,-0.00014919999989615462,3.155997101951178e-05,0.00015891655023271925,-0.0012511999998423562
58.959409,-0.0012511999998423562,-0.0005291999998917162,-0.0003899183691045463,-0.0003381696968593975,-0.0012511999998423562
58.979409,-0.0012511999998423562,-0.0004911999998512328,-0.0007784228478939085,-0.00102369417237668,-0.0012511999998423562
58.999409,0.0006488000001354521,-0.0012911999998777902,-0.0010560308147207638,-0.0012833678320434577,-0.0012511999998423562
59.019409,-0.0012511999998423562,-0.0009111999998822285,-0.001169156035301971,-0.0008696149182820414,-0.0012511999998423562
59.039409,-0.003351199999997334,-0.0008731999998872197,-0.0011012027102272725,-0.0011026918413768326,-0.0010611999998673127
59.059409,0.0006488000001354521,-0.0008731999998872197,-0.0008780909778257652,-0.0008501277388143819,-0.0010611999998673127
59.079408,-0.0010611999998673127,-0.0008731999998872197,-0.0005636141750648418,-0.000530896969581329,-0.0010611999998673127
59.099408,0.0006488000001354521,-7.31999998606625e-05,-0.00024359045037588442,-0.0007234144520839297,0.0006488000001354521
59.119408,-0.0012511999998423562,-7.31999998606625e-05,-2.931392150822629e-06,0.00023975571110310495,0.0006488000001354521
59.139408,0.0006488000001354521,-0.00011119999985567119,9.769538290600963e-05,0.0002459561773048767,0.0006488000001354521
59.159407,0.0006488000001354521,0.0003068000001348992,4.002136922709597e-05,0.00020085128218400828,0.0006488000001354521
59.179407,-0.0012511999998423562,-0.00011319999989609642,-0.00014337444366983233,-0.00011124661993789644,0.0006488000001354521
59.199407,0.002738800000088304,-7.519999990108772e-05,-0.0003747507360693914,-0.0004884261071397838,0.0006488000001354521
59.219407,-0.003351199999997334,-0.0008751999999276449,-0.0005534132554085184,-0.0005205706292969604,-0.0012511999998423562
59.239407,0.0008388000001104956,-0.0004571999999370746,-0.0005907080416325823,-0.0007023888111203833,0.0008388000001104956
59.259406,-0.003351199999997334,-0.0008751999999276449,-0.00044568130670216536,-0.0007154424241707198,0.0006488000001354521
59.279406,0.0008388000001104956,-3.719999990607903e-05,-0.00014466686470310312,-0.00021693426565286153,0.0008388000001104956
59.299406,0.0006488000001354521,-7.519999990108772e-05,0.00022695701027994927,0.0002142778555931131,0.0006488000001354521
59.319406,0.0008388000001104956,0.0011048000001210312,0.0005590337794165323,0.0009294060607194143,0.0008388000001104956
59.339406,0.0006488000001354521,0.0011048000001210312,0.0007615872297702418,0.0007938582751587478,0.0008388000001104956
59.359405,0.0025488000001132605,0.000686800000084986,0.0008000727110524284,0.001273671794973516,0.0008388000001104956
59.379405,0.0008388000001104956,0.0006488000000899774,0.0007053062949751222,0.0006146974359880782,0.0006488000001354521
59.399405,-0.0014412000000447733,0.0006488000000899774,0.0005537181844457109,0.0003671216784130385,0.0006488000001354521
59.419405,0.0006488000001354521,-0.00011119999990114593,0.0004273003512547102,-1.5978554677155947e-05,0.0006488000001354521
59.439405,0.0006488000001354521,-0.00014919999989615462,0.00037279890480448516,3.982564113296031e-05,0.0006488000001354521
59.459404,-0.0012511999998423562,0.00026880000013989046,0.00037993010263841107,0.00023912634044511257,0.0006488000001354521
59.479404,0.0006488000001354521,0.0006488000001354521,0.0003888977137592483,0.0008183804197265718,0.0006488000001354521
59.499404,0.0006488000001354521,0.0006488000001354521,0.00032427100490386686,0.0007712708626182929,0.0006488000001354521
59.519404,0.0025488000001132605,0.0006488000001354521,0.00013981321046006634,9.2389743713284e-05,0.0006488000001354521
59.539403,0.0006488000001354521,-0.0001511999998911051,-0.00014917900951361523,-6.984801853304447e-05,0.0006488000001354521
59.559403,-0.0012511999998423562,-0.0005311999998866667,-0.0004662870530315798,-0.00040900885769619975,-0.0012511999998423562
59.579403,-0.003351199999997334,-0.0009111999998822285,-0.0007097106724450905,-0.0009250927737761817,-0.0012511999998423562
59.599403,-0.0012511999998423562,-0.0012911999998777902,-0.0008032518381911496,-0.0010999179485972229,-0.0012511999998423562
59.619403,0.0006488000001354521,-0.0009111999998822285,-0.0007324968815563374,-0.0007740438227206258,-0.0012511999998423562
59.639403,-0.0012511999998423562,-0.00011119999985567119,-0.0005473404008420709,-0.0005967477854142899,0.0006488000001354521
59.659403,0.0006488000001354521,0.00026880000013989046,-0.00033410348570257943,-6.889230755271591e-05,0.0006488000001354521
59.679402,0.0006488000001354521,-0.0004911999998512328,-0.00017616750782195053,-8.496037138268516e-06,0.0006488000001354521
59.699402,0.0006488000001354521,-7.31999998606625e-05,-0.00012358015218431819,-0.00029101351967122566,0.0006488000001354521
59.719402,-0.0031511999998201645,-0.0004531999998562242,-0.0001827765614907151,-0.00010942843809091452,0.0006488000001354521
59.739402,0.0008388000001104956,-0.00041519999986121546,-0.00032425661893246754,-0.000317586946248582,0.0006488000001354521
59.759402,-0.0012511999998423562,-0.00041519999986121546,-0.0004970689434677098,-0.0005284027970605931,0.0006488000001354521
59.779401,0.0008388000001104956,-0.00041519999986121546,-0.0006407761757604879,-0.0005306172492768744,0.0006488000001354521
59.799401,0.0006488000001354521,-0.0004531999998562242,-0.0006951516080952415,-0.0007985659672227286,0.0006488000001354521
59.819401,-0.0031511999998201645,-0.00041519999986121546,-0.0006138445252562635,-0.0004110368296967913,0.0006488000001354521
59.839401,0.0006488000001354521,-0.0008331999998517859,-0.00038359932810820145,-0.0007365613052145506,-0.0010611999998673127
59.8594,-0.0010611999998673127,-0.0004531999998562242,-4.037946483435272e-05,-0.00018029090895096793,-0.0010611999998673127
59.8794,-0.0012511999998423562,0.0003068000001348992,0.00033112485516189537,8.101445235399204e-05,0.0006488000001354521
59.8994,0.0025488000001132605,0.0006868000001304609,0.0006222508393132478,0.0009574480187912749,0.0006488000001354521
59.9194,0.0006488000001354521,0.0010288000001310138,0.0007436999599585395,0.0013062825176041962,0.0006488000001354521
59.9394,0.0025488000001132605,0.0014088000001265754,0.0006686099664168215,0.0005082638695820766,0.0006488000001354521
59.959399,0.0006488000001354521,0.00022880000010445657,0.00045185508384355366,0.0005209678322778152,0.0006488000001354521
59.979399,0.0006488000001354521,-0.0001511999998911051,0.0002111024520944576,8.437109567990039e-05,0.0006488000001354521
59.999399,-0.003351199999997334,-0.0001511999998911051,7.511390263443344e-05,-0.0001841370628276921,0.0006488000001354521
60.019399,-0.0012511999998423562,-0.0001511999998911051,0.00012478991819550958,0.00010164382294770873,0.0006488000001354521
60.039399,0.0025488000001132605,0.00026680000009946523,0.00035866462328356947,0.00022378834509390117,0.0006488000001354521
60.059398,0.0006488000001354521,0.0011048000001210312,0.0006999703303706034,0.0007447673660751792,0.0008388000001104956
60.079398,0.002738800000088304,0.0014848000001165928,0.001036388868764361,0.0009869585082770784,0.0008388000001104956
60.099398,0.0008388000001104956,0.0011048000001210312,0.001266454565696648,0.001787424708752761,0.0006488000001354521
60.119398,0.0006488000001354521,0.0011048000001210312,0.0013296440483001426,0.0013764689977878455,0.0006488000001354521
60.139398,0.0006488000001354521,0.0010668000001260226,0.0012134508527263503,0.0010044410257663376,0.0006488000001354521
60.159397,0.0006488000001354521,0.0006488000001354521,0.0009450742726932993,0.0008981473194770526,0.0006488000001354521
60.179397,0.0025488000001132605,0.0006488000001354521,0.0005785536608435146,0.0002648139861553548,0.0006488000001354521
60.199397,-0.0012511999998423562,0.00026880000013989046,0.0001822480273690143,0.00026968578102756974,0.0006488000001354521
60.219397,0.0006488000001354521,-0.00011119999985567119,-0.0001744178938969784,-0.0001351160837714762,-0.0012511999998423562
60.239397,-0.0012511999998423562,-0.0004911999998512328,-0.0004356689623385567,-0.00026355431220820486,-0.0012511999998423562
60.259396,-0.0012511999998423562,-0.0004911999998512328,-0.0005719096384037688,-0.0006178666665164218,-0.0012511999998423562
60.279397,0.0006488000001354521,-0.0004911999998512328,-0.0005844886797317828,-0.0007950228436705304,-0.0012511999998423562
60.299396,-0.0012511999998423562,-0.0004911999998512328,-0.0005003471497820426,-0.00023255198120623573,-0.0012511999998423562
60.319396,0.0006488000001354521,-0.00011119999985567119,-0.0003596846687986938,-0.0003857920744426316,0.0006488000001354521
60.339396,-0.0012511999998423562,-0.00011119999985567119,-0.0002028356988393801,3.716829851041744e-05,0.0006488000001354521
60.359395,0.0006488000001354521,-0.00011119999985567119,-6.141466419078915e-05,-8.462657328488721e-05,0.0006488000001354521
60.379395,0.0006488000001354521,-7.31999998606625e-05,4.434056688315185e-05,-0.00023299487165277815,0.0006488000001354521
60.399395,-0.0012511999998423562,-7.31999998606625e-05,0.00010276662021596696,0.00011024522158251208,0.0006488000001354521
60.419395,0.0008388000001104956,-7.31999998606625e-05,0.00010547132409459924,-0.0001355589742190785,0.0006488000001354521
60.439395,-0.0012511999998423562,-7.31999998606625e-05,4.434747643861407e-05,0.00011024522158251208,0.0006488000001354521
60.459394,0.0006488000001354521,-7.31999998606625e-05,-8.488334073698581e-05,-7.355431221408046e-05,0.0006488000001354521
60.479394,0.0006488000001354521,-0.00011119999985567119,-0.0002729601106453361,-0.00012448671314456157,0.0006488000001354521
60.499394,-0.0012511999998423562,-0.00011119999985567119,-0.0004875716394451067,-0.00015770349635910186,0.0006488000001354521
60.519394,0.0006488000001354521,-0.0004911999998512328,-0.00067288191779368,-0.0006913864800334687,-0.0012511999998423562
60.539394,-0.0012511999998423562,-0.0008711999998467946,-0.0007632711497402813,-0.000923461072107259,-0.0012511999998423562
60.559393,-0.0012511999998423562,-0.0008711999998467946,-0.000708565768658486,-0.0009659785546223369,-0.0012511999998423562
60.579393,-0.0012511999998423562,-0.0008711999998467946,-0.0005000385576548909,-0.000636025174675195,-0.0012511999998423562
60.599393,-0.0012511999998423562,-0.00011119999985567119,-0.00018266589955733166,2.6096037436430585e-05,-0.0012511999998423562
60.619393,0.0006488000001354521,0.0003068000001348992,0.00015678494583362158,9.917296051117531e-05,0.0006488000001354521
60.639393,0.0025488000001132605,0.0006868000001304609,0.00042391625630845253,0.0006638582751891012,0.0006488000001354521
60.659392,0.0008388000001104956,0.0006868000001304609,0.0005568251066277777,0.00048005874139144856,0.0006488000001354521
60.679392,0.0006488000001354521,0.0006868000001304609,0.0005502914361718912,0.0005841379954697522,0.0006488000001354521
60.699392,-0.0012511999998423562,-7.31999998606625e-05,0.00045140845209979216,0.000704161305509628,0.0006488000001354521
60.719392,0.0006488000001354521,0.00026880000013989046,0.00033205600505846906,0.00022583962717339474,0.0006488000001354521
60.739392,-0.0012511999998423562,0.00026880000013989046,0.0002562982702132151,-0.0002081930068690114,0.0006488000001354521
60.759391,0.0025488000001132605,0.00023080000009940705,0.0002593960841319296,0.0001478909092031147,0.0006488000001354521
60.779391,0.0006488000001354521,0.00023080000009940705,0.00034343083150253125,0.0006244410257362183,0.0006488000001354521
60.799391,-0.0014412000000447733,0.0009908000000905305,0.0004838740908123795,0.00061115431244542,0.0006488000001354521
60.819391,0.0006488000001354521,0.0006488000000899774,0.0006398192369386079,0.000785653146945185,0.0006488000001354521
60.839391,0.0025488000001132605,0.0002688000000944157,0.0007650929806294857,0.0007807813520793301,0.0006488000001354521
60.85939,0.0008388000001104956,0.0010668000001260226,0.0008193207807327615,0.0006080540793614945,0.0008388000001104956
60.87939,-0.0012511999998423562,0.0007248000001254696,0.0007759431461705592,0.0006142545455775766,0.0008388000001104956
60.89939,0.0025488000001132605,0.00038280000012491655,0.0006247168092643576,0.0007360494173887816,0.0008388000001104956
60.91939,-0.0010611999998673127,-3.519999986565381e-05,0.00037051857866792734,0.00029050163182743627,-0.0010611999998673127
60.93939,0.0008388000001104956,0.00038280000012491655,3.227149690185257e-05,6.728484863096197e-05,0.0008388000001104956
60.95939,-0.0012511999998423562,-0.0003771999998662068,-0.00035660951070676033,-0.0002316662003354114,-0.0010611999998673127
60.979389,0.0008388000001104956,-0.00041519999986121546,-0.0007482309033051374,-0.0007719925406702826,-0.0012511999998423562
60.999389,-0.0012511999998423562,-0.0012511999998878309,-0.0010844904510724995,-0.0012348130534962562,-0.0012511999998423562
61.019389,-0.0012511999998423562,-0.0012511999998878309,-0.001308529398042554,-0.0010820158507048128,-0.0012511999998423562
61.039389,-0.0033412000000225817,-0.0012511999998878309,-0.001381506495245731,-0.0014850461537304098,-0.0012511999998423562
61.059388,-0.0012511999998423562,-0.0012511999998878309,-0.0012965371413469363,-0.0013229482516352482,-0.0012511999998423562
61.079388,0.0008388000001104956,-0.0012511999998878309,-0.0010806722579312792,-0.001090873659554038,-0.0012511999998423562
61.099388,-0.0012511999998423562,-0.00041519999986121546,-0.0007833470625859234,-0.0005213165499970069,-0.0012511999998423562
61.119388,-0.0012511999998423562,-3.519999986565381e-05,-0.000459057343529262,-0.0005434610721264303,0.0006488000001354521
61.139388,0.0008388000001104956,-0.00041519999986121546,-0.0001539667550751847,-0.00010499953364881152,-0.0010611999998673127
61.159387,0.0006488000001354521,-0.00041519999986121546,9.912276382083849e-05,-9.65846152498387e-05,-0.0010611999998673127
61.179387,-0.0010611999998673127,0.00034480000012990784,0.00027882960444995767,0.00016693519826981276,0.0006488000001354521
61.199387,-0.0012511999998423562,0.0003068000001348992,0.0003712924086116241,0.00039103776236944194,0.0006488000001354521
61.219387,0.0025488000001132605,0.0003068000001348992,0.0003705526862948504,0.0005239048952376734,0.0006488000001354521
61.239387,0.0006488000001354521,0.00026880000013989046,0.00028541016974800704,0.0003538349651906116,0.0006488000001354521
61.259386,0.0006488000001354521,0.0006488000001354521,0.00014643317926875697,-4.6537995199191995e-05,0.0006488000001354521
61.279386,-0.0012511999998423562,-0.00011119999985567119,2.9362251466445627e-06,7.304242436552102e-05,0.0006488000001354521
61.299386,0.0006488000001354521,-0.0005291999998917162,-9.347871739275706e-05,0.0001222032635119529,-0.0012511999998423562
61.319386,-0.0012511999998423562,-0.00014919999989615462,-0.00011108610305987567,-0.00035390396259686884,-0.0012511999998423562
61.339386,-0.0014412000000447733,0.00023080000009940705,-5.292877813497787e-05,-1.5092773792021368e-05,0.0006488000001354521
61.359385,0.0025488000001132605,-0.00014919999989615462,4.448489011703764e-05,-7.311142180569868e-05,-0.0012511999998423562
61.379385,0.0006488000001354521,0.00023080000009940705,0.00012750429582290395,0.0002457696970764666,0.0006488000001354521
61.399385,-0.0012511999998423562,0.00026880000013989046,0.00014633517241450684,0.00013947599079407167,0.0006488000001354521
61.419385,0.0006488000001354521,-7.31999998606625e-05,6.96807011016854e-05,-4.906293569248497e-06,0.0006488000001354521
61.439384,-0.0012511999998423562,-0.0004531999998562242,-0.00011007298256183319,-0.0001355589742021182,-0.0012511999998423562
61.459384,0.0008388000001104956,-0.0004531999998562242,-0.00037683089495033756,-0.0004012932399354009,-0.0012511999998423562
61.479384,-0.0012511999998423562,-0.00041519999986121546,-0.0006917655228569328,-0.0003547897434549727,-0.0012511999998423562
61.499384,-0.0012511999998423562,-0.00041519999986121546,-0.000995992313539369,-0.0008796149182907144,-0.0012511999998423562
61.519384,0.0008388000001104956,-0.0012511999998878309,-0.0012190546399599757,-0.0015727384614170293,-0.0012511999998423562
61.539383,-0.0012511999998423562,-0.0016311999998833925,-0.0012967345478097348,-0.0012383561770436843,-0.0012511999998423562
61.559383,-0.0033412000000225817,-0.0012511999998878309,-0.0011965196185334355,-0.001360151048836339,-0.0012511999998423562
61.579383,-0.0031511999998201645,-0.000909199999887278,-0.0009399330869179786,-0.0008171673658571945,-0.0012511999998423562
61.599383,0.0006488000001354521,-0.000909199999887278,-0.0006048795881358327,-0.0007418759905576882,-0.0012511999998423562
61.619383,0.0025488000001132605,-0.00011119999985567119,-0.00029875140084223244,-0.00044071048938139335,0.0006488000001354521
61.639382,-0.0012511999998423562,0.00026880000013989046,-0.00011287188315783758,0.00012663216796942624,0.0006488000001354521
61.659382,0.0006488000001354521,0.00026880000013989046,-8.324365438242329e-05,0.00023071142206893035,0.0006488000001354521
61.679382,-0.0012511999998423562,-0.0004911999998512328,-0.0001777652637255053,-3.768018633671641e-05,-0.0012511999998423562
61.699382,0.0006488000001354521,-0.0004911999998512328,-0.0003127343079744375,-0.0005558620045124839,-0.0012511999998423562
61.719382,-0.0012511999998423562,-0.0004911999998512328,-0.0003874405503043307,-0.0006222955709452745,-0.0012511999998423562
61.739382,-0.0012511999998423562,-0.00011119999985567119,-0.0003214268303184951,-0.00032821631686754646,0.0006488000001354521
61.759381,0.0006488000001354521,-0.00011119999985567119,-8.135985798488726e-05,-2.4836363493520674e-05,0.0006488000001354521
61.779381,0.0006488000001354521,0.00026880000013989046,0.0003097344593857415,0.0005061892775259727,0.0006488000001354521
61.799381,0.0006488000001354521,0.0010668000001260226,0.000780539114648533,0.0005947673660993166,0.0006488000001354521
61.819381,0.0006488000001354521,0.0010668000001260226,0.0012308158273808246,0.0010775179488416123,0.0006488000001354521
61.839381,0.002738800000088304,0.0011048000001210312,0.001555243079017305,0.0018260027973161306,0.0006488000001354521
61.85938,0.0006488000001354521,0.0014848000001165928,0.001667052548779538,0.0015159794872959109,0.0008388000001104956
61.87938,0.0008388000001104956,0.0018648000001121544,0.001518487259976534,0.0016470750584076535,0.0025488000001132605
61.89938,0.0025488000001132605,0.0006868000001304609,0.0011151111002963728,0.0011311076924264373,0.0008388000001104956
61.91938,0.0025488000001132605,0.0006868000001304609,0.0005194410505517592,0.0004556997670123533,0.0008388000001104956
61.93938,-0.0031511999998201645,-0.00014919999989615462,-0.0001614568436259776,-0.000334859673546071,0.0006488000001354521
61.959379,0.0006488000001354521,-0.000909199999887278,-0.0008049969924403176,-0.0007529482516369751,-0.0012511999998423562
61.979379,-0.0033412000000225817,-0.0016691999998784013,-0.001309107147081064,-0.001324276922958975,-0.0012511999998423562
61.999379,-0.0012511999998423562,-0.0012891999998828397,-0.0016189667153923021,-0.0017888689975451475,-0.0012511999998423562
62.019379,-0.0012511999998423562,-0.0016691999998784013,-0.0017323778369297028,-0.0019106638693314423,-0.0012511999998423562
62.039379,-0.0012511999998423562,-0.0012511999998423562,-0.001683779356284014,-0.0012263981350617726,-0.0012511999998423562
62.059378,-0.0012511999998423562,-0.0012511999998423562,-0.0015179801248153466,-0.0012596149182614725,-0.0012511999998423562
62.079378,-0.0012511999998423562,-0.0008711999998467946,-0.0012681696359741765,-0.0009296615382904804,-0.0012511999998423562
62.099378,-0.0012511999998423562,-0.0008711999998467946,-0.0009480998100609915,-0.001158193006836453,-0.0012511999998423562
62.119378,0.0006488000001354521,-0.0008711999998467946,-0.0005600186342898416,-0.0009013165499629954,-0.0012511999998423562
62.139378,-0.0012511999998423562,-0.0004911999998512328,-0.00011269683913618135,-0.00042299487164690255,-0.0012511999998423562
62.159377,-0.0012511999998423562,0.00026880000013989046,0.00036090754638784425,0.0005070750584121672,0.0006488000001354521
62.179377,0.0006488000001354521,0.0006488000001354521,0.0007985303950290934,0.0010828326341630198,0.0006488000001354521
62.199377,0.0025488000001132605,0.0014088000001265754,0.0011234937576718126,0.001128893240224996,0.0025488000001132605
62.219377,0.0025488000001132605,0.0014088000001265754,0.0012744186020566543,0.0010398722612045795,0.0025488000001132605
62.239377,0.0025488000001132605,0.0010288000001310138,0.0012318804489224713,0.0010265855479137812,0.0025488000001132605
62.259376,-0.0012511999998423562,0.0006868000001304609,0.0010241912113115549,0.0011638815852050351,0.0008388000001104956
62.279376,-0.0012511999998423562,0.00034480000012990784,0.0007101954020184584,0.0008051403264658454,0.0008388000001104956
62.299376,0.0008388000001104956,0.00034480000012990784,0.0003550591295662252,0.00035339207472180877,0.0008388000001104956
62.319376,0.0008388000001104956,0.00034480000012990784,1.7887251343378954e-05,9.651561784835151e-05,0.0008388000001104956
62.339375,0.0025488000001132605,0.00034480000012990784,-0.0002455894143758687,-0.0002117361303968291,0.0008388000001104956
62.359375,-0.0012511999998423562,-7.31999998606625e-05,-0.000379986087143153,-0.00023166620032693142,-0.0012511999998423562
62.379375,-0.0012511999998423562,-0.0004911999998512328,-0.0003430582232112318,-0.0002631114217685527,-0.0012511999998423562
62.399375,-0.0012511999998423562,-0.0008331999998517859,-0.00013352954638074462,-0.00039863589728900763,-0.0012511999998423562
62.419375,-0.0012511999998423562,-7.31999998606625e-05,0.00018578647419117942,-0.0002276801863398511,-0.0012511999998423562
62.439375,0.0008388000001104956,0.00034480000012990784,0.0004926778856346801,0.00019793752926754166,0.0008388000001104956
62.459374,0.0025488000001132605,0.0007628000001204782,0.0006455893899518463,0.0012214573427907207,0.0008388000001104956
62.479374,0.0008388000001104956,0.0011428000001160398,0.0005435401366436502,0.0008937184150338899,0.0008388000001104956
62.499374,0.0008388000001104956,0.0007248000001254696,0.00017585819328032437,0.00020458088589094542,0.0008388000001104956
62.519374,0.0006488000001354521,-0.0008331999998972605,-0.00036514770034437843,-0.00027595524465096895,0.0006488000001354521
62.539373,-0.0012511999998423562,-0.0012511999998878309,-0.0009173965561777425,-0.0009912233099151873,-0.0012511999998423562
62.559373,-0.00524120000000039,-0.0012511999998878309,-0.001314177793498655,-0.0014978899765783755,-0.0012511999998423562
62.579373,-0.0012511999998423562,-0.0016311999998833925,-0.0014506633576336413,-0.0018787757574538785,-0.0012511999998423562
62.599373,0.0008388000001104956,-0.0016311999998833925,-0.0013203493192735572,-0.0016905473192183633,-0.0012511999998423562
62.619373,-0.0012511999998423562,-0.0008331999998517859,-0.0010075096595085974,-0.000977050815722294,-0.0012511999998423562
62.639373,-0.0012511999998423562,-7.31999998606625e-05,-0.0006454128010900075,-1.3764102431193775e-05,-0.0012511999998423562
62.659372,-0.0012511999998423562,-7.31999998606625e-05,-0.0003622464709139893,0.0003383337996840622,-0.0012511999998423562
62.679372,0.0025488000001132605,-7.31999998606625e-05,-0.00023473863269247788,-0.0003640904427480903,-0.0012511999998423562
62.699372,0.0008388000001104956,-0.0004531999998562242,-0.00026421428096909085,-0.0006741137527656602,-0.0012511999998423562
62.719372,-0.0012511999998423562,-0.0004531999998562242,-0.00038508389345294453,-0.0003680764567335808,-0.0012511999998423562
62.739372,-0.0031511999998201645,-0.0008331999998517859,-0.0005043697502295682,-0.000419008857664592,-0.0012511999998423562
62.759371,-0.0012511999998423562,-0.0008711999998467946,-0.0005529931010743784,-0.000810966899616732,-0.0012511999998423562
62.779371,0.0006488000001354521,-0.0008711999998467946,-0.0005200943918593439,-0.001344649883291629,-0.0012511999998423562
62.799371,0.0006488000001354521,-0.0004911999998512328,-0.00045233683379403676,-0.0004052792539124112,-0.0012511999998423562
62.819371,-0.0012511999998423562,-0.00011119999985567119,-0.0004224925129536691,0.00021343869479211171,0.0006488000001354521
62.839371,-0.0012511999998423562,0.00026880000013989046,-0.00048662217058335823,0.00013371841503460226,0.0006488000001354521
62.85937,0.0006488000001354521,-0.0005291999998917162,-0.0006496035785677978,-0.0006041370628389721,-0.0012511999998423562
62.87937,0.0025488000001132605,-0.0009471999999277614,-0.0008529347722796894,-0.000911945920665701,-0.0012511999998423562
62.89937,-0.0033412000000225817,-0.0009471999999277614,-0.0009929550837405592,-0.0013083328670594142,-0.0012511999998423562
62.91937,-0.0033412000000225817,-0.0009091999999327527,-0.0009668994075587322,-0.0012069109556381039,-0.0012511999998423562
62.939369,-0.0012511999998423562,-0.001669199999923876,-0.0007268005224354091,-0.0008437407924658214,-0.0012511999998423562
62.959369,0.0008388000001104956,-0.0004911999998967076,-0.0003109600595039096,-0.00038756363627703166,-0.0012511999998423562
62.979369,-0.0012511999998423562,0.0007248000001254696,0.00016681491940906054,0.0001616205129282651,0.0008388000001104956
62.999369,0.0025488000001132605,0.0011048000001210312,0.0005652466698530535,0.0009163058276448361,0.0008388000001104956
63.019369,0.002738800000088304,0.0006868000001304609,0.0007755080246207066,0.0009508512821947632,0.0006488000001354521
63.039369,0.0006488000001354521,0.0006868000001304609,0.0007627975014337529,0.0006620867134161819,0.0006488000001354521
63.059368,-0.0012511999998423562,0.00034480000012990784,0.000570816059197503,0.0005712941726223163,0.0006488000001354521
63.079368,-0.0012511999998423562,-3.519999986565381e-05,0.0002922191731896749,0.0005030890444134265,0.0006488000001354521
63.099368,0.0008388000001104956,2.800000129354885e-06,2.657065569272109e-05,-0.00011252867119763056,0.0008388000001104956
63.119368,0.0008388000001104956,2.800000129354885e-06,-0.00015148911051394775,-0.0006129948716563971,0.0008388000001104956
63.139368,0.0008388000001104956,2.800000129354885e-06,-0.00020595848295089963,-0.000470827039491338,0.0008388000001104956
63.159367,-0.0012511999998423562,-0.00041519999986121546,-0.00014147126174342023,0.00017800745933796945,-0.0012511999998423562
63.179367,-0.0012511999998423562,-7.31999998606625e-05,-5.887323365030711e-07,0.00034409137542392126,-0.0012511999998423562
63.199367,-0.0012511999998423562,0.00026880000013989046,0.00014565890843579158,0.000186865268205215,-0.0012511999998423562
63.219367,0.0025488000001132605,0.00026880000013989046,0.00021989785436090292,0.0001496624710051844,-0.0012511999998423562
63.239367,0.0025488000001132605,0.00026880000013989046,0.00016984816589098073,-5.362424227867808e-05,-0.0012511999998423562
63.259366,-0.0012511999998423562,0.00026880000013989046,-7.564079123916717e-06,0.00014390489524624482,-0.0012511999998423562
63.279366,-0.0012511999998423562,-0.0004911999998512328,-0.0002664851694341621,-3.94517480910852e-05,-0.0012511999998423562
63.299366,-0.0012511999998423562,-0.0008711999998467946,-0.0005375004085533503,-0.00048012773878339547,-0.0012511999998423562
63.319366,-0.0012511999998423562,-0.0008711999998467946,-0.0007609849647407307,-0.0011378200464847187,-0.0012511999998423562
63.339366,0.0006488000001354521,-0.000909199999887278,-0.0009086691582723055,-0.0013818526805245202,-0.0012511999998423562
63.359365,-0.0012511999998423562,-0.000909199999887278,-0.0009856022861551316,-0.0008725286712159983,-0.0012511999998423562
63.379365,-0.0014412000000447733,-0.000909199999887278,-0.0010177371531626528,-0.000770663869356626,-0.0012511999998423562
63.399365,-0.0012511999998423562,-0.0008711999998922693,-0.001034487612142565,-0.0007573771560690078,-0.0012511999998423562
63.419365,-0.0012511999998423562,-0.0008711999998922693,-0.0010526544712975221,-0.0006732279719144463,-0.0012511999998423562
63.439365,0.0008388000001104956,-0.0008331999998517859,-0.0010657870966102984,-0.0011958386945074059,-0.0012511999998423562
63.459364,-0.0012511999998423562,-0.0008331999998517859,-0.0010440676447824794,-0.0013198480184983218,-0.0012511999998423562
63.479364,-0.0012511999998423562,-0.0012131999998473476,-0.0009490719707729307,-0.0009301044287370227,-0.0012511999998423562
63.499364,-0.0012511999998423562,-0.0012511999998423562,-0.0007603710007237976,-0.0008729715616206701,-0.0012511999998423562
63.519364,-0.0031511999998201645,-0.0004911999998512328,-0.0005002723149233692,-0.0005784494171001096,-0.0012511999998423562
63.539364,0.0006488000001354521,-0.0004911999998512328,-0.00023884524561837686,-0.000624952913600678,-0.0012511999998423562
63.559363,0.0025488000001132605,-0.00011119999985567119,-7.046815933265525e-05,0.00010847365981542329,0.0006488000001354521
63.579363,-0.0012511999998423562,0.00026880000013989046,-7.125632539377723e-05,0.00013061818195968678,0.0006488000001354521
63.599363,0.0006488000001354521,0.00026880000013989046,-0.0002599893395540381,3.9515152964073e-06,0.0006488000001354521
63.619363,-0.0012511999998423562,-0.0008711999998467946,-0.0005829758663419948,-0.00021970815836303985,-0.0012511999998423562
63.639363,0.0006488000001354521,-0.0008711999998467946,-0.0009296033894090538,-0.0009677501163809458,-0.0012511999998423562
63.659362,-0.0031511999998201645,-0.0012131999998473476,-0.0011716474368307366,-0.0016896615383067285,-0.0012511999998423562
63.679362,-0.0012511999998423562,-0.0012131999998473476,-0.0012111877793523672,-0.001355722144386816,-0.0012511999998423562
63.699362,-0.0010611999998673127,-0.0016311999998833925,-0.001018808819250571,-0.001397796736475492,-0.0012511999998423562
63.719362,-0.0012511999998423562,-0.0004911999998967076,-0.0006463981471901485,-0.0005009435896415629,-0.0012511999998423562
63.739362,-0.0014412000000447733,-7.319999990613723e-05,-0.00020783837556640118,1.0594871888010331e-05,-0.0010611999998673127
63.759361,0.0025488000001132605,0.0006488000000899774,0.00016660437804741436,0.0006992895105775224,0.0008388000001104956
63.779361,0.0008388000001104956,0.0006488000000899774,0.0003842716840087062,0.00048448764578691073,0.0008388000001104956
63.799361,0.0025488000001132605,0.0006868000001304609,0.0004275167415655192,0.00040255291386771087,0.0008388000001104956
63.819361,-0.0012511999998423562,-7.31999998606625e-05,0.0003542503013507019,0.00013061818195173644,-0.0012511999998423562
63.839361,-0.0012511999998423562,-0.00011119999985567119,0.0002600991595520636,9.075804211485232e-05,-0.0012511999998423562
63.85936,-0.0012511999998423562,-0.0004911999998512328,0.0002237634284997206,-0.00018870582736107115,-0.0012511999998423562
63.87936,0.0006488000001354521,0.00026880000013989046,0.0002679083066608125,0.00026525687659871707,0.0006488000001354521
63.89936,0.0006488000001354521,0.0006488000001354521,0.0003572884844273366,0.0002812009325406788,0.0006488000001354521
63.91936,0.0025488000001132605,0.0010288000001310138,0.0004312359878609544,0.0009322498835820277,0.0006488000001354521
63.939359,0.0006488000001354521,0.0006488000001354521,0.00044667645611909146,0.0007949538462875935,0.0006488000001354521
63.959359,0.0006488000001354521,0.0006488000001354521,0.00040392627269286464,0.0005309911423298798,0.0006488000001354521
63.979359,-0.0012511999998423562,-0.00011119999985567119,0.00034135545178134384,-1.154965020696262e-05,0.0006488000001354521
63.999359,0.0006488000001354521,-0.00011119999985567119,0.00030583194027686625,0.00016339207473086456,0.0006488000001354521
64.019359,-0.0012511999998423562,-7.31999998606625e-05,0.0003198706806535037,-2.4836363496700707e-05,0.0006488000001354521
64.039358,0.0006488000001354521,0.0006868000001304609,0.0003662367229392994,0.0002138815852195735,0.0006488000001354521
64.059358,0.0008388000001104956,0.0003068000001348992,0.0003987071306249649,0.0005726228439539932,0.0006488000001354521
64.079358,0.0025488000001132605,0.0006868000001304609,0.000371677060321954,0.0007958396271684882,0.0006488000001354521
64.099358,-0.0012511999998423562,0.0007248000001254696,0.00027021982629755705,0.0005606648019954019,0.0008388000001104956
64.119358,0.0006488000001354521,0.0003068000001348992,0.000122566854465047,0.00028164382297397097,0.0006488000001354521
64.139358,0.0008388000001104956,-0.00041519999986121546,-1.2073529474931299e-05,-0.00040040745907093684,-0.0010611999998673127
64.159357,-0.0012511999998423562,-0.0003771999998662068,-7.403632014391704e-05,-0.0004491254077877867,-0.0010611999998673127
64.179357,-0.0010611999998673127,-0.0003771999998662068,-3.68817346167682e-05,-0.00038667785534313647,-0.0010611999998673127
64.199357,-0.0010611999998673127,-3.519999986565381e-05,7.364147566320177e-05,0.0002975878789159327,-0.0010611999998673127
64.219357,0.0006488000001354521,0.00034480000012990784,0.0001883951461731252,0.0003396624709929485,0.0006488000001354521
64.239357,0.0025488000001132605,0.0006868000001304609,0.00023040130977816143,0.000620897902229601,0.0006488000001354521
64.259356,0.0006488000001354521,0.0006488000001354521,0.0001583994065505322,0.0003888233101589908,0.0006488000001354521
64.279356,0.0006488000001354521,0.00026880000013989046,-8.673439384133649e-06,-5.349184004660635e-06,0.0006488000001354521
64.299356,-0.0012511999998423562,-0.0008711999998467946,-0.0002035245661752506,-0.00039022097887148435,-0.0012511999998423562
64.319356,-0.0012511999998423562,-0.0008711999998467946,-0.00035311865584739893,-0.000662155710804949,-0.0012511999998423562
64.339355,-0.0031511999998201645,-0.0008711999998467946,-0.0004260721399535569,-0.0010324121210551276,-0.0012511999998423562
64.359355,0.0006488000001354521,-0.0004911999998512328,-0.0004543137720900864,-0.00046772680637879177,0.0006488000001354521
64.379355,0.0006488000001354521,-0.0004911999998512328,-0.0005134513009819813,-0.00024406713272358472,0.0006488000001354521
64.399355,0.0006488000001354521,0.0003068000001348992,-0.0006721211601545447,-0.00011341445207375467,0.0006488000001354521
64.419355,-0.0012511999998423562,-0.0004531999998562242,-0.0009404817814532806,-0.000884486713135899,0.0006488000001354521
64.439355,0.0008388000001104956,-0.0012131999998473476,-0.0012488292413422553,-0.0009066312352828126,-0.0012511999998423562
64.459355,-0.0031511999998201645,-0.001973199999838471,-0.0014700606861668092,-0.0015886825173277205,-0.0031511999998201645
64.479354,-0.0031511999998201645,-0.0011751999998523388,-0.0014759011106130703,-0.0016506871793321885,-0.0031511999998201645
64.499354,-0.0031511999998201645,-0.0015931999998429092,-0.0011987536561991,-0.0015709668996123096,-0.0031511999998201645
64.519354,0.002738800000088304,-0.0008331999998517859,-0.0006681943150314787,-0.0008313398599923167,-0.0012511999998423562
64.539354,-0.0012511999998423562,-7.31999998606625e-05,-6.065908959876444e-06,-0.00023786666652340308,0.0006488000001354521
64.559355,0.0006488000001354521,0.0010668000001260226,0.0006137626259702641,0.0007519934733259732,0.0006488000001354521
64.579353,0.0006488000001354521,0.0006488000001354521,0.0010218204798370717,0.0013321799535046183,0.0006488000001354521
64.599353,0.0025488000001132605,0.0010288000001310138,0.0011065653983557977,0.001509336130658727,0.0006488000001354521
64.619353,0.0006488000001354521,0.0010668000001260226,0.0008505062345344644,0.0008804317017627019,0.0006488000001354521
64.639353,0.0006488000001354521,0.0006868000001304609,0.00033800814201801583,0.0005354200467523725,0.0006488000001354521
64.659352,0.0008388000001104956,-0.0004531999998562242,-0.0002705385257878345,-0.0006891720278256675,0.0006488000001354521
64.679352,-0.0012511999998423562,-0.0012131999998473476,-0.0007935270714224503,-0.0011785659672136272,-0.0012511999998423562
64.699352,-0.0031511999998201645,-0.0015931999998429092,-0.001095090404320464,-0.0013357920744371035,-0.0012511999998423562
64.719352,-0.0031511999998201645,-0.0012511999998423562,-0.0011375920965461393,-0.0011006172492465272,-0.0012511999998423562
64.739352,-0.0012511999998423562,-0.0008711999998467946,-0.0009929154308775064,-0.000998752447402525,-0.0012511999998423562
64.759351,0.0025488000001132605,-0.0004911999998512328,-0.0008021640283617234,-0.0007861650348319048,-0.0012511999998423562
64.779351,0.0006488000001354521,-0.00014919999989615462,-0.0007017167392771818,-0.0003623188809873613,-0.0012511999998423562
64.799351,-0.0012511999998423562,-0.00014919999989615462,-0.0007547043233604609,-3.015104885202837e-05,-0.0012511999998423562
64.819351,-0.0014412000000447733,-0.000909199999887278,-0.0009232470290810713,-0.0008140671327780389,-0.0012511999998423562
64.83935,-0.0012511999998423562,-0.001327199999923323,-0.0010914205543847602,-0.0013349062936187503,-0.0012511999998423562
64.85935,-0.0012511999998423562,-0.0017071999999188846,-0.0011224480771432354,-0.0017888689975785383,-0.0014412000000447733
64.87935,-0.0014412000000447733,-0.000909199999887278,-0.0009217410615347,-0.0011116895103973653,-0.0012511999998423562
64.89935,-0.0031511999998201645,-0.0004911999998967076,-0.00047978130390411626,-0.00033220233090391774,-0.0012511999998423562
64.91935,0.0025488000001132605,0.0002688000000944157,0.00012114640652242624,0.00024975571107520745,0.0008388000001104956
64.939349,0.0008388000001104956,0.0007248000001254696,0.0007375228186080044,0.0005854666667749287,0.0008388000001104956
64.959349,0.0025488000001132605,0.0014848000001165928,0.0012171970183173094,0.0013715972029082104,0.0008388000001104956
64.979349,0.0008388000001104956,0.0011428000001160398,0.001449729901793309,0.0017458396271650798,0.0008388000001104956
64.999349,0.0006488000001354521,0.0015228000001116016,0.0013953927331828812,0.00166789090919957,0.0008388000001104956
65.019349,0.0008388000001104956,0.0007628000001204782,0.001088045348281026,0.0006270983684207724,0.0008388000001104956
65.039349,0.002738800000088304,0.00034480000012990784,0.0006182959515310813,0.00029050163183167626,0.0006488000001354521
65.059348,-0.0012511999998423562,-3.519999986565381e-05,0.0001056065140053777,2.0781352115553067e-05,-0.0012511999998423562
65.079348,-0.0012511999998423562,-7.31999998606625e-05,-0.0003335210010296764,-3.01510488117479e-05,-0.0012511999998423562
65.099348,-0.0012511999998423562,-0.0004911999998512328,-0.000613251671461687,-0.0004553258739784283,-0.0012511999998423562
65.119348,0.0006488000001354521,-0.0004911999998512328,-0.000693423098812454,-0.0006922722609201934,-0.0012511999998423562
65.139348,0.0006488000001354521,-0.0004911999998512328,-0.000579102743040146,-0.0008844867131337791,-0.0012511999998423562
65.159347,-0.0012511999998423562,-7.31999998606625e-05,-0.0003109996653303749,3.716829850723734e-05,0.0006488000001354521
65.179347,-0.0012511999998423562,-7.31999998606625e-05,4.490536172976374e-05,3.495384629201588e-05,0.0006488000001354521
65.199347,0.0008388000001104956,0.0003068000001348992,0.00040714143626271977,0.0003206181819527509,0.0006488000001354521
65.219347,0.0006488000001354521,0.0003068000001348992,0.000692660874267235,0.0006062825176140159,0.0006488000001354521
65.239347,0.0025488000001132605,0.0010668000001260226,0.0008365454108824504,0.000907890909236853,0.0008388000001104956
65.259346,-0.0012511999998423562,0.0010288000001310138,0.000811176572634575,0.0008990331003590071,0.0006488000001354521
65.279346,0.0025488000001132605,0.0006488000001354521,0.0006352341153105073,0.0007794526807651437,0.0006488000001354521
65.299346,0.0006488000001354521,-0.00014919999989615462,0.0003668924378750549,-1.3321212009032187e-05,-0.0012511999998423562
65.319346,-0.0012511999998423562,0.00023080000009940705,8.268894355506656e-05,-0.00015903216772734954,0.0006488000001354521
65.339346,-0.0014412000000447733,-0.0005291999998917162,-0.00014956232136593834,6.285594417295866e-05,-0.0012511999998423562
65.359345,0.0006488000001354521,-0.00014919999989615462,-0.00029102532440610223,0.0001425762238732273,-0.0012511999998423562
65.379345,-0.0012511999998423562,0.00023080000009940705,-0.000335144466553027,-0.000672342191045212,0.0006488000001354521
65.399345,0.0025488000001132605,-0.00014919999989615462,-0.0002949667108375629,-0.0005554191141215924,0.0006488000001354521
65.419345,0.0006488000001354521,-0.0005291999998917162,-0.00018705873253337032,0.00014213333342986498,-0.0012511999998423562
65.439345,-0.0033412000000225817,0.00023080000009940705,-2.5591479397773858e-05,0.00021521025652315997,0.0006488000001354521
65.459344,-0.0012511999998423562,0.0002688000000944157,0.0001718428327913419,0.0001257463870461309,0.0006488000001354521
65.479344,0.0025488000001132605,-0.00011119999990114593,0.0003784294058423573,0.0003201752914786481,-0.0012511999998423562
65.499344,0.002738800000088304,0.0006868000001304609,0.0005631439917403931,0.00023159720290901386,0.0006488000001354521
65.519344,-0.0012511999998423562,0.0011048000001210312,0.0007030292038106778,0.000740921212240856,0.0008388000001104956
65.539343,0.0006488000001354521,0.0007628000001204782,0.0007900689937613243,0.0011705249418597096,0.0008388000001104956
65.559343,0.0008388000001104956,0.00034480000012990784,0.0008268198617514155,0.000817541258865149,0.0006488000001354521
65.579343,0.0008388000001104956,0.0007248000001254696,0.0008167621981002635,0.0005783804197065725,0.0006488000001354521
65.599343,0.0006488000001354521,0.0007248000001254696,0.0007582671503851467,0.0004809445222734029,0.0006488000001354521
65.619343,0.0006488000001354521,0.0007248000001254696,0.0006458504814921605,0.0006780307693581436,0.0006488000001354521
65.639343,0.0006488000001354521,0.0003068000001348992,0.00047693753255600985,0.0005673081586368259,0.0006488000001354521
65.659342,0.0008388000001104956,0.0003068000001348992,0.0002599666093950529,0.00044329883463107005,0.0006488000001354521
65.679342,-0.0012511999998423562,0.00034480000012990784,1.9553726768080193e-05,0.000231154312488442,0.0006488000001354521
65.699342,0.0006488000001354521,-3.519999986565381e-05,-0.00020417119762198202,-0.00019579207445486743,0.0006488000001354521
65.719342,0.0008388000001104956,-0.0004531999998562242,-0.00036318533971007303,-0.0004863282049846373,-0.0012511999998423562
65.739341,-0.0012511999998423562,-0.0004531999998562242,-0.00041592908549135845,-0.0007480764567281896,-0.0012511999998423562
65.759341,-0.0012511999998423562,-0.0004531999998562242,-0.00034543948867853114,-0.0002918993005574203,-0.0012511999998423562
65.779341,-0.0012511999998423562,-0.0004531999998562242,-0.00017311934185603969,0.00013637575772604632,-0.0012511999998423562
65.799341,0.0006488000001354521,0.00034480000012990784,4.260509300529686e-05,-0.00010101351968028148,0.0006488000001354521
65.819341,0.0008388000001104956,0.00034480000012990784,0.00022698654114415115,9.266200582303875e-06,0.0006488000001354521
65.83934,0.002738800000088304,0.00030680000008942443,0.0003199692542316171,0.0005349771562862199,0.0006488000001354521
65.85934,-0.0012511999998423562,0.00034480000008443314,0.0002997372739015607,0.00041096783224760334,0.0008388000001104956
65.87934,-0.0014412000000447733,0.00034480000008443314,0.00018589042824505966,0.00037110769236884864,0.0008388000001104956
65.89934,0.0008388000001104956,-0.0004911999999421823,2.4039908381629175e-05,1.2366433624358842e-05,-0.0012511999998423562
65.91934,0.0008388000001104956,-0.00011119999994662067,-0.00013568843736373116,-0.00043761025634092863,0.0006488000001354521
65.939339,-0.0014412000000447733,-7.319999990613723e-05,-0.0002554819799830688,-0.0006431114218310024,0.0006488000001354521
65.95934,0.0006488000001354521,-0.0004911999998967076,-0.00031908111914519304,-9.348438219294343e-05,-0.0012511999998423562
65.979339,-0.0012511999998423562,-0.0004911999998967076,-0.0003341578335125741,-0.00028078041945230135,-0.0012511999998423562
65.999339,-0.0012511999998423562,-7.31999998606625e-05,-0.00032722638744941133,-0.0003377501164281562,0.0006488000001354521
66.019339,0.0008388000001104956,-0.0004531999998562242,-0.00033021648868484626,-0.00021469650336297807,-0.0012511999998423562
66.039338,0.0006488000001354521,-3.319999987070332e-05,-0.0003619801723779583,-5.4230302881618536e-05,0.0006488000001354521
66.059338,-0.0012511999998423562,-3.319999987070332e-05,-0.0004137605505810224,-0.0004674937061542301,0.0006488000001354521
66.079338,0.000848800000085248,-0.0004511999998612737,-0.00044877831208544553,-0.00042775011641134163,-0.0012511999998423562
66.099338,-0.0012511999998423562,-0.0008311999998568354,-0.0004194243376615293,-0.0006615729602358598,-0.0012511999998423562
66.119338,-0.0012511999998423562,-0.0004111999998713145,-0.0002948877010878653,-0.000575325873995053,-0.0012511999998423562
66.139338,-0.0012511999998423562,-0.0004111999998713145,-8.422666657386612e-05,0.00015970909104286933,-0.0012511999998423562
66.159337,0.000848800000085248,0.0003508000001147593,0.00015994334054168896,8.381165512717248e-05,0.000848800000085248
66.179337,0.000848800000085248,0.000730800000110321,0.0003620348063978412,0.0003366088579062344,0.000848800000085248
66.199337,0.002558800000088013,0.0003128000000742759,0.00045796339296847247,0.0007307580420519347,0.000848800000085248
66.219337,0.0006488000001354521,0.0006548000000748289,0.0004232235544051648,0.00030604941732695725,0.000848800000085248
66.239336,-0.0033412000000225817,0.00023480000008930802,0.000278622925259306,0.0005293594406169664,0.0006488000001354521
66.259336,0.002558800000088013,-0.0005651999999372493,7.375659657614725e-05,-0.0001422023309362939,-0.0012511999998423562
66.279336,-0.0012511999998423562,-0.0001451999999517284,-0.00013761581579103613,-0.00028742377616050645,-0.0012511999998423562
66.299336,-0.0014412000000447733,-0.00010719999991124496,-0.0003151029408256037,-0.0007987524474776389,-0.0012511999998423562
66.319336,0.0027488000000630564,-0.00044919999991179795,-0.0004362774207403398,-6.597855469985035e-05,-0.0012511999998423562
66.339336,-0.0031511999998201645,-0.00044919999991179795,-0.0004919559431067551,-3.4743123437279443e-05,-0.0012511999998423562
66.359335,0.000848800000085248,0.0003508000001147593,-0.0004795193665038447,-0.000266188344882758,0.000848800000085248
66.379335,-0.0012511999998423562,-0.0008291999998618849,-0.00039997142078631003,-0.0006230648017358835,-0.0012511999998423562
66.399335,0.002558800000088013,-6.919999987076153e-05,-0.0002607997450980972,-0.0005357687644127333,0.0006488000001354521
66.419335,-0.0031511999998201645,-0.0008691999998518441,-8.368390819074797e-05,-0.00036336783202995434,-0.0012511999998423562
66.439334,0.0006488000001354521,0.00027280000012979143,8.768454293085198e-05,0.00034898648031143746,0.0006488000001354521
66.459334,-0.0031511999998201645,-6.919999987076153e-05,0.00018910703325187184,9.141072274150498e-05,0.0006488000001354521
66.479334,0.004458800000065821,0.00031080000012480015,0.0001549423135733532,0.0003385902099313449,0.0006488000001354521
66.499334,0.000848800000085248,-6.919999987076153e-05,-4.939235464081574e-05,-0.00037108344975312225,-0.0012511999998423562
66.519334,-0.0012511999998423562,0.00031080000012480015,-0.00040041955793379064,-9.168951037981283e-05,-0.0012511999998423562
66.539334,-0.0012511999998423562,-0.0012491999998928804,-0.0008149876872396316,-0.0006524354311108004,-0.0012511999998423562
66.559333,-0.0012511999998423562,-0.0012891999998828397,-0.0011776445364698452,-0.0010236475523423677,-0.0012511999998423562
66.579333,-0.0033412000000225817,-0.0012891999998828397,-0.0013820422529237826,-0.0017274937061928417,-0.0012511999998423562
66.599333,0.0006488000001354521,-0.001327199999923323,-0.0013658340971599322,-0.0014376102563194047,-0.0012511999998423562
66.619333,-0.0012511999998423562,-0.0009471999999277614,-0.0011265883537086108,-0.0012267944055079237,-0.0012511999998423562
66.639333,-0.0014412000000447733,-0.0005291999998917162,-0.0007182861065363659,-0.0007287757574841699,-0.0012511999998423562
66.659332,0.0006488000001354521,-0.0005291999998917162,-0.00023479592932659017,-1.872913743192412e-05,-0.0012511999998423562
66.679332,-0.0012511999998423562,0.00023280000009435754,0.00021369084920091472,0.0003334853148032977,0.0006488000001354521
66.699332,0.0006488000001354521,0.0006908000001203618,0.0005278738285577045,0.000416958508259725,0.0006488000001354521
66.719332,0.002558800000088013,0.0003488000001198088,0.0006461231669083812,0.0007592662005729185,0.0006488000001354521
66.739332,0.000848800000085248,0.0007688000001053296,0.000562888293657407,0.0004906181819496695,0.000848800000085248
66.759331,-0.0010611999998673127,0.000388800000109768,0.000329424745260094,0.0003028792541902385,0.000848800000085248
66.779331,0.000848800000085248,-0.00037319999987630583,3.3748000730763434e-05,2.9219580536717202e-05,-0.0010611999998673127
66.799331,-0.0012511999998423562,-0.00037319999987630583,-0.00023227505989230612,-0.0004511999998788713,-0.0010611999998673127
66.819331,-0.0012511999998423562,-0.0004111999998713145,-0.00040387683495426416,-0.0005031813518556551,-0.0012511999998423562
66.83933,0.000848800000085248,-0.0004111999998713145,-0.0004596277297406465,-8.031421898925057e-05,-0.0012511999998423562
66.85933,-0.0012511999998423562,-3.1199999875752836e-05,-0.0004187236327940871,-0.0004546965033638967,0.0006488000001354521
66.87933,0.000848800000085248,-3.1199999875752836e-05,-0.00032461334972524433,-0.0005731347317951326,0.0006488000001354521
66.89933,0.0006488000001354521,-0.0008311999998568354,-0.00022574366504333907,-0.00010122330989696209,-0.0012511999998423562
66.91933,-0.0012511999998423562,-6.919999987076153e-05,-0.00016259914268602362,-4.119999987414378e-05,0.0006488000001354521
66.939329,-0.0031511999998201645,-6.919999987076153e-05,-0.00016245742387512824,-0.0003762815849476736,0.0006488000001354521
66.959329,0.002558800000088013,-0.0004491999998663232,-0.00023561153723149192,-0.00014283170150259435,-0.0012511999998423562
66.979329,0.000848800000085248,-0.0004491999998663232,-0.00036778398761704256,-0.00031660792527203277,-0.0012511999998423562
66.999329,-0.0012511999998423562,0.00031080000012480015,-0.0005133773164257828,-0.00043537249403779505,0.0006488000001354521
67.019329,-0.0012511999998423562,-0.0004511999998612737,-0.0006008062813451379,-0.00031008111874474464,-0.0012511999998423562
67.039329,0.0006488000001354521,-0.0008711999998467946,-0.0005550202847041248,-0.00048726060591521415,-0.0012511999998423562
67.059329,-0.0012511999998423562,-0.0004911999998512328,-0.0003299880231710773,-0.0010536009322429133,-0.0012511999998423562
67.079328,-0.0012511999998423562,-0.00011119999985567119,6.332930250230317e-05,0.00024173706309535455,0.0006488000001354521
67.099328,0.0006488000001354521,0.00027080000013484095,0.0005477153572952207,0.0005288000001299596,0.0006488000001354521
67.119328,0.0006488000001354521,0.0014128000001164764,0.0009973554982123758,0.0010888233101226706,0.0006488000001354521
67.139328,0.002558800000088013,0.0009948000000804314,0.0012791609538914317,0.0010901053613877046,0.0006488000001354521
67.159327,0.004458800000065821,0.0014148000000659521,0.0013012729588969196,0.0014379142191844644,0.002558800000088013
67.179327,-0.0033412000000225817,0.0010348000000703905,0.0010465242079892836,0.001422296503561659,0.002558800000088013
67.199327,0.0027488000000630564,0.0006528000000798784,0.0005767630176777912,0.0004847673660457844,0.0006488000001354521
67.219327,-0.0012511999998423562,-0.00045119999990674844,1.0284696051361285e-05,-5.043076913619849e-05,-0.0010611999998673127
67.239327,0.0006488000001354521,-0.000413199999866265,-0.0005143794266169848,-0.0010211999998744944,-0.0010611999998673127
67.259326,-0.0010611999998673127,-0.0008331999998517859,-0.0008752815802829725,-0.000923064801706159,-0.0010611999998673127
67.279326,-0.0031511999998201645,-0.0008331999998517859,-0.0009960591818372558,-0.00046068717932990774,-0.0010611999998673127
67.299326,0.0006488000001354521,-0.0004511999998612737,-0.0008610255311936281,-0.0008613631700357567,-0.0010611999998673127
67.319326,-0.0012511999998423562,-0.0005271999998967658,-0.0005127116656131368,-0.0003309435896377542,-0.0012511999998423562
67.339325,0.002558800000088013,0.0002728000000843167,-3.467325572358776e-05,-0.00028574545445144155,0.0006488000001354521
67.359325,-0.0014412000000447733,0.0002728000000843167,0.00047092613118524256,0.00044712167839921124,0.0006488000001354521
67.379325,0.000848800000085248,0.0006928000000698375,0.0009019099083036737,0.0009403384616061932,0.000848800000085248
67.399325,0.0006488000001354521,0.0006928000000698375,0.0011696343547903502,0.000854207925482702,0.000848800000085248
67.419325,0.000848800000085248,0.0011108000001058826,0.0012127105049601129,0.0014164223777219742,0.000848800000085248
67.439324,0.002558800000088013,0.0010708000001159236,0.001013854667740963,0.0009763291376347937,0.0006488000001354521
67.459324,0.0006488000001354521,0.0010708000001159236,0.0006141816570564839,0.0009448839161984727,0.0006488000001354521
67.479324,0.0006488000001354521,0.00023280000009435754,0.00011313417090170951,8.325221455642414e-05,0.0006488000001354521
67.499324,0.0006488000001354521,-0.0005291999998917162,-0.00035478379328644484,-0.00043283170152726787,0.0006488000001354521
67.519324,-0.0033412000000225817,-0.000909199999887278,-0.0006637318864926306,-0.0009935776222598455,-0.0012511999998423562
67.539324,-0.0012511999998423562,-0.000909199999887278,-0.0007442272024261071,-0.000699987878675162,-0.0012511999998423562
67.559324,-0.0012511999998423562,-0.000909199999887278,-0.0006113859588400272,-0.0006597547784355187,-0.0012511999998423562
67.579323,0.0006488000001354521,0.00027080000013484095,-0.0003571285597979464,-0.00035695757563641205,0.0006488000001354521
67.599323,0.0006488000001354521,-0.0001091999998607207,-0.00010863352202314234,-0.00020870582737046684,0.0006488000001354521
67.619323,0.002558800000088013,0.00031080000012480015,2.578250163413385e-05,0.0004011776225213323,0.0006488000001354521
67.639323,-0.0031511999998201645,-6.919999987076153e-05,-3.3995241369807258e-06,0.00040327552461128744,0.0006488000001354521
67.659322,0.000848800000085248,-2.919999988080235e-05,-0.0001768319761877411,-0.0002053724940534995,0.000848800000085248
67.679322,-0.0012511999998423562,-0.0007891999998719257,-0.0004236697034944662,-0.0008121324008227514,-0.0012411999998676038
67.699322,0.000848800000085248,-0.0008271999999124091,-0.0006528194555156092,-0.0008472372959418368,-0.0012411999998676038
67.719322,-0.0012411999998676038,-0.0008651999999074178,-0.0007850160855675558,-0.001188286246994167,-0.0012411999998676038
67.739322,-0.0033412000000225817,-0.000445199999921897,-0.0007772686292000366,-0.0003497081584307382,0.0006588000001102046
67.759321,0.0006588000001102046,-0.0008631999999124673,-0.0006331461506429941,-0.0004045333332521151,-0.0012411999998676038
67.779321,0.000848800000085248,-0.000103199999921344,-0.0003949716683006807,-0.00044033752905018545,0.0006588000001102046
67.799321,-0.0012411999998676038,0.0003168000001096516,-0.00012200875378215784,-0.0001128550115544175,0.0006588000001102046
67.819321,0.002558800000088013,-0.00010119999988091876,0.00013283678843243406,7.441771573098009e-05,-0.0012411999998676038
67.83932,-0.0012411999998676038,0.0002408000001196342,0.00033545331558828574,0.00042756456889465866,-0.0012411999998676038
67.85932,-0.0014311999998426472,0.0002408000001196342,0.0004692186003613608,0.00038863682995443096,-0.0012411999998676038
67.87932,0.002558800000088013,0.0002408000001196342,0.0005276400654129943,0.00037092121224114,-0.0012411999998676038
67.89932,-0.0012411999998676038,0.0006208000001151958,0.000511450033801803,0.0004820867134026402,0.0006588000001102046
67.91932,0.002558800000088013,0.0006588000001102046,0.0004337027216041796,0.0002672848486019586,0.0006588000001102046
67.93932,0.0006588000001102046,0.0002788000001146429,0.0003265934011137065,0.000823112354421119,0.0006588000001102046
67.959319,-0.0012411999998676038,0.0006588000001102046,0.0002402953417336575,0.0005507347320442921,0.0006588000001102046
67.979319,0.0006588000001102046,0.0002788000001146429,0.00022964371647365007,-0.00024735384603115064,0.0006588000001102046
67.999319,0.0006588000001102046,-0.00010119999988091876,0.00033338782798320455,0.00031467412598978146,0.0006588000001102046
68.019319,0.0006588000001102046,0.0002788000001146429,0.0005556142587844733,0.0001702918416068511,0.0006588000001102046
68.039318,-0.0012411999998676038,0.001076800000100775,0.0008582332235781827,0.0009298489511495262,0.0006588000001102046
68.059318,0.0006588000001102046,0.0011148000000957836,0.0011703684915411038,0.0014723897436800084,0.0006588000001102046
68.079318,0.004648800000040865,0.001532800000086354,0.0014150561570457163,0.0015543244756113985,0.000848800000085248
68.099318,0.000848800000085248,0.0019128000000819157,0.001543623360014393,0.001693834965119464,0.000848800000085248
68.119318,0.0027488000000630564,0.0019128000000819157,0.0015591005137892602,0.0015560960373848477,0.000848800000085248
68.139318,0.0006588000001102046,0.0011148000000957836,0.0015128581087990917,0.0015516671329559948,0.0006588000001102046
68.159317,0.0006588000001102046,0.001076800000100775,0.0014744151382039422,0.0011769818182790833,0.0006588000001102046
68.179317,0.0006588000001102046,0.001076800000100775,0.0014913586396426192,0.0011171916084914268,0.0006588000001102046
68.199317,0.0006588000001102046,0.0014568000000963366,0.0015625863262062171,0.0016158862471799243,0.0006588000001102046
68.219317,0.0027488000000630564,0.0018748000000869069,0.0016403369397735667,0.0016092428905374401,0.002558800000088013
68.239316,0.002558800000088013,0.0018748000000869069,0.0016595664695669451,0.0018594759907647035,0.002558800000088013
68.259316,0.0027488000000630564,0.0018748000000869069,0.0015770476196255844,0.0018081006993882099,0.002558800000088013
68.279317,0.0006588000001102046,0.0014948000000913452,0.0013972927996854468,0.0018014573427409556,0.000848800000085248
68.299316,0.0006588000001102046,0.0011528000000907922,0.001171473707930352,0.0011056764569687776,0.000848800000085248
68.319316,0.000848800000085248,0.0007728000000952306,0.0009720267452547069,0.0005343477856457178,0.000848800000085248
68.339315,0.000848800000085248,0.000392800000099669,0.0008578880906886544,0.0006056531469475434,0.000848800000085248
68.359315,0.000848800000085248,0.0008108000000902393,0.000847145138575636,0.0009090331003258091,0.000848800000085248
68.379315,-0.0012411999998676038,0.0011528000000907922,0.0009082483682531183,0.0010268419581329735,0.000848800000085248
68.399315,0.0027488000000630564,0.0011148000000957836,0.0009730242179363209,0.0009515505828461873,0.000848800000085248
68.419315,0.002558800000088013,0.0006968000001052133,0.0009659194230566914,0.00103392820522677,0.0006588000001102046
68.439315,0.0006588000001102046,0.001076800000100775,0.000835613475132455,0.0007442778555853146,0.0006588000001102046
68.459314,-0.0012411999998676038,0.0006588000001102046,0.0005737312465808222,0.0006738582751702137,0.0006588000001102046
68.479314,0.0006588000001102046,-0.00013919999987592745,0.00021457560620636267,0.0006277976691114175,0.0006588000001102046
68.499314,0.0006588000001102046,-0.00013919999987592745,-0.00017846884232208032,-0.00046614172481202246,0.0006588000001102046
68.519314,-0.0014311999998426472,-0.00013919999987592745,-0.0005309858562577373,-0.0006649995336691524,0.0006588000001102046
68.539314,0.0006588000001102046,-0.0008991999998670507,-0.0007758442258033957,-0.000813367832035983,-0.0012411999998676038
68.559313,-0.0012411999998676038,-0.0008991999998670507,-0.0008710949523142224,-0.0008510135196820262,-0.0012411999998676038
68.579313,-0.003141199999845412,-0.0008611999998720421,-0.0008146117486260451,-0.0010215263401941806,-0.0012411999998676038
68.599313,0.0006588000001102046,-0.0008611999998720421,-0.000648378544137049,-0.000806724475396679,-0.0012411999998676038
68.619313,-0.0012411999998676038,-0.0004811999998764804,-0.00044545353892426514,-3.0384149052739714e-05,0.0006588000001102046
68.639313,0.0006588000001102046,0.0002788000001146429,-0.00028043390811368377,-6.730722599230659e-05,0.0006588000001102046
68.659312,0.0006588000001102046,0.0002788000001146429,-0.00019548663456050059,-1.7190675890986723e-05,0.0006588000001102046
68.679312,0.0006588000001102046,-0.00014119999991635268,-0.00018011814801548713,-0.00021485967356813695,0.0006588000001102046
68.699312,0.0006588000001102046,-0.0005211999999119143,-0.00017852064075012564,-0.0004300111887234163,0.0006588000001102046
68.719312,-0.0033412000000225817,-0.0005211999999119143,-0.00012421924019767922,-2.931188803088669e-05,0.0006588000001102046
68.739311,-0.0012411999998676038,-0.00014119999991635268,1.585577603025819e-05,-0.00041229557100800544,0.0006588000001102046
68.759311,0.0006588000001102046,-0.00014119999991635268,0.00021506512557851917,-0.00015551235421960272,0.0006588000001102046
68.779311,0.002558800000088013,0.0002788000001146429,0.0003965995355172192,0.0005492662005587979,0.0006588000001102046
68.799311,0.0006588000001102046,0.0010388000001057662,0.0004736410956210215,0.0007848139861166231,0.0006588000001102046
68.819311,-0.0012411999998676038,0.001076800000100775,0.0003960567439082154,0.0008390097903292987,0.000848800000085248
68.839311,0.002558800000088013,-6.319999988591007e-05,0.0001787483299931902,0.00040989557120613986,0.0006588000001102046
68.85931,0.000848800000085248,-0.00044319999988147175,-0.0001007164586326467,-0.00028101351969753326,-0.0012411999998676038
68.87931,-0.003141199999845412,-6.319999988591007e-05,-0.0003335381928221754,-0.0008479132865922705,0.0006588000001102046
68.89931,-0.0012411999998676038,-0.0007851999998820247,-0.00042670588025043525,-0.0003695916082767076,-0.0010511999998925603
68.91931,0.0006588000001102046,-0.0008231999998770334,-0.0003438151274485746,-0.0003013864800699378,-0.0010511999998925603
68.93931,-0.0010511999998925603,0.0003168000001096516,-0.00011980875647576224,-0.00043203916072188773,0.0006588000001102046
68.959309,0.0006588000001102046,0.0003168000001096516,0.0001560589086196482,0.00027880000010976766,0.0006588000001102046
68.979309,0.002558800000088013,0.00035480000010466026,0.0003780887471622574,0.0008350703963712303,0.0006588000001102046
68.999309,-0.0012411999998676038,0.0006968000001052133,0.0004636397710410118,0.0004072382285464962,0.0006588000001102046
69.019309,0.000848800000085248,0.0003168000001096516,0.0003778905622762498,0.00025886993017913544,0.0006588000001102046
69.039308,0.0006588000001102046,-0.00044319999988147175,0.00013747619511867145,0.0003496624709714111,-0.0012411999998676038
69.059308,-0.0012411999998676038,-2.519999989090138e-05,-0.00020309933940434693,-0.00031644475513047495,0.0006588000001102046
69.079308,-0.0012411999998676038,-0.00044319999988147175,-0.0005731075130251742,-0.0008257687644480068,-0.0012411999998676038
69.099308,0.000848800000085248,-0.0012031999998725952,-0.0009063547382198859,-0.0011933678320411919,-0.0012411999998676038
69.119308,-0.0012411999998676038,-0.0012031999998725952,-0.0011558181142460136,-0.0010835776222345508,-0.0012411999998676038
69.139308,-0.003141199999845412,-0.0012031999998725952,-0.0013009605873270152,-0.0009367477854113072,-0.0012411999998676038
69.159307,-0.0012411999998676038,-0.0008611999998720421,-0.0013473930717703888,-0.0012065613052538256,-0.0012411999998676038
69.179307,-0.0012411999998676038,-0.0012811999999030378,-0.0013178503963180768,-0.0012721790208940257,-0.0012411999998676038
69.199307,0.002558800000088013,-0.0013211999999384715,-0.0012371559235856819,-0.001552575291299466,-0.0012411999998676038
69.219307,-0.0033412000000225817,-0.0009411999999429099,-0.0011206319359722563,-0.0011938573425983679,-0.0012411999998676038
69.239306,-0.0033412000000225817,-0.0009411999999429099,-0.0009746910489754191,-0.0005149529136886579,-0.0012411999998676038
69.259306,0.0006588000001102046,-0.001283199999943463,-0.0008066930199513836,-0.0012135310022684668,-0.0012411999998676038
69.279306,-0.0012411999998676038,-0.00048319999991690564,-0.0006313778713759821,-0.0005433678320991469,0.0006588000001102046
69.299306,0.000848800000085248,-0.00048319999991690564,-0.0004657534267175005,-0.0004860251747634633,0.0006588000001102046
69.319306,0.0006588000001102046,0.00031480000006922637,-0.0003175472749416144,3.46275058965386e-05,0.0006588000001102046
69.339305,-0.0033412000000225817,-0.00010519999996176921,-0.00017908672010781917,-0.000228053146790311,0.0006588000001102046
69.359305,0.004648800000040865,-0.0005231999999523396,-3.356495871750335e-05,-0.0003584494172055785,-0.0012411999998676038
69.379305,-0.0033412000000225817,-0.0004851999999573309,0.00012902225881681386,-8.775757533354659e-06,-0.0012411999998676038
69.399305,-0.0012411999998676038,0.0007328000000597967,0.0002963108003515118,0.0002532289044776206,0.000848800000085248
69.419305,0.000848800000085248,-2.71999999313266e-05,0.00043088480664064477,0.0004275645688273477,0.000848800000085248
69.439304,0.0027488000000630564,0.0008108000000902393,0.0004875406376525395,0.001041667132966829,0.000848800000085248
69.459304,0.000848800000085248,0.0008108000000902393,0.0004431503316806944,1.2646153941003446e-05,0.000848800000085248
69.479304,0.000848800000085248,0.0007728000000952306,0.0003187730946274668,0.0006284969697909323,0.000848800000085248
69.499304,-0.0012411999998676038,-0.000445199999921897,0.0001762839196550984,0.0001062358975122893,0.0006588000001102046
69.519304,0.0006588000001102046,-0.000103199999921344,8.947162440708081e-05,0.00010588624716087176,0.0006588000001102046
69.539303,-0.0033412000000225817,-0.000103199999921344,0.00010720540871747634,8.849696977203717e-05,0.0006588000001102046
69.559303,0.002558800000088013,0.0006568000000697794,0.000230771218060934,1.1550582830178145e-05,0.000848800000085248
69.579303,0.000848800000085248,0.00027680000007421766,0.0004168836917434574,0.0002665622378472517,0.000848800000085248
69.599303,0.002558800000088013,0.0006968000001052133,0.0006002779451204235,0.0006661892774760575,0.000848800000085248
69.619303,-0.0012411999998676038,0.0006968000001052133,0.0007188066663577306,0.0008906648019625456,0.000848800000085248
69.639302,-0.0012411999998676038,0.0006968000001052133,0.0007284846797295775,0.0011153734266873758,0.000848800000085248
69.659302,0.002558800000088013,0.0003168000001096516,0.000609361089961431,0.00021723822854866182,0.0006588000001102046
69.679302,0.000848800000085248,0.0003168000001096516,0.0003693866521361807,0.0004288932402183855,0.0006588000001102046
69.699302,0.0006588000001102046,0.0003168000001096516,4.704336122462598e-05,-0.0001700578087442337,0.0006588000001102046
69.719302,-0.0012411999998676038,-6.319999988591007e-05,-0.00029400952631861946,-9.218647923185989e-06,0.0006588000001102046
69.739301,-0.0012411999998676038,-0.000901199999907476,-0.0005821469920063173,-0.0005523421910513778,-0.0012411999998676038
69.759301,0.0006588000001102046,-0.0008631999999124673,-0.0007610640811850075,-0.0011377501164563056,-0.0012411999998676038
69.779301,-0.0033412000000225817,-0.0008631999999124673,-0.0008079035679949313,-0.00079241212112523,-0.0012411999998676038
69.799301,0.000848800000085248,-0.00048319999991690564,-0.0007375801183621455,-0.0005526918414096853,0.0006588000001102046
69.819301,-0.0012411999998676038,-0.000445199999921897,-0.0005915675956928515,-0.00042611841483252045,0.0006588000001102046
69.839301,0.0006588000001102046,-2.519999989090138e-05,-0.00041689842079292483,-0.0003967477854517734,0.0006588000001102046
69.8593,0.000848800000085248,-0.00044319999988147175,-0.00024645179918002404,-0.0003494284381172736,-0.0012411999998676038
69.8793,-0.0012411999998676038,-6.319999988591007e-05,-9.11019538503011e-05,5.86368299660867e-05,0.0006588000001102046
69.8993,-0.0012411999998676038,-6.319999988591007e-05,5.359588631761544e-05,-0.000128659207342032,0.0006588000001102046
69.9193,0.0006588000001102046,-0.00010119999988091876,0.00019390527202075363,0.00016364848496171707,0.0006588000001102046
69.939299,0.0006588000001102046,0.0003168000001096516,0.00032932556555213686,0.00019686526817625736,0.0006588000001102046
69.959299,0.0006588000001102046,0.0006968000001052133,0.0004545315039219829,0.0004648139861215815,0.0006588000001102046
69.979299,0.000848800000085248,0.000734800000100222,0.0005675965749817096,0.0008483571096567282,0.0006588000001102046
69.999299,0.0006588000001102046,0.000734800000100222,0.000675798308038319,0.000717261538564066,0.0006588000001102046
70.019299,0.000848800000085248,0.000734800000100222,0.0007932812193289894,0.0007726228439228697,0.0006588000001102046
70.039298,0.0006588000001102046,0.0006968000001052133,0.000931027288356015,0.0009298489511468762,0.0006588000001102046
70.059299,0.0006588000001102046,0.0011148000000957836,0.0010846487191545117,0.0010135552448554254,0.0006588000001102046
70.079298,0.0006588000001102046,0.001076800000100775,0.0012273673296983691,0.0009161193474211957,0.0006588000001102046
70.099298,0.0027488000000630564,0.001076800000100775,0.0013133697521743545,0.0013311076924006138,0.0006588000001102046
70.119298,0.0006588000001102046,0.0011148000000957836,0.0012914001857980493,0.0014090564103502235,0.0006588000001102046
70.139297,0.0006588000001102046,0.0014948000000913452,0.0011234179184471708,0.0012389864802846116,0.000848800000085248
70.159297,0.000848800000085248,0.0006588000001102046,0.0008016758895084677,0.000694231235539968,0.0006588000001102046
70.179297,0.002558800000088013,0.0002408000001196342,0.0003586618565723286,0.0003532055945225492,0.0006588000001102046
70.199297,-0.0014311999998426472,-0.00013919999987592745,-0.00013464898162427214,-0.00014283170150471448,-0.0012411999998676038
70.219297,-0.0014311999998426472,-0.00017719999987093616,-0.0005842602510051765,-0.00030625827492996243,-0.0012411999998676038
70.239296,-0.0012411999998676038,-0.0009371999998620595,-0.0008981253857466264,-0.0008222256408905085,-0.0012411999998676038
70.259296,0.0006588000001102046,-0.0008991999998670507,-0.0010111149342934072,-0.0011123188809800961,-0.0012411999998676038
70.279296,-0.0012411999998676038,-0.0008611999998720421,-0.0009022848800447117,-0.0011362349649009888,-0.0012411999998676038
70.299296,-0.0012411999998676038,-0.0004811999998764804,-0.0006024874932476549,-0.0007022023308776631,-0.0012411999998676038
70.319296,-0.0012411999998676038,-0.0004811999998764804,-0.00019188580423043174,-0.00023761025629149066,-0.0012411999998676038
70.339296,0.0006588000001102046,-0.00010119999988091876,0.00021567353517343667,0.00030005874137313673,0.0006588000001102046
70.359295,0.0006588000001102046,0.0006588000001102046,0.0005033145741639031,0.000543648484960036,0.0006588000001102046
70.379295,0.0006588000001102046,0.0010388000001057662,0.0005905543468583812,0.001056468997789624,0.0006588000001102046
70.399295,0.002558800000088013,0.0006588000001102046,0.00046605543509865025,0.0005881706294778947,0.0006588000001102046
70.419295,0.0006588000001102046,0.0002788000001146429,0.00019593008529870883,-5.705081575066125e-05,0.0006588000001102046
70.439295,-0.0012411999998676038,-0.0005211999999119143,-0.0001020023920764573,-0.0004053025640088037,-0.0012411999998676038
70.459294,-0.0012411999998676038,-0.000901199999907476,-0.0003105883203473631,-0.00034143310014636205,-0.0012411999998676038
70.479294,-0.0033412000000225817,-0.0005211999999119143,-0.00036743899307982604,-0.0005430648017778013,-0.0012411999998676038
70.499294,0.0006588000001102046,-0.00014119999991635268,-0.00029082210855741473,-0.00044772680643882703,0.0006588000001102046
70.519294,0.002558800000088013,-0.00014119999991635268,-0.00016226635063315754,0.00016509370639586975,0.0006588000001102046
70.539294,0.0006588000001102046,0.0006588000001102046,-7.770768877183798e-05,-7.010442880788761e-05,0.0006588000001102046
70.559293,-0.0012411999998676038,0.0002788000001146429,-9.792067122869578e-05,0.00012919627049048438,0.0006588000001102046
70.579293,0.0006588000001102046,-0.000901199999907476,-0.00022525436630241576,0.00011637575767848993,-0.0012411999998676038
70.599293,-0.0012411999998676038,-0.0005211999999119143,-0.0004129121776207872,-0.0007134610721699899,-0.0012411999998676038
70.619292,-0.0033412000000225817,-0.0005211999999119143,-0.0005934916093746762,-0.0008663748250840493,-0.0012411999998676038
70.639292,0.002558800000088013,-0.000901199999907476,-0.000707335102958877,-0.000633740792450641,-0.0012411999998676038
70.659292,-0.0012411999998676038,-0.0005211999999119143,-0.0007182634170818448,-0.0008083328670344004,-0.0012411999998676038
70.679292,-0.0012411999998676038,-0.00010119999988091876,-0.000616573676593901,-0.0007125286712208627,-0.0012411999998676038
70.699292,0.0006588000001102046,-0.0008611999998720421,-0.00041639427052910037,-0.000231176689859857,-0.0012411999998676038
70.719292,-0.0012411999998676038,-0.00010119999988091876,-0.00015222372992006812,0.00023269277402301934,-0.0012411999998676038
70.739291,-0.0012411999998676038,0.0002788000001146429,0.0001265648966795782,-0.00032884568752394844,0.0006588000001102046
70.759291,0.002558800000088013,0.0002788000001146429,0.0003665351844590881,0.0004993594406715087,0.0006588000001102046
70.779291,0.0006588000001102046,0.0002788000001146429,0.0005255471343168082,0.0005232755245892214,0.0006588000001102046
70.799291,0.0006588000001102046,0.0010388000001057662,0.0005858742710211622,0.0004723431236550303,0.0006588000001102046
70.819291,-0.0012411999998676038,0.0002788000001146429,0.0005574347343512482,0.0008244410257469657,0.0006588000001102046
70.83929,0.002558800000088013,0.0003168000001096516,0.0004698972461105013,0.0004829724942830046,0.0006588000001102046
70.85929,-0.0012411999998676038,0.0003168000001096516,0.0003592543717607072,1.793752925028974e-05,0.0006588000001102046
70.87929,0.000848800000085248,0.0003168000001096516,0.0002553840502039481,0.0003102452215524488,0.0006588000001102046
70.89929,0.0006588000001102046,-2.519999989090138e-05,0.00017407421517805916,0.00016409137539924925,0.0006588000001102046
70.91929,-0.0012411999998676038,0.00035480000010466026,0.0001145396092948173,0.0003013874126936834,0.0006588000001102046
70.939289,0.000848800000085248,-6.319999988591007e-05,6.247176555917457e-05,-0.0001990787877656131,0.0006588000001102046
70.959289,0.0006588000001102046,-6.319999988591007e-05,-2.3030320912953005e-06,0.00014637575768701853,0.0006588000001102046
70.979289,-0.0012411999998676038,-6.319999988591007e-05,-9.603563435479222e-05,-0.00027702750570621275,0.0006588000001102046
70.999289,0.0006588000001102046,-0.00010119999988091876,-0.00022255656223263182,-0.00012113006981547323,0.0006588000001102046
71.019289,-0.0012411999998676038,-0.0004811999998764804,-0.00036862338011064933,0.00012817062949976334,-0.0012411999998676038
71.039288,0.0006588000001102046,-6.319999988591007e-05,-0.0005042318865889022,-0.0007391720278467722,0.0006588000001102046
71.059288,-0.0012411999998676038,-0.0004811999998764804,-0.0005887502386309093,-0.0005867477854427177,-0.0012411999998676038
71.079288,0.000848800000085248,-0.000901199999907476,-0.0005836202228348197,-0.0007467710954759449,-0.0012411999998676038
71.099288,-0.0014311999998426472,-0.00048319999991690564,-0.0004699294370196022,-0.0006851160838287245,-0.0012411999998676038
71.119288,-0.0033412000000225817,-0.00048319999991690564,-0.000263999222575241,-0.0002866312353508864,-0.0012411999998676038
71.139287,0.0027488000000630564,-0.00014119999991635268,-2.0110403133036294e-05,4.565314693197298e-05,-0.0012411999998676038
71.159287,-0.0012411999998676038,0.00027680000007421766,0.00018689968572853922,0.0008068419581340306,0.0006588000001102046
71.179287,0.002558800000088013,0.001076800000100775,0.00029390558358707256,-9.047738918188219e-05,0.0006588000001102046
71.199287,0.0006588000001102046,0.0002788000001146429,0.0002789898306262679,0.0001841146854059259,0.0006588000001102046
71.219287,0.0006588000001102046,-0.0005211999999119143,0.0001695804460724585,0.0002217836830842302,0.0006588000001102046
71.239287,-0.0012411999998676038,-0.00014119999991635268,2.341251039792461e-05,5.5350116646861024e-05,0.0006588000001102046
71.259286,-0.00524120000000039,-0.000103199999921344,-0.00010484062180442168,-6.318135190547009e-05,0.0006588000001102046
71.279286,0.004458800000065821,-0.000103199999921344,-0.0001874828777967788,-0.0005422023309365883,0.0006588000001102046
71.299286,0.000848800000085248,-0.0005231999999523396,-0.00022268777554360566,-0.00034136317010416894,0.0006588000001102046
71.319286,0.0006588000001102046,0.000694800000064788,-0.0002153933332666991,7.297249422739645e-05,0.000848800000085248
71.339286,-0.0033412000000225817,-6.519999992633529e-05,-0.00016180374013423458,0.00030176037302330136,0.0006588000001102046
71.359285,0.000848800000085248,-6.519999992633529e-05,-5.0849284993977155e-05,0.00018555990684484853,0.0006588000001102046
71.379285,0.0006588000001102046,-0.000445199999921897,0.00012260505360977905,-0.0004907804194950423,0.0006588000001102046
71.399285,0.000848800000085248,0.00035480000010466026,0.000345574020463528,0.00010947599076964262,0.0006588000001102046
71.419285,-0.0012411999998676038,0.0006968000001052133,0.0005830987483437071,0.0005469818182823033,0.0006588000001102046
71.439284,0.0006588000001102046,0.0006968000001052133,0.0007840749197412017,0.0010484969698112228,0.0006588000001102046
71.459284,0.002558800000088013,0.0006968000001052133,0.0008962130966044973,0.000940921212224043,0.0006588000001102046
71.479284,0.0006588000001102046,0.001076800000100775,0.0008862634400245245,0.0008372848485880416,0.0006588000001102046
71.499284,0.000848800000085248,0.001076800000100775,0.0007563352259363113,0.0009125762238806577,0.0006588000001102046
71.519284,0.0006588000001102046,0.0003168000001096516,0.000546636878989626,0.0006889165502238608,0.0006588000001102046
71.539284,0.0006588000001102046,0.0003168000001096516,0.0003216620417372866,0.0001503617716756889,0.0006588000001102046
71.559283,-0.0012411999998676038,-0.00010119999988091876,0.00014544511987781315,-0.00017339114207445144,0.0006588000001102046
71.579283,0.0006588000001102046,-6.319999988591007e-05,5.68129433209669e-05,-4.3181351867983635e-05,0.0006588000001102046
71.599283,-0.0012411999998676038,-2.519999989090138e-05,5.5982574011204366e-05,0.00019376503507166138,0.0006588000001102046
71.619283,0.000848800000085248,0.000392800000099669,0.00010911964522039848,0.00033814731944611183,0.000848800000085248
71.639282,0.000848800000085248,0.0004308000000946777,0.0001687081892939443,0.00022299580429382127,0.000848800000085248
71.659282,0.000848800000085248,0.0004308000000946777,0.0001987724143954503,0.00025134079264038667,0.000848800000085248
71.679282,0.000848800000085248,1.2800000104107311e-05,0.00019066349549931293,5.602610732962499e-05,0.000848800000085248
71.699282,-0.0012411999998676038,-2.519999989090138e-05,0.00016076227054349432,0.00016674871805094277,0.0006588000001102046
71.719282,-0.0012411999998676038,-2.519999989090138e-05,0.0001336694052103012,0.00014017529148100652,0.0006588000001102046
71.739281,0.0006588000001102046,-2.519999989090138e-05,0.00012459861256368255,1.660885791755293e-05,0.0006588000001102046
71.759281,0.000848800000085248,0.00035480000010466026,0.0001339575941888241,2.812400943384203e-05,0.0006588000001102046
71.779281,0.000848800000085248,0.00035480000010466026,0.00015560763829539643,0.0003385902098968942,0.0006588000001102046
71.799281,0.0006588000001102046,0.00035480000010466026,0.0001885540683350356,0.0002748139861205671,0.0006588000001102046
71.819281,-0.0012411999998676038,0.0003168000001096516,0.00024042624256256107,0.0003031589744692524,0.0006588000001102046
71.83928,0.0006588000001102046,-0.00010119999988091876,0.000319971954776969,0.0001875645688788997,0.0006588000001102046
71.85928,0.0006588000001102046,0.0002788000001146429,0.00042559284937442716,0.0002982871796002175,0.0006588000001102046
71.87928,-0.0012411999998676038,0.0006968000001052133,0.0005395874026042168,0.0006512708625751676,0.0006588000001102046
71.89928,0.002558800000088013,0.000734800000100222,0.0006329811375359711,0.000665000466302968,0.000848800000085248
71.91928,0.000848800000085248,0.000734800000100222,0.0006782396702538106,0.0007469351982375382,0.000848800000085248
71.93928,0.000848800000085248,0.0006968000001052133,0.0006614482246272426,0.0005099888112952431,0.000848800000085248
71.95928,0.0006588000001102046,0.0003168000001096516,0.000585628512826563,0.0004723431236518501,0.0006588000001102046
71.979279,-0.0014311999998426472,0.0002788000001146429,0.0004638614074644156,0.0006339981353073592,0.0006588000001102046
71.999279,0.0006588000001102046,0.0002408000001196342,0.00030956177399922493,0.0002331822844991037,0.0006588000001102046
72.019279,0.0006588000001102046,0.0002408000001196342,0.00013335509125785524,0.00023539673671697518,0.0006588000001102046
72.039279,0.0006588000001102046,0.0002788000001146429,-5.1127018859064064e-05,-0.0001118293705059255,0.0006588000001102046
72.059278,0.0006588000001102046,-0.00010119999988091876,-0.00022005290107143628,-0.00025754032621894276,0.0006588000001102046
72.079278,-0.0012411999998676038,-0.0004811999998764804,-0.00034111732490438513,-0.00023761025629149066,-0.0012411999998676038
72.099278,-0.0012411999998676038,-0.0004811999998764804,-0.0003870089864686528,-0.0003040438227242813,-0.0012411999998676038
72.119278,-0.0012411999998676038,-0.0004811999998764804,-0.00035224683066897345,-0.0002974004660786172,-0.0012411999998676038
72.139278,0.0006588000001102046,-0.00010119999988091876,-0.0002604945905648971,-0.0004679132865875915,0.0006588000001102046
72.159277,0.0006588000001102046,-0.00013919999987592745,-0.00015616056283952967,-0.0004125519812256076,0.0006588000001102046
72.179277,0.0006588000001102046,-0.00013919999987592745,-8.603532715361698e-05,-0.00013131654999266537,0.0006588000001102046
72.199277,-0.0014311999998426472,-0.00013919999987592745,-8.275910071210509e-05,0.0002916438229630337,0.0006588000001102046
72.219277,-0.0012411999998676038,-0.00013919999987592745,-0.0001570716631168086,9.455757587882298e-05,0.0006588000001102046
72.239277,0.0006588000001102046,-0.00013919999987592745,-0.0002968361498884293,-0.00031954498821970057,0.0006588000001102046
72.259276,0.0006588000001102046,-0.0004811999998764804,-0.00046853546453377826,-0.0007070741257456381,0.0006588000001102046
72.279276,0.0006588000001102046,-0.0004811999998764804,-0.0006227846982038558,-0.0008403841490540517,0.0006588000001102046
72.299276,-0.003141199999845412,-0.0008611999998720421,-0.0007091552375116542,-0.0005082163168948683,-0.0012411999998676038
72.319276,-0.0012411999998676038,-0.0008611999998720421,-0.0006988711311195439,-0.000728332867006887,-0.0012411999998676038
72.339275,-0.0012411999998676038,-0.0008231999998770334,-0.0006026679722345973,-0.0007194750581528917,-0.0012411999998676038
72.359275,0.0006588000001102046,-0.00044319999988147175,-0.0004693382977895741,-0.0005378899765725805,-0.0012411999998676038
72.379275,0.000848800000085248,-2.519999989090138e-05,-0.0003627063480380816,-0.00029872913741612396,0.0006588000001102046
72.399275,-0.0012411999998676038,-2.519999989090138e-05,-0.0003301401184090666,-0.00011714405583369283,0.0006588000001102046
72.419275,0.000848800000085248,-0.00040519999988646304,-0.0003807702849321557,-0.00023672447541218597,-0.0012411999998676038
72.439274,-0.0012411999998676038,-0.0008231999998770334,-0.0004839748376615797,-0.0005423188810014332,-0.0012411999998676038
72.459275,-0.0012411999998676038,-0.00044319999988147175,-0.0005862623612468844,-0.0006751860138643646,-0.0012411999998676038
72.479274,-0.0012411999998676038,-0.0008611999998720421,-0.0006357655552684901,-0.0007947664334396778,-0.0012411999998676038
72.499274,0.0006588000001102046,-0.0004811999998764804,-0.000601937475980317,-0.0006171673658427369,-0.0012411999998676038
72.519274,-0.0012411999998676038,-0.0004811999998764804,-0.00048340202451143327,-0.0004218526805298554,-0.0012411999998676038
72.539274,0.0006588000001102046,-0.00010119999988091876,-0.0003048111151743483,-0.00022033752901467189,0.0006588000001102046
72.559273,-0.0012411999998676038,-0.00010119999988091876,-0.00010795542492111548,-0.00013175944043814771,0.0006588000001102046
72.579273,0.0006588000001102046,-0.00013919999987592745,5.8526191330780444e-05,9.411468543281068e-05,0.0006588000001102046
72.599273,0.0006588000001102046,-0.00010119999988091876,0.00014924507304807274,5.425454557260624e-05,0.0006588000001102046
72.619273,-0.0014311999998426472,0.0002788000001146429,0.00013170181965436973,-2.3694172373823433e-05,0.0006588000001102046
72.639272,0.000848800000085248,-0.00010119999988091876,-4.909047410014704e-06,8.747132878555655e-05,0.0006588000001102046
72.659272,0.0006588000001102046,-0.0004811999998764804,-0.00024294341220580654,-0.00023849603717609506,-0.0012411999998676038
72.679272,-0.0012411999998676038,-2.519999989090138e-05,-0.0005343815817704965,-0.0005064447551240694,0.0006588000001102046
72.699272,-0.0012411999998676038,-0.0008611999998720421,-0.0008071580166050449,-0.0005972372959174049,-0.0012411999998676038
72.719271,0.000848800000085248,-0.0008231999998770334,-0.000980783012956265,-0.00078546573414497,-0.0012411999998676038
72.739272,-0.0033311999998204556,-0.0008231999998770334,-0.0009882672036675953,-0.0012708736595431994,-0.0012411999998676038
72.759271,0.000848800000085248,-0.0008231999998770334,-0.0007985328376905634,-0.0009249762236514456,-0.0012411999998676038
72.779271,-0.0012411999998676038,-0.0008611999998720421,-0.00043228148968177,-0.00039395058262930234,-0.0012411999998676038
72.799271,-0.0012411999998676038,0.0003168000001096516,3.5614523197647934e-05,-1.3064801749029169e-05,0.0006588000001102046
72.819271,0.0006588000001102046,0.0002788000001146429,0.0004917817418947915,0.0002925296038418081,0.0006588000001102046
72.83927,0.002558800000088013,0.0006968000001052133,0.000816845459411134,0.001081317482616713,0.0006588000001102046
72.85927,0.0006588000001102046,0.001076800000100775,0.0009249665194026553,0.0009369351982396127,0.0006588000001102046
72.87927,0.000848800000085248,0.001076800000100775,0.0007944834002435403,0.0010481006994016429,0.0006588000001102046
72.89927,0.0006588000001102046,0.0003168000001096516,0.00047609937973305187,0.0005099888112963032,0.0006588000001102046
72.91927,0.0006588000001102046,-6.319999988591007e-05,7.491504936667924e-05,1.616596748002077e-05,0.0006588000001102046
72.93927,-0.0012411999998676038,-0.0004811999998764804,-0.0002869033890711709,-0.0005928083914859022,-0.0012411999998676038
72.959269,-0.0012411999998676038,-0.0004811999998764804,-0.0005130794310763592,-0.0006703142189889696,-0.0012411999998676038
72.979269,-0.0012411999998676038,-0.0008611999998720421,-0.0005653369401407856,-0.0008939738926436466,-0.0012411999998676038
72.999269,0.0006588000001102046,-0.0004811999998764804,-0.00047141138907623426,-0.00022698088566033598,-0.0012411999998676038
73.019269,-0.0012411999998676038,-0.00010119999988091876,-0.00030569603814073584,-1.1067597888477355e-06,0.0006588000001102046
73.039268,0.0006588000001102046,0.0006588000001102046,-0.00015160789379927456,7.152727284624494e-05,0.0006588000001102046
73.059268,0.0006588000001102046,-0.00010119999988091876,-6.291352431634591e-05,0.00020217995349501475,0.0006588000001102046
73.079268,0.002558800000088013,-0.00010119999988091876,-4.2185687530859166e-05,-0.00021192261060456883,0.0006588000001102046
73.099268,-0.003141199999845412,-6.319999988591007e-05,-4.767863884347567e-05,-0.0002938573425396691,0.0006588000001102046
73.119267,-0.0012411999998676038,-0.00044319999988147175,-2.535944093050451e-05,7.152727283988463e-05,-0.0012411999998676038
73.139268,0.000848800000085248,-0.00044319999988147175,5.309054958138031e-05,-0.0003399179486027054,-0.0012411999998676038
73.159267,-0.0012411999998676038,0.0003168000001096516,0.0001700235859012389,1.882331013701433e-05,0.0006588000001102046
73.179267,0.002558800000088013,0.0003168000001096516,0.0002706268219305578,0.00044222657353607594,0.0006588000001102046
73.199267,0.0006588000001102046,0.0006208000001151958,0.00029279912817567613,0.000648170629482762,0.0006588000001102046
73.219267,-0.0012411999998676038,0.0006208000001151958,0.00019882756095810367,0.0003182172495377399,0.0006588000001102046
73.239266,0.0023688000001129694,-0.0005571999998664978,-8.073763901693883e-06,-0.0002730414917101222,-0.0012411999998676038
73.259266,-0.0012411999998676038,-0.0005571999998664978,-0.00028826344200176383,-0.0003235310022004211,-0.0012411999998676038
73.279266,-0.0033311999998204556,-0.0005571999998664978,-0.0005853189781455878,-0.0008062815849458966,-0.0012411999998676038
73.299266,0.0006588000001102046,-0.0008991999998670507,-0.0008475792431011117,-0.0005644634031340365,-0.0012411999998676038
73.319266,-0.0012411999998676038,-0.0008991999998670507,-0.0010390185506578067,-0.0009608503495166195,-0.0012411999998676038
73.339266,0.0006588000001102046,-0.0004811999998764804,-0.0011368403277624251,-0.0014086125872735755,-0.0012411999998676038
73.359265,-0.0012411999998676038,-0.0012791999998626124,-0.001125257042944887,-0.0008155822842512044,-0.0012411999998676038
73.379265,-0.0012411999998676038,-0.0008991999998670507,-0.0009973635368583599,-0.000769078787751696,-0.0012411999998676038
73.399265,-0.0033311999998204556,-0.0008611999998720421,-0.0007669651151790397,-0.0010667011653678424,-0.0012411999998676038
73.419265,0.0006588000001102046,-0.0008611999998720421,-0.00047968305022204577,-0.0005684494171253571,-0.0012411999998676038
73.439265,0.000848800000085248,-0.0004811999998764804,-0.00021007660388854232,-0.00041122330990400085,0.0006588000001102046
73.459264,-0.0012411999998676038,0.00035480000010466026,-4.1190731332240654e-05,-3.2551981239479014e-05,0.0006588000001102046
73.479264,0.0006588000001102046,-2.519999989090138e-05,-3.508002678679651e-05,-0.00011005780874625647,0.0006588000001102046
73.499264,0.000848800000085248,-0.00044319999988147175,-0.00020752516627140516,0.0002092662005707911,-0.0012411999998676038
73.519264,-0.0012411999998676038,-0.00044319999988147175,-0.0005171809420406978,-0.0004909435896244098,-0.0012411999998676038
73.539263,-0.0012411999998676038,-0.00044319999988147175,-0.0008733463997182415,-0.0009537641024344832,-0.0012411999998676038
73.559263,-0.0012411999998676038,-0.0012791999998626124,-0.0011599113988907243,-0.0009112466199167551,-0.0012411999998676038
73.579263,0.0006588000001102046,-0.0012791999998626124,-0.0012681592172746135,-0.0014958620045226632,-0.0012411999998676038
73.599263,-0.0033311999998204556,-0.0008991999998670507,-0.0011298999858577478,-0.0014276568763137735,-0.0012411999998676038
73.619263,-0.0012411999998676038,-0.0008991999998670507,-0.0007425430411303551,-0.0006587990674695005,-0.0012411999998676038
73.639262,0.0006588000001102046,-0.0005191999998714891,-0.00017700797404272763,-0.00010341445209211225,-0.0012411999998676038
73.659262,-0.0012411999998676038,0.0006968000001052133,0.00043852281827946513,0.00042141072272189887,0.0006588000001102046
73.679262,0.002558800000088013,0.001076800000100775,0.000957500002098432,0.0008310843823862697,0.0006588000001102046
73.699262,0.0027488000000630564,0.0011148000000957836,0.0012637154996511205,0.0014843477856380698,0.000848800000085248
73.719262,0.0006588000001102046,0.0014948000000913452,0.0013103136542824158,0.0015348372961283688,0.000848800000085248
73.739261,0.000848800000085248,0.0011148000000957836,0.001132743616526125,0.0011495226108187127,0.0006588000001102046
73.759261,0.0006588000001102046,0.0006968000001052133,0.0008314300446074506,0.0009147906760911091,0.0006588000001102046
73.779261,0.0006588000001102046,0.0003168000001096516,0.0005332428956483234,0.0002522265735393012,0.0006588000001102046
73.799261,0.0006588000001102046,0.0002788000001146429,0.0003471048920110259,-2.4579953262668234e-05,0.0006588000001102046
73.819261,-0.0012411999998676038,0.0002788000001146429,0.00032797274340790316,0.0003279608392720996,0.0006588000001102046
73.839261,0.0006588000001102046,0.0003168000001096516,0.00045978331853167224,0.0004962592075695628,0.0006588000001102046
73.85926,0.0006588000001102046,0.0006968000001052133,0.0006633037396604014,0.0010148839161855125,0.0006588000001102046
73.87926,0.000848800000085248,0.001076800000100775,0.0008272190203528188,0.0007956531469570381,0.0006588000001102046
73.89926,0.002558800000088013,0.001076800000100775,0.0008511463733184535,0.0006605715618772954,0.0006588000001102046
73.91926,0.0006588000001102046,0.0003168000001096516,0.0006830051142772379,0.0007690797203849819,0.0006588000001102046
73.93926,0.0006588000001102046,0.0002788000001146429,0.0003354896763683974,0.0005347906760980908,0.0006588000001102046
73.959259,-0.003141199999845412,-0.00010119999988091876,-0.00012253733683134023,-0.00020926526794492518,0.0006588000001102046
73.979259,0.0006588000001102046,-0.0004811999998764804,-0.0005908170347151163,-0.0006167244753951346,0.0006588000001102046
73.999259,0.0006588000001102046,-0.0012791999998626124,-0.0009647588664526305,-0.0011814097900725304,-0.0012411999998676038
74.019258,-0.0012411999998676038,-0.0005191999998714891,-0.0011573721345260126,-0.0009537641024291831,0.0006588000001102046
74.039258,-0.0033311999998204556,-0.0008991999998670507,-0.0011170414169805855,-0.0011021324007997237,-0.0012411999998676038
74.059258,0.0006588000001102046,-0.0008611999998720421,-0.0008419546718722155,-0.0007456055942805257,-0.0012411999998676038
74.079258,-0.0012411999998676038,-0.0008231999998770334,-0.00038626259346652355,-0.0004156522143339138,-0.0010511999998925603
74.099258,0.000848800000085248,0.00035480000010466026,0.00014795895585502635,2.879254190282657e-06,0.0006588000001102046
74.119258,-0.0010511999998925603,0.000734800000100222,0.0006335024319065602,0.0005941379954402647,0.000848800000085248
74.139257,0.002558800000088013,0.000734800000100222,0.0009502771757259519,0.0011145342658291334,0.000848800000085248
74.159257,0.002558800000088013,0.0006968000001052133,0.0010179404621400484,0.0008930890443886177,0.0006588000001102046
74.179257,-0.0012411999998676038,0.0010388000001057662,0.000818145153073665,0.0008510144523200821,0.0006588000001102046
74.199257,0.0006588000001102046,0.0002788000001146429,0.00039864162355952696,0.00017560652692613854,0.0006588000001102046
74.219257,0.0006588000001102046,-0.0005191999998714891,-0.00014057237244841802,0.00014726153858328326,-0.0012411999998676038
74.239256,-0.0012411999998676038,-0.0005191999998714891,-0.0006722384646082188,-0.0008603142189799139,-0.0012411999998676038
74.259256,-0.0014311999998426472,-0.0005191999998714891,-0.0010703462903526404,-0.0009444634031302353,-0.0012411999998676038
74.279256,-0.0012411999998676038,-0.0012791999998626124,-0.0012366414271064196,-0.0010817594404267895,-0.0012411999998676038
74.299256,0.0006588000001102046,-0.0008611999998720421,-0.0011212776069671226,-0.0012722023308695761,-0.0012411999998676038
74.319256,-0.003141199999845412,-0.0008231999998770334,-0.0007351510958001912,-0.0007389622376359217,-0.0012411999998676038
74.339255,0.000848800000085248,-6.319999988591007e-05,-0.00015187476012454578,7.308158621255486e-06,0.0006588000001102046
74.359255,-0.0012411999998676038,0.0003168000001096516,0.0005037404468193764,0.00036383496513992355,0.000848800000085248
74.379255,0.002558800000088013,0.0011148000000957836,0.0010827469265395592,0.001083089044386982,0.000848800000085248
74.399255,0.002558800000088013,0.001076800000100775,0.0014502273794709667,0.0014108279721226128,0.000848800000085248
74.419255,0.000848800000085248,0.0018368000000918983,0.0015222491669438457,0.0015746974359917532,0.002558800000088013
74.439255,0.0006588000001102046,0.001076800000100775,0.0012878520925890772,0.001187611188910768,0.000848800000085248
74.459254,0.002558800000088013,0.0003168000001096516,0.0008092843948655074,0.0009316205129224453,0.0006588000001102046
74.479254,-0.0012411999998676038,0.0002788000001146429,0.00020292238570478137,-9.367086235139257e-05,0.0006588000001102046
74.499254,-0.0012411999998676038,-0.00013919999987592745,-0.0003911422364344587,-0.00018889230756669067,-0.0012411999998676038
74.519255,0.0006588000001102046,-0.0009371999998620595,-0.0008414231176893899,-0.0008244400931025498,-0.0012411999998676038
74.539253,-0.0014311999998426472,-0.0005571999998664978,-0.0010516230182814625,-0.0009945100231713421,-0.0012411999998676038
74.559253,-0.0014311999998426472,-0.0009371999998620595,-0.0009780710472921889,-0.0011539505826100396,-0.0014311999998426472
74.579253,0.0006588000001102046,-0.0005571999998664978,-0.0006378384022237162,-0.00036560559427531675,-0.0014311999998426472
74.599253,-0.003141199999845412,-0.00013919999987592745,-0.00010689318771417669,4.628251760586521e-05,0.0006588000001102046
74.619252,0.002558800000088013,0.0006588000001102046,0.0004939051420901354,0.0003403617716804135,0.0006588000001102046
74.639252,0.0006588000001102046,0.0006588000001102046,0.0010252568920467867,0.0009271916084967727,0.0006588000001102046
74.659252,0.002558800000088013,0.0014188000001013278,0.0013626502885743753,0.0011636951049951755,0.0006588000001102046
74.679252,0.0006588000001102046,0.001076800000100775,0.0014257493116512665,0.0014954200467168267,0.0006588000001102046
74.699252,0.0006588000001102046,0.001076800000100775,0.0011949662586072643,0.0014400587413553728,0.0006588000001102046
74.719252,0.000848800000085248,0.0006968000001052133,0.0007132376542982357,0.00046348531479308464,0.0006588000001102046
74.739251,0.0006588000001102046,-6.319999988591007e-05,7.620893090519078e-05,4.938275069562111e-05,0.0006588000001102046
74.759251,0.0006588000001102046,-0.00044319999988147175,-0.0005864389531694283,-0.00041963822832099407,0.0006588000001102046
74.779251,-0.003141199999845412,-0.0008611999998720421,-0.0011377744932545841,-0.0012256988343684778,-0.0012411999998676038
74.799251,-0.0012411999998676038,-0.0012411999998676038,-0.0014654202889834,-0.0015224354310978995,-0.0012411999998676038
74.819251,-0.0012411999998676038,-0.0020391999998537356,-0.0015098045644859346,-0.0015534377620961583,-0.0012411999998676038
74.83925,-0.0012411999998676038,-0.0008991999998670507,-0.0012784477684195607,-0.0012784027970655179,-0.0012411999998676038
74.85925,-0.0033311999998204556,-0.0005191999998714891,-0.0008403148870990845,-0.0007491487178173538,-0.0012411999998676038
74.87925,0.002558800000088013,-0.00013919999987592745,-0.00030144621898344024,5.0268531590295885e-05,0.0006588000001102046
74.89925,0.0006588000001102046,0.0002408000001196342,0.00022964845399312244,0.0004732289045449349,0.0006588000001102046
74.91925,0.0006588000001102046,0.0010388000001057662,0.0006725289232461264,0.0003000587413773768,0.0006588000001102046
74.93925,0.0006588000001102046,0.0006588000001102046,0.000987836495932428,0.0006588000001102063,0.0006588000001102046
74.959249,0.0006588000001102046,0.0002788000001146429,0.001169833912694489,0.0011769818182817335,0.0006588000001102046
74.979249,0.0006588000001102046,0.001076800000100775,0.0012287453700443867,0.001282832634131896,0.0006588000001102046
74.999249,-0.0012411999998676038,0.0014568000000963366,0.0011785792869197936,0.0012558163171170079,0.0006588000001102046
75.019249,0.004648800000040865,0.0014568000000963366,0.0010396916051723664,0.0011008046621045129,0.0006588000001102046
75.039248,0.002558800000088013,0.0006968000001052133,0.0008507660024937545,0.0009209911422934107,0.0006588000001102046
75.059248,0.0006588000001102046,0.0011148000000957836,0.0006726872789866468,0.0006087533800563795,0.000848800000085248
75.079248,-0.003141199999845412,0.0003168000001096516,0.0005702445868692489,0.0006419701632714499,0.0006588000001102046
75.099248,0.000848800000085248,-2.519999989090138e-05,0.0005777994636749924,0.0006016671329710632,0.0006588000001102046
75.119248,0.0006588000001102046,0.00035480000010466026,0.0006732281490879251,0.00031201678332165773,0.000848800000085248
75.139247,0.000848800000085248,0.0011148000000957836,0.0007814046223023105,0.0005272615385630516,0.000848800000085248
75.159247,0.002558800000088013,0.0011148000000957836,0.0008074672112688418,0.0011650237763199624,0.000848800000085248
75.179247,0.0006588000001102046,0.0006968000001052133,0.0006806184701435528,0.0011650237763231423,0.000848800000085248
75.199247,0.000848800000085248,0.0006588000001102046,0.00038485312277010197,0.00015257622389356045,0.0006588000001102046
75.219247,-0.0014311999998426472,-0.0004811999998764804,-3.685771262522829e-05,-0.00016541911410188043,0.0006588000001102046
75.239246,0.0006588000001102046,-0.0008611999998720421,-0.000502721195366761,-0.0005945799532561711,-0.0012411999998676038
75.259246,-0.003141199999845412,-0.0008611999998720421,-0.000922907881294031,-0.0010458853145547255,-0.0012411999998676038
75.279246,-0.0012411999998676038,-0.0008611999998720421,-0.0012250857158156345,-0.0010835310021970585,-0.0012411999998676038
75.299246,0.000848800000085248,-0.0012791999998626124,-0.001365422320815381,-0.0013249062935671463,-0.0014311999998426472
75.319246,-0.0014311999998426472,-0.0008991999998670507,-0.0013268652265597584,-0.0011672372959029577,-0.0012411999998676038
75.339245,-0.0014311999998426472,-0.0008991999998670507,-0.0011146641234753931,-0.001105675524339202,-0.0012411999998676038
75.359245,-0.0012411999998676038,-0.0009371999998620595,-0.0007572931880134546,-0.0005702209788887361,-0.0012411999998676038
75.379245,-0.0012411999998676038,-0.0005191999998714891,-0.00031094739684938083,-0.0006658853145526968,-0.0012411999998676038
75.399245,0.0006588000001102046,-0.00010119999988091876,0.00014184768174494214,-7.019766887704203e-05,0.0006588000001102046
75.419245,0.0006588000001102046,0.0003168000001096516,0.0005068355308483956,0.0006543710956739336,0.0006588000001102046
75.439245,0.0006588000001102046,0.0011148000000957836,0.0007040584468759097,0.0008975179488153505,0.0006588000001102046
75.459244,0.000848800000085248,0.000734800000100222,0.0006952518007442625,0.0006867020980028094,0.0006588000001102046
75.479244,0.0027488000000630564,0.00035480000010466026,0.000499882069683928,0.00041653892784279385,0.0006588000001102046
75.499244,-0.0012411999998676038,-2.519999989090138e-05,0.00019054601306930623,0.0001862358975435128,-0.0012411999998676038
75.519243,-0.0012411999998676038,-6.319999988591007e-05,-0.0001327445141495203,-4.206992895033803e-06,-0.0012411999998676038
75.539243,-0.0012411999998676038,-0.0004811999998764804,-0.0003784644747568166,-0.00042938181806171413,-0.0012411999998676038
75.559243,0.0006588000001102046,-0.0004811999998764804,-0.0004925846246478701,-0.0006862582749309313,-0.0012411999998676038
75.579246,0.0006588000001102046,-0.0004811999998764804,-0.00046933271876399503,-0.0005591487178242895,-0.0012411999998676038
75.599243,-0.0012411999998676038,-0.00010119999988091876,-0.0003449686875753591,-0.0003859785546556714,0.0006588000001102046
75.619242,-0.0012411999998676038,-0.00010119999988091876,-0.00018286315994340093,0.00017250629382260265,0.0006588000001102046
75.639242,0.0006588000001102046,-0.0005191999998714891,-5.538975206308831e-05,-8.437016304714459e-05,-0.0012411999998676038
75.659242,0.0006588000001102046,0.0002408000001196342,-2.372354910682932e-05,-0.00019509277376581244,0.0006588000001102046
75.679242,-0.0014311999998426472,-0.00017719999987093616,-0.00011793697081840938,-0.00014371748239143888,0.0006588000001102046
75.699242,0.002558800000088013,-0.00017719999987093616,-0.0003238655718979786,-9.72139858855703e-05,0.0006588000001102046
75.719242,-0.0033311999998204556,-0.0005571999998664978,-0.0005835179476095248,-0.0005494051280681995,-0.0012411999998676038
75.739241,0.0006588000001102046,-0.0005571999998664978,-0.0008109894133707247,-0.0007708503495134849,-0.0012411999998676038
75.759241,-0.0012411999998676038,-0.0013171999998576212,-0.0009192728704007478,-0.0011207337993965594,-0.0012411999998676038
75.779241,-0.0014311999998426472,-0.0004811999998764804,-0.0008488712990155953,-0.0008372839159547558,-0.0012411999998676038
75.799241,-0.0012411999998676038,-0.0008611999998720421,-0.0005883116834228028,-0.0009263048949757025,-0.0012411999998676038
75.819241,0.000848800000085248,-0.00010119999988091876,-0.00017897352790888422,8.747132878714653e-05,-0.0012411999998676038
75.83924,-0.0012411999998676038,0.0003168000001096516,0.00029843278442703717,0.0003129025642142124,0.0006588000001102046
75.85924,0.002558800000088013,0.001076800000100775,0.0007515665066875072,0.0007819235432287077,0.000848800000085248
75.87924,0.0006588000001102046,0.001076800000100775,0.0011079705835802492,0.001486119347411519,0.000848800000085248
75.89924,0.002558800000088013,0.0014568000000963366,0.0013375472513557308,0.0013793827506772816,0.000848800000085248
75.91924,0.000848800000085248,0.0014948000000913452,0.0014561631597982945,0.0012310144523115106,0.000848800000085248
75.939239,0.0006588000001102046,0.0011148000000957836,0.0015088243377795179,0.0013798256411185236,0.000848800000085248
75.959239,0.0027488000000630564,0.0011148000000957836,0.0015408011099831548,0.001470175291469557,0.000848800000085248
75.979239,-0.0012411999998676038,0.0014568000000963366,0.001571131084835073,0.001569825641117948,0.002558800000088013
75.999239,0.002558800000088013,0.0018368000000918983,0.0015818000183037615,0.0011884969697964324,0.002558800000088013
76.019238,0.002558800000088013,0.001076800000100775,0.0015280300143195545,0.0016181006993951457,0.002558800000088013
76.039238,0.002558800000088013,0.0014568000000963366,0.0013637478804920842,0.0015946275059176152,0.002558800000088013
76.059238,-0.0010511999998925603,0.0014948000000913452,0.0010681524724536677,0.0012181706294683147,0.002558800000088013
76.079238,0.0006588000001102046,0.000734800000100222,0.0006607338732346027,0.0010325995338988031,0.0006588000001102046
76.099238,0.0027488000000630564,-6.319999988591007e-05,0.00020042634640059066,-6.621165489579167e-05,-0.0010511999998925603
76.119238,-0.0012411999998676038,-0.00010119999988091876,-0.00022945033575053135,-0.00036737715605777613,-0.0012411999998676038
76.139237,-0.0014311999998426472,-0.0004811999998764804,-0.0005469803063686418,-0.0007039738926495221,-0.0012411999998676038
76.159237,-0.0012411999998676038,-0.0008611999998720421,-0.0007008857019882005,-0.0006286825173569062,-0.0012411999998676038
76.179237,-0.0012411999998676038,-0.0008611999998720421,-0.000690548168859662,-0.0007035310022061599,-0.0012411999998676038
76.199237,0.000848800000085248,-0.00044319999988147175,-0.0005655969619873043,-0.0006614564101312641,-0.0012411999998676038
76.219237,-0.0012411999998676038,-6.319999988591007e-05,-0.0004043436992891134,-0.00031777342645579167,0.0006588000001102046
76.239236,0.0006588000001102046,-6.319999988591007e-05,-0.00028180603960740775,-8.304149172818785e-05,0.0006588000001102046
76.259236,0.0006588000001102046,-0.0004811999998764804,-0.00024239883155849945,-6.576876445242927e-05,-0.0012411999998676038
76.279236,-0.0012411999998676038,-0.00010119999988091876,-0.00028855920078585975,-0.00038952167819779956,0.0006588000001102046
76.299236,-0.0012411999998676038,-0.0004811999998764804,-0.0003879465650619103,-0.0005002442889191173,-0.0012411999998676038
76.319236,0.0006588000001102046,-0.0008611999998720421,-0.0004929448204042011,-0.00039793659661638265,-0.0012411999998676038
76.339236,-0.0012411999998676038,-0.00044319999988147175,-0.0005619223344753794,-0.0008120391607154364,-0.0012411999998676038
76.359235,-0.0012411999998676038,-0.00044319999988147175,-0.0005737918847168195,-0.0008053958040729523,-0.0012411999998676038
76.379235,0.000848800000085248,-0.0008231999998770334,-0.0005323362366179887,-0.0005374470861276282,-0.0012411999998676038
76.399235,-0.0012411999998676038,-0.00044319999988147175,-0.0004607579071244318,-9.234219102766564e-05,-0.0012411999998676038
76.419235,-0.0012411999998676038,-6.319999988591007e-05,-0.0003893292215917281,-0.0004072372959163905,0.0006588000001102046
76.439234,0.0006588000001102046,-0.00010119999988091876,-0.0003403371095176152,-0.00010607179475546598,0.0006588000001102046
76.459234,0.0006588000001102046,-0.0004811999998764804,-0.0003157523604380315,-0.00030980139848269087,0.0006588000001102046
76.479234,0.0006588000001102046,-6.319999988591007e-05,-0.00029444891057242036,-0.0006596848483609951,0.0006588000001102046
76.499234,-0.003141199999845412,-0.00044319999988147175,-0.00024365148681752724,-7.905547774110749e-05,0.0006588000001102046
76.519233,0.000848800000085248,-0.00044319999988147175,-0.00014061419075877177,-0.00010341445210006249,0.0006588000001102046
76.539233,-0.0012411999998676038,-6.319999988591007e-05,8.706185483867936e-06,-3.919533788143318e-05,0.0006588000001102046
76.559233,0.0006588000001102046,0.0003168000001096516,0.00016692220455670546,-4.583869452391714e-05,0.0006588000001102046
76.579233,0.002558800000088013,0.0002788000001146429,0.0002803924925056159,0.00027968578099808224,0.0006588000001102046
76.599233,-0.0012411999998676038,0.0002788000001146429,0.0003022057113472309,0.00041919627050879764,0.0006588000001102046
76.619233,0.0006588000001102046,0.0002788000001146429,0.00020974707670334505,-3.0337529017367582e-05,0.0006588000001102046
76.639232,-0.0012411999998676038,-0.0004811999998764804,1.0657450703059668e-05,0.00034257622388821464,-0.0012411999998676038
76.659232,0.0006588000001102046,-0.00010119999988091876,-0.00025979983034470593,-0.00016453333321303574,0.0006588000001102046
76.679232,-0.0012411999998676038,-0.00010119999988091876,-0.0005443328050233996,-0.0005299179485915297,0.0006588000001102046
76.699232,0.0006588000001102046,-0.0005191999998714891,-0.0007711456949398674,-0.0006251393938105377,0.0006588000001102046
76.719232,0.0006588000001102046,-0.0008991999998670507,-0.0008675928322829635,-0.0011278200464845257,-0.0012411999998676038
76.739231,-0.0033311999998204556,-0.0008991999998670507,-0.0007832431233173103,-0.0010015962702619582,-0.0012411999998676038
76.759231,-0.0012411999998676038,-0.0008991999998670507,-0.0005167710657453562,-0.0006937874124569599,-0.0012411999998676038
76.779231,-0.0012411999998676038,-0.0005191999998714891,-0.00013059883323587775,7.019860151933797e-05,-0.0012411999998676038
76.799231,0.0006588000001102046,0.0006588000001102046,0.0002630407790056332,0.0005285902099042688,0.0006588000001102046
76.819231,0.002558800000088013,0.0010388000001057662,0.0005455490686462891,0.0005502918416057,0.0006588000001102046
76.839231,0.002558800000088013,0.0010388000001057662,0.0006443507027778111,0.0008177976691055417,0.0006588000001102046
76.85923,0.0006588000001102046,0.0002788000001146429,0.0005634696599529098,0.0003208745921878434,0.0006588000001102046
76.87923,-0.0012411999998676038,-6.319999988591007e-05,0.00037294564581572486,0.00043381165511802237,0.0006588000001102046
76.89923,-0.003141199999845412,-0.00040519999988646304,0.0001647399782021914,0.00015080466210845103,0.0006588000001102046
76.91923,0.000848800000085248,1.2800000104107311e-05,5.48372678475094e-06,-0.00035231888100730905,0.000848800000085248
76.939229,0.000848800000085248,1.2800000104107311e-05,-8.394810676438123e-05,-0.00017737715606895197,0.000848800000085248
76.959229,0.0027488000000630564,0.00035480000010466026,-0.00011549862797430496,1.99347329984801e-06,0.000848800000085248
76.979229,-0.0012411999998676038,0.00035480000010466026,-0.0001067652500969514,0.00023008205138761768,0.000848800000085248
76.999229,-0.0014311999998426472,-6.319999988591007e-05,-6.45402733798017e-05,0.0002473547786654963,-0.0012411999998676038
77.019228,0.000848800000085248,-0.0004811999998764804,1.1625813173711054e-05,-0.00018224895093056685,-0.0012411999998676038
77.039228,-0.0012411999998676038,-0.00010119999988091876,0.00011538126151341566,-2.236550104903689e-05,0.0006588000001102046
77.059228,0.0006588000001102046,0.00035480000010466026,0.0002244364005005249,-0.00012157296025671558,0.0006588000001102046
77.079228,0.0006588000001102046,0.0003168000001096516,0.0003045192107287477,0.0003306181819259133,0.0006588000001102046
77.099228,0.000848800000085248,0.0003168000001096516,0.0003238889916560301,0.0005365622378667694,0.0006588000001102046
77.119228,0.0006588000001102046,0.0003168000001096516,0.00026920018665167755,0.00021236643368121696,0.0006588000001102046
77.139229,-0.0012411999998676038,0.0003168000001096516,0.00015376546901008087,0.000423182284491108,0.0006588000001102046
77.159227,0.0006588000001102046,-0.00010119999988091876,1.5013626182617702e-05,-3.5652214336654955e-05,0.0006588000001102046
77.179227,0.0006588000001102046,-6.319999988591007e-05,-9.617470761212362e-05,-0.0003346032632860681,0.0006588000001102046
77.199227,-0.0012411999998676038,-6.319999988591007e-05,-0.00012988821381130198,4.207925520899336e-06,0.0006588000001102046
77.219227,0.000848800000085248,-2.519999989090138e-05,-5.2073746331798786e-05,9.987226118062003e-05,0.0006588000001102046
77.239226,-0.0012411999998676038,0.00035480000010466026,0.00014332099613529266,0.00014416130546861705,0.000848800000085248
77.259226,0.000848800000085248,0.00035480000010466026,0.0004288875629458919,0.00010873007003832526,0.000848800000085248
77.279226,0.002558800000088013,0.0003168000001096516,0.0007474994800975559,0.0007863524476543803,0.0006588000001102046
77.299226,-0.0012411999998676038,0.001076800000100775,0.0010243205047938365,0.0010804317017347584,0.000848800000085248
77.319226,0.0006588000001102046,0.0014188000001013278,0.0011842383241294635,0.0010427860140908355,0.002558800000088013
77.339226,0.002558800000088013,0.0006588000001102046,0.001172396762832234,0.001351037762337076,0.0006588000001102046
77.359225,0.002558800000088013,0.001076800000100775,0.0009740995177332426,0.0012075412588414003,0.000848800000085248
77.379225,-0.0012411999998676038,0.001076800000100775,0.000625965081355696,0.00050157389288196,0.000848800000085248
77.399225,0.000848800000085248,0.0003168000001096516,0.0002098091872931832,9.58862472025496e-05,0.0006588000001102046
77.419225,0.0006588000001102046,-0.0008611999998720421,-0.00017162852027572696,-0.00018534918403039275,-0.0012411999998676038
77.439225,-0.0012411999998676038,-0.0004811999998764804,-0.0004284683920774316,-0.0006260251747015026,0.0006588000001102046
77.459224,-0.0033311999998204556,-0.00010119999988091876,-0.0005133576793897058,-0.00042008111875958636,0.0006588000001102046
77.479224,0.0006588000001102046,-0.0004811999998764804,-0.000433715501339521,-0.0002167944054725438,-0.0012411999998676038
77.499224,0.0027488000000630564,-0.00010119999988091876,-0.0002403300637689134,-0.0003230881117660689,0.0006588000001102046
77.519224,-0.0012411999998676038,0.0003168000001096516,2.051017860090648e-07,-0.00022078041946439438,0.0006588000001102046
77.539223,0.0006588000001102046,0.00035480000010466026,0.0002316802205397624,0.0005564923077968718,0.0006588000001102046
77.559223,-0.0012411999998676038,-6.319999988591007e-05,0.0004202176711624739,0.000540991142294032,0.0006588000001102046
77.579223,0.000848800000085248,0.0006968000001052133,0.0005534360207587508,0.00032574638705528834,0.0006588000001102046
77.599223,0.0006588000001102046,0.0003168000001096516,0.0006366726797109868,0.0004364689977792561,0.0006588000001102046
77.619223,0.002558800000088013,0.001076800000100775,0.0006920425535743622,0.0009657230770279502,0.000848800000085248
77.639222,-0.0012411999998676038,0.0010388000001057662,0.00075716107981346,0.0008328559441613088,0.0006588000001102046
77.659222,0.002558800000088013,0.0010388000001057662,0.0008768639435653479,0.0012093128206137893,0.0006588000001102046
77.679222,0.0006588000001102046,0.0006968000001052133,0.0010856481196260346,0.0008107114220181051,0.0006588000001102046
77.699222,0.0006588000001102046,0.0014568000000963366,0.0013858089349575381,0.0010724596737605974,0.000848800000085248
77.719222,0.000848800000085248,0.001076800000100775,0.001731404690309898,0.0014794759907738049,0.0006588000001102046
77.739221,0.002558800000088013,0.0018368000000918983,0.002029146595772437,0.002274907226191724,0.000848800000085248
77.759221,0.0006588000001102046,0.00221680000008746,0.002162419715873505,0.0019272382285281109,0.002558800000088013
77.779221,0.004458800000065821,0.00221680000008746,0.002033954837079637,0.002119895571185059,0.002558800000088013
77.799221,0.002558800000088013,0.0014188000001013278,0.0016108594407008012,0.0018165156178110331,0.000848800000085248
77.819221,0.000848800000085248,0.0014188000001013278,0.0009503414676598482,0.0013802685315719562,0.000848800000085248
77.83922,-0.0014311999998426472,0.0002788000001146429,0.0001910870050893908,0.0003775645688783241,0.0006588000001102046
77.85922,0.0006588000001102046,-0.0004811999998764804,-0.0004884748437769391,-0.0007119459206189132,-0.0012411999998676038
77.87922,-0.0012411999998676038,-0.0012791999998626124,-0.0009287360879535284,-0.0016287291373908949,-0.0012411999998676038
77.89922,-0.0012411999998676038,-0.0012411999998676038,-0.0010429320552224329,-0.0011326918413588607,-0.0012411999998676038
77.919219,-0.003141199999845412,-0.0008611999998720421,-0.0008481314982788368,-0.0007783794870501138,-0.0012411999998676038
77.939219,-0.0012411999998676038,-0.00010119999988091876,-0.0004603626742336753,-0.00016231888100099443,-0.0012411999998676038
77.959219,0.002558800000088013,-0.00010119999988091876,-5.121240394535749e-05,2.1037762355415838e-05,-0.0012411999998676038
77.979219,0.002558800000088013,0.0006588000001102046,0.00021944934784086015,0.0004019235432367492,0.0006588000001102046
77.999219,-0.0012411999998676038,0.0006588000001102046,0.0002642836856189092,0.0002867720280865786,0.0006588000001102046
78.019218,0.0006588000001102046,-0.00010119999988091876,9.37683502620002e-05,0.0003532055945193693,-0.0012411999998676038
78.039218,-0.0012411999998676038,-0.0008611999998720421,-0.000202590714214439,-0.0002048363635160725,-0.0012411999998676038
78.059218,-0.0012411999998676038,-0.0004811999998764804,-0.000503818903288662,-0.001028612587282677,-0.0012411999998676038
78.079218,-0.0012411999998676038,-0.0008611999998720421,-0.0007077815283753594,-0.0011127617714308787,-0.0012411999998676038
78.099218,0.0006588000001102046,-0.0008611999998720421,-0.0007632886973329948,-0.0007318759905495453,-0.0012411999998676038
78.119218,-0.0012411999998676038,-0.0004811999998764804,-0.0006763739324281645,-0.0004882862469626461,-0.0012411999998676038
78.139217,-0.0012411999998676038,-0.00010119999988091876,-0.0004954197012306495,-6.311142179278562e-05,0.0006588000001102046
78.159217,0.0006588000001102046,-0.00010119999988091876,-0.0002855048331768717,-0.000133973892654429,0.0006588000001102046
78.179217,0.0006588000001102046,-0.00010119999988091876,-0.00010271052447171466,-0.00018269184137180888,0.0006588000001102046
78.199217,0.0006588000001102046,-0.00010119999988091876,2.2074826616029074e-05,-0.00025355431223345233,0.0006588000001102046
78.219217,-0.0012411999998676038,-0.00010119999988091876,8.390813583683235e-05,0.00017162051293640807,0.0006588000001102046
78.239217,-0.0012411999998676038,-0.00010119999988091876,9.159317209990036e-05,1.2179953497710387e-05,0.0006588000001102046
78.259216,0.0006588000001102046,-0.00010119999988091876,5.38060648365563e-05,-5.425361293508028e-05,0.0006588000001102046
78.279216,0.0006588000001102046,-0.00010119999988091876,-2.5040603578716444e-05,-2.768018636196398e-05,0.0006588000001102046
78.299216,0.0006588000001102046,0.0002788000001146429,-0.0001377680906824418,-0.00018269184137180888,0.0006588000001102046
78.319216,-0.0012411999998676038,-0.00010119999988091876,-0.0002652704943688092,4.318228449967941e-05,0.0006588000001102046
78.339215,0.0006588000001102046,-0.0004811999998764804,-0.0003754628508898454,-0.00028721398589082485,-0.0012411999998676038
78.359215,-0.0012411999998676038,-0.0004811999998764804,-0.00043322286476491314,-0.0006198247084981406,-0.0012411999998676038
78.379215,-0.0012411999998676038,-0.0004811999998764804,-0.0004160087983859139,-0.00042495291363286135,-0.0012411999998676038
78.399215,0.0006588000001102046,-0.00044319999988147175,-0.00032627994609611764,-0.00026108344976849096,-0.0012411999998676038
78.419214,-0.0012411999998676038,-2.519999989090138e-05,-0.00019375829779796084,-0.00024336783205520016,0.0006588000001102046
78.439214,0.000848800000085248,-2.519999989090138e-05,-6.61604066689218e-05,-0.0005320857807687287,0.0006588000001102046
78.459214,0.000848800000085248,-0.00040519999988646304,7.1249905063169915e-06,7.129417260154296e-05,-0.0012411999998676038
78.479214,-0.0012411999998676038,-2.519999989090138e-05,-8.561025683880968e-06,0.00039984895115149465,0.0006588000001102046
78.499214,-0.0012411999998676038,0.0003188000001046021,-0.00012151227549883833,0.00025427785558275446,0.0006588000001102046
78.519213,0.0006588000001102046,-9.919999988596828e-05,-0.00030788462342257314,-0.0002529249416099107,-0.0012411999998676038
78.539213,0.0025688000000627653,-0.0004791999998815299,-0.000513090143803177,-0.0008263515150282261,-0.0012411999998676038
78.559213,-0.0012411999998676038,-0.0008591999998770917,-0.0006656980024043629,-0.0009478200464964243,-0.0012411999998676038
78.579213,-0.003141199999845412,-0.0008211999998820829,-0.0007072162028810516,-0.0007882862469668421,-0.0012411999998676038
78.599213,-0.003141199999845412,-0.0012031999998725952,-0.0006271424055359719,-0.00078665454533449,-0.0012411999998676038
78.619213,0.000848800000085248,-0.0008231999998770334,-0.00047896610431874526,-0.0004770041956878788,0.0006588000001102046
78.639212,0.0006588000001102046,-6.319999988591007e-05,-0.000358503824201557,-0.000269894638575454,0.0006588000001102046
78.659212,0.0006588000001102046,0.0006968000001052133,-0.0003513109223458458,-0.000109614918297064,0.0006588000001102046
78.679212,0.0006588000001102046,-0.00013919999987592745,-0.0004796058139579521,4.539673671543091e-05,0.0006588000001102046
78.699212,0.0006588000001102046,-0.0008991999998670507,-0.000681852687378665,-0.0004665846152553847,0.0006588000001102046
78.719212,-0.0033311999998204556,-0.0008991999998670507,-0.0008392914392847387,-0.0011357920744528565,0.0006588000001102046
78.739211,-0.003141199999845412,-0.0012791999998626124,-0.0008362055909418571,-0.0015285892772478689,-0.0012411999998676038
78.759211,0.0006588000001102046,-0.0012411999998676038,-0.0006207200116365736,-0.0008056289043049341,-0.0012411999998676038
78.779211,-0.0012411999998676038,-0.00040519999988646304,-0.0002328598011301752,-0.00015819300688394718,0.0006588000001102046
78.799211,0.000848800000085248,0.0011548000000857427,0.00021363810395468914,0.0002826228439229598,0.000848800000085248
78.819211,0.000848800000085248,0.0007748000000901811,0.000583868164671826,0.0009716671329527591,0.000848800000085248
78.83921,0.004658800000015617,0.0007748000000901811,0.0007805992445515488,0.0011817137529974812,0.000848800000085248
78.85921,-0.0012411999998676038,0.0007748000000901811,0.0007801109106527534,0.0006767020979930763,0.000848800000085248
78.87921,-0.0012411999998676038,0.0007368000000951725,0.0006291668639591318,0.0005612009324973182,0.0006588000001102046
78.89921,0.000848800000085248,-0.00044319999988147175,0.00040961373690448884,0.00043217995348461037,-0.0012411999998676038
78.919209,0.0006588000001102046,-6.319999988591007e-05,0.00019395356159730665,-0.00018823962692307802,0.0006588000001102046
78.939209,-0.0012411999998676038,0.0003168000001096516,1.4890119182924394e-05,-0.0006808969695688519,0.0006588000001102046
78.959209,0.0006588000001102046,-0.0004811999998764804,-0.00014112136820558502,-2.1922610607264415e-05,0.0006588000001102046
78.979209,0.0006588000001102046,-0.0004811999998764804,-0.0003188466176736964,0.0002464689977983822,0.0006588000001102046
78.999209,-0.003141199999845412,-6.319999988591007e-05,-0.0005665314205226435,-0.0004687990674817363,0.0006588000001102046
79.019208,0.0006588000001102046,-0.00044319999988147175,-0.0009058824048278932,-0.0007185892772884274,0.0006588000001102046
79.039208,0.000848800000085248,-0.00162119999990864,-0.0013104966592484796,-0.0011880531467590052,-0.0012411999998676038
79.059208,-0.0012411999998676038,-0.0012411999999130785,-0.0017035190480095312,-0.0018169575756629805,-0.0012411999998676038
79.079208,-0.0052312000000256376,-0.002001199999904202,-0.0019808505931019392,-0.0023625519812504967,-0.0012411999998676038
79.099208,-0.0012411999998676038,-0.0024191999998947724,-0.0020529966054327834,-0.002060337529038499,-0.0012411999998676038
79.119208,-0.003141199999845412,-0.0024191999998947724,-0.0018843051063628746,-0.0019620857807809383,-0.0012411999998676038
79.139207,-0.0012411999998676038,-0.0008591999998770917,-0.0015073030854530363,-0.0013901743588633489,-0.0012411999998676038
79.159207,-0.0012411999998676038,-0.0004791999998815299,-0.0010046297968522948,-0.0007542769229575217,-0.0012411999998676038
79.179207,0.0025688000000627653,-9.919999988596828e-05,-0.00047034579436473095,-0.00021467319333919678,-0.0012411999998676038
79.199207,0.0006588000001102046,-9.919999988596828e-05,2.5870554391726758e-05,-2.196923065694693e-05,-0.0012411999998676038
79.219207,-0.0012411999998676038,0.0003188000001046021,0.00045069265403111625,0.0004984503497535829,0.0006588000001102046
79.239206,-0.0012411999998676038,0.0003188000001046021,0.0007915697843471437,0.0004156764569777304,0.0006588000001102046
79.259206,0.000848800000085248,0.00035680000009961075,0.0010309286957309255,0.0008436484849398513,0.000848800000085248
79.279206,0.0025688000000627653,0.0007748000000901811,0.0011345637973700032,0.0006553034965955003,0.000848800000085248
79.299206,0.000848800000085248,0.001536800000076255,0.0010653106187396126,0.0013364456877261923,0.000848800000085248
79.319206,0.000848800000085248,0.0011188000000856846,0.0008123544800440419,0.0013298023310842383,0.000848800000085248
79.339205,0.0025688000000627653,0.0007368000000951725,0.0004154510841179216,0.0008399421912339052,0.000848800000085248
79.359205,-0.0012411999998676038,-6.119999989095959e-05,-3.352229509753587e-05,-0.00013313473182480716,0.0006588000001102046
79.379205,0.0006588000001102046,-0.0004791999998815299,-0.0004173585002390269,-0.0007873538460314952,-0.0012411999998676038
79.399205,-0.003141199999845412,-0.0012411999998676038,-0.0006394245992270026,-0.0010891020977705189,-0.0012411999998676038
79.419204,-0.0012411999998676038,-0.0008611999998720421,-0.0006670355475015377,-0.0008226918413634821,-0.0012411999998676038
79.439204,-0.0012411999998676038,-0.0008611999998720421,-0.0005479586924514001,-0.0006032512819268073,-0.0012411999998676038
79.459204,0.0006588000001102046,0.0002808000001095934,-0.00038721436765852275,0.0003176111889385098,0.0006588000001102046
79.479204,0.0006588000001102046,0.0002808000001095934,-0.00029291011733459024,-0.0003317128203981527,0.0006588000001102046
79.499204,0.0025688000000627653,0.0002808000001095934,-0.0003193118550863862,5.698181827232311e-05,0.0006588000001102046
79.519203,-0.0012411999998676038,-0.0008971999999175751,-0.000439802513546473,-0.0004210834497991374,-0.0012411999998676038
79.539203,-0.0012411999998676038,-0.0005151999999270628,-0.0005666690208443245,-0.0006777268064496231,-0.0012411999998676038
79.559203,-0.0052312000000256376,-0.0012771999999131368,-0.0006063395715836111,-0.0007815962703234367,-0.0012411999998676038
79.579203,0.0025688000000627653,-0.0008591999999225663,-0.0005162143210673067,-0.0009439505826706505,-0.0012411999998676038
79.599203,-0.0012411999998676038,-0.00047919999992700467,-0.00032967264107811907,-0.0008968410255485916,0.0006588000001102046
79.619203,0.000848800000085248,0.0002808000001095934,-0.0001383850653011752,-2.3857342565732114e-05,0.0006588000001102046
79.639202,0.0006588000001102046,-0.00010119999988091876,-4.640683934140981e-05,0.0005274013987020288,0.0006588000001102046
79.659202,-0.0014311999998426472,0.0003168000001096516,-0.00012102996516579997,0.000506655477981986,0.0006588000001102046
79.679202,0.0006588000001102046,-0.00010119999988091876,-0.0003605474414331002,-0.0004891254077996881,0.0006588000001102046
79.699202,0.000848800000085248,-0.0008991999998670507,-0.000689236840680159,-0.0007389622376316815,-0.0012411999998676038
79.719202,-0.0012411999998676038,-0.0008611999998720421,-0.0009816223029237303,-0.0012062116548759076,-0.0012411999998676038
79.739201,-0.0033311999998204556,-0.0012411999998676038,-0.0011097430048161417,-0.0012283561770228214,-0.0012411999998676038
79.759201,-0.0012411999998676038,-0.0012411999998676038,-0.0009965272283741988,-0.0009807804194530817,-0.0012411999998676038
79.779201,-0.0012411999998676038,-0.0008611999998720421,-0.0006514883696880645,-0.0008793585080344216,-0.0012411999998676038
79.799201,0.000848800000085248,-2.519999989090138e-05,-0.000170949990535697,-0.0003943934730774347,0.0006588000001102046
79.819201,0.0006588000001102046,0.000392800000099669,0.0002973750657251982,0.0004825296038316924,0.000848800000085248
79.8392,0.000848800000085248,0.0007728000000952306,0.0006086309668200321,0.000989639160930293,0.000848800000085248
79.8592,0.000848800000085248,0.000734800000100222,0.0006710580972996607,0.0008186834499779561,0.0006588000001102046
79.8792,0.0006588000001102046,0.000392800000099669,0.0004746159900637443,0.0005396624709618253,0.0006588000001102046
79.8992,0.0006588000001102046,-2.519999989090138e-05,9.058995089888285e-05,-2.280839149875914e-05,0.0006588000001102046
79.9192,-0.0010511999998925603,-0.00044319999988147175,-0.0003553300182767398,-0.0007451160837949013,-0.0010511999998925603
79.939199,-0.0012411999998676038,-0.0008231999998770334,-0.0007260935756503835,-0.0007551393938162252,-0.0012411999998676038
79.959199,-0.0012411999998676038,-0.0012031999998725952,-0.0009169137535060761,-0.0009367477854192576,-0.0012411999998676038
79.979199,-0.0012411999998676038,-0.0004791999998815299,-0.0008838012410872825,-0.0008438806525602777,-0.0012411999998676038
79.999199,-0.0012411999998676038,-0.0004791999998815299,-0.0006477318770754851,-0.000554836363522293,-0.0012411999998676038
80.019198,0.0025688000000627653,-5.9199999896009103e-05,-0.0002760440313812223,-5.3670862363341075e-05,-0.0012411999998676038
80.039198,-0.0012411999998676038,0.0003208000000995526,0.00014720547264156263,0.00012066480197101546,0.0006588000001102046
80.059198,0.0008588000000600005,0.0007008000000951142,0.000546847461094693,0.000604231235527102,0.0006588000001102046
80.079198,0.0006588000001102046,0.0003188000001046021,0.0008689609033918506,0.001082669463957861,0.0006588000001102046
80.099198,0.0006588000001102046,0.0011188000000856846,0.0010809254604694839,0.0008332289045232574,0.0006588000001102046
80.119197,0.0006588000001102046,0.0010788000000957255,0.0011663178000423122,0.0008950004662952137,0.0006588000001102046
80.139197,0.002758800000037809,0.0006988000001001638,0.0011208873215419592,0.0012679841492737297,0.0006588000001102046
80.159197,0.0006588000001102046,0.001080800000090676,0.0009510033566923135,0.0007536484849481858,0.0006588000001102046
80.179197,-0.0012411999998676038,0.0007008000000951142,0.0006725303107845443,0.0006353501166479769,0.0006588000001102046
80.199197,0.0025688000000627653,-9.919999988596828e-05,0.00030890074682213454,0.0005157463870462328,-0.0012411999998676038
80.219197,-0.0012411999998676038,-9.919999988596828e-05,-0.00011035355456548291,-0.00029031421899436085,-0.0012411999998676038
80.239196,-0.0012411999998676038,-9.919999988596828e-05,-0.0005493722913943349,-0.0005630414917157153,-0.0012411999998676038
80.259197,0.0006588000001102046,-0.0012791999998626124,-0.000965030567498367,-0.0007763282050050706,-0.0012411999998676038
80.279196,-0.0012411999998676038,-0.0008591999998770917,-0.0013080518827552233,-0.001055582284255833,-0.0012411999998676038
80.299196,-0.0033311999998204556,-0.0012391999998726533,-0.001529103837964613,-0.0015682163168824516,-0.0012411999998676038
80.319196,0.0008588000000600005,-0.001619199999868215,-0.0015907283329472666,-0.0015719226105878677,-0.0012411999998676038
80.339195,-0.003141199999845412,-0.001619199999868215,-0.0014821505784113418,-0.0016543235429932917,-0.0012411999998676038
80.359195,-0.0012411999998676038,-0.0012371999998777028,-0.0012310493554687236,-0.0014229715616477078,-0.0012411999998676038
80.379195,-0.0012411999998676038,-0.0012371999998777028,-0.0009055383898990917,-0.0010373072259898144,-0.0012411999998676038
80.399195,-0.0014211999998678948,-0.00047719999988657944,-0.0006010964386686735,-0.000497330536019611,-0.0012411999998676038
80.419195,0.0008588000000600005,-0.00047719999988657944,-0.00041246528300450686,-0.00015513939380889307,-0.0012411999998676038
80.439194,0.0006588000001102046,-9.719999989101779e-05,-0.0003992196569885355,-8.346107215624896e-05,0.0006588000001102046
80.459194,-0.0012411999998676038,-6.119999989095959e-05,-0.0005605791493634943,-0.0007632979019960057,0.0006588000001102046
80.479194,0.0006588000001102046,-0.0012791999999080873,-0.0008338455581548739,-0.0009275170162271638,-0.0012411999998676038
80.499194,-0.0012411999998676038,-0.001659199999903649,-0.0011204222331210026,-0.001340454079166309,-0.0012411999998676038
80.519193,-0.0052312000000256376,-0.001239199999918128,-0.0013286631733849656,-0.0013467244754388945,-0.0012411999998676038
80.539193,-0.0012411999998676038,-0.0016191999999136896,-0.001411686354749189,-0.001424813053527481,-0.0012411999998676038
80.559193,0.0008588000000600005,-0.001239199999918128,-0.0013791662340902216,-0.0014756289043342862,-0.0012411999998676038
80.579193,-0.0012411999998676038,-0.0008591999998770917,-0.0012782715770605216,-0.001147563636260949,-0.0012411999998676038
80.599193,0.0006588000001102046,-0.0008591999998770917,-0.0011598104265283697,-0.0010274004660736158,-0.0012411999998676038
80.619193,-0.0033311999998204556,-0.0008991999998670507,-0.0010531092372592862,-0.0007767011653558889,-0.0012411999998676038
80.639192,-0.0012411999998676038,-0.0013171999998576212,-0.0009617303382521697,-0.001009661538329654,-0.0012411999998676038
80.659192,0.0006588000001102046,-0.0012771999998676619,-0.0008749010035051646,-0.0010411300697955863,-0.0012411999998676038
80.679192,-0.0033311999998204556,-0.0004791999998815299,-0.0007815987739845237,-0.0007604773891529335,0.0006588000001102046
80.699192,0.0008588000000600005,-0.0004791999998815299,-0.000677974188820664,-0.001060151048823663,0.0006588000001102046
80.719192,0.0006588000001102046,-0.0008591999998770917,-0.000566948928128542,-0.0003226452213295968,-0.0012411999998676038
80.739191,-0.0012411999998676038,-0.00044119999988652127,-0.00045481751452701897,-0.00031576876445354096,-0.0012411999998676038
80.759191,-0.0012411999998676038,-9.919999988596828e-05,-0.00035013015345802806,-0.0004697547784408644,-0.0012411999998676038
80.779191,-0.0012411999998676038,-0.00047719999988657944,-0.0002649485622912985,-3.900885770337386e-05,-0.0012411999998676038
80.799191,0.0025688000000627653,-0.00047519999989162896,-0.00021379040733639833,-0.0005636941723789382,-0.0012311999998928513
80.819191,-0.0012311999998928513,-9.319999990111682e-05,-0.0002078433127867608,-0.00029914871784789544,-0.0012311999998928513
80.83919,-0.0012311999998928513,-9.119999990616633e-05,-0.0002480262737038178,-0.00019346107216738093,-0.0012311999998928513
80.85919,0.000668800000084957,-0.0004331999999067193,-0.0003215468028573354,-7.064055935220476e-05,-0.0012311999998928513
80.87919,-0.0012311999998928513,-0.0004331999999067193,-0.0004025830589927468,-0.00017451002322177808,-0.0012311999998928513
80.89919,0.0008588000000600005,-5.319999991115765e-05,-0.00045569563113766524,-0.0008241836828860075,0.000668800000084957
80.919189,-0.0012311999998928513,-0.0004331999999067193,-0.000442428745344439,-0.0001753491840588202,-0.0012311999998928513
80.939189,0.000668800000084957,-0.0004331999999067193,-0.0003325555087951635,-0.0003901510488573817,-0.0012311999998928513
80.959189,-0.0012311999998928513,-9.119999990616633e-05,-0.00011857115967939292,-0.0002727850814914599,-0.0012311999998928513
80.979189,-0.0012311999998928513,-9.119999990616633e-05,0.00017268410940255612,-2.6980885688279352e-05,-0.0012311999998928513
80.999189,0.0025688000000627653,0.0002888000000893953,0.00047961686103350267,0.0006218536131410283,-0.0012311999998928513
81.019188,-0.0012311999998928513,0.000668800000084957,0.000721333328418421,0.0007928093240928347,0.000668800000084957
81.039188,0.0025688000000627653,0.0014288000000760802,0.0008251276639677904,0.0006776578089426643,0.0025688000000627653
81.059188,0.000668800000084957,0.0002888000000893953,0.0007545584717082012,0.0011461892774646447,0.000668800000084957
81.079188,0.0025688000000627653,0.000668800000084957,0.0005247451545534267,0.0005450237763111848,0.000668800000084957
81.099188,-0.0031311999998706597,0.0002888000000893953,0.00019665571781373457,-0.00016220233090275915,0.000668800000084957
81.119188,0.000668800000084957,-0.0005111999998916872,-0.00014722199608803704,-7.022097891778355e-05,0.000668800000084957
81.139187,0.000668800000084957,-0.0008911999998872488,-0.00043334678190853985,-0.0005666079252996449,0.000668800000084957
81.159187,-0.0033311999998204556,-0.0001311999998961255,-0.0006192410505479534,-0.0007261650348561883,0.000668800000084957
81.179187,0.000668800000084957,-0.00047319999989667847,-0.0006993124681080184,-0.0004878200465198829,0.000668800000084957
81.199187,0.000668800000084957,-0.0008531999998922402,-0.0006954845209502273,-0.0003959552446516933,-0.0010411999999178079
81.219187,-0.0010411999999178079,-5.319999991115765e-05,-0.0006408352993337573,-0.0008745100232024182,0.000668800000084957
81.239186,-0.0012311999998928513,-0.0008531999998922402,-0.0005667916586833142,-0.0006085426572408636,-0.0010411999999178079
81.259186,0.000668800000084957,-0.0008151999998972315,-0.0004995809717321425,-0.00045106013976215447,-0.0010411999999178079
81.279186,-0.0033311999998204556,-0.00047319999989667847,-0.00046278951357674457,-0.0004768177155167098,0.000668800000084957
81.299186,0.0008588000000600005,-0.00047319999989667847,-0.0004779093614734173,-0.0003359086246141039,0.000668800000084957
81.319185,0.000668800000084957,-0.0004351999999016698,-0.0005579186863524224,-0.000664789743484802,0.000668800000084957
81.339185,-0.0012311999998928513,-0.0003951999999117106,-0.0006974212862996791,-0.0007664447551418039,0.000668800000084957
81.359185,0.0008588000000600005,-0.0012331999998878018,-0.0008689756280095602,-0.0012954657341585163,-0.0012311999998928513
81.379185,-0.0031311999998706597,-0.0011951999998927932,-0.0010320869562015285,-0.00046085034954036666,-0.0012311999998928513
81.399185,-0.0033311999998204556,-0.0011951999998927932,-0.0011503290288804805,-0.0012826452213375117,-0.0012311999998928513
81.419184,0.0008588000000600005,-0.0008531999998922402,-0.0012034189446592884,-0.0012186825173916055,-0.0012311999998928513
81.439184,-0.0012311999998928513,-0.0012731999999232358,-0.0011846632747306248,-0.0011746265733461902,-0.0012311999998928513
81.459184,0.0025688000000627653,-0.0004731999999421532,-0.0010884894364509305,-0.0009750927738206064,0.000668800000084957
81.479184,-0.0052312000000256376,-0.0008911999999327236,-0.0009034304244468566,-0.0009146032633364752,-0.0012311999998928513
81.499184,0.000668800000084957,-0.0005111999999371619,-0.0006205638742307302,-0.0003598247085678573,0.000668800000084957
81.519184,-0.0012311999998928513,-0.0012711999999282853,-0.0002513736179113207,-0.0006468643355914013,-0.0012311999998928513
81.539183,0.000668800000084957,0.0007068000000799657,0.00016068973543342913,0.00016907972034796952,0.000668800000084957
81.559183,-0.0012311999998928513,0.00032680000008440403,0.0005459440658349903,0.0003200354313158204,-0.0012311999998928513
81.579183,0.004658800000015617,0.001124800000070536,0.0008301988326356404,0.001198007459292451,0.000668800000084957
81.599183,-0.0012311999998928513,0.0007448000000749744,0.0009610686073838621,0.001152436363704439,-0.0012311999998928513
81.619183,0.002758800000037809,0.0011628000000655446,0.0009247233004531885,0.0007560494173213261,0.0008588000000600005
81.639182,-0.0012311999998928513,0.0003648000000794127,0.0007449239650837103,0.00043495384623029934,0.000668800000084957
81.659182,0.0008588000000600005,-1.5199999916148954e-05,0.00046728999915392845,0.0006231822844589247,0.000668800000084957
81.679182,0.000668800000084957,-5.319999991115765e-05,0.00013985615662201302,-0.00011865920736992951,0.000668800000084957
81.699182,-0.0031311999998706597,0.00032680000008440403,-0.00019893417630206193,2.1294172582558097e-05,0.000668800000084957
81.719182,0.0025688000000627653,-0.000471199999901728,-0.0005200861516945718,-0.0005633212120222896,0.000668800000084957
81.739181,0.000668800000084957,-0.0008511999998972897,-0.0007959819566056393,-0.0006913165500161861,-0.0012311999998928513
81.759181,-0.0031311999998706597,-0.000471199999901728,-0.000995065732889269,-0.0009326918413862739,-0.0012311999998928513
81.779181,-0.0012311999998928513,-0.0012311999998928513,-0.001087720482649843,-0.0007528783215767616,-0.0012311999998928513
81.799181,-0.0012311999998928513,-0.0012311999998928513,-0.0010607315142179387,-0.001331293239983018,-0.0012311999998928513
81.81918,-0.0012311999998928513,-0.0008511999998972897,-0.0009286967619509679,-0.0014043701630614728,-0.0012311999998928513
81.83918,0.000668800000084957,-0.0012311999998928513,-0.0007329515673010667,-0.000913204661901654,-0.0012311999998928513
81.85918,-0.0012311999998928513,-5.319999991115765e-05,-0.0005278153573293517,9.565314693664749e-05,-0.0012311999998928513
81.87918,-0.0031311999998706597,-5.319999991115765e-05,-0.0003603107451620247,3.811655098599114e-06,-0.0012311999998928513
81.89918,0.004658800000015617,-1.5199999916148954e-05,-0.0002506009384834875,-0.0005599179486201985,-0.0012311999998928513
81.91918,-0.0012311999998928513,-0.0004351999999016698,-0.00018108998259380973,-0.0001326685313778038,-0.0012311999998928513
81.939179,0.0008588000000600005,-5.519999990610813e-05,-0.00010285856398257158,-0.000334533333237515,-0.0012311999998928513
81.959179,-0.0033311999998204556,-5.519999990610813e-05,3.8494908327172105e-05,-4.6965034018587015e-06,-0.0012311999998928513
81.979179,-0.0012311999998928513,-9.319999990111682e-05,0.0002703664638157725,0.00039357855487307897,-0.0012311999998928513
81.999179,0.004658800000015617,0.00024880000009943617,0.0005756128903991984,0.00022120093249765078,-0.0012311999998928513
82.019179,-0.0014211999998678948,0.0014288000000760802,0.0009019703311687888,0.0011452102564939257,0.0025688000000627653
82.039178,0.0025688000000627653,0.0018468000000666507,0.001190312537253643,0.0014073314686073768,0.0025688000000627653
82.059178,0.0025688000000627653,0.0010488000000805186,0.0014018878333717278,0.0016851869464524689,0.0008588000000600005
82.079178,0.0008588000000600005,0.0015048000000660977,0.0015285487640162346,0.0013295925408627872,0.0008588000000600005
82.099179,0.000668800000084957,0.001124800000070536,0.0015826088618575164,0.0011192195804904284,0.0008588000000600005
82.119177,0.0008588000000600005,0.0011628000000655446,0.001575869200358345,0.0018393594406167914,0.0008588000000600005
82.139177,0.000668800000084957,0.0015048000000660977,0.0015042307194506018,0.0012808745921411673,0.0008588000000600005
82.159177,0.002758800000037809,0.0015048000000660977,0.0013500889150027623,0.0011387067599792884,0.0008588000000600005
82.179177,0.0025688000000627653,0.0010868000000755274,0.0011009303737664388,0.0014930191142890955,0.000668800000084957
82.199177,0.000668800000084957,0.0010868000000755274,0.0007694939545648449,0.0009487067599819841,0.000668800000084957
82.219177,-0.0012311999998928513,0.0007068000000799657,0.00039951010619391255,0.0005788932401751677,0.000668800000084957
82.239176,0.000668800000084957,-0.0004331999999067193,5.230143479801821e-05,-7.83561770674229e-05,0.000668800000084957
82.259176,0.0008588000000600005,-0.0004331999999067193,-0.00021726657670677113,-0.0008312699299702641,0.000668800000084957
82.279176,-0.0031311999998706597,-0.0004331999999067193,-0.0003821513757461592,-0.0003835076922148978,0.000668800000084957
82.299176,0.000668800000084957,-0.0004331999999067193,-0.00045152241197255995,-0.00018199254070130422,0.000668800000084957
82.319176,-0.0012311999998928513,-9.119999990616633e-05,-0.0004616384347050273,-0.0002816428903491652,0.000668800000084957
82.339175,0.000668800000084957,-9.119999990616633e-05,-0.0004524745610126189,-0.0003635776222810854,0.000668800000084957
82.359175,0.0025688000000627653,-0.000471199999901728,-0.0004426633702778314,-0.00042779673649706454,-0.0012311999998928513
82.379175,-0.0031311999998706597,-9.119999990616633e-05,-0.0004193407700664013,-0.00020635151505442914,0.000668800000084957
82.399175,-0.0012311999998928513,-0.000471199999901728,-0.00035133102341479124,-0.00034586200456567456,-0.0012311999998928513
82.419174,0.000668800000084957,-0.0008511999998972897,-0.0002176574829581898,-0.0005119459206495064,-0.0012311999998928513
82.439174,-0.0012311999998928513,-5.319999991115765e-05,-3.247701182471985e-05,-0.0003458620045688547,0.000668800000084957
82.459174,0.000668800000084957,-5.319999991115765e-05,0.00014894209867369264,-9.119999991061861e-05,0.000668800000084957
82.479174,0.0008588000000600005,0.00032680000008440403,0.0002461459345146357,0.0005558629371425897,0.000668800000084957
82.499174,-0.0012311999998928513,0.00032680000008440403,0.00018346096847437663,0.0005983804196603177,0.000668800000084957
82.519174,0.0025688000000627653,-5.319999991115765e-05,-7.883124766998594e-05,-0.0003339039626081431,-0.0012311999998928513
82.539173,-0.0012311999998928513,-0.0005091999998967367,-0.0005250037781859726,-0.0004574703961705368,-0.0012311999998928513
82.559173,-0.0012311999998928513,-0.0013071999998828688,-0.0010847773726098129,-0.0010881463868347109,-0.0012311999998928513
82.579173,-0.0014211999998678948,-0.0016871999998784304,-0.0016547627588596083,-0.00196551235418084,-0.0012311999998928513
82.599173,-0.0052211999998235115,-0.002105199999869001,-0.002130511251785347,-0.0018162582749315249,-0.0014211999998678948
82.619172,0.000668800000084957,-0.0025231999998595713,-0.0024340946231934737,-0.0027418993005601513,-0.003321199999845703
82.639172,-0.003321199999845703,-0.0020671999998739922,-0.0025265822734863897,-0.0025558853145488678,-0.003321199999845703
82.659172,-0.003321199999845703,-0.0020671999998739922,-0.0024053835563442303,-0.0021794284380990373,-0.003321199999845703
82.679172,0.0008588000000600005,-0.0020671999998739922,-0.0020942779812683724,-0.0016966778553588614,-0.003321199999845703
82.699172,-0.0052211999998235115,-0.00126919999988786,-0.0016341197068178194,-0.001466817715503473,0.000668800000084957
82.719172,0.000668800000084957,-0.0008511999998972897,-0.0010775105451082052,-0.001248029836718891,0.000668800000084957
82.739171,0.000668800000084957,-0.00126919999988786,-0.00048653152180111876,-0.0008494284381258569,-0.0012311999998928513
82.759171,-0.0012311999998928513,0.0002888000000893953,6.872801234667412e-05,-0.00017224895095422426,0.000668800000084957
82.779171,-0.0012311999998928513,-9.119999990616633e-05,0.0005135243988348823,0.000394650815939453,-0.0012311999998928513
82.799171,0.0025688000000627653,0.000668800000084957,0.000777876144327081,0.001393811655086717,-0.0012311999998928513
82.81917,-0.0012311999998928513,0.0010488000000805186,0.0008151749508002819,0.000755606526892804,0.000668800000084957
82.83917,0.004468800000040574,0.00101080000008551,0.0006252687411096735,0.00021483729613312093,0.000668800000084957
82.85917,0.000668800000084957,-0.00012919999990117502,0.00026759821086852546,0.000569149650439748,-0.0012311999998928513
82.87917,-0.0014211999998678948,-0.00012919999990117502,-0.0001503779319828221,-6.418368288778e-05,-0.0012311999998928513
82.89917,-0.0031311999998706597,-0.000471199999901728,-0.0005102420690930756,-0.0007639505826480987,-0.0012311999998928513
82.919169,-0.0012311999998928513,-0.0012311999998928513,-0.0007267102986428892,-0.0006089389276398437,-0.0014211999998678948
82.939169,0.002758800000037809,-0.000813199999902281,-0.0007736555671112229,-0.0010385426572401468,-0.0012311999998928513
82.959169,-0.0031311999998706597,-5.319999991115765e-05,-0.0006804418833347204,-0.0007001743588754818,0.000668800000084957
82.979169,0.000668800000084957,-5.319999991115765e-05,-0.0005071330410283803,-0.0004942303029378055,0.000668800000084957
82.999169,0.000668800000084957,-0.0008511999998972897,-0.0003159628745577708,9.215664344367167e-05,-0.0012311999998928513
83.019169,-0.0012311999998928513,-5.319999991115765e-05,-0.00015168998541033386,7.709836838419438e-05,0.000668800000084957
83.039168,-0.0012311999998928513,0.00032680000008440403,-3.433023504993413e-05,-7.304149175184554e-05,0.000668800000084957
83.059168,0.0008588000000600005,-5.319999991115765e-05,3.8884501720338746e-05,-1.7361304452497743e-06,-0.0012311999998928513
83.079168,0.0025688000000627653,-9.119999990616633e-05,8.659037972457971e-05,-0.00029891561761591373,-0.0012311999998928513
83.099168,-0.0012311999998928513,-0.00012919999990117502,0.00013206767720142914,-0.00010404382274586445,-0.0012311999998928513
83.119168,-0.0014211999998678948,0.00021280000009937794,0.00018751333021918952,0.00022369510498976633,-0.0012311999998928513
83.139167,-0.0014211999998678948,-0.00012919999990117502,0.00024050852082676597,0.0006001519814427769,-0.0012311999998928513
83.159167,0.0025688000000627653,0.00025080000009438665,0.0002551115808405361,0.00026355524485050083,0.000668800000084957
83.179167,0.0008588000000600005,0.000668800000084957,0.00019235898704432768,-0.00011511608381879128,0.000668800000084957
83.199167,0.000668800000084957,0.00032680000008440403,3.801312402429346e-05,0.0002861426574280565,0.000668800000084957
83.219167,0.000668800000084957,-0.0004331999999067193,-0.00018327244095608233,0.00011120093248545934,0.000668800000084957
83.239166,-0.0031311999998706597,-0.0004331999999067193,-0.0004189419885392738,-0.0003210601397691875,0.000668800000084957
83.259166,-0.0012311999998928513,-0.0008511999998972897,-0.00061733003832685,-0.0011585659672609424,-0.0012311999998928513
83.279166,0.0008588000000600005,-0.0012311999998928513,-0.0007545045638098043,-0.001200640559332128,-0.0012311999998928513
83.299166,-0.0014211999998678948,-0.0008511999998972897,-0.0008426718324035839,-0.0006222256409253417,-0.0012311999998928513
83.319165,-0.0012311999998928513,-0.000471199999901728,-0.0009174402557385977,-0.0006948596735599041,-0.0012311999998928513
83.339165,-0.0012311999998928513,-0.0005091999998967367,-0.0010129014548024495,-0.0006040671327655085,-0.0012311999998928513
83.359165,0.000668800000084957,-0.0012311999998928513,-0.0011373457071101808,-0.0012467011653877439,-0.0012311999998928513
83.379165,0.000668800000084957,-0.00126919999988786,-0.001261868606915466,-0.0013751393938250026,-0.0012311999998928513
83.399165,-0.005031199999848468,-0.00126919999988786,-0.0013299915616133615,-0.001324206992896642,-0.0012311999998928513
83.419164,-0.0014211999998678948,-0.0012311999998928513,-0.001285400039080029,-0.0011342069929003973,-0.0012311999998928513
83.439164,-0.0012311999998928513,-0.001611199999888413,-0.001101776264686156,-0.0011966545453482274,-0.0012311999998928513
83.459164,0.0008588000000600005,-0.0004331999999067193,-0.0007966359695971992,-0.0012763748250723464,-0.0012311999998928513
83.479164,-0.0012311999998928513,-0.0003951999999117106,-0.00042365629655091876,-0.000377307226018956,-0.0012311999998928513
83.499164,0.0008588000000600005,2.280000007885974e-05,-5.225898828680817e-05,0.00057933613061058,0.0008588000000600005
83.519164,-0.0012311999998928513,0.0003648000000794127,0.00025341434356923343,0.00010987226115060232,0.0008588000000600005
83.539163,0.0008588000000600005,0.0003648000000794127,0.0004497087813049226,0.00024672540800644416,0.0008588000000600005
83.559163,0.0025688000000627653,-5.319999991115765e-05,0.0005217022862299584,0.0004349538462366596,-0.0012311999998928513
83.579163,-0.0012311999998928513,0.0007068000000799657,0.00048418287603943906,0.0005394759907583256,0.0008588000000600005
83.599163,-0.0012311999998928513,0.000668800000084957,0.00037535839873330024,0.0005084736597600666,0.000668800000084957
83.619162,0.0025688000000627653,-9.119999990616633e-05,0.00024606820317377414,0.00023875338004288355,-0.0012311999998928513
83.639162,0.000668800000084957,0.0002888000000893953,0.00014840574992894148,0.00019667878797116763,0.000668800000084957
83.659162,-0.0012311999998928513,0.0002888000000893953,0.00012429797423915928,3.5466666759020855e-05,0.000668800000084957
83.679162,0.000668800000084957,0.0002888000000893953,0.00019270675400168607,0.00019047832176886584,0.000668800000084957
83.699162,-0.0012311999998928513,-9.119999990616633e-05,0.00033844164717441956,0.0004340680653557649,-0.0012311999998928513
83.719162,0.0025688000000627653,0.0002888000000893953,0.0005101402161951731,-3.9824708531475234e-05,0.000668800000084957
83.739161,-0.0012311999998928513,0.000668800000084957,0.0006327414842574763,0.0007866088578905329,0.000668800000084957
83.759161,0.000668800000084957,0.000668800000084957,0.0006328006078060442,0.000903974825257515,0.000668800000084957
83.779161,0.0025688000000627653,0.000668800000084957,0.0004688810825198882,0.0003809212122137727,0.000668800000084957
83.799161,-0.0012311999998928513,0.00025080000009438665,0.0001556897091471695,0.00034991888121074354,0.000668800000084957
83.81916,0.0025688000000627653,-0.00012919999990117502,-0.0002298985212555896,-0.00015054731925067278,-0.0012311999998928513
83.83916,-0.003321199999845703,-0.000471199999901728,-0.0005675487042688975,-0.00047385734255798084,-0.0012311999998928513
83.85916,-0.0012311999998928513,-0.000471199999901728,-0.0007323640681921934,-0.0009388923075885759,-0.0012311999998928513
83.87916,0.0008588000000600005,-0.0012311999998928513,-0.0006387719013644136,-0.0007528783215778219,-0.0012311999998928513
83.89916,-0.0012311999998928513,-5.319999991115765e-05,-0.0002719203859026871,-0.00023469650340311455,-0.0012311999998928513
83.919159,-0.0012311999998928513,0.0007068000000799657,0.0003042770890070378,5.318228447125149e-05,0.0008588000000600005
83.93916,0.0025688000000627653,0.000668800000084957,0.0009641917788540269,0.0012906181818935474,0.000668800000084957
83.959159,0.0025688000000627653,0.0014288000000760802,0.001556654820142635,0.0015864689977441947,0.0025688000000627653
83.979159,0.000668800000084957,0.0021888000000672035,0.0019479879942446657,0.0017968419581128434,0.0025688000000627653
83.999159,0.0025688000000627653,0.0018468000000666507,0.002057441333216013,0.002105093706355904,0.0025688000000627653
84.019158,0.0025688000000627653,0.0015048000000660977,0.0018751361517273409,0.002231760373017064,0.0008588000000600005
84.039158,0.0008588000000600005,0.0015048000000660977,0.0014599624536685294,0.0012197557110255439,0.0008588000000600005
84.059158,0.0008588000000600005,0.001124800000070536,0.0009200984675200503,0.0006612708625509799,0.0008588000000600005
84.079158,0.000668800000084957,-5.319999991115765e-05,0.0003820015946728729,0.0003335319348158793,0.000668800000084957
84.099158,0.000668800000084957,-9.119999990616633e-05,-4.395659974400248e-05,-3.064801775866724e-06,0.000668800000084957
84.119157,-0.003321199999845703,-9.119999990616633e-05,-0.000291904441468312,-0.00032017435887769286,0.000668800000084957
84.139157,0.000668800000084957,-9.119999990616633e-05,-0.00035398850025138433,-0.00011865920736409938,0.000668800000084957
84.159157,0.0008588000000600005,-0.000471199999901728,-0.00027374342587492486,-0.0002913864800898852,0.000668800000084957
84.179157,0.000668800000084957,0.0003648000000794127,-0.00012288398516791332,-0.00023558228429301916,0.000668800000084957
84.199157,-0.0012311999998928513,-1.5199999916148954e-05,2.6073381849864973e-05,0.00014796083924000772,0.000668800000084957
84.219157,0.0008588000000600005,-1.5199999916148954e-05,0.00011900385973443897,0.00030518694646401403,0.000668800000084957
84.239156,-0.0012311999998928513,-1.5199999916148954e-05,0.00012769803447354477,-7.493706207899523e-06,0.000668800000084957
84.259156,0.0008588000000600005,-5.319999991115765e-05,5.020715241201279e-05,-0.00022008111878858954,0.000668800000084957
84.279156,0.000668800000084957,-9.119999990616633e-05,-9.102740403034399e-05,-6.46265733353823e-05,0.000668800000084957
84.299156,-0.0014211999998678948,-9.119999990616633e-05,-0.0002526354859352731,-0.0001270741257773825,0.000668800000084957
84.319155,0.000668800000084957,-0.00012919999990117502,-0.0003776246928699173,-0.0003396615383612526,0.000668800000084957
84.339155,-0.0012311999998928513,-0.0005091999998967367,-0.0004076273965669066,-0.0001842069929112256,-0.0012311999998928513
84.359155,0.000668800000084957,-5.319999991115765e-05,-0.00029828673249271214,-0.0002749995337029712,0.000668800000084957
84.379155,-0.0012311999998928513,-5.319999991115765e-05,-3.407449098510283e-05,-0.0003724354311403812,0.000668800000084957
84.399155,0.0008588000000600005,0.00032680000008440403,0.00036192062301749535,0.0002409678322506846,0.000668800000084957
84.419154,0.000668800000084957,0.00032680000008440403,0.0008276425556577387,0.0009690797203543886,0.000668800000084957
84.439154,0.000668800000084957,0.0015048000000660977,0.0012739839557411583,0.001301247552517812,0.000668800000084957
84.459154,0.000668800000084957,0.0018468000000666507,0.0016083311929730034,0.001564324475594101,0.000668800000084957
84.479154,0.004658800000015617,0.001466800000071089,0.001763984877614691,0.0020847207459834998,0.000668800000084957
84.499154,0.0025688000000627653,0.0018468000000666507,0.0017239764036933113,0.0017255365968062478,0.0025688000000627653
84.519153,-0.0012311999998928513,0.0018848000000616593,0.0015261223867037337,0.0015001053613728217,0.0025688000000627653
84.539153,0.0025688000000627653,0.0007068000000799657,0.001244072444800237,0.0011409212121934497,0.0008588000000600005
84.559153,0.0008588000000600005,0.0003648000000794127,0.0009531323528016071,0.0007157463870214692,0.0008588000000600005
84.579153,-0.0012311999998928513,0.0007448000000749744,0.0006983326619309617,0.0003437184149978413,0.0008588000000600005
84.599153,0.0008588000000600005,0.0004028000000744214,0.00048019009225434714,0.0005124596737344269,0.0008588000000600005
84.619153,0.000668800000084957,0.0003648000000794127,0.00026470436912402897,0.0005811076923824389,0.000668800000084957
84.639152,0.0008588000000600005,0.0003648000000794127,1.2537551458374325e-05,-0.0001518759905903,0.000668800000084957
84.659152,0.000668800000084957,-5.319999991115765e-05,-0.0002881402334857659,0.00013201678330122606,0.000668800000084957
84.679152,-0.0012311999998928513,-0.0004331999999067193,-0.0006035118307847265,-0.00013327459198392435,-0.0012311999998928513
84.699152,-0.0012311999998928513,-0.000471199999901728,-0.0008610011431188279,-0.0009309202796128249,-0.0012311999998928513
84.719151,-0.0012311999998928513,-0.00126919999988786,-0.0009778765125418346,-0.0013910834497717348,-0.0012311999998928513
84.739151,0.000668800000084957,-0.00126919999988786,-0.0008982184404286704,-0.0014065846152713942,-0.0012311999998928513
84.759151,-0.003321199999845703,-0.0008511999998972897,-0.0006225440803609439,-0.0008060251747219344,-0.0012311999998928513
84.779151,-0.0012311999998928513,-9.119999990616633e-05,-0.0002168665670844851,0.00011518694647836978,0.000668800000084957
84.799151,0.0008588000000600005,0.0002888000000893953,0.00020671479349663105,0.0006112242425088137,0.0008588000000600005
84.81915,0.0025688000000627653,0.0010868000000755274,0.0005344681450605433,0.0008415272728080947,0.0008588000000600005
84.83915,0.0025688000000627653,0.0010868000000755274,0.0007006741034317787,0.00047127086255685583,0.0008588000000600005
84.85915,0.000668800000084957,0.000668800000084957,0.0007136320328537619,0.0006568419581242475,0.000668800000084957
84.87915,-0.0012311999998928513,-9.119999990616633e-05,0.0006403234581163271,0.0005031589744444893,-0.0012311999998928513
84.89915,-0.0012311999998928513,-5.319999991115765e-05,0.0005589969293342195,0.00046329883458163477,-0.0012311999998928513
84.919149,-0.0012311999998928513,0.0003648000000794127,0.0005114430955655433,0.00036187692315502455,-0.0012311999998928513
84.939149,0.002758800000037809,0.000782800000069983,0.00048623694228158254,0.00043495384622870947,0.0008588000000600005
84.959149,0.002758800000037809,0.000782800000069983,0.0004402700072261706,0.00046817062944430984,0.0008588000000600005
84.979149,0.0008588000000600005,0.000782800000069983,0.0003374129185591094,0.0005058163170903528,0.0008588000000600005
84.999149,-0.0012311999998928513,-1.5199999916148954e-05,0.000173436654467808,0.00044779766907667535,-0.0012311999998928513
85.019149,-0.0012311999998928513,-0.0004331999999067193,-2.773546601431632e-05,0.00010234312362775378,-0.0012311999998928513
85.039148,-0.0012311999998928513,-0.000471199999901728,-0.0002360537371225326,-0.0005708503495541485,-0.0012311999998928513
85.059148,0.000668800000084957,-0.0004331999999067193,-0.00043345084815310357,-0.000725419114120101,-0.0010411999999178079
85.079148,0.000668800000084957,-0.0004331999999067193,-0.0006148976671367832,-0.0006031813518840841,-0.0010411999999178079
85.099148,-0.0010411999999178079,-0.0004331999999067193,-0.0007769526520979929,-0.0006736009323050153,-0.0010411999999178079
85.119148,-0.0012311999998928513,-0.000813199999902281,-0.0009076264401056525,-0.0006536708623749131,-0.0012311999998928513
85.139147,-0.0012311999998928513,-0.0011931999998978427,-0.000986579193777134,-0.0007710368297387149,-0.0012311999998928513
85.159147,-0.0012311999998928513,-0.0008511999998972897,-0.0009939059122469514,-0.0011851393938351186,-0.0012311999998928513
85.179147,-0.0012311999998928513,-0.0008511999998972897,-0.0009198134396954777,-0.0009747664334627597,-0.0012311999998928513
85.199147,0.000668800000084957,-0.0008511999998972897,-0.0007693659078930689,-0.000976980885674801,-0.0012311999998928513
85.219146,-0.0012311999998928513,-0.000471199999901728,-0.0005617477090036217,-0.0006332979019977387,-0.0012311999998928513
85.239146,-0.0012311999998928513,-0.000471199999901728,-0.00032642841313111094,-0.00012397389267967664,-0.0012311999998928513
85.259146,0.000668800000084957,-9.119999990616633e-05,-9.730560848586599e-05,4.46433575705202e-06,-0.0012311999998928513
85.279146,-0.0012311999998928513,0.0002888000000893953,9.612170444499864e-05,0.00011075804204951694,0.000668800000084957
85.299146,0.0025688000000627653,0.0002888000000893953,0.00023967143951220859,0.00015061818190919155,0.000668800000084957
85.319145,0.000668800000084957,0.0002888000000893953,0.00034181738868161983,0.0004668419581311832,0.000668800000084957
85.339146,-0.0012311999998928513,0.000668800000084957,0.00043019381247656573,0.0005328326341206115,0.000668800000084957
85.359145,0.000668800000084957,0.0002888000000893953,0.0005358699366399121,0.0004593128205993244,0.000668800000084957
85.379145,0.000668800000084957,0.00032680000008440403,0.0006733283180355333,0.00045709836837933297,0.000668800000084957
85.399145,0.000668800000084957,0.0007448000000749744,0.0008280397853012366,0.00044159720287437334,0.000668800000084957
85.419144,0.0008588000000600005,0.000782800000069983,0.0009589710682827163,0.0009309911422602131,0.0008588000000600005
85.439144,0.0008588000000600005,0.0011628000000655446,0.0010155422555186383,0.0014070983683610848,0.0008588000000600005
85.459144,0.0008588000000600005,0.0011628000000655446,0.0009626471945115455,0.0012675878788530191,0.0008588000000600005
85.479144,0.0025688000000627653,0.001124800000070536,0.0008036596658432902,0.000756049417322916,0.0008588000000600005
85.499144,0.000668800000084957,0.0007068000000799657,0.0005895917345991532,0.0007936951049721391,0.000668800000084957
85.519143,0.000668800000084957,0.0002888000000893953,0.0004054976557349901,0.0002998722611606267,0.000668800000084957
85.539143,-0.0012311999998928513,0.0002888000000893953,0.00033533798335279487,7.665547794878194e-05,0.000668800000084957
85.559143,-0.0012311999998928513,-9.119999990616633e-05,0.000420185675354885,0.00022768111897313655,-0.0012311999998928513
85.579143,0.0025688000000627653,0.0002888000000893953,0.0006320769400178679,0.00033840372969445447,-0.0012311999998928513
85.599143,-0.0012311999998928513,0.0010488000000805186,0.0008796879228064212,0.0009872382285189918,0.0025688000000627653
85.619143,0.0025688000000627653,0.0014288000000760802,0.0010455845259581356,0.0011134620047394393,0.0025688000000627653
85.639143,0.0025688000000627653,0.0010868000000755274,0.0010385832694348358,0.0014389864802587884,0.0008588000000600005
85.659142,0.000668800000084957,0.0010868000000755274,0.0008370503905654182,0.0010425995338756756,0.0008588000000600005
85.679142,0.0008588000000600005,0.0007068000000799657,0.0005026114902327845,0.0006019235432045657,0.000668800000084957
85.699142,-0.0012311999998928513,-5.319999991115765e-05,0.00015744701889351835,0.0003605482518323579,0.000668800000084957
85.719141,0.000668800000084957,-5.319999991115765e-05,-6.459153024806486e-05,-0.0005185892772941106,0.000668800000084957
85.739141,-0.0012311999998928513,-0.000471199999901728,-7.195427198653951e-05,-0.0007555356642364057,-0.0012311999998928513
85.759141,0.000668800000084957,-9.119999990616633e-05,0.0001469404630673219,8.450349742542289e-06,0.000668800000084957
85.779141,-0.0012311999998928513,0.0002888000000893953,0.0005166389268388227,0.00060856689985447,0.000668800000084957
85.799141,0.000668800000084957,0.0014288000000760802,0.0009024412284287274,0.0015793827506551685,0.000668800000084957
85.81914,0.0025688000000627653,0.0014288000000760802,0.0011653215375586723,0.0013778675991447551,0.000668800000084957
85.83914,0.004468800000040574,0.001808800000071642,0.001222768732662873,0.0013845109557898893,0.000668800000084957
85.85914,0.000668800000084957,0.00101080000008551,0.0010857232405630892,0.0008774013986875785,0.000668800000084957
85.87914,0.000668800000084957,0.0006308000000899483,0.0008489667216368745,0.0008769585082473963,0.000668800000084957
85.89914,-0.003321199999845703,-0.00012919999990117502,0.0006376555900482326,0.0004694993007908268,0.000668800000084957
85.919139,0.000668800000084957,0.00025080000009438665,0.0005407491339387469,-2.6537995242797226e-05,0.000668800000084957
85.93914,0.000668800000084957,0.0002888000000893953,0.000570587291076989,0.00032600279728985066,0.000668800000084957
85.959139,0.0025688000000627653,0.0010868000000755274,0.0006693013292055634,0.0008419701632514569,0.000668800000084957
85.979139,0.0008588000000600005,0.001466800000071089,0.0007521456148420345,0.001247214918491215,0.0008588000000600005
85.999139,0.000668800000084957,0.0010488000000805186,0.0007581593806275305,0.0013424363637107534,0.0008588000000600005
86.019138,0.0025688000000627653,0.000668800000084957,0.0006800421553863711,0.0006843011655867383,0.000668800000084957
86.039138,-0.0014211999998678948,0.00025080000009438665,0.0005608779523826785,0.0002015505828433825,0.000668800000084957
86.059138,0.000668800000084957,0.00025080000009438665,0.0004634656034174226,0.00023698181827579439,0.000668800000084957
86.079138,-0.0012311999998928513,-0.00012919999990117502,0.000430940700832967,0.00011297249426950838,0.000668800000084957
86.099138,0.000668800000084957,0.000668800000084957,0.00046074773185402894,0.00044824055952851773,0.000668800000084957
86.119138,0.000668800000084957,0.0002888000000893953,0.0005058298335053734,0.0005368186481061019,0.000668800000084957
86.139138,0.0025688000000627653,0.0010488000000805186,0.0005009744008041361,0.0008822731935560836,0.000668800000084957
86.159137,-0.0012311999998928513,0.0006308000000899483,0.0003980661631279687,0.0005673780886678887,0.000668800000084957
86.179137,0.0025688000000627653,0.00025080000009438665,0.00019022727826009425,0.00020642237771718787,-0.0012311999998928513
86.199137,-0.0014211999998678948,-0.0005091999998967367,-8.721905037730612e-05,-0.00021653799523798132,-0.0012311999998928513
86.219136,-0.0012311999998928513,-0.0005091999998967367,-0.00037730514550180666,-0.0007015030301976183,-0.0012311999998928513
86.239136,-0.0012311999998928513,-0.0008891999998922983,-0.0006300713443317748,-0.0006700578087554671,-0.0012311999998928513
86.259136,-0.0012311999998928513,-0.0008511999998972897,-0.0008220587952365581,-0.0006479132866101435,-0.0012311999998928513
86.279136,0.000668800000084957,-0.000471199999901728,-0.000956267796857338,-0.001068659207351151,-0.0012311999998928513
86.299136,-0.0012311999998928513,-0.0008891999998922983,-0.0010460139591678941,-0.0009827384614305604,-0.0012311999998928513
86.319135,0.000668800000084957,-0.0008891999998922983,-0.0010969189238477783,-0.0008968177155104998,-0.0012311999998928513
86.339135,-0.003321199999845703,-0.00126919999988786,-0.0011008725524409028,-0.0008675869462835699,-0.0012311999998928513
86.359135,-0.0012311999998928513,-0.0008511999998972897,-0.001045000034000481,-0.001122248950941806,-0.0012311999998928513
86.379135,-0.0012311999998928513,-0.0012311999998928513,-0.0009267617895636299,-0.0011023188810117038,-0.0012311999998928513
86.399135,0.0008588000000600005,-0.0008511999998972897,-0.0007632715151004202,-0.0009672372959319609,-0.0012311999998928513
86.419134,-0.0012311999998928513,-0.000471199999901728,-0.0005898435753347089,-0.0007170041957025778,-0.0012311999998928513
86.439134,-0.0014211999998678948,-0.000471199999901728,-0.0004509202062757014,-0.00019217902088485627,-0.0012311999998928513
86.459134,0.000668800000084957,-0.0005091999998967367,-0.00038824249733243274,-0.0003542769229778975,-0.0012311999998928513
86.479134,-0.0012311999998928513,-0.0005091999998967367,-0.0004286625193375346,-0.0004738573425558608,-0.0012311999998928513
86.499134,0.000668800000084957,-0.000471199999901728,-0.0005735231027732325,-0.0007263048949994054,-0.0012311999998928513
86.519133,-0.0012311999998928513,-0.0008511999998972897,-0.0007933721809319464,-0.000668286246985198,-0.0012311999998928513
86.539133,-0.0012311999998928513,-0.0008511999998972897,-0.0010317149722802541,-0.001029241957939079,-0.0012311999998928513
86.559133,-0.0012311999998928513,-0.0012311999998928513,-0.001218023764375852,-0.0011559086246023585,-0.0012311999998928513
86.579133,-0.0012311999998928513,-0.0012311999998928513,-0.001286118229139313,-0.0009964680651636608,-0.0012311999998928513
86.599133,-0.0012311999998928513,-0.0008511999998972897,-0.0011924394142262679,-0.0012444867131794128,-0.0012311999998928513
86.619133,-0.0012311999998928513,-0.0008511999998972897,-0.0009298426927108231,-0.0011390321677239898,-0.0012311999998928513
86.639132,0.000668800000084957,-0.0008511999998972897,-0.0005343280433298332,-0.0008819459206412721,-0.0012311999998928513
86.659132,-0.0012311999998928513,-0.000471199999901728,-8.297961528571137e-05,-8.287832158769017e-05,-0.0012311999998928513
86.679132,-0.0012311999998928513,0.0002908000000843458,0.00031911471986547415,0.0004499888112697056,0.000668800000084957
86.699132,0.000668800000084957,0.000672800000074858,0.0005653040829428226,0.0007166554779309153,0.000668800000084957
86.719131,0.0025788000000375177,0.000672800000074858,0.0005847700212189831,0.0007171216783959386,0.000668800000084957
86.739131,0.0025788000000375177,0.000672800000074858,0.00037760644671374006,0.0004513874126647759,0.000668800000084957
86.759131,-0.0012311999998928513,0.0002928000000792963,2.6412686836374973e-05,0.00016304242432432613,-0.0012311999998928513
86.779131,-0.0012311999998928513,-0.0004691999999067775,-0.0003293260939112681,-0.00046763356633984813,-0.0012311999998928513
86.799131,-0.0012311999998928513,-0.0012311999998928513,-0.0005481640773837285,-0.0009648596735571619,-0.0012311999998928513
86.81913,-0.0012311999998928513,-0.0008511999998972897,-0.0005439791075100242,-0.0006787524474551845,-0.0012311999998928513
86.83913,-0.0012311999998928513,-8.919999991121585e-05,-0.00031689294960549877,-0.0003387524474597573,-0.0012311999998928513
86.85913,0.000668800000084957,0.000672800000074858,5.5980997178591845e-05,0.00036593286721874887,0.000668800000084957
86.87913,0.0025788000000375177,0.0006348000000798492,0.00046252943166396595,0.0007094060606870807,0.000668800000084957
86.89913,0.0025788000000375177,0.001014800000075411,0.0008061908339654018,0.0008189398602135786,0.000668800000084957
86.919129,-0.0014211999998678948,0.00105480000006537,0.0010378083023283382,0.0011287300699922766,0.0008688000000347529
86.939129,0.000668800000084957,0.0007128000000648172,0.0011556954456084048,0.0011893361305931943,0.0008688000000347529
86.959129,0.0008688000000347529,0.0007128000000648172,0.001182800131232722,0.0011159095571665017,0.0008688000000347529
86.979129,0.0008688000000347529,0.0011308000000553875,0.0011419787484403517,0.0005727860140558003,0.0008688000000347529
86.999129,0.0025788000000375177,0.0011308000000553875,0.0010446383036517293,0.0011003151515743678,0.0008688000000347529
87.019129,0.000668800000084957,0.0007108000000698667,0.0008933705553363939,0.0009406414919010383,0.000668800000084957
87.039128,0.000668800000084957,0.0010908000000654284,0.0006897662481176441,0.0007921566434200717,0.000668800000084957
87.059128,-0.0012311999998928513,-5.119999991620716e-05,0.000439783519339484,0.0005694293707044516,0.000668800000084957
87.079128,0.002768800000012561,0.000330800000074305,0.00015563212131431572,0.0003835319348120738,0.000668800000084957
87.099128,-0.0031311999998706597,-8.719999991626536e-05,-0.0001432001529380559,-0.0005712699299769096,-0.0012311999998928513
87.119128,0.0025788000000375177,-8.719999991626536e-05,-0.00042900204369108097,-0.00044117668988775764,-0.0012311999998928513
87.139127,-0.0014211999998678948,-0.0012671999998929095,-0.000667483187448544,-0.0004782629369741825,-0.0014211999998678948
87.159127,-0.0012311999998928513,-0.00012519999991127405,-0.0008246473207172731,-0.0005457221444252547,-0.0012311999998928513
87.179127,-0.0031311999998706597,-0.0008871999998973478,-0.0008775799998620654,-0.0009101743588689316,-0.0012311999998928513
87.199127,0.0025788000000375177,-0.0008871999998973478,-0.0008235160038704937,-0.0009237174824139026,-0.0012311999998928513
87.219126,-0.0012311999998928513,-0.0008491999999023392,-0.0006825393406411133,-0.0012006405593358383,-0.0012311999998928513
87.239126,-0.0014211999998678948,-0.0004691999999067775,-0.0004947337774586335,-0.0003689156176268038,-0.0012311999998928513
87.259126,-0.0010411999999178079,-0.0004691999999067775,-0.00031428151634386065,8.903310031794468e-05,-0.0012311999998928513
87.279126,-0.0012311999998928513,-8.919999991121585e-05,-0.00019877900128906982,-0.00013287832159024446,-0.0010411999999178079
87.299126,0.0025788000000375177,-5.119999991620716e-05,-0.00019113315975357055,-0.0005164680651756037,-0.0010411999999178079
87.319125,0.000668800000084957,-0.0004691999999067775,-0.0002995052787732521,-0.00019022097893228794,-0.0012311999998928513
87.339125,-0.0012311999998928513,-8.919999991121585e-05,-0.0004890203766786784,-0.00047180606051187775,0.000668800000084957
87.359125,-0.0031311999998706597,-0.0008891999998922983,-0.0006947425016975678,-0.0005636242423219049,-0.0012311999998928513
87.379125,0.000668800000084957,-0.00126919999988786,-0.0008501073030809833,-0.0007765846152788538,-0.0012311999998928513
87.399125,-0.0014211999998678948,-0.0008891999998922983,-0.0009139336542939248,-0.0011784494171360618,-0.0012311999998928513
87.419124,-0.0012311999998928513,-0.0005091999998967367,-0.0008825491386223778,-0.001104533333223215,-0.0012311999998928513
87.439124,0.000668800000084957,-0.0008891999998922983,-0.0007852853469229682,-0.0008321557108495682,-0.0012311999998928513
87.459124,-0.0012311999998928513,-0.0008511999998972897,-0.0006699816811651244,-0.0004446265733262809,-0.0012311999998928513
87.479124,-0.0012311999998928513,-0.000471199999901728,-0.0005860785656791335,-0.0004291254078271514,-0.0012311999998928513
87.499124,-0.0012311999998928513,-0.000471199999901728,-0.0005692318873430793,-0.00038262191132658297,-0.0012311999998928513
87.519123,0.000668800000084957,-0.000471199999901728,-0.0006283639770492592,-0.000796234964928882,-0.0012311999998928513
87.539123,0.000668800000084957,-0.0008511999998972897,-0.0007376858467770212,-0.0012056988343908824,-0.0012311999998928513
87.559123,-0.0012311999998928513,-0.0008511999998972897,-0.0008398351097767825,-0.0006302909089962174,-0.0012311999998928513
87.579123,-0.0031311999998706597,-0.0008111999999073305,-0.0008638230757830967,-0.00039637482508770477,-0.0012311999998928513
87.599123,-0.0012311999998928513,-0.00042919999991681835,-0.0007513206513581287,-0.0005039505826653443,-0.0012311999998928513
87.619123,0.0008688000000347529,-0.00042919999991681835,-0.00047749059700308603,-0.0007545566432678065,-0.0012311999998928513
87.639122,0.0025788000000375177,-4.9199999921256676e-05,-5.819548839948706e-05,-0.0004447664334795683,-0.0012311999998928513
87.659122,-0.0012311999998928513,0.000330800000074305,0.0004520052713164133,0.0002732755245510092,0.000668800000084957
87.679122,-0.0012311999998928513,0.000672800000074858,0.0009634999831566496,0.0010719934732552935,0.000668800000084957
87.699122,0.000668800000084957,0.0007108000000698667,0.0013598320423599446,0.0015772382284938002,0.000668800000084957
87.719121,0.0025788000000375177,0.0014728000000559405,0.0015218179910809716,0.0013859794872409328,0.0025788000000375177
87.739121,0.002768800000012561,0.0018528000000515021,0.0013701089905979505,0.00118726153852278,0.0025788000000375177
87.759121,0.0025788000000375177,0.001092800000060379,0.0009088518811202284,0.0012165389277988621,0.0025788000000375177
87.779121,0.000668800000084957,0.000330800000074305,0.00024269311392865128,0.0006109445222149593,0.000668800000084957
87.799121,-0.0031311999998706597,-0.0004691999999067775,-0.00044959711559194193,-0.0004860251747321931,-0.0012311999998928513
87.81912,-0.0012311999998928513,-0.0012311999998928513,-0.0009764787142102354,-0.0012748363635271692,-0.0012311999998928513
87.83912,-0.0012311999998928513,-0.001611199999888413,-0.0012012230577834627,-0.0014976568763490439,-0.0012311999998928513
87.85912,-0.0012311999998928513,-0.0008111999999073305,-0.0010854080282899073,-0.0014326452213441149,-0.0012311999998928513
87.87912,-0.0012311999998928513,-0.00039119999992180964,-0.000693125229274824,-0.0004067477854678665,-0.0012311999998928513
87.89912,0.0008688000000347529,-1.1199999926247984e-05,-0.00015937487437210748,0.0003120167832840273,0.000668800000084957
87.919119,0.0008688000000347529,0.0007508000000598259,0.0003613460422277817,0.0004808979021617097,0.0008688000000347529
87.939119,0.000668800000084957,0.0007508000000598259,0.0007456102386599275,0.0007332289044911184,0.0008688000000347529
87.959119,0.0025788000000375177,0.0007108000000698667,0.0009327913494366943,0.0008652801865450287,0.000668800000084957
87.979119,-0.0012311999998928513,0.0006708000000799075,0.0009292293215040724,0.0009922032634736113,0.000668800000084957
87.999119,0.000668800000084957,0.0006708000000799075,0.0007886736074432629,0.0005347440560335676,0.000668800000084957
88.019119,0.000668800000084957,0.0002888000000893953,0.0005825610130063635,0.0003516438229329202,0.000668800000084957
88.039118,0.000668800000084957,0.0002888000000893953,0.000374860050869906,0.00022891655020120866,0.000668800000084957
88.059118,0.000668800000084957,0.0003288000000793545,0.00020905787951549482,0.00028824055952437187,0.000668800000084957
88.079118,-0.0012311999998928513,0.0003288000000793545,0.00010641936992425617,0.00041658554786809586,0.000668800000084957
88.099118,0.0008688000000347529,0.0003288000000793545,7.108920191808254e-05,0.00014674871803094678,0.000668800000084957
88.119117,0.000668800000084957,-5.119999991620716e-05,9.78136308526624e-05,0.00011665547793418337,0.000668800000084957
88.139117,0.000668800000084957,0.00036880000006931366,0.0001781114424242173,0.00015068811196463475,0.000668800000084957
88.159117,-0.0012311999998928513,0.000330800000074305,0.00030121617400963774,0.00030043170170116466,0.000668800000084957
88.179117,0.0008688000000347529,0.0003328000000692555,0.0004498530515740945,0.0006847906760522226,0.0006788000000597094
88.199117,0.0006788000000597094,0.00037280000005921463,0.0005957793415461745,0.00020693519820327305,0.0006788000000597094
88.219116,0.0006788000000597094,0.0007548000000497268,0.0007006349179774584,0.0005597090909626025,0.0006788000000597094
88.239116,0.0008688000000347529,0.00033680000005915646,0.0007235500902998501,0.0005514340326861763,0.0006788000000597094
88.259116,0.0006788000000597094,0.0007548000000497268,0.0006329653351512335,0.0008129491841961569,0.0006788000000597094
88.279116,-0.001221199999918099,0.0003748000000541651,0.0004191774249500649,0.0007181706294173309,0.0006788000000597094
88.299116,0.002768800000012561,0.0003748000000541651,0.00010438003250393546,0.0002990331002875443,0.0006788000000597094
88.319115,-0.001221199999918099,-5.199999941396527e-06,-0.00025426627928096956,-0.00034220233093326105,-0.001221199999918099
88.339115,0.0008688000000347529,-0.0004251999999269174,-0.0005744576053294525,-0.0005753025640274525,-0.001221199999918099
88.359115,-0.001221199999918099,-0.0012231999999130494,-0.0007742875236905492,-0.0010778899766094958,-0.001221199999918099
88.379115,-0.003321199999845703,-0.0008051999999224791,-0.0008067331987995541,-0.0009965146852313636,-0.001221199999918099
88.399115,-0.001221199999918099,-0.0012231999999130494,-0.000685909523982478,-0.000910034498752215,-0.001221199999918099
88.419114,0.0008688000000347529,-0.00046319999992192604,-0.0004866659417042777,-9.653799526905722e-05,-0.001221199999918099
88.439114,-0.001221199999918099,0.0003748000000541651,-0.0003119857192719289,-0.00016238881112056868,0.0008688000000347529
88.459114,0.0025788000000375177,0.0003748000000541651,-0.0002427936088421248,7.360186486153832e-05,0.0008688000000347529
88.479114,0.0008688000000347529,-0.0004231999999319669,-0.0002979490414795925,-0.00011800652674857703,-0.001221199999918099
88.499114,-0.001221199999918099,-0.0004231999999319669,-0.0004285995789780627,-0.0008079832167110733,-0.001221199999918099
88.519114,-0.0031211999998959072,-0.0011831999999230903,-0.0005513824607293374,-0.0007743235430505207,-0.001221199999918099
88.539113,-0.001221199999918099,-0.001221199999918099,-0.000600152234307993,-0.0006077967365238567,-0.001221199999918099
88.559113,-0.001221199999918099,-0.00046119999992697556,-0.0005631713185689346,-0.0008221557108785259,-0.001221199999918099
88.579113,0.0006788000000597094,-0.00011919999992642261,-0.0004829438400980846,-0.0006631580418747104,-0.001221199999918099
88.599113,0.0025788000000375177,-0.00011919999992642261,-0.00042206575946457923,6.269277396196972e-05,-0.001221199999918099
88.619112,-0.0014111999998931424,-0.0001571999999214313,-0.00042066634864404017,-0.00023066386938649193,-0.001221199999918099
88.639112,-0.001221199999918099,-0.00011919999992642261,-0.0004731974689056481,-0.0002890554777743082,-0.001221199999918099
88.659112,-0.0014111999998931424,-0.0012991999999030668,-0.0005350368271780082,-0.0005757454544575647,-0.0014111999998931424
88.679112,0.0008688000000347529,-0.0005011999999169348,-0.0005486072877690274,-0.0008555589742684755,-0.001221199999918099
88.699112,-0.003321199999845703,-0.0005011999999169348,-0.0004703387866194352,-0.0007582396269563316,-0.001221199999918099
88.719111,0.0025788000000375177,-4.5199999931355705e-05,-0.00028532620577302316,-8.0500699231971e-05,0.0008688000000347529
88.739111,-0.001221199999918099,-4.5199999931355705e-05,-7.038070047832871e-06,4.075804202484661e-05,0.0008688000000347529
88.759111,0.0008688000000347529,0.0007548000000497268,0.0003325759680058423,0.0004860027972595462,0.0008688000000347529
88.779111,0.0008688000000347529,0.0003748000000541651,0.0006946427747976158,0.0006037417249932467,0.0006788000000597094
88.799111,0.0006788000000597094,0.001172800000040297,0.0010412391329747456,0.001322716083950161,0.0008688000000347529
88.81911,0.0006788000000597094,0.001172800000040297,0.0013388755372467523,0.0011642079254478702,0.0008688000000347529
88.83911,0.002768800000012561,0.00151480000004085,0.0015598517135789456,0.001462716083956571,0.0008688000000347529
88.85911,0.0008688000000347529,0.00151480000004085,0.0016835418683296866,0.001531364102605643,0.0008688000000347529
88.87911,0.0025788000000375177,0.00151480000004085,0.0016976548223364184,0.0018041846154226522,0.0008688000000347529
88.89911,0.0006788000000597094,0.00151480000004085,0.0015985785073881044,0.0014166554778988348,0.0008688000000347529
88.91911,0.0006788000000597094,0.0014768000000458415,0.0013912126275201207,0.0016415972028339164,0.0006788000000597094
88.939109,0.002768800000012561,0.0007168000000547181,0.0010898152509174238,0.0011209911422389671,0.0006788000000597094
88.959109,0.0006788000000597094,0.0011348000000452885,0.0007196745450135517,0.0006098023310639917,0.0006788000000597094
88.979109,-0.001221199999918099,0.00033480000006420597,0.00031648642369759366,0.0001955832168481521,0.0006788000000597094
88.999109,0.002768800000012561,-0.00046519999991687653,-7.950571022094032e-05,3.998135268178235e-06,-0.001221199999918099
89.019109,-0.003321199999845703,-0.00042719999992186787,-0.00043349464504826744,-0.0005821090908273948,-0.001221199999918099
89.039108,-0.0012311999998928513,-0.00042919999991681835,-0.0007247825163334399,-0.0005057687644837059,-0.0012311999998928513
89.059108,0.0008688000000347529,-0.0012291999998979009,-0.0009478548069108196,-0.0009297780884835875,-0.0012311999998928513
89.079108,-0.0012311999998928513,-0.00043119999991176884,-0.0011041180429293778,-0.001174510023207144,-0.0012311999998928513
89.099108,-0.0012311999998928513,-0.0012291999998979009,-0.0011903762884910246,-0.0013079365966281035,-0.0012311999998928513
89.119107,0.000668800000084957,-0.00126919999988786,-0.001193853265933756,-0.0010467710954663602,-0.0012311999998928513
89.139107,-0.0052211999998235115,-0.0008891999998922983,-0.0010983844907571786,-0.0007258853145808844,0.000668800000084957
89.159107,0.000668800000084957,-0.0008891999998922983,-0.0008968564880987454,-0.0009254191141096481,0.000668800000084957
89.179107,0.000668800000084957,-0.0005071999999017862,-0.0006004213856086174,-0.0006135310022314546,0.000668800000084957
89.199107,-0.0012311999998928513,-8.919999991121585e-05,-0.00023989829181065065,-0.0005675170162181008,0.000668800000084957
89.219106,0.0025788000000375177,-8.919999991121585e-05,0.00013691585392222545,-0.00013453333324425776,0.000668800000084957
89.239106,-0.0031311999998706597,-8.919999991121585e-05,0.0004670207404934577,0.0007984503497243884,0.000668800000084957
89.259106,0.000668800000084957,0.000672800000074858,0.0006755221134905301,0.00046385827513754306,0.000668800000084957
89.279106,0.000668800000084957,0.0002908000000843458,0.000689177441922921,0.0005123431236224112,0.000668800000084957
89.299106,0.0025788000000375177,0.0006708000000799075,0.0004638632633826643,0.0006693128205901246,0.000668800000084957
89.319105,0.000668800000084957,0.0002908000000843458,1.5420803215197554e-05,6.02610731647061e-06,0.000668800000084957
89.339105,-0.0012311999998928513,-8.919999991121585e-05,-0.0005663058799272871,-6.656130526946948e-05,-0.0012311999998928513
89.359105,-0.0012311999998928513,-0.00126919999988786,-0.0011345483911556142,-0.0009746265733232527,-0.0012311999998928513
89.379105,-0.0012311999998928513,-0.0016491999998834218,-0.0015309912966492238,-0.0016884960371791502,-0.0012311999998928513
89.399105,-0.003321199999845703,-0.0016491999998834218,-0.0016416328574564518,-0.0022439972026669646,-0.0012311999998928513
89.419104,-0.0012311999998928513,-0.0016871999998784304,-0.0014404877583907457,-0.0017150694637490865,-0.0012311999998928513
89.439104,-0.0012311999998928513,-0.0013071999998828688,-0.0010031611503950083,-0.0008683328670244274,-0.0012311999998928513
89.459104,-0.0014211999998678948,-0.00012719999990622454,-0.00048308868189425564,-0.0003052792539799136,-0.0012311999998928513
89.479104,0.000668800000084957,0.00025280000008933714,-5.6851936908772056e-05,0.00013353193482315247,0.000668800000084957
89.499104,0.0025788000000375177,0.00025280000008933714,0.0001421957077618916,0.0004481006993847708,0.000668800000084957
89.519103,0.000668800000084957,0.0002908000000843458,7.516786744006405e-05,0.00019509370638160812,0.000668800000084957
89.539103,-0.0012311999998928513,-8.919999991121585e-05,-0.00018974038357065393,-0.0002317128204168944,-0.0012311999998928513
89.559103,-0.0012311999998928513,-0.0008511999998972897,-0.0005098704669991401,-0.0005944167831225635,-0.0012311999998928513
89.579103,-0.0012311999998928513,-0.0012311999998928513,-0.0007300582635469891,-0.0010368177155142602,-0.0012311999998928513
89.599102,-0.0012311999998928513,-0.0008111999999073305,-0.0007446762127989334,-0.0010938107225117763,-0.0012311999998928513
89.619102,-0.0012311999998928513,-0.00043119999991176884,-0.0005336817073639713,-0.0007383328670436507,-0.0012311999998928513
89.639102,0.0008688000000347529,-1.1199999926247984e-05,-0.00016127871252787361,0.00018905641032881414,0.000668800000084957
89.659102,0.000668800000084957,0.00036880000006931366,0.0002573588840936094,0.000681713752977238,0.000668800000084957
89.679102,0.0008688000000347529,0.0011308000000553875,0.0006038388887498351,0.0005793594406258809,0.0008688000000347529
89.699102,0.000668800000084957,0.0007108000000698667,0.0007981189495059222,0.0007448606061289634,0.000668800000084957
89.719101,0.0025788000000375177,0.000330800000074305,0.0008189317743715737,0.0011181473194076244,0.000668800000084957
89.739101,-0.0012311999998928513,0.000672800000074858,0.0006987822593662344,0.00036488391615813567,0.000668800000084957
89.759101,-0.0012311999998928513,0.0007128000000648172,0.0005003155215886635,0.00041022191149455567,0.0008688000000347529
89.779101,0.0025788000000375177,-0.000467199999911827,0.0002880351148435087,0.0001030191143030977,-0.0012311999998928513
89.799101,0.0008688000000347529,0.0002928000000792963,0.00010813513790318005,0.0001167720280520293,0.0008688000000347529
89.819101,-0.003321199999845703,0.0002928000000792963,-1.9197101378123882e-05,-0.00016154965026391648,0.0008688000000347529
89.8391,0.0025688000000627653,-5.119999991620716e-05,-9.747694197164969e-05,0.00023651561779805097,0.0008588000000600005
89.8591,-0.0012311999998928513,-0.000471199999901728,-0.00014487044600477544,-7.93351980482122e-05,-0.0012311999998928513
89.8791,0.0008588000000600005,0.00032680000008440403,-0.00018146700632834664,-0.0003115030302102369,0.000668800000084957
89.8991,-0.0012311999998928513,-0.0003951999999117106,-0.00021768555293541145,-0.00023022097892722954,-0.0010411999999178079
89.919099,0.000668800000084957,-1.5199999916148954e-05,-0.00024853365074865353,-3.451002322543798e-05,0.000668800000084957
89.939099,-0.0010411999999178079,-0.0004331999999067193,-0.00025525642562153393,-0.0002940438227574789,-0.0010411999999178079
89.959099,0.000668800000084957,-1.5199999916148954e-05,-0.00021286784293940813,-5.9311888029345197e-05,0.000668800000084957
89.979099,-0.0012311999998928513,2.280000007885974e-05,-0.0001007888854873493,-0.000342761771474859,0.000668800000084957
89.999099,0.0008588000000600005,-1.5199999916148954e-05,8.655083659749098e-05,7.576969705198749e-05,0.000668800000084957
90.019099,0.0008588000000600005,-1.5199999916148954e-05,0.00033224660009601185,0.00021483729611934064,0.000668800000084957
90.039098,-0.0012311999998928513,0.0007448000000749744,0.0005953164763921789,0.000604137995416607,0.0008588000000600005
90.059098,0.000668800000084957,0.0007448000000749744,0.0008174186200892527,0.0008924596737295656,0.0008588000000600005
90.079098,0.0025688000000627653,0.0007448000000749744,0.0009389586052927118,0.0009717370630071421,0.0008588000000600005
90.099098,0.0008588000000600005,0.0011628000000655446,0.000920843892273327,0.0009097324010026741,0.0008588000000600005
90.119097,0.0008588000000600005,0.000782800000069983,0.0007621803847979405,0.0007064456877161616,0.0008588000000600005
90.139097,0.0008588000000600005,0.0004408000000694301,0.0005039283424483526,0.0005939515152208647,0.0008588000000600005
90.159097,-0.0012311999998928513,2.280000007885974e-05,0.000216017110792331,0.00011740139867981084,0.0008588000000600005
90.179097,0.0008588000000600005,-1.5199999916148954e-05,-2.5471868594133085e-05,0.00019756456884146195,0.000668800000084957
90.199097,-0.0012311999998928513,-5.319999991115765e-05,-0.00016056063177466288,-0.00020989463860662756,0.000668800000084957
90.219096,0.000668800000084957,0.0003648000000794127,-0.0001593852903878986,-0.0002183095570177905,0.000668800000084957
90.239096,0.000668800000084957,-0.000471199999901728,-2.65801876414912e-05,-0.0002422256409312632,0.000668800000084957
90.259096,0.0008588000000600005,0.0002888000000893953,0.00020049573520218252,0.00024096783225704477,0.000668800000084957
90.279096,-0.003321199999845703,0.0002888000000893953,0.00045675904121330083,0.000708217249503921,0.000668800000084957
90.299096,0.0025688000000627653,0.000668800000084957,0.0006597422036888958,0.0006975878788732967,0.0008588000000600005
90.319095,0.000668800000084957,0.0006308000000899483,0.0007294997225127939,0.0005602918415793924,0.000668800000084957
90.339095,0.0025688000000627653,0.000668800000084957,0.0006153346961295975,0.00047171375300286824,0.000668800000084957
90.359095,0.000668800000084957,0.0002888000000893953,0.0003164913128858084,0.0003326461539355151,0.000668800000084957
90.379095,-0.0031311999998706597,-9.119999990616633e-05,-0.00011629053284577349,0.00017586293715222097,0.000668800000084957
90.399095,0.000668800000084957,-0.0008511999998972897,-0.0005991336567561658,-0.0008122256409210561,-0.0012311999998928513
90.419095,-0.0012311999998928513,-0.00126919999988786,-0.0010413375124120085,-0.0010801743588653202,-0.0012311999998928513
90.439094,-0.0012311999998928513,-0.0008891999998922983,-0.001366555410659734,-0.0014207571094452067,-0.0012311999998928513
90.459094,-0.0014211999998678948,-0.00126919999988786,-0.0015242298338920865,-0.00127903216771927,-0.0012311999998928513
90.479094,-0.0012311999998928513,-0.00126919999988786,-0.0014941842031954936,-0.0014074703961544084,-0.0012311999998928513
90.499094,-0.0012311999998928513,-0.0013071999998828688,-0.0012884254653311303,-0.0015474237761037163,-0.0012311999998928513
90.519094,-0.0012311999998928513,-0.00126919999988786,-0.0009512442812099926,-0.00083835617704922,-0.0012311999998928513
90.539093,-0.0014211999998678948,-0.0005091999998967367,-0.0005549942228513985,-0.0006124820511787917,-0.0012311999998928513
90.559093,-0.0012311999998928513,-9.119999990616633e-05,-0.0001870543957464323,-0.0003113165500189273,-0.0012311999998928513
90.579093,0.0025688000000627653,-0.00012919999990117502,7.362832184848557e-05,0.00013998881128280717,-0.0012311999998928513
90.599092,0.0008588000000600005,0.0002888000000893953,0.00018392469665504932,0.00037427785557022866,0.000668800000084957
90.619092,-0.0014211999998678948,0.000668800000084957,0.00015422708760912704,0.0002679841492740533,0.000668800000084957
90.639092,0.000668800000084957,-9.119999990616633e-05,4.509023609838677e-05,0.00013954592083361472,0.000668800000084957
90.659092,0.000668800000084957,-0.000471199999901728,-5.749805733172193e-05,6.381165510134634e-05,-0.0010411999999178079
90.679092,-0.0012311999998928513,-5.319999991115765e-05,-7.803597260569007e-05,-0.0007895916082901082,0.000668800000084957
90.699092,-0.0010411999999178079,-5.319999991115765e-05,1.5680837729454727e-05,-7.327459198382729e-05,0.000668800000084957
90.719091,0.000668800000084957,-0.0004331999999067193,0.000196363863231634,0.0002490797203606426,-0.0010411999999178079
90.739091,0.000668800000084957,0.0007088000000749162,0.0003861228491919178,0.00040423123551158453,0.000668800000084957
90.759091,-0.0012311999998928513,0.0006708000000799075,0.0004889845947155065,0.0006193827506610337,0.000668800000084957
90.779091,0.004478800000015326,0.0006708000000799075,0.00043438126786463294,0.0009388233100975176,0.000668800000084957
90.799091,-0.0012311999998928513,0.0002908000000843458,0.00021231737152239462,0.00011409137538238466,-0.0012311999998928513
90.81909,0.000668800000084957,0.0002908000000843458,-0.0001172986577354813,-0.00017264522135267417,-0.0012311999998928513
90.83909,-0.0012311999998928513,-0.00126919999988786,-0.0004474161060538208,-0.0005377967364991863,-0.0012311999998928513
90.85909,-0.0012311999998928513,-0.0005071999999017862,-0.0006685872395650978,-0.0005623888110895929,-0.0012311999998928513
90.87909,-0.003321199999845703,-0.0008871999998973478,-0.0007137879869049556,-0.0013279132866009982,-0.0012311999998928513
90.89909,0.0025788000000375177,-0.0005071999999017862,-0.0005818268526300209,-0.0006008503495478369,-0.0012311999998928513
90.919089,-0.0012311999998928513,-0.0005071999999017862,-0.0003303713026535855,-0.0001739272726373187,-0.0012311999998928513
90.939089,0.000668800000084957,0.000672800000074858,-4.611505723537554e-05,0.00038959254087009857,0.000668800000084957
90.959089,-0.0012311999998928513,0.000330800000074305,0.0001910663471996561,0.0003953034965809457,0.000668800000084957
90.979089,0.0025788000000375177,0.000330800000074305,0.0003349167367456138,0.0004159328672027529,0.000668800000084957
90.999089,0.0008688000000347529,-4.9199999921256676e-05,0.0003822469243039159,-0.00023884568756567346,-0.0012311999998928513
91.019088,-0.0012311999998928513,0.00037080000006426415,0.0003631971971642626,0.00044521025647618494,0.0008688000000347529
91.039088,-0.0012311999998928513,-1.1199999926247984e-05,0.0003182977288579323,0.00044544335670869666,0.000668800000084957
91.059088,0.0008688000000347529,0.000330800000074305,0.00027628482534529337,0.00030838041965419445,0.000668800000084957
91.079088,0.000668800000084957,0.000330800000074305,0.0002462832937065449,-7.087365959425676e-05,0.000668800000084957
91.099088,0.0025788000000375177,0.000330800000074305,0.00022595966598279752,0.00017180699308796686,0.000668800000084957
91.119087,-0.0012311999998928513,0.000330800000074305,0.00021418130224625144,0.0004530424243113689,0.000668800000084957
91.139087,-0.0012311999998928513,0.000330800000074305,0.00021581300655800804,0.0005925529138194343,0.000668800000084957
91.159087,0.0008688000000347529,-1.1199999926247984e-05,0.00023714579992280922,0.00018730815858656623,0.000668800000084957
91.179087,0.000668800000084957,0.00036880000006931366,0.00027976244238632947,7.926620054178314e-05,0.000668800000084957
91.199087,0.0008688000000347529,0.00036880000006931366,0.0003388926343180318,6.65622378327943e-05,0.000668800000084957
91.219086,0.000668800000084957,0.00036880000006931366,0.0004046572131476911,0.0005287067599664637,0.000668800000084957
91.239086,-0.0012311999998928513,0.00040880000005927286,0.00046199207619936793,0.0007012009324597377,0.0008688000000347529
91.259086,0.0008688000000347529,0.00036880000006931366,0.0004896119399829018,0.0004847906760594954,0.000668800000084957
91.279086,0.0008688000000347529,0.00036880000006931366,0.00046264324651608174,5.702843830186489e-05,0.000668800000084957
91.299086,0.000668800000084957,0.00036880000006931366,0.00036132188102976326,0.00024700512827909813,0.000668800000084957
91.319085,0.000668800000084957,-1.3199999921198469e-05,0.000181990245962159,0.0005094759907439668,0.000668800000084957
91.339085,-0.0012311999998928513,0.0003288000000793545,-5.612678758935447e-05,0.00031600279727746786,0.000668800000084957
91.359085,-0.0010411999999178079,-5.119999991620716e-05,-0.00031170507142000225,-0.0005920624707673052,-0.0010411999999178079
91.379085,0.0025788000000375177,-0.0008111999999073305,-0.0005288729080656217,-0.0007469575756582442,-0.0012311999998928513
91.399085,-0.0012311999998928513,-0.0008111999999073305,-0.0006504849456135428,-0.0003360251747425501,-0.0012311999998928513
91.419084,-0.0031311999998706597,-8.719999991626536e-05,-0.0006365356272349901,-0.0005284727271865277,-0.0012311999998928513
91.439084,-0.0012311999998928513,-0.00042919999991681835,-0.0004825715730424084,-0.0006346498833595569,-0.0012311999998928513
91.459084,0.0025788000000375177,-0.0008471999999073887,-0.00022769115121742937,-0.0004878200465326033,-0.0012311999998928513
91.479084,0.0008688000000347529,-8.519999992131488e-05,5.413683569454046e-05,-0.00021665454537490744,0.0006788000000597094
91.499084,-0.003321199999845703,0.0007148000000597676,0.0002748259395558305,0.0005319468532110969,0.0008688000000347529
91.519083,0.0006788000000597094,0.00033480000006420597,0.00035632415027704784,0.0009108279720806391,0.0006788000000597094
91.539083,0.002768800000012561,-8.319999992636439e-05,0.00025361362365985393,0.0002637184149825184,0.0006788000000597094
91.559083,0.0006788000000597094,0.00033680000005915646,-2.7848215648622733e-05,-0.000605419114139517,0.0006788000000597094
91.579083,-0.001221199999918099,-0.00046319999992192604,-0.00042995149948792864,-0.0003536708623961575,-0.001221199999918099
91.599082,-0.001221199999918099,-0.001261199999908058,-0.0008622840354367045,-0.0005506638693857735,-0.001221199999918099
91.619082,-0.003321199999845703,-0.001261199999908058,-0.0012379589615586263,-0.0014475170162181125,-0.001221199999918099
91.639082,-0.001221199999918099,-0.001681199999893579,-0.0015053669188411086,-0.0018930881117793885,-0.001221199999918099
91.659082,0.0006788000000597094,-0.001681199999893579,-0.0016588121938565493,-0.0015759785546754423,-0.001221199999918099
91.679082,-0.003321199999845703,-0.001261199999908058,-0.0017259990182892045,-0.001540081118780657,-0.001221199999918099
91.699081,-0.001221199999918099,-0.001261199999908058,-0.0017440964534140189,-0.0015657221444258466,-0.001221199999918099
91.719081,-0.001221199999918099,-0.0020211999998991812,-0.001738781293786816,-0.001493461072172313,-0.001221199999918099
91.739081,-0.001221199999918099,-0.0016011999999136605,-0.0017147581277522268,-0.0017687524474592465,-0.001221199999918099
91.759081,-0.0031211999998959072,-0.0016011999999136605,-0.0016592450618630411,-0.0018188689975791165,-0.001221199999918099
91.779081,-0.001221199999918099,-0.0016011999999136605,-0.0015544034418566424,-0.001576444755162726,-0.001221199999918099
91.799081,-0.001221199999918099,-0.0016011999999136605,-0.0013910411329201677,-0.0016463748250879625,-0.001221199999918099
91.81908,-0.001221199999918099,-0.001221199999918099,-0.0011763506247760146,-0.0011813398600584277,-0.001221199999918099
91.83908,-0.001221199999918099,-0.0008411999999225373,-0.0009327724144315152,-0.0009200344987561177,-0.001221199999918099
91.85908,-0.001221199999918099,-0.00046119999992697556,-0.0006893780097591328,-0.0003442769230052651,-0.001221199999918099
91.87908,0.0006788000000597094,-0.00046119999992697556,-0.00046960345843129073,-0.0002601277388570636,-0.001221199999918099
91.89908,0.0006788000000597094,-8.119999993141391e-05,-0.00028120115488855865,-0.00046828624701314116,0.0006788000000597094
91.919079,-0.001221199999918099,-8.119999993141391e-05,-0.00011524600425831847,-0.00025126992999935827,0.0006788000000597094
91.939079,0.0006788000000597094,-0.00046119999992697556,4.269916425392151e-05,-5.639813512983889e-05,-0.001221199999918099
91.959079,-0.001221199999918099,-8.119999993141391e-05,0.00019470164519129834,0.00021553659680362557,-0.001221199999918099
91.979079,-0.001221199999918099,0.00029880000006414774,0.0003184184193442468,5.388158514811649e-05,0.0006788000000597094
91.999079,0.0025788000000375177,0.00029880000006414774,0.00037219087973521973,0.00033954592080726146,0.0006788000000597094
92.019078,0.0006788000000597094,0.00033680000005915646,0.00031785312180475155,0.0005543477856052931,0.0006788000000597094
92.039078,0.0006788000000597094,0.0007168000000547181,0.0001485841759829424,0.0003554899767471033,0.0006788000000597094
92.059078,-0.0010311999999430554,-4.319999993640522e-05,-9.585400715332097e-05,-6.525594399178449e-05,0.0006788000000597094
92.079078,0.0006788000000597094,-0.0004231999999319669,-0.00033655177220850556,-0.00014940512813786596,-0.0010311999999430554
92.099077,-0.001221199999918099,-0.0008411999999225373,-0.0004824609341608986,-0.0008624587411810328,-0.001221199999918099
92.119077,-0.001221199999918099,-0.00011919999992642261,-0.000464591093553138,-0.0005214331001572538,-0.001221199999918099
92.139077,-0.0014111999998931424,-0.0004991999999219843,-0.0002625949239779567,-0.00020698088570659113,-0.001221199999918099
92.159077,0.0025788000000375177,0.0002608000000691391,8.725243774277039e-05,0.00024033846160965283,-0.001221199999918099
92.179077,-0.001221199999918099,0.0006408000000647007,0.0005046357313194471,0.0004418536131216562,0.0006788000000597094
92.199077,0.0025788000000375177,0.001058800000055271,0.0008904196816989421,0.0008998023310632247,0.0006788000000597094
92.219076,0.0006788000000597094,0.0006788000000597094,0.0011526036005930502,0.0010791729604256645,0.0006788000000597094
92.239076,0.0006788000000597094,0.0010968000000502799,0.0012248709904728742,0.001214254545500107,0.0006788000000597094
92.259076,0.0006788000000597094,0.0007548000000497268,0.0010765862874402518,0.0010211543124019169,0.0006788000000597094
92.279076,0.0008688000000347529,0.0007548000000497268,0.000717625531616616,0.0008395692308178957,0.0006788000000597094
92.299076,0.0008688000000347529,0.0003748000000541651,0.0002004343516393847,2.022191148014381e-05,0.0006788000000597094
92.319075,0.0006788000000597094,-0.0003851999999369582,-0.0003833160775990304,-0.0004873305360634089,0.0006788000000597094
92.339075,-0.001221199999918099,-0.0008031999999275286,-0.0009171526009377083,-0.0007464214451515577,-0.001221199999918099
92.359075,-0.0031211999998959072,-0.001221199999918099,-0.001286779999079172,-0.0009966545453804108,-0.001221199999918099
92.379075,-0.001221199999918099,-0.0011831999999230903,-0.0014116838942401409,-0.0013531813519001392,-0.001221199999918099
92.399075,-0.001221199999918099,-0.0011831999999230903,-0.0012677758813764053,-0.0013726685313874092,-0.001221199999918099
92.419075,0.0008688000000347529,-0.0008031999999275286,-0.0008921634418493719,-0.001385512354233255,-0.001221199999918099
92.439074,-0.001221199999918099,-0.0004231999999319669,-0.00037168497391850395,-0.00039122330995555607,-0.001221199999918099
92.459074,-0.001221199999918099,-4.319999993640522e-05,0.00017755695959298696,0.0005764923077495566,0.0006788000000597094
92.479074,0.0006788000000597094,0.0006788000000597094,0.0006355210514342147,0.000871014452269587,0.0006788000000597094
92.499074,0.0006788000000597094,0.001058800000055271,0.0009079463801549641,0.0008510843823416048,0.0006788000000597094
92.519073,0.004478800000015326,0.001058800000055271,0.0009556167609711837,0.0007160027972639821,0.0006788000000597094
92.539073,0.0006788000000597094,0.0006788000000597094,0.0008094331202157164,0.001024254545510223,0.0006788000000597094
92.559073,-0.001221199999918099,0.0006788000000597094,0.0005573132597566577,0.0006433687646288896,0.0006788000000597094
92.579073,-0.001221199999918099,-8.119999993141391e-05,0.0003038540988581469,0.00010747132873771128,0.0006788000000597094
92.599073,0.0006788000000597094,-0.00046119999992697556,0.000122847512050221,-6.52559439875444e-05,-0.001221199999918099
92.619072,0.0006788000000597094,-8.119999993141391e-05,2.814283910610703e-05,-0.0005524354311613427,0.0006788000000597094
92.639072,-0.001221199999918099,0.00029880000006414774,-2.4170266542502805e-05,1.4464335731804393e-05,0.0006788000000597094
92.659072,0.0006788000000597094,-8.119999993141391e-05,-0.00010686164776862007,0.0004165622378209945,0.0006788000000597094
92.679072,0.0006788000000597094,-8.119999993141391e-05,-0.00028093647126129,4.127086253902256e-05,0.0006788000000597094
92.699072,-0.001221199999918099,-8.119999993141391e-05,-0.0005605660183340489,-0.0005065146852362235,0.0006788000000597094
92.719071,0.0006788000000597094,-0.0008811999999124964,-0.0008981947144724471,-0.0008237641024791465,-0.001221199999918099
92.739071,-0.001221199999918099,-0.001261199999908058,-0.0011973709109087552,-0.0012010135197205768,-0.001221199999918099
92.759071,-0.003321199999845703,-0.001261199999908058,-0.0013498648052440733,-0.0016023888110911005,-0.001221199999918099
92.779071,-0.001221199999918099,-0.0016411999999036198,-0.0012821450304554517,-0.0015141370628432727,-0.001221199999918099
92.799071,-0.001221199999918099,-0.0012231999999130494,-0.0009901885199617966,-0.0012595682982828116,-0.001221199999918099
92.81907,-0.001221199999918099,-0.0003851999999369582,-0.0005458967122219759,-0.0003931347318685122,-0.001221199999918099
92.83907,0.0008688000000347529,3.280000005361217e-05,-7.168504021613995e-05,0.00010770442895856307,0.0008688000000347529
92.85907,0.0008688000000347529,0.0008308000000397442,0.00030545448393442073,0.0006977976690353866,0.0008688000000347529
92.87907,0.0008688000000347529,0.00045080000004418255,0.0005000274090929065,0.0006477976690381321,0.0008688000000347529
92.89907,0.002768800000012561,0.00045080000004418255,0.0004937792825662009,0.0003709911422356326,0.0008688000000347529
92.919069,-0.0031211999998959072,3.280000005361217e-05,0.00033016434193247054,3.395151520529417e-05,0.0008688000000347529
92.939069,0.0008688000000347529,-0.0003851999999369582,8.261507273554776e-05,-0.00019635151509133676,-0.001221199999918099
92.959069,-0.001221199999918099,-0.0008031999999275286,-0.0001841415696896812,-0.0001604773892155628,-0.001221199999918099
92.979069,-0.001221199999918099,-5.199999941396527e-06,-0.0004377199470442319,-0.0005032745920069605,0.0006788000000597094
92.999068,0.0006788000000597094,-0.0004231999999319669,-0.0006756369886475578,-0.0009324354311617815,-0.001221199999918099
93.019068,0.0008688000000347529,-0.0008031999999275286,-0.0009029693963264777,-0.0003185892773231134,-0.001221199999918099
93.039068,-0.001221199999918099,-0.0008031999999275286,-0.0011085166883375097,-0.0008987757575001688,-0.001221199999918099
93.059068,-0.0031211999998959072,-0.0008031999999275286,-0.001257078613390332,-0.0011490088577295519,-0.001221199999918099
93.079068,-0.001221199999918099,-0.0016011999999136605,-0.0013022915799656327,-0.0013881696968886586,-0.001221199999918099
93.099067,0.0006788000000597094,-0.0016011999999136605,-0.0012102503824198698,-0.001366025174744395,-0.001221199999918099
93.119067,-0.0031211999998959072,-0.0008031999999275286,-0.0009800667297209542,-0.001242015850735459,-0.001221199999918099
93.139067,-0.001221199999918099,-0.0004231999999319669,-0.0006521621856474869,-0.0008916895104159126,0.0006788000000597094
93.159067,0.0008688000000347529,-0.0008031999999275286,-0.0003005452060992963,-7.63282050663012e-05,-0.001221199999918099
93.179067,0.0006788000000597094,-4.319999993640522e-05,-1.033356866734852e-05,0.0001185435898058682,0.0006788000000597094
93.199067,-0.001221199999918099,0.0007168000000547181,0.00015177769566322155,0.0002514107226740996,0.0006788000000597094
93.219066,0.0006788000000597094,0.0002608000000691391,0.0001622106377624309,0.0005658629371252922,0.0006788000000597094
93.239066,0.0025788000000375177,-0.00011919999992642261,4.996436175854953e-05,-1.8752447480615766e-05,-0.001221199999918099
93.259066,-0.0014111999998931424,-0.00011919999992642261,-0.00011470358535848016,-0.00046607179479208976,-0.001221199999918099
93.279066,-0.001221199999918099,-0.0004991999999219843,-0.00025084708374870985,-0.0006959319346517187,-0.001221199999918099
93.299066,-0.001221199999918099,-0.0008791999999175459,-0.0003046916652191725,-0.00024196923069511058,-0.001221199999918099
93.319065,-0.001221199999918099,-0.00046119999992697556,-0.00027460867946906486,-0.0002530414917685674,-0.001221199999918099
93.339065,0.0006788000000597094,0.00029880000006414774,-0.0002069598355420996,8.706759972864974e-06,0.0006788000000597094
93.359065,0.0006788000000597094,0.00029880000006414774,-0.00016357019953741308,0.00010171375297877202,0.0006788000000597094
93.379065,0.0025788000000375177,0.00029880000006414774,-0.00018056424614276625,-0.00010511608384297869,0.0006788000000597094
93.399065,-0.001221199999918099,-0.0004991999999219843,-0.0002455431970017074,-0.0002335543122807674,-0.001221199999918099
93.419065,-0.001221199999918099,-0.0004991999999219843,-0.0003089029015447879,-0.00022469650342412197,-0.001221199999918099
93.439064,-0.0033111999998709507,-0.0008411999999225373,-0.0003214044150192534,-0.0008004540791760346,-0.001221199999918099
93.459064,0.0006788000000597094,-0.00046119999992697556,-0.0002710420839802994,-0.000361992540720676,0.0006788000000597094
93.479064,0.0008688000000347529,-0.00046119999992697556,-0.00019351949999584154,-0.0003487058274351779,0.0006788000000597094
93.499063,0.0006788000000597094,0.0007168000000547181,-0.0001511550752809533,8.975571102018072e-05,0.0006788000000597094
93.519063,-0.001221199999918099,-4.319999993640522e-05,-0.00019693038040409145,7.646899773256248e-05,0.0006788000000597094
93.539063,0.0025788000000375177,-0.00046119999992697556,-0.0003471111480569381,-6.968484842063711e-05,-0.001221199999918099
93.559063,-0.0031211999998959072,-0.0008411999999225373,-0.000576650150997626,-0.0007760951048207896,-0.001221199999918099
93.579063,-0.001221199999918099,-0.0008411999999225373,-0.0008362795540668219,-0.001280990209705229,-0.001221199999918099
93.599062,-0.001221199999918099,-0.0016011999999136605,-0.001077962517124385,-0.001116677855394846,-0.001221199999918099
93.619062,-0.001221199999918099,-0.0012591999999131075,-0.0012721720147495712,-0.0011959552446718926,-0.001221199999918099
93.639062,-0.001221199999918099,-0.0008791999999175459,-0.0014079452495134336,-0.001669848018555953,-0.001221199999918099
93.659062,-0.0014111999998931424,-0.0012591999999131075,-0.0014790733553056226,-0.0010143701630836314,-0.001221199999918099
93.679062,0.0006788000000597094,-0.0012971999999081163,-0.0014684412038547137,-0.0010719459206576566,-0.0014111999998931424
93.699062,-0.0031211999998959072,-0.0009171999999125546,-0.001343141258835764,-0.0013243934731022612,-0.0014111999998931424
93.719061,-0.0014111999998931424,-0.0008791999999175459,-0.0010660727960521618,-0.0012136708623820035,-0.001221199999918099
93.739061,0.0006788000000597094,-0.0012591999999131075,-0.0006192902291246061,-0.0008443002330158994,-0.001221199999918099
93.759061,-0.001221199999918099,-0.00011919999992642261,-2.6965844257838922e-05,-0.00010954498827289155,-0.001221199999918099
93.779061,-0.001221199999918099,0.0006788000000597094,0.0006347685463025862,0.0003550470863101008,0.0006788000000597094
93.799061,0.0025788000000375177,0.0010968000000502799,0.001249222641675771,0.001597354778598252,0.0025788000000375177
93.81906,0.0025788000000375177,0.00151480000004085,0.0016914258414614358,0.0017147207459583436,0.0025788000000375177
93.83906,0.002768800000012561,0.0022748000000319736,0.0018695688663308606,0.0017032055944441744,0.0025788000000375177
93.85906,0.0008688000000347529,0.00151480000004085,0.001756518804784936,0.00197336876460419,0.0025788000000375177
93.87906,0.0025788000000375177,0.0011348000000452885,0.001396626822597864,0.001588054079295064,0.0008688000000347529
93.89906,-0.001221199999918099,0.0007168000000547181,0.00088661312094712,0.0005313174825748347,0.0006788000000597094
93.919059,0.0006788000000597094,0.00029880000006414774,0.0003418217237750392,0.00017921958048183918,0.0006788000000597094
93.939059,0.0006788000000597094,-0.00046119999992697556,-0.00013682028224208824,-0.00014187599060759733,-0.001221199999918099
93.959059,-0.001221199999918099,-4.319999993640522e-05,-0.0004842972914416003,-0.0004625286712573818,0.0006788000000597094
93.979059,-0.001221199999918099,-0.0004231999999319669,-0.0006784192685569403,-0.0004151393938732687,-0.001221199999918099
93.999059,0.0008688000000347529,-0.0008031999999275286,-0.0007347420656519042,-0.0005612932400232881,-0.001221199999918099
94.019058,-0.001221199999918099,-0.0004231999999319669,-0.0006943971647787264,-0.0011193351980566101,-0.001221199999918099
94.039058,-0.001221199999918099,-0.0008411999999225373,-0.0006100415652708062,-0.0007180764568023423,-0.001221199999918099
94.059058,0.0006788000000597094,-0.0008791999999175459,-0.0005332087276864428,-0.00015516270389256536,-0.001221199999918099
94.079058,-0.0033111999998709507,-0.00011919999992642261,-0.0005028190695534721,-0.00047847272719245325,0.0006788000000597094
94.099057,0.0006788000000597094,-0.0001571999999214313,-0.0005332294824125364,-0.0005670508157642074,0.0006788000000597094
94.119057,0.0025788000000375177,-0.0009551999999075633,-0.0006039709648814715,-0.0005559785546907505,-0.0014111999998931424
94.139057,-0.0014111999998931424,-0.0001571999999214313,-0.0006595932326014372,-0.0006046965034107805,0.0006788000000597094
94.159057,-0.0033111999998709507,-0.000537199999916993,-0.0006280528377006224,-0.0006383561770718631,-0.001221199999918099
94.179057,0.0006788000000597094,-0.0008791999999175459,-0.0004545344802278352,-0.00038989463862228917,-0.001221199999918099
94.199057,-0.001221199999918099,-0.00046119999992697556,-0.00013369705533149007,-0.0004390554777830314,0.0006788000000597094
94.219056,0.0008688000000347529,0.0003748000000541651,0.00027811400594124445,0.00011500046626161995,0.0006788000000597094
94.239057,0.0006788000000597094,0.0007168000000547181,0.0006772009505137328,0.0007704783217307614,0.0008688000000347529
94.259056,0.0008688000000347529,0.0010968000000502799,0.0009462774666770068,0.0010091962704486257,0.0008688000000347529
94.279056,0.0023888000000624743,0.0006408000000647007,0.0009934992085372189,0.0010331123543695184,0.0006788000000597094
94.299056,0.0006788000000597094,0.0006408000000647007,0.0007824670312832721,0.0008621566434208919,0.0006788000000597094
94.319055,-0.0014111999998931424,0.000602800000069692,0.0003440355088674406,0.00025761118888329153,0.0006788000000597094
94.339055,0.0006788000000597094,-0.0004991999999219843,-0.00023107405649859934,-0.00021805314677898782,0.0006788000000597094
94.359055,0.0006788000000597094,-0.0008411999999225373,-0.0008135420227052202,-0.0007318060605274925,-0.0010311999999430554
94.379055,-0.0031211999998959072,-0.0008031999999275286,-0.001264468740166033,-0.0013425519812726948,-0.0010311999999430554
94.399055,-0.0010311999999430554,-0.0011831999999230903,-0.001467489733408259,-0.0014957920745112107,-0.001221199999918099
94.419054,-0.001221199999918099,-0.001563199999918652,-0.0013582426654166803,-0.001123764102489703,-0.001221199999918099
94.439054,-0.001221199999918099,-0.0008031999999275286,-0.0009434665857372877,-0.0009293351980603656,-0.001221199999918099
94.459054,-0.001221199999918099,-8.119999993141391e-05,-0.0003032486971600967,-0.0006773305360554132,-0.001221199999918099
94.479054,0.0006788000000597094,0.00029880000006414774,0.00042592692660085705,0.0007044876457461029,0.0006788000000597094
94.499053,0.0025788000000375177,0.0006788000000597094,0.0010843508434628718,0.001045513286768292,0.0006788000000597094
94.519053,0.0006788000000597094,0.0018568000000414031,0.0015297713301455742,0.0014224130536604246,0.0006788000000597094
94.539053,0.0006788000000597094,0.0014768000000458415,0.0016736336768417481,0.001579639160883901,0.0006788000000597094
94.559053,0.0046687999999903695,0.0010968000000502799,0.0015027987434347348,0.0018236717949115125,0.0006788000000597094
94.579053,-0.001221199999918099,0.0010968000000502799,0.001081446547998716,0.001181480652730519,0.0006788000000597094
94.599053,0.0006788000000597094,0.0010968000000502799,0.0005326213398447504,0.000324044755309192,0.0006788000000597094
94.619052,0.0006788000000597094,-0.0004991999999219843,3.883747174352264e-06,-5.019766892859723e-05,0.0006788000000597094
94.639052,0.0006788000000597094,-0.0004991999999219843,-0.0003740062802397775,-0.0006751160838370119,0.0006788000000597094
94.659052,-0.0033111999998709507,-0.00046119999992697556,-0.0005245064582198926,-0.0006618293705515138,0.0006788000000597094
94.679052,-0.001221199999918099,-0.00046119999992697556,-0.00044727780251137045,3.3951515216424375e-05,0.0006788000000597094
94.699052,0.0008688000000347529,-4.319999993640522e-05,-0.00021431190127449402,-0.00019413706287187536,0.0006788000000597094
94.719052,0.0006788000000597094,0.0003748000000541651,6.176584086214025e-05,-9.005780879569182e-05,0.0006788000000597094
94.739051,0.002768800000012561,0.0003748000000541651,0.0002737877000096091,0.0003621333333869373,0.0006788000000597094
94.759051,-0.001221199999918099,0.00033680000005915646,0.0003573001809101449,0.0005764923077469066,0.0006788000000597094
94.779051,-0.001221199999918099,0.00033680000005915646,0.00030244055495627376,0.0003771916084506545,0.0006788000000597094
94.799051,0.0006788000000597094,-0.0004991999999219843,0.00014187689586629668,-0.00016092027964938497,-0.001221199999918099
94.81905,0.0006788000000597094,-8.119999993141391e-05,-7.075831525639372e-05,-0.0002114097901370339,0.0006788000000597094
94.83905,-0.0014111999998931424,-0.00011919999992642261,-0.00027888142536753143,-0.00034427692299943515,0.0006788000000597094
94.85905,0.0008688000000347529,-0.00011919999992642261,-0.00043378324933566483,-0.00023133986006342592,0.0006788000000597094
94.87905,-0.0014111999998931424,-0.0004991999999219843,-0.000501040103215573,-0.00037483636356281194,-0.001221199999918099
94.89905,0.0006788000000597094,-0.00046119999992697556,-0.0004656971916398562,-0.0005763515150758754,-0.001221199999918099
94.919049,-0.001221199999918099,-0.00046119999992697556,-0.00033696270096600844,-0.00029334452207107405,-0.001221199999918099
94.939049,-0.001221199999918099,-8.119999993141391e-05,-0.00015011211985252362,-0.00015161958035149735,0.000488800000084666
94.959049,0.0008688000000347529,-8.119999993141391e-05,3.864262801138531e-05,-0.00024772680645458007,0.000488800000084666
94.979049,0.000488800000084666,-4.319999993640522e-05,0.00016667206802337386,0.0002398955711546305,0.000488800000084666
94.999049,0.0006788000000597094,0.00033680000005915646,0.0001852674988538727,0.0004178909091436611,0.0006788000000597094
95.019048,-0.0010311999999430554,0.00033680000005915646,7.725149693921335e-05,0.0003437650350226137,0.0006788000000597094
95.039048,0.0006788000000597094,-5.199999941396527e-06,-0.00013601304411611006,-0.0002465379952677103,0.0006788000000597094
95.059048,0.0008688000000347529,-0.0008051999999224791,-0.0004014295833732392,-0.0006395216782434318,-0.0010311999999430554
95.079048,-0.001221199999918099,-0.0008431999999174878,-0.000653443832623035,-0.0009428083915318732,-0.001221199999918099
95.099047,-0.003321199999845703,-0.0008051999999224791,-0.0008396214544192279,-0.0008857920745142858,-0.001221199999918099
95.119047,-0.001221199999918099,-0.0011851999999180408,-0.000940485278967558,-0.0007594517481744027,-0.001221199999918099
95.139047,0.0008688000000347529,-0.0008051999999224791,-0.0009708126481660133,-0.0007219459206758167,-0.0010311999999430554
95.159047,-0.0010311999999430554,-0.0003851999999369582,-0.0009603205275317921,-0.0009947897435118368,-0.0010311999999430554
95.179047,0.0006788000000597094,-0.0003851999999369582,-0.0009275295261895141,-0.0008326918414166757,-0.0010311999999430554
95.199047,-0.001221199999918099,-0.0012231999999130494,-0.000866810325928289,-0.0005310601397886079,-0.001221199999918099
95.219046,-0.001221199999918099,-0.0008811999999124964,-0.0007589255633417905,-0.0009224354311504585,-0.001221199999918099
95.239046,-0.003321199999845703,-0.0008811999999124964,-0.0005975681038898931,-0.0010753491840576278,-0.001221199999918099
95.259046,0.0006788000000597094,-0.0008811999999124964,-0.0004117545784969616,-0.0006075403262543134,-0.001221199999918099
95.279046,0.0006788000000597094,-0.0005011999999169348,-0.00026578168053499634,-0.000435792074513557,0.0006788000000597094
95.299046,-0.001221199999918099,0.00029880000006414774,-0.0002335303947631099,9.089790216584812e-05,0.0006788000000597094
95.319045,0.0006788000000597094,-8.119999993141391e-05,-0.0003604286494307497,-6.213240085969703e-05,0.0006788000000597094
95.339045,0.0006788000000597094,-0.0004991999999219843,-0.000633276030895684,-0.00028998787871230503,-0.001221199999918099
95.359045,-0.001221199999918099,-0.0009191999999075051,-0.0009742936535030861,-0.0011975636362698636,-0.001221199999918099
95.379045,-0.0014111999998931424,-0.0012991999999030668,-0.0012652208585758509,-0.001290920279623478,-0.001221199999918099
95.399045,-0.003321199999845703,-0.0016791999998986284,-0.001393199206584034,-0.0014398480185472769,-0.001221199999918099
95.419044,-0.001221199999918099,-0.0012991999999030668,-0.0012980383645376321,-0.0016084727271718465,-0.001221199999918099
95.439044,-0.001221199999918099,-0.001261199999908058,-0.000998400397045693,-0.001266258274970738,-0.001221199999918099
95.459044,0.0006788000000597094,-0.0004231999999319669,-0.000585161558903183,-0.0004553958041250329,-0.001221199999918099
95.479044,-0.001221199999918099,-5.199999941396527e-06,-0.00018653020422055555,6.257622383511378e-05,0.0006788000000597094
95.499043,0.0008688000000347529,0.00037280000005921463,7.908264354627501e-05,0.00040702843828317503,0.0006788000000597094
95.519043,0.0008688000000347529,-9.199999931297498e-06,0.00014422754696719094,2.5117016385150246e-05,0.000668800000084957
95.539043,0.000668800000084957,-1.1199999926247984e-05,1.3528037780413231e-05,-7.959906685113012e-06,0.000668800000084957
95.559043,-0.0012311999998928513,-0.00043119999991176884,-0.00024194869672787545,-0.000447447086156103,-0.0012311999998928513
95.579043,-0.0012311999998928513,-0.000471199999901728,-0.0005136481621906612,-0.00031735384606218107,-0.0012311999998928513
95.599042,-0.0012311999998928513,-0.0008511999998972897,-0.0006946364952818746,-0.000581083449785793,-0.0012311999998928513
95.619042,0.000668800000084957,-0.00043119999991176884,-0.0007128095668944704,-0.0009553491840468333,-0.0012311999998928513
95.639042,-0.0012311999998928513,-0.00043119999991176884,-0.0005485898665222318,-0.00070371748242238,-0.0012311999998928513
95.659042,0.0008688000000347529,-0.00043119999991176884,-0.0002369898468824402,-0.00037483636355062176,-0.0012311999998928513
95.679042,-0.0012311999998928513,-4.9199999921256676e-05,0.0001418877066001049,0.00010674871802540515,-0.0012311999998928513
95.699042,-0.0012311999998928513,0.00037080000006426415,0.0004822458051445205,0.0008244643357235762,0.0008688000000347529
95.719041,0.0025788000000375177,0.0007128000000648172,0.0006826418355446456,0.0008146741259289339,0.0008688000000347529
95.739041,0.0008688000000347529,0.001132800000050338,0.0006828904471248056,0.000723998135253974,0.0008688000000347529
95.759041,0.0025788000000375177,0.0007528000000547764,0.0004938266105057649,0.0005524363636986969,0.0008688000000347529
95.779041,0.0008688000000347529,-9.199999931297498e-06,0.00020081501328256664,0.0001821333334009559,0.0008688000000347529
95.799041,-0.0031311999998706597,-4.9199999921256676e-05,-6.847233427012427e-05,-7.998787871355524e-05,0.000668800000084957
95.81904,-0.0012311999998928513,-0.0008111999999073305,-0.00020021212914240032,-0.0005071440558571152,-0.0012311999998928513
95.83904,0.000668800000084957,-0.0004691999999067775,-0.00014550521602503953,-0.0003354424241512008,-0.0012311999998928513
95.85904,-0.0012311999998928513,0.0002908000000843458,6.1030417026895916e-05,-0.0002028083915170711,0.000668800000084957
95.87904,0.0025788000000375177,0.0006708000000799075,0.00032289388384203855,0.0005610843823694022,0.000668800000084957
95.89904,0.000668800000084957,0.0006708000000799075,0.0005288842588545567,0.0011357930070675921,0.000668800000084957
95.919039,0.000668800000084957,0.001050800000075469,0.0006003367684794642,0.0007058396271201114,0.000668800000084957
95.939039,0.000668800000084957,0.0002888000000893953,0.0005170650606945693,0.0004838116550961965,0.000668800000084957
95.959039,0.000668800000084957,-9.119999990616633e-05,0.00031412320442220266,0.00015082797211845203,0.000668800000084957
95.979039,-0.0012311999998928513,-9.119999990616633e-05,5.579422505148909e-05,-0.00029311142181312195,0.000668800000084957
95.999038,-0.0012311999998928513,-0.000471199999901728,-0.0001976738715408257,-0.00028341445211837427,-0.0012311999998928513
96.019038,0.000668800000084957,-0.000471199999901728,-0.00041360171927454963,-0.0006155822842823276,-0.0012311999998928513
96.039038,-0.0012311999998928513,-0.000471199999901728,-0.0005904537383651451,-0.00039147972018428853,-0.0012311999998928513
96.059038,0.000668800000084957,-0.000471199999901728,-0.0007432237816381559,-0.0005398480185484692,-0.0012311999998928513
96.079038,-0.0012311999998928513,-0.000471199999901728,-0.0008822866023735996,-0.0005730648017630096,-0.0012311999998928513
96.099038,-0.0012311999998928513,-0.0008891999998922983,-0.0009991747671444545,-0.0010260951047826807,-0.0012311999998928513
96.119037,0.000668800000084957,-0.00126919999988786,-0.0010670181443674027,-0.0013262116548999523,-0.0012311999998928513
96.139037,-0.003321199999845703,-0.00126919999988786,-0.0010547747948751584,-0.0009976568763526506,-0.0012311999998928513
96.159037,-0.0012311999998928513,-0.0008491999999023392,-0.0009467388098429475,-0.0011210834497808373,-0.0012311999998928513
96.179037,-0.0012311999998928513,-0.0008491999999023392,-0.0007549961700825285,-0.0007752792539831483,-0.0012311999998928513
96.199037,0.0008688000000347529,-0.00043119999991176884,-0.0005159667978460971,-0.0003632745919851802,-0.0012311999998928513
96.219036,0.000668800000084957,-5.119999991620716e-05,-0.0002729243198903305,-0.0003048829835915339,0.000668800000084957
96.239036,-0.0012311999998928513,0.0003288000000793545,-5.656765365560917e-05,0.00021621258749221988,0.000668800000084957
96.259036,0.000668800000084957,-9.119999990616633e-05,0.00012378378958394654,0.00015094452222781784,0.000668800000084957
96.279036,0.000668800000084957,-5.119999991620716e-05,0.00027455820779951316,0.00018635244763591836,0.000668800000084957
96.299036,-0.0012311999998928513,0.0003288000000793545,0.0004035643708164967,0.00010252960381482311,0.000668800000084957
96.319035,0.0008688000000347529,0.000330800000074305,0.0005068190141954026,0.00030040839168268363,0.000668800000084957
96.339035,0.000668800000084957,0.0003328000000692555,0.0005650877421490012,0.0005657696970365275,0.0006788000000597094
96.359035,0.0006788000000597094,0.0007148000000597676,0.00055290578401658,0.0008477976690536496,0.0006788000000597094
96.379035,0.0006788000000597094,0.0006768000000647589,0.00045524919069072235,0.0007329724942327055,0.0006788000000597094
96.399035,0.0006788000000597094,0.0006788000000597094,0.00028200020922350524,0.00037597948724954374,0.0006788000000597094
96.419034,0.0006788000000597094,-0.0001211999999213731,7.066714476482989e-05,-0.0001715962703169717,0.0006788000000597094
96.439034,0.0006788000000597094,-0.0005011999999169348,-0.00012704152525498867,-0.0004056289043496903,0.0006788000000597094
96.459034,-0.003321199999845703,-0.00046319999992192604,-0.00027055437075526573,-0.0001528550115838093,0.0006788000000597094
96.479034,-0.001221199999918099,-0.00046319999992192604,-0.0003539655724310102,-0.0005258153845380141,0.0006788000000597094
96.499033,0.0008688000000347529,-0.0004251999999269174,-0.0004107787668143934,-0.000517423776145862,0.0006788000000597094
96.519033,0.0006788000000597094,-0.0004251999999269174,-0.0004928555972320067,-0.0003269808857057254,0.0006788000000597094
96.539033,0.0008688000000347529,-4.5199999931355705e-05,-0.0006351737425935494,-0.0004283794871048442,0.0006788000000597094
96.559033,-0.003321199999845703,-0.00046319999992192604,-0.0008291439789922839,-0.0005496848484097542,0.0006788000000597094
96.579033,0.0006788000000597094,-0.0012231999999130494,-0.0010207600817534195,-0.0011004773891902316,-0.001221199999918099
96.599032,-0.001221199999918099,-0.0016411999999036198,-0.001133241066505146,-0.0012219226106362385,-0.001221199999918099
96.619032,-0.0031211999998959072,-0.0008031999999275286,-0.0011011494458453158,-0.0012656289043461364,-0.001221199999918099
96.639032,-0.001221199999918099,-0.0007651999999325199,-0.000899467934655587,-0.000988006526733026,-0.001221199999918099
96.659032,0.0008688000000347529,-0.0007651999999325199,-0.0005549008145519255,-0.00037311142185494537,-0.001221199999918099
96.679032,0.0008688000000347529,3.280000005361217e-05,-0.00013626781812175567,-0.00032124661998805733,0.0008688000000347529
96.699032,-0.001221199999918099,0.00041280000004917383,0.00026811340377735487,0.0002744410256928975,0.0008688000000347529
96.719031,0.0008688000000347529,0.0003748000000541651,0.0005743398329481711,0.0006752568765059231,0.0006788000000597094
96.739031,0.0006788000000597094,0.00033680000005915646,0.0007217524779441053,0.0007527627040142905,0.0006788000000597094
96.759031,0.0006788000000597094,0.0007168000000547181,0.0006864308574604926,0.0006221100233681705,0.0006788000000597094
96.779031,0.0006788000000597094,0.0006788000000597094,0.000489438336717718,0.0003918069930715395,0.0006788000000597094
96.799031,0.0006788000000597094,0.00029880000006414774,0.00019689762014742042,0.000505186946447731,0.0006788000000597094
96.819031,0.0006788000000597094,-8.119999993141391e-05,-9.217367941252067e-05,-5.10834498137317e-05,0.0006788000000597094
96.83903,-0.001221199999918099,-4.319999993640522e-05,-0.00027139192495423875,-0.000407167365899108,0.0006788000000597094
96.85903,-0.001221199999918099,-0.0004231999999319669,-0.00026050273559994605,-0.00045588531461913793,-0.001221199999918099
96.87903,0.0008688000000347529,-0.0003851999999369582,-3.475230872674068e-05,-0.00022558228432038678,-0.001221199999918099
96.899029,-0.001221199999918099,0.0003748000000541651,0.00036340997577520524,0.0003988932401473156,0.0008688000000347529
96.919029,0.0008688000000347529,0.0011348000000452885,0.0008376986588972897,0.0010145109557583728,0.0008688000000347529
96.939029,0.0025788000000375177,0.0014768000000458415,0.0012730197405726557,0.001780711421951482,0.0025788000000375177
96.959029,0.0025788000000375177,0.0018568000000414031,0.0015779523124474944,0.0016008979021446199,0.0025788000000375177
96.979029,0.0025788000000375177,0.0018188000000463945,0.0017146547421397404,0.0013878675991200375,0.0025788000000375177
96.999028,0.0006788000000597094,0.001058800000055271,0.0017007797768163304,0.0015078909091376528,0.0006788000000597094
97.019028,0.0006788000000597094,0.0010968000000502799,0.0015836610694299521,0.0017571916084306292,0.0006788000000597094
97.039028,-0.001221199999918099,0.0011348000000452885,0.0014046974606236257,0.0013756997669442355,0.0006788000000597094
97.059028,0.002768800000012561,0.00151480000004085,0.0011780452951848275,0.000869545920801053,0.0025788000000375177
97.079028,0.002768800000012561,0.0007148000000597676,0.0008960216217451482,0.0005943710956298456,0.0025788000000375177
97.099028,0.0025788000000375177,0.0007148000000597676,0.000552184545378743,0.0007136018648601013,0.0025788000000375177
97.119027,-0.003321199999845703,0.00033480000006420597,0.0001605183473147367,0.0006851403263983401,0.0008688000000347529
97.139027,-0.001221199999918099,-8.319999992636439e-05,-0.000242843534658592,0.00014271608398464382,0.0006788000000597094
97.159027,0.0008688000000347529,-0.0008431999999174878,-0.0006105336380715919,-0.0009885193472334215,-0.001221199999918099
97.179027,0.0006788000000597094,-0.0008411999999225373,-0.0008951757449585985,-0.0011845799532924607,-0.001221199999918099
97.199027,-0.001221199999918099,-0.0008411999999225373,-0.0010571179583795975,-0.0014091953379094459,-0.001221199999918099
97.219026,-0.0033111999998709507,-0.0008791999999175459,-0.0010731669450549696,-0.0005732979020252018,-0.001221199999918099
97.239026,-0.001221199999918099,-0.0012591999999131075,-0.0009465020820082613,-0.0006299412586622901,-0.001221199999918099
97.259026,0.0006788000000597094,-0.0004991999999219843,-0.0007096081425028041,-0.0008629016316164447,-0.001221199999918099
97.279026,-0.001221199999918099,-8.119999993141391e-05,-0.00041404674216405715,-0.0006104540791755502,-0.001221199999918099
97.299026,0.0025788000000375177,-8.119999993141391e-05,-0.00011221571276447308,-7.23421910760406e-05,-0.001221199999918099
97.319025,-0.001221199999918099,-4.319999993640522e-05,0.0001563281832398935,0.0003240447553007119,-0.001221199999918099
97.339025,-0.001221199999918099,0.0003748000000541651,0.000365996936118303,0.00023458088583958313,0.0008688000000347529
97.359025,0.0008688000000347529,-5.199999941396527e-06,0.0004976004845238326,0.0003962358974892622,0.0006788000000597094
97.379025,0.0008688000000347529,0.0003748000000541651,0.0005332990850200297,0.0005933221445713528,0.0006788000000597094
97.399024,0.0006788000000597094,0.0007928000000447355,0.0004611904598111847,0.00030765780891008786,0.0008688000000347529
97.419024,0.0006788000000597094,0.0003748000000541651,0.0002860033647277075,0.00034530349655666095,0.0006788000000597094
97.439024,0.0008688000000347529,-4.319999993640522e-05,3.5922882754726975e-05,0.00018807738933530465,0.0006788000000597094
97.459024,-0.001221199999918099,-0.0004231999999319669,-0.00024189683381463202,-0.00024816969690218246,-0.001221199999918099
97.479024,-0.001221199999918099,-0.0004231999999319669,-0.0004962415394532071,-0.0006954890442131263,-0.001221199999918099
97.499023,-0.001221199999918099,-0.0008411999999225373,-0.0006884075510511848,-0.0007105473192741936,-0.001221199999918099
97.519023,0.0006788000000597094,-0.0008411999999225373,-0.0008002425806832647,-0.0007282629369896043,-0.001221199999918099
97.539023,-0.001221199999918099,-0.0004231999999319669,-0.0008300379901184949,-0.0008478433565675676,-0.001221199999918099
97.559023,-0.001221199999918099,-0.0004231999999319669,-0.0007814612186788322,-0.0006418993006267116,-0.001221199999918099
97.579023,0.0008688000000347529,-0.0008031999999275286,-0.0006542424917674238,-0.0006729016316313305,-0.001221199999918099
97.599023,-0.001221199999918099,-0.0004231999999319669,-0.0004424001996750242,-0.00034782004655322356,-0.001221199999918099
97.619022,-0.001221199999918099,-5.199999941396527e-06,-0.00014026675247601184,-6.215571089513867e-05,0.0006788000000597094
97.639022,0.0006788000000597094,0.00033680000005915646,0.00024826881528915374,0.00034308904434355957,0.0006788000000597094
97.659022,0.0008688000000347529,0.0007548000000497268,0.0007033840334259752,0.000807681118932382,0.0008688000000347529
97.679022,0.0025788000000375177,0.0011348000000452885,0.0011882979522336008,0.0007607347319879212,0.0008688000000347529
97.699021,0.0008688000000347529,0.00151480000004085,0.0016509336382974009,0.0014897324009714597,0.0008688000000347529
97.719021,0.0006788000000597094,0.00151480000004085,0.0020256209500063133,0.002211643822872862,0.0008688000000347529
97.739021,0.0025788000000375177,0.0019328000000314205,0.002237937735448478,0.0022957930070215933,0.0008688000000347529
97.759021,0.0008688000000347529,0.0022748000000319736,0.0022194016514369918,0.0018263291375658556,0.0025788000000375177
97.779021,0.0046687999999903695,0.0018948000000364117,0.0019332796071281574,0.0017647673660047501,0.0025788000000375177
97.799021,0.0025788000000375177,0.0011348000000452885,0.0014012219910032476,0.002035373426609188,0.0008688000000347529
97.81902,-0.001221199999918099,0.0014768000000458415,0.0007137548158115854,0.0009728792541300193,0.0025788000000375177
97.83902,-0.001221199999918099,0.00029880000006414774,1.404994107153117e-05,-0.00022513939386960453,-0.001221199999918099
97.85902,0.0025788000000375177,-0.0012591999999131075,-0.0005408431628363654,-0.0006374703961883187,-0.001221199999918099
97.87902,-0.001221199999918099,-0.0008791999999175459,-0.0008270831078986034,-0.0007743235430409806,-0.001221199999918099
97.899019,-0.005211199999848759,-0.00011919999992642261,-0.0007943200524673121,-0.0009178200465393064,0.0006788000000597094
97.91902,0.0006788000000597094,-0.00046119999992697556,-0.0004855262312219014,-0.0005723655010903849,0.0006788000000597094
97.939019,0.0025788000000375177,-0.0008411999999225373,-2.6032854291901974e-05,-0.00022513939386801434,0.0006788000000597094
97.959019,0.0008688000000347529,0.0007168000000547181,0.0004167373138410921,0.0003661193473798478,0.0008688000000347529
97.979019,-0.0031211999998959072,0.0010968000000502799,0.0006867220675707953,0.001045956177205294,0.0025788000000375177
97.999019,0.0025788000000375177,0.0007548000000497268,0.0006868550642914104,0.001181037762282387,0.0008688000000347529
98.019018,0.0025788000000375177,-4.319999993640522e-05,0.0004093156072272333,0.0002438815851395909,0.0008688000000347529
98.039018,0.0008688000000347529,0.00033680000005915646,-5.9150716199100515e-05,-0.0002743002330345864,0.0008688000000347529
98.059018,-0.0031211999998959072,-0.0004231999999319669,-0.0005633712008296674,-0.0005798946386227735,-0.001221199999918099
98.079018,-0.001221199999918099,-0.0011831999999230903,-0.0009338659892482642,-0.0009071906759161022,-0.001221199999918099
98.099017,-0.001221199999918099,-0.0016011999999136605,-0.001048663809256463,-0.001452388811104638,-0.001221199999918099
98.119017,-0.001221199999918099,-0.0008411999999225373,-0.0008755220424290371,-0.001111363170083509,-0.001221199999918099
98.139017,-0.001221199999918099,-8.119999993141391e-05,-0.0004771281989783735,-0.00035844941717801793,-0.001221199999918099
98.159017,0.0006788000000597094,0.00033680000005915646,2.0406222693709584e-05,0.0006473547786112,0.0006788000000597094
98.179017,0.0025788000000375177,0.0007168000000547181,0.0004801663105398015,0.0005299888112458081,0.0006788000000597094
98.199016,0.0008688000000347529,0.0010968000000502799,0.0008041507903713286,0.0011788233100724654,0.0006788000000597094
98.219016,0.0006788000000597094,0.0007168000000547181,0.00095789859422863,0.0007912941725481182,0.0006788000000597094
98.239016,0.0006788000000597094,0.0007168000000547181,0.0009614891884589115,0.00048791421917250224,0.0006788000000597094
98.259016,-0.001221199999918099,-8.119999993141391e-05,0.0008571970018607229,0.000498986480245959,0.0006788000000597094
98.279016,0.0025788000000375177,0.00029880000006414774,0.000675995504157385,0.0005968652681235512,0.0006788000000597094
98.299016,-0.0031211999998959072,0.0006788000000597094,0.0004232456665647432,0.0004994293706935615,0.0025788000000375177
98.319015,0.0025788000000375177,0.0006788000000597094,9.084261056503155e-05,0.00023236643363178192,0.0025788000000375177
98.339015,0.0025788000000375177,-0.0004991999999219843,-0.0003138510595980668,5.521025648138364e-05,-0.001221199999918099
98.359015,-0.001221199999918099,-0.00011919999992642261,-0.0007443095583143526,-0.0007526219113406092,-0.001221199999918099
98.379014,-0.0033111999998709507,-0.0009171999999125546,-0.0011169169193579363,-0.00116229557100551,-0.001221199999918099
98.399014,-0.001221199999918099,-0.00205719999989924,-0.0013415460086053858,-0.0009740671327768845,-0.0014111999998931424
98.419014,-0.0014111999998931424,-0.001335199999903125,-0.0013624515940124397,-0.001627330536031865,-0.0014111999998931424
98.439014,-0.0031211999998959072,-0.0009171999999125546,-0.0011850767750586201,-0.001797843356543489,-0.001221199999918099
98.459014,0.0023888000000624743,-0.0009171999999125546,-0.0008755277683149001,-0.0010143701630799212,-0.001221199999918099
98.479014,-0.001221199999918099,-0.0008791999999175459,-0.0005360798155903949,-0.00021451002323738964,-0.001221199999918099
98.499013,-0.001221199999918099,0.0002608000000691391,-0.00027032415709446743,0.0003169585082228158,-0.001221199999918099
98.519013,-0.001221199999918099,-4.319999993640522e-05,-0.0001513148177480689,-5.728391601603341e-05,-0.001221199999918099
98.539013,0.0025788000000375177,-8.119999993141391e-05,-0.00020027112756036127,-0.00018837948710763555,-0.001221199999918099
98.559013,0.0008688000000347529,-0.0008791999999175459,-0.0003808279945802634,-0.0011494517481692042,-0.001221199999918099
98.579013,-0.0014111999998931424,-0.0004991999999219843,-0.0006140699613133945,-0.0006361417248619419,0.0006788000000597094
98.599012,-0.005211199999848759,-0.0012591999999131075,-0.0008125420271284132,-0.0005984960372158987,-0.001221199999918099
98.619012,0.0006788000000597094,-0.0009171999999125546,-0.0009165423915306074,-0.0007495216782376032,-0.001221199999918099
98.639012,-0.001221199999918099,-0.0008791999999175459,-0.0009098528079964219,-0.0011968410255543773,-0.001221199999918099
98.659012,0.0025788000000375177,-8.119999993141391e-05,-0.0008067550981167208,-0.000815955244675694,-0.001221199999918099
98.679012,-0.001221199999918099,-0.0004231999999319669,-0.0006256959793805706,-0.0002601277388602437,-0.001221199999918099
98.699011,-0.001221199999918099,-4.319999993640522e-05,-0.000373961899564791,0.00036213333338799733,-0.0010311999999430554
98.719011,-0.0010311999999430554,-0.0004231999999319669,-5.475430802788376e-05,-0.0005577501164806301,-0.0010311999999430554
98.739011,0.0006788000000597094,-5.199999941396527e-06,0.0003122823730557358,-5.7283916021863695e-05,0.0006788000000597094
98.759011,0.0006788000000597094,-4.319999993640522e-05,0.000675431862949865,0.00011987226113171481,0.0006788000000597094
98.779011,0.0008688000000347529,0.0010968000000502799,0.0009531576871169775,0.0010543710956201673,0.0006788000000597094
98.799011,-0.0014111999998931424,0.0010968000000502799,0.0010562576741326374,0.0014662592075050595,0.0006788000000597094
98.81901,0.0046687999999903695,0.0010968000000502799,0.0009229629713810235,0.0011562358974880197,0.0006788000000597094
98.83901,0.0006788000000597094,0.0006788000000597094,0.0005528588070696866,0.0005676344988923812,0.0006788000000597094
98.85901,0.0006788000000597094,0.00033680000005915646,2.1064225499562098e-05,6.761118887432696e-05,0.0006788000000597094
98.87901,-0.001221199999918099,-0.0008411999999225373,-0.0005406150987774119,-0.0006543002330244251,-0.001221199999918099
98.899009,-0.0031211999998959072,-0.001221199999918099,-0.0009914606946292523,-0.0009550228437441073,-0.001221199999918099
98.919009,-0.001221199999918099,-0.0016391999999086694,-0.0012358604511715978,-0.002007330536033894,-0.001221199999918099
98.939009,-0.001221199999918099,-0.0012591999999131075,-0.0012558532014347672,-0.0012982629369756873,-0.001221199999918099
98.959009,-0.0014111999998931424,-0.0008791999999175459,-0.001106735388951579,-0.0006937174824370271,-0.001221199999918099
98.979009,0.0006788000000597094,-0.00011919999992642261,-0.0008805287371960245,-0.0003327617714857959,-0.001221199999918099
98.999008,-0.001221199999918099,-0.00011919999992642261,-0.0006578323272442134,-0.000505931934652824,-0.001221199999918099
99.019008,0.0025788000000375177,-0.00046119999992697556,-0.00047305667291242963,-0.00036863589736209996,-0.001221199999918099
99.039008,-0.001221199999918099,-0.0008411999999225373,-0.0003107860575712269,-0.0005679365966641823,-0.001221199999918099
99.059008,-0.0031211999998959072,-4.319999993640522e-05,-0.00013428306203381587,-0.00040229557102689287,-0.001221199999918099
99.079008,-0.001221199999918099,-0.0008031999999275286,7.271143646277539e-05,-0.0001640205127539809,-0.001221199999918099
99.099007,0.002768800000012561,-4.319999993640522e-05,0.00027977462933916547,3.4837296098908866e-05,-0.001221199999918099
99.119007,-0.001221199999918099,0.0007548000000497268,0.00041794302070559186,0.00018984895110345365,0.0008688000000347529
99.139007,0.0025788000000375177,0.0007928000000447355,0.00041718523957186087,0.000998566899806871,0.0008688000000347529
99.159007,0.0008688000000347529,0.00041280000004917383,0.00024979791125139493,0.0006792428904898235,0.0008688000000347529
99.179007,-0.0010311999999430554,0.00041280000004917383,-4.534766689715981e-05,0.00016106107231458604,0.0008688000000347529
99.199007,0.0008688000000347529,-0.0007651999999325199,-0.0003709360192941337,-0.0006405706293051048,-0.0010311999999430554
99.219006,-0.001221199999918099,-0.0007651999999325199,-0.000608515519892253,-0.0008394284381606447,-0.0010311999999430554
99.239006,-0.0033111999998709507,-0.0008031999999275286,-0.000668235951805702,-0.0008903608390890059,-0.001221199999918099
99.259006,0.0008688000000347529,-0.0008411999999225373,-0.0005282949947581279,-0.0006339272726514906,-0.001221199999918099
99.279006,-0.001221199999918099,-8.119999993141391e-05,-0.0002455411012030474,-0.00010910209783111921,0.0006788000000597094
99.299006,0.0006788000000597094,0.00033680000005915646,6.765077921644281e-05,-7.765687639055795e-05,0.0006788000000597094
99.319005,0.0025788000000375177,0.00033680000005915646,0.0002884960374816778,0.0006805715618215004,0.0006788000000597094
99.339005,-0.001221199999918099,0.0003748000000541651,0.00032933843859606266,0.0006384969697471346,0.0006788000000597094
99.359005,0.0008688000000347529,0.0003748000000541651,0.00016438948903467262,-0.00020388065261365526,0.0006788000000597094
99.379005,-0.0010311999999430554,-0.0008031999999275286,-0.00016973426471021097,-0.000103787412524552,-0.0010311999999430554
99.399004,0.0006788000000597094,-0.0008031999999275286,-0.0005942798231143151,-0.0007681230768524589,-0.0010311999999430554
99.419004,-0.0033111999998709507,-0.0008031999999275286,-0.001017372592980691,-0.0010400578087848633,-0.0010311999999430554
99.439004,-0.001221199999918099,-0.001221199999918099,-0.0013597535936591607,-0.0013770974358141416,-0.001221199999918099
99.459004,0.0008688000000347529,-0.0016011999999136605,-0.001569528796770261,-0.0018022722609813521,-0.001221199999918099
99.479004,-0.0031211999998959072,-0.0016011999999136605,-0.0016251870643894752,-0.001478519347233332,-0.001221199999918099
99.499003,-0.001221199999918099,-0.0011831999999230903,-0.001531725454648013,-0.001338565967285084,-0.001221199999918099
99.519003,-0.0033111999998709507,-0.001221199999918099,-0.0013139941492871256,-0.001174696503419124,-0.001221199999918099
99.539003,0.0008688000000347529,-0.0008411999999225373,-0.0010071056054084622,-0.0010715030302217146,-0.001221199999918099
99.559003,0.0006788000000597094,-0.0008411999999225373,-0.0006441965911865894,-0.0005356055943310663,-0.001221199999918099
99.579003,-0.001221199999918099,0.00033680000005915646,-0.00024737966393483223,9.817062943346376e-05,0.0006788000000597094
99.599002,-0.001221199999918099,0.00033680000005915646,0.00017082019083460365,-0.00010334452208118981,0.0006788000000597094
99.619002,0.0025788000000375177,-4.319999993640522e-05,0.0005952422744706954,0.0005454899767444075,-0.001221199999918099
99.639002,0.0008688000000347529,0.00033680000005915646,0.000992848503312118,0.000575606526866542,0.0006788000000597094
99.659002,-0.001221199999918099,0.0014768000000458415,0.0013043244481917256,0.0009919235431765769,0.0008688000000347529
99.679002,0.0006788000000597094,0.0010968000000502799,0.0014504846107351596,0.0017541379953767756,0.0006788000000597094
99.699002,0.004478800000015326,0.0010968000000502799,0.0013571422525821594,0.0015061193473615538,0.0006788000000597094
99.719001,0.0006788000000597094,0.00151480000004085,0.0009919891191622788,0.0010260261072736019,0.0008688000000347529
99.739001,0.0008688000000347529,0.0007168000000547181,0.00039483857202051635,0.0005658629371189321,0.0008688000000347529
99.759001,0.0008688000000347529,-0.0004231999999319669,-0.00031908158938360467,-0.00023532587405739652,0.0006788000000597094
99.779001,-0.0033111999998709507,-0.001221199999918099,-0.0009896229391276913,-0.0012455589742722873,-0.001221199999918099
99.799001,-0.001221199999918099,-0.001677199999903678,-0.001463898004866602,-0.0017194517481579374,-0.0014111999998931424
99.819,-0.0033111999998709507,-0.0017151999998986866,-0.0016461078008310967,-0.0014094284381366575,-0.0014111999998931424
99.839,-0.0014111999998931424,-0.0008791999999175459,-0.0015223768034647903,-0.0014670041957101526,-0.001221199999918099
99.859,0.0006788000000597094,-0.0008791999999175459,-0.001151921381387134,-0.0012894051281163918,-0.001221199999918099
99.879,0.0008688000000347529,-0.00046119999992697556,-0.0006345441280142001,-0.0005294051281319447,-0.001221199999918099
99.898999,-0.001221199999918099,-4.319999993640522e-05,-7.558022724426688e-05,0.00022129417255567512,0.0006788000000597094
99.918999,-0.001221199999918099,0.00033680000005915646,0.00043526633971708147,0.0006748139860710408,0.0006788000000597094
99.938999,0.0006788000000597094,0.0006788000000597094,0.000830421249461242,0.0006632988345563417,0.0006788000000597094
99.958999,0.0025788000000375177,0.0006408000000647007,0.0010663737214704147,0.0006159095571727588,0.0006788000000597094
99.978999,0.0025788000000375177,0.001058800000055271,0.0011275467605114736,0.0008196391608994535,0.0008688000000347529
99.998998,-0.0014111999998931424,0.001058800000055271,0.0010286381981925686,0.0010991030303557667,0.0008688000000347529
100.018998,0.0008688000000347529,0.0007168000000547181,0.0008100136102960155,0.0013183337995821209,0.0008688000000347529
100.038998,0.0006788000000597094,0.00033680000005915646,0.0005278021154143861,0.0005720634033191138,0.0006788000000597094
100.058998,0.0008688000000347529,0.0007548000000497268,0.00024463033595559783,9.14965041304706e-06,0.0006788000000597094
100.078998,0.0006788000000597094,-4.319999993640522e-05,2.2349608508704216e-05,-7.499953373780451e-05,0.0006788000000597094
100.098998,0.0006788000000597094,-4.319999993640522e-05,-8.784903969882099e-05,0.00016416130541865197,0.0006788000000597094
100.118997,-0.0031211999998959072,-4.319999993640522e-05,-6.06648629333732e-05,-9.138648011994851e-05,0.0006788000000597094
100.138997,0.0006788000000597094,-4.319999993640522e-05,8.870809884114636e-05,-3.602517476061464e-05,0.0006788000000597094
100.158997,0.0008688000000347529,-4.319999993640522e-05,0.0003022479918279562,0.0002739981352569553,0.0006788000000597094
100.178997,0.0006788000000597094,0.0007548000000497268,0.0004955986730991402,0.00033644568769895545,0.0006788000000597094
100.198996,0.0006788000000597094,0.0007928000000447355,0.0005878559296975205,0.0006619701632183049,0.0008688000000347529
100.218996,0.0008688000000347529,0.0003748000000541651,0.0005310603135787519,0.0007483337995811978,0.0006788000000597094
100.238996,0.0008688000000347529,0.0003748000000541651,0.0003270338595244963,0.0005113874126394326,0.0006788000000597094
100.258996,-0.001221199999918099,-5.199999941396527e-06,2.6029376241893297e-05,0.0001105715618317072,0.0006788000000597094
100.278996,0.0006788000000597094,-4.319999993640522e-05,-0.0002909819298136345,-0.0004448130535462109,0.0006788000000597094
100.298995,-0.001221199999918099,-0.0008411999999225373,-0.0005394059266927542,-0.0009629948717187984,-0.001221199999918099
100.318995,0.0006788000000597094,-0.0008411999999225373,-0.0006587108960663896,-0.0009098480185683257,-0.001221199999918099
100.338995,-0.0031211999998959072,-0.0008411999999225373,-0.0006323034197119808,-0.0004886592073839557,-0.001221199999918099
100.358995,-0.001221199999918099,-8.119999993141391e-05,-0.0004918623909667743,0.0001056997669642624,0.0006788000000597094
100.378995,0.0006788000000597094,-8.119999993141391e-05,-0.00030129458911021067,-0.000250827039555996,0.0006788000000597094
100.398994,0.0025788000000375177,0.00029880000006414774,-0.0001249277752778268,-0.00033719067591676886,0.0006788000000597094
100.418994,0.0006788000000597094,-0.00011919999992642261,2.6481184079570097e-06,-0.0001976801864065834,0.0006788000000597094
100.438994,-0.001221199999918099,-0.00011919999992642261,8.485212999721408e-05,0.0002828559441247309,0.0006788000000597094
100.458994,-0.0033111999998709507,-0.00011919999992642261,0.00014472582357650897,0.00029835710962598035,0.0006788000000597094
100.478994,0.0006788000000597094,-0.00011919999992642261,0.00019739038827230356,0.0001234153846860332,0.0006788000000597094
100.498994,0.0025788000000375177,0.0002608000000691391,0.00023757469706161887,-0.00031726060598560673,0.0006788000000597094
100.518993,0.0006788000000597094,0.0006788000000597094,0.00025008913581831796,0.00030057156183802176,0.0006788000000597094
100.538993,0.0006788000000597094,0.00029880000006414774,0.00022911744786570232,0.0005215738928378252,0.0006788000000597094
100.558993,-0.001221199999918099,0.00029880000006414774,0.0001868586924964054,0.0007164456877025744,0.0006788000000597094
100.578993,-0.001221199999918099,-8.119999993141391e-05,0.00014550176549824365,-1.4797202143975374e-06,-0.001221199999918099
100.598993,0.0025788000000375177,-4.319999993640522e-05,0.00012178518484188557,-0.00014099020972458288,-0.001221199999918099
100.618992,-0.001221199999918099,-4.319999993640522e-05,0.00011620667581119694,-0.0003115030302362073,-0.001221199999918099
100.638992,0.0008688000000347529,0.00033680000005915646,0.0001115125312845016,6.539673665698553e-05,0.0006788000000597094
100.658992,-0.001221199999918099,-0.0004231999999319669,7.872963366095475e-05,0.0003355599068196511,-0.001221199999918099
100.678992,0.0006788000000597094,0.00033680000005915646,-1.1412343470765537e-05,0.0001805482518124562,0.0006788000000597094
100.698992,-0.001221199999918099,-0.00011919999992642261,-0.00017315324721754665,-0.00022425361298393975,-0.001221199999918099
100.718991,0.0025788000000375177,-0.00011919999992642261,-0.000390974443243515,-0.00012460326332971853,-0.001221199999918099
100.738991,-0.0014111999998931424,-0.0004991999999219843,-0.0006143827935135784,-0.0006760018647173762,-0.001221199999918099
100.758991,-0.001221199999918099,-0.000537199999916993,-0.000770358862906862,-0.0007574937062091141,-0.001221199999918099
100.778991,-0.001221199999918099,-0.0012971999999081163,-0.0007924820718245243,-0.001158752447461262,-0.001221199999918099
100.79899,-0.0014111999998931424,-0.0008791999999175459,-0.0006536404547267979,-0.0007756522143689473,-0.001221199999918099
100.81899,-0.001221199999918099,-0.0004991999999219843,-0.00038410743636528816,-0.0002791720279004414,-0.001221199999918099
100.83899,0.0006788000000597094,0.00029880000006414774,-6.321477262136223e-05,0.00032315897442140764,0.0006788000000597094
100.85899,0.0006788000000597094,0.0007168000000547181,0.00021294806044346184,7.91263403932662e-05,0.0006788000000597094
100.87899,0.002768800000012561,0.00029880000006414774,0.0003713351038599045,0.00022040839167478067,0.0006788000000597094
100.898989,0.0006788000000597094,-8.119999993141391e-05,0.0003873865102501729,0.0004950004662599389,0.0006788000000597094
100.918989,-0.0033111999998709507,0.00029880000006414774,0.0002831881255781685,0.0004192662005276703,0.0006788000000597094
100.938989,-0.001221199999918099,-8.119999993141391e-05,0.0001048737031158545,-0.00011441678314934656,0.0006788000000597094
100.958989,0.0025788000000375177,-0.00046119999992697556,-9.992138881670655e-05,-0.0002007804195117094,-0.001221199999918099
100.978989,0.0008688000000347529,-4.319999993640522e-05,-0.00028909128302488267,-0.0005174470861738833,-0.001221199999918099
100.998989,-0.001221199999918099,0.00033680000005915646,-0.00042130247390719097,-5.86125873482403e-05,0.0006788000000597094
101.018988,-0.001221199999918099,-0.0004231999999319669,-0.00045448505253068696,-7.189930063638853e-05,-0.001221199999918099
101.038988,0.0006788000000597094,-0.00046119999992697556,-0.00035581609194570177,-0.00030707412580523456,-0.001221199999918099
101.058988,-0.001221199999918099,-0.00046119999992697556,-0.00011822408492585938,-0.0008008969696204571,-0.001221199999918099
101.078988,0.0006788000000597094,0.00029880000006414774,0.00022743387297359592,0.00022882331009018374,0.0006788000000597094
101.098988,-0.001221199999918099,0.00029880000006414774,0.0006132452248641034,0.0009799655012216958,0.0006788000000597094
101.118987,0.0025788000000375177,0.0014388000000508327,0.0009515288241895185,0.0007071449884062766,0.0006788000000597094
101.138987,0.0006788000000597094,0.001058800000055271,0.0011645032663462097,0.0013674946387439231,0.0006788000000597094
101.158987,0.004478800000015326,0.001058800000055271,0.0012141153036867738,0.0012098256410792046,0.0006788000000597094
101.178987,-0.001221199999918099,0.0014768000000458415,0.0011166764180245334,0.001072086713341938,0.0006788000000597094
101.198987,-0.001221199999918099,0.0006788000000597094,0.000934332385953895,0.0010809445221959333,-0.001221199999918099
101.218986,0.0046687999999903695,0.00033680000005915646,0.000749342166618993,0.0006336251748791593,-0.001221199999918099
101.238986,-0.0033111999998709507,0.0007548000000497268,0.0006356891985714073,0.0004919002331542824,0.0008688000000347529
101.258986,0.002768800000012561,0.0011348000000452885,0.000639609544022375,0.0004963291375826052,0.0008688000000347529
101.278986,0.0008688000000347529,0.00033680000005915646,0.0007723543049722145,0.000874557575809065,0.0006788000000597094
101.298985,0.0006788000000597094,0.00151480000004085,0.0010126468749468937,0.001434813986058138,0.0008688000000347529
101.318985,0.0006788000000597094,0.0010968000000502799,0.0013145617559043065,0.001087144988393995,0.0006788000000597094
101.338985,0.0025788000000375177,0.0018568000000414031,0.0016178073795784557,0.0017984270396653027,0.0006788000000597094
101.358985,0.0006788000000597094,0.0014768000000458415,0.001859219472638099,0.001589825641071693,0.0006788000000597094
101.378985,0.0046687999999903695,0.0018568000000414031,0.001984090117428899,0.0020840913753318677,0.0025788000000375177
101.398984,-0.001221199999918099,0.0018568000000414031,0.001954920850780322,0.0017390797203225982,0.0025788000000375177
101.418984,0.0025788000000375177,0.0018568000000414031,0.001756393334452146,0.0019184503496919281,0.0025788000000375177
101.438984,0.0025788000000375177,0.0006788000000597094,0.0013978335341900763,0.0011987533800046875,0.0006788000000597094
101.458984,0.0006788000000597094,0.0014388000000508327,0.0009141585150066395,0.001107960839215062,0.0025788000000375177
101.478984,-0.001221199999918099,0.00029880000006414774,0.0003635210171556722,9.152727279574952e-05,0.0006788000000597094
101.498983,0.0025788000000375177,-8.119999993141391e-05,-0.00018062731875896922,0.00012075804202426948,0.0006788000000597094
101.518983,-0.0031211999998959072,-0.0008411999999225373,-0.0006425837616320252,-0.0006543002330249551,-0.001221199999918099
101.538983,0.0006788000000597094,-0.00046119999992697556,-0.0009595623514405429,-0.0010927617714813736,0.0006788000000597094
101.558983,-0.0031211999998959072,-0.001221199999918099,-0.0010949266021717291,-0.0010661883449082574,-0.001221199999918099
101.578983,0.0006788000000597094,-0.0008411999999225373,-0.0010453472098119275,-0.0007738806526039782,-0.001221199999918099
101.598983,-0.001221199999918099,-0.0008411999999225373,-0.0008396859412243549,-0.000977610256331203,-0.001221199999918099
101.618982,-0.001221199999918099,-8.119999993141391e-05,-0.0005309726078880398,-0.00035313473186297063,0.0006788000000597094
101.638982,0.0006788000000597094,-0.00046119999992697556,-0.00018505192809414417,-0.00038413706286493965,-0.001221199999918099
101.658982,0.0006788000000597094,-8.119999993141391e-05,0.00013086965869197806,0.00012518694645312229,0.0006788000000597094
101.678982,-0.001221199999918099,0.00029880000006414774,0.000358047573863744,0.00020933613060132374,0.0006788000000597094
101.698982,0.0006788000000597094,0.00029880000006414774,0.0004545679917728218,0.0003864923077554323,0.0006788000000597094
101.718981,0.0006788000000597094,0.00029880000006414774,0.0004038575130264684,0.0004972149184767501,0.0006788000000597094
101.738981,0.0006788000000597094,0.00029880000006414774,0.00022326102565411473,0.000297914219178378,0.0006788000000597094
101.758981,0.0006788000000597094,0.00029880000006414774,-3.197721132220907e-05,3.2179953447215295e-05,0.0006788000000597094
101.778981,-0.001221199999918099,-8.119999993141391e-05,-0.00027626578120450716,0.00010304242430885866,0.0006788000000597094
101.79898,0.0006788000000597094,-0.00046119999992697556,-0.00041574048111780575,-0.0005701510488767536,-0.001221199999918099
101.81898,-0.001221199999918099,-0.00046119999992697556,-0.0003800561596596669,-0.000707447086171188,-0.001221199999918099
101.83898,-0.001221199999918099,-0.00046119999992697556,-0.00015249368172153672,-0.0005125752913016685,-0.001221199999918099
101.85898,0.0006788000000597094,-8.119999993141391e-05,0.00021531761555717064,0.0002890564103206726,-0.001221199999918099
101.87898,-0.001221199999918099,0.0006788000000597094,0.0006143289117810075,0.0009516205128751304,0.0006788000000597094
101.89898,0.0025788000000375177,0.0014388000000508327,0.0009152554612106577,0.000905117016374562,0.0025788000000375177
101.918979,0.0025788000000375177,0.001058800000055271,0.0010191162454832453,0.0014299421911954633,0.0025788000000375177
101.938979,0.0025788000000375177,0.0010208000000602624,0.000897647769238934,0.0007678209790833078,0.0025788000000375177
101.958979,-0.001221199999918099,0.0006408000000647007,0.0006013977438879466,0.0005335319347958863,0.0006788000000597094
101.978979,-0.0014111999998931424,-0.0004991999999219843,0.00023012912015203703,9.684195811556702e-05,-0.001221199999918099
101.998978,0.0006788000000597094,-0.0004991999999219843,-0.00011693328529580269,-0.00045012773884853805,-0.001221199999918099
102.018978,-0.0031211999998959072,-0.000537199999916993,-0.0003819302369464283,-0.0005852093239298708,-0.0014111999998931424
102.038978,0.0025788000000375177,-8.119999993141391e-05,-0.0005594724520771666,-0.0003792652679900746,0.0006788000000597094
102.058978,-0.0014111999998931424,-0.00046119999992697556,-0.0006775368948315864,-0.00042133986006656025,-0.001221199999918099
102.078978,0.0008688000000347529,-8.119999993141391e-05,-0.0007653098638221076,-0.0006830881118127627,-0.001221199999918099
102.098977,-0.001221199999918099,-0.001221199999918099,-0.0008298724636786514,-0.0007189622376874768,-0.001221199999918099
102.118977,-0.001221199999918099,-0.0008031999999275286,-0.000854334554815069,-0.0005174470861770633,-0.001221199999918099
102.138977,-0.0031211999998959072,-0.0008031999999275286,-0.0008141569315400764,-0.0011751393938635461,-0.001221199999918099
102.158977,0.0006788000000597094,-0.0008031999999275286,-0.0006971232624534315,-0.0010090554777828944,-0.001221199999918099
102.178977,0.0008688000000347529,-0.0008031999999275286,-0.0005132693784094031,-0.0006219692306971393,-0.001221199999918099
102.198977,-0.001221199999918099,-4.319999993640522e-05,-0.00029165056850564226,1.0035431296591697e-05,0.0006788000000597094
102.218976,-0.001221199999918099,0.00033680000005915646,-6.995725097265853e-05,-6.968484841957714e-05,0.0006788000000597094
102.238976,0.0006788000000597094,-8.119999993141391e-05,0.00011677111640557921,0.0003909212121842849,-0.001221199999918099
102.258976,0.0025788000000375177,-0.00011919999992642261,0.00024561361531742445,2.3322144592689863e-05,-0.001221199999918099
102.278976,-0.001221199999918099,0.0006408000000647007,0.0003107501831562931,9.15272728021097e-05,0.0006788000000597094
102.298975,-0.0014111999998931424,0.0002608000000691391,0.00032099024293775254,0.0005282172494829591,-0.001221199999918099
102.318975,0.0025788000000375177,-0.00011919999992642261,0.0002915340631226936,0.0003200587413247617,-0.001221199999918099
102.338975,-0.001221199999918099,0.00029880000006414774,0.00023650516460621955,1.177622445246271e-06,0.0006788000000597094
102.358975,0.0006788000000597094,0.00033680000005915646,0.00016691757415110924,8.97557110201805e-05,0.0006788000000597094
102.378975,0.0008688000000347529,-4.319999993640522e-05,9.299926913400456e-05,0.00031120093246069625,0.0006788000000597094
102.398974,-0.001221199999918099,0.00033680000005915646,2.694820596199984e-05,0.00030677202802972337,0.0006788000000597094
102.418974,0.0006788000000597094,-4.319999993640522e-05,-1.671919187342156e-05,-0.00022336783209933527,0.0006788000000597094
102.438974,0.0006788000000597094,-8.119999993141391e-05,-2.3878645172207363e-05,-0.00017022097895416275,0.0006788000000597094
102.458974,-0.001221199999918099,-8.119999993141391e-05,1.4356598358829576e-05,-0.0001684494171807138,0.0006788000000597094
102.478974,0.0006788000000597094,-4.319999993640522e-05,9.686620636082187e-05,0.00026779766905995366,0.0006788000000597094
102.498973,-0.001221199999918099,0.00033680000005915646,0.00021142188515454633,0.00046089790215337364,0.0006788000000597094
102.518973,0.0008688000000347529,0.0007548000000497268,0.00034036072625638804,0.00034308904434620963,0.0008688000000347529
102.538973,0.0025788000000375177,0.0003748000000541651,0.00047140982273519746,0.0005003151515675658,0.0008688000000347529
102.558973,0.0008688000000347529,0.0007548000000497268,0.0006054835010086265,0.0005733920746423105,0.0008688000000347529
102.578973,-0.001221199999918099,0.0007548000000497268,0.0007523749528809074,0.0005180307692819164,0.0008688000000347529
102.598972,0.0006788000000597094,0.0003748000000541651,0.0009143621336436973,0.0011270051282510195,0.0006788000000597094
102.618972,0.0008688000000347529,0.0007168000000547181,0.0010698990200514052,0.0009166321678839608,0.0006788000000597094
102.638972,0.0006788000000597094,0.0014768000000458415,0.0011721900732683227,0.000848427039679841,0.0008688000000347529
102.658972,0.0025788000000375177,0.0010968000000502799,0.0011671400104859904,0.0012736018648528817,0.0008688000000347529
102.678972,0.0025788000000375177,0.001058800000055271,0.0010209504217277797,0.0013714806527299435,0.0006788000000597094
102.698972,-0.001221199999918099,0.001058800000055271,0.0007406884847608829,0.0007155599068206198,0.0006788000000597094
102.718971,0.0006788000000597094,0.00029880000006414774,0.00037604258428609714,0.0004542545455183098,0.0006788000000597094
102.738971,0.0006788000000597094,-0.00046119999992697556,2.542183574020222e-06,6.938275064724602e-05,-0.001221199999918099
102.758971,-0.001221199999918099,-4.319999993640522e-05,-0.0003040958221590498,-0.0006060251747541177,0.0006788000000597094
102.778971,-0.001221199999918099,-0.0004231999999319669,-0.0004912036471361319,-0.0009094051281313237,-0.001221199999918099
102.79897,0.0008688000000347529,-0.0008031999999275286,-0.0005419822328021699,-0.0002782862470200768,-0.001221199999918099
102.81897,-0.001221199999918099,-0.0004231999999319669,-0.0004746276480602885,-0.00023621165494571117,-0.001221199999918099
102.83897,-0.001221199999918099,0.00033680000005915646,-0.00032948542894994747,-0.0002366545453858934,0.0006788000000597094
102.85897,0.0006788000000597094,-8.119999993141391e-05,-0.00014983821223174106,-1.5104888431049157e-07,-0.001221199999918099
102.87897,0.0025788000000375177,-8.119999993141391e-05,3.562138615694422e-05,8.178368304707955e-05,-0.001221199999918099
102.898969,-0.001221199999918099,0.00033680000005915646,0.00021956376601435442,-9.138648011994862e-05,0.0006788000000597094
102.918969,-0.001221199999918099,0.0003748000000541651,0.0004070686568697474,0.0006088233100752522,0.0008688000000347529
102.938969,0.0008688000000347529,-5.199999941396527e-06,0.0005967851429381676,0.0006066088578579108,0.0006788000000597094
102.958969,0.0008688000000347529,0.0007928000000447355,0.0007668533554245534,0.00027665547790705876,0.0008688000000347529
102.978969,0.0006788000000597094,0.0007928000000447355,0.0008769981009504064,0.0004958862471355329,0.0008688000000347529
102.998968,0.002768800000012561,0.0007548000000497268,0.000885865383730164,0.0014405249417610354,0.0006788000000597094
103.018968,-0.001221199999918099,0.0010968000000502799,0.0007729732378551457,0.0012578909091376014,0.0006788000000597094
103.038968,0.0006788000000597094,0.0010968000000502799,0.0005538519157540009,0.0005528792541431192,0.0006788000000597094
103.058968,0.0025788000000375177,-0.0001211999999213731,0.0002816552156390508,0.00011162051289603011,0.0006788000000597094
103.078968,0.0006788000000597094,-0.0001211999999213731,3.28672101269929e-05,-0.00034446340318332466,0.0006788000000597094
103.098967,-0.003321199999845703,-0.0001211999999213731,-0.00012096391327987526,-0.00021392727264763037,0.0006788000000597094
103.118967,-0.001221199999918099,-0.00046319999992192604,-0.00014504125952493013,4.129417256704376e-05,0.0006788000000597094
103.138967,0.0006788000000597094,-8.319999992636439e-05,-5.8121164444266555e-05,1.0641491912252246e-05,0.0006788000000597094
103.158967,0.0008688000000347529,0.00033680000005915646,7.936940675691178e-05,-0.00014644475517330694,0.0006788000000597094
103.178967,0.0025788000000375177,0.0007168000000547181,0.0002002595894171806,0.00026847365973423754,0.0006788000000597094
103.198967,-0.001221199999918099,0.00033680000005915646,0.0002659408915129167,0.0008563524476000796,0.0006788000000597094
103.218966,0.0006788000000597094,0.00033680000005915646,0.00028044260129903964,0.00025052494178366496,0.0006788000000597094
103.238966,-0.001221199999918099,-4.319999993640522e-05,0.00027839712947977575,0.00021952261078275582,0.0006788000000597094
103.258966,0.0008688000000347529,-4.319999993640522e-05,0.00029890785786184385,-0.0003101743589040005,0.0006788000000597094
103.278966,0.0006788000000597094,0.00033680000005915646,0.00036245217140929385,0.0001929491842096396,0.0006788000000597094
103.298965,-0.001221199999918099,0.00033680000005915646,0.00046187575449756305,0.0008750004662518974,0.0006788000000597094
103.318965,0.0025788000000375177,0.0010968000000502799,0.0005691963434658934,0.000699615850871238,0.0006788000000597094
103.338965,-0.001221199999918099,0.0007168000000547181,0.0006527726541426044,0.0007992662005190988,-0.001221199999918099
103.358965,0.0046687999999903695,0.0007168000000547181,0.000695017510872064,0.00039579300705278996,-0.001221199999918099
103.378965,-0.001221199999918099,0.0003748000000541651,0.0007001129858486672,0.0006176811189329576,-0.001221199999918099
103.398964,-0.001221199999918099,0.0007548000000497268,0.0006870713719390227,0.0008103384615861956,0.0006788000000597094
103.418964,0.0008688000000347529,0.0003748000000541651,0.0006747899171654824,0.0007461193473675663,0.0006788000000597094
103.438964,0.0006788000000597094,0.0007548000000497268,0.000672812645390829,0.0006686135198639687,0.0006788000000597094
103.458964,0.002768800000012561,0.0011348000000452885,0.0006853836876652516,0.0004183804196367056,0.0006788000000597094
103.478964,0.0006788000000597094,0.0007168000000547181,0.0007220618128881166,0.0011163757576235752,0.0006788000000597094
103.498963,0.0006788000000597094,0.0010968000000502799,0.0008008415329640627,0.0009525062937586748,0.0006788000000597094
103.518963,-0.001221199999918099,0.0006788000000597094,0.0009370281885487743,0.0007354899767486017,0.0006788000000597094
103.538963,0.0025788000000375177,0.0006788000000597094,0.0011251229117720208,0.0009795226107783333,0.0006788000000597094
103.558963,0.0006788000000597094,0.001058800000055271,0.0013280752777939035,0.0010703151515721989,0.0006788000000597094
103.578963,0.0006788000000597094,0.0018188000000463945,0.0014834732495386156,0.0014512009324535323,0.0025788000000375177
103.598962,0.0025788000000375177,0.0014388000000508327,0.0015257298044725805,0.0017634386946852637,0.0006788000000597094
103.618962,0.0025788000000375177,0.0014388000000508327,0.001414619368469204,0.001623928205174548,0.0006788000000597094
103.638962,0.0006788000000597094,0.0014768000000458415,0.001156513001531394,0.0011921100233600835,0.0008688000000347529
103.658962,0.0006788000000597094,0.0007168000000547181,0.0008069280976507377,0.0008710144522674669,0.0006788000000597094
103.678962,0.0008688000000347529,0.00033680000005915646,0.00045184754837865126,0.0003860494173078298,0.0006788000000597094
103.698961,-0.001221199999918099,-4.319999993640522e-05,0.0001759208365120513,-0.00010334452208013,0.0006788000000597094
103.718961,0.0006788000000597094,-4.319999993640522e-05,3.163762126230235e-05,-0.00035357762230951316,0.0006788000000597094
103.738961,-0.001221199999918099,-8.119999993141391e-05,2.2652498101234337e-05,0.00019782097908397457,0.0006788000000597094
103.758961,0.0006788000000597094,0.00029880000006414774,0.0001081667165267493,0.00043033846160059715,0.0006788000000597094
103.77896,0.0006788000000597094,0.0006788000000597094,0.00022604730912693062,0.0005477044289675791,0.0006788000000597094
103.79896,0.0006788000000597094,0.0006788000000597094,0.00032336200869831626,0.00031562983689378886,0.0006788000000597094
103.81896,0.0025788000000375177,0.00029880000006414774,0.00037840405788405025,4.103776230492058e-05,0.0006788000000597094
103.83896,-0.001221199999918099,-8.119999993141391e-05,0.00040187553851246514,0.0005326461539075717,-0.001221199999918099
103.85896,-0.001221199999918099,0.00029880000006414774,0.0004172573474852183,0.0003067720280360834,-0.001221199999918099
103.87896,-0.001221199999918099,0.00029880000006414774,0.00043529108256907894,0.0004440680653305174,-0.001221199999918099
103.898959,0.0025788000000375177,0.00029880000006414774,0.0004427212135393234,0.000266911888176409,-0.001221199999918099
103.918959,0.0025788000000375177,0.0006788000000597094,0.0004136284391181734,0.00033777435903805243,0.0006788000000597094
103.938959,-0.001221199999918099,0.0006788000000597094,0.0003320747424646402,0.0005255599068233155,0.0006788000000597094
103.958959,0.0006788000000597094,0.00029880000006414774,0.00020646950346888977,0.0003639048951678065,0.0006788000000597094
103.978959,-0.001221199999918099,-0.00046119999992697556,6.604752751813242e-05,0.00024653892780135444,-0.001221199999918099
103.998958,0.0006788000000597094,-4.319999993640522e-05,-5.4405025092489784e-05,-0.00040495291368229647,0.0006788000000597094
104.018958,-0.001221199999918099,-4.319999993640522e-05,-0.000128903977203483,-0.00037395058268350763,0.0006788000000597094
104.038958,0.0008688000000347529,-4.319999993640522e-05,-0.00014564103436607608,0.00018409137534981427,0.0006788000000597094
104.058958,0.0006788000000597094,-5.199999941396527e-06,-0.00010380629682032071,-1.0780419520765148e-05,0.0006788000000597094
104.078958,-0.001221199999918099,0.0003748000000541651,-7.94139223431956e-06,-3.735384609388154e-05,0.0006788000000597094
104.098958,0.0008688000000347529,-4.319999993640522e-05,0.00013416078082280008,0.00021952261078063586,0.0006788000000597094
104.118957,0.0006788000000597094,-4.319999993640522e-05,0.0003085463569741229,0.00019737808863849233,0.0006788000000597094
104.138957,-0.001221199999918099,0.0007168000000547181,0.0004906197809299695,0.0002390097902747958,0.0006788000000597094
104.158957,0.0006788000000597094,0.00029880000006414774,0.0006446606321897885,0.000711131002387527,0.0006788000000597094
104.178957,0.0025788000000375177,0.0006788000000597094,0.0007313341726450848,0.0010034386946918062,0.0006788000000597094
104.198956,-0.001221199999918099,0.0010968000000502799,0.0007220106381368989,0.0006136951049538274,0.0008688000000347529
104.218956,0.0025788000000375177,0.0007168000000547181,0.0006128218277833378,0.0005034153846726917,0.0008688000000347529
104.238956,0.0008688000000347529,-4.319999993640522e-05,0.00042974053258526275,0.000461340792598326,-0.001221199999918099
104.258956,-0.001221199999918099,0.00033680000005915646,0.0002203533116492205,0.00010038508164709492,0.0006788000000597094
104.278955,-0.001221199999918099,-4.319999993640522e-05,3.602996279154475e-05,0.000273555244814123,0.0006788000000597094
104.298955,0.0006788000000597094,-8.119999993141391e-05,-8.509647752726968e-05,0.000136259207523399,0.0006788000000597094
104.318955,0.0006788000000597094,0.00029880000006414774,-0.000124892044163056,-0.0005457920745162088,0.0006788000000597094
104.338955,0.0006788000000597094,-0.00011919999992642261,-8.181950031596198e-05,-0.00017376410248887077,0.0006788000000597094
104.358955,0.0006788000000597094,-0.00011919999992642261,3.375998041282746e-05,0.00021199347326308752,0.0006788000000597094
104.378955,-0.0033111999998709507,0.0002608000000691391,0.00019871708685108863,0.00031607272734139114,0.0006788000000597094
104.398955,0.0006788000000597094,0.0002608000000691391,0.00037448890740816767,0.00042900979027687036,0.0006788000000597094
104.418954,0.0025788000000375177,0.0002608000000691391,0.000512661532248783,0.000550804662069525,0.0006788000000597094
104.438954,0.0006788000000597094,0.001058800000055271,0.0005718514379056529,0.000390921212188525,0.0006788000000597094
104.458954,0.0006788000000597094,0.0006788000000597094,0.0005358692446519937,0.0002447673660321454,0.0006788000000597094
104.478954,0.0006788000000597094,-8.119999993141391e-05,0.00041939751886632063,0.0007496624709171147,0.0006788000000597094
104.498953,-0.001221199999918099,-4.319999993640522e-05,0.00025734013189651,0.00031341538467379737,0.0006788000000597094
104.518953,-0.001221199999918099,0.00033680000005915646,8.721910250408978e-05,-0.00014276177149644202,0.0006788000000597094
104.538953,0.0008688000000347529,-4.319999993640522e-05,-6.14882031421271e-05,3.616596743270578e-05,-0.001221199999918099
104.558953,0.0025788000000375177,-8.119999993141391e-05,-0.0001650367983856694,-0.00030973146845957814,-0.001221199999918099
104.578953,-0.001221199999918099,0.00029880000006414774,-0.00019755100590335023,7.115431241910508e-05,0.0006788000000597094
104.598953,-0.0014111999998931424,-8.119999993141391e-05,-0.00013080137436971768,5.7867599130956944e-05,-0.0010311999999430554
104.618952,0.0006788000000597094,-4.319999993640522e-05,5.364018655861932e-05,-6.7944055289146646e-06,-0.0010311999999430554
104.638952,-0.0010311999999430554,-4.319999993640522e-05,0.0003483471213765848,0.00015928951055120696,-0.0010311999999430554
104.658952,0.002768800000012561,0.0007548000000497268,0.0007126567808558526,0.00035238974364409714,0.0006788000000597094
104.678952,-0.001221199999918099,0.001172800000040297,0.0010798895856288222,0.0014419002331397444,0.0025788000000375177
104.698951,0.0025788000000375177,0.00151480000004085,0.0013763259138825869,0.0014419002331386842,0.0025788000000375177
104.718951,0.002768800000012561,0.0014768000000458415,0.0015439676237056618,0.0016673314685721106,0.0025788000000375177
104.738951,0.0006788000000597094,0.0014768000000458415,0.0015574516373356717,0.0015915972028451423,0.0025788000000375177
104.758951,0.0025788000000375177,0.0014768000000458415,0.0014273361275726093,0.0011314340326862324,0.0025788000000375177
104.77895,-0.001221199999918099,0.0006788000000597094,0.0011885964624836125,0.0013156764569240672,0.0006788000000597094
104.79895,0.0025788000000375177,0.0007168000000547181,0.0008817608268562161,0.0005096158508734034,0.0008688000000347529
104.81895,-0.001221199999918099,0.00033680000005915646,0.0005382429626095483,0.00019693519819990004,0.0006788000000597094
104.83895,0.0008688000000347529,0.00033680000005915646,0.0001779754947973612,0.0006894293706818557,0.0006788000000597094
104.85895,0.0006788000000597094,-4.319999993640522e-05,-0.0001807079232962506,8.931282057310826e-05,0.0006788000000597094
104.87895,-0.001221199999918099,0.0003748000000541651,-0.0005067876889763154,-0.00046917202790198586,0.0006788000000597094
104.898949,0.0006788000000597094,-0.0008411999999225373,-0.0007492946260407215,-0.0009501510488740124,0.0006788000000597094
104.918949,0.0008688000000347529,-0.001221199999918099,-0.0008459466751891919,-0.0006644867132148674,-0.001221199999918099
104.938949,-0.005211199999848759,-0.0004231999999319669,-0.000747870665412885,-0.0007331347318623495,0.0006788000000597094
104.958949,-0.001221199999918099,-0.0003851999999369582,-0.0004485944221661849,-0.00045411375284621865,0.0008688000000347529
104.978949,0.002768800000012561,-0.0004231999999319669,1.3915691746730733e-06,-2.80839154713417e-06,0.0006788000000597094
104.998948,0.0008688000000347529,0.0007548000000497268,0.0005055629089072684,8.576969702620994e-05,0.0006788000000597094
105.018948,0.0006788000000597094,0.001172800000040297,0.0009508997246225707,0.0008076811189276121,0.0008688000000347529
105.038948,0.0006788000000597094,0.0007928000000447355,0.0012388562418481936,0.0018001986014292118,0.0008688000000347529
105.058948,0.0008688000000347529,0.0011348000000452885,0.0013065990940261986,0.0014033687646080367,0.0008688000000347529
105.078948,0.0008688000000347529,0.0011348000000452885,0.0011385428142206102,0.0008807580420076568,0.0008688000000347529
105.098948,0.0025788000000375177,0.0007548000000497268,0.0007712129275899129,0.0005844643357189474,0.0008688000000347529
105.118947,0.0006788000000597094,0.00033680000005915646,0.00028948269816313085,0.00038782097907809896,0.0006788000000597094
105.138947,-0.001221199999918099,-8.119999993141391e-05,-0.00019104539831469092,7.15972028592873e-05,-0.001221199999918099
105.158947,-0.001221199999918099,-0.00046119999992697556,-0.0005554845981387811,-0.0005311766898990337,-0.001221199999918099
105.178947,-0.001221199999918099,-0.0008411999999225373,-0.0007247757768541824,-0.0010444867132031162,-0.001221199999918099
105.198946,0.0006788000000597094,-0.0008791999999175459,-0.0006795963633199071,-0.0008425286712498704,-0.001221199999918099
105.218946,-0.001221199999918099,-0.00046119999992697556,-0.0004635829522153293,-0.0006387990675231756,-0.001221199999918099
105.238946,-0.0014111999998931424,0.00029880000006414774,-0.0001658586829994288,0.0003045575758219222,0.0006788000000597094
105.258946,0.0008688000000347529,-8.119999993141391e-05,0.00011089505558768032,0.0002886135198794305,-0.001221199999918099
105.278945,0.0025788000000375177,0.0006788000000597094,0.00028708671440701736,0.000286399067662089,0.0008688000000347529
105.298945,-0.001221199999918099,0.00033680000005915646,0.0003342492496325651,0.0003887067599642935,0.0008688000000347529
105.318945,0.0025788000000375177,0.00033680000005915646,0.0002811607249904781,0.000384277855535971,0.0008688000000347529
105.338945,-0.0031211999998959072,-4.319999993640522e-05,0.00019373430266431433,0.00013803076929419804,0.0006788000000597094
105.358945,0.0008688000000347529,-8.119999993141391e-05,0.00013861338189590208,-0.00038280839153591296,0.0006788000000597094
105.378945,0.0006788000000597094,-0.00046119999992697556,0.00014937369918031795,-9.005780879145167e-05,0.0006788000000597094
105.398944,-0.0014111999998931424,0.00033680000005915646,0.0002117667030845524,0.0004303384615984771,0.0006788000000597094
105.418944,0.0006788000000597094,0.0006788000000597094,0.0002739162994067074,0.0001579608392243003,0.0006788000000597094
105.438944,0.0008688000000347529,0.00029880000006414774,0.00027591455695975505,0.0007359328671903743,0.0006788000000597094
105.458944,0.0025788000000375177,0.00033680000005915646,0.00018450980260274782,0.00033777435903593244,0.0006788000000597094
105.478944,-0.001221199999918099,0.00033680000005915646,1.4786237769283058e-05,1.6678787945435792e-05,0.0006788000000597094
105.498944,-0.001221199999918099,-8.119999993141391e-05,-0.00017378590920044367,5.6538927803520176e-05,-0.001221199999918099
105.518943,0.0006788000000597094,-0.0008791999999175459,-0.00030516851832876324,-0.0008633445220640472,-0.001221199999918099
105.538943,-0.001221199999918099,-0.00046119999992697556,-0.0003232502215172398,-0.0005223188810429183,-0.001221199999918099
105.558943,-0.0014111999998931424,-0.00046119999992697556,-0.00021855893601212316,-0.00026057062930201605,-0.001221199999918099
105.578943,0.0008688000000347529,0.00033680000005915646,-3.282391263780699e-05,0.00015796083922271038,-0.001221199999918099
105.598942,-0.001221199999918099,0.00033680000005915646,0.0001607342842888212,0.00021509370635549327,-0.001221199999918099
105.618942,0.0046687999999903695,0.0003748000000541651,0.0002919798185337145,0.00039667878793527456,-0.001221199999918099
105.638942,-0.001221199999918099,0.00033680000005915646,0.00032513114927594175,0.0006783571096062789,-0.001221199999918099
105.658942,-0.001221199999918099,0.0007548000000497268,0.0002697079877544592,0.00031474405600070423,0.0006788000000597094
105.678941,0.0006788000000597094,-0.0004231999999319669,0.00016712733720845413,-0.00028360093233300416,-0.001221199999918099
105.698941,0.0008688000000347529,-0.00046119999992697556,6.387124013833328e-05,0.00014688857814872347,-0.001221199999918099
105.718941,-0.001221199999918099,-4.319999993640522e-05,-1.2850845396363473e-05,-0.0005311766899022139,0.0006788000000597094
105.738941,-0.0014111999998931424,0.00033680000005915646,-6.579005509122414e-05,-3.9125407858850374e-05,0.0008688000000347529
105.758941,0.0008688000000347529,-0.0004991999999219843,-0.00012048198860890694,9.15272727925697e-05,-0.001221199999918099
105.778941,0.0025788000000375177,-8.119999993141391e-05,-0.0002033687792683187,-4.798321671549573e-05,0.0008688000000347529
105.79894,-0.0033111999998709507,0.00033680000005915646,-0.00031670916006801584,-0.00021406713279614742,0.0008688000000347529
105.81894,0.0008688000000347529,-8.119999993141391e-05,-0.0004250045373865413,-0.00012283170156474966,0.0006788000000597094
105.83894,0.0006788000000597094,-0.0008411999999225373,-0.00046139940179922164,-0.00022912540785827471,-0.001221199999918099
105.85894,-0.001221199999918099,-4.319999993640522e-05,-0.0003525259582851313,-0.0006015962703210249,0.0006788000000597094
105.87894,-0.001221199999918099,-8.119999993141391e-05,-5.303590134705347e-05,-0.00044658461531171004,0.0006788000000597094
105.898939,0.0006788000000597094,-8.119999993141391e-05,0.0004236312693785621,0.0004033221445841185,0.0006788000000597094
105.91894,0.0006788000000597094,0.0006788000000597094,0.000993189728635836,0.0005667487180088365,0.0006788000000597094
105.938939,0.0006788000000597094,0.0014768000000458415,0.0015166975882730828,0.0017412941725335799,0.0006788000000597094
105.958939,0.0025788000000375177,0.0018948000000364117,0.001843153864651847,0.0020491030303391084,0.0025788000000375177
105.978939,0.002768800000012561,0.0022748000000319736,0.0018647667144417758,0.002108893240129415,0.0025788000000375177
105.998939,0.002768800000012561,0.0014768000000458415,0.0015631919699482391,0.001517634498878903,0.0025788000000375177
106.018938,0.0025788000000375177,0.0010968000000502799,0.0010248397636393105,0.0011965389277889362,0.0025788000000375177
106.038938,-0.0033111999998709507,0.00029880000006414774,0.0004144939855857322,0.00046798414924505003,0.0006788000000597094
106.058938,0.0006788000000597094,-0.00011919999992642261,-8.354289245704843e-05,-0.00044038414910781826,0.0006788000000597094
106.078938,-0.001221199999918099,-0.0008791999999175459,-0.00033060923444789734,-0.0005714797201988906,-0.001221199999918099
106.098937,0.0006788000000597094,-8.119999993141391e-05,-0.0002773390290948765,-0.0004076102563345201,0.0006788000000597094
106.118937,-0.001221199999918099,0.00033680000005915646,2.8593225581536437e-05,-7.987132860683957e-05,0.0006788000000597094
106.138937,0.0006788000000597094,0.0007548000000497268,0.00046838375123490176,0.0011092895105313688,0.0006788000000597094
106.158937,0.002768800000012561,0.0007928000000447355,0.0008984528058096644,0.0010091962704369653,0.0008688000000347529
106.178937,0.0008688000000347529,0.0015908000000308675,0.001199142328813981,0.0012705016317371553,0.0008688000000347529
106.198936,0.0008688000000347529,0.001210800000035306,0.001308227321121903,0.001139406060645023,0.0008688000000347529
106.218936,0.002768800000012561,0.0007928000000447355,0.001228997946959693,0.0011699655012057499,0.0008688000000347529
106.238936,-0.001221199999918099,0.0007548000000497268,0.0010143156307369143,0.0009706648019073777,0.0006788000000597094
106.258936,0.0006788000000597094,0.0007548000000497268,0.0007378636920709162,0.0006606414918908679,0.0006788000000597094
106.278936,0.0006788000000597094,0.0003748000000541651,0.0004671569189733802,0.000249196270451988,0.0006788000000597094
106.298935,0.0008688000000347529,0.0003748000000541651,0.00024847352178509466,0.0001278442891026957,0.0006788000000597094
106.318935,0.0008688000000347529,-5.199999941396527e-06,0.00010455751106364538,0.0002168652681231123,0.0006788000000597094
106.338935,-0.001221199999918099,0.0003748000000541651,3.8985471980850724e-05,0.0005649771562300874,0.0008688000000347529
106.358935,-0.001221199999918099,0.00033680000005915646,4.178545405698263e-05,-5.9498368236025174e-05,0.0006788000000597094
106.378935,0.0025788000000375177,-8.119999993141391e-05,9.551295067653167e-05,-4.178275051743409e-05,-0.001221199999918099
106.398934,0.0006788000000597094,-8.119999993141391e-05,0.00018171971207203193,5.565314692156564e-05,-0.001221199999918099
106.418934,-0.001221199999918099,0.0006788000000597094,0.00028462855682460095,0.0004325529138174085,0.0006788000000597094
106.438934,-0.001221199999918099,0.00029880000006414774,0.0003896867942219466,0.00039977902104199037,0.0006788000000597094
106.458934,0.0025788000000375177,0.00029880000006414774,0.0004808120683403489,0.0005990797203403624,0.0006788000000597094
106.478934,0.0006788000000597094,0.00029880000006414774,0.0005422150285928145,0.0002403384616032927,0.0006788000000597094
106.498934,0.0006788000000597094,0.001058800000055271,0.000564513908991555,0.000328916550180347,0.0006788000000597094
106.518933,-0.001221199999918099,0.00029880000006414774,0.0005493763560792629,0.0007053734266328275,0.0006788000000597094
106.538933,0.0025788000000375177,0.00029880000006414774,0.0005093710506472789,0.0010579142191675956,0.0006788000000597094
106.558933,-0.001221199999918099,0.0006788000000597094,0.00046493992606078225,0.0002540680653332131,0.0006788000000597094
106.578933,0.0006788000000597094,0.001058800000055271,0.00044108997267602775,0.00042015198141704486,0.0006788000000597094
106.598932,0.0025788000000375177,-0.00011919999992642261,0.0004631924642592757,0.0003001286713983694,0.0006788000000597094
106.618932,0.0006788000000597094,0.0006408000000647007,0.0005489650186421117,0.0006234386947030274,0.0006788000000597094
106.638932,-0.0033111999998709507,0.0006408000000647007,0.0006960613875178724,0.0005437184149820884,0.0006788000000597094
106.658932,0.0025788000000375177,0.0006788000000597094,0.0008718824836896205,0.0009821799534369172,0.0006788000000597094
106.678931,0.0006788000000597094,0.0006788000000597094,0.0010168634340192817,0.0010176111888661487,0.0006788000000597094
106.698931,0.002768800000012561,0.0014768000000458415,0.001065681979946569,0.0007935086247665195,0.0006788000000597094
106.718931,0.0006788000000597094,0.0010968000000502799,0.0009766301473414596,0.0011677510490005986,0.0006788000000597094
106.738931,0.0006788000000597094,0.0007168000000547181,0.0007522078383576904,0.0010636717949191149,0.0006788000000597094
106.758931,0.0006788000000597094,0.00033680000005915646,0.0004401536607768059,0.0001973780886374323,0.0006788000000597094
106.778931,-0.001221199999918099,-4.319999993640522e-05,0.00011630108678581087,0.00021952261078275582,0.0006788000000597094
106.79893,0.0008688000000347529,-4.319999993640522e-05,-0.00014095563658280528,-6.569883443514673e-05,0.0006788000000597094
106.81893,-0.001221199999918099,-4.319999993640522e-05,-0.0002738178526156802,-0.0002224820512157908,0.0006788000000597094
106.83893,0.0006788000000597094,-4.319999993640522e-05,-0.000259531166955157,-0.0005369342656616834,0.0006788000000597094
106.85893,0.0006788000000597094,-0.0004991999999219843,-0.0001153462519955907,-0.0004749296036550953,-0.001221199999918099
106.878929,-0.001221199999918099,-0.00011919999992642261,0.00010428245345451851,0.00023812400939284144,0.0006788000000597094
106.898929,-0.0014111999998931424,0.0002608000000691391,0.0003186541862101781,0.0004374247086938636,0.0006788000000597094
106.918929,0.0006788000000597094,0.0006408000000647007,0.00044333533318783187,0.0007257463870100022,0.0006788000000597094
106.938929,0.0025788000000375177,0.0006408000000647007,0.00042386808987624885,0.0003736484849154165,0.0006788000000597094
106.958929,0.0025788000000375177,0.0006788000000597094,0.00026797344062884826,0.00047772773899213013,0.0006788000000597094
106.978929,-0.001221199999918099,0.00029880000006414774,5.413309116453464e-05,0.00036036177162567824,-0.001221199999918099
106.998928,-0.001221199999918099,-8.119999993141391e-05,-9.763428333195866e-05,-0.00013788997662263702,-0.001221199999918099
107.018928,-0.001221199999918099,-0.0008411999999225373,-8.346435954257486e-05,-0.0005834377621633119,-0.001221199999918099
107.038928,0.0006788000000597094,-0.00046119999992697556,0.0001277103214036134,-0.0006100111887364281,-0.001221199999918099
107.058928,-0.001221199999918099,0.00029880000006414774,0.00046914726459966396,0.0004440680653305174,0.0006788000000597094
107.078928,0.0006788000000597094,0.001058800000055271,0.0007973648244989789,0.0011836951049489204,0.0006788000000597094
107.098927,0.0025788000000375177,0.0014388000000508327,0.0009522083563151435,0.0013103617716122003,0.0025788000000375177
107.118927,0.0025788000000375177,0.001058800000055271,0.0008304743237401965,0.0010911310023863758,0.0025788000000375177
107.138927,0.0025788000000375177,0.0006788000000597094,0.00043839378907147957,0.0005663058275691844,0.0025788000000375177
107.158927,-0.0031211999998959072,-0.00011919999992642261,-0.00010471761886413243,-2.0524009252474934e-05,-0.001221199999918099
107.178926,-0.001221199999918099,-0.0008791999999175459,-0.0006149554872742207,-0.0009882396269559979,-0.001221199999918099
107.198926,-0.0014111999998931424,-0.0016391999999086694,-0.0009195515292922865,-0.0013004773891898487,-0.001221199999918099
107.218926,-0.001221199999918099,-0.0008791999999175459,-0.0009224250949484093,-0.0009572372959540286,-0.001221199999918099
107.238926,-0.001221199999918099,-0.00011919999992642261,-0.0006321139917110317,-0.0007512932400131726,-0.001221199999918099
107.258926,0.0006788000000597094,0.00029880000006414774,-0.0001464513231348923,0.00028285594412261086,0.0006788000000597094
107.278925,0.0025788000000375177,0.00029880000006414774,0.0003919687339638658,0.0007368186480781589,0.0006788000000597094
107.298925,0.0006788000000597094,0.001058800000055271,0.0008455594403553088,0.000725746387003642,0.0006788000000597094
107.318925,-0.001221199999918099,0.001058800000055271,0.0011157705664875557,0.0010862592075141608,0.0006788000000597094
107.338925,0.0025788000000375177,0.00029880000006414774,0.0011543666202877584,0.0009046741259311998,0.0006788000000597094
107.358925,0.0006788000000597094,0.0006788000000597094,0.0009593848506950677,0.0008586135198692233,0.0006788000000597094
107.378925,-0.001221199999918099,0.0006788000000597094,0.0005674105766775032,0.0003780773893410891,0.0006788000000597094
107.398924,0.0025788000000375177,0.00029880000006414774,4.81491246675743e-05,0.00019427785554555668,0.0006788000000597094
107.418924,-0.001221199999918099,-0.0004991999999219843,-0.0005006492227359007,-0.0001666778554046144,-0.001221199999918099
107.438924,0.0006788000000597094,-0.0004991999999219843,-0.0009645605123035269,-0.0010794750581884555,-0.001221199999918099
107.458924,-0.0033111999998709507,-0.0012591999999131075,-0.0012352239877288095,-0.0013274937062063273,-0.001221199999918099
107.478924,-0.001221199999918099,-0.0012591999999131075,-0.0012411584162334325,-0.0009510368297559669,-0.001221199999918099
107.498923,-0.001221199999918099,-0.001221199999918099,-0.0009741555087995861,-0.0012743468530643349,-0.001221199999918099
107.518923,-0.001221199999918099,-4.319999993640522e-05,-0.0004971881829236725,-0.00027961491834804374,-0.001221199999918099
107.538923,0.0008688000000347529,-4.319999993640522e-05,7.205410927075049e-05,-0.00017996456869859268,-0.001221199999918099
107.558923,0.0025788000000375177,0.0007168000000547181,0.0005957382224200639,0.0006477976690556222,0.0008688000000347529
107.578923,-0.001221199999918099,0.0006788000000597094,0.0009540521831084193,0.0010060960373514496,0.0008688000000347529
107.598922,0.0025788000000375177,0.0010208000000602624,0.0010731075847542563,0.001181037762291397,0.0025788000000375177
107.618922,-0.0014111999998931424,0.0006788000000597094,0.000936953144752365,0.0009972382284948044,0.0008688000000347529
107.638922,0.0025788000000375177,0.0006788000000597094,0.0005861173686450707,0.0006141379954003698,0.0008688000000347529
107.658922,0.0008688000000347529,-8.119999993141391e-05,0.00010638124985608328,-0.00020255198128303847,-0.001221199999918099
107.678921,-0.001221199999918099,-4.319999993640522e-05,-0.0003917071125668433,-0.0004549995337287031,-0.001221199999918099
107.698921,-0.001221199999918099,-0.0011831999999230903,-0.0008018672105519649,-0.0008730881118153672,-0.001221199999918099
107.718921,-0.001221199999918099,-0.001221199999918099,-0.0010526658943268833,-0.0007707804195094526,-0.001221199999918099
107.738921,-0.0031211999998959072,-0.0008411999999225373,-0.001126731589642647,-0.0013956988344125672,-0.001221199999918099
107.758921,0.0006788000000597094,-0.0008791999999175459,-0.0010580866433135894,-0.0010125986013112423,-0.001221199999918099
107.778921,0.0006788000000597094,-0.0009171999999125546,-0.0009083442738064426,-0.0007929249416399357,-0.0014111999998931424
107.79892,-0.0014111999998931424,-0.0001571999999214313,-0.0007351192249571604,-0.00046961491833262764,0.0006788000000597094
107.81892,-0.0014111999998931424,-0.000537199999916993,-0.0005698782542286161,-0.0004297547784729534,-0.001221199999918099
107.83892,0.0006788000000597094,-0.000537199999916993,-0.00041434456928674115,-0.00031460326332384287,-0.001221199999918099
107.85892,-0.001221199999918099,-0.0004991999999219843,-0.00025250661268463756,-0.0005874237761413821,-0.001221199999918099
107.87892,0.0006788000000597094,-8.119999993141391e-05,-6.900137807380062e-05,-0.000319475058201358,0.0006788000000597094
107.898919,-0.001221199999918099,-8.119999993141391e-05,0.00013514716700812368,0.0001300587413210971,0.0006788000000597094
107.918919,0.0006788000000597094,0.00033680000005915646,0.0003361053090391057,0.00031784428910265015,0.0006788000000597094
107.938919,0.0006788000000597094,0.00033680000005915646,0.0004934211596538304,0.0003864923077490721,0.0006788000000597094
107.958919,0.0008688000000347529,0.0007168000000547181,0.0005667535271463279,0.0010136251748748284,0.0006788000000597094
107.978919,0.0006788000000597094,0.0007168000000547181,0.00053542797864095,0.0005570051282665267,0.0006788000000597094
107.998918,0.0006788000000597094,0.0006788000000597094,0.0004109445674455112,0.00043299580426024075,0.0006788000000597094
108.018918,0.0006788000000597094,-0.0001571999999214313,0.00023538392571845144,2.2879254151977657e-05,0.0006788000000597094
108.038918,0.000488800000084666,-0.00011919999992642261,6.493387734160199e-05,5.609603736757805e-05,0.0006788000000597094
108.058918,-0.0033111999998709507,-0.00011919999992642261,-5.465407059326968e-05,-0.0003447198134438576,0.0006788000000597094
108.078918,0.0008688000000347529,-8.119999993141391e-05,-0.00010782104711242828,0.0001167720280361291,0.0006788000000597094
108.098917,0.0006788000000597094,-0.0004231999999319669,-0.00011208130730212857,5.698181824635251e-05,0.0006788000000597094
108.118917,0.0008688000000347529,0.0007548000000497268,-0.00010240692777128755,-0.00033940512813676035,0.0008688000000347529
108.138917,-0.001221199999918099,-8.119999993141391e-05,-0.00010866795876570602,0.00018364848490751205,0.0006788000000597094
108.158917,0.0025788000000375177,-0.00046119999992697556,-0.00014178071389530983,9.462750589292566e-05,-0.001221199999918099
108.178916,-0.0033111999998709507,-0.00011919999992642261,-0.00019619321608981967,-0.0005705939393111059,-0.001221199999918099
108.198916,-0.001221199999918099,-0.000537199999916993,-0.00026366742850148634,-0.00048821631693582326,-0.001221199999918099
108.218916,0.0025788000000375177,-0.0009171999999125546,-0.0003454162415177834,-0.00044392727264676616,-0.001221199999918099
108.238916,-0.0033111999998709507,-8.119999993141391e-05,-0.00045189923871767336,-0.00033719067591570884,0.0006788000000597094
108.258916,0.0006788000000597094,-8.119999993141391e-05,-0.0005897227248901573,-0.0005785659672910966,0.0006788000000597094
108.278916,0.0008688000000347529,-0.0008411999999225373,-0.0007447495960917578,-0.0001866079253410766,-0.001221199999918099
108.298915,-0.001221199999918099,-0.0004231999999319669,-0.0008739452644199734,-0.0008004540791792146,-0.001221199999918099
108.318915,-0.001221199999918099,-0.0008031999999275286,-0.0009150414522949891,-0.0011884261071458643,-0.001221199999918099
108.338915,-0.001221199999918099,-0.001221199999918099,-0.0008134651461830321,-0.0008717594404863404,-0.001221199999918099
108.358915,-0.001221199999918099,-0.0008411999999225373,-0.0005542514408033789,-0.0008965613052860077,-0.001221199999918099
108.378915,-0.001221199999918099,-0.0004231999999319669,-0.0001808599415705163,-0.00041823962696885465,-0.001221199999918099
108.398914,0.0006788000000597094,0.00033680000005915646,0.00021249323638362593,0.0004281240093821958,0.0006788000000597094
108.418914,0.0008688000000347529,0.0007168000000547181,0.0005155027385388282,0.0008289398601931013,0.0006788000000597094
108.438914,0.0025788000000375177,0.0010968000000502799,0.000649085315207863,0.0008001519814058236,0.0006788000000597094
108.458914,0.0006788000000597094,0.0007168000000547181,0.0006019282884241095,0.0007005016317574325,0.0006788000000597094
108.478914,0.0006788000000597094,0.00029880000006414774,0.00043619916221074827,0.000485699766959401,0.0006788000000597094
108.498913,-0.001221199999918099,-8.119999993141391e-05,0.00025807335685328796,-6.39272726574577e-05,0.0006788000000597094
108.518913,-0.001221199999918099,-8.119999993141391e-05,0.00016821619606685267,0.0001398023310697671,0.0006788000000597094
108.538913,0.0006788000000597094,-8.119999993141391e-05,0.00021822975513536048,-0.0001432046619376843,0.0006788000000597094
108.558913,0.0006788000000597094,0.0007168000000547181,0.00039421025673983494,0.0003435319347938119,0.0006788000000597094
108.578913,0.0006788000000597094,0.0007168000000547181,0.0006318400830667514,0.0007465622378162286,0.0006788000000597094
108.598912,0.002768800000012561,0.0010968000000502799,0.0008507045587768817,0.0011850237762705271,0.0006788000000597094
108.618912,-0.001221199999918099,0.0011348000000452885,0.0009887431416314538,0.00143127086251177,0.0008688000000347529
108.638912,0.0025788000000375177,0.0011348000000452885,0.0010221461301712564,0.0010304550117029843,0.0008688000000347529
108.658912,0.0008688000000347529,0.0007168000000547181,0.0009656251000840679,0.000784650815904574,0.0006788000000597094
108.678912,0.0006788000000597094,0.0006788000000597094,0.0008561887882969969,0.000374977156239143,0.0006788000000597094
108.698911,0.0006788000000597094,0.00029880000006414774,0.0007284955950327745,0.000479056410321157,0.0006788000000597094
108.718911,-0.0014111999998931424,0.0002608000000691391,0.0005931812178061167,0.0007784503497112823,0.0006788000000597094
108.738911,0.0006788000000597094,0.0006408000000647007,0.0004304041969266769,0.00034441771568530656,0.0006788000000597094
108.758911,0.0006788000000597094,0.0002608000000691391,0.00020508075431712738,0.0004932289044944398,0.0006788000000597094
108.77891,0.0025788000000375177,0.00029880000006414774,-0.00010272593781023563,6.185361312333762e-05,0.0006788000000597094
108.79891,-0.001221199999918099,-8.119999993141391e-05,-0.00047114462054087005,-0.0005139039626275152,-0.001221199999918099
108.81891,-0.001221199999918099,-0.0008791999999175459,-0.0008327614014089341,-0.0009745100232292572,-0.001221199999918099
108.83891,-0.001221199999918099,-0.0016391999999086694,-0.0010985620852820555,-0.0009262349649520596,-0.001221199999918099
108.85891,-0.0033111999998709507,-0.0012591999999131075,-0.0011957760860988084,-0.001079032167747213,-0.001221199999918099
108.87891,-0.001221199999918099,-0.0004991999999219843,-0.0010973155091015296,-0.0014957920745006102,-0.001221199999918099
108.898909,0.0006788000000597094,-0.0008791999999175459,-0.0008274170199937124,-0.0008163981351158761,-0.001221199999918099
108.918909,0.0025788000000375177,-0.00046119999992697556,-0.000445022452859946,-0.00035357762230633287,-0.001221199999918099
108.938909,-0.0031211999998959072,0.00033680000005915646,-2.0448681327006367e-05,-3.248205121954642e-05,0.0006788000000597094
108.958909,-0.001221199999918099,0.0003748000000541651,0.00038011897744660356,0.0007802219114704213,0.0008688000000347529
108.978909,0.002768800000012561,-5.199999941396527e-06,0.0007013988080359651,0.0006597557110083834,0.0006788000000597094
108.998908,0.0008688000000347529,0.0011348000000452885,0.0009052727597587157,0.0005866787879299288,0.0008688000000347529
109.018908,0.0006788000000597094,0.0011348000000452885,0.0009796601238038895,0.0005286601399130712,0.0008688000000347529
109.038908,0.0025788000000375177,0.0007548000000497268,0.0009437936640878023,0.001458730069970551,0.0008688000000347529
109.058908,-0.001221199999918099,0.0007168000000547181,0.0008429999880002265,0.0012505715618150032,0.0006788000000597094
109.078907,0.0008688000000347529,0.0011348000000452885,0.0007334345892469676,0.000422366433622196,0.0008688000000347529
109.098907,0.0006788000000597094,0.0003748000000541651,0.0006638970691137167,0.0003785202797765011,0.0006788000000597094
109.118907,0.002768800000012561,0.0003748000000541651,0.0006620930252318294,0.0003696624709193257,0.0006788000000597094
109.138907,-0.001221199999918099,0.0007168000000547181,0.0007281525237439198,0.0008457696970201973,0.0006788000000597094
109.158907,-0.001221199999918099,0.0010968000000502799,0.000835654535237942,0.0014237417249862712,0.0025788000000375177
109.178907,0.0025788000000375177,0.0010968000000502799,0.0009419198999489816,0.0010512708625240513,0.0025788000000375177
109.198906,0.0025788000000375177,0.0010968000000502799,0.0010074877146378784,0.0007416904429440136,0.0025788000000375177
109.218906,0.002768800000012561,0.0010968000000502799,0.001015488642670081,0.0007616205128741158,0.0025788000000375177
109.238906,-0.001221199999918099,0.0007548000000497268,0.0009758634109043825,0.0011673081585540563,0.0008688000000347529
109.258906,-0.001221199999918099,0.0007548000000497268,0.0009091964347565729,0.0011451636364097925,0.0008688000000347529
109.278905,0.0008688000000347529,0.00033680000005915646,0.0008235988910186263,0.00045159720285442594,0.0006788000000597094
109.298905,0.0025788000000375177,0.0007168000000547181,0.00070524360864901,0.00046266946392629275,0.0006788000000597094
109.318905,0.0006788000000597094,0.0007168000000547181,0.0005303001491425261,0.0004888000000597568,0.0006788000000597094
109.338905,0.0006788000000597094,0.0007168000000547181,0.00028709992213291026,0.0007106881119409848,0.0006788000000597094
109.358905,-0.001221199999918099,-4.319999993640522e-05,-8.981681656974543e-06,0.0003187300699867247,0.0006788000000597094
109.378905,0.0008688000000347529,-0.0003851999999369582,-0.0003168704503729071,-0.0005116895104223638,-0.0010311999999430554
109.398905,-0.001221199999918099,-0.0007651999999325199,-0.000584610447378235,-0.0008190554777871802,-0.001221199999918099
109.418904,-0.0010311999999430554,-0.0007651999999325199,-0.0007691354512404814,-0.0007703375290692702,-0.001221199999918099
109.438904,-0.001221199999918099,-0.0008031999999275286,-0.0008521816067181544,-0.0009988689975945722,-0.001221199999918099
109.458904,-0.001221199999918099,-0.0008031999999275286,-0.0008456614225041128,-0.000730920279648718,-0.001221199999918099
109.478904,0.0006788000000597094,-0.0008411999999225373,-0.000784213475325641,-0.000768565967292111,-0.001221199999918099
109.498904,-0.001221199999918099,-0.0004231999999319669,-0.0007088644940636538,-0.0005090321677627201,-0.001221199999918099
109.518903,-0.001221199999918099,-0.0004231999999319669,-0.0006500627589611802,-0.000681759440486386,-0.001221199999918099
109.538903,0.0008688000000347529,-0.0008031999999275286,-0.0006175587574126763,-0.0007282629369896043,-0.001221199999918099
109.558903,-0.001221199999918099,-0.0008031999999275286,-0.0006002732849201293,-0.0005333911421222051,-0.001221199999918099
109.578902,-0.001221199999918099,-0.0004231999999319669,-0.0005747768008205891,-0.0005245333332655597,-0.001221199999918099
109.598902,-0.001221199999918099,-0.0004231999999319669,-0.0005174142949863415,-0.000458099766832769,-0.001221199999918099
109.618902,0.0006788000000597094,-0.0004231999999319669,-0.0004136645616845695,-0.0006529715617012284,-0.001221199999918099
109.638902,0.0008688000000347529,-0.0004231999999319669,-0.00026141498801781715,-0.00047581538454499983,-0.001221199999918099
109.658902,-0.001221199999918099,-4.319999993640522e-05,-7.035066098523039e-05,0.00022882331008382365,0.0006788000000597094
109.678902,-0.001221199999918099,0.00033680000005915646,0.00013919133396744516,0.00032847365973380467,0.0006788000000597094
109.698901,0.0006788000000597094,0.00029880000006414774,0.0003390242041446613,0.0003572615385226723,0.0006788000000597094
109.718901,0.0025788000000375177,0.00029880000006414774,0.0005008104462691662,0.0001114573427232017,0.0006788000000597094
109.738901,0.0006788000000597094,0.0006788000000597094,0.0006065650468850671,0.0006274247086869278,0.0006788000000597094
109.758901,-0.001221199999918099,0.0006788000000597094,0.0006543946091139812,0.0008648139860715252,0.0006788000000597094
109.778901,0.0006788000000597094,0.0006788000000597094,0.0006554968753249578,0.0007718069930656183,0.0006788000000597094
109.7989,0.0006788000000597094,0.00029880000006414774,0.0006271515046017629,0.0003200587413226415,0.0006788000000597094
109.8189,0.0025788000000375177,0.0006788000000597094,0.0005885356233926753,0.0005459328671941297,0.0006788000000597094
109.8389,-0.001221199999918099,0.0006788000000597094,0.0005598854602263857,0.0009312475525043159,0.0006788000000597094
109.8589,0.0006788000000597094,0.001058800000055271,0.0005605655089869982,0.000683228904488564,0.0006788000000597094
109.8789,0.0006788000000597094,0.00029880000006414774,0.0006038010810454384,0.0003200587413226415,0.0006788000000597094
109.898899,0.0025788000000375177,0.00029880000006414774,0.0006900524213793098,0.0003156298368937887,0.0006788000000597094
109.918899,-0.001221199999918099,0.0006788000000597094,0.0008020450518166065,0.0007850937063521762,0.0006788000000597094
109.938899,-0.001221199999918099,0.001058800000055271,0.0009049023541822833,0.0013697090909607344,0.0025788000000375177
109.958899,0.0025788000000375177,0.001058800000055271,0.0009562807219988557,0.0010331123543679283,0.0025788000000375177
109.978899,0.0025788000000375177,0.001058800000055271,0.0009275893356084104,0.000696515617775122,0.0025788000000375177
109.998898,0.0025788000000375177,0.001058800000055271,0.0008257912830965859,0.0008781006993580832,0.0025788000000375177
110.018898,-0.001221199999918099,0.0006788000000597094,0.0006979130143763465,0.0009002452215023468,0.0006788000000597094
110.038898,-0.001221199999918099,0.0006788000000597094,0.0006100061857756109,0.0007629491842079128,0.0006788000000597094
110.058898,0.0006788000000597094,-8.119999993141391e-05,0.0006124884742243511,0.00016238974365739291,-0.001221199999918099
110.078897,0.0025788000000375177,0.0006788000000597094,0.0007143773336992686,0.00043033846160059694,0.0006788000000597094
110.098897,-0.001221199999918099,0.001058800000055271,0.0008806127320173298,0.001008310489564021,0.0006788000000597094
110.118897,0.0025788000000375177,0.0014768000000458415,0.0010503781510948613,0.0012470284382797654,0.0025788000000375177
110.138897,0.0006788000000597094,0.0010968000000502799,0.001164556729883009,0.0013418069930559414,0.0006788000000597094
110.158897,0.002768800000012561,0.0010968000000502799,0.0011894826403653046,0.001335163636408157,0.0006788000000597094
110.178896,0.0006788000000597094,0.0011348000000452885,0.00112747018452533,0.0008679142191612808,0.0006788000000597094
110.198896,-0.001221199999918099,0.001172800000040297,0.0010109867764279792,0.0011048606061035758,0.0008688000000347529
110.218896,0.002768800000012561,0.0003748000000541651,0.0008857365719720543,0.0007217603730080812,0.0006788000000597094
110.238896,0.0008688000000347529,0.0007548000000497268,0.0007927301748862664,0.0006238815851341994,0.0008688000000347529
110.258896,-0.001221199999918099,0.0011348000000452885,0.000756920542408308,0.0008630424242933058,0.0008688000000347529
110.278896,0.0025788000000375177,0.0007168000000547181,0.0007842753101751093,0.0010805016317483312,0.0006788000000597094
110.298895,0.0006788000000597094,0.0010968000000502799,0.0008653594671317788,0.0009339048951570694,0.0006788000000597094
110.318895,0.0006788000000597094,0.0010968000000502799,0.000981507499926122,0.0007656065268617263,0.0006788000000597094
110.338895,0.002768800000012561,0.0007168000000547181,0.0011090080867983308,0.0009184037296574099,0.0006788000000597094
110.358895,-0.001221199999918099,0.0011348000000452885,0.001219422437852858,0.001273158974403159,0.0006788000000597094
110.378895,0.0006788000000597094,0.0011348000000452885,0.0012796152232433745,0.0011070750583193271,0.0006788000000597094
110.398894,0.002768800000012561,0.0011348000000452885,0.001258080296842846,0.0016761892774266357,0.0006788000000597094
110.418894,0.0006788000000597094,0.00151480000004085,0.0011397353513056682,0.0012505715618171232,0.0006788000000597094
110.438894,0.002768800000012561,0.00151480000004085,0.0009415117591219651,0.0008475412587920565,0.0006788000000597094
110.458894,0.0006788000000597094,0.00033680000005915646,0.0007150297987355455,0.0006947440559963729,0.0006788000000597094
110.478894,0.0006788000000597094,0.0003748000000541651,0.0005278614054442003,0.0003891496504044756,0.0006788000000597094
110.498893,-0.0031211999998959072,-4.319999993640522e-05,0.00042936936769908833,0.0003404317016881558,0.0006788000000597094
110.518893,0.0008688000000347529,0.0003748000000541651,0.00042094947780756494,0.00015486060611758423,0.0006788000000597094
110.538893,0.0006788000000597094,0.0003748000000541651,0.0004518955924945976,0.0006779142191650365,0.0006788000000597094
110.558893,0.002768800000012561,0.0007548000000497268,0.0004466253573406226,0.0005189165501702313,0.0006788000000597094
110.578892,0.0006788000000597094,0.0010968000000502799,0.0003470659667912046,0.00035726153852055236,0.0006788000000597094
110.598892,-0.001221199999918099,-8.119999993141391e-05,0.00014372567531322785,0.0005277743590353568,0.0006788000000597094
110.618892,0.0025788000000375177,-0.0004991999999219843,-0.00012185172587488072,-0.0002937874125123162,0.0006788000000597094
110.638892,-0.005211199999848759,-0.0004991999999219843,-0.0003810887898609932,-0.0004682862470089011,0.0006788000000597094
110.658892,0.0006788000000597094,-0.0004991999999219843,-0.0005715860385216358,-0.0007251627038802384,0.0006788000000597094
110.678892,0.0006788000000597094,-0.0008791999999175459,-0.0006601039421963828,-0.0005767944055144675,0.0006788000000597094
110.698891,-0.001221199999918099,-8.119999993141391e-05,-0.0006463898012492029,-0.000815955244676224,0.0006788000000597094
110.718891,0.0006788000000597094,-0.00046119999992697556,-0.0005533302502916119,-0.0006299412586681202,-0.001221199999918099
110.738891,-0.001221199999918099,-0.0008031999999275286,-0.00041512056702403384,-1.8752447490155905e-05,-0.001221199999918099
110.758891,-0.001221199999918099,-4.319999993640522e-05,-0.0002697192783237179,-0.0005223188810476885,-0.0010311999999430554
110.778891,-0.0010311999999430554,-0.0004231999999319669,-0.00015294324721466983,-0.00014763356637130694,-0.001221199999918099
110.79889,0.0025788000000375177,-4.319999993640522e-05,-8.90016452783709e-05,0.00016017529143475163,-0.0010311999999430554
110.81889,-0.001221199999918099,0.0003748000000541651,-7.838327992945518e-05,8.266946393115419e-05,0.0006788000000597094
110.83889,0.0006788000000597094,0.00029880000006414774,-9.188260607072746e-05,-0.0001525053612371618,0.0006788000000597094
110.85889,0.0008688000000347529,-0.00046119999992697556,-7.998908650075302e-05,-0.00029423030296044865,-0.001221199999918099
110.87889,-0.0014111999998931424,-0.00046119999992697556,1.7646477546405928e-06,-0.0001525053612361019,-0.001221199999918099
110.898889,-0.001221199999918099,-4.319999993640522e-05,0.0001625063991012255,2.5093706358188857e-05,-0.001221199999918099
110.918889,-0.001221199999918099,0.00029880000006414774,0.00035894447750250014,0.0007651636364173041,-0.001221199999918099
110.938889,0.002768800000012561,0.0007168000000547181,0.0005059162106450069,0.00047728484854452785,0.0006788000000597094
110.958889,0.0025788000000375177,0.0007168000000547181,0.0005125502059372167,0.0006810144522722756,0.0006788000000597094
110.978889,0.0006788000000597094,0.00029880000006414774,0.00032306621251917305,0.0005973081585682327,0.0006788000000597094
110.998888,-0.001221199999918099,-0.0004991999999219843,-6.286741711980993e-05,7.115431242280998e-05,-0.001221199999918099
111.018888,-0.0033111999998709507,-0.0004991999999219843,-0.0005985896441997778,-0.0010524587411735711,-0.001221199999918099
111.038888,-0.001221199999918099,-0.0004991999999219843,-0.001213675411584686,-0.002928542657230489,-0.001221199999918099
