time,raw_wavelength_shift,moving_average,butterworth,savitzky_golay,median
0.02,0.002298999999766238,0.0016529999997601408,0.0023119618281343866,0.0026497692305307292,0.0003989999997884297
0.04,0.0024889999997412815,0.0016529999997601408,0.0019116807464004096,0.0016067622375239947,0.0005889999997634732
0.06,0.0003989999997884297,0.0016529999997601408,0.001563715237280317,0.0010469487177113955,0.002298999999766238
0.079999,0.0005889999997634732,0.0008929999997690175,0.00130013582263383,0.0008465407923051475,0.0005889999997634732
0.1,0.0024889999997412815,0.0008929999997690175,0.0011107849516276802,0.0008817505825174663,0.0005889999997634732
0.119999,-0.0015010000001893786,0.0012729999997645792,0.0009484822575068754,0.0010287902095605802,0.002298999999766238
0.139999,0.0024889999997412815,0.000816999999779,0.0007536977033525929,0.0011665291373015568,0.002298999999766238
0.159999,0.002298999999766238,0.0007789999997839913,0.0004880777714179056,0.0007329393937215932,0.002298999999766238
0.179998,-0.001691000000164422,0.0007789999997839913,0.00016033383305246915,0.00016382517462117476,0.002298999999766238
0.199998,0.002298999999766238,-0.000437000000192711,-0.00017043223667826543,-0.00034106993026326437,-0.0015010000001893786
0.219998,-0.0015010000001893786,-0.0008170000001882727,-0.0004184200284775276,-0.0004978531470470884,-0.0015010000001893786
0.239998,-0.0035910000001422304,-0.0003990000001977023,-0.0005114625652686212,-0.0006262913754843473,0.0003989999997884297
0.259998,0.0003989999997884297,-0.0007410000001982553,-0.0004268932883559939,-0.0005106969698966443,0.0003989999997884297
0.279997,0.0003989999997884297,1.8999999792868038e-05,-0.0002028764107227609,-7.444988365862712e-05,0.0003989999997884297
0.299997,0.0005889999997634732,0.0004369999997834384,8.032274364697659e-05,-0.00010368065288873709,0.0003989999997884297
0.319997,0.002298999999766238,0.0004369999997834384,0.0003359036996036854,0.0005181375289225018,0.0003989999997884297
0.339997,-0.0015010000001893786,0.0004369999997834384,0.0005015851408865212,0.0005867855475657437,0.0003989999997884297
0.359997,0.0003989999997884297,0.0003989999997884297,0.0005526557721349397,0.000570841491623252,0.0003989999997884297
0.379996,0.0003989999997884297,5.699999978787673e-05,0.0004983438710569078,0.0007967156174952703,0.0003989999997884297
0.399996,0.0003989999997884297,0.000816999999779,0.00037140769301326464,0.0002962494170365038,0.0003989999997884297
0.419996,0.0005889999997634732,0.0004369999997834384,0.00021822047573581764,-0.0004030745922815125,0.0003989999997884297
0.439996,0.002298999999766238,-0.00032300000020768493,8.881291780136968e-05,7.037529116501543e-05,0.0003989999997884297
0.459996,-0.0015010000001893786,-0.00032300000020768493,2.2940545825977973e-05,0.00021652913731556498,0.0003989999997884297
0.479995,-0.003401000000167187,0.0003989999997884297,3.383732602593575e-05,0.00015452447531109697,0.0003989999997884297
0.499995,0.0003989999997884297,5.699999978787673e-05,0.00010068417541237373,0.00028739160817720837,0.0003989999997884297
0.519995,0.004198999999744046,5.699999978787673e-05,0.0001808445676472187,-6.24918417005659e-05,0.0003989999997884297
0.539995,0.0005889999997634732,0.000816999999779,0.00023752754452847167,6.638927717687491e-05,0.0003989999997884297
0.559995,-0.0015010000001893786,0.0004369999997834384,0.00026231000075647987,0.000781657342436853,0.0003989999997884297
0.579994,0.0003989999997884297,5.699999978787673e-05,0.0002750294662643765,0.0005004219112055008,0.0003989999997884297
0.599994,-0.0015010000001893786,1.8999999792868038e-05,0.000303598148713629,1.5456876247453674e-05,0.0003989999997884297
0.619994,0.002298999999766238,1.8999999792868038e-05,0.00036134463030613887,-0.00035878554798874534,0.0003989999997884297
0.639994,0.0003989999997884297,0.0003989999997884297,0.0004369538978700439,0.0005424965032851667,0.0003989999997884297
0.659994,-0.0015010000001893786,0.0007789999997839913,0.0005000401880904684,0.0009614708622527252,0.0003989999997884297
0.679993,0.002298999999766238,0.0007789999997839913,0.0005168525818471757,0.0006470186478041828,0.0003989999997884297
0.699993,0.0003989999997884297,0.0003989999997884297,0.0004681695329778342,0.0005203519811409032,0.0003989999997884297
0.719993,0.002298999999766238,0.0003989999997884297,0.0003606656508424741,7.081818160996779e-05,0.0003989999997884297
0.739993,-0.0015010000001893786,1.8999999792868038e-05,0.00022420031416596484,0.00017932634011500416,0.0003989999997884297
0.759993,-0.0015010000001893786,5.699999978787673e-05,9.497196440079925e-05,0.00032769463848024503,0.0003989999997884297
0.779992,0.0003989999997884297,-0.00032300000020768493,-4.53161220087828e-06,-0.000261792540998938,0.0003989999997884297
0.799992,0.0005889999997634732,5.699999978787673e-05,-7.43464931668166e-05,-5.363403284551046e-05,0.0003989999997884297
0.819992,0.0003989999997884297,5.699999978787673e-05,-0.00012937861400133717,-0.00029988111908940327,0.0003989999997884297
0.839992,0.0003989999997884297,9.499999978288543e-05,-0.0001833248003483228,1.678554757065067e-05,0.0003989999997884297
0.859992,-0.0015010000001893786,-0.00032300000020768493,-0.00023701346027447996,9.429137507424806e-05,0.0003989999997884297
0.879992,0.0005889999997634732,-0.0002850000002126762,-0.00027790628849043734,-0.0003109533801655101,0.0003989999997884297
0.899991,-0.0015010000001893786,-0.0002850000002126762,-0.00028832448728006305,-0.00045312121232791915,0.0003989999997884297
0.919991,0.0005889999997634732,-0.0002850000002126762,-0.0002555913843559592,-0.0004154755246845261,0.0003989999997884297
0.939991,0.0003989999997884297,-0.00032300000020768493,-0.00017895259151155026,-7.887878809436998e-05,0.0003989999997884297
0.959991,-0.0015010000001893786,9.499999978288543e-05,-7.185800527562014e-05,-0.00014531235452769066,0.0003989999997884297
0.97999,0.0003989999997884297,9.499999978288543e-05,4.005356280324567e-05,7.879020957193858e-05,0.0003989999997884297
0.99999,0.0005889999997634732,-0.0002850000002126762,0.00012513009056480348,0.00017888344966528189,0.0003989999997884297
1.01999,0.0005889999997634732,0.0004749999997784471,0.0001551144766379815,0.00014345221423870023,0.0005889999997634732
1.03999,-0.0015010000001893786,5.699999978787673e-05,0.00011463161400577523,2.8743589531891964e-05,0.0005889999997634732
1.05999,0.002298999999766238,1.8999999792868038e-05,6.894527646792399e-06,2.6529137320380723e-05,0.0003989999997884297
1.079989,-0.001691000000164422,-0.0003990000001977023,-0.00014650651070439308,6.860372939792648e-05,-0.0015010000001893786
1.099989,0.0003989999997884297,-1.9000000202140653e-05,-0.00031168133112493,-0.0003632144524112379,0.0003989999997884297
1.119989,-0.0015010000001893786,-0.0003990000001977023,-0.00045242215223616276,-0.0005820023311968799,0.0003989999997884297
1.139989,0.0003989999997884297,-0.0007410000001982553,-0.0005406200549357053,-0.0007587156179113362,0.0003989999997884297
1.159989,0.0003989999997884297,-0.0007410000001982553,-0.0005639109222040877,-0.000479251748454493,0.0003989999997884297
1.179988,-0.003401000000167187,-0.00036100000020269365,-0.0005289158225757122,-0.00013822610743283414,0.0003989999997884297
1.199988,0.0003989999997884297,1.8999999792868038e-05,-0.00045877194513370596,-0.0006878531470496927,0.0003989999997884297
1.219988,0.0003989999997884297,-0.000779000000193264,-0.0003838939225360992,-0.0003180396272391663,0.0003989999997884297
1.239988,0.002298999999766238,-0.0003990000001977023,-0.0003290202832130374,-0.0005284125876088751,0.0003989999997884297
1.259988,-0.0035910000001422304,-1.9000000202140653e-05,-0.00030466781926381976,-0.00039775990695745507,0.0003989999997884297
1.279987,-0.0015010000001893786,-0.0003990000001977023,-0.0003083115994251788,7.391841471509383e-05,-0.0015010000001893786
1.299987,0.002298999999766238,-0.000779000000193264,-0.00033075702686713557,-0.0002781794873794917,-0.0015010000001893786
1.319987,-0.0015010000001893786,1.8999999792868038e-05,-0.00035916115117440555,-0.0006922820514785455,0.0003989999997884297
1.339987,0.0003989999997884297,1.8999999792868038e-05,-0.00037542518908207793,-0.00040661771581940046,0.0003989999997884297
1.359987,0.0003989999997884297,-0.0007410000001982553,-0.00035670156417700433,6.0631701422175614e-05,-0.0015010000001893786
1.379986,-0.0015010000001893786,1.8999999792868038e-05,-0.00028355984512678324,-0.00026799300719487963,0.0003989999997884297
1.399986,-0.0015010000001893786,-0.00036100000020269365,-0.00015344034091552337,-0.0004960815852831793,-0.0015010000001893786
1.419986,0.002298999999766238,-0.00036100000020269365,9.288041606835598e-06,-9.34941727004148e-05,-0.0015010000001893786
1.439986,-0.0015010000001893786,5.699999978787673e-05,0.00015471483808725785,8.631934710538725e-05,0.0003989999997884297
1.459986,0.0003989999997884297,0.0004369999997834384,0.00022179173496013867,0.00027011888090250986,0.0003989999997884297
1.479985,0.0005889999997634732,9.499999978288543e-05,0.00016079261656979111,0.00038305594383851904,0.0003989999997884297
1.499985,0.0003989999997884297,5.699999978787673e-05,-4.4402574546435194e-05,-9.305128226235254e-05,0.0003989999997884297
1.519985,0.0005889999997634732,-0.00032300000020768493,-0.0003634238230700038,-0.0003211398603469422,0.0003989999997884297
1.539985,-0.001691000000164422,-0.0007410000001982553,-0.000723306395373995,-0.0005917459209460799,-0.0015010000001893786
1.559985,-0.0015010000001893786,-0.0007410000001982553,-0.0010298625343827439,-0.0009682027973985604,-0.0015010000001893786
1.579984,-0.0015010000001893786,-0.0015390000001843872,-0.0011983826275088027,-0.0014908135200021207,-0.0015010000001893786
1.599984,0.0003989999997884297,-0.0010830000001988082,-0.0011811675710043067,-0.001357503496696357,-0.0015010000001893786
1.619984,-0.003401000000167187,-0.0010830000001988082,-0.0009822535933460162,-0.0008636806528795446,-0.0015010000001893786
1.639984,0.0005889999997634732,-0.00032300000020768493,-0.0006555709129717129,-0.00047127972048775215,0.0003989999997884297
1.659984,-0.0015010000001893786,-0.00032300000020768493,-0.00028738536499725434,-0.0004318624710687902,0.0003989999997884297
1.679983,0.002298999999766238,5.699999978787673e-05,3.185957799056415e-05,0.00011510722589531497,0.0003989999997884297
1.699983,0.0003989999997884297,1.8999999792868038e-05,0.00023621170419961982,0.0003476247084114074,0.0003989999997884297
1.719983,-0.0015010000001893786,0.0007789999997839913,0.00030181543761946414,0.00034983916062768873,0.0003989999997884297
1.739983,0.0003989999997884297,1.8999999792868038e-05,0.0002476685596623276,0.00041228671307498897,0.0003989999997884297
1.759983,0.002298999999766238,-0.00036100000020269365,0.0001224210241878451,0.00012042191121407235,-0.0015010000001893786
1.779982,-0.0015010000001893786,0.0003989999997884297,-1.6027644400567548e-05,-0.0006285058277011584,0.0003989999997884297
1.799982,-0.0015010000001893786,-0.0003990000001977023,-0.00012210945853985603,-0.000327340326540234,-0.0015010000001893786
1.819982,0.002298999999766238,-0.000779000000193264,-0.00017896775151960312,6.240326319774479e-05,-0.0015010000001893786
1.839982,-0.0035910000001422304,1.8999999792868038e-05,-0.00020218831491217892,-4.566200486922961e-05,0.0003989999997884297
1.859982,0.0003989999997884297,0.0003989999997884297,-0.00022671430587129637,-0.00015682750603019947,0.0003989999997884297
1.879981,0.0024889999997412815,-0.00036100000020269365,-0.0002811840525207387,-5.0533799739324364e-05,0.0003989999997884297
1.899981,0.0003989999997884297,1.8999999792868038e-05,-0.00036350922184150977,-0.00028526573447010825,0.0003989999997884297
1.919981,-0.0015010000001893786,-0.00032300000020768493,-0.00043512866326146096,-0.000426990676194985,-0.0013110000002143352
1.939981,-0.001691000000164422,-0.0007410000001982553,-0.00044173366054406344,-0.0005510000002044511,-0.0013110000002143352
1.95998,-0.0013110000002143352,-0.0007410000001982553,-0.00034907863945092283,-0.0005824452216460723,-0.0013110000002143352
1.97998,0.0003989999997884297,-0.0007410000001982553,-0.00017011872233628532,-0.0007733310025258611,-0.0013110000002143352
1.99998,0.0003989999997884297,0.0004369999997834384,3.4731144186660295e-05,0.00029270629349225567,0.0003989999997884297
2.01998,-0.0015010000001893786,0.0003989999997884297,0.00018506603835316806,0.0006735920743735891,0.0003989999997884297
2.03998,0.004198999999744046,0.000816999999779,0.00022092440932885613,0.00031042191120766646,0.0003989999997884297
2.059979,-0.0015010000001893786,1.8999999792868038e-05,0.000134786434938522,0.0005181375289256819,-0.0015010000001893786
2.079979,0.0024889999997412815,1.8999999792868038e-05,-2.3060087617072698e-05,-0.00025426340346760927,-0.0015010000001893786
2.099979,-0.0035910000001422304,-0.00036100000020269365,-0.0001711871514386936,-0.0003915594407615134,-0.0015010000001893786
2.119979,-0.0015010000001893786,-0.0007410000001982553,-0.00024274864680273706,-0.00044027738947836323,-0.0015010000001893786
2.139979,0.002298999999766238,-0.000779000000193264,-0.00022461771754919704,-0.00048456643376636026,-0.0015010000001893786
2.159979,-0.003401000000167187,1.8999999792868038e-05,-0.0001676891325758629,-0.00025249184169204005,0.0003989999997884297
2.179978,0.002298999999766238,0.0003989999997884297,-0.0001631872979449981,-0.0001501841493893055,0.0003989999997884297
2.199978,0.0003989999997884297,-0.0007410000001982553,-0.0002981030913604127,0.00029314918393508833,0.0003989999997884297
2.219978,0.0003989999997884297,5.699999978787673e-05,-0.0006124031450740545,-0.00036941491861883967,0.0003989999997884297
2.239978,-0.003401000000167187,-0.001121000000193817,-0.001078408801487807,-0.0015235874127754185,0.0003989999997884297
2.259978,0.0005889999997634732,-0.0018810000001849402,-0.001610389188759777,-0.0013902773894707147,-0.003401000000167187
2.279977,-0.0035910000001422304,-0.0026410000001760637,-0.0020971599231813408,-0.0024222121213923367,-0.003401000000167187
2.299977,-0.003401000000167187,-0.0018430000001899316,-0.0024412811273093003,-0.002373494172673897,-0.003401000000167187
2.319977,-0.003401000000167187,-0.0026790000001710723,-0.002588089706843655,-0.002555079254255798,-0.003401000000167187
2.339977,0.0005889999997634732,-0.002261000000180502,-0.002534466303794292,-0.0025196480188239166,-0.003401000000167187
2.359977,-0.0035910000001422304,-0.002261000000180502,-0.0023184719585246575,-0.0028456153847845078,-0.003401000000167187
2.379977,-0.0015010000001893786,-0.0018810000001849402,-0.002000252793415464,-0.0015674335666237631,-0.0015010000001893786
2.399976,-0.003401000000167187,-0.001919000000179949,-0.0016440746968219868,-0.0012224219116155539,-0.0015010000001893786
2.419976,-0.0015010000001893786,-0.0007030000002032466,-0.0013032802695742737,-0.0012246363638307753,-0.0015010000001893786
2.439976,0.0003989999997884297,-0.0010830000001988082,-0.0010059240480311772,-0.0012755687647628465,-0.0015010000001893786
2.459975,0.0024889999997412815,-0.0007030000002032466,-0.0007445278947359318,-0.0007768741260785893,-0.0015010000001893786
2.479975,-0.003401000000167187,-0.00032300000020768493,-0.00048026429331577195,-0.0004274335666399374,0.0003989999997884297
2.499975,-0.0015010000001893786,-0.00032300000020768493,-0.0001670045827941372,-0.00010456643377387164,0.0003989999997884297
2.519975,0.0003989999997884297,-0.00036100000020269365,0.00021543142753259435,-3.6361305568691904e-05,0.0003989999997884297
2.539975,0.0003989999997884297,0.0003989999997884297,0.0006402017487786661,0.0003617972025846899,0.0003989999997884297
2.559974,0.002298999999766238,0.0011969999997745618,0.0010387653587479847,0.000897694638472688,0.0003989999997884297
2.579974,0.0003989999997884297,0.001614999999765132,0.0013290984542773307,0.0019743613051208995,0.002298999999766238
2.599974,0.0024889999997412815,0.0016529999997601408,0.001450755260015516,0.0016975547783152198,0.002298999999766238
2.619974,0.0024889999997412815,0.0012729999997645792,0.0013894636350292207,0.0011195827503491457,0.0005889999997634732
2.639974,0.0005889999997634732,0.0008929999997690175,0.001180336667397969,0.0009579277386968167,0.0005889999997634732
2.659973,0.0003989999997884297,0.0004749999997784471,0.0008890368434771902,0.0006501188808939383,0.0003989999997884297
2.679973,-0.0015010000001893786,0.0004369999997834384,0.0005818003792334849,0.0009180675988435026,0.0003989999997884297
2.699973,0.0003989999997884297,0.0003989999997884297,0.00030212449266057577,0.00019128438207624554,0.0003989999997884297
2.719973,0.002298999999766238,0.0003989999997884297,6.699082187904341e-05,8.986247065546549e-05,0.0003989999997884297
2.739973,0.0003989999997884297,1.8999999792868038e-05,-0.00012000553151818377,-0.0002307902099948489,0.0003989999997884297
2.759973,0.0003989999997884297,5.699999978787673e-05,-0.0002545729862983773,-4.4333333543382716e-05,0.0003989999997884297
2.779972,-0.003401000000167187,-0.0007030000002032466,-0.00033083994527967575,1.1027971816481117e-05,0.0003989999997884297
2.799972,0.0005889999997634732,-0.00032300000020768493,-0.00035259667843142074,-0.0007263846155877605,0.0003989999997884297
2.819972,-0.0015010000001893786,-0.0007030000002032466,-0.0003426824731230907,-0.0006577365969402784,-0.0015010000001893786
2.839972,0.002298999999766238,-0.00032300000020768493,-0.00033854914446236937,-0.00014176923097814235,-0.0015010000001893786
2.859972,-0.0015010000001893786,1.8999999792868038e-05,-0.0003751445415153867,-0.00032999766920305756,-0.0015010000001893786
2.879972,-0.0015010000001893786,1.8999999792868038e-05,-0.0004664944240735174,-0.00011342424262839691,-0.0015010000001893786
2.899971,0.002298999999766238,-0.001121000000193817,-0.000597084170933875,-0.0007644731936697456,-0.0015010000001893786
2.919971,-0.0015010000001893786,-0.0007410000001982553,-0.0007276074471896742,-0.000859694638891934,-0.0015010000001893786
2.939971,-0.003401000000167187,-0.0007030000002032466,-0.0008127786712242583,-0.0009615594407592564,-0.0013110000002143352
2.95997,0.0003989999997884297,-0.0010830000001988082,-0.0008225576576944763,-0.0005319557111631932,-0.0013110000002143352
2.97997,-0.0013110000002143352,-0.000665000000208238,-0.0007548244941480208,-0.000766687645893977,0.0003989999997884297
2.99997,0.0003989999997884297,-0.0002850000002126762,-0.0006326914180122032,-0.0010040769232791047,0.0003989999997884297
3.01997,0.0005889999997634732,-0.000665000000208238,-0.0004908968644847161,-0.0004305337997445332,-0.0013110000002143352
3.03997,-0.0015010000001893786,-0.00032300000020768493,-0.000362398979442842,-7.5734267893642156e-06,0.0003989999997884297
3.05997,-0.0015010000001893786,-0.0002850000002126762,-0.0002723867110148171,-0.00022237529158739577,0.0003989999997884297
3.079969,0.0003989999997884297,-0.00032300000020768493,-0.00023783354362261503,-0.0001537272729372637,0.0003989999997884297
3.099969,0.0005889999997634732,-0.00032300000020768493,-0.0002666485495699833,-0.000598389277594394,0.0003989999997884297
3.119969,0.0003989999997884297,-0.00032300000020768493,-0.0003550683075732614,-0.0006869673661687982,0.0003989999997884297
3.139969,-0.0015010000001893786,-0.0007030000002032466,-0.0004877953984822324,-0.000363214452420778,-0.0015010000001893786
3.159968,-0.0015010000001893786,-0.0007410000001982553,-0.0006436955905211006,-0.0004407202799243754,-0.0015010000001893786
3.179968,-0.0015010000001893786,-0.0007410000001982553,-0.0008024832535830545,-0.0007441002332989312,-0.0015010000001893786
3.199968,0.0003989999997884297,-0.0007410000001982553,-0.0009450199390423326,-0.0008862680654608101,-0.0015010000001893786
3.219968,0.0003989999997884297,-0.0007410000001982553,-0.001046837688077007,-0.0008902540794510706,-0.0015010000001893786
3.239968,-0.0015010000001893786,-0.0007410000001982553,-0.0010742501863748783,-0.0011227715619676931,-0.0015010000001893786
3.259968,-0.0015010000001893786,-0.0010830000001988082,-0.0009932297915666408,-0.001209135198331646,-0.0015010000001893786
3.279967,-0.0015010000001893786,-0.00146300000019437,-0.0007903148842999872,-0.0009349860141845502,-0.0015010000001893786
3.299967,-0.0013110000002143352,-0.0007030000002032466,-0.0004918400116619167,-0.0005363846155904561,-0.0015010000001893786
3.319967,-0.0015010000001893786,5.699999978787673e-05,-0.00016454430479342528,-0.00021307459228579812,-0.0013110000002143352
3.339967,0.002298999999766238,0.0004749999997784471,0.00010943075719840124,0.00027853379931632295,0.0005889999997634732
3.359967,0.002298999999766238,0.0004369999997834384,0.0002726309265885488,0.0008542913750677057,0.0005889999997634732
3.379966,0.0005889999997634732,0.000816999999779,0.00032323059856184655,0.0004335454543282879,0.0005889999997634732
3.399966,-0.0015010000001893786,0.0004369999997834384,0.0003145597372843907,0.00012086480165584437,0.0003989999997884297
3.419966,0.0003989999997884297,-0.0007030000002032466,0.00032030062402827164,-9.615151535952859e-05,0.0003989999997884297
3.439966,0.0003989999997884297,-0.00036100000020269365,0.0003853541910097162,-0.00018694405615392426,0.0003989999997884297
3.459966,-0.003401000000167187,0.0004369999997834384,0.0004921429938502539,0.0005017505825313476,0.0003989999997884297
3.479965,0.002298999999766238,0.0008549999997740088,0.000564178825341578,0.0008184172491945816,0.002298999999766238
3.499965,0.0024889999997412815,0.0008549999997740088,0.0005085109640874425,0.0008919370627105687,0.002298999999766238
3.519965,0.0024889999997412815,0.0008549999997740088,0.00027473248385783203,0.0004711911419695609,0.002298999999766238
3.539965,0.0003989999997884297,9.499999978288543e-05,-0.00010581390420230991,-2.484615406088281e-05,0.0003989999997884297
3.559964,-0.003401000000167187,-0.0007030000002032466,-0.000527462273676066,-0.00033664102585190183,-0.0015010000001893786
3.579964,-0.0015010000001893786,-0.0015010000001893786,-0.0008611174453305002,-0.0011626317018273676,-0.0015010000001893786
3.599964,-0.0015010000001893786,-0.0015010000001893786,-0.001017431930426948,-0.0017166876458688388,-0.0015010000001893786
3.619964,-0.0015010000001893786,-0.000779000000193264,-0.000985918932091199,-0.0011006270398160095,-0.0015010000001893786
3.639964,0.0003989999997884297,-0.000779000000193264,-0.0008317370263973767,-0.0007613729605688597,-0.0015010000001893786
3.659964,0.00020899999981338624,1.8999999792868038e-05,-0.0006570588596673082,4.734498813667768e-05,0.00020899999981338624
3.679963,-0.0015010000001893786,-0.00036100000020269365,-0.000550370583970914,-0.00039333100253284234,0.00020899999981338624
3.699963,0.0024889999997412815,-0.00036100000020269365,-0.0005489036646475878,-0.0007631445223412488,0.00020899999981338624
3.719963,-0.003401000000167187,-0.001121000000193817,-0.0006295635785095887,-0.00041197902118360005,-0.0015010000001893786
3.739963,0.0003989999997884297,-0.0007410000001982553,-0.0007286394156983705,-0.0008940069931992794,0.0003989999997884297
3.759963,-0.0035910000001422304,-0.000779000000193264,-0.000776846463946692,-0.0007907435899363565,0.0003989999997884297
3.779962,0.0003989999997884297,-0.0008190000001832232,-0.0007302925541820402,-0.0011792983684821654,0.0003989999997884297
3.799962,0.002298999999766238,-0.0007810000001882145,-0.0005836817133612017,-0.0009874335666157574,0.0003989999997884297
3.819962,-0.003601000000116983,-0.00036300000019764413,-0.00036499926817450476,0.00013562004641888667,0.0003989999997884297
3.839962,0.0005889999997634732,0.0003969999997934792,-0.00011953313089045602,-6.356410276746956e-05,0.0005889999997634732
3.859962,-0.0015010000001893786,5.4999999792926244e-05,0.00011000439858377232,0.0007074149181974297,0.0005889999997634732
3.879961,0.004198999999744046,0.0004749999997784471,0.0003032368512482274,0.0003621002328858953,0.0005889999997634732
3.899961,0.0005889999997634732,0.000816999999779,0.00047414527674274735,5.687878766707675e-05,0.0005889999997634732
3.919961,-0.0015010000001893786,0.000816999999779,0.0006643687224951087,0.0007886969694714268,0.0005889999997634732
3.939961,0.002298999999766238,5.699999978787673e-05,0.0009149909677390635,0.0006873216781045693,0.0003989999997884297
3.95996,-0.0015010000001893786,0.000816999999779,0.0012306003642984487,0.0010509347317090838,0.0003989999997884297
3.97996,0.0003989999997884297,0.0015769999997701234,0.0015590998425049965,0.0013392564100246922,0.002298999999766238
3.99996,0.00438899999971909,0.001614999999765132,0.0018040461593319453,0.0019194428902075777,0.002298999999766238
4.01996,0.002298999999766238,0.0023749999997562552,0.0018669246462925263,0.0020793263400885774,0.002298999999766238
4.03996,0.0024889999997412815,0.0019569999997656852,0.0016971553790260385,0.0018423799531468127,0.002298999999766238
4.05996,0.002298999999766238,0.001158999999779553,0.0013216061633838105,0.0014681375289111434,0.002298999999766238
4.079959,-0.001691000000164422,0.0007789999997839913,0.0008378178245145873,0.0007812144520009107,0.0003989999997884297
4.099959,0.0003989999997884297,-1.9000000202140653e-05,0.00037670689425765646,0.0002674615382550562,0.0003989999997884297
4.119959,0.0003989999997884297,-1.9000000202140653e-05,5.59693490614194e-05,-0.00010412354332838949,0.0003989999997884297
4.139959,-0.0015010000001893786,0.0004369999997834384,-5.4008810712497665e-05,-0.0002569207461240731,0.0003989999997884297
4.159958,0.002298999999766238,5.699999978787673e-05,5.857436985958413e-05,2.4757575546401425e-05,0.0003989999997884297
4.179958,0.0005889999997634732,0.0004369999997834384,0.000355237605577821,0.0008325897433683943,0.0005889999997634732
4.199958,-0.0015010000001893786,0.0011969999997745618,0.0007649408524889371,0.0008697925405705449,0.002298999999766238
4.219958,0.002298999999766238,0.0011969999997745618,0.0012028548542339491,0.0013277412585147635,0.002298999999766238
4.239958,0.002298999999766238,0.0011969999997745618,0.0015870367142426817,0.0015203986011674713,0.002298999999766238
4.259958,0.002298999999766238,0.0019569999997656852,0.0018516141430374147,0.0015226130533811026,0.002298999999766238
4.279957,0.0005889999997634732,0.001614999999765132,0.001953777571694893,0.001693125873892727,0.002298999999766238
4.299957,0.002298999999766238,0.001614999999765132,0.0018737132591438671,0.002248463869217783,0.002298999999766238
4.319957,0.0005889999997634732,0.0012349999997695704,0.0016117168003027928,0.0013992797200491009,0.0005889999997634732
4.339957,0.002298999999766238,0.0015769999997701234,0.001188266175886247,0.0010906550114334914,0.002298999999766238
4.359957,0.0003989999997884297,0.0003969999997934792,0.0006478364665050032,0.0006892564100450167,0.0005889999997634732
4.379956,0.002298999999766238,0.0003589999997984705,6.062180240808335e-05,0.00012422144502203332,0.0003989999997884297
4.399956,-0.003601000000116983,-0.0004010000001926528,-0.00048511983438493707,-0.00020097669017179944,0.0003989999997884297
4.419956,0.0003989999997884297,-0.0007810000001882145,-0.0009015410876818181,-0.0009874335666157574,-0.0015010000001893786
4.439956,-0.0015010000001893786,-0.001161000000183776,-0.0011237030801436148,-0.0013369673661495342,-0.0015010000001893786
4.459955,-0.0015010000001893786,-0.001121000000193817,-0.001126241272131985,-0.0009710000001934712,-0.0015010000001893786
4.479955,0.0003989999997884297,-0.0007030000002032466,-0.0009282286593133955,-0.0011096946388935757,-0.0015010000001893786
4.499955,-0.003401000000167187,-0.0002850000002126762,-0.0005859148777208954,-0.00026936829858418903,0.0003989999997884297
4.519955,0.0024889999997412815,-0.0002850000002126762,-0.00017635476764387206,-0.00023566200487342402,0.0003989999997884297
4.539955,0.0005889999997634732,9.499999978288543e-05,0.00022301729856393258,0.00013415151493339247,0.0005889999997634732
4.559954,-0.0015010000001893786,0.0008549999997740088,0.0005521344253549368,0.0007386969694709927,0.0005889999997634732
4.579954,0.002298999999766238,0.0004749999997784471,0.0007778328060041176,0.0006124731932494854,0.0005889999997634732
4.599954,0.0003989999997884297,0.000816999999779,0.000894289015314408,0.0010354335662073042,0.0005889999997634732
4.619954,0.0005889999997634732,0.000816999999779,0.0009171523485088811,0.0006390466198289617,0.0005889999997634732
4.639954,0.002298999999766238,0.000816999999779,0.0008742064352868274,0.001062449883228023,0.0005889999997634732
4.659954,-0.0015010000001893786,0.000816999999779,0.0007944552044982901,0.0007794428902232216,0.0005889999997634732
4.679953,0.002298999999766238,0.0007789999997839913,0.0006979476184696545,0.0005912144519983064,0.0003989999997884297
4.699953,0.0003989999997884297,1.8999999792868038e-05,0.0005891476137715241,0.000513708624495239,0.0003989999997884297
4.719953,0.0003989999997884297,0.0007789999997839913,0.0004557007967779504,0.0004477179485058107,0.0003989999997884297
4.739953,-0.0015010000001893786,1.8999999792868038e-05,0.00027315554203953074,0.00018242657321801013,0.0003989999997884297
4.759953,0.002298999999766238,1.8999999792868038e-05,1.5718625777490896e-05,0.00015363869443232262,0.0003989999997884297
4.779952,-0.0015010000001893786,-0.0003990000001977023,-0.0003284411785945908,-0.0004996247088221273,-0.0015010000001893786
4.799952,0.0003989999997884297,-0.0003990000001977023,-0.0007426028608902035,-0.00047703729623609157,-0.0015010000001893786
4.819952,-0.001691000000164422,-0.0011590000001888256,-0.0011751792691677295,-0.0011413729605613484,-0.0015010000001893786
4.839952,-0.0015010000001893786,-0.0011590000001888256,-0.0015466102111971703,-0.0013273869465715723,-0.0015010000001893786
4.859951,-0.0015010000001893786,-0.0019570000001749577,-0.0017687305805729465,-0.001972235431410089,-0.0015010000001893786
4.879951,-0.0015010000001893786,-0.0015390000001843872,-0.001771069817273539,-0.00185929836847726,-0.0015010000001893786
4.899951,-0.0035910000001422304,-0.0015390000001843872,-0.001525852179566434,-0.0016072937064770779,-0.0015010000001893786
4.919951,0.0003989999997884297,-0.001121000000193817,-0.0010626387535192436,-0.0007303706295706008,-0.0015010000001893786
4.939951,-0.0015010000001893786,-0.00036100000020269365,-0.0004656924986554918,-0.0005651724943740237,0.0003989999997884297
4.95995,0.0005889999997634732,0.0004749999997784471,0.00014659485481881393,2.8300699086939715e-05,0.0005889999997634732
4.97995,0.002298999999766238,9.499999978288543e-05,0.0006529195826068432,0.0003710979018778076,0.0005889999997634732
4.99995,0.0005889999997634732,0.0008929999997690175,0.0009591132027138153,0.0011483706291358935,0.0005889999997634732
5.01995,-0.0015010000001893786,0.0008549999997740088,0.001017613169182161,0.0012298624706276315,0.0005889999997634732
5.03995,0.0024889999997412815,0.0008929999997690175,0.000834526344016125,0.001070421911189994,0.0005889999997634732
5.059949,0.0003989999997884297,0.0004749999997784471,0.000467741477412508,0.00022007226085345296,0.0003989999997884297
5.079949,0.0024889999997412815,9.499999978288543e-05,1.6943690290179655e-05,-0.0006944965037022472,0.0003989999997884297
5.099949,-0.0015010000001893786,-0.0007030000002032466,-0.0003984652112791213,-5.850582771931549e-05,-0.0015010000001893786
5.119949,-0.003401000000167187,-0.0007030000002032466,-0.0006735815599541378,-0.00010899533820696446,-0.0015010000001893786
5.139949,-0.0015010000001893786,-0.00032300000020768493,-0.0007518442654454223,-0.0008291351983322674,-0.0015010000001893786
5.159948,0.0003989999997884297,-0.0007410000001982553,-0.0006395515664022546,-0.0009460582752558869,-0.0015010000001893786
5.179948,0.00438899999971909,-0.00036100000020269365,-0.00039334394747533,-0.0007113263405256333,-0.0015010000001893786
5.199948,-0.0035910000001422304,5.699999978787673e-05,-9.287916193369988e-05,-6.869230790180765e-05,0.0003989999997884297
5.219948,-0.0015010000001893786,0.0004369999997834384,0.00018237358903774238,0.0008458764566560124,0.0005889999997634732
5.239948,0.0005889999997634732,-0.00036100000020269365,0.00036629333817959437,0.0006399324007146264,0.0003989999997884297
5.259948,0.002298999999766238,0.000816999999779,0.00041691630902229346,7.524708603670052e-05,0.0005889999997634732
5.279947,0.0003989999997884297,0.0004369999997834384,0.00032891191190740916,-0.0002617925409957579,0.0005889999997634732
5.299947,0.002298999999766238,1.8999999792868038e-05,0.000138777556465127,0.00035161072239689786,0.0003989999997884297
5.319947,-0.003401000000167187,-0.00036100000020269365,-8.818371518883682e-05,0.00015186713265516333,0.0003989999997884297
5.339947,-0.0015010000001893786,-0.00032300000020768493,-0.00028630270215252704,-0.0003995314687377944,0.0003989999997884297
5.359946,0.0003989999997884297,-0.000665000000208238,-0.0004158321639978632,-0.0005005104897215722,0.0003989999997884297
5.379946,0.0005889999997634732,-0.0002850000002126762,-0.0004700138170386498,-0.0005292983685077899,0.0003989999997884297
5.399946,0.0005889999997634732,9.499999978288543e-05,-0.0004619250975233372,-0.0005447995340069192,0.0003989999997884297
5.419946,-0.0015010000001893786,-0.00032300000020768493,-0.00040563747428386406,1.5456876245333896e-05,0.0003989999997884297
5.439946,0.0003989999997884297,-0.00036100000020269365,-0.0003069284208305433,-0.00033221212141668906,0.0003989999997884297
5.459945,-0.001691000000164422,-0.0003990000001977023,-0.00016714768237532698,-0.0001174102566138875,0.0003989999997884297
5.479945,0.0003989999997884297,-1.9000000202140653e-05,7.252448586138158e-06,-6.204895124925345e-05,0.0003989999997884297
5.499945,0.0003989999997884297,0.000360999999793421,0.0001991660393102887,0.00011776456856184866,0.0003989999997884297
5.519945,0.0003989999997884297,0.0003989999997884297,0.0003831948309998919,0.00023513053592512048,0.0003989999997884297
5.539945,0.002298999999766238,0.0003989999997884297,0.0005325364447737392,0.000580585081371392,0.0003989999997884297
5.559945,-0.0015010000001893786,0.0003989999997884297,0.0006242537287956091,0.0005672983680805937,0.0003989999997884297
5.579944,0.0003989999997884297,0.000816999999779,0.0006406196397615433,0.0008493729601484583,0.0003989999997884297
5.599944,0.0003989999997884297,5.699999978787673e-05,0.0005703304551109312,0.0003434289042145362,0.0003989999997884297
5.619944,0.0024889999997412815,0.000816999999779,0.0004142083944157669,0.0004001888109774205,0.0003989999997884297
5.639944,-0.0015010000001893786,1.6999999797917553e-05,0.00019369949268267713,9.844055923574689e-05,0.0003989999997884297
5.659943,0.002298999999766238,0.0003969999997934792,-4.559626898729656e-05,0.0004036853144794067,0.002298999999766238
5.679943,-0.003601000000116983,-0.0004010000001926528,-0.00024147952036422205,-0.0002829114221074297,-0.0015010000001893786
5.699943,0.002298999999766238,-2.100000019709114e-05,-0.0003324367143303284,-0.00037845920765089435,0.0003989999997884297
5.719943,-0.0015010000001893786,-0.0007810000001882145,-0.0002776170835884845,-0.00039361072280390643,-0.0015010000001893786
5.739943,0.0003989999997884297,0.0003989999997884297,-7.222246484740323e-05,-0.0002601608393602258,0.0003989999997884297
5.759943,-0.0015010000001893786,5.699999978787673e-05,0.0002465135056317551,0.0004559230767077131,0.0003989999997884297
5.779942,0.002298999999766238,0.0004369999997834384,0.0006054227313909849,0.0007931258739008097,0.0003989999997884297
5.799942,0.0005889999997634732,0.0012349999997695704,0.0009131867124576453,0.0007608414916168461,0.0005889999997634732
5.819942,0.0003989999997884297,0.0008549999997740088,0.0010844367414866063,0.0010509347317043138,0.0005889999997634732
5.839942,0.00438899999971909,0.0008929999997690175,0.0010612104540668524,0.0009689999997697439,0.0005889999997634732
5.859941,-0.003401000000167187,0.0004749999997784471,0.000824268144418415,0.0008339184146905308,0.0003989999997884297
5.879941,0.0024889999997412815,0.0004749999997784471,0.00039284075593773893,0.0002869487177296063,0.0003989999997884297
5.899941,-0.0015010000001893786,-0.0007030000002032466,-0.00018224885774363806,-0.0002245897437989071,-0.0015010000001893786
5.919941,0.0003989999997884297,-0.00032300000020768493,-0.0008259029582302472,-0.000890696969897613,-0.0015010000001893786
5.939941,-0.0015010000001893786,-0.0015010000001893786,-0.001445197999170152,-0.0015594615386506625,-0.0015010000001893786
5.959941,-0.0015010000001893786,-0.0015010000001893786,-0.0019388862470459253,-0.0011480629372609347,-0.0015010000001893786
5.97994,-0.003401000000167187,-0.0018810000001849402,-0.002213615836800539,-0.0022386223778002347,-0.0015010000001893786
5.99994,-0.0015010000001893786,-0.0018810000001849402,-0.002205509938746266,-0.002487013986186945,-0.0015010000001893786
6.01994,-0.0015010000001893786,-0.002301000000170461,-0.0019010725718941488,-0.002164729603901629,-0.0015010000001893786
6.03994,-0.0015010000001893786,-0.0015410000001793377,-0.0013501894452509853,-0.0011730046621889788,-0.0015010000001893786
6.05994,-0.003601000000116983,-0.0004010000001926528,-0.000664633892720133,-0.0007922354314254915,-0.0015010000001893786
6.079939,0.0003989999997884297,1.6999999797917553e-05,3.3874922889923094e-06,0.00017338228417906553,0.0003989999997884297
6.099939,0.004198999999744046,1.6999999797917553e-05,0.0005023826926128583,0.0003393729601672426,0.0003989999997884297
6.119939,0.0005889999997634732,0.0011969999997745618,0.000729550541575665,0.0009533589741406476,0.0005889999997634732
6.139939,-0.0015010000001893786,0.000816999999779,0.000663283121067832,0.0007189999997808223,0.0005889999997634732
6.159938,0.002298999999766238,9.499999978288543e-05,0.00036418202643267094,0.0006093263401005071,0.0005889999997634732
6.179938,-0.0015010000001893786,-0.0007030000002032466,-5.360330893036633e-05,-0.00042389044310151935,-0.0015010000001893786
6.199938,0.0005889999997634732,-0.0002850000002126762,-0.00046560778697742733,-0.0008867109559163627,0.0005889999997634732
6.219938,-0.003401000000167187,-0.0010450000002037996,-0.0007775099220430894,-0.0006674801866862985,-0.0015010000001893786
6.239938,0.0005889999997634732,-0.000665000000208238,-0.000949289061262688,-0.0008774102566152949,0.0003989999997884297
6.259938,-0.0015010000001893786,-0.0010830000001988082,-0.0009962090723787626,-0.0010899976691986352,-0.0015010000001893786
6.279937,0.0003989999997884297,-0.0007030000002032466,-0.000969325430053128,-0.0007268275060300627,-0.0015010000001893786
6.299937,-0.0015010000001893786,-0.0007410000001982553,-0.0009268358994879527,-0.0009837039628998096,-0.0015010000001893786
6.319937,-0.0015010000001893786,-0.0007410000001982553,-0.0009093951136754351,-0.00042079020999268306,-0.0015010000001893786
6.339936,0.0003989999997884297,-0.001121000000193817,-0.0009273600342373432,-0.0010917692309614841,-0.0015010000001893786
6.359936,-0.0015010000001893786,-0.0007410000001982553,-0.0009614727892693641,-0.0010979696971637858,-0.0015010000001893786
6.379936,-0.0015010000001893786,-0.001121000000193817,-0.0009746179006855946,-0.0012131212123139565,-0.0015010000001893786
6.399936,0.0003989999997884297,-0.001121000000193817,-0.0009299884225806907,-0.0007436573428555688,-0.0015010000001893786
6.419936,-0.003401000000167187,-0.0007410000001982553,-0.000808862809070954,-0.0007702307694286853,0.0003989999997884297
6.439936,0.0003989999997884297,-0.00036100000020269365,-0.0006206059865559074,-0.0006152191144188403,0.0003989999997884297
6.459935,0.0003989999997884297,-0.0007410000001982553,-0.0004005428292689324,-0.0005975034967034294,0.0003989999997884297
6.479935,0.0003989999997884297,1.8999999792868038e-05,-0.0001977067529598043,-0.00035834265754538294,0.0003989999997884297
6.499935,-0.0015010000001893786,-0.00036100000020269365,-5.9675799735007384e-05,0.00015004895083627206,0.0003989999997884297
6.519935,0.0003989999997884297,1.8999999792868038e-05,-2.0584972886277394e-05,0.00017955944035334616,0.0003989999997884297
6.539935,-0.0015010000001893786,1.8999999792868038e-05,-9.27391114168152e-05,-0.00017556876476919195,0.0003989999997884297
6.559934,0.002298999999766238,-0.0004010000001926528,-0.00026001307182256186,-0.00027801631721461353,0.0003989999997884297
6.579934,0.0003989999997884297,-0.00036300000019764413,-0.0004754636881812337,-0.0007212564104491824,0.0003989999997884297
6.599934,-0.003601000000116983,-0.00036300000019764413,-0.0006693501488601625,-0.0005840769232715342,0.0003989999997884297
6.619934,0.0005889999997634732,-0.0011230000001887675,-0.0007693085230546798,-0.0005130979022941649,-0.0015010000001893786
6.639934,-0.0015010000001893786,-0.0007430000001932058,-0.000724729584166377,-0.0005083193475170747,-0.0015010000001893786
6.659934,-0.0015010000001893786,5.699999978787673e-05,-0.0005232059894195455,-0.0008886223778176588,0.0003989999997884297
6.679933,0.002298999999766238,-0.00036100000020269365,-0.00019268395208476769,-0.00023055710976074714,-0.0015010000001893786
6.699933,0.0003989999997884297,1.8999999792868038e-05,0.0002075712735991058,0.00027760139838627605,0.0003989999997884297
6.719933,-0.0015010000001893786,0.0007789999997839913,0.000599569516392339,0.0005841282049140502,0.0003989999997884297
6.739933,0.0003989999997884297,0.0004369999997834384,0.0008989895803379154,0.0007236386944215855,0.0003989999997884297
6.759933,0.002298999999766238,0.000816999999779,0.0010304495723018083,0.001038090908866948,0.0005889999997634732
6.779932,0.0005889999997634732,0.000816999999779,0.0009485888941190685,0.0010327296034995685,0.0005889999997634732
6.799932,0.002298999999766238,0.0012349999997695704,0.0006593419670507348,0.0009249440557211485,0.002298999999766238
6.819932,-0.0015010000001893786,0.0004749999997784471,0.00022883242028171304,0.0004192331000176182,0.0005889999997634732
6.839932,0.0024889999997412815,-0.00036300000019764413,-0.0002301170174239886,-0.0003652657344700612,-0.0015010000001893786
6.859931,-0.0015010000001893786,-0.0010850000001937587,-0.0005939895223005618,-0.0009103706295661224,-0.0015010000001893786
6.879931,-0.003601000000116983,-0.000705000000198197,-0.0007756418027083318,-0.000988435897625628,-0.0013110000002143352
6.899931,-0.0013110000002143352,-0.0011230000001887675,-0.0007617851312318182,-0.0008660815852765352,-0.0013110000002143352
6.919931,0.0003989999997884297,-0.0007430000001932058,-0.0006196725243595389,-0.00043169930090073176,0.0003989999997884297
6.939931,0.0003989999997884297,9.499999978288543e-05,-0.0004656336259836384,-0.00038682750603039523,0.0003989999997884297
6.95993,0.0003989999997884297,5.699999978787673e-05,-0.00041035225392924244,-8.44032636149676e-05,0.0003989999997884297
6.97993,0.0005889999997634732,-0.00032300000020768493,-0.0005098449619620961,-0.0003849627041724215,0.0003989999997884297
6.99993,-0.0015010000001893786,-0.0010830000001988082,-0.0007466241715700004,-0.0008291351983354473,-0.0015010000001893786
7.01993,-0.0015010000001893786,-0.00146300000019437,-0.0010471088016938868,-0.0012472237764221115,-0.0015010000001893786
7.03993,-0.003401000000167187,-0.00146300000019437,-0.0013213352067955697,-0.0014642400934358943,-0.0015010000001893786
7.05993,-0.0015010000001893786,-0.00146300000019437,-0.0015007775026059753,-0.0017547762239656641,-0.0015010000001893786
7.079929,0.0005889999997634732,-0.00146300000019437,-0.0015553260815754672,-0.0013451025642970532,-0.0015010000001893786
7.099929,-0.0015010000001893786,-0.0010830000001988082,-0.0014872728965535623,-0.0012715827507815962,-0.0015010000001893786
7.119929,-0.0015010000001893786,-0.000665000000208238,-0.0013154048588893896,-0.0011830046622050721,-0.0015010000001893786
7.139929,-0.0015010000001893786,-0.00146300000019437,-0.0010643372062629532,-0.0011236573428560078,-0.0015010000001893786
7.159929,0.0005889999997634732,-0.0010830000001988082,-0.0007643591071477088,-0.0008114195806226865,-0.0015010000001893786
7.179929,-0.003401000000167187,-0.0007030000002032466,-0.0004562206665607993,-0.0007339137531169692,0.0003989999997884297
7.199928,0.0003989999997884297,9.499999978288543e-05,-0.0001909833760856678,-8.906526827845212e-05,0.0003989999997884297
7.219928,0.0003989999997884297,-0.00032300000020768493,-1.8250900559552355e-05,-9.344988558573214e-06,0.0003989999997884297
7.239928,0.0024889999997412815,0.0004369999997834384,3.452694474880714e-05,0.00019881351959909427,0.0003989999997884297
7.259928,-0.0015010000001893786,5.699999978787673e-05,-2.1102074827055856e-05,0.00013237995316895356,0.0003989999997884297
7.279927,0.0003989999997884297,5.699999978787673e-05,-0.00013544948904898268,-8.419347340305719e-05,0.0003989999997884297
7.299927,-0.0015010000001893786,-0.0007410000001982553,-0.00024200945607439392,-0.0007064545456555384,-0.0015010000001893786
7.319927,0.0003989999997884297,-0.0007410000001982553,-0.0002880764713898121,-0.00040750349670612516,-0.0015010000001893786
7.339927,-0.0015010000001893786,-0.00036100000020269365,-0.0002577404035088533,-0.0002679930071948796,-0.0015010000001893786
7.359926,-0.0015010000001893786,0.0003989999997884297,-0.00017473281348393818,2.431468510939933e-05,0.0003989999997884297
7.379926,0.002298999999766238,1.8999999792868038e-05,-8.305170248422582e-05,-6.470629391101715e-05,-0.0015010000001893786
7.399926,0.002298999999766238,1.8999999792868038e-05,-1.5989452011537356e-05,0.0001700256408139366,-0.0015010000001893786
7.419926,-0.0015010000001893786,0.0004369999997834384,2.69180942794816e-05,0.00010979254058026756,0.0005889999997634732
7.439926,-0.0015010000001893786,9.499999978288543e-05,7.943520367199073e-05,0.00016515384593642139,0.0005889999997634732
7.459925,0.0005889999997634732,-0.0002850000002126762,0.0001860349760399639,0.00023557342635417252,0.0003989999997884297
7.479925,0.0005889999997634732,0.00013299999977789412,0.00037378473815484383,-7.444988366922753e-05,0.0005889999997634732
7.499925,0.0003989999997884297,0.0008929999997690175,0.0006355423725658064,0.00047473426550691884,0.0005889999997634732
7.519925,0.0005889999997634732,0.0008929999997690175,0.0009304547878858371,0.001030118880887487,0.0005889999997634732
7.539925,0.002298999999766238,0.0012349999997695704,0.0011980132033618009,0.0013999324006969535,0.0005889999997634732
7.559924,0.0005889999997634732,0.0012349999997695704,0.001378029488869187,0.0015748741256395508,0.0005889999997634732
7.579924,0.002298999999766238,0.001614999999765132,0.0014287574123335442,0.0014358065265743175,0.002298999999766238
7.599924,0.0003989999997884297,0.0012349999997695704,0.0013373835474096104,0.0010553636361358165,0.0005889999997634732
7.619924,0.0024889999997412815,0.000816999999779,0.0011205277393899317,0.001059349650127137,0.0003989999997884297
7.639924,0.0003989999997884297,0.0004369999997834384,0.0008158930696618654,0.0006186736594560271,0.0003989999997884297
7.659924,-0.0015010000001893786,0.000816999999779,0.00046931747065654625,0.0008347575755323431,0.0003989999997884297
7.679923,0.0003989999997884297,5.699999978787673e-05,0.00012382629941254638,0.00027389510467767974,0.0003989999997884297
7.699923,0.002298999999766238,9.499999978288543e-05,-0.0001841348673391964,-0.0003823986016047228,0.0003989999997884297
7.719923,-0.0013110000002143352,-0.0003250000002026354,-0.0004231025092907088,-0.0007151491843473054,0.0003989999997884297
7.739923,0.0005889999997634732,-0.000705000000198197,-0.0005677331775786351,-0.0005405571097555957,-0.0013110000002143352
7.759923,-0.003601000000116983,-0.000705000000198197,-0.0006073349773180086,-5.7923077127965995e-05,-0.0013110000002143352
7.779922,-0.0015010000001893786,-0.00036300000019764413,-0.0005552868041090036,-0.0005715594407586248,0.0003989999997884297
7.799922,0.002298999999766238,-0.00036300000019764413,-0.0004473037670316204,-0.0007572237764206112,0.0003989999997884297
7.819922,0.0003989999997884297,-0.00032300000020768493,-0.0003252554658048797,-0.0003713263405270258,0.0003989999997884297
7.839922,0.0005889999997634732,5.699999978787673e-05,-0.00021802191227499892,-0.0004542167834201942,0.0003989999997884297
7.859921,-0.003401000000167187,-0.00032300000020768493,-0.00013445141041308736,0.0004981142188909147,0.0003989999997884297
7.879921,0.0003989999997884297,-0.00032300000020768493,-7.089861227246001e-05,-0.00017563869484477556,0.0003989999997884297
7.899921,0.0003989999997884297,1.8999999792868038e-05,-2.176764421958816e-05,-0.00023319114239766966,0.0003989999997884297
7.919921,0.0003989999997884297,1.6999999797917553e-05,1.8187391470443834e-05,-5.3237762442290434e-05,0.0003989999997884297
7.939921,0.002298999999766238,0.00043499999978848793,5.8781461739447375e-05,-8.363403283230889e-05,0.0003989999997884297
7.95992,-0.0034110000001419394,5.299999979797576e-05,0.00011678395152058109,0.00044536363615585233,0.0003989999997884297
7.97992,0.0024889999997412815,5.299999979797576e-05,0.00020969335547415475,0.00023254312333629017,0.0003989999997884297
7.99992,-0.001511000000164131,9.099999979298446e-05,0.00034489954309224275,0.00017077156156380393,0.0003989999997884297
8.01992,0.0003989999997884297,0.0008529999997790583,0.0005134142393301808,0.00045934965013676545,0.0003989999997884297
8.03992,0.0024889999997412815,0.00043499999978848793,0.0006935692402463541,0.0006952470860295777,0.0003989999997884297
8.059919,0.0003989999997884297,0.0011969999997745618,0.0008620017334728993,0.00112205361282914,0.0003989999997884297
8.079919,0.0003989999997884297,0.0011969999997745618,0.0010038806730979359,0.0009315874123684023,0.0003989999997884297
8.099919,0.002298999999766238,0.0007789999997839913,0.0011155484984933601,0.0013626829834557205,0.0003989999997884297
8.119919,0.0003989999997884297,0.001158999999779553,0.0011986926185960111,0.0009610279718093627,0.0003989999997884297
8.139919,0.0003989999997884297,0.001158999999779553,0.0012506737602172454,0.000781657342443213,0.0003989999997884297
8.159918,0.002298999999766238,0.0007789999997839913,0.001257792437845579,0.001383055943830775,0.0003989999997884297
8.179918,0.0003989999997884297,0.001158999999779553,0.0011969276281217818,0.0014315641023388943,0.0003989999997884297
8.199918,0.0003989999997884297,0.0015389999997751148,0.001046742992640895,0.0009868088575935294,0.002298999999766238
8.219918,0.002298999999766238,0.0007769999997890408,0.0008041544734001552,0.0008410279718197687,0.0003989999997884297
8.239918,0.002298999999766238,0.00039499999979852873,0.0004971073314173706,0.0006881375289289604,0.0003989999997884297
8.259917,-0.001511000000164131,0.00039499999979852873,0.00018367892068401156,-3.3074592272786495e-05,0.0003989999997884297
8.279917,-0.001511000000164131,5.299999979797576e-05,-6.618118676442354e-05,0.00016403496483308538,0.0003989999997884297
8.299917,0.0003989999997884297,-0.000709000000188098,-0.0001980371418563192,-0.00016265501185094253,-0.001511000000164131
8.319917,0.0005889999997634732,5.299999979797576e-05,-0.00019421517064859627,-0.0004644965036866809,0.0003989999997884297
8.339916,-0.001511000000164131,5.299999979797576e-05,-7.87693724323022e-05,-0.00030258508177911903,0.0003989999997884297
8.359916,0.002298999999766238,5.299999979797576e-05,9.30279593033239e-05,6.000233079651407e-05,0.0003989999997884297
8.379916,-0.001511000000164131,5.299999979797576e-05,0.00025352678543537306,0.0004975314683154655,0.0003989999997884297
8.399916,0.0003989999997884297,0.0004729999997834966,0.00034316690391395183,0.0005215407923251229,0.0005889999997634732
8.419916,0.0005889999997634732,0.0004729999997834966,0.0003285898618532485,0.0005371818179669395,0.0005889999997634732
8.439916,0.0005889999997634732,0.0004729999997834966,0.00021499398103658527,0.00046899999978395083,0.0005889999997634732
8.459916,0.002298999999766238,9.099999979298446e-05,4.7149880410033524e-05,-0.0005746130538087683,0.0005889999997634732
8.479915,-0.001511000000164131,-0.0003290000001925364,-0.00010677281734380433,-0.00021225874145451687,-0.001511000000164131
8.499915,-0.001511000000164131,-0.0007490000001780572,-0.0001870128000716035,-0.0003336107227974492,-0.001511000000164131
8.519915,-0.001511000000164131,-0.0003690000001824956,-0.00017502598346953935,-9.803962722697312e-05,-0.001511000000164131
8.539915,-0.001511000000164131,1.2999999808016582e-05,-0.0001056143623755978,0.00017328904409719093,-0.001511000000164131
8.559914,0.004198999999744046,0.00039499999979852873,-4.639871813102504e-05,-0.0001650792542690642,0.0003989999997884297
8.579914,0.0003989999997884297,0.00039499999979852873,-5.561076732240259e-05,6.219347299749435e-05,0.0003989999997884297
8.599914,0.0003989999997884297,1.4999999802967067e-05,-0.00014709833185290084,-5.2282051478392226e-05,0.0003989999997884297
8.619914,-0.001511000000164131,-0.0007450000001881562,-0.00028716735045723605,-7.302797222758547e-05,0.0003989999997884297
8.639914,-0.0034110000001419394,-0.0007450000001881562,-0.0004234068474718576,-0.0004051958043915389,0.0003989999997884297
8.659913,0.0003989999997884297,-0.0007450000001881562,-0.000521849353731773,-0.0012090652682459923,0.0003989999997884297
8.679913,0.0003989999997884297,-0.0007450000001881562,-0.0005855718740519992,-0.0007525151517021442,0.0003989999997884297
8.699913,0.0003989999997884297,-0.0003650000001925946,-0.0006455321323085952,-0.0005928181820076835,0.0003989999997884297
8.719913,-0.001511000000164131,-0.0003650000001925946,-0.0007352768895947614,-0.0003665710957641764,0.0003989999997884297
8.739913,-0.001511000000164131,-0.0007470000001831067,-0.0008679611316485658,-0.0004344032635920374,-0.001511000000164131
8.759912,0.0003989999997884297,-0.001129000000173619,-0.0010265832778517069,-0.0010390652682411234,-0.001511000000164131
8.779912,-0.001511000000164131,-0.001129000000173619,-0.0011685862963198186,-0.0014175034966699537,-0.001511000000164131
8.799912,-0.001511000000164131,-0.001129000000173619,-0.0012413736192757306,-0.0016437272728902096,-0.001511000000164131
8.819912,-0.001511000000164131,-0.001511000000164131,-0.0012031308055433561,-0.001039275058450384,-0.001511000000164131
8.839911,-0.001511000000164131,-0.001129000000173619,-0.0010406428500985127,-0.000772958042137942,-0.001511000000164131
8.859911,-0.001511000000164131,-0.0003670000001875451,-0.0007752405965102249,-0.0011796013987722407,-0.001511000000164131
8.879911,0.0003989999997884297,-0.0003670000001875451,-0.0004529162834300142,-0.0002449627041527613,-0.001511000000164131
8.899911,0.002298999999766238,-0.0003670000001875451,-0.0001237389118941158,9.825407905821772e-05,-0.001511000000164131
8.919911,-0.001511000000164131,0.0008129999997890991,0.0001770098828169893,0.00035501398581488924,0.0003989999997884297
8.939911,-0.001511000000164131,0.00043099999979858696,0.0004349415247186901,0.0005326130534075898,-0.001511000000164131
8.95991,0.00438899999971909,5.099999980302527e-05,0.0006486973625237553,0.000227344988140149,-0.001511000000164131
8.97991,-0.001511000000164131,0.0004709999997885461,0.0008157520879800395,0.0005913310021188024,0.0003989999997884297
8.99991,0.0003989999997884297,0.0008529999997790583,0.0009209637827436436,0.0006582307690166165,0.0003989999997884297
9.01991,0.0005889999997634732,0.0008149999997840496,0.0009348336484098801,0.0010759463867249018,0.0003989999997884297
9.03991,0.0003989999997884297,0.0008149999997840496,0.0008256696983427211,0.0012568088575828367,0.0003989999997884297
9.059909,0.004198999999744046,0.0008149999997840496,0.0005826816947786641,0.0005453869461762621,0.0003989999997884297
9.079909,-0.001511000000164131,0.0007769999997890408,0.00023666268829616093,0.00047624941704315553,0.0003989999997884297
9.099909,0.0003989999997884297,-2.3000000192041624e-05,-0.00013840321648217693,-0.0002150093241970951,0.0003989999997884297
9.119909,0.0003989999997884297,-0.001165000000173677,-0.0004495286696062713,-0.0006367808859595643,-0.001511000000164131
9.139909,-0.003601000000116983,-0.000783000000183165,-0.0006247755327497799,-0.000913470862650578,0.0003989999997884297
9.159909,-0.001511000000164131,-0.0007450000001881562,-0.000647548748147538,-0.0009251025642921331,0.0003989999997884297
9.179909,0.0003989999997884297,-0.0007070000001931475,-0.0005640691817912546,-0.00025060372980922516,0.0003989999997884297
9.199908,0.0005889999997634732,0.00013099999978294363,-0.00045700459681300516,-0.0002869673661738038,0.0005889999997634732
9.219908,0.0005889999997634732,0.00013099999978294363,-0.00039912842108065993,-0.0003261048953089818,0.0005889999997634732
9.239908,0.0005889999997634732,-0.00025100000020756853,-0.000414375654303616,-7.132634053767e-05,0.0005889999997634732
9.259907,-0.001511000000164131,-0.0006710000001930894,-0.00046915814360118217,-0.00025113986034665215,-0.001511000000164131
9.279907,-0.001511000000164131,-0.0006710000001930894,-0.0004976589205868423,-0.0008601375293289362,-0.001511000000164131
9.299907,-0.001511000000164131,-0.000709000000188098,-0.0004446174331636308,-0.0006294615386518063,-0.001511000000164131
9.319907,0.0005889999997634732,-0.000709000000188098,-0.00030075186983371063,-0.0006030279722150171,-0.001511000000164131
9.339907,0.0003989999997884297,5.299999979797576e-05,-0.00011325884841676775,-0.00022692074611501412,0.0003989999997884297
9.359906,-0.001511000000164131,5.299999979797576e-05,3.0705820879906365e-05,0.00014265967345611065,0.0003989999997884297
9.379906,0.002298999999766238,1.4999999802967067e-05,3.755548772291166e-05,0.00010920979000852873,0.0003989999997884297
9.399906,-0.001511000000164131,-0.0003670000001875451,-0.00015603628669696112,-0.0001510466202400586,-0.001511000000164131
9.419906,0.0003989999997884297,-0.0003670000001875451,-0.0005554170029870772,-0.00047866899785095336,-0.001511000000164131
9.439906,-0.001511000000164131,-0.001129000000173619,-0.0010973612804991097,-0.0007710000001800734,-0.001511000000164131
9.459905,-0.001511000000164131,-0.001129000000173619,-0.0016597794690872427,-0.001362585081755042,-0.001511000000164131
9.479905,-0.001511000000164131,-0.0018910000001596927,-0.002090279402417837,-0.002474496503645416,-0.001511000000164131
9.499905,-0.001511000000164131,-0.002309000000150263,-0.002248553692686919,-0.00241890209805092,-0.001511000000164131
9.519905,-0.0034110000001419394,-0.002309000000150263,-0.00205356517941368,-0.002180207459356307,-0.001511000000164131
9.539905,-0.003601000000116983,-0.0015470000001641892,-0.0015208449883263955,-0.0012689953381652057,-0.001511000000164131
9.559905,-0.001511000000164131,-0.0007850000001781154,-0.0007715537897067336,-0.0009872937064693602,-0.001511000000164131
9.579904,0.002298999999766238,1.4999999802967067e-05,-1.4160763681378738e-06,-0.0002601375293274344,0.0005889999997634732
9.599904,0.002298999999766238,0.00043299999979353745,0.0005832575512013622,0.0007961561769420125,0.0005889999997634732
9.619904,0.0005889999997634732,0.00123299999977462,0.0008354051017389974,0.001217951048724023,0.002298999999766238
9.639904,-0.001511000000164131,0.000890999999774067,0.0007124823092829015,0.0010052470860185967,0.0005889999997634732
9.659904,0.0024889999997412815,-0.00025100000020756853,0.0002822536323526423,0.00024799766878308747,0.0005889999997634732
9.679903,0.0005889999997634732,-0.0006710000001930894,-0.00030683630000483293,-0.0008526083918007877,-0.001511000000164131
9.699903,-0.0034110000001419394,-0.0006710000001930894,-0.0008770675686240358,-0.0011046829838686032,-0.001511000000164131
9.719903,-0.001511000000164131,-0.00150700000017423,-0.0012779495081156745,-0.0014640069931811223,-0.001511000000164131
9.739903,-0.001511000000164131,-0.0015450000001692387,-0.0014291165936016358,-0.0011654055945847167,-0.001511000000164131
9.759902,-0.001691000000164422,-0.001165000000173677,-0.0013340954881178205,-0.0012549627041346103,-0.001511000000164131
9.779902,0.0003989999997884297,-0.0004030000001876033,-0.0010618693664894948,-0.0009173403265150424,-0.001511000000164131
9.799902,-0.001511000000164131,-0.0004030000001876033,-0.0007082458318269789,-0.000558622377806524,-0.001511000000164131
9.819902,0.002298999999766238,-0.0004030000001876033,-0.0003568867164431178,-0.0005046829838697516,-0.001511000000164131
9.839902,-0.001511000000164131,-0.0004030000001876033,-5.6919551455377065e-05,0.00034517715597427446,-0.001511000000164131
9.859901,-0.001691000000164422,0.0003589999997984705,0.0001773151814105998,0.00027711188791496185,0.0003989999997884297
9.879901,0.0003989999997884297,0.0003589999997984705,0.0003522245602342611,-0.0002261048952938032,0.0003989999997884297
9.899901,0.002298999999766238,-5.900000019209983e-05,0.0004803603852057988,0.00045340559420029675,0.0003989999997884297
9.919901,0.002298999999766238,0.0003969999997934792,0.0005726161715742551,0.000351890442688102,0.0005889999997634732
9.939901,-0.003601000000116983,0.0011949999997796113,0.0006346876544014846,0.0006748741256635335,0.002298999999766238
9.9599,0.0005889999997634732,0.00043299999979353745,0.0006645896962468295,0.0010287202794987769,0.0005889999997634732
9.9799,0.00438899999971909,9.099999979298446e-05,0.0006542142161954919,0.0008305384613196411,0.0005889999997634732
9.9999,-0.001511000000164131,0.0013089999997646373,0.0005974236469925269,0.0005863892771699438,0.0005889999997634732
10.0199,0.0005889999997634732,0.0008889999997791165,0.0004988725921018225,0.000208417249203487,0.0005889999997634732
10.0399,0.0024889999997412815,-0.000253000000202519,0.00037444505158763504,0.0003294195802066618,-0.0013210000001890876
10.0599,-0.001511000000164131,-0.000253000000202519,0.000240883946701916,0.00024480419559555684,-0.0013210000001890876
10.079899,-0.0013210000001890876,8.899999979803397e-05,0.00010164314042720266,-0.00028901864821672687,-0.0013210000001890876
10.099899,-0.001511000000164131,8.899999979803397e-05,-5.847991317615663e-05,0.00019559673639149257,-0.0013210000001890876
10.119899,0.002298999999766238,-0.0003290000001925364,-0.00026025074886489664,-0.00013936829856260144,-0.0013210000001890876
10.139899,0.0024889999997412815,1.4999999802967067e-05,-0.0005026393146001206,-0.0003533543125447218,0.0003989999997884297
10.159898,-0.003601000000116983,1.4999999802967067e-05,-0.0007413521368111173,-0.00017060372979761206,0.0003989999997884297
10.179898,0.0003989999997884297,-0.0007470000001831067,-0.0008943913130383846,-0.0008255221447013052,-0.001511000000164131
10.199898,-0.001511000000164131,-0.0015470000001641892,-0.0008779815044197433,-0.0012387156178861431,-0.001511000000164131
10.219898,-0.001511000000164131,-0.001129000000173619,-0.0006552016826767288,-0.0016743799535423513,-0.001511000000164131
10.239898,-0.001511000000164131,-0.0007490000001780572,-0.000270640744236998,-0.00038834265752794135,-0.001511000000164131
10.259897,-0.001511000000164131,5.099999980302527e-05,0.00015090674855724,0.0008185337993224977,-0.001511000000164131
10.279897,0.002298999999766238,0.0012309999997796694,0.0004488362448687305,0.0004411911419859426,0.002298999999766238
10.299897,0.0024889999997412815,0.0008509999997841078,0.0004992115200977542,0.0007794195802020906,0.002298999999766238
10.319897,0.00438899999971909,0.0004709999997885461,0.00027966802113509997,0.0006417738925594192,0.002298999999766238
10.339897,-0.0034110000001419394,0.00012699999979304266,-0.0001119757508105254,-0.00010598834518795296,0.0005789999997887207
10.359896,-0.0034110000001419394,-0.0007110000001830485,-0.0005003364761486319,-0.0005351258743158127,-0.0017010000001391745
10.379896,0.0005789999997887207,-0.0018910000001596927,-0.000713817660839952,-0.0012935407927117603,-0.0017010000001391745
10.399896,-0.0017010000001391745,-0.000713000000177999,-0.0006599115692566839,-0.0011123752915430801,-0.001511000000164131
10.419896,-0.001511000000164131,4.69999998131243e-05,-0.00035814486224014774,-0.0004204172495968142,0.0003889999998136773
10.439896,0.002478999999766529,0.00039099999980862776,7.84039745155049e-05,0.0006439417247445685,0.0003889999998136773
10.459895,0.0003889999998136773,0.0008469999997942068,0.0004970569807973796,0.0008148041956012502,0.0005789999997887207
10.479895,0.002298999999766238,0.0008469999997942068,0.0007664617948740155,0.0006178344986322354,0.0005789999997887207
10.499895,0.0005789999997887207,0.00046699999979864514,0.0008177368945269729,0.000986202796990059,0.0005789999997887207
10.519895,-0.001511000000164131,0.00046699999979864514,0.000653314266376984,0.0005358764566754739,0.0005789999997887207
10.539895,0.0005789999997887207,8.4999999808133e-05,0.0003295440242008245,5.254312335401914e-05,0.0003889999998136773
10.559894,0.0003889999998136773,-0.0003710000001774461,-7.010869320503912e-05,0.00012303263384576393,0.0003889999998136773
10.579894,0.0003889999998136773,8.999999818115611e-06,-0.0004576194581196425,-0.0006154289046010704,0.0003889999998136773
10.599894,-0.0017010000001391745,-0.00040900000017245474,-0.0007559612419853565,-0.0009365244756889172,0.0003889999998136773
10.619894,0.0003889999998136773,-0.001169000000163578,-0.0009117571707745688,-0.0006405104896813417,-0.001511000000164131
10.639894,-0.001511000000164131,-0.001169000000163578,-0.0009071516736853234,-0.0009452890444567978,-0.001511000000164131
10.659893,-0.0034110000001419394,-0.0003690000001824956,-0.0007667578228848912,-0.0008734009325742229,0.0003889999998136773
10.679893,0.0003889999998136773,-0.0007490000001780572,-0.0005518534192807616,-0.00047666433584499257,-0.001511000000164131
10.699893,0.002298999999766238,-0.0003690000001824956,-0.0003379651247547399,-0.0002573170165029124,0.0003889999998136773
10.719893,-0.001511000000164131,0.00039099999980862776,-0.00018323740514653638,-0.00025566200484571924,0.0003889999998136773
10.739893,0.0003889999998136773,1.0999999813066096e-05,-0.00010402800586022339,8.235664317176854e-05,0.0003889999998136773
10.759892,0.0003889999998136773,-0.0003710000001774461,-7.10371923037157e-05,0.00023014219095467004,0.0003889999998136773
10.779892,-0.001511000000164131,8.999999818115611e-06,-2.6687480393837378e-05,-0.00030076689994591754,0.0003889999998136773
10.799892,0.0003889999998136773,4.69999998131243e-05,8.648994507977631e-05,-0.0001284825176629639,0.0003889999998136773
10.819892,0.0003889999998136773,4.69999998131243e-05,0.0002998842666725103,0.000319652680461771,0.0003889999998136773
10.839892,0.0005789999997887207,0.0008089999997991981,0.0006050327587703168,0.00044002564082921394,0.0003889999998136773
10.859891,0.0003889999998136773,0.0008469999997942068,0.0009551646842404541,0.0010109114217036115,0.0005789999997887207
10.879891,0.002298999999766238,0.001228999999784719,0.0012795022022930713,0.0015195361303161883,0.0005789999997887207
10.899891,0.0005789999997887207,0.0015729999997802224,0.0015047418346723288,0.0015225664333436105,0.002298999999766238
10.919891,0.002298999999766238,0.001610999999775231,0.0015769450994001935,0.0016976247084003436,0.002298999999766238
10.939891,0.002298999999766238,0.001228999999784719,0.0014770807238880168,0.0012068088575961824,0.0005789999997887207
10.95989,0.0005789999997887207,0.0011909999997897103,0.00122523120911544,0.0008540815848748751,0.0005789999997887207
10.97989,0.0003889999998136773,0.0004289999998036365,0.0008727142519739606,0.0008628228436184447,0.0003889999998136773
10.99989,0.0003889999998136773,0.0004289999998036365,0.000487165615398319,0.001049675990470481,0.0003889999998136773
11.01989,-0.001511000000164131,0.0007729999997991399,0.0001390425105397575,0.0003007016315066279,0.0003889999998136773
11.03989,0.002298999999766238,0.00039299999980357825,-0.00010522457602056188,-0.00022470629389184275,0.0003889999998136773
11.059889,0.002298999999766238,-0.0003670000001875451,-0.00018716811234120305,-0.0004411165502979152,-0.001511000000164131
11.079889,-0.001511000000164131,1.2999999808016582e-05,-6.742884128125883e-05,1.6902097707576684e-05,0.0003889999998136773
11.099889,-0.0034110000001419394,1.2999999808016582e-05,0.00025199809569206687,0.00024904661984847046,0.0003889999998136773
11.119889,0.0003889999998136773,0.00043099999979858696,0.0007076441298351581,0.0006318904426871421,0.0003889999998136773
11.139889,0.002298999999766238,0.0008109999997941486,0.0011792896250306484,0.0010216573424494317,0.0003889999998136773
11.159888,0.00438899999971909,0.001952999999775784,0.0015285726446161209,0.0016296060603854133,0.002298999999766238
11.179888,0.0003889999998136773,0.002334999999766296,0.0016538298819852063,0.002009139859911819,0.002298999999766238
11.199888,0.002298999999766238,0.001610999999775231,0.001529588310913077,0.0018514475522196086,0.002298999999766238
11.219888,0.002298999999766238,0.00043099999979858696,0.001209178769636267,0.000972682983469399,0.0003889999998136773
11.239888,-0.0013210000001890876,0.0004689999997935956,0.0007913756236588158,0.00046102797182409996,0.0005789999997887207
11.259887,-0.001511000000164131,8.699999980308349e-05,0.00037079997968134906,-0.00017167599086769617,0.0003889999998136773
11.279887,0.0005789999997887207,-0.00025700000019242,-8.259132492954867e-07,0.00019182051261897273,0.0003889999998136773
11.299887,0.0003889999998136773,-0.00029500000018742865,-0.00032264957598266694,-0.0005075967367840982,0.0003889999998136773
11.319887,0.0005789999997887207,0.0001229999998031417,-0.0006211914314158368,-0.00036386713305273043,0.0005789999997887207
11.339886,-0.001511000000164131,-0.000713000000177999,-0.0009137199031397639,-0.00036967132885446223,0.0003889999998136773
11.359886,0.0005789999997887207,-0.000713000000177999,-0.0011823054500722358,-0.000960487179662142,0.0003889999998136773
11.379886,-0.003601000000116983,-0.001511000000164131,-0.0013729026064207039,-0.0015096713288356384,-0.001511000000164131
11.399886,0.0003889999998136773,-0.001511000000164131,-0.0014185560584479915,-0.0016181794873401448,-0.001511000000164131
11.419886,-0.0034110000001419394,-0.0015490000001591397,-0.001273819996017367,-0.001445452214614359,-0.001511000000164131
11.439886,-0.001511000000164131,-0.0007510000001730077,-0.0009427725368653931,-0.001135825174992059,0.0003889999998136773
11.459885,0.0003889999998136773,-0.000713000000177999,-0.00048624094760726667,-0.0006232377624140631,0.0003889999998136773
11.479885,0.0003889999998136773,4.69999998131243e-05,-3.878782738464794e-06,0.0004210279718323389,0.0003889999998136773
11.499885,0.0005789999997887207,0.0008089999997991981,0.00040068422944773626,0.0004052237760304141,0.0003889999998136773
11.519885,0.0003889999998136773,0.0008089999997991981,0.0006554811626865848,0.0007280442888462674,0.0003889999998136773
11.539885,0.002298999999766238,0.0004289999998036365,0.0007415230780998883,0.0008886503494464637,0.0003889999998136773
11.559884,0.0003889999998136773,0.0004289999998036365,0.0006921307145475396,0.000581097901897758,0.0003889999998136773
11.579884,-0.001511000000164131,0.0008109999997941486,0.0005721243507227963,0.0004435920743935333,0.0005789999997887207
11.599884,0.0005789999997887207,4.899999980807479e-05,0.0004475289735704912,0.0003122634030667693,0.0003889999998136773
11.619884,0.002298999999766238,8.699999980308349e-05,0.0003602779171316268,0.00023893006972884162,0.0005789999997887207
11.639884,-0.001511000000164131,0.0005049999997936538,0.00031756143464496423,0.00029091142170933556,0.0005789999997887207
11.659883,0.0005789999997887207,0.0005049999997936538,0.00029629423115937973,0.000371121211915899,0.0005789999997887207
11.679883,0.0005789999997887207,0.0001229999998031417,0.00025773559720190586,0.0003616806524779743,0.0005789999997887207
11.699883,0.0005789999997887207,0.0001229999998031417,0.00016634881344856865,0.00017927972008440212,0.0005789999997887207
11.719883,0.0003889999998136773,8.4999999808133e-05,6.463866626563877e-06,2.3662004471616848e-05,0.0003889999998136773
11.739882,-0.001511000000164131,4.69999998131243e-05,-0.00020945066649059668,0.00029244988325822325,0.0003889999998136773
11.759882,0.0003889999998136773,-0.0003710000001774461,-0.00044374646800604436,-0.0007310699302421655,0.0003889999998136773
11.779882,0.0003889999998136773,-0.0007510000001730077,-0.0006463046343431013,-0.000808575757745233,-0.001511000000164131
11.799882,-0.001511000000164131,-0.0011310000001685694,-0.0007733669362936643,-0.0011810000001667808,-0.001511000000164131
11.819882,-0.001511000000164131,-0.000713000000177999,-0.0008071543757148279,-0.0006254522146351146,-0.001511000000164131
11.839882,-0.0034110000001419394,-0.001055000000178552,-0.0007673620589758276,-0.0005116993008853143,-0.001511000000164131
11.859881,0.002478999999766529,-0.00029300000019247816,-0.0007047306802277698,-0.0009145897437698141,-0.0013210000001890876
11.879881,-0.0013210000001890876,-0.0007110000001830485,-0.0006754643218902498,-0.0007016526808371766,-0.0013210000001890876
11.899881,0.002298999999766238,-0.0003310000001874869,-0.0007098336638142369,-0.000431372960560905,-0.0013210000001890876
11.919881,-0.003601000000116983,-0.0007110000001830485,-0.0007950776569258574,-0.00047843589762003156,-0.0013210000001890876
11.939881,-0.001511000000164131,-0.0007490000001780572,-0.0008833667737903914,-0.0008069673661451421,-0.001511000000164131
11.95988,0.0005789999997887207,-0.001511000000164131,-0.0009183092584806223,-0.0016100209791868646,-0.001511000000164131
11.97988,-0.001511000000164131,-0.001055000000178552,-0.0008637443495335967,-0.0009272937064719131,-0.001511000000164131
11.99988,-0.001511000000164131,-0.0006370000001879817,-0.0007213440135866645,-0.0007742867134712089,-0.0013210000001890876
12.01988,-0.0013210000001890876,-0.00029300000019247816,-0.0005310206076193147,-0.00021925174844841843,-0.0013210000001890876
12.03988,0.0005789999997887207,-0.00029300000019247816,-0.00035425220403686135,-0.00021048717968106767,-0.0013210000001890876
12.059879,0.002298999999766238,-0.00029300000019247816,-0.0002472446764298137,-0.0002613030304931729,-0.0013210000001890876
12.079879,-0.001511000000164131,4.899999980807479e-05,-0.00023786033642201758,-0.0002631911423807579,0.0003889999998136773
12.099879,-0.001511000000164131,-0.0003690000001824956,-0.0003195113821933211,-0.0002679696971551981,-0.001511000000164131
12.119879,0.0003889999998136773,-0.0011310000001685694,-0.00046359392443618834,-0.0006627249419001287,-0.001511000000164131
12.139879,-0.001511000000164131,-0.0007510000001730077,-0.0006392796172018493,-0.0007295314687033481,-0.001511000000164131
12.159878,-0.001511000000164131,-0.0007510000001730077,-0.0008267511181930819,-0.0009980862472542627,-0.001511000000164131
12.179878,0.0003889999998136773,-0.0007510000001730077,-0.001017105551622107,-0.0008271771563473682,-0.001511000000164131
12.199878,-0.001511000000164131,-0.0011310000001685694,-0.0012018921118290028,-0.0010286923078625515,-0.001511000000164131
12.219878,0.0003889999998136773,-0.0011310000001685694,-0.0013619512048780999,-0.0014826550118218098,-0.001511000000164131
12.239878,-0.0034110000001419394,-0.0014730000001691224,-0.0014654085238821279,-0.0012678531470237781,-0.001511000000164131
12.259877,-0.001511000000164131,-0.0014730000001691224,-0.0014775408701522576,-0.001464939394108519,-0.001511000000164131
12.279877,-0.0013210000001890876,-0.0014730000001691224,-0.001375890300044861,-0.0015557319349002647,-0.001511000000164131
12.299877,-0.001511000000164131,-0.0010930000001735606,-0.0011604652058768562,-0.0011974335666039072,-0.001511000000164131
12.319877,0.0003889999998136773,-0.000713000000177999,-0.0008536032606390441,-0.0009006969698723655,-0.0013210000001890876
12.339876,-0.001511000000164131,-0.0003710000001774461,-0.0004916681250153944,-0.00018764335682760875,0.0003889999998136773
12.359876,0.0003889999998136773,4.69999998131243e-05,-0.00011463974368613707,-0.00018405361323526828,0.0003889999998136773
12.379876,0.0003889999998136773,4.69999998131243e-05,0.00024146082645772,0.000423755244565446,0.0003889999998136773
12.399876,0.0005789999997887207,0.000426999999808686,0.0005474651955307704,0.00038874358955208536,0.0003889999998136773
12.419876,0.0003889999998136773,0.0008089999997991981,0.0007800342982836603,0.00037846386927075835,0.0003889999998136773
12.439876,0.0003889999998136773,0.0004289999998036365,0.0009194327989892337,0.0010427995335938953,0.0003889999998136773
12.459876,0.002298999999766238,0.0007729999997991399,0.0009497482139165066,0.0008959463867399804,0.0003889999998136773
12.479875,-0.001511000000164131,0.001154999999789652,0.0008638760679713467,0.001018557109349076,0.002298999999766238
12.499875,0.002298999999766238,0.0007749999997940904,0.0006721435603991074,0.0008924498832454148,0.002298999999766238
12.519875,0.002298999999766238,0.00039299999980357825,0.0004094074954008854,0.0004268321676346006,0.0003889999998136773
12.539875,-0.001511000000164131,0.00039299999980357825,0.0001330057999136675,-0.00013554545473350925,0.0003889999998136773
12.559875,0.0003889999998136773,-0.0003690000001824956,-9.323682218079235e-05,-0.00013869230787983734,-0.001511000000164131
12.579874,-0.001511000000164131,-0.000713000000177999,-0.0002242593137891834,-0.00010079020998015147,-0.001511000000164131
12.599874,-0.001511000000164131,4.899999980807479e-05,-0.00025401195914802604,-0.0005586923078725675,0.0003889999998136773
12.619874,0.0005789999997887207,-0.0003310000001874869,-0.00021639844040809893,-0.00021752680671405163,-0.001511000000164131
12.639874,0.002298999999766238,4.899999980807479e-05,-0.00016418535385364798,0.00024846386926719125,0.0003889999998136773
12.659873,-0.001511000000164131,0.00046699999979864514,-0.00013832541325137245,-5.5475524666982745e-05,0.0005789999997887207
12.679873,0.0003889999998136773,4.899999980807479e-05,-0.00014694068529137435,3.9650347719063085e-06,0.0003889999998136773
12.699873,0.0005789999997887207,-0.000713000000177999,-0.00016625462174240448,-0.00017598834517817282,-0.001511000000164131
12.719873,-0.001511000000164131,-0.00029500000018742865,-0.00016151219314210007,-0.0004961282053090115,0.0003889999998136773
12.739872,-0.001511000000164131,-0.00029500000018742865,-0.00011456494157917893,-0.0005055920747744274,0.0003889999998136773
12.759872,0.0005789999997887207,-0.00033300000018243736,-4.1304707252159456e-05,0.00010865034945792054,0.0003889999998136773
12.779872,0.0003889999998136773,8.4999999808133e-05,1.2269437535218674e-05,7.986247067117294e-05,0.0003889999998136773
12.799872,0.0003889999998136773,0.00046499999980369465,-6.3111805667665655e-06,0.00014673892754732594,0.0003889999998136773
12.819872,0.0005789999997887207,4.69999998131243e-05,-0.0001267752990414767,0.00019855710936453176,0.0003889999998136773
12.839872,0.0003889999998136773,-0.00033300000018243736,-0.0003388824726898869,-0.0001867575759392941,0.0003889999998136773
12.859871,-0.001511000000164131,-0.0007510000001730077,-0.0005974261189923638,-0.0009529580421244533,-0.001511000000164131
12.879871,-0.001511000000164131,-0.0012070000001585869,-0.0008466092527862453,-0.0012979696971305425,-0.001511000000164131
12.899871,-0.0017010000001391745,-0.0015870000001541485,-0.001049148035071918,-0.0012736107227689377,-0.001511000000164131
12.919871,-0.0017010000001391745,-0.0012070000001585869,-0.001201768669057777,-0.001047293706454087,-0.001511000000164131
12.939871,-0.001511000000164131,-0.0008270000001630251,-0.001326157565239164,-0.0011044265735868698,-0.001511000000164131
12.95987,0.0003889999998136773,-0.0007890000001680164,-0.0014395028167486826,-0.0010092051283668016,-0.001511000000164131
12.97987,0.0003889999998136773,-0.001169000000163578,-0.0015234830302986362,-0.0012798111889696492,-0.001511000000164131
12.99987,-0.001511000000164131,-0.001169000000163578,-0.0015155884509517321,-0.001362188811350232,-0.001511000000164131
13.01987,-0.003601000000116983,-0.0015490000001591397,-0.0013356852260904164,-0.0016482960374585693,-0.001511000000164131
13.03987,-0.001511000000164131,-0.001511000000164131,-0.0009375883458135261,-0.0011748461540157513,-0.001511000000164131
13.059869,-0.001511000000164131,-0.0010930000001735606,-0.0003558391219701335,-0.0007563146854920851,-0.001511000000164131
13.079869,0.0005789999997887207,0.00046499999980369465,0.00028271099950312,0.00010953613034623519,0.0005789999997887207
13.099869,0.0005789999997887207,0.0008449999997992563,0.0007939489899216593,0.000904524475323442,0.0005789999997887207
13.119869,0.004188999999769294,0.001224999999794818,0.0010041950948626744,0.0012699090907024658,0.0005789999997887207
13.139868,0.0003889999998136773,0.0008069999998042476,0.0008193117852469912,0.0010812377620373684,0.0003889999998136773
13.159868,0.0003889999998136773,0.0003889999998136773,0.00026346020116761314,0.000549769230578223,0.0003889999998136773
13.179868,-0.001511000000164131,-0.0007510000001730077,-0.0005282784352671434,-0.0006150326342058005,-0.001511000000164131
13.199868,-0.001511000000164131,-0.001511000000164131,-0.0013567413270214519,-0.0015668041959657714,-0.001511000000164131
13.219868,-0.001511000000164131,-0.0022710000001552543,-0.002023125171072044,-0.0025916526808041967,-0.001511000000164131
13.239868,-0.0034110000001419394,-0.0022710000001552543,-0.0023871645762535976,-0.002516361305513701,-0.001511000000164131
13.259867,-0.0034110000001419394,-0.0022710000001552543,-0.002401647839296939,-0.002201909091065158,-0.001511000000164131
13.279867,-0.001511000000164131,-0.0018910000001596927,-0.002114569888959172,-0.0016722121213762818,-0.001511000000164131
13.299867,-0.001511000000164131,-0.0011310000001685694,-0.0016402062547272993,-0.0014972703964342146,-0.001511000000164131
13.319867,0.0003889999998136773,-0.0007510000001730077,-0.001111837271993752,-0.0011185990677654526,-0.001511000000164131
13.339866,0.0003889999998136773,-0.0007890000001680164,-0.0006369780693848829,-0.0007399277390972207,-0.001511000000164131
13.359866,-0.001511000000164131,-0.00040900000017245474,-0.00027382934529105834,-0.00013095338012917787,0.0003889999998136773
13.379866,-0.0017010000001391745,-0.00040900000017245474,-3.42334913270084e-05,-0.0001420256412010447,0.0003889999998136773
13.399866,0.0003889999998136773,-2.900000017689308e-05,9.771203364076032e-05,-5.566200483868186e-05,0.0003889999998136773
13.419866,0.0003889999998136773,-2.900000017689308e-05,0.00014843374876534292,8.384848466938354e-05,0.0003889999998136773
13.439866,0.0022889999997914856,0.0003889999998136773,0.00014782945786608092,0.00011706526788445392,0.0003889999998136773
13.459865,-0.001511000000164131,0.0003889999998136773,0.00012792307229459325,0.00028757808839342824,0.0003889999998136773
13.479865,0.0003889999998136773,8.999999818115611e-06,0.00011813300294546665,3.2916083732012204e-05,0.0003889999998136773
13.499865,0.0003889999998136773,-0.0003710000001774461,0.00013477424906872048,-6.983449901355469e-05,0.0003889999998136773
13.519865,-0.001511000000164131,8.999999818115611e-06,0.0001714944368492356,0.00019811421892964936,0.0003889999998136773
13.539865,0.0003889999998136773,0.0003889999998136773,0.0002000268465967297,0.0002623333331461588,0.0003889999998136773
13.559864,0.0003889999998136773,0.000426999999808686,0.0001854498426475227,0.0005701421909500974,0.0003889999998136773
13.579864,0.0022889999997914856,0.000426999999808686,0.000110120070616141,-7.510256428580961e-05,0.0003889999998136773
13.599864,0.0005789999997887207,4.69999998131243e-05,-8.574839683771143e-06,-8.778321696730729e-05,0.0003889999998136773
13.619864,-0.001511000000164131,-0.00033300000018243736,-0.00012120353998354785,1.932634013682879e-05,-0.001511000000164131
13.639863,-0.001511000000164131,-0.0003310000001874869,-0.00017140521713039758,-0.00019710722629673485,-0.001511000000164131
13.659863,-0.001511000000164131,-0.0003310000001874869,-0.00012738781985142367,-5.9461538653533255e-05,-0.001511000000164131
13.679863,0.002298999999766238,4.899999980807479e-05,1.4691556175268836e-06,-0.0004056386948237711,0.0003889999998136773
13.699863,0.0005789999997887207,0.0004289999998036365,0.00017219569467015166,7.53869461979378e-05,0.0003889999998136773
13.719863,0.0003889999998136773,0.0004289999998036365,0.00033097964505354293,0.0007118438226421829,0.0003889999998136773
13.739862,0.0003889999998136773,0.0004289999998036365,0.000434185940057005,0.0006498391606371849,0.0003889999998136773
13.759862,-0.001511000000164131,0.0004289999998036365,0.00045787825751676203,0.00042349883430067294,0.0003889999998136773
13.779862,0.002298999999766238,4.899999980807479e-05,0.00039780456469341136,-1.1466200655879731e-05,0.0003889999998136773
13.799862,0.0005789999997887207,4.899999980807479e-05,0.00026635810989949154,0.0002682773890847476,0.0003889999998136773
13.819862,-0.001511000000164131,0.0004289999998036365,8.959062010692605e-05,0.00010450116530967188,0.0003889999998136773
13.839861,0.0003889999998136773,4.69999998131243e-05,-9.640628764623712e-05,0.00016813752894755202,0.0003889999998136773
13.859861,0.0003889999998136773,-0.0003710000001774461,-0.0002504793994917274,-4.305128223541785e-05,0.0003889999998136773
13.879861,0.0003889999998136773,8.999999818115611e-06,-0.0003331424144188765,-0.0005290652682392376,0.0003889999998136773
13.899861,-0.001511000000164131,-0.0003710000001774461,-0.00031636760791588475,-0.0005268508160224262,0.0003889999998136773
13.919861,0.0003889999998136773,-0.0003710000001774461,-0.00019608911294284208,-0.0001555454547259447,0.0003889999998136773
13.939861,-0.001511000000164131,-0.0003710000001774461,-1.8868563550388736e-06,4.4571095386218324e-05,0.0003889999998136773
13.95986,0.0003889999998136773,0.00039099999980862776,0.00020479220039951634,8.944289025602476e-05,0.0003889999998136773
13.97986,0.0003889999998136773,0.00039099999980862776,0.0003486713277614434,0.00020671561752841193,0.0003889999998136773
13.99986,0.002298999999766238,0.00039099999980862776,0.00037014260414268695,0.0007670885778921509,0.0003889999998136773
14.01986,0.0003889999998136773,0.00039099999980862776,0.0002523743994712237,0.00029086480167237345,0.0003889999998136773
14.03986,-0.001511000000164131,0.0004289999998036365,3.115039211839567e-05,0.00010228671309604051,0.0003889999998136773
14.059859,0.0003889999998136773,-0.000713000000177999,-0.00021818485892770574,-0.0005365011656818016,0.0003889999998136773
14.079859,0.0005789999997887207,-0.000713000000177999,-0.00040971908490894436,-0.0002024918416788855,0.0003889999998136773
14.099859,-0.0034110000001419394,-0.00033300000018243736,-0.0004782051972149173,-0.0009223053614765522,0.0003889999998136773
14.119859,0.0003889999998136773,8.4999999808133e-05,-0.0003996761035730884,-0.0001940769232624224,0.0003889999998136773
14.139858,0.0003889999998136773,-0.0007510000001730077,-0.00019410150628690895,9.461771542679503e-05,0.0003889999998136773
14.159858,0.002478999999766529,0.0008089999997991981,8.830364365471754e-05,8.811421892487793e-05,0.0003889999998136773
14.179858,-0.003601000000116983,0.0004289999998036365,0.0003868761900254947,0.00019613286694322957,0.0003889999998136773
14.199858,0.00438899999971909,0.0004289999998036365,0.0006453450925296733,0.0006198624706635675,0.0003889999998136773
14.219858,-0.001511000000164131,4.899999980807479e-05,0.0008182578598580725,0.0007766223774167199,0.0003889999998136773
14.239857,0.0003889999998136773,0.001228999999784719,0.0008732372069895288,0.0011302121209983208,0.0005789999997887207
14.259857,0.0005789999997887207,0.0008109999997941486,0.0007951464182745884,0.0005322634030598823,0.0005789999997887207
14.279857,0.002298999999766238,0.0008109999997941486,0.0005941556912198654,0.0009010046617971448,0.0005789999997887207
14.299857,0.002298999999766238,1.2999999808016582e-05,0.0003118881507957516,-6.295804214544897e-05,0.0005789999997887207
14.319857,-0.001511000000164131,0.00031899999980851136,1.4976641799219144e-05,0.0001554568762660543,0.0021089999997911946
14.339857,-0.003601000000116983,-0.0004430000001775625,-0.00022792645561685258,-0.00028845920763855855,-0.001511000000164131
14.359856,0.0021089999997911946,-0.0008250000001680746,-0.0003743849183783221,-0.0003296013987770472,-0.001511000000164131
14.379856,-0.001511000000164131,-0.00044500000017251297,-0.00042275685541457933,-0.00048615151532517965,0.0003889999998136773
14.399856,0.0003889999998136773,0.00039099999980862776,-0.0004038134684469048,-0.0005367109558820519,0.0003889999998136773
14.419856,0.0003889999998136773,-0.00033300000018243736,-0.00035709303266225436,-0.00014030069948204807,0.0003889999998136773
14.439856,0.0005789999997887207,-0.00033300000018243736,-0.000308637269634681,-6.524242443201384e-05,0.0003889999998136773
14.459856,-0.001511000000164131,-0.00029300000019247816,-0.00026310915759704417,-0.0003078764570725052,0.0003889999998136773
14.479855,-0.001511000000164131,-0.000253000000202519,-0.0002119951573092055,-0.00013605827526199513,0.0005789999997887207
14.499855,0.0005889999997634732,-0.00025100000020756853,-0.00014869290526793664,-0.000191536130745535,0.0005889999997634732
14.519855,0.0005889999997634732,-0.00025100000020756853,-7.877517431710728e-05,-0.0004923752915809431,0.0005889999997634732
14.539855,0.0005889999997634732,0.00013099999978294363,-2.0880795623557156e-05,-0.000114636363846468,0.0005889999997634732
14.559854,-0.001511000000164131,-0.0002890000002025772,-1.8595150260580601e-06,0.00021809090887710362,0.0003989999997884297
14.579854,0.0003989999997884297,5.299999979797576e-05,-5.046249728988228e-05,9.524708604132632e-05,0.0003989999997884297
14.599854,-0.001511000000164131,-0.0003670000001875451,-0.00018930383290534448,-0.00030778321697314036,-0.001511000000164131
14.619854,0.002298999999766238,-0.0003670000001875451,-0.00042366004174934695,-0.0007058251750028462,-0.001511000000164131
14.639853,-0.001511000000164131,-0.0007490000001780572,-0.0007305221993369622,-0.0007052424244199768,-0.001511000000164131
14.659853,-0.001511000000164131,-0.0007490000001780572,-0.0010555852503570948,-0.0003274102565972671,-0.001511000000164131
14.679853,-0.001511000000164131,-0.001129000000173619,-0.00132303589690993,-0.0013767342659018935,-0.001511000000164131
14.699853,-0.001511000000164131,-0.001129000000173619,-0.0014555872805970922,-0.0017061048952682863,-0.001511000000164131
14.719853,0.0003989999997884297,-0.001927000000159751,-0.0013980468850133413,-0.00178174592090543,-0.001511000000164131
14.739852,-0.001511000000164131,-0.001165000000173677,-0.001138641851253311,-0.0008706503498300545,-0.001511000000164131
14.759852,-0.005501000000094791,-0.0004030000001876033,-0.0007224001571581207,-0.000617643356829012,0.0003989999997884297
14.779852,0.002298999999766238,-0.0003650000001925946,-0.00024792346548498453,-0.0003423752915674498,0.0005889999997634732
14.799852,0.002298999999766238,-0.0003650000001925946,0.00015873565872742893,-8.936829856640721e-05,0.0005889999997634732
14.819852,0.0005889999997634732,0.0008149999997840496,0.0003859751428271533,0.00041657575736751487,0.0005889999997634732
14.839852,-0.001511000000164131,0.00043499999978848793,0.00037436477388667585,0.0004969953377828087,0.0003989999997884297
14.859851,0.0003989999997884297,5.4999999792926244e-05,0.00013337181098095673,0.0005549207457050716,0.0003989999997884297
14.879851,0.0003989999997884297,-0.0007450000001881562,-0.0002649630322809666,-0.00034144289064164313,0.0003989999997884297
14.899851,0.0003989999997884297,-0.00036300000019764413,-0.0007081293875828789,-0.0009741934733788815,0.0003989999997884297
14.919851,-0.0034110000001419394,-0.0007450000001881562,-0.0010743939392954004,-0.000985125874309121,0.0003989999997884297
14.939851,0.0003989999997884297,-0.00150700000017423,-0.0012678546878942022,-0.0013730279722065472,-0.001511000000164131
14.95985,-0.001511000000164131,-0.00150700000017423,-0.0012492376783007281,-0.0013518158509923306,-0.001511000000164131
14.97985,-0.0034110000001419394,-0.0011270000001786685,-0.001052059572208174,-0.0013085757577501061,-0.001511000000164131
14.99985,0.0003989999997884297,-0.0007470000001831067,-0.0007755701425543521,-0.0008381561773384207,-0.001511000000164131
15.01985,-0.001511000000164131,-0.0007470000001831067,-0.0005520831800549842,-0.00014174592093899084,-0.001511000000164131
15.03985,0.002298999999766238,1.4999999802967067e-05,-0.0004968598875229118,-0.00032580186499293624,0.0003989999997884297
15.059849,-0.001511000000164131,-0.0003670000001875451,-0.0006599209024596487,-0.0004736806528688424,-0.001511000000164131
15.079849,0.0003989999997884297,-0.0007470000001831067,-0.0010025214119790788,-0.0008223986015782281,-0.001511000000164131
15.099849,-0.001511000000164131,-0.001927000000159751,-0.0014115796504781957,-0.00177498601414669,-0.001511000000164131
15.119849,-0.0034110000001419394,-0.001927000000159751,-0.0017473503023430084,-0.0020474801866365924,-0.001511000000164131
15.139848,-0.003601000000116983,-0.002309000000150263,-0.0019025069239049044,-0.002204473193628087,-0.001511000000164131
15.159848,-0.001511000000164131,-0.001927000000159751,-0.0018437379967326695,-0.001682655011819837,-0.001511000000164131
15.179848,-0.001511000000164131,-0.001165000000173677,-0.0016155143812155535,-0.001521116550283764,-0.001511000000164131
15.199848,0.0003989999997884297,-0.0007470000001831067,-0.0013068103934087607,-0.0011544265736026745,-0.001511000000164131
15.219848,0.0003989999997884297,-0.0007470000001831067,-0.0010024148357737738,-0.0007447529139356536,-0.001511000000164131
15.239848,-0.001511000000164131,-0.0007470000001831067,-0.0007471437838623815,-0.0005791351983210854,-0.001511000000164131
15.259847,-0.001511000000164131,-0.0007490000001780572,-0.0005397555387710883,-0.0007872937064708029,-0.001511000000164131
15.279847,-0.001511000000164131,-0.0007510000001730077,-0.0003525620581793174,-0.0003226083917900357,-0.001511000000164131
15.299847,0.0003889999998136773,-0.0003710000001774461,-0.00015797042673945902,-0.000488365967540931,0.0003889999998136773
15.319847,0.0003889999998136773,0.00039099999980862776,5.579639336997856e-05,0.00015967599048988647,0.0003889999998136773
15.339846,0.0003889999998136773,0.00039099999980862776,0.0002845613789555081,0.0003627529135613084,0.0003889999998136773
15.359846,0.002298999999766238,0.0007729999997991399,0.0005158067050150455,0.0006889766897771329,0.0003889999998136773
15.379846,-0.001511000000164131,0.00039299999980357825,0.0007331161420038632,0.0006507249415254993,0.0003889999998136773
15.399846,0.002298999999766238,0.0008109999997941486,0.0009130082695168268,0.0008840582748527329,0.002298999999766238
15.419846,-0.001511000000164131,0.0004289999998036365,0.001019241257233396,0.00080844055923672,0.0003889999998136773
15.439846,0.002478999999766529,0.0011909999997897103,0.0010043394642645096,0.0008627762235724726,0.002298999999766238
15.459845,0.0003889999998136773,0.0004289999998036365,0.0008239974901260395,0.000843335664133295,0.0003889999998136773
15.479845,0.002298999999766238,0.0008469999997942068,0.0004601293788314053,0.0006928927736870399,0.0005789999997887207
15.499845,-0.001511000000164131,8.699999980308349e-05,-5.965771438012844e-05,-0.00010547552467165709,0.0003889999998136773
15.519845,0.0005789999997887207,-0.0006350000001930312,-0.0006582710755514832,-0.0004238671330613077,-0.0013210000001890876
15.539845,-0.0013210000001890876,-0.001397000000179105,-0.001225391412390558,-0.0013013729605538342,-0.001511000000164131
15.559844,-0.003221000000166896,-0.001397000000179105,-0.0016484854674181154,-0.0017472937064665277,-0.001511000000164131
15.579844,-0.001511000000164131,-0.0018150000001696752,-0.0018467109716122502,-0.0017013962705688997,-0.001511000000164131
15.599844,-0.001511000000164131,-0.001853000000164684,-0.0017948089251421714,-0.001871909091075224,-0.001511000000164131
15.619844,-0.001511000000164131,-0.0010930000001735606,-0.0015290645017620643,-0.001831442890604129,-0.001511000000164131
15.639844,-0.001511000000164131,-0.001511000000164131,-0.0011353736050549053,-0.0012145664337364487,-0.001511000000164131
15.659843,0.0005789999997887207,-0.0007490000001780572,-0.0007249295781306573,-0.00047612820530915545,-0.001511000000164131
15.679843,-0.003601000000116983,-0.0003310000001874869,-0.0004039344057033373,-0.00025831934750642274,0.0005789999997887207
15.699843,0.002298999999766238,4.899999980807479e-05,-0.00024295335158429604,-7.8832168021897e-05,0.0005789999997887207
15.719843,0.0005789999997887207,-0.0003690000001824956,-0.0002529670939121423,-0.00024060372979101195,0.0003889999998136773
15.739842,0.0003889999998136773,4.899999980807479e-05,-0.0003785401388317042,-0.00020950815869603829,0.0003889999998136773
15.759842,-0.001511000000164131,-0.000713000000177999,-0.0005172910728551387,-0.0007601142192883861,-0.001511000000164131
15.779842,-0.001511000000164131,-0.0007510000001730077,-0.0005634702009344041,-0.0007045198136944206,-0.001511000000164131
15.799842,-0.001511000000164131,-0.001169000000163578,-0.00045759284507102194,-0.0009354988346674556,-0.001511000000164131
15.819842,0.0003889999998136773,-0.00040700000017750425,-0.00021696840507770378,-0.0002276666668458014,-0.001511000000164131
15.839842,-0.0017010000001391745,0.00039099999980862776,6.98825958130209e-05,0.0002448041956156973,0.0003889999998136773
15.859841,0.002298999999766238,0.0007709999998041894,0.00028386132210991166,0.000634664335469932,0.0003889999998136773
15.879841,0.002478999999766529,0.00039099999980862776,0.00033189431609284586,0.0004237319345411349,0.0003889999998136773
15.899841,0.0003889999998136773,0.0004289999998036365,0.0001910306496451427,0.00018200699281644938,0.0003889999998136773
15.919841,-0.001511000000164131,-0.00033300000018243736,-8.285160376731343e-05,-1.5662004851690637e-05,-0.001511000000164131
15.939841,-0.001511000000164131,-0.000713000000177999,-0.00038440086726163926,-0.0003287156179019829,-0.001511000000164131
15.95984,-0.001511000000164131,-0.000713000000177999,-0.0006067022413946664,-0.0009728414920128234,-0.001511000000164131
15.97984,0.0005789999997887207,-0.000713000000177999,-0.0006808483079293166,-0.0007616293708055423,-0.001511000000164131
15.99984,0.0003889999998136773,-0.00033300000018243736,-0.0005916760283358225,-0.0005224685316490859,0.0003889999998136773
16.01984,-0.001511000000164131,8.4999999808133e-05,-0.0003719097559787852,-0.0003696713288565824,0.0003889999998136773
16.03984,0.0003889999998136773,-0.00033300000018243736,-8.605294378422545e-05,-0.00022838927757559788,0.0003889999998136773
16.059839,0.0005789999997887207,-0.00029500000018742865,0.00018736083592105855,0.0005023799531829798,0.0003889999998136773
16.079839,-0.001511000000164131,0.00046499999980369465,0.0003732797791671662,0.00045809090889445257,0.0005789999997887207
16.099839,0.0005789999997887207,0.000882999999794265,0.0004186055944366185,0.0003256666664690534,0.0005789999997887207
16.119839,0.0022889999997914856,8.4999999808133e-05,0.0003101551974550957,0.00045631934712100344,0.0005789999997887207
16.139838,0.002478999999766529,8.4999999808133e-05,8.423559850108453e-05,-5.52191144090998e-05,0.0005789999997887207
16.159838,-0.0034110000001419394,4.69999998131243e-05,-0.00018308560190403365,-0.00028773659691989223,0.0003889999998136773
16.179838,-0.001511000000164131,-0.000713000000177999,-0.0004072015754252502,-0.00020093007011363694,-0.001511000000164131
16.199838,0.0003889999998136773,-0.0011310000001685694,-0.000533200137387697,-0.0007837738929450358,-0.001511000000164131
16.219838,-0.001511000000164131,-0.0003710000001774461,-0.0005588029880407439,-0.0008475501167229531,0.0003889999998136773
16.239838,0.0003889999998136773,-0.0003710000001774461,-0.0005296077206054996,-0.000599531468706671,0.0003889999998136773
16.259837,0.0003889999998136773,-0.00033300000018243736,-0.000511839249596738,-0.00021377389295683264,0.0003889999998136773
16.279837,-0.001511000000164131,-0.00033300000018243736,-0.0005587305755894162,-0.00018498601417008513,0.0003889999998136773
16.299837,0.0005789999997887207,-0.000713000000177999,-0.0006865326252032687,-0.0005813729605526678,-0.001511000000164131
16.319837,-0.001511000000164131,-0.000713000000177999,-0.0008689468142499735,-0.0007563146854920851,-0.001511000000164131
16.339837,-0.001511000000164131,-0.0010930000001735606,-0.001050000795860412,-0.0015468741260414992,-0.001511000000164131
16.359836,0.0003889999998136773,-0.001511000000164131,-0.0011687324055019654,-0.0015136573428237788,-0.001511000000164131
16.379836,-0.0034110000001419394,-0.001511000000164131,-0.0011855369921479411,-0.000900254079425823,-0.001511000000164131
16.399836,-0.001511000000164131,-0.0007510000001730077,-0.001099167118149699,-0.0011460582752247637,-0.001511000000164131
16.419836,-0.001511000000164131,-0.0007510000001730077,-0.0009456652191377979,-0.0007270839162572051,-0.001511000000164131
16.439836,0.0022889999997914856,-0.0007510000001730077,-0.0007783599223164427,-0.0006163613055358872,-0.001511000000164131
16.459835,0.0003889999998136773,-0.0003710000001774461,-0.0006403117577961295,-0.0009733310024995078,0.0003889999998136773
16.479835,-0.0034110000001419394,-0.0003710000001774461,-0.000547372891887985,-0.0003067808859595597,0.0003889999998136773
16.499835,0.0003889999998136773,-0.0011310000001685694,-0.0004918743069472516,-0.0005596713288469966,-0.001511000000164131
16.519835,-0.001511000000164131,-0.000713000000177999,-0.00045971955347920006,-0.00048437995356021045,-0.001511000000164131
16.539835,-0.001511000000164131,-0.00033300000018243736,-0.00044406178965963975,-0.0008431212122999303,-0.001511000000164131
16.559834,0.002478999999766529,-0.00029500000018742865,-0.00044465139199153543,-0.00031165268083919475,-0.001511000000164131
16.579834,-0.001511000000164131,-0.00029500000018742865,-0.00045589428983446067,-8.577855496823641e-05,-0.001511000000164131
16.599834,0.0005789999997887207,8.4999999808133e-05,-0.00045640439066991096,-0.0004090885782739545,0.0003889999998136773
16.619834,-0.001511000000164131,-0.000713000000177999,-0.00041151759108227576,-0.00024521911440481415,-0.001511000000164131
16.639833,0.0003889999998136773,-0.00033300000018243736,-0.0002901175989366579,-0.00031608158526380754,0.0003889999998136773
16.659833,-0.001511000000164131,-0.0003710000001774461,-8.672999655375758e-05,-0.0006659650351394619,0.0003889999998136773
16.679833,0.0003889999998136773,8.999999818115611e-06,0.00016412711714243307,2.5386946204393636e-05,0.0003889999998136773
16.699833,0.0003889999998136773,8.999999818115611e-06,0.00039108618359736096,0.0003819137527294221,0.0003889999998136773
16.719833,0.0003889999998136773,0.0007689999998092389,0.0005083472822428607,0.0009381841489914148,0.0003889999998136773
16.739832,0.0003889999998136773,0.0007689999998092389,0.0004499933733867275,0.0006060163168274613,0.0003889999998136773
16.759832,0.0022889999997914856,0.0003889999998136773,0.0002020422945008463,0.00019147086228875546,0.0003889999998136773
16.779832,0.0003889999998136773,-0.0003710000001774461,-0.00018369262710075376,-0.0004130745922520249,0.0003889999998136773
16.799832,-0.001511000000164131,-0.0007510000001730077,-0.0006041714693689217,-0.0005703006994781511,-0.001511000000164131
16.819832,-0.0034110000001419394,-0.0010930000001735606,-0.0009443831020456336,-0.0007983892775653909,-0.001511000000164131
16.839831,-0.001511000000164131,-0.0010930000001735606,-0.001121879871962737,-0.0012124918416639143,-0.001511000000164131
16.859831,0.0005789999997887207,-0.0010930000001735606,-0.001113081884530385,-0.0012501375293094274,-0.001511000000164131
16.879831,0.0003889999998136773,-0.000713000000177999,-0.0009512237575469529,-0.0010264778556521004,-0.001511000000164131
16.899831,-0.001511000000164131,-0.00033300000018243736,-0.0007051053638776781,-0.0008161048952808015,0.0003889999998136773
16.919831,-0.001511000000164131,-0.0007510000001730077,-0.00045517607430108775,-0.00018498601416796505,-0.001511000000164131
16.939831,0.0003889999998136773,-0.0007510000001730077,-0.0002753312479435985,-0.00018277156195168373,-0.001511000000164131
16.95983,-0.001511000000164131,8.999999818115611e-06,-0.00021807095926267307,-0.00011589510507553074,0.0003889999998136773
16.97983,0.0003889999998136773,8.999999818115611e-06,-0.00029939656308822915,-0.0004299044290807111,0.0003889999998136773
16.99983,0.0022889999997914856,-0.0003710000001774461,-0.0004871599135133132,-0.0004896946388683677,-0.001511000000164131
17.01983,-0.001511000000164131,-0.0007890000001680164,-0.00070335048084489,-0.0006823519815221357,-0.001511000000164131
17.039829,-0.001511000000164131,-0.0007890000001680164,-0.0008481737622796553,-0.001052165501330542,-0.001511000000164131
17.059829,-0.003601000000116983,-0.001169000000163578,-0.0008401196166918759,-0.0005627715619420523,-0.001511000000164131
17.079829,0.0003889999998136773,-0.0007890000001680164,-0.0006517961005701744,-0.0005224685316416658,0.0003889999998136773
17.099829,0.0003889999998136773,-2.900000017689308e-05,-0.00032091445854360613,-0.0009148694640345182,0.0003889999998136773
17.119829,0.0003889999998136773,0.0003889999998136773,6.814590101981299e-05,3.5130535952533734e-05,0.0003889999998136773
17.139829,0.0022889999997914856,-2.900000017689308e-05,0.0004184408507562846,0.0005599557107691952,0.0003889999998136773
17.159828,-0.001511000000164131,0.0007689999998092389,0.0006512076825208776,0.0009341981350043342,0.0003889999998136773
17.179828,-0.0017010000001391745,0.0007689999998092389,0.000723568046351869,0.0010050606058654475,0.0003889999998136773
17.199828,0.004378999999744337,0.0003889999998136773,0.0006355719510194431,0.0006131025639138377,0.0003889999998136773
17.219828,0.0003889999998136773,0.0007689999998092389,0.0004308657495697632,0.00026986247067907726,0.0003889999998136773
17.239827,0.0003889999998136773,0.0003889999998136773,0.00018756602531501464,-2.4659673838832967e-05,0.0003889999998136773
17.259827,0.0003889999998136773,-0.00040900000017245474,-7.145026972593572e-06,0.0001325664333857034,0.0003889999998136773
17.279827,-0.003601000000116983,-0.00040900000017245474,-9.475643912474562e-05,-0.00033911188828737563,0.0003889999998136773
17.299827,0.0003889999998136773,-0.00040900000017245474,-7.687101946451257e-05,-0.0005277832169524731,0.0003889999998136773
17.319827,0.0003889999998136773,-0.00040900000017245474,-1.8850402333311795e-05,0.00023708857790577946,0.0003889999998136773
17.339826,0.0003889999998136773,0.0007689999998092389,-1.8355052771066355e-05,0.0001662261070451961,0.0003889999998136773
17.359826,0.0003889999998136773,0.0003889999998136773,-0.00015294951586410712,8.207692289699455e-05,0.0003889999998136773
17.379826,0.0022889999997914856,-0.00040900000017245474,-0.00043457963757402785,2.893006974970201e-05,0.0003889999998136773
17.399826,-0.001511000000164131,-0.0007890000001680164,-0.0007963813099800708,-0.0009547296038957824,-0.001511000000164131
17.419826,-0.003601000000116983,-0.001169000000163578,-0.0011204904418804413,-0.0015371305362896492,-0.001511000000164131
17.439825,-0.001511000000164131,-0.0019290000001547015,-0.001292562453215366,-0.0013595314686948284,-0.001511000000164131
17.459825,-0.001511000000164131,-0.0015490000001591397,-0.0012532242035706658,-0.00139496270412406,-0.001511000000164131
17.479825,-0.001511000000164131,-0.0003710000001774461,-0.0010199408770092183,-0.001040650349815313,-0.001511000000164131
17.499825,0.0003889999998136773,-0.00040900000017245474,-0.0006720313139202516,-0.00025230536148006005,-0.001511000000164131
17.519825,0.0022889999997914856,-2.900000017689308e-05,-0.0003125559418919025,-0.00022573193490853396,0.0003889999998136773
17.539824,-0.0017010000001391745,-2.900000017689308e-05,-3.0909942999931876e-05,-4.901864819513771e-05,0.0003889999998136773
17.559824,0.0003889999998136773,-0.00040900000017245474,0.00011547303653828714,-0.00011766666684261985,-0.001511000000164131
17.579824,-0.001511000000164131,-0.00040900000017245474,9.865059864256568e-05,-8.887878805587216e-05,-0.001511000000164131
17.599824,-0.001511000000164131,-0.0003710000001774461,-8.915208601010125e-05,-0.00020624475542179406,-0.001511000000164131
17.619824,0.0022889999997914856,-0.0003710000001774461,-0.00043583088921826576,-0.00042547552465185834,-0.001511000000164131
17.639823,-0.001511000000164131,-0.0003710000001774461,-0.0008974765583726352,-0.000573843823020809,-0.001511000000164131
17.659823,0.0003889999998136773,-0.0007510000001730077,-0.001387042717290258,-0.0011655454547136236,-0.001511000000164131
17.679823,-0.001511000000164131,-0.0018910000001596927,-0.0017817436454243493,-0.001602235431396593,-0.001511000000164131
17.699823,-0.0034110000001419394,-0.0018910000001596927,-0.001957050704711461,-0.002166920746077699,-0.001511000000164131
17.719823,-0.0034110000001419394,-0.0022710000001552543,-0.0018363907010857162,-0.0024260116551674373,-0.001511000000164131
17.739822,-0.001511000000164131,-0.001853000000164684,-0.0014313572733005689,-0.0013431445223142744,-0.001511000000164131
17.759822,-0.001511000000164131,-0.000713000000177999,-0.0008478926042011935,-0.0007607435899209378,-0.001511000000164131
17.779822,0.0005789999997887207,0.000426999999808686,-0.0002505369605686113,4.31025639155646e-05,0.0005789999997887207
17.799822,0.0022889999997914856,0.000426999999808686,0.0002002034061675583,0.00037482750563880583,0.0005789999997887207
17.819822,0.0022889999997914856,0.000426999999808686,0.0004066875147784315,0.00040140093221033193,0.0005789999997887207
17.839822,-0.001511000000164131,8.999999818115611e-06,0.00035995349574711224,0.0003128228436327477,-0.001511000000164131
17.859821,-0.001511000000164131,-0.00033300000018243736,0.0001228922533847014,-0.00011058041976313364,-0.001511000000164131
17.879821,-0.001511000000164131,-0.000713000000177999,-0.0002126869784958286,-0.0002828648020482071,-0.001511000000164131
17.899821,0.0005789999997887207,-0.000713000000177999,-0.0005652983613886513,-0.0007740303032096159,-0.001511000000164131
17.919821,0.0003889999998136773,-0.00029500000018742865,-0.0008792824850237307,-0.0009046829838599759,0.0003889999998136773
17.939821,-0.001511000000164131,-0.000713000000177999,-0.0011188618766532887,-0.0009051258742996283,0.0003889999998136773
17.95982,0.0005789999997887207,-0.0011310000001685694,-0.0012578635156413368,-0.0009228414920155689,-0.001511000000164131
17.97982,-0.003601000000116983,-0.001511000000164131,-0.0012796168280820492,-0.0012576666668343962,-0.001511000000164131
17.99982,-0.001511000000164131,-0.0010930000001735606,-0.0011876046187314594,-0.0014990419582076638,-0.001511000000164131
18.01982,-0.001511000000164131,-0.001511000000164131,-0.001015223559576933,-0.0009693449885209075,-0.001511000000164131
18.039819,0.0005789999997887207,-0.0006750000001829904,-0.0008219709777872492,-0.0009321421913176967,-0.001511000000164131
18.059819,-0.001511000000164131,-0.00029500000018742865,-0.0006734298707664753,-0.0007572004663803997,0.0003889999998136773
18.079819,0.0005789999997887207,-0.0006750000001829904,-0.0006144881855030928,-0.0004604638696509778,0.0003889999998136773
18.099819,0.0003889999998136773,-0.0006750000001829904,-0.0006499391523260793,-0.000485265734452765,0.0003889999998136773
18.119819,-0.0034110000001419394,-0.0006750000001829904,-0.0007420539503823863,-0.0005295547787412923,0.0003889999998136773
18.139818,0.0005789999997887207,-0.0006750000001829904,-0.0008251511325512391,-0.0011035407927165758,0.0003889999998136773
18.159818,-0.001511000000164131,-0.001055000000178552,-0.0008290406770690308,-0.0008351491843310695,-0.001511000000164131
18.179818,0.0005789999997887207,-0.0006750000001829904,-0.0007016675550955877,-0.0009414428906224745,-0.001511000000164131
18.199818,-0.001511000000164131,-0.00029500000018742865,-0.00042523382546550125,-0.000329811188999558,-0.001511000000164131
18.219818,-0.001511000000164131,8.4999999808133e-05,-2.3292539282211315e-05,0.00038545687626201006,0.0003889999998136773
18.239818,0.002478999999766529,0.000426999999808686,0.00044333546547855164,0.0002548041956143001,0.0003889999998136773
18.259817,0.0003889999998136773,0.0008069999998042476,0.0008919564014246579,0.0008730792538823506,0.0003889999998136773
18.279817,0.0022889999997914856,0.0011869999997998093,0.0012393657282557017,0.0009040815848874997,0.0003889999998136773
18.299817,0.0003889999998136773,0.0011489999998048005,0.0014206215568017128,0.001599862470659678,0.0003889999998136773
18.319817,0.0003889999998136773,0.0011489999998048005,0.0014004379427146338,0.001408976689779889,0.0003889999998136773
18.339816,0.0022889999997914856,0.0011489999998048005,0.0011789461517729238,0.0012362494170546333,0.0003889999998136773
18.359816,0.0003889999998136773,0.0007689999998092389,0.0007950258259470349,0.0007911445219530806,0.0003889999998136773
18.379816,0.0022889999997914856,0.0008069999998042476,0.00032549328884556926,0.00020210023291195974,0.0005789999997887207
18.399816,-0.001511000000164131,-0.00033300000018243736,-0.00012604436060014088,0.00016666899747848807,0.0003889999998136773
18.419816,0.0005789999997887207,-0.00029500000018742865,-0.0004540947093150761,-0.0005268974360795287,0.0005789999997887207
18.439816,-0.0034110000001419394,-0.0006750000001829904,-0.0005840742676506902,-0.0007620722612526146,0.0003889999998136773
18.459815,0.0005789999997887207,-0.0006750000001829904,-0.0004988600045388088,-0.0005432843824690929,0.0003889999998136773
18.479815,0.0003889999998136773,-0.00029500000018742865,-0.00024528145036591684,-0.00039314452233305284,0.0003889999998136773
18.499815,-0.001511000000164131,0.0005029999997987033,8.369195913805316e-05,0.0004217738925721363,0.0005789999997887207
18.519814,0.002478999999766529,0.0005029999997987033,0.0003833818196527249,0.0002623333331329086,0.0005789999997887207
18.539814,0.0005789999997887207,0.000540999999793712,0.0005738803656100056,0.0007517272725208683,0.0005789999997887207
18.559814,0.0005789999997887207,0.000540999999793712,0.0006242397017854244,0.0006808648016592249,0.0005789999997887207
18.579814,0.0005789999997887207,0.0005029999997987033,0.0005561991187579534,0.0005679277387237456,0.0005789999997887207
18.599814,-0.001511000000164131,0.0005029999997987033,0.00042899441926127433,0.0003376247084239346,0.0005789999997887207
18.619814,0.0022889999997914856,8.4999999808133e-05,0.0003147153780930266,6.480419561222554e-05,0.0005789999997887207
18.639813,0.0005789999997887207,8.4999999808133e-05,0.00027451345939248704,0.00035976923057349825,0.0005789999997887207
18.659813,-0.001511000000164131,0.0008449999997992563,0.00034119171059651736,0.0004930792538819118,0.0005789999997887207
18.679813,0.0005789999997887207,0.0005029999997987033,0.0005100669861849494,0.0004532191140238274,0.0005789999997887207
18.699813,0.0022889999997914856,0.00046499999980369465,0.0007396384480015617,0.0008146177154147108,0.0005789999997887207
18.719813,0.0005789999997887207,0.0008449999997992563,0.0009620944740500781,0.0008544778552749152,0.0005789999997887207
18.739813,0.0003889999998136773,0.001224999999794818,0.0011000437636884892,0.0008323333331333017,0.0005789999997887207
18.759812,0.0003889999998136773,0.0008449999997992563,0.0010850037144027815,0.0013509580417519016,0.0003889999998136773
18.779812,0.002478999999766529,0.000426999999808686,0.0008756061519310613,0.0006755501163553077,0.0003889999998136773
18.799812,0.0003889999998136773,0.0008069999998042476,0.0004735799656570607,0.0005054801862875756,0.0003889999998136773
18.819812,-0.001511000000164131,4.69999998131243e-05,-6.757842541937862e-05,0.00015559673641139143,0.0003889999998136773
18.839812,0.0022889999997914856,-0.0003710000001774461,-0.000647328501185176,-0.00038871561789518986,0.0003889999998136773
18.859811,-0.0034110000001419394,-0.0011310000001685694,-0.0011388184555084111,-0.0011349860141550172,-0.001511000000164131
18.879811,0.0003889999998136773,-0.0011310000001685694,-0.0014228602409849195,-0.001823680652839229,-0.001511000000164131
18.899811,-0.0034110000001419394,-0.0018910000001596927,-0.0014266449968435102,-0.001509228438390686,-0.001511000000164131
18.919811,-0.001511000000164131,-0.0011310000001685694,-0.0011535128780503447,-0.0011128414920107534,-0.001511000000164131
18.93981,-0.001511000000164131,-0.0007510000001730077,-0.0006890834606612152,-0.0009024685316421045,-0.001511000000164131
18.95981,0.0003889999998136773,4.69999998131243e-05,-0.0001761300382884162,0.00036198368279401986,0.0003889999998136773
18.97981,0.0022889999997914856,0.000426999999808686,0.00023507432349527193,-1.491608410023298e-05,0.0003889999998136773
18.99981,0.0005789999997887207,0.0008069999998042476,0.0004400134171464477,0.0007140815848843654,0.0003889999998136773
19.01981,0.0003889999998136773,4.69999998131243e-05,0.00041205457747523877,0.0005701421909474474,0.0003889999998136773
19.039809,0.0003889999998136773,8.4999999808133e-05,0.00019969121806627106,0.00011175058256251654,0.0003889999998136773
19.059809,-0.0034110000001419394,-0.0003710000001774461,-0.00010585761753136988,-0.00014291142209465937,0.0003889999998136773
19.079809,0.002478999999766529,-0.0007510000001730077,-0.0004132754219964084,-0.0010309067600772432,-0.001511000000164131
19.099809,-0.0017010000001391745,-0.0007510000001730077,-0.0006636526033616965,-0.0006495780887520177,-0.001511000000164131
19.119809,-0.001511000000164131,-0.0007510000001730077,-0.0008424812391053668,-0.0009680163171855205,-0.001511000000164131
19.139808,0.0003889999998136773,-0.0007890000001680164,-0.0009718481376239348,-0.0008727948719628022,-0.001511000000164131
19.159808,-0.0034110000001419394,-0.001169000000163578,-0.0010892010875019217,-0.000531326340498311,-0.001511000000164131
19.179808,0.0022889999997914856,-0.0007890000001680164,-0.0012210628335870674,-0.0014348228439805544,0.0003889999998136773
19.199808,-0.003601000000116983,-0.001169000000163578,-0.001361696845193995,-0.001097783216947036,-0.001511000000164131
19.219808,0.0003889999998136773,-0.0012070000001585869,-0.0014666280866303197,-0.001370603729761395,-0.001511000000164131
19.239807,-0.001511000000164131,-0.0015870000001541485,-0.0014661741566921256,-0.001507899767055829,-0.001511000000164131
19.259807,-0.003601000000116983,-0.001169000000163578,-0.001295285656214432,-0.001326314685473928,-0.001511000000164131
19.279807,0.0003889999998136773,-0.001169000000163578,-0.0009272304887221026,-0.001448552447710475,-0.001511000000164131
19.299807,-0.001511000000164131,-0.0007890000001680164,-0.00039519030729644487,-0.00042768997686548984,0.0003889999998136773
19.319807,0.0003889999998136773,0.0003889999998136773,0.00020954437477377978,0.00028713519795006606,0.0003889999998136773
19.339806,0.0003889999998136773,0.0008069999998042476,0.0007638043578791587,0.0010223333331364362,0.0003889999998136773
19.359806,0.0022889999997914856,0.001566999999795371,0.001153667401580984,0.0016025198133129614,0.0022889999997914856
19.379806,0.002478999999766529,0.0011869999997998093,0.0013137869895485362,0.0008465058273113544,0.0022889999997914856
19.399806,0.0022889999997914856,0.0011869999997998093,0.0012469404824135462,0.0015090699298636922,0.0022889999997914856
19.419806,-0.001511000000164131,0.000426999999808686,0.0010136156256722536,0.0009178111886131801,0.0003889999998136773
19.439806,0.0003889999998136773,0.0008069999998042476,0.0006975815957718114,0.00029377855458777985,0.0003889999998136773
19.459805,-0.001511000000164131,-0.0003710000001774461,0.0003680849722472044,0.0001033356641518832,-0.001511000000164131
19.479805,0.004378999999744337,8.999999818115611e-06,6.011027105046758e-05,0.0001874848483048551,0.0003889999998136773
19.499805,-0.003601000000116983,0.00035099999981866856,-0.00022023540677523998,-2.5151516929792757e-06,0.0003889999998136773
19.519804,0.0003889999998136773,0.00035099999981866856,-0.0004747786480408467,-0.00034575524492773955,0.0003889999998136773
19.539804,0.002098999999816442,-0.0012070000001585869,-0.0006929389767859309,-0.0005074102565800684,-0.001511000000164131
19.559804,-0.001511000000164131,-0.0007890000001680164,-0.0008449443072473467,-0.0005716293707981677,-0.001511000000164131
19.579804,-0.0034110000001419394,-0.00040900000017245474,-0.0008933201672982738,-0.0012319790211384643,-0.001511000000164131
19.599804,-0.001511000000164131,-0.0011310000001685694,-0.0008157438529844867,-0.0008444498836199469,-0.001511000000164131
19.619804,0.0022889999997914856,-0.0011310000001685694,-0.0006234882238275601,-0.0009733310025037481,-0.001511000000164131
19.639803,-0.001511000000164131,-0.00033300000018243736,-0.0003630490771579518,-0.0004795081586922357,-0.001511000000164131
19.659803,-0.001511000000164131,0.00046499999980369465,-0.00010094907652648107,0.00014673892754732594,0.0005789999997887207
19.679803,0.0005789999997887207,8.4999999808133e-05,0.00010021999460155549,0.0004231025639085832,0.0003889999998136773
19.699803,0.002478999999766529,8.4999999808133e-05,0.0002057399828551921,0.00041645920726291906,0.0003889999998136773
19.719803,0.0003889999998136773,0.00046499999980369465,0.00022332897601868234,2.6272727082108098e-05,0.0003889999998136773
19.739802,-0.001511000000164131,0.00046499999980369465,0.00019902812704403615,0.00015028205108839402,0.0003889999998136773
19.759802,0.0003889999998136773,-0.00033300000018243736,0.00019300170223143066,0.0001857132865197456,0.0003889999998136773
19.779802,0.0005789999997887207,-0.00029500000018742865,0.0002466946959740317,-0.0001553123544992632,0.0003889999998136773
19.799802,-0.001511000000164131,0.00046499999980369465,0.000359052263512679,0.00020387179468063873,0.0005789999997887207
19.819802,0.0005789999997887207,0.00046499999980369465,0.0004846680889141704,0.0007335687643700452,0.0005789999997887207
19.839802,0.0022889999997914856,0.0008069999998042476,0.0005555482871121169,0.0009240116548123019,0.0005789999997887207
19.859801,0.0003889999998136773,0.0008069999998042476,0.0005159554751999402,0.00027296270377360316,0.0005789999997887207
19.879801,0.0022889999997914856,0.0003889999998136773,0.0003516509580518256,0.0003792564100697784,0.0003889999998136773
19.899801,-0.001511000000164131,-0.0003710000001774461,9.71451698053322e-05,0.00020254312335850214,-0.001511000000164131
19.919801,-0.001511000000164131,8.999999818115611e-06,-0.00018176142361363764,-0.0001495547787329035,-0.001511000000164131
19.939801,-0.001511000000164131,-0.0007510000001730077,-0.0004169720386925247,-0.0006367342659067018,-0.001511000000164131
19.9598,0.0022889999997914856,-0.0003710000001774461,-0.000560136586406729,-0.0004529347321116992,-0.001511000000164131
19.9798,-0.001511000000164131,-0.0003710000001774461,-0.0005888079064536936,-0.000674822843997167,-0.001511000000164131
19.9998,0.0003889999998136773,4.69999998131243e-05,-0.0005021995513297411,-0.00044451981370053614,0.0003889999998136773
20.0198,-0.001511000000164131,-0.000713000000177999,-0.0003171278512322098,-0.00020535897454513979,-0.001511000000164131
20.039799,0.0005789999997887207,-0.00029500000018742865,-6.795889888947448e-05,-0.00024521911440640424,0.0003889999998136773
20.059799,-0.001511000000164131,8.4999999808133e-05,0.00019457206366066358,6.923310004160833e-05,0.0005789999997887207
20.079799,0.0005789999997887207,0.00046499999980369465,0.00041306412182044364,0.0005785571093602003,0.0005789999997887207
20.099799,0.0022889999997914856,0.0008069999998042476,0.0005433282201375598,0.0006051305359349066,0.0005789999997887207
20.119799,0.0003889999998136773,0.0008069999998042476,0.0005763715412640726,0.00098601631681889,0.0005789999997887207
20.139798,0.0022889999997914856,0.0007689999998092389,0.0005479657999499327,0.0003057365965527314,0.0003889999998136773
20.159798,-0.001511000000164131,0.0003889999998136773,0.000524998548167359,0.000613988344798442,0.0003889999998136773
20.179798,0.0003889999998136773,8.999999818115611e-06,0.0005714093234477455,0.00027473426555076226,0.0003889999998136773
20.199798,0.0003889999998136773,0.000426999999808686,0.0007107982105152776,0.00043240326321230074,0.0003889999998136773
20.219798,-0.001511000000164131,0.0008069999998042476,0.0009072372005555507,0.0008354335662352475,0.0003889999998136773
20.239798,0.004378999999744337,0.001224999999794818,0.001076944312720438,0.001141027971824495,0.0003889999998136773
20.259797,0.0003889999998136773,0.001224999999794818,0.0011263571509359692,0.0015529160837072671,0.0003889999998136773
20.279797,0.002478999999766529,0.0016049999997903796,0.0009968146883179792,0.001018790209590068,0.0003889999998136773
20.299797,0.0003889999998136773,0.000426999999808686,0.0006921891637043478,0.0008305617713630328,0.0003889999998136773
20.319797,0.0003889999998136773,4.69999998131243e-05,0.0002758863180145222,0.00042974592055265725,0.0003889999998136773
20.339796,-0.001511000000164131,-0.00033300000018243736,-0.00015936154676072373,-0.0007018391610168258,0.0003889999998136773
20.359796,-0.001511000000164131,-0.000713000000177999,-0.0005318643038964415,-0.0006371771563564242,-0.001511000000164131
20.379796,0.0005789999997887207,-0.0010930000001735606,-0.0008010843572285231,-0.0009826317018048155,-0.001511000000164131
20.399796,-0.001511000000164131,-0.000713000000177999,-0.0009748646957944171,-0.0008254055945818772,-0.001511000000164131
20.419796,-0.001511000000164131,-0.000713000000177999,-0.0010943861887855904,-0.0006858951050738131,-0.001511000000164131
20.439795,0.0003889999998136773,-0.0011310000001685694,-0.001207586353887217,-0.0006903240095021352,-0.001511000000164131
20.459795,-0.001511000000164131,-0.0011310000001685694,-0.0013448218119971466,-0.0009649160840883523,-0.001511000000164131
20.479795,-0.001511000000164131,-0.0011310000001685694,-0.0015078633306767333,-0.0016358951050539717,0.0
