time,raw_wavelength_shift,moving_average,butterworth,savitzky_golay,median
0.02,-0.0037454000005254784,0.00041459999952166984,-0.003756961454580559,-0.004091763636933662,0.0
0.04,-0.0037454000005254784,0.00041459999952166984,-0.0012296732175144929,-0.0007109244760250787,0.0
0.059999,0.005004599999438142,0.00041459999952166984,0.0009942026025769595,0.0015528051277418726,-0.0010254000003442343
0.079999,0.005584599999565398,0.0026305999995202,0.0026810625757453296,0.002897537062486644,0.005004599999438142
0.099999,-0.0010254000003442343,0.0030585999995309974,0.003711132398702636,0.0035213832163286853,0.005004599999438142
0.119999,0.007334599999467173,0.002630599999565675,0.004075814458145302,0.0036224554773874435,0.002864599999611528
0.139999,-0.0016054000004714908,0.0025145999995402233,0.0038429832042758305,0.004656418181364249,0.002864599999611528
0.159998,0.002864599999611528,0.0037205999994966987,0.003120000584263356,0.0034063715613111283,0.005004599999438142
0.179998,0.005004599999438142,0.002516599999535174,0.0020385191140771947,0.001342968297884677,0.002864599999611528
0.199998,0.005004599999438142,0.000884599999517377,0.0007589845434966573,0.0004209869458762734,0.002864599999611528
0.219998,0.0013145999996595492,-0.0012134000005062262,-0.0005320600619451246,-0.0005446307697113233,0.0013145999996595492
0.239998,-0.009765400000560476,-0.001523400000496622,-0.0016556724233537353,-0.0009207613058536579,0.0013145999996595492
0.259998,-0.007625400000506488,-0.0022614000004523406,-0.0024940389448490077,-0.0024413906764826645,0.0013145999996595492
0.279997,0.003454599999486163,-0.003739400000495152,-0.0030206623036952186,-0.003502066667130751,-0.0060754000005545095
0.299997,0.0013145999996595492,-0.002417400000467751,-0.003276318316415754,-0.003590971096031732,-0.0031554000004234695
0.319997,-0.0060754000005545095,-0.0015234000004511472,-0.003308836927593712,-0.002603535198608428,-0.0031554000004234695
0.339997,-0.0031554000004234695,-0.002535400000442678,-0.0031265268853345432,-0.0019662391612900398,-0.0031554000004234695
0.359997,-0.0031554000004234695,-0.003119400000468886,-0.0026980699617779502,-0.0025284069934467693,-0.0031554000004234695
0.379996,-0.0016054000004714908,-0.002535400000442678,-0.0019921745614526424,-0.0030893160843537657,-0.0031554000004234695
0.399996,-0.0016054000004714908,-0.0013314000004356786,-0.0010274618356268799,-0.0017365188815693885,-0.0016054000004714908
0.419996,-0.0031554000004234695,-9.400000453752e-06,9.639744385483558e-05,0.0003258354307800198,-0.0016054000004714908
0.439996,0.002864599999611528,0.0010025999995377788,0.0012044982198447286,0.0010762317011706742,0.002864599999611528
0.459996,0.003454599999486163,0.0020145999995293097,0.00209206184651996,0.0027857188806629787,0.003454599999486163
0.479995,0.003454599999486163,0.0029085999995459135,0.0025922513534442295,0.0021304974354389994,0.003454599999486163
0.499995,0.003454599999486163,0.0030265999995208403,0.0026351872143474645,0.003164693239623405,0.003454599999486163
0.519995,0.0013145999996595492,0.0011205999995127058,0.002270215012330468,0.0020880965030083765,0.003454599999486163
0.539995,0.003454599999486163,0.0018965999995089078,0.0016431607957788274,0.0011432480181333333,0.003454599999486163
0.559994,-0.0060754000005545095,-9.400000499226735e-06,0.0009430629362598414,0.000702991607875974,0.0013145999996595492
0.579994,0.007334599999467173,0.0007285999994564918,0.0003455250407037178,0.0005070708619575024,0.003454599999486163
0.599994,-0.0060754000005545095,0.00014459999947575853,-2.3832037359174217e-05,0.0006709636358435338,0.0005345999995824968
0.619994,0.005004599999438142,0.0014665999995031598,-9.925515932059057e-05,-1.9501170720746027e-06,0.0005345999995824968
0.639994,0.0005345999995824968,-4.9400000489185916e-05,0.00013034478226458954,6.693100184077959e-05,0.0005345999995824968
0.659993,0.0005345999995824968,0.0005345999995370221,0.0006235593604818985,0.0006697748247133748,0.0005345999995824968
0.679993,-0.00024540000049455557,0.0006505999995624733,0.0012773865536392962,0.0007848330997864409,0.0005345999995824968
0.699993,-0.0031554000004234695,0.0011165999995682795,0.0019188495333094622,0.0022201710951401292,0.0005345999995824968
0.719993,0.005584599999565398,0.00212659999956486,0.002322800016005318,0.0013159519809386893,0.002864599999611528
0.739993,0.002864599999611528,0.0017385999995894962,0.0022710936186999585,0.0022793086243080235,0.002864599999611528
0.759992,0.005584599999565398,0.0021645999996053435,0.0016373168309233267,0.002398073193082796,0.002864599999611528
0.779992,-0.0021854000003713736,0.001154599999608763,0.00045560394520482604,0.0006890522140581657,0.0005345999995824968
0.799992,-0.0010254000003442343,-0.0006334000004244444,-0.0010649494370698035,-0.0004318568768776511,-0.0010254000003442343
0.819992,0.0005345999995824968,-0.0037034000004496194,-0.0025913907922915785,-0.003214351049412253,-0.0021854000003713736
0.839992,-0.0060754000005545095,-0.0032754000004842966,-0.003765495714260595,-0.004439712354809522,-0.0010254000003442343
0.859992,-0.009765400000560476,-0.0042854000005263515,-0.00431445107734343,-0.004306006061107429,-0.0060754000005545095
0.879991,-4.540000054475968e-05,-0.0042854000005263515,-0.004132755113638277,-0.0038602484853627935,-0.0060754000005545095
0.899991,-0.0060754000005545095,-0.002497400000493144,-0.003303496323776557,-0.003156915152037626,-4.540000054475968e-05
0.919991,0.0005345999995824968,-0.0012934000004861446,-0.002053646111806415,-0.0023558195809113714,-4.540000054475968e-05
0.939991,0.002864599999611528,-0.00059340000047996,-0.0006690810421520499,-4.06680657458004e-05,0.0005345999995824968
0.959991,-0.0037454000005254784,0.0007285999995474413,0.0005903417723770717,0.0014869076918396157,0.0005345999995824968
0.97999,0.003454599999486163,0.0016225999995185703,0.0015450206008649746,0.0008373738923048228,0.002864599999611528
0.99999,0.0005345999995824968,0.0011565999995127641,0.002111460667184362,0.0021528983678294855,0.0005345999995824968
1.01999,0.005004599999438142,0.0015845999995235615,0.0022897726521234774,0.0016703575752726,0.0005345999995824968
1.03999,0.0005345999995824968,0.0020105999995394088,0.0021367833640966918,0.0015977468526676489,0.0005345999995824968
1.059989,-0.0016054000004714908,0.001582599999528611,0.0017361521286767395,0.0022337841487363036,0.0005345999995824968
1.079989,0.005584599999565398,0.0006885999995574821,0.0011757508776909572,0.0004927585077194437,0.0005345999995824968
1.099989,-0.0016054000004714908,0.0006885999995574821,0.0005393224127420954,0.0009243902093266985,0.0005345999995824968
1.119989,0.0005345999995824968,0.00026059999954668455,-8.97049598558468e-05,0.00030280512775062167,0.0005345999995824968
1.139989,0.0005345999995824968,0.00014459999952123325,-0.0006224833613192082,0.00023814312307696985,0.0005345999995824968
1.159989,-0.0037454000005254784,-0.0004774000004545087,-0.0009672507969569362,-0.0013324629375212707,0.0005345999995824968
1.179988,0.005004599999438142,-0.001215400000455702,-0.001044734117533968,-0.0022602951053423974,-0.0031554000004234695
1.199988,-0.004715400000350201,-0.001953400000456895,-0.0008148698032354035,-0.00029388484893490377,-0.0031554000004234695
1.219988,-0.0031554000004234695,0.00038059999956203684,-0.0003048672602464781,0.00028676783171724504,-0.0031554000004234695
1.239988,-0.0031554000004234695,0.0008465999995678431,0.00038108312817057035,0.0004926419575904679,-0.0031554000004234695
1.259987,0.007924599999569182,0.0011585999995531893,0.0010880959424897272,0.0012335510485131252,-0.0031554000004234695
1.279987,0.007334599999467173,0.001468599999543585,0.00166560581880143,0.0011560452210169483,-0.0016054000004714908
1.299987,-0.0031554000004234695,0.0026725999995505846,0.002014518289275239,0.0015972573422000447,0.002864599999611528
1.319987,-0.0016054000004714908,0.0011945999995532474,0.002093100048456159,0.0025584694634239106,0.0005345999995824968
1.339987,0.002864599999611528,-0.00028140000044913905,0.0018879191710820672,0.0020032247081658893,-4.540000054475968e-05
1.359987,0.0005345999995824968,0.0019345999995493911,0.0013894172713457783,0.00046951841446382485,0.0005345999995824968
1.379986,-4.540000054475968e-05,0.0010405999995327874,0.000602825123726571,-0.00016290582796856727,0.0005345999995824968
1.399986,0.007924599999569182,-0.000163400000474212,-0.0004127071357609644,0.0009954857804160835,-4.540000054475968e-05
1.419986,-0.0060754000005545095,-0.0010194000004958071,-0.0015131119686167473,-0.0008815305366159349,-0.0031554000004234695
1.439986,-0.0031554000004234695,-0.0009034000004703557,-0.0024809498960808246,-0.00230647226156674,-0.0031554000004234695
1.459985,-0.0037454000005254784,-0.004441400000496287,-0.0030850358906262124,-0.0030947473198385993,-0.0037454000005254784
1.479985,0.0005345999995824968,-0.003119400000468886,-0.0031624375671011457,-0.004178080653147776,-0.0031554000004234695
1.499985,-0.009765400000560476,-0.00280940000047849,-0.0026859863261232885,-0.003449852214925697,-0.0016054000004714908
1.519985,0.0005345999995824968,-0.001953400000456895,-0.0017882776375993527,-0.0010794559445308275,0.0005345999995824968
1.539985,-0.0016054000004714908,-0.00059340000047996,-0.0007279408252998794,-0.00032507366014514216,0.0005345999995824968
1.559984,0.0005345999995824968,0.001038599999537837,0.0001957527954181657,0.00013525268018765597,0.0005345999995824968
1.579984,0.007334599999467173,0.0007265999995524908,0.0007487607883569763,0.0006915696965184114,-0.0010254000003442343
1.599984,-0.0016054000004714908,0.0007265999995524908,0.000841822209329583,0.0018115696965463723,-0.0010254000003442343
1.619984,-0.0010254000003442343,0.0008825999995679013,0.0005470289656237655,4.2385547344576165e-05,-0.0010254000003442343
1.639984,-0.0016054000004714908,-0.0009054000004198315,4.863340258536536e-05,-0.0002635585085929084,-0.0016054000004714908
1.659984,0.0013145999996595492,-0.001333400000430629,-0.00044060691522990105,-0.0007887100237472765,-0.0016054000004714908
1.679983,-0.0016054000004714908,-0.0005554000004394765,-0.0007561696624967222,-0.001242089977115715,-0.0016054000004714908
1.699983,-0.0037454000005254784,-0.00012740000042867904,-0.0008243865298276986,-0.0004547939398198748,0.0005345999995824968
1.719983,0.002864599999611528,-0.0005934000004344852,-0.000664188402518786,-0.000651553846573799,-0.0010154000003694819
1.739983,0.0005345999995824968,-0.0004754000004140835,-0.0003570021589814462,-0.0004081738931898004,-0.0010154000003694819
1.759983,-0.0010154000003694819,0.0003805999996075116,-3.904339523708547e-06,0.0005725720275556479,0.0005345999995824968
1.779982,-0.0010154000003694819,0.0004985999995824386,0.00031030064856675207,0.0008246233096166427,0.0005345999995824968
1.799982,0.0005345999995824968,0.0009645999995882449,0.0005367267097343474,0.0009666512816363646,0.0005345999995824968
1.819982,0.003454599999486163,0.00010859999956664978,0.000666637425395134,-0.0008016703967040783,0.0005345999995824968
1.839982,0.002864599999611528,0.0004185999995570455,0.0007216031242465599,0.00017765361262304848,0.0005345999995824968
1.859982,-0.005295400000477457,-0.00012540000043372856,0.0007296687745521436,0.0015732480182243077,0.0005345999995824968
1.879981,0.0005345999995824968,0.0011965999995936726,0.0006970239263546939,0.0012059752909550493,0.0005345999995824968
1.899981,-0.0021854000003713736,0.0007305999995878664,0.0005968328288188473,0.00031704755202863807,0.0005345999995824968
1.919981,0.01006459999962317,0.00026459999958206026,0.0003894199973802264,-0.00034693846195580095,0.0005345999995824968
1.939981,0.0005345999995824968,-0.00016340000042873725,5.891953041653792e-05,-0.0002966587416906629,-0.0016054000004714908
1.95998,-0.007625400000506488,0.00038059999956203684,-0.0003677360405811543,0.0009000312349979544,0.0005345999995824968
1.97998,-0.0016054000004714908,-0.0015254000004460977,-0.0008357634411605029,-0.0008844442894825806,0.0005345999995824968
1.99998,0.0005345999995824968,-0.0015254000004460977,-0.0012916706192665117,-0.0009528358978705893,0.0005345999995824968
2.01998,0.0005345999995824968,-0.0016434000004210247,-0.0016970688174124534,-0.002705703030735615,0.0005345999995824968
2.03998,0.0005345999995824968,-0.0009434000004148402,-0.0020230304191090347,-0.0024774745924982674,0.0005345999995824968
2.059979,-0.008215400000381123,-0.0025754000004326373,-0.0022448581699321935,-0.0015355398605693712,0.0005345999995824968
2.079979,0.001894599999559432,-0.0030034000004434346,-0.0023511594080470326,-0.0020785235435591158,-0.0016054000004714908
2.099979,-0.007625400000506488,-0.0024194000004627014,-0.0023582487093415276,-0.002358406993459921,-0.0016054000004714908
2.119979,-0.0016054000004714908,-0.0014074000004711707,-0.0023103647253170014,-0.0025068452219314855,-0.0016054000004714908
2.139979,0.003454599999486163,-0.002533400000493202,-0.0022582055618838043,-0.0022298289049276754,-0.0031554000004234695
2.159978,-0.0031554000004234695,-0.0017554000005020498,-0.00223018764837074,-0.001826682051787943,-0.0031554000004234695
2.179978,-0.003735400000550726,-0.0018714000004820264,-0.002221379689573054,-0.002663395338484918,-0.0031554000004234695
2.199978,-0.003735400000550726,-0.003193400000463953,-0.002211592752132787,-0.0016698289048856048,-0.0031554000004234695
2.219978,-0.0021854000003713736,-0.002765400000453155,-0.002197584674846162,-0.0028132088582562206,-0.0031554000004234695
2.239978,-0.0031554000004234695,-0.0022214000004169066,-0.002210833635072235,-0.003393954778979644,-0.0021854000003713736
2.259978,-0.0010154000003694819,-0.0025334000004022528,-0.0023033572755476912,-0.0023854233104313484,-0.0021854000003713736
2.279977,-0.0010154000003694819,-0.0022994000004018743,-0.0025070254974953474,-0.0013956564106505965,-0.0010154000003694819
2.299977,-0.005295400000477457,-0.0015614000004006811,-0.0027887056663077506,-0.0016531156181010928,-0.0010154000003694819
2.319977,-0.0010154000003694819,-0.001679400000421083,-0.00302672091869187,-0.002582602797627644,-0.0010154000003694819
2.339977,0.0005345999995824968,-0.0031194000004234113,-0.003027034642447327,-0.0034070083920268003,-0.0016054000004714908
2.359977,-0.0016054000004714908,-0.002807400000438065,-0.002585887022574523,-0.0035866820517158862,-0.0016054000004714908
2.379977,-0.008215400000381123,-0.002341400000432259,-0.0015869564388178885,-0.0020516470866826747,-0.0016054000004714908
2.399976,-0.003735400000550726,-0.0009814000004553236,-9.356817396075678e-05,0.0006147631697102291,-0.0016054000004714908
2.419976,0.0013145999996595492,0.0012345999995432067,0.0016215212184970804,0.0011388890438224649,0.0013145999996595492
2.439976,0.007334599999467173,0.0038785999995070595,0.0031456651691364437,0.003012012586939737,0.005004599999438142
2.459975,0.00947459999952116,0.003994599999532511,0.0040737843520588166,0.0038098680647805487,0.005004599999438142
2.479975,0.005004599999438142,0.00473259999948823,0.004159657900345645,0.004960217715102204,0.005004599999438142
2.499975,-0.0031554000004234695,0.00251859999948465,0.0033952763377755484,0.004119565034460941,0.005004599999438142
2.519975,0.005004599999438142,0.0013145999994776502,0.0019920162318897727,0.0018785860134544403,0.003454599999486163
2.539975,-0.003735400000550726,-0.000317400000494672,0.0002935772478299429,-0.0004615771566914375,-0.0031554000004234695
2.559974,0.003454599999486163,-0.00090140000052088,-0.0013291475849950805,-0.0022531855482947807,-0.0031554000004234695
2.579974,-0.0031554000004234695,-0.002533400000493202,-0.002567647757639031,-0.0018233020983847226,-0.0031554000004234695
2.599974,-0.0060754000005545095,-0.002417400000467751,-0.0032390688671697426,-0.002880877855952594,-0.0031554000004234695
2.619974,-0.0031554000004234695,-0.003001400000448484,-0.003319351816907182,-0.004277171562219058,-0.0031554000004234695
2.639974,-0.0031554000004234695,-0.004129400000465466,-0.0029385800574910936,-0.0027731855482459786,-0.0031554000004234695
2.659973,0.0005345999995824968,-0.0022234000004573316,-0.002333563587908363,-0.0026270550121351103,-0.0031554000004234695
2.679973,-0.00879540000050838,-0.0005914000004850096,-0.00176606810337011,-0.0005235818186577446,0.0005345999995824968
2.699973,0.003454599999486163,-0.0005914000004850096,-0.0014291050495630695,-0.00011094778600390402,0.0005345999995824968
2.719973,0.005004599999438142,-0.0009034000004703557,-0.0013731504063600548,-0.0015187333338153469,-0.0010254000003442343
2.739973,-0.0031554000004234695,-0.0009414000004653644,-0.001488831078649815,-0.00219453752962099,-0.0010254000003442343
2.759972,-0.0010254000003442343,-0.0028474000004734988,-0.0015701648616928583,-0.002751973427041832,-0.0031554000004234695
2.779972,-0.008985400000483423,-0.0032754000004388216,-0.0014409167568122934,-0.001676751981804983,-0.0031554000004234695
2.799972,-0.0060754000005545095,-0.0020714000004318223,-0.001076645341942194,-0.0013818335668690123,-0.0010254000003442343
2.819972,0.002864599999611528,-0.0007494000004498958,-0.0006417644412844269,-0.0005208312358520952,0.002864599999611528
2.839972,0.002864599999611528,0.0013105999995786989,-0.00040761784538806384,5.4483449464935675e-05,0.002864599999611528
2.859972,0.005584599999565398,0.000882599999613376,-0.0005967902107295533,-7.37449887476926e-05,0.002864599999611528
2.879971,0.0013145999996595492,-0.0013334000003851544,-0.001251562183507427,-0.0006622298372132949,0.0013145999996595492
2.899971,-0.008215400000381123,-0.0025374000003921537,-0.002208541014042967,-0.002068243823225848,-0.0031554000004234695
2.919971,-0.008215400000381123,-0.004713400000400725,-0.0031881352724626244,-0.0038756564106523167,-0.005295400000477457
2.939971,-0.0031554000004234695,-0.004869400000416135,-0.003932677282483662,-0.004611763636769863,-0.005295400000477457
2.95997,-0.005295400000477457,-0.0038574000004246043,-0.004306059442571366,-0.004677171562192852,-0.0031554000004234695
2.97997,0.0005345999995824968,-0.0029634000004534755,-0.0043095951817087065,-0.004204537529608346,-0.0031554000004234695
2.99997,-0.0031554000004234695,-0.003081400000473877,-0.004031953874428728,-0.002923838228920044,-0.0037454000005254784
3.01997,-0.0037454000005254784,-0.003237400000489288,-0.0035859897328711482,-0.002975959441041106,-0.0037454000005254784
3.03997,-0.0037454000005254784,-0.003549400000474634,-0.003075111373827058,-0.0033864722615472888,-0.0037454000005254784
3.059969,-0.0060754000005545095,-0.003549400000474634,-0.002595191151845912,-0.0037908079258691207,-0.0037454000005254784
3.079969,-0.0010254000003442343,-0.0031214000004638363,-0.0022467325851121874,-0.002795749650818303,-0.0031554000004234695
3.099969,-0.0031554000004234695,-0.002693400000453039,-0.0021270217815049742,-0.0013161226111877478,-0.0016054000004714908
3.119969,-0.0016054000004714908,-0.0004774000004545087,-0.0022920851366703947,-0.001518290443349724,-0.0016054000004714908
3.139969,-0.0016054000004714908,-0.0017974000004869594,-0.002706544542196873,-0.0028781972032734093,-0.0016054000004714908
3.159968,0.005004599999438142,-0.0033914000005097478,-0.003218082065980473,-0.003443138928248439,-0.0016054000004714908
3.179968,-0.007625400000506488,-0.0042854000005263515,-0.0035901858835606145,-0.0033018335669680538,-0.0060754000005545095
3.199968,-0.011125400000537411,-0.0032734000005348205,-0.0035960101564757596,-0.0036213906765229127,-0.0060754000005545095
3.219968,-0.0060754000005545095,-0.0037014000005001434,-0.0031293073952275577,-0.0032620666671770034,-0.0060754000005545095
3.239968,0.003454599999486163,-0.0032354000004943375,-0.0022641893163736415,-0.003075749650845434,-0.005295400000477457
3.259968,0.002864599999611528,-0.0004374000004645495,-0.001225409602887355,-0.0022998522149104065,0.002864599999611528
3.279967,-0.005295400000477457,0.0004565999995520542,-0.0002917864107561241,0.0007600545450126754,0.002864599999611528
3.299967,0.002864599999611528,0.00033859999957712715,0.00031024729150495064,0.0013704508154048702,0.002864599999611528
3.319967,-0.0016054000004714908,0.00022259999955167586,0.00047936163469417697,0.0013825254074887271,0.0022845999994842714
3.339967,0.002864599999611528,0.0005325999995420716,0.0002641575744451502,0.00012219906716381997,0.0022845999994842714
3.359966,0.0022845999994842714,0.00022259999955167586,-0.00015967699915448672,-0.0009840946391389217,0.0013145999996595492
3.379966,-0.0037454000005254784,-0.0007874000004449045,-0.0005561414910146367,-0.0009103883454416955,0.0013145999996595492
3.399966,0.0013145999996595492,-0.0021094000004723058,-0.0007251977915975311,-0.0016338382289206059,-0.0037454000005254784
3.419966,-0.006655400000454392,-0.0015654000004815317,-0.0005944019594855318,-0.0006769151519940354,-0.0037454000005254784
3.439965,-0.0037454000005254784,-0.0001274000004741538,-0.0002592852215138937,-0.0005165421916258208,0.0013145999996595492
3.459966,0.005004599999438142,0.00018259999951624194,6.094207792712176e-05,0.00017056736549533167,0.002864599999611528
3.479965,0.0034445999995114107,0.0011925999995128223,0.000143201891338028,0.0011700545449829522,0.002864599999611528
3.499965,0.002864599999611528,0.0016205999995236198,-0.00010354859495916801,0.0010681897431007897,0.002864599999611528
3.519965,-0.0016054000004714908,0.00029859999954169326,-0.0005653006055198162,0.0004182363631623161,-0.0016054000004714908
3.539965,-0.0016054000004714908,-0.0011394000004656846,-0.000960379014676074,-0.0015967519818182805,-0.0016054000004714908
3.559964,-0.0016054000004714908,-0.0027714000004834816,-0.0009732299950444463,-0.0024611575762298683,-0.0016054000004714908
3.579965,-0.0037454000005254784,-0.0017614000004869013,-0.00041937764968924714,-0.0017526027976810681,-0.0016054000004714908
3.599964,-0.005295400000477457,0.000454599999511629,0.0006405219260228862,0.000905951980866651,-0.0016054000004714908
3.619964,0.0034445999995114107,0.0018925999995190069,0.0018993015974188994,0.0021495417244463367,0.0034445999995114107
3.639964,0.00947459999952116,0.004108599999517537,0.0029246740828447262,0.0036597748246830607,0.005584599999565398
3.659963,0.005584599999565398,0.003952599999502126,0.0033481276120942978,0.0034821058270121264,0.005584599999565398
3.679963,0.007334599999467173,0.00383659999952215,0.003024627681660268,0.0034387724936906774,0.005584599999565398
3.699963,-0.0060754000005545095,0.0008825999995224265,0.002082906744722686,0.0028908703958044754,0.002864599999611528
3.719963,0.002864599999611528,0.0003385999995316524,0.0008524911083579688,0.0004221524470891828,0.002864599999611528
3.739963,-0.005295400000477457,-0.0010214000004452827,-0.0002793278333693005,-0.0009017403267985512,0.0005345999995824968
3.759962,0.002864599999611528,-0.0005554000004394765,-0.001005012945295595,-0.0018487799538189236,0.0005345999995824968
3.779962,0.0005345999995824968,-0.0010214000004452827,-0.0011790970505911054,-0.0017354466204855246,0.0005345999995824968
3.799962,-0.0037454000005254784,-0.0005934000004344852,-0.000836923691537284,-0.00043421118924350996,0.0005345999995824968
3.819962,0.0005345999995824968,-0.00016540000046916248,-0.00016480211553517181,0.0003060452209904844,0.0005345999995824968
3.839962,-0.0031554000004234695,0.00030059999953664375,0.0005636531461690987,0.001596627971565903,0.0005345999995824968
3.859962,0.005004599999438142,0.002050599999529368,0.0010745795633060097,0.0012405673654793978,0.002864599999611528
3.879961,0.002864599999611528,0.0011945999995077727,0.0011853007469245411,0.00026487971978846406,0.002864599999611528
3.899961,0.005004599999438142,0.001076599999487371,0.0008661302471297212,0.0011253226102240323,0.002864599999611528
3.919961,-0.0037454000005254784,-0.0009834000004957488,0.00023992895437096817,0.000256697901580132,-0.0037454000005254784
3.939961,-0.0037454000005254784,-8.940000052461982e-05,-0.0004834311021018637,-0.0007162158513396725,-0.0037454000005254784
3.95996,-0.005295400000477457,-0.0021494000005077398,-0.001100039109999713,-0.001715003730117568,-0.0037454000005254784
3.97996,0.007334599999467173,-0.001721400000496942,-0.0014791114827210486,-0.0013951669002693838,-0.0037454000005254784
3.99996,-0.005295400000477457,-0.0003994000004695408,-0.0015766777912289824,-0.0012870783221356978,-0.0016054000004714908
4.01996,-0.0016054000004714908,0.00045459999955710373,-0.001409899161068274,-0.0003242344992725893,-0.0010254000003442343
4.03996,0.002864599999611528,-0.0016434000004210247,-0.0010261787370595696,-0.0011870783221083286,-0.0016054000004714908
4.059959,-0.0010254000003442343,-0.0009054000004198315,-0.0004913094399830148,-0.001198220513243059,-0.0016054000004714908
4.079959,-0.0031554000004234695,-0.0009054000004198315,0.00010098053745822018,-0.0002888032638131475,-0.0016054000004714908
4.099959,-0.0016054000004714908,0.00010459999957674881,0.0006159332192957317,0.0010946233096048898,-0.0016054000004714908
4.119959,-0.0016054000004714908,0.0014265999995586754,0.000889182738129649,0.001010241025210396,-0.0016054000004714908
4.139959,0.00791459999959443,0.0005305999995471212,0.0007779281858071564,2.867925362306709e-05,-0.0016054000004714908
4.159958,0.005584599999565398,0.0005305999995471212,0.00023156453032800286,0.0004644834494219619,-0.0016054000004714908
4.179958,-0.007635400000481241,-0.00020740000045407214,-0.0006665822846157061,7.094032588556216e-05,-0.0016054000004714908
4.199958,-0.0016054000004714908,-0.0016834000004564587,-0.0017219339720232893,-0.0013078708629202628,-0.0016054000004714908
4.219958,-0.005295400000477457,-0.0038594000004650297,-0.0027048010749164135,-0.002626355711410015,-0.005295400000477457
4.239958,0.0005345999995824968,-0.003391400000464273,-0.0034342843478275815,-0.005154840559924163,-0.005295400000477457
4.259957,-0.005295400000477457,-0.0038194000004750706,-0.003829963717016343,-0.004886239161326747,-0.005295400000477457
4.279957,-0.005295400000477457,-0.003975400000490481,-0.003919310159445607,-0.00270162377671065,-0.005295400000477457
4.299957,-0.0037454000005254784,-0.003509400000484675,-0.0038073527182178007,-0.0029236750587429763,-0.005295400000477457
4.319957,-0.0060754000005545095,-0.002343400000472684,-0.003619721884674618,-0.003301041026112322,-0.0037454000005254784
4.339957,0.002864599999611528,-0.0029274000004534174,-0.003436099629703045,-0.003639316084393523,-0.0037454000005254784
4.359957,0.0005345999995824968,-0.0033934000004592233,-0.0032434016720590164,-0.0028226261076867943,-0.0060754000005545095
4.379956,-0.008215400000381123,-0.0020714000004318223,-0.0029405946470326865,-0.0028669384619752526,0.0005345999995824968
4.399956,-0.0060754000005545095,-0.002849400000422975,-0.002402449533757975,-0.0028276610726586967,-0.0010254000003442343
4.419956,0.0005345999995824968,-0.003161400000408321,-0.0015686149538221075,-0.0020312508162451484,-0.0010254000003442343
4.439956,-0.0010254000003442343,-0.0009454000004097907,-0.0005038058976760707,-0.0014217869468137413,-0.0010254000003442343
4.459955,-0.0010254000003442343,0.0012705999995887395,0.0006060365596386947,0.0010232247082052896,0.0005345999995824968
4.479955,0.002864599999611528,0.0018525999995745225,0.0015185857364997204,0.0019344135193906297,0.002864599999611528
4.499955,0.005004599999438142,0.002320599999575279,0.0020292730883817883,0.002396091841066696,0.002864599999611528
4.519955,0.0034445999995114107,0.0014665999995486345,0.002052047936595347,0.0022054857804447207,0.002864599999611528
4.539955,0.0013145999996595492,0.0020105999995394088,0.0016503159534900043,0.0016414764564310087,0.0034445999995114107
4.559954,-0.005295400000477457,0.0008045999995829334,0.0010062195498050275,0.0011516862466514888,0.0013145999996595492
4.579954,0.005584599999565398,-0.0005154000004040426,0.00034863552088298445,-0.00046523683025866016,-0.0010254000003442343
4.599954,-0.0010254000003442343,-0.0003994000004240661,-0.00012309450201320008,-0.00045838368339737534,-0.0010254000003442343
4.619954,-0.0031554000004234695,0.00033859999957712715,-0.00029131112011863644,-0.00014260279762192568,-0.0010254000003442343
4.639954,0.001894599999559432,0.00033859999957712715,-0.0001381447905009002,0.00021119673616734537,-0.0010254000003442343
4.659953,-0.0016054000004714908,0.00033859999957712715,0.00026815983904278416,0.0007898680648526846,-0.0010254000003442343
4.679953,0.005584599999565398,0.0010765999995783204,0.0008088229611871309,0.000529425174410138,0.0005345999995824968
4.699953,-0.0010254000003442343,0.0012705999995887395,0.0013549323773570233,0.0015968377618159743,0.0005345999995824968
4.719953,0.0005345999995824968,0.0021645999996053435,0.001795680234198821,0.002138329603324004,0.002864599999611528
4.739953,0.002864599999611528,0.001154599999608763,0.0020488762237587,0.0012543902094168044,0.0005345999995824968
4.759952,0.002864599999611528,0.0016225999996095197,0.002060752243954265,0.0018385393935666993,0.0013145999996595492
4.779952,0.0005345999995824968,0.0013105999996241735,0.0018044510724220966,0.0019100545450666552,0.0013145999996595492
4.799952,0.0013145999996595492,0.0017385999995894962,0.0012812815645578688,0.002149262004251594,0.0013145999996595492
4.819952,-0.0010254000003442343,0.0008445999995728926,0.0005243930202133127,-0.00020185687687321514,0.0005345999995824968
4.839952,0.005004599999438142,-0.000789400000439855,-0.00039855955846281467,-0.0009827892778331462,-0.0010254000003442343
4.859951,-0.0016054000004714908,-0.0025794000004680127,-0.001391165291030752,-0.0016360060610850842,-0.0016054000004714908
4.879951,-0.007635400000481241,-0.0013734000005115377,-0.002347779627170233,-0.001536868531958819,-0.0016054000004714908
4.899951,-0.007635400000481241,-0.0031234000005042617,-0.0031779039427795876,-0.0030207613058883293,-0.0037454000005254784
4.919951,0.005004599999438142,-0.0034334000004946573,-0.00381456711378203,-0.003478080653195756,-0.0037454000005254784
4.939951,-0.0037454000005254784,-0.0038594000005105046,-0.004199111746331051,-0.004531973427060792,-0.0037454000005254784
4.95995,-0.0031554000004234695,-0.002537400000483103,-0.004264744700521263,-0.004579549184644164,-0.0031554000004234695
4.97995,-0.009765400000560476,-0.004597400000466223,-0.003949015209209747,-0.0034462624713450154,-0.0037454000005254784
4.99995,-0.0010254000003442343,-0.004169400000455426,-0.0032361280847726936,-0.003174537529584241,-0.0031554000004234695
5.01995,-0.005295400000477457,-0.0022654000004422416,-0.002196190579606097,-0.00208635571138264,-0.0016054000004714908
5.03995,-0.0016054000004714908,-4.9400000398236445e-05,-0.000986029222678512,-0.001069689044693715,-0.0010254000003442343
5.059949,0.006364599999642451,0.0008445999995728926,0.0001954654326275761,-0.000481250816267725,0.0013145999996595492
5.079949,0.0013145999996595492,0.0002605999995921593,0.0011711094309115287,0.0018128051277919344,0.0013145999996595492
5.099949,0.0034445999995114107,0.001582599999574086,0.001828804317733862,0.0015074904424525512,0.0034445999995114107
5.119949,-0.008215400000381123,0.0018925999995644815,0.0021238550987842473,0.00232042750539358,0.0034445999995114107
5.139949,0.005004599999438142,0.0009985999995478778,0.0020562985397119143,0.001835951980924338,0.0034445999995114107
5.159949,0.00791459999959443,0.0008825999995679013,0.0016575020207520007,0.0009373972023527931,0.002864599999611528
5.179948,-0.0031554000004234695,0.002320599999575279,0.0009998306610984266,0.0015390055939867161,0.002864599999611528
5.199948,0.002864599999611528,0.0009985999995933525,0.00020954097083421773,0.000564833099824599,-0.0010254000003442343
5.219948,-0.0010254000003442343,-0.0007894000003943802,-0.0005450459699026626,0.000441686246664826,-0.0010254000003442343
5.239948,-0.0016054000004714908,-0.0013734000004205881,-0.0010976695864437374,-0.002084327739325868,-0.0010254000003442343
5.259948,-0.0010254000003442343,-0.0018394000004263943,-0.001344220640641904,-0.002309922144942192,-0.0010254000003442343
5.279948,-0.0060754000005545095,-0.0018394000004263943,-0.0012902594537037848,-0.0007510410260631419,-0.0010254000003442343
5.299947,0.0005345999995824968,-0.0008294000004298141,-0.0010579793512438562,-0.0014834885785323742,-0.0010254000003442343
5.319947,-0.0010254000003442343,-0.0005174000004444679,-0.00083937360382088,-0.0003832787883098485,0.0005345999995824968
5.339947,0.0034445999995114107,-0.0003614000004290574,-0.000810077361549922,-0.0004663557113900861,0.0005345999995824968
5.359946,0.0005345999995824968,-0.00020540000041364693,-0.0010448057250648799,-0.0003506913757209695,0.0005345999995824968
5.379946,-0.005295400000477457,-0.001215400000455702,-0.0014796034965601046,-0.0013844209794424724,0.0005345999995824968
5.399946,0.0013145999996595492,-0.002341400000432259,-0.0019413472122154494,-0.002951810256862791,-0.0021854000003713736
5.419946,-0.0060754000005545095,-0.00366340000045966,-0.002227940397136173,-0.002131810256874006,-0.005295400000477457
5.439946,-0.0021854000003713736,-0.0019154000004618864,-0.0021980114494246673,-0.002112066667121433,-0.0021854000003713736
5.459946,-0.0060754000005545095,-0.0010614000004807167,-0.0018275529232934314,-0.0021555631706284308,-0.0021854000003713736
5.479945,0.0034445999995114107,-0.0009054000004653062,-0.0012098388654539771,-0.001059875524961683,-0.0021854000003713736
5.499945,0.005584599999565398,-0.0012174000004961272,-0.0005062427049500641,-0.0010098522149517776,-0.0037454000005254784
5.519945,-0.005295400000477457,0.0009985999995024031,0.00011751512123814375,0.0010328284377413115,0.0034445999995114107
5.539945,-0.0037454000005254784,0.0004165999995166203,0.000535342982306124,0.0007568144517092113,0.0005345999995824968
5.559945,0.005004599999438142,-1.140000049417722e-05,0.0006780055163882547,0.0008695650344820014,0.0005345999995824968
5.579944,0.0005345999995824968,-1.140000049417722e-05,0.0005384878197603364,-0.0004929990680939073,0.0005345999995824968
5.599944,0.0034445999995114107,0.0008445999995274178,0.00017332552953075307,8.222237715184921e-05,0.0005345999995824968
5.619944,-0.005295400000477457,-0.0004774000004545087,-0.00030914965165091627,0.0002844834494174302,0.0005345999995824968
5.639944,0.0005345999995824968,-0.0003214000004390982,-0.0007804928822636261,-0.0004615305365712638,0.0005345999995824968
5.659943,-0.0016054000004714908,-0.002225400000452282,-0.0011333877527762348,-0.001668103963143818,-0.0016054000004714908
5.679943,0.0013145999996595492,-0.000903400000424881,-0.0013137906315696208,-0.001745982751027384,0.0005345999995824968
5.699943,-0.0060754000005545095,-0.0013314000004356786,-0.0013326399720545608,-0.0014201319351507178,-0.0016054000004714908
5.719943,0.0013145999996595492,-0.0012154000004102271,-0.001255667632735988,-0.000869992074999543,-0.0010254000003442343
5.739943,-0.0016054000004714908,-0.0012154000004102271,-0.0011746096075843412,-0.0007884536134448726,-0.0010254000003442343
5.759942,-0.0010254000003442343,-0.0006314000003840193,-0.0011679797328231828,-0.000784887179875253,-0.0010254000003442343
5.779942,0.0013145999996595492,-0.0007874000003994297,-0.0012666371404862018,-0.0017631389281561462,-0.0010254000003442343
5.799942,-0.0031554000004234695,-0.0016814000004160335,-0.0014413332906652134,-0.0012998755248984704,-0.0010254000003442343
5.819942,0.0005345999995824968,-0.002225400000452282,-0.0016206989436162139,-0.0019296424246839396,-0.0031554000004234695
5.839942,-0.0060754000005545095,-0.0019154000004618864,-0.0017317381983713743,-0.0013822997673377459,-0.0031554000004234695
5.859941,-0.0037454000005254784,-0.0014894000004460396,-0.0017399854949006035,-0.002259455944511185,-0.0010254000003442343
5.879941,0.002864599999611528,-0.001917400000456837,-0.0016645881828718273,-0.0019029757580384889,-0.0016054000004714908
5.899941,-0.0010254000003442343,-0.0017614000004414266,-0.001560317864510831,-0.0011660060610521692,-0.0016054000004714908
5.919941,-0.0016054000004714908,-0.0003234000004340487,-0.0014823512937339781,-0.0015594559445056342,-0.0010254000003442343
5.939941,-0.005295400000477457,-0.0015274000004410482,-0.0014584338871283086,-0.0010541179491518626,-0.0016054000004714908
5.95994,0.0034445999995114107,-0.002071400000477297,-0.0014806927764073378,-0.0011635118885589936,-0.0031554000004234695
5.97994,-0.0031554000004234695,-0.0016434000004664994,-0.00151374281565186,-0.0018553300704081531,-0.0031554000004234695
5.99994,-0.0037454000005254784,-0.0005954000004749105,-0.0015113260513061038,-0.001698500233594787,-5.5400000519512105e-05
6.01994,0.0005345999995824968,-0.002033400000482288,-0.0014352562715060047,-0.0018088032638838036,-0.0031554000004234695
6.03994,-5.5400000519512105e-05,-0.0017234000004918925,-0.0012707196507604876,-0.0010459827510626444,-0.0016054000004714908
6.059939,-0.0037454000005254784,-0.0008674000004702976,-0.0010332155518442752,-0.0012639780890683467,-5.5400000519512105e-05
6.079939,-0.0016054000004714908,-0.00028540000048451477,-0.0007648347002440782,1.8003262916259778e-05,-5.5400000519512105e-05
6.099939,0.0005345999995824968,-0.0005954000004749105,-0.0005189599665759739,-0.0006898289048778341,-0.0016054000004714908
6.119939,0.0034445999995114107,-5.140000043866166e-05,-0.0003372682706859689,-0.0003932088582514179,-0.0010254000003442343
6.139939,-0.0016054000004714908,-0.0006354000004193949,-0.0002322095407851073,-0.0003499687650065436,-0.0010254000003442343
6.159938,-0.0010254000003442343,0.00025859999955173406,-0.0001893930873096538,-0.00013654219158457125,-0.0010254000003442343
6.179938,-0.004525400000375157,-0.0011794000004556437,-0.0001888160190479404,-0.0007440946391401228,-0.0016054000004714908
6.199938,0.005004599999438142,-0.0007514000004448462,-0.0002252417564733032,-0.00035600606105403755,-0.0010254000003442343
6.219938,-0.0037454000005254784,-0.0004394000004595,-0.0003073057380815765,-0.0005978009328659669,0.0005345999995824968
6.239938,0.0005345999995824968,0.0011545999995178136,-0.00043292425835519667,0.0004479799529166717,0.0005345999995824968
6.259938,0.0005345999995824968,-0.0005954000004749105,-0.0005574746482340888,5.509090426071366e-06,0.0005345999995824968
6.279937,0.0034445999995114107,0.000416599999562095,-0.0005786752493800622,-0.00026006200511901305,0.0005345999995824968
6.299937,-0.0037454000005254784,-0.0004394000004595,-0.00035758715770336196,-0.0008264489514831446,0.0005345999995824968
6.319937,0.0013145999996595492,2.659999954630621e-05,0.0002214738426482128,0.0005303342652808931,0.0013145999996595492
6.339937,-0.0037454000005254784,0.0003385999995316524,0.001174933368773462,0.000533527738454113,0.0013145999996595492
6.359937,0.002864599999611528,0.0020885999995243765,0.002369267764192035,0.001962781817687835,0.002864599999611528
6.379936,0.005004599999438142,0.002514599999494749,0.0035310589738514024,0.0026414065263195906,0.0034445999995114107
6.399936,0.005004599999438142,0.004730599999493279,0.004323408025855686,0.0047649263398284744,0.005004599999438142
6.419936,0.0034445999995114107,0.004264599999487473,0.004460610848558535,0.005005602330478236,0.005004599999438142
6.439935,0.007334599999467173,0.004264599999487473,0.003816061481102433,0.004437816782702075,0.005004599999438142
6.459935,0.0005345999995824968,0.002514599999494749,0.0024826177240260855,0.002414413519293355,0.0034445999995114107
6.479935,0.005004599999438142,0.0007665999994969752,0.0007615691423888234,0.0012669310018262928,0.0005345999995824968
6.499935,-0.0037454000005254784,-0.0010214000004907576,-0.0009211752882060691,-0.0012276843827729918,-0.0016054000004714908
6.519935,-0.005295400000477457,-0.001449400000501555,-0.0021476297572705343,-0.0030657496508277506,-0.0016054000004714908
6.539935,-0.0016054000004714908,-0.004093400000465408,-0.0026433964386638935,-0.002975726340794814,-0.0037454000005254784
6.559934,-0.0016054000004714908,-0.0026554000004580303,-0.002365656273298244,-0.0024198522149360413,-0.0016054000004714908
6.579934,-0.008215400000381123,-0.00012940000046910428,-0.0015095011852930852,-0.0015824163174907198,-0.0016054000004714908
6.599934,0.0034445999995114107,-0.00032340000047952343,-0.000428700529409427,-0.00010850023356094135,-0.0016054000004714908
6.619934,0.007334599999467173,0.0005705999995370803,0.0005009469612176242,0.0013091221440614353,0.002864599999611528
6.639934,-0.0025754000005235866,0.0020085999995444583,0.0010212946419192069,0.001955882050828809,0.002864599999611528
6.659934,0.002864599999611528,0.0020085999995444583,0.001074651569479049,0.0010067212116713791,0.002864599999611528
6.679933,-0.0010254000003442343,-8.940000043367036e-05,0.0007966939844148918,0.0011354391603839416,-0.0010254000003442343
6.699933,0.0034445999995114107,-0.0009054000004198315,0.00043016729895065223,-0.0008508312358531602,-0.0010254000003442343
6.719933,-0.0031554000004234695,-0.0003614000004290574,0.00020191967697313307,-0.0015741179491226712,-0.0010254000003442343
6.739933,-0.006655400000454392,-0.0003614000004290574,0.00021675751813722213,0.0002969543119368378,-0.0010254000003442343
6.759933,0.005584599999565398,-0.0003614000004290574,0.0004160876566011129,0.000775928670881703,-0.0010254000003442343
6.779932,-0.0010254000003442343,0.001736599999549071,0.0006240214052724716,0.002087770162724201,0.0034445999995114107
6.799932,0.0034445999995114107,0.0027465999995456513,0.0006592632983749233,0.0005549962699442333,0.0034445999995114107
6.819932,0.007334599999467173,0.0009985999995478778,0.00045073132343595115,0.0009779799529078136,-0.0010254000003442343
6.839932,-0.0016054000004714908,-0.0007494000004953705,8.792902027600684e-05,0.00020313146806519907,-0.0016054000004714908
6.859931,-0.0031554000004234695,-0.00032140000048457295,-0.00022688936925460606,-0.0008250503501363048,-0.0016054000004714908
6.879931,-0.009765400000560476,-0.0016814000004615082,-0.00029633060012089566,-0.00020136736646815236,-0.0016054000004714908
6.899931,0.005584599999565398,-0.00035940000047958166,-3.971621249289535e-05,-0.0012821132871879686,0.0005345999995824968
6.919931,0.0005345999995824968,0.0003785999995216116,0.0004704996810194163,-0.00020763776268561702,0.0005345999995824968
6.939931,0.005004599999438142,0.00212659999956486,0.001060932846170723,0.002123224708175624,0.0005345999995824968
6.959931,0.0005345999995824968,0.002592599999570666,0.0015530018836004504,0.0025694484844017125,0.0005345999995824968
6.97993,-0.0010254000003442343,0.0024745999995502642,0.0018419180796575142,0.0031003342653108494,0.0005345999995824968
6.99993,0.00791459999959443,0.0008425999995779421,0.0019240718863674936,0.0008561617711300683,-5.5400000519512105e-05
7.01993,-5.5400000519512105e-05,0.0013085999995837484,0.0018711397351335618,0.0006194951044641368,-5.5400000519512105e-05
7.03993,-0.0031554000004234695,0.001192599999558297,0.0017708132262592557,0.0015794717944551608,-5.5400000519512105e-05
7.05993,0.002864599999611528,0.0007265999995524908,0.0016667400194747036,0.002311756176725595,-5.5400000519512105e-05
7.079929,-0.0016054000004714908,0.002320599999575279,0.001533059512378563,0.0018462317011860548,0.002864599999611528
7.099929,0.005584599999565398,0.0018925999995644815,0.0013006518386053973,0.00035581212075946693,0.002864599999611528
7.119929,0.00791459999959443,0.0005705999995370803,0.0009163835624443973,0.0006766046615609488,-0.0016054000004714908
7.139929,-0.005295400000477457,0.0005705999995370803,0.000390992479699912,0.001328446153388067,-0.0016054000004714908
7.159929,-0.0037454000005254784,2.659999954630621e-05,-0.0001979577864499256,0.0008358121207395744,-0.0016054000004714908
7.179928,-0.0016054000004714908,-0.0008674000004702976,-0.0007419000164152744,-0.000695423310490976,-0.0016054000004714908
7.199928,0.002864599999611528,-0.0008674000004702976,-0.0011416481900740321,-0.0021727892778523874,-0.0016054000004714908
7.219928,0.0034445999995114107,-0.0017614000004414266,-0.0013300706670491096,-0.002615260140299527,-0.0016054000004714908
7.239928,-0.005295400000477457,-0.0008674000004248228,-0.001284798982568206,-0.0006642344992738469,0.002864599999611528
7.259927,-0.008215400000381123,-0.001333400000430629,-0.0010435974260927336,3.5718880700571565e-05,0.0005345999995824968
7.279927,0.002864599999611528,-0.0010214000004452827,-0.0007107269438203544,-0.000685796270831001,0.0005345999995824968
7.299927,0.0005345999995824968,-0.00016740000041863822,-0.00042965595389220663,-0.000843395338432856,0.0005345999995824968
7.319927,0.005004599999438142,0.00026059999954668455,-0.00032232951398782116,-0.0008856331006774002,0.0005345999995824968
7.339926,-0.0010254000003442343,-0.00020540000045912165,-0.00043154447205376664,-0.00034658881164254386,0.0005345999995824968
7.359926,-0.0060754000005545095,-0.0010614000004807167,-0.0007065072898268026,9.175617668913845e-05,-0.0010254000003442343
7.379926,0.0005345999995824968,-0.0019554000004518455,-0.0010368811973772726,-0.0010673580424380292,-0.0010254000003442343
7.399926,-0.0037454000005254784,-0.0010614000004807167,-0.0013043366374388922,-0.0015310410261211163,0.0005345999995824968
7.419926,0.0005345999995824968,-0.0005954000004749105,-0.001416776126646741,-0.0020818102568836427,0.0005345999995824968
7.439925,0.0034445999995114107,-0.0013334000004761037,-0.0013163191837056636,-0.0007609244760000796,-0.0031554000004234695
7.459925,-0.0037454000005254784,-0.0004774000004545087,-0.0009782752587993886,-0.00039178694684210676,0.0005345999995824968
7.479925,-0.0031554000004234695,-1.1400000448702486e-05,-0.0004201852638069562,-0.0009103417253941332,0.0005345999995824968
7.499925,0.0005345999995824968,-0.0010214000004452827,0.0002808397343281809,0.0005479100228758773,-0.0016054000004714908
7.519925,0.002864599999611528,0.0003005999995821185,0.000983355014053133,0.00019863263360581353,0.0005345999995824968
7.539925,-0.0016054000004714908,0.002048599999579892,0.0015072183765746253,0.0007200079249823615,0.002864599999611528
7.559924,0.002864599999611528,0.0013105999995786989,0.0016879736220265134,0.002829937994931573,0.002864599999611528
7.579924,0.005584599999565398,0.0014265999995586754,0.001440801279693894,0.0016568377618070614,0.002864599999611528
7.599924,-0.0031554000004234695,0.0020105999995848832,0.0008073735136617146,0.0007806606056165314,0.002864599999611528
7.619924,0.0034445999995114107,-0.0005154000004495174,-3.8115579815214955e-05,0.00018989137486012382,0.0013145999996595492
7.639924,0.0013145999996595492,-0.0010594000004402915,-0.0008336677155673781,-0.000643675058708543,0.0013145999996595492
7.659924,-0.009765400000560476,-0.0006334000004244444,-0.0013139448626002606,-0.0015797356647818549,0.0013145999996595492
7.679923,0.002864599999611528,-0.0018374000004314438,-0.0013040596035482788,-0.0021970317020532154,-0.0010254000003442343
7.699923,-0.0010254000003442343,-0.0015274000004410482,-0.0007846963487619205,-0.0005502951053184272,-0.0010254000003442343
7.719923,-0.0025754000005235866,0.0006885999996029569,9.795603871389512e-05,0.0001331547781379811,0.0013145999996595492
7.739923,0.002864599999611528,0.001582599999574086,0.0010798504637546196,0.0014480032629655697,0.0013145999996595492
7.759922,0.0013145999996595492,0.001894599999559432,0.001865326408645391,0.0024194484844226706,0.0013145999996595492
7.779922,0.007334599999467173,0.0020885999995698514,0.0022207489672834303,0.0013722923072528423,0.0013145999996595492
7.799922,0.0005345999995824968,0.0013105999995786989,0.002041179278637064,0.002081756176742889,0.0005345999995824968
7.819922,-0.0016054000004714908,0.0013105999995786989,0.0013669813176123053,0.002118679253678746,0.0005345999995824968
7.839921,-0.0010254000003442343,0.00010659999961717403,0.0003530861620160852,-3.4141259149611334e-05,0.0005345999995824968
7.859921,0.0013145999996595492,-0.000749400000404421,-0.0007841351104628337,-0.0009994792544820445,-0.0010254000003442343
7.879921,0.0013145999996595492,-0.0020714000003863474,-0.0018184360975766407,-0.002383768298760375,-0.0010254000003442343
7.899921,-0.0037454000005254784,-0.0017594000004010012,-0.002557932789223315,-0.0022249337999272678,0.0005345999995824968
7.919921,-0.008215400000381123,-0.002653400000417605,-0.002885485535664822,-0.0028089897439830982,-0.0031554000004234695
7.939921,0.0005345999995824968,-0.003121400000418362,-0.0027884559497688656,-0.00228243962745539,-0.0031554000004234695
7.95992,-0.0031554000004234695,-0.002693400000407564,-0.0023607572161925623,-0.0025998289048606107,-0.0016054000004714908
7.97992,-0.0010254000003442343,-0.0003614000004290574,-0.001769302860176263,-0.0018035118885480167,-0.0010254000003442343
7.99992,-0.0016054000004714908,-0.0015274000004410482,-0.0011977134026301354,-0.000947124942160272,-0.0016054000004714908
8.01992,0.0034445999995114107,-0.000789400000439855,-0.0007918973438109706,-0.0009727426577822106,-0.0010254000003442343
8.03992,-0.005295400000477457,-0.001215400000455702,-0.0006278583296563907,-0.0012482438232900648,-0.0016054000004714908
8.059919,0.0005345999995824968,-0.0010994000004302506,-0.0007076099866244658,-0.00029992214495642685,-0.0010254000003442343
8.079919,-0.0031554000004234695,-0.0010994000004302506,-0.0009733737505152854,-0.00021826713329557045,-0.0010254000003442343
8.099919,-0.0010254000003442343,-0.0002454000004036061,-0.0013243018151455383,-0.0016944442894483815,-0.0010254000003442343
8.119919,0.0034445999995114107,-0.001411400000415597,-0.0016298817068315131,-0.0021144675994866236,-0.0010254000003442343
8.139919,-0.0010254000003442343,-0.002307400000427151,-0.001750430903092439,-0.0015520433570826112,-0.0010254000003442343
8.159919,-0.005295400000477457,-0.0011014000004706758,-0.0015775096400110539,-0.0018257962708450378,-0.0010254000003442343
8.179918,-0.007635400000481241,-0.0016834000004564587,-0.0010861373468586297,-0.0006225561776143615,-0.0010254000003442343
8.199918,0.005004599999438142,-0.0009054000004653062,-0.00036515726910085636,-0.0002842811193607211,0.0005345999995824968
8.219918,0.0005345999995824968,0.0008425999995324673,0.0004052458337358621,-0.00017164708670100687,0.002864599999611528
8.239918,0.002864599999611528,0.0020485999995344174,0.0010237348076464156,0.0009893319342655846,0.002864599999611528
8.259917,0.0034445999995114107,0.0008425999995779421,0.0013452588178541698,0.001779868064818778,0.0005345999995824968
8.279917,-0.0016054000004714908,0.0009965999995529273,0.0013238622612041565,0.0016329449879035898,0.0013045999994574231
8.299917,-0.0010254000003442343,0.0005305999995471212,0.001008024045617817,0.0004542037291745552,0.0005345999995824968
8.319917,0.0013045999994574231,-5.140000043866166e-05,0.0005067957526428921,0.0004780498829981341,0.0005345999995824968
8.339917,0.0005345999995824968,0.00037659999957213587,-4.5544130387490955e-05,0.0001387724937272031,0.0005345999995824968
8.359916,0.0005345999995824968,0.00026059999954668455,-0.0005129359006727828,-0.00019288251790402404,0.0005345999995824968
8.379916,0.0005345999995824968,-0.00020540000041364693,-0.0007758406551961034,-0.0005294093244339668,0.0005345999995824968
8.399916,-0.0016054000004714908,-0.0009454000004097907,-0.0007573606380134264,-0.001208570163583009,-0.0010254000003442343
8.419916,-0.0010254000003442343,-0.0013734000004205881,-0.00045833615237871576,-0.0013836983686935957,-0.0016054000004714908
8.439916,-0.003165400000398222,-0.000907400000414782,1.6165636563513515e-05,0.00024546247042977825,-0.0016054000004714908
8.459915,-0.0016054000004714908,0.00041459999956714453,0.00046650427941927376,0.0008635976685519621,-0.0010254000003442343
8.479915,0.002864599999611528,0.0016205999995236198,0.0006610608604725094,0.0008720592070043276,0.002864599999611528
8.499915,0.005004599999438142,0.0008825999995224265,0.00043683139011217324,0.00034024102516408395,0.002864599999611528
8.519915,0.005004599999438142,0.00014459999952123325,-0.00021161346990765698,0.0002767678316788921,0.002864599999611528
8.539915,-0.006855400000404188,-0.001177400000506168,-0.0011115490769900958,-0.0011612275063302,-0.0037454000005254784
8.559914,-0.005295400000477457,-0.002071400000477297,-0.001979832402059077,-0.00202787086297125,-0.0037454000005254784
8.579914,-0.0037454000005254784,-0.004287400000475827,-0.002541413144301056,-0.003129292774366796,-0.005295400000477457
8.599914,0.0005345999995824968,-0.0021114000004672563,-0.0026310291859147107,-0.0029776144526606685,-0.0037454000005254784
8.619914,-0.0060754000005545095,-0.0012574000004406116,-0.0022309190737170876,-0.0026104349654817644,-0.0010254000003442343
8.639914,0.004024599999638667,-0.0002474000004440313,-0.0014437224117122718,8.7234032185302e-05,0.0005345999995824968
8.659913,-0.0010254000003442343,-0.0006754000004548288,-0.00043349052663755683,9.024102520537307e-05,-0.0010254000003442343
8.679913,0.0013045999994574231,0.0016565999995691526,0.0006266012465038462,0.0006794484843960017,0.0013045999994574231
8.699913,-0.0016054000004714908,0.0001025999995363236,0.0015779037299299685,0.00034935524428020195,-0.0010254000003442343
8.719913,0.005584599999565398,0.0013085999994927988,0.0022750679723989877,0.0017907305356548834,0.0013045999994574231
8.739913,-0.0037454000005254784,0.0011545999995178136,0.002582369685601392,0.002411103496005469,0.0005345999995824968
8.759912,0.005004599999438142,0.0030585999995309974,0.0023907843490741905,0.002921826106754642,0.005004599999438142
8.779912,0.0005345999995824968,0.0020485999995344174,0.0016624173799624057,0.0018979799529366872,0.0005345999995824968
8.799912,0.00791459999959443,0.0011545999995632883,0.00048285130037504663,0.0005869776219158617,0.0005345999995824968
8.819912,0.0005345999995824968,-0.001061400000435242,-0.000918675376933205,-0.0015678009328502244,0.0005345999995824968
8.839911,-0.008215400000381123,-0.001917400000456837,-0.0022154983015706385,-0.0008085002335389314,-0.0037454000005254784
8.859911,-0.0060754000005545095,-0.00370540000044457,-0.0030907264028670876,-0.0037577543127871285,-0.0037454000005254784
8.879911,-0.0037454000005254784,-0.003123400000458787,-0.003353751316760156,-0.003157101632152084,-0.0037454000005254784
8.899911,-0.0010254000003442343,-0.0035514000004695846,-0.0030044466851306423,-0.004025469930546582,-0.0037454000005254784
8.919911,0.0034445999995114107,-0.0008694000004652481,-0.002219901896477554,-0.0022051435902230637,-0.0010254000003442343
8.939911,-0.010355400000435111,-0.0013354000004710542,-0.0012852653375693259,-0.0006071482522267868,-0.0010254000003442343
8.95991,0.007334599999467173,-0.0005574000004799018,-0.0005075124817472877,-0.0008421365971990231,0.002864599999611528
8.97991,-0.0060754000005545095,-0.0015674000004764822,-0.00013772026056304011,0.0003656256405450305,-0.0016054000004714908
8.99991,0.002864599999611528,0.00018259999951624194,-0.0003108049220138427,-0.0003440480191351965,-0.0016054000004714908
9.01991,-0.0016054000004714908,-0.0005954000004749105,-0.0010080398889462426,-0.001461110956177859,-0.0016054000004714908
9.03991,-0.0016054000004714908,-0.0017614000004414266,-0.0020517526731084145,-0.0010942811193355322,-0.0016054000004714908
9.059909,0.0034445999995114107,-0.0033934000004592233,-0.0031430772935120608,-0.0037614372964846635,-0.0016054000004714908
9.079909,-0.01190540000038709,-0.0033934000004592233,-0.003945410246624674,-0.00368202004708984,-0.0016054000004714908
9.099909,-0.005295400000477457,-0.004287400000475827,-0.004195337137471091,-0.004648360373443804,-0.005295400000477457
9.119909,-0.0016054000004714908,-0.0050254000004770205,-0.003799633071140436,-0.003958313753384525,-0.005295400000477457
9.139909,-0.0060754000005545095,-0.002381400000467693,-0.002873627630942725,-0.0035001552452119653,-0.0016054000004714908
9.159908,-0.00024540000049455557,-0.001215400000455702,-0.0017012836782379465,-0.00142076130581931,-0.00024540000049455557
9.179908,0.0013145999996595492,-0.0007874000004449045,-0.0006331796945623404,5.33645683160187e-05,0.0005345999995824968
9.199908,0.0005345999995824968,0.0011165999995682795,3.654563244007378e-05,0.0003190755240504305,0.0005345999995824968
9.219908,0.0005345999995824968,-0.000477400000409034,0.00016717541717373863,0.0007263482513162208,0.0005345999995824968
9.239908,0.0034445999995114107,-5.140000043866166e-05,-0.00019275202024613235,-0.0005349337999614543,0.0005345999995824968
9.259907,-0.008215400000381123,-0.0009074000004602567,-0.0008404195184249889,-0.0012295025645457723,0.0005345999995824968
9.279907,0.0034445999995114107,-0.002657400000452981,-0.0015056493621993126,-0.001667591142650842,-0.0037454000005254784
9.299907,-0.0037454000005254784,-0.002229400000442183,-0.0019520638129005574,-0.002673115618165816,-0.0037454000005254784
9.319907,-0.008215400000381123,-0.0012174000004506525,-0.002053387760843807,-0.0020546074596525343,-0.0031554000004234695
9.339907,0.005584599999565398,-0.0025374000004376287,-0.001819610674756156,-0.001644607459638796,-0.0031554000004234695
9.359906,-0.0031554000004234695,-0.0006714000004194532,-0.001369677203615685,-0.000495842890886559,-0.0031554000004234695
9.379906,-0.0031554000004234695,0.00034059999957207764,-0.0008696963810478462,-0.0012295258745494133,-0.0031554000004234695
9.399906,0.005584599999565398,-0.0010974000004353001,-0.0004676000022472004,-0.00020146060647158485,-0.0031554000004234695
9.419906,-0.0031554000004234695,-0.0006714000004194532,-0.0002506156930666352,0.00011942517440223076,-0.0016054000004714908
9.439906,-0.0016054000004714908,6.659999958174012e-05,-0.00023644707408884076,-0.0007704815854991392,-0.0010254000003442343
9.459905,-0.0010254000003442343,-0.0010994000004302506,-0.0003913846389748447,-0.0007302951053245486,-0.0010254000003442343
9.479905,0.0005345999995824968,-0.000789400000439855,-0.0006569128639932133,-0.00026717156221486014,-0.0010254000003442343
9.499905,-0.00024540000049455557,-0.0012174000004506525,-0.0009687953957891897,-0.0019055864806452702,-0.0010254000003442343
9.519905,-0.0016054000004714908,-0.00032340000047952343,-0.0012657630678081073,-0.0005289897440551961,-0.00024540000049455557
9.539905,-0.0037454000005254784,-0.001957400000492271,-0.0014941510824089922,-0.0011040013990959322,-0.0016054000004714908
9.559904,0.0034445999995114107,-0.001023400000485708,-0.0016135356911318507,-0.0017432088583235659,-0.0016054000004714908
9.579904,-0.007635400000481241,-0.0019174000005023118,-0.0016036837292724734,-0.001959898834989572,-0.0037454000005254784
9.599904,0.004424599999538259,-0.0013734000004660628,-0.0014710343524839823,-0.0013640013990643758,-0.0010254000003442343
9.619904,-0.0060754000005545095,-0.0017994000004364352,-0.0012517826143176043,-0.0012582438232870774,-0.0010254000003442343
9.639904,-0.0010254000003442343,-0.00016540000042368773,-0.0010068751789945435,-0.0011011109561316957,0.0005345999995824968
9.659903,0.0013145999996595492,-0.0016814000004160335,-0.0008050890288610988,-0.0013477543127708583,-0.0010254000003442343
9.679903,0.0005345999995824968,-0.00035940000038863217,-0.0006971039155764259,0.0007333645683662343,0.0005345999995824968
9.699903,-0.0031554000004234695,-4.740000040328596e-05,-0.0006924815395587177,-0.00107456083955374,0.0005345999995824968
9.719903,0.0005345999995824968,-4.740000040328596e-05,-0.0007532982857319293,-0.0007727426577232323,0.0005345999995824968
9.739902,0.0005345999995824968,-0.0022254000004068076,-0.0008100944772213111,-0.0010308312358359609,0.0005345999995824968
9.759902,0.0013145999996595492,-0.001021400000399808,-0.0007955278217494568,-0.0014956797206895568,0.0005345999995824968
9.779902,-0.010355400000435111,-0.00043940000041402526,-0.0006826798048962815,-0.000524327739337651,0.0013145999996595492
9.799902,0.002864599999611528,-0.0008674000004248228,-0.0005070093647241725,6.469323965954828e-05,0.0013145999996595492
9.819902,0.0034445999995114107,-0.0004414000004544505,-0.0003525179481939962,-0.00023472400977820858,0.002864599999611528
9.839901,-0.0016054000004714908,0.000880599999527476,-0.0003047510858839723,-0.0008840480191122208,0.002864599999611528
9.859901,0.0034445999995114107,-0.00032340000047952343,-0.00040119499800275407,-0.00048565641074487746,-0.0016054000004714908
9.879901,-0.0037454000005254784,-0.0016434000004664994,-0.0006134374410021176,8.317808810249705e-05,-0.0031554000004234695
9.899901,-0.0031554000004234695,-0.0006334000004699191,-0.000869436636416275,-0.0010102018652586749,-0.0031554000004234695
9.919901,-0.0031554000004234695,-0.0015274000004410482,-0.0010934285966275156,-0.0009141412591803637,-0.0031554000004234695
9.9399,0.0034445999995114107,-0.0006714000004194532,-0.001232459827817612,-0.0014878242428565621,-0.0010254000003442343
9.9599,-0.0010254000003442343,-0.000789400000439855,-0.0012577428616302219,-0.0017502717953114296,-0.0010254000003442343
9.9799,0.0005345999995824968,-0.0012174000004506525,-0.001155777263598311,-0.0012022065272497494,-0.0010254000003442343
9.9999,-0.0037454000005254784,-0.001215400000455702,-0.0009305703868330562,-0.00010912960418130288,-0.0010254000003442343
10.0199,-0.005295400000477457,-0.0009034000004703557,-0.0006184344236312858,-0.0006170317020942939,0.0005345999995824968
10.0399,0.003454599999486163,-0.0001254000004792033,-0.00029432632892596386,-0.0008024629375407285,0.0005345999995824968
10.059899,0.0005345999995824968,-0.0005914000004850096,-5.049788224839246e-05,-0.0003717403268519298,0.0005345999995824968
10.079899,0.004424599999538259,0.0009245999995073362,4.5888709772584746e-05,-9.239300749014183e-05,0.0022845999994842714
10.099899,-0.0060754000005545095,-8.74000004841946e-05,-1.2322210063435208e-05,0.000719355244283098,0.0005345999995824968
10.119899,0.0022845999994842714,6.859999953121588e-05,-0.00016777027568998462,0.0009957655007088785,0.0013145999996595492
10.139899,-0.0016054000004714908,-0.0007094000004599366,-0.00032345522544601597,-0.0012519734270235025,0.0005345999995824968
10.159899,0.0013145999996595492,0.00018459999955666717,-0.00038049978482833797,-0.0012106680657386856,0.0005345999995824968
10.179898,0.0005345999995824968,-0.001487400000451089,-0.0002749963535878267,-0.0004742111892707817,-0.0016054000004714908
10.199898,-0.0016054000004714908,0.00030059999953664375,-7.125971397764373e-06,0.0010111734261181826,0.0005345999995824968
10.219898,-0.0060754000005545095,0.0008445999995274178,0.00034573181300876627,0.000589192074136383,0.0005345999995824968
10.239897,0.007334599999467173,0.0004165999995166203,0.000643572897528296,0.0004243435892779732,-0.0016054000004714908
10.259897,0.00403459999961342,0.00010659999952622456,0.0007273655300057728,-8.866340376253458e-05,-0.0016054000004714908
10.279897,-0.0016054000004714908,0.0005725999995320307,0.0004713027831962086,0.00013292167784027865,-0.0016054000004714908
10.299897,-0.0031554000004234695,-0.0009034000004703557,-0.00018365315357997037,-0.00043139067646668847,-0.0016054000004714908
10.319897,-0.0037454000005254784,-0.0019154000004618864,-0.0012208117550794768,-0.0002495025645539013,-0.0016054000004714908
10.339897,-4.540000054475968e-05,-0.00265340000046308,-0.002544755544527484,-0.002925213520258473,-0.0031554000004234695
10.359896,-0.0010254000003442343,-0.0022274000004472326,-0.003970640250380935,-0.0034939547790022426,-0.0010254000003442343
10.379896,-0.005295400000477457,-0.004015400000434965,-0.005221016087443842,-0.004611320746364661,-0.0010254000003442343
10.399896,-0.0010254000003442343,-0.005065400000421505,-0.00596295351052116,-0.005579782284829711,-0.005295400000477457
10.419896,-0.012685400000464142,-0.006385400000453956,-0.005901780833595864,-0.006044374359396274,-0.005295400000477457
10.439895,-0.005295400000477457,-0.005219400000441965,-0.004906868651940703,-0.005736448951475549,-0.005295400000477457
10.459895,-0.007625400000506488,-0.004441400000450813,-0.003109432616050502,-0.0038955398606000478,-0.005295400000477457
10.479895,0.0005345999995824968,-0.0009034000004703557,-0.0009103439898346105,-0.0008461925412606272,0.0005345999995824968
10.499895,0.002864599999611528,0.0011565999995127641,0.0011256425579683398,0.0006995883444791837,0.002864599999611528
10.519895,0.005004599999438142,0.0033725999995112945,0.002455386339887218,0.0034798214447250317,0.003454599999486163
10.539895,0.005004599999438142,0.0025165999994896993,0.002746969723991311,0.0033602643351719093,0.003454599999486163
10.559894,0.003454599999486163,0.0022065999994993037,0.001994864012862859,0.0022254624703677943,0.003454599999486163
10.579894,-0.0037454000005254784,0.00014659999951618374,0.0005168417014346902,0.000616488111402725,0.0013145999996595492
10.599894,0.0013145999996595492,-0.001913400000466936,-0.0011595667559571646,-0.0017781972032718048,-0.0037454000005254784
10.619894,-0.005295400000477457,-0.002497400000447669,-0.0024715468749426195,-0.003700831235886927,-0.0037454000005254784
10.639894,-0.005295400000477457,-0.0029634000004534755,-0.002991843783660441,-0.0028889897440593725,-0.005295400000477457
10.659893,0.0005345999995824968,-0.0025354000004881526,-0.002542238494639261,-0.0019354000004746799,-0.005295400000477457
10.679893,-0.0060754000005545095,0.0004185999995115708,-0.0012216200222354009,-0.0006689198139817833,0.0005345999995824968
10.699893,0.003454599999486163,0.0012725999995382153,0.0006491476076913475,0.0005178400927636744,0.0005345999995824968
10.719893,0.00947459999952116,0.0017385999995440215,0.002636399266808236,0.0023386093235432744,0.002864599999611528
10.739892,-0.0010254000003442343,0.004420599999548358,0.0043126821078005246,0.0047709636359204895,0.003454599999486163
10.759892,0.002864599999611528,0.004846599999564205,0.005347780858384924,0.006051709556674373,0.005584599999565398
10.779892,0.007334599999467173,0.0049625999995896565,0.0055593751463020235,0.0057131314681057475,0.005584599999565398
10.799892,0.005584599999565398,0.0046525999995537855,0.004931890487510639,0.0034013832163454476,0.005584599999565398
10.819892,0.010054599999648417,0.0025525999995352324,0.0036089229590010323,0.002728725873690903,0.005584599999565398
10.839892,-0.0025754000005235866,0.001192599999558297,0.0018523355138976465,0.0021230848480302865,0.0005345999995824968
10.859891,-0.007635400000481241,0.0006485999995675229,-3.05212032997793e-05,0.00043357435852783735,0.0005345999995824968
10.879891,0.0005345999995824968,-0.0025774000004730622,-0.0017629114732509482,-0.0013330923081426916,-0.0025754000005235866
10.899891,0.002864599999611528,-0.0023834000004626433,-0.003140178830014178,-0.003326915151995854,-0.0016054000004714908
10.919891,-0.0060754000005545095,-0.002071400000477297,-0.004027746239810321,-0.004043511888596519,-0.0016054000004714908
10.939891,-0.0016054000004714908,-0.0037054000004900444,-0.004345294433001972,-0.0036329291380142216,-0.0060754000005545095
10.95989,-0.0060754000005545095,-0.00417140000049585,-0.004071475934668129,-0.003759222844303893,-0.0060754000005545095
10.97989,-0.007635400000481241,-0.0037054000004900444,-0.003272623083222166,-0.0033429524480552007,-0.0037454000005254784
10.99989,0.0005345999995824968,-0.0028114000004734407,-0.0021269727416974578,-0.0027969151520078925,-0.0037454000005254784
11.01989,-0.0037454000005254784,-0.0005954000004749105,-0.000910947296432463,-0.0010679174829881068,0.0005345999995824968
11.03989,0.002864599999611528,-1.1400000448702486e-05,6.317261188705327e-05,-0.0006844442895041635,0.0005345999995824968
11.059889,0.005004599999438142,-1.1400000448702486e-05,0.0005372067158312466,0.0013057888107741488,0.0005345999995824968
11.079889,-0.004715400000350201,0.0005325999995875463,0.0003858128411334165,0.0006859752909529706,0.0005345999995824968
11.099889,0.0005345999995824968,0.0002225999995971506,-0.00034773957018762293,-0.00033968904469076607,0.0005345999995824968
11.119889,-0.0010254000003442343,-0.002731400000402573,-0.0014669219819827986,-0.0008839314689260037,-0.0010254000003442343
11.139889,0.0013145999996595492,-0.0019934000004013797,-0.002677490790955471,-0.003431740326764134,-0.0010254000003442343
11.159888,-0.009765400000560476,-0.0033154000004287807,-0.003667427721032488,-0.004441297436323291,-0.0010254000003442343
11.179888,-0.0010254000003442343,-0.004637400000456182,-0.004194034420263388,-0.003422532867571441,-0.0060754000005545095
11.199888,-0.0060754000005545095,-0.004637400000456182,-0.004154446343217712,-0.004333558508603563,-0.0060754000005545095
11.219888,-0.007635400000481241,-0.002421400000412177,-0.003613299254336671,-0.003738476923514419,-0.0010254000003442343
11.239887,0.0013145999996595492,-0.0032754000004388216,-0.0027728859425981012,-0.0035329524479661137,-0.005295400000477457
11.259887,0.0013145999996595492,-0.00179740000039601,-0.0018944667084370402,-0.0010124862474970085,0.0013145999996595492
11.279887,-0.005295400000477457,-0.0005914000003940601,-0.0012023286816885712,-0.0007759128209373323,0.0013145999996595492
11.299887,0.0013145999996595492,0.00014659999956165848,-0.0008092770472024054,0.00031690769190291187,0.0013145999996595492
11.319887,-0.0016054000004714908,-0.0010594000004402915,-0.0006888837329441578,-0.0007574046624202516,-0.0016054000004714908
11.339887,0.005004599999438142,-0.000631400000429494,-0.0007002729178310831,-0.0020280806531328102,-0.0016054000004714908
11.359886,-0.004715400000350201,-0.001953400000456895,-0.000657756674966009,-0.0012270783221446106,-0.0031554000004234695
11.379886,-0.0031554000004234695,-0.0006314000004749686,-0.0004238190435985305,-0.0003540013990682167,-0.0031554000004234695
11.399886,-0.005295400000477457,-0.0005154000004495174,1.451687099896031e-05,0.0005282596731919285,-0.0031554000004234695
11.419886,0.005004599999438142,0.0005345999995370221,0.0005304050603793239,0.0004527351976752809,0.0005345999995824968
11.439886,0.005584599999565398,0.0017385999995440215,0.0009178131589579805,0.0003401944051419617,0.002864599999611528
11.459885,0.0005345999995824968,0.0012705999995432649,0.0009933367815842965,0.0011970009319498178,0.002864599999611528
11.479885,0.002864599999611528,0.0005325999995875463,0.0006778882464329698,0.0012009170159037149,0.0013145999996595492
11.499885,-0.007635400000481241,-0.0007894000003943802,1.8190431766062573e-05,0.0005680265730354496,0.0005345999995824968
11.519885,0.0013145999996595492,-0.0007894000003943802,-0.0008448984373299451,-0.0010772414922265645,0.0005345999995824968
11.539885,-0.0010254000003442343,-0.0021114000004217814,-0.0017249575404179557,-0.0025967286717554845,-0.0010254000003442343
11.559884,0.0005345999995824968,-0.001333400000430629,-0.0024280273709298243,-0.002655423310478427,-0.0010254000003442343
11.579884,-0.0037454000005254784,-0.0028114000004734407,-0.0027801015904204167,-0.002732532867597885,-0.0037454000005254784
11.599884,-0.0037454000005254784,-0.002033400000482288,-0.002656761325956162,-0.001505493240559921,-0.0037454000005254784
11.619884,-0.0060754000005545095,-0.0018774000004668778,-0.002015359831657296,-0.0018198289048980381,-0.0037454000005254784
11.639884,0.002864599999611528,-0.0005554000004394765,-0.0009134271131533201,-0.0011870083920433453,0.0013145999996595492
11.659884,0.0013145999996595492,0.00045659999959752896,0.0005010407288962524,0.0003285160835010749,0.0013145999996595492
11.679883,0.002864599999611528,0.0022445999996307366,0.0020226395208229613,0.0017913832163917775,0.002864599999611528
11.699883,0.0013145999996595492,0.0031385999996018654,0.0034266761501601296,0.0033061850812132914,0.002864599999611528
11.719883,0.002864599999611528,0.003448599999592261,0.004500579345724948,0.004785951980960563,0.002864599999611528
11.739883,0.007334599999467173,0.004458599999588841,0.0050720314823622555,0.005047653612634293,0.002864599999611528
11.759882,0.002864599999611528,0.00519659999954456,0.005040797781865253,0.004992735197678571,0.005004599999438142
11.779882,0.00791459999959443,0.004730599999538754,0.004409562190582225,0.004078935663872139,0.005004599999438142
11.799882,0.005004599999438142,0.0025145999995402233,0.003296232574163891,0.0030487491836747446,0.002864599999611528
11.819882,0.0005345999995824968,0.001736599999549071,0.0019106425878492334,0.0024446233095667953,0.0005345999995824968
11.839882,-0.0037454000005254784,0.00026059999954668455,0.0004961397931144036,-5.241631743895104e-05,0.0005345999995824968
11.859881,-0.0010254000003442343,-0.000477400000409034,-0.0007392814145421475,-0.0001859827510116074,0.0005345999995824968
11.879881,0.0005345999995824968,-0.002227400000401758,-0.0016682656119888966,-0.002124490909501057,-0.0010254000003442343
11.899881,0.0013145999996595492,-0.0007894000003943802,-0.002249405719846522,-0.0023803417253371525,0.0005345999995824968
11.919881,-0.008215400000381123,-0.002227400000401758,-0.002504977141672091,-0.0019383603733560272,0.0005345999995824968
11.939881,0.0034445999995114107,-0.002227400000401758,-0.0024953616566816272,-0.0019428825178762943,0.0005345999995824968
11.959881,-0.008215400000381123,-0.0026954000004025145,-0.0023030700778671346,-0.00238982890482794,-0.0010254000003442343
11.97988,0.0005345999995824968,-0.001683400000410984,-0.0020229600629216586,-0.0027610177160208855,-0.0010254000003442343
11.99988,-0.0010254000003442343,-0.002577400000382113,-0.0017498687634659737,-0.0019643277393214327,-0.0010254000003442343
12.01988,-0.0031554000004234695,-0.0012554000004001864,-0.0015601143003811358,-0.0011183603733497523,-0.0010254000003442343
12.03988,-0.0010254000003442343,-0.001099400000384776,-0.0014906730052399828,-0.0021631855481833327,-0.0010254000003442343
12.059879,-0.0016054000004714908,-0.0016434000004210247,-0.0015233573308984125,-0.0004997589747826857,-0.0016054000004714908
12.079879,0.0013145999996595492,-0.001333400000430629,-0.0015817998466555404,-0.00112845361347793,-0.0016054000004714908
12.099879,-0.0037454000005254784,-0.0005554000004394765,-0.0015485660313343606,-0.001555633100658522,-0.0016054000004714908
12.119879,-0.0016054000004714908,-0.0011774000004152185,-0.0013051599893795676,-0.0014656331006620861,-0.0016054000004714908
12.139879,0.002864599999611528,-0.0020714000004318223,-0.0007870120382987792,-0.0017681738931974798,-0.0031554000004234695
12.159878,-0.004715400000350201,-0.0006334000004244444,-3.407792715380277e-05,-0.0007539314689574173,-0.0016054000004714908
12.17988,-0.0031554000004234695,0.0002605999995921593,0.0007888158492776752,0.001117583682553404,0.002864599999611528
12.199878,0.0034445999995114107,0.0011545999995632883,0.001425354525534673,0.0020517794867570814,0.002864599999611528
12.219878,0.002864599999611528,0.002670599999555634,0.0016190873028152657,0.001915695570651038,0.002864599999611528
12.239877,0.007334599999467173,0.0017745999995440799,0.0012304001395014835,0.0008390289039763264,0.002864599999611528
12.259877,0.002864599999611528,0.00045459999955710373,0.0003167882612779994,0.0013883995333474925,0.002864599999611528
12.279877,-0.007635400000481241,-0.001061400000435242,-0.0008768740937843331,-0.000816682051719703,-0.0031554000004234695
12.299877,-0.0031554000004234695,-0.002421400000412177,-0.0020199404998084373,-0.002503651748655974,-0.0031554000004234695
12.319877,-0.004715400000350201,-0.004637400000410708,-0.0028342284432341654,-0.004067194872192149,-0.004715400000350201
12.339877,0.0005345999995824968,-0.0028474000003825494,-0.00319554076165152,-0.003922882517872611,-0.0031554000004234695
12.359876,-0.008215400000381123,-0.002965400000402951,-0.0031548177652392945,-0.0030980340330571234,-0.0037454000005254784
12.379876,0.0013145999996595492,-0.0013314000004356786,-0.0028816921439326396,-0.0014569850820035704,0.0005345999995824968
12.399876,-0.0037454000005254784,-0.002497400000447669,-0.0025653231640514495,-0.0021221365971823693,-0.0037454000005254784
12.419876,0.003454599999486163,-0.0010594000004402915,-0.0023194503775674463,-0.001693465268517413,-0.0010254000003442343
12.439876,-0.005295400000477457,-0.002381400000467693,-0.0021347419275216054,-0.002004747319798497,-0.0037454000005254784
12.459875,-0.0010254000003442343,-0.0013694000004306872,-0.0019004209236801752,-0.002065772960818465,-0.0010254000003442343
12.479875,-0.005295400000477457,-0.0026914000004126136,-0.0014827820275448303,-0.0023177076927351136,-0.0031554000004234695
12.499875,0.0013145999996595492,-0.0018374000003859691,-0.0008186477498767538,-0.0016077776227477131,-0.0010254000003442343
12.519875,-0.0031554000004234695,-0.00035940000038863217,2.4857150485566705e-05,-0.0008026727276492878,-0.0010254000003442343
12.539875,-0.0010254000003442343,0.0009625999996387691,0.0008553917749765521,0.002078609323641612,0.0013145999996595492
12.559874,0.006364599999642451,0.0017005999995944876,0.0014265784521183622,0.0012942270392447477,0.0013145999996595492
12.579874,0.0013145999996595492,0.0025945999996110913,0.0015453683033933821,0.0024370009320028837,0.0013145999996595492
12.599874,0.005004599999438142,0.0008465999995678431,0.0011644266592920143,0.000609075524030583,0.0013145999996595492
12.619874,0.0013145999996595492,0.0005745999995269812,0.00041111085517191767,0.0010978634028050022,0.0013145999996595492
12.639874,-0.009765400000560476,-0.0012134000005062262,-0.0004634524539631111,-0.00032435104945668664,0.0013145999996595492
12.659873,0.005004599999438142,-0.0010974000004807748,-0.0011873936683219062,-0.002135516550632954,0.0013145999996595492
12.679873,-0.007625400000506488,-0.0025754000005235866,-0.0015694024661390986,-0.0020167986019046834,-0.0060754000005545095
12.699873,0.005584599999565398,-0.0008274000004803384,-0.0015543398005602844,-0.0018869850820659251,-0.0010254000003442343
12.719873,-0.0060754000005545095,-0.0012554000004456611,-0.0012215520234245129,-0.0007672648023275784,-0.0010254000003442343
12.739872,-0.0010254000003442343,0.00037659999957213587,-0.0007403719827561327,3.5998600972165454e-05,0.0005345999995824968
12.759872,0.002864599999611528,-0.0009454000004097907,-0.0003049680890270422,-0.00070208997709894,-0.0010254000003442343
12.779872,0.0005345999995824968,-5.140000039318693e-05,-6.988017468410903e-05,0.0009350428900584858,-0.0010254000003442343
12.799872,-0.0010254000003442343,0.00041659999960756976,-0.00010666409498762629,-0.0006305748255650633,0.0005345999995824968
12.819872,-0.0016054000004714908,-0.00036140000038358265,-0.0003956410566641475,-0.0004217170166960805,-0.0010254000003442343
12.839872,0.0013145999996595492,-0.0019934000004013797,-0.0008516331771182733,-0.001392043357037125,-0.0010254000003442343
12.859871,-0.0010254000003442343,-0.0019934000004013797,-0.0013685930528585034,-0.0019199454549425512,-0.0010254000003442343
12.879871,-0.007625400000506488,-0.001565400000390582,-0.001862936393366813,-0.0018336750586705431,-0.0010254000003442343
12.899871,-0.0010254000003442343,-0.00214940000041679,-0.002296386243975548,-0.0015993860143974313,-0.0010254000003442343
12.919871,0.0005345999995824968,-0.0025754000004326373,-0.0026669125692110503,-0.002539129604164038,-0.0016054000004714908
12.939871,-0.0016054000004714908,-0.0017994000004364352,-0.0029756572505785545,-0.003066285781342387,-0.0016054000004714908
12.95987,-0.0031554000004234695,-0.003119400000468886,-0.0031978929816602773,-0.003238127273185158,-0.0031554000004234695
12.97987,-0.0037454000005254784,-0.0034314000004542324,-0.0032848804427679343,-0.002635982751020698,-0.0031554000004234695
12.99987,-0.007625400000506488,-0.003741400000444628,-0.003197567871625967,-0.0033079641030136805,-0.0031554000004234695
13.01987,-0.0010254000003442343,-0.0030034000004434346,-0.002945621424104875,-0.004124933799975043,-0.0031554000004234695
13.03987,-0.0031554000004234695,-0.0030034000004434346,-0.002600455402367698,-0.0026645375295828847,-0.0031554000004234695
13.05987,0.0005345999995824968,-0.0022274000004472326,-0.0022708611811601766,-0.0017078475529100265,-0.0031554000004234695
13.079869,-0.0037454000005254784,-0.0010214000004907576,-0.0020556272164148313,-0.0017236517487453419,-0.0031554000004234695
13.099869,-0.0037454000005254784,-0.0016054000005169655,-0.0019990352991939306,-0.0020119034970214073,-0.0037454000005254784
13.119869,0.005004599999438142,-0.0029274000005443668,-0.0020696571910993893,-0.0021698755250080014,-0.0037454000005254784
13.139868,-0.0060754000005545095,-0.0023834000005081178,-0.0021714032465455623,-0.0018531389282527536,-0.0037454000005254784
13.159868,-0.0060754000005545095,-0.0010614000004807167,-0.0021834296566196317,-0.0023928125879100915,-0.0010254000003442343
13.179868,-0.0010254000003442343,-0.002693400000453039,-0.0020111186089387324,-0.0020648405598857685,-0.0031554000004234695
13.199868,0.002864599999611528,-0.002109400000426831,-0.0016232957335573551,-0.0015953533803723292,-0.0031554000004234695
13.219868,-0.0031554000004234695,-0.0006314000003840193,-0.0010624359402399632,-0.0019240013990015053,-0.0010254000003442343
13.239867,-0.0031554000004234695,3.0599999581681915e-05,-0.0004329006208361998,0.0003122456872479075,0.0013145999996595492
13.259867,0.0013145999996595492,-0.0008634000004349218,0.00012386451796801123,0.00028301491798334694,-0.0016054000004714908
13.279867,0.0022845999994842714,0.0004565999995520542,0.0004649659656157941,-4.992214497704572e-05,0.0013145999996595492
13.299867,-0.0016054000004714908,0.0003385999995316524,0.0004891752021871227,0.0001620358969726828,0.0013145999996595492
13.319867,0.0034445999995114107,0.0003385999995316524,0.00017496930268041025,0.0009976769226213045,0.0013145999996595492
13.339867,-0.0037454000005254784,-0.00016740000046411296,-0.00040212460830667203,-0.00011208997716123214,-0.00024540000049455557
13.359866,0.0013145999996595492,-0.0004774000004545087,-0.0010816138600784702,-0.0013459827510610102,-0.00024540000049455557
13.379866,-0.00024540000049455557,-0.002381400000467693,-0.0016589922813969114,-0.001532183217241873,-0.0031554000004234695
13.399866,-0.0031554000004234695,-0.0015254000004460977,-0.001947631516970998,-0.0021546540797067948,-0.00024540000049455557
13.419866,-0.0060754000005545095,-0.0016814000004615082,-0.0018454787634419895,-0.00192586620091513,-0.00024540000049455557
13.439865,0.0005345999995824968,-0.002263400000447291,-0.0013816646615632832,-0.001395027040081646,-0.0031554000004234695
13.459865,0.0005345999995824968,-0.0007474000004549453,-0.0007188578907436106,-0.0016919734270229784,0.0005345999995824968
13.479865,-0.0031554000004234695,-0.00016340000042873725,-0.00010434712517506723,-0.0004806913757271871,0.0005345999995824968
13.499865,0.004424599999538259,-7.400000413326779e-06,0.00021404917214236583,0.0013725953375720683,0.0005345999995824968
13.519865,-0.0031554000004234695,0.000574599999572456,7.777379987914385e-05,0.0014098447548440418,0.0013145999996595492
13.539865,0.0013145999996595492,0.001000599999588303,-0.0005175206996056837,-0.0005200853151048777,0.0013145999996595492
13.559864,0.0034445999995114107,-0.001955400000406371,-0.0014074406471631029,-0.002128430303449585,-0.0010254000003442343
13.579864,-0.0010254000003442343,-0.0028514000004179253,-0.002310321345883621,-0.002577870862879566,-0.0010254000003442343
13.599864,-0.010355400000435111,-0.0035514000004241097,-0.002938257922603287,-0.003549432634438082,-0.0021854000003713736
13.619864,-0.007635400000481241,-0.0036674000004040864,-0.003125755577597282,-0.0034067519817789875,-0.0021854000003713736
13.639863,-0.0021854000003713736,-0.0037834000004295376,-0.002907813331336836,-0.0029021832172168847,-0.0021854000003713736
13.659863,0.002864599999611528,-0.0020334000004368137,-0.0024965457397740794,-0.0028610410260624954,-0.0016054000004714908
13.679863,-0.0016054000004714908,-0.00024340000040865562,-0.002166171361669322,-0.0015849571099742156,-0.0016054000004714908
13.699863,-0.0016054000004714908,-0.0014494000004106056,-0.0021131970164812637,-0.0006568219118222031,-0.0016054000004714908
13.719863,0.0013145999996595492,-0.002459400000407186,-0.0023674281434930876,-0.002265842890849675,-0.0016054000004714908
13.739862,-0.008215400000381123,-0.003197400000408379,-0.0027920355273468754,-0.0031241878792058883,-0.0021854000003713736
13.759862,-0.0021854000003713736,-0.003935400000409572,-0.0031605562323966264,-0.003995096970113033,-0.005295400000477457
13.779862,-0.005295400000477457,-0.003625400000419177,-0.003264117426321358,-0.003365796270803188,-0.005295400000477457
13.799862,-0.005295400000477457,-0.002613400000427646,-0.002995893703275077,-0.0031375678325886312,-0.0031554000004234695
13.819862,0.002864599999611528,-0.0020694000004368718,-0.0023802800978200505,-0.0025312508162913623,-0.0031554000004234695
13.839862,-0.0031554000004234695,-0.0013314000004356786,-0.0015472464855874758,-0.001042789277835363,-0.0016054000004714908
13.859861,0.0005345999995824968,-0.00016540000042368773,-0.000677561668962684,-0.0007732787883194903,0.0005345999995824968
13.879861,-0.0016054000004714908,-0.000631400000429494,5.164904584699046e-05,0.00037898228397342316,0.0005345999995824968
13.899861,0.0005345999995824968,0.0002625999995871098,0.0005057761408935706,0.00043578881078492975,0.0005345999995824968
13.919861,0.0005345999995824968,0.00041859999960252025,0.000616085225883122,0.0007104275054176502,0.0005345999995824968
13.939861,0.0013145999996595492,0.00041859999960252025,0.0003912862015298151,0.0005424554774499438,0.0005345999995824968
13.95986,0.0013145999996595492,0.00041859999960252025,-8.460017163363157e-05,-0.0007404582754535792,0.0005345999995824968
13.97986,-0.0016054000004714908,-0.0013314000003902039,-0.0006740783351036066,-0.0007904815854597743,0.0005345999995824968
13.99986,0.0005345999995824968,-0.0017994000003909605,-0.0012284001450168717,-0.00113859347358212,-0.0010254000003442343
14.01986,-0.008215400000381123,-0.0014894000004005647,-0.0016373614955153778,-0.001576728671719382,-0.0010254000003442343
14.03986,-0.0010254000003442343,-0.0014894000004005647,-0.0018625118965793286,-0.0017727659677753103,-0.0010254000003442343
14.05986,0.002864599999611528,-0.0022294000003967086,-0.0019340341168008963,-0.0017572414922439193,-0.0016054000004714908
14.079859,-0.0016054000004714908,-0.000907400000414782,-0.0019149666009285907,-0.001828943123957445,-0.0016054000004714908
14.099859,-0.003165400000398222,-0.0013354000004255795,-0.0018604519355786885,-0.0023508545458767204,-0.0016054000004714908
14.119859,-0.0016054000004714908,-0.002657400000452981,-0.0017996093800910617,-0.001369758974794165,-0.003165400000398222
14.139858,-0.003165400000398222,-0.0025414000004275296,-0.0017436914342227128,-0.001763045688086462,-0.003165400000398222
14.159858,-0.0037454000005254784,-0.001219400000445603,-0.0017015861484207789,-0.001878103963156878,-0.0016054000004714908
14.179858,-0.0010254000003442343,-0.001219400000445603,-0.001681758700663638,-0.0011414839165331057,-0.0016054000004714908
14.199858,0.0034445999995114107,-0.0013354000004710542,-0.0016768760544030484,-0.0016432554783082482,-0.0016054000004714908
14.219858,-0.0016054000004714908,-0.001219400000445603,-0.0016488453692616973,-0.0025130689981231183,-0.0016054000004714908
14.239857,-0.0037454000005254784,-0.0020734000004722477,-0.0015380934330193486,-0.001553232168317712,-0.003165400000398222
14.259857,-0.003165400000398222,-0.002501400000483045,-0.0013009851623393275,-0.0011433254084075796,-0.003165400000398222
14.279857,-0.005295400000477457,-0.0007134000004953122,-0.000948444233312258,-0.0008998988349972186,-0.003165400000398222
14.299857,0.0013045999994574231,-0.00016940000045906345,-0.0005486879332372849,-0.0003633720284305579,-0.0010254000003442343
14.319857,0.007334599999467173,0.0005705999995370803,-0.0001829821460288804,0.000623947318893981,0.0005345999995824968
14.339857,-0.0010254000003442343,0.001424599999563725,0.00011396791989174112,-0.00016784755288297534,0.0005345999995824968
14.359856,0.0005345999995824968,0.00041459999956714453,0.0003775355685679182,0.0002087025636603897,-0.0010254000003442343
14.379856,-0.0010254000003442343,-0.0016854000004059345,0.0006746244160575619,0.0003204275054159584,-0.0010254000003442343
14.399856,-0.0037454000005254784,0.00041459999956714453,0.0010284336678379143,0.00043634825132599726,-0.0010254000003442343
14.419856,-0.003165400000398222,0.0008805999995729508,0.0013660724491480199,0.0013112666662397638,-0.0010254000003442343
14.439856,0.00947459999952116,0.002086599999529426,0.001537500043616281,0.0017911034960496927,0.002864599999611528
14.459855,0.002864599999611528,0.002630599999565675,0.0014034146924039243,0.0017985393934848368,0.002864599999611528
14.479855,0.005004599999438142,0.001736599999549071,0.000934764800100545,0.0011250428899868888,0.002864599999611528
14.499855,-0.0010254000003442343,-5.140000043866166e-05,0.00025222713087955903,0.0007290988340662185,0.0005345999995824968
14.519855,-0.007635400000481241,-0.0012574000004406116,-0.0004246273654689954,-0.00036595944099288794,-0.0010254000003442343
14.539855,0.0005345999995824968,-0.0016854000004059345,-0.0008846769823002456,-0.0015494559444656911,-0.0010254000003442343
14.559854,-0.003165400000398222,-0.0013734000004205881,-0.001020057720834553,-0.0016378941729148985,0.0005345999995824968
14.579854,0.002864599999611528,0.0002605999995921593,-0.0008566784013420647,-0.0011627892777958068,0.0005345999995824968
14.599854,0.0005345999995824968,-0.0005954000004294357,-0.0005174406556796305,-0.0005628592078894991,0.0005345999995824968
14.619854,0.0005345999995824968,0.0006105999995725143,-0.00015405010910757156,0.0009977934727746609,0.0005345999995824968
14.639853,-0.0037454000005254784,-0.00028340000044408954,0.00011181954532987492,0.0008374438224053169,0.0005345999995824968
14.659853,0.002864599999611528,0.0007265999995524908,0.00021850411723390925,0.00017571888065716097,0.0005345999995824968
14.679853,-0.0016054000004714908,-0.00012940000046910428,0.00016783444603084768,-0.00022654219160220734,-0.0016054000004714908
14.699853,0.005584599999565398,-0.0004394000004595,1.0092168910531579e-05,-0.0010981505832090073,-0.0016054000004714908
14.719853,-0.0037454000005254784,-0.0004394000004595,-0.00018592395949827275,-0.00013339533846209347,-0.0016054000004714908
14.739852,-0.005295400000477457,-0.0008674000004702976,-0.00037109611036950245,-3.826713334775008e-05,-0.0037454000005254784
14.759852,0.002864599999611528,-0.0005174000004899426,-0.0005435096957180126,-0.0005989431240349546,-0.0037454000005254784
14.779852,-0.0037454000005254784,-0.0008274000004803384,-0.0007436408380423474,-0.000277404662468235,-0.0037454000005254784
14.799852,0.007334599999467173,2.659999954630621e-05,-0.00101608761998401,-0.0016047006997559397,-0.0010254000003442343
14.819852,-0.005295400000477457,-0.0011794000004556437,-0.0013652712485936376,-0.000807847552907509,-0.003165400000398222
14.839852,-0.0010254000003442343,-0.0016454000004614499,-0.0017398677075068886,-0.0013444209794851612,-0.003165400000398222
14.859851,-0.003165400000398222,-0.0028514000004633997,-0.002058102607614381,-0.002527917482995065,-0.003165400000398222
14.879851,-0.0060754000005545095,-0.002425400000447553,-0.0022542203838102678,-0.002425190210240949,-0.003165400000398222
14.899851,0.0013045999994574231,-0.002541400000473004,-0.002312417203452401,-0.003141950116995362,-0.003165400000398222
14.919851,-0.003165400000398222,-0.0021134000004622067,-0.0022666792988404907,-0.0018230923081447214,-0.0016054000004714908
14.939851,-0.0016054000004714908,-0.001219400000445603,-0.0021701953919023953,-0.001820434965504688,-0.0016054000004714908
14.95985,-0.0010254000003442343,-0.0018014000004313857,-0.002056600645677205,-0.0009879407929907348,-0.0016054000004714908
14.979851,-0.0016054000004714908,-0.0014894000004460396,-0.0019172929700549699,-0.00206607599110589,-0.0016054000004714908
14.99985,-0.0016054000004714908,-0.001605400000426016,-0.0017081797139589683,-0.0026538848489046293,-0.0016054000004714908
15.01985,-0.0016054000004714908,-0.002733400000442998,-0.0013835743996305733,-0.001399549184578593,-0.0016054000004714908
15.03985,-0.0021854000003713736,-0.001101400000425201,-0.0009399211313320335,-0.0006943510493737209,-0.0016054000004714908
15.05985,-0.006665400000429145,-9.140000042862084e-05,-0.0004426851812154156,-0.0006318568769016487,-0.0016054000004714908
15.079849,0.006554599999617494,-9.140000042862084e-05,-1.3891776065360236e-05,-0.0007370550120838187,-0.0016054000004714908
15.099849,0.0034445999995114107,-0.0004034000004594418,0.00021979041280719086,0.0005557655007268924,-0.0016054000004714908
15.119849,-0.0016054000004714908,0.0010365999995428864,0.00018948674780549208,0.0008536442885818413,0.0005345999995824968
15.139849,-0.0037454000005254784,0.0007265999995070161,-8.059319657120481e-05,0.00019469323959951448,0.0005345999995824968
15.159848,0.0005345999995824968,-0.001177400000506168,-0.00048071726704700986,-2.9269464381278013e-05,-0.0016054000004714908
15.179848,0.005004599999438142,-0.0016054000005169655,-0.0008544187543455779,-0.002161903497032251,-0.0037454000005254784
15.199848,-0.0060754000005545095,-0.00039940000051501555,-0.0010503158036613348,-0.0010004815855957968,0.0005345999995824968
15.219848,-0.0037454000005254784,-0.0008274000005258131,-0.0009740457690721187,-0.00010174032686156235,-0.0016054000004714908
15.239848,0.0022845999994842714,-0.0007114000005003617,-0.0006253986669087597,-0.0006843976694963517,-0.0016054000004714908
15.259847,-0.0016054000004714908,-0.00024540000049455557,-0.00010374431050186817,-0.001199665734757773,-0.0016054000004714908
15.279847,0.005584599999565398,-0.00012940000046910428,0.00042187244970734005,0.00010028764520754745,-0.0016054000004714908
15.299847,-0.0037454000005254784,0.00041459999952166984,0.0007630618114815037,0.001625462470383253,-0.0016054000004714908
15.319847,-0.003165400000398222,0.0017365999995035963,0.000764975692385066,0.0009549496498476749,0.005004599999438142
15.339846,0.005004599999438142,-0.00043940000050497475,0.000354067165769564,0.000526721211623431,-0.003165400000398222
15.359846,0.005004599999438142,-0.00043940000050497475,-0.00042550869395177094,-0.00026220652731059126,-0.003165400000398222
15.379846,-0.005295400000477457,-1.140000049417722e-05,-0.0014053017509713626,-0.001847358042459963,-0.0010254000003442343
15.399846,-0.0037454000005254784,-0.0025394000004780536,-0.0023357468399952557,-0.0021322531473152483,-0.0037454000005254784
15.419846,-0.0010254000003442343,-0.004173400000445327,-0.0029736367546537995,-0.00255148391653592,-0.0037454000005254784
15.439846,-0.007635400000481241,-0.0033194000004186817,-0.003176930287896658,-0.0037416937067246705,-0.003165400000398222
15.459845,-0.003165400000398222,-0.0023094000004221017,-0.0029617657483029724,-0.004121390676410654,-0.0010254000003442343
15.479845,-0.0010254000003442343,-0.0031634000004487463,-0.0024948238241234216,-0.0029376843827105697,-0.003165400000398222
15.499845,0.0013045999994574231,-0.0022694000004321426,-0.002024455632071621,-0.0008713673664047525,-0.003165400000398222
15.519845,-0.005295400000477457,-0.0009474000004502159,-0.0017807366988420864,-0.0011483603734255923,-0.0010254000003442343
15.539845,-0.003165400000398222,-5.340000047908689e-05,-0.0018843521220908931,-0.0007832088582568195,0.0013045999994574231
15.559844,0.0034445999995114107,-0.003123400000458787,-0.0022962299776715972,-0.0022809477860128956,-0.003165400000398222
15.579844,0.0034445999995114107,-0.00269740000044294,-0.0028279878646718026,-0.003510668065742764,-0.003165400000398222
15.599844,-0.014045400000441077,-0.0032794000004741975,-0.003220360805163946,-0.00402584289090323,-0.003165400000398222
15.619844,-0.003165400000398222,-0.004289400000470778,-0.0032683446043729955,-0.0037436983687677322,-0.003165400000398222
15.639843,-0.0060754000005545095,-0.004871400000456561,-0.002933818657698866,-0.0031171249421862238,-0.003165400000398222
15.659843,-0.0016054000004714908,-0.0019554000004518455,-0.0023774394733676357,-0.002920038695093003,-0.0016054000004714908
15.679843,0.0005345999995824968,-0.0007494000004498958,-0.0018829770900423203,-0.0015248638699012541,0.0005345999995824968
15.699843,0.0005345999995824968,-0.0005934000004344852,-0.001710800529722964,-0.000532999068035317,0.0005345999995824968
15.719843,0.002864599999611528,-0.0012154000004102271,-0.001957916119582401,-0.0019181972032156734,0.0005345999995824968
15.739843,-0.005295400000477457,-0.002849400000422975,-0.002497651065735865,-0.0014800620050641011,-0.004715400000350201
15.759842,-0.004715400000350201,-0.002849400000422975,-0.0030284465662698207,-0.0024906913757272624,-0.004715400000350201
15.779842,-0.007635400000481241,-0.003161400000453796,-0.0032037153299123095,-0.004317637762701283,-0.004715400000350201
15.799842,0.0005345999995824968,-0.003317400000469206,-0.0027776999181409385,-0.004300947786010514,-0.004715400000350201
15.819842,0.0013045999994574231,-0.0030074000004788105,-0.0017062242662096653,-0.0020218335668977863,-0.003165400000398222
15.839842,-0.0060754000005545095,0.0005305999995471212,-0.00017310621266442344,0.0006648564097867076,0.0005345999995824968
15.859841,-0.003165400000398222,0.002318599999534854,0.0014591437489803953,0.0013448564097977022,0.0013045999994574231
15.879841,0.010054599999648417,0.001736599999549071,0.002762361880941793,0.003234669929633835,-0.0016054000004714908
15.899841,0.00947459999952116,0.002746599999591126,0.003390175550265632,0.0027386326335864307,-0.0010254000003442343
15.919841,-0.0016054000004714908,0.004846599999564205,0.0032056894980919464,0.003921965966927746,0.007334599999467173
15.939841,-0.0010254000003442343,0.002086599999529426,0.0023338850967741603,0.003186278321235611,-0.0010254000003442343
15.959841,0.007334599999467173,0.0007645999995474995,0.0011203436636130742,0.0007916629366075141,-0.0010254000003442343
15.979841,-0.0037454000005254784,-0.000557400000434427,2.0519898708580954e-05,-0.00035041165546156666,-0.0010254000003442343
15.99984,0.002864599999611528,0.00022059999955672537,-0.0005407558226926576,-0.0005362158512445094,0.002864599999611528
16.01984,-0.008215400000381123,0.00033659999958217667,-0.0003021795827460077,-0.0005299221449327728,0.002864599999611528
16.03984,0.002864599999611528,0.000452599999607628,0.0007450188246938643,0.0005213365963361511,0.002864599999611528
16.059839,0.00791459999959443,0.000452599999607628,0.0023419992442566834,0.001807397202411973,0.002864599999611528
16.079839,-0.003165400000398222,0.005000599999584665,0.00402926165620651,0.003659075524057076,0.002864599999611528
16.099839,0.002864599999611528,0.005428599999549988,0.005277936541988148,0.0055871174820733595,0.005004599999438142
16.119839,0.014524599999504062,0.004106599999522587,0.005652429281280802,0.007010171095106371,0.002864599999611528
16.139838,0.005004599999438142,0.006322599999521117,0.004960405610959224,0.005231639626553293,0.005004599999438142
16.159838,0.0013045999994574231,0.004534599999487909,0.003336102990150819,0.0029270475519289837,0.005004599999438142
16.179838,0.00791459999959443,0.0004145999994761951,0.0012131105909359615,0.0018251594400185939,0.0013045999994574231
16.199838,-0.0060754000005545095,-0.001801400000522335,-0.0008168537419945421,-0.0009706214457575163,-0.0060754000005545095
16.219838,-0.0060754000005545095,-0.0019554000004973204,-0.0022119174090686517,-0.004051507226606122,-0.0060754000005545095
16.239837,-0.0060754000005545095,-0.003743400000485053,-0.0026732491924640117,-0.0028726494177094206,-0.0060754000005545095
16.259837,0.0005345999995824968,-0.002733400000442998,-0.0022421918069875047,-0.0021239780890276922,-0.0010254000003442343
16.279837,-0.0010254000003442343,6.459999958678964e-05,-0.001260994090070634,-0.0018056331006548634,-0.0010254000003442343
16.299837,-0.0010254000003442343,0.0009585999996033934,-0.00021956192287882025,0.0013553925403952136,-0.0010254000003442343
16.319837,0.00791459999959443,0.0006465999996180472,0.00044127295099492326,0.001740520745537411,-0.0010254000003442343
16.339837,-0.0016054000004714908,0.0013085999995837484,0.00048811705631620153,0.0004401944051974213,-0.0010254000003442343
16.359836,-0.0010254000003442343,-0.00012940000042362953,-4.3611619225572036e-05,-0.0006479641029803985,-0.0010254000003442343
16.379836,0.0022845999994842714,-0.0027714000004380067,-0.0008993693462992467,-0.0011742111892429415,-0.0016054000004714908
16.399836,-0.008215400000381123,-0.0018774000004214031,-0.0017333823602343615,-0.001974257809295863,-0.0010254000003442343
16.419836,-0.005295400000477457,-0.0019934000004468546,-0.0022529181781702026,-0.0027727659678104975,-0.0016054000004714908
16.439836,0.002864599999611528,-0.0027714000004380067,-0.0023177530420666506,-0.0026886634037077382,-0.0016054000004714908
16.459835,-0.0016054000004714908,-0.0014494000004560803,-0.0019632346498972596,-0.0020264955715565,-0.0016054000004714908
16.479835,-0.0016054000004714908,-0.0010234000004402332,-0.0013569375916715027,-0.0012799920750376612,-0.0016054000004714908
16.499835,-0.0016054000004714908,-0.0004794000004494592,-0.0007236795405045984,8.77249374377654e-06,-0.0016054000004714908
16.519835,-0.003165400000398222,-0.0003634000004240079,-0.0002688822630819309,0.000471150116142288,-0.0016054000004714908
16.539834,0.005584599999565398,-0.00024740000039855656,-0.00011469321258977046,-0.0003827892778093836,-0.0010254000003442343
16.559834,-0.0010254000003442343,0.0003345999995872262,-0.00025939772961699906,-0.0007101785552026071,-0.0010254000003442343
16.579834,-0.0010254000003442343,-0.0002474000004440313,-0.0005751738632576413,-0.0006421365971638956,-0.0010254000003442343
16.599834,0.0013045999994574231,-0.0016854000004514092,-0.0008536238491588993,-0.000155982751038589,-0.0010254000003442343
16.619834,-0.0060754000005545095,-0.000597400000469861,-0.0008877703425118239,-0.0006695491846307652,-0.0010254000003442343
16.639833,-0.0016054000004714908,-0.00013140000050952948,-0.000558111534503885,-0.001518430303504602,0.0013045999994574231
16.659833,0.004414599999563507,-0.0010254000004806586,0.00011372589653222209,-0.00014167039675282988,-0.0016054000004714908
16.679833,0.0013045999994574231,0.000762599999552549,0.000963057748235476,0.0005083529132628173,0.0013045999994574231
16.699833,-0.003165400000398222,0.0020845999995344755,0.0017269490851517027,0.0017812433561837067,0.002864599999611528
16.719833,0.002864599999611528,0.0014625999995132588,0.0021188759938582124,0.0032076303025601843,0.0013045999994574231
16.739833,0.005004599999438142,0.0017745999995440799,0.001917003550123229,0.0018269776219090364,0.002864599999611528
16.759832,0.0013045999994574231,0.0016585999995186284,0.0010458608660637106,0.000549798134726892,0.002864599999611528
16.779832,0.002864599999611528,-0.0005574000004799018,-0.00037911069284993855,3.203589696010561e-05,0.0013045999994574231
16.799832,-0.0037454000005254784,-0.0020734000004722477,-0.0020714826235460238,-0.0016399454550325525,-0.0025754000005235866
16.819832,-0.008215400000381123,-0.0033934000004592233,-0.003658838000448686,-0.004108849883916364,-0.0037454000005254784
16.839831,-0.0025754000005235866,-0.005609400000457754,-0.004799449961138012,-0.005801041026085808,-0.005295400000477457
16.859831,-0.005295400000477457,-0.0054934000004323025,-0.005281652091942652,-0.005314397669438836,-0.005295400000477457
16.879831,-0.008215400000381123,-0.004171400000450376,-0.0050692092935241935,-0.004832905827942564,-0.003165400000398222
16.899831,-0.003165400000398222,-0.0030834000004233532,-0.004282905726006516,-0.003691530536555118,-0.003165400000398222
16.919831,-0.0016054000004714908,-0.002657400000407506,-0.003133230097588795,-0.002279595804622457,-0.003165400000398222
16.939831,0.002864599999611528,-0.0013354000004255795,-0.0018366933277872831,-0.0014050270400320177,-0.0016054000004714908
16.95983,-0.003165400000398222,-0.00012940000042362953,-0.0005553318710963285,-0.001034164569175189,-0.0016054000004714908
16.97983,-0.0016054000004714908,0.000298599999587168,0.0006145885017941902,0.00022725734223987313,0.0005345999995824968
16.99983,0.002864599999611528,-0.0005954000004294357,0.0016106084802040123,0.0013545067594745682,-0.0016054000004714908
17.01983,0.0005345999995824968,0.0019325999995544406,0.0023621991177036313,0.002058958973903072,0.0005345999995824968
17.039829,-0.0016054000004714908,0.0032545999995363672,0.0027749227142277173,0.002369565034498741,0.002864599999611528
17.059829,0.00947459999952116,0.0023605999995197635,0.0027559756180730033,0.0031114764564037093,0.0005345999995824968
17.079829,0.005004599999438142,0.0020485999995344174,0.0022667692256293026,0.0020155324004674183,-0.0010254000003442343
17.099829,-0.0016054000004714908,0.0020485999995344174,0.0013665539137041269,0.001298655943586679,-0.0010254000003442343
17.119829,-0.0010254000003442343,-0.0004794000004494592,0.00021527199260770039,0.0007898214447775621,-0.0016054000004714908
17.139828,-0.0016054000004714908,-0.001101400000425201,-0.0009662131908165401,-0.0003492694642952283,-0.0016054000004714908
17.159828,-0.003165400000398222,-0.0014134000004105475,-0.0019524912302892564,-0.0026364256414561113,-0.0016054000004714908
17.179828,0.001894599999559432,-0.001957400000446796,-0.002560075278855068,-0.0023246074596317704,-0.003165400000398222
17.199828,-0.003165400000398222,-0.002385400000457594,-0.00267756925856457,-0.0030008778559278784,-0.003165400000398222
17.219828,-0.0037454000005254784,-0.0016454000004614499,-0.002287711436067399,-0.0023066121216802765,-0.003165400000398222
17.239827,-0.0037454000005254784,-0.002773400000478432,-0.0014838337383133314,-0.0009411808862534842,-0.0037454000005254784
17.259827,0.0005345999995824968,-0.00024540000049455557,-0.00046738963479892785,-0.00044325547835771567,-0.0037454000005254784
17.279827,-0.0037454000005254784,0.0007645999995020247,0.0004909982619493975,-0.0004812741263773676,0.0005345999995824968
17.299827,0.00947459999952116,0.0007645999995020247,0.0011272395472768197,0.0011668843817730927,0.0005345999995824968
17.319827,0.0013045999994574231,0.0007645999995020247,0.00126980293558577,0.0017190988340031615,0.0005345999995824968
17.339826,-0.0037454000005254784,0.0022025999995094027,0.0008966455177125001,0.0020316396265641877,0.0013045999994574231
17.359826,0.0005345999995824968,-0.0003254000004744739,0.00013800353532552272,-0.0005928592079388386,0.0005345999995824968
17.379826,0.0034445999995114107,-0.001219400000445603,-0.0007708105382686729,-0.0006573580424126317,-0.003165400000398222
17.399826,-0.003165400000398222,-0.002425400000447553,-0.0015650315482069871,-0.002779875524929135,-0.003165400000398222
17.419826,-0.003165400000398222,-0.0009494000004451663,-0.0020323975797467008,-0.0020246540796936873,-0.003165400000398222
17.439826,-0.009775400000535228,-0.00269740000044294,-0.0020786275146916873,-0.0012094559444951738,-0.003165400000398222
17.459825,0.00791459999959443,-0.00149140000044099,-0.0017507916805582352,-0.0012864256414703542,-0.003165400000398222
17.479825,-0.005295400000477457,-0.0007514000004448462,-0.0012063239963014739,-0.001863022378046059,0.0005345999995824968
17.499825,0.002864599999611528,0.000570599999582555,-0.0006454813766846492,-0.0009610177160381106,0.0005345999995824968
17.519825,0.0005345999995824968,-0.0019174000004113622,-0.00024459485434475997,1.1593006568298316e-05,-0.003165400000398222
17.539824,-0.003165400000398222,-0.0001694000004135887,-0.00011780131517242568,0.00045343449841521704,0.0005345999995824968
17.559824,-0.004525400000375157,-0.00028540000043904,-0.00030778470370481926,-0.0005651669001908349,0.0005345999995824968
17.579824,0.0034445999995114107,-0.0010254000004351837,-0.0007869952414171764,-0.0007371249421562219,-0.003165400000398222
17.599824,0.0022845999994842714,-0.0010254000004351837,-0.0014563959461912164,-0.00226253286757027,-0.003165400000398222
17.619824,-0.003165400000398222,-0.0018794000004618283,-0.0021515498870522255,-0.0014935818186377619,-0.003165400000398222
17.639823,-0.003165400000398222,-0.002461400000447611,-0.002676665672902545,-0.0024797589748102727,-0.003165400000398222
17.659823,-0.00879540000050838,-0.002657400000452981,-0.0028678760453763165,-0.0025556564107158996,-0.003165400000398222
17.679823,0.0005345999995824968,-0.003667400000449561,-0.0026569054755647705,-0.003186425641492689,-0.003165400000398222
17.699823,0.0013045999994574231,-0.002033400000482288,-0.002099348608659406,-0.0030319034969589283,0.0005345999995824968
17.719823,-0.008215400000381123,-0.0005954000004749105,-0.001353994407480008,-0.0012582205133041071,0.0005345999995824968
17.739823,0.005004599999438142,-0.0009074000004602567,-0.0006259354326300031,5.355104847340757e-05,-0.0010254000003442343
17.759822,-0.0016054000004714908,-0.00016740000046411296,-9.670527288235529e-05,0.0005963249412676717,-0.0010254000003442343
17.779822,-0.0010254000003442343,0.0012705999995432649,0.00013609442594600353,0.0003636909086464537,-0.0010254000003442343
17.799822,0.005004599999438142,-0.0003634000004240079,8.975819263941306e-05,0.00013061398557869322,-0.0010254000003442343
17.819822,-0.0010254000003442343,6.459999958678964e-05,-0.00011614592130629587,-0.00041647226150643785,-0.0010254000003442343
17.839821,-0.003165400000398222,-0.000789400000439855,-0.00031644289702654387,-0.0015664256414333545,-0.0010254000003442343
17.859821,0.0005345999995824968,-0.00199540000039633,-0.0003806147003956312,-0.0005616004666069054,-0.0010254000003442343
17.879821,-0.005295400000477457,-0.00047940000040398446,-0.0002780099841100679,0.00013702424201304575,-0.0010254000003442343
17.899821,-0.0010254000003442343,0.0007265999995979655,-8.964205417358404e-05,0.0002146932397127921,0.0005345999995824968
17.919821,0.006554599999617494,0.0007265999995979655,4.523034033140731e-05,0.000520007925001825,0.0005345999995824968
17.939821,0.002864599999611528,0.0008425999996234168,1.7925567472671256e-05,-0.00019183356681585074,0.0005345999995824968
17.95982,0.0005345999995824968,-1.140000040322775e-05,-0.0001836644448227727,-4.4630769624298574e-05,0.0005345999995824968
17.97982,-0.004715400000350201,-0.0015274000003955735,-0.0004775632836026275,-0.00011747459247766167,-0.0010254000003442343
17.99982,-0.005295400000477457,-0.0010994000004302506,-0.000753620576347627,-0.000617987413002011,-0.0010254000003442343
18.01982,-0.0010254000003442343,-0.0018394000004263943,-0.0009501371218992533,-0.0020898055948391837,-0.003165400000398222
18.039819,0.005004599999438142,-0.000789400000439855,-0.0010859572664654,-0.001558453613493114,-0.0010254000003442343
18.059819,-0.003165400000398222,-0.0009454000004552654,-0.0012344254420664374,-0.001338779953845128,-0.0010254000003442343
18.079819,0.0005345999995824968,-0.0006334000004699191,-0.0014694516746200808,-0.0007194792545428949,0.0005345999995824968
18.099819,-0.0060754000005545095,-0.0023834000004626433,-0.0018227372913625023,-0.0009649571100173793,-0.003165400000398222
18.119819,0.0005345999995824968,-0.0019554000004518455,-0.0022690340498306293,-0.0022057496508132842,-0.0010254000003442343
18.139818,-0.0037454000005254784,-0.0028114000004734407,-0.0027342235126547217,-0.0033722298372835823,-0.0037454000005254784
18.159818,-0.0010254000003442343,-0.002657400000452981,-0.0031170412636426443,-0.0027010643361308918,-0.0037454000005254784
18.179818,-0.0037454000005254784,-0.003513400000474576,-0.0033209697861980693,-0.0038714139864948044,-0.0037454000005254784
18.199818,-0.0053054000004522095,-0.003085400000463778,-0.003292650735185445,-0.0032819268069991915,-0.0037454000005254784
18.219818,-0.0037454000005254784,-0.004095400000505833,-0.0030545084902512017,-0.0034126027976940027,-0.0037454000005254784
18.239817,-0.0016054000004714908,-0.002773400000478432,-0.0027128508842276145,-0.0024611808862525886,-0.0037454000005254784
18.259817,-0.0060754000005545095,-0.002033400000482288,-0.002428869653495151,-0.0023534186484968902,-0.0016054000004714908
18.279817,0.002864599999611528,-0.001917400000456837,-0.0023577287418060046,-0.002294397669462742,-0.0016054000004714908
18.299817,-0.0016054000004714908,-0.0028114000004734407,-0.0025801301031044745,-0.0029554699305439653,-0.003165400000398222
18.319817,-0.003165400000398222,-0.0028114000004734407,-0.003059332801709375,-0.0032902717953660413,-0.003165400000398222
18.339817,-0.0060754000005545095,-0.004133400000500842,-0.00364574974913832,-0.0025171482522546138,-0.0037454000005254784
18.359816,-0.0060754000005545095,-0.003551400000515059,-0.004124531502108966,-0.0032978009328920696,-0.0037454000005254784
18.379816,-0.0037454000005254784,-0.0031234000005042617,-0.004279471235747284,-0.005371903497002999,-0.0037454000005254784
18.399816,0.0013045999994574231,-0.004291400000465728,-0.0039485325324522605,-0.004220015385082635,-0.0037454000005254784
18.419816,-0.0010254000003442343,-0.0033974000004491243,-0.00306627938972771,-0.0034122997673519872,-0.0016054000004714908
18.439816,-0.011915400000361842,-0.001065400000425143,-0.0016983594021950533,-0.001687008392045039,-0.0010254000003442343
18.459815,-0.0016054000004714908,-0.001065400000425143,-5.7257017091014595e-05,0.0006285860135448143,-0.0010254000003442343
18.479815,0.00791459999959443,0.0006065999995371385,0.0015295622731155546,0.0018547864797377855,0.0013045999994574231
18.499815,0.0013045999994574231,0.004106599999522587,0.0027116138397654623,0.0018633179482689143,0.005584599999565398
18.519815,0.007334599999467173,0.0037945999995372404,0.003234422495038877,0.0034986559435845888,0.005584599999565398
18.539814,0.005584599999565398,0.00157859999953871,0.003024342860094113,0.0029500312349564004,0.0013045999994574231
18.559814,-0.003165400000398222,0.002006599999549508,0.0021961443231261245,0.0024965114214595845,0.0034445999995114107
18.579814,-0.003165400000398222,-0.0005214000004343689,0.0009888156257894685,0.0003870708620341592,-0.003165400000398222
18.599814,0.0034445999995114107,0.00013859999958185654,-0.00032418719929981545,0.00013800326299012516,-0.003165400000398222
18.619814,-0.0053054000004522095,-0.0012994000004255212,-0.001500455031986995,-0.002477684382704349,-0.003165400000398222
18.639813,0.008884599999646525,-0.000987400000440175,-0.002353438426191773,-0.0023670550120988253,-0.0016054000004714908
18.659813,-0.010355400000435111,-0.0032034000004387054,-0.002757504395236986,-0.001190807925840176,-0.0053054000004522095
18.679813,-0.0016054000004714908,-0.0010254000004351837,-0.0026607046971529945,-0.002582882517911958,-0.0016054000004714908
18.699813,-0.007635400000481241,-0.0030074000004333356,-0.0021069391392176617,-0.002637754312796799,-0.0016054000004714908
18.719813,0.005584599999565398,-0.0021514000004572154,-0.0012434601175249401,-0.0021040013990611577,-0.0016054000004714908
18.739812,-0.0010254000003442343,-0.00036340000046948263,-0.0002927544413240808,-0.0006240946391590089,-0.0010254000003442343
18.759812,-0.0060754000005545095,0.0012685999995483144,0.0005080036086982342,0.0017473738923085937,0.0005245999996077444
18.779812,0.007334599999467173,0.0017345999995541205,0.000979467820619267,0.001241476456421174,0.0005245999996077444
18.799812,0.0005245999996077444,0.00041259999952671935,0.001060829106074186,0.001582735197695485,0.0005245999996077444
18.819812,0.00791459999959443,0.0014225999995687744,0.0008336011194179537,-0.00011780093283391877,0.0005245999996077444
18.839812,-0.007635400000481241,6.059999959688867e-05,0.0004877810235780724,0.00013215244713076033,0.0005245999996077444
18.859811,-0.0010254000003442343,-0.00036540000041895837,0.00023536914149020256,0.000541476456459084,-0.0010254000003442343
18.879811,0.0005245999996077444,-0.001259400000435562,0.0002127900299022407,-0.00026271934775851655,-0.0010254000003442343
18.899811,-0.0016054000004714908,0.0012685999995483144,0.0004262356561605907,0.0005413832163236787,0.0005245999996077444
18.919811,0.0034445999995114107,0.00157859999953871,0.0007668341768325245,7.278181774519475e-05,0.0005245999996077444
18.939811,0.005004599999438142,0.0012685999995483144,0.001078212652091635,0.002754553379510971,0.0005245999996077444
18.95981,0.0005245999996077444,0.0013845999995737656,0.0012306735813052987,0.0013100312349777713,0.0005245999996077444
18.97981,-0.0010254000003442343,0.001696599999559112,0.0011604412331955077,0.0007481431231053564,0.0005245999996077444
18.99981,-0.0010254000003442343,-0.0009474000004047412,0.0008628596271441881,0.0006688191138136078,-0.0010254000003442343
19.01981,0.005004599999438142,-0.00047940000040398446,0.00036046710062650854,-0.0005443044293142556,-0.0010254000003442343
19.039809,-0.008215400000381123,-0.0001694000004135887,-0.00032275846478390985,-0.0007186634036665631,0.0005245999996077444
19.059809,0.002864599999611528,-0.0007134000004498375,-0.0011618688289152075,8.238554736124848e-05,0.0005245999996077444
19.079809,0.0005245999996077444,-0.0019194000004063127,-0.0021076782308715094,-0.0017248405598802707,-0.0010254000003442343
19.099809,-0.0037454000005254784,-0.00133740000042053,-0.0030602475285818127,-0.003670341725363622,-0.0010254000003442343
19.119809,-0.0010254000003442343,-0.004719400000431051,-0.003867921679008345,-0.003981180886177493,-0.0037454000005254784
19.139808,-0.0053054000004522095,-0.005029400000421447,-0.004367972816290663,-0.003703721678758411,-0.0037454000005254784
19.159808,-0.014045400000441077,-0.0035914000004140688,-0.004454075558881479,-0.004936448951495101,-0.0010254000003442343
19.179808,-0.0010254000003442343,-0.004601400000456124,-0.004129381583075718,-0.004207707692745595,-0.0053054000004522095
19.199808,0.0034445999995114107,-0.003745400000434529,-0.00350776648845879,-0.0033879407929580507,-0.0010254000003442343
19.219808,-0.0060754000005545095,-0.0011414000004151604,-0.002762894949663426,-0.0024954932405207137,-0.0010254000003442343
19.239807,-0.0010254000003442343,-0.0015694000004259578,-0.00206252947573198,-0.00207782424283773,-0.0010254000003442343
19.259807,-0.0010254000003442343,-0.0025794000004225382,-0.0015278244630782822,-0.0010459128209425392,-0.0016054000004714908
19.279807,-0.003165400000398222,-0.002425400000402078,-0.0012284157196242682,-0.0027675911426100464,-0.0016054000004714908
19.299807,-0.0016054000004714908,-0.0015314000004309491,-0.0011964205987362098,-0.0011799221449347082,-0.0016054000004714908
19.319807,-0.0053054000004522095,-0.0017654000004313276,-0.0014345429246835765,-0.00028304568807858776,-0.002195400000346126
19.339807,0.0034445999995114107,-0.00013140000046405476,-0.0019041998350955362,-0.0014956797207404371,-0.0016054000004714908
19.359806,-0.002195400000346126,-0.002347400000462585,-0.002502712151298423,-0.003409106294162867,-0.002195400000346126
19.379806,0.005004599999438142,-0.002929400000448368,-0.003060280281057066,-0.0032592228442894795,-0.002195400000346126
19.399806,-0.012685400000464142,-0.004679400000441092,-0.0033849441257240227,-0.0032733020983644577,-0.0053054000004522095
19.419806,-0.008215400000381123,-0.002773400000478432,-0.0033470844538955945,-0.002631577156624107,-0.0053054000004522095
19.439806,-0.0053054000004522095,-0.0039794000004349074,-0.0029506288550790226,-0.00351199673702462,-0.0053054000004522095
19.459805,0.007334599999467173,-0.0016474000004109257,-0.0023339224086480976,-0.0026753533803952788,-0.0010254000003442343
19.479805,-0.0010254000003442343,-0.001065400000425143,-0.0016944555436459545,-0.002659852214855868,-0.0010254000003442343
19.499805,-0.0010254000003442343,-1.5400000438603457e-05,-0.0011917183514225521,0.0007556955706684168,-0.0010254000003442343
19.519805,-0.0053054000004522095,-0.001687400000400885,-0.0008918865075169567,0.00047439020935671083,-0.0010254000003442343
19.539804,-5.5400000519512105e-05,-0.0004814000004444097,-0.0007745885230275804,-0.001686565501587366,-0.0010254000003442343
19.559804,-0.0010254000003442343,-0.0019194000004517874,-0.0007766209062002008,-0.0022851435901827368,-0.0010254000003442343
19.579804,0.005004599999438142,-0.0019194000004517874,-0.0008384150141381456,-0.001667497902567908,-0.0010254000003442343
19.599804,-0.008215400000381123,-0.0004414000004544505,-0.0009355976822583653,-0.00017500373006878564,-0.0010254000003442343
19.619804,-0.0053054000004522095,-0.0008694000004652481,-0.0010891577086098371,-0.00024756783260815405,-0.003165400000398222
19.639803,0.007334599999467173,-0.0012974000004305707,-0.0013477789586283718,-0.0015071249421631226,-0.003165400000398222
19.659803,-0.003165400000398222,-0.0017254000004413683,-0.0017455418966776108,-0.0019336051286525393,-0.003165400000398222
19.679803,0.002864599999611528,-0.0014134000004560221,-0.0022614550668294923,-0.002410341725384372,-0.003165400000398222
19.699803,-0.010355400000435111,-0.003201400000443755,-0.002814799543876978,-0.001938896503957055,-0.003165400000398222
19.719803,-0.0037454000005254784,-0.003317400000469206,-0.0033032419892813176,-0.0034742344992999517,-0.0037454000005254784
19.739802,-0.0016054000004714908,-0.004951400000481954,-0.0036545464902560903,-0.004810271795341296,-0.0037454000005254784
19.759802,-0.0037454000005254784,-0.003629400000500027,-0.003854857240885766,-0.004179875524973627,-0.0037454000005254784
19.779802,-0.0053054000004522095,-0.0032014000004892294,-0.003939278554347185,-0.0038335818186807724,-0.0037454000005254784
19.799802,-0.0037454000005254784,-0.003629400000500027,-0.00395597869491914,-0.0026870550121526975,-0.0037454000005254784
19.819802,-0.0016054000004714908,-0.0032014000004892294,-0.003925104523652231,-0.003402229837325501,-0.0037454000005254784
19.839802,-0.0037454000005254784,-0.0033554000005096896,-0.0038134393996549876,-0.004355959441062421,-0.0037454000005254784
19.859801,-0.0016054000004714908,-0.0033554000005096896,-0.003541261747980844,-0.003262626107736621,-0.0037454000005254784
19.879801,-0.0060754000005545095,-0.003783400000520487,-0.0030252530334616765,-0.0031166121217488995,-0.0037454000005254784
19.899801,-0.0037454000005254784,-0.002033400000527763,-0.0022400672831779695,-0.0030007846159058947,-0.0037454000005254784
19.919801,-0.0037454000005254784,-0.0024614000005385604,-0.001264003577508431,-0.0018150969702204508,-0.0037454000005254784
19.939801,0.005004599999438142,-0.0006734000005053531,-0.0002770721847609434,-0.00031446759959924994,-0.0037454000005254784
19.9598,-0.0037454000005254784,0.001076599999487371,0.0004953859442328505,0.001072082516972605,0.002864599999611528
19.9798,0.002864599999611528,0.0018145999994885643,0.0008702897029778125,0.0013418727267855122,0.002864599999611528
19.9998,0.005004599999438142,0.000608599999532089,0.0007861529071022157,0.0011089589738714997,-5.5400000519512105e-05
20.0198,-5.5400000519512105e-05,0.00014259999952628277,0.0003369166302893738,0.00014611515102376158,-5.5400000519512105e-05
20.039799,-0.0010254000003442343,-0.0001694000005045382,-0.00025954718019668407,-0.00039339533847081805,-5.5400000519512105e-05
20.059799,-0.0060754000005545095,-0.0014914000004864647,-0.0007479694848716434,-0.0006103184154064367,-0.0010254000003442343
20.079799,0.0013045999994574231,-0.0009074000004602567,-0.0009366269663096187,-0.0018225561776348555,-0.0010254000003442343
20.099799,-0.0016054000004714908,-0.0014514000004965054,-0.0007644877949267301,-0.0009581505832216775,-0.0016054000004714908
20.119799,0.002864599999611528,0.0003365999995367019,-0.0003093214855895824,0.0001101011650180212,0.0013045999994574231
20.139798,-0.0037454000005254784,0.0010765999995328457,0.0002552114161574673,0.0005937142186333298,0.002864599999611528
20.159798,0.002864599999611528,0.0007645999995474995,0.0007268524573777044,0.0009613599063286681,0.002864599999611528
20.179798,0.005004599999438142,-1.3400000443652971e-05,0.0009395164196991553,0.0007094717944389116,-0.0010254000003442343
20.199798,-0.003165400000398222,0.0008405999995829916,0.0008059431503744569,0.0008599379949100082,0.0005245999996077444
20.219798,-0.0010254000003442343,0.0005285999995521707,0.0003294607137223316,-8.710023744422867e-06,0.0005245999996077444
20.239797,0.0005245999996077444,-0.001105400000415102,-0.00040943308799357305,0.0004354391604154919,-0.0010254000003442343
20.259797,0.0013045999994574231,-0.0012214000004405535,-0.0012776995587435787,-0.002083931468985718,-0.0010254000003442343
20.279797,-0.003165400000398222,-0.0013374000004660047,-0.002117767718907135,-0.0027564489515102975,-0.0016054000004714908
20.299797,-0.0037454000005254784,-0.0033974000004945992,-0.0027804148505771874,-0.0021890829841526563,-0.003165400000398222
20.319797,-0.0016054000004714908,-0.003085400000463778,-0.00316126801727879,-0.0026019967370786204,-0.003165400000398222
20.339796,-0.009775400000535228,-0.002657400000452981,-0.0032287887344643776,-0.0032344442895051134,-0.0016054000004714908
20.359796,0.002864599999611528,-0.002657400000452981,-0.003028415051414955,-0.0033529757580251134,-0.0016054000004714908
20.379796,-0.0010254000003442343,-0.003241400000433714,-0.002659360636882339,-0.0032690596740908738,-0.0037454000005254784
20.399796,-0.0037454000005254784,-0.0016074000004209666,-0.002238323536677097,-0.0016941179491419456,-0.0016054000004714908
20.419796,-0.004525400000375157,-0.002385400000412119,-0.001869687149701408,-0.0016172881123094518,-0.0016054000004714908
20.439795,-0.0016054000004714908,-0.0011794000004556437,-0.0016282829878507391,-0.0013624629374911078,-0.0016054000004714908
20.459795,-0.0010254000003442343,-0.0020734000004267727,-0.0015465596899054475,-0.0023100153850669973,-0.0016054000004714908
20.479795,0.005004599999438142,-0.0014894000004460396,-0.0016026126006876008,-0.0008916237766571911,-0.0016054000004714908
20.499795,-0.008215400000381123,-0.0010634000004301925,-0.0017206477399635796,-0.001990365035378852,-0.0010254000003442343
20.519795,-0.0016054000004714908,-0.0010634000004301925,-0.0017964392913169826,-0.0015411342661756228,-0.0010254000003442343
20.539794,0.0005245999996077444,-0.004019400000424866,-0.0017423363243927676,-0.0022766121216478974,-0.0016054000004714908
20.559794,-0.0010254000003442343,-0.0009094000004552071,-0.001530242497684346,-0.001692253147296692,-0.0010254000003442343
20.579794,-0.009775400000535228,-0.0012214000004405535,-0.0012113479986666392,-0.0011898055948393156,-0.0010254000003442343
20.599794,0.007334599999467173,-0.0006374000004598201,-0.0009013721653435067,-0.0008451669002306854,-0.0010254000003442343
20.619794,-0.003165400000398222,-0.0011814000004960689,-0.0007333867867494863,-0.0009326960377884683,-0.003165400000398222
20.639793,0.0034445999995114107,-0.00044140000049992524,-0.0007979185201621944,-0.0006120666671810147,-0.003165400000398222
20.659793,-0.0037454000005254784,-0.0009074000005057315,-0.0011009967778766246,-0.0002892228443313098,-0.003165400000398222
20.679793,-0.0060754000005545095,-0.0009074000005057315,-0.0015600902892018982,-0.0010350270401298237,-0.003165400000398222
20.699793,0.005004599999438142,-0.0026574000004984553,-0.0020340318801342324,-0.003456635431733657,-0.0037454000005254784
20.719793,-0.003165400000398222,-0.0031234000005042617,-0.0023700642209699458,-0.0022757962708929375,-0.0053054000004522095
20.739793,-0.0053054000004522095,-0.0018034000004718109,-0.002454032430356755,-0.002846239161315492,-0.003165400000398222
20.759792,-0.0060754000005545095,-0.0021154000004571572,-0.0022511567764402244,-0.001722183217267798,-0.003165400000398222
20.779792,0.0005245999996077444,-0.0022314000004826084,-0.0018192677853520254,-0.0011452601403278864,-0.0037454000005254784
20.799792,0.0034445999995114107,-0.000909400000500682,-0.0012823648809166897,-0.002007101632167535,0.0005245999996077444
20.819792,-0.0037454000005254784,0.00010059999954137311,-0.0007771427237781279,-0.001173185548266001,0.0005245999996077444
20.839791,0.0013045999994574231,-0.0007534000004852714,-0.0004045425953360563,0.0005392153841284596,-0.0010254000003442343
20.859791,-0.0010254000003442343,-0.0011814000004960689,-0.0002102857665312417,-9.637902147828243e-05,-0.0010254000003442343
20.879791,-0.0037454000005254784,0.0005685999994966551,-0.00019312574107176297,-0.0005208778559934692,0.0013045999994574231
20.899791,0.0013045999994574231,-0.0012194000004910777,-0.0003227594596111393,-0.0007474979025904446,-0.0010254000003442343
20.919791,0.005004599999438142,-0.00044140000049992524,-0.0005525468697921938,-1.9642424721833278e-05,0.0013045999994574231
20.93979,-0.007635400000481241,-0.0003254000004744739,-0.0008270964916284767,-0.0016022298373040355,0.0013045999994574231
20.95979,0.002864599999611528,-0.0009074000004602567,-0.0010933765422634905,-0.0009452368303050178,-0.0016054000004714908
20.97979,-0.003165400000398222,-0.002969400000438327,-0.0013173958379665187,-0.0006325328675679823,-0.003165400000398222
20.99979,-0.0016054000004714908,-0.00032540000042899917,-0.0014972534738389516,-0.0017971948722331692,-0.0016054000004714908
21.01979,-0.0053054000004522095,-0.0016474000004564004,-0.0016613258200092052,-0.002616565501622263,-0.003165400000398222
21.039789,0.005584599999565398,-0.002229400000487658,-0.0018487290842549697,-0.0010020899771677966,-0.0037454000005254784
21.059789,-0.0037454000005254784,-0.002229400000487658,-0.0020819347808079753,-0.0014371249422121233,-0.0037454000005254784
21.079789,-0.0060754000005545095,-0.0005954000004749105,-0.002349131464614069,-0.0024707613058363807,-0.0016054000004714908
21.099789,-0.0016054000004714908,-0.0030834000004688277,-0.0026073606594130346,-0.0031044209794894254,-0.0037454000005254784
21.119789,0.002864599999611528,-0.004405400000450754,-0.002802721330179929,-0.0028969384619996815,-0.0060754000005545095
21.139788,-0.006855400000404188,-0.00250140000043757,-0.0028970004579236875,-0.003510434965481102,-0.0016054000004714908
21.159788,-0.010355400000435111,-0.0020754000004217232,-0.0028900199645850878,-0.0018196191146299461,0.0005245999996077444
21.179788,0.0034445999995114107,-0.003281400000423673,-0.0028240346616672514,-0.0028222065272216325,-0.003165400000398222
21.199788,0.0005245999996077444,-0.00254340000042248,-0.002760820799737809,-0.00314768438270243,-0.003165400000398222
21.219788,-0.003165400000398222,-0.0024274000004425034,-0.002744432129583419,-0.0031087799538093036,-0.003165400000398222
21.239788,-0.003165400000398222,-0.00254340000042248,-0.0027802390830485328,-0.0022621132871549275,-0.003165400000398222
21.259787,-0.009775400000535228,-0.0033974000004491243,-0.002846154189428978,-0.0023555631706211576,-0.003165400000398222
21.279787,0.002864599999611528,-0.003513400000474576,-0.002919401956733943,-0.003553232168295864,-0.0037454000005254784
21.299787,-0.0037454000005254784,-0.0032014000004892294,-0.0029902304502149564,-0.0039400620051375165,-0.0037454000005254784
21.319787,-0.0037454000005254784,-0.0018794000004618283,-0.0030524315465040594,-0.0026385468536175476,-0.003165400000398222
21.339787,-0.0016054000004714908,-0.003513400000474576,-0.003083786422032403,-0.0024270317021074716,-0.0037454000005254784
21.359786,-0.003165400000398222,-0.002075400000467198,-0.0030350212542521082,-0.0019044675995339838,-0.003165400000398222
21.379786,-0.0053054000004522095,-0.002541400000473004,-0.0028368396297927304,-0.003647661072738113,-0.003165400000398222
21.399786,0.0034445999995114107,-0.002541400000473004,-0.0024245862088310964,-0.0027782671333454745,-0.003165400000398222
21.419786,-0.0060754000005545095,-0.0026574000004984553,-0.0017739955120724385,-0.001679758974854205,-0.0037454000005254784
21.439785,-0.0016054000004714908,-0.0005954000005203852,-0.0009358871284519299,-0.001162742657850536,-0.0016054000004714908
21.459785,-0.0037454000005254784,-0.0005954000005203852,-5.0938141466373845e-05,-7.819720333335873e-05,-0.0016054000004714908
21.479785,0.005004599999438142,0.0002985999994962185,0.0006737447850334965,0.000555625640495694,-0.0016054000004714908
21.499785,0.0034445999995114107,0.0008805999994820013,0.0010265209908293723,0.0009204974354008226,0.0013045999994574231
21.519785,-0.0016054000004714908,0.0014245999995182502,0.0008655059753373511,0.0015087258736557131,0.0013045999994574231
21.539784,0.0013045999994574231,0.0002185999995617749,0.00016918825082448216,0.00013394731889725077,-0.0010254000003442343
21.559784,-0.0010254000003442343,-0.0019974000004367555,-0.0009572633045245608,-0.0013102484852929425,-0.0010254000003442343
21.579784,-0.0010254000003442343,-0.002737400000432899,-0.0023166800489450913,-0.002674281119301874,-0.0010254000003442343
21.599784,-0.007635400000481241,-0.0037474000004294795,-0.0036771429341395314,-0.003895842890865742,-0.0037454000005254784
21.619784,-0.0053054000004522095,-0.003981400000429858,-0.004828416917943482,-0.0043615305365590305,-0.0037454000005254784
21.639783,-0.0037454000005254784,-0.005731400000468056,-0.005617560630655544,-0.0055281738932318365,-0.0053054000004522095
21.659783,-0.002195400000346126,-0.004953400000476904,-0.005958019855835136,-0.0057010876461839124,-0.0037454000005254784
21.679783,-0.009775400000535228,-0.005107400000497364,-0.0058249237283831455,-0.0058241645692638615,-0.0037454000005254784
21.699783,-0.0037454000005254784,-0.0049914000004719124,-0.005254048668336034,-0.00477654219161682,-0.0037454000005254784
21.719783,-0.0060754000005545095,-0.005185400000482332,-0.004347727852368249,-0.004398640093705277,-0.0037454000005254784
21.739783,-0.003165400000398222,-0.0031254000004537373,-0.0032746115182475414,-0.004107684382736315,-0.003165400000398222
21.759782,-0.003165400000398222,-0.00269740000044294,-0.002248334201967449,-0.0024858662009254,-0.003165400000398222
21.779782,0.0005245999996077444,-0.0018034000004263362,-0.0014819201929714206,-0.0010864023314432454,-0.0016054000004714908
21.799782,-0.0016054000004714908,-0.000715400000444788,-0.0011295510114452138,-0.0009264955715220344,-0.0016054000004714908
21.819782,-0.0016054000004714908,-0.0011434000004555856,-0.0012365178879579582,-0.0011695958046333793,-0.0016054000004714908
21.839782,0.002274599999509519,-0.0018814000004567788,-0.0017179650808674652,-0.0020964023314738556,-0.0016054000004714908
21.859781,-0.0053054000004522095,-0.0027754000004733825,-0.002378100227851115,-0.0024660759911597154,-0.003165400000398222
21.879781,-0.003165400000398222,-0.0027754000004733825,-0.0029666358411431803,-0.0025423230773923794,-0.003165400000398222
21.899781,-0.0060754000005545095,-0.0031254000004537373,-0.003252618154884847,-0.002759572494630194,-0.003165400000398222
21.919781,-0.0016054000004714908,-0.0022694000004321426,-0.0030870989842498794,-0.004044654079683355,-0.0016054000004714908
21.93978,0.0005245999996077444,-0.00269740000044294,-0.002434654431466183,-0.0026268918419214715,-0.0016054000004714908
21.95978,-0.0010254000003442343,-0.001687400000400885,-0.0013738840399728643,-0.0006965421915529709,-0.0010254000003442343
21.97978,-0.0053054000004522095,0.0010725999995884195,-7.891512166050273e-05,0.00019886573384892542,-0.0010254000003442343
21.99978,-0.0010254000003442343,0.0007625999995980237,0.0012125323853192768,0.0016162550112430308,-0.0010254000003442343
22.01978,0.012194599999475031,0.0012285999995583553,0.0022478825779984673,0.001753667598645771,-0.0010254000003442343
22.039779,-0.0010254000003442343,0.0028625999995711025,0.002819808945961279,0.0016024787874634279,0.0013045999994574231
22.059779,0.0013045999994574231,0.0028625999995711025,0.0028156868965336685,0.0027698913748717227,0.0013045999994574231
22.079779,0.002864599999611528,0.0005285999995976454,0.002237286706878494,0.003366954311921847,0.0005245999996077444
22.099779,-0.0010254000003442343,0.0017345999995541205,0.0011934027482044568,0.0015256256405758828,0.0013045999994574231
22.119779,0.0005245999996077444,0.0007245999995575403,-0.00011951689832775304,-0.0008366354316735865,0.0005245999996077444
22.139778,0.005004599999438142,-0.00149140000044099,-0.0014437540865542523,-0.001491064336105435,-0.0010254000003442343
22.159778,-0.0037454000005254784,-0.0021914000004471744,-0.002504496623882333,-0.0019463090913286675,-0.0037454000005254784
22.179778,-0.008215400000381123,-0.002929400000448368,-0.0030803186591075744,-0.0030542811193346436,-0.0037454000005254784
22.199778,-0.004525400000375157,-0.003241400000433714,-0.003082849184218339,-0.003686029371088512,-0.0037454000005254784
22.219778,-0.003165400000398222,-0.0037074000004395204,-0.0026032375127609756,-0.0026296424246947904,-0.004525400000375157
22.239777,0.0034445999995114107,-0.0019594000004417465,-0.0018894796212543454,-0.003147614452644867,-0.003165400000398222
22.259777,-0.0060754000005545095,6.259999954636442e-05,-0.0012564494734757425,-0.00027276596780150117,0.0005245999996077444
22.279777,0.0005245999996077444,-0.0009474000004502159,-0.0009665350493870274,0.00025049743544355195,0.0005245999996077444
22.299777,0.005584599999565398,-0.0005194000004394184,-0.0011293347421781562,-0.0008305981356494124,0.0005245999996077444
22.319777,-0.008215400000381123,-0.0013754000004155386,-0.0016591507766765788,-0.0015551435901612369,0.0005245999996077444
22.339777,0.005584599999565398,-0.002385400000412119,-0.0023096491745556286,-0.0029632321682240637,-0.004525400000375157
22.359776,-0.010355400000435111,-0.0037074000003940455,-0.002776991725454848,-0.0027343976694017974,-0.004525400000375157
22.379776,-0.004525400000375157,-0.0028134000004229167,-0.0028314126214047538,-0.0033613673663918254,-0.0037454000005254784
22.399776,-0.0010254000003442343,-0.0036694000004445114,-0.002419410775603562,-0.00395148391651045,-0.0037454000005254784
22.419776,-0.0037454000005254784,-0.0014934000004359405,-0.0016889375286545535,-0.0011869384619879017,-0.0010254000003442343
22.439775,0.0013045999994574231,-0.0009094000004552071,-0.0009255915269919887,-0.0011574745925337603,-0.0010254000003442343
22.459775,0.0005245999996077444,0.0007625999995070742,-0.000428626572680768,0.0014076769225958216,0.0005245999996077444
22.479775,-0.0016054000004714908,0.000450599999521728,-0.00038032333041864607,0.0004650428899513697,0.0005245999996077444
22.499775,0.007334599999467173,-0.00013140000046405476,-0.0007642848767275542,-0.00032789417297178405,-0.0016054000004714908
22.519774,-0.0053054000004522095,-0.0018794000004618283,-0.001370975077960246,-0.0023939780890233587,-0.0016054000004714908
22.539774,-0.0016054000004714908,-0.0021914000004471744,-0.0018952193742042163,-0.0028323696974190344,-0.003165400000398222
22.559774,-0.008215400000381123,-0.004719400000431051,-0.0020863403951896942,-0.003009386014427806,-0.0053054000004522095
22.579774,-0.003165400000398222,-0.001763400000436377,-0.0018770341200930298,-0.001931204196236998,-0.003165400000398222
22.599774,-0.0053054000004522095,-0.0016474000004109257,-0.001419066893330403,-0.0010542111892210169,-0.003165400000398222
22.619774,0.00947459999952116,0.0006845999995675811,-0.0010013318755122994,-6.311561812713767e-05,-0.0010254000003442343
22.639773,-0.0010254000003442343,0.0003745999995771854,-0.0008949583354498072,-0.0009218102568400691,-0.0010254000003442343
22.659773,0.0034445999995114107,-0.0007914000004348054,-0.0012160516024274368,-0.0008848172498699693,-0.0010254000003442343
22.679773,-0.004715400000350201,-0.0034354000004441334,-0.0018842149805276026,-0.001452369697410439,-0.0037454000005254784
22.699773,-0.011135400000512163,-0.0031254000004537373,-0.002690040033557288,-0.002920225175257812,-0.0037454000005254784
22.719773,-0.0037454000005254784,-0.004019400000424866,-0.0034144283109311777,-0.004548267133294811,-0.0037454000005254784
22.739773,0.0005245999996077444,-0.004603400000451075,-0.003919418821365932,-0.004147521212565848,-0.0037454000005254784
22.759772,-0.0010254000003442343,-0.00269740000044294,-0.004168013355542192,-0.0043831389281844164,-0.0016054000004714908
22.779772,-0.007635400000481241,-0.0031634000004487463,-0.004190392573093623,-0.003541996737069189,-0.0016054000004714908
22.799772,-0.0016054000004714908,-0.0040174000004753905,-0.004042051663710382,-0.0032071249422086297,-0.0037454000005254784
22.819772,-0.0060754000005545095,-0.0045614000005116395,-0.0037826370771386836,-0.003838989744083524,-0.0037454000005254784
22.839772,-0.0037454000005254784,-0.0033554000005096896,-0.0034737215762283414,-0.0035958895109886096,-0.0037454000005254784
22.859771,-0.0037454000005254784,-0.0032394000004842384,-0.003179134768391538,-0.003930831235927933,-0.0037454000005254784
22.879771,-0.0016054000004714908,-0.002657400000452981,-0.0029562267467356036,-0.0026726027976654203,-0.003165400000398222
22.899771,-0.0010254000003442343,-0.0034354000004441334,-0.0028400282391710294,-0.002661903496935892,-0.003165400000398222
22.91977,-0.003165400000398222,-0.002113400000416732,-0.0028326194433164567,-0.002508849883875435,-0.0016054000004714908
22.93977,-0.007635400000481241,-0.0028534000004128758,-0.0029080241089871864,-0.003193581818615428,-0.003165400000398222
22.95977,0.002864599999611528,-0.0038634000004549307,-0.0030305587206488956,-0.0032822764572981375,-0.0053054000004522095
22.97977,-0.0053054000004522095,-0.0038634000004549307,-0.003175078668663795,-0.003547427972458622,-0.0053054000004522095
22.99977,-0.0060754000005545095,-0.0025414000004275296,-0.003338569781855934,-0.003338733333782077,-0.003165400000398222
23.01977,-0.003165400000398222,-0.0038634000004549307,-0.0035374460374315037,-0.002974607459664447,-0.0037454000005254784
23.039769,-0.0010254000003442343,-0.0035514000004695846,-0.0037893504393014363,-0.003637544522611594,-0.0037454000005254784
23.059769,-0.0037454000005254784,-0.003553400000464535,-0.004087274710669943,-0.004480201865278428,-0.0037454000005254784
23.079769,-0.0037454000005254784,-0.004447400000481138,-0.004384045175272712,-0.004504654079728268,-0.0037454000005254784
23.099769,-0.006085400000529262,-0.0045654000005015405,-0.004602297278771485,-0.004100971096052698,-0.0037454000005254784
23.119769,-0.007635400000481241,-0.005033400000502297,-0.004666585761087077,-0.003937964103082541,-0.006085400000529262
23.139768,-0.0016154000004462432,-0.004023400000505717,-0.004537070716966232,-0.005297777622898911,-0.006085400000529262
23.159768,-0.006085400000529262,-0.004023400000505717,-0.004224615770151714,-0.0051974745925756375,-0.006085400000529262
23.179768,0.0013045999994574231,-0.004567400000496491,-0.003783313885006411,-0.0038944442895385125,-0.006085400000529262
23.199768,-0.006085400000529262,-0.00355540000050496,-0.0032911234498429077,-0.002734257809361931,-0.006085400000529262
23.219768,-0.010355400000435111,-0.0016494000004968258,-0.002827985010433342,-0.001989642424751877,0.0013045999994574231
23.239767,0.0034445999995114107,-0.002659400000493406,-0.0024494393770865984,-0.002541647086744066,-0.0037454000005254784
23.259767,0.0034445999995114107,-0.002075400000467198,-0.0021545097567489757,-0.0024773347323916216,-0.003165400000398222
23.279767,-0.0037454000005254784,-0.0009094000004552071,-0.0018659849424684178,-0.002080854545904904,-0.003165400000398222
23.299767,-0.003165400000398222,-0.0014934000004359405,-0.0014515275818549735,-0.0004631156181507531,-0.003165400000398222
23.319767,-0.004525400000375157,-0.0011834000004455447,-0.0007897915313549604,-0.0005233020983358,-0.003165400000398222
23.339766,0.0005245999996077444,-0.00032940000041890014,0.0001529290761823787,-0.0010959128209424448,0.0005245999996077444
23.359766,0.004994599999463389,0.0002925999995568418,0.0012811919946466377,0.0006255790205263327,0.0005245999996077444
23.379766,0.0005245999996077444,0.0026645999995253077,0.00238489822256799,0.002537560372502949,0.0005245999996077444
23.399766,-5.5400000519512105e-05,0.003558599999496437,0.003199242181647791,0.003525742190643261,0.004994599999463389
23.419766,0.007334599999467173,0.0026645999995253077,0.00348629722178523,0.003808376223275513,0.0005245999996077444
23.439765,0.004994599999463389,0.0028205999994952435,0.0031141551778401896,0.003440870395775863,0.0013045999994574231
23.459765,0.0005245999996077444,0.002626599999530299,0.0021089784140033833,0.0017407305356639893,0.0013045999994574231
23.479765,0.0013045999994574231,0.0008365999995476158,0.0006587190721010632,0.0007636442885901756,0.0005245999996077444
23.499765,-0.0010254000003442343,-0.0018054000004212867,-0.0009364498848793238,-0.0005490363640602139,-0.0010254000003442343
23.519765,-0.0016154000004462432,-0.002233400000432084,-0.00235030480882346,-0.0030882671332968623,-0.0016154000004462432
23.539764,-0.008215400000381123,-0.0030114000004232365,-0.0033231251964962274,-0.004045563170601282,-0.0016154000004462432
23.559764,-0.0016154000004462432,-0.004023400000460242,-0.0037285203234817313,-0.00343085454590497,-0.002585400000498339
23.579764,-0.002585400000498339,-0.0035954000004494446,-0.0035915415857895616,-0.0030361692311995825,-0.002585400000498339
23.599764,-0.006085400000529262,-0.0013794000004509143,-0.0030544761984975127,-0.0027682205132648586,-0.0016154000004462432
23.619764,0.0005245999996077444,-0.0016894000004413102,-0.0023084721624182904,-0.002050038695092654,-0.002585400000498339
23.639763,0.002864599999611528,-0.0019214000004467379,-0.0015224374168349365,-0.001012835897900367,-0.003165400000398222
23.659763,-0.003165400000398222,-0.000443400000449401,-0.0008006688792386415,-0.0012533487184038018,0.0005245999996077444
23.679763,-0.0037454000005254784,-0.000443400000449401,-0.0001852688565799546,-2.495710998970987e-05,0.0005245999996077444
23.699763,0.0013045999994574231,-0.0009114000004501576,0.0003080157071729955,-0.000369525874555087,0.0005245999996077444
23.719763,0.0005245999996077444,0.0002945999995517923,0.0006526135334696473,0.00010077715572868231,0.0005245999996077444
23.739762,0.0005245999996077444,0.0002945999995517923,0.0008001527002440259,0.0008732946382376995,0.0005245999996077444
23.759762,0.002864599999611528,0.0015005999995537423,0.0007000041429324696,0.0013023855473116366,0.0005245999996077444
23.779762,-0.0037454000005254784,0.0006465999995270977,0.00033384302751916876,-1.2206527268669113e-05,0.0005245999996077444
23.799762,0.007334599999467173,-0.0006754000005003036,-0.0002561413505440882,-0.0004620433571289003,-0.0037454000005254784
23.819762,-0.0037454000005254784,-0.0018814000005022535,-0.0009623412192526313,-0.0002965655016692094,-0.0037454000005254784
23.839761,-0.006085400000529262,-0.00013340000050447997,-0.0016353702732750518,-0.0019541645692708436,-0.003165400000398222
23.859761,-0.003165400000398222,-0.002233400000477559,-0.002124288731395419,-0.0018347006998006563,-0.003165400000398222
23.879761,0.004994599999463389,-0.0030114000004687115,-0.0023115516687187187,-0.001892416317486628,-0.003165400000398222
23.899761,-0.003165400000398222,-0.0006774000004497793,-0.002131731613043646,-0.0028450736601158336,-0.003165400000398222
23.91976,-0.007635400000481241,-0.0009494000004451663,-0.001582114352474101,-0.0013358895109164017,-0.003165400000398222
23.93976,0.005584599999565398,-0.0018434000004162953,-0.0007339208700583707,-0.0007338615388893983,-0.003165400000398222
23.95976,-0.004525400000375157,-0.0005214000004343689,0.0002635186253807541,0.00041383076880123493,0.0005245999996077444
23.97976,0.0005245999996077444,0.0016945999995641615,0.001201784653539574,0.0002859519809257144,0.0034445999995114107
23.99976,0.0034445999995114107,0.0016945999995641615,0.001862547018999093,0.0023428051277597562,0.0034445999995114107
24.019759,0.0034445999995114107,0.001850599999534097,0.002086307653861728,0.002488982283917126,0.0034445999995114107
24.039759,0.005584599999565398,0.0024345999995148302,0.0018338586025705573,0.0014603808852986912,0.0034445999995114107
24.059759,-0.0037454000005254784,0.0009965999995074526,0.001209078615455919,0.0014661384610417305,0.0034445999995114107
24.079759,0.0034445999995114107,0.00041259999952671935,0.0004275544394783617,0.0006419892769052274,0.0005245999996077444
24.099759,-0.0037454000005254784,-0.001027400000475609,-0.0002565756448877279,1.9471794404403442e-05,-0.0016154000004462432
24.119759,0.0005245999996077444,0.0002945999995517923,-0.0006341543345537656,-0.0011828358978882758,0.0005245999996077444
24.139759,-0.0016154000004462432,-0.0007174000004397385,-0.00060441080423861,-0.0012242111892465561,-0.0016154000004462432
24.159758,0.002864599999611528,-0.0006014000004142872,-0.00020223796504837004,0.0004987025636893032,-0.0016154000004462432
24.179758,-0.0016154000004462432,0.00041059999957724356,0.00041131378895943317,9.578881077466228e-05,-0.0016154000004462432
24.199758,-0.003165400000398222,0.0014225999995687744,0.0009889279902763834,0.0012037375286996165,0.002864599999611528
24.219758,0.005584599999565398,0.00010059999954137311,0.0012611114409522108,0.0010795184144559797,-0.0016154000004462432
24.239758,0.0034445999995114107,0.0006845999995221064,0.001014917248878019,0.0002599846149226783,0.0013045999994574231
24.259757,-0.0037454000005254784,0.0006845999995221064,0.00016671697861881353,0.0004908004657191748,0.0013045999994574231
24.279757,0.0013045999994574231,-0.0014934000004814152,-0.0011970292311852724,-0.00023146060654583456,-0.003165400000398222
24.299757,-0.003165400000398222,-0.0019214000004922128,-0.0028267481913351327,-0.0017374979025856878,-0.003165400000398222
24.319757,-0.0053054000004522095,-0.0037094000004799454,-0.004364064040555544,-0.005532835897927651,-0.003165400000398222
24.339756,0.0013045999994574231,-0.005497400000467678,-0.005433364692829386,-0.006397544522626664,-0.0053054000004522095
24.359756,-0.012685400000464142,-0.0068194000004950794,-0.005753570323486901,-0.005548779953869613,-0.007635400000481241
24.379756,-0.007635400000481241,-0.004641400000491558,-0.005239546008041001,-0.005126588811670603,-0.007635400000481241
24.399756,-0.009775400000535228,-0.00421340000048076,-0.004048356855151384,-0.003321553846635894,-0.007635400000481241
24.419756,0.005584599999565398,-0.0018814000004567788,-0.002533937074598494,-0.002998616783671454,-0.0010254000003442343
24.439756,0.0034445999995114107,-0.0006774000004497793,-0.0011184008494828075,-0.0015572181822676918,-0.0010254000003442343
24.459755,-0.0010254000003442343,0.0002165999995668244,-0.00014199648674462478,0.0004939006988470915,-0.0010254000003442343
24.479755,-0.0016154000004462432,9.859999954642262e-05,0.00023353632608605655,0.0009226186475786904,-0.0010254000003442343
24.499755,-0.0053054000004522095,-0.001223400000435504,3.598617717095421e-05,0.0004345300695044562,-0.0016154000004462432
24.519755,0.004994599999463389,-0.0009134000004451081,-0.0005683537731543552,-0.0016565188815646653,-0.0016154000004462432
24.539755,-0.003165400000398222,-0.0016514000004463013,-0.0013440015519918082,-0.0024498289048805084,-0.003165400000398222
24.559754,0.0005245999996077444,-0.0013394000004609552,-0.002048436718665574,-0.0020193627044283917,-0.003165400000398222
24.579754,-0.0053054000004522095,-0.0029714000004332775,-0.002483896507638371,-0.0018546773897242601,-0.003165400000398222
24.599754,-0.0037454000005254784,-0.0017654000004313276,-0.002537830021036541,-0.0016563090913294344,-0.003165400000398222
24.619754,-0.003165400000398222,-0.0020754000004217232,-0.002201922294904054,-0.0025276610726534406,-0.003165400000398222
24.639754,0.002864599999611528,-0.001219400000400128,-0.0015603208303545438,-0.0016885002335034328,-0.0010254000003442343
24.659753,-0.0010254000003442343,-0.0007934000003842811,-0.0007531912727765388,-0.0013740713290733716,-0.0010254000003442343
24.679753,-0.0010254000003442343,0.00010059999958684784,6.425583776011227e-05,0.0005763715613577792,-0.0010254000003442343
24.699753,-0.0016154000004462432,0.0002165999995668244,0.0007513220321171374,0.0015084694634322805,-0.0010254000003442343
24.719753,0.0013045999994574231,0.0014205999995283492,0.0012010841782626007,0.0009867678316994755,0.0013045999994574231
24.739752,0.0034445999995114107,0.0013025999995079473,0.0013585496605682318,0.0005477934727262308,0.0013045999994574231
24.759752,0.004994599999463389,0.0007205999995221646,0.001236239487244452,0.0011009869459132388,0.0013045999994574231
24.779752,-0.0016154000004462432,0.0010325999995529855,0.0009123026961220467,0.0012256722605948687,0.002864599999611528
24.799752,-0.004525400000375157,0.000604599999542188,0.0005016382528215571,0.0008816163165436675,0.0013045999994574231
24.819752,0.002864599999611528,-0.00040540000045439226,0.00011271089100953248,-0.00025761445267022,-5.5400000519512105e-05
24.839751,0.0013045999994574231,-0.00040540000045439226,-0.000184336420062944,-0.00011679860184259842,-5.5400000519512105e-05
24.859751,-5.5400000519512105e-05,0.0002945999995517923,-0.0003653217517320227,-6.59827510161829e-05,-5.5400000519512105e-05
24.879751,-0.0016154000004462432,0.0002945999995517923,-0.000444117718042568,-0.0009914372964768207,-5.5400000519512105e-05
24.899751,-0.0010254000003442343,-0.0010274000004301342,-0.0004635388232293928,-0.00033665874170468453,-0.0010254000003442343
24.919751,0.002864599999611528,-0.0020774000004166737,-0.0004888616393154395,-0.0008071948722294458,-0.0016154000004462432
24.93975,-0.0053054000004522095,0.00013859999958185654,-0.000597856444484071,-0.0008025561775743721,-0.0010254000003442343
24.95975,-0.0053054000004522095,-0.000289400000428941,-0.0008594237769119471,0.0002492853142774213,-0.003165400000398222
24.97975,0.009464599999546408,-0.001495400000430891,-0.00129919057289068,-0.000755353380372028,-0.003165400000398222
24.99975,-0.003165400000398222,-0.0006394000004092959,-0.0018664266660831023,-0.0024473813524078644,-0.003165400000398222
25.01975,-0.003165400000398222,-0.0021154000004116823,-0.002432200359335948,-0.002890062005076455,-0.003165400000398222
25.03975,-0.0010254000003442343,-0.004641400000400609,-0.002839283083010573,-0.003596821911818485,-0.003165400000398222
25.059749,-0.012685400000464142,-0.0034354000003986584,-0.0029857432668664798,-0.002243138928130953,-0.003165400000398222
25.079749,-0.003165400000398222,-0.0034354000003986584,-0.0028887772127530213,-0.003093651748647742,-0.003165400000398222
25.099749,0.002864599999611528,-0.00133740000042053,-0.002679006531320991,-0.0020853300703442177,-0.003165400000398222
25.119749,-0.003165400000398222,-0.00133740000042053,-0.002522182075723207,-0.0030324396274650856,-0.003165400000398222
25.139749,0.009464599999546408,-0.0022314000004371335,-0.002521257936724156,-0.0031731389281791,-0.003165400000398222
25.159748,-0.012685400000464142,-0.003865400000449881,-0.0026692672596652987,-0.0008540013990481791,-0.0053054000004522095
25.179748,-0.007635400000481241,-0.0025434000004679546,-0.0028825056689219973,-0.0023014372965031457,-0.0053054000004522095
25.199748,-0.0053054000004522095,-0.003747400000474954,-0.0030773916629130487,-0.0044452135202978586,-0.0053054000004522095
25.219748,0.0034445999995114107,-0.003747400000474954,-0.0032244154550816083,-0.0042123930074784415,-0.0053054000004522095
25.239747,0.0034445999995114107,-0.003747400000474954,-0.003346409466540515,-0.004477940793003983,-0.0053054000004522095
25.259747,-0.012685400000464142,-0.0021134000004622067,-0.0034843385849382563,-0.002035353380412085,0.002864599999611528
25.279747,-0.007635400000481241,-0.0034354000004441334,-0.003668875855926203,-0.002564141259188866,-0.003165400000398222
25.299747,0.002864599999611528,-0.004873400000451511,-0.003906396194865516,-0.003323581818633305,-0.0037454000005254784
25.319747,-0.003165400000398222,-0.0033974000004491243,-0.004167242902986445,-0.004947101632161166,-0.0037454000005254784
25.339746,-0.0037454000005254784,-0.0030874000004587287,-0.004379464895078955,-0.004875866200931745,-0.0037454000005254784
25.359746,-0.0053054000004522095,-0.005187400000477282,-0.004448638937719154,-0.00419607599114538,-0.0053054000004522095
25.379746,-0.006085400000529262,-0.005187400000477282,-0.004309429721819188,-0.004660691375752684,-0.0053054000004522095
25.399746,-0.007635400000481241,-0.0050714000004518315,-0.003981610908585172,-0.004743628438687584,-0.0053054000004522095
25.419746,-0.003165400000398222,-0.003437400000439084,-0.0035880367347428375,-0.0030546540796992415,-0.003165400000398222
25.439745,-0.003165400000398222,-0.00254340000042248,-0.003309997703933054,-0.0028753533803699853,-0.003165400000398222
25.459745,0.002864599999611528,-0.0020774000004166737,-0.003295794053185886,-0.0032240247090482383,-0.003165400000398222
25.479745,-0.0016154000004462432,-0.0035154000004240515,-0.0035749045724758712,-0.00293052820555762,-0.003165400000398222
25.499745,-0.0053054000004522095,-0.004099400000450259,-0.004034598096558443,-0.004340038695074279,-0.0053054000004522095
25.519745,-0.010355400000435111,-0.004995400000461813,-0.004478539746844538,-0.004730434965487141,-0.0053054000004522095
25.539744,-0.006085400000529262,-0.00631540000044879,-0.004731547979916182,-0.0047383137533698865,-0.006085400000529262
25.559744,-0.0016154000004462432,-0.004565400000456066,-0.004724535879135407,-0.005389805594873148,-0.006085400000529262
25.579744,-0.008215400000381123,-0.0035554000004594855,-0.004512427492008324,-0.004958616783673215,-0.0053054000004522095
25.599744,0.0034445999995114107,-0.003865400000449881,-0.004226159013151683,-0.00435894312399723,-0.0053054000004522095
25.619744,-0.0053054000004522095,-0.004447400000435664,-0.003998028118471933,-0.002680504895548097,-0.0053054000004522095
25.639743,-0.007635400000481241,-0.0031274000004486878,-0.0039043393284600297,-0.0034783836834158697,-0.004525400000375157
25.659743,-0.004525400000375157,-0.0037114000004294214,-0.003945536808813204,-0.0038859128209437826,-0.004525400000375157
25.679743,-0.0016154000004462432,-0.004721400000426002,-0.004056679771746037,-0.004095003730031497,-0.004525400000375157
25.699743,0.0005245999996077444,-0.0038274000004093977,-0.004134047772354015,-0.004967964102982624,-0.003165400000398222
25.719743,-0.010355400000435111,-0.003983400000424808,-0.004073507969995876,-0.004233768298789695,-0.003165400000398222
25.739742,-0.003165400000398222,-0.003983400000424808,-0.0038176332367962224,-0.0038761459211665615,-0.003165400000398222
25.759742,-0.0053054000004522095,-0.004721400000426002,-0.003393720496324573,-0.0031062158512352445,-0.003165400000398222
25.779742,-0.0016154000004462432,-0.0025454000004174306,-0.0029164226751170184,-0.0033048405598550927,-0.003165400000398222
25.799742,-0.003165400000398222,-0.0018074000004162372,-0.0025443695539840985,-0.0024014139864320027,-0.0016154000004462432
25.819742,0.0005245999996077444,-0.0022734000004220436,-0.002408649667951306,-0.0020075911426176486,-0.0016154000004462432
25.839741,0.0005245999996077444,-0.0022734000004220436,-0.002549841257585314,-0.0023252368302600817,-0.0016154000004462432
25.859741,-0.007635400000481241,-0.0031674000004386473,-0.0028973120091969336,-0.002614211189235204,-0.0016154000004462432
25.879741,-0.0016154000004462432,-0.0031674000004386473,-0.0033010386034418473,-0.004025283450326121,-0.0016154000004462432
25.899741,-0.007635400000481241,-0.004489400000466048,-0.003596223463278027,-0.0033451669002322612,-0.006085400000529262
25.919741,0.0005245999996077444,-0.003711400000474896,-0.003665542191478725,-0.003976961772053303,-0.0037454000005254784
25.93974,-0.006085400000529262,-0.0026994000004833653,-0.003472405173190608,-0.0037857030307951347,-0.0037454000005254784
25.95974,-0.0037454000005254784,-0.0026994000004833653,-0.003059594483721183,-0.002622183217265015,-0.0037454000005254784
25.97974,0.0034445999995114107,-0.003009400000473761,-0.0025239750442114794,-0.0020853533804082794,-0.0037454000005254784
25.99974,-0.007635400000481241,-0.0016874000004463597,-0.0019834386404213537,-0.002122672727710786,-0.0010254000003442343
26.01974,-0.0010254000003442343,-0.001143400000410111,-0.0015483374391875389,-0.0024331389281664183,-0.0010254000003442343
26.039739,0.0005245999996077444,-0.003049400000418245,-0.0013004267875534586,-0.0006441179491428949,-0.0010254000003442343
26.059739,-0.0010254000003442343,-0.000833400000419715,-0.0012762877337592917,-0.0014570317020511333,-0.0010254000003442343
26.079739,-0.006085400000529262,-0.0003674000004593836,-0.0014546285384992028,-0.0013535585085922002,0.0005245999996077444
26.099739,0.0034445999995114107,-0.0021154000004571572,-0.0017522690310446609,-0.0007143044293620548,-0.0010254000003442343
26.119739,0.0013045999994574231,-0.0016494000004968258,-0.0020366988235978414,-0.0020572181823245057,0.0013045999994574231
26.139738,-0.008215400000381123,-0.0016494000004968258,-0.002162848749571469,-0.0035077776228845297,0.0013045999994574231
26.159738,0.0013045999994574231,-0.0030874000005042036,-0.002031898011756147,-0.0025610410261478716,-0.0037454000005254784
26.179738,-0.006085400000529262,-0.003553400000464535,-0.0016492557520076264,-0.0008874745925460432,-0.0037454000005254784
26.199738,-0.0037454000005254784,-1.7400000479028678e-05,-0.001144510877571734,-0.0015123463874090156,-0.0010254000003442343
26.219738,-0.0010254000003442343,-0.00017340000044896442,-0.0007268673869996315,-0.0008662624713217562,-0.0010254000003442343
26.239737,0.009464599999546408,-0.0004834000004393602,-0.0005854181479046848,0.00025471654967374407,-0.0010254000003442343
26.259737,0.0005245999996077444,-5.740000042351312e-05,-0.0007850426896464245,-0.0004971482521721944,-0.0010254000003442343
26.279737,-0.007635400000481241,-5.740000042351312e-05,-0.0012228012016779453,-0.00047784755287517386,-0.0010254000003442343
26.299737,-0.0016154000004462432,-0.0026994000004378904,-0.001675148732976533,-0.0022471249421397643,-0.0016154000004462432
26.319736,-0.0010254000003442343,-0.003437400000439084,-0.0019070442276016655,-0.0023468452218822896,-0.003165400000398222
26.339736,-0.0037454000005254784,-0.0021154000004116823,-0.0017806709841432684,-0.003061810256837352,-0.0016154000004462432
26.359736,-0.003165400000398222,-0.00032540000042899917,-0.001312500056899295,-0.0007856564106854724,-0.0010254000003442343
26.379736,-0.0010254000003442343,-0.0007534000004397967,-0.000659599960938261,-0.000343185548199642,-0.003165400000398222
26.399736,0.007334599999467173,0.0003745999995771854,-4.732803106106361e-05,-7.787086290396048e-05,-0.0010254000003442343
26.419736,-0.003165400000398222,-5.340000043361215e-05,0.0003252476701151341,0.0004293319342796942,-0.0010254000003442343
26.439735,0.001894599999559432,0.0011525999995228632,0.0003582499028338362,0.000749495104432194,0.001894599999559432
26.459735,-0.0053054000004522095,-0.0006354000004648696,7.63200137938837e-05,0.0005587491836685917,-0.0016054000004714908
26.479735,0.005004599999438142,-0.00032340000047952343,-0.00038978406115117154,-0.0007650969701752897,-0.0016054000004714908
26.499735,-0.0016054000004714908,-0.0009074000004602567,-0.0008465988613621214,-0.0013031389281854353,-0.0016054000004714908
26.519735,-0.0016054000004714908,-0.0004794000004494592,-0.0010929882402972895,-0.0009509710960078459,-0.0016054000004714908
26.539734,-0.0010254000003442343,-0.000907400000414782,-0.0009799994362749973,-0.0008704815855063682,-0.0016054000004714908
26.559734,-0.003165400000398222,-0.000907400000414782,-0.000463923905355341,6.919207415603427e-05,-0.0016054000004714908
26.579734,0.002864599999611528,0.00041459999956714453,0.0003662608001086486,-0.00083749790253547,-0.0010254000003442343
26.599734,-0.0016054000004714908,0.000880599999527476,0.0013021724133691034,0.0012589123538623407,0.0013045999994574231
26.619734,0.005004599999438142,0.0016185999995286693,0.002070598361704909,0.0025363016312389053,0.0013045999994574231
26.639733,0.0013045999994574231,0.0026285999995252496,0.002414303992369486,0.0024915930065042974,0.0013045999994574231
26.659733,0.0005245999996077444,0.0026285999995252496,0.0021748565452938172,0.002142175757094726,0.0013045999994574231
26.679733,0.00791459999959443,0.0005665999995471793,0.001351563970989705,0.0014092153841712095,0.0005245999996077444
26.699733,-0.0016054000004714908,0.00010059999958684784,0.00011476262222120453,0.0005038074587818398,-0.0010254000003442343
26.719733,-0.0053054000004522095,-0.0002094000004035479,-0.0012363842918934043,-0.0018250969700998021,-0.0010254000003442343
26.739732,-0.0010254000003442343,-0.0030074000004333356,-0.002360064285847676,-0.0019125095575132376,-0.0016054000004714908
26.759732,-0.0010254000003442343,-0.0033194000004186817,-0.002970722653414485,-0.0027774745925109438,-0.003165400000398222
26.779732,-0.0060754000005545095,-0.0015694000004259578,-0.0029173557648074495,-0.0037756331006753682,-0.0010254000003442343
26.799732,-0.003165400000398222,-0.0021134000004622067,-0.0022213512432832923,-0.0019594093244451162,-0.003165400000398222
26.819731,0.0034445999995114107,-0.0018034000004718109,-0.0010682315264837613,-0.0012281505832009145,-0.003165400000398222
26.839731,-0.0037454000005254784,0.0005285999995521707,0.00024223255463234834,0.0005635743584948344,0.0005245999996077444
26.859731,0.0005245999996077444,0.0014225999995232997,0.0013745888294262741,0.0018220125869337466,0.0013045999994574231
26.879731,0.005584599999565398,0.0022005999995144522,0.0020465295812691015,0.002077140792069196,0.0013045999994574231
26.899731,0.0013045999994574231,0.0018885999995291059,0.0021060634063977597,0.0019629682978796743,0.0013045999994574231
26.91973,0.007334599999467173,0.0010345999995024612,0.0015719712909207943,0.0009610102559078198,0.0013045999994574231
26.93973,-0.0053054000004522095,0.0003725999994912854,0.000618536082395945,0.0005607538456623623,0.0013045999994574231
26.95973,-0.0037454000005254784,-0.0006374000005052949,-0.0004909377687691672,2.5369230258859418e-05,-0.0037454000005254784
26.97973,0.002274599999509519,-0.002309400000467576,-0.0014892962099818962,-0.0018501086251919408,-0.0037454000005254784
26.99973,-0.0037454000005254784,-0.0009874000004856498,-0.0021703655938346052,-0.0021539314690093288,-0.0010254000003442343
27.01973,-0.0010254000003442343,-0.0018814000004567788,-0.0024161494070123984,-0.0033903650354376548,-0.0010254000003442343
27.039729,0.0013045999994574231,-0.002075400000467198,-0.002196401144733725,-0.0011154466204995367,-0.0010254000003442343
27.059729,-0.008215400000381123,-0.0015314000004309491,-0.001558937765840582,-0.0005818335668731934,-0.0010254000003442343
27.079729,0.0013045999994574231,0.00045059999956720276,-0.000617585697297408,-0.000929339394362388,0.0013045999994574231
27.099729,-0.0010254000003442343,-0.00013140000041858002,0.00046853369763897787,0.00022140652640647933,-0.0010254000003442343
27.119729,0.008884599999646525,0.0013065999995887979,0.0015284575660113675,0.0010811734261523933,-0.0010254000003442343
27.139728,-0.0016054000004714908,0.002162599999610393,0.002414850852389831,0.0021240871790761976,-0.0010254000003442343
27.159728,-0.0010254000003442343,0.003368599999566868,0.0030252365184151816,0.003525462470436328,0.005004599999438142
27.179728,0.005584599999565398,0.0021645999995598686,0.0033070591614475005,0.00336045081542788,0.002864599999611528
27.199728,0.005004599999438142,0.0030585999995764723,0.003259158251940033,0.003454576689536063,0.002864599999611528
27.219728,0.002864599999611528,0.003836599999567625,0.002935797970852617,0.00237350442849285,0.002864599999611528
27.239727,0.002864599999611528,0.0025145999995856982,0.0024424478344085834,0.0029202643352598846,0.002864599999611528
27.259727,0.002864599999611528,0.001308599999629223,0.0019097087259722669,0.001691569696573208,0.002864599999611528
27.279727,-0.0010254000003442343,0.000996599999598402,0.0014472448408749694,0.000992968297965378,0.0013045999994574231
27.299727,-0.0010254000003442343,0.0005285999995976454,0.00109803931613347,0.001078399533396634,0.0005245999996077444
27.319727,0.0013045999994574231,0.0009565999995629681,0.0008202904248955407,0.0011997515147279063,0.0005245999996077444
27.339726,0.0005245999996077444,0.0009565999995629681,0.0005131709389688856,0.00037898228394162253,0.0005245999996077444
27.359726,0.005004599999438142,0.0005285999995521707,7.696519182245982e-05,-0.0005808778559124753,0.0005245999996077444
27.379726,-0.0010254000003442343,-0.0007934000004297559,-0.0005255917010196702,5.371421868598632e-05,-0.0010254000003442343
27.399726,-0.003165400000398222,-0.0011034000004201516,-0.0012416240662969794,-0.0003533953384175755,-0.0010254000003442343
27.419726,-0.0053054000004522095,-0.001415400000405498,-0.0019449712990925302,-0.0015535818185996985,-0.0010254000003442343
27.439725,-0.0010254000003442343,-0.002425400000447553,-0.0024796161508728264,-0.003783068998126412,-0.003165400000398222
27.459725,0.0034445999995114107,-0.0030074000004788105,-0.002704384760029833,-0.0030987566438150102,-0.0053054000004522095
27.479725,-0.0060754000005545095,-0.0026954000004934644,-0.00252926042404664,-0.0016414139865069165,-0.0037454000005254784
27.499725,-0.0060754000005545095,-0.0001694000005045382,-0.0019456302210874839,-0.0015963790214775318,-0.0037454000005254784
27.519725,-0.0037454000005254784,-0.001607400000511916,-0.0010440895502743745,-0.0010651669002805096,-0.0037454000005254784
27.539724,0.011604599999600396,-0.0011414000005061098,-3.781921347117838e-06,-0.0003833487184776538,-0.0037454000005254784
27.559724,-0.0037454000005254784,0.0010745999994924206,0.000948996130760859,-4.4700699812244126e-05,-0.0037454000005254784
27.579724,-0.0037454000005254784,0.0025125999994997984,0.0015932874196064484,0.0023711501160416605,0.0034445999995114107
27.599724,0.005004599999438142,-0.000129400000514579,0.001758688064761205,0.0020357188806082328,-0.0016054000004714908
27.619724,0.0034445999995114107,0.0013085999994927988,0.001362191959559664,0.001225998600902895,0.0034445999995114107
27.639723,-0.0016054000004714908,0.0006865999995170569,0.00043753445044079366,-0.0005550503501395773,0.0034445999995114107
27.659723,0.0034445999995114107,-0.0005194000004394184,-0.0008556694407986765,0.0002463948713412752,-0.0010254000003442343
27.679723,-0.006855400000404188,-0.0022694000004321426,-0.0022586549503883255,-0.0017892461542663592,-0.0016054000004714908
27.699723,-0.0010254000003442343,-0.0028534000004128758,-0.0034763905917756296,-0.00439672867173455,-0.004525400000375157
27.719723,-0.0053054000004522095,-0.005185400000391383,-0.004258543936337135,-0.003996099301103824,-0.0053054000004522095
27.739722,-0.004525400000375157,-0.004135400000404843,-0.004471971264822661,-0.0043634885784792675,-0.004525400000375157
27.759722,-0.008215400000381123,-0.0033574000004136908,-0.004140012386356132,-0.005103138928124102,-0.004525400000375157
27.779722,-0.0016054000004714908,-0.003939400000399473,-0.0034326419079949927,-0.0028953300703444696,-0.004525400000375157
27.799722,0.002864599999611528,-0.0030834000004233532,-0.0026076012894590186,-0.0023316937067303367,-0.0016054000004714908
27.819722,-0.008215400000381123,-0.0004394000004595,-0.0019232304271640875,-0.0016578475528910416,-0.00024540000049455557
27.839721,-0.00024540000049455557,-0.0011794000004556437,-0.0015556492859896925,-0.001521204196278911,-0.00024540000049455557
27.859721,0.005004599999438142,-0.002813400000468391,-0.0015480254524793571,-0.001373884848965273,-0.0053054000004522095
27.879721,-0.0053054000004522095,-0.0014914000004864647,-0.001806863055556855,-0.0015909710960286692,-0.0016054000004714908
27.899721,-0.0053054000004522095,-0.0016474000004564004,-0.0021465591784893736,-0.0028061226111735548,-0.0016054000004714908
27.919721,-0.0016054000004714908,-0.0028534000004128758,-0.0023651386604728094,-0.002213675058707022,-0.0016054000004714908
27.93972,-0.0010254000003442343,-0.0033194000004186817,-0.0023186137691241105,-0.003136192541210982,-0.0016054000004714908
27.95972,-0.0010254000003442343,-0.0015694000004259578,-0.001965199811943633,-0.0026729524479733773,-0.0010254000003442343
27.97972,-0.007635400000481241,-0.000987400000440175,-0.0013691727247485271,0.0003738074587581324,-0.0010254000003442343
27.99972,0.0034445999995114107,-9.340000046904606e-05,-0.0006684682970453399,-0.00023260279766023186,0.0013045999994574231
28.01972,0.0013045999994574231,0.0005665999995017046,-1.8248370677393814e-05,-0.00030139067646418123,0.002274599999509519
28.039719,0.0034445999995114107,2.2599999510930502e-05,0.00046597755736499185,0.0002110102558928246,0.002274599999509519
28.059719,0.002274599999509519,0.00033259999950132626,0.0007353615814189833,0.00010420372909837367,0.002274599999509519
28.079719,-0.010355400000435111,0.00033259999950132626,0.0007910748605707429,0.0012809869458870302,0.002274599999509519
28.099719,0.004994599999463389,-0.0005614000004698028,0.0006451835318241394,0.00010541585033340523,0.0013045999994574231
28.119719,0.0013045999994574231,-1.7400000479028678e-05,0.0002998973244612403,0.0003748330997758837,0.0013045999994574231
28.139719,-0.0010254000003442343,0.0011105999995379534,-0.00023345140365067986,-0.0003956331006918002,0.0013045999994574231
28.159718,0.004994599999463389,-0.0002114000004439731,-0.000894677015204797,-0.0007357962708563456,-0.0010254000003442343
28.179718,-0.004715400000350201,-0.0016894000004413102,-0.0015547839950264461,-0.0003718335668861032,-0.0016154000004462432
28.199718,-0.0016154000004462432,-0.0018074000004617119,-0.0020422999545503385,-0.0022479174829541544,-0.0016154000004462432
28.219718,-0.006085400000529262,-0.002701400000432841,-0.0022081503209232926,-0.0028065421915729957,-0.0016154000004462432
28.239717,-0.0016154000004462432,-0.0020814000004520496,-0.001993500485954877,-0.002161740326794761,-0.0016154000004462432
28.259717,0.0005245999996077444,-0.0020814000004520496,-0.0014626154783590698,-0.0016534186484600693,-0.0016154000004462432
28.279717,-0.0016154000004462432,0.00013459999954648083,-0.0007850252569106932,-0.000930924475985338,-0.0016154000004462432
28.299717,-0.0016154000004462432,0.00013459999954648083,-0.00017872995805710934,0.0002245999995399491,-0.0016154000004462432
28.319717,0.004994599999463389,-0.0007194000004801637,0.00015932031594009813,0.0009017328666571296,-0.0016154000004462432
28.339716,-0.0016154000004462432,0.0006025999995017628,0.00010950986241311068,-0.00016602937113086496,-0.0016154000004462432
28.359716,-0.0037454000005254784,-0.0002914000005148409,-0.0003445493945394729,-0.0006017636368700766,-0.0016154000004462432
28.379716,0.004994599999463389,-0.0023514000004979606,-0.0011241167156783964,-0.0016766354317380176,-0.0037454000005254784
28.399716,-0.006085400000529262,-0.0023514000004979606,-0.0020880731759554557,-0.0022909944061009317,-0.0037454000005254784
28.419716,-0.0053054000004522095,-0.0028194000004987175,-0.003074547009156399,-0.0030973580424549204,-0.0053054000004522095
28.439715,-0.0016154000004462432,-0.0038294000004952975,-0.003935188666604657,-0.0033739547790492194,-0.0053054000004522095
28.459715,-0.006085400000529262,-0.0036734000004798872,-0.00455114759629373,-0.004276961772059089,-0.0053054000004522095
28.479715,-5.5400000519512105e-05,-0.004139400000485694,-0.004833321182399828,-0.004912043357121974,-0.0053054000004522095
28.499715,-0.0053054000004522095,-0.0045654000005015405,-0.004723487054553749,-0.004002229837308982,-0.0053054000004522095
28.519715,-0.007635400000481241,-0.003553400000464535,-0.00421158018606242,-0.0042703883454619776,-0.0037454000005254784
28.539714,-0.0037454000005254784,-0.004291400000465728,-0.003364787741990467,-0.004680155245222533,-0.0037454000005254784
28.559714,-0.0010254000003442343,-0.003553400000464535,-0.002344076559002548,-0.002648686713759368,-0.0037454000005254784
28.579714,-0.0037454000005254784,-0.0017654000004768023,-0.0013830235289348813,-0.0013799221449915665,-0.0016154000004462432
28.599714,-0.0016154000004462432,0.000450599999521728,-0.0007227770958124013,3.0031234941954913e-05,-0.0010254000003442343
28.619714,0.0013045999994574231,2.2599999510930502e-05,-0.0005212760711501992,0.00033117342609658817,-0.0016154000004462432
28.639714,0.007334599999467173,-0.0004454000004898262,-0.0007746436584292616,-0.0006293393944286828,-0.0016154000004462432
28.659713,-0.003165400000398222,-0.001027400000475609,-0.001296874285237824,-0.0021581505832437616,-0.003165400000398222
28.679713,-0.006085400000529262,-0.002037400000472189,-0.0017858266118910397,-0.0012707846158428481,-0.0037454000005254784
28.699713,-0.004525400000375157,-0.003709400000434471,-0.001955500946283771,-0.0022112041962466383,-0.0037454000005254784
28.719712,-0.0037454000005254784,-0.0014934000004359405,-0.0016674161481453117,-0.0026108778559002163,-0.0037454000005254784
28.739713,-0.0010254000003442343,-0.00133740000042053,-0.0009894850451366592,-0.0015437449887659742,-0.0037454000005254784
28.759712,0.00791459999959443,0.0002565999995567836,-0.00015540266832348828,0.00025849277344520386,-0.0010254000003442343
28.779712,-0.0053054000004522095,0.0016945999995641615,0.0005446799760327204,0.0012571174820640504,0.0034445999995114107
28.799712,0.0034445999995114107,0.0011505999995279127,0.0008819963388948301,0.001008749183684161,0.0034445999995114107
28.819711,0.0034445999995114107,-0.0003274000004694244,0.0007657777049583115,0.0020107538457088785,0.0005245999996077444
28.839711,-0.0037454000005254784,0.0005285999995521707,0.0002588887720625303,0.0004391920741451503,0.0005245999996077444
28.859711,0.0005245999996077444,0.00041259999957219404,-0.00046121791367533806,-0.0025374979025306263,0.0005245999996077444
28.879711,-0.0010254000003442343,-0.0028134000004229167,-0.001174863233051633,-0.0010287100237428952,-0.0010254000003442343
28.899711,0.002864599999611528,-0.0028134000004229167,-0.0016993762702770727,-0.0018755864806155411,-0.0010254000003442343
28.919711,-0.012685400000464142,-0.0007134000004498375,-0.0019502630612773094,-0.0021764722615223615,-0.0010254000003442343
28.93971,-0.0037454000005254784,-0.0015694000004714327,-0.0019614914036652675,-0.0013334885785443213,-0.0037454000005254784
28.95971,0.01102459999947314,-0.0028914000004988337,-0.0018506274260612367,-0.001968267133359532,-0.0037454000005254784
28.97971,-0.0053054000004522095,-0.00024940000048445654,-0.0017425825448047346,-0.0012107846158766716,-0.0037454000005254784
28.99971,-0.0037454000005254784,-0.00024940000048445654,-0.0016977486758597427,-0.001616332401412865,-0.0037454000005254784
29.01971,0.0005245999996077444,-0.0023494000004575357,-0.0016889308911326591,-0.0005209011659870397,-0.0037454000005254784
29.039709,-0.0037454000005254784,-0.002505400000472946,-0.001634692564415295,-0.002083045688121255,-0.0037454000005254784
29.059709,0.0005245999996077444,-0.0014954000004763657,-0.0014628443552271628,-0.002770994406061958,0.0005245999996077444
29.079709,-0.006085400000529262,-0.0018054000004667614,-0.001169300474545713,-0.0015041878792499055,-0.0010254000003442343
29.099709,0.0013045999994574231,-0.0009514000004401168,-0.0008447298366583037,-0.0009620200470527512,0.0005245999996077444
29.119709,-0.0010254000003442343,-0.0016894000004413102,-0.0006546327319886569,-0.00075080792584282,-0.0010254000003442343
29.139708,0.0005245999996077444,0.00010059999958684784,-0.0007775829044007664,0.00011576550074596746,0.0005245999996077444
29.159708,-0.003165400000398222,-0.0009094000004097325,-0.0013259664443676274,-0.0012659361309573136,-0.0010254000003442343
29.179708,0.002864599999611528,-0.0017654000004313276,-0.002283206354014369,-0.0016467286717546522,-0.003165400000398222
29.199708,-0.0037454000005254784,-0.004137400000445268,-0.0034873759667811265,-0.004461297436340637,-0.0037454000005254784
29.219707,-0.0053054000004522095,-0.00425340000047072,-0.004674748324386029,-0.0042054233104945405,-0.0037454000005254784
29.239707,-0.01133540000046196,-0.00646940000046925,-0.005569958692813702,-0.005554747319809723,-0.0053054000004522095
29.259707,-0.0037454000005254784,-0.005147400000441849,-0.005982502051202006,-0.006633698368740789,-0.0053054000004522095
29.279707,-0.008215400000381123,-0.006469400000423775,-0.005863380004341505,-0.006466332401365423,-0.008215400000381123
29.299707,0.002864599999611528,-0.004835400000411027,-0.005300400836916505,-0.004572323077332949,-0.0037454000005254784
29.319707,-0.011915400000361842,-0.00339740000040365,-0.004466597852912925,-0.003983441958453527,-0.003165400000398222
29.339707,-0.003165400000398222,-0.0023874000004070694,-0.003554012321789761,-0.002920225175235551,-0.003165400000398222
29.359706,0.0034445999995114107,-0.004293400000415204,-0.0027186467377143964,-0.002909898834897122,-0.003165400000398222
29.379706,-0.003165400000398222,-0.0018054000004212867,-0.002050262220293097,-0.0024332088582107313,-0.003165400000398222
29.399706,-0.006665400000429145,-0.0013774000004104891,-0.0015729399783798853,-0.0025735818185870403,-0.0010254000003442343
29.419706,0.0005245999996077444,-0.00238940000040202,-0.0012702665113562773,-2.864009367187421e-05,-0.0016154000004462432
29.439705,-0.0010254000003442343,-0.001495400000430891,-0.0011144676110891377,-0.0012278009328452564,-0.0010254000003442343
29.459705,-0.0016154000004462432,9.859999954642262e-05,-0.0010798356936332027,-0.0019989431239718536,0.0005245999996077444
29.479705,0.0013045999994574231,-0.0016494000004513508,-0.0011393694595057064,-0.0008603883454296004,-0.0010254000003442343
29.499705,0.0013045999994574231,-0.0016494000004513508,-0.0012595647217177636,-0.0010308778559397042,-0.0010254000003442343
29.519705,-0.008215400000381123,-0.0010654000004706177,-0.0014066126660905666,-0.0017483370634176231,0.0013045999994574231
29.539706,-0.0010254000003442343,-0.002075400000467198,-0.001561035072083895,-0.0014259128209763692,-0.0010254000003442343
29.559704,0.0013045999994574231,-0.0022314000004371335,-0.001723735300387178,-0.0010980806531318333,-0.0010254000003442343
29.579704,-0.0037454000005254784,-0.0007934000004297559,-0.0019014185823408743,-0.0024702951053321375,-0.0010254000003442343
29.599704,0.0005245999996077444,-0.0013374000004660047,-0.0020799744155687015,-0.0030028825179062783,-0.0010254000003442343
29.619704,-0.0010254000003442343,-0.003241400000433714,-0.0022084525009096706,-0.000453255478295367,-0.0037454000005254784
29.639703,-0.0037454000005254784,-0.0019194000004063127,-0.002209818346440899,-0.00206626247130727,-0.0010254000003442343
29.659703,-0.008215400000381123,-0.000557400000434427,-0.002014289921250556,-0.002346751981767024,-0.0010254000003442343
29.679703,0.002864599999611528,-0.002889400000458409,-0.0015937359484393425,-0.0022950736600983353,-0.0037454000005254784
29.699703,0.007334599999467173,-0.0015674000004310073,-0.0009773362385678199,-0.0014033487184035146,0.002864599999611528
29.719702,-0.012685400000464142,0.0003365999995367019,-0.0002471402619420044,3.394731886352141e-05,0.002864599999611528
29.739702,0.002864599999611528,0.0012305999995078309,0.00047757015095154724,0.000873947318869122,0.002864599999611528
29.759702,0.0013045999994574231,-0.00028540000048451477,0.0010669566354112416,0.0017306606055680729,0.0013045999994574231
29.779702,0.007334599999467173,0.002046599999539467,0.0014212718177290815,0.00141937855432038,0.0013045999994574231
29.799702,-0.00024540000049455557,0.002046599999539467,0.0015103193372085824,0.00019084708580070146,0.0013045999994574231
29.819702,-0.0010254000003442343,0.0015805999995791354,0.0013835454038715123,0.001872059207025734,-0.00024540000049455557
29.839701,0.002864599999611528,-0.001101400000425201,0.001139653254449607,0.0009535743585500565,-0.0010254000003442343
29.859701,-0.0010254000003442343,0.0009585999996033934,0.0008755652793615442,0.0017699846149851917,-0.0010254000003442343
29.879701,-0.0060754000005545095,0.0018525999995745225,0.0006485979603211895,8.905221402963283e-05,0.002864599999611528
29.899701,0.010054599999648417,0.0009585999995579186,0.0004735499155465087,5.3737528697577245e-05,-0.0010254000003442343
29.919701,0.0034445999995114107,-0.0007914000004802801,0.0003477383178747524,0.0007047864797320356,-0.0016054000004714908
29.9397,-0.0016054000004714908,0.0012285999995583553,0.0002724931328262291,1.1965966906926336e-05,0.0034445999995114107
29.9597,-0.009775400000535228,0.00033459999954175144,0.0002456241568531025,0.000792851747788024,0.0034445999995114107
29.9797,0.004024599999638667,-0.0011034000004656263,0.00023624036964871203,0.0007924787874154758,-0.0016054000004714908
29.9997,0.005584599999565398,-9.340000046904606e-05,0.00017833574757913448,-0.0008070783221619508,0.0034445999995114107
30.0197,-0.0037454000005254784,0.0013445999995383318,-4.507101703749647e-07,-0.00035926946433093216,0.0034445999995114107
30.039699,0.0034445999995114107,-9.340000046904606e-05,-0.0003373320366220038,-0.0001958195808819021,-0.002585400000498339
30.059699,-0.002585400000498339,-0.0018434000004617702,-0.0008134708196446112,4.4949649904325214e-05,-0.003165400000398222
30.079699,-0.003165400000398222,-0.0014154000004509726,-0.0013648746936087536,-0.001981670396727366,-0.002585400000498339
30.099699,-0.003165400000398222,-0.001999400000431706,-0.0019100576120648159,-0.002268406993458185,-0.002585400000498339
30.119699,-0.0016054000004714908,-0.0022314000004371335,-0.0023710173068402503,-0.001805703030744757,-0.003165400000398222
30.139698,0.0005245999996077444,-0.0019194000004517874,-0.0026760944022036774,-0.00249959580463836,-0.0016054000004714908
30.159698,-0.0037454000005254784,-0.0019194000004517874,-0.002754169736578915,-0.002789782284820423,-0.0016054000004714908
30.179698,-0.0016054000004714908,-0.0022314000004371335,-0.002540378006845294,-0.002621623776672537,-0.003165400000398222
30.199698,-0.003165400000398222,-0.002969400000438327,-0.0020035420605350996,-0.0014450969701232134,-0.003165400000398222
30.219697,-0.003165400000398222,-0.0011034000004201516,-0.001183793879710547,-0.0014008778559001997,-0.003165400000398222
30.239697,-0.003165400000398222,2.2599999601879973e-05,-0.0002138830418906595,-0.0005213906764074735,-0.003165400000398222
30.259697,0.005584599999565398,-9.340000042357133e-05,0.0006979978260907184,0.0001423156173127922,-0.003165400000398222
30.279697,0.004024599999638667,0.0011125999995783785,0.0013234106841434569,0.0009326652676471159,0.002864599999611528
30.299697,-0.0037454000005254784,0.001424599999563725,0.0014822830282478956,0.0017204041953709477,0.002864599999611528
30.319696,0.002864599999611528,0.0009965999995529273,0.0010960503537802435,0.0019660918410324326,0.002864599999611528
30.339696,-0.0016054000004714908,-0.00012940000046910428,0.00021261671346902206,0.0009701710950985309,-0.0016054000004714908
30.359696,0.0034445999995114107,-0.00012940000046910428,-0.000995947452526688,-0.00212810396316806,-0.0016054000004714908
30.379696,-0.0016054000004714908,-0.0023454000004676347,-0.0022644265098964735,-0.0025500620051213084,-0.0016054000004714908
30.399696,-0.0037454000005254784,-0.003667400000449561,-0.003299361098188375,-0.002717218182274164,-0.0037454000005254784
30.419696,-0.008215400000381123,-0.003667400000449561,-0.0038691888204652083,-0.004165866200933951,-0.0037454000005254784
30.439695,-0.008215400000381123,-0.004095400000460358,-0.003885548650585838,-0.004158663403717009,-0.0037454000005254784
30.459695,0.0034445999995114107,-0.0039794000004349074,-0.0034319362684960097,-0.004209386014415969,-0.0037454000005254784
30.479695,-0.0037454000005254784,-0.0022314000004371335,-0.002719921907966347,-0.0022194093244405906,-0.003165400000398222
30.499695,-0.003165400000398222,-0.0004834000004393602,-0.0019949261594442522,-0.0010614606064993015,0.0005245999996077444
30.519695,0.0005245999996077444,-0.0009114000004501576,-0.0014384291457371244,-0.00045498042004033423,0.0005245999996077444
30.539695,0.0005245999996077444,-0.001223400000435504,-0.0011083431217265508,-0.0009735585085944114,0.0005245999996077444
30.559694,0.0013045999994574231,-0.001223400000435504,-0.0009392067245366503,-0.0021006680656980798,0.0005245999996077444
30.579694,-0.0053054000004522095,-0.0015334000004258996,-0.000801089162463478,-0.0009152368302620386,-0.0010254000003442343
30.599694,-0.003165400000398222,-0.0013774000004559638,-0.000590068014547018,-0.0012565188815601308,-0.0010254000003442343
30.619694,-0.0010254000003442343,-0.001065400000425143,-0.0003022320930977665,-0.00030017855521748983,-0.0010254000003442343
30.639693,0.0013045999994574231,-0.00032540000042899917,-4.759527640703313e-05,-9.045827548980352e-05,-0.0010254000003442343
30.659693,0.002864599999611528,0.0011905999995633465,4.887174260422108e-06,-0.0006156797207086251,0.0013045999994574231
30.679693,-0.0016054000004714908,-0.00013140000046405476,-0.00028169935969753397,0.0010356489505854438,0.0013045999994574231
30.699693,0.004414599999563507,-0.001141400000460635,-0.0009368833526010547,-4.414125920598473e-05,-0.0016054000004714908
30.719693,-0.007635400000481241,-0.0010254000004806586,-0.0018612702442122513,-0.0014587799538532719,-0.0016054000004714908
30.739692,-0.0037454000005254784,-0.0030874000004587287,-0.0028647886936507528,-0.004041740326813,-0.0037454000005254784
30.759692,0.0034445999995114107,-0.005185400000482332,-0.0037414849994453036,-0.00521085454593029,-0.0060754000005545095
30.779692,-0.011915400000361842,-0.005185400000482332,-0.0043461332076528,-0.004542346387411274,-0.0060754000005545095
30.799692,-0.0060754000005545095,-0.0038634000004549307,-0.004641336138209098,-0.004341460606536061,-0.0060754000005545095
30.819692,-0.007635400000481241,-0.004291400000465728,-0.004692092881289064,-0.00314647226154955,-0.0060754000005545095
30.839691,0.002864599999611528,-0.0031234000005042617,-0.0046030180957600435,-0.004243744988827587,-0.0060754000005545095
30.859691,0.0013045999994574231,-0.003435400000489608,-0.004429444972422026,-0.0052617636368619,-0.0060754000005545095
30.879691,-0.0060754000005545095,-0.003435400000489608,-0.004124412042746535,-0.002911204196303599,-0.0060754000005545095
30.899691,-0.007635400000481241,-0.004329400000506212,-0.0035689506379699685,-0.003599362704440314,-0.0060754000005545095
30.919691,-0.007635400000481241,-0.0034734000004846164,-0.0026718010269080696,-0.0033368452219326534,-0.0060754000005545095
30.93969,-0.0016054000004714908,-0.0030074000004788105,-0.0014681439169349111,-0.0030719967370998755,-0.0037454000005254784
30.95969,0.005584599999565398,-0.0004794000004949339,-0.00014611649412639663,-0.0007907846158881814,-0.0016054000004714908
30.97969,-0.0037454000005254784,0.0020485999994889425,0.0010182814771903092,0.0020395650344568663,0.005004599999438142
30.99969,0.005004599999438142,0.003058599999485523,0.001780319931652459,0.002996324941213258,0.005004599999438142
31.01969,0.005004599999438142,0.002046599999493992,0.002037913019072769,0.003175509090415659,0.0034445999995114107
31.039689,0.0034445999995114107,0.002162599999519443,0.0018819876611004373,0.0013167678316856994,0.0034445999995114107
31.059689,0.0005245999996077444,0.0012665999995533639,0.0015592984716798867,0.0006003109552605817,0.0005245999996077444
31.079689,-0.003165400000398222,-5.540000042856263e-05,0.0013597028274968633,0.0016498680648316406,0.0005245999996077444
31.099689,0.0005245999996077444,0.0008385999995880411,0.0014799017853130323,0.0004791687641528805,0.0005245999996077444
31.119689,-0.0016054000004714908,0.0017345999995541205,0.0019327448679901731,0.0012885860135554228,0.0005245999996077444
31.139688,0.00791459999959443,0.0024725999995553138,0.002548349573510875,0.003000241025201606,0.0005245999996077444
31.159688,0.005004599999438142,0.0038345999995271995,0.0030621453606949245,0.0038568144517424994,0.005004599999438142
31.179688,0.0005245999996077444,0.004728599999543804,0.003239133180956236,0.0038554624704002912,0.005004599999438142
31.199688,0.007334599999467173,0.0023965999995198216,0.0029715969248272104,0.002624903029844511,0.002864599999611528
31.219687,0.002864599999611528,0.0011905999995633465,0.002310080577285589,0.0027143668993051097,0.0005245999996077444
31.239687,-0.0037454000005254784,0.0013465999995332823,0.0014240493543152093,0.001182525407461549,0.0013045999994574231
31.259687,-0.0010254000003442343,0.0008785999995325255,0.0005205425767068155,0.0008046699296118785,0.0013045999994574231
31.279687,0.0013045999994574231,-0.0007554000004802219,-0.00023563677899509,-0.0009351669002472618,-0.0010254000003442343
31.299687,0.004994599999463389,-0.0007554000004802219,-0.0007674147624994134,-0.0022138149189111903,-0.0010254000003442343
31.319686,-0.0053054000004522095,-0.0017674000005172275,-0.0010924096334433196,-0.0013412041963178404,-0.0037454000005254784
31.339686,-0.0037454000005254784,-0.0010294000005160342,-0.0013043644652385295,-2.4817249927054207e-05,-0.0037454000005254784
31.359686,-0.006085400000529262,-0.0014554000004864064,-0.0015338582400264607,-0.0004333953385076298,-0.0037454000005254784
31.379686,0.004994599999463389,-0.0007174000004852132,-0.0018841979808075983,-0.0019344442895219117,-0.0016154000004462432
31.399686,0.002864599999611528,-0.0016114000004563422,-0.002357094763923545,-0.002932346387384992,-0.0016154000004462432
31.419686,-0.0016154000004462432,-0.0020374000004267146,-0.002814278950830509,-0.002150131935167977,-0.0016154000004462432
31.439685,-0.008215400000381123,-0.003241400000388239,-0.0030199450679738392,-0.0031377543127534403,-0.0016154000004462432
31.459685,-0.008215400000381123,-0.00355340000041906,-0.002758071407816137,-0.002519735664740093,-0.0016154000004462432
31.479685,-0.0010254000003442343,-0.0034354000003986584,-0.0019592195277679234,-0.0033147706297738727,-0.0010254000003442343
31.499685,0.0013045999994574231,-0.00032540000042899917,-0.0007595089703310092,-0.0012419034969206955,-0.0010254000003442343
31.519685,-0.0010254000003442343,0.0011125999995783785,0.0005402731121478502,0.0011228051277929372,-0.0010254000003442343
31.539684,0.007334599999467173,0.002434599999560305,0.0015869173136986532,0.0022862783212532337,0.0013045999994574231
31.559684,-0.0010254000003442343,0.001850599999579572,0.002098044154599423,0.002782292307246116,-0.0010254000003442343
31.579684,0.005584599999565398,0.001306599999543323,0.0019429122755489445,0.0013850895100288659,-0.0010254000003442343
31.599684,-0.0016154000004462432,0.00010059999954137311,0.001157650153210377,3.667598617849142e-06,-0.0010254000003442343
31.619684,-0.0037454000005254784,-0.0007554000004802219,-9.397400203849964e-05,7.245547737197776e-05,-0.0016154000004462432
31.639683,0.0013045999994574231,-0.0021954000004825503,-0.0015811665046082885,-0.001104327739408198,-0.0016154000004462432
31.659683,-0.0053054000004522095,-0.001611400000501817,-0.0030558010160051134,-0.0027092228443249826,-0.0016154000004462432
31.679683,-0.0016154000004462432,-0.0029334000004837433,-0.004280279569973482,-0.005084910489997868,-0.0016154000004462432
31.699683,0.0013045999994574231,-0.005731400000468056,-0.005047729659504907,-0.00473397808905842,-0.0053054000004522095
31.719683,-0.010355400000435111,-0.004993400000466863,-0.005216133029695612,-0.004693395338470539,-0.0016154000004462432
31.739682,-0.012685400000464142,-0.003981400000475333,-0.0047579312872127804,-0.004699386014454569,-0.0016154000004462432
31.759682,-0.0016154000004462432,-0.004565400000456066,-0.003794358563504141,-0.0033371482521946374,-0.0016154000004462432
31.779682,0.0034445999995114107,-0.0026994000004378904,-0.002575797819692258,-0.0034951902102202453,-0.0016154000004462432
31.799682,-0.0016154000004462432,-0.00036740000041390886,-0.001404176731280561,-0.0022698755249007485,-0.0010254000003442343
31.819682,-0.0010254000003442343,-0.0007934000004297559,-0.0005378135123190867,0.00028891235387914387,-0.0010254000003442343
31.839681,-0.0010254000003442343,-0.0007934000004297559,-0.00012600498920737507,0.000604693239660953,-0.0010254000003442343
31.859681,-0.0037454000005254784,-0.00036540000041895837,-0.0001895325808382663,1.4997664745707365e-06,-0.0010254000003442343
31.879681,0.0034445999995114107,-0.0007934000004297559,-0.000633702310550218,-0.0013397356647501949,-0.0010254000003442343
31.899681,0.0005245999996077444,-0.0007934000004297559,-0.0012784709973626272,-0.0007858195808265002,-0.0010254000003442343
31.919681,-0.003165400000398222,-0.001687400000400885,-0.0019048204461711816,-0.0019920899771063293,-0.0010254000003442343
31.93968,-0.0010254000003442343,-0.002271400000381618,-0.002321326154032236,-0.002727754312761433,-0.0010254000003442343
31.95968,-0.008215400000381123,-0.0039034000003994153,-0.0024390501991701724,-0.003453558508533061,-0.003165400000398222
31.97968,0.0005245999996077444,-0.003165400000398222,-0.0023218092725698428,-0.002650504895496638,-0.0010254000003442343
31.99968,-0.007635400000481241,-0.0028554000004078262,-0.0021756733582085097,-0.0017158428908507276,0.0005245999996077444
32.01968,0.0005245999996077444,-0.0002134000004389236,-0.002264530404186636,-0.0015712041962448946,0.0005245999996077444
32.03968,0.0005245999996077444,-0.0023894000004474948,-0.002777860023174458,-0.0024665655016198993,0.0005245999996077444
32.059679,0.004994599999463389,-0.002817400000458292,-0.0037127285015642587,-0.0027735351985889154,0.0005245999996077444
32.079679,-0.010355400000435111,-0.004567400000451016,-0.004839795074731382,-0.00546679860185197,-0.008225400000355876
32.099679,-0.009775400000535228,-0.005733400000463007,-0.0057852424162706485,-0.005210831235879478,-0.008225400000355876
32.119679,-0.008225400000355876,-0.008259400000451934,-0.006192133068625974,-0.0068920899771632025,-0.008225400000355876
32.139678,-0.0053054000004522095,-0.005499400000462629,-0.0058755724783822625,-0.007078523543600957,-0.007635400000481241
32.159678,-0.007635400000481241,-0.004761400000461435,-0.004894471753140101,-0.005689362704427092,-0.006085400000529262
32.179678,0.0034445999995114107,-0.0030114000004687115,-0.003515875939541114,-0.002513814918868215,-0.0053054000004522095
32.199678,-0.006085400000529262,-0.0013794000004509143,-0.0021025283429357347,-0.0010240480190863,0.0005245999996077444
32.219677,0.0005245999996077444,-5.740000042351312e-05,-0.000980434753030063,-0.0004353766904124279,0.0005245999996077444
32.239677,0.0028545999996367755,-0.001069400000415044,-0.00033832235086139577,-0.0004432321682417127,-0.0010254000003442343
32.259677,-0.0010254000003442343,-0.0004854000003888359,-0.0001893652096526823,-0.0005210410260449256,-0.0010254000003442343
32.279677,-0.0016154000004462432,-0.0009134000003996334,-0.00040038678750025226,-0.0011989431239405246,-0.0016154000004462432
32.299677,-0.003165400000398222,-0.0015354000004208501,-0.0007690134373748101,-0.0005253766903781235,-0.0016154000004462432
32.319676,-0.0016154000004462432,-0.0012254000004304545,-0.0011107813588855878,-0.0012036284386574708,-0.0016154000004462432
32.339676,-0.000255400000469308,-0.0012254000004304545,-0.001318273199278684,-0.00160829044333556,-0.0016154000004462432
32.359676,0.0005245999996077444,-0.0009154000004400586,-0.0013757685755465465,-0.0010806447556763565,-0.0016154000004462432
32.379676,-0.0016154000004462432,-0.0012254000004304545,-0.0013396904784431709,-0.0014888731938864344,-0.0016154000004462432
32.399676,-0.0016154000004462432,-0.0013794000004054396,-0.001307156887179542,-0.0009933720283907673,-0.0016154000004462432
32.419676,-0.003165400000398222,-0.0022354000004270345,-0.001387127708764788,-0.0016632321682721325,-0.0016154000004462432
32.439675,-0.0010254000003442343,-0.0016514000004463013,-0.0016736826222099538,-0.0021556564107055353,-0.0016154000004462432
32.459675,-0.003755400000500231,-0.002545400000462905,-0.002215121769863701,-0.0021067519818042655,-0.003165400000398222
32.479675,0.0013045999994574231,-0.002351400000452486,-0.002980690177810957,-0.0022413440563925535,-0.002195400000346126
32.499675,-0.006085400000529262,-0.0027794000004632835,-0.0038401407826041383,-0.002888616783670392,-0.003165400000398222
32.519675,-0.002195400000346126,-0.0035554000004594855,-0.004576939513479193,-0.004478873193930321,-0.003165400000398222
32.539675,-0.003165400000398222,-0.0053434000004472185,-0.004946736447015101,-0.005692183217247374,-0.006085400000529262
32.559674,-0.007635400000481241,-0.005653400000437614,-0.004771650108123673,-0.005774747319797005,-0.007635400000481241
32.579674,-0.007635400000481241,-0.004953400000476904,-0.004036089065377108,-0.004742089977154597,-0.007635400000481241
32.599674,-0.007635400000481241,-0.0036314000004949777,-0.0029330198490059964,-0.0020590363641158366,-0.007635400000481241
32.619674,0.0013045999994574231,-0.0011054000005060517,-0.0018180018029512782,-0.0018751669002812909,0.0013045999994574231
32.639673,0.0034445999995114107,9.859999950094789e-05,-0.001071966053074964,-0.0006133020984138563,0.0013045999994574231
32.659673,0.004994599999463389,-0.00032940000050984963,-0.0009332787472224653,-0.000510481585595356,0.0013045999994574231
32.679673,-0.0016154000004462432,-0.0009134000004905829,-0.0013901573962894832,-0.0012767752918645097,-0.0016154000004462432
32.699673,-0.009775400000535228,-0.003129400000489113,-0.002194339317676572,-0.0018266121216874488,-0.0016154000004462432
32.719672,-0.0016154000004462432,-0.004333400000450638,-0.002983102448768444,-0.003503348718415926,-0.0016154000004462432
32.739672,-0.007635400000481241,-0.0037494000004699045,-0.003435129287907671,-0.00427658881166057,-0.0016154000004462432
32.759672,-0.0010254000003442343,-0.002545400000462905,-0.003380059290086507,-0.0038404116554801157,-0.0016154000004462432
32.779672,0.0013045999994574231,-0.002545400000462905,-0.0028258115774998207,-0.002465726340774907,-0.0016154000004462432
32.799672,-0.003755400000500231,-0.0009134000004451081,-0.0019200887946644958,-0.0012345375295833953,-0.0010254000003442343
32.819671,-0.0016154000004462432,-0.0009134000004451081,-0.0008865067488038735,-0.0007728825179348206,-0.0010254000003442343
32.839671,0.0005245999996077444,-0.0009134000004451081,3.4343059632752884e-05,0.00030791002286806866,-0.0010254000003442343
32.859671,-0.0010254000003442343,0.00040859999958229307,0.0006316745194225315,0.0003428517478371162,0.0005245999996077444
32.879671,0.0013045999994574231,0.0005265999996026949,0.0007639231936212682,-5.330070313642012e-06,0.0005245999996077444
32.899671,0.0028545999996367755,0.00021659999961229915,0.0003911587616125257,0.0006769310019405264,-0.0010254000003442343
32.919671,-0.0010254000003442343,-0.0005234000004293194,-0.0004092146768774157,0.00014401724900111766,-0.0010254000003442343
32.93967,-0.0010254000003442343,-0.0007954000004247064,-0.0014562528338730356,-0.0014203650354192698,-0.0010254000003442343
32.95967,-0.004725400000552327,-0.0025834000004579137,-0.0025124683551760517,-0.00267257948765118,-0.0010254000003442343
32.97967,-5.5400000519512105e-05,-0.003905400000485315,-0.0033525011494037996,-0.003412066667114705,-0.004725400000552327
32.99967,-0.006085400000529262,-0.004139400000485694,-0.0038315618315749554,-0.004671437296504865,-0.004725400000552327
33.01967,-0.007635400000481241,-0.003399400000444075,-0.003930014434921575,-0.003930621445693232,-0.002195400000346126
33.039669,-0.002195400000346126,-0.004605400000446025,-0.0037547299270912784,-0.004049619114685675,-0.006085400000529262
33.059669,-0.0010254000003442343,-0.002933400000438269,-0.003490085124424699,-0.0025892927743288202,-0.002195400000346126
33.079669,-0.006085400000529262,-0.0024674000004324625,-0.0033137373395526622,-0.0029787333337592337,-0.002195400000346126
33.099669,0.002274599999509519,-0.0019234000004416884,-0.0033135223475076227,-0.0024093860144167633,-0.0010254000003442343
33.119668,-0.0053054000004522095,-0.003789400000459864,-0.00344605070576536,-0.0030682904433377476,-0.0053054000004522095
33.139668,0.0005245999996077444,-0.0033234000004540576,-0.003561200739518004,-0.004524304429366106,-0.003755400000500231
33.159668,-0.010355400000435111,-0.004839400000446403,-0.003486586839085051,-0.004498779953833462,-0.0053054000004522095
33.179668,-0.003755400000500231,-0.00410140000044521,-0.0031327346143565048,-0.0038656331006887636,-0.003755400000500231
33.199668,-0.0053054000004522095,-0.003517400000464477,-0.0025604144613026562,-0.002498173893228519,-0.003755400000500231
33.219668,-0.0016154000004462432,-0.0011854000004859699,-0.0019646358445035484,-0.0011666354317053907,-0.0016154000004462432
33.239667,0.0034445999995114107,0.0001365999995414313,-0.0015752777880711868,-0.0010555631706432554,0.0013045999994574231
33.259667,0.0013045999994574231,-0.0007574000004751724,-0.0015270116149360908,-0.0007814372965178208,0.0013045999994574231
33.279667,0.0028545999996367755,-0.0014954000004763657,-0.0017761561318213812,-0.0024753300703930802,0.0013045999994574231
33.299667,-0.009775400000535228,-0.00324540000046909,-0.002118227569606805,-0.002418826573899209,-0.0053054000004522095
33.319666,-0.0053054000004522095,-0.0034014000004390253,-0.00229706341991666,-0.0013573813524477927,-0.0053054000004522095
33.339666,-0.0053054000004522095,-0.0025074000004678965,-0.0021362487044767667,-0.002270994406044895,-0.0053054000004522095
33.359666,0.0005245999996077444,1.8599999566504267e-05,-0.0016127560008697367,-0.003159595804624059,0.0005245999996077444
33.379666,0.0073245999994924205,-0.0013034000004154222,-0.0008410122524377007,-0.0015485235435329938,0.0005245999996077444
33.399666,0.0028545999996367755,-0.0004474000003938272,-1.6304555097310032e-06,0.0007061617711754062,0.0005245999996077444
33.419666,-0.011915400000361842,0.001768599999604703,0.0007253290490029539,0.002214786479779179,0.0028545999996367755
33.439665,-0.0010254000003442343,0.0005645999995977036,0.0011956454145387232,0.0017395417245285303,0.0013045999994574231
33.459665,0.011604599999600396,0.0006825999995726306,0.0013237318878341199,0.0006254857804656584,0.0013045999994574231
33.479665,0.0013045999994574231,0.001420599999573824,0.0011120300043116489,-2.661212162888369e-05,0.0013045999994574231
33.499665,0.0034445999995114107,0.0017305999995642196,0.0006670226174990023,0.0010956023305787892,0.0013045999994574231
33.519665,-0.008225400000355876,-0.00048540000043431066,0.0001668577292245727,0.0012195184144941902,0.0005245999996077444
33.539665,0.0005245999996077444,-0.0006414000004042464,-0.00021783850635760562,-0.00047465407968287393,0.0005245999996077444
33.559664,0.0005245999996077444,-0.0020814000004065747,-0.000404134966563058,-0.0019304815855087918,0.0005245999996077444
33.579664,0.0005245999996077444,0.0002525999995668826,-0.00042941284001395905,-0.0009649104899305967,0.0005245999996077444
33.599664,-0.003755400000500231,-0.0001754000004439149,-0.0004219990299744635,-9.689044710901764e-06,0.0005245999996077444
33.619663,0.0034445999995114107,-0.0001754000004439149,-0.0005292233156613974,0.0006484927734474255,0.0005245999996077444
33.639663,-0.0016154000004462432,-0.0001754000004439149,-0.0008365779463938011,-0.00033507366012996477,0.0005245999996077444
33.659663,0.0005245999996077444,-0.0006414000004497211,-0.0013122272060940839,-0.00125232307737969,0.0005245999996077444
33.679663,0.0005245999996077444,-0.0016534000004412518,-0.0018034885394602451,-0.001635400000433913,-0.0016154000004462432
33.699663,-0.006085400000529262,-0.0022354000004270345,-0.002093418241786102,-0.0017788498838671864,-0.0016154000004462432
33.719663,-0.0016154000004462432,-0.0022354000004270345,-0.0019983377978770997,-0.0034839780890035714,-0.0016154000004462432
33.739662,-0.004525400000375157,-0.0025474000004578556,-0.0014636439410316475,-0.0021022997673479224,-0.0016154000004462432
33.759662,0.0005245999996077444,-0.0015374000004612753,-0.0006107372287836125,-0.0009190363641097506,-0.0010354000005463604
33.779662,-0.0010354000005463604,0.0007945999995172315,0.00029266465364013013,0.0007928051277054813,-0.0010354000005463604
33.799662,-0.0010354000005463604,0.0019605999994837474,0.0009330337680734786,0.0016432247081202556,0.0005245999996077444
33.819662,0.010044599999446291,0.0016485999994529266,0.0010836957575129866,0.0019287258735859022,-0.0010354000005463604
33.839661,0.0013045999994574231,0.0007945999994717568,0.0007101081782185786,0.0011056722605225933,-0.0010354000005463604
33.859661,-0.0010354000005463604,0.0009905999994771265,-8.266297738770862e-06,-0.0006757263408437361,-5.5400000519512105e-05
33.879661,-0.0053054000004522095,-0.0023914000004879197,-0.0007580938860773293,-0.0006395258746085253,-0.0010354000005463604
33.899661,-5.5400000519512105e-05,-0.0025474000004578556,-0.0012363657911967027,-0.0022751669002434257,-0.0010354000005463604
33.919661,-0.006865400000378941,-0.0013414000004559057,-0.00128371196732078,-0.0022083370633915146,-5.5400000519512105e-05
33.93966,0.0005245999996077444,-0.00103140000046551,-0.000940527752639535,-0.0006782438232928517,-5.5400000519512105e-05
33.95966,0.004994599999463389,0.0005605999995623278,-0.00040463998784423695,1.2082517042262693e-05,0.0005245999996077444
33.97966,-0.003755400000500231,0.0011825999995380698,7.868380036962042e-05,0.0009641337990754172,0.0005245999996077444
33.99966,0.007904599999619677,0.0007545999995272723,0.00033259715704942865,0.001303201398130728,-0.0016154000004462432
34.01966,-0.003755400000500231,1.6599999526079046e-05,0.0003132371444682045,0.00042872587365237345,-0.0016154000004462432
34.039659,-0.0016154000004462432,0.00044459999953687656,9.95629429711044e-05,-0.0008367053617693105,-0.0016154000004462432
34.059659,0.0013045999994574231,-0.002509400000462847,-0.00017403528672344586,-0.0015067986018572168,-0.0016154000004462432
34.079659,-0.0016154000004462432,-0.0007594000004701229,-0.00039909898748491515,-0.0001333720284483824,-0.0016154000004462432
34.099659,-0.006865400000378941,-0.00017540000048938965,-0.0005444508787929032,-0.0004981039631890935,0.0013045999994574231
34.119658,0.004994599999463389,0.00025259999952140786,-0.0006530905552941564,-5.922284431256371e-05,0.0013045999994574231
34.139658,0.0013045999994574231,-0.00048540000047978535,-0.0007909449226648947,-0.00043339533848271933,0.0013045999994574231
34.159658,0.0034445999995114107,-0.00032940000050984963,-0.0009848357965513642,-0.0012016237766992108,0.0013045999994574231
34.179658,-0.0053054000004522095,-0.0012234000004809787,-0.0011970510350694792,-0.0009219734270674883,0.0005245999996077444
34.199658,-0.006085400000529262,-0.002001400000472131,-0.0013564268218663558,-0.0010102018652984252,-0.002585400000498339
34.219658,0.0005245999996077444,-0.0024294000004829288,-0.0014192833982043067,-0.0023835818186501573,-0.002585400000498339
34.239657,-0.002585400000498339,-0.0016914000004817353,-0.0014104929869152255,-0.001968593473663319,-0.0016154000004462432
34.259657,0.0013045999994574231,-0.0007974000004651316,-0.0014147195732486456,-0.001467055012138708,-0.0016154000004462432
34.279657,-0.0016154000004462432,-0.0011094000004959526,-0.0015272535599412586,-0.0003427426578304805,-0.0016154000004462432
34.299657,-0.0016154000004462432,-0.0011094000004959526,-0.001798265735568694,-0.0017970550121397728,-0.0016154000004462432
34.319657,-0.0010354000005463604,-0.0024314000004778792,-0.0022020430182646774,-0.00282113426622628,-0.0016154000004462432
34.339656,-0.002585400000498339,-0.0036354000004848786,-0.0026445542840269546,-0.002324374359454379,-0.002585400000498339
34.359656,-0.0053054000004522095,-0.0026234000004933477,-0.003002183478424174,-0.002711623776711903,-0.002585400000498339
34.379656,-0.007635400000481241,-0.0024274000004879783,-0.003169479904133373,-0.003222579487673447,-0.002585400000498339
34.399656,0.0034445999995114107,-0.0031274000004941627,-0.0030913347838906614,-0.0031559128210134446,-0.0053054000004522095
34.419656,-5.5400000519512105e-05,-0.0031274000004941627,-0.0027702003527894123,-0.002885982751078521,-0.0053054000004522095
34.439655,-0.006085400000529262,-0.0013394000005064299,-0.002260466526906325,-0.0028444442895373427,-5.5400000519512105e-05
34.459655,-0.0053054000004522095,-0.0023514000004979606,-0.001664922072063176,-0.0015925095576104172,-0.0016154000004462432
34.479655,0.0013045999994574231,-0.0026634000004833068,-0.0011280017611005361,-0.001001810256905743,-0.0016154000004462432
34.499655,-0.0016154000004462432,-0.0004474000004847767,-0.0008062155278263563,-0.0005600153851095668,-0.0016154000004462432
34.519655,-0.0016154000004462432,0.0002905999995164166,-0.0008102891072287809,-0.0010953300704003854,-0.0016154000004462432
34.539654,0.004994599999463389,-0.0002934000004643167,-0.0011423570049819197,-0.00041759114264687395,-0.0016154000004462432
34.559654,-0.0016154000004462432,-0.0023534000004474366,-0.0016678392039262279,-0.0013123696974315893,-0.0016154000004462432
34.579654,-0.0016154000004462432,-0.0013414000004559057,-0.0021520093888225413,-0.0017997123547527755,-0.0016154000004462432
34.599654,-0.011915400000361842,-0.0030914000004486296,-0.002357303799272172,-0.00305220652725257,-0.0016154000004462432
34.619653,0.0034445999995114107,-0.0026634000004378323,-0.002157076261884302,-0.0029690829841396093,-0.0016154000004462432
34.639653,-0.003755400000500231,-0.003557400000454436,-0.0016058720477451266,-0.002618034033086557,-0.003755400000500231
34.659653,0.0005245999996077444,0.0002905999995164166,-0.0009297796785475988,-0.0009208079258763093,0.0005245999996077444
34.679653,-0.006085400000529262,-0.0002934000004643167,-0.00044138413225121705,0.0005818960368370365,0.0005245999996077444
34.699653,0.0073245999994924205,0.00013459999954648083,-0.00041348735763407826,0.0007276769226150373,0.0005245999996077444
34.719653,0.0005245999996077444,-0.0006034000004547125,-0.000959830778575324,-0.0010158662009182493,-0.0016154000004462432
34.739652,-0.0016154000004462432,-0.0013414000004559057,-0.0019741367933413367,-0.0018241179491815533,-0.0016154000004462432
34.759652,-0.003165400000398222,-0.003557400000454436,-0.003161494725355125,-0.004095796270857548,-0.003165400000398222
34.779652,-0.009775400000535228,-0.005189400000472233,-0.0041536008653574015,-0.004057614452667187,-0.003755400000500231
34.799652,-0.003755400000500231,-0.005499400000462629,-0.004654069845163339,-0.005097078322148229,-0.003755400000500231
34.819651,-0.007635400000481241,-0.0038674000004903066,-0.004544173876300802,-0.0044715771566659545,-0.003755400000500231
34.839651,-0.003165400000398222,-0.0026634000004833068,-0.0039037155475512538,-0.004507940793022583,-0.003755400000500231
34.859651,0.004994599999463389,-0.002973400000473703,-0.0029497483407487767,-0.0020962391613216975,-0.003755400000500231
34.879651,-0.003755400000500231,-0.0017694000004667032,-0.0019378926511239485,-0.0011034419585193532,-0.003165400000398222
34.899651,-0.0053054000004522095,0.0003285999995114253,-0.0010806996061898057,-0.0010257962708640589,-0.0016154000004462432
34.919651,-0.0016154000004462432,-0.002197400000477501,-0.0005104527741046797,-0.0008927193478019371,-0.003755400000500231
34.93965,0.0073245999994924205,-0.0013414000004559057,-0.00027762931584497436,-0.0006925328676083602,-0.0016154000004462432
34.95965,-0.007635400000481241,-0.00048740000047473584,-0.0003637545450910204,-0.0012431855482344905,-0.0010354000005463604
34.97965,0.0005245999996077444,0.0004065999995418679,-0.0006971005341076564,0.00023028764522118532,0.0005245999996077444
34.99965,-0.0010354000005463604,-0.0020814000004520496,-0.0011681889852629289,-0.001009222844284245,-0.0010354000005463604
35.01965,0.0028545999996367755,-0.0007614000004650734,-0.001644797885663197,-0.0021504349654898527,-0.0010354000005463604
35.039649,-0.005115400000477166,-0.0025114000004577974,-0.0019917415939843227,-0.0021994093244576953,-0.0010354000005463604
35.059649,-0.0010354000005463604,-0.0016154000004462432,-0.0021022341569336897,-0.0006685701636303647,-0.0010354000005463604
35.079649,-0.008225400000355876,-0.0017314000004716944,-0.0019351529179120145,-0.0022005981356763658,-0.0010354000005463604
35.099649,0.0034445999995114107,-0.0014594000004763074,-0.0015381543755524812,-0.0021272881123553288,-0.0010354000005463604
35.119648,0.002274599999509519,-0.002313400000457477,-0.0010407777124402798,-0.0015993860144504323,-0.003755400000500231
35.139648,-0.003755400000500231,-9.740000045894703e-05,-0.0006217121923057408,-0.0009299221449606272,0.002274599999509519
35.159648,-0.0053054000004522095,-0.0006814000004396803,-0.00046557908564400673,-0.0004063324013672679,0.0005245999996077444
35.179648,0.0028545999996367755,-0.0018874000004416303,-0.0007160457289551377,9.075384569516901e-05,-0.003755400000500231
35.199648,0.0005245999996077444,-0.0008754000004500995,-0.0014246473017507175,-0.0009910643361164618,0.0005245999996077444
35.219648,-0.003755400000500231,-0.00103140000046551,-0.0025071319254789887,-0.0028155398606025386,0.0005245999996077444
35.239647,0.0013045999994574231,-0.003129400000489113,-0.003736322711850088,-0.003371413986495231,-0.003755400000500231
35.259647,-0.006085400000529262,-0.005929400000513852,-0.004796027972376444,-0.004712136597238152,-0.006085400000529262
35.279647,-0.007635400000481241,-0.005189400000517708,-0.0053909879325367725,-0.0060168452219705616,-0.006085400000529262
35.299647,-0.013475400000515947,-0.006201400000509239,-0.0053705746249267374,-0.006273255478393305,-0.006085400000529262
35.319647,-5.5400000519512105e-05,-0.005191400000512658,-0.004803324567523552,-0.004576635431760028,-0.003755400000500231
35.339646,-0.003755400000500231,-0.004181400000516078,-0.003956550320692235,-0.0036556097907001523,-0.002585400000498339
35.359646,-0.0010354000005463604,-0.0009154000004855334,-0.003186628150609448,-0.002820831235915004,-0.0010354000005463604
35.379646,-0.002585400000498339,-0.002549400000452806,-0.0027953871295013913,-0.002558173893246636,-0.002585400000498339
35.399646,0.0028545999996367755,-0.0037534000004598054,-0.0029217739575162164,-0.002269246154290456,-0.002585400000498339
35.419646,-0.008225400000355876,-0.004179400000430178,-0.003512920164762636,-0.004467451282490076,-0.003165400000398222
35.439645,-0.009775400000535228,-0.004295400000410154,-0.004374252702460238,-0.004288966433979909,-0.003165400000398222
35.459645,-0.003165400000398222,-0.006393400000433758,-0.005258401592787499,-0.005335749650753869,-0.007635400000481241
35.479645,-0.003165400000398222,-0.005187400000431807,-0.005941840012714703,-0.006258406993434436,-0.003165400000398222
35.499645,-0.007635400000481241,-0.005187400000431807,-0.006263798187809646,-0.0064726960377453225,-0.003165400000398222
35.519644,-0.002195400000346126,-0.005771400000458016,-0.0061378302785687145,-0.005300854545915595,-0.006085400000529262
35.539644,-0.009775400000535228,-0.00546140000046762,-0.005558473718139291,-0.005594910489972722,-0.006085400000529262
35.559644,-0.006085400000529262,-0.004685400000471418,-0.004609692416562134,-0.004571926806999161,-0.003755400000500231
35.579644,-0.0016154000004462432,-0.0045694000004914415,-0.003461559826775942,-0.0038137449888293643,-0.003755400000500231
35.599644,-0.003755400000500231,-0.0014994000004662667,-0.0023386405171381525,-0.0022492927743731437,-0.0016154000004462432
35.619644,-0.0016154000004462432,-0.0014994000004662667,-0.001459795623913751,-0.001788220513287298,-0.0016154000004462432
35.639643,0.005574599999590646,-0.0010714000004554691,-0.0009700371677616495,-0.0005548405598868554,-0.0016154000004462432
35.659643,-0.006085400000529262,-0.0009534000004350673,-0.000894726319254217,-0.0005705048955471533,-0.0016154000004462432
35.679643,0.0005245999996077444,-0.0008374000004550908,-0.0011379917114316858,-0.0010106680657178675,-0.0010354000005463604
35.699643,-0.003165400000398222,-0.0022754000004624685,-0.0015250995468854913,-0.0017643976694572904,-0.0016154000004462432
35.719642,-0.0010354000005463604,-0.0018094000004566623,-0.0018678089218707305,-0.0024972881123502748,-0.0016154000004462432
35.739642,-0.0016154000004462432,-0.0026654000004782573,-0.0020263352266069994,-0.0024416937067732692,-0.003165400000398222
35.759642,-0.003755400000500231,-0.0016554000004816772,-0.0019490943996547086,-0.0013428358979024916,-0.0016154000004462432
35.779642,-0.003755400000500231,-0.0011874000004809203,-0.0016805012155292343,-0.0014432554783393716,-0.0016154000004462432
35.799642,0.0018845999995846796,-0.0014974000004713162,-0.001334916008435997,-0.001418267133346805,-0.003165400000398222
35.819642,0.0013045999994574231,-0.0009534000004805421,-0.0010464593259512593,-0.0014846773897621746,-0.0010354000005463604
35.839641,-0.003165400000398222,-0.0009534000004805421,-0.0009169693103411302,-0.0009529058279997039,-0.0010354000005463604
35.859641,-0.0010354000005463604,-0.0010694000005059933,-0.000984598540366144,-5.9968765052891134e-05,-0.0010354000005463604
35.879641,-0.003755400000500231,-0.0012254000004759292,-0.001219587140952094,-0.00080428111937446,-0.0010354000005463604
35.899641,0.0013045999994574231,-0.0009154000004855334,-0.0015378541855578353,-0.0021169384620265087,-0.0010354000005463604
35.919641,0.0005245999996077444,-0.0022354000004725094,-0.0018233910207411349,-0.0023243743594368897,-0.0016154000004462432
35.93964,-0.0016154000004462432,-0.0019234000004416884,-0.001960781214091848,-0.0021867286717825573,-0.0016154000004462432
35.95964,-0.007635400000481241,-0.002079400000411624,-0.0018790913199239249,-0.0015907146857220256,-0.0016154000004462432
35.97964,-0.002195400000346126,-0.002079400000411624,-0.0015916794244197465,-0.001147288112289787,-0.0016154000004462432
35.99964,0.0005245999996077444,-0.0011854000003950205,-0.001203432011074005,-0.0017470083920053847,0.0005245999996077444
36.019639,0.0005245999996077444,-0.00040940000039881854,-0.0008704954100516273,-0.001046169231167562,0.0005245999996077444
36.039639,0.0028545999996367755,-0.0006034000004092377,-0.0007309013211422589,-0.0007184769234736637,0.0005245999996077444
36.059639,-0.003755400000500231,-0.0006034000004092377,-0.0008458165130457809,-0.00032635571135717544,0.0005245999996077444
36.079639,-0.003165400000398222,-0.0014594000004308327,-0.001180668903511501,-0.0007223930074238512,-0.003165400000398222
36.099639,0.0005245999996077444,-0.0020814000004520496,-0.0016259100640701604,-0.0017299221449776465,-0.003165400000398222
36.119638,-0.003755400000500231,-0.0015374000004612753,-0.0020368155360671347,-0.0024733953384764836,-0.0010354000005463604
36.139638,-0.000255400000469308,-0.002121400000487483,-0.002273371680699759,-0.0031022298373101754,-0.0010354000005463604
36.159638,-0.0010354000005463604,-0.002549400000498281,-0.0022335879490004637,-0.0016421132871906712,-0.0016154000004462432
36.179638,-0.006085400000529262,-0.0016934000004766858,-0.0018793320916238505,-0.0017583370634368962,-0.0010354000005463604
36.199638,-0.0016154000004462432,-0.0006434000004901464,-0.0012491392137466291,-0.0010220433571301606,-0.0010354000005463604
36.219638,0.0005245999996077444,-0.0009534000004805421,-0.0004482448542403747,-9.912960420284042e-05,-0.0016154000004462432
36.239637,0.004994599999463389,0.0011445999995430612,0.00038528349019702223,0.0003832946382192389,0.0005245999996077444
36.259637,-0.002585400000498339,0.0012605999995230377,0.001121736867850399,0.0008586093235338106,0.0005245999996077444
36.279637,0.004404599999588754,0.0014145999994980229,0.001664669160321882,0.0017682596731676136,0.0012945999994826707
36.299637,-0.0010354000005463604,0.0004025999995064922,0.0019501527537029233,0.001029075523973492,-6.540000049426453e-05
36.319636,0.0012945999994826707,0.0016065999995134917,0.0019332620534404015,0.0019218027967110444,0.0012945999994826707
36.339636,-6.540000049426453e-05,0.0008305999995172897,0.0015848237340850028,0.0014864881114147344,0.0005245999996077444
36.359636,0.0034345999995366583,0.0021525999995446908,0.0009121458204320181,0.0015748330997788873,0.0012945999994826707
36.379636,0.0005245999996077444,0.0003645999995569582,-5.266480283152816e-06,0.0004148564098105064,0.0005245999996077444
36.399636,0.005574599999590646,-0.00025740000041878374,-0.0009952678129439398,-0.0008247706298021695,0.0005245999996077444
36.419636,-0.007645400000455993,-0.0016954000004261616,-0.0018198810654934355,-0.001986612121628524,-0.0031754000003729743
36.439635,-0.0031754000003729743,-0.002861400000438152,-0.002255094781415969,-0.0028156331006478426,-0.003755400000500231
36.459635,-0.003755400000500231,-0.0034054000004289263,-0.00218964565262637,-0.0023629757580065506,-0.003755400000500231
36.479635,-0.0053054000004522095,-0.0016174000004411937,-0.0016866441570344355,-0.0017217170167736244,-0.0031754000003729743
36.499635,0.0028545999996367755,1.6599999526079046e-05,-0.000967679698579559,-0.000986145921222655,0.0012945999994826707
36.519635,0.0012945999994826707,1.6599999526079046e-05,-0.0003233580538813407,0.0004126652675920362,0.0012945999994826707
36.539634,0.004994599999463389,0.0007545999995272723,2.4394674648457326e-06,0.0001645999995197116,0.0012945999994826707
36.559634,-0.003755400000500231,-0.0007234000004700647,-0.00010652297343698885,-0.0004829990680497232,-0.0016154000004462432
36.579634,-0.0016154000004462432,-0.0013054000004558476,-0.0006279830238834148,-0.0004340713291220229,-0.0016154000004462432
36.599634,-0.0045354000003499095,-0.0029394000004231203,-0.0014485704654932658,-0.0017744209794685441,-0.0031754000003729743
36.619633,-0.0016154000004462432,-0.0019294000004265398,-0.00242523052634609,-0.0025885235435498715,-0.0016154000004462432
36.639633,-0.0031754000003729743,-0.0031354000004284897,-0.0034212652162976627,-0.004153302098327899,-0.0031754000003729743
36.659633,0.0012945999994826707,-0.0037574000004497064,-0.004309817253637009,-0.004581180886224575,-0.0031754000003729743
36.679633,-0.007645400000455993,-0.004963400000451657,-0.00496713633314944,-0.003979945454990231,-0.007645400000455993
36.699633,-0.007645400000455993,-0.00465140000046631,-0.005280591067632178,-0.004501763636818622,-0.007645400000455993
36.719632,-0.007645400000455993,-0.0043394000004354895,-0.005173775117801019,-0.004466565501609712,-0.007645400000455993
36.739632,-0.0016154000004462432,-0.004767400000446287,-0.004629923527266284,-0.005335772960824292,-0.007645400000455993
36.759632,0.0028545999996367755,-0.00328940000044895,-0.003699118666945867,-0.004478546853603214,-0.0016154000004462432
36.779632,-0.00978540000050998,-0.002977400000463604,-0.0024952229952746024,-0.0027195724946315423,-0.0016154000004462432
36.799632,-0.000255400000469308,-0.0011894000004758708,-0.0011934968952630111,-0.0010437682988362926,-0.000255400000469308
36.819631,-0.006085400000529262,-0.0016554000004816772,-2.0618347862012638e-05,0.0003100312349425844,-0.000255400000469308
36.839631,0.0073245999994924205,0.0013005999995129968,0.0007851925175896089,0.0010017095566108966,0.0005245999996077444
36.859631,0.0005245999996077444,0.0013385999995080057,0.0010480390486176736,0.0006493086242299459,0.0005245999996077444
36.879631,0.004994599999463389,0.001920599999539263,0.0007297915512841028,0.001206627971577992,0.0005245999996077444
36.899631,-6.540000049426453e-05,-0.0011894000004303961,-4.2078548584329594e-05,-0.00011239300745395712,-6.540000049426453e-05
36.919631,-0.0031754000003729743,-0.0015014000004612172,-0.0010210520182521766,-0.0011440480191034553,-0.0010354000005463604
36.93963,-0.008225400000355876,-0.0027074000004631673,-0.0019427429645960486,-0.0030271482521907794,-0.0010354000005463604
36.95963,-0.0010354000005463604,-0.003329400000438909,-0.002624370525778269,-0.002518220513273287,-0.0031754000003729743
36.97963,-0.0010354000005463604,-0.002589400000442765,-0.0030078090221287352,-0.0025513207463736917,-0.0010354000005463604
36.999629,-0.0031754000003729743,-0.0011514000004808622,-0.003131498167557671,-0.0024468452219075375,-0.0010354000005463604
37.019629,0.0005245999996077444,-0.002005400000462032,-0.003063705405468305,-0.003207241492310046,-0.0010354000005463604
37.039629,-0.0010354000005463604,-0.0034434000004239353,-0.002849147965312843,-0.0028988731939136284,-0.0031754000003729743
37.059629,-0.0053054000004522095,-0.0034434000004239353,-0.002503143522945614,-0.0023468685318679093,-0.0031754000003729743
37.079629,-0.008225400000355876,-0.0022394000004169355,-0.0020473845048111,-0.002046682051686184,-0.0031754000003729743
37.099629,-0.0031754000003729743,-0.001345400000400332,-0.0015463458976059906,-0.0016399687649922025,-0.0031754000003729743
37.119628,0.006544599999642742,-0.0015014000004157425,-0.001102249449153617,-0.0017467286717560513,-0.0031754000003729743
37.139628,0.0034345999995366583,-0.00017940000043381588,-0.0008060927722428933,-0.001034840559863253,-0.0016154000004462432
37.159628,-0.006085400000529262,0.00013259999955153034,-0.0006867899667883895,0.00016478647974441156,-0.0016154000004462432
37.179628,-0.0016154000004462432,-0.0010714000004554691,-0.0007026450818150525,0.0003910102559683778,-0.0016154000004462432
37.199628,-0.0016154000004462432,-0.0016534000004412518,-0.0007785541868755893,-0.0012496890447316372,-0.0016154000004462432
37.219627,0.0005245999996077444,-0.0010714000004099944,-0.0008558049476476338,-0.002366239161277615,-0.0016154000004462432
37.239627,0.0005245999996077444,-0.001499400000420792,-0.0009222840263715632,-0.0011406447556526031,-0.0016154000004462432
37.259627,-0.0031754000003729743,-0.0007994000004146074,-0.0010140988916411988,-0.0007752834502841104,0.0005245999996077444
37.279627,-0.003755400000500231,-0.0007994000004146074,-0.001194691308966244,-0.0007939314689486485,0.0005245999996077444
37.299627,0.0018845999995846796,-0.0021214000004420087,-0.0015189251901738374,-0.0012105048955441265,-0.0031754000003729743
37.319627,0.0005245999996077444,-0.0012274000004708796,-0.001992182497455347,-0.0016604582755222034,0.0005245999996077444
37.339626,-0.006085400000529262,-0.0016934000004766858,-0.002543287391192944,-0.002503675058757666,0.0005245999996077444
37.359626,0.0012945999994826707,-0.002821400000493668,-0.003031632449521756,-0.0029430689981817617,-0.003755400000500231
37.379626,-0.006085400000529262,-0.0041434000005210695,-0.0032938663427256286,-0.0033016703967750846,-0.006085400000529262
37.399626,-0.003755400000500231,-0.003133400000524489,-0.003213249882461988,-0.00414791748304009,-0.003755400000500231
37.419626,-0.006085400000529262,-0.003287400000499474,-0.002779618677361994,-0.0029015072266358826,-0.003755400000500231
37.439625,-0.0010354000005463604,-0.002277400000502894,-0.0021075508493405195,-0.0016083836834905755,-0.0010354000005463604
37.459625,0.0005245999996077444,-0.000839400000495516,-0.0013978790930811481,-0.0018454000004766537,-0.0010354000005463604
37.479625,-0.0010354000005463604,-0.0002574000004642585,-0.000857359161800455,-9.696177201557084e-05,-0.0010354000005463604
37.499625,0.0034345999995366583,-0.0006854000004295812,-0.0006152033606847493,-0.0008710410260845364,-0.0010354000005463604
37.519625,-0.0031754000003729743,-0.000531400000454596,-0.0006765151213376699,-0.00027647226152599806,-0.0010354000005463604
37.539624,-0.0031754000003729743,-0.0015414000004511763,-0.0009307832669375448,-0.0009291529141996989,-0.0031754000003729743
37.559624,0.0012945999994826707,-0.0012294000004658301,-0.0012038316195843925,-0.001177451282519905,-0.0031754000003729743
37.579624,-0.006085400000529262,-0.0012294000004658301,-0.0013236000958956574,-0.002022626107697866,-0.0031754000003729743
37.599624,0.004994599999463389,-0.0008014000005005073,-0.001173156473241143,-0.0011493393944281118,-0.0010354000005463604
37.619623,-0.0031754000003729743,-0.0013834000004862902,-0.0007204498666528605,-8.940932449915198e-05,-0.0016154000004462432
37.639623,-0.0010354000005463604,0.0014145999995434978,-2.713300499721053e-05,-0.0001424862475427705,-0.0010354000005463604
37.659623,-0.0016154000004462432,-0.00021940000042377505,0.0007604754214872323,0.0005098680648456946,-0.0016154000004462432
37.679623,0.007904599999619677,0.0005205999995723687,0.0014397303569326908,0.0014868610718450546,-0.0010354000005463604
37.699623,-0.0031754000003729743,0.0017265999995743186,0.0017984728448667245,0.000950917015881403,0.0005245999996077444
37.719623,0.0005245999996077444,0.0018425999995542951,0.0016715451827193249,0.001775322610254059,0.0005245999996077444
37.739623,0.004994599999463389,5.459999952108774e-05,0.0009945933486642839,0.0014009869459322753,-0.0010354000005463604
37.759622,-0.0010354000005463604,0.00036659999950643395,-0.00015747495265199226,0.0005489123538322172,-0.0010354000005463604
37.779622,-0.0010354000005463604,-0.0003734000004897098,-0.001562729896694507,-0.0016354466205493166,-0.0010354000005463604
37.799622,-0.0016154000004462432,-0.00258940000048824,-0.00288962939267541,-0.002654164569257844,-0.0016154000004462432
37.819622,-0.0031754000003729743,-0.003911400000470166,-0.0037813701139890583,-0.003970528205596759,-0.0031754000003729743
37.839621,-0.006085400000529262,-0.0043394000004354895,-0.00396844798441869,-0.004428034033075354,-0.0031754000003729743
37.859621,-0.007645400000455993,-0.003329400000438909,-0.0033717254384248063,-0.003586518881561078,-0.0031754000003729743
37.879621,-0.0031754000003729743,-0.0024354000004677802,-0.0021502973662915134,-0.0027407846158298593,-0.0031754000003729743
37.899621,0.0034345999995366583,-0.0009594000004653936,-0.0006629569709287048,4.581212074447838e-05,0.0012945999994826707
37.919621,0.0012945999994826707,0.0012565999995331368,0.0006494478943437851,0.0008538773887841426,0.0012945999994826707
37.93962,0.0012945999994826707,0.0028905999995004093,0.0014127751669178465,0.001669168764090501,0.0034345999995366583
37.95962,0.0034345999995366583,0.0002465999994910817,0.0014371057008684168,0.002227886712780087,0.0012945999994826707
37.97962,0.004994599999463389,9.259999951609643e-05,0.0007588516961668272,0.00036469323959590337,0.0012945999994826707
37.99962,-0.00978540000050998,-0.0003734000004897098,-0.0004015000726380479,-0.0010464722615509186,0.0005245999996077444
38.019619,0.0005245999996077444,-0.0027054000004682168,-0.0017392189824853596,-0.0024057496508176715,-0.0010354000005463604
38.039619,-0.0010354000005463604,-0.003911400000470166,-0.0029738905974131006,-0.00318803403311292,-0.0010354000005463604
38.059619,-0.008225400000355876,-0.0031714000004740227,-0.003922407325560256,-0.003541041026132851,-0.0010354000005463604
38.079619,-0.0010354000005463604,-0.0034834000005048438,-0.004518666492309358,-0.004546635431721289,-0.0010354000005463604
38.099619,-0.006085400000529262,-0.004337400000486014,-0.004789324512815215,-0.0042592927743864695,-0.0053054000004522095
38.119618,-0.0010354000005463604,-0.004765400000496811,-0.004809170701494247,-0.004652672727771242,-0.0053054000004522095
38.139618,-0.0053054000004522095,-0.004881400000476788,-0.004661148097477247,-0.004746635431701295,-0.0053054000004522095
38.159618,-0.010365400000409863,-0.0035594000004493865,-0.004415135967810589,-0.0047090363640911554,-0.0016154000004462432
38.179618,-0.0016154000004462432,-0.00499740000041129,-0.004120997144088968,-0.004168220513232498,-0.0053054000004522095
38.199618,0.0005245999996077444,-0.004259400000410096,-0.0038016646487764806,-0.0032604815854878014,-0.0016154000004462432
38.219617,-0.008225400000355876,-0.001499400000420792,-0.0034419458712037555,-0.00352651888153024,-0.0016154000004462432
38.239617,-0.0016154000004462432,-0.0023934000004373957,-0.0029847805651113017,-0.0027030689981183023,-0.0016154000004462432
38.259617,0.0034345999995366583,-0.003249400000458991,-0.0023494088156441393,-0.0018794326345028649,-0.003755400000500231
38.279617,-0.006085400000529262,-0.0013454000004912813,-0.0014750608844566714,-0.0015857263407945059,-0.0016154000004462432
38.299617,-0.003755400000500231,-0.00045140000047467766,-0.00037791525404510845,-0.0016232088582793808,0.0012945999994826707
38.319616,0.0012945999994826707,-0.0005674000004546542,0.0008072638207965111,0.00019492633986912657,0.0012945999994826707
38.339616,0.0028545999996367755,0.0003265999995619495,0.0018339837882007284,0.0020209403258987903,0.0012945999994826707
38.359616,0.0028545999996367755,0.0029705999995712773,0.002412512794101486,0.0021581664331330112,0.0028545999996367755
38.379616,-0.0016154000004462432,0.003710599999567421,0.002319470628555864,0.003389448484412758,0.0028545999996367755
38.399616,0.009464599999546408,0.0011825999995380698,0.0015043322736787445,0.0025532247081627175,0.0028545999996367755
38.419616,0.004994599999463389,0.00040459999950144266,0.0001432111378555559,9.338787830877055e-05,-0.0010354000005463604
38.439615,-0.00978540000050998,-0.0004894000005151611,-0.001396906695504305,-0.0019065655016896608,-0.0010354000005463604
38.459615,-0.0010354000005463604,-0.003911400000515641,-0.0026837131451512663,-0.003434840559967842,-0.006085400000529262
38.479615,-0.006085400000529262,-0.005117400000517591,-0.0033848159506299712,-0.0034639081590298938,-0.006085400000529262
38.499615,-0.007645400000455993,-0.0030554000004940464,-0.0033939575996127964,-0.004578616783710408,-0.0010354000005463604
38.519614,-0.0010354000005463604,-0.0021614000004774427,-0.00285679733590433,-0.0027981039631825716,-0.0010354000005463604
38.539614,0.0005245999996077444,-0.001579400000446185,-0.0020860037889981896,-0.0002787799538379336,-0.0010354000005463604
38.559614,0.0034345999995366583,0.00020859999954154774,-0.0014108340231507787,-0.001119828904872877,0.0005245999996077444
38.579614,-0.0031754000003729743,-0.00021940000042377505,-0.0010378305613303622,-0.0009764023314321144,0.0005245999996077444
38.599614,0.0012945999994826707,-0.0018534000004365226,-0.0009886284162643377,-0.0005375445225671758,-0.0031754000003729743
38.619613,-0.0031754000003729743,-0.0024354000004223053,-0.0011344710389651713,-0.0014694326344541469,-0.0031754000003729743
38.639614,-0.007645400000455993,-0.0011134000004403787,-0.0012947094189441274,-0.00205572634076276,0.0005245999996077444
38.659613,0.0005245999996077444,-0.002123400000436959,-0.0013383715513634162,-0.0024590596741091725,-0.0031754000003729743
38.679613,0.0034345999995366583,-0.0018114000004516128,-0.0012370865214655067,-0.0010733020983522377,-0.0016154000004462432
38.699613,-0.003755400000500231,-0.0002954000004592672,-0.0010551986613565806,-0.0008279641030162002,-6.540000049426453e-05
38.719612,-0.0016154000004462432,0.00017059999954653903,-0.0008994726796800275,-0.000472253147307613,-6.540000049426453e-05
38.739612,-6.540000049426453e-05,-0.0012674000004608387,-0.0008613710222758434,0.00023802657298244465,-0.0016154000004462432
38.759612,0.0028545999996367755,-0.0011514000004353875,-0.0009751428646305651,-0.0013871249421756485,-0.0016154000004462432
38.779612,-0.003755400000500231,-0.0005694000004496047,-0.001204752901081764,-0.0013932787883425782,-6.540000049426453e-05
38.799612,-0.0031754000003729743,-0.0017734000004566042,-0.0014642649732859025,-0.0012125095575707579,-0.0031754000003729743
38.819611,0.0012945999994826707,-0.002085400000487425,-0.001662435533151904,-0.0019257263407835728,-0.0031754000003729743
38.839611,-0.006085400000529262,-0.002241400000457361,-0.0017493211675979096,-0.002970691375760371,-0.0031754000003729743
38.859611,0.0012945999994826707,-0.0019294000004720147,-0.0017420706988516843,-0.0018056331007205843,-0.0016154000004462432
38.879611,-0.0045354000003499095,-0.0023954000004778207,-0.0017175161746370098,-0.0011020666671379942,-0.0016154000004462432
38.899611,-0.0016154000004462432,-6.340000045383931e-05,-0.0017727169034720935,-0.0012953766904406751,-0.0010354000005463604
38.919611,-0.0010354000005463604,-0.0019674000004215484,-0.0019681604651511,-0.0011180107230375552,-0.0016154000004462432
38.93961,0.005574599999590646,-0.0016954000004261616,-0.002280967626403433,-0.0021860526810563324,-0.0016154000004462432
38.95961,-0.008225400000355876,-0.002007400000411508,-0.002599736015091442,-0.0031388965038953976,-0.0031754000003729743
38.97961,-0.0031754000003729743,-0.0038734000003842082,-0.0027760992664430913,-0.0038969850819917996,-0.0031754000003729743
38.99961,-0.0031754000003729743,-0.004301400000395006,-0.002711569371925485,-0.002851530536519837,-0.0031754000003729743
39.019609,-0.010365400000409863,-0.0029794000004130794,-0.0024272785543963085,-0.0014874512824538028,-0.0031754000003729743
39.039609,0.0034345999995366583,-0.0004514000004292029,-0.002067054183519957,-0.0027950736601058583,-0.0016154000004462432
39.059609,-0.0016154000004462432,-0.0010334000004604605,-0.0018239417562122327,-0.0008366820517439386,-0.0016154000004462432
39.079609,0.009464599999546408,-0.0017714000004616537,-0.0018332222354969312,-0.001800574825637449,-0.0016154000004462432
39.099609,-0.006085400000529262,-0.0017714000004616537,-0.002103497111675899,-0.002584560839627383,-0.0016154000004462432
39.119608,-0.01405540000041583,-0.00309340000044358,-0.0025321456665176206,-0.0022501086251519547,-0.006085400000529262
39.139608,0.0034345999995366583,-0.0053094000004421105,-0.002985404626309436,-0.0033358662009052233,-0.006085400000529262
39.159608,-0.008225400000355876,-0.003521400000408903,-0.0033744410604678752,-0.0037825561775767253,-0.0016154000004462432
39.179608,-0.0016154000004462432,-0.0014614000004257832,-0.0036720111309710146,-0.004189036364042966,-0.0016154000004462432
39.199608,0.0028545999996367755,-0.00379340000040429,-0.003871345439537697,-0.002663651748669659,-0.003755400000500231
39.219607,-0.003755400000500231,-0.0026654000004327828,-0.003935720156802331,-0.0030287799538194207,-0.002585400000498339
39.239607,-0.008225400000355876,-0.0035594000004493865,-0.0037899994223460015,-0.004224327739363431,-0.003755400000500231
39.259607,-0.002585400000498339,-0.004765400000451336,-0.0033678065165210556,-0.0034847473197973603,-0.003755400000500231
39.279607,-0.006085400000529262,-0.0034434000004239353,-0.0026809301889361356,-0.003414257809291305,-0.0031754000003729743
39.299607,-0.0031754000003729743,-0.0021214000004420087,-0.0018577655849544561,-0.0027345375295672746,-0.002585400000498339
39.319606,0.0028545999996367755,-0.0010334000004149856,-0.0011172827296627602,-0.0007424396274527187,-0.0016154000004462432
39.339606,-0.0016154000004462432,-0.00013940000039838196,-0.0006859350927927817,0.00019229230727354542,-0.0016154000004462432
39.359606,0.0028545999996367755,0.00017259999958696426,-0.0006993282244996378,-0.0007769384619492536,-0.0016154000004462432
39.379606,-0.0016154000004462432,-0.0014594000004308327,-0.0011394032431794668,-0.0005567286717415802,-0.0016154000004462432
39.399606,-0.0016154000004462432,-0.002197400000432026,-0.0018386825383951266,-0.0018943743593999758,-0.0016154000004462432
39.419605,-0.0053054000004522095,-0.0026634000004378323,-0.0025484989783499533,-0.002487497902546622,-0.0016154000004462432
39.439605,-0.0053054000004522095,-0.0034014000004390253,-0.003037165046033008,-0.004143605128641631,-0.0053054000004522095
39.459605,0.0005245999996077444,-0.003285400000459049,-0.0031727345339251545,-0.0036886867137322556,-0.0053054000004522095
39.479605,-0.0053054000004522095,-0.003869400000439782,-0.0029581332200022954,-0.003116985082036117,-0.0053054000004522095
39.499605,-0.0010354000005463604,-0.0010334000004604605,-0.002512162197184755,-0.002242929137993244,-0.0010354000005463604
39.519604,-0.008225400000355876,-0.0020834000004924746,-0.002009783222727883,-0.00028616923126632593,-0.004725400000552327
39.539604,0.0088745999994444,-0.0007634000005054987,-0.001604217830201637,-0.0015162391613386015,-0.0010354000005463604
39.559604,-0.004725400000552327,-0.0007634000005054987,-0.0013600347256217775,-0.0020970317021519885,-0.0010354000005463604
39.579604,0.0012945999994826707,-0.0015014000005066919,-0.0012294456728942356,-0.0014360293711415787,-0.0010354000005463604
39.599604,-0.0010354000005463604,-0.002277400000502894,-0.001088871929014412,-0.0009383370634237311,-0.0010354000005463604
39.619603,-0.011915400000361842,-0.0007614000004650734,-0.0008176561047132053,-0.0006182671333504566,0.0012945999994826707
39.639603,0.004994599999463389,-0.00044940000043425243,-0.00037022329424617005,-0.0013062624713005623,0.0028545999996367755
39.659603,0.0028545999996367755,-0.000565400000414229,0.00020342810413307273,0.0004654857804816531,0.0028545999996367755
39.679603,0.0028545999996367755,0.0023885999995854946,0.000794333808834348,0.0006676769226769505,0.0028545999996367755
39.699603,-0.0016154000004462432,0.0014945999996143656,0.0012925314658391552,0.0017391221441306797,0.0028545999996367755
39.719602,0.0028545999996367755,0.0011825999995835445,0.0016252481103551386,0.002555252680243339,0.0012945999994826707
39.739602,0.0005245999996077444,0.0009885999995731254,0.001761592615077428,0.0011935976685789964,0.0012945999994826707
39.759602,0.0012945999994826707,0.001570599999558908,0.0016968027413654197,0.0012967678317128742,0.0012945999994826707
39.779602,0.0018845999995846796,0.0012585999995280873,0.0014352223107009009,0.001325462470398137,0.0012945999994826707
39.799602,0.0012945999994826707,0.0008305999995172897,0.0009825933578765024,0.0009311501160843786,0.0012945999994826707
39.819602,0.0012945999994826707,0.0002485999995315069,0.0003474986844667991,0.00043665128155300176,0.0012945999994826707
39.839601,-0.0016154000004462432,-0.0008794000004854752,-0.00045366208255672076,-0.0011356097907082616,-0.0016154000004462432
39.859601,-0.0016154000004462432,-0.0013454000004912813,-0.0013918297524347977,-0.001554467599534654,-0.0016154000004462432
39.879601,-0.003755400000500231,-0.003249400000458991,-0.002418719804124222,-0.002203348718408873,-0.0016154000004462432
39.899601,-0.0010354000005463604,-0.002355400000442387,-0.003455148478152758,-0.0023604582755176835,-0.0016154000004462432
39.9196,-0.008225400000355876,-0.003249400000458991,-0.004377175263227568,-0.0038488731939330103,-0.003755400000500231
39.9396,0.0028545999996367755,-0.003715400000464797,-0.0050130810975160915,-0.005901227506283816,-0.006085400000529262
39.9596,-0.006085400000529262,-0.005891400000427894,-0.005169288167008711,-0.005179269464299341,-0.006085400000529262
39.9796,-0.006085400000529262,-0.004881400000431313,-0.004693886643764141,-0.004264444289472508,-0.006085400000529262
39.999599,-0.011915400000361842,-0.0031314000004385887,-0.003558954771528723,-0.0033942811193019805,-0.006085400000529262
40.019599,-0.0031754000003729743,-0.0021214000004420087,-0.0019138279583328062,-0.0024026960377320178,-0.0031754000003729743
40.039599,0.011604599999600396,-0.0007994000004146074,-6.440367685284787e-05,-0.0008346074596454345,-0.0010354000005463604
40.059599,-0.0010354000005463604,0.0018425999995542951,0.0016205463551449291,0.0014879100228712163,0.0005245999996077444
40.079599,0.0005245999996077444,0.00425259999951777,0.0028257806044235285,0.0031474904424089196,0.0012945999994826707
40.099599,0.0012945999994826707,0.0017245999994884187,0.0033739499194059067,0.005113131468019974,0.0005245999996077444
40.119598,0.0088745999994444,0.002930599999490369,0.003257440951202238,0.0037608937057787856,0.0012945999994826707
40.139598,-0.0010354000005463604,0.0033965999994961748,0.002624326442143563,0.0005367911416859568,0.0028545999996367755
40.159598,0.004994599999463389,0.0016085999995084422,0.0017266995183654644,0.0017416396265474646,0.0028545999996367755
40.179598,0.0028545999996367755,-0.0012274000004708796,0.000837625885317999,0.000742152447076274,-0.0010354000005463604
40.199598,-0.007645400000455993,0.0008725999995476741,0.00015507685665562708,0.0001989123538567374,0.0028545999996367755
40.219597,-0.0053054000004522095,-0.0007614000004195987,-0.00027001958828411156,-0.0007175911426309301,-0.0031754000003729743
40.239597,0.009464599999546408,-0.0010734000004504196,-0.0005411914017724506,-8.898974402977294e-05,-0.0031754000003729743
40.259597,-0.0031754000003729743,-0.00017940000043381588,-0.0008481380876834561,0.0003262899762516763,-0.0031754000003729743
40.279597,0.0012945999994826707,0.00024659999958203115,-0.001359170008021676,9.921538418566737e-05,-0.0031754000003729743
40.299597,-0.0031754000003729743,0.00024659999958203115,-0.002135015108243049,-0.00119924615425554,-0.0031754000003729743
40.319597,-0.0031754000003729743,0.00024659999958203115,-0.0031053819206786565,-0.003998127273099672,0.0
