time,raw_wavelength_shift,moving_average,butterworth,savitzky_golay,median
0.02,0.00014709999982187583,0.00044709999988299385,0.00013774930826078387,0.0006400370627943655,0.0
0.04,0.002787099999977727,0.00044709999988299385,0.0002840870640226863,0.0008742328670174016,0.00014709999982187583
0.059999,-0.00174290000018118,0.00044709999988299385,0.0003808778345002483,0.0008525545453524719,0.00014709999982187583
0.079999,0.002787099999977727,0.00044709999988299385,0.0003966344470200099,0.0006519601397612755,0.00014709999982187583
0.099999,-0.00174290000018118,0.00044709999988299385,0.0003305492477511716,0.0003494076922055128,0.00014709999982187583
0.119999,0.00014709999982187583,0.00021909999991294172,0.00020973528481620644,2.1855244646879185e-05,0.00014709999982187583
0.139999,0.002787099999977727,-0.0003089000001182285,7.674792412826237e-05,-0.0001842519814625652,0.00014709999982187583
0.159998,-0.002882900000031441,-6.900000107634696e-06,-2.7137767893948428e-05,9.528181808841186e-05,0.00014709999982187583
0.179998,0.00014709999982187583,0.00014309999992292432,-7.753616669991311e-05,-0.0003464198136296,0.00014709999982187583
0.199998,-0.0002329000001282111,-0.0004609000000982633,-7.541746759528014e-05,7.278764560598094e-05,-0.0002329000001282111
0.219998,0.0008970999999746709,6.909999988238268e-05,-4.349415722836858e-05,9.127971932659459e-06,-0.0002329000001282111
0.239998,-0.0002329000001282111,0.00021909999991294172,-1.1627881131585016e-05,-0.00010858764579051015,-0.0002329000001282111
0.259998,-0.0002329000001282111,0.0002950999999029591,7.647804454410044e-07,0.00036073636353844057,0.00014709999982187583
0.279997,0.0008970999999746709,-8.09000001027016e-05,-4.07161861318881e-06,5.437272718084469e-05,-0.0002329000001282111
0.299997,0.00014709999982187583,-4.9000001126842104e-06,-2.846958778849675e-06,-4.2713519938007954e-05,0.00014709999982187583
0.319997,-0.0009829000000536325,7.109999987733317e-05,3.634510802949811e-05,-0.00021945011668154552,0.00014709999982187583
0.339997,0.00014709999982187583,-7.890000015322584e-05,0.00013515299801962726,0.00023807902084309186,0.00014709999982187583
0.359997,0.00014709999982187583,7.109999987733317e-05,0.0002888656927828498,0.00030374335651177397,0.00014709999982187583
0.379996,0.00014709999982187583,0.000675099999853046,0.0004617296599074987,0.00024027016302234188,0.00014709999982187583
0.399996,0.0008970999999746709,0.00044909999987794433,0.0005966994788788682,0.0004830440558240705,0.00014709999982187583
0.419996,0.0020370999998249317,0.00044909999987794433,0.0006354310680323377,0.0007313657341373177,0.00014709999982187583
0.439996,-0.0009829000000536325,0.0005990999999085034,0.0005399524245887638,0.0005321815849774617,0.0008970999999746709
0.459996,0.00014709999982187583,0.00044909999987794433,0.00030820366459705355,0.0005202235430257606,0.00014709999982187583
0.479995,0.0008970999999746709,-0.0001549000000977685,-2.013849680265235e-05,0.0001570067597995556,0.00014709999982187583
0.499995,0.00014709999982187583,-4.9000001126842104e-06,-0.0003682708075769582,-0.00044707249429369166,0.00014709999982187583
0.519995,-0.0009829000000536325,-0.0004589000001033128,-0.0006382649062830811,-0.0007516179488228558,-0.0002329000001282111
0.539995,-0.0002329000001282111,-0.0008349000001089735,-0.00073838308259344,-0.0005777484849514025,-0.0009829000000536325
0.559994,-0.002122900000131267,-0.0006849000000784145,-0.0006159410151753586,-0.0006351610723414693,-0.0009829000000536325
0.579994,-0.0009829000000536325,-0.00030890000007275373,-0.00028321120169342537,-0.0006331564103312685,-0.0002329000001282111
0.599994,0.0008970999999746709,-8.290000005217735e-05,0.0001772375823309857,0.00014826550112170697,0.0008970999999746709
0.619994,0.0008970999999746709,0.0005210999999690103,0.0006338827489128408,0.0005734403262995175,0.0008970999999746709
0.639994,0.0008970999999746709,0.001275099999975282,0.0009481216297782832,0.0009417386946230983,0.0008970999999746709
0.659993,0.0008970999999746709,0.0008990999999696214,0.0010212951583311732,0.001472274825152197,0.0008970999999746709
0.679993,0.002787099999977727,0.0008990999999696214,0.0008298636980199996,0.00104141235427619,0.0008970999999746709
0.699993,-0.0009829000000536325,0.000673099999949045,0.00043614721839709615,0.00026826550111713125,0.0008970999999746709
0.719993,0.0008970999999746709,-8.290000005217735e-05,-3.0300385420571568e-05,-0.00012614009328168184,-0.0002329000001282111
0.739993,-0.0002329000001282111,-0.0008369000000584492,-0.0004158797086513995,-0.000504112121271989,-0.0009829000000536325
0.759992,-0.002882900000031441,-0.00046090000005278854,-0.0005963128522121796,-0.0007703358974983166,-0.0002329000001282111
0.779992,-0.0009829000000536325,-0.0006109000000833475,-0.0005202207503493524,-0.0007175386947151619,-0.0002329000001282111
0.799992,0.0008970999999746709,-0.00038490000006277116,-0.0002250726583601872,-0.00010602354320373079,0.00014709999982187583
0.819992,0.00014709999982187583,0.000523099999918486,0.0001809616700323097,0.0003715055943382525,0.0008970999999746709
0.839992,0.0008970999999746709,0.0008990999999241467,0.0005618671745660131,0.000761202564038739,0.0008970999999746709
0.859992,0.0016570999998748448,0.0008990999999241467,0.0008015358997726641,0.0009174263402375047,0.0008970999999746709
0.879991,0.0008970999999746709,0.0005210999999235355,0.0008372777180281094,0.0005862375290437401,0.0008970999999746709
0.899991,0.0008970999999746709,0.0002950999999029591,0.0006689992553565751,0.0006221349649438254,0.0008970999999746709
0.919991,-0.00174290000018118,0.00014309999992292432,0.0003459269208540628,0.0004112724941102223,0.0008970999999746709
0.939991,-0.0002329000001282111,0.00014309999992292432,-5.7426377063209597e-05,-0.00021844778561814406,0.0008970999999746709
0.959991,0.0008970999999746709,-0.000612900000078298,-0.00046229171664094953,-0.000389823077004902,-0.0002329000001282111
0.97999,0.0008970999999746709,-0.000612900000078298,-0.0007977881764425989,-0.0008134594406465452,-0.0002329000001282111
0.99999,-0.002882900000031441,-0.0005369000000882806,-0.0010088145685457624,-0.0012579582751578776,0.00014709999982187583
1.01999,-0.00174290000018118,-0.001292900000089503,-0.0010660154300200016,-0.000827235664427738,-0.00174290000018118
1.03999,0.00014709999982187583,-0.001442900000120062,-0.0009758402056913402,-0.0007415013986984569,-0.00174290000018118
1.059989,-0.002882900000031441,-0.0003089000001182285,-0.0007817141005968403,-0.0007875386947530823,0.00014709999982187583
1.079989,0.00014709999982187583,-0.00015690000009271898,-0.0005503549024931945,-0.0007508254080397359,0.00014709999982187583
1.099989,0.002787099999977727,-0.0006109000000833475,-0.00034738304268576973,-0.00026446177164845825,-0.0009829000000536325
1.119989,-0.0009829000000536325,-0.00023090000008778587,-0.00021515301487234564,-0.0001770491842212423,-0.0009829000000536325
1.139989,-0.002122900000131267,-8.090000005722686e-05,-0.00016545170364692743,-0.0003713149184920613,-0.0009829000000536325
1.159989,-0.0009829000000536325,-0.0006089000000883971,-0.00018817012946253402,-4.700256418654284e-05,-0.0009829000000536325
1.179988,0.0008970999999746709,-0.0006089000000883971,-0.0002640182687244684,-0.0004408254079897666,-0.0009829000000536325
1.199988,0.00014709999982187583,-4.9000000672094755e-06,-0.00036890957652473724,-0.00043175780892863063,0.00014709999982187583
1.219988,-0.0009829000000536325,-4.9000000672094755e-06,-0.000469710267448851,-5.408881126867912e-05,0.00014709999982187583
1.239988,0.0008970999999746709,-0.00023090000008778587,-0.0005215066240376508,-0.0003015013986788405,-0.0002329000001282111
1.259987,-0.0009829000000536325,-0.0006089000000883971,-0.00047600613844489103,-0.0006958137530132696,-0.0009829000000536325
1.279987,-0.0002329000001282111,-0.0006089000000883971,-0.0003020596514903385,-0.0007742986015024264,-0.0009829000000536325
1.299987,-0.00174290000018118,-0.0004569000001083623,-9.199903902161354e-06,-5.347552536528441e-06,-0.0009829000000536325
1.319987,-0.0009829000000536325,0.0002970999998979096,0.0003413507420735753,0.0005383121211163702,-0.0002329000001282111
1.339987,0.0016570999998748448,0.0009010999999190972,0.0006513432220471621,0.0006433237761422111,0.0016570999998748448
1.359987,0.002787099999977727,0.0010530999999446068,0.0008251151825987966,0.0009449088577439169,0.0016570999998748448
1.379986,0.002787099999977727,0.0010530999999446068,0.0008149038530645965,0.0007542561771040598,0.0016570999998748448
1.399986,-0.0009829000000536325,0.0006750999999439955,0.0006445231970021492,0.000949127971967749,-0.0002329000001282111
1.419986,-0.0009829000000536325,7.109999992280792e-05,0.0003962990736889509,0.0004460044288212485,-0.0002329000001282111
1.439986,-0.0002329000001282111,-0.0001549000000977685,0.00017053152609242998,-0.00012993962712674371,-0.0002329000001282111
1.459985,-0.0002329000001282111,-0.0001549000000977685,4.296486855746301e-05,-0.0003263032635018283,-0.0002329000001282111
1.479985,0.0016570999998748448,0.0002210999999078922,4.190245715865367e-05,-4.427529145449577e-05,-0.0002329000001282111
1.499985,-0.0009829000000536325,0.0004470999999284686,0.0001499216064128835,0.0005237666666002192,0.0008970999999746709
1.519985,0.0008970999999746709,0.000673099999949045,0.00032122929189387574,0.0006715522143847108,0.0008970999999746709
1.539985,0.0008970999999746709,0.0003710999999384512,0.0005022416563274288,0.00045875501158733996,0.0008970999999746709
1.559984,0.0008970999999746709,0.0005970999999135529,0.0006466665173536523,0.0004476128204239893,0.0008970999999746709
1.579984,0.00014709999982187583,0.0003710999998929765,0.0007217788434306791,0.00038763613043018294,0.00014709999982187583
1.599984,0.00014709999982187583,0.0005230999998730113,0.0007079772309642728,0.0009068202796084009,0.00014709999982187583
1.619984,-0.0002329000001282111,0.0005230999998730113,0.0005978623801967372,0.00048064312342018976,0.00014709999982187583
1.639984,0.0016570999998748448,0.0006730999999035702,0.00040046283175503624,0.0005796407924323882,0.0008970999999746709
1.659984,0.0008970999999746709,0.00021909999991294172,0.0001493334481500872,0.0003801769229797381,0.0008970999999746709
1.679983,0.0008970999999746709,0.0004450999999335181,-9.482985861849027e-05,9.291142118738086e-06,0.0008970999999746709
1.699983,-0.002122900000131267,-0.0003109000000677042,-0.00025714563981099197,-0.0005289139860711262,0.0008970999999746709
1.719983,0.0008970999999746709,-0.000686900000073365,-0.0002775580712108145,-0.000258797435965033,-0.0009829000000536325
1.739983,-0.002122900000131267,-0.0006849000000784145,-0.00014333103986565558,-0.00033066223782806693,-0.0009829000000536325
1.759983,-0.0009829000000536325,0.0004870999999184278,9.385616861861295e-05,1.3953146762082068e-05,0.0008970999999746709
1.779982,0.0009070999999494234,0.00011109999991276709,0.0003298035683727387,0.00018225151506431528,-0.0009829000000536325
1.799982,0.003737099999852944,0.0005650999999033957,0.00044731829911711415,0.0006537899766047775,0.00014709999982187583
1.819982,-0.0009829000000536325,0.0005650999999033957,0.00036518452338555934,0.0005434170162020166,0.00014709999982187583
1.839982,0.00014709999982187583,0.00041309999987788616,7.173343075573086e-05,0.0004281256409155193,0.00014709999982187583
1.859982,-0.0009829000000536325,-0.0006829000001289387,-0.0003720534304823794,-0.0003486575758929828,-0.0009829000000536325
1.879981,0.00014709999982187583,-0.0010609000001295498,-0.0008575160151009865,-0.0011570491842894338,-0.0009829000000536325
1.899981,-0.00174290000018118,-0.001438900000130161,-0.001267777314941323,-0.0017866296038496726,-0.00174290000018118
1.919981,-0.0028729000000566884,-0.001438900000130161,-0.0015163447122447618,-0.0015063965036197112,-0.00174290000018118
1.939981,-0.00174290000018118,-0.0016649000001052628,-0.0015716700357507193,-0.0014801727273905923,-0.00174290000018118
1.95998,-0.0009829000000536325,-0.0012869000001046516,-0.0014588044211804113,-0.0012312682984907657,-0.0009829000000536325
1.97998,-0.0009829000000536325,-0.0007589000001189561,-0.0012381721106153969,-0.0010678650350680985,-0.0009829000000536325
1.99998,0.00014709999982187583,-0.0006069000000934466,-0.0009728351788570274,-0.0008140421912389546,-0.0009829000000536325
2.01998,-0.0002329000001282111,-0.0006069000000934466,-0.0007019074207911531,-0.0005823405595366532,-0.0009829000000536325
2.03998,-0.0009829000000536325,-0.0006069000000934466,-0.0004338251701314122,-0.0006104524476194366,-0.0009829000000536325
2.059979,-0.0009829000000536325,-0.0004549000000679371,-0.00016088063280180511,-0.00024812144529532624,-0.0009829000000536325
2.079979,-0.0009829000000536325,-0.00022690000005241018,0.00011680713084364132,5.432610715554274e-05,-0.0009829000000536325
2.099979,0.0009070999999494234,0.0003770999999233027,0.0003752116009916489,0.0001199671327946135,0.0009070999999494234
2.119979,0.0009070999999494234,0.0005270999999083869,0.0005692599530126955,0.00045003706285801136,0.0009070999999494234
2.139979,0.0020370999998249317,0.0006770999998934712,0.0006522032873206755,0.000802717715511086,0.0009070999999494234
2.159978,-0.0002329000001282111,0.0006770999998934712,0.0005986256630235112,0.0007656547784420822,0.0009070999999494234
2.179978,-0.0002329000001282111,0.0005250999998679618,0.0004181100343324246,0.0006063307691069202,0.00014709999982187583
2.199978,0.0009070999999494234,-7.890000010775111e-05,0.00015469521058227703,7.082960361578188e-05,-0.0002329000001282111
2.219978,0.00014709999982187583,-7.890000010775111e-05,-0.00012496151790884294,-0.0001317578089737255,-0.0002329000001282111
2.239978,-0.0009829000000536325,-0.0002289000000928354,-0.00034955095760756465,-0.0004504990676925335,-0.0002329000001282111
2.259978,-0.0002329000001282111,-0.0003809000001183449,-0.00046268975392556083,-0.000514997902198657,-0.0002329000001282111
2.279977,-0.0009829000000536325,-0.0006069000000934466,-0.00043920089958720746,-0.0005094967367103205,-0.0009829000000536325
2.299977,0.00014709999982187583,-0.0003809000001183449,-0.0002925997781861158,-0.00042917039639227137,-0.0002329000001282111
2.319977,-0.0009829000000536325,-2.9000001177337254e-06,-7.000553526195568e-05,5.002097801831884e-06,0.00014709999982187583
2.339977,0.00014709999982187583,0.00037509999988287744,0.00016534546467409866,0.00048747296025610334,0.00014709999982187583
2.359977,0.0016570999998748448,0.0005270999999083869,0.0003588655283574935,0.00047036340315211305,0.0009070999999494234
2.379977,0.0009070999999494234,0.0007530999998834886,0.00048671548946779125,0.000564442657233404,0.0009070999999494234
2.399976,0.0009070999999494234,0.0005270999999083869,0.0005635213847515392,0.0003625079253171896,0.0009070999999494234
2.419976,0.00014709999982187583,0.0003770999999233027,0.0006292741943111456,0.0007342561770750537,0.0009070999999494234
2.439976,-0.0009829000000536325,0.0003770999999233027,0.0007207638727146509,0.0006156314684631086,0.0009070999999494234
2.459975,0.0009070999999494234,0.0007550999999239138,0.0008436974282869598,0.0005389181817452809,0.0009070999999494234
2.479975,0.0009070999999494234,0.0006790999999338965,0.0009627229918147931,0.0007756547784894456,0.0009070999999494234
2.499975,0.0027970999999524793,0.0010570999999345077,0.001016064043970299,0.0009140230768629738,0.0009070999999494234
2.519975,-0.0002329000001282111,0.0010570999999345077,0.000946944207012314,0.0009717386945653759,0.0009070999999494234
2.539975,0.0009070999999494234,0.0009050999999089982,0.0007360559172948241,0.001009850582663192,0.0009070999999494234
2.559974,0.0009070999999494234,0.00037509999988287744,0.00042143773434193143,0.0006304100231995811,0.00014709999982187583
2.579974,0.00014709999982187583,0.0006010999999034539,9.856898068008206e-05,0.0006021815849634414,0.0008970999999746709
2.599974,0.00014709999982187583,0.00044909999987794433,-0.00010176306868934346,0.00041183193461524954,0.00014709999982187583
2.619974,0.0008970999999746709,0.00044709999988299385,-5.6927808081776405e-05,0.000504326107120761,0.00014709999982187583
2.639974,0.00014709999982187583,0.0002210999999078922,0.000288853945876904,0.00016644731924596038,0.00014709999982187583
2.659973,0.0008970999999746709,-4.9000000672094755e-06,0.0008650437139490637,-0.00018306317023594472,0.00014709999982187583
2.679973,-0.0009829000000536325,-0.0003809000000728702,0.0014390953250802165,-0.00035056899772272773,-0.0009829000000536325
2.699973,-0.0009829000000536325,-0.0006069000000479719,0.0016361817594908175,-0.000709916317075458,-0.0009829000000536325
2.719973,-0.0009829000000536325,-0.0007569000000785308,0.001041302124137897,-0.0007678417250289914,-0.0009829000000536325
2.739973,-0.0009829000000536325,-0.0006069000000934466,-0.0006144197985400319,-0.0008619909091773859,-0.0009829000000536325
2.759972,0.00014709999982187583,-7.890000010775111e-05,-0.0032269937477878716,0.006369734032531063,-0.0002329000001282111
2.779972,-0.0002329000001282111,0.0002970999998979096,-0.006146936161396681,-0.004388284615480159,0.00014709999982187583
2.799972,0.0016570999998748448,0.0014310999998997432,-0.008183276028388869,-0.009328541025734209,0.0008970999999746709
2.819972,0.0008970999999746709,-0.014030900000079782,-0.007880597092959353,-0.008971874359065433,0.0008970999999746709
2.839972,0.004687099999955535,-0.005636900000081368,-0.004063508157013148,-0.0051226202798173685,0.0016570999998748448
2.859972,-0.07716290000007575,0.0023790999999164343,0.003526006807134307,0.0015408296036377679,0.004687099999955535
2.879971,0.04173709999986386,0.00979109999989305,0.013825515118327577,0.010208545221358358,0.037957099999857746
2.899971,0.04173709999986386,0.01667109999989407,0.024589240234320915,0.020219524242325503,0.03908709999996063
2.919971,0.037957099999857746,0.039883099999906337,0.033102336596212666,0.030599850582653524,0.03908709999996063
2.939971,0.03908709999996063,0.03950509999990572,0.0371684741843195,0.05284682027963865,0.03908709999996063
2.95997,0.038897099999985585,0.03855909999992946,0.03592710017952453,0.04507316060596821,0.038897099999985585
2.97997,0.0398470999998608,0.03821709999992891,0.030173754169000203,0.021798591841410028,0.038897099999985585
2.99997,0.03700709999998253,0.007179099999893879,0.022071449290232525,0.012820782983587806,0.03700709999998253
3.01997,0.03624709999985498,0.0075570999998944895,0.014340820535307091,0.008454139626936493,0.03700709999998253
3.03997,-0.1161029000002145,0.008313099999895712,0.009218756433894767,0.01627765944045037,0.03700709999998253
3.059969,0.04078709999998864,0.009825099999898158,0.007653305901225345,0.008285002097803577,0.04078709999998864
3.079969,0.043627099999866914,0.0111110999999255,0.009166358897840034,0.006074419347257588,0.0426770999999917
3.099969,0.04456709999999475,0.02188509999996313,0.012428505914761039,0.012553090675939587,0.0426770999999917
3.119969,0.0426770999999917,0.02188509999996313,0.016100646649440664,0.01885159883446914,0.0426770999999917
3.139969,-0.06223290000002635,0.02150709999996252,0.019373261741396607,0.03306768275055523,0.04173709999986386
3.159968,0.04078709999998864,0.014853099999936604,0.021989392095076964,0.016962717715543967,0.04078709999998864
3.179968,0.04173709999986386,0.014287099999910425,0.023971913397907458,0.017067822610643206,0.0398470999998608
3.199968,0.011297099999865168,0.029863099999874975,0.025381183977314124,0.019980223543011516,0.0398470999998608
3.219968,0.0398470999998608,0.02801109999986693,0.026234805236780137,0.025577472960239146,0.031527099999948405
3.239968,0.01564709999979641,0.024683099999856496,0.02653242635253614,0.03439313729588631,0.02509709999981169
3.259968,0.031527099999948405,0.027065099999845188,0.026299529962869033,0.02454372004645676,0.02509709999981169
3.279967,0.02509709999981169,0.024115099999835365,0.025614798155513548,0.024416004428733394,0.02509709999981169
3.299967,0.023207099999808634,0.02562709999983781,0.0246181544841344,0.025922554545284245,0.02509709999981169
3.319967,0.02509709999981169,0.023585099999809244,0.02350097984567328,0.022528009090737884,0.023207099999808634
3.339967,0.023207099999808634,0.02264109999982793,0.022478457846156093,0.023462694405409698,0.023207099999808634
3.359966,0.021317099999805578,0.021885099999826706,0.021746191955309684,0.021258498601218628,0.021317099999805578
3.379966,0.020377099999905113,0.021507099999826095,0.02142950219032611,0.021273486946228493,0.021317099999805578
3.399966,0.019427099999802522,0.021279099999856044,0.021542182333876267,0.02141728648002113,0.021317099999805578
3.419966,0.023207099999808634,0.021695099999851662,0.02197557060633739,0.021676260839012106,0.022067099999958373
3.439965,0.022067099999958373,0.02263909999983298,0.022530697760067765,0.02267320722595899,0.023207099999808634
3.459966,0.023397099999783677,0.02354509999986476,0.02298724555627114,0.023328545221307173,0.023397099999783677
3.479965,0.02509709999981169,0.02354509999986476,0.02318436478691545,0.02354229813504565,0.023397099999783677
3.499965,0.02395709999996143,0.023243099999854168,0.02308061111070066,0.02347821888099038,0.023397099999783677
3.519965,0.023207099999808634,0.022827099999858547,0.02276676683200881,0.022515468298241477,0.023207099999808634
3.539965,0.020557099999905404,0.022221099999887882,0.022424267053515235,0.022284116316871515,0.022067099999958373
3.559964,0.021317099999805578,0.02169309999985671,0.022246439025905,0.02192472237749825,0.021317099999805578
3.579965,0.022067099999958373,0.022071099999857326,0.02235741822448444,0.02194383659660449,0.021317099999805578
3.599964,0.021317099999805578,0.02279109999985849,0.022763843987366632,0.022487053379793884,0.022067099999958373
3.619964,0.02509709999981169,0.02354709999985971,0.02335756832791951,0.023631435664181265,0.024157099999911225
3.639964,0.024157099999911225,0.024153099999830376,0.02396388232480783,0.024616610489365635,0.02509709999981169
3.659963,0.02509709999981169,0.025061099999857107,0.02441109029920751,0.024447379720138655,0.02509709999981169
3.679963,0.02509709999981169,0.024455099999886442,0.024591146340233693,0.0245691979019641,0.02509709999981169
3.699963,0.025857099999939237,0.023887099999865314,0.024488367634532236,0.02455092284370232,0.02509709999981169
3.719963,0.022067099999958373,0.024039099999890824,0.02416921551858517,0.0238848622376533,0.02509709999981169
3.739963,0.021317099999805578,0.02366109999989021,0.02374391145069833,0.023831552214330524,0.023207099999808634
3.759962,0.025857099999939237,0.022941099999889046,0.023322161189351088,0.022985305128099973,0.022257099999933416
3.779962,0.023207099999808634,0.0231690999998591,0.02298295891159611,0.022860083682859716,0.023207099999808634
3.799962,0.022257099999933416,0.022979099999884057,0.022764245570438407,0.02270924452201501,0.023207099999808634
3.819962,0.023207099999808634,0.022827099999858547,0.02266579561317057,0.023059594172357277,0.023207099999808634
3.839962,0.02036709999993036,0.022599099999888496,0.022658026944619897,0.02284609766888198,0.022257099999933416
3.859962,0.02509709999981169,0.02278909999986354,0.022695028894836017,0.022482368065134713,0.023207099999808634
3.879961,0.022067099999958373,0.022599099999888496,0.02273149832473859,0.022770946153720925,0.022257099999933416
3.899961,0.023207099999808634,0.02316709999986415,0.022739266329030127,0.022772927505707873,0.023207099999808634
3.919961,0.022257099999933416,0.022599099999888496,0.02271652309210214,0.02271068974348414,0.022257099999933416
3.939961,0.023207099999808634,0.022637099999883503,0.022685819350919213,0.022763603496377724,0.022257099999933416
3.95996,0.022257099999933416,0.022637099999883503,0.022682483858776657,0.02266721655000093,0.022257099999933416
3.97996,0.022257099999933416,0.022827099999858547,0.02273882265268952,0.02280029347305457,0.023207099999808634
3.99996,0.023207099999808634,0.023017099999879064,0.022870226880857797,0.022747519580285126,0.023207099999808634
4.01996,0.023207099999808634,0.022829099999853497,0.02306763554517638,0.022877379720142824,0.023207099999808634
4.03996,0.024157099999911225,0.023209099999849058,0.023297577183041037,0.02328635407911549,0.023207099999808634
4.059959,0.021317099999805578,0.023399099999869576,0.023508691597830943,0.02357353356629338,0.024157099999911225
4.079959,0.024157099999911225,0.02377709999987019,0.02364403793165913,0.02365919790196669,0.024157099999911225
4.099959,0.024157099999911225,0.023397099999874625,0.02365894615415339,0.02368064312341342,0.024157099999911225
4.119959,0.02509709999981169,0.02377509999987524,0.023540480601415614,0.023780526573293263,0.024157099999911225
4.139959,0.022257099999933416,0.023585099999854718,0.023318983025854067,0.02327819557095532,0.023207099999808634
4.159958,0.023207099999808634,0.023205099999859157,0.023062390700096688,0.023133440326206203,0.023207099999808634
4.179958,0.023207099999808634,0.0222970999998779,0.022852497692525574,0.0226095708623386,0.022257099999933416
4.199958,0.022257099999933416,0.02267709999987346,0.022752449316090384,0.022761878554670916,0.023207099999808634
4.219958,0.020557099999905404,0.02282709999990402,0.02277979671756608,0.022657216550027233,0.023207099999808634
4.239958,0.024157099999911225,0.023017099999924538,0.0228979743786531,0.022997752680546837,0.02395709999996143
4.259957,0.02395709999996143,0.02282909999989897,0.023031258013082232,0.022887146619957676,0.02395709999996143
4.279957,0.024157099999911225,0.023359099999879618,0.023096030287976577,0.023103207226008622,0.02395709999996143
4.299957,0.021317099999805578,0.022979099999884057,0.02303247415075856,0.02320936107213614,0.023207099999808634
4.319957,0.023207099999808634,0.022829099999853497,0.02282342192981946,0.022985211887957678,0.023207099999808634
4.339957,0.022257099999933416,0.02226109999983237,0.022497485339609075,0.022440106992840415,0.022257099999933416
4.359957,0.023207099999808634,0.02226109999983237,0.022120665627615076,0.02203332377604965,0.022257099999933416
4.379956,0.021317099999805578,0.022033099999862315,0.02178015877252738,0.021852298135054397,0.022067099999958373
4.399956,0.021317099999805578,0.02169309999985671,0.02156185716587559,0.021700083682864375,0.021317099999805578
4.419956,0.022067099999958373,0.02146509999988666,0.02152460227300324,0.021380526573310576,0.021317099999805578
4.439956,0.020557099999905404,0.02146509999988666,0.02167810670373726,0.021266424009188684,0.021317099999805578
4.459955,0.022067099999958373,0.02184309999988727,0.021973409315010024,0.02195870839148273,0.022067099999958373
4.479955,0.021317099999805578,0.022071099999857326,0.022312809181017745,0.02253840536119006,0.022067099999958373
4.499955,0.023207099999808634,0.02313109999986409,0.022580294020468697,0.022992834265605333,0.023207099999808634
4.519955,0.023207099999808634,0.02279109999985849,0.02268420433652425,0.022440666433426005,0.023207099999808634
4.539955,0.025857099999939237,0.02279109999985849,0.022594655461697904,0.022555141957895,0.023207099999808634
4.559954,0.02036709999993036,0.021883099999877233,0.022356016936352956,0.02250476899752308,0.021317099999805578
4.579954,0.021317099999805578,0.022261099999877843,0.022065467434679336,0.02218148228425916,0.021317099999805578
4.599954,0.018667099999902348,0.02154109999987668,0.02182868230258189,0.02171190186468558,0.021317099999805578
4.619954,0.02509709999981169,0.02154109999987668,0.021717758721776642,0.02140642400922637,0.021317099999805578
4.639954,0.022257099999933416,0.021729099999902246,0.02175142011836314,0.02134826550106629,0.022257099999933416
4.659953,0.02036709999993036,0.022409099999913452,0.021899215744302772,0.022321925174723777,0.022257099999933416
4.679953,0.022257099999933416,0.02203109999991284,0.02209888675175931,0.02227952424233661,0.022257099999933416
4.699953,0.022067099999958373,0.022221099999887882,0.02227760750283628,0.022537799300598252,0.022257099999933416
4.719953,0.023207099999808634,0.022259099999882893,0.02237351545340553,0.02205399976678845,0.022257099999933416
4.739953,0.023207099999808634,0.022449099999857936,0.02235396009886543,0.022336727039485617,0.023207099999808634
4.759952,0.020557099999905404,0.022299099999827376,0.022224419256581807,0.022305025407750072,0.023207099999808634
4.779952,0.023207099999808634,0.021921099999826766,0.022024150607953187,0.022098055710766555,0.021317099999805578
4.799952,0.021317099999805578,0.021581099999821163,0.021810770959429085,0.0217835801862884,0.021317099999805578
4.819952,0.021317099999805578,0.021921099999826766,0.021640392985695034,0.021550363403108695,0.02150709999978062
4.839952,0.02150709999978062,0.02139109999984612,0.021550281005437117,0.02135595780871692,0.021317099999805578
4.859951,0.022257099999933416,0.02154109999987668,0.02154893112258229,0.0216642095569727,0.02150709999978062
4.879951,0.020557099999905404,0.02154109999987668,0.02161574255458338,0.02147726317002978,0.02150709999978062
4.899951,0.022067099999958373,0.021881099999882282,0.021709920201801947,0.021818265501043557,0.022067099999958373
4.919951,0.021317099999805578,0.02169309999985671,0.021786416196132887,0.021845654778419862,0.021317099999805578
4.939951,0.023207099999808634,0.022033099999862315,0.02181469205963038,0.021922577855347482,0.022067099999958373
4.95995,0.021317099999805578,0.021883099999831755,0.021793447988545562,0.021994023076768676,0.021317099999805578
4.97995,0.022257099999933416,0.022033099999862315,0.021753754823123285,0.021761971794717075,0.022067099999958373
4.99995,0.021317099999805578,0.021655099999861704,0.021746920469449423,0.021697612820360528,0.021317099999805578
5.01995,0.022067099999958373,0.021503099999881668,0.02182058447715683,0.02162677365954864,0.021317099999805578
5.03995,0.021317099999805578,0.021883099999877233,0.021992837291800186,0.021683440326243957,0.021317099999805578
5.059949,0.020557099999905404,0.02203309999990779,0.022236632253157463,0.02212831212112678,0.022067099999958373
5.079949,0.024157099999911225,0.022411099999908403,0.022484094170556374,0.02271908135188902,0.022067099999958373
5.099949,0.022067099999958373,0.022789099999909013,0.022651979456237762,0.022897379720188262,0.023207099999808634
5.119949,0.02395709999996143,0.02331909999988966,0.022678040709167308,0.022807752680535753,0.023207099999808634
5.139949,0.023207099999808634,0.022373099999867918,0.022550192634675146,0.022609291142054816,0.023207099999808634
5.159949,0.023207099999808634,0.02222309999983736,0.022312225744157272,0.02219521188795516,0.023207099999808634
5.179948,0.019427099999802522,0.021695099999806188,0.022041631246200934,0.021847076689797906,0.021317099999805578
5.199948,0.021317099999805578,0.021505099999831145,0.021811243052372264,0.021766400699119958,0.021317099999805578
5.219948,0.021317099999805578,0.021505099999831145,0.02165703046799936,0.021260619813349854,0.021317099999805578
5.239948,0.022257099999933416,0.021731099999851722,0.02157064254316649,0.021649384382132486,0.021317099999805578
5.259948,0.023207099999808634,0.021731099999851722,0.021518550477328008,0.021783650116389955,0.021317099999805578
5.279948,0.020557099999905404,0.02214709999984734,0.021472660962111798,0.02180544498819075,0.022257099999933416
5.299947,0.021317099999805578,0.021581099999821163,0.021432481129006968,0.021633673426417734,0.021317099999805578
5.319947,0.023397099999783677,0.021051099999840516,0.021427006361630117,0.02146260116532635,0.020557099999905404
5.339947,0.019427099999802522,0.021581099999821163,0.021496892814646618,0.02107278764551014,0.021317099999805578
5.359946,0.020557099999905404,0.021581099999821163,0.021667105103346105,0.021495141957879854,0.021317099999805578
5.379946,0.023207099999808634,0.021353099999851112,0.02192493230610654,0.02191378997652561,0.021317099999805578
5.399946,0.021317099999805578,0.022487099999852943,0.02221607585841533,0.022310176922916144,0.022257099999933416
5.419946,0.022257099999933416,0.02263909999983298,0.02246193728468432,0.022441995104743373,0.022257099999933416
5.439946,0.02509709999981169,0.02263909999983298,0.022589707393999254,0.022689291142036216,0.022257099999933416
5.459946,0.021317099999805578,0.022487099999852943,0.022560401406686394,0.02259933776207356,0.022257099999933416
5.479945,0.023207099999808634,0.022299099999827376,0.022381577028808483,0.022458615151355377,0.021317099999805578
5.499945,0.020557099999905404,0.021921099999826766,0.02210028402389778,0.022201249183979865,0.021317099999805578
5.519945,0.021317099999805578,0.021921099999826766,0.021782812718422823,0.021585981118683654,0.021317099999805578
5.539945,0.023207099999808634,0.02116509999982554,0.021493119017797904,0.02117535174807659,0.021317099999805578
5.559945,0.021317099999805578,0.021317099999805578,0.021278092125163288,0.021292787645506434,0.021317099999805578
5.579944,0.019427099999802522,0.021467099999836137,0.021160842037454875,0.021111925174649555,0.021317099999805578
5.599944,0.021317099999805578,0.021089099999835527,0.021140704247481355,0.021511925174662043,0.021317099999805578
5.619944,0.022067099999958373,0.021239099999866083,0.02120014583671796,0.021473230535998845,0.021317099999805578
5.639944,0.021317099999805578,0.021805099999892264,0.02131738302569036,0.021157053379850917,0.022067099999958373
5.659943,0.022067099999958373,0.021653099999912228,0.021478338143738725,0.02125999044280316,0.022067099999958373
5.679943,0.022257099999933416,0.021351099999901636,0.0216795050411382,0.021896587179401225,0.021317099999805578
5.699943,0.020557099999905404,0.021729099999902246,0.021918729886426923,0.021959780652567654,0.022067099999958373
5.719943,0.020557099999905404,0.02233509999987291,0.022180388267565163,0.022106633799395068,0.022257099999933416
5.739943,0.023207099999808634,0.02214709999984734,0.022427298304659605,0.022224489277267286,0.021317099999805578
5.759942,0.02509709999981169,0.022449099999857936,0.022607676015482973,0.022402228204979353,0.022067099999958373
5.779942,0.021317099999805578,0.02275109999986853,0.022673497512813712,0.022729291142049707,0.022067099999958373
5.799942,0.022067099999958373,0.02275109999986853,0.022598308482173507,0.022834162936943465,0.022067099999958373
5.819942,0.022067099999958373,0.022145099999897867,0.02238595321692655,0.022587193239979847,0.022067099999958373
5.839942,0.023207099999808634,0.02199309999991783,0.022070380646451185,0.02198577132856956,0.022067099999958373
5.859941,0.022067099999958373,0.02184309999988727,0.02170950745521781,0.021413486946284192,0.022067099999958373
5.879941,0.020557099999905404,0.02154109999987668,0.02137328520294243,0.021498988111795802,0.021317099999805578
5.899941,0.021317099999805578,0.020973099999901025,0.02112586733357615,0.021210876223671966,0.020557099999905404
5.919941,0.020557099999905404,0.020973099999901025,0.021006334937095583,0.021105165267949116,0.020557099999905404
5.939941,0.02036709999993036,0.021125099999881058,0.021016112096165707,0.020718708391504928,0.021317099999805578
5.95994,0.022067099999958373,0.021125099999881058,0.0211194034183471,0.02096483892760606,0.021317099999805578
5.97994,0.021317099999805578,0.02108709999988605,0.0212568719742593,0.021576144288917243,0.021317099999805578
5.99994,0.021317099999805578,0.021655099999861704,0.021366692563224935,0.021463650116437843,0.021317099999805578
6.01994,0.02036709999993036,0.021655099999861704,0.02140486893373251,0.021459687412463947,0.021317099999805578
6.03994,0.023207099999808634,0.021125099999881058,0.021358400485267628,0.021339267832036747,0.021317099999805578
6.059939,0.022067099999958373,0.021125099999881058,0.021247304704831788,0.02133052657328258,0.021317099999805578
6.079939,0.018667099999902348,0.0213150999998561,0.02111380666269117,0.02090654055931125,0.021317099999805578
6.099939,0.021317099999805578,0.02093709999985549,0.02100202815721802,0.020860619813381887,0.021317099999805578
6.119939,0.021317099999805578,0.020257099999844284,0.020937923488000477,0.020854792307534648,0.021317099999805578
6.139939,0.021317099999805578,0.02116509999982554,0.020920048062298812,0.020767263169990648,0.021317099999805578
6.159938,0.018667099999902348,0.02116509999982554,0.020925190722390543,0.021157542890261283,0.021317099999805578
6.179938,0.023207099999808634,0.02116509999982554,0.02092523775361222,0.02127560815833799,0.021317099999805578
6.199938,0.021317099999805578,0.020975099999850498,0.020906886069013825,0.020978079020812196,0.021317099999805578
6.219938,0.021317099999805578,0.021127099999830534,0.020883369648854646,0.020684745687487516,0.021317099999805578
6.239938,0.02036709999993036,0.020749099999829924,0.020889484712795007,0.020771016083748924,0.021317099999805578
6.259938,0.019427099999802522,0.020597099999849888,0.020960782658988788,0.021013463636193337,0.020557099999905404
6.279937,0.021317099999805578,0.020975099999850498,0.021109530171949244,0.020970713053465356,0.020557099999905404
6.299937,0.020557099999905404,0.021353099999851112,0.021313547118387528,0.02143945431221886,0.021317099999805578
6.319937,0.023207099999808634,0.02191909999987729,0.02152543159767372,0.02152103939381314,0.022257099999933416
6.339937,0.022257099999933416,0.021767099999897253,0.021695464614600483,0.021621528904324012,0.022257099999933416
6.359937,0.022257099999933416,0.021729099999902246,0.021792490520951915,0.021959547552362704,0.022257099999933416
6.379936,0.020557099999905404,0.021501099999932195,0.021810093905090578,0.021722158274971218,0.022067099999958373
6.399936,0.02036709999993036,0.02169109999990724,0.021757992694485216,0.021790573193383005,0.022067099999958373
6.419936,0.022067099999958373,0.021351099999901636,0.0216500777131236,0.021426796969625274,0.020557099999905404
6.439935,0.023207099999808634,0.021653099999912228,0.02150067140992325,0.021599127971943598,0.022067099999958373
6.459935,0.020557099999905404,0.021653099999912228,0.021329820182916355,0.021476051048848276,0.022067099999958373
6.479935,0.022067099999958373,0.021503099999881668,0.021168186683532465,0.021194232867026104,0.021317099999805578
6.499935,0.02036709999993036,0.020747099999880447,0.021052223551001854,0.02109164545442581,0.020557099999905404
6.519935,0.021317099999805578,0.020747099999880447,0.021009132861497942,0.020915794638554155,0.020557099999905404
6.539935,0.019427099999802522,0.020975099999850498,0.02104015571904117,0.02073493216768615,0.020557099999905404
6.559934,0.020557099999905404,0.02116509999982554,0.021113987591349102,0.021241878554625702,0.021317099999805578
6.579934,0.023207099999808634,0.02101309999984551,0.021177700998562712,0.021108055710799933,0.020557099999905404
6.599934,0.021317099999805578,0.021579099999871686,0.021181915001128503,0.021339058041798867,0.021317099999805578
6.619934,0.020557099999905404,0.021353099999851112,0.021106731791253917,0.02136455920732363,0.021317099999805578
6.639934,0.022257099999933416,0.020975099999850498,0.020973599899465598,0.021192647785414284,0.021317099999805578
6.659934,0.019427099999802522,0.020785099999875455,0.020836775941951685,0.020585002097759368,0.020557099999905404
6.679933,0.021317099999805578,0.02055909999985488,0.02075915745327188,0.020252717715477042,0.02036709999993036
6.699933,0.02036709999993036,0.020371099999829313,0.020784253530290543,0.02091852191126818,0.02036709999993036
6.719933,0.019427099999802522,0.021127099999830534,0.02091734973639256,0.021086820279544446,0.021317099999805578
6.739933,0.021317099999805578,0.021505099999831145,0.021125042239361277,0.02107703006973443,0.021317099999805578
6.759933,0.023207099999808634,0.021317099999805578,0.02135363192332459,0.021552181584903206,0.021317099999805578
6.779932,0.023207099999808634,0.021695099999806188,0.021555775217436953,0.02143323053595196,0.021317099999805578
6.799932,0.019427099999802522,0.021883099999831755,0.0217087674161021,0.021829967132683314,0.022257099999933416
6.819932,0.021317099999805578,0.021505099999831145,0.021814373995252233,0.02182276433549552,0.021317099999805578
6.839932,0.022257099999933416,0.021505099999831145,0.02188515327308856,0.02178525850799111,0.021317099999805578
6.859931,0.021317099999805578,0.021883099999831755,0.021931293322839163,0.0217522748250059,0.021317099999805578
6.879931,0.023207099999808634,0.02226109999983237,0.0219574647642682,0.021887239859956137,0.022257099999933416
6.899931,0.021317099999805578,0.0220730999998068,0.02196821603690456,0.022331971794694677,0.021317099999805578
6.919931,0.023207099999808634,0.0220730999998068,0.021973727843575062,0.02197071305343535,0.021317099999805578
6.939931,0.021317099999805578,0.021883099999831755,0.021988768733565277,0.02199297412569057,0.021317099999805578
6.959931,0.021317099999805578,0.021883099999831755,0.022023808903758886,0.02186409300682638,0.021317099999805578
6.97993,0.022257099999933416,0.021883099999831755,0.022074016301253142,0.02183204172476115,0.021317099999805578
6.99993,0.021317099999805578,0.021883099999831755,0.022114789253684645,0.022298545221277766,0.021317099999805578
7.01993,0.023207099999808634,0.022299099999827376,0.022109184258429837,0.02201066643339227,0.022257099999933416
7.03993,0.021317099999805578,0.02226109999983237,0.022025080071802487,0.022291971794714576,0.022067099999958373
7.05993,0.023397099999783677,0.021883099999831755,0.02185316146456022,0.021952461305210606,0.022067099999958373
7.079929,0.022067099999958373,0.021655099999861704,0.02161493644214595,0.02156758951033371,0.022067099999958373
7.099929,0.019427099999802522,0.021277099999861094,0.021354504846791862,0.021443533566295234,0.022067099999958373
7.119929,0.022067099999958373,0.020861099999865473,0.02111711302224164,0.02076989720264718,0.021317099999805578
7.139929,0.019427099999802522,0.020673099999839906,0.02092627794787269,0.020842344755101033,0.021127099999830534
7.159929,0.021317099999805578,0.020673099999839906,0.020772940029387878,0.020430573193324975,0.021127099999830534
7.179928,0.021127099999830534,0.020711099999834913,0.020623289574667168,0.020852507925241192,0.021127099999830534
7.199928,0.019427099999802522,0.020711099999834913,0.02044162207049186,0.020827659440397144,0.021127099999830534
7.219928,0.022257099999933416,0.020711099999834913,0.02021686977723952,0.020386027738747294,0.021127099999830534
7.239928,0.019427099999802522,0.0199930999998287,0.01997913991402418,0.020019850582571372,0.019427099999802522
7.259927,0.021317099999805578,0.0199930999998287,0.019795925547867455,0.019678591841318788,0.019427099999802522
7.279927,0.017537099999799466,0.019389099999807514,0.019746369146363987,0.019689431002162385,0.019427099999802522
7.299927,0.019427099999802522,0.019955099999833692,0.019883947853009,0.019735165267898844,0.019427099999802522
7.319927,0.01923709999982748,0.019917099999838685,0.02020670490449411,0.019982158274885184,0.019427099999802522
7.339926,0.022257099999933416,0.020673099999839906,0.020651967679831254,0.02079218158491399,0.021127099999830534
7.359926,0.021127099999830534,0.021429099999841127,0.021118890750144382,0.021063207225938005,0.021317099999805578
7.379926,0.021317099999805578,0.021845099999836748,0.02150663920896237,0.021807146619893917,0.021317099999805578
7.399926,0.023207099999808634,0.021505099999831145,0.02174936422994723,0.02178530512804768,0.021317099999805578
7.419926,0.021317099999805578,0.021731099999851722,0.021833522189650317,0.021884046386798812,0.021317099999805578
7.439925,0.020557099999905404,0.021731099999851722,0.0217933103922247,0.021819617482372516,0.021317099999805578
7.459925,0.022257099999933416,0.02154109999987668,0.021690150622827656,0.021463090675848017,0.021317099999805578
7.479925,0.021317099999805578,0.02154109999987668,0.021587649962552188,0.021401225873987823,0.021317099999805578
7.499925,0.022257099999933416,0.0213150999998561,0.0215318602075541,0.021346330769099343,0.021317099999805578
7.519925,0.021317099999805578,0.021655099999861704,0.021540893951826446,0.021808545221323965,0.021317099999805578
7.539925,0.019427099999802522,0.021805099999892264,0.02160406216329463,0.02185423286702612,0.022067099999958373
7.559924,0.02395709999996143,0.021767099999897253,0.021690042386272652,0.021619361072155292,0.022067099999958373
7.579924,0.022067099999958373,0.02157709999992221,0.021761852372485523,0.021556540559363534,0.022067099999958373
7.599924,0.022067099999958373,0.021955099999922824,0.021792050683455962,0.0217657713285844,0.022067099999958373
7.619924,0.02036709999993036,0.02157709999992221,0.02177035458412116,0.02199686689968535,0.022067099999958373
7.639924,0.021317099999805578,0.021805099999892264,0.02170198158408176,0.021895584848401956,0.022067099999958373
7.659924,0.022067099999958373,0.021503099999881668,0.021602449593537076,0.021278475291255122,0.021317099999805578
7.679923,0.023207099999808634,0.021503099999881668,0.021494354068725654,0.02142553822832042,0.021317099999805578
7.699923,0.020557099999905404,0.021503099999881668,0.021404931432364254,0.02137929114206183,0.021317099999805578
7.719923,0.02036709999993036,0.021503099999881668,0.021359874958272,0.021572181584965603,0.021317099999805578
7.739923,0.021317099999805578,0.021125099999881058,0.021373634874710837,0.021461692074484742,0.021317099999805578
7.759922,0.022067099999958373,0.02146509999988666,0.02144253151799592,0.021211249184024374,0.021317099999805578
7.779922,0.021317099999805578,0.021655099999861704,0.021546101371374846,0.02149539836816318,0.021317099999805578
7.799922,0.022257099999933416,0.021655099999861704,0.02165556257996819,0.021850503263257166,0.021317099999805578
7.819922,0.021317099999805578,0.021883099999831755,0.02174379256403027,0.021705748018496916,0.021317099999805578
7.839921,0.021317099999805578,0.02169309999985671,0.02179218136655788,0.02174094615369629,0.021317099999805578
7.859921,0.023207099999808634,0.021505099999831145,0.021793193310428872,0.021830223542944376,0.021317099999805578
7.879921,0.02036709999993036,0.021883099999831755,0.02174971278983659,0.02179385990659782,0.021317099999805578
7.899921,0.021317099999805578,0.021883099999831755,0.021672736222099313,0.02162882494155817,0.021317099999805578
7.919921,0.023207099999808634,0.0213150999998561,0.02157869070022888,0.021534512587246486,0.021317099999805578
7.939921,0.021317099999805578,0.021505099999831145,0.021486477090732065,0.021459104661851393,0.021317099999805578
7.95992,0.02036709999993036,0.021505099999831145,0.0214130384731682,0.021259454312191534,0.021317099999805578
7.97992,0.021317099999805578,0.021277099999861094,0.021367630174888616,0.021620736363473583,0.021317099999805578
7.99992,0.021317099999805578,0.021277099999861094,0.02134832037994077,0.021566400699174933,0.021317099999805578
8.01992,0.022067099999958373,0.021617099999866697,0.02134427704604478,0.021041598834385764,0.021317099999805578
8.03992,0.021317099999805578,0.021427099999891654,0.02134251734486561,0.021283883216671125,0.021317099999805578
8.059919,0.022067099999958373,0.02104909999989104,0.021333428152390636,0.021376890209665902,0.021317099999805578
8.079919,0.02036709999993036,0.021277099999861094,0.021310690872176127,0.02134148228425091,0.021317099999805578
8.099919,0.019427099999802522,0.021277099999861094,0.021267284685836527,0.021388079020839182,0.021317099999805578
8.119919,0.023207099999808634,0.021127099999830534,0.021194004013098993,0.021162437995166285,0.021317099999805578
8.139919,0.021317099999805578,0.02116509999982554,0.021084670456883937,0.020965468298208403,0.021317099999805578
8.159919,0.021317099999805578,0.02116509999982554,0.02094422223910811,0.020873859906576895,0.021317099999805578
8.179918,0.020557099999905404,0.020597099999849888,0.020791068898422027,0.02085054988328809,0.020557099999905404
8.199918,0.019427099999802522,0.020597099999849888,0.02064977633252137,0.02077071305346468,0.020557099999905404
8.219918,0.02036709999993036,0.020407099999874844,0.02053946902995993,0.020454978787748452,0.02036709999993036
8.239918,0.021317099999805578,0.02055909999985488,0.02046730566205169,0.020584652447429682,0.02036709999993036
8.259917,0.02036709999993036,0.020747099999880447,0.02043125545211925,0.02030819557095581,0.02036709999993036
8.279917,0.021317099999805578,0.02055909999985488,0.020427724545787552,0.020389664102425358,0.02036709999993036
8.299917,0.02036709999993036,0.02018109999985427,0.020455724068885052,0.020508755011524056,0.02036709999993036
8.319917,0.019427099999802522,0.02052109999985987,0.020513447201633124,0.020630433333189323,0.02036709999993036
8.339917,0.019427099999802522,0.02052109999985987,0.020591287207672147,0.020489407692164632,0.02036709999993036
8.359916,0.022067099999958373,0.020711099999834913,0.020669869922293166,0.020745678088416597,0.021317099999805578
8.379916,0.021317099999805578,0.020711099999834913,0.020727545677894813,0.020602554545291352,0.021317099999805578
8.399916,0.021317099999805578,0.021089099999835527,0.020752275121831483,0.02072003706275551,0.021317099999805578
8.419916,0.019427099999802522,0.020561099999804357,0.02074789812078889,0.020816890209610583,0.021317099999805578
8.439916,0.021317099999805578,0.020561099999804357,0.020729896143109817,0.02083101608371351,0.021317099999805578
8.459915,0.019427099999802522,0.020561099999804357,0.020715223744176486,0.020601925174611103,0.021317099999805578
8.479915,0.021317099999805578,0.020939099999804967,0.02071501457099746,0.020639803962523573,0.021317099999805578
8.499915,0.021317099999805578,0.020749099999829924,0.02073498095969058,0.020806493939220946,0.021317099999805578
8.519915,0.021317099999805578,0.020975099999850498,0.020780746636317977,0.020878778321515752,0.021317099999805578
8.539915,0.02036709999993036,0.020975099999850498,0.02086096113734569,0.020810386713137813,0.021317099999805578
8.559914,0.020557099999905404,0.020823099999870465,0.0209834906118209,0.02112192517470858,0.020557099999905404
8.579914,0.021317099999805578,0.021011099999896032,0.021146779901446058,0.021078848251651378,0.020557099999905404
8.599914,0.020557099999905404,0.021351099999901636,0.021333235532764623,0.021185491608283064,0.021317099999805578
8.619914,0.022257099999933416,0.021503099999881668,0.021510326720215394,0.02160609766889305,0.021317099999805578
8.639914,0.022067099999958373,0.02154109999987668,0.021639757455192084,0.021507519580300963,0.02150709999978062
8.659913,0.021317099999805578,0.02184309999988727,0.021690041742268584,0.021525724708491394,0.022067099999958373
8.679913,0.02150709999978062,0.021277099999861094,0.021646635993919035,0.021772647785420703,0.02150709999978062
8.699913,0.022067099999958373,0.021505099999831145,0.021516589771509758,0.021819594172349792,0.02150709999978062
8.719913,0.019427099999802522,0.02169309999985671,0.021328234959075733,0.021327030069774235,0.022067099999958373
8.739913,0.023207099999808634,0.021277099999861094,0.02112732378988348,0.02116630745903817,0.022067099999958373
8.759912,0.022257099999933416,0.020749099999829924,0.020968794409225916,0.02081050326325142,0.019427099999802522
8.779912,0.019427099999802522,0.021127099999830534,0.02090148513350343,0.020810619813365024,0.021317099999805578
8.799912,0.019427099999802522,0.020597099999849888,0.020946908796094933,0.020790106992825023,0.020557099999905404
8.819912,0.021317099999805578,0.02078709999982493,0.02108214084953808,0.021176377389109706,0.020557099999905404
8.839911,0.020557099999905404,0.02116509999982554,0.021241068364682966,0.02113185524459927,0.021317099999805578
8.859911,0.023207099999808634,0.021731099999851722,0.0213395983674824,0.021440200232945936,0.021317099999805578
8.879911,0.021317099999805578,0.021579099999871686,0.021314374952627047,0.021512204894968086,0.021317099999805578
8.899911,0.022257099999933416,0.021353099999851112,0.021154312736817622,0.021250106992868875,0.021317099999805578
8.919911,0.020557099999905404,0.020597099999849888,0.020907402927197158,0.02091110932385364,0.020557099999905404
8.939911,0.019427099999802522,0.020597099999849888,0.020659206800475626,0.020803393706132253,0.020557099999905404
8.95991,0.019427099999802522,0.02040909999982432,0.02049522821336959,0.020094302797046024,0.020557099999905404
8.97991,0.021317099999805578,0.02040909999982432,0.020467131989901653,0.02030838205111532,0.020557099999905404
8.99991,0.021317099999805578,0.02040909999982432,0.020577830967287623,0.020402554545257287,0.020557099999905404
9.01991,0.020557099999905404,0.02116509999982554,0.0207876159689026,0.02093936107208176,0.021317099999805578
9.03991,0.019427099999802522,0.02116509999982554,0.021033577004053547,0.021421855244585782,0.021317099999805578
9.059909,0.023207099999808634,0.0213150999998561,0.021253015015594658,0.021634792307541742,0.021317099999805578
9.079909,0.021317099999805578,0.021467099999836137,0.021403641427411305,0.021156400699159077,0.021317099999805578
9.099909,0.022067099999958373,0.021655099999861704,0.02147385187942027,0.021259897202656627,0.021317099999805578
9.119909,0.021317099999805578,0.020899099999860483,0.021477933175901156,0.021322834265573125,0.021317099999805578
9.139909,0.02036709999993036,0.021277099999861094,0.021438086128999542,0.021547146619906393,0.021317099999805578
9.159908,0.019427099999802522,0.021127099999830534,0.021364525690249835,0.021128428671181348,0.021317099999805578
9.179908,0.023207099999808634,0.021277099999861094,0.02124812207943746,0.02127150559426115,0.021317099999805578
9.199908,0.021317099999805578,0.021089099999835527,0.021072004355196124,0.020948079020824337,0.021317099999805578
9.219908,0.022067099999958373,0.0213150999998561,0.02083406901821293,0.021035351748107278,0.021317099999805578
9.239908,0.019427099999802522,0.02055909999985488,0.02056362239736088,0.02097192517466912,0.020557099999905404
9.259907,0.020557099999905404,0.02055909999985488,0.020320024956222753,0.020425794638533574,0.020557099999905404
9.279907,0.019427099999802522,0.02003109999982371,0.020173908850358534,0.019833533566264182,0.019427099999802522
9.299907,0.021317099999805578,0.02003109999982371,0.020181039902781934,0.020088755011493695,0.019427099999802522
9.319907,0.019427099999802522,0.020371099999829313,0.020360213334960645,0.020318009090744025,0.019427099999802522
9.339907,0.019427099999802522,0.02093709999985549,0.020683176534699508,0.020680386713138488,0.021317099999805578
9.359906,0.022257099999933416,0.02093709999985549,0.021080585320425328,0.0210858878786356,0.021317099999805578
9.379906,0.022257099999933416,0.0213150999998561,0.021462939696706505,0.021550782983539934,0.021317099999805578
9.399906,0.021317099999805578,0.022071099999857326,0.02174882075230487,0.021722834265585605,0.022257099999933416
9.419906,0.021317099999805578,0.021883099999831755,0.021889022142822744,0.022117496270227993,0.021317099999805578
9.439906,0.023207099999808634,0.021695099999806188,0.02187807257041037,0.022047706060420003,0.021317099999805578
9.459905,0.021317099999805578,0.021695099999806188,0.02175085509138618,0.02137152890423969,0.021317099999805578
9.479905,0.021317099999805578,0.021543099999826155,0.021566709710038014,0.02144190186461571,0.021317099999805578
9.499905,0.021317099999805578,0.020975099999850498,0.021386684698602932,0.021320316783052455,0.021317099999805578
9.519905,0.020557099999905404,0.021353099999851112,0.021252572843583145,0.021235351748119084,0.021317099999805578
9.539905,0.02036709999993036,0.02116309999987607,0.02117675258663441,0.021265398368185775,0.020557099999905404
9.559904,0.023207099999808634,0.021313099999906625,0.021147214901151068,0.021217030069815044,0.020557099999905404
9.579904,0.02036709999993036,0.02146509999988666,0.02114385252379448,0.02123206503485975,0.021317099999805578
9.599904,0.022067099999958373,0.021277099999861094,0.021155296056725652,0.02133348694626834,0.021317099999805578
9.619904,0.021317099999805578,0.02108709999988605,0.021185709302559877,0.021155421678193655,0.021317099999805578
9.639904,0.019427099999802522,0.021277099999861094,0.021248389072048887,0.020991785314539536,0.021317099999805578
9.659903,0.022257099999933416,0.020975099999850498,0.02135217650965885,0.021326027738797222,0.021317099999805578
9.679903,0.021317099999805578,0.021353099999851112,0.021490942868476002,0.02167891818167705,0.021317099999805578
9.699903,0.020557099999905404,0.022259099999882893,0.021643312939199844,0.021575794638543033,0.022257099999933416
9.719903,0.023207099999808634,0.02169309999985671,0.02178230941758161,0.021691202563973874,0.021317099999805578
9.739902,0.02395709999996143,0.02169309999985671,0.021887752681262522,0.022120713053474815,0.021317099999805578
9.759902,0.019427099999802522,0.022033099999862315,0.02195208515344204,0.021839291142038905,0.022257099999933416
9.779902,0.021317099999805578,0.022033099999862315,0.02197550693936549,0.022043137295899875,0.022257099999933416
9.799902,0.022257099999933416,0.021353099999851112,0.021956207084488182,0.021752018414789357,0.021317099999805578
9.819902,0.023207099999808634,0.02191909999987729,0.021886150169184944,0.021624046386822422,0.022257099999933416
9.839901,0.020557099999905404,0.021767099999897253,0.02175680177066852,0.021817822610600723,0.022257099999933416
9.859901,0.022257099999933416,0.021957099999872297,0.021569945466192588,0.022118475291271325,0.022257099999933416
9.879901,0.020557099999905404,0.021427099999891654,0.021345832439068894,0.02138537505815106,0.020557099999905404
9.899901,0.023207099999808634,0.021201099999871076,0.021123461465611514,0.020899920512677177,0.020557099999905404
9.919901,0.020557099999905404,0.0206350999998449,0.020950681312647813,0.020748964801737414,0.020557099999905404
9.9399,0.019427099999802522,0.02093909999985044,0.020865439749640245,0.020915841258603837,0.020557099999905404
9.9599,0.019427099999802522,0.02071309999987534,0.02087611884319878,0.020881645454394727,0.020557099999905404
9.9799,0.022077099999933125,0.020865099999855374,0.020953848594566796,0.021034162936914576,0.021317099999805578
9.9999,0.022077099999933125,0.021243099999855984,0.021044752410976156,0.020898848251610272,0.021317099999805578
10.0199,0.021317099999805578,0.021433099999876505,0.02109626167424348,0.02107516526792734,0.021317099999805578
10.0399,0.021317099999805578,0.021093099999870902,0.021081287760736072,0.021401575524363094,0.021317099999805578
10.059899,0.020377099999905113,0.020789099999865356,0.021006697762834686,0.021126074358862656,0.020557099999905404
10.079899,0.020377099999905113,0.020979099999885877,0.020904478055017953,0.020764116316881416,0.020557099999905404
10.099899,0.020557099999905404,0.020601099999885263,0.020814254576158597,0.020626493939266768,0.020377099999905113
10.119899,0.02226709999990817,0.020789099999865356,0.020767669110054118,0.020590037062810776,0.020557099999905404
10.139899,0.019427099999802522,0.020825099999865416,0.02077996896136165,0.020928941491713395,0.020557099999905404
10.159899,0.021317099999805578,0.02097709999984545,0.020848509842263028,0.020831412354167612,0.021317099999805578
10.179898,0.020557099999905404,0.02097709999984545,0.020956180097754955,0.02107819557093356,0.021317099999805578
10.199898,0.021317099999805578,0.02097709999984545,0.02107842494398225,0.02111807902081967,0.021317099999805578
10.219898,0.02226709999990817,0.021355099999846062,0.021191961773077642,0.021192321445057498,0.021317099999805578
10.239897,0.019427099999802522,0.021355099999846062,0.021281727375933708,0.02134383659658232,0.021317099999805578
10.259897,0.023207099999808634,0.021355099999846062,0.021342928400831476,0.02133292750567533,0.021317099999805578
10.279897,0.020557099999905404,0.02101309999984551,0.02137761630382224,0.021345981118738387,0.020557099999905404
10.299897,0.021317099999805578,0.021581099999866637,0.02138788507192832,0.021224396037169836,0.021317099999805578
10.319897,0.020557099999905404,0.02105109999988599,0.021369576734359762,0.02117544498821517,0.020557099999905404
10.339897,0.02226709999990817,0.021203099999866026,0.02131097253832806,0.021495468298245127,0.021317099999805578
10.359896,0.020557099999905404,0.021203099999866026,0.02119898013272161,0.02100901142177568,0.021317099999805578
10.379896,0.021317099999805578,0.021355099999846062,0.021030849437015494,0.02127166876441225,0.021317099999805578
10.399896,0.021317099999805578,0.02078709999982493,0.020825424880825883,0.021011598834324234,0.021317099999805578
10.419896,0.021317099999805578,0.020939099999804967,0.020626878538341574,0.020739221211932033,0.021317099999805578
10.439895,0.019427099999802522,0.020561099999804357,0.020496194790617248,0.02027034009304804,0.021317099999805578
10.459895,0.021317099999805578,0.020373099999824264,0.02049107179694137,0.020529197901910035,0.020377099999905113
10.479895,0.019427099999802522,0.020373099999824264,0.020641541483346047,0.020472204894928948,0.020377099999905113
10.499895,0.020377099999905113,0.021129099999825485,0.020932668651621987,0.020838032400747622,0.021317099999805578
10.519895,0.021317099999805578,0.021129099999825485,0.021304081409283367,0.021527869230597643,0.021317099999805578
10.539895,0.023207099999808634,0.021885099999826706,0.02166857902899463,0.02180127249399752,0.021317099999805578
10.559894,0.021317099999805578,0.02222509999983231,0.02194190939742854,0.021785794638525882,0.022077099999933125
10.579894,0.023207099999808634,0.0218470999998317,0.022069387603721447,0.022015048717788935,0.022077099999933125
10.599894,0.022077099999933125,0.021621099999856598,0.022037404648309354,0.0221457013984589,0.022077099999933125
10.619894,0.019427099999802522,0.021811099999877116,0.021867654690361674,0.0218406198133939,0.022077099999933125
10.639894,0.022077099999933125,0.021623099999897023,0.02160220747127918,0.021549803962594656,0.022077099999933125
10.659893,0.02226709999990817,0.021093099999870902,0.021290775015384324,0.021241039393833712,0.022077099999933125
10.679893,0.02226709999990817,0.021319099999891476,0.020984942238988454,0.020799780652565422,0.022077099999933125
10.699893,0.019427099999802522,0.020789099999865356,0.02073452368012421,0.020785538228301183,0.020557099999905404
10.719893,0.020557099999905404,0.020599099999844838,0.02057950079322668,0.020907845920592645,0.020557099999905404
10.739892,0.019427099999802522,0.02040909999982432,0.02053869105380964,0.02058957086228851,0.020557099999905404
10.759892,0.021317099999805578,0.02078709999982493,0.020603283493709063,0.020410340093054445,0.021317099999805578
10.779892,0.021317099999805578,0.02078709999982493,0.020741249086973897,0.02061185524459401,0.021317099999805578
10.799892,0.021317099999805578,0.020975099999850498,0.02091020620001944,0.021041225873988833,0.021317099999805578
10.819892,0.020557099999905404,0.021125099999881058,0.021070656550683294,0.021181948484707017,0.021317099999805578
10.839892,0.02036709999993036,0.021125099999881058,0.02119357165700389,0.021197775990546508,0.021317099999805578
10.859891,0.022067099999958373,0.021125099999881058,0.021262554704984483,0.021166004428787317,0.021317099999805578
10.879891,0.021317099999805578,0.021125099999881058,0.021274079934006127,0.021171948484748168,0.021317099999805578
10.899891,0.021317099999805578,0.02146509999988666,0.021237352442555663,0.02137682027962,0.021317099999805578
10.919891,0.020557099999905404,0.02116309999987607,0.021172397530707744,0.02120222820499755,0.021317099999805578
10.939891,0.022067099999958373,0.02116309999987607,0.0211050096824743,0.02101353356629489,0.021317099999805578
10.95989,0.020557099999905404,0.020785099999875455,0.02105913607944775,0.02091376666654402,0.020557099999905404
10.97989,0.021317099999805578,0.02108709999988605,0.02104877604779658,0.021200596503395938,0.021317099999805578
10.99989,0.019427099999802522,0.021125099999881058,0.021072537563960953,0.02112612097890969,0.021317099999805578
11.01989,0.022067099999958373,0.021277099999861094,0.021114421703312083,0.021113883216647176,0.021317099999805578
11.03989,0.022257099999933416,0.02093709999985549,0.021151904986672937,0.020939734032467558,0.021317099999805578
11.059889,0.021317099999805578,0.0213150999998561,0.021166959308826106,0.021238358741094636,0.021317099999805578
11.079889,0.019617099999777565,0.02116509999982554,0.02115277094713516,0.02137246130521532,0.021317099999805578
11.099889,0.021317099999805578,0.021127099999830534,0.021113021482439015,0.021258009090760564,0.021317099999805578
11.119889,0.021317099999805578,0.020975099999850498,0.021057250362027435,0.020831225873962522,0.021317099999805578
11.139889,0.022067099999958373,0.02093709999985549,0.020996942592524295,0.020766657109399893,0.021317099999805578
11.159888,0.020557099999905404,0.02093709999985549,0.020942601443779876,0.020980270163014764,0.021317099999805578
11.179888,0.019427099999802522,0.02093709999985549,0.020899860472795354,0.02108332377606949,0.021317099999805578
11.199888,0.021317099999805578,0.02078709999982493,0.020866009604582333,0.02085211165485493,0.021317099999805578
11.219888,0.021317099999805578,0.020749099999829924,0.020831329997341122,0.020688265501018585,0.021317099999805578
11.239887,0.021317099999805578,0.020975099999850498,0.020786513029300777,0.020820759673504725,0.021317099999805578
11.259887,0.02036709999993036,0.020823099999870465,0.020731265905043365,0.02091670372945141,0.020557099999905404
11.279887,0.020557099999905404,0.020861099999865473,0.02067748644345014,0.02086775268051265,0.020557099999905404
11.299887,0.020557099999905404,0.020483099999864862,0.020644672802962675,0.020338545221317873,0.020557099999905404
11.319887,0.02150709999978062,0.02052109999985987,0.020650351863315323,0.020521202563968804,0.020557099999905404
11.339887,0.019427099999802522,0.02052109999985987,0.020700340542227844,0.02080754289031018,0.020557099999905404
11.359886,0.020557099999905404,0.021051099999840516,0.02078353579702106,0.02084332377607758,0.020557099999905404
11.379886,0.020557099999905404,0.020861099999865473,0.020874917863736277,0.02076500209774217,0.020557099999905404
11.399886,0.023207099999808634,0.020861099999865473,0.02094689730410928,0.020875002097757014,0.020557099999905404
11.419886,0.020557099999905404,0.02101309999984551,0.020983067814537015,0.021139174591945187,0.020557099999905404
11.439886,0.019427099999802522,0.0213150999998561,0.020985512154519454,0.021305584848336515,0.021317099999805578
11.459885,0.021317099999805578,0.02093709999985549,0.020971617351178445,0.020999547552294898,0.021317099999805578
11.479885,0.022067099999958373,0.020711099999834913,0.020963948488516175,0.020729827272565525,0.021317099999805578
11.499885,0.021317099999805578,0.020899099999860483,0.020978759721784163,0.020509547552296576,0.021317099999805578
11.519885,0.019427099999802522,0.020899099999860483,0.021016103323124688,0.02113898811175229,0.021317099999805578
11.539885,0.02036709999993036,0.020899099999860483,0.02105457209000887,0.021242577855351857,0.021317099999805578
11.559884,0.021317099999805578,0.02108709999988605,0.021056319233471392,0.02099087622365341,0.021317099999805578
11.579884,0.022067099999958373,0.02108709999988605,0.02098516447309213,0.020988405361189316,0.021317099999805578
11.599884,0.022257099999933416,0.02108709999988605,0.020830495095942737,0.021119734032528273,0.021317099999805578
11.619884,0.019427099999802522,0.020935099999906014,0.02062180147392942,0.020648079020878972,0.020557099999905404
11.639884,0.02036709999993036,0.020407099999874844,0.020422412582287736,0.020290410023185487,0.02036709999993036
11.659884,0.020557099999905404,0.019651099999873623,0.020304036330767748,0.020244023076801704,0.019427099999802522
11.679883,0.019427099999802522,0.020407099999874844,0.020315305666048743,0.020270946153712457,0.02036709999993036
11.699883,0.018477099999927304,0.020747099999880447,0.020460370326048357,0.020377030069821105,0.020557099999905404
11.719883,0.023207099999808634,0.02070909999988544,0.020697863626938845,0.02081045664326163,0.02036709999993036
11.739883,0.022067099999958373,0.020897099999911007,0.020959340095730132,0.02100036340314579,0.02036709999993036
11.759882,0.02036709999993036,0.021503099999881668,0.02117504574278155,0.02119607435885447,0.02150709999978062
11.779882,0.02036709999993036,0.021125099999881058,0.02129252568537806,0.021211925174705548,0.021317099999805578
11.799882,0.02150709999978062,0.020823099999870465,0.021282756016264528,0.021509337762117733,0.020557099999905404
11.819882,0.021317099999805578,0.020861099999865473,0.021139231264870297,0.020723207225990282,0.020557099999905404
11.839882,0.020557099999905404,0.021239099999866083,0.02087724542512716,0.020858708391463105,0.021317099999805578
11.859881,0.020557099999905404,0.020445099999869855,0.020534901085118712,0.02080929114204766,0.020557099999905404
11.879881,0.022257099999933416,0.020407099999874844,0.02017190144435078,0.020207193239967332,0.020557099999905404
11.899881,0.017537099999799466,0.019991099999879226,0.019861036816601833,0.019814768997550698,0.020557099999905404
11.919881,0.021127099999830534,0.019613099999878612,0.019670769707666957,0.019592601165385685,0.018667099999902348
11.939881,0.018477099999927304,0.019425099999853045,0.019643740050447958,0.019674442657207643,0.018667099999902348
11.959881,0.018667099999902348,0.019991099999879226,0.019780991114197944,0.019707752680522078,0.02036709999993036
11.97988,0.021317099999805578,0.020029099999874234,0.02004092000610282,0.019899803962574493,0.02036709999993036
11.99988,0.02036709999993036,0.020445099999869855,0.020354968596292062,0.020752088344865263,0.020557099999905404
12.01988,0.021317099999805578,0.020975099999850498,0.020652833304509698,0.02062719323995317,0.021317099999805578
12.03988,0.020557099999905404,0.020975099999850498,0.020884724806759354,0.02097957086231087,0.021317099999805578
12.059879,0.021317099999805578,0.02078709999982493,0.021030762738179894,0.021057006759727225,0.021317099999805578
12.079879,0.021317099999805578,0.02078709999982493,0.02109551442813727,0.0208084053611286,0.021317099999805578
12.099879,0.019427099999802522,0.020977099999799975,0.021093464427280623,0.02094316060586322,0.021317099999805578
12.119879,0.021317099999805578,0.020825099999819942,0.021035287415334482,0.020893883216595233,0.021317099999805578
12.139879,0.02150709999978062,0.020825099999819942,0.020923586870412562,0.021111925174638425,0.021317099999805578
12.159878,0.020557099999905404,0.021051099999840516,0.020760145425653763,0.02090162214437239,0.021317099999805578
12.17988,0.021317099999805578,0.020899099999860483,0.0205584194896221,0.02062099277375352,0.020557099999905404
12.199878,0.020557099999905404,0.02029309999988982,0.02035101625017812,0.020241295804076548,0.020557099999905404
12.219878,0.020557099999905404,0.02006709999986924,0.02018486284487954,0.020196890209679713,0.020557099999905404
12.239877,0.018477099999927304,0.019915099999889208,0.02010458523869829,0.020245468298254937,0.020557099999905404
12.259877,0.019427099999802522,0.020445099999869855,0.020132925140433685,0.020154186246952657,0.020557099999905404
12.279877,0.020557099999905404,0.020219099999849277,0.020260265872493792,0.020190643123390098,0.019427099999802522
12.299877,0.023207099999808634,0.02040909999982432,0.02044937899677799,0.02025602773874797,0.019427099999802522
12.319877,0.019427099999802522,0.02078709999982493,0.020650097423658833,0.020531412354143276,0.020557099999905404
12.339877,0.019427099999802522,0.020749099999829924,0.02081302465880317,0.020982647785380025,0.02036709999993036
12.359876,0.021317099999805578,0.02052109999985987,0.020897400748450635,0.021116820279570462,0.02036709999993036
12.379876,0.02036709999993036,0.020899099999860483,0.020877289805864004,0.020879058041822857,0.021317099999805578
12.399876,0.022067099999958373,0.021089099999881,0.020750407394200848,0.020510829603608248,0.021317099999805578
12.419876,0.021317099999805578,0.020559099999900354,0.02054569543304888,0.020764862237655134,0.020377099999905113
12.439876,0.020377099999905113,0.020371099999874787,0.02032008849625274,0.0202652351980191,0.020377099999905113
12.459875,0.018667099999902348,0.020033099999864135,0.02013942169869909,0.020167472960245573,0.020377099999905113
12.479875,0.019427099999802522,0.019655099999863524,0.02005028542275468,0.019824465967221597,0.019427099999802522
12.499875,0.020377099999905113,0.020033099999864135,0.02005866576849827,0.01976108601384425,0.019427099999802522
12.519875,0.019427099999802522,0.020033099999864135,0.020129015974042066,0.02014532843811297,0.019427099999802522
12.539875,0.02226709999990817,0.020601099999885263,0.02020525699026368,0.020655887878669704,0.020377099999905113
12.559874,0.018667099999902348,0.020637099999885323,0.02024229961397573,0.02052630745909049,0.020557099999905404
12.579874,0.02226709999990817,0.020637099999885323,0.020231121920311197,0.020252647785430608,0.020557099999905404
12.599874,0.020557099999905404,0.01969109999986358,0.020203855163567,0.020077845920608434,0.019427099999802522
12.619874,0.019427099999802522,0.020221099999844228,0.020215059891088048,0.02001586456860814,0.020557099999905404
12.639874,0.017537099999799466,0.02003109999982371,0.02030808231661408,0.020086424009141547,0.020557099999905404
12.659873,0.021317099999805578,0.020183099999803743,0.020485707107319222,0.020677426340147426,0.021317099999805578
12.679873,0.021317099999805578,0.020751099999824874,0.02070382339369394,0.02045481561754011,0.021317099999805578
12.699873,0.021317099999805578,0.021355099999846062,0.02089247619836897,0.02082346363619603,0.021317099999805578
12.719873,0.02226709999990817,0.02097709999984545,0.020990651970712097,0.0212992911420375,0.021317099999805578
12.739872,0.020557099999905404,0.02097709999984545,0.0209739231511909,0.02131670372944163,0.021317099999805578
12.759872,0.019427099999802522,0.02097709999984545,0.02086161711012323,0.020782974125708578,0.021317099999805578
12.779872,0.021317099999805578,0.02040909999982432,0.020704254082724475,0.020603230535965637,0.020557099999905404
12.799872,0.021317099999805578,0.02040909999982432,0.020561481051261994,0.020365118647863962,0.020557099999905404
12.819872,0.019427099999802522,0.0206350999998449,0.020480945716612957,0.020268032400776383,0.020557099999905404
12.839872,0.020557099999905404,0.020447099999864805,0.020483972245098493,0.020513486946239806,0.020557099999905404
12.859871,0.020557099999905404,0.020447099999864805,0.020560784885426252,0.020839780652546054,0.020557099999905404
12.879871,0.020377099999905113,0.020825099999865416,0.020676496520034206,0.020617542890304395,0.020557099999905404
12.899871,0.021317099999805578,0.02097709999984545,0.020786090366616383,0.020778242190984876,0.021317099999805578
12.919871,0.021317099999805578,0.020751099999824874,0.020852505289014833,0.020970689743417197,0.021317099999805578
12.939871,0.021317099999805578,0.020939099999804967,0.020859856075358757,0.02078609766881893,0.021317099999805578
12.95987,0.019427099999802522,0.020751099999824874,0.020816083725199486,0.020803696736413316,0.021317099999805578
12.97987,0.021317099999805578,0.020599099999844838,0.020745307556221153,0.020767449650175594,0.020557099999905404
12.99987,0.020377099999905113,0.020599099999844838,0.020675729695612474,0.02073399976675769,0.020557099999905404
13.01987,0.020557099999905404,0.020825099999865416,0.02062972007320077,0.020461971794734933,0.020557099999905404
13.03987,0.021317099999805578,0.02067309999988538,0.02061887274718071,0.020611365734135946,0.020557099999905404
13.05987,0.020557099999905404,0.020483099999864862,0.02064260530504223,0.02088290419568898,0.020557099999905404
13.079869,0.020557099999905404,0.020825099999865416,0.020687757076431307,0.020559617482401746,0.020557099999905404
13.099869,0.019427099999802522,0.020637099999885323,0.020728866568167897,0.020557869230639354,0.020557099999905404
13.119869,0.02226709999990817,0.020411099999864745,0.02073157968886393,0.020836866899630647,0.020377099999905113
13.139868,0.020377099999905113,0.02056309999984478,0.020661329572348494,0.02061945431221205,0.020377099999905113
13.159868,0.019427099999802522,0.02094109999984539,0.02049588709762534,0.020400106992830222,0.021317099999805578
13.179868,0.021317099999805578,0.01999509999982365,0.02023730524804114,0.020254256176980876,0.020377099999905113
13.199868,0.021317099999805578,0.019805099999803132,0.0199181764300453,0.020231225873955188,0.019427099999802522
13.219868,0.017537099999799466,0.0199930999998287,0.019598118823999807,0.01952332377602986,0.02036709999993036
13.239867,0.019427099999802522,0.01961509999982809,0.019349506706023204,0.019390246852959793,0.019427099999802522
13.259867,0.02036709999993036,0.018859099999826868,0.019236570287147068,0.01927292750566263,0.019427099999802522
13.279867,0.019427099999802522,0.019425099999853045,0.0192949298701109,0.019124256177007318,0.019427099999802522
13.299867,0.017537099999799466,0.019651099999873623,0.019517454602451703,0.019176144288920245,0.02036709999993036
13.319867,0.02036709999993036,0.01968909999986863,0.019850899779912282,0.020279803962591363,0.02036709999993036
13.339867,0.020557099999905404,0.019915099999889208,0.02020709045754516,0.020213556876337163,0.020557099999905404
13.359866,0.020557099999905404,0.02104909999989104,0.020488203890085963,0.020400852913632028,0.020557099999905404
13.379866,0.020557099999905404,0.020445099999869855,0.020618024862539573,0.020642787645576574,0.020557099999905404
13.399866,0.023207099999808634,0.020445099999869855,0.020566295104183976,0.020588172260938488,0.020557099999905404
13.419866,0.017347099999824422,0.020219099999849277,0.020355814134488455,0.020223160605909753,0.020557099999905404
13.439865,0.020557099999905404,0.0199930999998287,0.020050661230861418,0.020022904195648013,0.019427099999802522
13.459865,0.019427099999802522,0.019463099999848056,0.019733713138921548,0.019812134964871907,0.019427099999802522
13.479865,0.019427099999802522,0.019879099999843674,0.019485342872958555,0.019665025407750038,0.019427099999802522
13.499865,0.020557099999905404,0.0196530999998231,0.01936983919933488,0.01916316060588613,0.019427099999802522
13.519865,0.019427099999802522,0.0196530999998231,0.01942753765090436,0.019510829603565115,0.019427099999802522
13.539865,0.019427099999802522,0.019501099999843063,0.019667356635745186,0.01952385990658902,0.019427099999802522
13.559864,0.019427099999802522,0.019841099999848667,0.020058832818013923,0.020376144288890917,0.019427099999802522
13.579864,0.018667099999902348,0.020597099999849888,0.020530033968357026,0.02056696013972798,0.019427099999802522
13.599864,0.022257099999933416,0.02116309999987607,0.020979977125754713,0.020749500932276434,0.022257099999933416
13.619864,0.023207099999808634,0.020973099999901025,0.02130675206653569,0.02118318391596689,0.022257099999933416
13.639863,0.022257099999933416,0.021503099999881668,0.0214400290751722,0.021308498601287962,0.022257099999933416
13.659863,0.018477099999927304,0.0213150999998561,0.021361295196466446,0.021417146619918198,0.021317099999805578
13.679863,0.021317099999805578,0.020785099999875455,0.021104094937115236,0.02152318391594801,0.021317099999805578
13.699863,0.021317099999805578,0.020597099999849888,0.020740758460087633,0.02067166876441817,0.021317099999805578
13.719863,0.020557099999905404,0.020975099999850498,0.0203662108539166,0.02032744965021322,0.021317099999805578
13.739862,0.021317099999805578,0.020219099999849277,0.02008153730209366,0.020035817948558313,0.020557099999905404
13.759862,0.02036709999993036,0.020029099999874234,0.019972606525654062,0.019847845920604533,0.02036709999993036
13.779862,0.017537099999799466,0.019803099999853656,0.020082265831057766,0.0200937666665457,0.02036709999993036
13.799862,0.02036709999993036,0.019953099999884216,0.020385702247937593,0.020373510256278905,0.02036709999993036
13.819862,0.019427099999802522,0.020899099999860483,0.020786198558913848,0.020642391375156926,0.02036709999993036
13.839862,0.022067099999958373,0.021277099999861094,0.0211427957081677,0.021059011421781418,0.02036709999993036
13.859861,0.02509709999981169,0.0213150999998561,0.02132307491270966,0.02147378997654415,0.020557099999905404
13.879861,0.019427099999802522,0.02169309999985671,0.02125631284479968,0.02182409300684628,0.021317099999805578
13.899861,0.020557099999905404,0.02116509999982554,0.02095969747577996,0.02101691351963398,0.020557099999905404
13.919861,0.021317099999805578,0.02003109999982371,0.02052591989131529,0.020408428671149968,0.019427099999802522
13.939861,0.019427099999802522,0.0196530999998231,0.020081222895432186,0.019533859906581262,0.019427099999802522
13.95986,0.019427099999802522,0.01961509999982809,0.019734460235274056,0.01954616759890081,0.019427099999802522
13.97986,0.017537099999799466,0.019463099999848056,0.019538045885706134,0.019673743356481487,0.019427099999802522
13.99986,0.02036709999993036,0.019841099999848667,0.01947575755857028,0.019450549883305614,0.02036709999993036
14.01986,0.020557099999905404,0.019273099999873013,0.019481346434495173,0.01939269440547589,0.02036709999993036
14.03986,0.021317099999805578,0.01983909999989919,0.019477284777168657,0.019592904195692193,0.02036709999993036
14.05986,0.01658709999992425,0.019651099999873623,0.019413326051421823,0.01971027016304274,0.02036709999993036
14.079859,0.02036709999993036,0.019425099999853045,0.019287970765701185,0.019724023076782136,0.019427099999802522
14.099859,0.019427099999802522,0.019047099999852435,0.019148215313174396,0.01917567808843243,0.019427099999802522
14.119859,0.019427099999802522,0.019425099999853045,0.019071930753926856,0.01866439603715544,0.019427099999802522
14.139858,0.019427099999802522,0.019047099999852435,0.019138686134428765,0.018887216549978905,0.019427099999802522
14.159858,0.018477099999927304,0.019047099999852435,0.01939548110769944,0.01957078298352878,0.019427099999802522
14.179858,0.018477099999927304,0.019803099999853656,0.01982830979330841,0.01964798578072905,0.019427099999802522
14.199858,0.019427099999802522,0.02018109999985427,0.020354033739889563,0.020271086013826524,0.019427099999802522
14.219858,0.023207099999808634,0.020749099999829924,0.020841995896764463,0.020773789976519522,0.021317099999805578
14.239857,0.021317099999805578,0.021317099999805578,0.021160220436826,0.021251645454379603,0.021317099999805578
14.259857,0.021317099999805578,0.021543099999826155,0.021226240933834812,0.02150525850798571,0.021317099999805578
14.279857,0.021317099999805578,0.020975099999850498,0.021039399084413813,0.02133311398584915,0.021317099999805578
14.299857,0.020557099999905404,0.020597099999849888,0.02068166531193105,0.02071390652664628,0.020557099999905404
14.319857,0.02036709999993036,0.020219099999849277,0.020288652712223007,0.019845887878629176,0.02036709999993036
14.339857,0.019427099999802522,0.019841099999848667,0.02000301971707409,0.019786097668846817,0.019427099999802522
14.359856,0.019427099999802522,0.019803099999853656,0.01992705655422914,0.01998122587398747,0.019427099999802522
14.379856,0.019427099999802522,0.02018109999985427,0.02009082819221651,0.020183207225986224,0.019427099999802522
14.399856,0.02036709999993036,0.020747099999880447,0.020446722839061928,0.020553253846034035,0.02036709999993036
14.419856,0.022257099999933416,0.020973099999901025,0.020890950680828895,0.02093015361293995,0.020557099999905404
14.439856,0.022257099999933416,0.021351099999901636,0.02130094940513469,0.021319664102460785,0.021317099999805578
14.459855,0.020557099999905404,0.02154109999987668,0.021571484901162463,0.0217545125872873,0.021317099999805578
14.479855,0.021317099999805578,0.021353099999851112,0.021636406017827403,0.02149497878774307,0.021317099999805578
14.499855,0.021317099999805578,0.02116509999982554,0.021474247360472133,0.021416633799373808,0.021317099999805578
14.519855,0.021317099999805578,0.020749099999829924,0.02110439655928429,0.020802507925235456,0.021317099999805578
14.539855,0.021317099999805578,0.020749099999829924,0.020580498457883182,0.020477169929879857,0.021317099999805578
14.559854,0.018477099999927304,0.0199930999998287,0.019982800593850426,0.02008889487161889,0.021317099999805578
14.579854,0.021317099999805578,0.01961509999982809,0.01940793076228526,0.019608335431067506,0.019427099999802522
14.599854,0.017537099999799466,0.019047099999852435,0.018954962059848486,0.019158428671173563,0.018477099999927304
14.619854,0.019427099999802522,0.01923709999982748,0.018708362176124805,0.018801785314524328,0.019427099999802522
14.639853,0.018477099999927304,0.01870709999984683,0.0187200324309203,0.018680223542972666,0.018667099999902348
14.659853,0.019427099999802522,0.019085099999847442,0.018993972005454492,0.018836657109405602,0.019427099999802522
14.679853,0.018667099999902348,0.019273099999873013,0.019478060626585907,0.01910523519798825,0.019427099999802522
14.699853,0.019427099999802522,0.019841099999848667,0.020068006246084458,0.020354279487033087,0.019427099999802522
14.719853,0.02036709999993036,0.020597099999849888,0.020627693316277056,0.02064943100218567,0.02036709999993036
14.739852,0.021317099999805578,0.0213150999998561,0.02102547819712052,0.02104374335649837,0.021317099999805578
14.759852,0.023207099999808634,0.021125099999881058,0.02117680966410788,0.021234069696858288,0.021317099999805578
14.779852,0.022257099999933416,0.021125099999881058,0.02107505826524244,0.021280106992901254,0.021317099999805578
14.799852,0.018477099999927304,0.020935099999906014,0.02079327083308734,0.020940922843726513,0.02036709999993036
14.819852,0.02036709999993036,0.020179099999904793,0.020453230974570094,0.020090643123434282,0.02036709999993036
14.839852,0.02036709999993036,0.019613099999878612,0.02017635058297999,0.01978901142179826,0.019427099999802522
14.859851,0.019427099999802522,0.019803099999853656,0.020039697017086997,0.019917682750435702,0.019427099999802522
14.879851,0.019427099999802522,0.02040909999982432,0.02005523962551546,0.02007511864784565,0.019427099999802522
14.899851,0.019427099999802522,0.020599099999799364,0.020178181714598394,0.02082458251729778,0.019427099999802522
14.919851,0.023397099999783677,0.020447099999819328,0.02033786135564364,0.02035609766879421,0.019427099999802522
14.939851,0.021317099999805578,0.020825099999819942,0.0204744126106917,0.02037975734246835,0.021317099999805578
14.95985,0.018667099999902348,0.020447099999819328,0.020560963356449618,0.02051542167815587,0.021317099999805578
14.979851,0.021317099999805578,0.020219099999849277,0.020600712897613924,0.020763929836663607,0.021317099999805578
14.99985,0.017537099999799466,0.020219099999849277,0.02060644544005796,0.020517099999836315,0.021317099999805578
15.01985,0.022257099999933416,0.020749099999829924,0.020581807098520366,0.020113626806371597,0.021317099999805578
15.03985,0.021317099999805578,0.020219099999849277,0.020518955861747165,0.020293999766762456,0.021317099999805578
15.05985,0.021317099999805578,0.020785099999875455,0.0204115073800173,0.020692461305230822,0.021317099999805578
15.079849,0.018667099999902348,0.020407099999874844,0.020269754304360326,0.020723183915967558,0.02036709999993036
15.099849,0.02036709999993036,0.020407099999874844,0.020126206494978767,0.020478894871672523,0.02036709999993036
15.119849,0.02036709999993036,0.020029099999874234,0.020028901527686768,0.01951567808842468,0.02036709999993036
15.139849,0.021317099999805578,0.019803099999853656,0.02002641325444715,0.01984761282036619,0.02036709999993036
15.159848,0.019427099999802522,0.0199930999998287,0.020148954706780554,0.020213580186326494,0.02036709999993036
15.179848,0.017537099999799466,0.020711099999834913,0.02039083880819127,0.02065835874109935,0.021317099999805578
15.199848,0.021317099999805578,0.02055909999985488,0.02070330982643345,0.02061406969682725,0.020557099999905404
15.219848,0.02395709999996143,0.020747099999880447,0.021005721183694138,0.02076313729591335,0.020557099999905404
15.239848,0.020557099999905404,0.021351099999901636,0.021212087991015746,0.021099361072157985,0.020557099999905404
15.259847,0.02036709999993036,0.021351099999901636,0.021258835030723233,0.021350433333220703,0.020557099999905404
15.279847,0.020557099999905404,0.020823099999870465,0.02112115686543668,0.02161034009311734,0.020557099999905404
15.299847,0.021317099999805578,0.020597099999849888,0.020816701266741653,0.020452810955568602,0.020557099999905404
15.319847,0.021317099999805578,0.0206350999998449,0.02040177792378746,0.020140106992850647,0.020557099999905404
15.339846,0.019427099999802522,0.019879099999843674,0.019962164660255556,0.020350410023172335,0.020557099999905404
15.359846,0.020557099999905404,0.020029099999874234,0.019596458564006238,0.019654838927598287,0.020557099999905404
15.379846,0.016777099999899292,0.019499099999893587,0.019392097092109564,0.01927593449870496,0.019427099999802522
15.399846,0.022067099999958373,0.019121099999892976,0.019400036859271295,0.019411552214358172,0.018667099999902348
15.419846,0.018667099999902348,0.01946109999989858,0.01961698133762011,0.019451762004565023,0.018667099999902348
15.439846,0.017537099999799466,0.020519099999910397,0.019982128588128284,0.020002018414822385,0.022067099999958373
15.459845,0.022257099999933416,0.019991099999879226,0.020391515883103797,0.020453650116453347,0.019427099999802522
15.479845,0.022067099999958373,0.02067109999989043,0.020727869966646432,0.02096525850805956,0.022067099999958373
15.499845,0.019427099999802522,0.021275099999911617,0.020896586300349455,0.02057171538449666,0.022067099999958373
15.519845,0.022067099999958373,0.02070909999988544,0.020853715468078425,0.021038475291252086,0.020557099999905404
15.539845,0.020557099999905404,0.02018109999985427,0.020615473965594877,0.020763160605947198,0.019427099999802522
15.559844,0.019427099999802522,0.020407099999874844,0.020248140979885625,0.019896307459066148,0.020557099999905404
15.579844,0.019427099999802522,0.01968909999986863,0.019845052263447835,0.019810037062793613,0.019427099999802522
15.599844,0.020557099999905404,0.019463099999848056,0.019500393389015734,0.019791039393808392,0.019427099999802522
15.619844,0.018477099999927304,0.019651099999873623,0.019287663509108485,0.01915213496490529,0.019427099999802522
15.639843,0.019427099999802522,0.019499099999893587,0.01924604657580105,0.01927264778542337,0.019427099999802522
15.659843,0.02036709999993036,0.019121099999892976,0.01937423616397069,0.01936912797192603,0.018667099999902348
15.679843,0.018667099999902348,0.01968909999986863,0.01963063627067641,0.019670992773789257,0.019427099999802522
15.699843,0.018667099999902348,0.019877099999894197,0.019940483369042573,0.01971355687633547,0.02036709999993036
15.719843,0.021317099999805578,0.02006709999986924,0.020211956096069374,0.02025197179473883,0.02036709999993036
15.739843,0.02036709999993036,0.020219099999849277,0.02036137787779538,0.020534232866992706,0.02036709999993036
15.759842,0.021317099999805578,0.020749099999829924,0.02034121410040419,0.020557403030134053,0.021317099999805578
15.779842,0.019427099999802522,0.020371099999829313,0.02015890907577679,0.020247729370436632,0.02036709999993036
15.799842,0.021317099999805578,0.019805099999803132,0.01987590340672409,0.019686307459017578,0.019427099999802522
15.819842,0.019427099999802522,0.01904909999980191,0.01958430284208934,0.019235258507965775,0.019427099999802522
15.839842,0.017537099999799466,0.01923709999982748,0.01936919259090413,0.01945304405575904,0.019427099999802522
15.859841,0.017537099999799466,0.01923709999982748,0.019273418880650508,0.019324699067428563,0.019427099999802522
15.879841,0.02036709999993036,0.019425099999853045,0.019283581202390425,0.019136587179338454,0.02036709999993036
15.899841,0.021317099999805578,0.019425099999853045,0.019345599765830206,0.01916910466186924,0.02036709999993036
15.919841,0.02036709999993036,0.019613099999878612,0.019399373993078662,0.019739454312224233,0.02036709999993036
15.939841,0.017537099999799466,0.019803099999853656,0.01941012284828956,0.019816727039492665,0.02036709999993036
15.959841,0.018477099999927304,0.019425099999853045,0.01938009855484135,0.019400922843674548,0.019427099999802522
15.979841,0.021317099999805578,0.018859099999826868,0.01934073206706769,0.019122041724770892,0.018477099999927304
15.99984,0.019427099999802522,0.01923709999982748,0.019335019130457178,0.019135421678146747,0.019427099999802522
16.01984,0.017537099999799466,0.019805099999803132,0.01939857195624578,0.019268405361110033,0.019427099999802522
16.03984,0.019427099999802522,0.019427099999802522,0.019544543905232473,0.01970444265713985,0.019427099999802522
16.059839,0.021317099999805578,0.019427099999802522,0.019757473318700345,0.01969353356622809,0.019427099999802522
16.079839,0.019427099999802522,0.020183099999803743,0.019998880963595925,0.019904256176969885,0.019427099999802522
16.099839,0.019427099999802522,0.02040909999982432,0.020221594475104982,0.020342274824986656,0.020557099999905404
16.119839,0.021317099999805578,0.02040909999982432,0.02038616158171003,0.020784372727090925,0.020557099999905404
16.139838,0.020557099999905404,0.02040909999982432,0.020473515684611122,0.020382671095408665,0.020557099999905404
16.159838,0.021317099999805578,0.0206350999998449,0.020489584965353233,0.020170689743439926,0.020557099999905404
16.179838,0.019427099999802522,0.02010509999986425,0.02045918777930427,0.020410456643204622,0.020557099999905404
16.199838,0.020557099999905404,0.020257099999844284,0.02041112410779157,0.02055756620031536,0.020557099999905404
16.219838,0.018667099999902348,0.020257099999844284,0.0203625390799726,0.020228824941575692,0.020557099999905404
16.239837,0.021317099999805578,0.020483099999864862,0.020312557172011827,0.020215654778404327,0.020557099999905404
16.259837,0.021317099999805578,0.02010509999986425,0.020249334024185283,0.020258964801744394,0.020557099999905404
16.279837,0.020557099999905404,0.020483099999864862,0.020164648945974955,0.020490410023186162,0.020557099999905404
16.299837,0.018667099999902348,0.02029309999988982,0.020064595053502398,0.020151389044159335,0.020557099999905404
16.319837,0.020557099999905404,0.019915099999889208,0.01996892691468579,0.01993947762226989,0.02036709999993036
16.339837,0.02036709999993036,0.019499099999893587,0.019900530109828743,0.019701342424151325,0.019427099999802522
16.359836,0.019427099999802522,0.01983909999989919,0.019871877544553097,0.019739081351882952,0.02036709999993036
16.379836,0.018477099999927304,0.019991099999879226,0.019875515735041423,0.019858428671209325,0.02036709999993036
16.399836,0.02036709999993036,0.019803099999853656,0.019883937023665997,0.020073766666516692,0.019427099999802522
16.419836,0.021317099999805578,0.019803099999853656,0.01986070714157397,0.019774908857651274,0.019427099999802522
16.439836,0.019427099999802522,0.02003109999982371,0.01977815749516357,0.019705165267899855,0.019617099999777565
16.459835,0.019427099999802522,0.0196530999998231,0.01963178357630595,0.019691971794705776,0.019427099999802522
16.479835,0.019617099999777565,0.019275099999822486,0.01944368239895669,0.019637566200272176,0.019427099999802522
16.499835,0.018477099999927304,0.019275099999822486,0.019255060865236845,0.01919609766881477,0.019427099999802522
16.519835,0.019427099999802522,0.019275099999822486,0.019113606479790497,0.0190390813518138,0.019427099999802522
16.539834,0.019427099999802522,0.019085099999847442,0.01906151938759686,0.019112158274881125,0.019427099999802522
16.559834,0.019427099999802522,0.019313099999817496,0.019126454234992533,0.019076517249250056,0.019427099999802522
16.579834,0.018667099999902348,0.019313099999817496,0.01931485265312167,0.019232274825012947,0.019427099999802522
16.599834,0.019617099999777565,0.019501099999843063,0.01960776379200239,0.019691272493990747,0.019427099999802522
16.619834,0.019427099999802522,0.019879099999843674,0.019961832355670273,0.019908545221284144,0.019617099999777565
16.639833,0.02036709999993036,0.020447099999819328,0.020318630878447166,0.020356004428736713,0.02036709999993036
16.659833,0.021317099999805578,0.0206350999998449,0.020621797803493266,0.020809384382127413,0.020557099999905404
16.679833,0.02150709999978062,0.02101309999984551,0.020835689025555368,0.020752088344831873,0.021317099999805578
16.699833,0.020557099999905404,0.02101309999984551,0.020956130060808126,0.021053813286569904,0.021317099999805578
16.719833,0.021317099999805578,0.0206350999998449,0.021006797942733337,0.020843113985861958,0.020557099999905404
16.739833,0.02036709999993036,0.020975099999850498,0.02102272386089572,0.021035305128039573,0.020557099999905404
16.759832,0.019427099999802522,0.020749099999829924,0.0210301739714324,0.02096502540775444,0.02036709999993036
16.779832,0.023207099999808634,0.021127099999830534,0.02103432185692568,0.020795701398422795,0.02036709999993036
16.799832,0.019427099999802522,0.020939099999804967,0.021020905350792672,0.021168172260889254,0.019427099999802522
16.819832,0.023207099999808634,0.021127099999830534,0.020968983373980246,0.021011062703797406,0.02036709999993036
16.839831,0.019427099999802522,0.02093709999985549,0.020865790705958544,0.020966214218957738,0.02036709999993036
16.859831,0.02036709999993036,0.020785099999875455,0.020715633261221052,0.02078605104882702,0.02036709999993036
16.879831,0.022257099999933416,0.02025509999989481,0.020540265650932824,0.020441295804099483,0.02036709999993036
16.899831,0.018667099999902348,0.020481099999915386,0.02037272404268696,0.02041434941716601,0.020557099999905404
16.919831,0.020557099999905404,0.020519099999910397,0.020247953361448114,0.02011087622367937,0.020557099999905404
16.939831,0.020557099999905404,0.019953099999884216,0.020193362624813395,0.020505351748151115,0.020557099999905404
16.95983,0.020557099999905404,0.020483099999864862,0.020221581937327714,0.020272647785415623,0.020557099999905404
16.97983,0.019427099999802522,0.020445099999869855,0.020326079836013495,0.01992034009310383,0.020557099999905404
16.99983,0.021317099999805578,0.020219099999849277,0.020479477224896715,0.020504699067448142,0.02036709999993036
17.01983,0.02036709999993036,0.020219099999849277,0.02063544417258281,0.020626120978874608,0.02036709999993036
17.039829,0.019427099999802522,0.020975099999850498,0.020736337670517527,0.0209131606059167,0.020557099999905404
17.059829,0.020557099999905404,0.020785099999875455,0.02072818699937124,0.020767193239951104,0.02036709999993036
17.079829,0.023207099999808634,0.020597099999849888,0.02058096571122041,0.020498405361156546,0.02036709999993036
17.099829,0.02036709999993036,0.020255099999849334,0.02030574903858394,0.02005497878772166,0.02036709999993036
17.119829,0.019427099999802522,0.02002909999982876,0.019957105186677232,0.020200037062780462,0.019427099999802522
17.139828,0.017717099999799757,0.019461099999853106,0.01961598050905995,0.019783486946232616,0.019427099999802522
17.159828,0.019427099999802522,0.019499099999848113,0.01936197228034687,0.019270013752755704,0.019427099999802522
17.179828,0.02036709999993036,0.019121099999847502,0.019250667182449367,0.01908698344974919,0.019427099999802522
17.199828,0.020557099999905404,0.019651099999873623,0.01930462533148428,0.019329734032502228,0.02036709999993036
17.219828,0.017537099999799466,0.019877099999894197,0.019514527882707362,0.019539547552320798,0.02036709999993036
17.239827,0.02036709999993036,0.01968909999986863,0.019843129505924522,0.019989570862352198,0.02036709999993036
17.259827,0.020557099999905404,0.019841099999848667,0.020230090551870326,0.020311109323884996,0.02036709999993036
17.279827,0.019427099999802522,0.020785099999875455,0.020600940604671412,0.02047479230754004,0.020557099999905404
17.299827,0.021317099999805578,0.020975099999850498,0.020882324925051505,0.020686097668849865,0.021317099999805578
17.319827,0.022257099999933416,0.020749099999829924,0.02102073709335587,0.02120411631687135,0.021317099999805578
17.339826,0.021317099999805578,0.020975099999850498,0.0209975498570188,0.020997729370466994,0.021317099999805578
17.359826,0.019427099999802522,0.020975099999850498,0.02083270453980493,0.020876610489347035,0.021317099999805578
17.379826,0.020557099999905404,0.02040909999982432,0.020574759920110815,0.020665491608230106,0.020557099999905404
17.399826,0.021317099999805578,0.02003109999982371,0.020282529072405322,0.020135072027798184,0.019427099999802522
17.419826,0.019427099999802522,0.02003109999982371,0.02000641514582897,0.019781086013794812,0.019427099999802522
17.439826,0.019427099999802522,0.019805099999803132,0.01977500070883645,0.019688382051095413,0.019427099999802522
17.459825,0.019427099999802522,0.019427099999802522,0.019589723815565473,0.019644652447357493,0.019427099999802522
17.479825,0.019427099999802522,0.019427099999802522,0.019429527426241773,0.019515421678115916,0.019427099999802522
17.499825,0.019427099999802522,0.019427099999802522,0.01926514156018159,0.019518778321464085,0.019427099999802522
17.519825,0.019427099999802522,0.019427099999802522,0.019078073192378434,0.01908535174804953,0.019427099999802522
17.539824,0.019427099999802522,0.019085099999801968,0.018875517336255664,0.01882602773875219,0.019427099999802522
17.559824,0.019427099999802522,0.01840309999984129,0.018692573140383462,0.01872348694622277,0.019427099999802522
17.579824,0.017717099999799757,0.018629099999861863,0.01857852649018069,0.018570456643215775,0.019427099999802522
17.599824,0.016017099999999118,0.018629099999861863,0.01857312748059154,0.018449267832030304,0.019427099999802522
17.619824,0.020557099999905404,0.01847709999988183,0.01868636202623359,0.01861628414906485,0.018667099999902348
17.639823,0.019427099999802522,0.018819099999882384,0.018893858103748554,0.018872111654898365,0.019427099999802522
17.659823,0.018667099999902348,0.01968909999986863,0.019149167528915365,0.019216750349530846,0.019427099999802522
17.679823,0.019427099999802522,0.019463099999848056,0.019403484044278316,0.01949159883436064,0.019427099999802522
17.699823,0.02036709999993036,0.019463099999848056,0.01962179572795,0.01975455920728145,0.019427099999802522
17.719823,0.019427099999802522,0.01961509999982809,0.019789889378402856,0.019639990442724218,0.019427099999802522
17.739823,0.019427099999802522,0.0199930999998287,0.019912337789685763,0.01998621421894997,0.019427099999802522
17.759822,0.019427099999802522,0.02003109999982371,0.020005217872735313,0.02006376666647993,0.019427099999802522
17.779822,0.021317099999805578,0.020069099999818717,0.020088404913713404,0.019876960139673334,0.019617099999777565
17.799822,0.020557099999905404,0.020069099999818717,0.020179869094866933,0.02007036340307697,0.019617099999777565
17.819822,0.019617099999777565,0.020295099999839295,0.020290756341136428,0.020487472960223123,0.020557099999905404
17.839821,0.019427099999802522,0.020483099999864862,0.02042018132587897,0.02047362680639285,0.020557099999905404
17.859821,0.020557099999905404,0.020483099999864862,0.020552662088621446,0.02044861515138975,0.020557099999905404
17.879821,0.022257099999933416,0.020445099999869855,0.020662477307165014,0.020578801631570852,0.020557099999905404
17.899821,0.020557099999905404,0.020823099999870465,0.02072430346157576,0.020729058041804593,0.020557099999905404
17.919821,0.019427099999802522,0.02101309999984551,0.020723878764440734,0.020931808624564282,0.021317099999805578
17.939821,0.021317099999805578,0.020447099999819328,0.02066305927795429,0.02075919790192878,0.020557099999905404
17.95982,0.02150709999978062,0.020447099999819328,0.020558547157093904,0.02035199510471737,0.020557099999905404
17.97982,0.019427099999802522,0.020447099999819328,0.02043622606562995,0.020187076689791326,0.020557099999905404
17.99982,0.020557099999905404,0.020257099999844284,0.020322902276136014,0.020463836596571708,0.02036709999993036
18.01982,0.019427099999802522,0.020219099999849277,0.020238140524420193,0.02056905804180628,0.02036709999993036
18.039819,0.02036709999993036,0.020445099999869855,0.020190213789526196,0.02006616759893151,0.020557099999905404
18.059819,0.021317099999805578,0.020219099999849277,0.020178100668111723,0.01996896480173562,0.02036709999993036
18.079819,0.020557099999905404,0.02006709999986924,0.020196418625228817,0.020238871561624502,0.02036709999993036
18.099819,0.019427099999802522,0.020257099999844284,0.020237721952175457,0.02022784592058801,0.020557099999905404
18.119819,0.018667099999902348,0.020257099999844284,0.020290589750524682,0.020380037062785523,0.020557099999905404
18.139818,0.021317099999805578,0.020219099999849277,0.020338548241810823,0.020483650116396683,0.02036709999993036
18.159818,0.021317099999805578,0.020445099999869855,0.02036557453439813,0.02027959417236461,0.020557099999905404
18.179818,0.02036709999993036,0.020785099999875455,0.02036648139123696,0.02018462913740561,0.020557099999905404
18.199818,0.020557099999905404,0.0202170999998998,0.02035327740817648,0.02043917459197621,0.02036709999993036
18.219818,0.02036709999993036,0.020065099999919768,0.020350318810689046,0.020506703729513465,0.02036709999993036
18.239817,0.018477099999927304,0.02044309999992038,0.020380236427577202,0.02031043333325947,0.020557099999905404
18.259817,0.020557099999905404,0.02044309999992038,0.020450533905250357,0.020316610489447533,0.020557099999905404
18.279817,0.022257099999933416,0.020481099999915386,0.02055042539577091,0.020662974125798483,0.020557099999905404
18.299817,0.020557099999905404,0.020859099999915996,0.020658928894672676,0.020569617482418368,0.020557099999905404
18.319817,0.020557099999905404,0.021011099999896032,0.020756178470551685,0.020739873892669985,0.020557099999905404
18.339817,0.02036709999993036,0.020445099999869855,0.020829130169913706,0.021004465967244885,0.020557099999905404
18.359816,0.021317099999805578,0.020747099999880447,0.020870036373522464,0.020907612820389814,0.020557099999905404
18.379816,0.019427099999802522,0.020899099999860483,0.02087280467046007,0.020628685081451846,0.021317099999805578
18.399816,0.022067099999958373,0.02093709999985549,0.02083278106476729,0.020895538228297476,0.021317099999805578
18.419816,0.021317099999805578,0.02055909999985488,0.020750828328358756,0.020775141957881875,0.020557099999905404
18.439816,0.020557099999905404,0.02093709999985549,0.020637450997650495,0.020744675757417327,0.021317099999805578
18.459815,0.019427099999802522,0.02040909999982432,0.020511781224368125,0.020328941491678503,0.020557099999905404
18.479815,0.021317099999805578,0.020257099999844284,0.020394683420578315,0.02039248461521914,0.020557099999905404
18.499815,0.019427099999802522,0.02003109999982371,0.020300581123924917,0.02032663379936233,0.019427099999802522
18.519815,0.020557099999905404,0.02055909999985488,0.02023359711730165,0.020351202563967115,0.020557099999905404
18.539814,0.019427099999802522,0.020407099999874844,0.020190228843606446,0.020269734032497565,0.020557099999905404
18.559814,0.022067099999958373,0.0202170999998998,0.020166219703985726,0.0200628342656156,0.020557099999905404
18.579814,0.020557099999905404,0.019991099999879226,0.020161860071354617,0.020101528904334448,0.019427099999802522
18.599814,0.018477099999927304,0.020179099999904793,0.020180293255695758,0.020162950815762935,0.02036709999993036
18.619814,0.019427099999802522,0.020179099999904793,0.02021956722314195,0.020168218881009226,0.02036709999993036
18.639813,0.02036709999993036,0.019953099999884216,0.020266815630918793,0.020371086013882513,0.019427099999802522
18.659813,0.022067099999958373,0.02052109999985987,0.020302884859007015,0.02026397645675188,0.02036709999993036
18.679813,0.019427099999802522,0.02070909999988544,0.020316035130577906,0.020343113985882528,0.02036709999993036
18.699813,0.021317099999805578,0.02052109999985987,0.02031384866856651,0.02054882494157232,0.02036709999993036
18.719813,0.02036709999993036,0.0199930999998287,0.020322725214475135,0.020262741025480875,0.019427099999802522
18.739812,0.019427099999802522,0.020371099999829313,0.02037321627113652,0.020370899533633965,0.02036709999993036
18.759812,0.019427099999802522,0.020219099999849277,0.020479404676712953,0.02023406969681038,0.02036709999993036
18.779812,0.021317099999805578,0.020597099999849888,0.020625271837500566,0.020354978787733805,0.020557099999905404
18.799812,0.020557099999905404,0.020597099999849888,0.020767453218699983,0.020879221211972894,0.020557099999905404
18.819812,0.022257099999933416,0.020975099999850498,0.020853740766950877,0.02111136573410955,0.021317099999805578
18.839812,0.019427099999802522,0.02135109999985616,0.02084729890906746,0.020979780652533385,0.021317099999805578
18.859811,0.021317099999805578,0.020745099999840023,0.020744211864111947,0.020965934498670777,0.021317099999805578
18.879811,0.02319709999983388,0.020179099999813842,0.020576086285525038,0.02038192517465668,0.019427099999802522
18.899811,0.017527099999824713,0.020557099999814456,0.020395777554942977,0.0201467270394455,0.021317099999805578
18.919811,0.019427099999802522,0.02002709999983381,0.02025169479489189,0.0200991279718463,0.019427099999802522
18.939811,0.021317099999805578,0.01965109999982815,0.02016357882635344,0.020432437995168636,0.019427099999802522
18.95981,0.018667099999902348,0.02040909999982432,0.020113995176487386,0.019844699067426405,0.021317099999805578
18.97981,0.021317099999805578,0.02040909999982432,0.020060821966022636,0.01993220489491588,0.021317099999805578
18.99981,0.021317099999805578,0.019689099999823156,0.0199628039750185,0.020319197901918704,0.019427099999802522
19.01981,0.019427099999802522,0.020219099999803803,0.01980283982650213,0.02009402307674793,0.021317099999805578
19.039809,0.017717099999799757,0.01965109999982815,0.019596561670374532,0.01957304405576983,0.019427099999802522
19.059809,0.021317099999805578,0.019273099999827535,0.019383948687882582,0.01940075967348105,0.019427099999802522
19.079809,0.018477099999927304,0.018893099999831974,0.019210921767723637,0.018821622144343405,0.018477099999927304
19.099809,0.019427099999802522,0.019235099999832528,0.019110055271050037,0.018858778321512306,0.019427099999802522
19.119809,0.017527099999824713,0.018857099999831917,0.01908738096333884,0.0191345125872532,0.019427099999802522
19.139808,0.019427099999802522,0.019235099999832528,0.019120675086370404,0.01929197179471237,0.019427099999802522
19.159808,0.019427099999802522,0.019235099999832528,0.01917205870877218,0.0192864706292023,0.019427099999802522
19.179808,0.02036709999993036,0.01961509999982809,0.01921081182397652,0.019467099999821366,0.019427099999802522
19.199808,0.019427099999802522,0.01961509999982809,0.01923426651450738,0.0192178226105527,0.019427099999802522
19.219808,0.019427099999802522,0.019235099999832528,0.019273075407278687,0.019471785314510222,0.019427099999802522
19.239807,0.019427099999802522,0.01904709999980696,0.019375171964776824,0.018949244521953623,0.019427099999802522
19.259807,0.017527099999824713,0.01942509999980757,0.01957579708047819,0.019360829603534132,0.019427099999802522
19.279807,0.019427099999802522,0.01942509999980757,0.01987084589567049,0.019854069696782384,0.019427099999802522
19.299807,0.021317099999805578,0.020369099999834363,0.020210714728123812,0.020388661771400647,0.019427099999802522
19.319807,0.019427099999802522,0.020975099999850498,0.020520370863192902,0.02048670372943888,0.020557099999905404
19.339807,0.024147099999936472,0.020975099999850498,0.020734884058009224,0.02102679696954124,0.020557099999905404
19.359806,0.020557099999905404,0.020597099999849888,0.020829156822137672,0.020952368065124283,0.019427099999802522
19.379806,0.019427099999802522,0.021125099999881058,0.020823888553031418,0.020612181584953447,0.020557099999905404
19.399806,0.019427099999802522,0.019991099999879226,0.020765662137925175,0.020644116316916206,0.019427099999802522
19.419806,0.022067099999958373,0.020331099999884826,0.020696349758820416,0.020793417016218382,0.019427099999802522
19.439806,0.018477099999927304,0.020859099999915996,0.02063236968254627,0.020115817948607558,0.022067099999958373
19.459805,0.022257099999933416,0.020859099999915996,0.020564731144270435,0.02065234475515938,0.022067099999958373
19.479805,0.022067099999958373,0.020179099999904793,0.020475675367025725,0.020859197902018158,0.019427099999802522
19.499805,0.019427099999802522,0.020897099999911007,0.02035798283471497,0.020458405361222023,0.022067099999958373
19.519805,0.018667099999902348,0.020331099999884826,0.02022392324173273,0.020221458974251108,0.019427099999802522
19.539804,0.022067099999958373,0.019651099999873623,0.020100341860350153,0.020228568531336887,0.019427099999802522
19.559804,0.019427099999802522,0.020029099999874234,0.020015677680548755,0.019719757342512863,0.019427099999802522
19.579804,0.018667099999902348,0.02018109999985427,0.019986861697128412,0.019884745687507067,0.019427099999802522
19.599804,0.021317099999805578,0.019841099999848667,0.020011465101160263,0.020177193239965162,0.019427099999802522
19.619804,0.019427099999802522,0.02006709999986924,0.020067826199323895,0.01992619090893563,0.02036709999993036
19.639803,0.02036709999993036,0.020219099999849277,0.020123060097395482,0.019925701398451068,0.02036709999993036
19.659803,0.020557099999905404,0.019877099999848723,0.02014561032302476,0.020406470629227083,0.019607099999802813
19.679803,0.019427099999802522,0.020443099999874904,0.020117602632620878,0.020377449650207824,0.02036709999993036
19.699803,0.019607099999802813,0.020255099999849334,0.020043229868197815,0.020060176922944827,0.019607099999802813
19.719803,0.022257099999933416,0.019877099999848723,0.019950532158246742,0.019904232866991688,0.019427099999802522
19.739802,0.019427099999802522,0.019877099999848723,0.019884032574053433,0.01960835874108705,0.019427099999802522
19.759802,0.018667099999902348,0.019841099999848667,0.019887304038336034,0.019901458974197768,0.019427099999802522
19.779802,0.019427099999802522,0.0196530999998231,0.019980716572919284,0.020071738694479528,0.019427099999802522
19.799802,0.019427099999802522,0.020219099999849277,0.020146612297766767,0.020198079020824183,0.019427099999802522
19.819802,0.021317099999805578,0.020371099999829313,0.020333069073099185,0.020015188577926966,0.019427099999802522
19.839802,0.022257099999933416,0.020597099999849888,0.02047597336136028,0.020653510256250916,0.020557099999905404
19.859801,0.019427099999802522,0.020597099999849888,0.020526519967335215,0.020589547552290168,0.020557099999905404
19.879801,0.020557099999905404,0.020597099999849888,0.02046869570960045,0.020735678088432307,0.020557099999905404
19.899801,0.019427099999802522,0.019879099999843674,0.020320203927578297,0.02022148228423567,0.019427099999802522
19.919801,0.021317099999805578,0.020257099999844284,0.02012133625738698,0.01980684358957958,0.020557099999905404
19.939801,0.018667099999902348,0.01965109999982815,0.019920308518135876,0.01987966410238372,0.019427099999802522
19.9598,0.021317099999805578,0.02002909999982876,0.019760676079318272,0.020185444988186536,0.021317099999805578
19.9798,0.017527099999824713,0.019877099999848723,0.019672600747474376,0.01947793916068245,0.020557099999905404
19.9998,0.021317099999805578,0.019839099999853716,0.01966813074570466,0.01958665710940788,0.020557099999905404
20.0198,0.020557099999905404,0.01908109999985754,0.019740025990106498,0.01958120256395597,0.018477099999927304
20.039799,0.018477099999927304,0.020215099999859376,0.019863209749147317,0.02001427948704773,0.020557099999905404
20.059799,0.017527099999824713,0.020025099999884333,0.019999445424115508,0.01985122587401411,0.02036709999993036
20.079799,0.02319709999983388,0.019987099999889325,0.02010835706680796,0.020374279487067395,0.02036709999993036
20.099799,0.02036709999993036,0.02017709999986437,0.020165269439659843,0.02027999044275882,0.02036709999993036
20.119799,0.02036709999993036,0.02093509999986054,0.020177539572453534,0.02014947762222518,0.02036709999993036
20.139798,0.019427099999802522,0.02018109999985427,0.020186407754208192,0.02036227482503209,0.02036709999993036
20.159798,0.021317099999805578,0.019803099999853656,0.020248692776487873,0.02026089953365569,0.019427099999802522
20.179798,0.019427099999802522,0.02018109999985427,0.020405640686557074,0.019956727039492188,0.019427099999802522
20.199798,0.018477099999927304,0.02055909999985488,0.020654594155712417,0.02048476899753182,0.021317099999805578
20.219798,0.022257099999933416,0.02070909999988544,0.020939358532663186,0.02089246130522037,0.021317099999805578
20.239797,0.021317099999805578,0.02108709999988605,0.021167339573875017,0.021358428671203272,0.021317099999805578
20.259797,0.022067099999958373,0.021655099999861704,0.021247709723845286,0.021139920512705655,0.021317099999805578
20.279797,0.021317099999805578,0.021277099999861094,0.021132627903991584,0.02145716992994328,0.021317099999805578
20.299797,0.021317099999805578,0.020747099999880447,0.020841546679128967,0.021266260839015328,0.021317099999805578
20.319797,0.02036709999993036,0.020597099999849888,0.02045749940174821,0.020267799300567192,0.021317099999805578
20.339796,0.018667099999902348,0.02006709999986924,0.020097394795234348,0.019879547552328944,0.02036709999993036
20.359796,0.021317099999805578,0.019499099999893587,0.019868962963541206,0.01968654055930044,0.018667099999902348
20.379796,0.018667099999902348,0.01968909999986863,0.01983126868575978,0.01966765944043996,0.018667099999902348
20.399796,0.018477099999927304,0.020219099999849277,0.01997344879612349,0.019819873892649068,0.021317099999805578
20.419796,0.021317099999805578,0.020029099999874234,0.020219877349363768,0.020428498601247142,0.02036709999993036
20.439795,0.021317099999805578,0.02055909999985488,0.02046067942260466,0.020727892540646276,0.021317099999805578
20.459795,0.02036709999993036,0.021127099999830534,0.020595689138709596,0.020620293473049625,0.021317099999805578
20.479795,0.021317099999805578,0.020597099999849888,0.020572918475418693,0.020713883216612432,0.021317099999805578
20.499795,0.021317099999805578,0.020219099999849277,0.020404962798559263,0.02060430279702883,0.02036709999993036
20.519795,0.018667099999902348,0.02003109999982371,0.020157387027297066,0.019902601165345556,0.019427099999802522
20.539794,0.019427099999802522,0.019841099999848667,0.019916098986102214,0.019493160605908395,0.019427099999802522
20.559794,0.019427099999802522,0.019273099999873013,0.0197501165343032,0.019662018414785615,0.019427099999802522
20.579794,0.02036709999993036,0.019651099999873623,0.01968713130378619,0.01985115594395019,0.019427099999802522
20.599794,0.018477099999927304,0.020179099999904793,0.019711122939899073,0.01968693682973758,0.02036709999993036
20.619794,0.020557099999905404,0.020179099999904793,0.019779530333632063,0.020115957808742826,0.02036709999993036
20.639793,0.022067099999958373,0.019611099999883662,0.019848577281560188,0.020011971794766006,0.019427099999802522
20.659793,0.019427099999802522,0.02017909999985932,0.019892214139513514,0.019743463636243574,0.020557099999905404
20.679793,0.017527099999824713,0.019801099999858705,0.01990471023698939,0.01976211165486306,0.019427099999802522
20.699793,0.021317099999805578,0.019273099999827535,0.019888722263023285,0.019866400699135783,0.019427099999802522
20.719793,0.018667099999902348,0.01965109999982815,0.01984147608133193,0.01959845198117456,0.019427099999802522
20.739793,0.019427099999802522,0.02003109999982371,0.019751871811989775,0.019695375058085607,0.019427099999802522
20.759792,0.021317099999805578,0.0196530999998231,0.019611488396859788,0.019811086013806524,0.019427099999802522
20.779792,0.019427099999802522,0.019805099999803132,0.019431423352306982,0.019723440326154217,0.019427099999802522
20.799792,0.019427099999802522,0.01942509999980757,0.01925186211006214,0.019156120978820818,0.019427099999802522
20.819792,0.019427099999802522,0.01904709999980696,0.019134885892064177,0.019257519580209867,0.019427099999802522
20.839791,0.017527099999824713,0.01904709999980696,0.019141307975466607,0.01904959417231439,0.019427099999802522
20.859791,0.019427099999802522,0.019273099999827535,0.019302683265754815,0.019214279487015873,0.019427099999802522
20.879791,0.019427099999802522,0.019461099999853106,0.019603113720233278,0.01952919790194481,0.019427099999802522
20.899791,0.020557099999905404,0.020219099999849277,0.019979972038625442,0.01991546829820935,0.02036709999993036
20.919791,0.02036709999993036,0.020219099999849277,0.020342309153155238,0.02038714661989992,0.02036709999993036
20.93979,0.021317099999805578,0.020597099999849888,0.020597650561596355,0.020744838927595457,0.020557099999905404
20.95979,0.019427099999802522,0.02055909999985488,0.020676579817320073,0.020649291142038215,0.02036709999993036
20.97979,0.021317099999805578,0.020371099999829313,0.020548695089253013,0.02041141235415845,0.02036709999993036
20.99979,0.02036709999993036,0.0199930999998287,0.0202285057258695,0.020255351748077924,0.019427099999802522
21.01979,0.019427099999802522,0.019841099999848667,0.01977218780140527,0.01969807902081454,0.019427099999802522
21.039789,0.019427099999802522,0.019463099999848056,0.0192663998671117,0.019272647785389976,0.019427099999802522
21.059789,0.018667099999902348,0.018745099999841842,0.018810854319062598,0.019039058041802212,0.019427099999802522
21.079789,0.019427099999802522,0.018745099999841842,0.01849739341716784,0.018503160605919514,0.019427099999802522
21.099789,0.016777099999899292,0.0185550999998668,0.018389144311855687,0.018267379720140305,0.018667099999902348
21.119789,0.019427099999802522,0.018517099999871788,0.018504161060121337,0.01837250792528399,0.018477099999927304
21.139788,0.018477099999927304,0.018517099999871788,0.01880859881708802,0.018835328438099368,0.018477099999927304
21.159788,0.018477099999927304,0.019425099999853045,0.019223356841386444,0.01933381328656853,0.019427099999802522
21.179788,0.019427099999802522,0.019803099999853656,0.019644692239516797,0.01970675034950055,0.019427099999802522
21.199788,0.021317099999805578,0.0199930999998287,0.01997427733872606,0.020225188577908754,0.019427099999802522
21.219788,0.021317099999805578,0.020183099999803743,0.02014854178382693,0.020055957808679126,0.019427099999802522
21.239788,0.019427099999802522,0.020183099999803743,0.02015429680704429,0.01992439603710183,0.019427099999802522
21.259787,0.019427099999802522,0.0196530999998231,0.02002272887790387,0.020001785314483874,0.019427099999802522
21.279787,0.019427099999802522,0.019275099999822486,0.01980616333009673,0.019845141957865527,0.019427099999802522
21.299787,0.018667099999902348,0.0196530999998231,0.019552344578419017,0.019476610489345476,0.019427099999802522
21.319787,0.019427099999802522,0.019463099999848056,0.01929082212794722,0.019181948484683284,0.019427099999802522
21.339787,0.021317099999805578,0.01908309999985249,0.019035868080407126,0.018911668764410194,0.018667099999902348
21.359786,0.018477099999927304,0.018855099999836967,0.01879825370280075,0.018846517249269466,0.018477099999927304
21.379786,0.017527099999824713,0.018665099999861923,0.01859365965689229,0.018846051048823528,0.018477099999927304
21.399786,0.017527099999824713,0.01847509999988688,0.018442099391696685,0.01859360349638528,0.018477099999927304
21.419786,0.018477099999927304,0.01847509999988688,0.018363151262731206,0.01839476899755723,0.018477099999927304
21.439785,0.02036709999993036,0.01847509999988688,0.01837417759548763,0.01824954755233938,0.018477099999927304
21.459785,0.018477099999927304,0.01885509999988244,0.018491170402634784,0.018561458974230755,0.018477099999927304
21.479785,0.017527099999824713,0.018893099999877448,0.01872521604738657,0.01868423286700367,0.018667099999902348
21.499785,0.019427099999802522,0.01870509999985188,0.01907111969060968,0.0190857713285343,0.018667099999902348
21.519785,0.018667099999902348,0.019121099999847502,0.01949455620283938,0.019457566200330716,0.019427099999802522
21.539784,0.019427099999802522,0.02006709999986924,0.01992922904283798,0.019535911188668705,0.019427099999802522
21.559784,0.020557099999905404,0.02025509999989481,0.020291066074078,0.02040362680639786,0.02036709999993036
21.579784,0.022257099999933416,0.020407099999874844,0.020506166846165505,0.02091528181808132,0.02036709999993036
21.599784,0.02036709999993036,0.020935099999906014,0.020539713993682367,0.020490246853055734,0.020557099999905404
21.619784,0.019427099999802522,0.020557099999905404,0.02041063174844304,0.020485468298268045,0.02036709999993036
21.639783,0.022067099999958373,0.019611099999883662,0.0201837582625148,0.020179384382178863,0.019427099999802522
21.659783,0.018667099999902348,0.019801099999858705,0.01994294147809216,0.01962066643343204,0.019427099999802522
21.679783,0.017527099999824713,0.019801099999858705,0.019757635109375837,0.01942180862454205,0.019427099999802522
21.699783,0.021317099999805578,0.019273099999827535,0.019658763418881838,0.01988982727255727,0.019427099999802522
21.719783,0.019427099999802522,0.019803099999808182,0.01963531943137991,0.01982954755228187,0.019427099999802522
21.739783,0.019427099999802522,0.020371099999829313,0.019651809859413404,0.019466517249234785,0.02036709999993036
21.759782,0.021317099999805578,0.01961309999983314,0.01967473313070632,0.019955072027796304,0.019427099999802522
21.779782,0.02036709999993036,0.01961309999983314,0.019691978124424553,0.02001309067582323,0.019427099999802522
21.799782,0.017527099999824713,0.01999109999983375,0.01971451316398175,0.01973013030285486,0.02036709999993036
21.819782,0.019427099999802522,0.01961309999983314,0.019761283471050637,0.0195956314683617,0.019427099999802522
21.839782,0.021317099999805578,0.01942509999980757,0.01983854001722474,0.01951654055926218,0.019427099999802522
21.859781,0.019427099999802522,0.0196530999998231,0.01992636418082972,0.01962250792522595,0.019427099999802522
21.879781,0.019427099999802522,0.02003109999982371,0.019978544866239636,0.01986747296019845,0.019427099999802522
21.899781,0.018667099999902348,0.019879099999843674,0.019935637914645858,0.020414629137376652,0.019427099999802522
21.919781,0.021317099999805578,0.01972709999986364,0.01974837945611001,0.01980926783201678,0.019427099999802522
21.93978,0.020557099999905404,0.01972709999986364,0.019404770364074814,0.01941567808843441,0.019427099999802522
21.95978,0.018667099999902348,0.019121099999847502,0.01894816164758965,0.018954116316888377,0.019427099999802522
21.97978,0.019427099999802522,0.01855309999987185,0.018473255117434424,0.018535025407791846,0.018667099999902348
21.99978,0.015637099999821658,0.017797099999870624,0.01809720055601562,0.018030852913609112,0.018477099999927304
22.01978,0.018477099999927304,0.01794909999985066,0.0179178686741053,0.017697962470738682,0.018477099999927304
22.039779,0.016777099999899292,0.017797099999870624,0.0179795636209198,0.01794514195791474,0.018477099999927304
22.059779,0.019427099999802522,0.018743099999892366,0.018261968511817855,0.018432857575632858,0.018667099999902348
22.079779,0.018667099999902348,0.01893309999986741,0.01869458531302597,0.018771435664202012,0.019427099999802522
22.099779,0.02036709999993036,0.019463099999848056,0.019185668098998954,0.019360736363498367,0.019427099999802522
22.119779,0.019427099999802522,0.019463099999848056,0.019649594999266728,0.019649104661853056,0.019427099999802522
22.139778,0.019427099999802522,0.019803099999853656,0.02002163279394309,0.019988871561606964,0.019427099999802522
22.159778,0.019427099999802522,0.0199930999998287,0.02025973264143165,0.019936447319182576,0.019427099999802522
22.179778,0.02036709999993036,0.0199930999998287,0.020341564708923485,0.020255584848316265,0.019427099999802522
22.199778,0.021317099999805578,0.02018109999985427,0.02026532035484669,0.020219803962548865,0.02036709999993036
22.219778,0.019427099999802522,0.020369099999879837,0.020055583317345457,0.02026943100220219,0.02036709999993036
22.239777,0.02036709999993036,0.020029099999874234,0.019767877766995085,0.02006616759895377,0.02036709999993036
22.259777,0.02036709999993036,0.019499099999893587,0.019483624539221873,0.019314955477760985,0.019427099999802522
22.279777,0.018667099999902348,0.019309099999918544,0.019291558466569575,0.01924549160830289,0.018667099999902348
22.299777,0.018667099999902348,0.018931099999917933,0.019259246284377803,0.01917859184140508,0.018667099999902348
22.319777,0.018477099999927304,0.019497099999898636,0.019406033558859233,0.019356563869375627,0.018667099999902348
22.339777,0.018477099999927304,0.019649099999878673,0.01969198462629731,0.019564069696851524,0.018667099999902348
22.359776,0.02319709999983388,0.019989099999884276,0.020031521194710866,0.0199715522143218,0.019427099999802522
22.379776,0.019427099999802522,0.02055709999985993,0.020326908664772624,0.020749967132738807,0.02036709999993036
22.399776,0.02036709999993036,0.020973099999855548,0.020504970538777985,0.020866517249278217,0.020557099999905404
22.419776,0.021317099999805578,0.020445099999869855,0.020539665658041266,0.020325538228300265,0.020557099999905404
22.439775,0.020557099999905404,0.02006509999987429,0.02045238790991798,0.020099803962573583,0.020557099999905404
22.459775,0.020557099999905404,0.01972509999986869,0.020292704662870236,0.02012124918401978,0.020557099999905404
22.479775,0.017527099999824713,0.02010109999987435,0.020110194153208593,0.02024530512807893,0.020557099999905404
22.499775,0.018667099999902348,0.020253099999854383,0.019932632329659774,0.01998996713271938,0.020557099999905404
22.519774,0.02319709999983388,0.019497099999853162,0.01976314138881042,0.019663720046482952,0.018667099999902348
22.539774,0.021317099999805578,0.019877099999848723,0.019595650228314793,0.019557216549966915,0.019427099999802522
22.559774,0.016777099999899292,0.019877099999848723,0.019433035506988425,0.019586447319185366,0.019427099999802522
22.579774,0.019427099999802522,0.019123099999842453,0.01929171172740108,0.019517193239929644,0.019427099999802522
22.599774,0.018667099999902348,0.0187810999998419,0.01919159345386756,0.01915064312338753,0.019427099999802522
22.619774,0.019427099999802522,0.01915909999984251,0.01914378318845561,0.018739197901956602,0.019427099999802522
22.639773,0.019607099999802813,0.019347099999868077,0.019147040490958684,0.01928982727258598,0.019427099999802522
22.659773,0.018667099999902348,0.019499099999848113,0.019193760695451118,0.019434699067449764,0.019427099999802522
22.679773,0.02036709999993036,0.019499099999848113,0.019278654749492488,0.01923626083900533,0.019427099999802522
22.699773,0.019427099999802522,0.01908309999985249,0.01940263526567246,0.019324512587253685,0.019427099999802522
22.719773,0.019427099999802522,0.01961309999983314,0.01956849454217277,0.019591622144370976,0.019427099999802522
22.739773,0.017527099999824713,0.01965109999982815,0.019771299747266092,0.01967024685298639,0.019427099999802522
22.759772,0.021317099999805578,0.02002909999982876,0.019991660909999924,0.020163113985828176,0.020557099999905404
22.779772,0.020557099999905404,0.02002909999982876,0.02019904457215358,0.02011873170144346,0.020557099999905404
22.799772,0.021317099999805578,0.02082309999982499,0.02036403882854263,0.020206727039453018,0.021317099999805578
22.819772,0.019427099999802522,0.020293099999844345,0.020470361765456573,0.020587263170014206,0.020557099999905404
22.839772,0.02149709999980587,0.020293099999844345,0.020517877437227983,0.02062061981338415,0.020557099999905404
22.859771,0.018667099999902348,0.020443099999874904,0.020516018896562398,0.020498941491702453,0.020557099999905404
22.879771,0.020557099999905404,0.020443099999874904,0.020474479919609802,0.020481319114087997,0.020557099999905404
22.899771,0.022067099999958373,0.020407099999874844,0.02039854939624489,0.020334069696854182,0.020557099999905404
22.91977,0.019427099999802522,0.020369099999879837,0.020290531540205162,0.020229640792410682,0.020557099999905404
22.93977,0.021317099999805578,0.02014309999985926,0.020152457335045,0.020003766666534424,0.019427099999802522
22.95977,0.018477099999927304,0.01961509999982809,0.01998521075870681,0.020118521911265473,0.019427099999802522
22.97977,0.019427099999802522,0.019803099999853656,0.019785191015636135,0.01972059650333082,0.019427099999802522
22.99977,0.019427099999802522,0.019425099999853045,0.019544788617940963,0.019492228204974107,0.019427099999802522
23.01977,0.02036709999993036,0.019463099999848056,0.019261013772585232,0.01954311398587505,0.019427099999802522
23.039769,0.019427099999802522,0.019273099999873013,0.01894852676573493,0.018797682750446434,0.019427099999802522
23.059769,0.018667099999902348,0.018893099999877448,0.01864662176395838,0.018896610489385166,0.018667099999902348
23.079769,0.018477099999927304,0.018137099999876227,0.0184113931973999,0.018326470629258518,0.018477099999927304
23.099769,0.017527099999824713,0.018325099999901794,0.018293884298286628,0.018228125640916963,0.018477099999927304
23.119769,0.01658709999992425,0.01809709999988627,0.01831531522111318,0.018194908857693943,0.017527099999824713
23.139768,0.02036709999993036,0.01847509999988688,0.01845399148406102,0.018249454312252736,0.017527099999824713
23.159768,0.017527099999824713,0.018703099999902405,0.018652372537370204,0.018672997435791833,0.018667099999902348
23.179768,0.02036709999993036,0.01908109999990302,0.018840957006436104,0.019084162936972897,0.018667099999902348
23.199768,0.018667099999902348,0.01908109999990302,0.018966461370954917,0.01917288088570271,0.018667099999902348
23.219768,0.018477099999927304,0.019271099999923536,0.01901089948737781,0.01919551491831776,0.018667099999902348
23.239767,0.02036709999993036,0.018703099999902405,0.01899414443873109,0.018783789976592975,0.018477099999927304
23.259767,0.018477099999927304,0.01885309999988749,0.018960203859455443,0.01883180862460169,0.018477099999927304
23.279767,0.017527099999824713,0.018891099999882498,0.018953630794336793,0.018764116316890546,0.018667099999902348
23.299767,0.01941709999982777,0.01870109999986198,0.018996700823157613,0.018971342424118694,0.018667099999902348
23.319767,0.018667099999902348,0.01907909999986259,0.01907859126862924,0.019035794638565598,0.01941709999982777
23.339766,0.01941709999982777,0.01930709999987812,0.019162345008462252,0.01920094615371408,0.01941709999982777
23.359766,0.02036709999993036,0.01930709999987812,0.0192057344906875,0.019409221211982176,0.01941709999982777
23.379766,0.018667099999902348,0.019457099999863205,0.019184604609453697,0.01931961748239002,0.01941709999982777
23.399766,0.01941709999982777,0.01907909999986259,0.019106684039477257,0.018867799300566687,0.01941709999982777
23.419766,0.01941709999982777,0.01873909999985699,0.01900983010136326,0.019005794638550177,0.018667099999902348
23.439765,0.017527099999824713,0.018889099999842073,0.018947060678563714,0.019173603496355655,0.01941709999982777
23.459765,0.018667099999902348,0.019267099999842684,0.018966962798852943,0.018901715384451206,0.01941709999982777
23.479765,0.01941709999982777,0.019267099999842684,0.01909904402571188,0.019086470629206393,0.01941709999982777
23.499765,0.021307099999830825,0.019267099999842684,0.019348317848576213,0.019265631468371232,0.01941709999982777
23.519765,0.01941709999982777,0.01979509999982838,0.019695541875434694,0.019838009090745366,0.01941709999982777
23.539764,0.017527099999824713,0.02017309999982899,0.02009713265827885,0.020181155943886593,0.021307099999830825
23.559764,0.021307099999830825,0.02017309999982899,0.02048517090358089,0.020251016083738894,0.021307099999830825
23.579764,0.021307099999830825,0.02017309999982899,0.02077475951025751,0.020518498601228202,0.021307099999830825
23.599764,0.021307099999830825,0.020929099999830215,0.020883395881961832,0.0207872398599699,0.021307099999830825
23.619764,0.01941709999982777,0.020929099999830215,0.020757650689989266,0.02110129580401999,0.021307099999830825
23.639763,0.021307099999830825,0.020551099999829604,0.020396689423258813,0.020626120978852348,0.021307099999830825
23.659763,0.021307099999830825,0.01979509999982838,0.019862916134355344,0.01974234475507452,0.01941709999982777
23.679763,0.01941709999982777,0.019267099999842684,0.019272970859435426,0.019161785314526503,0.01941709999982777
23.699763,0.017527099999824713,0.018889099999842073,0.01876729767789255,0.01867472237746525,0.01941709999982777
23.719763,0.016777099999899292,0.018361099999856377,0.018466301888249517,0.018794722377478694,0.018667099999902348
23.739762,0.01941709999982777,0.018361099999856377,0.01843096339786397,0.01831199510475223,0.018667099999902348
23.759762,0.018667099999902348,0.018967099999872516,0.018645440024665987,0.0183392678320356,0.01941709999982777
23.779762,0.01941709999982777,0.0191170999998576,0.019026923142012785,0.0190356314684039,0.01941709999982777
23.799762,0.020557099999905404,0.019345099999873126,0.01945420159657963,0.019722204894966424,0.01941709999982777
23.819762,0.017527099999824713,0.019873099999858822,0.019801544141738677,0.019900316783078603,0.020557099999905404
23.839761,0.020557099999905404,0.019873099999858822,0.01996883222543889,0.019803696736456572,0.020557099999905404
23.859761,0.021307099999830825,0.019457099999863205,0.01990453588727316,0.019958918181675146,0.01941709999982777
23.879761,0.01941709999982777,0.019835099999863815,0.019618868449900018,0.019527682750449915,0.01941709999982777
23.899761,0.018477099999927304,0.019419099999868194,0.019182534031448983,0.01930747296024012,0.01941709999982777
23.91976,0.01941709999982777,0.018513099999881887,0.01870844383253704,0.018721785314573136,0.018477099999927304
23.93976,0.018477099999927304,0.018363099999896805,0.0183201655869307,0.01818567808846634,0.018477099999927304
23.95976,0.016777099999899292,0.01798509999989619,0.018116343032692633,0.017891272494072633,0.018477099999927304
23.97976,0.018667099999902348,0.018325099999901794,0.01814217494529313,0.018318848251647965,0.018477099999927304
23.99976,0.01658709999992425,0.018363099999896805,0.018377795947442984,0.01855043333323666,0.018667099999902348
24.019759,0.021117099999855782,0.019119099999898026,0.018748239770218656,0.018744629137440377,0.018667099999902348
24.039759,0.018667099999902348,0.01908109999990302,0.019150567686152743,0.019157799300595604,0.018667099999902348
24.059759,0.020557099999905404,0.019647099999883722,0.01948559047113125,0.019416004428785896,0.01941709999982777
24.079759,0.018477099999927304,0.01930709999987812,0.019680991087696185,0.01968511864789484,0.01941709999982777
24.099759,0.01941709999982777,0.019457099999863205,0.019700443647993178,0.019848498601266695,0.01941709999982777
24.119759,0.01941709999982777,0.019457099999863205,0.01954269540365274,0.019332904195667567,0.01941709999982777
24.139759,0.01941709999982777,0.019267099999842684,0.019237594953799262,0.019314815617557345,0.01941709999982777
24.159758,0.020557099999905404,0.018889099999842073,0.018841468824916746,0.018614932167671763,0.01941709999982777
24.179758,0.017527099999824713,0.018511099999841463,0.018428294243479502,0.01854087622361676,0.017527099999824713
24.199758,0.017527099999824713,0.017983099999855767,0.018073122768816532,0.018162554545304712,0.017527099999824713
24.219758,0.017527099999824713,0.01775509999984024,0.017831067721860678,0.01771744965019733,0.017527099999824713
24.239758,0.016777099999899292,0.01775509999984024,0.017721879853200756,0.01768619090893324,0.017527099999824713
24.259757,0.01941709999982777,0.01775509999984024,0.017729113467794322,0.017711925174658714,0.017527099999824713
24.279757,0.017527099999824713,0.018133099999840852,0.0178142392236759,0.017921925174662765,0.017527099999824713
24.299757,0.017527099999824713,0.018283099999825934,0.01793717338398395,0.018163883216616782,0.017527099999824713
24.319757,0.01941709999982777,0.017905099999825324,0.01807228486015513,0.018132554545281874,0.017527099999824713
24.339756,0.017527099999824713,0.018283099999825934,0.018213162731673088,0.018184792307511775,0.017527099999824713
24.359756,0.017527099999824713,0.018283099999825934,0.018366055458369324,0.018037729370446478,0.017527099999824713
24.379756,0.01941709999982777,0.018283099999825934,0.018537468752172458,0.01867045664318537,0.017527099999824713
24.399756,0.017527099999824713,0.01866109999982655,0.018723846639322944,0.01874355687629397,0.01941709999982777
24.419756,0.01941709999982777,0.019229099999847676,0.018909244836542778,0.018692764335498758,0.01941709999982777
24.439756,0.01941709999982777,0.018851099999847066,0.01907157626002489,0.019212904195645114,0.01941709999982777
24.459755,0.02036709999993036,0.019229099999847676,0.01919265093687445,0.01928658717934824,0.01941709999982777
24.479755,0.017527099999824713,0.019419099999868194,0.01926519836945468,0.019386354079128254,0.01941709999982777
24.499755,0.01941709999982777,0.0192310999998881,0.01929306877565946,0.01919500209778185,0.01941709999982777
24.519755,0.02036709999993036,0.019041099999867583,0.01928633653187434,0.019069384382162755,0.01941709999982777
24.539755,0.018477099999927304,0.019041099999867583,0.019255649455183134,0.019282647785418258,0.01941709999982777
24.559754,0.01941709999982777,0.019419099999868194,0.019208655769813322,0.01916073636349133,0.01941709999982777
24.579754,0.017527099999824713,0.019229099999847676,0.019149635453906706,0.019384955477701388,0.01941709999982777
24.599754,0.021307099999830825,0.01903909999982716,0.019082860815618767,0.019038941491683305,0.01941709999982777
24.619754,0.01941709999982777,0.01903909999982716,0.019017875951166247,0.018917263169994186,0.01941709999982777
24.639754,0.017527099999824713,0.019229099999847676,0.018971614376071692,0.01912577132850009,0.01941709999982777
24.659753,0.01941709999982777,0.018851099999847066,0.018963479017315453,0.0189217153844553,0.01941709999982777
24.679753,0.018477099999927304,0.018851099999847066,0.01900578632886927,0.019059361072119172,0.01941709999982777
24.699753,0.01941709999982777,0.01907909999986259,0.019096431100038995,0.018857403030172283,0.01941709999982777
24.719753,0.01941709999982777,0.01926909999988311,0.01921865468743716,0.019152484615250875,0.01941709999982777
24.739752,0.018667099999902348,0.019457099999863205,0.019347642783917048,0.019529640792416793,0.01941709999982777
24.759752,0.02036709999993036,0.019457099999863205,0.0194602431279886,0.01970365011642669,0.01941709999982777
24.779752,0.01941709999982777,0.019647099999883722,0.019543294951357607,0.019594792307551685,0.01941709999982777
24.799752,0.01941709999982777,0.019797099999868804,0.019596723121439102,0.019409407692175074,0.01941709999982777
24.819752,0.02036709999993036,0.019229099999847676,0.019629441755385193,0.019417589510355847,0.01941709999982777
24.839751,0.01941709999982777,0.019419099999868194,0.019649408425958213,0.019768148950918503,0.01941709999982777
24.859751,0.017527099999824713,0.019647099999883722,0.019653072535573957,0.01954472237749793,0.02036709999993036
24.879751,0.02036709999993036,0.01968509999987873,0.019621827579095814,0.019617216549996694,0.02036709999993036
24.899751,0.020557099999905404,0.01930709999987812,0.01953047703253989,0.019617659440441644,0.02036709999993036
24.919751,0.020557099999905404,0.01968509999987873,0.01936416876488507,0.01933234475511219,0.02036709999993036
24.93975,0.017527099999824713,0.019345099999873126,0.01913226308964415,0.019317752680531514,0.01941709999982777
24.95975,0.01941709999982777,0.01873909999985699,0.01886895752543601,0.018958428671200445,0.018667099999902348
24.97975,0.018667099999902348,0.018361099999856377,0.01862033519500326,0.018412974125720637,0.018667099999902348
24.99975,0.017527099999824713,0.018361099999856377,0.018426144563883303,0.018220876223620657,0.018667099999902348
25.01975,0.018667099999902348,0.018361099999856377,0.018306133561987032,0.018228172260923714,0.018667099999902348
25.03975,0.017527099999824713,0.01832309999986137,0.018257089604511688,0.018547123309901076,0.018477099999927304
25.059749,0.01941709999982777,0.018513099999881887,0.018261106124983065,0.018308451981231832,0.018477099999927304
25.079749,0.018477099999927304,0.01847509999988688,0.018299706124469958,0.018319640792426845,0.018477099999927304
25.099749,0.018477099999927304,0.01847509999988688,0.018364978701818725,0.018422088344884457,0.018477099999927304
25.119749,0.018477099999927304,0.018325099999901794,0.018460807506028975,0.01849831212109281,0.018477099999927304
25.139749,0.017527099999824713,0.018513099999881887,0.018594119608096205,0.01842677365956324,0.018477099999927304
25.159748,0.018667099999902348,0.01870109999986198,0.018763139878459265,0.01864623752901045,0.018667099999902348
25.179748,0.01941709999982777,0.01870109999986198,0.018951549575642223,0.01895194848471277,0.018667099999902348
25.199748,0.01941709999982777,0.019457099999863205,0.019132785789338674,0.01924824219099936,0.01941709999982777
25.219748,0.018477099999927304,0.019419099999868194,0.019281396937122938,0.01945047995323957,0.01941709999982777
25.239747,0.021307099999830825,0.019419099999868194,0.019383968855606514,0.019332694405472618,0.01941709999982777
25.259747,0.018477099999927304,0.01926909999988311,0.01944280644735703,0.019346004428782957,0.018667099999902348
25.279747,0.01941709999982777,0.01930709999987812,0.019470002139625454,0.019525584848370026,0.018667099999902348
25.299747,0.018667099999902348,0.01930709999987812,0.01947576403209823,0.019243323776100253,0.018667099999902348
25.319747,0.018667099999902348,0.019495099999858212,0.019459640015811394,0.019352647785407948,0.01941709999982777
25.339746,0.021307099999830825,0.0191170999998576,0.019412064847354894,0.019474792307543013,0.018667099999902348
25.359746,0.01941709999982777,0.019645099999843298,0.019325916722394212,0.01960996713270198,0.01941709999982777
25.379746,0.017527099999824713,0.01979509999982838,0.0192097819269572,0.019319897202643592,0.01941709999982777
25.399746,0.021307099999830825,0.018889099999842073,0.01909330696086446,0.019020037062779434,0.01941709999982777
25.419746,0.01941709999982777,0.01873909999985699,0.019020028419337802,0.019050806293547832,0.018667099999902348
25.439745,0.016777099999899292,0.0191170999998576,0.019029589188364848,0.018693603496362298,0.01941709999982777
25.459745,0.018667099999902348,0.0191170999998576,0.019137439716921785,0.019069827272586506,0.01941709999982777
25.479745,0.01941709999982777,0.018967099999872516,0.01932424151046285,0.019732624475387255,0.018667099999902348
25.499745,0.021307099999830825,0.019873099999858822,0.01954352217425494,0.019319267832039664,0.01941709999982777
25.519745,0.018667099999902348,0.020251099999859433,0.019744015742342795,0.019662974125747395,0.020557099999905404
25.539744,0.021307099999830825,0.01972309999987374,0.019892620299335854,0.020267169929929867,0.020557099999905404
25.559744,0.020557099999905404,0.01972309999987374,0.01998427473419985,0.020045281818040158,0.020557099999905404
25.579744,0.016777099999899292,0.020251099999859433,0.020034805778592336,0.019896680419448767,0.021307099999830825
25.599744,0.021307099999830825,0.01972309999987374,0.02006402547083165,0.01978222820500143,0.020557099999905404
25.619744,0.021307099999830825,0.01968509999987873,0.020081376847061745,0.020097472960259065,0.02036709999993036
25.639743,0.018667099999902348,0.020403099999884943,0.020081968717796685,0.020045235198027048,0.02036709999993036
25.659743,0.02036709999993036,0.02021509999990485,0.020052109987806224,0.02003754289033455,0.02036709999993036
25.679743,0.02036709999993036,0.01983709999990424,0.01997883207970733,0.020327006759805897,0.02036709999993036
25.699743,0.02036709999993036,0.019799099999909232,0.01985830990394854,0.01976607435888731,0.02036709999993036
25.719743,0.01941709999982777,0.01983709999990424,0.01969948510215172,0.019470503263316737,0.02036709999993036
25.739742,0.018477099999927304,0.01945909999990363,0.019521246203795674,0.019732810955623088,0.01941709999982777
25.759742,0.020557099999905404,0.019119099999898026,0.01934520918105156,0.019279780652587515,0.018667099999902348
25.779742,0.018477099999927304,0.019347099999913554,0.019188628710863354,0.019139920512714254,0.018667099999902348
25.799742,0.018667099999902348,0.019157099999893033,0.019060737737060397,0.019146773659567056,0.018667099999902348
25.819742,0.020557099999905404,0.01892909999987751,0.01896272616383471,0.01895017692297059,0.018667099999902348
25.839741,0.017527099999824713,0.018967099999872516,0.018889511987720077,0.01882348694625597,0.018667099999902348
25.859741,0.01941709999982777,0.01873909999985699,0.018831378382080672,0.018685608158354287,0.018667099999902348
25.879741,0.018667099999902348,0.01854909999983647,0.01877524121717927,0.018999897202632652,0.018667099999902348
25.899741,0.017527099999824713,0.018927099999837084,0.018707342623242414,0.018656563869307537,0.01941709999982777
25.919741,0.019607099999802813,0.01873909999985699,0.01861913295923685,0.01848742634016879,0.018667099999902348
25.93974,0.01941709999982777,0.018361099999856377,0.018515021581444906,0.018746260839026616,0.018477099999927304
25.95974,0.018477099999927304,0.01873909999985699,0.0184167377396751,0.01847295081571179,0.01941709999982777
25.97974,0.016777099999899292,0.018513099999881887,0.018358783045250796,0.018303137295897172,0.018477099999927304
25.99974,0.01941709999982777,0.018173099999876284,0.018374917226952545,0.018281948484726876,0.018477099999927304
26.01974,0.018477099999927304,0.018173099999876284,0.018482149515064304,0.018481016083811287,0.018477099999927304
26.039739,0.017717099999799757,0.018891099999882498,0.018670256835782394,0.018714768997555455,0.018477099999927304
26.059739,0.018477099999927304,0.019119099999898026,0.018901721413484066,0.018837612820390703,0.018477099999927304
26.079739,0.02036709999993036,0.01892909999987751,0.019122651093688128,0.01902891818170703,0.018477099999927304
26.099739,0.020557099999905404,0.01908109999990302,0.019280409965862156,0.019315981118781918,0.018477099999927304
26.119739,0.017527099999824713,0.01945909999990363,0.019339842208578494,0.019456983449780706,0.02036709999993036
26.139738,0.018477099999927304,0.019497099999898636,0.01929166576880238,0.019334629137446456,0.02036709999993036
26.159738,0.02036709999993036,0.018741099999897416,0.019153206494412343,0.019044069696876473,0.018477099999927304
26.179738,0.020557099999905404,0.018931099999917933,0.018964937736347,0.01892926783207083,0.018477099999927304
26.199738,0.016777099999899292,0.019119099999898026,0.018783085657549038,0.018868871561660623,0.01941709999982777
26.219738,0.018477099999927304,0.01892909999987751,0.018666456920344802,0.01875267109546044,0.01941709999982777
26.239737,0.01941709999982777,0.01832309999986137,0.018659657155197212,0.018503976456748672,0.018477099999927304
26.259737,0.01941709999982777,0.018663099999866973,0.01877890056038276,0.018873323776077217,0.018477099999927304
26.279737,0.017527099999824713,0.019229099999847676,0.01900519901189495,0.019036120978874683,0.01941709999982777
26.299737,0.018477099999927304,0.019609099999843237,0.019286680394502317,0.019379221211960396,0.01941709999982777
26.319736,0.021307099999830825,0.01908109999985754,0.019550522863270508,0.019272741025480333,0.018477099999927304
26.339736,0.021317099999805578,0.019461099999853106,0.019722201502189993,0.019600946153708016,0.019427099999802522
26.359736,0.016777099999899292,0.019839099999853716,0.019745221879983434,0.019704326107088256,0.02036709999993036
26.379736,0.019427099999802522,0.01968909999986863,0.019594938393833167,0.020017566200336217,0.02036709999993036
26.399736,0.02036709999993036,0.01893109999987246,0.019286023726455097,0.019330876223637293,0.019427099999802522
26.419736,0.020557099999905404,0.01930909999987307,0.018875090256304034,0.018636470629241175,0.019427099999802522
26.439735,0.017527099999824713,0.018551099999876898,0.0184545201144413,0.018334908857693993,0.018667099999902348
26.459735,0.018667099999902348,0.018211099999871295,0.018131161776249124,0.018595608158388063,0.018667099999902348
26.479735,0.015637099999821658,0.017795099999875674,0.017991978753859605,0.017901692074464317,0.018477099999927304
26.499735,0.018667099999902348,0.018175099999871235,0.0180706937750712,0.017793883216649396,0.018667099999902348
26.519735,0.018477099999927304,0.01794709999985571,0.018332481086949078,0.017891202563972138,0.018477099999927304
26.539734,0.019427099999802522,0.018893099999877448,0.018684800753722593,0.018914815617577723,0.018667099999902348
26.559734,0.017527099999824713,0.019045099999857484,0.019009505275624984,0.019268195570950594,0.019427099999802522
26.579734,0.02036709999993036,0.01961309999983314,0.019203563870489437,0.019526796969544107,0.019427099999802522
26.599734,0.019427099999802522,0.01908309999985249,0.019214573075160463,0.01915817226090826,0.019427099999802522
26.619734,0.021317099999805578,0.01908309999985249,0.0190587103890665,0.01891339370614721,0.019427099999802522
26.639733,0.016777099999899292,0.01870509999985188,0.018812689135328554,0.01874546829823396,0.018477099999927304
26.659733,0.017527099999824713,0.018515099999876838,0.01858105769314604,0.018722158274921838,0.018477099999927304
26.679733,0.018477099999927304,0.018137099999876227,0.018453313837733944,0.01818395314671766,0.018477099999927304
26.699733,0.018477099999927304,0.018515099999876838,0.01847128549679772,0.018306307459105442,0.018477099999927304
26.719733,0.019427099999802522,0.018705099999897355,0.018619807223915968,0.018633463636265626,0.018477099999927304
26.739732,0.018667099999902348,0.01908309999989797,0.018839573643459825,0.019206750349533834,0.018667099999902348
26.759732,0.018477099999927304,0.019273099999873013,0.019051722081045115,0.01909253123532272,0.019427099999802522
26.779732,0.02036709999993036,0.018893099999877448,0.019183096346960016,0.018970619813397913,0.018667099999902348
26.799732,0.019427099999802522,0.01885509999988244,0.019184994740572687,0.01909474568751568,0.018477099999927304
26.819731,0.017527099999824713,0.019045099999857484,0.019042407766632328,0.01908318391594123,0.019427099999802522
26.839731,0.018477099999927304,0.018857099999831917,0.018774907033945226,0.018966167598904467,0.019427099999802522
26.859731,0.019427099999802522,0.018477099999836356,0.01843308933587944,0.018446237528970018,0.018477099999927304
26.879731,0.019427099999802522,0.018289099999856263,0.01809232842345867,0.017883999766749897,0.018477099999927304
26.899731,0.017527099999824713,0.01794909999985066,0.01784029364956971,0.017899151281912978,0.017527099999824713
26.91973,0.01658709999992425,0.017797099999870624,0.017754612397020798,0.017853510256271646,0.017527099999824713
26.93973,0.016777099999899292,0.017797099999870624,0.017875641475617224,0.017877216549988046,0.017527099999824713
26.95973,0.018667099999902348,0.018025099999886152,0.018188050792429876,0.018176051048831274,0.018667099999902348
26.97973,0.019427099999802522,0.018819099999882384,0.018623090871774942,0.01855239137518075,0.018667099999902348
26.99973,0.018667099999902348,0.019385099999863088,0.019081449965327086,0.019033207225981535,0.019427099999802522
27.01973,0.020557099999905404,0.019347099999868077,0.019465145553612822,0.019365048717816264,0.019427099999802522
27.039729,0.019607099999802813,0.019347099999868077,0.01970443725339457,0.019898871561637558,0.019427099999802522
27.059729,0.018477099999927304,0.01972509999986869,0.019771710036348433,0.019928009090771484,0.019607099999802813
27.079729,0.019427099999802522,0.019877099999848723,0.019682635644084477,0.019724279487034188,0.019607099999802813
27.099729,0.020557099999905404,0.019461099999853106,0.019489367680359932,0.019468335431081767,0.019427099999802522
27.119729,0.021317099999805578,0.019271099999832585,0.019268113769642735,0.01901751958025453,0.019427099999802522
27.139728,0.017527099999824713,0.019119099999852552,0.019098756956801133,0.019075165267915264,0.018667099999902348
27.159728,0.017527099999824713,0.018893099999831974,0.01903647086550349,0.01917187855461493,0.018667099999902348
27.179728,0.018667099999902348,0.01870309999985693,0.01908555135098823,0.01894460582736215,0.018667099999902348
27.199728,0.019427099999802522,0.01908309999985249,0.019192175019443414,0.018828755011509674,0.019427099999802522
27.219728,0.02036709999993036,0.01931109999986802,0.019265096135467053,0.01920668041943599,0.019427099999802522
27.239727,0.019427099999802522,0.019463099999848056,0.019216418807142737,0.01976642400918043,0.019427099999802522
27.259727,0.018667099999902348,0.019463099999848056,0.019002779800983097,0.019372251515004057,0.019427099999802522
27.279727,0.019427099999802522,0.018745099999841842,0.01864801396184146,0.018743113985856968,0.019427099999802522
27.299727,0.019427099999802522,0.017987099999845668,0.01823766051957974,0.01786656386930131,0.018667099999902348
27.319727,0.016777099999899292,0.017759099999830143,0.01788679947588927,0.01750164545437936,0.017527099999824713
27.339726,0.015637099999821658,0.017379099999834578,0.017693467216632047,0.01770372004646423,0.017527099999824713
27.359726,0.017527099999824713,0.017605099999855156,0.01769854686716424,0.017857682750420354,0.017527099999824713
27.379726,0.017527099999824713,0.018135099999835803,0.017872884706507445,0.017671225873964646,0.017527099999824713
27.399726,0.020557099999905404,0.018513099999836413,0.018138466378393784,0.018222274825016788,0.017527099999824713
27.419726,0.019427099999802522,0.018513099999836413,0.018409889633724714,0.018768894871624177,0.017527099999824713
27.439725,0.017527099999824713,0.019119099999852552,0.01863087418813842,0.018734302797053185,0.019427099999802522
27.459725,0.017527099999824713,0.018513099999836413,0.01878735214336773,0.01891369673645213,0.017527099999824713
27.479725,0.020557099999905404,0.01832309999986137,0.018896721815516007,0.018796214218971537,0.017527099999824713
27.499725,0.017527099999824713,0.01908109999985754,0.018986296850985535,0.01850311398585499,0.018477099999927304
27.519725,0.018477099999927304,0.01908109999985754,0.019074992285281017,0.01879437272712304,0.018477099999927304
27.539724,0.021317099999805578,0.018855099999836967,0.019165698838123812,0.019390876223625734,0.018477099999927304
27.559724,0.017527099999824713,0.019423099999858095,0.019248633521431552,0.01972395314670708,0.019427099999802522
27.579724,0.019427099999802522,0.019839099999853716,0.01931108979006679,0.01933572470849368,0.02036709999993036
27.599724,0.02036709999993036,0.019271099999878062,0.01934726644295569,0.01926845198123816,0.019427099999802522
27.619724,0.020557099999905404,0.01908309999989797,0.019362410654163206,0.018945398368170177,0.019427099999802522
27.639723,0.018477099999927304,0.01908309999989797,0.01936761436605917,0.019256587179382112,0.019427099999802522
27.659723,0.01658709999992425,0.019273099999873013,0.019367363498391094,0.01994243799523339,0.019427099999802522
27.679723,0.019427099999802522,0.019575099999883605,0.019350150480407204,0.019437915850695528,0.019427099999802522
27.699723,0.021317099999805578,0.019385099999863088,0.019293366149832254,0.019016470629235782,0.019427099999802522
27.719723,0.022067099999958373,0.01919509999984257,0.01918099927399578,0.018958988111737275,0.019427099999802522
27.739722,0.017527099999824713,0.019043099999862534,0.019017741446174734,0.0188948855476296,0.018667099999902348
27.759722,0.015637099999821658,0.018665099999861923,0.01882487918477139,0.01906248461524331,0.018667099999902348
27.779722,0.018667099999902348,0.01794709999985571,0.01862281108595502,0.0186148389276148,0.018477099999927304
27.799722,0.019427099999802522,0.01855309999987185,0.018420308211066903,0.018449664102436703,0.018667099999902348
27.819722,0.018477099999927304,0.01893109999987246,0.0182235313467916,0.018258382051140443,0.018667099999902348
27.839721,0.020557099999905404,0.01870309999985693,0.018056161053442182,0.018292414685171426,0.018477099999927304
27.859721,0.017527099999824713,0.01794509999986076,0.017968456607385608,0.01815190186465349,0.017527099999824713
27.879721,0.017527099999824713,0.01775509999984024,0.01801987507315517,0.017786587179333617,0.017527099999824713
27.899721,0.015637099999821658,0.01771709999984523,0.018240941063772078,0.017978778321541444,0.017527099999824713
27.919721,0.017527099999824713,0.01832309999986137,0.018599213927402967,0.01843905804181078,0.017527099999824713
27.93972,0.02036709999993036,0.01892909999987751,0.018996267085081522,0.01887236806513611,0.02036709999993036
27.95972,0.020557099999905404,0.01968509999987873,0.01930398995176587,0.01936954755233395,0.02036709999993036
27.97972,0.020557099999905404,0.019913099999894258,0.019422130520090567,0.019739710722500664,0.02036709999993036
27.99972,0.01941709999982777,0.01930709999987812,0.019324752466487873,0.01967761282039736,0.01941709999982777
28.01972,0.018667099999902348,0.01907909999986259,0.019070848061090384,0.019360736363500487,0.01941709999982777
28.039719,0.01733709999984967,0.018473099999846455,0.018776039893835774,0.01844481561755806,0.018667099999902348
28.059719,0.01941709999982777,0.018473099999846455,0.018562184684007478,0.018184582517332192,0.018667099999902348
28.079719,0.017527099999824713,0.01809509999984584,0.018508892704959118,0.018118498601242868,0.017527099999824713
28.099719,0.01941709999982777,0.01873909999985699,0.018625557440402733,0.01852779930055589,0.01941709999982777
28.119719,0.016777099999899292,0.018777099999852,0.018851834778475657,0.019114023076778848,0.01941709999982777
28.139719,0.020557099999905404,0.019383099999868137,0.01908480778307736,0.01945689020965378,0.019607099999802813
28.159718,0.019607099999802813,0.019383099999868137,0.019222888925104598,0.019284069696825452,0.019607099999802813
28.179718,0.020557099999905404,0.01953309999985322,0.01920929549678571,0.01924444265720306,0.019607099999802813
28.199718,0.01941709999982777,0.018927099999837084,0.019055617801674744,0.018961948484706073,0.01941709999982777
28.219718,0.017527099999824713,0.01870109999986198,0.018833810790187592,0.019110643123391533,0.018477099999927304
28.239717,0.017527099999824713,0.018473099999846455,0.01864116753393324,0.018456470629217566,0.018477099999927304
28.259717,0.018477099999927304,0.018473099999846455,0.018557235854440076,0.018266493939238213,0.018477099999927304
28.279717,0.01941709999982777,0.018473099999846455,0.018613755576630597,0.018359477622218748,0.018477099999927304
28.299717,0.01941709999982777,0.018851099999847066,0.01878794620579057,0.018779267832018647,0.01941709999982777
28.319717,0.017527099999824713,0.019267099999842684,0.01901601854355535,0.019389500932251263,0.01941709999982777
28.339716,0.01941709999982777,0.019267099999842684,0.019217640366693513,0.01944835874109509,0.01941709999982777
28.359716,0.020557099999905404,0.019267099999842684,0.01932293513815291,0.019214932167669025,0.01941709999982777
28.379716,0.01941709999982777,0.019267099999842684,0.019294681695153384,0.019188731701486477,0.01941709999982777
28.399716,0.01941709999982777,0.01907909999986259,0.01913822526512337,0.019162484615239936,0.01941709999982777
28.419716,0.017527099999824713,0.018851099999847066,0.018895082196510527,0.01890246130521326,0.01941709999982777
28.439715,0.018477099999927304,0.018511099999841463,0.01862433030636744,0.018646144288880874,0.018477099999927304
28.459715,0.01941709999982777,0.018133099999840852,0.018381983134304006,0.01813716992990628,0.017717099999799757
28.479715,0.017717099999799757,0.018511099999841463,0.018207068309342635,0.018121995104735847,0.018477099999927304
28.499715,0.017527099999824713,0.018133099999840852,0.018116867763795612,0.018148102330844997,0.017717099999799757
28.519715,0.01941709999982777,0.018133099999840852,0.01810929872364252,0.018265701398454563,0.017717099999799757
28.539714,0.01658709999992425,0.01832309999986137,0.0181695686100168,0.018550176922933197,0.018667099999902348
28.559714,0.01941709999982777,0.018551099999876898,0.018278355219629547,0.018286680419452694,0.018667099999902348
28.579714,0.018667099999902348,0.018551099999876898,0.018418266903751764,0.018295072027838487,0.018667099999902348
28.599714,0.018667099999902348,0.018361099999856377,0.018575124163789612,0.01839495547772469,0.018667099999902348
28.619714,0.01941709999982777,0.018361099999856377,0.018732495203779422,0.018447542890308654,0.018667099999902348
28.639714,0.015637099999821658,0.01870109999986198,0.018863044127557106,0.019047169929918527,0.01941709999982777
28.659713,0.01941709999982777,0.018851099999847066,0.018925934341751757,0.018873533566291248,0.01941709999982777
28.679713,0.02036709999993036,0.018851099999847066,0.018878825979889984,0.018964535897280595,0.01941709999982777
28.699713,0.01941709999982777,0.01907909999986259,0.018702234459484168,0.018763113985867955,0.01941709999982777
28.719712,0.01941709999982777,0.01870109999986198,0.018420864190925656,0.01842220489496361,0.01941709999982777
28.739713,0.016777099999899292,0.017983099999855767,0.018104529491883934,0.018279780652546502,0.017527099999824713
28.759712,0.017527099999824713,0.017605099999855156,0.01784418387796229,0.01778877832154308,0.017527099999824713
28.779712,0.016777099999899292,0.01745509999987007,0.017715617526075304,0.01746465244740873,0.017527099999824713
28.799712,0.017527099999824713,0.017983099999855767,0.01775098496732527,0.0176555615383176,0.017527099999824713
28.819711,0.018667099999902348,0.017983099999855767,0.017932137606297867,0.017897869230625685,0.017527099999824713
28.839711,0.01941709999982777,0.018511099999841463,0.018205677793798315,0.01858898811173862,0.018667099999902348
28.859711,0.017527099999824713,0.01873909999985699,0.018507826946972075,0.018653463636216193,0.018667099999902348
28.879711,0.01941709999982777,0.018889099999842073,0.0187848565441481,0.018731575524310005,0.01941709999982777
28.899711,0.018667099999902348,0.018511099999841463,0.019001522815722566,0.01881633076907705,0.018667099999902348
28.919711,0.01941709999982777,0.018889099999842073,0.019138920989210464,0.018866703729449506,0.01941709999982777
28.93971,0.017527099999824713,0.01907909999986259,0.01918859659356106,0.01925500209774962,0.01941709999982777
28.95971,0.01941709999982777,0.019229099999847676,0.019150366000180052,0.019318288811039794,0.01941709999982777
28.97971,0.02036709999993036,0.019229099999847676,0.019037258818032726,0.019051412354167734,0.01941709999982777
28.99971,0.01941709999982777,0.019041099999867583,0.01888321960807396,0.018924372727138795,0.01941709999982777
29.01971,0.01941709999982777,0.018891099999882498,0.018743132325254375,0.018778568531351323,0.01941709999982777
29.039709,0.01658709999992425,0.018551099999876898,0.01867772400826282,0.01872288088565958,0.018667099999902348
29.059709,0.018667099999902348,0.018551099999876898,0.018727752530767045,0.01858842867121133,0.018667099999902348
29.079709,0.018667099999902348,0.018551099999876898,0.01889241645654856,0.01876360349636948,0.018667099999902348
29.099709,0.01941709999982777,0.019345099999873126,0.019126241565901418,0.018950806293575585,0.01941709999982777
29.119709,0.01941709999982777,0.01953309999985322,0.01935751014982548,0.01942388321664691,0.01941709999982777
29.139708,0.020557099999905404,0.01953309999985322,0.019518900612980956,0.01981619090895259,0.01941709999982777
29.159708,0.019607099999802813,0.019761099999868748,0.019575354360654516,0.019845118647886795,0.019607099999802813
29.179708,0.018667099999902348,0.019611099999883662,0.019536893040658813,0.019385561538322348,0.019607099999802813
29.199708,0.020557099999905404,0.019383099999868137,0.019452152680381054,0.019369127971907478,0.01941709999982777
29.219707,0.018667099999902348,0.018967099999872516,0.019386828078580234,0.019279640792416737,0.018667099999902348
29.239707,0.01941709999982777,0.019647099999883722,0.019396267388140015,0.01944395314672235,0.01941709999982777
29.259707,0.017527099999824713,0.019419099999868194,0.019502779204997357,0.019605701398487826,0.01941709999982777
29.279707,0.022067099999958373,0.019797099999868804,0.01968631953503176,0.019455351748122917,0.01941709999982777
29.299707,0.01941709999982777,0.01960909999988871,0.019891369261878976,0.019572484615257384,0.01941709999982777
29.319707,0.020557099999905404,0.019987099999889325,0.020045099260616345,0.020313556876339622,0.01941709999982777
29.339707,0.018477099999927304,0.020025099999884333,0.02007859420305858,0.020330899533706332,0.01941709999982777
29.359706,0.01941709999982777,0.02021509999990485,0.01994618351558533,0.02016817226098233,0.02036709999993036
29.379706,0.022257099999933416,0.01942109999990862,0.019641215707925267,0.019405584848383083,0.01941709999982777
29.399706,0.02036709999993036,0.0192310999998881,0.01920384835624483,0.019006167598967248,0.01941709999982777
29.419706,0.01658709999992425,0.01885309999988749,0.018712842737909217,0.018711039393812474,0.017527099999824713
29.439705,0.017527099999824713,0.01790709999986575,0.018259255972732365,0.01832733310009231,0.017527099999824713
29.459705,0.017527099999824713,0.01771709999984523,0.01791379204166191,0.01776313729589418,0.017527099999824713
29.479705,0.017527099999824713,0.01775509999984024,0.01770677656066522,0.01754656386930786,0.017527099999824713
29.499705,0.01941709999982777,0.017983099999855767,0.017631306562029124,0.01764024685300183,0.017527099999824713
29.519705,0.016777099999899292,0.018211099999871295,0.017663901580450416,0.018189757342525224,0.018667099999902348
29.539706,0.018667099999902348,0.01806109999988621,0.017786803129632628,0.018057729370514704,0.018667099999902348
29.559704,0.018667099999902348,0.01806109999988621,0.017997598948509205,0.018018708391482532,0.018667099999902348
29.579704,0.016777099999899292,0.018211099999871295,0.018301159375262565,0.018127006759774068,0.018667099999902348
29.599704,0.01941709999982777,0.018363099999851328,0.018689512993410765,0.018236703729476573,0.018667099999902348
29.619704,0.017527099999824713,0.01870309999985693,0.019122640511232802,0.019020479953245586,0.01941709999982777
29.639703,0.019427099999802522,0.019421099999863144,0.01952411015571015,0.019518032400791065,0.019427099999802522
29.659703,0.02036709999993036,0.019801099999858705,0.01979877091320719,0.01993129580404884,0.02036709999993036
29.679703,0.02036709999993036,0.02018109999985427,0.019867727885632864,0.02003257785532163,0.02036709999993036
29.699703,0.021317099999805578,0.019801099999858705,0.019704483290223614,0.019758451981205207,0.02036709999993036
29.719702,0.019427099999802522,0.019233099999837577,0.019352585327253393,0.01940877832153192,0.019427099999802522
29.739702,0.017527099999824713,0.018893099999831974,0.018913363235574566,0.018827682750420512,0.018667099999902348
29.759702,0.017527099999824713,0.018135099999835803,0.01850876808626725,0.018325235197964196,0.017527099999824713
29.779702,0.018667099999902348,0.018135099999835803,0.018238292106704447,0.018277146619879895,0.017527099999824713
29.799702,0.017527099999824713,0.018363099999851328,0.01815038584243881,0.018122950815691263,0.018667099999902348
29.819702,0.019427099999802522,0.018743099999846892,0.018237623085456695,0.018320013752763355,0.018667099999902348
29.839701,0.018667099999902348,0.018479099999831307,0.01845063140128569,0.01859297412572358,0.018667099999902348
29.859701,0.019427099999802522,0.01870709999984683,0.0187182629631886,0.018697403030148,0.018667099999902348
29.879701,0.017347099999824422,0.01870709999984683,0.018963791823701046,0.018764396037128747,0.018667099999902348
29.899701,0.018667099999902348,0.018859099999826868,0.01911558396771683,0.01909910466183927,0.019427099999802522
29.919701,0.019427099999802522,0.018859099999826868,0.01911788024413188,0.019186493939223094,0.019427099999802522
29.9397,0.019427099999802522,0.01923709999982748,0.018946133645348497,0.019088685081394056,0.019427099999802522
29.9597,0.019427099999802522,0.01900909999981195,0.018622606341058976,0.018673859906584284,0.019427099999802522
29.9797,0.01923709999982748,0.01825109999981578,0.01822036361249681,0.018233533566261943,0.01923709999982748
29.9997,0.017527099999824713,0.017683099999840125,0.017845593827035412,0.0176657480184773,0.017527099999824713
30.0197,0.015637099999821658,0.017303099999844564,0.0176000111734763,0.01745628414901598,0.017527099999824713
30.039699,0.01658709999992425,0.01734109999983957,0.017539764568661145,0.017601155943892485,0.017527099999824713
30.059699,0.017527099999824713,0.017721099999835132,0.017653632792130097,0.01751537505812677,0.017527099999824713
30.079699,0.019427099999802522,0.018289099999856263,0.017874002417802622,0.017983440326189027,0.018477099999927304
30.099699,0.019427099999802522,0.01832709999985127,0.018113875471526247,0.018242321445080638,0.018477099999927304
30.119699,0.018477099999927304,0.01870709999984683,0.018307065108552876,0.01850292750568806,0.019427099999802522
30.139698,0.016777099999899292,0.018177099999866185,0.018429327991332515,0.018622997435748467,0.018477099999927304
30.159698,0.019427099999802522,0.018177099999866185,0.01849370415122322,0.018277239859988272,0.018477099999927304
30.179698,0.016777099999899292,0.01836709999984123,0.018530073887694697,0.018337962470716576,0.019427099999802522
30.199698,0.019427099999802522,0.018517099999826314,0.018564831205509585,0.01844716992991067,0.019427099999802522
30.219697,0.019427099999802522,0.01870509999985188,0.01861083855674968,0.018589361072100567,0.019427099999802522
30.239697,0.017527099999824713,0.018855099999836967,0.018668013768466194,0.018828312121054125,0.019427099999802522
30.259697,0.02036709999993036,0.018665099999861923,0.018728642415584258,0.01871749627024987,0.018477099999927304
30.279697,0.017527099999824713,0.018665099999861923,0.018781620423760362,0.018917636130392174,0.018477099999927304
30.299697,0.018477099999927304,0.018893099999877448,0.01881402670556946,0.0186778925406661,0.018667099999902348
30.319696,0.019427099999802522,0.01855309999987185,0.018812332033207355,0.018702834265616405,0.018667099999902348
30.339696,0.018667099999902348,0.018781099999887373,0.018766038985418038,0.0187922282050152,0.018667099999902348
30.359696,0.018667099999902348,0.018781099999887373,0.018673682124481398,0.0185651885779785,0.018667099999902348
30.379696,0.018667099999902348,0.01859109999991233,0.01854806794460474,0.018920037062846406,0.018667099999902348
30.399696,0.018477099999927304,0.018553099999917323,0.01841717367362355,0.01846490885773254,0.018477099999927304
30.419696,0.018477099999927304,0.018515099999922312,0.01831877267924402,0.018261552214382103,0.018477099999927304
30.439695,0.018477099999927304,0.018099099999926694,0.018288973594890838,0.018202344755167774,0.018477099999927304
30.459695,0.018477099999927304,0.018289099999901737,0.018347245207028663,0.01820756620037975,0.018477099999927304
30.479695,0.01658709999992425,0.018327099999896745,0.01848345270840719,0.018387053379840423,0.018477099999927304
30.499695,0.019427099999802522,0.018517099999871788,0.018654591537296785,0.018515817948591008,0.018667099999902348
30.519695,0.018667099999902348,0.01870709999984683,0.018797027106895913,0.01885649393925012,0.019427099999802522
30.539695,0.019427099999802522,0.019123099999842453,0.018852548798551517,0.019044139626881035,0.019427099999802522
30.559694,0.019427099999802522,0.019123099999842453,0.01879735022265987,0.01910089953363067,0.019427099999802522
30.579694,0.018667099999902348,0.018895099999826925,0.01865895290099059,0.01888947762220724,0.019427099999802522
30.599694,0.019427099999802522,0.018515099999831364,0.018510200452348906,0.018389850582584986,0.018667099999902348
30.619694,0.017527099999824713,0.018135099999835803,0.018439568320768526,0.0181382421909647,0.017527099999824713
30.639693,0.017527099999824713,0.018287099999815835,0.01850880451962737,0.018250573193299358,0.017527099999824713
30.659693,0.017527099999824713,0.018287099999815835,0.018717415098607058,0.018755584848294225,0.017527099999824713
30.679693,0.019427099999802522,0.01904509999981201,0.018993391755699345,0.018930549883248413,0.019427099999802522
30.699693,0.019427099999802522,0.01942509999980757,0.019218235865394805,0.018874279486992353,0.019427099999802522
30.719693,0.021317099999805578,0.019275099999822486,0.019276413562520057,0.019660363403085492,0.019427099999802522
30.739692,0.019427099999802522,0.019123099999842453,0.019105746504376655,0.01961034009308831,0.019427099999802522
30.759692,0.016777099999899292,0.019349099999863027,0.01872515470230212,0.018968498601266683,0.019427099999802522
30.779692,0.018667099999902348,0.018025099999886152,0.0182292043395372,0.018040083682859503,0.018667099999902348
30.799692,0.020557099999905404,0.017267099999889977,0.01775455836598899,0.017379594172383942,0.016777099999899292
30.819692,0.014697099999921193,0.017417099999875063,0.017431844677726422,0.01706852191130205,0.017527099999824713
30.839691,0.015637099999821658,0.017417099999875063,0.017338977122834706,0.01724868508146669,0.017527099999824713
30.859691,0.017527099999824713,0.017191099999854485,0.017473691518422436,0.017765584848349864,0.017527099999824713
30.879691,0.018667099999902348,0.01794709999985571,0.0177594939430548,0.017856960139715466,0.018477099999927304
30.899691,0.019427099999802522,0.01870509999985188,0.018083976495043785,0.01812861515136197,0.018667099999902348
30.919691,0.018477099999927304,0.01870509999985188,0.018349452499626537,0.018595165267900178,0.018667099999902348
30.93969,0.019427099999802522,0.018477099999836356,0.018509042149074943,0.018751971794718384,0.018477099999927304
30.95969,0.017527099999824713,0.018097099999840792,0.018571884263781938,0.018406936829683213,0.017527099999824713
30.97969,0.017527099999824713,0.018513099999836413,0.018580210015895698,0.018405305128042383,0.017527099999824713
30.99969,0.017527099999824713,0.018133099999840852,0.018576042187048416,0.018229640792382706,0.017527099999824713
31.01969,0.020557099999905404,0.01854909999983647,0.018578007356823176,0.018330806293536592,0.017527099999824713
31.039689,0.017527099999824713,0.01854909999983647,0.018578802926573917,0.018665887878617015,0.017527099999824713
31.059689,0.019607099999802813,0.018929099999832034,0.018559593915501445,0.01883502540774781,0.019427099999802522
31.079689,0.017527099999824713,0.018703099999811457,0.01850948981632687,0.01893269440541826,0.019427099999802522
31.099689,0.019427099999802522,0.01855309999982637,0.01843905083205991,0.018417706060434795,0.019427099999802522
31.119689,0.019427099999802522,0.018365099999846278,0.018381552153946015,0.018116074358819446,0.018667099999902348
31.139688,0.016777099999899292,0.018215099999861196,0.018380680622862425,0.018386540559309286,0.018667099999902348
31.159688,0.018667099999902348,0.01844109999988177,0.018469202088092898,0.018359291142067188,0.018667099999902348
31.179688,0.016777099999899292,0.01844109999988177,0.01864939952194143,0.018683626806401257,0.018667099999902348
31.199688,0.020557099999905404,0.018971099999862417,0.018887420153328782,0.018748218880988727,0.019427099999802522
31.219687,0.019427099999802522,0.019121099999847502,0.019126150566851755,0.019149524242273598,0.019427099999802522
31.239687,0.019427099999802522,0.0196490999998332,0.019309397263281396,0.01952378997652457,0.019427099999802522
31.259687,0.01941709999982777,0.01942109999981767,0.019403610643321762,0.019626820279550206,0.01941709999982777
31.279687,0.01941709999982777,0.019269099999837634,0.019406626940983322,0.019425188577908696,0.01941709999982777
31.299687,0.01941709999982777,0.019267099999842684,0.019341505471425068,0.019080782983509258,0.01941709999982777
31.319686,0.018667099999902348,0.018889099999842073,0.019240761316199173,0.019034605827362827,0.01941709999982777
31.339686,0.01941709999982777,0.01907909999986259,0.01912950462769102,0.019018661771426165,0.01941709999982777
31.359686,0.017527099999824713,0.018891099999882498,0.01901572995305462,0.01908206503484213,0.018667099999902348
31.379686,0.02036709999993036,0.019041099999867583,0.018892643844320385,0.018929500932277903,0.01941709999982777
31.399686,0.018477099999927304,0.018891099999882498,0.0187517749299384,0.01891677365955679,0.018667099999902348
31.419686,0.01941709999982777,0.018891099999882498,0.018598997237652928,0.018607799300569626,0.018667099999902348
31.439685,0.018667099999902348,0.018551099999876898,0.01846287475601475,0.0187250254078024,0.018667099999902348
31.459685,0.017527099999824713,0.018361099999856377,0.01838867127717481,0.018455817948591975,0.018667099999902348
31.479685,0.018667099999902348,0.018551099999876898,0.01841985095011496,0.018048638461411234,0.018667099999902348
31.499685,0.017527099999824713,0.018173099999876284,0.018576322388371556,0.018494093006873217,0.017527099999824713
31.519685,0.02036709999993036,0.018779099999892423,0.01884048459262325,0.0187741862469748,0.018667099999902348
31.539684,0.016777099999899292,0.01930709999987812,0.01915810933109069,0.019287939160712177,0.02036709999993036
31.559684,0.020557099999905404,0.01968509999987873,0.01945452203269758,0.01959283426561237,0.02036709999993036
31.579684,0.021307099999830825,0.019495099999858212,0.01966008581025837,0.019730479953238608,0.01941709999982777
31.599684,0.01941709999982777,0.019873099999858822,0.019733867251080624,0.019737939160703898,0.01941709999982777
31.619684,0.01941709999982777,0.019645099999843298,0.019673819490341582,0.019538521911267537,0.01941709999982777
31.639683,0.018667099999902348,0.01907909999986259,0.01950913618497819,0.019434232866983682,0.01941709999982777
31.659683,0.01941709999982777,0.01907909999986259,0.019281610596539756,0.01927488554765336,0.01941709999982777
31.679683,0.018477099999927304,0.018891099999882498,0.019028546962637373,0.01898789254067685,0.018667099999902348
31.699683,0.01941709999982777,0.01926909999988311,0.018776009297015523,0.018806960139738028,0.01941709999982777
31.719683,0.018477099999927304,0.018513099999881887,0.018542410150723446,0.018456843589625623,0.018477099999927304
31.739682,0.020557099999905404,0.01832309999986137,0.01834536275860125,0.018199873892643263,0.018477099999927304
31.759682,0.015637099999821658,0.018135099999881277,0.018203755789736976,0.01850507202784943,0.018477099999927304
31.779682,0.017527099999824713,0.01832309999986137,0.018132963788882628,0.018462857575625484,0.018477099999927304
31.799682,0.018477099999927304,0.01832309999986137,0.01813900868784446,0.018097263170031904,0.018477099999927304
31.819682,0.01941709999982777,0.01832309999986137,0.018218487169890052,0.017985841258586016,0.018477099999927304
31.839681,0.020557099999905404,0.01832309999986137,0.018362912287049185,0.01810940769216113,0.018477099999927304
31.859681,0.015637099999821658,0.018511099999841463,0.01855904063044658,0.018684908857662583,0.01941709999982777
31.879681,0.017527099999824713,0.01870109999986198,0.018781654505419628,0.0189384286711884,0.01941709999982777
31.899681,0.01941709999982777,0.018473099999846455,0.018987567264072535,0.01903726317001982,0.01941709999982777
31.919681,0.02036709999993036,0.019419099999868194,0.019123184258713732,0.01894460582736321,0.01941709999982777
31.93968,0.01941709999982777,0.019419099999868194,0.019146273842779643,0.018965701398457463,0.01941709999982777
31.95968,0.02036709999993036,0.019041099999867583,0.01904797984302021,0.019258335431112168,0.01941709999982777
31.97968,0.017527099999824713,0.018663099999866973,0.018859021623330082,0.01894775268052544,0.018477099999927304
31.99968,0.017527099999824713,0.018513099999881887,0.01863584866767828,0.018820456643235967,0.018477099999927304
32.01968,0.018477099999927304,0.01832309999986137,0.01843685622990188,0.01814751958028704,0.018477099999927304
32.03968,0.018667099999902348,0.018513099999881887,0.018303684026460616,0.01816346363623642,0.018477099999927304
32.059679,0.01941709999982777,0.018135099999881277,0.01825537840707025,0.018111016083794083,0.018477099999927304
32.079679,0.018477099999927304,0.018551099999876898,0.01829202491644442,0.018470806293598655,0.018667099999902348
32.099679,0.015637099999821658,0.018513099999881887,0.018400216393232718,0.018661715384494276,0.018477099999927304
32.119679,0.020557099999905404,0.018513099999881887,0.018557373332607364,0.01870052657329175,0.018477099999927304
32.139678,0.018477099999927304,0.01870109999986198,0.01873706763778273,0.018687729370508305,0.01941709999982777
32.159678,0.01941709999982777,0.01926909999988311,0.018915895877161477,0.018824326107107322,0.01941709999982777
32.179678,0.01941709999982777,0.01885309999988749,0.019077662590091336,0.018872834265614383,0.018477099999927304
32.199678,0.018477099999927304,0.019041099999867583,0.01921082585573846,0.01924546829825632,0.01941709999982777
32.219677,0.018477099999927304,0.018891099999882498,0.01930136108045783,0.019074745687513175,0.018667099999902348
32.239677,0.01941709999982777,0.01926909999988311,0.01932898246716445,0.019520526573290602,0.018667099999902348
32.259677,0.018667099999902348,0.019457099999863205,0.019273880734973523,0.019231971794754145,0.01941709999982777
32.279677,0.021307099999830825,0.019457099999863205,0.01913308959480207,0.01920211165488459,0.01941709999982777
32.299677,0.01941709999982777,0.018927099999882558,0.01893569093183817,0.019174582517345454,0.018667099999902348
32.319676,0.018477099999927304,0.01907709999986764,0.018742734476292298,0.019051622144401904,0.01941709999982777
32.339676,0.01676709999992454,0.018511099999886937,0.018625833595478945,0.018415538228333386,0.018477099999927304
32.359676,0.01941709999982777,0.018323099999906844,0.018633153728370516,0.018201575524367096,0.018477099999927304
32.379676,0.018477099999927304,0.018133099999886326,0.01876112517087317,0.01850868508147032,0.018477099999927304
32.399676,0.018477099999927304,0.019041099999867583,0.01894767640418284,0.018897566200340058,0.018477099999927304
32.419676,0.017527099999824713,0.019419099999868194,0.019092336394810706,0.01925418624695597,0.018477099999927304
32.439675,0.021307099999830825,0.01907709999986764,0.019097371698008844,0.019444069696833835,0.018477099999927304
32.459675,0.021307099999830825,0.01907709999986764,0.018914213894115496,0.018998242191019976,0.018477099999927304
32.479675,0.01676709999992454,0.01907709999986764,0.018573162692078912,0.018686097668860584,0.018477099999927304
32.499675,0.018477099999927304,0.018169099999886383,0.018178963313262318,0.018230410023186566,0.017527099999824713
32.519675,0.017527099999824713,0.017413099999885162,0.01787197934735112,0.017966424009207192,0.017527099999824713
32.539675,0.01676709999992454,0.017755099999885716,0.01777292033854329,0.017255748018538294,0.017527099999824713
32.559674,0.017527099999824713,0.01794309999986581,0.01793592079355027,0.017492111654898782,0.017527099999824713
32.579674,0.018477099999927304,0.018133099999886326,0.018328834940632623,0.0185798505826178,0.018477099999927304
32.599674,0.01941709999982777,0.019041099999867583,0.01884685624151694,0.01899453589730608,0.018477099999927304
32.619674,0.018477099999927304,0.019797099999868804,0.01935209424951182,0.01975173869451205,0.01941709999982777
32.639673,0.021307099999830825,0.019835099999863815,0.01972240385438006,0.019821598834355345,0.01941709999982777
32.659673,0.021307099999830825,0.019835099999863815,0.019890077347938486,0.019989291142057282,0.01941709999982777
32.679673,0.018667099999902348,0.019607099999848287,0.01985522113358342,0.019581039393788448,0.01941709999982777
32.699673,0.01941709999982777,0.019457099999863205,0.019669722378150033,0.0193505265732905,0.01941709999982777
32.719672,0.01733709999984967,0.01870109999986198,0.019402701418465052,0.019511202563964693,0.018667099999902348
32.739672,0.020557099999905404,0.019041099999867583,0.01910821673795089,0.01865821888098381,0.01941709999982777
32.759672,0.017527099999824713,0.019041099999867583,0.01881256674624085,0.018878778321547142,0.01941709999982777
32.779672,0.02036709999993036,0.01870109999986198,0.018524087137427245,0.018865328438092525,0.01941709999982777
32.799672,0.01941709999982777,0.01870109999986198,0.018253679908336796,0.01846716992992801,0.01941709999982777
32.819671,0.015637099999821658,0.01832309999986137,0.018028983417852817,0.01827087622362639,0.01941709999982777
32.839671,0.020557099999905404,0.01775509999984024,0.017891232571430896,0.017715328438085716,0.017527099999824713
32.859671,0.015637099999821658,0.01756709999986015,0.01787604253700314,0.01796761282038187,0.017527099999824713
32.879671,0.017527099999824713,0.018135099999881277,0.017989350184187014,0.01762591118867586,0.018477099999927304
32.899671,0.018477099999927304,0.01790709999986575,0.018192688310615514,0.017966703729471366,0.018477099999927304
32.919671,0.018477099999927304,0.018285099999866362,0.01840733673253272,0.018684955477726042,0.018477099999927304
32.93967,0.01941709999982777,0.018663099999866973,0.018536988130729657,0.018409127971883134,0.018477099999927304
32.95967,0.017527099999824713,0.01870109999986198,0.018498986795842866,0.0188720184147778,0.018667099999902348
32.97967,0.01941709999982777,0.018133099999840852,0.01825074603688334,0.018284838927604723,0.018667099999902348
32.99967,0.018667099999902348,0.017603099999860206,0.01780104223664213,0.017765235197998445,0.017527099999824713
33.01967,0.015637099999821658,0.01707309999987956,0.017202235988154305,0.016841715384472426,0.01676709999992454
33.039669,0.01676709999992454,0.016317099999878338,0.016527210553300288,0.01653458251735178,0.015637099999821658
33.059669,0.014877099999921484,0.015371099999856596,0.015842064457021843,0.015826027738808278,0.015637099999821658
33.079669,0.015637099999821658,0.015597099999877174,0.015187785931369968,0.015021785314551596,0.015637099999821658
33.099669,0.013937099999793645,0.014501099999870348,0.014578431356700497,0.014676517249278084,0.014877099999921484
33.119668,0.01676709999992454,0.014313099999844781,0.014013133389769379,0.014277962470737912,0.013937099999793645
33.139668,0.011287099999890415,0.013745099999869125,0.013491461782832859,0.013561855244623403,0.013937099999793645
33.159668,0.013937099999793645,0.01321509999988848,0.013021281420042163,0.013169617482377407,0.012797099999943384
33.179668,0.012797099999943384,0.01227109999986169,0.012614912050410128,0.012666866899638968,0.01204709999979059
33.199668,0.011287099999890415,0.012423099999841725,0.012277422835003243,0.012180806293558437,0.01204709999979059
33.219668,0.01204709999979059,0.011893099999861078,0.01199500737356027,0.011460736363481156,0.01204709999979059
33.239667,0.01204709999979059,0.011365099999829908,0.011730925140955991,0.01169409300684171,0.011287099999890415
33.259667,0.011287099999890415,0.011289099999839892,0.011433028305505391,0.011551342424091133,0.011287099999890415
33.279667,0.010157099999787533,0.011289099999839892,0.011052091560933005,0.011049897202625076,0.011287099999890415
33.299667,0.010907099999940328,0.01091109999983928,0.010565841193254608,0.010853813286530595,0.010907099999940328
33.319666,0.01204709999979059,0.00992909999981748,0.01000000678983355,0.010184046386776686,0.010157099999787533
33.339666,0.010157099999787533,0.00992909999981748,0.00943495420352422,0.009378894871607908,0.010157099999787533
33.359666,0.0063770999997814215,0.009211099999811267,0.008988576754624682,0.00886549160820764,0.010157099999787533
33.379666,0.010157099999787533,0.008455099999810044,0.00877700494727791,0.008883044055773013,0.008267099999784477
33.399666,0.00731709999990926,0.008605099999840604,0.00886877013237941,0.008722461305184408,0.008267099999784477
33.419666,0.008267099999784477,0.009739099999842437,0.009253826137268452,0.009153113985854333,0.010157099999787533
33.439665,0.010907099999940328,0.009739099999842437,0.009841851508207931,0.00981185524459401,0.010157099999787533
33.459665,0.01204709999979059,0.010685099999818704,0.010489703264798488,0.010698685081403436,0.010907099999940328
33.479665,0.010157099999787533,0.011063099999819314,0.011044167929883103,0.011037799300510017,0.010907099999940328
33.499665,0.01204709999979059,0.011291099999789367,0.011381104507838056,0.011652344755057352,0.01204709999979059
33.519665,0.010157099999787533,0.011063099999819314,0.011428375542958035,0.011427053379780922,0.010907099999940328
33.539665,0.01204709999979059,0.01091109999983928,0.011171103857425188,0.010621016083737611,0.010907099999940328
33.559664,0.010907099999940328,0.010155099999838057,0.010644559277440308,0.01046828881101751,0.010157099999787533
33.579664,0.00939709999988736,0.009777099999837446,0.009920352303883788,0.0100976128203451,0.00939709999988736
33.599664,0.008267099999784477,0.009399099999836836,0.009090169535317678,0.009202601165337942,0.00939709999988736
33.619663,0.008267099999784477,0.00830309999983001,0.008250878182377769,0.0082899904427311,0.008267099999784477
33.639663,0.010157099999787533,0.007547099999828788,0.007493177858314531,0.0074815522142918575,0.008267099999784477
33.659663,0.005427099999906204,0.007017099999848142,0.006891916571367533,0.006767519580266312,0.005617099999881248
33.679663,0.005617099999881248,0.006865099999868107,0.006494830417412044,0.00650178531454469,0.005617099999881248
33.699663,0.005617099999881248,0.005919099999891842,0.006311909631092765,0.006472577855362741,0.005617099999881248
33.719663,0.0075070999998843035,0.006487099999867496,0.006313735607881662,0.006397612820399351,0.005617099999881248
33.739662,0.005427099999906204,0.006865099999868107,0.006444637918518299,0.006336890209652498,0.0075070999998843035
33.759662,0.008267099999784477,0.007017099999848142,0.006646384952961319,0.006738312121050974,0.0075070999998843035
33.779662,0.0075070999998843035,0.0067910999998275655,0.006879979310543379,0.006993696736439535,0.0063770999997814215
33.799662,0.0063770999997814215,0.007169099999828177,0.007133582906647343,0.007234372727112618,0.00731709999990926
33.819662,0.0063770999997814215,0.007395099999848753,0.007413154727767986,0.007398568531300914,0.00731709999990926
33.839661,0.00731709999990926,0.007547099999828788,0.007723401468519245,0.007694722377441638,0.00731709999990926
33.859661,0.00939709999988736,0.0079250999998294,0.008051826653548793,0.007865748018476448,0.008267099999784477
33.879661,0.008267099999784477,0.008265099999835001,0.008363926893742274,0.008057146619881543,0.008267099999784477
33.899661,0.008267099999784477,0.008643099999835613,0.008608691822013523,0.008546051048800837,0.008267099999784477
33.919661,0.008077099999809434,0.008265099999835001,0.008729618239911965,0.009040013752758747,0.008267099999784477
33.93966,0.009207099999912316,0.008643099999835613,0.008678598524590433,0.008766587179314948,0.008267099999784477
33.95966,0.0075070999998843035,0.008643099999835613,0.008431787428904441,0.008287892540618355,0.008267099999784477
33.97966,0.010157099999787533,0.007961099999829458,0.008003701736736549,0.008210549883268506,0.008267099999784477
33.99966,0.008267099999784477,0.007395099999803279,0.007451408066013279,0.007531762004468694,0.0075070999998843035
34.01966,0.004667099999778657,0.007169099999782702,0.006861188809088814,0.006745258507963921,0.0063770999997814215
34.039659,0.0063770999997814215,0.005883099999800833,0.0063187350689900305,0.0060957247084132285,0.0063770999997814215
34.059659,0.0063770999997814215,0.005353099999820188,0.005875518598999535,0.005921435664127495,0.005617099999881248
34.079659,0.0037270999998781917,0.00569509999982074,0.005528510258633441,0.005354722377441557,0.0063770999997814215
34.099659,0.005617099999881248,0.005505099999845697,0.005224053824636903,0.005210619813369443,0.005617099999881248
34.119658,0.0063770999997814215,0.004785099999890008,0.004884610012547113,0.005037869230654855,0.005427099999906204
34.139658,0.005427099999906204,0.004595099999914964,0.004445740259833257,0.004580946153780329,0.005427099999906204
34.159658,0.0027771000000029744,0.0040270999999393094,0.003885411560888112,0.0038916687645302083,0.0027771000000029744
34.179658,0.0027771000000029744,0.00330709999998362,0.0032327579449694947,0.0035831139859679225,0.0027771000000029744
34.199658,0.0027771000000029744,0.002249099999971804,0.0025559331582841287,0.002225538228406455,0.0027771000000029744
34.219658,0.0027771000000029744,0.0020990999999412454,0.0019382736143536057,0.0018424846153463326,0.0027771000000029744
34.239657,0.0001370999998471234,0.0013430999999400229,0.0014528077958516177,0.0013332771561249163,0.0020270999998501793
34.259657,0.0020270999998501793,0.0015330999999150663,0.001141680155124163,0.00111381328662895,0.0020270999998501793
34.279657,-0.0010029000000031374,0.000777099999913844,0.0010050060364992608,0.001239757342563493,0.0001370999998471234
34.299657,0.0037270999998781917,0.0011550999999144552,0.0010022124391179232,0.0011560044288227516,0.0020270999998501793
34.319657,-0.0010029000000031374,0.001305099999945014,0.0010651190361598622,0.0009993377621626035,0.0020270999998501793
34.339656,0.0020270999998501793,0.001305099999945014,0.0011172089032996666,0.0009578459207060878,0.0020270999998501793
34.359656,0.0027771000000029744,0.0005110999999487831,0.0010913987673236577,0.0011436967365477237,-0.00024290000010296353
34.379656,-0.0010029000000031374,0.0008890999999493943,0.0009404340656274284,0.0012852118880606897,0.0008870999999999185
34.399656,-0.00024290000010296353,0.0008890999999493943,0.0006388917596865567,0.0002807829836289807,0.0008870999999999185
34.419656,0.0008870999999999185,-0.00024490000005243927,0.00018107078417363293,0.00020985058269652388,-0.00024290000010296353
34.439655,0.0020270999998501793,-0.0008109000000786181,-0.0004202768890826287,-0.0007789839161451711,-0.00024290000010296353
34.459655,-0.0028929000000061933,-0.000962900000058653,-0.0011346101182810812,-0.001205440792613986,-0.0010029000000031374
34.479655,-0.003832900000134032,-0.0018689000000904343,-0.00191713014563403,-0.0017429466201200955,-0.0028929000000061933
34.499655,-0.0010029000000031374,-0.0028529000000617087,-0.0027144003559963522,-0.002621548018730867,-0.0028929000000061933
34.519655,-0.0036429000001589884,-0.003418900000087888,-0.0034670867327387224,-0.0033335759907690025,-0.0036429000001589884
34.539654,-0.0028929000000061933,-0.003418900000087888,-0.0041091754418925985,-0.004140638927812046,-0.0036429000001589884
34.559654,-0.005722900000137088,-0.00417490000008911,-0.004570449653014794,-0.004302480419672115,-0.003832900000134032
34.579654,-0.003832900000134032,-0.004742900000064765,-0.004789067137536215,-0.004708098135271701,-0.004782900000009249
34.599654,-0.004782900000009249,-0.0049309000000903325,-0.004733413122794392,-0.00493674615393128,-0.004782900000009249
34.619653,-0.006482900000037262,-0.004364900000064153,-0.004424214952587348,-0.004492363869533553,-0.003832900000134032
34.639653,-0.003832900000134032,-0.004024900000058551,-0.0039441665752053415,-0.00412837785554907,-0.003832900000134032
34.659653,-0.0028929000000061933,-0.00364690000005794,-0.003425073261051697,-0.003481641258789047,-0.0028929000000061933
34.679653,-0.0021329000001060194,-0.0029289000000517263,-0.003012423560466545,-0.0030567927739325127,-0.0028929000000061933
34.699653,-0.0028929000000061933,-0.0027409000000261584,-0.0028197198654983636,-0.0026382613054003667,-0.0028929000000061933
34.719653,-0.0028929000000061933,-0.0027409000000261584,-0.0028909294941136124,-0.002564018881141333,-0.0028929000000061933
34.739652,-0.0028929000000061933,-0.0032709000000068046,-0.003185209358816537,-0.0032735526806592623,-0.0028929000000061933
34.759652,-0.0028929000000061933,-0.0036489000000074156,-0.003588511143244747,-0.0038405223776195136,-0.0028929000000061933
34.779652,-0.004782900000009249,-0.0040269000000080265,-0.003947895290609677,-0.003998913986016679,-0.004782900000009249
34.799652,-0.004782900000009249,-0.0040269000000080265,-0.004117765826192024,-0.003971990909105924,-0.004782900000009249
34.819651,-0.004782900000009249,-0.003798900000037975,-0.004002847485555421,-0.004014018881140678,-0.004782900000009249
34.839651,-0.0028929000000061933,-0.0034209000000373635,-0.003583426366257322,-0.003618447785589907,-0.0028929000000061933
34.859651,-0.0017529000001559325,-0.0028909000000567177,-0.002916301081737809,-0.002863879021050543,-0.0028929000000061933
34.879651,-0.0028929000000061933,-0.001906900000085443,-0.002115739226678709,-0.0021141820513712033,-0.0021329000001060194
34.899651,-0.0021329000001060194,-0.0013769000001047972,-0.0013243433661871713,-0.00145746876466392,-0.0017529000001559325
34.919651,0.0001370999998471234,-0.001226900000074238,-0.0006815213176630455,-0.0005501027972917718,-0.0010029000000031374
34.93965,-0.00024290000010296353,-0.0004709000000730157,-0.0002932121387725103,-0.000301734498898102,-0.00024290000010296353
34.95965,-0.0010029000000031374,0.0001330999999481719,-0.00020646623082027024,-0.0001482379953836829,0.0001370999998471234
34.97965,0.0008870999999999185,-0.00047290000002249145,-0.0003950417646711368,-0.0003262100233563524,-0.00024290000010296353
34.99965,0.0008870999999999185,-0.0008509000000231026,-0.0007630881903981936,-0.0008853708624824099,-0.0010029000000031374
35.01965,-0.0028929000000061933,-0.0012289000000237139,-0.0011709502449330758,-0.0013019909091069007,-0.0021329000001060194
35.039649,-0.0021329000001060194,-0.001606900000024325,-0.001478887469983461,-0.0014264897436216013,-0.0021329000001060194
35.059649,-0.0028929000000061933,-0.001756900000054884,-0.001593328609276322,-0.0015671657343054755,-0.0021329000001060194
35.079649,-0.0010029000000031374,-0.0013789000000542727,-0.0014951139694813643,-0.0016283545455067527,-0.0010029000000031374
35.099649,0.0001370999998471234,-0.0011529000000336965,-0.001237408425714747,-0.0014651843823404475,-0.0010029000000031374
35.119648,-0.0010029000000031374,-0.0006229000000530505,-0.0009176917947235204,-0.0005819209790630112,-0.0010029000000031374
35.139648,-0.0010029000000031374,-0.0006229000000530505,-0.0006401986060206766,-0.00044541748255752685,-0.0010029000000031374
35.159648,-0.00024290000010296353,-0.00047290000002249145,-0.00048478574018269606,-0.00031868088581707367,-0.0010029000000031374
35.179648,-0.0010029000000031374,-0.0006989000000430679,-0.0004898917516155707,-0.00043604685317875545,-0.0010029000000031374
35.199648,0.0008870999999999185,-0.0006989000000430679,-0.0006500921266825632,-0.0009696832168241103,-0.0010029000000031374
35.219648,-0.0021329000001060194,-0.0010009000000536616,-0.0009261167220934758,-0.001014135431310906,-0.0010029000000031374
35.239647,-0.0010029000000031374,-0.0015289000000848318,-0.001263873528708715,-0.0014134361306083654,-0.0017529000001559325
35.259647,-0.0017529000001559325,-0.0018309000000954257,-0.001616238260220758,-0.0016380748252486017,-0.0017529000001559325
35.279647,-0.0036429000001589884,-0.0019829000000754606,-0.0019589330808506425,-0.0018223638695679194,-0.0017529000001559325
35.299647,-0.0006229000000530505,-0.0021329000001060194,-0.0022933329846960004,-0.002286979254188473,-0.0017529000001559325
35.319647,-0.0028929000000061933,-0.0025489000001016394,-0.002635476986258166,-0.0025747881119724154,-0.0028929000000061933
35.339646,-0.0017529000001559325,-0.0027769000000716915,-0.002998673265748105,-0.0031845783217542495,-0.0028929000000061933
35.359646,-0.003832900000134032,-0.0036089000000629314,-0.0033808750260936487,-0.0032766995338649515,-0.003832900000134032
35.379646,-0.004782900000009249,-0.0037589000000934902,-0.0037635922117031273,-0.003503226340408673,-0.003832900000134032
35.399646,-0.004782900000009249,-0.004024900000104026,-0.004119684251591536,-0.004228774125994499,-0.003832900000134032
35.419646,-0.0036429000001589884,-0.004364900000109628,-0.0044214694923326026,-0.0045238324010530165,-0.004782900000009249
35.439645,-0.0030829000002086104,-0.004552900000135196,-0.0046437259840180775,-0.004715464102687973,-0.004782900000009249
35.459645,-0.005532900000162044,-0.004552900000135196,-0.004764331571186181,-0.004648844056067582,-0.004782900000009249
35.479645,-0.005722900000137088,-0.004552900000135196,-0.004768552657275019,-0.004610848718078072,-0.004782900000009249
35.499645,-0.004782900000009249,-0.004892900000095323,-0.00465745370905634,-0.004707328904556354,-0.004782900000009249
35.519644,-0.0036429000001589884,-0.004552900000089721,-0.004453976875753628,-0.004767002564195424,-0.004782900000009249
35.539644,-0.004782900000009249,-0.00417490000008911,-0.0042004856178763095,-0.00422623333341772,-0.003832900000134032
35.559644,-0.003832900000134032,-0.003796900000088499,-0.00394770729702784,-0.003534508391678526,-0.003832900000134032
35.579644,-0.003832900000134032,-0.003494900000077905,-0.003740045890942927,-0.003423436130618511,-0.003832900000134032
35.599644,-0.0028929000000061933,-0.003494900000077905,-0.003603601450999667,-0.003840382517561097,-0.003832900000134032
35.619644,-0.0021329000001060194,-0.0038349000000835074,-0.0035427782270707735,-0.0038612216783858047,-0.003832900000134032
35.639643,-0.004782900000009249,-0.004024900000058551,-0.003548764820213834,-0.0038134361306276223,-0.004782900000009249
35.659643,-0.005532900000162044,-0.003796900000088499,-0.003616030411665727,-0.0035916412588261493,-0.004782900000009249
35.679643,-0.004782900000009249,-0.0040989000000990925,-0.003754043239123762,-0.0036843219115028298,-0.004782900000009249
35.699643,-0.0017529000001559325,-0.0037209000000984816,-0.003980493295209733,-0.003981874359062472,-0.0036429000001589884
35.719642,-0.0036429000001589884,-0.003910900000073525,-0.004295449679894743,-0.004267911655108476,-0.0036429000001589884
35.739642,-0.0028929000000061933,-0.0040989000000990925,-0.004654080093948925,-0.004178074825270559,-0.0036429000001589884
35.759642,-0.006482900000037262,-0.004854900000100315,-0.004961317314687305,-0.004945720512901531,-0.005532900000162044
35.779642,-0.005722900000137088,-0.005082900000070367,-0.0050982873580758615,-0.005220615617808564,-0.005532900000162044
35.799642,-0.005532900000162044,-0.005648900000096546,-0.004968511696567801,-0.005269753146940226,-0.005722900000137088
35.819642,-0.004782900000009249,-0.0043249000001196695,-0.004538902809115778,-0.004805510722727731,-0.005532900000162044
35.839641,-0.005722900000137088,-0.003530900000123438,-0.003853979018755169,-0.0036044617716900844,-0.004782900000009249
35.859641,0.0001370999998471234,-0.002774900000122216,-0.003016930370218552,-0.002627025874248423,-0.0017529000001559325
35.879641,-0.0017529000001559325,-0.0016409000001203823,-0.0021488958195204654,-0.002029403496630731,-0.0017529000001559325
35.899641,-0.0017529000001559325,-0.0012249000001247623,-0.001349013212200124,-0.001425603962824978,-0.0017529000001559325
35.919641,0.0008870999999999185,-0.0012249000001247623,-0.0006754140211710583,-0.0007859069931382203,-0.0017529000001559325
35.93964,-0.0036429000001589884,-0.0006969000000935921,-0.0001519275875074317,-0.00027802820523417063,0.0001370999998471234
35.95964,0.0001370999998471234,-1.6900000082387125e-05,0.0002124584328932962,-0.00013786503505016208,0.0008870999999999185
35.97964,0.0008870999999999185,-1.6900000082387125e-05,0.0004113717499588338,0.00044556153839643667,0.0008870999999999185
35.99964,0.0016470999999000924,0.0008890999999493943,0.0004471852684444727,0.00044756620041723775,0.0008870999999999185
36.019639,0.0008870999999999185,0.0006610999999793421,0.000348908606287774,0.0005247223775831977,0.0008870999999999185
36.039639,0.0008870999999999185,0.00028309999997873093,0.00018349434238304992,0.0006600370629299026,0.0008870999999999185
36.059639,-0.0010029000000031374,0.00013109999999869615,4.597287253219945e-05,-0.00015040582749675143,0.0008870999999999185
36.079639,-0.0010029000000031374,-0.000246900000001915,2.9056762359516208e-05,-0.00020317972027308524,-0.0010029000000031374
36.099639,0.0008870999999999185,-0.000246900000001915,0.0001873367137492892,-8.36925407992569e-05,-0.0010029000000031374
36.119638,-0.0010029000000031374,0.0006610999999793421,0.0005153114773438062,0.0006429041957846408,0.0008870999999999185
36.139638,0.0008870999999999185,0.0012670999999500054,0.0009511299095665755,0.0010052818181345829,0.0008870999999999185
36.159638,0.0035370999999031483,0.0016450999999506166,0.0014045728911480711,0.0017417620045971174,0.0020270999998501793
36.179638,0.0020270999998501793,0.0018730999999206689,0.0017951905153733123,0.0017333237761685332,0.0020270999998501793
36.199638,0.0027771000000029744,0.00225109999992128,0.002080920622512966,0.0019668202796415644,0.0027771000000029744
36.219638,0.0001370999998471234,0.001721099999940634,0.0022637439701899634,0.002354139626952411,0.0020270999998501793
36.239637,0.0027771000000029744,0.0022490999999263293,0.0023742876347023476,0.002291715384533662,0.0027771000000029744
36.259637,0.0008870999999999185,0.0022490999999263293,0.002450147478051677,0.0023138832167345674,0.0027771000000029744
36.279637,0.004667099999778657,0.0027770999999574995,0.002522852858144401,0.0024958412587012075,0.0027771000000029744
36.299637,0.0027771000000029744,0.0027770999999574995,0.0026171813320363985,0.002651086013933494,0.0027771000000029744
36.319636,0.0027771000000029744,0.003005099999927552,0.00275490309382087,0.0028831372959850932,0.0027771000000029744
36.339636,0.0027771000000029744,0.002817099999947459,0.0029530419103207454,0.0030902701630852584,0.0027771000000029744
36.359636,0.0020270999998501793,0.0030070999999225025,0.003214753082665207,0.0032079857808063076,0.0027771000000029744
36.379636,0.0037270999998781917,0.0035370999999031483,0.0035203134483882477,0.0031779624708052684,0.0037270999998781917
36.399636,0.0037270999998781917,0.0035370999999031483,0.0038278169835827616,0.0037112958041091377,0.0037270999998781917
36.419636,0.005427099999906204,0.004217099999914353,0.004086810714444597,0.004184699067486902,0.0037270999998781917
36.439635,0.0027771000000029744,0.004405099999894446,0.004259292735209684,0.004404535897322558,0.004667099999778657
36.459635,0.005427099999906204,0.004593099999874539,0.00433808378007333,0.00456644731923595,0.004667099999778657
36.479635,0.004667099999778657,0.004215099999873928,0.004354132896539614,0.00456211165486777,0.004667099999778657
36.499635,0.004667099999778657,0.004593099999829065,0.004368614062441048,0.004207030069764705,0.004667099999778657
36.519635,0.0035370999999031483,0.004441099999803555,0.004450660896143217,0.004208218880943094,0.004667099999778657
36.539634,0.004667099999778657,0.0042150999998284535,0.004647642845115275,0.004622927505643498,0.004667099999778657
36.559634,0.004667099999778657,0.004783099999849582,0.004960229251272948,0.004724465967196435,0.004667099999778657
36.579634,0.0035370999999031483,0.005349099999830287,0.00533493960784389,0.00529253123526645,0.004667099999778657
36.599634,0.0075070999998843035,0.005689099999835889,0.005680553389084561,0.005902741025473696,0.006367099999806669
36.619633,0.006367099999806669,0.006029099999841492,0.005903631490171772,0.0061494776222180535,0.006367099999806669
36.639633,0.006367099999806669,0.006407099999842103,0.0059475047291203875,0.00589008368283983,0.006367099999806669
36.659633,0.006367099999806669,0.005613099999845872,0.005815413145917574,0.006054978787713472,0.006367099999806669
36.679633,0.005427099999906204,0.0052730999998402694,0.005565957081817517,0.005530619813359183,0.005427099999906204
36.699633,0.0035370999999031483,0.0052730999998402694,0.00528369835982841,0.004941855244611916,0.005427099999906204
36.719632,0.004667099999778657,0.004555099999879531,0.005040725592388442,0.004838685081454189,0.004667099999778657
36.739632,0.006367099999806669,0.004743099999859624,0.00486869155605534,0.0048071699299237335,0.004667099999778657
36.759632,0.0027771000000029744,0.004969099999834725,0.004753401603438972,0.004674419347171228,0.004667099999778657
36.779632,0.006367099999806669,0.004969099999834725,0.004651133515680621,0.004878358741077503,0.004667099999778657
36.799632,0.004667099999778657,0.004403099999854021,0.004515861051441849,0.004965305128036515,0.004667099999778657
36.819631,0.004667099999778657,0.004781099999809158,0.004323252741326989,0.004533393706143357,0.004667099999778657
36.839631,0.0035370999999031483,0.004063099999848418,0.00408024086522167,0.0037308062935502272,0.004667099999778657
36.859631,0.004667099999778657,0.003535099999862723,0.003816566444354155,0.0036854216781614752,0.0035370999999031483
36.879631,0.0027771000000029744,0.0030070999998770276,0.0035637773648772493,0.0033167270395009253,0.0027771000000029744
36.899631,0.0020270999998501793,0.003385099999877639,0.0033336254895563705,0.0034396407924350766,0.0027771000000029744
36.919631,0.0020270999998501793,0.003159099999902537,0.003109211149980065,0.002995678088464351,0.0027771000000029744
36.93963,0.005427099999906204,0.002933099999881961,0.002856627332773629,0.0027315522143322194,0.0020270999998501793
36.95963,0.0035370999999031483,0.0025550999998813495,0.0025522272609122387,0.002546447319252641,0.0020270999998501793
36.97963,0.0016470999999000924,0.0027050999999119084,0.0022085886999334593,0.0028645592073675186,0.0027771000000029744
36.999629,0.0001370999998471234,0.0021750999999312626,0.001882323689289026,0.0020798505826896585,0.0027771000000029744
37.019629,0.0027771000000029744,0.0017970999999306514,0.0016597888558076731,0.0014298738927030234,0.0016470999999000924
37.039629,0.0027771000000029744,0.0011170999999194464,0.001629313849812191,0.0010953983682107037,0.0016470999999000924
37.059629,0.0016470999999000924,0.0020230999999057532,0.0018510982590165426,0.0017139531467529983,0.0027771000000029744
37.079629,-0.0017529000001559325,0.0025910999998814076,0.002333745705208799,0.0027534869462741123,0.0027771000000029744
37.099629,0.004667099999778657,0.0031590999998570624,0.003026741507816963,0.0034077526805262426,0.004667099999778657
37.119628,0.005617099999881248,0.003953099999853294,0.003835645552833114,0.003664815617564509,0.005617099999881248
37.139628,0.005617099999881248,0.005049099999860118,0.004654231507284004,0.004377566200322901,0.005617099999881248
37.159628,0.005617099999881248,0.005239099999880636,0.005394326209025959,0.005657076689851893,0.005617099999881248
37.179628,0.0037270999998781917,0.005617099999881248,0.005996189473281462,0.006315421678200539,0.005617099999881248
37.199628,0.005617099999881248,0.006145099999866943,0.006420020600853181,0.005976796969569511,0.005617099999881248
37.219627,0.0075070999998843035,0.0059550999998464246,0.006634530213493383,0.006320596503338448,0.005617099999881248
37.239627,0.008257099999809725,0.006483099999832121,0.006616963437516987,0.00639262447536,0.006367099999806669
37.259627,0.004667099999778657,0.006633099999817205,0.006364970632779313,0.006413580186297783,0.006367099999806669
37.279627,0.006367099999806669,0.005877099999815982,0.005910052249484578,0.0062281256408349885,0.006367099999806669
37.299627,0.006367099999806669,0.005159099999809768,0.005322842884191594,0.005559127971827695,0.004667099999778657
37.319627,0.0037270999998781917,0.004971099999829675,0.0047065062457835065,0.004548405361128771,0.004667099999778657
37.339626,0.004667099999778657,0.00444309999984398,0.004179012526397399,0.0041992911420463755,0.0037270999998781917
37.359626,0.0037270999998781917,0.0037250999998832413,0.0038480327864904166,0.003977939160723775,0.0037270999998781917
37.379626,0.0037270999998781917,0.004103099999883853,0.003785034712337914,0.003584232867020377,0.0037270999998781917
37.399626,0.0027771000000029744,0.00391509999990376,0.004006782516146183,0.0036611792539701865,0.0037270999998781917
37.419626,0.005617099999881248,0.004443099999889455,0.004471627677509741,0.004639151281950866,0.0037270999998781917
37.439625,0.0037270999998781917,0.005161099999895669,0.005094297246620624,0.005355724708530929,0.005617099999881248
37.459625,0.006367099999806669,0.006447099999877537,0.005776540005274886,0.005916027738806364,0.006367099999806669
37.479625,0.00731709999990926,0.006597099999862621,0.006443745968569801,0.006511319114086219,0.006367099999806669
37.499625,0.009207099999912316,0.007125099999848316,0.007072476198745864,0.007071319114067869,0.006367099999806669
37.519625,0.006367099999806669,0.007731099999864455,0.007694672433935373,0.007601715384467531,0.00731709999990926
37.539624,0.006367099999806669,0.008297099999845159,0.008374627086774103,0.008489081351818093,0.009207099999912316
37.559624,0.00939709999988736,0.008863099999825864,0.00917099202729071,0.008901528904270022,0.00939709999988736
37.579624,0.010147099999812781,0.009997099999827697,0.010105591689949601,0.009842158274889434,0.010147099999812781
37.599624,0.012037099999815837,0.011321099999850048,0.011154538182124493,0.011217519580256206,0.012037099999815837
37.619623,0.012037099999815837,0.012569099999836908,0.012261386465057951,0.012612344755077987,0.012037099999815837
37.639623,0.012987099999918428,0.013667099999838683,0.013360769754771,0.013320666433398513,0.012987099999918428
37.659623,0.015637099999821658,0.014047099999834245,0.014399994051640478,0.014345817948561995,0.013937099999793645
37.679623,0.015637099999821658,0.014955099999860976,0.01535106542803931,0.015192298135050502,0.015637099999821658
37.699623,0.013937099999793645,0.01646709999986342,0.01621163794498131,0.016109757342517968,0.015637099999821658
37.719623,0.016577099999949496,0.016845099999864034,0.016998987724169686,0.01743565477843816,0.016577099999949496
37.739623,0.02054709999993065,0.017789099999890822,0.017743386224024087,0.0179029741257532,0.017527099999824713
37.759622,0.017527099999824713,0.019073099999923217,0.018482303285286973,0.018519454312264302,0.020357099999955608
37.779622,0.020357099999955608,0.01926309999989826,0.019248990977156533,0.01928376666657937,0.020357099999955608
37.799622,0.020357099999955608,0.019565099999908853,0.020049006868132643,0.020201808624624933,0.020357099999955608
37.819622,0.017527099999824713,0.020283099999915066,0.020829312567252418,0.02051679696961408,0.020357099999955608
37.839621,0.02205709999998362,0.020661099999915677,0.021457662149332493,0.020774372727194085,0.021117099999855782
37.859621,0.021117099999855782,0.020699099999910688,0.02173321265510906,0.02137008368289299,0.021117099999855782
37.879621,0.022247099999958664,0.021115099999906305,0.02143768919505437,0.021022950815736595,0.021117099999855782
37.899621,0.02054709999993065,0.020209099999874525,0.02041596633742696,0.020755911188698066,0.02054709999993065
37.919621,0.019607099999802813,0.018923099999892657,0.01865799964391682,0.019314419347214548,0.019607099999802813
37.93962,0.017527099999824713,0.0170330999998896,0.01634898790024531,0.01691758951037441,0.017527099999824713
37.95962,0.01468709999994644,0.014387099999885323,0.013861727361044,0.014204815617621505,0.01468709999994644
37.97962,0.012797099999943384,0.012307099999907223,0.011681592002139836,0.011354699067502225,0.012797099999943384
37.99962,0.00731709999990926,0.010265099999924133,0.010277824010113793,0.00998586456866963,0.009207099999912316
38.019619,0.009207099999912316,0.009735099999898012,0.0099594357897281,0.009316517249311452,0.009207099999912316
38.039619,0.00731709999990926,0.010719099999869286,0.010769215105956523,0.01056870839148248,0.009207099999912316
38.059619,0.012037099999815837,0.012761099999852376,0.012463127229148685,0.012683743356509387,0.012037099999815837
38.079619,0.017717099999799757,0.015369099999861646,0.014591305757154224,0.014955468298224462,0.017527099999824713
38.099619,0.017527099999824713,0.017599099999870305,0.016652250099046226,0.017252857575628652,0.017717099999799757
38.119618,0.022247099999958664,0.01869709999987208,0.018256781941901033,0.018619291142071143,0.017717099999799757
38.139618,0.018467099999952552,0.01884709999990264,0.019233830997507615,0.01969726317004315,0.018467099999952552
38.159618,0.017527099999824713,0.01922509999990325,0.019640155775212057,0.019481995104794404,0.018467099999952552
38.179618,0.018467099999952552,0.018659099999877072,0.019683292496028747,0.018774978787766933,0.018467099999952552
38.199618,0.01941709999982777,0.01869709999987208,0.019603914676349102,0.01898476899755536,0.018657099999927595
38.219617,0.01941709999982777,0.01907509999987269,0.019571839278599942,0.01895448927726146,0.01941709999982777
38.239617,0.018657099999927595,0.019831099999873914,0.019631958916380064,0.01987961748238121,0.01941709999982777
38.259617,0.01941709999982777,0.019831099999873914,0.019709668606920482,0.02022269440547282,0.01941709999982777
38.279617,0.022247099999958664,0.019831099999873914,0.01966321733600492,0.019832974125736362,0.01941709999982777
38.299617,0.01941709999982777,0.019453099999873304,0.019356120162909805,0.019483626806410324,0.01941709999982777
38.319616,0.01941709999982777,0.01869709999987208,0.018718191727571182,0.018962018414797558,0.01941709999982777
38.339616,0.01676709999992454,0.017601099999865255,0.01777231808000914,0.0179574263401909,0.01676709999992454
38.359616,0.015637099999821658,0.01650509999985843,0.01662268320354727,0.016258288811039075,0.01676709999992454
38.379616,0.01676709999992454,0.015029099999856044,0.015417219992379664,0.014966633799378733,0.015637099999821658
38.399616,0.013937099999793645,0.014083099999834304,0.014303007842661515,0.014228894871652156,0.013937099999793645
38.419616,0.012037099999815837,0.01389309999985926,0.013389510884092569,0.013508218880964516,0.013937099999793645
38.439615,0.012037099999815837,0.012947099999837518,0.01272848812506761,0.01310439603712718,0.012037099999815837
38.459615,0.01468709999994644,0.012567099999841957,0.0123138525544237,0.012478242190994932,0.012037099999815837
38.479615,0.012037099999815837,0.012417099999856874,0.012097162704381086,0.011962391375147992,0.012037099999815837
38.499615,0.012037099999815837,0.012191099999881772,0.012007104623230258,0.012133883216656836,0.012037099999815837
38.519614,0.011287099999890415,0.01166109999985565,0.011962094999883259,0.012113929836692884,0.012037099999815837
38.539614,0.010907099999940328,0.01166109999985565,0.01187495903972135,0.011620782983543465,0.012037099999815837
38.559614,0.012037099999815837,0.01128309999985504,0.01165777587721715,0.011254512587252807,0.011287099999890415
38.579614,0.012037099999815837,0.010905099999854428,0.011234641556671709,0.011245561538310045,0.010907099999940328
38.599614,0.010147099999812781,0.01075309999982892,0.010561834790925633,0.010688148950906626,0.010147099999812781
38.619613,0.00939709999988736,0.009809099999847604,0.009647085028773008,0.009672577855327998,0.010147099999812781
38.639614,0.010147099999812781,0.008487099999865678,0.008557971161829428,0.008896727039471272,0.00939709999988736
38.659613,0.00731709999990926,0.007391099999858852,0.007412875104002538,0.007352857575607316,0.00731709999990926
38.679613,0.005427099999906204,0.006785099999842714,0.006353742240787436,0.006002904195652692,0.006367099999806669
38.699613,0.004667099999778657,0.005161099999850194,0.005507586205808976,0.005485351748112127,0.005427099999906204
38.719612,0.006367099999806669,0.004783099999849582,0.004950608364548057,0.00510378997653743,0.005427099999906204
38.739612,0.0020270999998501793,0.005161099999850194,0.0046895497043303236,0.004534629137387328,0.005427099999906204
38.759612,0.005427099999906204,0.005161099999850194,0.00466792465632591,0.004813486946241232,0.005427099999906204
38.779612,0.00731709999990926,0.004595099999869489,0.0047939076216682525,0.004980479953226558,0.004667099999778657
38.799612,0.004667099999778657,0.005463099999860788,0.004976580754594466,0.004998568531330419,0.005427099999906204
38.819611,0.0035370999999031483,0.0053110999998352785,0.0051536465938661295,0.005042624475379015,0.004667099999778657
38.839611,0.006367099999806669,0.004933099999834667,0.005300768033582219,0.005576284149016349,0.004667099999778657
38.859611,0.004667099999778657,0.0052730999998402694,0.005425152718776517,0.005279920512649406,0.005427099999906204
38.879611,0.005427099999906204,0.005839099999820974,0.00555272566977574,0.005178568531301029,0.006367099999806669
38.899611,0.006367099999806669,0.005651099999840881,0.005715961420852997,0.00588136573410785,0.005427099999906204
38.919611,0.006367099999806669,0.005991099999846483,0.005943988475101913,0.006193160605885619,0.006367099999806669
38.93961,0.005427099999906204,0.0065570999998271874,0.006253496894873068,0.006272251514984077,0.006367099999806669
38.95961,0.006367099999806669,0.0065570999998271874,0.006639824287067417,0.006562624475358508,0.006367099999806669
38.97961,0.008257099999809725,0.006785099999842714,0.007070551145982687,0.006971016083744595,0.006367099999806669
38.99961,0.006367099999806669,0.007201099999838334,0.007485430383350187,0.007219431002186357,0.0075070999998843035
39.019609,0.0075070999998843035,0.007807099999854472,0.007805360484210243,0.007814396037151826,0.0075070999998843035
39.039609,0.0075070999998843035,0.007619099999874379,0.00795110736921726,0.008019757342522003,0.0075070999998843035
39.059609,0.00939709999988736,0.00799709999987499,0.00786945896693174,0.007898451981227694,0.0075070999998843035
39.079609,0.00731709999990926,0.00758109999987937,0.00755917763127117,0.007565235198011076,0.0075070999998843035
39.099609,0.008257099999809725,0.007353099999863844,0.007084625537102706,0.007359617482389906,0.00731709999990926
39.119608,0.005427099999906204,0.006597099999862621,0.006567066513846068,0.006562088344857123,0.006367099999806669
39.139608,0.006367099999806669,0.006257099999857019,0.006153129389887163,0.006151948484708647,0.005617099999881248
39.159608,0.005617099999881248,0.005729099999871323,0.0059708203108647705,0.005731785314538849,0.005617099999881248
39.179608,0.005617099999881248,0.006295099999852028,0.0060892220674064025,0.006103207225970667,0.005617099999881248
39.199608,0.005617099999881248,0.006523099999867554,0.006496562752893705,0.0063957946385624406,0.005617099999881248
39.219607,0.008257099999809725,0.007241099999873768,0.007104460142835071,0.007176820279580925,0.0075070999998843035
39.239607,0.0075070999998843035,0.007769099999859463,0.007776499462635797,0.007836190908966402,0.008257099999809725
39.259607,0.009207099999912316,0.008525099999860685,0.008370220473640253,0.008565934498697157,0.008257099999809725
39.279607,0.008257099999809725,0.008753099999876213,0.008777347013281192,0.008879477622244204,0.009207099999912316
39.299607,0.00939709999988736,0.008903099999861297,0.008949605371944287,0.008857589510347754,0.009207099999912316
39.319606,0.00939709999988736,0.008563099999855694,0.008904099755509924,0.008760759673520704,0.008257099999809725
39.339606,0.008257099999809725,0.008563099999855694,0.008709063998748118,0.008839990442750719,0.008257099999809725
39.359606,0.0075070999998843035,0.008525099999860685,0.008456466520884713,0.008183743356506339,0.008257099999809725
39.379606,0.008257099999809725,0.008147099999860075,0.008231921221376635,0.008182204894968051,0.008257099999809725
39.399606,0.009207099999912316,0.007769099999859463,0.008092462885446431,0.00794059650333842,0.0075070999998843035
39.419605,0.0075070999998843035,0.008335099999840168,0.008057911094745206,0.008000130302868726,0.008257099999809725
39.439605,0.006367099999806669,0.008297099999845159,0.00811552956295394,0.00842817226091809,0.008067099999834682
39.459605,0.010337099999787824,0.008297099999845159,0.008234637660940482,0.008455934498682847,0.008067099999834682
39.479605,0.008067099999834682,0.008637099999850762,0.008386145021429418,0.00837169207446019,0.009207099999912316
39.499605,0.009207099999912316,0.00882709999987128,0.00855894576032575,0.008495025407794312,0.009207099999912316
39.519604,0.009207099999912316,0.008639099999891186,0.00876407273050295,0.008999337762108072,0.009207099999912316
39.539604,0.00731709999990926,0.009055099999886806,0.009023089904862787,0.009007426340213329,0.009207099999912316
39.559604,0.00939709999988736,0.009243099999866899,0.009346922882828667,0.009088545221331458,0.00939709999988736
39.579604,0.010147099999812781,0.009243099999866899,0.009717502455689269,0.00957859184135084,0.00939709999988736
39.599604,0.010147099999812781,0.010187099999848214,0.010082461673336677,0.010071389044140362,0.010147099999812781
39.619603,0.009207099999912316,0.010301099999833242,0.010365336242509328,0.010178428671170504,0.010147099999812781
39.639603,0.012037099999815837,0.01045309999985875,0.010486686934946922,0.010953813286564324,0.010147099999812781
39.659603,0.00996709999981249,0.01007509999985814,0.0103881437433076,0.010555561538316879,0.00996709999981249
39.679603,0.010907099999940328,0.010491099999853759,0.010050479690397287,0.009807636130394558,0.010907099999940328
39.699603,0.008257099999809725,0.009017099999846323,0.009498550510371106,0.009185002097744619,0.00996709999981249
39.719602,0.011287099999890415,0.008297099999845159,0.008791145885050464,0.008701715384441575,0.008257099999809725
39.739602,0.004667099999778657,0.007767099999819038,0.008000718518960122,0.008049570862295762,0.008257099999809725
39.759602,0.006367099999806669,0.007617099999833954,0.007193356838190981,0.00749551491824316,0.0075070999998843035
39.779602,0.008257099999809725,0.006445099999837112,0.006419638475192424,0.0064202235429816085,0.006367099999806669
39.799602,0.0075070999998843035,0.006067099999881975,0.005718806982548965,0.0057212491840441596,0.006367099999806669
39.819602,0.005427099999906204,0.0053490999999212365,0.005126028058471195,0.0049819251747211316,0.005427099999906204
39.839601,0.0027771000000029744,0.004631099999915023,0.004668727258945822,0.004814955477763826,0.004667099999778657
39.859601,0.0027771000000029744,0.004063099999893893,0.004350384571366665,0.0043332305360228515,0.004667099999778657
39.879601,0.004667099999778657,0.0037230999998882908,0.004136634529368256,0.004053113985898016,0.0037270999998781917
39.899601,0.004667099999778657,0.004291099999863946,0.003960718297147152,0.0038959111886962008,0.004667099999778657
39.9196,0.0037270999998781917,0.004291099999863946,0.0037505226408256283,0.0037643960371749473,0.004667099999778657
39.9396,0.005617099999881248,0.003535099999908198,0.00346204490949181,0.0036931839159799066,0.0037270999998781917
39.9596,0.0027771000000029744,0.002931099999932485,0.003098667240912269,0.0032467503495699967,0.0027771000000029744
39.9796,0.0008870999999999185,0.0027410999999574414,0.0027049286854108016,0.002434605827460318,0.0027771000000029744
39.999599,0.0016470999999000924,0.0020230999999512277,0.0023402215402432303,0.002358055710912139,0.0020270999998501793
40.019599,0.0027771000000029744,0.0017970999999306514,0.002050045314344387,0.002012531235371203,0.0016470999999000924
40.039599,0.0020270999998501793,0.0023270999999112974,0.0018510213903882556,0.0017966571094855978,0.0020270999998501793
40.059599,0.0016470999999000924,0.001949099999910686,0.0017332589026928082,0.001732065034855729,0.0020270999998501793
40.079599,0.0035370999999031483,0.0017230999998901098,0.0016718258983808843,0.0016839298367122084,0.0016470999999000924
40.099599,-0.00024290000010296353,0.0013450999998894987,0.0016367509858013153,0.0017112025640083003,0.0016470999999000924
40.119598,0.0016470999999000924,0.001571099999910075,0.0015973390330017412,0.0015282421910397398,0.0016470999999000924
40.139598,0.0001370999998471234,0.0014190999999300403,0.0015249894457600676,0.0014877759905940853,0.0016470999999000924
40.159598,0.0027771000000029744,0.0014950999999200575,0.001401463740055679,0.0013799438227702228,0.0016470999999000924
40.179598,0.0027771000000029744,0.0013430999999400229,0.0012332233102274716,0.0010550487178908456,0.0008870999999999185
40.199598,0.0001370999998471234,0.001493099999970582,0.001062788464909507,0.0014790580419182875,0.0008870999999999185
40.219597,0.0008870999999999185,0.0011150999999699706,0.0009656623593707833,0.001130037062921477,0.0008870999999999185
40.239597,0.0008870999999999185,0.0011150999999699706,0.0010296319660842111,0.000982344755242711,0.0008870999999999185
40.259597,0.0008870999999999185,0.0012651000000005296,0.0013243327101187035,0.0010231489510512128,0.0008870999999999185
40.279597,0.0027771000000029744,0.0017950999999811756,0.001873701145090048,0.001351715384609343,0.0008870999999999185
40.299597,0.0008870999999999185,0.0017950999999811756,0.0026415494961520188,0.002067309790179463,0.0008870999999999185
40.319597,0.0035370999999031483,0.0017950999999811756,0.0035355525855552306,0.0032691979020239366,0.0008870999999999185
