0.020000	1	1	1	0	1546.15772	1524.73859	1529.02514
0.040000	1	1	1	0	1546.15772	1524.74123	1529.02894
0.059999	1	1	1	0	1546.16647	1524.73670	1529.02514
0.079999	1	1	1	0	1546.16705	1524.74123	1529.02514
0.099999	1	1	1	0	1546.16044	1524.73670	1529.02723
0.119999	1	1	1	0	1546.16880	1524.73859	1529.02514
0.139999	1	1	1	0	1546.15986	1524.74123	1529.02704
0.159998	1	1	1	0	1546.16433	1524.73556	1529.02514
0.179998	1	1	1	0	1546.16647	1524.73859	1529.02704
0.199998	1	1	1	0	1546.16647	1524.73821	1529.02704
0.219998	1	1	1	0	1546.16278	1524.73934	1529.02895
0.239998	1	1	1	0	1546.15170	1524.73821	1529.02724
0.259998	1	1	1	0	1546.15384	1524.73821	1529.02895
0.279997	1	1	1	0	1546.16492	1524.73934	1529.02704
0.299997	1	1	1	0	1546.16278	1524.73859	1529.02704
0.319997	1	1	1	0	1546.15539	1524.73746	1529.02514
0.339997	1	1	1	0	1546.15831	1524.73859	1529.02704
0.359997	1	1	1	0	1546.15831	1524.73859	1529.02305
0.379996	1	1	1	0	1546.15986	1524.73859	1529.02514
0.399996	1	1	1	0	1546.15986	1524.73934	1529.02305
0.419996	1	1	1	0	1546.15831	1524.74048	1529.02495
0.439996	1	1	1	0	1546.16433	1524.73746	1529.02704
0.459996	1	1	1	0	1546.16492	1524.73859	1529.02514
0.479995	1	1	1	0	1546.16492	1524.73934	1529.02495
0.499995	1	1	1	0	1546.16492	1524.73859	1529.02895
0.519995	1	1	1	0	1546.16278	1524.73746	1529.02704
0.539995	1	1	1	0	1546.16492	1524.73821	1529.02704
0.559994	1	1	1	0	1546.15539	1524.73632	1529.02495
0.579994	1	1	1	0	1546.16880	1524.73746	1529.02514
0.599994	1	1	1	0	1546.15539	1524.73934	1529.02514
0.619994	1	1	1	0	1546.16647	1524.73934	1529.02704
0.639994	1	1	1	0	1546.16200	1524.73934	1529.02324
0.659993	1	1	1	0	1546.16200	1524.73934	1529.02724
0.679993	1	1	1	0	1546.16122	1524.74123	1529.02514
0.699993	1	1	1	0	1546.15831	1524.73746	1529.02895
0.719993	1	1	1	0	1546.16705	1524.73934	1529.02895
0.739993	1	1	1	0	1546.16433	1524.73821	1529.02514
0.759992	1	1	1	0	1546.16705	1524.73556	1529.02514
0.779992	1	1	1	0	1546.15928	1524.73746	1529.02514
0.799992	1	1	1	0	1546.16044	1524.73934	1529.02704
0.819992	1	1	1	0	1546.16200	1524.73859	1529.02514
0.839992	1	1	1	0	1546.15539	1524.73934	1529.02514
0.859992	1	1	1	0	1546.15170	1524.74010	1529.02495
0.879991	1	1	1	0	1546.16142	1524.73934	1529.02324
0.899991	1	1	1	0	1546.15539	1524.73934	1529.02704
0.919991	1	1	1	0	1546.16200	1524.73670	1529.02324
0.939991	1	1	1	0	1546.16433	1524.73821	1529.02704
0.959991	1	1	1	0	1546.15772	1524.73934	1529.02115
0.979990	1	1	1	0	1546.16492	1524.73934	1529.02895
0.999990	1	1	1	0	1546.16200	1524.73556	1529.02324
1.019990	1	1	1	0	1546.16647	1524.73670	1529.02115
1.039990	1	1	1	0	1546.16200	1524.73859	1529.02724
1.059989	1	1	1	0	1546.15986	1524.73556	1529.02704
1.079989	1	1	1	0	1546.16705	1524.73859	1529.02324
1.099989	1	1	1	0	1546.15986	1524.74123	1529.02514
1.119989	1	1	1	0	1546.16200	1524.73746	1529.02704
1.139989	1	1	1	0	1546.16200	1524.73632	1529.02724
1.159989	1	1	1	0	1546.15772	1524.73746	1529.02495
1.179988	1	1	1	0	1546.16647	1524.73934	1529.02514
1.199988	1	1	1	0	1546.15675	1524.73859	1529.02704
1.219988	1	1	1	0	1546.15831	1524.73746	1529.02895
1.239988	1	1	1	0	1546.15831	1524.73934	1529.02514
1.259987	1	1	1	0	1546.16939	1524.73746	1529.02514
1.279987	1	1	1	0	1546.16880	1524.73821	1529.02704
1.299987	1	1	1	0	1546.15831	1524.73670	1529.02704
1.319987	1	1	1	0	1546.15986	1524.73746	1529.02704
1.339987	1	1	1	0	1546.16433	1524.74010	1529.02514
1.359987	1	1	1	0	1546.16200	1524.74123	1529.02514
1.379986	1	1	1	0	1546.16142	1524.74123	1529.02514
1.399986	1	1	1	0	1546.16939	1524.73746	1529.02704
1.419986	1	1	1	0	1546.15539	1524.73746	1529.02895
1.439986	1	1	1	0	1546.15831	1524.73821	1529.02495
1.459985	1	1	1	0	1546.15772	1524.73821	1529.02514
1.479985	1	1	1	0	1546.16200	1524.74010	1529.02514
1.499985	1	1	1	0	1546.15170	1524.73746	1529.02704
1.519985	1	1	1	0	1546.16200	1524.73934	1529.02724
1.539985	1	1	1	0	1546.15986	1524.73934	1529.02704
1.559984	1	1	1	0	1546.16200	1524.73934	1529.02514
1.579984	1	1	1	0	1546.16880	1524.73859	1529.02704
1.599984	1	1	1	0	1546.15986	1524.73859	1529.02704
1.619984	1	1	1	0	1546.16044	1524.73821	1529.02704
1.639984	1	1	1	0	1546.15986	1524.74010	1529.02895
1.659984	1	1	1	0	1546.16278	1524.73934	1529.02514
1.679983	1	1	1	0	1546.15986	1524.73934	1529.02895
1.699983	1	1	1	0	1546.15772	1524.73632	1529.02724
1.719983	1	1	1	0	1546.16433	1524.73934	1529.02914
1.739983	1	1	1	0	1546.16200	1524.73632	1529.02724
1.759983	1	1	1	0	1546.16045	1524.73746	1529.02515
1.779982	1	1	1	0	1546.16045	1524.73935	1529.02515
1.799982	1	1	1	0	1546.16200	1524.74218	1529.02515
1.819982	1	1	1	0	1546.16492	1524.73746	1529.02515
1.839982	1	1	1	0	1546.16433	1524.73859	1529.02305
1.859982	1	1	1	0	1546.15617	1524.73746	1529.02705
1.879981	1	1	1	0	1546.16200	1524.73859	1529.02705
1.899981	1	1	1	0	1546.15928	1524.73670	1529.02705
1.919981	1	1	1	0	1546.17153	1524.73557	1529.02515
1.939981	1	1	1	0	1546.16200	1524.73670	1529.02515
1.959980	1	1	1	0	1546.15384	1524.73746	1529.02914
1.979980	1	1	1	0	1546.15986	1524.73746	1529.02305
1.999980	1	1	1	0	1546.16200	1524.73859	1529.02496
2.019980	1	1	1	0	1546.16200	1524.73821	1529.02325
2.039980	1	1	1	0	1546.16200	1524.73746	1529.02705
2.059979	1	1	1	0	1546.15325	1524.73746	1529.02705
2.079979	1	1	1	0	1546.16336	1524.73746	1529.02515
2.099979	1	1	1	0	1546.15384	1524.73935	1529.02515
2.119979	1	1	1	0	1546.15986	1524.73935	1529.02515
2.139979	1	1	1	0	1546.16492	1524.74048	1529.02895
2.159978	1	1	1	0	1546.15831	1524.73821	1529.02515
2.179978	1	1	1	0	1546.15773	1524.73821	1529.02515
2.199978	1	1	1	0	1546.15773	1524.73935	1529.02515
2.219978	1	1	1	0	1546.15928	1524.73859	1529.02515
2.239978	1	1	1	0	1546.15831	1524.73746	1529.02515
2.259978	1	1	1	0	1546.16045	1524.73821	1529.02515
2.279977	1	1	1	0	1546.16045	1524.73746	1529.02705
2.299977	1	1	1	0	1546.15617	1524.73859	1529.02496
2.319977	1	1	1	0	1546.16045	1524.73746	1529.02496
2.339977	1	1	1	0	1546.16200	1524.73859	1529.02724
2.359977	1	1	1	0	1546.15986	1524.74010	1529.02305
2.379977	1	1	1	0	1546.15325	1524.73935	1529.02515
2.399976	1	1	1	0	1546.15773	1524.73935	1529.02515
2.419976	1	1	1	0	1546.16278	1524.73859	1529.02724
2.439976	1	1	1	0	1546.16880	1524.73746	1529.02705
2.459975	1	1	1	0	1546.17094	1524.73935	1529.02705
2.479975	1	1	1	0	1546.16647	1524.73935	1529.02705
2.499975	1	1	1	0	1546.15831	1524.74124	1529.02496
2.519975	1	1	1	0	1546.16647	1524.73821	1529.02515
2.539975	1	1	1	0	1546.15773	1524.73935	1529.02305
2.559974	1	1	1	0	1546.16492	1524.73935	1529.02705
2.579974	1	1	1	0	1546.15831	1524.73859	1529.02895
2.599974	1	1	1	0	1546.15539	1524.73859	1529.02305
2.619974	1	1	1	0	1546.15831	1524.73934	1529.02514
2.639974	1	1	1	0	1546.15831	1524.73859	1529.02704
2.659973	1	1	1	0	1546.16200	1524.73934	1529.02724
2.679973	1	1	1	0	1546.15267	1524.73746	1529.02895
2.699973	1	1	1	0	1546.16492	1524.73746	1529.02704
2.719973	1	1	1	0	1546.16647	1524.73746	1529.02704
2.739973	1	1	1	0	1546.15831	1524.73746	1529.02704
2.759972	1	1	1	0	1546.16044	1524.73859	1529.02914
2.779972	1	1	1	0	1546.15248	1524.73821	1529.02514
2.799972	1	1	1	0	1546.15539	1524.74010	1529.02704
2.819972	1	1	1	0	1546.16433	1524.73934	1529.02495
2.839972	1	1	1	0	1546.16433	1524.74313	1529.02704
2.859972	1	1	1	0	1546.16705	1524.66128	1529.02704
2.879971	1	1	1	0	1546.16278	1524.78018	1529.02514
2.899971	1	1	1	0	1546.15325	1524.78018	1529.02495
2.919971	1	1	1	0	1546.15325	1524.77640	1529.02305
2.939971	1	1	1	0	1546.15831	1524.77753	1529.02704
2.959970	1	1	1	0	1546.15617	1524.77734	1529.02324
2.979970	1	1	1	0	1546.16200	1524.77829	1529.02514
2.999970	1	1	1	0	1546.15831	1524.77545	1529.02324
3.019970	1	1	1	0	1546.15772	1524.77469	1529.02514
3.039970	1	1	1	0	1546.15772	1524.62234	1529.02704
3.059969	1	1	1	0	1546.15539	1524.77923	1529.02704
3.079969	1	1	1	0	1546.16044	1524.78207	1529.02514
3.099969	1	1	1	0	1546.15831	1524.78301	1529.02514
3.119969	1	1	1	0	1546.15986	1524.78112	1529.02724
3.139969	1	1	1	0	1546.15986	1524.67621	1529.02724
3.159968	1	1	1	0	1546.16647	1524.77923	1529.02514
3.179968	1	1	1	0	1546.15384	1524.78018	1529.02514
3.199968	1	1	1	0	1546.15034	1524.74974	1529.02704
3.219968	1	1	1	0	1546.15539	1524.77829	1529.02514
3.239968	1	1	1	0	1546.16492	1524.75409	1529.02704
3.259968	1	1	1	0	1546.16433	1524.76997	1529.02514
3.279967	1	1	1	0	1546.15617	1524.76354	1529.02704
3.299967	1	1	1	0	1546.16433	1524.76165	1529.02514
3.319967	1	1	1	0	1546.15986	1524.76354	1529.02324
3.339967	1	1	1	0	1546.16433	1524.76165	1529.02704
3.359966	1	1	1	0	1546.16375	1524.75976	1529.02704
3.379966	1	1	1	0	1546.15772	1524.75882	1529.02514
3.399966	1	1	1	0	1546.16278	1524.75787	1529.02704
3.419966	1	1	1	0	1546.15481	1524.76165	1529.02514
3.439965	1	1	1	0	1546.15772	1524.76051	1529.02324
3.459966	1	1	1	0	1546.16647	1524.76184	1529.02514
3.479965	1	1	1	0	1546.16491	1524.76354	1529.02704
3.499965	1	1	1	0	1546.16433	1524.76240	1529.03084
3.519965	1	1	1	0	1546.15986	1524.76165	1529.02514
3.539965	1	1	1	0	1546.15986	1524.75900	1529.02704
3.559964	1	1	1	0	1546.15986	1524.75976	1529.02115
3.579965	1	1	1	0	1546.15772	1524.76051	1529.02305
3.599964	1	1	1	0	1546.15617	1524.75976	1529.02723
3.619964	1	1	1	0	1546.16491	1524.76354	1529.02514
3.639964	1	1	1	0	1546.17094	1524.76260	1529.02305
3.659963	1	1	1	0	1546.16705	1524.76354	1529.02514
3.679963	1	1	1	0	1546.16880	1524.76354	1529.02723
3.699963	1	1	1	0	1546.15539	1524.76430	1529.02723
3.719963	1	1	1	0	1546.16433	1524.76051	1529.02704
3.739963	1	1	1	0	1546.15617	1524.75976	1529.02324
3.759962	1	1	1	0	1546.16433	1524.76430	1529.02514
3.779962	1	1	1	0	1546.16200	1524.76165	1529.02495
3.799962	1	1	1	0	1546.15772	1524.76070	1529.02514
3.819962	1	1	1	0	1546.16200	1524.76165	1529.02514
3.839962	1	1	1	0	1546.15831	1524.75881	1529.02514
3.859962	1	1	1	0	1546.16647	1524.76354	1529.02894
3.879961	1	1	1	0	1546.16433	1524.76051	1529.02704
3.899961	1	1	1	0	1546.16647	1524.76165	1529.02704
3.919961	1	1	1	0	1546.15772	1524.76070	1529.02894
3.939961	1	1	1	0	1546.15772	1524.76165	1529.02324
3.959960	1	1	1	0	1546.15617	1524.76070	1529.02495
3.979960	1	1	1	0	1546.16880	1524.76070	1529.02495
3.999960	1	1	1	0	1546.15617	1524.76165	1529.02514
4.019960	1	1	1	0	1546.15986	1524.76165	1529.02305
4.039960	1	1	1	0	1546.16433	1524.76260	1529.02913
4.059959	1	1	1	0	1546.16044	1524.75976	1529.02894
4.079959	1	1	1	0	1546.15831	1524.76260	1529.02514
4.099959	1	1	1	0	1546.15986	1524.76260	1529.02894
4.119959	1	1	1	0	1546.15986	1524.76354	1529.02723
4.139959	1	1	1	0	1546.16938	1524.76070	1529.02704
4.159958	1	1	1	0	1546.16705	1524.76165	1529.02514
4.179958	1	1	1	0	1546.15383	1524.76165	1529.02704
4.199958	1	1	1	0	1546.15986	1524.76070	1529.02704
4.219958	1	1	1	0	1546.15617	1524.75900	1529.02704
4.239958	1	1	1	0	1546.16200	1524.76260	1529.02514
4.259957	1	1	1	0	1546.15617	1524.76240	1529.02704
4.279957	1	1	1	0	1546.15617	1524.76260	1529.02305
4.299957	1	1	1	0	1546.15772	1524.75976	1529.02514
4.319957	1	1	1	0	1546.15539	1524.76165	1529.02514
4.339957	1	1	1	0	1546.16433	1524.76070	1529.02324
4.359957	1	1	1	0	1546.16200	1524.76165	1529.02704
4.379956	1	1	1	0	1546.15325	1524.75976	1529.02514
4.399956	1	1	1	0	1546.15539	1524.75976	1529.02514
4.419956	1	1	1	0	1546.16200	1524.76051	1529.02704
4.439956	1	1	1	0	1546.16044	1524.75900	1529.02704
4.459955	1	1	1	0	1546.16044	1524.76051	1529.02723
4.479955	1	1	1	0	1546.16433	1524.75976	1529.02704
4.499955	1	1	1	0	1546.16647	1524.76165	1529.02514
4.519955	1	1	1	0	1546.16491	1524.76165	1529.02514
4.539955	1	1	1	0	1546.16278	1524.76430	1529.02514
4.559954	1	1	1	0	1546.15617	1524.75881	1529.02514
4.579954	1	1	1	0	1546.16705	1524.75976	1529.02324
4.599954	1	1	1	0	1546.16044	1524.75711	1529.02704
4.619954	1	1	1	0	1546.15831	1524.76354	1529.02514
4.639954	1	1	1	0	1546.16336	1524.76070	1529.02514
4.659953	1	1	1	0	1546.15986	1524.75881	1529.02305
4.679953	1	1	1	0	1546.16705	1524.76070	1529.02704
4.699953	1	1	1	0	1546.16044	1524.76051	1529.02514
4.719953	1	1	1	0	1546.16200	1524.76165	1529.02514
4.739953	1	1	1	0	1546.16433	1524.76165	1529.02305
4.759952	1	1	1	0	1546.16433	1524.75900	1529.02894
4.779952	1	1	1	0	1546.16200	1524.76165	1529.02495
4.799952	1	1	1	0	1546.16278	1524.75976	1529.02514
4.819952	1	1	1	0	1546.16044	1524.75976	1529.02723
4.839952	1	1	1	0	1546.16647	1524.75995	1529.02324
4.859951	1	1	1	0	1546.15986	1524.76070	1529.02704
4.879951	1	1	1	0	1546.15383	1524.75900	1529.02704
4.899951	1	1	1	0	1546.15383	1524.76051	1529.02514
4.919951	1	1	1	0	1546.16647	1524.75976	1529.02514
4.939951	1	1	1	0	1546.15772	1524.76165	1529.02704
4.959950	1	1	1	0	1546.15831	1524.75976	1529.02704
4.979950	1	1	1	0	1546.15170	1524.76070	1529.02495
4.999950	1	1	1	0	1546.16044	1524.75976	1529.02704
5.019950	1	1	1	0	1546.15617	1524.76051	1529.02514
5.039950	1	1	1	0	1546.15986	1524.75976	1529.02704
5.059949	1	1	1	0	1546.16783	1524.75900	1529.02514
5.079949	1	1	1	0	1546.16278	1524.76260	1529.02894
5.099949	1	1	1	0	1546.16491	1524.76051	1529.02704
5.119949	1	1	1	0	1546.15325	1524.76240	1529.02894
5.139949	1	1	1	0	1546.16647	1524.76165	1529.02305
5.159949	1	1	1	0	1546.16938	1524.76165	1529.02324
5.179948	1	1	1	0	1546.15831	1524.75787	1529.02495
5.199948	1	1	1	0	1546.16433	1524.75976	1529.02514
5.219948	1	1	1	0	1546.16044	1524.75976	1529.02704
5.239948	1	1	1	0	1546.15986	1524.76070	1529.02324
5.259948	1	1	1	0	1546.16044	1524.76165	1529.02305
5.279948	1	1	1	0	1546.15539	1524.75900	1529.02514
5.299947	1	1	1	0	1546.16200	1524.75976	1529.02324
5.319947	1	1	1	0	1546.16044	1524.76184	1529.02704
5.339947	1	1	1	0	1546.16491	1524.75787	1529.02514
5.359946	1	1	1	0	1546.16200	1524.75900	1529.02514
5.379946	1	1	1	0	1546.15617	1524.76165	1529.02305
5.399946	1	1	1	0	1546.16278	1524.75976	1529.02514
5.419946	1	1	1	0	1546.15539	1524.76070	1529.02305
5.439946	1	1	1	0	1546.15928	1524.76354	1529.02514
5.459946	1	1	1	0	1546.15539	1524.75976	1529.02894
5.479945	1	1	1	0	1546.16491	1524.76165	1529.02704
5.499945	1	1	1	0	1546.16705	1524.75900	1529.02305
5.519945	1	1	1	0	1546.15617	1524.75976	1529.02305
5.539945	1	1	1	0	1546.15772	1524.76165	1529.02514
5.559945	1	1	1	0	1546.16647	1524.75976	1529.02514
5.579944	1	1	1	0	1546.16200	1524.75787	1529.02894
5.599944	1	1	1	0	1546.16491	1524.75976	1529.02495
5.619944	1	1	1	0	1546.15617	1524.76051	1529.02514
5.639944	1	1	1	0	1546.16200	1524.75976	1529.02305
5.659943	1	1	1	0	1546.15986	1524.76051	1529.02514
5.679943	1	1	1	0	1546.16278	1524.76070	1529.02894
5.699943	1	1	1	0	1546.15539	1524.75900	1529.02894
5.719943	1	1	1	0	1546.16278	1524.75900	1529.02324
5.739943	1	1	1	0	1546.15986	1524.76165	1529.02305
5.759942	1	1	1	0	1546.16044	1524.76354	1529.02704
5.779942	1	1	1	0	1546.16278	1524.75976	1529.02096
5.799942	1	1	1	0	1546.15831	1524.76051	1529.02324
5.819942	1	1	1	0	1546.16200	1524.76051	1529.02514
5.839942	1	1	1	0	1546.15539	1524.76165	1529.02495
5.859941	1	1	1	0	1546.15772	1524.76051	1529.02514
5.879941	1	1	1	0	1546.16433	1524.75900	1529.02704
5.899941	1	1	1	0	1546.16044	1524.75976	1529.02514
5.919941	1	1	1	0	1546.15986	1524.75900	1529.02305
5.939941	1	1	1	0	1546.15617	1524.75881	1529.02704
5.959940	1	1	1	0	1546.16491	1524.76051	1529.02324
5.979940	1	1	1	0	1546.15831	1524.75976	1529.02115
5.999940	1	1	1	0	1546.15772	1524.75976	1529.02894
6.019940	1	1	1	0	1546.16200	1524.75881	1529.02704
6.039940	1	1	1	0	1546.16141	1524.76165	1529.02704
6.059939	1	1	1	0	1546.15772	1524.76051	1529.02514
6.079939	1	1	1	0	1546.15986	1524.75711	1529.02723
6.099939	1	1	1	0	1546.16200	1524.75976	1529.02723
6.119939	1	1	1	0	1546.16491	1524.75976	1529.02894
6.139939	1	1	1	0	1546.15986	1524.75976	1529.02514
6.159938	1	1	1	0	1546.16044	1524.75711	1529.02305
6.179938	1	1	1	0	1546.15694	1524.76165	1529.02704
6.199938	1	1	1	0	1546.16647	1524.75976	1529.02704
6.219938	1	1	1	0	1546.15772	1524.75976	1529.02324
6.239938	1	1	1	0	1546.16200	1524.75881	1529.02704
6.259938	1	1	1	0	1546.16200	1524.75787	1529.02704
6.279937	1	1	1	0	1546.16491	1524.75976	1529.02704
6.299937	1	1	1	0	1546.15772	1524.75900	1529.02514
6.319937	1	1	1	0	1546.16278	1524.76165	1529.02704
6.339937	1	1	1	0	1546.15772	1524.76070	1529.02514
6.359937	1	1	1	0	1546.16433	1524.76070	1529.02894
6.379936	1	1	1	0	1546.16647	1524.75900	1529.02514
6.399936	1	1	1	0	1546.16647	1524.75881	1529.02514
6.419936	1	1	1	0	1546.16491	1524.76051	1529.02514
6.439935	1	1	1	0	1546.16880	1524.76165	1529.02894
6.459935	1	1	1	0	1546.16200	1524.75900	1529.02704
6.479935	1	1	1	0	1546.16647	1524.76051	1529.02324
6.499935	1	1	1	0	1546.15772	1524.75881	1529.02514
6.519935	1	1	1	0	1546.15617	1524.75976	1529.02704
6.539935	1	1	1	0	1546.15986	1524.75787	1529.02704
6.559934	1	1	1	0	1546.15986	1524.75900	1529.02894
6.579934	1	1	1	0	1546.15325	1524.76165	1529.02514
6.599934	1	1	1	0	1546.16491	1524.75976	1529.02514
6.619934	1	1	1	0	1546.16880	1524.75900	1529.02514
6.639934	1	1	1	0	1546.15889	1524.76070	1529.02514
6.659934	1	1	1	0	1546.16433	1524.75787	1529.02704
6.679933	1	1	1	0	1546.16044	1524.75976	1529.02514
6.699933	1	1	1	0	1546.16491	1524.75881	1529.02704
6.719933	1	1	1	0	1546.15831	1524.75787	1529.02305
6.739933	1	1	1	0	1546.15481	1524.75976	1529.02704
6.759933	1	1	1	0	1546.16705	1524.76165	1529.02305
6.779932	1	1	1	0	1546.16044	1524.76165	1529.02704
6.799932	1	1	1	0	1546.16491	1524.75787	1529.02704
6.819932	1	1	1	0	1546.16880	1524.75976	1529.02704
6.839932	1	1	1	0	1546.15986	1524.76070	1529.02704
6.859931	1	1	1	0	1546.15831	1524.75976	1529.02704
6.879931	1	1	1	0	1546.15170	1524.76165	1529.02514
6.899931	1	1	1	0	1546.16705	1524.75976	1529.02514
6.919931	1	1	1	0	1546.16200	1524.76165	1529.02723
6.939931	1	1	1	0	1546.16647	1524.75976	1529.02514
6.959931	1	1	1	0	1546.16200	1524.75976	1529.02514
6.979930	1	1	1	0	1546.16044	1524.76070	1529.02514
6.999930	1	1	1	0	1546.16938	1524.75976	1529.02495
7.019930	1	1	1	0	1546.16141	1524.76165	1529.02704
7.039930	1	1	1	0	1546.15831	1524.75976	1529.02305
7.059930	1	1	1	0	1546.16433	1524.76184	1529.02514
7.079929	1	1	1	0	1546.15986	1524.76051	1529.02704
7.099929	1	1	1	0	1546.16705	1524.75787	1529.02495
7.119929	1	1	1	0	1546.16938	1524.76051	1529.02704
7.139929	1	1	1	0	1546.15617	1524.75787	1529.02305
7.159929	1	1	1	0	1546.15772	1524.75976	1529.02495
7.179928	1	1	1	0	1546.15986	1524.75957	1529.02894
7.199928	1	1	1	0	1546.16433	1524.75787	1529.02704
7.219928	1	1	1	0	1546.16491	1524.76070	1529.02514
7.239928	1	1	1	0	1546.15617	1524.75787	1529.02704
7.259927	1	1	1	0	1546.15325	1524.75976	1529.02514
7.279927	1	1	1	0	1546.16433	1524.75598	1529.02723
7.299927	1	1	1	0	1546.16200	1524.75787	1529.02305
7.319927	1	1	1	0	1546.16647	1524.75768	1529.02514
7.339926	1	1	1	0	1546.16044	1524.76070	1529.02495
7.359926	1	1	1	0	1546.15539	1524.75957	1529.02704
7.379926	1	1	1	0	1546.16200	1524.75976	1529.02894
7.399926	1	1	1	0	1546.15772	1524.76165	1529.02514
7.419926	1	1	1	0	1546.16200	1524.75976	1529.02894
7.439925	1	1	1	0	1546.16491	1524.75900	1529.02704
7.459925	1	1	1	0	1546.15772	1524.76070	1529.02305
7.479925	1	1	1	0	1546.15831	1524.75976	1529.02723
7.499925	1	1	1	0	1546.16200	1524.76070	1529.02704
7.519925	1	1	1	0	1546.16433	1524.75976	1529.02305
7.539925	1	1	1	0	1546.15986	1524.75787	1529.02704
7.559924	1	1	1	0	1546.16433	1524.76240	1529.02514
7.579924	1	1	1	0	1546.16705	1524.76051	1529.02514
7.599924	1	1	1	0	1546.15831	1524.76051	1529.02723
7.619924	1	1	1	0	1546.16491	1524.75881	1529.02894
7.639924	1	1	1	0	1546.16278	1524.75976	1529.02894
7.659924	1	1	1	0	1546.15170	1524.76051	1529.02514
7.679923	1	1	1	0	1546.16433	1524.76165	1529.02324
7.699923	1	1	1	0	1546.16044	1524.75900	1529.02704
7.719923	1	1	1	0	1546.15889	1524.75881	1529.02514
7.739923	1	1	1	0	1546.16433	1524.75976	1529.02723
7.759922	1	1	1	0	1546.16278	1524.76051	1529.02894
7.779922	1	1	1	0	1546.16880	1524.75976	1529.02305
7.799922	1	1	1	0	1546.16200	1524.76070	1529.02704
7.819922	1	1	1	0	1546.15986	1524.75976	1529.02723
7.839921	1	1	1	0	1546.16044	1524.75976	1529.02704
7.859921	1	1	1	0	1546.16278	1524.76165	1529.02514
7.879921	1	1	1	0	1546.16278	1524.75881	1529.02514
7.899921	1	1	1	0	1546.15772	1524.75976	1529.02514
7.919921	1	1	1	0	1546.15325	1524.76165	1529.02495
7.939921	1	1	1	0	1546.16200	1524.75976	1529.02324
7.959920	1	1	1	0	1546.15831	1524.75881	1529.02723
7.979920	1	1	1	0	1546.16044	1524.75976	1529.02514
7.999920	1	1	1	0	1546.15986	1524.75976	1529.02704
8.019920	1	1	1	0	1546.16491	1524.76051	1529.02894
8.039920	1	1	1	0	1546.15617	1524.75976	1529.02514
8.059919	1	1	1	0	1546.16200	1524.76051	1529.02704
8.079919	1	1	1	0	1546.15831	1524.75881	1529.02704
8.099919	1	1	1	0	1546.16044	1524.75787	1529.02514
8.119919	1	1	1	0	1546.16491	1524.76165	1529.02704
8.139919	1	1	1	0	1546.16044	1524.75976	1529.02723
8.159919	1	1	1	0	1546.15617	1524.75976	1529.02514
8.179918	1	1	1	0	1546.15383	1524.75900	1529.02514
8.199918	1	1	1	0	1546.16647	1524.75787	1529.02514
8.219918	1	1	1	0	1546.16200	1524.75881	1529.02514
8.239918	1	1	1	0	1546.16433	1524.75976	1529.02514
8.259917	1	1	1	0	1546.16491	1524.75881	1529.02704
8.279917	1	1	1	0	1546.15986	1524.75976	1529.02514
8.299917	1	1	1	0	1546.16044	1524.75881	1529.02704
8.319917	1	1	1	0	1546.16277	1524.75787	1529.02514
8.339917	1	1	1	0	1546.16200	1524.75787	1529.02704
8.359916	1	1	1	0	1546.16200	1524.76051	1529.02324
8.379916	1	1	1	0	1546.16200	1524.75976	1529.02495
8.399916	1	1	1	0	1546.15986	1524.75976	1529.02704
8.419916	1	1	1	0	1546.16044	1524.75787	1529.02704
8.439916	1	1	1	0	1546.15830	1524.75976	1529.02514
8.459915	1	1	1	0	1546.15986	1524.75787	1529.02704
8.479915	1	1	1	0	1546.16433	1524.75976	1529.02723
8.499915	1	1	1	0	1546.16647	1524.75976	1529.02514
8.519915	1	1	1	0	1546.16647	1524.75976	1529.02514
8.539915	1	1	1	0	1546.15461	1524.75881	1529.02514
8.559914	1	1	1	0	1546.15617	1524.75900	1529.02704
8.579914	1	1	1	0	1546.15772	1524.75976	1529.02495
8.599914	1	1	1	0	1546.16200	1524.75900	1529.02514
8.619914	1	1	1	0	1546.15539	1524.76070	1529.02704
8.639914	1	1	1	0	1546.16549	1524.76051	1529.02495
8.659913	1	1	1	0	1546.16044	1524.75976	1529.02514
8.679913	1	1	1	0	1546.16277	1524.75995	1529.02514
8.699913	1	1	1	0	1546.15986	1524.76051	1529.02723
8.719913	1	1	1	0	1546.16705	1524.75787	1529.02704
8.739913	1	1	1	0	1546.15772	1524.76165	1529.02704
8.759912	1	1	1	0	1546.16647	1524.76070	1529.02514
8.779912	1	1	1	0	1546.16200	1524.75787	1529.02723
8.799912	1	1	1	0	1546.16938	1524.75787	1529.02305
8.819912	1	1	1	0	1546.16200	1524.75976	1529.02723
8.839911	1	1	1	0	1546.15325	1524.75900	1529.02704
8.859911	1	1	1	0	1546.15539	1524.76165	1529.02704
8.879911	1	1	1	0	1546.15772	1524.75976	1529.02514
8.899911	1	1	1	0	1546.16044	1524.76070	1529.02514
8.919911	1	1	1	0	1546.16491	1524.75900	1529.02894
8.939911	1	1	1	0	1546.15111	1524.75787	1529.02305
8.959910	1	1	1	0	1546.16880	1524.75787	1529.02704
8.979910	1	1	1	0	1546.15539	1524.75976	1529.02704
8.999910	1	1	1	0	1546.16433	1524.75976	1529.02723
9.019910	1	1	1	0	1546.15986	1524.75900	1529.02495
9.039910	1	1	1	0	1546.15986	1524.75787	1529.02514
9.059909	1	1	1	0	1546.16491	1524.76165	1529.02324
9.079909	1	1	1	0	1546.14956	1524.75976	1529.02514
9.099909	1	1	1	0	1546.15617	1524.76051	1529.02514
9.119909	1	1	1	0	1546.15986	1524.75976	1529.02514
9.139909	1	1	1	0	1546.15539	1524.75881	1529.02305
9.159908	1	1	1	0	1546.16122	1524.75787	1529.02894
9.179908	1	1	1	0	1546.16278	1524.76165	1529.02305
9.199908	1	1	1	0	1546.16200	1524.75976	1529.02514
9.219908	1	1	1	0	1546.16200	1524.76051	1529.02514
9.239908	1	1	1	0	1546.16491	1524.75787	1529.02704
9.259907	1	1	1	0	1546.15325	1524.75900	1529.02514
9.279907	1	1	1	0	1546.16491	1524.75787	1529.02704
9.299907	1	1	1	0	1546.15772	1524.75976	1529.02305
9.319907	1	1	1	0	1546.15325	1524.75787	1529.02894
9.339907	1	1	1	0	1546.16705	1524.75787	1529.02723
9.359906	1	1	1	0	1546.15831	1524.76070	1529.02514
9.379906	1	1	1	0	1546.15831	1524.76070	1529.02704
9.399906	1	1	1	0	1546.16705	1524.75976	1529.02305
9.419906	1	1	1	0	1546.15831	1524.75976	1529.02495
9.439906	1	1	1	0	1546.15986	1524.76165	1529.02305
9.459905	1	1	1	0	1546.16044	1524.75976	1529.02514
9.479905	1	1	1	0	1546.16200	1524.75976	1529.02704
9.499905	1	1	1	0	1546.16122	1524.75976	1529.02704
9.519905	1	1	1	0	1546.15986	1524.75900	1529.02514
9.539905	1	1	1	0	1546.15772	1524.75881	1529.02324
9.559904	1	1	1	0	1546.16491	1524.76165	1529.02723
9.579904	1	1	1	0	1546.15383	1524.75881	1529.02514
9.599904	1	1	1	0	1546.16589	1524.76051	1529.02704
9.619904	1	1	1	0	1546.15539	1524.75976	1529.02704
9.639904	1	1	1	0	1546.16044	1524.75787	1529.02704
9.659903	1	1	1	0	1546.16278	1524.76070	1529.02495
9.679903	1	1	1	0	1546.16200	1524.75976	1529.02704
9.699903	1	1	1	0	1546.15831	1524.75900	1529.02514
9.719903	1	1	1	0	1546.16200	1524.76165	1529.02894
9.739902	1	1	1	0	1546.16200	1524.76240	1529.02324
9.759902	1	1	1	0	1546.16278	1524.75787	1529.02704
9.779902	1	1	1	0	1546.15111	1524.75976	1529.02514
9.799902	1	1	1	0	1546.16433	1524.76070	1529.02514
9.819902	1	1	1	0	1546.16491	1524.76165	1529.02514
9.839901	1	1	1	0	1546.15986	1524.75900	1529.02704
9.859901	1	1	1	0	1546.16491	1524.76070	1529.02704
9.879901	1	1	1	0	1546.15772	1524.75900	1529.02894
9.899901	1	1	1	0	1546.15831	1524.76165	1529.02514
9.919901	1	1	1	0	1546.15831	1524.75900	1529.02514
9.939900	1	1	1	0	1546.16491	1524.75787	1529.02514
9.959900	1	1	1	0	1546.16044	1524.75787	1529.02514
9.979900	1	1	1	0	1546.16200	1524.76052	1529.02895
9.999900	1	1	1	0	1546.15772	1524.76052	1529.02704
10.019900	1	1	1	0	1546.15617	1524.75976	1529.02495
10.039900	1	1	1	0	1546.16492	1524.75976	1529.02514
10.059899	1	1	1	0	1546.16200	1524.75882	1529.02895
10.079899	1	1	1	0	1546.16589	1524.75882	1529.02514
10.099899	1	1	1	0	1546.15539	1524.75900	1529.02704
10.119899	1	1	1	0	1546.16375	1524.76071	1529.02704
10.139899	1	1	1	0	1546.15986	1524.75787	1529.02514
10.159899	1	1	1	0	1546.16278	1524.75976	1529.02724
10.179898	1	1	1	0	1546.16200	1524.75900	1529.02724
10.199898	1	1	1	0	1546.15986	1524.75976	1529.02895
10.219898	1	1	1	0	1546.15539	1524.76071	1529.02895
10.239897	1	1	1	0	1546.16880	1524.75787	1529.02514
10.259897	1	1	1	0	1546.16550	1524.76165	1529.02704
10.279897	1	1	1	0	1546.15986	1524.75900	1529.02514
10.299897	1	1	1	0	1546.15831	1524.75976	1529.02895
10.319897	1	1	1	0	1546.15772	1524.75900	1529.02514
10.339897	1	1	1	0	1546.16142	1524.76071	1529.02724
10.359896	1	1	1	0	1546.16044	1524.75900	1529.02704
10.379896	1	1	1	0	1546.15617	1524.75976	1529.02305
10.399896	1	1	1	0	1546.16044	1524.75976	1529.02704
10.419896	1	1	1	0	1546.14878	1524.75976	1529.02704
10.439895	1	1	1	0	1546.15617	1524.75787	1529.02514
10.459895	1	1	1	0	1546.15384	1524.75976	1529.02704
10.479895	1	1	1	0	1546.16200	1524.75787	1529.02724
10.499895	1	1	1	0	1546.16433	1524.75882	1529.02495
10.519895	1	1	1	0	1546.16647	1524.75976	1529.02514
10.539895	1	1	1	0	1546.16647	1524.76165	1529.02704
10.559894	1	1	1	0	1546.16492	1524.75976	1529.02514
10.579894	1	1	1	0	1546.15772	1524.76165	1529.02724
10.599894	1	1	1	0	1546.16278	1524.76052	1529.02895
10.619894	1	1	1	0	1546.15617	1524.75787	1529.02704
10.639894	1	1	1	0	1546.15617	1524.76052	1529.02514
10.659893	1	1	1	0	1546.16200	1524.76071	1529.02495
10.679893	1	1	1	0	1546.15539	1524.76071	1529.02704
10.699893	1	1	1	0	1546.16492	1524.75787	1529.02514
10.719893	1	1	1	0	1546.17094	1524.75900	1529.02704
10.739892	1	1	1	0	1546.16044	1524.75787	1529.02895
10.759892	1	1	1	0	1546.16433	1524.75976	1529.02514
10.779892	1	1	1	0	1546.16880	1524.75976	1529.02704
10.799892	1	1	1	0	1546.16705	1524.75976	1529.02514
10.819892	1	1	1	0	1546.17152	1524.75900	1529.02514
10.839892	1	1	1	0	1546.15889	1524.75881	1529.02495
10.859891	1	1	1	0	1546.15383	1524.76051	1529.02514
10.879891	1	1	1	0	1546.16200	1524.75976	1529.02514
10.899891	1	1	1	0	1546.16433	1524.75976	1529.02324
10.919891	1	1	1	0	1546.15539	1524.75900	1529.02514
10.939891	1	1	1	0	1546.15986	1524.76051	1529.02704
10.959890	1	1	1	0	1546.15539	1524.75900	1529.02894
10.979890	1	1	1	0	1546.15383	1524.75976	1529.02723
10.999890	1	1	1	0	1546.16200	1524.75787	1529.02115
11.019890	1	1	1	0	1546.15772	1524.76051	1529.02305
11.039890	1	1	1	0	1546.16433	1524.76070	1529.02514
11.059889	1	1	1	0	1546.16647	1524.75976	1529.02514
11.079889	1	1	1	0	1546.15675	1524.75806	1529.02704
11.099889	1	1	1	0	1546.16200	1524.75976	1529.02704
11.119889	1	1	1	0	1546.16044	1524.75976	1529.02704
11.139889	1	1	1	0	1546.16278	1524.76051	1529.02514
11.159888	1	1	1	0	1546.15170	1524.75900	1529.02514
11.179888	1	1	1	0	1546.16044	1524.75787	1529.02704
11.199888	1	1	1	0	1546.15539	1524.75976	1529.02514
11.219888	1	1	1	0	1546.15383	1524.75976	1529.02514
11.239887	1	1	1	0	1546.16278	1524.75976	1529.02894
11.259887	1	1	1	0	1546.16278	1524.75881	1529.03103
11.279887	1	1	1	0	1546.15617	1524.75900	1529.02514
11.299887	1	1	1	0	1546.16278	1524.75900	1529.02723
11.319887	1	1	1	0	1546.15986	1524.75995	1529.02514
11.339887	1	1	1	0	1546.16647	1524.75787	1529.02704
11.359886	1	1	1	0	1546.15675	1524.75900	1529.02723
11.379886	1	1	1	0	1546.15831	1524.75900	1529.02704
11.399886	1	1	1	0	1546.15617	1524.76165	1529.02704
11.419886	1	1	1	0	1546.16647	1524.75900	1529.02324
11.439886	1	1	1	0	1546.16705	1524.75787	1529.02894
11.459885	1	1	1	0	1546.16200	1524.75976	1529.02305
11.479885	1	1	1	0	1546.16433	1524.76051	1529.02704
11.499885	1	1	1	0	1546.15383	1524.75976	1529.02704
11.519885	1	1	1	0	1546.16278	1524.75787	1529.02514
11.539885	1	1	1	0	1546.16044	1524.75881	1529.02704
11.559884	1	1	1	0	1546.16200	1524.75976	1529.02894
11.579884	1	1	1	0	1546.15772	1524.76051	1529.02704
11.599884	1	1	1	0	1546.15772	1524.76070	1529.02704
11.619884	1	1	1	0	1546.15539	1524.75787	1529.02704
11.639884	1	1	1	0	1546.16433	1524.75881	1529.02514
11.659884	1	1	1	0	1546.16278	1524.75900	1529.02495
11.679883	1	1	1	0	1546.16433	1524.75787	1529.02495
11.699883	1	1	1	0	1546.16278	1524.75692	1529.02305
11.719883	1	1	1	0	1546.16433	1524.76165	1529.02894
11.739883	1	1	1	0	1546.16880	1524.76051	1529.02704
11.759882	1	1	1	0	1546.16433	1524.75881	1529.02514
11.779882	1	1	1	0	1546.16938	1524.75881	1529.02324
11.799882	1	1	1	0	1546.16647	1524.75995	1529.02514
11.819882	1	1	1	0	1546.16200	1524.75976	1529.02514
11.839882	1	1	1	0	1546.15772	1524.75900	1529.02514
11.859881	1	1	1	0	1546.16044	1524.75900	1529.02704
11.879881	1	1	1	0	1546.16200	1524.76070	1529.02704
11.899881	1	1	1	0	1546.16278	1524.75598	1529.02514
11.919881	1	1	1	0	1546.15325	1524.75957	1529.02723
11.939881	1	1	1	0	1546.16491	1524.75692	1529.02514
11.959881	1	1	1	0	1546.15325	1524.75711	1529.02894
11.979880	1	1	1	0	1546.16200	1524.75976	1529.01906
11.999880	1	1	1	0	1546.16044	1524.75881	1529.02704
12.019880	1	1	1	0	1546.15831	1524.75976	1529.02704
12.039880	1	1	1	0	1546.16044	1524.75900	1529.02514
12.059879	1	1	1	0	1546.15986	1524.75976	1529.02514
12.079879	1	1	1	0	1546.16278	1524.75976	1529.02704
12.099879	1	1	1	0	1546.15772	1524.75787	1529.02723
12.119879	1	1	1	0	1546.15986	1524.75976	1529.02514
12.139879	1	1	1	0	1546.16433	1524.75995	1529.02514
12.159878	1	1	1	0	1546.15675	1524.75900	1529.02514
12.179880	1	1	1	0	1546.15831	1524.75976	1529.02514
12.199878	1	1	1	0	1546.16491	1524.75900	1529.02704
12.219878	1	1	1	0	1546.16433	1524.75900	1529.02514
12.239877	1	1	1	0	1546.16880	1524.75692	1529.02514
12.259877	1	1	1	0	1546.16433	1524.75787	1529.02704
12.279877	1	1	1	0	1546.15383	1524.75900	1529.02495
12.299877	1	1	1	0	1546.15831	1524.76165	1529.02514
12.319877	1	1	1	0	1546.15675	1524.75787	1529.02723
12.339877	1	1	1	0	1546.16200	1524.75787	1529.02514
12.359876	1	1	1	0	1546.15325	1524.75976	1529.02704
12.379876	1	1	1	0	1546.16278	1524.75881	1529.02514
12.399876	1	1	1	0	1546.15772	1524.76051	1529.02514
12.419876	1	1	1	0	1546.16492	1524.75976	1529.02514
12.439876	1	1	1	0	1546.15617	1524.75882	1529.02305
12.459875	1	1	1	0	1546.16044	1524.75711	1529.02704
12.479875	1	1	1	0	1546.15617	1524.75787	1529.02495
12.499875	1	1	1	0	1546.16278	1524.75882	1529.02495
12.519875	1	1	1	0	1546.15831	1524.75787	1529.02704
12.539875	1	1	1	0	1546.16044	1524.76071	1529.02724
12.559874	1	1	1	0	1546.16783	1524.75711	1529.02514
12.579874	1	1	1	0	1546.16278	1524.76071	1529.02704
12.599874	1	1	1	0	1546.16647	1524.75900	1529.02724
12.619874	1	1	1	0	1546.16278	1524.75787	1529.02704
12.639874	1	1	1	0	1546.15170	1524.75598	1529.02514
12.659873	1	1	1	0	1546.16647	1524.75976	1529.02895
12.679873	1	1	1	0	1546.15384	1524.75976	1529.02514
12.699873	1	1	1	0	1546.16705	1524.75976	1529.02704
12.719873	1	1	1	0	1546.15539	1524.76071	1529.02704
12.739872	1	1	1	0	1546.16044	1524.75900	1529.02704
12.759872	1	1	1	0	1546.16433	1524.75787	1529.02704
12.779872	1	1	1	0	1546.16200	1524.75976	1529.02305
12.799872	1	1	1	0	1546.16044	1524.75976	1529.02495
12.819872	1	1	1	0	1546.15986	1524.75787	1529.02514
12.839872	1	1	1	0	1546.16278	1524.75900	1529.02514
12.859871	1	1	1	0	1546.16044	1524.75900	1529.02895
12.879871	1	1	1	0	1546.15384	1524.75882	1529.02704
12.899871	1	1	1	0	1546.16044	1524.75976	1529.02914
12.919871	1	1	1	0	1546.16200	1524.75976	1529.02514
12.939871	1	1	1	0	1546.15986	1524.75976	1529.02895
12.959870	1	1	1	0	1546.15831	1524.75787	1529.02514
12.979870	1	1	1	0	1546.15772	1524.75976	1529.02305
12.999870	1	1	1	0	1546.15384	1524.75882	1529.02704
13.019870	1	1	1	0	1546.16044	1524.75900	1529.02704
13.039870	1	1	1	0	1546.15831	1524.75976	1529.02495
13.059870	1	1	1	0	1546.16200	1524.75900	1529.02514
13.079869	1	1	1	0	1546.15772	1524.75900	1529.02704
13.099869	1	1	1	0	1546.15772	1524.75787	1529.02704
13.119869	1	1	1	0	1546.16647	1524.76071	1529.02514
13.139868	1	1	1	0	1546.15539	1524.75882	1529.02514
13.159868	1	1	1	0	1546.15539	1524.75787	1529.02514
13.179868	1	1	1	0	1546.16044	1524.75976	1529.02704
13.199868	1	1	1	0	1546.16433	1524.75976	1529.02305
13.219868	1	1	1	0	1546.15831	1524.75598	1529.02514
13.239867	1	1	1	0	1546.15831	1524.75787	1529.02723
13.259867	1	1	1	0	1546.16278	1524.75881	1529.02514
13.279867	1	1	1	0	1546.16375	1524.75787	1529.03084
13.299867	1	1	1	0	1546.15986	1524.75598	1529.02514
13.319867	1	1	1	0	1546.16491	1524.75881	1529.02514
13.339867	1	1	1	0	1546.15772	1524.75900	1529.02704
13.359866	1	1	1	0	1546.16278	1524.75900	1529.02514
13.379866	1	1	1	0	1546.16122	1524.75900	1529.02115
13.399866	1	1	1	0	1546.15831	1524.76165	1529.02514
13.419866	1	1	1	0	1546.15539	1524.75579	1529.02723
13.439865	1	1	1	0	1546.16200	1524.75900	1529.02115
13.459865	1	1	1	0	1546.16200	1524.75787	1529.02514
13.479865	1	1	1	0	1546.15831	1524.75787	1529.02723
13.499865	1	1	1	0	1546.16589	1524.75900	1529.02723
13.519865	1	1	1	0	1546.15831	1524.75787	1529.02704
13.539865	1	1	1	0	1546.16278	1524.75787	1529.02514
13.559864	1	1	1	0	1546.16491	1524.75787	1529.02704
13.579864	1	1	1	0	1546.16044	1524.75711	1529.02514
13.599864	1	1	1	0	1546.15111	1524.76070	1529.02704
13.619864	1	1	1	0	1546.15383	1524.76165	1529.02514
13.639863	1	1	1	0	1546.15928	1524.76070	1529.02514
13.659863	1	1	1	0	1546.16433	1524.75692	1529.02704
13.679863	1	1	1	0	1546.15986	1524.75976	1529.02894
13.699863	1	1	1	0	1546.15986	1524.75976	1529.02704
13.719863	1	1	1	0	1546.16278	1524.75900	1529.02495
13.739862	1	1	1	0	1546.15325	1524.75976	1529.02495
13.759862	1	1	1	0	1546.15928	1524.75881	1529.02894
13.779862	1	1	1	0	1546.15617	1524.75598	1529.02514
13.799862	1	1	1	0	1546.15617	1524.75881	1529.02305
13.819862	1	1	1	0	1546.16433	1524.75787	1529.02514
13.839862	1	1	1	0	1546.15831	1524.76051	1529.02514
13.859861	1	1	1	0	1546.16200	1524.76354	1529.02495
13.879861	1	1	1	0	1546.15986	1524.75787	1529.02704
13.899861	1	1	1	0	1546.16200	1524.75900	1529.02514
13.919861	1	1	1	0	1546.16200	1524.75976	1529.02305
13.939861	1	1	1	0	1546.16278	1524.75787	1529.02704
13.959860	1	1	1	0	1546.16278	1524.75787	1529.02514
13.979860	1	1	1	0	1546.15986	1524.75598	1529.02704
13.999860	1	1	1	0	1546.16200	1524.75881	1529.02514
14.019860	1	1	1	0	1546.15325	1524.75900	1529.02704
14.039860	1	1	1	0	1546.16044	1524.75976	1529.02305
14.059860	1	1	1	0	1546.16433	1524.75503	1529.02514
14.079859	1	1	1	0	1546.15986	1524.75881	1529.02495
14.099859	1	1	1	0	1546.15830	1524.75787	1529.02704
14.119859	1	1	1	0	1546.15986	1524.75787	1529.02894
14.139858	1	1	1	0	1546.15830	1524.75787	1529.02704
14.159858	1	1	1	0	1546.15772	1524.75692	1529.02495
14.179858	1	1	1	0	1546.16044	1524.75692	1529.02704
14.199858	1	1	1	0	1546.16491	1524.75787	1529.02514
14.219858	1	1	1	0	1546.15986	1524.76165	1529.02305
14.239857	1	1	1	0	1546.15772	1524.75976	1529.02324
14.259857	1	1	1	0	1546.15830	1524.75976	1529.02723
14.279857	1	1	1	0	1546.15617	1524.75976	1529.02514
14.299857	1	1	1	0	1546.16277	1524.75900	1529.02514
14.319857	1	1	1	0	1546.16880	1524.75881	1529.02514
14.339857	1	1	1	0	1546.16044	1524.75787	1529.02324
14.359856	1	1	1	0	1546.16200	1524.75787	1529.02723
14.379856	1	1	1	0	1546.16044	1524.75787	1529.02723
14.399856	1	1	1	0	1546.15772	1524.75881	1529.02704
14.419856	1	1	1	0	1546.15830	1524.76070	1529.02704
14.439856	1	1	1	0	1546.17094	1524.76070	1529.02723
14.459855	1	1	1	0	1546.16433	1524.75900	1529.02514
14.479855	1	1	1	0	1546.16647	1524.75976	1529.02894
14.499855	1	1	1	0	1546.16044	1524.75976	1529.02514
14.519855	1	1	1	0	1546.15383	1524.75976	1529.02704
14.539855	1	1	1	0	1546.16200	1524.75976	1529.02514
14.559854	1	1	1	0	1546.15830	1524.75692	1529.02913
14.579854	1	1	1	0	1546.16433	1524.75976	1529.02514
14.599854	1	1	1	0	1546.16200	1524.75598	1529.02514
14.619854	1	1	1	0	1546.16200	1524.75787	1529.02704
14.639853	1	1	1	0	1546.15772	1524.75692	1529.02894
14.659853	1	1	1	0	1546.16433	1524.75787	1529.02324
14.679853	1	1	1	0	1546.15986	1524.75711	1529.02324
14.699853	1	1	1	0	1546.16705	1524.75787	1529.02704
14.719853	1	1	1	0	1546.15772	1524.75881	1529.02723
14.739852	1	1	1	0	1546.15617	1524.75976	1529.02514
14.759852	1	1	1	0	1546.16433	1524.76165	1529.02514
14.779852	1	1	1	0	1546.15772	1524.76070	1529.02514
14.799852	1	1	1	0	1546.16880	1524.75692	1529.02704
14.819852	1	1	1	0	1546.15617	1524.75881	1529.02514
14.839852	1	1	1	0	1546.16044	1524.75881	1529.02704
14.859851	1	1	1	0	1546.15830	1524.75787	1529.02723
14.879851	1	1	1	0	1546.15539	1524.75787	1529.02723
14.899851	1	1	1	0	1546.16277	1524.75787	1529.02514
14.919851	1	1	1	0	1546.15830	1524.76184	1529.02495
14.939851	1	1	1	0	1546.15986	1524.75976	1529.02704
14.959850	1	1	1	0	1546.16044	1524.75711	1529.02704
14.979851	1	1	1	0	1546.15986	1524.75976	1529.02894
14.999850	1	1	1	0	1546.15986	1524.75598	1529.02514
15.019850	1	1	1	0	1546.15986	1524.76070	1529.02723
15.039850	1	1	1	0	1546.15928	1524.75976	1529.02913
15.059850	1	1	1	0	1546.15480	1524.75976	1529.02704
15.079849	1	1	1	0	1546.16802	1524.75711	1529.02514
15.099849	1	1	1	0	1546.16491	1524.75881	1529.02533
15.119849	1	1	1	0	1546.15986	1524.75881	1529.02514
15.139849	1	1	1	0	1546.15772	1524.75976	1529.02704
15.159848	1	1	1	0	1546.16200	1524.75787	1529.02514
15.179848	1	1	1	0	1546.16647	1524.75598	1529.02704
15.199848	1	1	1	0	1546.15539	1524.75976	1529.02305
15.219848	1	1	1	0	1546.15772	1524.76240	1529.02324
15.239848	1	1	1	0	1546.16375	1524.75900	1529.02514
15.259847	1	1	1	0	1546.15986	1524.75881	1529.02704
15.279847	1	1	1	0	1546.16705	1524.75900	1529.02514
15.299847	1	1	1	0	1546.15772	1524.75976	1529.02514
15.319847	1	1	1	0	1546.15830	1524.75976	1529.02495
15.339846	1	1	1	0	1546.16647	1524.75787	1529.02324
15.359846	1	1	1	0	1546.16647	1524.75900	1529.02704
15.379846	1	1	1	0	1546.15617	1524.75522	1529.02894
15.399846	1	1	1	0	1546.15772	1524.76051	1529.02514
15.419846	1	1	1	0	1546.16044	1524.75711	1529.02514
15.439846	1	1	1	0	1546.15383	1524.75598	1529.02894
15.459845	1	1	1	0	1546.15830	1524.76070	1529.02704
15.479845	1	1	1	0	1546.16044	1524.76051	1529.02704
15.499845	1	1	1	0	1546.16277	1524.75787	1529.02514
15.519845	1	1	1	0	1546.15617	1524.76051	1529.02514
15.539845	1	1	1	0	1546.15830	1524.75900	1529.02704
15.559844	1	1	1	0	1546.16491	1524.75787	1529.02324
15.579844	1	1	1	0	1546.16491	1524.75787	1529.02723
15.599844	1	1	1	0	1546.14742	1524.75900	1529.02514
15.619844	1	1	1	0	1546.15830	1524.75692	1529.02514
15.639843	1	1	1	0	1546.15539	1524.75787	1529.02704
15.659843	1	1	1	0	1546.15986	1524.75881	1529.02723
15.679843	1	1	1	0	1546.16200	1524.75711	1529.02115
15.699843	1	1	1	0	1546.16200	1524.75711	1529.02514
15.719843	1	1	1	0	1546.16433	1524.75976	1529.02514
15.739843	1	1	1	0	1546.15617	1524.75881	1529.02894
15.759842	1	1	1	0	1546.15675	1524.75976	1529.02704
15.779842	1	1	1	0	1546.15383	1524.75787	1529.02495
15.799842	1	1	1	0	1546.16200	1524.75976	1529.02894
15.819842	1	1	1	0	1546.16277	1524.75787	1529.02723
15.839842	1	1	1	0	1546.15539	1524.75598	1529.02704
15.859841	1	1	1	0	1546.15830	1524.75598	1529.02704
15.879841	1	1	1	0	1546.17152	1524.75881	1529.02514
15.899841	1	1	1	0	1546.17094	1524.75976	1529.02894
15.919841	1	1	1	0	1546.15986	1524.75881	1529.02704
15.939841	1	1	1	0	1546.16044	1524.75598	1529.02514
15.959841	1	1	1	0	1546.16880	1524.75692	1529.02495
15.979841	1	1	1	0	1546.15772	1524.75976	1529.02514
15.999840	1	1	1	0	1546.16433	1524.75787	1529.02704
16.019840	1	1	1	0	1546.15325	1524.75598	1529.02514
16.039840	1	1	1	0	1546.16433	1524.75787	1529.02514
16.059839	1	1	1	0	1546.16938	1524.75976	1529.02723
16.079839	1	1	1	0	1546.15830	1524.75787	1529.02514
16.099839	1	1	1	0	1546.16433	1524.75787	1529.02514
16.119839	1	1	1	0	1546.17599	1524.75976	1529.02514
16.139838	1	1	1	0	1546.16647	1524.75900	1529.02894
16.159838	1	1	1	0	1546.16277	1524.75976	1529.02723
16.179838	1	1	1	0	1546.16938	1524.75787	1529.02723
16.199838	1	1	1	0	1546.15539	1524.75900	1529.02514
16.219838	1	1	1	0	1546.15539	1524.75711	1529.02704
16.239837	1	1	1	0	1546.15539	1524.75976	1529.02514
16.259837	1	1	1	0	1546.16200	1524.75976	1529.02305
16.279837	1	1	1	0	1546.16044	1524.75900	1529.02514
16.299837	1	1	1	0	1546.16044	1524.75711	1529.02514
16.319837	1	1	1	0	1546.16938	1524.75900	1529.02704
16.339837	1	1	1	0	1546.15986	1524.75881	1529.02704
16.359836	1	1	1	0	1546.16044	1524.75787	1529.02894
16.379836	1	1	1	0	1546.16375	1524.75692	1529.02514
16.399836	1	1	1	0	1546.15325	1524.75881	1529.02704
16.419836	1	1	1	0	1546.15617	1524.75976	1529.02704
16.439836	1	1	1	0	1546.16433	1524.75787	1529.02704
16.459835	1	1	1	0	1546.15986	1524.75787	1529.02514
16.479835	1	1	1	0	1546.15986	1524.75806	1529.02514
16.499835	1	1	1	0	1546.15986	1524.75692	1529.02704
16.519835	1	1	1	0	1546.15830	1524.75787	1529.02723
16.539834	1	1	1	0	1546.16705	1524.75787	1529.02723
16.559834	1	1	1	0	1546.16044	1524.75787	1529.02704
16.579834	1	1	1	0	1546.16044	1524.75711	1529.02514
16.599834	1	1	1	0	1546.16277	1524.75806	1529.02913
16.619834	1	1	1	0	1546.15539	1524.75787	1529.02514
16.639833	1	1	1	0	1546.15986	1524.75881	1529.02894
16.659833	1	1	1	0	1546.16588	1524.75976	1529.02894
16.679833	1	1	1	0	1546.16277	1524.75995	1529.02704
16.699833	1	1	1	0	1546.15830	1524.75900	1529.02495
16.719833	1	1	1	0	1546.16433	1524.75976	1529.02704
16.739833	1	1	1	0	1546.16647	1524.75881	1529.02723
16.759832	1	1	1	0	1546.16277	1524.75787	1529.02514
16.779832	1	1	1	0	1546.16433	1524.76165	1529.02704
16.799832	1	1	1	0	1546.15772	1524.75787	1529.02723
16.819832	1	1	1	0	1546.15325	1524.76165	1529.02514
16.839831	1	1	1	0	1546.15889	1524.75787	1529.02704
16.859831	1	1	1	0	1546.15617	1524.75881	1529.02723
16.879831	1	1	1	0	1546.15325	1524.76070	1529.02704
16.899831	1	1	1	0	1546.15830	1524.75711	1529.02704
16.919831	1	1	1	0	1546.15986	1524.75900	1529.02704
16.939831	1	1	1	0	1546.16433	1524.75900	1529.02514
16.959830	1	1	1	0	1546.15830	1524.75900	1529.03084
16.979830	1	1	1	0	1546.15986	1524.75787	1529.02704
16.999830	1	1	1	0	1546.16433	1524.75976	1529.02514
17.019830	1	1	1	0	1546.16200	1524.75881	1529.02495
17.039829	1	1	1	0	1546.15986	1524.75787	1529.02723
17.059829	1	1	1	0	1546.17094	1524.75900	1529.02324
17.079829	1	1	1	0	1546.16647	1524.76165	1529.02704
17.099829	1	1	1	0	1546.15986	1524.75881	1529.02723
17.119829	1	1	1	0	1546.16044	1524.75787	1529.02324
17.139828	1	1	1	0	1546.15986	1524.75616	1529.02704
17.159828	1	1	1	0	1546.15830	1524.75787	1529.02723
17.179828	1	1	1	0	1546.16336	1524.75881	1529.02894
17.199828	1	1	1	0	1546.15830	1524.75900	1529.02495
17.219828	1	1	1	0	1546.15772	1524.75598	1529.02704
17.239827	1	1	1	0	1546.15772	1524.75881	1529.02704
17.259827	1	1	1	0	1546.16200	1524.75900	1529.02894
17.279827	1	1	1	0	1546.15772	1524.75787	1529.02115
17.299827	1	1	1	0	1546.17094	1524.75976	1529.02514
17.319827	1	1	1	0	1546.16277	1524.76070	1529.02514
17.339826	1	1	1	0	1546.15772	1524.75976	1529.02704
17.359826	1	1	1	0	1546.16200	1524.75787	1529.02514
17.379826	1	1	1	0	1546.16491	1524.75900	1529.02704
17.399826	1	1	1	0	1546.15830	1524.75976	1529.02704
17.419826	1	1	1	0	1546.15830	1524.75787	1529.02723
17.439826	1	1	1	0	1546.15169	1524.75787	1529.02514
17.459825	1	1	1	0	1546.16938	1524.75787	1529.02704
17.479825	1	1	1	0	1546.15617	1524.75787	1529.02704
17.499825	1	1	1	0	1546.16433	1524.75787	1529.02894
17.519825	1	1	1	0	1546.16200	1524.75787	1529.02894
17.539824	1	1	1	0	1546.15830	1524.75787	1529.02704
17.559824	1	1	1	0	1546.15694	1524.75787	1529.02305
17.579824	1	1	1	0	1546.16491	1524.75616	1529.02495
17.599824	1	1	1	0	1546.16375	1524.75446	1529.02704
17.619824	1	1	1	0	1546.15830	1524.75900	1529.02514
17.639823	1	1	1	0	1546.15830	1524.75787	1529.02514
17.659823	1	1	1	0	1546.15267	1524.75711	1529.02704
17.679823	1	1	1	0	1546.16200	1524.75787	1529.02704
17.699823	1	1	1	0	1546.16277	1524.75881	1529.02514
17.719823	1	1	1	0	1546.15325	1524.75787	1529.02514
17.739823	1	1	1	0	1546.16647	1524.75787	1529.02514
17.759822	1	1	1	0	1546.15986	1524.75787	1529.02514
17.779822	1	1	1	0	1546.16044	1524.75976	1529.02704
17.799822	1	1	1	0	1546.16647	1524.75900	1529.02723
17.819822	1	1	1	0	1546.16044	1524.75806	1529.03084
17.839821	1	1	1	0	1546.15830	1524.75787	1529.02704
17.859821	1	1	1	0	1546.16200	1524.75900	1529.02723
17.879821	1	1	1	0	1546.15617	1524.76070	1529.02514
17.899821	1	1	1	0	1546.16044	1524.75900	1529.02894
17.919821	1	1	1	0	1546.16802	1524.75787	1529.02723
17.939821	1	1	1	0	1546.16433	1524.75976	1529.02514
17.959820	1	1	1	0	1546.16200	1524.75995	1529.02514
17.979820	1	1	1	0	1546.15675	1524.75787	1529.02894
17.999820	1	1	1	0	1546.15617	1524.75900	1529.02704
18.019820	1	1	1	0	1546.16044	1524.75787	1529.02324
18.039819	1	1	1	0	1546.16647	1524.75881	1529.02514
18.059819	1	1	1	0	1546.15830	1524.75976	1529.02723
18.079819	1	1	1	0	1546.16200	1524.75900	1529.02704
18.099819	1	1	1	0	1546.15539	1524.75787	1529.02723
18.119819	1	1	1	0	1546.16200	1524.75711	1529.02495
18.139818	1	1	1	0	1546.15772	1524.75976	1529.02894
18.159818	1	1	1	0	1546.16044	1524.75976	1529.02514
18.179818	1	1	1	0	1546.15772	1524.75881	1529.02704
18.199818	1	1	1	0	1546.15616	1524.75900	1529.02704
18.219818	1	1	1	0	1546.15772	1524.75881	1529.02514
18.239817	1	1	1	0	1546.15986	1524.75692	1529.02704
18.259817	1	1	1	0	1546.15539	1524.75900	1529.02514
18.279817	1	1	1	0	1546.16433	1524.76070	1529.02704
18.299817	1	1	1	0	1546.15986	1524.75900	1529.02305
18.319817	1	1	1	0	1546.15830	1524.75900	1529.02704
18.339817	1	1	1	0	1546.15539	1524.75881	1529.02514
18.359816	1	1	1	0	1546.15539	1524.75976	1529.02704
18.379816	1	1	1	0	1546.15772	1524.75787	1529.02704
18.399816	1	1	1	0	1546.16277	1524.76051	1529.02324
18.419816	1	1	1	0	1546.16044	1524.75976	1529.02723
18.439816	1	1	1	0	1546.14955	1524.75900	1529.02514
18.459815	1	1	1	0	1546.15986	1524.75787	1529.02514
18.479815	1	1	1	0	1546.16938	1524.75976	1529.02514
18.499815	1	1	1	0	1546.16277	1524.75787	1529.02514
18.519815	1	1	1	0	1546.16880	1524.75900	1529.02704
18.539814	1	1	1	0	1546.16705	1524.75787	1529.02723
18.559814	1	1	1	0	1546.15830	1524.76051	1529.02894
18.579814	1	1	1	0	1546.15830	1524.75900	1529.02514
18.599814	1	1	1	0	1546.16491	1524.75692	1529.02495
18.619814	1	1	1	0	1546.15616	1524.75787	1529.02514
18.639813	1	1	1	0	1546.17035	1524.75881	1529.02514
18.659813	1	1	1	0	1546.15111	1524.76051	1529.02723
18.679813	1	1	1	0	1546.15986	1524.75787	1529.02704
18.699813	1	1	1	0	1546.15383	1524.75976	1529.02704
18.719813	1	1	1	0	1546.16705	1524.75881	1529.02704
18.739812	1	1	1	0	1546.16044	1524.75787	1529.02704
18.759812	1	1	1	0	1546.15539	1524.75787	1529.02704
18.779812	1	1	1	0	1546.16880	1524.75976	1529.02514
18.799812	1	1	1	0	1546.16199	1524.75900	1529.02495
18.819812	1	1	1	0	1546.16938	1524.76070	1529.02514
18.839812	1	1	1	0	1546.15383	1524.75787	1529.02723
18.859811	1	1	1	0	1546.16044	1524.75976	1529.02533
18.879811	1	1	1	0	1546.16199	1524.76164	1529.02704
18.899811	1	1	1	0	1546.15986	1524.75597	1529.02495
18.919811	1	1	1	0	1546.16491	1524.75787	1529.02514
18.939811	1	1	1	0	1546.16647	1524.75976	1529.02514
18.959810	1	1	1	0	1546.16199	1524.75711	1529.02685
18.979810	1	1	1	0	1546.16044	1524.75976	1529.02894
18.999810	1	1	1	0	1546.16044	1524.75976	1529.02704
19.019810	1	1	1	0	1546.16647	1524.75787	1529.02305
19.039809	1	1	1	0	1546.15325	1524.75616	1529.02514
19.059809	1	1	1	0	1546.16433	1524.75976	1529.02514
19.079809	1	1	1	0	1546.16199	1524.75692	1529.02514
19.099809	1	1	1	0	1546.15772	1524.75787	1529.02514
19.119809	1	1	1	0	1546.16044	1524.75597	1529.02514
19.139808	1	1	1	0	1546.15616	1524.75787	1529.02495
19.159808	1	1	1	0	1546.14742	1524.75787	1529.02495
19.179808	1	1	1	0	1546.16044	1524.75881	1529.02704
19.199808	1	1	1	0	1546.16491	1524.75787	1529.02704
19.219808	1	1	1	0	1546.15539	1524.75787	1529.02704
19.239807	1	1	1	0	1546.16044	1524.75787	1529.02514
19.259807	1	1	1	0	1546.16044	1524.75597	1529.02723
19.279807	1	1	1	0	1546.15830	1524.75787	1529.02514
19.299807	1	1	1	0	1546.15986	1524.75976	1529.02704
19.319807	1	1	1	0	1546.15616	1524.75787	1529.02704
19.339807	1	1	1	0	1546.16491	1524.76259	1529.02704
19.359806	1	1	1	0	1546.15927	1524.75900	1529.02514
19.379806	1	1	1	0	1546.16647	1524.75787	1529.02514
19.399806	1	1	1	0	1546.14878	1524.75787	1529.02723
19.419806	1	1	1	0	1546.15325	1524.76051	1529.02514
19.439806	1	1	1	0	1546.15616	1524.75692	1529.02704
19.459805	1	1	1	0	1546.16880	1524.76070	1529.02704
19.479805	1	1	1	0	1546.16044	1524.76051	1529.02514
19.499805	1	1	1	0	1546.16044	1524.75787	1529.02514
19.519805	1	1	1	0	1546.15616	1524.75711	1529.02723
19.539804	1	1	1	0	1546.16141	1524.76051	1529.02723
19.559804	1	1	1	0	1546.16044	1524.75787	1529.02704
19.579804	1	1	1	0	1546.16647	1524.75711	1529.02704
19.599804	1	1	1	0	1546.15325	1524.75976	1529.02305
19.619804	1	1	1	0	1546.15616	1524.75787	1529.02533
19.639803	1	1	1	0	1546.16880	1524.75881	1529.02495
19.659803	1	1	1	0	1546.15830	1524.75900	1529.02704
19.679803	1	1	1	0	1546.16433	1524.75787	1529.02514
19.699803	1	1	1	0	1546.15111	1524.75805	1529.02723
19.719803	1	1	1	0	1546.15772	1524.76070	1529.02704
19.739802	1	1	1	0	1546.15986	1524.75787	1529.02723
19.759802	1	1	1	0	1546.15772	1524.75711	1529.02704
19.779802	1	1	1	0	1546.15616	1524.75787	1529.02704
19.799802	1	1	1	0	1546.15772	1524.75787	1529.02514
19.819802	1	1	1	0	1546.15986	1524.75976	1529.02704
19.839802	1	1	1	0	1546.15772	1524.76070	1529.02723
19.859801	1	1	1	0	1546.15986	1524.75787	1529.02704
19.879801	1	1	1	0	1546.15539	1524.75900	1529.02894
19.899801	1	1	1	0	1546.15772	1524.75787	1529.02514
19.919801	1	1	1	0	1546.15772	1524.75976	1529.02514
19.939801	1	1	1	0	1546.16647	1524.75711	1529.02514
19.959800	1	1	1	0	1546.15772	1524.75976	1529.02704
19.979800	1	1	1	0	1546.16433	1524.75597	1529.02514
19.999800	1	1	1	0	1546.16647	1524.75976	1529.02704
20.019800	1	1	1	0	1546.16141	1524.75900	1529.02305
20.039799	1	1	1	0	1546.16044	1524.75692	1529.02913
20.059799	1	1	1	0	1546.15539	1524.75597	1529.02514
20.079799	1	1	1	0	1546.16277	1524.76164	1529.02723
20.099799	1	1	1	0	1546.15986	1524.75881	1529.02514
20.119799	1	1	1	0	1546.16433	1524.75881	1529.02514
20.139798	1	1	1	0	1546.15772	1524.75787	1529.02514
20.159798	1	1	1	0	1546.16433	1524.75976	1529.02514
20.179798	1	1	1	0	1546.16647	1524.75787	1529.02704
20.199798	1	1	1	0	1546.15830	1524.75692	1529.02514
20.219798	1	1	1	0	1546.16044	1524.76070	1529.02704
20.239797	1	1	1	0	1546.16199	1524.75976	1529.02495
20.259797	1	1	1	0	1546.16277	1524.76051	1529.02723
20.279797	1	1	1	0	1546.15830	1524.75976	1529.02514
20.299797	1	1	1	0	1546.15772	1524.75976	1529.02514
20.319797	1	1	1	0	1546.15986	1524.75881	1529.02305
20.339796	1	1	1	0	1546.15169	1524.75711	1529.02704
20.359796	1	1	1	0	1546.16433	1524.75976	1529.02514
20.379796	1	1	1	0	1546.16044	1524.75711	1529.02894
20.399796	1	1	1	0	1546.15772	1524.75692	1529.02514
20.419796	1	1	1	0	1546.15694	1524.75976	1529.02305
20.439795	1	1	1	0	1546.15986	1524.75976	1529.02704
20.459795	1	1	1	0	1546.16044	1524.75881	1529.02723
20.479795	1	1	1	0	1546.16647	1524.75976	1529.02704
20.499795	1	1	1	0	1546.15325	1524.75976	1529.02704
20.519795	1	1	1	0	1546.15986	1524.75711	1529.02514
20.539794	1	1	1	0	1546.16199	1524.75787	1529.02894
20.559794	1	1	1	0	1546.16044	1524.75787	1529.02324
20.579794	1	1	1	0	1546.15169	1524.75881	1529.02704
20.599794	1	1	1	0	1546.16880	1524.75692	1529.02514
20.619794	1	1	1	0	1546.15830	1524.75900	1529.02704
20.639793	1	1	1	0	1546.16491	1524.76051	1529.02305
20.659793	1	1	1	0	1546.15772	1524.75787	1529.02514
20.679793	1	1	1	0	1546.15539	1524.75597	1529.02514
20.699793	1	1	1	0	1546.16647	1524.75976	1529.02894
20.719793	1	1	1	0	1546.15830	1524.75711	1529.02514
20.739793	1	1	1	0	1546.15616	1524.75787	1529.02704
20.759792	1	1	1	0	1546.15539	1524.75976	1529.02514
20.779792	1	1	1	0	1546.16199	1524.75787	1529.02723
20.799792	1	1	1	0	1546.16491	1524.75787	1529.02514
20.819792	1	1	1	0	1546.15772	1524.75787	1529.02704
20.839791	1	1	1	0	1546.16277	1524.75597	1529.02894
20.859791	1	1	1	0	1546.16044	1524.75787	1529.02704
20.879791	1	1	1	0	1546.15772	1524.75787	1529.02495
20.899791	1	1	1	0	1546.16277	1524.75900	1529.02514
20.919791	1	1	1	0	1546.16647	1524.75881	1529.02704
20.939790	1	1	1	0	1546.15383	1524.75976	1529.02704
20.959790	1	1	1	0	1546.16433	1524.75787	1529.02514
20.979790	1	1	1	0	1546.15830	1524.75976	1529.02704
20.999790	1	1	1	0	1546.15986	1524.75881	1529.02894
21.019790	1	1	1	0	1546.15616	1524.75787	1529.02894
21.039789	1	1	1	0	1546.16705	1524.75787	1529.02704
21.059789	1	1	1	0	1546.15772	1524.75711	1529.02324
21.079789	1	1	1	0	1546.15539	1524.75787	1529.02723
21.099789	1	1	1	0	1546.15986	1524.75522	1529.02514
21.119789	1	1	1	0	1546.16433	1524.75787	1529.02514
21.139788	1	1	1	0	1546.15461	1524.75692	1529.02913
21.159788	1	1	1	0	1546.15111	1524.75692	1529.02894
21.179788	1	1	1	0	1546.16491	1524.75787	1529.02514
21.199788	1	1	1	0	1546.16199	1524.75976	1529.02704
21.219788	1	1	1	0	1546.15830	1524.75976	1529.02723
21.239788	1	1	1	0	1546.15830	1524.75787	1529.02305
21.259787	1	1	1	0	1546.15169	1524.75787	1529.02704
21.279787	1	1	1	0	1546.16433	1524.75787	1529.02704
21.299787	1	1	1	0	1546.15772	1524.75711	1529.02514
21.319787	1	1	1	0	1546.15772	1524.75787	1529.02495
21.339787	1	1	1	0	1546.15986	1524.75976	1529.02514
21.359786	1	1	1	0	1546.15830	1524.75692	1529.02514
21.379786	1	1	1	0	1546.15616	1524.75597	1529.02894
21.399786	1	1	1	0	1546.16491	1524.75597	1529.02704
21.419786	1	1	1	0	1546.15539	1524.75692	1529.02514
21.439785	1	1	1	0	1546.15986	1524.75881	1529.02514
21.459785	1	1	1	0	1546.15772	1524.75692	1529.02704
21.479785	1	1	1	0	1546.16647	1524.75597	1529.02324
21.499785	1	1	1	0	1546.16491	1524.75787	1529.02514
21.519785	1	1	1	0	1546.15986	1524.75711	1529.02514
21.539784	1	1	1	0	1546.16277	1524.75787	1529.02514
21.559784	1	1	1	0	1546.16044	1524.75900	1529.02723
21.579784	1	1	1	0	1546.16044	1524.76070	1529.02495
21.599784	1	1	1	0	1546.15383	1524.75881	1529.02704
21.619784	1	1	1	0	1546.15616	1524.75787	1529.02704
21.639783	1	1	1	0	1546.15772	1524.76051	1529.02495
21.659783	1	1	1	0	1546.15927	1524.75711	1529.02704
21.679783	1	1	1	0	1546.15169	1524.75597	1529.02704
21.699783	1	1	1	0	1546.15772	1524.75976	1529.02704
21.719783	1	1	1	0	1546.15539	1524.75787	1529.02514
21.739783	1	1	1	0	1546.15830	1524.75787	1529.02704
21.759782	1	1	1	0	1546.15830	1524.75976	1529.02704
21.779782	1	1	1	0	1546.16199	1524.75881	1529.02704
21.799782	1	1	1	0	1546.15986	1524.75597	1529.02305
21.819782	1	1	1	0	1546.15986	1524.75787	1529.02514
21.839782	1	1	1	0	1546.16374	1524.75976	1529.02305
21.859781	1	1	1	0	1546.15616	1524.75787	1529.02514
21.879781	1	1	1	0	1546.15830	1524.75787	1529.02704
21.899781	1	1	1	0	1546.15539	1524.75711	1529.02514
21.919781	1	1	1	0	1546.15986	1524.75976	1529.02704
21.939780	1	1	1	0	1546.16199	1524.75900	1529.02514
21.959780	1	1	1	0	1546.16044	1524.75711	1529.02514
21.979780	1	1	1	0	1546.15616	1524.75787	1529.02495
21.999780	1	1	1	0	1546.16044	1524.75408	1529.02514
22.019780	1	1	1	0	1546.17366	1524.75692	1529.02305
22.039779	1	1	1	0	1546.16044	1524.75522	1529.02514
22.059779	1	1	1	0	1546.16277	1524.75787	1529.02723
22.079779	1	1	1	0	1546.16433	1524.75711	1529.02514
22.099779	1	1	1	0	1546.16044	1524.75881	1529.02514
22.119779	1	1	1	0	1546.16199	1524.75787	1529.02514
22.139778	1	1	1	0	1546.16647	1524.75787	1529.02704
22.159778	1	1	1	0	1546.15772	1524.75787	1529.02514
22.179778	1	1	1	0	1546.15325	1524.75881	1529.02894
22.199778	1	1	1	0	1546.15694	1524.75976	1529.02704
22.219778	1	1	1	0	1546.15830	1524.75787	1529.02723
22.239777	1	1	1	0	1546.16491	1524.75881	1529.02495
22.259777	1	1	1	0	1546.15539	1524.75881	1529.02894
22.279777	1	1	1	0	1546.16199	1524.75711	1529.02704
22.299777	1	1	1	0	1546.16705	1524.75711	1529.02704
22.319777	1	1	1	0	1546.15325	1524.75692	1529.02723
22.339777	1	1	1	0	1546.16705	1524.75692	1529.02495
22.359776	1	1	1	0	1546.15111	1524.76164	1529.02514
22.379776	1	1	1	0	1546.15694	1524.75787	1529.02305
22.399776	1	1	1	0	1546.16044	1524.75881	1529.02324
22.419776	1	1	1	0	1546.15772	1524.75976	1529.02913
22.439775	1	1	1	0	1546.16277	1524.75900	1529.02305
22.459775	1	1	1	0	1546.16199	1524.75900	1529.02514
22.479775	1	1	1	0	1546.15986	1524.75597	1529.02324
22.499775	1	1	1	0	1546.16880	1524.75711	1529.02704
22.519774	1	1	1	0	1546.15616	1524.76164	1529.02514
22.539774	1	1	1	0	1546.15986	1524.75976	1529.02894
22.559774	1	1	1	0	1546.15325	1524.75522	1529.02704
22.579774	1	1	1	0	1546.15830	1524.75787	1529.02704
22.599774	1	1	1	0	1546.15616	1524.75711	1529.02894
22.619774	1	1	1	0	1546.17094	1524.75787	1529.02704
22.639773	1	1	1	0	1546.16044	1524.75805	1529.02894
22.659773	1	1	1	0	1546.16491	1524.75711	1529.02514
22.679773	1	1	1	0	1546.15675	1524.75881	1529.02704
22.699773	1	1	1	0	1546.15033	1524.75787	1529.02514
22.719773	1	1	1	0	1546.15772	1524.75787	1529.02514
22.739773	1	1	1	0	1546.16199	1524.75597	1529.02514
22.759772	1	1	1	0	1546.16044	1524.75976	1529.02723
22.779772	1	1	1	0	1546.15383	1524.75900	1529.02514
22.799772	1	1	1	0	1546.15986	1524.75976	1529.02305
22.819772	1	1	1	0	1546.15539	1524.75787	1529.02704
22.839772	1	1	1	0	1546.15772	1524.75994	1529.02324
22.859771	1	1	1	0	1546.15772	1524.75711	1529.02704
22.879771	1	1	1	0	1546.15986	1524.75900	1529.02894
22.899771	1	1	1	0	1546.16044	1524.76051	1529.02704
22.919770	1	1	1	0	1546.15830	1524.75787	1529.02704
22.939770	1	1	1	0	1546.15383	1524.75976	1529.02704
22.959770	1	1	1	0	1546.16433	1524.75692	1529.02514
22.979770	1	1	1	0	1546.15616	1524.75787	1529.02704
22.999770	1	1	1	0	1546.15539	1524.75787	1529.02514
23.019770	1	1	1	0	1546.15830	1524.75881	1529.02514
23.039769	1	1	1	0	1546.16044	1524.75787	1529.02514
23.059769	1	1	1	0	1546.15772	1524.75711	1529.02514
23.079769	1	1	1	0	1546.15772	1524.75692	1529.02704
23.099769	1	1	1	0	1546.15538	1524.75597	1529.02514
23.119769	1	1	1	0	1546.15383	1524.75503	1529.02704
23.139768	1	1	1	0	1546.15985	1524.75881	1529.02514
23.159768	1	1	1	0	1546.15538	1524.75597	1529.02723
23.179768	1	1	1	0	1546.16277	1524.75881	1529.02723
23.199768	1	1	1	0	1546.15538	1524.75711	1529.02704
23.219768	1	1	1	0	1546.15111	1524.75692	1529.02704
23.239767	1	1	1	0	1546.16491	1524.75881	1529.03103
23.259767	1	1	1	0	1546.16491	1524.75692	1529.02723
23.279767	1	1	1	0	1546.15772	1524.75597	1529.02514
23.299767	1	1	1	0	1546.15830	1524.75786	1529.02704
23.319767	1	1	1	0	1546.15694	1524.75711	1529.02514
23.339766	1	1	1	0	1546.16199	1524.75786	1529.02514
23.359766	1	1	1	0	1546.16646	1524.75881	1529.02514
23.379766	1	1	1	0	1546.16199	1524.75711	1529.02495
23.399766	1	1	1	0	1546.16141	1524.75786	1529.02514
23.419766	1	1	1	0	1546.16880	1524.75786	1529.02894
23.439765	1	1	1	0	1546.16646	1524.75597	1529.02114
23.459765	1	1	1	0	1546.16199	1524.75711	1529.02913
23.479765	1	1	1	0	1546.16277	1524.75786	1529.02723
23.499765	1	1	1	0	1546.16044	1524.75975	1529.02913
23.519765	1	1	1	0	1546.15985	1524.75786	1529.02304
23.539764	1	1	1	0	1546.15325	1524.75597	1529.02704
23.559764	1	1	1	0	1546.15985	1524.75975	1529.02704
23.579764	1	1	1	0	1546.15888	1524.75975	1529.02514
23.599764	1	1	1	0	1546.15538	1524.75975	1529.02514
23.619764	1	1	1	0	1546.16199	1524.75786	1529.02704
23.639763	1	1	1	0	1546.16433	1524.75975	1529.02304
23.659763	1	1	1	0	1546.15830	1524.75975	1529.02723
23.679763	1	1	1	0	1546.15772	1524.75786	1529.02324
23.699763	1	1	1	0	1546.16277	1524.75597	1529.02514
23.719763	1	1	1	0	1546.16199	1524.75522	1529.02495
23.739762	1	1	1	0	1546.16199	1524.75786	1529.02894
23.759762	1	1	1	0	1546.16433	1524.75711	1529.02704
23.779762	1	1	1	0	1546.15772	1524.75786	1529.02704
23.799762	1	1	1	0	1546.16880	1524.75900	1529.02723
23.819762	1	1	1	0	1546.15772	1524.75597	1529.02514
23.839761	1	1	1	0	1546.15538	1524.75900	1529.02723
23.859761	1	1	1	0	1546.15830	1524.75975	1529.02723
23.879761	1	1	1	0	1546.16646	1524.75786	1529.02514
23.899761	1	1	1	0	1546.15830	1524.75692	1529.02514
23.919760	1	1	1	0	1546.15383	1524.75786	1529.02495
23.939760	1	1	1	0	1546.16705	1524.75692	1529.02704
23.959760	1	1	1	0	1546.15694	1524.75522	1529.02514
23.979760	1	1	1	0	1546.16199	1524.75711	1529.02495
23.999760	1	1	1	0	1546.16491	1524.75503	1529.02723
24.019759	1	1	1	0	1546.16491	1524.75956	1529.02704
24.039759	1	1	1	0	1546.16705	1524.75711	1529.02304
24.059759	1	1	1	0	1546.15772	1524.75900	1529.02704
24.079759	1	1	1	0	1546.16491	1524.75692	1529.02514
24.099759	1	1	1	0	1546.15772	1524.75786	1529.02704
24.119759	1	1	1	0	1546.16199	1524.75786	1529.02514
24.139759	1	1	1	0	1546.15985	1524.75786	1529.02704
24.159758	1	1	1	0	1546.16433	1524.75900	1529.02723
24.179758	1	1	1	0	1546.15985	1524.75597	1529.02324
24.199758	1	1	1	0	1546.15830	1524.75597	1529.02704
24.219758	1	1	1	0	1546.16705	1524.75597	1529.02704
24.239758	1	1	1	0	1546.16491	1524.75522	1529.02704
24.259757	1	1	1	0	1546.15772	1524.75786	1529.02514
24.279757	1	1	1	0	1546.16277	1524.75597	1529.02704
24.299757	1	1	1	0	1546.15830	1524.75597	1529.02723
24.319757	1	1	1	0	1546.15616	1524.75786	1529.02514
24.339756	1	1	1	0	1546.16277	1524.75597	1529.02704
24.359756	1	1	1	0	1546.14878	1524.75597	1529.02514
24.379756	1	1	1	0	1546.15383	1524.75786	1529.02704
24.399756	1	1	1	0	1546.15169	1524.75597	1529.02913
24.419756	1	1	1	0	1546.16705	1524.75786	1529.02304
24.439756	1	1	1	0	1546.16491	1524.75786	1529.02514
24.459755	1	1	1	0	1546.16044	1524.75881	1529.02704
24.479755	1	1	1	0	1546.15985	1524.75597	1529.02704
24.499755	1	1	1	0	1546.15616	1524.75786	1529.02514
24.519755	1	1	1	0	1546.16646	1524.75881	1529.02894
24.539755	1	1	1	0	1546.15830	1524.75692	1529.02514
24.559754	1	1	1	0	1546.16199	1524.75786	1529.02514
24.579754	1	1	1	0	1546.15616	1524.75597	1529.02495
24.599754	1	1	1	0	1546.15772	1524.75975	1529.02723
24.619754	1	1	1	0	1546.15830	1524.75786	1529.02495
24.639754	1	1	1	0	1546.16433	1524.75597	1529.02514
24.659753	1	1	1	0	1546.16044	1524.75786	1529.02514
24.679753	1	1	1	0	1546.16044	1524.75692	1529.02514
24.699753	1	1	1	0	1546.15985	1524.75786	1529.02894
24.719753	1	1	1	0	1546.16277	1524.75786	1529.02704
24.739752	1	1	1	0	1546.16491	1524.75711	1529.02304
24.759752	1	1	1	0	1546.16646	1524.75881	1529.02514
24.779752	1	1	1	0	1546.15985	1524.75786	1529.02894
24.799752	1	1	1	0	1546.15694	1524.75786	1529.02704
24.819752	1	1	1	0	1546.16433	1524.75881	1529.02514
24.839751	1	1	1	0	1546.16277	1524.75786	1529.02704
24.859751	1	1	1	0	1546.16141	1524.75597	1529.02723
24.879751	1	1	1	0	1546.15985	1524.75881	1529.02723
24.899751	1	1	1	0	1546.16044	1524.75900	1529.02324
24.919751	1	1	1	0	1546.16433	1524.75900	1529.02514
24.939750	1	1	1	0	1546.15616	1524.75597	1529.02324
24.959750	1	1	1	0	1546.15616	1524.75786	1529.02514
24.979750	1	1	1	0	1546.17093	1524.75711	1529.02514
24.999750	1	1	1	0	1546.15830	1524.75597	1529.02723
25.019750	1	1	1	0	1546.15830	1524.75711	1529.02324
25.039750	1	1	1	0	1546.16044	1524.75597	1529.02913
25.059749	1	1	1	0	1546.14878	1524.75786	1529.02704
25.079749	1	1	1	0	1546.15830	1524.75692	1529.02704
25.099749	1	1	1	0	1546.16433	1524.75692	1529.02514
25.119749	1	1	1	0	1546.15830	1524.75692	1529.02324
25.139749	1	1	1	0	1546.17093	1524.75597	1529.02514
25.159748	1	1	1	0	1546.14878	1524.75711	1529.02704
25.179748	1	1	1	0	1546.15383	1524.75786	1529.02514
25.199748	1	1	1	0	1546.15616	1524.75786	1529.03103
25.219748	1	1	1	0	1546.16491	1524.75692	1529.02704
25.239747	1	1	1	0	1546.16491	1524.75975	1529.02704
25.259747	1	1	1	0	1546.14878	1524.75692	1529.02704
25.279747	1	1	1	0	1546.15383	1524.75786	1529.02304
25.299747	1	1	1	0	1546.16433	1524.75711	1529.02514
25.319747	1	1	1	0	1546.15830	1524.75711	1529.02704
25.339746	1	1	1	0	1546.15772	1524.75975	1529.02514
25.359746	1	1	1	0	1546.15616	1524.75786	1529.02304
25.379746	1	1	1	0	1546.15538	1524.75597	1529.02704
25.399746	1	1	1	0	1546.15383	1524.75975	1529.02304
25.419746	1	1	1	0	1546.15830	1524.75786	1529.02704
25.439745	1	1	1	0	1546.15830	1524.75522	1529.02894
25.459745	1	1	1	0	1546.16433	1524.75711	1529.02704
25.479745	1	1	1	0	1546.15985	1524.75786	1529.02704
25.499745	1	1	1	0	1546.15616	1524.75975	1529.02704
25.519745	1	1	1	0	1546.15111	1524.75711	1529.02704
25.539744	1	1	1	0	1546.15538	1524.75975	1529.02723
25.559744	1	1	1	0	1546.15985	1524.75900	1529.02514
25.579744	1	1	1	0	1546.15325	1524.75522	1529.02894
25.599744	1	1	1	0	1546.16491	1524.75975	1529.02704
25.619744	1	1	1	0	1546.15616	1524.75975	1529.02894
25.639743	1	1	1	0	1546.15383	1524.75711	1529.02704
25.659743	1	1	1	0	1546.15694	1524.75881	1529.02495
25.679743	1	1	1	0	1546.15985	1524.75881	1529.02704
25.699743	1	1	1	0	1546.16199	1524.75881	1529.02514
25.719743	1	1	1	0	1546.15111	1524.75786	1529.02704
25.739742	1	1	1	0	1546.15830	1524.75692	1529.02304
25.759742	1	1	1	0	1546.15616	1524.75900	1529.02704
25.779742	1	1	1	0	1546.15985	1524.75692	1529.02514
25.799742	1	1	1	0	1546.15830	1524.75711	1529.02723
25.819742	1	1	1	0	1546.16199	1524.75900	1529.02324
25.839741	1	1	1	0	1546.16199	1524.75597	1529.02514
25.859741	1	1	1	0	1546.15383	1524.75786	1529.02704
25.879741	1	1	1	0	1546.15985	1524.75711	1529.02723
25.899741	1	1	1	0	1546.15383	1524.75597	1529.02514
25.919741	1	1	1	0	1546.16199	1524.75805	1529.02514
25.939740	1	1	1	0	1546.15538	1524.75786	1529.02514
25.959740	1	1	1	0	1546.15772	1524.75692	1529.02304
25.979740	1	1	1	0	1546.16491	1524.75522	1529.02514
25.999740	1	1	1	0	1546.15383	1524.75786	1529.02304
26.019740	1	1	1	0	1546.16044	1524.75692	1529.02514
26.039739	1	1	1	0	1546.16199	1524.75616	1529.02704
26.059739	1	1	1	0	1546.16044	1524.75692	1529.02704
26.079739	1	1	1	0	1546.15538	1524.75881	1529.02514
26.099739	1	1	1	0	1546.16491	1524.75900	1529.02894
26.119739	1	1	1	0	1546.16277	1524.75597	1529.02514
26.139738	1	1	1	0	1546.15325	1524.75692	1529.02704
26.159738	1	1	1	0	1546.16277	1524.75881	1529.02894
26.179738	1	1	1	0	1546.15538	1524.75900	1529.02514
26.199738	1	1	1	0	1546.15772	1524.75522	1529.02894
26.219738	1	1	1	0	1546.16044	1524.75692	1529.02514
26.239737	1	1	1	0	1546.17093	1524.75786	1529.02514
26.259737	1	1	1	0	1546.16199	1524.75786	1529.02894
26.279737	1	1	1	0	1546.15383	1524.75597	1529.02514
26.299737	1	1	1	0	1546.15985	1524.75692	1529.02514
26.319736	1	1	1	0	1546.16044	1524.75975	1529.02704
26.339736	1	1	1	0	1546.15772	1524.75976	1529.03084
26.359736	1	1	1	0	1546.15830	1524.75522	1529.02704
26.379736	1	1	1	0	1546.16044	1524.75787	1529.02514
26.399736	1	1	1	0	1546.16880	1524.75881	1529.02704
26.419736	1	1	1	0	1546.15830	1524.75900	1529.02514
26.439735	1	1	1	0	1546.16336	1524.75597	1529.02704
26.459735	1	1	1	0	1546.15616	1524.75711	1529.02514
26.479735	1	1	1	0	1546.16647	1524.75408	1529.02704
26.499735	1	1	1	0	1546.15986	1524.75711	1529.02324
26.519735	1	1	1	0	1546.15986	1524.75692	1529.02305
26.539734	1	1	1	0	1546.16044	1524.75787	1529.02533
26.559734	1	1	1	0	1546.15830	1524.75597	1529.02723
26.579734	1	1	1	0	1546.16433	1524.75881	1529.02514
26.599734	1	1	1	0	1546.15986	1524.75787	1529.02704
26.619734	1	1	1	0	1546.16647	1524.75976	1529.02495
26.639733	1	1	1	0	1546.16277	1524.75522	1529.02723
26.659733	1	1	1	0	1546.16199	1524.75597	1529.02704
26.679733	1	1	1	0	1546.16938	1524.75692	1529.02704
26.699733	1	1	1	0	1546.15986	1524.75692	1529.02514
26.719733	1	1	1	0	1546.15616	1524.75787	1529.02514
26.739732	1	1	1	0	1546.16044	1524.75711	1529.02324
26.759732	1	1	1	0	1546.16044	1524.75692	1529.02514
26.779732	1	1	1	0	1546.15539	1524.75881	1529.02495
26.799732	1	1	1	0	1546.15830	1524.75787	1529.02514
26.819731	1	1	1	0	1546.16491	1524.75597	1529.02514
26.839731	1	1	1	0	1546.15772	1524.75692	1529.02514
26.859731	1	1	1	0	1546.16199	1524.75787	1529.02495
26.879731	1	1	1	0	1546.16705	1524.75787	1529.02514
26.899731	1	1	1	0	1546.16277	1524.75597	1529.02704
26.919730	1	1	1	0	1546.16880	1524.75503	1529.02894
26.939730	1	1	1	0	1546.15616	1524.75522	1529.02514
26.959730	1	1	1	0	1546.15772	1524.75711	1529.02704
26.979730	1	1	1	0	1546.16374	1524.75787	1529.02894
26.999730	1	1	1	0	1546.15772	1524.75711	1529.02704
27.019730	1	1	1	0	1546.16044	1524.75900	1529.02514
27.039729	1	1	1	0	1546.16277	1524.75805	1529.02514
27.059729	1	1	1	0	1546.15325	1524.75692	1529.02324
27.079729	1	1	1	0	1546.16277	1524.75787	1529.02704
27.099729	1	1	1	0	1546.16044	1524.75900	1529.02514
27.119729	1	1	1	0	1546.17035	1524.75976	1529.02704
27.139728	1	1	1	0	1546.15986	1524.75597	1529.02514
27.159728	1	1	1	0	1546.16044	1524.75597	1529.02514
27.179728	1	1	1	0	1546.16705	1524.75711	1529.02704
27.199728	1	1	1	0	1546.16647	1524.75787	1529.02704
27.219728	1	1	1	0	1546.16433	1524.75881	1529.02514
27.239727	1	1	1	0	1546.16433	1524.75787	1529.02894
27.259727	1	1	1	0	1546.16433	1524.75711	1529.02514
27.279727	1	1	1	0	1546.16044	1524.75787	1529.02324
27.299727	1	1	1	0	1546.16044	1524.75787	1529.02913
27.319727	1	1	1	0	1546.16277	1524.75522	1529.02704
27.339726	1	1	1	0	1546.16199	1524.75408	1529.02723
27.359726	1	1	1	0	1546.16647	1524.75597	1529.02723
27.379726	1	1	1	0	1546.16044	1524.75597	1529.02723
27.399726	1	1	1	0	1546.15830	1524.75900	1529.02704
27.419726	1	1	1	0	1546.15616	1524.75787	1529.02514
27.439725	1	1	1	0	1546.16044	1524.75597	1529.02514
27.459725	1	1	1	0	1546.16491	1524.75597	1529.02704
27.479725	1	1	1	0	1546.15539	1524.75900	1529.02495
27.499725	1	1	1	0	1546.15539	1524.75597	1529.02704
27.519725	1	1	1	0	1546.15772	1524.75692	1529.02704
27.539724	1	1	1	0	1546.17307	1524.75976	1529.02305
27.559724	1	1	1	0	1546.15772	1524.75597	1529.02514
27.579724	1	1	1	0	1546.15772	1524.75787	1529.02704
27.599724	1	1	1	0	1546.16647	1524.75881	1529.02514
27.619724	1	1	1	0	1546.16491	1524.75900	1529.02514
27.639723	1	1	1	0	1546.15986	1524.75692	1529.02704
27.659723	1	1	1	0	1546.16491	1524.75503	1529.02514
27.679723	1	1	1	0	1546.15461	1524.75787	1529.02704
27.699723	1	1	1	0	1546.16044	1524.75976	1529.02704
27.719723	1	1	1	0	1546.15616	1524.76051	1529.02704
27.739722	1	1	1	0	1546.15694	1524.75597	1529.02704
27.759722	1	1	1	0	1546.15325	1524.75408	1529.02514
27.779722	1	1	1	0	1546.15986	1524.75711	1529.02723
27.799722	1	1	1	0	1546.16433	1524.75787	1529.02894
27.819722	1	1	1	0	1546.15325	1524.75692	1529.02514
27.839721	1	1	1	0	1546.16122	1524.75900	1529.02894
27.859721	1	1	1	0	1546.16647	1524.75597	1529.02495
27.879721	1	1	1	0	1546.15616	1524.75597	1529.02495
27.899721	1	1	1	0	1546.15616	1524.75408	1529.02704
27.919721	1	1	1	0	1546.15986	1524.75597	1529.02704
27.939720	1	1	1	0	1546.16044	1524.75881	1529.02514
27.959720	1	1	1	0	1546.16044	1524.75900	1529.02894
27.979720	1	1	1	0	1546.15383	1524.75900	1529.02514
27.999720	1	1	1	0	1546.16491	1524.75786	1529.02514
28.019720	1	1	1	0	1546.16277	1524.75711	1529.02704
28.039719	1	1	1	0	1546.16491	1524.75578	1529.02514
28.059719	1	1	1	0	1546.16374	1524.75786	1529.02704
28.079719	1	1	1	0	1546.15111	1524.75597	1529.02704
28.099719	1	1	1	0	1546.16646	1524.75786	1529.02514
28.119719	1	1	1	0	1546.16277	1524.75522	1529.02704
28.139719	1	1	1	0	1546.16044	1524.75900	1529.02514
28.159718	1	1	1	0	1546.16646	1524.75805	1529.02723
28.179718	1	1	1	0	1546.15675	1524.75900	1529.02514
28.199718	1	1	1	0	1546.15985	1524.75786	1529.02514
28.219718	1	1	1	0	1546.15538	1524.75597	1529.02704
28.239717	1	1	1	0	1546.15985	1524.75597	1529.02304
28.259717	1	1	1	0	1546.16199	1524.75692	1529.02704
28.279717	1	1	1	0	1546.15985	1524.75786	1529.02723
28.299717	1	1	1	0	1546.15985	1524.75786	1529.02495
28.319717	1	1	1	0	1546.16646	1524.75597	1529.02704
28.339716	1	1	1	0	1546.15985	1524.75786	1529.02704
28.359716	1	1	1	0	1546.15772	1524.75900	1529.02723
28.379716	1	1	1	0	1546.16646	1524.75786	1529.02514
28.399716	1	1	1	0	1546.15538	1524.75786	1529.02324
28.419716	1	1	1	0	1546.15616	1524.75597	1529.02704
28.439715	1	1	1	0	1546.15985	1524.75692	1529.02514
28.459715	1	1	1	0	1546.15538	1524.75786	1529.02514
28.479715	1	1	1	0	1546.16141	1524.75616	1529.02704
28.499715	1	1	1	0	1546.15616	1524.75597	1529.02495
28.519715	1	1	1	0	1546.15383	1524.75786	1529.02304
28.539714	1	1	1	0	1546.15772	1524.75503	1529.02514
28.559714	1	1	1	0	1546.16044	1524.75786	1529.02704
28.579714	1	1	1	0	1546.15772	1524.75711	1529.02894
28.599714	1	1	1	0	1546.15985	1524.75711	1529.02514
28.619714	1	1	1	0	1546.16277	1524.75786	1529.02704
28.639714	1	1	1	0	1546.16880	1524.75408	1529.02723
28.659713	1	1	1	0	1546.15830	1524.75786	1529.02894
28.679713	1	1	1	0	1546.15538	1524.75881	1529.02704
28.699713	1	1	1	0	1546.15694	1524.75786	1529.02304
28.719712	1	1	1	0	1546.15772	1524.75786	1529.02704
28.739713	1	1	1	0	1546.16044	1524.75522	1529.02704
28.759712	1	1	1	0	1546.16938	1524.75597	1529.02514
28.779712	1	1	1	0	1546.15616	1524.75522	1529.02514
28.799712	1	1	1	0	1546.16491	1524.75597	1529.02514
28.819711	1	1	1	0	1546.16491	1524.75711	1529.02894
28.839711	1	1	1	0	1546.15772	1524.75786	1529.02514
28.859711	1	1	1	0	1546.16199	1524.75597	1529.02514
28.879711	1	1	1	0	1546.16044	1524.75786	1529.02704
28.899711	1	1	1	0	1546.16433	1524.75711	1529.02723
28.919711	1	1	1	0	1546.14878	1524.75786	1529.02723
28.939710	1	1	1	0	1546.15772	1524.75597	1529.02894
28.959710	1	1	1	0	1546.17249	1524.75786	1529.02704
28.979710	1	1	1	0	1546.15616	1524.75881	1529.02894
28.999710	1	1	1	0	1546.15772	1524.75786	1529.02514
29.019710	1	1	1	0	1546.16199	1524.75786	1529.02514
29.039709	1	1	1	0	1546.15772	1524.75503	1529.02704
29.059709	1	1	1	0	1546.16199	1524.75711	1529.02514
29.079709	1	1	1	0	1546.15538	1524.75711	1529.02894
29.099709	1	1	1	0	1546.16277	1524.75786	1529.02913
29.119709	1	1	1	0	1546.16044	1524.75786	1529.02514
29.139708	1	1	1	0	1546.16199	1524.75900	1529.02704
29.159708	1	1	1	0	1546.15830	1524.75805	1529.02704
29.179708	1	1	1	0	1546.16433	1524.75711	1529.02495
29.199708	1	1	1	0	1546.15772	1524.75900	1529.02514
29.219707	1	1	1	0	1546.15616	1524.75711	1529.02514
29.239707	1	1	1	0	1546.15013	1524.75786	1529.02894
29.259707	1	1	1	0	1546.15772	1524.75597	1529.02533
29.279707	1	1	1	0	1546.15325	1524.76051	1529.02514
29.299707	1	1	1	0	1546.16433	1524.75786	1529.02894
29.319707	1	1	1	0	1546.14955	1524.75900	1529.02704
29.339707	1	1	1	0	1546.15830	1524.75692	1529.02704
29.359706	1	1	1	0	1546.16491	1524.75786	1529.02913
29.379706	1	1	1	0	1546.15830	1524.76070	1529.02704
29.399706	1	1	1	0	1546.15480	1524.75881	1529.02324
29.419706	1	1	1	0	1546.16199	1524.75503	1529.02894
29.439705	1	1	1	0	1546.16044	1524.75597	1529.02304
29.459705	1	1	1	0	1546.15985	1524.75597	1529.02514
29.479705	1	1	1	0	1546.16277	1524.75597	1529.02514
29.499705	1	1	1	0	1546.16277	1524.75786	1529.02324
29.519705	1	1	1	0	1546.15325	1524.75522	1529.02304
29.539706	1	1	1	0	1546.16044	1524.75711	1529.02514
29.559704	1	1	1	0	1546.16277	1524.75711	1529.02704
29.579704	1	1	1	0	1546.15772	1524.75522	1529.02704
29.599704	1	1	1	0	1546.16199	1524.75786	1529.02704
29.619704	1	1	1	0	1546.16044	1524.75597	1529.02514
29.639703	1	1	1	0	1546.15772	1524.75787	1529.02514
29.659703	1	1	1	0	1546.15325	1524.75881	1529.02514
29.679703	1	1	1	0	1546.16433	1524.75881	1529.02704
29.699703	1	1	1	0	1546.16880	1524.75976	1529.02514
29.719702	1	1	1	0	1546.14878	1524.75787	1529.02514
29.739702	1	1	1	0	1546.16433	1524.75597	1529.02704
29.759702	1	1	1	0	1546.16277	1524.75597	1529.02704
29.779702	1	1	1	0	1546.16880	1524.75711	1529.02913
29.799702	1	1	1	0	1546.16122	1524.75597	1529.02704
29.819702	1	1	1	0	1546.16044	1524.75787	1529.02514
29.839701	1	1	1	0	1546.16433	1524.75711	1529.02704
29.859701	1	1	1	0	1546.16044	1524.75787	1529.02704
29.879701	1	1	1	0	1546.15539	1524.75579	1529.02723
29.899701	1	1	1	0	1546.17152	1524.75711	1529.02514
29.919701	1	1	1	0	1546.16491	1524.75787	1529.02704
29.939700	1	1	1	0	1546.15986	1524.75787	1529.02514
29.959700	1	1	1	0	1546.15169	1524.75787	1529.02704
29.979700	1	1	1	0	1546.16549	1524.75768	1529.02514
29.999700	1	1	1	0	1546.16705	1524.75597	1529.02704
30.019700	1	1	1	0	1546.15772	1524.75408	1529.02495
30.039699	1	1	1	0	1546.16491	1524.75503	1529.02894
30.059699	1	1	1	0	1546.15888	1524.75597	1529.02495
30.079699	1	1	1	0	1546.15830	1524.75787	1529.02514
30.099699	1	1	1	0	1546.15830	1524.75787	1529.02495
30.119699	1	1	1	0	1546.15986	1524.75692	1529.02514
30.139698	1	1	1	0	1546.16199	1524.75522	1529.02514
30.159698	1	1	1	0	1546.15772	1524.75787	1529.02723
30.179698	1	1	1	0	1546.15986	1524.75522	1529.02704
30.199698	1	1	1	0	1546.15830	1524.75787	1529.02704
30.219697	1	1	1	0	1546.15830	1524.75787	1529.02514
30.239697	1	1	1	0	1546.15830	1524.75597	1529.02514
30.259697	1	1	1	0	1546.16705	1524.75881	1529.02704
30.279697	1	1	1	0	1546.16549	1524.75597	1529.02514
30.299697	1	1	1	0	1546.15772	1524.75692	1529.02514
30.319696	1	1	1	0	1546.16433	1524.75787	1529.02723
30.339696	1	1	1	0	1546.15986	1524.75711	1529.02723
30.359696	1	1	1	0	1546.16491	1524.75711	1529.02305
30.379696	1	1	1	0	1546.15986	1524.75711	1529.02495
30.399696	1	1	1	0	1546.15772	1524.75692	1529.02305
30.419696	1	1	1	0	1546.15325	1524.75692	1529.02723
30.439695	1	1	1	0	1546.15325	1524.75692	1529.02305
30.459695	1	1	1	0	1546.16491	1524.75692	1529.02704
30.479695	1	1	1	0	1546.15772	1524.75503	1529.02514
30.499695	1	1	1	0	1546.15830	1524.75787	1529.02514
30.519695	1	1	1	0	1546.16199	1524.75711	1529.02704
30.539695	1	1	1	0	1546.16199	1524.75787	1529.02894
30.559694	1	1	1	0	1546.16277	1524.75787	1529.02894
30.579694	1	1	1	0	1546.15616	1524.75711	1529.02495
30.599694	1	1	1	0	1546.15830	1524.75787	1529.02495
30.619694	1	1	1	0	1546.16044	1524.75597	1529.02514
30.639693	1	1	1	0	1546.16277	1524.75597	1529.02704
30.659693	1	1	1	0	1546.16433	1524.75597	1529.02894
30.679693	1	1	1	0	1546.15986	1524.75787	1529.02514
30.699693	1	1	1	0	1546.16588	1524.75787	1529.02514
30.719693	1	1	1	0	1546.15383	1524.75976	1529.02514
30.739692	1	1	1	0	1546.15772	1524.75787	1529.02704
30.759692	1	1	1	0	1546.16491	1524.75522	1529.02514
30.779692	1	1	1	0	1546.14955	1524.75711	1529.02495
30.799692	1	1	1	0	1546.15539	1524.75900	1529.02704
30.819692	1	1	1	0	1546.15383	1524.75314	1529.02704
30.839691	1	1	1	0	1546.16433	1524.75408	1529.02305
30.859691	1	1	1	0	1546.16277	1524.75597	1529.02305
30.879691	1	1	1	0	1546.15539	1524.75711	1529.02305
30.899691	1	1	1	0	1546.15383	1524.75787	1529.02115
30.919691	1	1	1	0	1546.15383	1524.75692	1529.02514
30.939690	1	1	1	0	1546.15986	1524.75787	1529.02514
30.959690	1	1	1	0	1546.16705	1524.75597	1529.02495
30.979690	1	1	1	0	1546.15772	1524.75597	1529.02894
30.999690	1	1	1	0	1546.16647	1524.75597	1529.02704
31.019690	1	1	1	0	1546.16647	1524.75900	1529.02704
31.039689	1	1	1	0	1546.16491	1524.75597	1529.02305
31.059689	1	1	1	0	1546.16199	1524.75805	1529.02704
31.079689	1	1	1	0	1546.15830	1524.75597	1529.02324
31.099689	1	1	1	0	1546.16199	1524.75787	1529.02514
31.119689	1	1	1	0	1546.15986	1524.75787	1529.02514
31.139688	1	1	1	0	1546.16938	1524.75522	1529.02305
31.159688	1	1	1	0	1546.16647	1524.75711	1529.02305
31.179688	1	1	1	0	1546.16199	1524.75522	1529.02514
31.199688	1	1	1	0	1546.16880	1524.75900	1529.02305
31.219687	1	1	1	0	1546.16433	1524.75787	1529.02514
31.239687	1	1	1	0	1546.15772	1524.75787	1529.02514
31.259687	1	1	1	0	1546.16044	1524.75786	1529.02495
31.279687	1	1	1	0	1546.16277	1524.75786	1529.02913
31.299687	1	1	1	0	1546.16646	1524.75786	1529.02704
31.319686	1	1	1	0	1546.15616	1524.75711	1529.02704
31.339686	1	1	1	0	1546.15772	1524.75786	1529.02723
31.359686	1	1	1	0	1546.15538	1524.75597	1529.02514
31.379686	1	1	1	0	1546.16646	1524.75881	1529.02324
31.399686	1	1	1	0	1546.16433	1524.75692	1529.02704
31.419686	1	1	1	0	1546.15985	1524.75786	1529.02704
31.439685	1	1	1	0	1546.15325	1524.75711	1529.02514
31.459685	1	1	1	0	1546.15325	1524.75597	1529.02324
31.479685	1	1	1	0	1546.16044	1524.75711	1529.02894
31.499685	1	1	1	0	1546.16277	1524.75597	1529.02514
31.519685	1	1	1	0	1546.16044	1524.75881	1529.02514
31.539684	1	1	1	0	1546.16880	1524.75522	1529.02704
31.559684	1	1	1	0	1546.16044	1524.75900	1529.02704
31.579684	1	1	1	0	1546.16705	1524.75975	1529.02324
31.599684	1	1	1	0	1546.15985	1524.75786	1529.02704
31.619684	1	1	1	0	1546.15772	1524.75786	1529.02514
31.639683	1	1	1	0	1546.16277	1524.75711	1529.02894
31.659683	1	1	1	0	1546.15616	1524.75786	1529.02514
31.679683	1	1	1	0	1546.15985	1524.75692	1529.02514
31.699683	1	1	1	0	1546.16277	1524.75786	1529.02514
31.719683	1	1	1	0	1546.15111	1524.75692	1529.02704
31.739682	1	1	1	0	1546.14878	1524.75900	1529.02723
31.759682	1	1	1	0	1546.15985	1524.75408	1529.02324
31.779682	1	1	1	0	1546.16491	1524.75597	1529.02704
31.799682	1	1	1	0	1546.15985	1524.75692	1529.02324
31.819682	1	1	1	0	1546.16044	1524.75786	1529.02324
31.839681	1	1	1	0	1546.16044	1524.75900	1529.02514
31.859681	1	1	1	0	1546.15772	1524.75408	1529.02514
31.879681	1	1	1	0	1546.16491	1524.75597	1529.02533
31.899681	1	1	1	0	1546.16199	1524.75786	1529.02514
31.919681	1	1	1	0	1546.15830	1524.75881	1529.02704
31.939680	1	1	1	0	1546.16044	1524.75786	1529.02514
31.959680	1	1	1	0	1546.15325	1524.75881	1529.02704
31.979680	1	1	1	0	1546.16199	1524.75597	1529.02514
31.999680	1	1	1	0	1546.15383	1524.75597	1529.02514
32.019680	1	1	1	0	1546.16199	1524.75692	1529.02514
32.039680	1	1	1	0	1546.16199	1524.75711	1529.02514
32.059679	1	1	1	0	1546.16646	1524.75786	1529.02514
32.079679	1	1	1	0	1546.15111	1524.75692	1529.02513
32.099679	1	1	1	0	1546.15169	1524.75408	1529.02723
32.119679	1	1	1	0	1546.15324	1524.75900	1529.02513
32.139678	1	1	1	0	1546.15616	1524.75692	1529.02703
32.159678	1	1	1	0	1546.15383	1524.75786	1529.02532
32.179678	1	1	1	0	1546.16491	1524.75786	1529.02723
32.199678	1	1	1	0	1546.15538	1524.75692	1529.02703
32.219677	1	1	1	0	1546.16199	1524.75692	1529.02304
32.239677	1	1	1	0	1546.16432	1524.75786	1529.02723
32.259677	1	1	1	0	1546.16044	1524.75711	1529.02723
32.279677	1	1	1	0	1546.15985	1524.75975	1529.02703
32.299677	1	1	1	0	1546.15830	1524.75786	1529.02513
32.319676	1	1	1	0	1546.15985	1524.75692	1529.02304
32.339676	1	1	1	0	1546.16121	1524.75521	1529.02513
32.359676	1	1	1	0	1546.16199	1524.75786	1529.02513
32.379676	1	1	1	0	1546.15985	1524.75692	1529.02513
32.399676	1	1	1	0	1546.15985	1524.75692	1529.02703
32.419676	1	1	1	0	1546.15830	1524.75597	1529.02494
32.439675	1	1	1	0	1546.16044	1524.75975	1529.02513
32.459675	1	1	1	0	1546.15771	1524.75975	1529.02323
32.479675	1	1	1	0	1546.16277	1524.75521	1529.02513
32.499675	1	1	1	0	1546.15538	1524.75692	1529.02723
32.519675	1	1	1	0	1546.15927	1524.75597	1529.02513
32.539675	1	1	1	0	1546.15830	1524.75521	1529.02723
32.559674	1	1	1	0	1546.15383	1524.75597	1529.02703
32.579674	1	1	1	0	1546.15383	1524.75692	1529.02894
32.599674	1	1	1	0	1546.15383	1524.75786	1529.02703
32.619674	1	1	1	0	1546.16277	1524.75692	1529.02304
32.639673	1	1	1	0	1546.16491	1524.75975	1529.02513
32.659673	1	1	1	0	1546.16646	1524.75975	1529.02894
32.679673	1	1	1	0	1546.15985	1524.75711	1529.02513
32.699673	1	1	1	0	1546.15169	1524.75786	1529.02703
32.719672	1	1	1	0	1546.15985	1524.75578	1529.02513
32.739672	1	1	1	0	1546.15383	1524.75900	1529.02513
32.759672	1	1	1	0	1546.16044	1524.75597	1529.02703
32.779672	1	1	1	0	1546.16277	1524.75881	1529.02323
32.799672	1	1	1	0	1546.15771	1524.75786	1529.02703
32.819671	1	1	1	0	1546.15985	1524.75408	1529.02513
32.839671	1	1	1	0	1546.16199	1524.75900	1529.02723
32.859671	1	1	1	0	1546.16044	1524.75408	1529.02304
32.879671	1	1	1	0	1546.16277	1524.75597	1529.02703
32.899671	1	1	1	0	1546.16432	1524.75692	1529.02703
32.919671	1	1	1	0	1546.16044	1524.75692	1529.02723
32.939670	1	1	1	0	1546.16044	1524.75786	1529.02703
32.959670	1	1	1	0	1546.15674	1524.75597	1529.02304
32.979670	1	1	1	0	1546.16141	1524.75786	1529.02323
32.999670	1	1	1	0	1546.15538	1524.75711	1529.03103
33.019670	1	1	1	0	1546.15383	1524.75408	1529.02703
33.039669	1	1	1	0	1546.15927	1524.75521	1529.02513
33.059669	1	1	1	0	1546.16044	1524.75332	1529.02494
33.079669	1	1	1	0	1546.15538	1524.75408	1529.02913
33.099669	1	1	1	0	1546.16374	1524.75238	1529.02703
33.119668	1	1	1	0	1546.15616	1524.75521	1529.02703
33.139668	1	1	1	0	1546.16199	1524.74973	1529.02304
33.159668	1	1	1	0	1546.15111	1524.75238	1529.02513
33.179668	1	1	1	0	1546.15771	1524.75124	1529.02513
33.199668	1	1	1	0	1546.15616	1524.74973	1529.02513
33.219668	1	1	1	0	1546.15985	1524.75049	1529.02323
33.239667	1	1	1	0	1546.16491	1524.75049	1529.02513
33.259667	1	1	1	0	1546.16277	1524.74973	1529.02723
33.279667	1	1	1	0	1546.16432	1524.74860	1529.02703
33.299667	1	1	1	0	1546.15169	1524.74935	1529.02894
33.319666	1	1	1	0	1546.15616	1524.75049	1529.02513
33.339666	1	1	1	0	1546.15616	1524.74860	1529.02894
33.359666	1	1	1	0	1546.16199	1524.74482	1529.02513
33.379666	1	1	1	0	1546.16879	1524.74860	1529.02513
33.399666	1	1	1	0	1546.16432	1524.74576	1529.02894
33.419666	1	1	1	0	1546.14955	1524.74671	1529.02703
33.439665	1	1	1	0	1546.16044	1524.74935	1529.02703
33.459665	1	1	1	0	1546.17307	1524.75049	1529.02513
33.479665	1	1	1	0	1546.16277	1524.74860	1529.02304
33.499665	1	1	1	0	1546.16491	1524.75049	1529.02513
33.519665	1	1	1	0	1546.15324	1524.74860	1529.02304
33.539665	1	1	1	0	1546.16199	1524.75049	1529.02513
33.559664	1	1	1	0	1546.16199	1524.74935	1529.02323
33.579664	1	1	1	0	1546.16199	1524.74784	1529.02894
33.599664	1	1	1	0	1546.15771	1524.74671	1529.02323
33.619663	1	1	1	0	1546.16491	1524.74671	1529.02513
33.639663	1	1	1	0	1546.15985	1524.74860	1529.02913
33.659663	1	1	1	0	1546.16199	1524.74387	1529.02703
33.679663	1	1	1	0	1546.16199	1524.74406	1529.02513
33.699663	1	1	1	0	1546.15538	1524.74406	1529.02513
33.719663	1	1	1	0	1546.15985	1524.74595	1529.02513
33.739662	1	1	1	0	1546.15694	1524.74387	1529.02513
33.759662	1	1	1	0	1546.16199	1524.74671	1529.02513
33.779662	1	1	1	0	1546.16043	1524.74595	1529.02494
33.799662	1	1	1	0	1546.16043	1524.74482	1529.02494
33.819662	1	1	1	0	1546.17151	1524.74482	1529.02703
33.839661	1	1	1	0	1546.16277	1524.74576	1529.02304
33.859661	1	1	1	0	1546.16043	1524.74784	1529.02323
33.879661	1	1	1	0	1546.15616	1524.74671	1529.02513
33.899661	1	1	1	0	1546.16141	1524.74671	1529.02532
33.919661	1	1	1	0	1546.15460	1524.74652	1529.02513
33.939660	1	1	1	0	1546.16199	1524.74765	1529.02893
33.959660	1	1	1	0	1546.16646	1524.74595	1529.02703
33.979660	1	1	1	0	1546.15771	1524.74860	1529.02703
33.999660	1	1	1	0	1546.16937	1524.74671	1529.02703
34.019660	1	1	1	0	1546.15771	1524.74311	1529.02513
34.039659	1	1	1	0	1546.15985	1524.74482	1529.02304
34.059659	1	1	1	0	1546.16277	1524.74482	1529.02513
34.079659	1	1	1	0	1546.15985	1524.74217	1529.02304
34.099659	1	1	1	0	1546.15460	1524.74406	1529.02703
34.119658	1	1	1	0	1546.16646	1524.74482	1529.02513
34.139658	1	1	1	0	1546.16277	1524.74387	1529.02722
34.159658	1	1	1	0	1546.16491	1524.74122	1529.02513
34.179658	1	1	1	0	1546.15616	1524.74122	1529.02703
34.199658	1	1	1	0	1546.15538	1524.74122	1529.02703
34.219658	1	1	1	0	1546.16199	1524.74122	1529.02893
34.239657	1	1	1	0	1546.15888	1524.73858	1529.02703
34.259657	1	1	1	0	1546.16277	1524.74047	1529.02703
34.279657	1	1	1	0	1546.15985	1524.73744	1529.02722
34.299657	1	1	1	0	1546.15985	1524.74217	1529.02513
34.319657	1	1	1	0	1546.16043	1524.73744	1529.02323
34.339656	1	1	1	0	1546.15888	1524.74047	1529.02703
34.359656	1	1	1	0	1546.15616	1524.74122	1529.02722
34.379656	1	1	1	0	1546.15383	1524.73744	1529.02703
34.399656	1	1	1	0	1546.16491	1524.73820	1529.02703
34.419656	1	1	1	0	1546.16141	1524.73933	1529.02703
34.439655	1	1	1	0	1546.15538	1524.74047	1529.02304
34.459655	1	1	1	0	1546.15616	1524.73555	1529.02703
34.479655	1	1	1	0	1546.16277	1524.73461	1529.02513
34.499655	1	1	1	0	1546.15985	1524.73744	1529.02513
34.519655	1	1	1	0	1546.15985	1524.73480	1529.02513
34.539654	1	1	1	0	1546.16646	1524.73555	1529.02513
34.559654	1	1	1	0	1546.15985	1524.73272	1529.02323
34.579654	1	1	1	0	1546.15985	1524.73461	1529.02513
34.599654	1	1	1	0	1546.14955	1524.73366	1529.02703
34.619653	1	1	1	0	1546.16491	1524.73196	1529.02722
34.639653	1	1	1	0	1546.15771	1524.73461	1529.02513
34.659653	1	1	1	0	1546.16199	1524.73555	1529.02722
34.679653	1	1	1	0	1546.15538	1524.73631	1529.02513
34.699653	1	1	1	0	1546.16879	1524.73555	1529.02703
34.719653	1	1	1	0	1546.16199	1524.73555	1529.02703
34.739652	1	1	1	0	1546.15985	1524.73555	1529.02304
34.759652	1	1	1	0	1546.15830	1524.73555	1529.02494
34.779652	1	1	1	0	1546.15169	1524.73366	1529.02513
34.799652	1	1	1	0	1546.15771	1524.73366	1529.02513
34.819651	1	1	1	0	1546.15383	1524.73366	1529.02893
34.839651	1	1	1	0	1546.15830	1524.73555	1529.02703
34.859651	1	1	1	0	1546.16646	1524.73669	1529.02494
34.879651	1	1	1	0	1546.15771	1524.73555	1529.02304
34.899651	1	1	1	0	1546.15616	1524.73631	1529.02513
34.919651	1	1	1	0	1546.15985	1524.73858	1529.02893
34.939650	1	1	1	0	1546.16879	1524.73820	1529.02513
34.959650	1	1	1	0	1546.15383	1524.73744	1529.02513
34.979650	1	1	1	0	1546.16199	1524.73933	1529.02703
34.999650	1	1	1	0	1546.16043	1524.73933	1529.02703
35.019650	1	1	1	0	1546.16432	1524.73555	1529.02703
35.039649	1	1	1	0	1546.15635	1524.73631	1529.02703
35.059649	1	1	1	0	1546.16043	1524.73555	1529.02323
35.079649	1	1	1	0	1546.15324	1524.73744	1529.02513
35.099649	1	1	1	0	1546.16491	1524.73858	1529.02304
35.119648	1	1	1	0	1546.16374	1524.73744	1529.02304
35.139648	1	1	1	0	1546.15771	1524.73744	1529.02323
35.159648	1	1	1	0	1546.15616	1524.73820	1529.02513
35.179648	1	1	1	0	1546.16432	1524.73744	1529.02513
35.199648	1	1	1	0	1546.16199	1524.73933	1529.02703
35.219648	1	1	1	0	1546.15771	1524.73631	1529.02494
35.239647	1	1	1	0	1546.16277	1524.73744	1529.02323
35.259647	1	1	1	0	1546.15538	1524.73669	1529.02513
35.279647	1	1	1	0	1546.15383	1524.73480	1529.02304
35.299647	1	1	1	0	1546.14799	1524.73782	1529.02323
35.319647	1	1	1	0	1546.16141	1524.73555	1529.02703
35.339646	1	1	1	0	1546.15771	1524.73669	1529.02513
35.359646	1	1	1	0	1546.16043	1524.73461	1529.02703
35.379646	1	1	1	0	1546.15888	1524.73366	1529.02703
35.399646	1	1	1	0	1546.16432	1524.73366	1529.02703
35.419646	1	1	1	0	1546.15324	1524.73480	1529.02513
35.439645	1	1	1	0	1546.15169	1524.73536	1529.02513
35.459645	1	1	1	0	1546.15830	1524.73291	1529.02513
35.479645	1	1	1	0	1546.15830	1524.73272	1529.02722
35.499645	1	1	1	0	1546.15383	1524.73366	1529.02893
35.519644	1	1	1	0	1546.15927	1524.73480	1529.02513
35.539644	1	1	1	0	1546.15169	1524.73366	1529.02703
35.559644	1	1	1	0	1546.15538	1524.73461	1529.02513
35.579644	1	1	1	0	1546.15985	1524.73461	1529.02304
35.599644	1	1	1	0	1546.15771	1524.73555	1529.02703
35.619644	1	1	1	0	1546.15985	1524.73631	1529.02703
35.639643	1	1	1	0	1546.16704	1524.73366	1529.02513
35.659643	1	1	1	0	1546.15538	1524.73291	1529.02703
35.679643	1	1	1	0	1546.16199	1524.73366	1529.02513
35.699643	1	1	1	0	1546.15830	1524.73669	1529.02703
35.719642	1	1	1	0	1546.16043	1524.73480	1529.02703
35.739642	1	1	1	0	1546.15985	1524.73555	1529.02323
35.759642	1	1	1	0	1546.15771	1524.73196	1529.02323
35.779642	1	1	1	0	1546.15771	1524.73272	1529.02722
35.799642	1	1	1	0	1546.16335	1524.73291	1529.02494
35.819642	1	1	1	0	1546.16277	1524.73366	1529.02703
35.839641	1	1	1	0	1546.15830	1524.73272	1529.02494
35.859641	1	1	1	0	1546.16043	1524.73858	1529.02722
35.879641	1	1	1	0	1546.15771	1524.73669	1529.02722
35.899641	1	1	1	0	1546.16277	1524.73669	1529.02513
35.919641	1	1	1	0	1546.16199	1524.73933	1529.02893
35.939640	1	1	1	0	1546.15985	1524.73480	1529.02703
35.959640	1	1	1	0	1546.15383	1524.73858	1529.02513
35.979640	1	1	1	0	1546.15927	1524.73933	1529.02513
35.999640	1	1	1	0	1546.16199	1524.74009	1529.02703
36.019639	1	1	1	0	1546.16199	1524.73933	1529.02703
36.039639	1	1	1	0	1546.16432	1524.73933	1529.02703
36.059639	1	1	1	0	1546.15771	1524.73744	1529.02513
36.079639	1	1	1	0	1546.15830	1524.73744	1529.02513
36.099639	1	1	1	0	1546.16199	1524.73933	1529.02513
36.119638	1	1	1	0	1546.15771	1524.73744	1529.02722
36.139638	1	1	1	0	1546.16121	1524.73933	1529.02875
36.159638	1	1	1	0	1546.16043	1524.74198	1529.02323
36.179638	1	1	1	0	1546.15538	1524.74047	1529.02703
36.199638	1	1	1	0	1546.15985	1524.74122	1529.02703
36.219638	1	1	1	0	1546.16199	1524.73858	1529.02703
36.239637	1	1	1	0	1546.16646	1524.74122	1529.02722
36.259637	1	1	1	0	1546.15888	1524.73933	1529.02513
36.279637	1	1	1	0	1546.16587	1524.74311	1529.02703
36.299637	1	1	1	0	1546.16043	1524.74122	1529.02703
36.319636	1	1	1	0	1546.16276	1524.74122	1529.02513
36.339636	1	1	1	0	1546.16140	1524.74122	1529.02513
36.359636	1	1	1	0	1546.16490	1524.74047	1529.02513
36.379636	1	1	1	0	1546.16199	1524.74217	1529.02513
36.399636	1	1	1	0	1546.16704	1524.74217	1529.02722
36.419636	1	1	1	0	1546.15382	1524.74387	1529.02513
36.439635	1	1	1	0	1546.15829	1524.74122	1529.02513
36.459635	1	1	1	0	1546.15771	1524.74387	1529.02513
36.479635	1	1	1	0	1546.15616	1524.74311	1529.02304
36.499635	1	1	1	0	1546.16432	1524.74311	1529.02722
36.519635	1	1	1	0	1546.16276	1524.74198	1529.02304
36.539634	1	1	1	0	1546.16646	1524.74311	1529.02513
36.559634	1	1	1	0	1546.15771	1524.74311	1529.02323
36.579634	1	1	1	0	1546.15985	1524.74198	1529.02893
36.599634	1	1	1	0	1546.15693	1524.74595	1529.02513
36.619633	1	1	1	0	1546.15985	1524.74481	1529.02703
36.639633	1	1	1	0	1546.15829	1524.74481	1529.02703
36.659633	1	1	1	0	1546.16276	1524.74481	1529.02304
36.679633	1	1	1	0	1546.15382	1524.74387	1529.02513
36.699633	1	1	1	0	1546.15382	1524.74198	1529.02304
36.719632	1	1	1	0	1546.15382	1524.74311	1529.02513
36.739632	1	1	1	0	1546.15985	1524.74481	1529.02323
36.759632	1	1	1	0	1546.16432	1524.74122	1529.02703
36.779632	1	1	1	0	1546.15168	1524.74481	1529.02513
36.799632	1	1	1	0	1546.16121	1524.74311	1529.02703
36.819631	1	1	1	0	1546.15538	1524.74311	1529.02323
36.839631	1	1	1	0	1546.16879	1524.74198	1529.02513
36.859631	1	1	1	0	1546.16199	1524.74311	1529.02095
36.879631	1	1	1	0	1546.16646	1524.74122	1529.02513
36.899631	1	1	1	0	1546.16140	1524.74047	1529.02703
36.919631	1	1	1	0	1546.15829	1524.74047	1529.02703
36.939630	1	1	1	0	1546.15324	1524.74387	1529.02703
36.959630	1	1	1	0	1546.16043	1524.74198	1529.02893
36.979630	1	1	1	0	1546.16043	1524.74009	1529.02703
36.999629	1	1	1	0	1546.15829	1524.73858	1529.02513
37.019629	1	1	1	0	1546.16199	1524.74122	1529.02722
37.039629	1	1	1	0	1546.16043	1524.74122	1529.02722
37.059629	1	1	1	0	1546.15616	1524.74009	1529.02703
37.079629	1	1	1	0	1546.15324	1524.73669	1529.02703
37.099629	1	1	1	0	1546.15829	1524.74311	1529.02513
37.119628	1	1	1	0	1546.16801	1524.74406	1529.02722
37.139628	1	1	1	0	1546.16490	1524.74406	1529.02513
37.159628	1	1	1	0	1546.15538	1524.74406	1529.02722
37.179628	1	1	1	0	1546.15985	1524.74217	1529.02893
37.199628	1	1	1	0	1546.15985	1524.74406	1529.02513
37.219627	1	1	1	0	1546.16199	1524.74595	1529.02513
37.239627	1	1	1	0	1546.16199	1524.74670	1529.02513
37.259627	1	1	1	0	1546.15829	1524.74311	1529.02513
37.279627	1	1	1	0	1546.15771	1524.74481	1529.02893
37.299627	1	1	1	0	1546.16335	1524.74481	1529.02703
37.319627	1	1	1	0	1546.16199	1524.74217	1529.02304
37.339626	1	1	1	0	1546.15538	1524.74311	1529.02114
37.359626	1	1	1	0	1546.16276	1524.74217	1529.02893
37.379626	1	1	1	0	1546.15538	1524.74217	1529.02513
37.399626	1	1	1	0	1546.15771	1524.74122	1529.02722
37.419626	1	1	1	0	1546.15538	1524.74406	1529.02513
37.439625	1	1	1	0	1546.16043	1524.74217	1529.02513
37.459625	1	1	1	0	1546.16199	1524.74481	1529.02703
37.479625	1	1	1	0	1546.16043	1524.74576	1529.02703
37.499625	1	1	1	0	1546.16490	1524.74765	1529.02703
37.519625	1	1	1	0	1546.15829	1524.74481	1529.02513
37.539624	1	1	1	0	1546.15829	1524.74481	1529.02494
37.559624	1	1	1	0	1546.16276	1524.74784	1529.02722
37.579624	1	1	1	0	1546.15538	1524.74859	1529.02513
37.599624	1	1	1	0	1546.16646	1524.75048	1529.02513
37.619623	1	1	1	0	1546.15829	1524.75048	1529.02703
37.639623	1	1	1	0	1546.16043	1524.75143	1529.02703
37.659623	1	1	1	0	1546.15985	1524.75408	1529.02703
37.679623	1	1	1	0	1546.16937	1524.75408	1529.02893
37.699623	1	1	1	0	1546.15829	1524.75238	1529.02304
37.719623	1	1	1	0	1546.16199	1524.75502	1529.02513
37.739623	1	1	1	0	1546.16646	1524.75899	1529.02893
37.759622	1	1	1	0	1546.16043	1524.75597	1529.02513
37.779622	1	1	1	0	1546.16043	1524.75880	1529.02304
37.799622	1	1	1	0	1546.15985	1524.75880	1529.02513
37.819622	1	1	1	0	1546.15829	1524.75597	1529.02513
37.839621	1	1	1	0	1546.15538	1524.76050	1529.02893
37.859621	1	1	1	0	1546.15382	1524.75956	1529.02703
37.879621	1	1	1	0	1546.15829	1524.76069	1529.02703
37.899621	1	1	1	0	1546.16490	1524.75899	1529.02513
37.919621	1	1	1	0	1546.16276	1524.75805	1529.02304
37.939620	1	1	1	0	1546.16276	1524.75597	1529.02703
37.959620	1	1	1	0	1546.16490	1524.75313	1529.02703
37.979620	1	1	1	0	1546.16646	1524.75124	1529.02513
37.999620	1	1	1	0	1546.15168	1524.74576	1529.02513
38.019619	1	1	1	0	1546.16199	1524.74765	1529.02722
38.039619	1	1	1	0	1546.16043	1524.74576	1529.02893
38.059619	1	1	1	0	1546.15324	1524.75048	1529.02304
38.079619	1	1	1	0	1546.16043	1524.75616	1529.02703
38.099619	1	1	1	0	1546.15538	1524.75597	1529.02513
38.119618	1	1	1	0	1546.16043	1524.76069	1529.02722
38.139618	1	1	1	0	1546.15616	1524.75691	1529.02513
38.159618	1	1	1	0	1546.15110	1524.75597	1529.02703
38.179618	1	1	1	0	1546.15985	1524.75691	1529.02703
38.199618	1	1	1	0	1546.16199	1524.75786	1529.02893
38.219617	1	1	1	0	1546.15324	1524.75786	1529.02703
38.239617	1	1	1	0	1546.15985	1524.75710	1529.02513
38.259617	1	1	1	0	1546.16490	1524.75786	1529.02722
38.279617	1	1	1	0	1546.15538	1524.76069	1529.02304
38.299617	1	1	1	0	1546.15771	1524.75786	1529.02703
38.319616	1	1	1	0	1546.16276	1524.75786	1529.02893
38.339616	1	1	1	0	1546.16432	1524.75521	1529.02912
38.359616	1	1	1	0	1546.16432	1524.75408	1529.02304
38.379616	1	1	1	0	1546.15985	1524.75521	1529.02893
38.399616	1	1	1	0	1546.17093	1524.75238	1529.02703
38.419616	1	1	1	0	1546.16646	1524.75048	1529.02323
38.439615	1	1	1	0	1546.15168	1524.75048	1529.02513
38.459615	1	1	1	0	1546.16043	1524.75313	1529.02513
38.479615	1	1	1	0	1546.15538	1524.75048	1529.02722
38.499615	1	1	1	0	1546.15382	1524.75048	1529.02513
38.519614	1	1	1	0	1546.16043	1524.74973	1529.02513
38.539614	1	1	1	0	1546.16199	1524.74935	1529.02703
38.559614	1	1	1	0	1546.16490	1524.75048	1529.02513
38.579614	1	1	1	0	1546.15829	1524.75048	1529.02494
38.599614	1	1	1	0	1546.16276	1524.74859	1529.02494
38.619613	1	1	1	0	1546.15829	1524.74784	1529.02494
38.639614	1	1	1	0	1546.15382	1524.74859	1529.02323
38.659613	1	1	1	0	1546.16199	1524.74576	1529.02304
38.679613	1	1	1	0	1546.16490	1524.74387	1529.02513
38.699613	1	1	1	0	1546.15771	1524.74311	1529.02722
38.719612	1	1	1	0	1546.15985	1524.74481	1529.02703
38.739612	1	1	1	0	1546.16140	1524.74047	1529.02893
38.759612	1	1	1	0	1546.16432	1524.74387	1529.02323
38.779612	1	1	1	0	1546.15771	1524.74576	1529.02513
38.799612	1	1	1	0	1546.15829	1524.74311	1529.02703
38.819611	1	1	1	0	1546.16276	1524.74198	1529.02513
38.839611	1	1	1	0	1546.15538	1524.74481	1529.02513
38.859611	1	1	1	0	1546.16276	1524.74311	1529.02893
38.879611	1	1	1	0	1546.15693	1524.74387	1529.02513
38.899611	1	1	1	0	1546.15985	1524.74481	1529.02513
38.919611	1	1	1	0	1546.16043	1524.74481	1529.02703
38.939610	1	1	1	0	1546.16704	1524.74387	1529.02513
38.959610	1	1	1	0	1546.15324	1524.74481	1529.02494
38.979610	1	1	1	0	1546.15829	1524.74670	1529.02722
38.999610	1	1	1	0	1546.15829	1524.74481	1529.02722
39.019609	1	1	1	0	1546.15110	1524.74595	1529.02722
39.039609	1	1	1	0	1546.16490	1524.74595	1529.02703
39.059609	1	1	1	0	1546.15985	1524.74784	1529.02513
39.079609	1	1	1	0	1546.17093	1524.74576	1529.02323
39.099609	1	1	1	0	1546.15538	1524.74670	1529.02703
39.119608	1	1	1	0	1546.14741	1524.74387	1529.02703
39.139608	1	1	1	0	1546.16490	1524.74481	1529.02304
39.159608	1	1	1	0	1546.15324	1524.74406	1529.02703
39.179608	1	1	1	0	1546.15985	1524.74406	1529.02323
39.199608	1	1	1	0	1546.16432	1524.74406	1529.02513
39.219607	1	1	1	0	1546.15771	1524.74670	1529.02703
39.239607	1	1	1	0	1546.15324	1524.74595	1529.02513
39.259607	1	1	1	0	1546.15888	1524.74765	1529.02494
39.279607	1	1	1	0	1546.15538	1524.74670	1529.02513
39.299607	1	1	1	0	1546.15829	1524.74784	1529.02513
39.319606	1	1	1	0	1546.16432	1524.74784	1529.02304
39.339606	1	1	1	0	1546.15985	1524.74670	1529.02703
39.359606	1	1	1	0	1546.16432	1524.74595	1529.02513
39.379606	1	1	1	0	1546.15985	1524.74670	1529.02703
39.399606	1	1	1	0	1546.15985	1524.74765	1529.02703
39.419605	1	1	1	0	1546.15616	1524.74595	1529.02722
39.439605	1	1	1	0	1546.15616	1524.74481	1529.02893
39.459605	1	1	1	0	1546.16199	1524.74878	1529.02513
39.479605	1	1	1	0	1546.15616	1524.74651	1529.02323
39.499605	1	1	1	0	1546.16043	1524.74765	1529.02513
39.519604	1	1	1	0	1546.15324	1524.74765	1529.02513
39.539604	1	1	1	0	1546.17034	1524.74576	1529.02703
39.559604	1	1	1	0	1546.15674	1524.74784	1529.02703
39.579604	1	1	1	0	1546.16276	1524.74859	1529.02513
39.599604	1	1	1	0	1546.16043	1524.74859	1529.02513
39.619603	1	1	1	0	1546.14955	1524.74765	1529.02513
39.639603	1	1	1	0	1546.16646	1524.75048	1529.02703
39.659603	1	1	1	0	1546.16432	1524.74841	1529.02703
39.679603	1	1	1	0	1546.16432	1524.74935	1529.02513
39.699603	1	1	1	0	1546.15985	1524.74670	1529.02513
39.719602	1	1	1	0	1546.16432	1524.74973	1529.02513
39.739602	1	1	1	0	1546.16199	1524.74311	1529.02703
39.759602	1	1	1	0	1546.16276	1524.74481	1529.02513
39.779602	1	1	1	0	1546.16335	1524.74670	1529.02703
39.799602	1	1	1	0	1546.16276	1524.74595	1529.02703
39.819602	1	1	1	0	1546.16276	1524.74387	1529.02703
39.839601	1	1	1	0	1546.15985	1524.74122	1529.02722
39.859601	1	1	1	0	1546.15985	1524.74122	1529.02893
39.879601	1	1	1	0	1546.15771	1524.74311	1529.02893
39.899601	1	1	1	0	1546.16043	1524.74311	1529.02513
39.919600	1	1	1	0	1546.15324	1524.74217	1529.02323
39.939600	1	1	1	0	1546.16432	1524.74406	1529.02323
39.959600	1	1	1	0	1546.15538	1524.74122	1529.02703
39.979600	1	1	1	0	1546.15538	1524.73933	1529.02722
39.999599	1	1	1	0	1546.14955	1524.74009	1529.02703
40.019599	1	1	1	0	1546.15829	1524.74122	1529.02513
40.039599	1	1	1	0	1546.17307	1524.74047	1529.02513
40.059599	1	1	1	0	1546.16043	1524.74009	1529.02494
40.079599	1	1	1	0	1546.16199	1524.74198	1529.02874
40.099599	1	1	1	0	1546.16276	1524.73820	1529.02703
40.119598	1	1	1	0	1546.17034	1524.74009	1529.02513
40.139598	1	1	1	0	1546.16043	1524.73858	1529.02304
40.159598	1	1	1	0	1546.16646	1524.74122	1529.02513
40.179598	1	1	1	0	1546.16432	1524.74122	1529.02893
40.199598	1	1	1	0	1546.15382	1524.73858	1529.02513
40.219597	1	1	1	0	1546.15616	1524.73933	1529.02703
40.239597	1	1	1	0	1546.17093	1524.73933	1529.02893
40.259597	1	1	1	0	1546.15829	1524.73933	1529.02722
40.279597	1	1	1	0	1546.16276	1524.74122	1529.02513
40.299597	1	1	1	0	1546.15829	1524.73933	1529.02703
40.319597	1	1	1	0	1546.15829	1524.74198	1529.02513
