0.020000	1	25	1	0	1546.15609	1500.61534	1502.08777	1502.40210	1502.58033	1503.06402	1509.98408	1511.35424	1513.84912	1520.15981	1526.73122	1529.47001	1529.96851	1534.28208	1536.35836	1539.71588	1550.58539	1551.14862	1551.58657	1557.28976	1565.38575	1566.39038	1568.24992	1570.73431	1574.62002	1577.73688	1529.02031
0.040000	1	22	1	0	1546.15181	1502.26630	1501.71399	1502.31548	1502.98578	1503.35487	1505.60384	1516.55158	1518.59193	1526.93498	1530.63267	1533.44094	1547.51345	1548.80708	1550.25860	1551.75395	1555.12274	1557.28128	1563.26907	1563.99488	1570.89521	1574.46622	1578.96153	1529.02240
0.059999	1	23	1	0	1546.15822	1500.53441	1502.45441	1502.29327	1504.72001	1511.74511	1516.33693	1517.84920	1518.38139	1522.83301	1524.73643	1527.66178	1542.01259	1543.09371	1552.73018	1554.18985	1555.17072	1559.62223	1560.66561	1569.58447	1570.80633	1571.97122	1572.66652	1578.69319	1529.02031
0.079999	1	17	1	0	1546.16930	1502.36264	1502.99918	1504.81170	1514.75658	1515.39303	1517.63455	1520.42066	1524.80429	1530.60410	1532.99214	1535.28358	1549.53025	1557.68877	1564.71121	1571.07200	1573.15233	1577.38943	1529.02411
0.099999	1	21	1	0	1546.16133	1500.75579	1501.25718	1502.20079	1501.67676	1503.99317	1505.32594	1513.83608	1515.98498	1516.50857	1517.35089	1523.23701	1527.26378	1529.61287	1545.98991	1547.25024	1547.87357	1550.05989	1558.14168	1560.39989	1577.82897	1578.49948	1529.02392
0.119999	1	21	1	0	1546.15336	1500.47492	1502.31548	1505.69102	1510.99253	1512.08729	1514.46579	1515.51926	1521.43896	1524.77462	1528.55985	1538.24074	1541.16372	1545.08949	1547.34309	1552.22458	1556.59223	1560.48225	1561.15058	1561.86331	1572.58548	1573.83699	1529.02601
0.139999	1	24	1	0	1546.15395	1500.16744	1501.79559	1502.31860	1502.76742	1503.27218	1505.96334	1512.43594	1514.96762	1517.51920	1524.41156	1526.12801	1527.82157	1528.70102	1530.78051	1533.85039	1534.82643	1541.75433	1549.64115	1557.52011	1559.94942	1560.97819	1562.90493	1573.55488	1577.74052	1529.02392
0.159998	1	31	1	0	1546.15395	1500.00661	1501.06882	1501.67841	1502.04815	1502.07035	1502.93637	1505.46543	1510.07530	1515.12047	1515.58015	1518.95597	1519.48613	1520.16320	1520.50976	1521.53646	1524.73378	1525.47306	1529.51814	1537.27361	1541.51587	1542.79832	1543.57285	1545.18228	1548.06509	1551.62279	1559.00323	1568.25712	1570.84726	1573.05233	1576.33368	1579.47051	1529.02031
0.179998	1	25	1	0	1546.14948	1501.45897	1503.68076	1510.72563	1512.94070	1515.97115	1524.68388	1534.84367	1537.61629	1538.17898	1541.31940	1542.88426	1546.21965	1547.09745	1548.48357	1549.87452	1554.66529	1558.09648	1560.39850	1564.31874	1566.09837	1568.15514	1570.64043	1574.29974	1575.06569	1575.95636	1529.02601
0.199998	1	19	1	0	1546.15550	1502.17419	1502.16685	1501.80292	1504.18153	1504.71394	1510.50502	1513.29422	1524.71791	1526.81575	1530.54524	1532.05317	1540.73163	1544.75531	1549.71535	1551.60302	1553.41209	1559.06212	1576.23064	1578.09156	1529.02202
0.219998	1	24	1	0	1546.16056	1501.50370	1502.46946	1502.97035	1505.76071	1512.86850	1519.24906	1523.21701	1524.81809	1525.76582	1527.13293	1531.06312	1535.79911	1541.86934	1544.92355	1547.28722	1550.82022	1551.60067	1558.26941	1564.01397	1567.26367	1568.60855	1571.57952	1575.96201	1578.90761	1529.02012
0.239998	1	17	1	0	1546.14890	1501.76716	1502.22043	1503.79401	1504.05994	1514.52714	1515.84428	1518.12612	1524.83870	1527.88193	1540.50584	1550.37605	1552.72371	1556.08312	1557.66549	1564.24174	1569.34093	1578.27828	1529.02411
0.259997	1	29	1	0	1546.14520	1501.34881	1502.03824	1502.58051	1505.23014	1511.05825	1511.58049	1512.66884	1514.36360	1516.45359	1517.20676	1518.38683	1520.23911	1521.50503	1524.27987	1524.80524	1526.68175	1530.44010	1532.56061	1533.22607	1537.92066	1541.31940	1546.60620	1550.29338	1554.68809	1556.64109	1560.56878	1562.84793	1566.91045	1579.16083	1529.02411
0.279997	1	21	1	0	1546.15453	1500.82410	1501.65384	1502.02082	1503.68462	1510.46866	1512.49992	1514.46896	1521.63040	1523.61801	1524.04678	1524.84589	1528.68126	1535.58415	1537.50807	1544.43019	1551.78704	1559.13743	1561.65963	1563.43163	1568.06996	1578.10067	1529.02202
0.299997	1	20	1	0	1546.15609	1502.59061	1503.00194	1509.64378	1514.05823	1516.79734	1518.58668	1521.92508	1523.78281	1524.70675	1526.15642	1529.48694	1531.71621	1533.33349	1535.21670	1541.13862	1545.01147	1546.71182	1547.60420	1569.79002	1578.18046	1529.02202
0.319997	1	19	1	0	1546.15395	1500.31787	1501.19836	1502.45221	1511.59386	1512.56019	1518.87494	1524.83209	1527.48286	1528.72097	1536.45644	1541.68051	1542.59204	1548.72419	1549.82003	1551.84637	1558.87854	1561.49625	1566.09458	1572.66411	1529.02392
0.339997	1	21	1	0	1546.15822	1500.04795	1500.46576	1501.43661	1501.71655	1502.17841	1503.32436	1504.03253	1514.95306	1515.72808	1517.38327	1521.73508	1522.50593	1524.84229	1528.66245	1534.09319	1551.52472	1552.64589	1554.12131	1558.27652	1572.40935	1575.15747	1529.02202
0.359997	1	19	1	0	1546.15395	1500.91146	1502.45331	1502.74795	1505.39172	1511.37708	1511.90252	1512.39428	1513.03898	1516.16514	1516.68212	1519.24343	1521.50107	1524.75023	1529.58224	1542.00930	1558.25066	1565.76002	1567.90244	1579.47944	1529.02031
0.379996	1	19	1	0	1546.15609	1501.61387	1502.16777	1503.49087	1506.29552	1511.38860	1512.78996	1520.82770	1524.76800	1535.13487	1539.68696	1548.26446	1552.68803	1553.47037	1556.44586	1558.13063	1566.59888	1569.31910	1577.45357	1578.53149	1529.02411
0.399996	1	17	1	0	1546.15025	1501.39848	1501.70170	1503.47690	1505.42415	1510.04767	1510.44733	1513.66132	1519.51861	1521.43520	1524.70052	1527.10695	1533.92137	1537.40082	1547.35906	1548.82658	1560.51531	1570.15637	1529.02411
0.419996	1	20	1	0	1546.15822	1502.03769	1502.18465	1502.89486	1503.63277	1504.73621	1505.10967	1505.47059	1513.37057	1524.77915	1527.12136	1527.89465	1528.56118	1545.09687	1551.74573	1552.78566	1557.93799	1562.86084	1567.81130	1571.16593	1571.92079	1529.02221
0.439996	1	19	1	0	1546.15453	1500.47968	1501.42194	1501.84694	1502.23088	1503.45319	1504.32394	1509.73422	1512.26857	1526.17214	1527.20992	1532.97934	1536.33514	1540.77931	1551.02029	1558.98900	1565.67072	1566.88749	1571.76872	1573.06158	1529.02411
0.459995	1	22	1	0	1546.15395	1500.22965	1502.57592	1502.66533	1503.38556	1503.90232	1504.93286	1513.48138	1516.50333	1530.32870	1534.11251	1539.57036	1541.34393	1548.12570	1548.98127	1558.18472	1559.57615	1562.28035	1570.27926	1571.65825	1577.39368	1579.13386	1579.88259	1529.02012
0.479995	1	28	1	0	1546.15900	1500.10339	1500.43190	1501.00946	1501.50186	1501.94689	1501.66411	1501.95551	1513.77459	1514.32649	1517.34340	1522.18993	1524.82093	1528.25025	1536.39080	1537.99182	1542.18622	1545.38440	1546.28322	1547.86266	1550.15582	1555.20297	1556.36668	1558.08700	1558.84199	1561.17198	1565.40269	1568.90891	1576.37348	1529.02221
0.499995	1	15	1	0	1546.16056	1500.88069	1502.37512	1505.64457	1506.08192	1511.87724	1514.83924	1523.85247	1527.99298	1553.48155	1561.41339	1562.68391	1567.28524	1568.76041	1569.73672	1574.48134	1529.02221
0.519995	1	19	1	0	1546.15395	1500.40224	1501.69290	1501.79595	1503.32363	1504.41208	1512.00270	1521.60630	1524.04131	1524.79314	1528.85020	1537.17081	1540.43907	1549.83311	1557.09023	1559.25504	1567.10990	1568.29611	1572.70936	1579.04668	1529.02012
0.539994	1	21	1	0	1546.15181	1500.01630	1500.82501	1502.00596	1502.28575	1502.08080	1510.25925	1511.80030	1514.30784	1516.29393	1517.79937	1527.53902	1531.24021	1535.77552	1543.72979	1554.80248	1555.81069	1560.33001	1562.12517	1568.31071	1574.34448	1575.29870	1529.02392
0.559994	1	24	1	0	1546.16328	1504.98203	1510.72990	1511.64867	1512.24681	1518.20539	1518.98187	1519.65041	1524.70297	1526.27138	1527.18413	1529.89943	1532.52471	1541.49674	1544.01119	1544.80130	1546.13490	1556.23257	1559.16332	1559.81469	1560.63333	1564.45325	1570.93374	1574.48516	1575.96565	1529.02411
0.579994	1	20	1	0	1546.15687	1502.21272	1502.33566	1502.90735	1503.69436	1524.76913	1534.39808	1536.30271	1537.16870	1540.91791	1542.77220	1547.15428	1550.06204	1553.87213	1557.48303	1563.31676	1567.45543	1569.78541	1575.15525	1576.13449	1576.77404	1529.01993
0.599994	1	18	1	0	1546.14948	1501.67365	1501.79779	1502.42761	1504.08735	1504.74247	1522.64127	1526.43903	1529.52689	1543.45081	1545.91549	1548.01521	1548.90695	1555.49526	1563.74293	1565.45728	1572.11992	1578.27787	1579.25978	1529.02012
0.619994	1	22	1	0	1546.16056	1502.02834	1501.93809	1503.45962	1505.14669	1510.44770	1512.61042	1515.96087	1517.35913	1522.74703	1524.20299	1524.80335	1528.79090	1531.37214	1532.33358	1539.23624	1541.74757	1544.40827	1549.90850	1550.43077	1568.33491	1569.21959	1577.61120	1529.02202
0.639993	1	23	1	0	1546.15609	1502.47331	1502.75493	1502.47735	1512.33942	1515.22687	1516.17504	1520.96669	1524.79692	1528.11809	1534.45608	1536.26759	1537.16006	1539.00626	1541.94744	1546.51013	1547.46808	1554.47095	1555.92800	1560.09823	1560.78148	1570.93936	1572.64842	1579.66263	1529.02202
0.659993	1	19	1	0	1546.15395	1501.18004	1501.92195	1502.24226	1502.16098	1505.46912	1511.05955	1516.30683	1525.85214	1528.93706	1535.15423	1551.63492	1553.74709	1555.71091	1565.26980	1566.43387	1568.66557	1569.79984	1570.55579	1577.82816	1529.02411
0.679993	1	21	1	0	1546.15395	1501.73287	1501.97753	1504.48385	1505.12790	1515.13801	1517.20339	1518.50793	1530.99107	1533.57880	1536.38427	1540.49194	1545.98777	1547.68736	1550.36080	1553.80421	1554.77515	1556.16956	1558.57747	1571.68576	1572.73309	1577.21122	1529.02221
0.699993	1	23	1	0	1546.16270	1503.79512	1505.66522	1509.93255	1512.31078	1514.74987	1515.18729	1520.58514	1524.74683	1528.23886	1529.65682	1532.15719	1538.90208	1540.74669	1545.46092	1546.82679	1548.19137	1549.48691	1551.54899	1552.97624	1557.63018	1558.58676	1572.63796	1579.62733	1529.02392
0.719993	1	24	1	0	1546.15453	1500.07704	1500.36179	1501.65769	1501.74681	1503.78647	1504.18668	1505.10912	1524.78104	1526.56010	1528.35622	1532.10699	1540.72082	1546.03908	1546.83107	1549.99445	1553.99661	1557.32033	1560.78643	1561.95575	1562.78935	1563.69382	1571.79604	1573.79228	1578.82573	1529.02031
0.739993	1	19	1	0	1546.15550	1503.00304	1505.49105	1511.27141	1515.38108	1520.78896	1529.30722	1531.52966	1535.35488	1548.18046	1549.98136	1550.81670	1560.01314	1563.20946	1565.70201	1568.02578	1570.18624	1576.24640	1576.88099	1578.15292	1529.02202
0.759993	1	15	1	0	1546.16056	1500.00057	1501.74387	1501.95166	1501.84107	1502.42045	1505.87280	1517.40537	1524.79125	1526.92532	1544.20156	1544.99380	1554.31870	1557.01631	1569.61592	1571.77675	1529.02221
0.779992	1	25	1	0	1546.15453	1501.51580	1502.10465	1501.62433	1510.27928	1513.18735	1516.05001	1516.89500	1520.62726	1521.36462	1522.16336	1524.14688	1524.85609	1527.18299	1532.10107	1535.63209	1540.10748	1543.63833	1544.38636	1548.68519	1552.24671	1557.51814	1562.74328	1572.21860	1574.90332	1579.08013	1529.02221
0.799992	1	24	1	0	1546.15764	1502.08209	1502.05035	1505.16253	1506.23096	1510.62302	1510.99012	1514.45367	1516.86320	1519.62581	1523.82037	1526.02008	1527.23495	1535.06570	1542.52046	1547.51034	1549.79757	1552.62825	1554.13113	1556.93057	1559.05027	1571.80467	1573.59616	1574.40615	1575.50858	1529.02202
0.819992	1	23	1	0	1546.16270	1500.55382	1501.78917	1501.79870	1503.07560	1503.88062	1505.56108	1514.50961	1517.82766	1519.32094	1519.88873	1524.78388	1527.90813	1532.71360	1538.15474	1542.36628	1546.23715	1549.27396	1555.07731	1559.22440	1561.48674	1563.91373	1568.44012	1579.23159	1529.02221
0.839992	1	21	1	0	1546.15181	1500.22508	1501.41699	1502.16758	1501.62066	1502.27015	1504.75315	1512.91539	1518.68963	1526.42614	1530.39497	1531.46329	1537.52152	1541.18110	1542.96265	1544.20854	1544.65850	1545.24014	1556.27136	1571.99131	1576.33610	1558.61085	1529.02202
0.859991	1	21	1	0	1546.15395	1500.86695	1502.12006	1503.99280	1514.75155	1516.37357	1520.20416	1520.75041	1522.71480	1524.76252	1529.98069	1530.49038	1531.06312	1545.73848	1549.33407	1551.56445	1553.61401	1555.54680	1561.16960	1565.85252	1567.15443	1577.87209	1529.02601
0.879991	1	18	1	0	1546.15822	1514.97751	1517.44337	1518.27455	1519.13140	1523.97540	1527.24386	1531.05073	1532.71570	1534.61749	1538.07818	1539.45184	1542.22355	1547.63808	1553.98090	1558.02266	1568.40851	1573.01853	1575.23151	1529.02202
0.899991	1	15	1	0	1546.16270	1502.07383	1504.86399	1505.58780	1510.77815	1516.10346	1521.38250	1523.49684	1534.82509	1541.26763	1551.78254	1563.88908	1566.85196	1571.27935	1575.43350	1576.22822	1529.02202
0.919991	1	12	1	0	1546.15822	1502.60640	1504.01101	1511.25005	1518.68963	1541.15948	1545.91782	1548.26738	1549.51503	1550.74689	1558.87716	1562.86561	1577.40097	1529.02012
0.939991	1	18	1	0	1546.15609	1501.33287	1501.85867	1503.37600	1510.25295	1511.17206	1513.50838	1522.28884	1524.80978	1527.91306	1535.88120	1555.33907	1556.28377	1560.49413	1561.74015	1563.39546	1566.47517	1571.20287	1575.37417	1529.02012
0.959990	1	31	1	0	1546.15822	1502.39439	1502.29419	1503.62983	1504.97153	1512.72335	1514.84558	1515.58855	1516.41994	1517.74037	1518.13436	1518.49875	1520.50637	1522.75213	1524.25720	1524.78577	1526.42577	1530.97240	1534.57441	1537.65320	1539.34394	1541.06002	1544.62222	1545.24363	1549.53474	1550.81122	1551.28029	1554.07968	1557.93799	1568.03118	1575.90809	1577.95064	1529.02012
0.979990	1	17	1	0	1546.15395	1502.35493	1502.41935	1504.55710	1512.34667	1513.22756	1513.97174	1514.96836	1518.78809	1524.13102	1524.71791	1549.16195	1551.40964	1557.73336	1560.85259	1561.57437	1578.48469	1579.29081	1529.02221
0.999990	1	22	1	0	1546.15764	1502.15290	1505.33626	1510.52858	1511.99471	1515.54653	1517.64504	1518.53212	1519.40447	1520.09537	1523.51835	1529.99897	1531.36185	1539.80976	1542.04720	1542.60984	1545.14055	1548.33482	1558.97655	1559.86197	1565.64680	1570.94498	1576.05006	1529.02012
1.019990	1	24	1	0	1546.15395	1500.55474	1501.43954	1503.45815	1505.41881	1509.72310	1515.31909	1517.65834	1520.49923	1521.44724	1528.23259	1529.63570	1532.17609	1533.19625	1536.57219	1542.44443	1543.75246	1544.74871	1552.57494	1562.23530	1566.62542	1568.01599	1574.18892	1575.76898	1579.88645	1529.02031
1.039989	1	19	1	0	1546.15103	1501.01771	1502.00137	1506.23059	1511.60037	1513.68684	1518.42451	1520.21825	1531.37844	1533.45719	1540.05155	1546.85519	1553.91650	1557.17028	1558.00154	1559.04493	1562.37025	1567.55792	1572.63073	1573.39384	1529.01993
1.059989	1	14	1	0	1546.16270	1502.57482	1502.30135	1509.63174	1517.56246	1522.95577	1527.17920	1539.97615	1546.79294	1550.41748	1553.93673	1555.72921	1559.67781	1569.93029	1578.72338	1529.02202
1.079989	1	16	1	0	1546.15764	1501.79467	1502.60603	1503.01810	1503.59141	1510.80599	1512.06870	1523.16551	1524.15180	1524.81998	1531.01356	1531.81541	1535.58492	1542.58121	1543.52055	1544.23802	1554.44129	1529.02392
1.099989	1	26	1	0	1546.15609	1500.97814	1502.38613	1502.44248	1502.63449	1502.62182	1505.74670	1511.02242	1514.47903	1521.36274	1524.79862	1526.58700	1530.96839	1535.14177	1538.04798	1545.10347	1546.14520	1546.90305	1548.43600	1550.48746	1552.22242	1553.20512	1563.09065	1570.41260	1572.14202	1575.67995	1579.94287	1529.02411
1.119989	1	24	1	0	1546.15822	1501.98523	1503.01700	1505.38011	1511.34105	1512.65619	1514.93589	1517.88535	1519.76120	1524.83227	1526.55252	1529.56208	1538.08049	1540.34859	1541.90761	1542.60114	1546.36604	1548.43502	1554.97802	1555.79160	1560.55690	1562.33433	1564.07125	1576.76939	1579.80182	1529.02411
1.139988	1	18	1	0	1546.15822	1501.22071	1501.70445	1503.04988	1511.20159	1513.95106	1514.44359	1519.29073	1522.49613	1524.76913	1528.03911	1534.74829	1552.24828	1554.17178	1554.82076	1561.36601	1562.30872	1566.29582	1571.66407	1529.02411
1.159988	1	22	1	0	1546.15181	1500.08345	1500.82208	1501.65366	1501.91461	1503.79401	1505.01242	1514.98590	1520.74459	1523.94783	1524.76252	1528.84031	1531.03720	1532.59117	1539.40174	1540.63069	1544.27815	1548.28707	1551.13766	1552.45519	1559.54075	1574.50734	1577.91420	1529.02202
1.179988	1	19	1	0	1546.15822	1500.70030	1501.16794	1502.04852	1502.53884	1502.55206	1504.78500	1510.98121	1512.27861	1516.73019	1518.74664	1522.84546	1524.80146	1528.05923	1531.09266	1536.12291	1539.86644	1550.03684	1563.88013	1578.80992	1529.02202
1.199988	1	19	1	0	1546.15822	1501.86418	1502.31750	1503.33870	1505.00726	1506.27136	1523.68747	1524.79220	1526.23861	1527.58209	1538.73688	1547.59446	1549.84327	1550.51991	1551.73633	1554.99926	1555.59875	1560.56244	1564.90791	1568.21093	1529.02411
1.219988	1	17	1	0	1546.15609	1501.53449	1503.35156	1509.99762	1516.54111	1523.95878	1524.75798	1527.41533	1531.15785	1532.26657	1532.90750	1537.56612	1548.52412	1552.81467	1563.03503	1566.69388	1568.35431	1578.83951	1529.01993
1.239988	1	20	1	0	1546.15181	1500.12919	1502.25180	1501.63551	1502.92002	1503.75191	1511.86572	1514.00641	1516.83700	1519.51635	1525.45054	1540.61988	1541.11834	1542.08857	1547.44842	1556.06698	1570.63802	1571.47952	1572.18744	1572.83225	1577.91359	1529.02202
1.259987	1	16	1	0	1546.15687	1502.94775	1503.56457	1514.56781	1516.29225	1520.55337	1528.47646	1531.31857	1533.38989	1536.21367	1541.01465	1542.00176	1546.20041	1554.24367	1560.85972	1567.59208	1569.74414	1529.02221
1.279987	1	24	1	0	1546.15609	1500.31567	1501.49343	1502.25859	1503.25858	1504.87412	1506.30401	1512.32417	1523.19645	1526.77159	1531.36414	1532.10699	1536.88767	1539.40656	1547.04335	1548.12609	1555.51591	1560.80069	1561.40863	1562.56041	1564.92703	1567.23212	1569.62253	1570.51046	1571.76410	1529.02012
1.299987	1	21	1	0	1546.16056	1501.47968	1503.12648	1515.58257	1517.08417	1518.81942	1519.16236	1522.14151	1524.76913	1527.64395	1528.41757	1531.52165	1533.56656	1538.66508	1543.38593	1545.46752	1547.92578	1549.43870	1554.53068	1562.57471	1565.35547	1572.87610	1529.02202
1.319987	1	25	1	0	1546.15822	1500.70945	1501.04683	1502.04558	1502.19896	1502.22409	1502.58823	1502.88935	1504.38521	1513.48194	1513.88807	1515.78113	1516.95861	1517.49149	1524.27949	1525.77188	1535.78319	1544.96935	1547.81065	1558.38927	1561.63128	1564.31376	1567.99839	1575.36246	1576.53938	1579.98692	1529.02202
1.339987	1	27	1	0	1546.15453	1501.01331	1501.69125	1506.18170	1510.44529	1520.39491	1521.61553	1522.65390	1530.78299	1531.85090	1532.48786	1535.06225	1539.57595	1543.72766	1545.81211	1546.47338	1547.43537	1552.32881	1555.69792	1556.96486	1558.86669	1562.26844	1566.98591	1568.91391	1570.29490	1572.68422	1575.08465	1577.84274	1529.02411
1.359986	1	26	1	0	1546.15609	1501.02778	1501.52606	1502.91855	1504.12119	1505.03691	1512.49992	1514.93533	1519.98791	1520.92625	1521.83958	1523.89949	1524.84607	1526.36609	1530.67972	1534.47734	1539.84870	1541.42043	1550.06634	1551.76335	1554.37960	1556.42479	1564.76157	1565.83737	1566.72062	1568.13074	1576.86360	1529.02202
1.379986	1	19	1	0	1546.15336	1502.15015	1505.62264	1510.06900	1511.71872	1512.57563	1514.87581	1516.81773	1517.27320	1520.14572	1521.86086	1523.32927	1524.83568	1528.22499	1541.73887	1545.09473	1546.30461	1551.83325	1557.30002	1568.95254	1529.02012
1.399986	1	14	1	0	1546.15609	1501.02907	1502.13786	1501.62543	1512.87687	1516.00890	1522.19181	1524.81998	1528.97868	1532.11329	1533.63254	1538.09126	1552.08021	1554.12582	1562.70992	1529.02012
1.419986	1	18	1	0	1546.16211	1501.03181	1501.91755	1504.60238	1509.58319	1511.34755	1514.56501	1515.37903	1516.51549	1536.73597	1540.44332	1542.32934	1546.53172	1548.15434	1549.43909	1554.18533	1559.69423	1567.67161	1569.53760	1529.02221
1.439986	1	21	1	0	1546.15181	1500.24539	1502.42449	1503.79622	1504.19809	1504.88498	1505.82911	1509.97574	1513.82583	1518.21232	1519.11695	1528.04632	1539.97596	1541.31515	1549.22830	1550.69234	1554.44129	1559.49982	1561.29604	1565.93167	1570.98651	1576.32438	1529.02202
1.459986	1	21	1	0	1546.15822	1501.16941	1501.66558	1502.96171	1512.18341	1514.73420	1523.87268	1524.76081	1528.17031	1533.95676	1534.50988	1545.53083	1547.58472	1549.77804	1550.83977	1552.41639	1555.67982	1558.14800	1561.37553	1567.55992	1576.11954	1578.21874	1529.01822
1.479985	1	19	1	0	1546.16056	1502.31162	1503.12759	1504.18558	1513.15998	1518.29329	1523.01330	1524.28478	1531.99267	1533.16490	1536.36546	1542.04604	1543.09352	1551.50711	1553.27692	1554.41830	1560.08161	1564.73828	1566.21823	1573.38196	1529.02392
1.499985	1	25	1	0	1546.15609	1500.03368	1501.37007	1502.76944	1504.66736	1511.40662	1513.00287	1519.55108	1521.15350	1522.17919	1523.70578	1524.92775	1531.91062	1539.71800	1540.61930	1546.47124	1547.95423	1550.30862	1551.47775	1553.24553	1553.89707	1555.11133	1559.52809	1561.49447	1564.28929	1566.56496	1529.02221
1.519985	1	23	1	0	1546.15822	1500.15920	1502.25767	1501.54879	1502.81075	1503.27696	1503.63277	1504.22955	1506.03434	1511.64440	1512.88859	1515.38369	1516.32907	1521.32209	1524.77839	1527.01575	1527.75002	1536.52689	1549.03278	1559.35429	1562.80980	1567.33897	1570.25039	1579.77139	1529.02202
1.539984	1	17	1	0	1546.15609	1501.02412	1501.47455	1506.22358	1510.99012	1511.81572	1515.37940	1516.21504	1519.40616	1520.08034	1521.27109	1524.71980	1541.68920	1542.69847	1547.34874	1559.50693	1572.31186	1573.52166	1529.02392
1.559984	1	21	1	0	1546.16483	1501.85519	1502.54729	1502.58547	1502.76613	1503.38629	1504.44079	1504.77027	1505.65213	1506.26232	1516.09486	1529.42893	1531.02595	1535.78109	1540.20468	1540.96541	1550.13022	1551.81387	1554.63169	1555.91441	1570.45010	1573.38901	1529.02202
1.579984	1	22	1	0	1546.15181	1500.15572	1500.55290	1501.50370	1501.82236	1502.58400	1504.25604	1510.15299	1530.20913	1536.23381	1546.04899	1547.01630	1548.02593	1549.52166	1550.35436	1551.25368	1553.55985	1559.43693	1563.12383	1571.30825	1572.17780	1577.10868	1578.66887	1529.02031
1.599984	1	24	1	0	1546.15822	1502.02448	1502.59318	1502.58621	1503.05521	1511.03597	1513.01813	1513.98088	1515.83755	1518.51431	1519.45140	1524.28195	1525.96876	1533.59601	1534.54645	1536.62403	1539.55879	1549.81280	1552.13192	1554.71560	1559.59870	1561.37870	1565.99029	1571.27734	1572.66411	1529.02202
1.619985	1	27	1	0	1546.15609	1500.68986	1501.60361	1502.14410	1502.02100	1502.65615	1502.96869	1503.67285	1505.36722	1506.11143	1510.78910	1512.26354	1513.83123	1514.27857	1516.88209	1519.46003	1521.90003	1524.66403	1527.21295	1534.70366	1538.85568	1554.76022	1560.78881	1567.57011	1575.22445	1577.04841	1578.54061	1579.52853	1529.01822
1.639983	1	31	1	0	1546.16270	1500.81567	1501.15072	1501.93626	1502.27217	1502.26153	1503.64270	1504.25825	1514.12887	1515.34990	1516.76311	1523.57082	1524.70978	1530.00734	1531.37634	1532.41148	1537.47136	1538.82140	1541.07451	1544.69633	1545.31799	1549.61284	1550.87126	1554.67295	1567.22193	1568.28652	1569.39800	1570.56562	1572.79986	1574.56862	1577.23003	1579.00816	1529.02601
1.659983	1	18	1	0	1546.15453	1501.88857	1504.30002	1510.91049	1515.91808	1518.05566	1522.08970	1522.48106	1528.24835	1529.88934	1531.53062	1533.63426	1534.46489	1543.36152	1549.54099	1550.46987	1552.62158	1562.67477	1573.42061	1529.02202
1.679983	1	15	1	0	1546.15181	1502.08209	1505.52809	1512.23640	1514.48108	1516.31449	1517.02990	1518.39751	1521.79364	1524.82093	1540.58553	1550.77739	1553.26220	1565.00210	1566.96515	1567.97221	1529.02411
1.699983	1	13	1	0	1546.16270	1503.55704	1506.20255	1510.99253	1513.97249	1522.96143	1537.93354	1541.30858	1545.87177	1550.56154	1564.82608	1573.32097	1576.46239	1578.25094	1529.02202
1.719983	1	26	1	0	1546.15822	1500.57963	1501.19359	1502.56050	1503.02802	1510.44288	1511.49522	1512.15998	1515.64085	1516.24832	1516.70962	1521.21502	1523.98446	1524.64362	1530.48867	1532.71417	1545.29101	1546.58500	1547.95637	1548.83751	1552.89290	1553.59812	1557.95437	1566.88988	1573.46731	1574.72668	1576.96551	1529.02601
1.739983	1	26	1	0	1546.15822	1501.32939	1501.93057	1504.17620	1504.49986	1515.30883	1516.61329	1519.60628	1520.90331	1523.89590	1524.87387	1534.61117	1539.06808	1541.39937	1546.31141	1552.39307	1554.20340	1560.36445	1561.37632	1563.36465	1568.77742	1570.17802	1571.55100	1573.14971	1574.55975	1576.29893	1579.03735	1529.02411
1.759982	1	22	1	0	1546.16270	1500.04613	1501.77725	1503.38501	1504.92605	1506.05905	1515.73705	1517.78570	1520.07339	1523.20268	1527.04646	1530.24759	1530.89827	1534.17471	1538.57249	1543.69724	1552.99820	1558.11760	1561.32914	1565.54018	1572.24975	1576.47411	1577.78667	1529.02012
1.779982	1	22	1	0	1546.14520	1500.69426	1501.61479	1502.08521	1502.81479	1505.78523	1514.72151	1521.47981	1523.70219	1524.86990	1525.74330	1531.83754	1534.90401	1536.56471	1538.91922	1539.72879	1541.15214	1541.96696	1550.09896	1555.51906	1562.31825	1563.69620	1579.70280	1529.02012
1.799982	1	22	1	0	1546.15822	1500.20037	1501.13258	1502.78890	1503.52340	1512.61935	1515.12383	1518.66263	1520.10908	1527.20802	1529.97422	1533.41646	1534.59394	1536.23784	1538.19398	1542.71453	1545.03767	1560.85021	1570.26844	1571.34921	1572.50043	1574.51359	1576.53675	1529.02411
1.819982	1	26	1	0	1546.15609	1500.33452	1501.23886	1501.41040	1502.75750	1504.20471	1505.09051	1509.62748	1510.98362	1517.15791	1524.83568	1526.83698	1527.63066	1528.13917	1529.89543	1534.99118	1536.47602	1540.99476	1543.40065	1555.21201	1558.27178	1561.16960	1563.85626	1566.59649	1568.32971	1573.42222	1579.08641	1529.02012
1.839982	1	25	1	0	1546.15609	1500.62266	1500.83051	1502.13658	1502.44486	1503.04051	1504.67786	1509.99836	1511.38526	1513.52962	1514.77785	1515.74471	1516.48744	1517.65834	1523.02122	1525.67081	1530.71687	1532.48289	1536.43302	1538.89438	1554.15293	1555.03818	1560.29140	1567.93642	1570.03711	1578.60970	1529.02221
1.859981	1	23	1	0	1546.14948	1500.71769	1501.89829	1504.97577	1510.51133	1511.71203	1513.81745	1519.92986	1521.77933	1524.77556	1525.83567	1529.41676	1531.49037	1532.36985	1535.16975	1538.03259	1543.19382	1545.16132	1556.38874	1557.07289	1558.07200	1563.31676	1564.05693	1573.97194	1529.02221
1.879981	1	21	1	0	1546.15822	1501.01734	1502.05659	1502.13676	1501.81228	1502.77183	1516.55457	1523.90440	1524.78936	1531.85834	1534.53343	1535.54523	1538.64564	1544.93868	1546.96590	1551.55251	1552.59493	1556.40627	1558.47872	1571.39760	1577.22518	1579.98266	1529.02202
1.899981	1	23	1	0	1546.14890	1502.14795	1501.87481	1504.24703	1505.00210	1505.60126	1513.73938	1519.14810	1522.60357	1524.73284	1526.52391	1528.70482	1538.03510	1543.00679	1545.05883	1546.61943	1547.69261	1548.40890	1552.53946	1559.00244	1561.04833	1563.86819	1569.49153	1579.12210	1529.02221
1.919981	1	24	1	0	1546.15395	1500.00661	1500.38449	1501.27184	1501.53816	1503.04878	1504.69461	1514.57415	1516.58580	1517.13900	1519.53438	1522.59471	1524.78199	1526.78713	1527.27269	1533.12400	1536.75536	1540.21549	1546.78088	1550.39774	1560.85259	1566.18173	1569.03521	1576.80073	1578.45512	1529.02202
1.939981	1	20	1	0	1546.15900	1500.11840	1500.76586	1501.64651	1504.31529	1512.00493	1512.64781	1518.00245	1522.46579	1524.65421	1537.38910	1538.91614	1541.35765	1545.07047	1547.77812	1550.45012	1556.48624	1558.89870	1560.79336	1566.03236	1576.21650	1529.01822
1.959980	1	24	1	0	1546.14734	1500.53167	1502.21529	1502.10630	1502.23253	1502.78082	1504.86657	1509.61358	1513.68162	1517.73400	1519.99129	1522.02227	1524.77178	1525.64450	1529.56493	1530.93047	1532.46341	1535.21018	1536.02775	1536.90285	1544.04628	1549.47130	1554.65605	1567.00148	1572.71177	1529.02601
1.979980	1	16	1	0	1546.15764	1500.09827	1501.40050	1511.08294	1513.10395	1521.70137	1529.40097	1541.38005	1543.54457	1548.78543	1552.33762	1553.38757	1555.10681	1565.28813	1572.94208	1577.74598	1578.51873	1529.01993
1.999980	1	17	1	0	1546.15453	1501.54971	1504.57551	1515.19252	1517.67088	1518.84905	1524.74758	1528.19955	1534.20916	1537.82316	1538.93443	1547.02272	1560.15938	1563.60793	1574.44727	1577.14164	1578.40062	1579.49668	1529.02221
2.019980	1	25	1	0	1546.15395	1500.18701	1500.90633	1501.92672	1503.19134	1504.74763	1514.24147	1516.12738	1529.03989	1530.66753	1531.74673	1538.68221	1539.76099	1542.52046	1544.79237	1545.66641	1550.13237	1552.56612	1554.03844	1555.27200	1561.88929	1562.42960	1565.16363	1567.60188	1572.12956	1579.76936	1529.02202
2.039979	1	17	1	0	1546.15336	1500.01539	1502.32869	1504.06307	1511.60371	1512.25685	1518.36058	1519.48106	1524.73870	1526.48582	1554.07457	1555.63220	1558.85621	1560.71533	1570.86171	1574.35154	1576.38783	1578.30117	1529.02202
2.059979	1	18	1	0	1546.15336	1502.44615	1503.93009	1512.26131	1513.96839	1522.19708	1524.71715	1526.61183	1528.01063	1531.70552	1534.08878	1536.31134	1539.00337	1545.05669	1545.63591	1551.80290	1552.38876	1563.56341	1569.64978	1529.02221
2.079979	1	20	1	0	1546.15181	1500.94205	1502.12722	1502.40485	1502.33456	1502.84050	1504.72001	1520.64963	1522.62996	1524.38038	1527.16763	1527.69347	1531.23410	1533.79243	1534.64985	1545.48674	1549.70890	1552.31999	1557.26491	1566.91184	1572.65566	1529.02221
2.099979	1	22	1	0	1546.16056	1500.32903	1501.73232	1502.05659	1504.41668	1512.41436	1516.34795	1522.71329	1524.90922	1534.07156	1535.62307	1541.04284	1542.37499	1543.55987	1544.95227	1547.09745	1548.40987	1551.27599	1553.35617	1560.65868	1563.17866	1564.00880	1577.04679	1529.02411
2.119979	1	30	1	0	1546.15822	1501.15365	1501.42359	1502.40926	1502.64128	1503.45300	1505.95043	1509.61932	1510.50149	1510.91011	1515.18561	1517.29379	1518.29685	1519.15542	1523.85795	1524.78841	1527.88592	1531.17139	1535.19293	1538.56595	1541.79782	1544.57566	1546.03577	1550.66613	1556.94417	1559.48399	1562.77266	1566.14304	1569.52939	1571.12499	1575.74273	1529.02202
2.139978	1	22	1	0	1546.16269	1501.58802	1501.74222	1502.39090	1504.44428	1509.58023	1517.45198	1522.91410	1524.01732	1524.55460	1526.10169	1529.32984	1531.41752	1535.28588	1537.71568	1538.64775	1541.12915	1545.41450	1553.15471	1554.73152	1560.62383	1568.28391	1579.54435	1529.02202
2.159978	1	24	1	0	1546.15336	1500.36033	1500.87721	1502.68387	1503.38776	1504.82219	1506.12784	1513.11902	1514.78307	1516.01076	1522.29242	1524.87576	1528.36040	1531.09266	1535.29221	1536.82487	1537.64878	1549.61713	1550.55275	1551.15957	1556.49235	1568.80184	1573.26824	1574.43659	1575.64946	1529.02202
2.179978	1	22	1	0	1546.15900	1501.89884	1501.54586	1501.59297	1504.36350	1505.18353	1510.21956	1513.40856	1523.32417	1523.92026	1526.08275	1535.04846	1537.06861	1538.56383	1541.76709	1544.79683	1550.83527	1556.41316	1557.71679	1558.50953	1560.79118	1569.59589	1575.84630	1529.02202
2.199978	1	22	1	0	1546.15822	1501.16153	1501.91938	1502.10153	1502.33566	1502.87594	1504.43674	1506.25162	1516.03823	1517.14087	1520.35788	1521.60272	1524.25210	1524.80240	1529.17563	1532.85056	1534.03597	1535.48235	1543.62303	1548.44808	1552.04044	1558.69500	1573.50616	1529.02221
2.219978	1	23	1	0	1546.16056	1500.09260	1500.64573	1501.89682	1502.16079	1505.65932	1518.80460	1519.69341	1523.77771	1524.74947	1532.72047	1535.23605	1535.79048	1539.98058	1540.63223	1543.88249	1545.11220	1552.55279	1555.41303	1559.73912	1561.93035	1565.99029	1572.74636	1575.35923	1529.02031
2.239978	1	27	1	0	1546.15239	1501.06461	1501.75597	1501.66283	1501.94194	1509.77740	1512.79517	1513.79136	1519.33765	1522.77381	1525.57429	1526.28994	1530.02523	1530.94571	1532.04477	1533.81615	1535.17396	1539.26417	1542.55760	1543.43493	1546.71415	1550.87047	1556.80168	1561.54364	1565.05946	1566.56257	1570.18865	1573.43248	1529.02202
2.259977	1	20	1	0	1546.15609	1500.15005	1502.11547	1502.30538	1502.60566	1502.79294	1503.36203	1513.43891	1517.75460	1518.76221	1520.06925	1524.88578	1529.05167	1529.69867	1533.36981	1534.78774	1536.50404	1538.22073	1543.71894	1552.49654	1564.57585	1529.02601
2.279977	1	22	1	0	1546.15764	1502.37016	1502.87154	1503.99023	1511.97370	1512.57600	1514.04723	1515.58519	1516.13261	1517.90352	1520.56916	1521.01654	1523.32417	1524.83870	1526.77538	1528.41757	1538.77847	1539.83790	1541.74544	1545.26771	1554.74312	1560.29853	1563.06840	1529.02202
2.299977	1	19	1	0	1546.16056	1502.22703	1502.50892	1502.40742	1503.34292	1506.27394	1510.85629	1511.74678	1517.21068	1524.76441	1526.55290	1530.74792	1533.86971	1534.70960	1550.79166	1555.94650	1556.53411	1560.20510	1562.45560	1563.36207	1529.02411
2.319977	1	18	1	0	1546.15453	1500.98162	1501.87811	1504.87136	1510.47960	1513.33984	1523.79602	1531.25679	1532.98354	1535.09540	1545.49335	1546.17202	1547.41571	1550.49156	1562.20672	1563.27384	1575.54389	1576.42985	1579.51797	1529.02411
2.339977	1	23	1	0	1546.15239	1500.20806	1502.42614	1502.49369	1503.05098	1503.43481	1504.49986	1510.79467	1518.50156	1520.23911	1521.30628	1523.46570	1528.54332	1534.11462	1535.00765	1540.23342	1541.17376	1541.90413	1544.12246	1552.42188	1558.83389	1561.43539	1567.97100	1572.17076	1529.02031
2.359976	1	24	1	0	1546.16269	1502.19712	1501.83245	1504.13278	1509.68159	1512.27489	1512.86179	1516.34889	1517.52444	1524.78841	1526.96380	1527.67544	1529.89124	1532.23698	1532.89699	1538.76846	1540.11403	1541.92288	1544.93907	1546.76998	1551.77647	1562.77743	1564.47395	1571.99372	1573.28474	1529.02221
2.379976	1	19	1	0	1546.15181	1503.39493	1505.95412	1510.56068	1516.45079	1518.91095	1524.78199	1525.66626	1526.59629	1527.45213	1535.11973	1540.91965	1544.52755	1545.44557	1547.45504	1551.16172	1552.91977	1554.86655	1557.07840	1571.22213	1529.02202
2.399976	1	24	1	0	1546.16697	1501.26689	1502.53150	1502.61833	1502.93196	1504.59999	1505.10893	1514.22115	1515.92144	1524.80618	1525.62879	1530.01476	1530.90855	1531.90089	1533.01756	1534.91052	1541.46602	1544.82535	1551.42725	1558.76889	1559.38216	1561.72586	1566.93839	1572.59835	1577.27170	1529.02411
2.419976	1	19	1	0	1546.15822	1501.21302	1501.63239	1501.61901	1501.91700	1502.74961	1504.85423	1512.10364	1513.83384	1515.48098	1524.80146	1530.40106	1531.75722	1534.20571	1536.04080	1544.68915	1551.79194	1564.68493	1568.04277	1569.73412	1529.02012
2.439976	1	27	1	0	1546.15395	1500.29169	1501.76258	1502.11474	1502.37585	1504.05571	1504.29799	1510.21177	1515.06820	1516.91951	1521.39642	1522.47107	1524.76270	1526.05813	1536.61539	1537.84085	1538.84817	1540.82448	1545.65980	1554.77613	1557.17362	1560.52620	1561.40704	1562.97405	1568.04277	1570.76099	1575.30354	1579.42142	1529.02202
2.459975	1	24	1	0	1546.15550	1501.03529	1502.30134	1503.02894	1505.98510	1511.20493	1512.66344	1516.28869	1517.12010	1517.91664	1519.22260	1520.96669	1521.98855	1535.95409	1539.66210	1541.06002	1549.05014	1552.94487	1554.37960	1560.95164	1569.94972	1571.12117	1575.16594	1578.88714	1579.48552	1529.01822
2.479975	1	14	1	0	1546.15181	1502.12025	1502.27547	1501.76001	1514.54785	1522.44430	1529.31577	1534.93868	1539.30059	1543.08074	1549.21737	1555.82800	1558.72562	1565.78932	1578.87822	1529.02012
2.499975	1	18	1	0	1546.15822	1501.19469	1505.93107	1509.58578	1510.07586	1511.01536	1515.63057	1516.47136	1517.13320	1518.72170	1520.05422	1524.86158	1529.02392	1534.60236	1538.58539	1539.65458	1540.22204	1543.12198	1553.17158	1529.02392
2.519975	1	23	1	0	1546.15395	1500.42549	1501.62671	1502.80065	1512.54829	1513.29496	1514.31493	1514.85117	1516.43303	1518.89726	1521.94260	1523.15721	1526.08843	1531.02290	1533.84389	1535.02987	1539.88148	1543.19149	1546.48835	1547.98033	1552.31333	1556.56366	1565.09550	1578.34897	1529.02411
2.539974	1	22	1	0	1546.15609	1500.12114	1501.23556	1502.17253	1501.71728	1502.18978	1503.35487	1505.71941	1506.19812	1512.87668	1520.80307	1530.14306	1530.91484	1531.46539	1537.73721	1538.96312	1539.62220	1551.68719	1563.58885	1564.64094	1566.83499	1567.60367	1575.10018	1529.02601
2.559974	1	14	1	0	1546.15395	1501.77853	1502.31566	1502.87631	1503.53976	1510.06992	1512.47909	1515.34038	1524.62510	1527.78058	1530.73326	1539.37592	1540.35804	1544.76171	1567.51896	1529.02202
2.579974	1	23	1	0	1546.16425	1501.40215	1502.06888	1501.55631	1510.16578	1510.84812	1512.85007	1518.86612	1519.82205	1520.84350	1522.64316	1524.78577	1530.30147	1533.09209	1537.23230	1538.13223	1538.78059	1540.08819	1545.34071	1549.18263	1559.09493	1563.87714	1571.90391	1573.41980	1529.02202
2.599974	1	21	1	0	1546.16056	1500.67741	1501.30061	1502.49093	1503.34807	1504.36810	1505.02163	1505.69932	1510.81434	1513.48268	1513.93783	1521.27448	1527.93261	1530.03703	1533.31877	1538.03509	1542.73310	1550.91213	1555.30445	1558.26053	1563.86342	1577.77513	1529.02202
2.619974	1	21	1	0	1546.15336	1500.31878	1501.80861	1501.70115	1505.85233	1511.84155	1512.33272	1515.33272	1517.82166	1524.65099	1526.12649	1527.22528	1527.68948	1531.71830	1540.89783	1551.91687	1560.51908	1562.51257	1566.16857	1570.30472	1574.66034	1577.62293	1529.02221
2.639974	1	24	1	0	1546.15395	1502.31658	1504.91684	1509.64452	1511.77391	1513.35921	1518.94397	1524.76913	1526.96001	1528.13328	1533.23256	1539.52295	1543.83462	1547.18931	1547.71871	1548.84823	1550.96728	1553.75435	1555.39276	1556.43306	1561.64535	1563.71071	1569.09826	1569.92768	1579.14521	1529.02601
2.659973	1	21	1	0	1546.15181	1500.18939	1501.81337	1504.50446	1515.88706	1519.48162	1521.36650	1522.66333	1532.13638	1537.26919	1539.99100	1543.71680	1545.63144	1548.52626	1551.62611	1553.73845	1559.40332	1560.75791	1571.84766	1572.75702	1575.66117	1579.11825	1529.02601
2.679973	1	18	1	0	1546.15609	1502.77348	1510.08865	1512.25666	1512.77675	1518.14298	1519.91634	1520.73067	1524.78104	1529.08761	1536.43609	1538.19264	1548.61518	1553.45211	1563.41453	1574.39869	1577.37082	1579.15799	1574.89425	1529.02202
2.699973	1	19	1	0	1546.14948	1502.49112	1502.76889	1502.31346	1502.49919	1513.55830	1521.61270	1522.53552	1526.91527	1528.62293	1534.19614	1535.49539	1548.63994	1550.16715	1555.55605	1566.18053	1569.74894	1571.06357	1577.10584	1578.27787	1529.02411
2.719973	1	21	1	0	1546.15978	1501.60251	1501.96560	1503.59858	1512.08542	1519.91258	1520.63252	1524.78293	1531.58840	1535.69997	1538.20630	1541.72805	1547.66340	1550.43488	1551.49184	1553.05625	1553.94556	1560.24014	1561.12224	1564.03784	1572.37819	1574.40474	1529.02221
2.739972	1	19	1	0	1546.14948	1500.63548	1501.70848	1501.95423	1504.12892	1509.76331	1511.67580	1518.82279	1521.74750	1524.11081	1525.53228	1526.38124	1535.20405	1536.21155	1538.83854	1545.98544	1548.42742	1552.28668	1557.03090	1564.58321	1529.02601
2.759972	1	21	1	0	1546.16425	1502.21437	1501.85225	1504.74855	1510.63434	1511.15944	1517.46565	1523.99353	1524.75060	1528.01898	1529.84671	1531.90508	1535.69556	1537.42888	1538.59790	1545.41664	1548.33268	1552.61100	1555.77624	1558.88921	1565.20386	1575.90708	1529.02012
2.779972	1	30	1	0	1546.15978	1502.78798	1506.28907	1510.28150	1510.75328	1512.93214	1514.57526	1515.81737	1519.13459	1524.78936	1525.54817	1526.79471	1529.17392	1532.49205	1534.35558	1538.15474	1538.85895	1548.79830	1549.97472	1551.14197	1552.12036	1558.19656	1560.19045	1563.69859	1566.04612	1568.74581	1569.79723	1570.67413	1571.29179	1572.69990	1577.75064	1529.02411
2.799972	1	19	1	0	1546.15395	1503.61623	1505.10211	1513.89869	1517.45722	1529.42094	1532.82917	1533.39945	1535.83152	1537.48654	1539.73091	1550.80144	1553.77005	1565.13713	1568.79943	1570.87113	1573.03080	1574.20544	1576.96934	1578.05693	1529.02392
2.819972	1	19	1	0	1546.14889	1500.33251	1501.59847	1502.19639	1502.79092	1504.68687	1506.18816	1511.34607	1513.94286	1515.47650	1517.14967	1520.86005	1521.85559	1524.79862	1532.13027	1547.29792	1550.80692	1554.46859	1568.29111	1573.67267	1529.02012
2.839972	1	14	1	0	1546.15239	1502.06484	1501.93919	1501.61112	1524.82282	1530.14706	1531.69541	1536.48350	1539.84388	1541.53345	1543.69200	1549.39946	1562.01585	1567.06458	1578.91005	1529.02012
2.859971	1	13	1	0	1546.15920	1501.32150	1503.46697	1504.07778	1505.88313	1516.36254	1517.14237	1524.65855	1529.53963	1533.30061	1548.74623	1549.58238	1550.71638	1574.51278	1529.02202
2.879971	1	23	1	0	1546.15395	1501.58821	1502.16024	1502.43972	1502.77586	1504.66754	1510.55734	1511.81516	1512.96583	1523.15117	1523.74070	1525.90288	1531.00746	1531.80091	1536.03216	1544.01119	1544.58885	1548.46758	1551.01501	1551.97424	1560.43275	1561.17911	1563.36207	1574.96443	1529.02411
2.899971	1	18	1	0	1546.15609	1501.01661	1501.90177	1502.07915	1502.04375	1504.97264	1513.67324	1514.42662	1517.43139	1522.01153	1523.47325	1524.40419	1526.70089	1537.43676	1559.51405	1564.43156	1566.99430	1568.53293	1570.97206	1529.01993
2.919971	1	22	1	0	1546.15764	1500.82299	1502.27987	1505.82837	1509.76999	1512.26466	1514.88942	1515.83942	1521.12847	1522.94125	1524.77083	1534.39846	1536.23957	1540.06659	1541.94086	1544.67421	1547.75942	1551.36345	1554.92297	1557.61144	1567.66921	1575.14335	1579.08601	1529.02202
2.939970	1	18	1	0	1546.14948	1500.20604	1502.13089	1502.16061	1501.65054	1502.13749	1509.88972	1511.06902	1511.90735	1515.54074	1516.04534	1524.73945	1532.32517	1534.57441	1549.31299	1551.59088	1562.12517	1573.02375	1576.46703	1529.02012
2.959970	1	16	1	0	1546.15822	1501.48426	1510.28243	1510.90956	1515.74769	1518.32628	1524.52304	1535.57687	1540.54674	1546.12324	1549.68684	1555.78648	1560.79098	1566.66194	1570.52210	1573.10222	1579.30521	1529.01822
2.979970	1	24	1	0	1546.15822	1501.87298	1502.89964	1504.00862	1504.55213	1505.33884	1506.18023	1511.21756	1511.68825	1520.35957	1522.28658	1524.76800	1526.74088	1528.59139	1532.98565	1537.32760	1540.63069	1544.00460	1557.01276	1558.89968	1559.76286	1560.60501	1562.01109	1566.04113	1578.63179	1529.02411
2.999970	1	22	1	0	1546.15395	1500.37003	1500.93564	1501.31381	1502.03476	1502.29235	1502.58143	1503.25785	1504.60496	1505.24488	1510.59723	1512.25666	1524.74134	1534.97316	1535.96924	1538.33944	1545.99865	1549.22732	1557.51537	1569.39079	1571.35443	1572.53320	1576.52281	1529.01822
3.019970	1	24	1	0	1546.16483	1500.49395	1501.41626	1502.39237	1503.85267	1505.22645	1506.13577	1512.44691	1518.25711	1520.21637	1520.74985	1525.34364	1527.06675	1528.18170	1529.04787	1534.66096	1549.49765	1552.11820	1554.68966	1555.97642	1558.27178	1561.41577	1567.24909	1568.01418	1579.26728	1529.02411
3.039969	1	22	1	0	1546.15686	1500.45441	1501.95826	1502.43789	1502.76833	1504.40637	1512.21297	1520.58514	1522.30335	1523.39248	1524.24624	1525.44732	1528.56308	1532.03389	1537.24671	1540.65172	1557.07761	1568.08456	1569.59589	1572.36191	1573.24932	1575.90950	1579.84119	1529.02392
3.059969	1	21	1	0	1546.16328	1501.56126	1501.77211	1502.78761	1503.57358	1504.25678	1516.25710	1518.91095	1522.40737	1522.82943	1541.36054	1544.99671	1546.48407	1553.28594	1554.47783	1555.37132	1556.54258	1571.84063	1572.53803	1573.07848	1577.35241	1578.24871	1529.02221
3.079969	1	23	1	0	1546.15239	1501.66283	1502.52581	1502.83866	1503.84936	1509.75924	1511.26472	1515.55773	1517.22510	1521.52065	1524.84607	1525.76582	1536.30654	1542.57076	1546.04996	1549.05756	1553.51687	1554.90096	1557.52248	1558.38452	1563.67950	1566.25453	1577.17157	1579.90248	1529.02221
3.099969	1	24	1	0	1546.16056	1500.43830	1500.79882	1502.18281	1501.71178	1501.94194	1501.95826	1504.99676	1511.40977	1516.55158	1521.22706	1524.83208	1526.49416	1534.66881	1535.82001	1539.97596	1540.84822	1542.98607	1543.95672	1545.69263	1546.75033	1549.83467	1550.88221	1555.04546	1571.19564	1529.02411
3.119969	1	22	1	0	1546.15686	1500.78600	1501.52514	1502.46267	1502.46267	1504.27370	1505.42415	1509.57856	1510.23087	1515.90780	1516.43527	1524.74399	1530.12079	1533.94279	1534.87738	1545.26771	1546.47551	1550.58500	1551.33547	1551.99853	1561.10341	1568.04337	1579.44373	1529.02221
3.139968	1	28	1	0	1546.15822	1501.06350	1501.70096	1502.26061	1501.55356	1501.89939	1503.23745	1503.91133	1505.55647	1506.09391	1510.78669	1511.42482	1517.32618	1518.01743	1519.26238	1520.62895	1521.77047	1523.83038	1524.78104	1526.36514	1527.79424	1529.47001	1542.90264	1543.79024	1549.40375	1559.53284	1570.42965	1572.91894	1575.16594	1529.02031
3.159968	1	23	1	0	1546.16056	1510.14965	1518.47062	1519.33408	1524.05320	1525.52831	1526.09203	1527.79424	1537.56035	1539.93681	1542.27286	1544.29774	1555.59540	1560.15503	1560.97324	1562.38930	1564.69607	1568.17693	1569.81426	1570.97206	1572.92538	1574.54967	1576.15711	1576.95175	1529.02202
3.179968	1	29	1	0	1546.15453	1500.79882	1502.16960	1501.68666	1502.40265	1511.20140	1512.48076	1515.53644	1516.68212	1518.18290	1523.97086	1526.59648	1527.92084	1531.99687	1533.33368	1534.00497	1536.91149	1538.02125	1538.64140	1539.87203	1541.51838	1545.37508	1550.75334	1553.60930	1554.52361	1558.69026	1562.06942	1565.51786	1571.02123	1578.08690	1529.02031
3.199968	1	15	1	0	1546.16269	1500.91054	1501.44595	1501.78495	1502.48487	1503.08882	1504.15945	1510.04600	1516.02982	1520.34999	1524.76913	1536.60886	1540.29901	1562.68629	1571.74481	1579.78681	1529.02202
3.219968	1	21	1	0	1546.16056	1501.30757	1502.29235	1502.76191	1504.06840	1504.82514	1505.95817	1512.98630	1522.89241	1524.05301	1524.76251	1527.70277	1528.54788	1530.08557	1531.26461	1532.38665	1541.94086	1551.30905	1552.67921	1561.84486	1567.22493	1571.12599	1529.02202
3.239967	1	24	1	0	1546.15609	1500.28730	1501.33653	1501.90269	1502.38925	1505.93328	1512.04583	1514.94223	1515.81084	1516.44443	1521.81133	1524.00920	1524.90487	1535.14119	1545.55472	1552.80565	1554.28668	1555.94157	1557.07761	1559.53126	1563.24522	1565.06702	1574.75490	1576.80659	1579.17137	1529.02601
3.259967	1	18	1	0	1546.15609	1500.50091	1503.42066	1509.87582	1511.32638	1515.18057	1516.59964	1517.51209	1519.39752	1524.81261	1538.41718	1540.62432	1542.18622	1553.23317	1562.31289	1566.83419	1569.16092	1576.22822	1577.92756	1529.02411
3.279967	1	20	1	0	1546.15395	1501.06222	1502.55977	1502.42963	1502.54288	1505.18814	1512.12000	1514.81180	1524.31444	1524.91470	1535.15633	1540.27818	1542.74936	1545.04873	1546.62798	1548.90870	1557.56923	1560.34564	1561.69989	1567.30002	1575.22344	1529.01822
3.299967	1	27	1	0	1546.15764	1500.90102	1501.38217	1501.82750	1502.23272	1502.13125	1503.03629	1503.87014	1512.01255	1513.42383	1518.99068	1522.88336	1524.23774	1525.72210	1528.91691	1529.43901	1530.95600	1531.85719	1541.41289	1547.69261	1552.69058	1554.93968	1557.63018	1559.90016	1566.39756	1569.41382	1570.50565	1574.70752	1529.02202
3.319967	1	25	1	0	1546.15609	1500.64298	1501.56309	1502.60015	1503.39052	1504.81777	1513.71720	1514.95007	1521.30459	1524.72830	1528.36040	1529.46107	1534.08362	1535.47603	1536.43820	1543.21105	1546.63090	1547.18698	1549.38482	1562.71706	1566.53583	1568.70699	1579.12210	1579.84119	1566.20367	1569.82889	1529.02202
3.339967	1	23	1	0	1546.15609	1500.82867	1502.28465	1505.14411	1509.69734	1511.16556	1513.04661	1515.36017	1519.48444	1524.76611	1527.02143	1527.95710	1529.47401	1530.99717	1531.90222	1537.41793	1545.30926	1547.55863	1548.63916	1567.43605	1568.39091	1571.00337	1574.17239	1579.73851	1529.02202
3.359966	1	21	1	0	1546.15609	1500.44965	1502.31456	1502.69893	1504.61453	1505.53656	1511.35572	1513.14490	1515.32731	1516.52054	1516.98443	1523.13363	1524.86725	1526.46877	1533.58148	1534.63683	1542.98956	1544.19497	1566.14304	1574.95031	1575.87134	1578.75479	1529.02411
3.379966	1	22	1	0	1546.15822	1500.18720	1500.43190	1501.39573	1501.67071	1501.84455	1503.24847	1504.25365	1505.36482	1518.39751	1519.04096	1524.71979	1528.23088	1528.98837	1530.93657	1533.60442	1537.06650	1547.70917	1549.09014	1564.37325	1566.56496	1568.27391	1572.05662	1529.02392
3.399966	1	21	1	0	1546.15822	1502.42357	1505.11003	1512.61507	1519.39396	1520.64286	1522.31710	1524.74229	1526.04469	1529.39298	1543.53372	1544.18838	1552.12036	1556.56209	1561.61938	1564.20772	1568.80664	1573.92219	1575.74071	1576.83570	1578.55519	1579.26282	1529.02392
3.419966	1	16	1	0	1546.15395	1501.08091	1514.76610	1516.03300	1517.80630	1522.15055	1536.84004	1540.46705	1547.07993	1555.06335	1557.53175	1559.56211	1563.46700	1565.62727	1569.69285	1575.86024	1578.87822	1529.02012
3.439965	1	21	1	0	1546.15103	1500.68198	1500.99884	1501.96670	1502.00999	1502.24116	1502.73932	1514.71647	1517.16839	1528.43771	1529.69715	1534.23576	1534.78334	1538.37369	1541.00171	1549.76983	1551.66448	1552.98193	1553.83876	1565.06941	1569.68123	1577.83059	1529.02392
3.459965	1	26	1	0	1546.15609	1501.57666	1503.33484	1503.78206	1504.14915	1515.44737	1516.39862	1519.92892	1524.12006	1524.70240	1528.98647	1531.06197	1534.05798	1536.18354	1537.94797	1543.78869	1547.39624	1550.14038	1553.94124	1558.88091	1560.55551	1562.03490	1564.15261	1569.31910	1570.10666	1575.87599	1578.29205	1529.02202
3.479965	1	25	1	0	1546.16056	1501.51029	1502.18593	1501.93864	1502.55004	1512.48095	1519.67576	1524.68823	1529.41504	1531.77897	1534.24858	1535.02911	1536.29138	1537.26381	1537.93931	1538.51648	1544.54365	1549.24566	1550.87712	1551.69874	1554.15980	1556.48664	1558.79615	1565.07181	1570.40618	1572.95213	1529.02411
3.499965	1	15	1	0	1546.15181	1500.26094	1500.65141	1502.10153	1505.10064	1517.28125	1520.34961	1523.94877	1526.85044	1527.61700	1528.36800	1531.96138	1557.46863	1568.76522	1571.88121	1573.97678	1529.02031
3.519965	1	22	1	0	1546.15609	1500.06350	1502.59428	1502.44651	1502.93343	1510.00336	1515.34168	1524.77556	1526.17725	1533.06476	1534.23442	1535.86106	1541.15735	1541.65673	1547.76234	1551.09619	1553.62755	1565.15406	1569.52298	1573.06420	1578.50070	1579.09533	1579.77362	1529.02221
3.539965	1	23	1	0	1546.15550	1505.32723	1510.85851	1511.59108	1513.24525	1521.25002	1524.81167	1525.78835	1527.06561	1529.06365	1533.70712	1535.22532	1536.03216	1537.39429	1538.68221	1541.43028	1549.04585	1552.48850	1554.87245	1556.59223	1557.31796	1558.81038	1562.00673	1573.77114	1529.02240
3.559964	1	23	1	0	1546.15181	1501.80640	1501.91846	1503.67450	1513.47933	1517.46565	1519.42005	1520.41727	1521.85973	1523.16815	1524.82830	1527.33054	1535.84226	1542.10539	1546.86375	1548.77236	1550.12162	1553.53296	1555.39906	1565.50231	1574.73615	1575.86730	1577.26482	1579.82171	1529.02411
3.579964	1	24	1	0	1546.16056	1501.45622	1501.86692	1502.17474	1501.96248	1501.97019	1505.62135	1514.01498	1516.92718	1517.38346	1520.57800	1529.54819	1532.74721	1539.59020	1540.51992	1541.94666	1543.04338	1545.38382	1550.68803	1556.91381	1558.79378	1562.54830	1563.54651	1572.49801	1576.08763	1529.02202
3.599964	1	22	1	0	1546.15764	1501.22144	1501.88288	1502.39916	1505.52882	1515.04637	1516.15149	1516.80931	1518.19864	1521.01240	1523.92573	1524.67651	1525.52566	1526.63817	1537.28437	1550.25645	1553.19060	1555.75007	1558.81038	1567.02344	1568.24992	1574.90070	1579.87163	1529.02202
3.619964	1	17	1	0	1546.16056	1500.19525	1502.21272	1505.14411	1510.57162	1524.76441	1528.90949	1532.61141	1541.79511	1545.03340	1549.91162	1550.51971	1558.47398	1561.62176	1564.67219	1566.94578	1567.96241	1572.08455	1529.01822
3.639963	1	20	1	0	1546.15395	1500.35410	1501.95698	1502.53278	1503.05851	1504.63920	1510.06677	1518.75471	1519.39583	1522.56719	1524.80335	1525.75825	1530.37859	1531.58840	1546.23481	1549.29562	1551.50417	1559.98504	1561.31388	1562.18787	1566.83978	1529.02012
3.659963	1	23	1	0	1546.15181	1500.27211	1501.02760	1502.49772	1505.58393	1510.84441	1513.74236	1517.55871	1518.61518	1526.14733	1528.76126	1529.29238	1536.00607	1544.48605	1546.93807	1547.46146	1549.52810	1553.61833	1555.34831	1557.64182	1558.45285	1564.14565	1566.56735	1579.55104	1529.02202
3.679963	1	24	1	0	1546.15822	1500.71000	1501.89829	1501.61662	1502.05842	1502.99973	1510.40077	1511.33474	1516.83494	1521.15839	1522.32294	1523.55289	1524.72452	1527.02731	1527.71833	1531.89879	1532.57321	1534.17260	1548.99805	1557.01907	1559.86672	1563.03264	1566.09458	1569.07404	1575.56024	1529.02202
3.699963	1	23	1	0	1546.15550	1501.08091	1511.60966	1513.71031	1517.13975	1517.61807	1523.43475	1524.87840	1529.01803	1531.06807	1531.86139	1533.29411	1535.73889	1537.31012	1544.53493	1551.22531	1555.73846	1556.93924	1557.90740	1564.58560	1567.93083	1569.50455	1570.52891	1577.44487	1529.02202
3.719963	1	25	1	0	1546.15453	1500.31640	1500.94681	1502.43348	1502.48781	1504.89658	1505.77048	1509.70012	1512.24327	1513.97174	1516.72663	1519.19914	1520.34040	1522.61450	1524.82641	1526.48090	1526.95034	1539.60061	1540.53169	1541.26647	1543.22422	1545.08153	1560.20708	1561.78814	1564.36828	1571.67070	1529.02012
3.739963	1	24	1	0	1546.15822	1501.70041	1502.01550	1502.47606	1502.67304	1504.62079	1505.70135	1513.27150	1516.15729	1516.68736	1522.38400	1522.95219	1524.80051	1526.74278	1535.80774	1537.34471	1538.94309	1541.19095	1545.52869	1546.88126	1547.76877	1554.03961	1555.54916	1564.15042	1578.43019	1529.02202
3.759962	1	25	1	0	1546.15609	1501.11334	1502.01971	1501.76258	1502.18281	1502.88788	1504.20232	1510.34234	1511.24040	1512.10178	1516.81755	1518.35889	1519.66562	1520.54284	1522.85451	1530.82204	1534.91052	1544.46626	1560.29219	1561.22291	1565.91571	1567.21035	1568.73360	1569.94692	1572.87609	1579.94571	1529.02202
3.779962	1	29	1	0	1546.15609	1500.56444	1501.78403	1502.20813	1502.26061	1501.73232	1505.00744	1510.21085	1511.40327	1513.37504	1514.76684	1516.51324	1517.86999	1521.90662	1524.84040	1530.25482	1535.47372	1539.18866	1541.17685	1542.48351	1548.41533	1549.37389	1554.06004	1556.75990	1565.49036	1569.86275	1573.01168	1577.34776	1578.49259	1579.97169	1529.02202
3.799962	1	25	1	0	1546.15181	1502.17895	1501.95643	1502.98486	1503.47304	1505.47133	1510.26259	1511.89805	1517.93799	1521.67294	1525.92730	1530.34070	1533.43883	1534.75116	1536.37986	1539.08311	1541.13359	1541.96696	1546.59317	1550.71423	1552.30666	1556.84602	1557.70278	1560.64205	1565.81344	1574.86561	1529.02221
3.819962	1	23	1	0	1546.15181	1502.14483	1502.44284	1504.08422	1504.88369	1505.76144	1510.74605	1517.91214	1527.43107	1529.83853	1532.67558	1536.22230	1536.92013	1539.65015	1548.75929	1552.67941	1557.11271	1559.25504	1560.55452	1561.56247	1565.20386	1571.55120	1576.16721	1579.09047	1529.02202
3.839961	1	26	1	0	1546.15609	1500.18774	1501.35596	1501.80384	1503.28669	1503.55906	1504.59888	1506.26232	1513.90894	1521.39304	1523.26248	1523.89269	1530.35707	1530.97659	1531.69255	1533.95791	1535.65893	1537.62725	1550.09037	1552.33096	1561.04654	1569.23901	1573.13321	1573.92702	1575.37114	1577.83059	1579.01971	1529.02202
3.859961	1	21	1	0	1546.15336	1502.96153	1503.95418	1505.64125	1512.13488	1512.66493	1515.41824	1516.91352	1520.09424	1524.01014	1524.81356	1533.08788	1536.61251	1537.68761	1542.09070	1546.82231	1549.59546	1554.66765	1556.23257	1561.45660	1563.51312	1567.83808	1529.02202
3.879961	1	26	1	0	1546.15822	1501.35596	1502.34282	1502.99422	1502.92975	1502.57390	1506.27707	1510.59240	1515.81196	1516.81624	1517.57425	1524.78652	1526.87186	1529.31178	1533.00074	1542.75710	1550.51560	1557.71245	1559.33530	1565.13215	1570.92170	1571.52269	1572.27829	1573.19720	1573.78725	1575.67268	1579.51737	1529.02202
3.899961	1	29	1	0	1546.14520	1501.10418	1501.68226	1502.16648	1505.72974	1506.17248	1515.40236	1519.10532	1520.17973	1522.95408	1524.69125	1525.59870	1530.68829	1532.95603	1536.88114	1538.05337	1539.97827	1542.06034	1543.61315	1545.35527	1552.26885	1553.00546	1554.59258	1557.64202	1560.01551	1562.49828	1569.21418	1571.71368	1576.21185	1579.73181	1529.02221
3.919960	1	26	1	0	1546.16483	1500.63493	1503.78647	1505.05128	1510.14798	1511.68899	1517.08492	1517.59298	1521.60799	1523.03762	1526.35188	1526.91584	1528.08467	1530.84319	1539.90095	1541.29989	1547.36139	1554.68435	1556.62198	1557.76138	1560.26310	1563.85706	1564.68831	1569.03280	1571.29380	1572.13539	1577.69761	1529.02221
3.939960	1	19	1	0	1546.15181	1500.40224	1501.15676	1501.75267	1502.25474	1504.16019	1512.81639	1514.73345	1520.89729	1522.94691	1524.80146	1527.84416	1535.56460	1540.76213	1542.21716	1543.59571	1546.60834	1548.32702	1563.02073	1574.53797	1529.02221
3.959960	1	24	1	0	1546.16211	1501.34111	1501.92048	1501.72113	1502.75052	1503.53038	1504.14676	1510.65697	1512.78996	1515.19756	1522.01341	1524.80146	1530.22531	1542.04391	1543.25268	1546.86686	1547.86695	1550.02902	1553.94674	1556.72463	1561.49150	1562.47704	1566.38499	1574.48758	1575.27993	1529.02411
3.979960	1	22	1	0	1546.15609	1500.16487	1505.56753	1509.67510	1510.19824	1513.79527	1519.67313	1522.49085	1523.79375	1527.17825	1530.51876	1532.60377	1538.00797	1542.41832	1546.67603	1557.39605	1560.07705	1561.38266	1567.40209	1568.89629	1570.40679	1572.74033	1578.41642	1529.02202
3.999960	1	26	1	0	1546.14948	1500.08601	1501.12690	1502.38026	1509.69901	1513.81875	1515.71257	1526.80419	1528.66055	1531.61129	1539.78180	1540.50583	1543.69413	1545.75383	1547.73332	1549.03726	1554.47095	1556.38401	1558.05779	1560.60739	1565.18215	1571.81190	1573.02597	1574.30216	1576.04299	1577.73688	1578.88248	1529.02202
4.019960	1	16	1	0	1546.16328	1500.26753	1502.23088	1502.01715	1517.28818	1521.63586	1524.77272	1528.95093	1529.61420	1531.27357	1535.25541	1554.38412	1555.58143	1564.26820	1565.04751	1574.89384	1576.50421	1529.02012
4.039959	1	25	1	0	1546.15609	1501.78458	1502.12905	1501.80292	1502.12538	1503.13071	1503.41202	1511.74604	1513.17524	1514.69539	1515.87025	1516.65444	1519.77848	1521.71192	1531.15232	1533.33884	1536.96988	1543.35707	1544.48682	1547.76877	1549.52361	1550.77641	1558.55634	1561.51509	1568.91371	1574.53011	1529.02411
4.059959	1	26	1	0	1546.15822	1500.23020	1502.58345	1502.89174	1502.31437	1503.49509	1509.85191	1511.25340	1512.28753	1512.89362	1513.32885	1514.92003	1517.30409	1518.97342	1519.41573	1527.66766	1528.37028	1531.13783	1538.89996	1544.79470	1545.56579	1549.80206	1556.58297	1558.18314	1568.59374	1575.44480	1579.23828	1529.02202
4.079959	1	22	1	0	1546.15686	1500.93949	1501.19084	1502.24813	1502.01366	1503.70980	1510.86018	1524.76157	1526.85783	1527.36032	1541.47027	1542.37943	1544.44221	1545.14811	1547.59874	1551.19890	1554.51634	1558.90917	1560.12415	1571.81994	1573.15454	1575.20811	1576.62810	1529.02601
4.099959	1	23	1	0	1546.15395	1502.10979	1504.06417	1504.63920	1505.54430	1510.88877	1514.00641	1516.76797	1519.10513	1524.75420	1526.25888	1527.21371	1530.80508	1533.36006	1538.49050	1539.56168	1546.73166	1547.50722	1553.30693	1559.01192	1560.53096	1563.54830	1570.77303	1578.88937	1529.02221
4.119959	1	30	1	0	1546.14734	1500.28748	1501.55447	1503.02324	1504.05295	1510.13779	1511.34272	1515.38705	1515.84129	1516.50333	1516.91576	1517.73344	1519.08243	1520.58495	1521.15519	1524.78671	1526.87337	1528.71489	1529.31710	1530.30966	1534.16284	1538.06529	1540.32775	1541.19617	1542.79503	1546.04238	1548.39369	1561.27483	1563.78945	1573.99309	1578.39697	1529.01993
4.139958	1	22	1	0	1546.15764	1500.86842	1502.04026	1502.34172	1503.80302	1504.41999	1505.37624	1511.99508	1516.66659	1518.01106	1524.79503	1526.62850	1531.23201	1537.19886	1537.81489	1542.74975	1544.01991	1553.25769	1563.26668	1570.73210	1573.17587	1575.83459	1577.57659	1529.02810
4.159958	1	25	1	0	1546.15550	1500.83618	1502.09823	1502.48304	1502.51057	1502.59703	1503.83777	1515.64085	1517.36231	1522.84734	1524.73832	1529.87278	1535.16074	1535.85952	1537.99836	1541.08377	1542.16089	1542.75497	1544.76617	1548.45452	1549.13580	1549.71066	1553.38756	1558.86095	1562.42483	1563.29272	1529.02202
4.179958	1	23	1	0	1546.16483	1501.01881	1502.30134	1504.14805	1504.60367	1509.85988	1511.61857	1514.38914	1516.06907	1523.10760	1523.90383	1527.72991	1537.52979	1543.66449	1544.13991	1546.60620	1548.12609	1552.60590	1559.51405	1560.82406	1563.66399	1570.03170	1571.46024	1572.19186	1529.02202
4.199958	1	21	1	0	1546.16056	1500.33342	1502.70848	1503.03831	1505.93476	1513.66821	1515.77553	1516.68885	1517.46060	1522.57209	1524.83208	1527.84378	1529.51699	1532.66718	1535.71281	1538.33944	1542.82445	1550.80477	1555.29973	1566.73718	1572.30945	1575.73889	1529.02202
4.219958	1	21	1	0	1546.15181	1502.20960	1502.70260	1506.14647	1513.53669	1514.66927	1518.26068	1519.14529	1522.16505	1524.76724	1538.53130	1546.53016	1549.70227	1551.45132	1557.73119	1558.55891	1561.01346	1566.30540	1566.99430	1569.87017	1572.05521	1574.99267	1529.02601
4.239957	1	21	1	0	1546.16056	1501.72517	1502.45954	1502.88862	1503.07468	1505.33755	1506.04983	1511.49039	1515.70753	1519.13628	1522.24230	1524.70977	1527.09841	1536.76227	1539.88360	1544.85368	1551.45367	1557.31559	1562.79888	1572.15830	1576.95923	1577.69883	1529.02221
4.259957	1	22	1	0	1546.15453	1501.53174	1502.56069	1506.01774	1513.89701	1516.39414	1517.07799	1523.08591	1524.71356	1527.25410	1532.88438	1540.83529	1545.36188	1548.42722	1556.88819	1558.58675	1560.08418	1562.24006	1565.44273	1568.50032	1573.19720	1576.76939	1578.08467	1529.02411
4.279957	1	24	1	0	1546.15453	1500.46741	1500.71403	1501.88435	1502.90606	1503.80651	1510.12610	1510.62469	1511.96181	1517.94118	1518.97173	1522.74552	1526.58132	1527.73446	1528.54142	1535.48062	1537.48443	1539.05942	1545.58541	1550.33676	1552.36975	1553.53728	1554.98038	1569.44667	1572.21638	1529.02221
4.299957	1	27	1	0	1546.16056	1500.37680	1501.84895	1505.54560	1509.64564	1514.25265	1515.37380	1519.90056	1522.27772	1523.87815	1524.87273	1526.15395	1528.86654	1530.57781	1531.77286	1536.02334	1536.85310	1540.20468	1543.39251	1544.02650	1545.33993	1553.96048	1567.72856	1574.41180	1576.47633	1577.48412	1579.17137	1579.72958	1529.02031
4.319957	1	23	1	0	1546.14948	1500.85102	1505.90267	1511.74604	1512.83016	1520.05122	1520.61315	1524.78293	1527.24197	1530.37459	1538.40640	1540.53516	1541.63084	1542.24733	1548.29915	1550.55529	1551.56993	1553.32046	1554.06239	1561.43698	1563.46521	1565.89817	1576.96470	1579.16752	1529.02202
4.339956	1	27	1	0	1546.15550	1501.87279	1502.28942	1502.33768	1503.21559	1504.63699	1514.62096	1516.12233	1520.64136	1524.81715	1526.06722	1526.64404	1535.36350	1536.97199	1537.83393	1545.59648	1547.26347	1548.37303	1558.01555	1559.27382	1560.71295	1561.97796	1563.50357	1564.51455	1565.91512	1569.33993	1575.03281	1577.29496	1529.02012
4.359956	1	22	1	0	1546.15609	1500.29700	1500.58586	1502.71967	1504.22090	1512.39651	1516.16046	1518.41063	1522.59584	1523.77393	1527.26757	1531.17291	1532.40785	1544.42476	1553.14686	1560.16453	1561.49447	1565.10805	1567.29743	1573.59273	1575.20468	1578.36051	1579.64477	1529.02221
4.379956	1	22	1	0	1546.15978	1501.17399	1503.36167	1504.97264	1505.46469	1513.89254	1519.61360	1521.61458	1526.27403	1529.27375	1531.09476	1536.10794	1538.67374	1545.19432	1547.70781	1549.22400	1553.54199	1554.10324	1556.17605	1566.00405	1567.13027	1572.77834	1574.68191	1529.02411
4.399956	1	27	1	0	1546.15609	1501.86436	1502.89964	1504.32081	1506.02936	1518.48487	1519.26351	1522.32954	1523.95878	1524.94325	1528.03000	1529.73673	1537.63570	1546.20215	1546.97679	1551.78919	1555.20985	1557.33985	1559.77691	1561.62414	1563.05410	1563.68666	1565.66334	1566.64997	1567.84647	1570.43265	1577.88828	1579.18029	1529.02411
4.419956	1	24	1	0	1546.16114	1500.65672	1501.77101	1502.17730	1501.80824	1505.35947	1515.48770	1519.08618	1524.70788	1525.68879	1528.76126	1533.66868	1540.99958	1549.38697	1550.82882	1552.76115	1553.44976	1557.15490	1561.78040	1563.51729	1564.69607	1569.39199	1570.31676	1571.58936	1578.22096	1529.02202
4.439955	1	19	1	0	1546.15453	1501.52514	1502.40559	1503.45686	1504.39864	1513.22253	1517.69486	1524.48544	1527.49633	1530.36031	1535.33322	1540.12252	1543.42970	1546.32910	1549.10009	1554.60182	1556.13904	1561.23579	1566.65715	1578.82106	1529.02411
4.459955	1	23	1	0	1546.15395	1500.55894	1501.61571	1502.40063	1503.38997	1506.15293	1510.77036	1514.36695	1517.74842	1519.55165	1527.30266	1533.37708	1534.28648	1541.42313	1543.64705	1544.64142	1548.04561	1554.03058	1554.68435	1557.67023	1563.29530	1568.95013	1576.46238	1578.71831	1529.02411
4.479955	1	16	1	0	1546.15453	1501.51763	1502.25217	1503.14302	1518.75752	1520.83654	1524.78671	1531.49457	1535.57974	1536.57008	1540.31637	1541.18323	1542.15006	1563.57295	1567.17640	1571.11395	1576.97177	1529.02012
4.499955	1	22	1	0	1546.15395	1500.11528	1500.82977	1502.57280	1503.76036	1504.98940	1510.08179	1510.91921	1516.25953	1516.81268	1517.81211	1520.19645	1528.78691	1542.88426	1544.51223	1551.42569	1552.58219	1558.62626	1559.33293	1564.54102	1565.84255	1577.11130	1578.42878	1529.02012
4.519955	1	22	1	0	1546.16269	1501.46465	1502.33071	1503.80541	1504.28456	1511.55448	1516.94196	1519.08430	1522.14339	1524.75873	1526.34033	1527.02598	1528.96290	1530.87902	1533.76470	1535.24468	1538.73900	1539.26206	1546.62662	1560.70106	1569.51577	1571.85349	1576.43228	1529.02202
4.539954	1	25	1	0	1546.15822	1501.64193	1502.04246	1502.24373	1509.84246	1514.90473	1518.13979	1518.67819	1522.87789	1523.36833	1524.74947	1525.23279	1531.08446	1532.62077	1534.14791	1537.80374	1544.48605	1552.63746	1560.23954	1564.16236	1565.45907	1568.71179	1569.63215	1573.27528	1575.41654	1576.05471	1529.02411
4.559954	1	24	1	0	1546.15395	1501.69840	1502.14373	1501.66099	1502.60273	1503.67928	1505.69950	1515.01110	1519.09631	1524.77367	1526.50174	1529.58814	1531.53633	1538.85471	1541.88673	1543.18065	1551.00875	1560.33000	1565.37001	1570.16940	1571.08986	1575.67046	1576.52746	1579.01728	1579.94774	1529.02221
4.579954	1	22	1	0	1546.16425	1501.59297	1503.12097	1503.44235	1509.72087	1512.68130	1514.74035	1524.77272	1529.24826	1530.85101	1532.13218	1539.83578	1542.62300	1543.35668	1547.52572	1550.92308	1553.32851	1555.54444	1560.18333	1562.25594	1568.93312	1569.68804	1577.11373	1529.02221
4.599954	1	20	1	0	1546.15395	1501.54384	1503.52542	1503.81111	1506.08727	1510.09328	1511.02335	1513.13708	1519.44520	1524.52663	1526.03693	1526.66489	1538.00701	1540.32930	1548.40130	1551.06489	1558.24059	1564.22701	1568.12114	1573.26341	1579.28513	1529.02202
4.619954	1	21	1	0	1546.16425	1501.69858	1501.91571	1502.64513	1502.89743	1514.69838	1517.89921	1519.00625	1519.56441	1523.73296	1524.79768	1529.55409	1531.26861	1539.06577	1543.64492	1545.03049	1546.63907	1547.46380	1552.98075	1554.36840	1569.95453	1577.58570	1529.02202
4.639953	1	19	1	0	1546.15550	1502.13401	1501.68776	1502.27510	1502.68240	1504.24206	1510.84552	1511.97333	1524.67462	1531.21809	1533.54534	1541.27922	1543.69491	1544.68080	1556.34344	1562.55068	1572.29759	1575.11430	1578.47335	1579.37579	1529.02411
4.659953	1	27	1	0	1546.15978	1500.54906	1501.44980	1502.50305	1502.91727	1516.01076	1516.77321	1517.36231	1518.71757	1521.12715	1523.55629	1525.60722	1529.07753	1532.01347	1533.17866	1535.02623	1536.21155	1537.10818	1543.15219	1547.94526	1549.14243	1550.57014	1553.78831	1556.44350	1558.70685	1574.11336	1575.46357	1578.67049	1529.02601
4.679953	1	24	1	0	1546.16056	1502.29749	1503.59913	1504.41097	1505.83390	1511.50414	1514.39585	1514.97153	1517.28687	1518.17615	1520.93152	1524.77178	1528.00854	1530.83443	1532.92450	1537.81701	1540.53729	1543.79373	1544.47072	1550.23417	1558.43626	1561.56009	1564.02332	1575.22102	1577.11130	1529.02202
4.699953	1	21	1	0	1546.15336	1500.53038	1501.67144	1502.21639	1503.74216	1504.59502	1510.80970	1520.77505	1524.61848	1529.35190	1532.00050	1534.99347	1536.39291	1537.35028	1547.55960	1550.33676	1553.52845	1559.22914	1563.22595	1566.35626	1571.18942	1579.32528	1529.02202
4.719953	1	31	1	0	1546.15395	1500.26424	1500.71861	1501.74351	1502.06869	1501.55154	1502.25198	1503.45135	1504.22899	1505.95043	1510.12351	1511.81089	1512.41790	1514.50346	1515.47519	1515.91304	1522.62996	1523.74769	1530.42677	1533.58090	1536.99561	1538.76711	1545.78219	1550.57679	1554.86891	1557.29666	1558.88684	1562.01823	1563.00960	1564.21528	1567.97040	1572.35970	1529.02202
4.739952	1	18	1	0	1546.15395	1502.78284	1505.81454	1511.94657	1513.05685	1513.80720	1517.18542	1518.73858	1521.19714	1523.09987	1524.77726	1526.87565	1534.01358	1538.16897	1559.53837	1560.93777	1561.98728	1563.74054	1569.44166	1529.02012
4.759952	1	28	1	0	1546.15550	1500.22325	1501.73654	1502.15143	1502.61631	1503.92715	1504.69019	1511.57789	1514.08712	1515.36390	1519.21491	1523.92687	1524.81356	1526.27024	1527.73237	1529.08152	1534.37281	1536.76054	1543.37934	1544.96488	1548.45881	1552.73704	1553.67054	1558.29093	1561.38821	1571.72814	1574.67244	1577.80124	1579.59750	1529.02620
4.779952	1	22	1	0	1546.15609	1501.97789	1501.93295	1503.91501	1504.27260	1515.61414	1524.87008	1527.32674	1534.42641	1535.21880	1536.70774	1537.64224	1538.07933	1540.74668	1545.37780	1562.97166	1564.87187	1565.44851	1566.02658	1570.99855	1574.01666	1578.49604	1579.18090	1529.02202
4.799952	1	19	1	0	1546.15609	1501.66704	1501.73617	1502.31346	1517.24737	1517.93874	1521.44988	1528.66454	1530.46067	1532.47659	1534.69064	1535.27496	1555.79848	1558.79951	1560.22014	1563.53319	1564.42917	1572.40915	1574.04970	1578.77810	1529.02202
4.819952	1	19	1	0	1546.15609	1501.22511	1501.60636	1501.95973	1502.49571	1505.47040	1515.67839	1516.24009	1517.28013	1518.82673	1524.76157	1525.78418	1535.49922	1538.39332	1540.44235	1550.90763	1554.52361	1562.90493	1566.25693	1570.46414	1529.02221
4.839952	1	30	1	0	1546.15686	1500.16798	1501.49984	1501.47656	1501.59976	1502.69379	1502.95694	1503.76698	1505.34787	1509.57504	1510.71524	1511.70386	1513.12870	1519.50997	1520.51502	1524.44859	1524.81809	1525.75219	1526.31570	1528.64668	1531.23353	1532.53750	1536.12080	1547.39176	1554.07830	1555.37821	1556.16030	1562.54135	1573.78000	1575.14698	1577.76582	1529.02601
4.859951	1	18	1	0	1546.14520	1500.77227	1502.32759	1512.87687	1517.80087	1520.09950	1522.45222	1526.46176	1534.77472	1537.79547	1545.60949	1548.46758	1554.46388	1561.99839	1565.46784	1570.22734	1574.52306	1577.53733	1579.89112	1529.02012
4.879951	1	27	1	0	1546.16056	1501.87188	1509.79908	1511.57919	1513.97938	1514.74968	1518.98205	1523.08233	1524.73567	1527.88781	1530.47857	1536.41748	1538.83199	1540.10111	1541.54852	1542.92645	1543.75168	1544.55374	1545.24014	1546.82134	1548.57852	1550.18200	1552.30803	1559.42922	1567.24670	1569.42844	1577.70470	1578.35504	1529.02031
4.899951	1	12	1	0	1546.14948	1502.29749	1505.68328	1511.45398	1520.88581	1527.53124	1527.98709	1535.41756	1540.79243	1546.62429	1559.35626	1560.52482	1574.25098	1529.02791
4.919950	1	24	1	0	1546.16056	1500.79058	1501.42982	1504.13113	1512.16834	1512.78159	1516.16869	1518.62381	1520.69193	1524.84040	1525.57524	1531.58840	1532.99635	1534.60447	1540.70403	1557.38659	1562.36092	1563.98772	1570.56321	1571.78639	1572.78799	1573.80618	1576.36439	1577.40562	1579.02620	1529.02012
4.939950	1	21	1	0	1546.16483	1503.47782	1504.37951	1509.81929	1515.16862	1517.76734	1518.78865	1519.43056	1521.83676	1523.51458	1524.73378	1525.96876	1532.09267	1539.38459	1540.98626	1546.46443	1547.08227	1559.38493	1562.12041	1570.13412	1573.17587	1577.75752	1529.02411
4.959950	1	16	1	0	1546.16483	1500.42970	1514.67375	1515.26271	1524.75420	1530.49076	1531.85204	1533.15706	1533.77981	1536.09279	1547.00365	1550.41533	1560.40464	1564.88879	1566.27388	1572.90868	1573.76812	1529.02202
4.979950	1	25	1	0	1546.15609	1501.80494	1503.63626	1505.18390	1509.88676	1515.13111	1520.33345	1520.94732	1521.55961	1522.36120	1524.02941	1524.71904	1526.42463	1531.63838	1532.70787	1535.70629	1542.01897	1543.64492	1553.85839	1555.13394	1566.28365	1568.13294	1571.05153	1571.90391	1577.24621	1578.00166	1529.02221
4.999950	1	19	1	0	1546.14948	1501.18425	1501.44229	1501.81026	1501.93625	1502.24905	1502.59116	1503.08000	1504.81740	1506.21897	1518.50681	1531.24116	1542.48544	1547.79331	1555.02206	1556.72029	1559.63410	1562.43436	1570.89120	1575.96342	1529.02202
5.019949	1	29	1	0	1546.15609	1500.27266	1501.21045	1501.90452	1502.18556	1502.02283	1502.46689	1502.68516	1502.85244	1505.53583	1510.63749	1511.38526	1517.30540	1520.77091	1522.27998	1525.97633	1527.10031	1528.67233	1536.97160	1542.05048	1543.31756	1546.78418	1552.15366	1554.28904	1554.87206	1556.14593	1558.66280	1568.18913	1573.24449	1574.86561	1529.02012
5.039950	1	21	1	0	1546.16269	1500.06991	1501.57372	1502.08612	1504.34123	1505.08314	1513.44115	1514.64353	1519.91258	1520.98174	1530.88797	1533.71554	1534.38085	1545.21723	1550.98039	1554.06691	1557.99206	1559.95002	1570.39957	1573.40088	1575.42603	1578.39232	1529.02411
5.059949	1	28	1	0	1546.15822	1501.00891	1501.51011	1502.21051	1504.22256	1511.69568	1513.04866	1516.31019	1516.94364	1518.92483	1520.60958	1521.82132	1524.10835	1528.25804	1532.64904	1535.45245	1537.32645	1539.07502	1541.32287	1547.31564	1550.00421	1550.67278	1551.86223	1559.39620	1564.59416	1566.84876	1569.33993	1573.01852	1579.87387	1529.02221
5.079949	1	23	1	0	1546.15706	1500.02929	1500.74058	1501.48188	1502.19749	1501.56969	1503.02122	1504.23746	1505.33110	1510.43341	1511.74678	1514.07686	1518.11187	1519.83088	1520.46088	1523.34908	1523.91422	1536.39502	1540.94359	1542.60946	1546.13509	1564.99712	1569.37517	1579.71396	1529.02411
5.099949	1	23	1	0	1546.15550	1500.08711	1501.63239	1502.10171	1504.60128	1505.94379	1510.24033	1513.84111	1518.77084	1520.91572	1521.83431	1524.73643	1529.90552	1532.91801	1535.32019	1537.23902	1539.03130	1549.37174	1552.64099	1558.86333	1560.11010	1561.30694	1567.13926	1567.96561	1529.02411
5.119949	1	16	1	0	1546.15550	1511.80364	1515.75031	1520.05948	1524.63020	1526.31002	1532.69163	1533.91486	1538.84605	1540.80517	1544.90375	1553.66818	1558.35629	1571.53674	1573.85592	1574.56317	1578.67110	1529.02031
5.139948	1	13	1	0	1546.16269	1501.61974	1502.96465	1521.46249	1524.84229	1528.42745	1535.03121	1535.69556	1538.30750	1550.20212	1552.74566	1556.20874	1574.69119	1577.69660	1529.02202
5.159948	1	31	1	0	1546.16639	1501.76991	1502.36209	1502.30391	1503.83998	1504.84558	1505.19201	1506.00335	1510.77889	1513.61251	1515.13446	1518.38345	1518.83667	1519.46153	1520.04013	1524.78558	1529.61230	1530.17866	1534.05874	1534.97087	1539.07020	1543.11114	1544.12498	1553.11528	1554.53500	1557.86990	1560.91638	1569.29407	1573.49086	1576.89029	1578.72743	1579.32082	1529.02392
5.179948	1	20	1	0	1546.15609	1500.14877	1505.16308	1510.08383	1511.59721	1512.92395	1519.26464	1523.97332	1524.76535	1527.13292	1533.22473	1535.77878	1549.35593	1550.82237	1551.77216	1554.03058	1557.25427	1561.32201	1562.69085	1567.18299	1578.49482	1529.01993
5.199948	1	31	1	0	1546.15181	1500.97099	1501.22438	1501.56804	1501.90544	1501.55264	1502.12006	1504.50906	1512.48504	1513.01813	1515.60741	1517.16221	1519.89023	1521.40019	1524.77083	1532.08428	1532.76632	1533.40805	1536.46853	1546.65871	1547.98248	1550.52264	1553.30399	1556.55736	1557.98496	1560.42443	1563.45508	1564.57824	1567.13187	1570.29250	1576.18377	1577.29496	1529.02031
5.219948	1	22	1	0	1546.16269	1501.51579	1509.84876	1510.73287	1511.42315	1512.07222	1512.62716	1513.70528	1516.57421	1518.52387	1521.94919	1523.48551	1524.71979	1533.52889	1535.68693	1538.39582	1540.24963	1561.44173	1563.19058	1568.40551	1569.62493	1575.33018	1576.02785	1529.02221
5.239947	1	23	1	0	1546.15609	1501.43825	1501.89352	1501.55539	1504.72553	1509.59912	1513.06392	1515.38575	1517.34359	1519.82919	1524.79219	1528.82701	1530.67782	1532.84598	1534.11136	1534.77970	1535.66756	1541.98861	1544.96488	1565.27219	1569.42223	1572.94026	1573.68757	1577.81440	1529.02031
5.259947	1	27	1	0	1546.15395	1501.11884	1502.16556	1511.32322	1515.62871	1517.71845	1521.96557	1524.80977	1525.56975	1526.84494	1529.90552	1530.82776	1539.08099	1541.28695	1546.82134	1551.41179	1553.07194	1555.28616	1557.92536	1559.41380	1562.35378	1563.66519	1566.38499	1568.17193	1574.59160	1575.79704	1576.62042	1577.88363	1529.02012
5.279947	1	20	1	0	1546.15609	1500.21172	1502.23290	1502.05970	1506.05370	1513.02316	1517.40405	1524.77839	1526.67796	1530.43096	1535.16323	1536.63401	1549.31963	1550.07728	1551.90159	1558.18708	1563.84115	1565.65138	1569.57145	1570.78948	1579.59831	1529.02202
5.299947	1	21	1	0	1546.16872	1501.90507	1502.36099	1503.43260	1517.81829	1520.45205	1521.10797	1524.81526	1531.58669	1532.27897	1537.82316	1542.12608	1548.52860	1551.42940	1557.54595	1561.52222	1562.74169	1564.31555	1566.89228	1567.65063	1569.62253	1575.02796	1529.02031
5.319947	1	20	1	0	1546.15453	1501.41864	1501.74075	1502.58896	1503.03078	1502.99386	1504.67877	1511.22944	1513.50261	1520.72879	1521.30798	1523.52741	1524.71091	1529.37187	1533.85269	1542.95046	1546.11760	1548.98732	1562.81456	1569.57886	1570.88398	1529.02411
5.339946	1	21	1	0	1546.15239	1501.58417	1502.49901	1502.71068	1504.87872	1515.62983	1520.29210	1523.97445	1527.30986	1529.89124	1535.00324	1536.57776	1537.53844	1538.68664	1539.81689	1543.12392	1548.98069	1550.87047	1553.57554	1561.99839	1566.92522	1577.79578	1529.02411
5.359946	1	25	1	0	1546.15900	1501.80549	1503.08441	1511.75347	1512.16983	1513.59034	1515.51497	1522.07539	1523.60347	1525.80141	1527.14942	1528.73370	1530.55743	1531.40513	1533.63713	1535.93471	1538.16032	1541.91051	1546.79507	1549.08136	1550.52225	1551.90159	1558.96786	1560.24488	1561.41814	1577.72655	1529.02202
5.379946	1	22	1	0	1546.15395	1501.30684	1502.56271	1502.69893	1502.65358	1503.37324	1505.65029	1514.16168	1517.46921	1518.02081	1520.38570	1524.74569	1529.38785	1534.05568	1541.44747	1551.51298	1552.41757	1563.10237	1564.70881	1566.39796	1567.76153	1568.71919	1574.82810	1529.02031
5.399946	1	18	1	0	1546.15609	1501.34734	1502.81957	1509.96647	1511.90642	1524.87197	1525.83529	1530.73535	1531.67786	1534.87815	1536.35625	1539.12182	1547.54441	1553.45015	1560.43513	1561.04892	1561.86569	1568.15754	1577.08582	1529.02202
5.419946	1	19	1	0	1546.15609	1501.88068	1503.03133	1504.46876	1511.57956	1522.26736	1523.66180	1524.80429	1529.36579	1537.56189	1539.43893	1540.66292	1543.99588	1548.29135	1553.58909	1560.04401	1564.02570	1565.08156	1571.76871	1575.99392	1529.02031
5.439945	1	33	1	0	1546.15181	1501.02668	1501.75542	1502.07585	1502.39145	1503.11785	1503.95547	1510.79430	1511.27159	1513.48566	1514.80509	1517.35538	1519.11038	1521.02933	1523.15363	1524.78671	1528.57087	1529.76850	1531.67729	1533.99215	1537.37411	1540.08182	1540.56527	1541.13051	1545.40790	1552.06277	1556.56602	1558.23881	1561.93194	1565.00170	1567.95761	1569.86516	1574.77628	1576.06642	1529.02221
5.459945	1	26	1	0	1546.15822	1500.80157	1501.85610	1502.17327	1501.78788	1503.25086	1505.54652	1509.91679	1514.10650	1524.84305	1525.49179	1526.65541	1528.69209	1529.30170	1532.23488	1533.59849	1540.51992	1546.86900	1550.80594	1553.53296	1554.33893	1555.25803	1556.54258	1557.20399	1559.73358	1563.27384	1564.83842	1529.02202
5.479945	1	22	1	0	1546.15822	1502.05750	1502.51590	1502.59244	1502.98100	1503.20162	1504.38282	1509.65490	1514.05058	1515.05253	1522.54099	1523.33097	1524.73378	1525.56691	1529.14369	1531.57372	1535.00324	1539.37418	1550.98645	1553.97168	1559.98979	1561.99125	1570.92411	1529.02221
5.499945	1	27	1	0	1546.15822	1500.10431	1501.83868	1502.52911	1502.64220	1504.45256	1505.53362	1515.99712	1517.48119	1520.08898	1524.82376	1529.22336	1531.64257	1536.49982	1537.85374	1538.88263	1541.95613	1544.93267	1551.01266	1554.23286	1559.49349	1564.31137	1565.53838	1566.65975	1570.29490	1571.04290	1573.70891	1574.91280	1529.02601
5.519945	1	27	1	0	1546.15609	1500.99920	1501.66521	1502.36374	1505.77177	1506.09391	1510.87689	1513.65964	1519.48275	1519.95954	1522.43884	1526.67247	1528.82853	1529.38595	1538.50128	1540.97834	1544.54365	1546.81706	1549.43909	1550.00968	1552.67019	1553.87135	1560.68978	1566.13566	1569.09566	1575.59557	1577.51427	1579.11764	1529.02202
5.539944	1	23	1	0	1546.15395	1500.34806	1502.56711	1502.48359	1502.99808	1502.49754	1504.32853	1510.61968	1514.14136	1517.09446	1518.90232	1521.33451	1528.51692	1533.24307	1535.93893	1537.18810	1540.22416	1541.49500	1553.29045	1554.21479	1556.09966	1565.24709	1575.25875	1577.76218	1529.02601
5.559944	1	17	1	0	1546.15609	1500.26223	1501.51304	1505.64328	1519.26464	1521.44254	1524.79125	1526.90617	1533.89956	1535.58626	1536.13384	1545.53938	1551.85773	1558.27415	1560.33693	1567.02344	1572.22583	1573.78483	1529.02221
5.579944	1	19	1	0	1546.16056	1502.22391	1502.57886	1503.31003	1510.16263	1512.52913	1516.66828	1519.64196	1522.77003	1523.48589	1524.76157	1532.33186	1538.82025	1545.19762	1556.58238	1562.01486	1565.10029	1572.35709	1573.37008	1578.72986	1529.02031
5.599944	1	25	1	0	1546.15181	1500.16451	1501.73690	1503.01204	1504.85994	1513.86943	1514.89390	1515.64421	1516.04328	1518.66263	1521.78479	1522.66408	1524.80713	1525.60532	1542.31889	1544.39955	1545.18015	1550.11870	1555.04506	1555.58497	1556.69231	1562.17041	1566.70565	1571.00718	1574.97855	1576.52988	1529.02012
5.619943	1	21	1	0	1546.15550	1501.21558	1501.82071	1513.32643	1514.44024	1516.85047	1523.73674	1524.66214	1528.92964	1529.79248	1530.58790	1533.16433	1535.14598	1536.77494	1541.66330	1544.38869	1546.24764	1553.90472	1557.13143	1562.95399	1576.04542	1579.41027	1529.02221
5.639943	1	23	1	0	1546.15103	1502.14740	1501.90452	1503.60814	1510.61968	1512.63386	1520.88657	1521.56959	1523.92328	1524.79314	1525.78645	1532.55755	1534.13605	1535.53431	1539.22969	1541.55065	1544.46064	1546.67175	1548.69201	1551.47990	1553.06978	1559.58327	1563.38114	1571.52249	1529.02411
5.659943	1	18	1	0	1546.16483	1503.43573	1503.73481	1504.24169	1504.96177	1505.39025	1510.10608	1513.07528	1517.26122	1528.49260	1534.52481	1536.98025	1546.82348	1557.84405	1559.71657	1567.01745	1573.99551	1577.06944	1577.92574	1529.02411
5.679943	1	18	1	0	1546.15686	1500.65745	1501.65843	1502.01770	1505.32594	1510.75458	1512.41883	1514.48443	1524.85609	1532.00717	1534.34065	1538.28441	1541.07450	1542.22741	1544.24034	1548.46972	1551.60850	1561.83772	1576.61395	1529.02031
5.699943	1	16	1	0	1546.14831	1500.27687	1502.06613	1504.00402	1506.16289	1513.05182	1516.53213	1517.22734	1520.97553	1523.85795	1525.95740	1534.56790	1542.38795	1552.17814	1552.98075	1565.89498	1578.90761	1529.02202
5.719943	1	15	1	0	1546.15395	1501.59462	1504.68246	1509.84561	1513.30427	1524.77726	1530.66372	1535.59489	1541.76457	1543.50098	1548.94869	1553.19943	1560.23479	1565.29888	1566.06068	1568.95754	1529.02411
5.739942	1	22	1	0	1546.15609	1501.52331	1501.61204	1504.33074	1505.95025	1513.37727	1518.72582	1521.21991	1524.13291	1524.77178	1527.15985	1531.21237	1532.26886	1533.31342	1537.64435	1538.73765	1547.44997	1555.94650	1561.33053	1562.08231	1566.37761	1567.60127	1578.44377	1529.02601
5.759942	1	19	1	0	1546.15822	1500.74480	1501.83776	1502.17895	1504.40656	1506.14389	1510.64899	1512.24160	1515.42571	1519.05822	1519.94433	1524.13102	1525.61384	1541.89099	1544.57198	1547.12372	1553.32184	1566.78149	1567.63105	1568.39751	1529.02012
5.779942	1	33	1	0	1546.15181	1500.97411	1501.22767	1501.78458	1502.09273	1502.86291	1503.72690	1509.96072	1512.26298	1513.79937	1515.28269	1515.93023	1520.63778	1522.36063	1524.87197	1530.60619	1531.99630	1532.68055	1534.28705	1536.66934	1538.13877	1538.86434	1543.57614	1544.30220	1545.40129	1548.10874	1552.68783	1554.61557	1555.09265	1557.32111	1559.61293	1563.77513	1566.96874	1571.51787	1529.02392
5.799942	1	20	1	0	1546.15395	1500.45112	1501.92708	1502.27694	1501.66943	1515.64664	1520.89635	1524.81904	1528.43771	1530.04103	1531.08485	1532.17818	1536.80759	1547.13890	1550.08021	1560.63096	1561.16009	1566.18672	1572.34523	1576.69804	1577.36394	1529.02202
5.819942	1	25	1	0	1546.15822	1501.74552	1502.67433	1502.96869	1503.65593	1504.18944	1506.11309	1511.16724	1512.18805	1514.64484	1515.66139	1520.09161	1523.06195	1524.24794	1528.85552	1532.59441	1537.14276	1541.51432	1542.58991	1544.10773	1546.06434	1554.02155	1558.15412	1560.12198	1570.03170	1577.95327	1529.02202
5.839941	1	12	1	0	1546.15025	1501.56492	1502.08961	1504.25144	1505.51298	1511.70813	1514.08115	1521.45646	1524.77839	1530.19389	1532.10546	1561.47960	1573.74918	1529.02031
5.859941	1	25	1	0	1546.15609	1500.63841	1502.42430	1503.41533	1511.49726	1512.99989	1513.99280	1516.60319	1524.19713	1524.77934	1526.81006	1527.83903	1530.81957	1534.50988	1536.65801	1537.26150	1537.90566	1547.73624	1551.87535	1554.40239	1556.53963	1560.75553	1569.40401	1571.27031	1573.20928	1579.66060	1529.02202
5.879941	1	25	1	0	1546.15978	1501.88728	1502.47294	1502.99294	1509.92680	1510.39761	1515.31909	1516.25280	1521.89457	1523.13552	1530.13621	1532.77052	1535.86547	1537.37411	1538.76287	1543.65131	1545.36479	1550.89453	1553.16373	1557.15864	1560.39949	1562.74327	1571.79744	1574.60168	1575.17865	1578.27564	1529.02202
5.899941	1	27	1	0	1546.15395	1501.93203	1502.45991	1502.72427	1503.61053	1504.34178	1514.86647	1518.10419	1519.50659	1521.06695	1521.92828	1524.79862	1529.76260	1531.56800	1534.38946	1535.55386	1536.18354	1537.72856	1541.64166	1546.10574	1548.47713	1551.83756	1555.42286	1556.69468	1558.77264	1563.43123	1564.16474	1569.34834	1529.02411
5.919940	1	16	1	0	1546.15181	1502.06576	1506.20734	1514.07090	1516.92811	1524.78293	1526.68573	1536.53764	1537.73510	1539.93315	1543.07164	1553.92279	1565.71895	1569.73913	1571.11395	1572.19709	1573.37954	1529.02012
5.939940	1	17	1	0	1546.15822	1500.35282	1501.89260	1502.38209	1512.02631	1514.66237	1515.35158	1517.59991	1519.20177	1520.89973	1524.84683	1525.54817	1527.12344	1531.17024	1551.88632	1552.52398	1558.61263	1572.35447	1529.02012
5.959940	1	24	1	0	1546.15609	1500.25838	1500.51080	1502.17547	1502.48433	1502.35805	1502.84105	1504.50575	1510.20213	1511.60817	1515.94387	1517.69486	1520.29154	1523.42626	1524.74872	1530.83652	1533.61972	1538.31962	1542.38562	1544.23064	1545.38498	1554.66077	1571.17637	1575.00860	1577.18816	1529.02221
5.979940	1	25	1	0	1546.15822	1501.05856	1502.45422	1502.43605	1504.84816	1505.36463	1506.16676	1509.85024	1512.89027	1514.13502	1522.81868	1523.79526	1534.17796	1536.93511	1539.11065	1542.62242	1544.80770	1546.87251	1547.58355	1554.98313	1555.87012	1564.89577	1565.58860	1570.36267	1575.16574	1579.96743	1529.02202
5.999940	1	20	1	0	1546.15181	1501.63221	1501.72260	1502.37182	1502.54894	1505.07780	1509.93736	1515.21641	1516.34197	1519.69341	1521.05284	1524.80051	1527.65950	1531.25088	1537.53017	1539.22545	1543.77125	1545.24887	1561.37552	1565.94124	1573.90104	1529.02411
6.019939	1	20	1	0	1546.14948	1500.69059	1502.00320	1501.96285	1502.58859	1505.53749	1510.17098	1511.86070	1516.24233	1522.51046	1524.81904	1526.35946	1538.96023	1542.50924	1562.39605	1563.59521	1569.67602	1570.89361	1571.85730	1573.72784	1579.62915	1529.02012
6.039939	1	24	1	0	1546.15181	1500.38998	1502.83426	1503.38887	1517.73625	1520.66749	1524.12006	1524.75987	1525.29313	1528.11961	1530.45781	1531.83239	1537.26919	1538.71532	1540.90228	1542.22529	1543.32918	1548.03898	1555.75932	1560.66145	1564.09990	1566.13566	1568.02878	1569.43084	1578.94815	1529.02202
6.059939	1	19	1	0	1546.16211	1500.86311	1502.34080	1505.44626	1506.06034	1511.27457	1513.21434	1516.52783	1518.56081	1521.67840	1524.74021	1528.78767	1533.10737	1535.40031	1549.08721	1551.91060	1567.29283	1571.71207	1572.24714	1574.72909	1529.02031
6.079939	1	22	1	0	1546.15609	1500.08070	1501.98945	1501.92800	1503.33778	1505.31046	1511.92222	1513.90111	1515.68362	1517.58287	1518.71795	1522.39945	1524.14764	1525.71131	1530.91484	1533.20695	1539.26206	1540.95209	1543.73424	1548.18318	1554.25957	1554.86203	1573.64166	1529.02202
6.099939	1	19	1	0	1546.14889	1501.04244	1501.72645	1503.04235	1503.87933	1521.66165	1524.83567	1525.66437	1527.98519	1530.10442	1531.75512	1536.85080	1541.46467	1548.96547	1549.56949	1551.76766	1556.62670	1558.33516	1559.68710	1563.31914	1529.02031
6.119938	1	19	1	0	1546.15395	1500.59812	1501.43844	1501.74662	1513.40818	1514.49805	1518.00694	1520.11697	1524.80146	1527.01840	1548.78094	1560.29219	1563.42209	1564.79522	1566.33213	1573.79893	1574.69341	1576.42743	1577.38458	1578.24425	1529.02012
6.139938	1	20	1	0	1546.15822	1502.11969	1503.61604	1504.87338	1505.70798	1509.74219	1515.48098	1516.47771	1517.55178	1523.73523	1524.26117	1530.27500	1537.13834	1542.61584	1543.65693	1552.06728	1553.21865	1555.42680	1565.47581	1570.32157	1577.60877	1529.02202
6.159938	1	22	1	0	1546.14948	1500.18756	1501.58711	1503.04657	1511.45398	1517.79431	1521.60027	1522.75571	1524.37868	1525.51052	1525.92919	1528.49659	1530.12403	1533.47497	1536.38849	1541.99731	1545.51083	1551.06958	1556.82020	1558.60098	1560.46463	1562.27499	1566.46998	1529.02202
6.179938	1	20	1	0	1546.15900	1500.68620	1501.93442	1502.16318	1502.39751	1505.82874	1517.51564	1517.93706	1523.39720	1524.49130	1528.76924	1529.93216	1544.41041	1546.54299	1547.26756	1552.00519	1558.10398	1566.00963	1570.26362	1574.50733	1577.46793	1529.02202
6.199938	1	21	1	0	1546.15764	1500.92813	1501.74901	1504.95072	1511.17374	1513.58717	1514.03194	1514.60380	1516.14121	1517.93799	1519.79951	1526.04658	1526.80419	1535.62096	1537.35028	1548.09783	1550.55059	1554.07594	1557.23790	1561.56009	1573.60461	1578.10067	1529.02202
6.219938	1	14	1	0	1546.15764	1500.73106	1502.76668	1503.18233	1511.49912	1519.49495	1524.08437	1524.83378	1530.37859	1533.48568	1540.17247	1544.48159	1552.07158	1558.60098	1569.59589	1529.02221
6.239937	1	25	1	0	1546.15239	1501.52606	1501.70005	1502.48745	1503.28081	1503.96246	1504.36460	1504.72425	1511.75421	1512.90199	1514.56426	1517.45535	1524.65609	1527.09254	1530.04960	1530.89274	1531.87875	1535.04558	1536.77955	1542.90826	1547.61744	1548.83516	1556.09021	1558.05542	1570.37711	1577.28565	1529.02411
6.259937	1	23	1	0	1546.16483	1500.41414	1502.34282	1502.65615	1503.81460	1506.21823	1510.87522	1513.93261	1515.16340	1519.48068	1524.78747	1531.00651	1532.91170	1542.31851	1545.32984	1549.21639	1551.59753	1552.57944	1556.29933	1561.67847	1562.60091	1567.09133	1568.51973	1569.38598	1529.02012
6.279937	1	22	1	0	1546.14812	1500.01447	1501.94634	1501.82273	1505.56292	1512.71293	1513.23352	1515.99002	1516.93971	1521.34693	1524.79125	1527.81246	1529.51414	1532.08199	1532.92450	1534.11576	1539.76889	1546.11313	1548.43833	1559.28113	1560.70344	1567.04042	1574.47347	1529.02411
6.299937	1	27	1	0	1546.15686	1503.15000	1511.24541	1513.06355	1515.02696	1518.18308	1519.12239	1520.39453	1523.33682	1524.68388	1525.78267	1527.21561	1528.08847	1529.79857	1533.88272	1534.61289	1536.52573	1537.17081	1537.93297	1539.39095	1541.11486	1541.80806	1545.60289	1550.23691	1558.39637	1562.25832	1563.40022	1565.92249	1529.02392
6.319937	1	22	1	0	1546.16930	1500.18006	1501.06131	1501.89645	1502.35383	1505.08277	1505.83003	1509.79593	1510.71839	1512.69339	1515.32768	1516.01917	1517.94736	1524.79503	1529.19369	1532.50045	1538.06529	1547.94760	1548.94811	1556.72916	1574.90090	1577.96440	1578.99944	1529.02411
6.339936	1	22	1	0	1546.15978	1500.23203	1500.87886	1502.40834	1506.02253	1513.47802	1516.07225	1519.45121	1520.86983	1521.40207	1524.79597	1525.41724	1530.28719	1532.09267	1535.96924	1553.20061	1554.79677	1555.65305	1559.69066	1560.47294	1569.98780	1572.87529	1579.66262	1529.02031
6.359936	1	29	1	0	1546.15609	1500.85743	1501.53632	1502.00852	1501.86491	1502.76797	1504.28566	1512.53154	1513.30595	1515.03722	1519.15579	1520.21205	1521.93713	1522.62336	1524.74872	1527.84985	1542.41406	1543.58699	1544.88861	1548.41104	1554.44600	1555.03543	1557.53175	1561.44649	1562.97305	1567.93802	1569.40060	1570.28046	1571.03949	1573.53233	1529.02392
6.379936	1	26	1	0	1546.14889	1500.74571	1501.86711	1502.20684	1501.64082	1510.08327	1512.59405	1515.63898	1520.78558	1524.28497	1524.81450	1531.07951	1531.74043	1537.09301	1541.65461	1545.53743	1547.69982	1550.57288	1556.11127	1558.56602	1560.39137	1566.38060	1567.09772	1571.07782	1573.12858	1574.91945	1576.79022	1529.02202
6.399936	1	22	1	0	1546.15978	1501.69620	1502.28079	1503.16322	1503.68259	1505.16529	1505.78264	1514.68065	1518.46931	1519.55747	1524.76062	1525.54817	1526.55858	1529.51699	1534.33204	1544.81002	1550.54395	1552.90604	1555.01243	1556.68305	1569.00618	1572.04637	1577.59501	1529.02202
6.419935	1	18	1	0	1546.15395	1512.57898	1515.42048	1518.31597	1522.66993	1524.11081	1525.39416	1530.66334	1537.60129	1544.58613	1548.47850	1553.33165	1557.71028	1558.27593	1560.03688	1565.35566	1573.50757	1575.77604	1579.39140	1529.02411
6.439935	1	23	1	0	1546.16056	1500.25491	1500.78783	1502.48377	1502.51333	1504.00494	1513.44897	1516.64957	1519.53888	1521.57674	1524.58427	1526.25395	1529.92988	1535.20769	1538.26767	1541.84498	1546.40765	1547.67820	1553.18158	1556.46438	1560.48700	1566.08241	1569.41142	1574.80209	1529.01822
6.459935	1	27	1	0	1546.15822	1500.32207	1501.70573	1502.21950	1503.66439	1505.41383	1510.84979	1517.65665	1518.55743	1519.02351	1524.75684	1525.90647	1528.75612	1531.75398	1532.48499	1541.74544	1542.77452	1550.50505	1552.04945	1553.98090	1557.66313	1560.43275	1563.26191	1563.97538	1575.49687	1577.27878	1579.32204	1579.94125	1529.02031
6.479935	1	18	1	0	1546.15336	1501.86105	1502.12630	1501.74442	1505.98916	1512.57172	1516.35057	1518.67125	1524.19033	1524.76157	1535.06570	1538.08684	1558.63159	1566.45342	1571.38555	1573.16178	1576.31731	1578.65448	1579.42142	1529.02031
6.499935	1	17	1	0	1546.15025	1501.48958	1502.75677	1503.33980	1503.70760	1511.19063	1517.92151	1521.06695	1524.74682	1525.48233	1534.35730	1539.90519	1552.13818	1554.12209	1556.35506	1562.58642	1568.32031	1579.50844	1529.02012
6.519935	1	21	1	0	1546.15822	1500.64427	1501.44357	1502.36594	1502.34521	1503.23359	1510.46328	1514.92674	1518.34690	1520.05948	1523.63990	1524.18107	1529.21936	1530.29937	1532.55221	1545.72099	1556.74808	1559.07853	1561.57913	1571.17075	1571.89327	1579.55104	1529.02392
6.539934	1	25	1	0	1546.15181	1501.02375	1502.42229	1502.61282	1502.40301	1504.68945	1505.28799	1510.04563	1510.51763	1514.96332	1516.17728	1518.40894	1519.73528	1527.55666	1530.52752	1537.54305	1542.21272	1544.23220	1548.65691	1553.15706	1554.37744	1555.17307	1556.14632	1562.04442	1576.07692	1578.55519	1529.02012
6.559934	1	26	1	0	1546.15103	1500.76952	1502.10777	1504.34730	1505.39946	1505.72715	1510.32787	1513.41768	1514.32145	1515.04189	1515.41263	1515.90108	1521.31682	1521.83374	1522.74873	1524.83964	1533.86952	1536.04099	1539.07020	1540.69284	1541.23731	1549.51932	1555.10228	1561.24649	1564.92703	1565.93944	1567.62125	1529.02392
6.579934	1	16	1	0	1546.15395	1501.54861	1502.27987	1502.69305	1504.40398	1510.48925	1514.47959	1516.02272	1519.27571	1522.51046	1523.94632	1524.78482	1539.57691	1560.45651	1565.44931	1568.81204	1575.38365	1529.02411
6.599934	1	18	1	0	1546.16269	1501.51029	1502.27309	1501.57372	1503.67303	1503.98931	1524.76611	1525.29446	1527.22528	1529.74262	1531.20722	1537.43676	1558.59861	1560.01314	1561.70484	1565.83517	1567.57270	1571.11495	1571.93747	1529.02411
6.619934	1	17	1	0	1546.15395	1500.25106	1500.67741	1501.43184	1502.15731	1501.77835	1510.80896	1512.86831	1514.76162	1515.44456	1527.93925	1529.29428	1546.38587	1547.18269	1559.92825	1568.71179	1574.26911	1576.60890	1529.02411
6.639933	1	23	1	0	1546.16697	1501.65824	1502.46505	1505.42397	1512.15663	1514.20120	1514.91536	1515.68922	1518.27286	1520.24268	1524.85609	1530.47210	1532.21598	1538.44970	1539.65342	1541.25894	1542.67234	1551.08308	1553.24435	1557.64892	1566.14424	1567.85527	1573.84404	1579.72309	1529.02202
6.659933	1	31	1	0	1546.16425	1501.40526	1501.64541	1502.28758	1504.13977	1509.73273	1510.73769	1514.60977	1515.38575	1516.67183	1517.14873	1521.90926	1524.70600	1528.38414	1530.30966	1532.85477	1535.73870	1536.90918	1542.32063	1543.76699	1545.15588	1550.61824	1551.38322	1553.08626	1557.06993	1557.73829	1558.85740	1560.99206	1563.56499	1567.96721	1572.04637	1579.78457	1529.02012
6.679933	1	20	1	0	1546.15822	1501.75212	1501.98798	1502.26831	1502.16373	1502.86768	1513.47560	1521.69610	1524.75684	1530.32661	1531.00422	1533.37498	1534.14141	1536.65647	1537.91143	1541.61132	1542.49008	1547.92578	1550.35865	1557.33433	1578.38097	1529.02202
6.699933	1	23	1	0	1546.15336	1500.05362	1501.63221	1502.44211	1502.78560	1503.05851	1505.57785	1509.89640	1516.32403	1520.49227	1524.73019	1535.76152	1544.31965	1545.12870	1546.13140	1546.71532	1548.38063	1551.77060	1553.21963	1556.50771	1557.17501	1564.72992	1568.25732	1577.75206	1529.02031
6.719933	1	23	1	0	1546.15609	1500.51684	1501.47455	1502.08355	1503.06917	1503.49840	1504.55452	1511.55448	1512.53154	1513.96839	1519.71782	1521.05924	1524.78104	1531.39483	1534.22925	1536.02334	1537.77182	1539.91985	1544.34059	1554.14546	1559.95417	1561.15295	1564.19359	1565.36881	1529.02202
6.739932	1	20	1	0	1546.14948	1501.58344	1502.31052	1503.94958	1505.94766	1510.71506	1515.48154	1523.46287	1524.18919	1524.78577	1529.72835	1530.59400	1532.28757	1536.05595	1543.64376	1551.19224	1552.11154	1553.28594	1556.82966	1565.24330	1571.46988	1529.02031
6.759932	1	19	1	0	1546.15181	1501.31381	1502.46634	1502.80139	1504.74081	1505.80975	1506.15496	1511.96013	1514.56631	1524.51775	1528.60526	1530.73764	1532.06767	1532.69660	1537.11894	1539.53509	1551.31962	1556.36904	1572.88796	1575.82914	1529.02012
6.779932	1	21	1	0	1546.15103	1511.82167	1512.44003	1513.91751	1514.90062	1517.66171	1522.29732	1524.89863	1535.82212	1539.02918	1540.35071	1543.07416	1546.26067	1547.45504	1550.34556	1553.28672	1553.98758	1555.88626	1561.81590	1567.64084	1570.65247	1572.81173	1529.02221
6.799932	1	28	1	0	1546.16697	1501.00800	1501.94102	1503.18454	1506.16824	1510.57645	1512.11498	1516.22177	1517.21125	1525.72778	1533.29622	1535.08026	1535.81426	1538.63485	1539.69776	1541.58311	1546.26980	1547.52046	1550.25606	1553.97619	1554.91452	1560.62066	1562.95399	1563.87774	1567.90244	1574.71478	1576.04784	1578.48023	1579.87995	1529.02183
6.819932	1	23	1	0	1546.15025	1500.24081	1502.47037	1502.94830	1502.43293	1503.37435	1504.09581	1505.27196	1510.68277	1514.72505	1516.10383	1517.99158	1523.72390	1524.73208	1526.43145	1529.04787	1537.14699	1545.78394	1550.65753	1561.79488	1564.74246	1567.74075	1576.49977	1579.78234	1529.02031
6.839931	1	26	1	0	1546.15239	1500.63896	1501.37172	1501.71307	1502.98375	1504.08422	1512.05103	1513.02520	1513.78167	1517.15903	1520.82770	1523.58554	1525.90306	1530.39135	1536.78147	1540.55678	1542.17597	1542.89394	1548.05652	1555.75243	1565.50650	1568.83586	1571.60422	1572.32372	1574.91945	1577.77048	1578.73209	1529.02031
6.859931	1	18	1	0	1546.15181	1500.48809	1501.07377	1502.06979	1510.23236	1512.79182	1514.41282	1517.42783	1519.57887	1524.84683	1531.50715	1534.84367	1536.86808	1548.29428	1551.43743	1552.23633	1561.87521	1565.22876	1572.92296	1529.02202
6.879931	1	19	1	0	1546.15609	1501.43862	1502.52214	1503.69454	1510.29857	1510.96023	1511.86572	1517.14424	1519.56441	1522.55419	1523.81754	1524.77083	1528.66644	1532.26657	1541.12703	1545.17782	1547.47606	1552.87055	1563.74889	1568.25452	1529.02202
6.899931	1	22	1	0	1546.15550	1501.97606	1502.07603	1505.76071	1511.08443	1513.08700	1515.90948	1524.84588	1525.45943	1531.28787	1540.03207	1541.90626	1543.65035	1546.30246	1549.88682	1552.39856	1559.58228	1560.69176	1567.73336	1571.89909	1573.00726	1574.92208	1577.50718	1529.02202
6.919930	1	20	1	0	1546.15900	1501.06809	1503.00800	1505.48515	1514.35371	1520.62537	1521.18341	1522.07369	1524.78936	1527.81056	1540.79224	1544.10327	1546.06512	1550.72948	1556.85075	1563.90399	1568.77182	1570.63561	1573.53837	1574.30680	1575.89315	1529.02202
6.939930	1	26	1	0	1546.15103	1500.70634	1502.23345	1502.27639	1502.68387	1502.98798	1504.86823	1513.50503	1514.83923	1517.98802	1520.51840	1520.94111	1521.50822	1526.89043	1533.34515	1534.67092	1536.96968	1543.49575	1549.48477	1553.51707	1554.52577	1555.87012	1559.83131	1560.38088	1561.82106	1563.89146	1570.79188	1529.02202
6.959930	1	20	1	0	1546.15239	1501.87958	1502.21620	1501.87866	1503.42727	1506.22431	1511.06159	1512.92712	1513.46797	1523.40399	1524.21356	1524.77197	1530.89826	1544.96974	1557.70534	1564.85972	1566.30540	1573.15695	1575.93434	1577.62030	1579.93211	1529.02411
6.979930	1	27	1	0	1546.16269	1501.07780	1501.69345	1502.21785	1505.29167	1509.72643	1515.11225	1520.99472	1524.83567	1528.47684	1534.64583	1538.10203	1539.89613	1542.08934	1545.76257	1549.59546	1552.55435	1553.56672	1556.36077	1558.19952	1558.77837	1567.64723	1570.66951	1573.69945	1574.83052	1575.72900	1577.42646	1579.33319	1529.02202
6.999930	1	21	1	0	1546.16328	1501.61791	1502.39714	1504.53465	1505.57232	1505.95947	1509.79927	1510.43175	1517.38683	1522.19746	1524.72093	1532.71494	1541.41463	1546.77543	1552.00069	1556.02741	1566.14065	1571.07441	1572.21860	1575.25734	1576.85774	1578.00632	1529.02411
7.019930	1	19	1	0	1546.16056	1500.99957	1501.75433	1502.21547	1501.61112	1503.11895	1510.38407	1512.30817	1519.11057	1522.02415	1523.22437	1529.71447	1533.85441	1537.09512	1539.19964	1543.84548	1549.51503	1570.71024	1576.71583	1579.61353	1529.02031
7.039929	1	22	1	0	1546.15550	1501.17032	1502.83132	1510.80395	1516.34627	1518.29160	1519.53663	1522.16656	1523.54213	1524.57691	1525.62406	1527.31764	1528.51768	1530.14630	1538.36792	1545.77617	1548.66159	1554.72248	1557.11744	1558.24868	1564.01158	1569.16333	1576.76798	1529.02031
7.059929	1	16	1	0	1546.15978	1501.69345	1519.89023	1524.17087	1524.79031	1528.00475	1532.96444	1541.63084	1544.78364	1550.65753	1551.28890	1556.27845	1560.46819	1563.74173	1569.34333	1575.16594	1575.99735	1529.02202
7.079929	1	11	1	0	1546.15978	1500.35044	1501.94194	1502.67341	1504.91997	1505.93586	1513.34506	1524.76630	1533.75819	1537.29628	1547.32868	1561.18843	1529.02202
7.099929	1	19	1	0	1546.15395	1500.26131	1500.91256	1504.87891	1505.44276	1510.16449	1510.49296	1511.42798	1514.55475	1519.96518	1524.64116	1528.73047	1537.33202	1549.95186	1557.19709	1560.67275	1563.08509	1567.82849	1568.66897	1577.16490	1529.02221
7.119928	1	16	1	0	1546.15764	1502.43385	1502.53994	1518.09463	1524.78482	1530.24759	1533.96633	1535.99341	1545.19316	1548.15434	1549.48711	1553.94792	1558.51190	1561.85200	1563.37161	1565.15148	1567.19817	1529.02031
7.139928	1	20	1	0	1546.16056	1502.57482	1502.54105	1515.99170	1519.25601	1521.08558	1544.87135	1546.48640	1546.99003	1549.09892	1551.26464	1552.90447	1559.49982	1561.34936	1562.38196	1563.43362	1567.28305	1568.76522	1570.03410	1570.77744	1579.21152	1529.02221
7.159928	1	20	1	0	1546.15609	1502.22520	1501.90214	1502.27511	1502.13988	1509.79594	1510.85313	1511.65257	1514.80005	1516.84692	1517.45891	1518.53793	1523.12458	1524.80883	1528.67442	1530.00296	1536.18335	1547.44842	1551.67329	1559.70372	1579.61982	1529.02411
7.179928	1	17	1	0	1546.15181	1501.39958	1501.81356	1502.88935	1504.28990	1509.93922	1513.06020	1514.84166	1517.96966	1523.73882	1524.80789	1529.26519	1536.44339	1542.54638	1549.28919	1558.89257	1573.18292	1576.76697	1529.02601
7.199928	1	19	1	0	1546.15395	1501.36164	1503.52432	1513.10562	1514.25471	1521.97292	1524.69560	1525.34913	1525.82223	1528.46069	1536.03427	1537.11241	1540.04499	1541.30858	1546.27214	1555.54917	1562.81218	1568.77982	1576.79729	1578.63624	1529.01822
7.219927	1	19	1	0	1546.15239	1500.82666	1501.89114	1504.63055	1514.22451	1516.49529	1518.92652	1524.79503	1526.41175	1529.03210	1531.18873	1539.24260	1543.74878	1544.90414	1551.70403	1557.20064	1559.01667	1567.35355	1576.38298	1579.64477	1529.02221
7.239927	1	18	1	0	1546.15822	1501.03475	1501.50846	1501.86289	1502.16098	1510.51634	1516.33169	1519.90244	1520.67088	1521.81416	1524.74683	1532.99425	1537.79990	1561.75700	1566.80824	1570.51969	1571.92803	1573.34231	1579.64254	1529.02202
7.259927	1	21	1	0	1546.15609	1500.09424	1501.39628	1501.81154	1502.13676	1502.99973	1503.50337	1505.03194	1509.92940	1510.35032	1512.26522	1514.71162	1519.81510	1520.67445	1527.46162	1533.74327	1547.47315	1551.74730	1560.94946	1562.48875	1569.65418	1578.55196	1529.02411
7.279927	1	20	1	0	1546.15395	1500.25418	1501.62653	1501.60342	1501.98578	1502.47552	1504.66773	1514.26012	1518.74833	1524.77726	1528.24835	1538.91075	1540.42402	1540.94958	1543.65132	1550.26075	1555.92327	1562.62236	1564.94396	1566.86333	1574.07569	1529.02202
7.299927	1	23	1	0	1546.15978	1502.25107	1511.86126	1514.21145	1516.08795	1519.52386	1520.29041	1528.59538	1529.78049	1531.83220	1532.70997	1535.74100	1537.43888	1541.10540	1545.59201	1547.62718	1553.32714	1557.73356	1566.40973	1567.60607	1571.85490	1574.37290	1575.79886	1577.17420	1529.02012
7.319927	1	22	1	0	1546.15609	1501.81154	1502.73877	1512.08877	1514.86051	1515.93172	1521.23911	1523.06554	1524.79598	1526.92001	1528.00741	1531.48637	1533.74959	1534.56790	1537.60110	1543.30923	1553.31066	1558.26527	1570.25882	1571.94470	1574.12102	1576.23589	1578.26430	1529.02221
7.339926	1	27	1	0	1546.15395	1501.00305	1501.88747	1509.60283	1510.54472	1513.32364	1517.21237	1517.71846	1518.54768	1522.52120	1526.01818	1526.41743	1527.74414	1528.93344	1529.61230	1534.82873	1540.78143	1552.66098	1553.54415	1554.96957	1555.85438	1559.18447	1561.31864	1563.13297	1568.71659	1570.66952	1577.69883	1578.49259	1529.02221
7.359926	1	20	1	0	1546.15453	1500.03991	1501.47565	1502.36503	1503.72800	1511.48575	1512.94889	1515.25244	1523.87022	1524.83492	1525.48800	1533.47153	1536.49445	1548.98732	1550.28224	1558.14879	1558.94118	1565.58562	1566.33213	1570.30593	1575.19056	1529.02202
7.379926	1	27	1	0	1546.14734	1500.64555	1502.23859	1502.61374	1510.22290	1516.75769	1517.88385	1521.03234	1522.62883	1524.77367	1526.40682	1528.33685	1529.17544	1530.71268	1532.32136	1542.18236	1546.09058	1547.53662	1548.19293	1552.09823	1554.14389	1555.90713	1557.11271	1558.22242	1559.06015	1559.60918	1569.62974	1577.64236	1529.02202
7.399925	1	20	1	0	1546.15025	1500.98858	1503.98765	1504.57404	1505.30531	1511.97835	1518.43913	1519.17925	1519.58450	1521.40188	1524.73095	1529.72075	1533.63464	1534.87604	1540.02147	1548.82444	1553.32341	1564.50380	1568.22312	1571.27513	1573.66401	1529.02202
7.419925	1	23	1	0	1546.15609	1501.48885	1502.99202	1505.48607	1510.75774	1519.67952	1521.44461	1522.18446	1524.77839	1526.69521	1530.83862	1537.93431	1540.83761	1541.44265	1543.03738	1553.35558	1554.89998	1555.65541	1559.30961	1560.00602	1568.80904	1572.12756	1575.36065	1576.87412	1529.02221
7.439925	1	25	1	0	1546.15336	1500.02051	1501.03090	1502.17327	1501.59957	1502.48212	1503.38409	1503.78537	1511.08369	1512.20330	1521.36820	1522.76513	1523.59989	1524.59354	1533.07049	1535.25982	1538.13781	1549.13151	1550.51561	1551.55251	1560.43632	1566.62562	1567.25888	1568.36411	1574.54906	1579.68495	1529.02202
7.459925	1	24	1	0	1546.14948	1501.03493	1501.94011	1505.30789	1511.16390	1512.27452	1518.14860	1519.33145	1522.48370	1525.99906	1528.86008	1530.06730	1533.19701	1537.14276	1539.67386	1540.24095	1543.51841	1547.14980	1554.21695	1555.81934	1561.11114	1564.86709	1567.89745	1568.93072	1571.44799	1529.02012
7.479925	1	18	1	0	1546.15395	1500.46302	1501.60342	1502.26446	1503.50153	1506.11014	1511.52680	1514.56426	1517.36718	1519.98434	1524.76271	1535.81771	1536.85080	1541.60050	1543.30265	1546.93088	1552.11115	1559.29992	1571.25747	1529.02202
7.499925	1	25	1	0	1546.15822	1501.69143	1503.18031	1503.74326	1505.86598	1510.27131	1516.01749	1519.71407	1520.48194	1520.95691	1524.88767	1527.16289	1527.90717	1530.55133	1532.95813	1538.43450	1542.47674	1543.87125	1546.44693	1550.56154	1551.67114	1560.66799	1561.43698	1562.24463	1567.46782	1575.91880	1529.02012
7.519924	1	19	1	0	1546.15978	1500.86769	1502.46138	1502.80341	1510.84923	1511.74604	1529.21537	1529.93368	1533.88483	1535.20386	1536.91341	1539.36764	1540.23883	1557.21345	1558.06134	1560.19006	1571.15490	1574.44586	1575.26581	1579.78681	1529.02601
7.539924	1	25	1	0	1546.15395	1501.40416	1501.78660	1502.43055	1502.98743	1504.19478	1505.16511	1505.64144	1513.60729	1515.01744	1519.21622	1519.80646	1524.22093	1524.85799	1533.03667	1534.84156	1545.86963	1546.48193	1547.56622	1551.98522	1555.03130	1558.24868	1563.18125	1570.88077	1575.86730	1576.72977	1529.02221
7.559924	1	28	1	0	1546.15395	1500.97393	1501.27276	1501.57849	1502.08924	1502.27180	1502.36301	1504.82514	1510.44900	1513.13820	1519.70036	1521.50672	1523.22343	1524.83379	1526.02178	1527.50790	1534.05453	1535.66852	1536.47372	1537.09243	1541.22321	1551.33547	1553.55082	1557.00921	1558.06490	1562.69800	1565.40030	1571.22856	1573.45161	1529.02392
7.579924	1	22	1	0	1546.15822	1500.29243	1500.87245	1505.61545	1512.76670	1523.38946	1524.74021	1525.90666	1529.94777	1540.45740	1541.79511	1543.75963	1551.95447	1552.68352	1553.49273	1557.27655	1563.71787	1570.64765	1571.66407	1573.03563	1574.40575	1575.37417	1576.27266	1529.02012
7.599924	1	19	1	0	1546.16425	1501.14614	1506.21269	1510.41320	1511.00553	1513.52645	1515.05216	1519.83088	1521.98027	1523.48589	1524.74853	1527.23685	1530.87349	1536.15111	1540.34222	1543.65364	1556.44941	1563.02629	1566.44604	1573.96026	1529.02221
7.619924	1	11	1	0	1546.15609	1505.39062	1517.72951	1523.41531	1526.87736	1528.33476	1531.42592	1546.77659	1571.22374	1574.50955	1578.98404	1579.57498	1529.02012
7.639923	1	27	1	0	1546.14812	1500.68052	1501.77725	1502.11291	1501.84180	1504.51956	1506.27615	1512.77396	1514.00231	1517.93912	1519.29711	1520.49058	1523.04668	1530.64905	1532.70367	1534.85363	1535.46088	1540.32930	1542.32934	1543.98502	1545.96698	1548.15006	1553.98758	1555.17544	1557.10344	1567.11570	1569.62794	1578.53251	1529.02202
7.659923	1	16	1	0	1546.15609	1502.11181	1502.52306	1502.61980	1506.07786	1514.81871	1517.52594	1529.63018	1539.29211	1541.73269	1545.77559	1549.11531	1557.41656	1560.14078	1560.86666	1562.46036	1566.03156	1529.02012
7.679923	1	18	1	0	1546.15609	1501.67768	1502.15933	1503.60924	1505.22774	1506.02143	1515.07623	1521.16798	1524.73908	1534.92240	1535.69230	1539.37361	1541.79337	1546.17144	1553.04586	1562.57888	1564.11442	1567.17880	1578.79857	1529.02031
7.699923	1	17	1	0	1546.15764	1500.44727	1504.00053	1512.55331	1513.18307	1516.03487	1520.53250	1523.21626	1524.88767	1528.03588	1534.67992	1540.76213	1543.34835	1558.41987	1562.70833	1564.80637	1574.33038	1578.57120	1529.02202
7.719922	1	26	1	0	1546.15181	1500.26900	1500.54192	1501.21577	1501.57171	1502.64201	1504.25089	1509.99001	1510.98845	1511.36873	1514.46243	1516.85870	1517.90971	1522.21329	1524.77839	1529.99116	1532.03218	1543.53449	1549.02634	1551.64902	1560.42681	1569.37637	1570.16058	1572.85216	1577.16692	1577.93222	1578.82553	1529.02012
7.739922	1	20	1	0	1546.14890	1501.54769	1502.19327	1501.74552	1503.47580	1511.74752	1512.71424	1516.92213	1529.63285	1533.42316	1537.86931	1539.65555	1542.39220	1544.19710	1548.41104	1561.04179	1563.69143	1565.94004	1574.82588	1577.82209	1579.97616	1529.02202
7.759922	1	21	1	0	1546.14734	1501.11994	1505.60402	1512.78829	1519.08261	1521.02820	1523.33682	1526.11854	1529.55770	1530.26701	1532.98565	1534.43273	1535.19255	1536.71484	1542.15354	1545.80415	1547.43109	1552.55436	1554.34345	1559.25267	1565.04492	1569.42344	1529.02392
7.779922	1	28	1	0	1546.15181	1500.37772	1500.73491	1501.06937	1502.08466	1504.96730	1518.02774	1519.14360	1523.44928	1524.77839	1526.40796	1528.57163	1529.94815	1532.84388	1534.48825	1535.30294	1536.40942	1539.65015	1543.81931	1548.19566	1550.05852	1551.29555	1553.14804	1558.94434	1561.83495	1563.99010	1568.52213	1572.41418	1578.52116	1529.02012
7.799922	1	28	1	0	1546.15687	1500.72575	1502.20685	1505.85326	1510.58758	1512.40265	1513.80068	1515.26738	1516.65089	1522.41378	1523.27606	1529.74034	1534.64353	1535.97826	1537.30800	1538.71667	1544.15814	1547.38086	1547.94975	1552.31333	1553.75828	1558.82559	1564.03545	1565.29530	1567.11809	1570.35545	1575.00457	1576.30802	1578.28294	1529.02031
7.819921	1	26	1	0	1546.16697	1500.59629	1503.60630	1510.17190	1511.21106	1516.41078	1518.63768	1520.01176	1521.93713	1524.69938	1525.73951	1528.45157	1529.73045	1530.40963	1536.47602	1537.77394	1538.66662	1541.99209	1545.66641	1551.40748	1558.44100	1559.36832	1565.94423	1572.78940	1575.07900	1577.44487	1579.57559	1529.02202
7.839921	1	23	1	0	1546.16056	1502.63192	1520.36314	1521.11662	1526.50931	1527.26378	1528.96081	1530.35288	1531.29797	1535.38286	1540.45952	1541.81521	1542.72885	1543.91059	1548.73959	1554.10677	1557.86754	1562.92399	1564.45703	1565.47023	1566.15022	1571.97685	1577.19969	1578.55074	1529.02012
7.859921	1	20	1	0	1546.15686	1504.40527	1504.87614	1510.20695	1511.17893	1515.04712	1524.84683	1530.69629	1531.82075	1532.68953	1533.76030	1535.76689	1545.57220	1550.72166	1559.93280	1560.77692	1561.90833	1566.40195	1568.17933	1575.34430	1579.96357	1529.02411
7.879921	1	14	1	0	1546.15181	1500.27650	1501.11774	1502.23951	1503.94958	1504.49894	1513.56352	1519.46773	1532.85248	1550.62684	1552.47283	1556.65035	1559.21274	1562.58185	1569.11748	1529.02202
7.899920	1	22	1	0	1546.15609	1501.00067	1501.73049	1502.17290	1504.21483	1509.95498	1511.14607	1513.12908	1516.76274	1518.31766	1519.71594	1521.02538	1522.37382	1525.21974	1534.67992	1544.56693	1548.88763	1549.51483	1553.26122	1557.42820	1565.98311	1568.77502	1577.62030	1529.02221
7.919920	1	22	1	0	1546.15103	1501.00855	1502.55041	1505.34271	1512.20981	1516.25280	1516.92044	1524.69673	1527.04456	1527.84093	1530.81137	1531.53633	1534.22925	1538.03932	1551.47775	1555.13886	1558.57076	1559.28331	1562.66524	1563.75605	1569.19736	1571.08505	1579.81055	1529.02601
7.939920	1	27	1	0	1546.15336	1500.55528	1500.98217	1501.62451	1503.35413	1504.49765	1511.67747	1512.88524	1513.81390	1516.22121	1517.87767	1518.91977	1520.08391	1522.15243	1523.01367	1523.64349	1524.82565	1533.61590	1538.92153	1539.92910	1544.83835	1547.72300	1549.45431	1556.24360	1563.49324	1564.68652	1568.47272	1574.65127	1529.02202
7.959920	1	28	1	0	1546.16697	1501.61021	1502.76429	1503.46183	1504.50814	1505.95283	1510.98603	1511.75421	1512.33662	1513.12740	1516.05711	1520.76922	1521.44254	1523.33870	1523.75901	1526.28805	1529.52099	1535.09597	1539.14782	1545.68389	1547.25023	1556.48762	1557.72389	1561.62652	1566.88749	1567.76254	1573.79671	1576.27751	1577.42221	1529.02012
7.979920	1	22	1	0	1546.14734	1500.38943	1500.94883	1502.29639	1512.22022	1513.77161	1516.95000	1518.43838	1520.09706	1523.40758	1524.82641	1527.07452	1529.77668	1537.50653	1549.83897	1557.28976	1561.25482	1563.30484	1570.06797	1573.34231	1575.97170	1577.85367	1579.02620	1529.02392
7.999920	1	26	1	0	1546.15764	1501.41883	1501.70720	1502.06557	1502.23455	1505.25851	1510.72508	1513.59574	1523.51835	1527.06959	1529.66271	1530.90989	1542.31851	1542.84187	1543.77997	1544.57566	1545.43023	1550.99525	1554.75216	1559.55400	1561.02752	1567.85627	1569.61271	1570.68376	1571.56305	1572.63314	1576.42035	1529.01822
8.019919	1	16	1	0	1546.15822	1501.74882	1502.31951	1522.31842	1524.80051	1538.65853	1540.47554	1548.63955	1549.98995	1557.90740	1560.63492	1561.87283	1565.46864	1566.19390	1568.72159	1569.97618	1577.71279	1529.02411
8.039919	1	24	1	0	1546.15822	1501.99036	1502.05549	1503.59490	1511.69587	1513.95646	1522.90146	1524.74399	1527.17920	1529.06955	1532.00508	1536.20292	1541.03028	1541.84556	1543.40336	1547.13034	1549.64974	1550.27814	1551.62181	1558.53283	1561.72368	1565.14191	1567.95341	1573.71676	1578.10978	1529.02221
8.059919	1	23	1	0	1546.15609	1502.49148	1502.28666	1512.66232	1514.67207	1517.26590	1519.03740	1524.72452	1530.49438	1531.00346	1536.35894	1537.12317	1540.60695	1556.94890	1558.43172	1559.62579	1560.31812	1563.72503	1569.58928	1572.73671	1575.70094	1576.40863	1576.89494	1579.33664	1529.02012
8.079919	1	25	1	0	1546.15822	1500.22636	1501.06864	1502.47680	1502.37016	1502.58547	1502.50800	1503.26611	1505.54136	1506.07233	1515.39210	1517.68343	1527.82157	1534.50337	1536.38849	1543.35881	1543.95905	1549.00254	1554.78419	1557.22863	1559.52651	1565.56688	1566.23997	1568.38111	1569.38698	1575.63291	1529.02411
8.099919	1	22	1	0	1546.15609	1500.52745	1500.93985	1501.34863	1502.19749	1502.57464	1503.48002	1504.62208	1516.81137	1521.88760	1523.09194	1533.02635	1538.79868	1541.38430	1543.47909	1547.71871	1549.47813	1553.56436	1556.01579	1558.92695	1560.39949	1567.10351	1579.53522	1529.02012
8.119918	1	27	1	0	1546.16211	1500.53862	1500.87226	1502.32759	1502.62788	1510.03266	1513.10264	1513.98293	1514.49320	1515.78113	1517.56208	1518.62550	1521.90700	1524.72906	1525.80519	1527.77469	1529.49607	1534.01799	1541.79511	1543.55987	1544.58012	1545.72138	1559.83665	1565.94183	1566.49692	1569.86275	1572.25919	1576.87876	1529.02202
8.139918	1	20	1	0	1546.14578	1500.47986	1500.75670	1501.93002	1503.09084	1505.76974	1511.43299	1519.42080	1521.18830	1522.69651	1524.22093	1524.86347	1532.03847	1536.78397	1542.74626	1546.08261	1547.74559	1549.31455	1557.04962	1563.88251	1579.28736	1529.02031
8.159918	1	28	1	0	1546.15764	1501.33397	1502.08319	1501.70757	1502.24409	1505.73158	1509.91679	1512.08542	1512.82197	1513.76788	1514.92805	1516.69577	1519.22748	1522.41019	1524.39323	1529.62333	1544.17093	1549.55407	1550.40224	1553.08175	1555.56884	1560.64442	1562.40082	1566.08241	1567.93642	1569.18815	1572.18744	1574.46863	1578.66826	1529.02392
8.179918	1	28	1	0	1546.15900	1501.18663	1502.59501	1502.41623	1503.32988	1505.19808	1509.92328	1511.76257	1514.19729	1514.74781	1518.64031	1524.66403	1525.51165	1528.59215	1532.41052	1536.97833	1538.97757	1543.50524	1552.25631	1552.96447	1553.54199	1556.25758	1557.29528	1557.86990	1560.73434	1563.74173	1567.24869	1571.19805	1575.39011	1529.02202
8.199918	1	21	1	0	1546.14948	1500.77684	1502.21088	1501.78917	1502.80763	1503.13089	1503.59306	1505.30033	1515.11057	1523.34474	1523.90742	1524.77367	1531.56552	1533.43673	1538.77500	1540.85478	1548.27108	1553.71313	1560.82169	1564.50738	1568.73120	1579.04404	1529.02031
8.219917	1	22	1	0	1546.15395	1500.12096	1501.29914	1502.03677	1503.25931	1503.63185	1504.79771	1505.97237	1510.84608	1512.19809	1518.93009	1520.58683	1524.75987	1526.44660	1530.89064	1535.00765	1539.23412	1548.04775	1551.15722	1553.13117	1568.90430	1572.65325	1578.93032	1529.02411
8.239918	1	29	1	0	1546.15609	1501.40361	1502.05640	1509.94830	1513.92198	1515.51235	1520.13520	1524.77461	1525.91045	1531.46749	1532.55641	1533.64325	1534.87393	1535.89635	1541.67181	1545.33566	1546.03577	1547.83636	1552.79448	1553.51039	1554.14841	1565.09610	1566.99310	1567.60127	1568.61695	1571.41205	1574.30680	1575.33643	1576.24054	1578.55641	1529.02202
8.259917	1	18	1	0	1546.16056	1502.69911	1504.18723	1511.32489	1514.22786	1514.76927	1517.75011	1519.11901	1524.83946	1528.29716	1540.15048	1543.02421	1545.03340	1554.45268	1564.71777	1567.08414	1571.22936	1573.26341	1577.36637	1529.02411
8.279917	1	22	1	0	1546.15978	1501.83813	1501.67676	1504.00292	1504.69037	1505.12993	1513.07397	1514.30057	1520.20528	1520.90951	1524.79597	1532.77472	1533.27633	1535.07432	1536.70294	1538.44951	1549.08799	1549.70852	1551.92568	1557.10482	1560.78623	1569.18274	1573.36123	1529.02392
8.299917	1	28	1	0	1546.15764	1501.41608	1503.59545	1504.48955	1509.84876	1511.53181	1511.97984	1512.90534	1515.87361	1516.56205	1517.84245	1518.40894	1519.58187	1523.03932	1524.88767	1527.44833	1528.22518	1530.02523	1537.11894	1537.95085	1542.64641	1545.09299	1552.18481	1556.23020	1560.77712	1566.31018	1571.38113	1575.36952	1576.61395	1529.02202
8.319916	1	25	1	0	1546.15550	1502.79863	1506.17432	1510.45567	1511.05157	1511.69791	1517.31476	1517.89565	1519.55108	1520.94036	1522.86526	1524.82925	1532.73518	1534.30505	1538.78790	1549.59761	1556.17153	1558.34484	1559.17004	1561.65487	1565.17319	1566.30540	1571.13081	1576.30357	1577.09229	1578.51771	1529.02411
8.339916	1	27	1	0	1546.15822	1500.74571	1501.08567	1501.62909	1502.44706	1506.27302	1515.08874	1516.10346	1519.85022	1520.26128	1522.82585	1523.69106	1524.81998	1530.47419	1531.25298	1532.39734	1534.22408	1539.22102	1546.85286	1547.42661	1548.47850	1553.31203	1556.46438	1560.02283	1566.43627	1571.50341	1573.23262	1578.45511	1529.02221
8.359916	1	28	1	0	1546.16328	1500.70121	1501.86582	1502.47772	1502.80451	1502.72096	1503.08754	1503.58351	1511.02576	1516.21598	1520.32462	1524.76724	1525.52093	1528.96290	1529.46107	1532.49625	1537.99105	1539.67386	1549.86279	1553.72039	1556.85765	1557.96621	1559.01805	1563.39804	1566.30779	1568.59995	1572.36191	1573.39222	1574.95233	1529.02202
8.379916	1	26	1	0	1546.15336	1501.46850	1501.79870	1501.97312	1504.24261	1505.85289	1512.07892	1516.00385	1516.89500	1523.55100	1528.16651	1530.19904	1530.85291	1535.33533	1538.34155	1540.94765	1547.29598	1548.27615	1556.08312	1559.33293	1568.00679	1569.58928	1571.09468	1572.04556	1572.77130	1576.71825	1578.76634	1529.02411
8.399915	1	18	1	0	1546.15395	1500.37826	1502.05292	1506.00852	1511.91032	1515.07138	1522.68614	1528.50837	1530.59609	1533.09457	1544.88667	1546.89741	1548.62863	1553.54631	1554.96033	1556.51697	1557.30238	1572.88313	1574.45453	1529.02411
8.419915	1	19	1	0	1546.16056	1500.43428	1502.18611	1511.61746	1512.07724	1512.74177	1513.39124	1514.02766	1515.15649	1522.23326	1523.05384	1524.80977	1528.30703	1537.62494	1540.71001	1543.12198	1547.62406	1549.99327	1570.24177	1574.49947	1529.02411
8.439915	1	18	1	0	1546.15609	1501.86509	1505.99303	1512.33160	1513.14602	1518.23462	1518.71213	1523.46154	1537.78471	1541.19308	1544.83389	1547.26113	1554.34797	1558.28402	1562.08013	1564.79999	1567.64243	1568.40371	1571.87759	1529.02012
8.459915	1	25	1	0	1546.15609	1506.07233	1511.10374	1521.30986	1524.77650	1528.34065	1529.75499	1532.28966	1534.27634	1537.74394	1538.64140	1539.99350	1543.53798	1546.17358	1546.76551	1547.86909	1550.41983	1551.03672	1557.72685	1560.11248	1567.79791	1568.93292	1570.04693	1574.90090	1576.39934	1577.11879	1529.02202
8.479915	1	30	1	0	1546.15550	1501.39188	1502.34814	1502.56785	1502.61356	1502.96630	1503.29680	1504.25163	1506.00594	1513.43817	1514.17025	1518.63600	1523.29682	1524.36753	1526.36135	1528.65466	1531.76962	1532.45635	1538.53130	1541.23518	1542.79929	1543.67224	1549.84404	1553.56652	1558.46450	1560.51294	1563.31676	1568.68158	1572.73550	1574.94850	1577.63427	1529.02012
8.499914	1	19	1	0	1546.15609	1500.76769	1502.38613	1511.67673	1514.50308	1516.24065	1520.77843	1524.79314	1530.87501	1531.72250	1533.04718	1536.29560	1538.67201	1545.81930	1548.26524	1552.68588	1556.75734	1564.68413	1567.90144	1577.12951	1529.02012
8.519914	1	27	1	0	1546.15686	1504.19882	1504.73363	1505.64383	1506.13190	1511.58495	1514.23308	1517.18373	1518.32778	1522.03470	1524.81809	1529.24009	1530.91275	1532.39734	1535.27476	1538.39582	1548.23269	1549.96065	1553.68604	1554.45052	1557.21227	1561.10559	1562.39129	1566.63281	1571.77032	1576.61395	1577.62860	1578.91450	1529.02221
8.539914	1	19	1	0	1546.15822	1503.31003	1510.60354	1515.13615	1519.62356	1521.97800	1524.78199	1527.22338	1530.41668	1531.30636	1532.57016	1537.51941	1538.55767	1544.05267	1545.65767	1550.83429	1556.58533	1564.48211	1576.46946	1578.20516	1529.01822
8.559914	1	21	1	0	1546.15181	1500.35227	1502.33566	1502.74556	1505.16456	1511.22591	1514.37385	1519.54414	1522.68746	1524.20298	1524.74304	1530.19085	1532.01710	1533.91180	1538.85356	1542.64912	1544.27815	1547.04724	1552.48615	1555.45453	1562.24006	1572.61403	1529.02202
8.579914	1	23	1	0	1546.15822	1501.96523	1505.33994	1506.02419	1511.93839	1512.54159	1515.06764	1515.74732	1520.43645	1523.24154	1524.16955	1524.76327	1527.12136	1528.30304	1531.26747	1533.42487	1539.79337	1546.21304	1552.68999	1553.93771	1560.76028	1562.69085	1572.22583	1575.45227	1529.02202
8.599913	1	19	1	0	1546.15181	1501.53907	1501.81686	1512.33439	1513.97938	1515.70585	1516.59796	1521.53778	1524.75231	1538.89245	1542.08296	1543.53275	1554.81623	1559.33036	1560.35356	1562.98120	1568.51493	1569.75596	1572.06064	1575.96342	1529.02411
8.619913	1	19	1	0	1546.16483	1501.91938	1513.05517	1513.80720	1519.47299	1522.46654	1524.77839	1527.54869	1531.67595	1534.41990	1544.33943	1549.88975	1550.88749	1559.31889	1561.73082	1566.52844	1570.67674	1572.54748	1574.95979	1576.75868	1529.02202
8.639913	1	29	1	0	1546.15550	1500.40462	1501.52697	1502.02962	1502.52654	1502.92829	1502.56950	1502.99900	1504.84466	1517.67088	1518.39245	1519.41048	1522.42452	1523.45249	1524.78577	1527.25979	1534.38315	1538.31365	1539.14994	1541.66330	1543.25888	1549.05521	1550.29318	1551.54586	1552.44853	1554.02037	1562.12616	1568.51632	1574.43780	1579.64477	1529.02202
8.659913	1	19	1	0	1546.15395	1501.03841	1502.99900	1505.60697	1506.02014	1514.78886	1522.38343	1524.74966	1526.98048	1527.83315	1529.51414	1530.08424	1532.72124	1545.19878	1556.39229	1559.30229	1566.80265	1568.37391	1577.61808	1578.40062	1529.02012
8.679913	1	24	1	0	1546.15609	1500.10705	1500.72410	1502.03311	1502.00724	1502.62824	1506.28833	1510.62302	1516.78144	1520.43983	1525.58375	1527.52744	1532.86107	1535.07873	1543.74800	1546.07950	1546.68264	1547.40325	1548.79830	1554.57843	1556.21091	1558.13063	1568.29371	1572.42363	1578.28921	1529.02411
8.699913	1	25	1	0	1546.15025	1501.44357	1502.96043	1505.23640	1506.02788	1511.95196	1516.88134	1517.56058	1520.89804	1524.78936	1529.47096	1531.80396	1536.49445	1537.12317	1538.58096	1543.28948	1545.25237	1546.41426	1547.16518	1551.80290	1553.66602	1556.80857	1558.74301	1571.49136	1577.71279	1578.37408	1529.02202
8.719913	1	26	1	0	1546.15181	1502.43991	1502.58217	1502.96685	1502.88054	1504.94446	1506.30235	1518.17278	1520.46239	1523.67841	1524.70600	1527.20992	1529.36179	1531.98790	1539.21467	1545.00428	1552.52456	1553.98306	1554.88936	1555.51690	1562.97643	1569.94732	1570.77022	1573.72321	1575.03039	1577.00271	1579.90431	1529.02012
8.739912	1	25	1	0	1546.16056	1501.33671	1501.92763	1503.28633	1504.15430	1504.88793	1506.15440	1512.38832	1513.80273	1514.31232	1520.10758	1520.68347	1523.28870	1524.73643	1533.04947	1539.41947	1542.35970	1550.06497	1551.38615	1552.40855	1553.67956	1554.63090	1570.52410	1573.78664	1575.17280	1576.29852	1529.02012
8.759912	1	22	1	0	1546.16133	1500.50622	1501.71508	1501.81612	1502.90404	1510.53823	1512.44263	1519.08768	1522.22252	1528.35413	1529.97860	1532.48365	1535.39590	1540.81154	1547.25023	1548.46758	1550.31937	1551.68641	1553.20630	1558.02838	1564.59615	1567.84887	1574.69603	1529.02031
8.779912	1	31	1	0	1546.15978	1501.33873	1501.90269	1502.13584	1504.78224	1505.67941	1513.78037	1514.19859	1519.28960	1521.51745	1523.38286	1524.20487	1524.75231	1531.19903	1533.67729	1536.29196	1537.23345	1538.28980	1539.56515	1543.77203	1546.61709	1547.50508	1555.12018	1557.69607	1560.97522	1561.64793	1563.74412	1566.35886	1568.19893	1569.89421	1574.14116	1579.24133	1529.02221
8.799912	1	25	1	0	1546.15550	1501.52423	1501.83776	1502.12410	1502.25198	1504.89916	1505.19882	1510.12833	1512.13655	1519.33333	1521.52366	1521.97650	1522.91768	1524.79030	1527.77469	1534.36802	1536.44569	1542.31889	1544.67169	1551.00836	1559.80223	1564.05216	1570.23937	1575.97736	1576.77162	1578.76634	1529.02221
8.819911	1	18	1	0	1546.15181	1501.42396	1502.28648	1501.77156	1501.64963	1504.17803	1509.97926	1512.90032	1515.39490	1518.91771	1521.83958	1524.64683	1529.86898	1533.11330	1534.14256	1541.62639	1544.84495	1553.42327	1570.25400	1529.02411
8.839911	1	27	1	0	1546.15181	1500.34202	1502.26152	1501.62451	1502.08190	1514.68849	1515.42683	1515.95414	1516.76947	1517.31644	1518.36414	1519.19576	1520.79028	1521.85992	1526.15320	1530.24054	1530.89617	1535.00113	1536.90284	1539.49712	1540.20642	1540.80942	1544.30433	1545.00875	1553.25220	1554.68671	1557.96522	1576.25913	1529.02202
8.859911	1	21	1	0	1546.15103	1500.51647	1502.16061	1503.40724	1513.98870	1516.68904	1522.12191	1534.20915	1535.00765	1535.91093	1536.47813	1537.44329	1542.37305	1548.41962	1553.12431	1555.66466	1558.86906	1564.19817	1572.51712	1573.73730	1577.16955	1578.51204	1529.02221
8.879911	1	23	1	0	1546.15978	1501.82438	1502.52948	1504.59999	1510.89582	1515.34616	1518.98374	1520.28740	1521.54945	1522.89976	1523.80848	1525.59870	1526.75244	1528.74548	1531.16872	1538.07183	1542.94175	1544.73552	1547.11924	1551.51376	1552.40973	1559.63647	1566.70804	1579.26505	1529.02202
8.899910	1	22	1	0	1546.15978	1501.49709	1502.34576	1502.54251	1502.79294	1503.94958	1509.57596	1519.21134	1520.82770	1524.76913	1534.26485	1536.47160	1538.11703	1538.85259	1539.49924	1545.53277	1546.95111	1550.04758	1554.19378	1558.02502	1561.32240	1567.26327	1574.58273	1529.02031
8.919910	1	25	1	0	1546.15395	1500.86109	1502.55610	1502.93857	1504.46213	1505.22148	1511.27308	1512.95075	1514.45385	1519.40785	1524.83378	1527.07813	1528.75803	1534.35769	1536.66876	1541.35552	1544.06799	1544.63968	1546.56302	1548.12823	1553.55101	1557.98733	1559.66119	1563.52683	1567.96241	1574.19597	1529.02221
8.939910	1	17	1	0	1546.15686	1502.59171	1502.44816	1503.01829	1502.54931	1505.41144	1510.74605	1520.33514	1524.80977	1527.04646	1528.21151	1534.60428	1535.54734	1538.63485	1539.94356	1550.65519	1555.23974	1556.77586	1529.01993
8.959910	1	16	1	0	1546.16541	1500.06424	1503.94646	1516.03767	1524.75344	1526.58890	1527.37530	1530.89826	1537.01041	1542.08509	1542.72672	1545.28964	1554.41142	1559.57852	1571.05394	1577.32025	1578.16203	1529.02031
8.979910	1	22	1	0	1546.16269	1501.76679	1501.86564	1501.88105	1502.91892	1510.15781	1511.53516	1512.43092	1513.63933	1515.21137	1517.66264	1521.26413	1523.80338	1524.80505	1527.71055	1528.73674	1531.02080	1531.75302	1547.19145	1554.38647	1557.05652	1562.85130	1568.14774	1529.02202
8.999909	1	20	1	0	1546.15822	1502.02136	1502.39292	1502.33162	1502.93747	1506.24516	1511.68825	1516.51885	1517.07818	1524.84494	1534.99673	1536.70563	1538.73823	1539.61141	1548.21086	1548.71132	1553.91061	1559.24101	1570.41641	1575.52230	1576.87755	1529.02202
9.019909	1	30	1	0	1546.15686	1500.10266	1500.88527	1501.60049	1501.79907	1502.85317	1503.99630	1515.26252	1516.52577	1523.09685	1524.26494	1528.24835	1529.11555	1529.65624	1531.31227	1532.74301	1537.78913	1539.00337	1541.06871	1541.78216	1548.76787	1550.37820	1552.15581	1553.11980	1556.10872	1561.34480	1562.19164	1563.02629	1567.64563	1574.51439	1578.67110	1529.02202
9.039909	1	21	1	0	1546.15609	1501.81502	1501.84492	1504.84318	1511.42315	1514.41804	1515.96442	1517.88123	1520.60074	1523.01574	1524.81715	1526.37746	1526.99830	1530.81328	1534.74944	1541.21992	1553.05409	1560.56402	1563.45508	1568.26691	1569.23660	1577.86743	1529.02202
9.059909	1	17	1	0	1546.15822	1501.66704	1502.79826	1505.61877	1509.66769	1513.99802	1518.33846	1524.80240	1528.03911	1529.03190	1531.44880	1554.16216	1556.15518	1557.42642	1559.46521	1566.31757	1566.89328	1577.82351	1529.02012
9.079909	1	23	1	0	1546.15025	1502.00486	1502.74593	1512.33365	1514.32276	1514.76852	1516.15654	1517.06527	1519.08937	1524.81261	1525.53493	1527.72080	1532.52910	1540.29689	1541.21239	1550.10639	1559.63647	1562.41292	1564.63695	1566.94438	1568.96735	1572.88072	1575.01869	1579.78904	1529.02031
9.099908	1	21	1	0	1546.15395	1502.53223	1502.41990	1506.16953	1510.83142	1511.99638	1513.00622	1521.45496	1533.20542	1535.22532	1538.88475	1542.03095	1548.23269	1551.48205	1552.22536	1557.94036	1563.33822	1564.68731	1572.00317	1575.40000	1577.15519	1579.49951	1529.01803
9.119908	1	27	1	0	1546.16269	1500.59428	1501.52331	1501.93772	1502.26061	1502.27455	1503.06384	1504.06729	1511.24541	1512.10011	1512.59070	1513.29012	1519.05841	1519.56798	1524.71715	1527.00418	1528.53743	1531.38034	1532.22037	1546.27428	1552.07825	1554.34345	1558.65510	1563.09224	1565.59817	1566.27388	1567.11489	1575.06952	1529.02221
9.139908	1	16	1	0	1546.15395	1500.00825	1502.47698	1505.97883	1511.27457	1514.88532	1515.74003	1524.44859	1527.22148	1533.36446	1536.75613	1548.25880	1550.51775	1551.37226	1560.40088	1565.34710	1577.05084	1529.02202
9.159908	1	24	1	0	1546.16211	1500.10705	1500.48096	1501.88343	1511.12174	1513.57693	1515.62945	1519.12708	1520.03731	1521.60216	1524.77556	1527.45403	1530.97449	1535.19734	1536.88114	1547.36139	1552.72116	1554.89761	1558.11089	1559.06212	1560.48126	1561.90833	1563.00404	1568.80184	1575.08465	1529.02202
9.179908	1	20	1	0	1546.15550	1501.23262	1501.84437	1501.61222	1502.76081	1503.77673	1505.95264	1509.96758	1512.95243	1513.31265	1516.54466	1517.34190	1522.64900	1525.08375	1530.01305	1543.48936	1546.84196	1553.90158	1555.83784	1574.81862	1576.84621	1529.02411
9.199908	1	28	1	0	1546.15609	1501.68501	1503.64435	1504.06233	1505.47612	1512.50587	1513.26722	1514.01759	1517.48643	1518.63862	1520.46088	1522.43959	1523.16928	1524.51189	1526.52391	1527.35994	1528.92090	1530.04446	1532.63337	1538.91710	1541.25121	1548.17383	1549.42777	1555.48365	1557.45029	1558.25520	1573.97919	1576.94387	1578.09824	1529.02202
9.219907	1	23	1	0	1546.15395	1500.02581	1503.52101	1504.72645	1509.66194	1511.01425	1517.75011	1518.57018	1520.51314	1524.37301	1526.32707	1534.45187	1537.62282	1540.28184	1547.65989	1554.59906	1556.75044	1559.85307	1563.36922	1564.44847	1570.96022	1571.59418	1574.72909	1576.20014	1529.02221
9.239907	1	18	1	0	1546.15395	1500.30615	1501.44137	1501.68519	1503.20952	1504.28401	1504.79273	1505.93752	1512.71330	1514.62264	1522.40021	1523.71144	1524.83775	1528.03132	1534.30638	1539.94395	1557.77361	1573.36304	1575.59557	1529.02221
9.259907	1	21	1	0	1546.16211	1501.36989	1501.53541	1503.82030	1504.31142	1506.15606	1510.96246	1513.99616	1516.28290	1520.25659	1520.89879	1524.69125	1527.74547	1532.28127	1537.83432	1538.39986	1539.32448	1543.38709	1559.79827	1568.28391	1573.66240	1577.50435	1529.02221
9.279907	1	23	1	0	1546.15103	1500.76677	1501.72462	1502.25180	1501.63331	1503.08221	1517.07799	1524.90544	1529.33384	1530.81804	1531.51135	1532.38302	1533.94011	1536.60809	1538.86107	1543.88908	1547.92364	1548.89427	1549.97159	1553.09077	1553.72216	1557.51774	1562.96213	1578.31656	1529.02411
9.299906	1	21	1	0	1546.15103	1501.42066	1501.84253	1501.76569	1502.04338	1503.64141	1513.31172	1514.12551	1516.66996	1517.82072	1520.84952	1521.95992	1524.72376	1535.50401	1544.26942	1545.40848	1550.46126	1551.56113	1554.78655	1559.89976	1568.88969	1575.81642	1529.02202
9.319906	1	25	1	0	1546.15609	1500.54814	1501.21008	1501.49984	1501.91700	1502.29841	1503.95087	1504.53225	1519.97081	1524.71601	1529.01822	1530.61838	1531.08980	1532.63548	1533.55432	1538.07395	1538.71186	1542.24037	1552.61492	1553.49705	1557.68206	1560.06281	1566.40474	1567.64983	1568.61695	1574.71498	1529.02411
9.339906	1	21	1	0	1546.16056	1501.91186	1502.19235	1502.47294	1502.52397	1505.05404	1509.79149	1511.96869	1513.65126	1518.89369	1521.75635	1524.75495	1529.34183	1530.94267	1531.61129	1535.34185	1536.98274	1538.23862	1540.40550	1542.59417	1565.42201	1566.26431	1529.01822
9.359906	1	17	1	0	1546.15609	1500.81933	1501.45072	1513.44692	1514.95138	1516.46500	1520.45938	1524.27042	1535.28358	1536.22902	1540.21934	1544.05054	1545.10696	1547.97157	1553.09077	1555.44981	1558.01555	1564.02093	1529.02202
9.379906	1	19	1	0	1546.16269	1505.55112	1511.86683	1512.99617	1524.74758	1534.81283	1543.27883	1546.96434	1547.78630	1552.30568	1555.50155	1556.00654	1558.73036	1559.81707	1561.70465	1563.76559	1568.79143	1572.09419	1573.18050	1579.01282	1529.02601
9.399905	1	12	1	0	1546.15395	1501.85134	1502.16831	1501.92617	1504.38318	1510.77815	1511.73693	1514.05655	1519.01319	1520.53589	1521.13468	1533.15592	1571.34479	1529.02012
9.419905	1	24	1	0	1546.14948	1502.18281	1501.78403	1502.89045	1510.32898	1510.75903	1512.18470	1513.08533	1514.59615	1517.86400	1520.97629	1524.82282	1528.86597	1531.12144	1532.47449	1537.84739	1541.18883	1544.14689	1545.51549	1548.85038	1551.95231	1556.42833	1562.40320	1566.17216	1578.32162	1529.02012
9.439905	1	17	1	0	1546.15394	1500.04429	1500.24319	1500.48663	1501.62432	1504.75849	1513.20559	1515.79271	1518.79090	1520.38927	1530.22017	1539.64918	1548.16077	1554.06141	1555.49053	1558.94434	1559.89738	1569.47310	1529.02411
9.459905	1	25	1	0	1546.14675	1502.36190	1502.88549	1503.32381	1504.63312	1512.00307	1514.58683	1516.65462	1517.33273	1517.74374	1519.92535	1521.58785	1524.89693	1527.32618	1529.69791	1531.53843	1533.94336	1537.18368	1538.68067	1543.24164	1545.31877	1545.96464	1555.41519	1558.74537	1562.88467	1569.97137	1529.02031
9.479905	1	19	1	0	1546.15686	1504.24077	1505.03488	1509.95664	1513.71050	1514.13110	1522.06126	1524.73567	1530.75173	1531.29816	1532.38092	1535.58204	1542.98085	1543.93695	1549.54099	1551.04122	1554.50985	1555.99492	1566.95416	1571.81190	1529.02411
9.499904	1	31	1	0	1546.15394	1500.03277	1501.83226	1501.93093	1501.89553	1504.28805	1505.85362	1510.64083	1515.68082	1517.17100	1517.95635	1518.85599	1519.30123	1524.73869	1528.09037	1531.81026	1534.14676	1535.88714	1538.86106	1539.53085	1545.09240	1548.57423	1550.83762	1551.75160	1556.65744	1558.84317	1562.81456	1564.87426	1566.30061	1570.06557	1571.12217	1575.92909	1529.02202
9.519904	1	24	1	0	1546.14948	1500.39510	1502.29437	1505.09861	1510.35291	1513.49125	1514.25806	1519.59933	1520.28515	1520.72089	1523.81207	1524.78198	1526.13634	1527.16459	1532.16348	1533.37708	1540.75093	1543.56413	1544.34815	1544.88628	1551.55877	1558.66280	1561.88512	1567.95501	1578.44599	1529.02202
9.539904	1	16	1	0	1546.15608	1502.56454	1502.33291	1510.11090	1518.90382	1520.90782	1521.94956	1524.81639	1527.95880	1532.84005	1542.06131	1546.06648	1548.40441	1550.92073	1555.00790	1568.50032	1572.63072	1529.02202
9.559904	1	19	1	0	1546.16133	1502.17253	1511.51565	1512.87352	1513.61418	1515.61955	1523.91402	1535.44995	1539.02706	1540.71213	1542.55509	1543.55425	1544.24247	1548.63682	1552.20694	1555.87937	1559.32087	1567.10830	1568.30331	1573.86780	1529.02411
9.579904	1	22	1	0	1546.15900	1501.29548	1501.98266	1504.67859	1505.77656	1511.21626	1513.86477	1515.11916	1516.35936	1524.76799	1526.99451	1534.28648	1537.86681	1545.63552	1547.02544	1553.03173	1559.06430	1564.89576	1566.95536	1568.52933	1570.35304	1573.65213	1579.41554	1529.02031
9.599904	1	18	1	0	1546.15550	1501.53816	1503.85487	1504.45385	1505.83556	1509.60227	1510.27204	1510.70596	1514.48126	1516.97582	1521.49938	1524.78765	1531.00651	1532.64521	1541.27188	1544.96275	1547.40480	1577.75205	1578.46645	1529.02012
9.619903	1	22	1	0	1546.15550	1505.31304	1509.82855	1510.75105	1512.13487	1514.75229	1515.21137	1519.63782	1520.68742	1521.21445	1524.78860	1526.58643	1528.16840	1529.52213	1532.76631	1538.53804	1539.94607	1544.56615	1549.39555	1551.35484	1561.12224	1563.21403	1563.96862	1529.02012
9.639903	1	20	1	0	1546.15550	1501.37868	1502.03512	1504.88866	1511.18265	1512.34704	1519.65735	1526.59268	1527.18412	1531.82590	1532.54896	1540.66523	1541.54195	1542.98956	1544.24460	1546.02605	1546.62370	1549.21853	1550.84642	1559.22914	1560.18333	1529.02411
9.659903	1	18	1	0	1546.16055	1503.20199	1506.18963	1509.81447	1514.40107	1515.59359	1520.36840	1524.76346	1530.58181	1540.00199	1544.05713	1548.19137	1551.26914	1552.08294	1553.25671	1560.52996	1565.41703	1567.55312	1569.19495	1529.01993
9.679903	1	23	1	0	1546.16055	1501.34129	1502.37603	1510.07585	1510.94204	1518.76915	1519.92855	1522.70725	1524.74777	1527.11377	1529.86688	1530.70887	1535.72585	1538.05548	1544.84708	1547.91701	1548.42839	1548.96761	1554.03058	1569.62012	1571.27272	1574.47669	1578.13246	1579.78234	1529.02202
9.699902	1	23	1	0	1546.15550	1501.74790	1502.24721	1502.45128	1504.08311	1505.70798	1510.30654	1515.36054	1520.57442	1521.30101	1524.77650	1526.24050	1529.25625	1530.21617	1531.31646	1531.87932	1533.00705	1541.05307	1544.60864	1559.68591	1562.76631	1563.61370	1569.13710	1572.82601	1529.02411
9.719902	1	20	1	0	1546.15181	1501.70041	1505.05404	1506.17322	1513.60207	1520.94205	1521.55415	1524.15311	1524.80977	1527.76558	1534.11021	1536.24206	1539.60061	1544.87561	1551.27814	1552.23123	1553.29496	1559.18684	1561.62413	1565.51845	1571.82616	1529.02411
9.739902	1	18	1	0	1546.15608	1500.32939	1502.35988	1513.20224	1513.79359	1524.83756	1525.53114	1529.59023	1531.19292	1536.78397	1537.70703	1539.95648	1543.08732	1545.08076	1547.23271	1548.56760	1552.97800	1578.61801	1579.28614	1529.02031
9.759902	1	24	1	0	1546.16483	1500.30798	1500.73088	1502.10355	1502.72188	1504.63073	1505.36205	1516.18981	1523.14570	1524.72830	1530.39744	1531.41962	1535.67714	1536.50846	1541.51857	1543.32879	1547.41142	1548.11517	1551.06782	1557.31086	1559.66000	1561.46552	1568.38111	1569.57886	1578.13003	1529.02202
9.779902	1	17	1	0	1546.15822	1502.84178	1510.44640	1511.75588	1514.10091	1517.84920	1520.24681	1522.83112	1527.05139	1528.37445	1538.21861	1540.96039	1550.14917	1555.46457	1558.65806	1561.27721	1574.59220	1576.39469	1529.02392
9.799901	1	19	1	0	1546.15608	1500.81841	1503.15900	1514.02095	1517.39001	1518.10325	1521.27636	1524.30159	1535.41104	1540.36016	1541.33543	1542.92645	1544.08117	1546.10360	1549.61713	1560.96135	1561.64773	1564.27775	1569.48652	1575.97150	1529.02411
9.819901	1	24	1	0	1546.14948	1500.36124	1500.75761	1502.88586	1503.29239	1503.68075	1504.42845	1510.20231	1510.97378	1515.90257	1520.67651	1524.76989	1528.07689	1533.97723	1540.59981	1545.42984	1547.32459	1549.14575	1551.23411	1552.59767	1557.16988	1559.90965	1566.27148	1569.78020	1579.80426	1529.02202
9.839901	1	20	1	0	1546.15822	1501.44723	1502.40118	1503.77231	1512.90031	1516.89855	1524.09324	1524.74871	1525.50314	1529.37587	1538.88378	1541.99944	1548.44672	1549.80791	1558.99374	1559.88987	1561.23579	1569.40521	1570.39234	1574.09925	1577.83585	1529.01993
9.859901	1	24	1	0	1546.14948	1500.26479	1501.98266	1501.68189	1502.11107	1501.62909	1502.66735	1505.11059	1509.71365	1521.89947	1524.78293	1525.28708	1525.97633	1529.99040	1531.12068	1532.99214	1538.86877	1548.07853	1551.13101	1553.80185	1556.30169	1560.76979	1566.37322	1569.30208	1575.90486	1529.02012
9.879901	1	22	1	0	1546.15764	1500.41725	1501.04335	1501.69821	1504.59502	1511.01444	1511.81219	1516.16738	1518.54355	1519.28547	1524.66970	1525.28159	1528.16613	1532.30246	1532.93711	1533.49849	1534.36840	1536.20925	1537.60975	1544.75531	1546.94235	1571.89909	1579.15636	1529.02411
9.899900	1	23	1	0	1546.16328	1502.45073	1512.15849	1515.50320	1518.10569	1519.36355	1520.95089	1522.77588	1531.02385	1532.04019	1539.27920	1543.70731	1544.96139	1549.79170	1550.66398	1551.27598	1555.78529	1557.66095	1558.79378	1561.24768	1562.36330	1575.32089	1577.10908	1578.13469	1529.02202
9.919900	1	28	1	0	1546.15608	1501.30629	1502.04778	1502.11786	1504.80175	1506.25161	1511.13251	1512.82978	1514.11153	1519.42436	1520.22351	1524.74871	1529.09160	1535.53814	1537.00003	1537.44541	1541.44921	1546.01187	1551.61398	1552.82820	1553.67721	1555.11565	1557.91687	1562.25355	1563.15522	1563.74531	1570.47617	1571.59418	1572.49801	1529.02392
9.939900	1	27	1	0	1546.16269	1500.04704	1502.57280	1502.72261	1502.84491	1503.64564	1504.13278	1510.77796	1513.45288	1520.33683	1522.84187	1524.75608	1527.17824	1528.14068	1532.70156	1535.74196	1537.02596	1546.32676	1552.40189	1554.63325	1555.32982	1558.43172	1566.14782	1568.70358	1569.86035	1572.84974	1576.64386	1578.75986	1529.02411
9.959900	1	28	1	0	1546.15764	1500.09442	1501.08292	1502.38539	1504.80912	1512.56168	1513.85136	1514.95287	1518.21213	1523.05384	1523.91402	1524.77366	1527.80392	1530.01305	1530.54733	1537.07610	1540.41206	1541.42545	1542.47054	1546.65638	1548.97249	1549.64329	1550.34341	1556.46812	1558.35174	1564.92225	1570.49261	1575.68458	1576.91718	1529.02031
9.979900	1	19	1	0	1546.15822	1500.98345	1502.07383	1502.96263	1505.82578	1513.02483	1513.74776	1524.79503	1526.06949	1532.08427	1532.99214	1537.18157	1540.37135	1540.91772	1543.57285	1548.88334	1563.06443	1564.85256	1569.57405	1573.36545	1529.02411
9.999900	1	17	1	0	1546.16211	1501.39903	1502.42155	1502.39622	1505.94785	1515.79010	1518.61424	1524.70599	1530.28643	1533.51474	1536.75363	1548.31747	1551.99637	1557.83932	1562.24641	1565.42201	1571.88121	1575.61191	1529.02202
10.019899	1	20	1	0	1546.16211	1501.89462	1502.20501	1502.53388	1502.30281	1503.82508	1505.29167	1510.43694	1513.62424	1515.38743	1518.29516	1520.57799	1522.78285	1524.76724	1526.10945	1530.33060	1533.46655	1534.40669	1550.43937	1556.54337	1578.36719	1529.01993
10.039899	1	24	1	0	1546.15822	1501.13734	1502.56784	1502.41549	1505.69950	1512.14175	1513.97025	1518.14504	1522.10402	1524.88766	1526.29487	1527.04722	1528.70406	1535.45187	1541.56166	1542.71008	1543.68851	1548.00644	1551.54233	1557.83458	1559.72033	1560.49888	1561.83058	1577.16955	1579.60642	1529.02202
10.059899	1	26	1	0	1546.15608	1500.11363	1501.83685	1502.10685	1503.81791	1511.47237	1513.45027	1515.16508	1520.37705	1524.14443	1524.83775	1526.62471	1527.39825	1531.39273	1538.20341	1539.34836	1540.87872	1543.13940	1544.48721	1546.87484	1549.15238	1559.76049	1561.21221	1564.82607	1569.49493	1570.58728	1577.91359	1529.02221
10.079899	1	18	1	0	1546.15394	1500.43189	1501.64467	1502.25382	1501.54201	1501.85849	1501.55539	1503.33373	1513.85303	1516.32832	1524.77461	1529.49093	1533.62182	1535.48024	1536.00607	1552.34996	1562.55803	1568.15733	1579.20847	1529.02392
10.099899	1	20	1	0	1546.15686	1502.29143	1502.77366	1502.61741	1503.91188	1504.55949	1505.79002	1506.17211	1517.55552	1520.32461	1524.21715	1528.90911	1539.21890	1541.52669	1546.27233	1548.62687	1551.01755	1556.41789	1557.06362	1567.25388	1573.47435	1529.02202
10.119898	1	20	1	0	1546.14734	1501.90929	1503.05631	1503.67303	1504.18318	1504.54035	1506.10479	1510.46495	1511.03690	1516.18345	1518.93196	1519.67763	1522.74816	1535.51053	1540.49290	1542.71665	1553.55082	1554.79913	1561.10876	1569.42964	1577.09047	1529.02221
10.139898	1	19	1	0	1546.14811	1500.21300	1501.84455	1502.08465	1503.60225	1510.13296	1514.66535	1524.82641	1531.37214	1533.55164	1539.20831	1540.11191	1540.75537	1546.89877	1547.99124	1548.51554	1549.79600	1553.11528	1554.80129	1570.15015	1529.02202
10.159898	1	25	1	0	1546.15550	1501.30171	1501.62927	1502.15987	1501.70885	1504.02057	1510.65864	1513.31600	1515.83568	1521.44235	1524.32011	1532.59957	1536.20119	1537.39851	1538.20052	1539.04439	1545.39314	1549.75206	1553.77751	1556.00890	1557.79235	1567.75654	1571.29661	1573.44597	1576.03370	1579.62468	1529.02202
10.179898	1	19	1	0	1546.15025	1500.54283	1501.69198	1502.22299	1502.57776	1512.97625	1513.74757	1514.39940	1515.87006	1518.41832	1520.63947	1521.99571	1524.79219	1526.13028	1528.81922	1545.81211	1547.36995	1552.03398	1555.59304	1565.17079	1529.02221
10.199898	1	20	1	0	1546.15900	1502.05328	1503.55667	1509.88991	1520.66410	1529.61020	1534.84079	1537.49557	1538.61329	1539.37168	1544.33051	1546.38587	1554.00800	1555.66702	1556.65468	1560.83595	1564.06409	1566.82042	1570.16840	1575.52250	1577.53956	1529.02031
10.219897	1	32	1	0	1546.15394	1501.65806	1501.98706	1504.11530	1511.45621	1514.33991	1514.88588	1515.71556	1516.97414	1518.76971	1524.85987	1525.46927	1526.56388	1528.92299	1530.22740	1531.64734	1533.60920	1538.41718	1541.00982	1544.61950	1545.32751	1548.19078	1549.46075	1554.20693	1557.17224	1558.27928	1559.64121	1560.90687	1561.70702	1566.29323	1571.28215	1574.08556	1577.15519	1529.02601
10.239897	1	26	1	0	1546.15394	1502.39017	1503.92770	1505.51592	1513.40129	1513.93876	1519.36711	1520.76094	1523.14759	1524.78936	1525.28727	1526.18728	1527.79860	1533.32603	1544.17306	1545.31372	1553.20845	1560.72245	1561.79012	1563.33345	1566.94817	1567.84547	1571.69219	1573.01168	1576.65316	1577.27635	1579.70056	1529.02202
10.259897	1	27	1	0	1546.16055	1502.51498	1503.42782	1505.43871	1519.18150	1519.80815	1523.60007	1524.89863	1526.69710	1533.51417	1535.36139	1536.61327	1537.20098	1541.75008	1545.43023	1547.68677	1549.41722	1550.78521	1555.24446	1557.87918	1560.48838	1562.90731	1567.96241	1571.55843	1575.32937	1576.02905	1577.21607	1579.78457	1529.02202
10.279897	1	26	1	0	1546.15181	1500.49139	1500.99279	1501.34991	1502.38539	1510.82083	1512.78494	1514.26720	1517.27357	1518.70163	1522.11306	1524.86914	1526.45551	1527.86731	1529.68840	1530.94266	1537.48865	1544.14689	1550.44152	1558.41750	1560.62541	1563.09542	1567.00048	1568.24012	1569.24141	1570.47376	1572.81173	1529.02202
10.299896	1	20	1	0	1546.14948	1501.11719	1501.46648	1502.44615	1502.33896	1503.76257	1520.43080	1524.79692	1526.21209	1527.06258	1527.74755	1534.60045	1539.45550	1542.57037	1545.19762	1545.73401	1547.64898	1556.50633	1565.94841	1568.59394	1576.90666	1529.02221
10.319896	1	18	1	0	1546.15764	1504.90763	1510.66180	1517.76846	1524.73378	1526.08805	1538.14300	1541.38932	1543.20466	1545.48713	1550.28244	1554.65448	1558.74774	1560.80525	1561.55295	1564.94873	1570.04192	1573.04508	1575.79461	1529.02411
10.339896	1	25	1	0	1546.15181	1500.01959	1500.48059	1501.16061	1501.84877	1501.86509	1504.53925	1512.32119	1515.94555	1518.21907	1519.35153	1519.78373	1520.77975	1523.03574	1528.78235	1530.23654	1535.92761	1538.31192	1541.98764	1545.33566	1546.13431	1553.94576	1556.70354	1562.67378	1574.68877	1579.80852	1529.02202
10.359896	1	21	1	0	1546.15103	1502.11437	1501.70170	1502.56546	1505.49160	1509.77147	1510.46328	1511.53999	1515.28660	1519.70749	1522.69858	1530.68620	1531.27929	1540.04730	1542.43804	1549.69074	1556.90908	1557.85333	1558.47141	1561.51271	1563.86521	1576.20943	1529.02202
10.379895	1	20	1	0	1546.16269	1501.83428	1503.00396	1511.52810	1515.15649	1515.51067	1517.07369	1518.00825	1519.03570	1523.37191	1524.88502	1530.27100	1538.34348	1541.70427	1548.31318	1550.34106	1560.76741	1566.47756	1569.41863	1576.70652	1578.52460	1529.02183
10.399896	1	25	1	0	1546.15336	1500.02929	1501.36457	1502.25877	1501.81796	1502.36007	1504.73787	1510.79875	1514.32462	1518.31259	1520.95352	1522.24870	1527.19645	1528.04556	1539.26841	1540.42286	1549.63900	1551.52511	1553.34871	1560.29674	1567.69838	1569.00618	1570.48579	1573.82752	1574.60873	1575.81581	1529.02411
10.419895	1	26	1	0	1546.15239	1501.04408	1502.40632	1502.34318	1502.34777	1513.44022	1520.31465	1521.08576	1522.31409	1532.94131	1536.75363	1543.80458	1545.47839	1547.76877	1548.42839	1550.45012	1553.66602	1554.28452	1555.85870	1560.23776	1564.02371	1567.95501	1569.81206	1571.42409	1571.96740	1576.82862	1579.45631	1529.02012
10.439895	1	27	1	0	1546.15181	1501.79082	1502.41843	1502.55096	1503.39548	1504.24684	1504.90763	1505.52587	1513.03823	1514.59914	1518.20370	1519.91314	1526.06949	1529.89923	1530.91598	1531.44670	1534.28284	1536.97833	1541.46003	1543.30284	1546.85285	1548.44360	1552.45734	1575.06568	1576.16034	1577.15559	1578.85511	1579.61799	1529.02411
10.459895	1	22	1	0	1546.16055	1500.71385	1501.02357	1501.80549	1510.17839	1512.61097	1513.41209	1520.79949	1522.91956	1524.61716	1525.45432	1529.14160	1533.43539	1535.29220	1536.67317	1553.69546	1556.85764	1558.03430	1558.61737	1561.50854	1567.33657	1575.51079	1577.54887	1529.02411
10.479895	1	15	1	0	1546.15336	1501.00983	1501.43367	1519.85510	1523.26512	1524.83227	1529.74852	1533.79032	1538.04163	1541.30124	1542.47286	1545.03107	1546.73185	1548.45978	1554.04433	1566.59409	1529.02012
10.499895	1	20	1	0	1546.15103	1501.26726	1501.54586	1511.64718	1513.15998	1515.99712	1522.64429	1524.79597	1527.35026	1528.14068	1529.55218	1532.00087	1541.19733	1551.05472	1552.25122	1555.95575	1561.33529	1567.40449	1568.50272	1570.48098	1577.28565	1529.02202
10.519894	1	19	1	0	1546.15394	1500.86530	1501.76258	1502.23950	1504.02646	1505.83869	1512.72167	1516.05169	1516.91090	1523.34115	1524.77915	1529.76622	1538.38292	1539.71491	1549.28840	1549.88467	1550.98000	1567.08175	1576.84621	1577.79679	1529.02031
10.539894	1	24	1	0	1546.15394	1505.86856	1511.61746	1513.71739	1515.31218	1517.92694	1518.79222	1520.46784	1523.85983	1524.78936	1529.19369	1534.37663	1535.15422	1535.92819	1539.13954	1541.97991	1542.75497	1547.47100	1553.05488	1554.44561	1555.01813	1561.62651	1568.40791	1572.14684	1579.28188	1529.02411
10.559894	1	27	1	0	1546.15608	1501.78073	1503.04988	1503.49601	1503.93560	1504.36846	1504.97650	1505.54910	1510.91958	1519.15335	1524.82641	1529.77687	1530.76240	1536.66223	1539.85082	1545.03107	1545.60735	1551.78097	1553.35774	1555.47991	1557.52050	1560.22113	1563.40261	1566.00245	1566.63280	1569.94752	1573.31553	1577.13497	1529.02202
10.579894	1	26	1	0	1546.14889	1501.94597	1502.77145	1504.82587	1510.65530	1513.75130	1515.13278	1518.08807	1523.66746	1524.82452	1533.83566	1534.76763	1535.64685	1543.34409	1546.08086	1547.84688	1548.38706	1550.26700	1551.63375	1554.91825	1559.08505	1561.33529	1561.96606	1563.83637	1566.29402	1568.20852	1576.68106	1529.02202
10.599893	1	17	1	0	1546.15550	1501.88765	1503.24314	1512.94926	1513.75651	1521.68989	1524.74758	1526.95602	1528.02544	1528.90189	1534.75116	1535.67925	1544.60262	1552.33644	1560.31812	1566.92741	1569.09085	1570.15015	1529.02031
10.619893	1	28	1	0	1546.15608	1500.88636	1501.24765	1501.70646	1501.89022	1502.54288	1506.06440	1511.23538	1516.97470	1519.19876	1520.91045	1523.72239	1524.62132	1529.93806	1532.16558	1533.92136	1536.77053	1537.82797	1541.59393	1542.39026	1544.60146	1547.08635	1552.20518	1557.97430	1562.47445	1566.03874	1568.29111	1573.73569	1579.32974	1529.02392
10.639893	1	25	1	0	1546.15394	1500.58586	1501.64266	1502.39053	1502.32685	1511.34272	1513.07285	1513.75670	1515.90070	1517.14686	1524.77726	1531.96672	1535.27515	1536.86386	1543.77125	1544.62610	1547.88857	1548.48805	1552.26532	1553.19276	1557.30948	1560.34168	1564.37146	1566.41212	1567.61566	1570.90805	1529.02012
10.659893	1	25	1	0	1546.15550	1500.07539	1501.33378	1501.97807	1506.30401	1511.09185	1514.92506	1520.67463	1522.54815	1523.78318	1528.09492	1528.69513	1530.17676	1533.21058	1535.38727	1539.61564	1544.93228	1548.58066	1550.35650	1552.50849	1556.39347	1560.27556	1561.19318	1564.70642	1565.54695	1567.08175	1529.01993
10.679893	1	21	1	0	1546.15822	1502.54398	1502.79422	1502.46799	1503.51310	1509.86933	1510.69928	1520.01233	1521.02651	1523.38814	1524.80146	1525.44354	1534.58091	1536.84215	1543.50175	1544.45094	1553.37128	1562.16644	1562.86322	1570.29149	1575.46599	1579.12210	1529.02202
10.699892	1	22	1	0	1546.15394	1501.27275	1501.81686	1511.49912	1513.24692	1517.29379	1518.21925	1520.89033	1524.81261	1527.25031	1530.44048	1532.63662	1537.01271	1540.57762	1543.67108	1551.51728	1553.05703	1560.27319	1563.32630	1572.00477	1573.91755	1574.67647	1579.47051	1529.02582
10.719892	1	24	1	0	1546.15453	1500.14822	1501.68226	1502.86768	1505.78946	1515.60480	1516.23616	1517.41079	1520.62349	1523.03215	1524.75325	1525.71320	1526.18918	1526.99261	1530.65934	1534.81858	1544.89560	1551.48518	1552.48184	1558.10259	1560.39513	1565.18055	1568.09675	1569.34733	1578.79857	1529.02791
10.739892	1	20	1	0	1546.15686	1502.54600	1502.78743	1502.95381	1504.23102	1505.39688	1510.32694	1514.53199	1517.37260	1527.70618	1528.94104	1529.94377	1546.73380	1549.20117	1551.70109	1559.30209	1562.40359	1564.49663	1565.36522	1566.89327	1573.73267	1529.02012
10.759892	1	20	1	0	1546.15764	1502.12153	1501.57262	1502.14740	1501.87866	1503.43040	1504.54164	1512.53415	1514.99280	1520.19119	1522.44223	1531.71124	1536.75574	1543.69626	1548.17831	1549.97257	1550.54883	1554.43441	1558.07437	1558.67920	1572.50947	1529.02202
10.779892	1	17	1	0	1546.15181	1502.44982	1504.66405	1512.73544	1521.71549	1522.12907	1524.85912	1525.36748	1526.09582	1528.91348	1534.00076	1539.43835	1543.33557	1548.23483	1558.45048	1566.34669	1569.32150	1577.08805	1529.02202
10.799891	1	24	1	0	1546.15822	1502.07713	1501.86215	1503.88485	1504.54035	1505.28062	1505.76439	1510.00058	1515.06223	1518.97342	1519.72815	1524.80335	1528.50058	1529.66271	1530.22931	1533.76240	1542.57637	1545.13414	1546.30052	1555.39217	1558.27652	1560.20708	1561.47960	1571.40703	1572.79020	1529.02012
10.819891	1	26	1	0	1546.15608	1500.35813	1501.61570	1502.54031	1505.59996	1511.01035	1512.68372	1515.34784	1524.74663	1525.75503	1530.02275	1531.33267	1535.13257	1540.61776	1541.31205	1547.94098	1552.53279	1556.93530	1559.77532	1561.27840	1565.50172	1566.20367	1567.86586	1571.08023	1572.77130	1574.31022	1574.99266	1529.02012
10.839891	1	24	1	0	1546.15608	1501.91754	1502.70315	1503.94167	1506.16676	1514.50681	1514.95809	1517.71958	1521.02369	1524.48241	1527.75533	1529.78867	1534.85669	1537.81239	1539.05287	1542.72362	1544.60359	1546.79391	1550.30217	1556.45177	1564.39554	1569.34573	1570.30593	1572.52134	1575.71971	1529.02012
10.859891	1	18	1	0	1546.15394	1502.16428	1503.11913	1515.19756	1518.84830	1519.42511	1522.81321	1524.33088	1525.57334	1533.68800	1534.51620	1541.78699	1544.74425	1547.90610	1550.02922	1552.67470	1561.75938	1566.59888	1573.03080	1529.02202
10.879891	1	17	1	0	1546.16483	1501.91277	1502.37291	1512.92209	1514.39082	1518.98036	1521.49260	1524.78198	1529.65624	1530.55552	1532.67558	1540.78992	1545.52384	1546.48193	1547.73390	1548.52860	1549.63021	1577.48412	1529.02221
10.899890	1	23	1	0	1546.15181	1500.73124	1501.74937	1502.24226	1505.87944	1520.25414	1521.38061	1521.82903	1522.65918	1524.30159	1524.79862	1527.83125	1529.54895	1531.59088	1533.07297	1540.05791	1541.94879	1543.03079	1550.17535	1551.35034	1565.78912	1567.91363	1570.74153	1573.18774	1529.02202
10.919890	1	23	1	0	1546.14734	1501.94634	1502.29731	1502.35475	1502.57592	1503.82049	1505.65932	1514.62394	1524.86725	1526.72174	1528.72173	1529.22411	1530.87292	1531.86539	1532.46264	1535.04424	1543.41982	1547.81902	1549.65638	1555.07711	1556.87637	1560.95164	1570.81836	1576.53008	1529.02202
10.939890	1	19	1	0	1546.16269	1510.00095	1510.87967	1515.80542	1516.31112	1518.93384	1522.02773	1523.88967	1524.82093	1528.86996	1529.38785	1531.71410	1540.79204	1543.12411	1547.74267	1548.63292	1556.56366	1561.85616	1569.71468	1574.00256	1529.02411
10.959890	1	19	1	0	1546.15822	1502.26079	1501.95239	1502.15162	1506.16953	1510.34067	1512.02556	1512.95745	1514.71237	1518.23481	1521.75014	1524.69749	1526.53205	1527.75856	1535.87045	1539.61680	1544.59816	1547.17607	1557.86990	1562.39367	1529.01993
10.979890	1	19	1	0	1546.15608	1501.69968	1505.85233	1511.12601	1512.77861	1517.50197	1521.65524	1522.32954	1532.66202	1534.33854	1548.83321	1554.29571	1555.07711	1558.13536	1558.75624	1563.27861	1567.21514	1573.56676	1576.82984	1578.30582	1529.02012
10.999889	1	21	1	0	1546.16055	1512.24829	1516.62676	1517.21705	1518.83348	1524.90355	1528.71185	1530.92913	1534.43483	1536.21616	1537.81489	1544.31092	1545.25450	1547.67080	1551.46894	1553.03899	1553.92553	1555.34791	1556.48900	1567.45063	1572.11570	1578.99052	1529.02202
11.019889	1	22	1	0	1546.16269	1501.66778	1501.98761	1504.55342	1509.89639	1514.65118	1516.20177	1519.75932	1521.95145	1523.27776	1524.78841	1529.15167	1530.22226	1533.91448	1537.84335	1543.97630	1546.05560	1547.59017	1548.93113	1557.69844	1561.69274	1573.24047	1574.69603	1529.02221
11.039889	1	20	1	0	1546.16055	1500.95872	1501.58344	1501.86986	1501.71545	1502.86437	1504.28069	1505.88700	1518.01687	1519.37406	1527.44055	1527.99221	1533.27499	1534.28916	1553.78143	1558.01081	1568.10155	1572.91592	1576.41106	1578.41196	1579.18698	1529.02221
11.059889	1	21	1	0	1546.15394	1500.09259	1500.34678	1501.63899	1502.27639	1502.03475	1502.41384	1504.73510	1512.56670	1514.41282	1521.55302	1524.79408	1532.34713	1533.32183	1535.68577	1540.61718	1541.88460	1546.87250	1552.52770	1565.23513	1571.92561	1573.94595	1529.02221
11.079889	1	22	1	0	1546.14306	1501.96358	1504.27720	1505.16308	1510.91958	1514.45217	1515.27484	1518.43650	1519.45909	1521.39115	1524.68255	1527.72858	1530.03246	1530.78508	1537.32952	1538.37830	1544.22560	1545.90907	1547.14532	1552.08529	1554.23679	1569.90884	1576.62284	1529.02221
11.099888	1	20	1	0	1546.15394	1502.45789	1503.71513	1509.90603	1517.16389	1518.63243	1519.97569	1523.26059	1524.71166	1528.69608	1532.61332	1538.35675	1546.02489	1546.82017	1549.91592	1552.24612	1565.76001	1573.36364	1577.84435	1579.38126	1546.97076	1529.02031
11.119888	1	23	1	0	1546.15181	1500.31329	1501.81190	1502.20060	1502.02613	1503.29606	1505.63296	1510.04285	1510.76590	1512.32156	1512.74344	1514.77449	1520.78840	1524.80146	1525.71131	1526.95811	1534.99807	1535.62959	1540.50448	1542.64641	1544.63095	1552.96722	1558.45739	1572.80931	1529.02221
11.139888	1	28	1	0	1546.16055	1500.78325	1502.33272	1502.51791	1503.54876	1505.00800	1511.90623	1514.27037	1515.43989	1516.31785	1524.82565	1529.97822	1530.64905	1531.76752	1535.59412	1538.79213	1539.80397	1541.04283	1549.00019	1554.21184	1556.55893	1557.60217	1558.95857	1563.83956	1565.41464	1566.41731	1567.37772	1569.70106	1577.48412	1529.02601
11.159888	1	24	1	0	1546.15764	1501.64009	1502.78853	1505.83002	1509.77110	1511.21273	1512.12986	1519.03214	1521.27278	1522.08970	1522.90523	1524.77196	1525.26854	1526.40985	1529.50919	1531.25622	1532.59747	1539.14108	1553.97285	1554.86321	1557.34379	1563.66280	1573.68998	1576.83671	1579.40134	1529.01822
11.179888	1	20	1	0	1546.15822	1500.00203	1502.57886	1503.45594	1504.05037	1509.85969	1518.63843	1523.12458	1525.90098	1531.26156	1532.36985	1533.07297	1546.88048	1548.61556	1549.21307	1554.20124	1558.80188	1560.58996	1563.88490	1577.31336	1578.83261	1529.02221
11.199887	1	21	1	0	1546.15453	1501.81997	1501.93827	1502.73234	1509.58486	1511.10281	1511.66093	1515.21641	1516.52353	1524.77083	1532.30933	1533.70922	1534.98734	1537.30051	1541.81289	1548.27186	1552.86173	1562.37918	1566.99809	1569.52297	1573.67810	1579.45042	1529.02202
11.219887	1	20	1	0	1546.14948	1500.51702	1502.90459	1504.68503	1510.90658	1512.72949	1514.54896	1515.05103	1518.46462	1522.81868	1523.77034	1526.20831	1529.52517	1534.38774	1540.55755	1543.21763	1547.01629	1559.74763	1565.21581	1575.82227	1573.16641	1529.02221
11.239887	1	22	1	0	1546.15764	1502.35988	1504.96674	1510.62302	1513.01310	1520.25771	1523.93744	1524.78198	1526.90029	1531.70170	1532.76250	1533.94547	1538.19264	1539.28999	1551.19224	1552.53495	1555.12529	1558.81037	1560.63254	1564.14565	1570.78025	1571.76409	1573.21612	1529.02411
11.259887	1	16	1	0	1546.15394	1502.10447	1501.88086	1504.29302	1511.32824	1514.11414	1524.83681	1529.39869	1533.57727	1534.71228	1536.78147	1554.05650	1555.06060	1564.54698	1565.69723	1572.91653	1579.23159	1529.02202
11.279886	1	21	1	0	1546.14948	1501.23720	1502.54692	1502.96814	1503.95896	1511.17206	1512.58735	1518.40594	1520.34397	1521.99081	1530.81175	1532.49625	1540.97371	1541.71761	1545.60289	1550.90626	1551.66350	1553.98993	1557.78525	1566.61365	1573.13562	1579.03775	1529.02392
11.299886	1	26	1	0	1546.15181	1501.99862	1501.54677	1502.76392	1504.72921	1510.48851	1511.59553	1513.00454	1520.07056	1521.28163	1524.41911	1526.67815	1528.73636	1531.62369	1532.89278	1542.53748	1543.58253	1544.39838	1545.68389	1546.95714	1549.24137	1552.15327	1556.36904	1560.75315	1561.90655	1564.31137	1575.33643	1529.02031
11.319886	1	19	1	0	1546.15608	1501.62817	1502.73987	1503.02820	1504.84079	1511.20456	1513.29496	1517.15622	1518.87006	1522.23834	1524.86838	1525.50011	1533.15534	1534.58723	1547.49203	1548.24340	1561.45660	1569.41863	1571.94811	1572.65224	1529.02202
11.339886	1	20	1	0	1546.15608	1505.18887	1505.70853	1512.82178	1521.18472	1522.55173	1524.69749	1525.98769	1527.59385	1531.01356	1531.81560	1535.65759	1539.61256	1543.80846	1546.56088	1548.40773	1550.52655	1557.48500	1560.01096	1572.62228	1579.17806	1529.01841
11.359886	1	18	1	0	1546.15025	1501.28613	1503.24590	1504.55342	1509.97240	1511.02817	1513.56147	1518.38851	1524.26117	1524.87953	1527.63066	1532.09038	1543.33131	1548.23853	1551.39926	1553.10410	1557.22745	1560.37157	1569.64256	1529.01822
11.379886	1	17	1	0	1546.15608	1501.76294	1502.34685	1502.58694	1503.59086	1505.37606	1510.76887	1516.90753	1529.56341	1532.27916	1540.24731	1548.51554	1550.36295	1554.69280	1565.10566	1571.87398	1573.47898	1574.20302	1529.01822
11.399885	1	23	1	0	1546.15550	1501.48976	1502.19437	1502.29841	1502.91837	1502.60860	1509.93162	1519.99429	1524.85533	1529.15947	1531.25679	1533.24097	1535.16074	1535.85895	1536.50404	1538.04913	1538.97525	1540.23226	1549.53864	1555.55369	1563.26907	1563.84274	1573.09518	1579.86737	1529.02411
11.419885	1	31	1	0	1546.16055	1500.73655	1501.71490	1502.35897	1502.19804	1501.80952	1503.14026	1503.53755	1506.19277	1511.67189	1512.17857	1513.48435	1514.36527	1516.99472	1522.59584	1524.80429	1531.85624	1537.90066	1538.86549	1540.72950	1542.73755	1549.08721	1551.12886	1556.14829	1558.76078	1562.06465	1563.06840	1565.65377	1567.64563	1569.69345	1572.68562	1576.70268	1529.02202
11.439885	1	19	1	0	1546.15822	1502.44871	1503.31572	1503.64527	1505.29167	1519.83087	1523.16381	1524.63247	1526.83319	1534.86742	1542.92277	1545.80628	1546.40104	1555.80497	1559.28094	1561.91131	1568.16473	1569.46709	1572.46424	1576.74756	1529.02221
11.459885	1	22	1	0	1546.16055	1501.50186	1501.91167	1501.72388	1503.78206	1504.14860	1505.68531	1510.77685	1514.40275	1515.55008	1516.77321	1519.09293	1523.75524	1525.88773	1542.26861	1549.19785	1550.91213	1551.67114	1566.47756	1570.19345	1571.77595	1575.59092	1578.10978	1529.02221
11.479885	1	21	1	0	1546.16055	1500.20238	1501.31124	1501.95973	1504.98442	1505.33368	1511.33789	1515.49536	1516.64246	1521.85860	1523.30134	1524.85080	1527.11756	1527.68910	1530.86263	1545.20092	1545.87409	1549.49979	1554.25054	1555.86796	1566.97852	1578.42108	1529.02392
11.499884	1	23	1	0	1546.16328	1501.35797	1502.00944	1501.62286	1503.23120	1509.84394	1511.66781	1516.36160	1517.61938	1528.67632	1531.94401	1545.21082	1546.19613	1546.94838	1547.97819	1548.56760	1550.33246	1552.60825	1557.53885	1559.38493	1565.29510	1566.07423	1574.66498	1578.00166	1529.02202
11.519884	1	26	1	0	1546.15608	1500.97813	1502.11786	1501.93002	1501.69620	1502.02962	1502.40558	1510.51930	1510.92366	1514.23643	1515.13278	1516.88471	1518.17409	1522.37514	1524.82924	1525.95172	1536.30002	1545.68156	1551.12260	1556.30484	1559.46699	1561.08914	1568.77262	1569.38118	1574.37874	1575.96241	1579.52406	1529.02221
11.539884	1	21	1	0	1546.16055	1501.60452	1501.88141	1503.01810	1504.16699	1521.45703	1524.82282	1537.79124	1538.80292	1542.54870	1548.01287	1551.16172	1556.23729	1558.81136	1560.88567	1561.58646	1563.31179	1564.88143	1569.36515	1575.38425	1576.82984	1578.12780	1529.02411
11.559884	1	13	1	0	1546.15181	1500.15005	1501.17912	1501.61112	1505.28670	1513.98609	1518.63337	1524.76610	1554.78989	1557.27891	1560.27556	1561.11213	1564.09034	1568.69338	1529.02411
11.579884	1	20	1	0	1546.15822	1500.49340	1500.86402	1502.77145	1504.64306	1505.15258	1509.62988	1521.00074	1526.23425	1533.15381	1533.86742	1539.22969	1546.16483	1547.50293	1553.39148	1558.73352	1560.64918	1562.76075	1563.65683	1566.33452	1574.99266	1529.02221
11.599884	1	22	1	0	1546.15181	1501.94157	1506.08044	1511.21236	1516.25990	1516.78013	1517.96385	1524.71355	1527.97152	1530.46391	1531.95927	1533.46579	1534.44995	1538.82236	1555.86323	1557.28503	1559.67662	1564.68174	1565.37240	1567.09373	1570.05835	1573.12858	1579.47720	1529.02202
11.619883	1	24	1	0	1546.16055	1500.05710	1500.29443	1500.65855	1502.37310	1503.62192	1510.40522	1511.02353	1511.81814	1514.67207	1528.54598	1531.66413	1532.81694	1535.12452	1538.81793	1541.20814	1544.69613	1549.19356	1552.40541	1557.77539	1558.98366	1564.27257	1567.74315	1570.02207	1570.76781	1529.02202
11.639883	1	18	1	0	1546.14948	1501.94542	1502.93398	1505.00081	1514.35688	1517.68811	1526.49037	1529.45993	1534.34447	1534.93638	1537.99182	1538.71667	1540.04499	1542.65434	1547.37443	1549.18497	1553.76338	1570.42784	1578.57019	1529.02012
11.659883	1	30	1	0	1546.15822	1501.03126	1501.42011	1502.07089	1501.55355	1503.38078	1504.66791	1510.09439	1514.68867	1517.30203	1520.46614	1522.96501	1523.53269	1524.01184	1525.66077	1529.21175	1530.40906	1537.13181	1543.88462	1544.58885	1549.12838	1549.87236	1553.75022	1555.53303	1557.08708	1567.13746	1568.23272	1570.23455	1570.72468	1574.41300	1576.32438	1529.02221
11.679883	1	26	1	0	1546.15822	1501.73305	1502.44394	1504.76788	1510.04285	1511.23705	1515.56539	1523.93310	1524.77915	1530.51476	1533.21555	1537.57707	1539.05229	1543.66352	1546.88923	1548.97639	1551.70324	1554.99630	1557.54595	1558.16833	1560.46462	1564.90791	1565.43018	1573.14508	1574.44122	1576.45309	1579.37234	1529.02202
11.699882	1	22	1	0	1546.14948	1502.23363	1503.01810	1503.87933	1506.10479	1511.23241	1516.10682	1518.12087	1520.96142	1524.75873	1527.72744	1528.85418	1530.78508	1532.95813	1537.04709	1542.54019	1557.89654	1559.93043	1564.67457	1565.71656	1566.30380	1575.80592	1576.76009	1529.02411
11.719882	1	22	1	0	1546.15608	1501.86711	1501.59480	1504.09360	1511.81219	1512.65879	1513.92086	1515.09695	1517.92769	1521.55716	1524.74569	1526.14922	1529.47496	1534.79119	1536.99561	1540.31348	1544.52619	1548.57852	1565.18055	1565.89338	1571.56566	1573.05433	1575.37881	1529.02202
11.739882	1	24	1	0	1546.15608	1502.80542	1503.34770	1511.64440	1512.57061	1513.10096	1514.05580	1514.78718	1516.77976	1519.21134	1522.40774	1524.73283	1525.46492	1528.66549	1530.09966	1531.95660	1534.02430	1535.52568	1536.93300	1541.57248	1542.94600	1558.82084	1565.05985	1577.63183	1579.26505	1529.02392
11.759882	1	21	1	0	1546.15394	1504.67638	1511.72281	1512.15811	1517.32823	1521.74995	1527.77355	1528.70197	1532.49205	1535.12567	1543.44364	1547.15642	1550.61667	1552.32880	1554.45739	1558.17544	1559.61867	1561.02752	1567.29503	1573.62454	1576.53190	1579.09979	1529.02012
11.779881	1	27	1	0	1546.15550	1501.37428	1502.22960	1502.27308	1504.78095	1505.26201	1513.86831	1517.33123	1519.81341	1521.33620	1522.15959	1524.64116	1529.21613	1532.70290	1534.40707	1537.85816	1540.52957	1546.08533	1547.98247	1556.12506	1561.24768	1567.10750	1568.12354	1571.12117	1575.26823	1576.07813	1577.43111	1579.55997	1529.02221
11.799881	1	14	1	0	1546.15394	1502.24721	1502.87502	1503.40448	1505.82873	1513.29254	1515.14977	1516.11205	1518.71269	1541.00170	1543.32685	1548.36523	1551.62709	1556.60562	1560.43394	1529.02411
11.819881	1	18	1	0	1546.16269	1500.11199	1501.18150	1504.55084	1505.69047	1511.78301	1518.24849	1521.01936	1524.81809	1528.50989	1531.18873	1534.61749	1536.34032	1541.40381	1543.76098	1545.38828	1554.01821	1561.08201	1579.94287	1529.02031
11.839881	1	26	1	0	1546.15394	1502.31456	1502.61172	1502.67873	1502.58455	1516.62900	1518.29497	1521.46775	1523.38644	1524.75873	1532.63547	1534.92680	1535.56038	1536.04943	1537.11683	1540.35592	1542.65280	1546.73593	1547.23700	1560.66145	1562.77425	1563.92328	1571.05394	1575.39777	1576.73220	1577.81966	1579.01302	1529.02411
11.859881	1	28	1	0	1546.15550	1500.10101	1501.51671	1501.87481	1501.85940	1502.96961	1511.18302	1511.68397	1512.25796	1522.55814	1524.73019	1529.96604	1531.58459	1532.26236	1537.59899	1538.83950	1545.38226	1551.65567	1553.80126	1554.44580	1556.49136	1559.65526	1563.75247	1566.08101	1567.97760	1569.86275	1573.14025	1576.24922	1579.99625	1529.02221
11.879881	1	21	1	0	1546.15822	1500.72392	1501.86601	1504.47317	1514.74539	1515.22313	1515.68082	1522.24399	1526.63039	1528.49412	1531.70590	1534.03444	1539.56399	1543.41807	1544.44221	1545.57453	1551.02146	1551.89082	1573.13079	1574.28221	1575.44903	1577.58104	1529.02411
11.899880	1	25	1	0	1546.14520	1500.16359	1501.80549	1506.27652	1510.73398	1513.59723	1514.11191	1518.72864	1523.35191	1524.75344	1527.19455	1527.63844	1529.32851	1530.18475	1530.99507	1532.23278	1532.85477	1544.70467	1550.41748	1555.16619	1562.69641	1566.31018	1569.91826	1575.84630	1578.15291	1579.62651	1529.02221
11.919880	1	21	1	0	1546.14889	1501.04647	1501.85463	1502.10520	1502.28942	1502.58602	1514.10818	1520.73838	1522.12022	1524.81450	1526.49795	1527.28862	1534.85880	1541.44477	1543.63388	1544.59971	1548.35236	1552.41639	1559.82893	1561.24193	1564.56032	1573.46952	1529.02202
11.939880	1	27	1	0	1546.15608	1500.61424	1501.67364	1502.14721	1503.16267	1505.17598	1505.81103	1513.28156	1514.61760	1518.62118	1523.30059	1524.81545	1526.22346	1527.96962	1528.52489	1531.19693	1533.19510	1534.63491	1535.56402	1538.53361	1544.15988	1547.28079	1548.92684	1550.77641	1559.36100	1560.17620	1572.06305	1573.12858	1529.02392
11.959880	1	23	1	0	1546.14948	1500.37680	1501.97642	1502.29951	1502.68203	1502.59648	1505.60844	1512.96918	1515.07100	1517.53830	1521.15142	1522.92503	1524.78293	1525.48422	1529.25720	1540.80729	1544.47072	1548.31747	1553.24199	1556.05536	1558.20900	1562.95398	1574.95737	1579.65816	1529.02411
11.979880	1	25	1	0	1546.14811	1501.41882	1502.98173	1503.81460	1505.04593	1505.58209	1513.27392	1519.57887	1524.23925	1525.04517	1528.86198	1533.07297	1541.67838	1544.72252	1546.11099	1547.23719	1549.13053	1550.49840	1554.80817	1560.82644	1562.11683	1562.86699	1564.44986	1567.12627	1574.58212	1575.60969	1529.02012
11.999879	1	19	1	0	1546.15181	1500.71952	1502.09713	1502.24849	1502.01164	1503.72304	1504.39735	1505.05735	1515.74171	1520.73969	1523.40040	1524.78009	1533.54323	1534.55277	1540.67720	1555.90949	1560.60184	1566.14304	1575.42361	1578.84842	1529.02012
12.019879	1	27	1	0	1546.14948	1501.24233	1502.28263	1502.25675	1510.43545	1511.79770	1512.23305	1520.75511	1522.14358	1523.85058	1532.39772	1534.22408	1537.08647	1538.82121	1540.21336	1542.37498	1543.37237	1544.14243	1544.92781	1549.09365	1551.81817	1554.53264	1559.20325	1560.02026	1562.11326	1571.18761	1572.26643	1576.72047	1529.02202
12.039879	1	26	1	0	1546.15550	1500.38137	1500.68510	1501.02778	1501.31472	1502.34685	1502.21583	1502.90092	1503.65042	1504.93893	1506.21269	1510.66365	1512.01943	1513.10953	1518.85730	1519.42174	1520.22351	1526.82560	1535.08735	1538.68721	1542.36860	1543.13069	1549.10672	1551.68347	1559.42269	1563.21403	1576.69035	1529.01993
12.059879	1	27	1	0	1546.15453	1502.20758	1502.54857	1502.66771	1503.56788	1504.69313	1505.99819	1509.89139	1518.45094	1522.55890	1524.79597	1526.94067	1528.92888	1530.64505	1533.47650	1537.10222	1537.98758	1540.20642	1547.60536	1549.25776	1549.88232	1552.03613	1552.54161	1553.84425	1560.21836	1564.89835	1569.85073	1578.46747	1529.02202
12.079879	1	21	1	0	1546.15978	1500.43922	1501.60250	1502.26244	1503.71182	1504.55949	1510.07270	1510.54472	1514.72505	1517.84751	1520.66918	1521.79702	1527.50980	1538.10626	1542.14716	1542.83200	1545.54384	1547.96280	1549.05814	1561.59320	1572.55773	1575.95777	1529.02012
12.099878	1	17	1	0	1546.14889	1501.02063	1502.18281	1504.81078	1510.38147	1511.42816	1514.58888	1515.41375	1516.06907	1520.22934	1526.00473	1534.02219	1534.82356	1537.30493	1540.51008	1548.33619	1566.61105	1573.89379	1529.02202
12.119879	1	23	1	0	1546.14520	1500.33616	1501.73690	1503.85855	1504.67362	1512.19958	1513.83980	1515.36875	1521.85201	1522.46748	1527.73636	1528.23658	1529.56417	1530.17466	1531.96557	1534.00000	1535.02393	1544.32314	1545.28091	1558.28165	1560.64145	1565.46465	1573.27287	1575.52472	1529.02031
12.139878	1	22	1	0	1546.16269	1500.73124	1502.04026	1501.85629	1505.24745	1512.86682	1513.44189	1515.48228	1516.21784	1524.73756	1525.45054	1531.10219	1534.21202	1542.97213	1544.35475	1550.77973	1551.95877	1554.87697	1557.82531	1561.00632	1566.98331	1577.33177	1579.22936	1529.02031
12.159878	1	24	1	0	1546.15822	1502.21363	1501.85243	1502.97475	1505.26090	1509.85024	1514.49674	1523.49646	1524.91357	1534.20169	1535.03428	1535.80045	1537.05574	1542.82871	1548.59821	1549.28704	1550.99349	1552.50183	1553.36892	1557.74263	1566.56496	1568.87968	1576.29852	1578.18491	1579.51067	1529.02411
12.179878	1	21	1	0	1546.15181	1502.33566	1504.21777	1504.76824	1513.80589	1515.35662	1519.33783	1524.87273	1531.03529	1534.21643	1535.77015	1538.24439	1540.75788	1554.48922	1558.25065	1561.43698	1564.82090	1565.75284	1568.18673	1574.11336	1575.40242	1578.20091	1529.02411
12.199877	1	19	1	0	1546.16269	1500.25106	1501.09868	1505.87169	1518.93534	1521.88270	1527.02029	1530.96039	1534.07711	1535.09808	1537.23902	1541.47297	1547.51598	1548.38492	1551.07839	1552.50026	1555.36916	1566.62801	1568.68258	1570.94818	1529.02221
12.219877	1	25	1	0	1546.15822	1500.35556	1501.07981	1501.29163	1502.24336	1501.71160	1502.07658	1504.94575	1505.30143	1505.98270	1512.63944	1520.43983	1521.97085	1522.51140	1524.75703	1527.31176	1533.89955	1537.35969	1541.75665	1550.03234	1554.46407	1560.51907	1561.15057	1569.69485	1571.03708	1579.02397	1529.02012
12.239877	1	18	1	0	1546.16055	1501.96908	1502.44082	1502.64164	1519.73510	1524.80883	1525.48611	1533.79664	1540.05791	1542.39026	1543.63833	1546.80383	1550.40438	1551.25603	1552.01850	1564.68015	1565.93166	1566.64757	1571.40221	1529.02012
12.259877	1	29	1	0	1546.15978	1501.59774	1501.71416	1502.37824	1503.23451	1503.85873	1504.33865	1505.51555	1512.22375	1513.51471	1514.09550	1514.79483	1519.29710	1521.67125	1522.37269	1523.04290	1524.83945	1530.53914	1538.05990	1545.83309	1548.81780	1552.28080	1554.85869	1556.43778	1557.18289	1560.70641	1564.75679	1566.16238	1569.16132	1579.24355	1529.02221
12.279876	1	17	1	0	1546.15394	1502.18868	1502.14079	1502.79386	1503.33484	1513.04828	1513.84111	1525.48800	1532.83413	1534.45417	1540.56758	1541.75008	1542.56824	1547.85779	1550.09329	1561.68323	1566.59649	1572.42141	1529.02411
12.299876	1	15	1	0	1546.15394	1500.73765	1502.08190	1502.48744	1509.73625	1514.56463	1520.89898	1522.02603	1524.81998	1525.67080	1532.95603	1539.25782	1558.11187	1571.76409	1573.58911	1575.68701	1529.02202
12.319876	1	24	1	0	1546.15764	1500.30542	1501.71215	1502.00174	1502.23877	1523.86399	1529.84861	1530.93047	1537.06477	1539.82981	1541.95188	1542.88832	1548.19351	1553.32929	1554.44364	1555.31113	1556.65921	1557.37968	1558.07437	1565.41464	1568.10395	1571.06598	1572.86885	1574.09724	1579.07080	1529.02411
12.339876	1	18	1	0	1546.16483	1500.05161	1501.96743	1502.19143	1502.92516	1523.52212	1524.78482	1531.98427	1533.89515	1540.58476	1546.25017	1547.72455	1549.73507	1551.73476	1562.01109	1562.87057	1564.33007	1572.61403	1578.24648	1529.02031
12.359876	1	25	1	0	1546.15103	1502.14134	1502.64899	1503.71403	1510.48146	1511.60872	1512.64279	1524.72168	1528.74073	1533.83107	1535.11322	1538.25305	1539.39962	1541.90123	1543.60229	1545.37993	1547.04062	1553.74532	1556.05300	1556.58927	1558.19182	1560.93044	1564.00203	1564.93917	1569.10086	1579.23159	1529.02392
12.379875	1	25	1	0	1546.15608	1500.31054	1501.39555	1502.03384	1501.99917	1505.32207	1509.63526	1514.33991	1516.34627	1519.27158	1519.74373	1520.60432	1521.44253	1522.39059	1524.78009	1528.86198	1530.89616	1539.93932	1541.38217	1542.98511	1543.51105	1548.77236	1553.24788	1561.80876	1576.20539	1579.89335	1529.02202
12.399875	1	25	1	0	1546.15550	1501.09447	1502.05713	1501.85885	1502.14483	1501.98596	1502.64348	1503.82729	1504.17748	1505.16658	1506.12489	1510.44584	1512.82197	1513.55662	1522.34028	1524.73208	1526.47824	1531.82800	1539.54800	1541.51432	1545.88789	1550.61315	1551.54899	1554.41378	1565.32538	1577.09917	1529.02202
12.419875	1	25	1	0	1546.15686	1501.06240	1502.12336	1502.70976	1510.00429	1514.62693	1517.76603	1519.60459	1524.84229	1527.53522	1528.96480	1530.01514	1531.16185	1535.70955	1536.26758	1537.23787	1538.23207	1545.19218	1548.57052	1555.62767	1567.65222	1568.78242	1570.75597	1572.65707	1575.54833	1579.48166	1529.02202
12.439875	1	21	1	0	1546.15394	1501.08604	1502.17859	1502.27639	1502.03989	1504.19643	1504.53925	1509.65731	1518.80591	1521.71116	1532.76880	1536.05365	1547.74929	1550.88142	1554.43441	1558.65964	1560.52145	1562.30158	1567.73475	1569.76818	1576.70571	1577.59258	1529.02012
12.459875	1	20	1	0	1546.15608	1501.63239	1502.14501	1502.42651	1502.64458	1519.98039	1524.78009	1527.63256	1530.61628	1543.02692	1544.25779	1545.45392	1546.45996	1554.10010	1557.56469	1563.13575	1566.24396	1568.91611	1575.58850	1576.92284	1578.39920	1529.02202
12.479875	1	23	1	0	1546.15608	1501.09831	1502.22703	1512.54847	1513.52813	1513.99970	1518.02249	1518.68363	1519.57061	1522.29506	1523.08836	1523.93498	1526.53773	1538.40640	1539.44047	1543.49517	1545.94171	1548.28706	1550.80359	1554.25957	1558.86807	1559.71756	1562.80980	1571.70966	1529.01822
12.499874	1	26	1	0	1546.15394	1500.81182	1502.39457	1502.67102	1502.54471	1502.92847	1505.78098	1513.82117	1517.88198	1519.60797	1522.33010	1526.18918	1528.56118	1529.72264	1539.27284	1543.88210	1545.72313	1549.71535	1551.58540	1555.28340	1557.60217	1561.44827	1563.75465	1566.89727	1568.82124	1577.24621	1578.92808	1529.02392
12.519874	1	26	1	0	1546.15336	1500.42970	1502.07915	1501.67053	1502.02356	1503.60703	1505.66779	1510.56364	1516.93073	1519.65360	1521.10740	1522.40925	1523.93498	1524.83208	1530.41934	1533.58740	1535.15212	1536.39943	1537.67473	1543.65693	1546.90305	1556.79931	1570.22493	1572.51350	1576.29630	1577.49342	1578.69622	1529.02411
12.539874	1	17	1	0	1546.15764	1501.50369	1503.65262	1504.17215	1509.83152	1516.76797	1517.62762	1519.83782	1521.25679	1524.45237	1526.55441	1532.80796	1538.31789	1541.57016	1559.51009	1560.73671	1562.31348	1575.29971	1529.02202
12.559874	1	26	1	0	1546.15453	1500.71549	1501.06295	1501.30940	1501.62249	1502.25492	1503.14614	1503.49822	1504.71762	1512.53582	1513.14657	1514.41972	1520.83466	1521.87517	1522.54627	1524.39512	1527.72459	1528.37388	1534.21853	1538.98970	1542.91271	1545.88206	1548.96996	1550.60357	1561.22172	1576.62042	1579.49667	1529.02031
12.579874	1	25	1	0	1546.15394	1500.63804	1501.30446	1502.43073	1502.54582	1504.36607	1518.73051	1520.51671	1523.98521	1524.75892	1531.43831	1532.90960	1534.22714	1539.59406	1540.91096	1546.26553	1548.87008	1549.74542	1554.32302	1557.84642	1565.11104	1567.56051	1572.18463	1572.89822	1574.83758	1579.29851	1529.02183
12.599873	1	33	1	0	1546.15394	1500.28327	1501.40068	1502.53150	1502.37218	1502.50415	1502.30740	1503.03739	1506.02917	1510.25943	1510.91438	1512.23174	1513.26294	1519.47373	1524.80883	1531.98637	1534.52692	1535.57686	1538.86646	1542.79619	1543.99161	1545.97669	1546.48835	1550.73906	1553.04507	1557.23908	1562.05513	1564.08080	1566.03056	1568.09915	1568.76281	1572.63313	1578.42108	1579.38917	1529.02202
12.619873	1	22	1	0	1546.15453	1502.39439	1502.73748	1503.48480	1512.14008	1514.03287	1514.90416	1517.19927	1523.30493	1524.81904	1528.61001	1532.65782	1536.22403	1539.15398	1541.59837	1550.16500	1555.15242	1559.61392	1570.86411	1572.06305	1573.03321	1573.96731	1575.43814	1529.02392
12.639873	1	29	1	0	1546.15900	1500.64060	1502.27694	1502.38815	1502.82122	1503.30709	1505.90267	1511.42166	1515.00176	1516.90884	1518.00244	1521.58371	1524.75136	1529.55618	1534.99251	1537.67896	1538.71397	1539.22545	1541.12915	1542.01800	1545.18888	1546.87600	1548.43502	1549.13053	1550.18239	1552.98742	1554.89172	1558.44574	1564.48688	1572.93503	1529.02031
12.659873	1	26	1	0	1546.15608	1501.13624	1502.10667	1502.34777	1502.93545	1504.05681	1506.16934	1509.81910	1513.40185	1516.07411	1518.58818	1520.27575	1520.76132	1521.46343	1522.98123	1524.86914	1526.96380	1532.06137	1536.53322	1540.10998	1545.73634	1552.42756	1557.02616	1563.82524	1565.17398	1566.24336	1575.56246	1529.02221
12.679873	1	22	1	0	1546.15822	1500.35081	1502.42008	1504.71688	1513.07918	1513.92869	1514.59578	1516.23392	1524.16596	1524.78652	1529.73273	1530.29328	1534.15748	1539.09601	1546.25464	1549.41039	1550.35865	1552.00303	1560.03213	1566.55279	1571.40462	1572.45217	1577.44021	1529.02601
12.699872	1	22	1	0	1546.16055	1500.91256	1502.57794	1502.33364	1506.27172	1511.44469	1513.83943	1515.07455	1524.74569	1526.28161	1526.75813	1531.47168	1535.13698	1541.97353	1547.94331	1552.50849	1553.51942	1558.17070	1560.86665	1563.03979	1570.67653	1572.88313	1579.43034	1529.02411
12.719872	1	21	1	0	1546.14733	1502.13088	1504.50446	1504.89842	1510.84719	1512.36266	1515.34504	1522.06653	1523.93196	1526.17592	1527.18109	1529.58623	1530.42582	1532.10737	1533.79472	1540.80729	1545.23042	1550.93677	1559.60917	1562.12279	1564.68015	1579.43115	1529.02202
12.739872	1	25	1	0	1546.15608	1501.28338	1501.55649	1501.61790	1502.44082	1503.43425	1503.77654	1511.75012	1513.40762	1515.64178	1517.43644	1518.02642	1523.38097	1528.65370	1529.15966	1530.58180	1533.04106	1533.52181	1551.29105	1552.82369	1555.33946	1564.34022	1567.22732	1572.95454	1575.02735	1576.94386	1529.02411
12.759872	1	24	1	0	1546.15180	1500.31969	1500.67136	1504.38613	1510.58609	1512.54158	1514.41804	1515.51851	1517.36942	1518.89369	1523.73881	1526.06570	1528.86539	1533.46368	1540.80073	1547.31992	1553.58221	1557.61617	1559.58564	1560.45413	1562.51971	1564.67218	1569.04981	1570.08721	1572.27829	1529.02392
12.779871	1	23	1	0	1546.15608	1502.24611	1503.65887	1505.07540	1511.81182	1519.72120	1524.90165	1525.61005	1527.41589	1528.69607	1541.48147	1543.53584	1545.14501	1545.93083	1547.66067	1553.17373	1554.78655	1555.51355	1558.57036	1562.84892	1566.48494	1567.55072	1571.81993	1572.63937	1529.02202
12.799871	1	20	1	0	1546.15180	1501.57262	1501.91516	1502.47882	1502.38447	1502.56288	1504.22936	1514.95996	1522.09686	1524.70977	1526.40303	1527.66367	1538.25747	1543.93055	1546.01400	1551.91490	1554.41613	1555.33434	1560.81020	1571.87156	1576.56746	1529.02202
12.819871	1	27	1	0	1546.15822	1500.46704	1501.90177	1502.54967	1505.53232	1509.79278	1510.96004	1514.30057	1516.38740	1518.97679	1519.45590	1523.13966	1524.87084	1532.55545	1535.23835	1537.38045	1538.73900	1539.66845	1544.32178	1546.18446	1555.43210	1556.85764	1562.21863	1569.15411	1571.23578	1573.00424	1575.49424	1576.14155	1529.02031
12.839871	1	21	1	0	1546.15239	1502.18042	1502.36484	1502.46670	1502.92240	1503.38996	1503.93634	1513.67323	1514.57955	1520.08973	1523.06252	1524.31614	1524.80429	1526.73121	1529.89923	1532.66298	1540.23496	1544.15561	1547.78357	1557.63491	1567.81369	1579.98265	1529.02012
12.859871	1	26	1	0	1546.15764	1500.14199	1501.65732	1502.48010	1502.98357	1504.63422	1518.15890	1524.07794	1524.73832	1525.61649	1529.72245	1531.19750	1536.15974	1540.26525	1540.78143	1541.56591	1542.82000	1543.43996	1549.83681	1553.64776	1557.05198	1568.16473	1570.85929	1572.50042	1574.48758	1578.95463	1579.83469	1529.02202
12.879870	1	21	1	0	1546.15608	1502.01476	1502.43678	1502.54673	1503.26905	1503.60813	1505.26827	1505.71498	1513.97491	1516.31542	1518.40932	1524.80788	1525.34402	1534.26064	1538.96678	1539.45125	1542.06556	1545.39469	1548.42313	1560.41730	1561.01345	1562.04561	1529.02411
12.899870	1	19	1	0	1546.15025	1501.40636	1502.39494	1505.25961	1505.72918	1518.72076	1522.15789	1524.92283	1531.28996	1533.24517	1535.13314	1536.80547	1537.50172	1547.24381	1550.57288	1551.36580	1555.48994	1557.14089	1567.57270	1568.64236	1529.02202
12.919870	1	21	1	0	1546.16055	1500.75395	1502.55205	1503.38555	1504.64140	1505.50173	1512.53675	1513.52533	1519.01488	1521.07109	1522.21893	1524.77177	1529.18590	1533.38243	1536.22268	1546.98555	1550.56975	1551.83795	1559.74941	1560.98492	1565.63723	1573.90547	1529.02202
12.939870	1	16	1	0	1546.15977	1500.83526	1503.56898	1504.24058	1513.73099	1516.00721	1517.62556	1525.62576	1530.90169	1541.86875	1542.78748	1544.61736	1549.37115	1564.23895	1568.68397	1571.02985	1575.95877	1529.02221
12.959870	1	24	1	0	1546.15822	1500.37789	1501.25186	1501.55539	1501.78788	1501.91754	1501.88581	1504.45238	1505.45363	1506.25290	1512.95428	1524.74493	1526.01818	1527.20214	1529.85070	1533.35050	1543.06951	1544.07011	1552.40522	1554.56703	1565.58800	1573.70186	1574.83273	1575.68721	1578.73898	1529.02202
12.979870	1	21	1	0	1546.15608	1500.38631	1501.76092	1502.48983	1502.86951	1504.42459	1506.16897	1514.14080	1517.00670	1517.96459	1524.83378	1528.92127	1530.26281	1532.87349	1541.18226	1541.95748	1543.72765	1548.88978	1568.01798	1575.62604	1578.38704	1579.47943	1529.02202
12.999869	1	20	1	0	1546.15180	1500.96421	1501.64467	1502.29235	1502.47661	1502.68405	1511.76908	1514.36191	1514.95623	1520.37705	1531.24230	1532.55106	1533.05157	1534.25930	1541.89098	1545.40129	1550.36725	1554.45484	1557.63964	1560.31970	1576.08985	1529.02392
13.019869	1	21	1	0	1546.15608	1500.91640	1501.81429	1504.49894	1521.23910	1522.01868	1524.89126	1525.40986	1526.06911	1527.33092	1532.32727	1533.58090	1535.09156	1539.64802	1546.51674	1551.60634	1554.79225	1560.96808	1561.92083	1563.48668	1566.02418	1570.29971	1529.02012
13.039869	1	19	1	0	1546.16425	1500.27320	1501.44302	1501.89847	1501.82584	1502.09144	1504.86822	1513.31433	1519.33933	1523.30153	1524.80694	1529.04977	1529.64426	1530.14020	1547.77909	1549.85205	1555.18448	1561.58884	1573.00464	1574.08072	1529.02411
13.059869	1	22	1	0	1546.15336	1502.53957	1502.58032	1502.51020	1503.24627	1512.53080	1513.94118	1517.43644	1521.84146	1523.66538	1532.03007	1534.15116	1536.73385	1539.50714	1540.29322	1541.00132	1550.92738	1556.30622	1563.46461	1565.59099	1566.74676	1569.32070	1576.96853	1529.02012
13.079869	1	18	1	0	1546.14947	1502.13822	1502.13052	1501.79833	1502.50837	1502.86768	1503.17957	1505.27324	1510.57960	1511.94359	1514.51129	1531.55083	1536.54838	1537.22480	1540.47129	1553.05036	1558.15095	1558.88328	1579.68514	1529.02202
13.099868	1	26	1	0	1546.15394	1501.96138	1502.39732	1502.87374	1503.59894	1510.02338	1511.10596	1515.30714	1515.87193	1521.52234	1524.73378	1527.35823	1529.72435	1532.68742	1536.13595	1537.85546	1542.50517	1543.81660	1544.41040	1547.59114	1551.49085	1552.15816	1554.50985	1565.44612	1568.67037	1573.89620	1574.64401	1529.01821
13.119868	1	21	1	0	1546.16114	1502.65817	1503.78536	1510.22123	1516.28775	1517.81997	1524.83113	1527.39066	1536.04520	1540.48846	1546.04763	1552.21360	1553.16255	1555.11585	1559.64240	1562.74804	1563.73457	1566.18312	1567.28065	1568.06276	1568.86467	1579.55996	1529.02202
13.139868	1	20	1	0	1546.15608	1501.82071	1502.21271	1502.49515	1511.79769	1514.23904	1515.95395	1517.37279	1522.42715	1524.75495	1532.53540	1536.98889	1546.80052	1547.66982	1551.05041	1558.35609	1564.15261	1567.45323	1569.11768	1573.67024	1575.33885	1529.02601
13.159868	1	20	1	0	1546.16055	1500.02142	1500.51628	1501.55924	1504.42974	1504.67785	1505.04133	1511.67022	1512.12167	1514.70154	1524.37490	1536.42093	1537.75451	1542.27518	1543.86989	1557.22981	1562.98835	1566.89227	1573.52649	1576.49754	1578.46301	1529.02202
13.179868	1	26	1	0	1546.15822	1500.54228	1501.23115	1502.24427	1501.64669	1503.91629	1505.53693	1514.46056	1515.99002	1519.58225	1523.91043	1527.24196	1529.01232	1529.87107	1531.12697	1533.71553	1536.70620	1537.46059	1538.35252	1545.72760	1550.99584	1552.26669	1553.08547	1554.20516	1559.60917	1562.86937	1571.41205	1529.02031
13.199867	1	18	1	0	1546.15900	1501.95973	1505.38656	1505.73618	1513.60058	1514.48443	1519.71087	1523.02442	1523.75165	1524.77177	1526.60727	1528.28937	1530.30756	1543.77067	1545.28964	1553.45662	1559.70846	1564.76216	1577.03162	1529.02012
13.219867	1	28	1	0	1546.15180	1500.95139	1501.89076	1502.39127	1503.17976	1511.08108	1511.67282	1516.07897	1516.96778	1519.19839	1520.11434	1524.74966	1525.59321	1527.27914	1529.96242	1537.51248	1538.66084	1539.83578	1541.98648	1548.37069	1552.20243	1555.56293	1559.90213	1563.23588	1565.00648	1569.28766	1571.93626	1575.12458	1578.58011	1529.02202
13.239867	1	27	1	0	1546.15550	1500.99132	1501.18205	1501.62432	1501.89113	1502.69011	1506.13135	1510.78334	1513.13987	1517.36923	1519.34252	1520.15192	1524.20071	1526.92777	1534.86320	1542.05260	1547.63710	1549.30792	1550.64286	1554.12130	1557.06125	1562.75598	1566.40973	1567.44823	1572.49318	1573.53112	1577.58569	1579.02640	1529.02012
13.259867	1	27	1	0	1546.16211	1500.83984	1501.80255	1502.14409	1502.19216	1502.32263	1502.71728	1503.85616	1504.44685	1505.27453	1506.07380	1510.87688	1512.62455	1514.71572	1517.14330	1520.29323	1524.72830	1527.37132	1528.91576	1536.03657	1538.04798	1541.37348	1543.65015	1558.71851	1560.97046	1571.12117	1577.42645	1578.61881	1529.02031
13.279866	1	24	1	0	1546.16055	1500.23807	1502.19528	1501.57647	1502.82140	1504.15025	1516.40591	1519.80646	1521.38061	1522.19180	1527.70068	1530.00867	1534.41320	1535.36331	1536.53015	1540.79243	1541.44863	1543.85148	1550.47201	1553.38972	1558.82321	1559.72448	1568.77021	1569.91826	1577.89051	1529.02012
13.299866	1	25	1	0	1546.16055	1500.54887	1501.00011	1501.54585	1502.30153	1502.77476	1504.53924	1509.85988	1514.30374	1517.48119	1521.27109	1522.64428	1523.19456	1524.81261	1526.72174	1537.41792	1541.86063	1545.22926	1546.27855	1548.19565	1557.49249	1558.12983	1563.80615	1564.66979	1567.50896	1571.32029	1529.02202
13.319868	1	26	1	0	1546.16483	1500.91127	1501.52605	1504.97576	1511.33121	1512.88524	1515.10516	1516.74384	1517.92150	1518.68081	1519.95090	1524.90430	1527.91495	1528.51691	1530.32984	1532.69869	1537.25727	1539.13703	1551.97640	1560.69928	1562.48160	1564.27058	1565.04053	1566.09697	1570.65727	1571.73778	1576.80881	1529.02392
13.339866	1	18	1	0	1546.15180	1501.04463	1502.43586	1505.41770	1506.28795	1514.21518	1516.02608	1527.66329	1529.51889	1531.81865	1543.90439	1551.33508	1552.38209	1554.45267	1555.48227	1560.09823	1563.19972	1566.12967	1570.43505	1529.02392
13.359866	1	26	1	0	1546.16269	1500.19360	1500.66221	1501.55355	1502.79532	1504.31031	1504.97779	1515.83960	1519.86919	1522.53307	1524.13101	1524.77272	1530.58180	1532.64388	1536.67317	1542.66228	1545.80842	1547.90396	1549.14360	1553.32419	1557.97331	1559.27876	1567.37532	1573.61648	1574.72667	1576.80193	1579.60460	1529.02202
13.379865	1	21	1	0	1546.15453	1500.19744	1502.51773	1502.57078	1503.23341	1504.44446	1514.25041	1516.97919	1527.38061	1528.42953	1531.47607	1532.09878	1532.62497	1536.89189	1538.55978	1552.45871	1553.08978	1556.11107	1557.89575	1565.86667	1573.49569	1579.51067	1529.02202
13.399865	1	27	1	0	1546.15394	1500.84643	1501.73818	1502.31455	1502.54985	1502.32061	1511.94210	1513.58214	1517.24213	1518.04329	1520.17014	1521.05002	1521.90700	1524.76724	1533.30176	1534.02009	1537.39697	1538.26882	1539.72435	1545.37935	1549.47168	1555.46535	1558.92220	1561.18228	1571.22133	1572.24492	1576.18761	1577.30648	1529.02221
13.419865	1	21	1	0	1546.14733	1500.44873	1501.21356	1502.57335	1502.42192	1502.44890	1504.75315	1517.95298	1520.20866	1524.16029	1528.11960	1532.59746	1533.37707	1536.82717	1537.36315	1539.30289	1544.40071	1545.10560	1558.79950	1560.99166	1564.28690	1573.62212	1529.02012
13.439865	1	24	1	0	1546.16055	1500.28052	1501.83006	1502.15969	1505.91539	1511.83226	1515.73611	1516.45247	1522.68255	1523.45871	1524.80429	1528.62691	1534.91799	1539.54587	1540.04942	1541.36479	1542.58817	1544.17131	1544.94567	1547.96299	1549.07706	1549.76983	1556.80857	1558.77362	1563.25714	1529.02202
13.459865	1	19	1	0	1546.15336	1501.08329	1501.46850	1515.25580	1523.80300	1524.71166	1529.38100	1535.50785	1538.42795	1539.63627	1543.45526	1544.26496	1545.20849	1552.54827	1553.88568	1565.44034	1566.32075	1568.70198	1573.84404	1577.86115	1529.02392
13.479864	1	36	1	0	1546.14889	1500.25820	1501.53632	1502.04209	1501.57940	1502.03438	1502.52103	1505.51076	1511.61913	1513.00286	1514.37049	1515.10198	1516.91183	1518.00188	1519.28903	1521.81491	1524.27080	1527.04646	1527.72611	1536.41018	1538.26170	1540.15723	1541.84266	1543.56083	1545.02893	1547.74695	1551.93684	1555.02677	1556.50633	1557.10107	1560.58046	1564.78566	1566.04352	1569.98339	1572.67717	1573.26582	1578.33762	1529.02012
13.499864	1	18	1	0	1546.15550	1501.12140	1501.54970	1524.79597	1525.87845	1528.90987	1531.00536	1537.96162	1544.40943	1545.38382	1548.44925	1550.20212	1554.91373	1556.16916	1558.70527	1567.97040	1568.73119	1570.12750	1571.22213	1529.02031
13.519864	1	17	1	0	1546.15977	1502.39622	1503.00304	1506.27338	1513.33295	1514.02430	1523.46532	1524.83756	1528.90949	1529.83662	1531.93771	1536.85944	1540.55156	1544.48372	1546.26513	1551.54468	1569.47791	1578.94146	1529.02012
13.539864	1	18	1	0	1546.16211	1500.13614	1500.74681	1501.54787	1504.36920	1518.18289	1522.24720	1527.71055	1531.58249	1534.14791	1541.75413	1552.81702	1561.82582	1563.01198	1564.28690	1568.24751	1569.50214	1571.55140	1573.24207	1529.02012
13.559864	1	23	1	0	1546.15608	1500.43336	1500.85944	1502.48616	1502.74850	1510.62951	1515.56034	1516.44443	1520.02679	1520.66561	1521.17983	1524.80051	1528.69418	1545.04582	1546.29391	1547.20663	1552.02516	1554.58295	1561.50854	1569.13950	1572.71659	1573.34874	1574.61115	1577.59723	1529.02202
13.579864	1	21	1	0	1546.15822	1501.77559	1501.69968	1502.63448	1505.61102	1509.75738	1513.71552	1519.85717	1526.03313	1530.05111	1531.85299	1532.53005	1533.47860	1534.39846	1535.60064	1549.32529	1550.17809	1555.29756	1558.10812	1563.29271	1565.93465	1571.65402	1529.02411
13.599863	1	30	1	0	1546.15608	1501.07596	1501.96596	1502.39952	1502.64366	1503.74216	1504.35079	1506.04079	1509.93884	1518.86818	1519.27158	1523.42399	1524.34769	1529.35780	1535.84667	1536.48024	1541.46215	1543.57730	1545.05455	1549.24702	1549.93994	1551.38772	1555.27239	1558.93031	1559.87621	1560.70344	1561.52936	1563.08747	1570.85448	1578.07070	1579.16244	1529.02012
13.619863	1	21	1	0	1546.15180	1500.02398	1503.21650	1510.49982	1513.22253	1522.19350	1524.12799	1524.75608	1529.39983	1537.93642	1539.58673	1543.04337	1547.76662	1548.53659	1552.12486	1553.95812	1571.27974	1574.34689	1575.71971	1577.71279	1578.52906	1579.50479	1529.01821
13.639863	1	29	1	0	1546.15394	1500.52342	1501.07449	1501.54677	1502.58528	1502.52599	1502.96097	1502.34208	1502.35071	1513.22923	1515.54242	1517.18448	1517.55871	1518.75001	1519.37143	1524.74947	1532.96864	1533.67078	1535.20385	1536.99138	1541.69789	1550.09544	1552.57493	1558.10338	1558.93406	1560.88091	1561.79924	1565.34829	1566.90944	1578.80464	1529.02411
13.659863	1	19	1	0	1546.15550	1501.88783	1502.94316	1504.77653	1511.44413	1513.10952	1518.69206	1522.08442	1524.80240	1527.31764	1532.94131	1536.22038	1537.33298	1538.94213	1539.89921	1546.41192	1549.12838	1569.41502	1571.79262	1572.56657	1529.02411
13.679862	1	22	1	0	1546.15180	1501.45805	1502.56968	1502.66239	1502.30850	1503.99942	1504.56059	1509.58949	1511.12750	1511.85846	1515.03200	1516.80576	1519.25769	1520.17014	1524.78765	1531.25259	1535.82500	1536.56470	1539.22526	1548.56604	1558.21590	1564.28988	1572.60216	1529.02221
13.699862	1	21	1	0	1546.15103	1500.34879	1500.95963	1501.57445	1502.55976	1502.41586	1503.45410	1505.14687	1524.69314	1527.11472	1527.91704	1532.56595	1534.41530	1541.28153	1543.69936	1559.22439	1562.10493	1563.52504	1570.45631	1571.32351	1576.89857	1578.90315	1529.02012
13.719862	1	30	1	0	1546.15822	1501.48408	1502.41971	1504.25438	1517.00838	1517.44505	1519.61398	1523.46928	1524.78652	1525.59491	1527.16952	1528.32469	1532.60606	1537.90777	1543.96544	1545.67281	1548.90909	1549.69758	1550.35435	1553.06076	1554.04197	1554.81053	1558.97734	1560.22351	1562.56497	1565.48079	1567.76013	1569.64917	1570.15978	1578.08467	1579.84991	1529.01821
13.739862	1	21	1	0	1546.15239	1502.51002	1502.33933	1505.87538	1510.19193	1519.78373	1522.15055	1522.68067	1524.83378	1526.42766	1530.29537	1536.92646	1540.92447	1547.25023	1549.60854	1550.51775	1559.71558	1560.57432	1563.69262	1569.27304	1571.46264	1578.03830	1529.02221
13.759862	1	20	1	0	1546.16269	1500.79149	1501.46556	1501.78109	1503.28945	1504.38116	1516.46855	1519.42530	1524.75608	1529.68630	1534.36802	1538.34771	1541.87378	1546.91336	1548.56545	1554.54640	1557.91608	1567.79431	1571.57751	1576.12499	1577.40076	1529.02202
13.779861	1	17	1	0	1546.15180	1501.81630	1501.56694	1505.01757	1513.47932	1515.69333	1520.33457	1522.04355	1524.81903	1526.85422	1533.69870	1536.33302	1544.95615	1549.99874	1562.21307	1566.79366	1568.53433	1571.85489	1529.02202
13.799861	1	26	1	0	1546.15394	1502.15455	1501.75964	1502.31144	1503.02416	1504.00494	1504.41465	1511.05992	1514.40107	1522.32181	1522.75193	1524.80240	1528.46505	1531.08446	1534.06524	1535.39149	1538.84816	1543.08074	1543.63077	1551.58089	1555.55604	1557.81761	1564.48927	1565.19011	1567.48000	1568.95994	1571.72814	1529.02012
13.819861	1	19	1	0	1546.15550	1502.03402	1501.89242	1502.33089	1503.03279	1516.44779	1518.84698	1520.97967	1526.00662	1533.46445	1534.94940	1544.31092	1545.27217	1548.46757	1550.85815	1556.15518	1563.15482	1575.74050	1577.89051	1578.82572	1529.02012
13.839861	1	20	1	0	1546.15394	1500.79332	1502.32355	1502.76209	1513.26126	1514.54243	1517.87673	1521.57674	1522.65560	1524.83756	1527.11946	1530.94152	1537.75259	1538.63658	1542.94387	1550.32152	1553.93103	1563.98771	1568.63635	1572.47851	1579.37355	1529.02202
13.859861	1	21	1	0	1546.16483	1501.71618	1502.17547	1502.51461	1504.93212	1511.79937	1513.03525	1514.07611	1516.28607	1527.95482	1530.88111	1531.80930	1533.08998	1534.74254	1536.98946	1540.20912	1546.32229	1551.33977	1552.53789	1553.21629	1565.12916	1568.64236	1529.01992
13.879861	1	23	1	0	1546.15822	1501.47766	1501.67291	1502.14097	1504.59502	1505.65802	1510.55084	1512.04620	1515.85287	1517.38477	1520.39284	1522.10759	1524.74134	1525.68008	1527.99696	1547.62386	1550.54219	1556.91381	1562.26069	1563.92268	1574.19596	1577.16489	1577.74274	1578.42330	1529.02202
13.899860	1	21	1	0	1546.15394	1500.60526	1502.21932	1502.00724	1517.50366	1518.35383	1519.35059	1524.73453	1534.07156	1545.25450	1549.88467	1551.87319	1552.47420	1553.31359	1558.43389	1559.64240	1560.72522	1566.39516	1568.13794	1569.92307	1571.79985	1573.76590	1529.02411
13.919860	1	20	1	0	1546.15550	1502.32979	1503.00579	1511.17689	1512.28288	1513.23761	1513.95646	1520.88054	1524.75608	1525.41288	1528.77835	1538.79733	1542.56824	1543.90439	1546.56477	1553.90747	1557.17599	1560.98730	1563.94953	1577.00816	1577.60330	1529.02392
13.939860	1	25	1	0	1546.16269	1501.99476	1501.57262	1501.86527	1503.72800	1511.56153	1513.97938	1514.81012	1515.84259	1516.94364	1519.97006	1522.25115	1522.78983	1524.80051	1527.36145	1531.33286	1538.40640	1539.41291	1544.14029	1546.49496	1552.31411	1561.98411	1566.36604	1571.84063	1573.11651	1579.41249	1529.02411
13.959860	1	25	1	0	1546.16211	1500.30633	1500.64609	1502.30042	1502.91230	1503.59012	1505.69563	1506.22781	1510.91623	1515.96442	1516.67501	1520.58664	1521.55716	1527.00986	1528.60526	1541.70640	1546.14442	1549.59546	1551.70324	1556.70866	1559.53600	1561.90654	1565.08395	1568.49532	1570.03410	1572.61323	1529.02202
13.979860	1	23	1	0	1546.15608	1500.27869	1501.12836	1502.24721	1502.95932	1503.63001	1515.24908	1517.18204	1522.86525	1524.72281	1531.64104	1532.56691	1534.55506	1537.28321	1539.28132	1540.54153	1545.16151	1547.90181	1549.45216	1552.35858	1553.19060	1554.85279	1560.57115	1561.10341	1529.02221
13.999859	1	22	1	0	1546.15394	1502.38539	1502.39457	1504.17104	1505.50947	1505.85583	1513.22514	1515.54578	1517.55852	1524.82565	1539.42582	1541.10192	1541.73713	1545.38168	1551.58970	1558.29251	1558.98900	1562.76789	1564.65526	1568.29111	1570.29730	1574.42610	1578.38704	1529.01821
14.019859	1	24	1	0	1546.14947	1501.05398	1501.52514	1501.54879	1506.08191	1516.18700	1518.58236	1520.59378	1521.04400	1522.43601	1523.29776	1527.13880	1529.72873	1532.87807	1533.58358	1541.09902	1542.24037	1544.12284	1552.83016	1557.22626	1560.45532	1561.31863	1565.44931	1575.88850	1578.01988	1529.02221
14.039859	1	16	1	0	1546.15900	1502.54159	1504.88627	1510.84867	1514.34327	1523.24983	1524.79956	1535.77111	1538.28556	1539.22757	1546.30518	1552.20753	1558.89731	1562.18787	1563.41215	1564.66721	1578.08001	1529.02221
14.059859	1	20	1	0	1546.15822	1501.87426	1512.25294	1515.80130	1518.27435	1524.06604	1524.78482	1527.49064	1532.79000	1535.03772	1536.61884	1539.43623	1541.16372	1544.96313	1547.14123	1554.32518	1560.87378	1570.68135	1574.69844	1577.85123	1578.49157	1529.02202
14.079858	1	19	1	0	1546.15394	1500.99902	1501.28393	1501.95312	1504.59759	1511.06864	1514.56948	1521.13411	1530.51304	1531.19693	1544.12498	1546.12770	1551.88827	1555.04270	1558.78311	1568.54993	1572.83324	1574.18891	1574.93680	1579.31981	1529.02221
14.099858	1	16	1	0	1546.15900	1502.04337	1513.73415	1524.74399	1526.66867	1530.44162	1540.87003	1542.35777	1550.92151	1554.88935	1562.08826	1563.23568	1564.63993	1568.55853	1573.52166	1574.81620	1579.29628	1529.02221
14.119858	1	23	1	0	1546.15822	1500.84918	1504.00696	1504.81980	1505.45308	1514.02523	1515.28529	1519.17455	1519.68477	1524.79956	1529.47609	1530.07339	1532.27267	1533.06017	1538.63273	1554.55327	1556.54809	1558.25756	1564.20572	1566.45601	1568.12354	1570.81114	1577.49727	1579.60460	1529.02202
14.139858	1	22	1	0	1546.15977	1500.31145	1502.22886	1501.59755	1502.08593	1503.03224	1503.65281	1505.58780	1513.87502	1518.20013	1519.84139	1523.02838	1524.76062	1525.98012	1529.53411	1530.43001	1531.49228	1538.57422	1541.83899	1568.11374	1569.54721	1574.64381	1577.69073	1529.02031
14.159858	1	19	1	0	1546.16269	1500.42549	1501.70426	1501.56015	1501.79265	1502.20868	1503.92622	1504.30645	1511.48741	1512.70344	1521.67652	1531.20932	1533.37077	1536.90707	1542.83625	1545.01146	1564.42678	1568.42971	1571.40241	1577.50880	1529.02221
14.179857	1	18	1	0	1546.15103	1501.76422	1502.24721	1502.81038	1505.45437	1505.96296	1510.14353	1510.91772	1511.99861	1516.91950	1520.09424	1521.29216	1536.22441	1538.50358	1539.09601	1544.59331	1553.35774	1571.78458	1576.31488	1529.02031
14.199857	1	28	1	0	1546.15608	1500.15920	1500.93948	1502.44688	1502.40907	1502.45697	1504.45145	1505.47833	1515.60554	1517.07556	1517.62256	1519.52217	1522.27941	1523.02121	1524.79862	1533.67518	1534.55506	1537.64647	1542.77664	1544.27582	1545.77558	1552.10488	1553.44760	1556.75517	1559.53363	1567.21214	1568.89909	1570.49782	1579.89334	1529.02411
14.219857	1	17	1	0	1546.15822	1502.15510	1503.56769	1505.26698	1513.57543	1519.03214	1521.45175	1524.30707	1524.78482	1533.56598	1535.67273	1542.26474	1545.65320	1546.75811	1553.39364	1558.28165	1564.11183	1569.04981	1529.02202
14.239857	1	21	1	0	1546.15608	1500.83801	1501.55539	1502.70609	1504.22752	1505.56587	1518.08470	1523.01536	1523.46418	1529.28173	1530.30032	1531.50524	1535.04558	1538.32443	1540.95421	1541.51393	1542.13923	1553.08096	1556.32118	1562.84554	1578.65225	1579.88949	1529.02221
14.259856	1	17	1	0	1546.16055	1501.15822	1502.31657	1503.11766	1510.72748	1516.63236	1518.36264	1519.63651	1522.42357	1524.86913	1530.19694	1537.27456	1540.95594	1556.80621	1564.92463	1569.72209	1571.38554	1572.80690	1529.02012
14.279856	1	22	1	0	1546.15977	1502.37603	1502.48506	1502.88604	1502.80193	1503.21907	1503.96227	1511.47459	1512.65004	1515.47481	1516.17205	1518.59437	1519.65209	1521.70758	1533.68149	1540.96289	1551.53920	1554.89623	1560.86209	1562.21307	1567.33637	1568.38111	1571.15489	1529.02411
14.299856	1	24	1	0	1546.14947	1501.88251	1503.22495	1503.61108	1505.00652	1510.16893	1512.51238	1520.74289	1522.65918	1527.50031	1528.01063	1528.90702	1529.82064	1535.69018	1541.13996	1542.42276	1543.36152	1549.01385	1551.73398	1554.06003	1555.63003	1558.41276	1564.98019	1566.18412	1572.90707	1529.01992
14.319856	1	17	1	0	1546.15608	1500.46411	1500.81841	1501.23262	1502.16629	1501.70554	1512.68967	1520.56916	1522.17202	1523.81395	1524.50603	1540.61061	1544.65675	1547.59017	1560.27319	1571.57028	1572.94268	1578.00611	1529.02221
14.339856	1	24	1	0	1546.14733	1502.38209	1503.87583	1511.35405	1516.82652	1520.82601	1521.57730	1524.77915	1525.81238	1526.40947	1526.93157	1528.11809	1531.10180	1532.41624	1536.95239	1538.52918	1540.09686	1541.37560	1545.84553	1546.40337	1558.54448	1562.20195	1565.11283	1573.44919	1578.92139	1529.02392
14.359856	1	31	1	0	1546.16541	1500.13980	1500.83050	1501.94102	1502.57996	1502.70516	1503.16524	1504.80746	1505.67609	1511.69976	1512.24327	1516.08103	1518.04666	1519.82392	1521.72528	1522.37382	1525.87296	1531.54491	1536.94817	1538.63061	1539.14994	1544.32973	1545.44731	1549.29484	1550.79166	1560.25834	1561.83712	1568.05796	1569.12748	1576.31266	1578.54506	1579.45042	1529.02201
14.379855	1	21	1	0	1546.16483	1501.04408	1502.12189	1502.91855	1504.09414	1516.74571	1517.23651	1518.25880	1519.09124	1522.17937	1523.54552	1524.81525	1529.60811	1539.32852	1543.44422	1545.89371	1551.64784	1554.73387	1558.77263	1567.39969	1575.52512	1576.74755	1529.02011
14.399855	1	29	1	0	1546.16638	1500.44434	1501.11608	1501.82804	1502.46339	1503.37305	1514.53926	1515.64999	1517.31962	1524.67140	1526.84683	1528.51444	1532.83795	1534.78122	1537.71144	1540.72950	1542.09591	1543.34621	1547.94974	1548.66782	1549.29133	1551.93253	1558.41039	1559.09493	1562.73135	1568.28371	1572.55933	1573.97898	1575.43773	1576.89150	1529.02011
14.419855	1	18	1	0	1546.15763	1506.27080	1510.54156	1516.81268	1519.81171	1523.04478	1524.70429	1528.70595	1538.05990	1546.14228	1547.90610	1549.01755	1552.04749	1555.28143	1557.77637	1559.46817	1566.41930	1575.36952	1578.10957	1529.02411
14.439855	1	22	1	0	1546.15608	1502.05328	1503.06383	1504.99602	1511.01759	1512.09360	1512.84020	1513.37503	1522.44072	1531.53213	1532.59536	1539.07231	1544.25837	1546.33337	1547.59991	1549.65208	1553.37127	1554.75667	1574.24775	1575.46840	1576.50421	1578.95017	1579.97453	1529.02411
14.459855	1	21	1	0	1546.15822	1501.00854	1502.26629	1502.36685	1510.15947	1512.64892	1514.76441	1521.23590	1524.88388	1525.55650	1526.94654	1532.44221	1533.97875	1538.97313	1545.72973	1548.06976	1548.55395	1566.35386	1569.01838	1569.78059	1570.43987	1574.41421	1529.01992
14.479854	1	27	1	0	1546.15608	1500.13266	1501.73745	1502.22427	1502.43752	1504.89234	1505.91926	1511.86348	1515.15313	1518.08282	1524.14877	1524.80599	1525.73439	1531.76542	1532.50274	1533.14941	1538.88821	1540.66253	1544.01118	1548.17168	1550.13236	1554.20575	1557.30711	1559.15145	1568.60714	1569.52778	1572.75460	1578.01542	1529.02391
14.499854	1	18	1	0	1546.15180	1500.23989	1504.26266	1511.19508	1519.49795	1520.87941	1521.85088	1524.79313	1526.35946	1529.58014	1538.32442	1542.86567	1547.11690	1548.32741	1554.60751	1561.43003	1573.07365	1573.70427	1579.41330	1529.02030
14.519854	1	24	1	0	1546.14947	1501.15639	1504.10684	1505.80771	1509.92624	1511.69400	1513.46424	1516.54334	1518.78133	1524.18050	1528.56973	1529.59346	1532.11996	1536.35317	1548.18903	1550.51775	1552.16756	1556.34344	1563.52682	1567.41667	1569.78540	1571.08504	1573.78724	1575.59071	1577.75974	1529.02201
14.539854	1	19	1	0	1546.14578	1502.36814	1504.07796	1513.47597	1514.23475	1516.24420	1520.25733	1521.56846	1522.39229	1524.78935	1525.89151	1528.88136	1532.54170	1547.14318	1552.76781	1557.17362	1560.40562	1565.76739	1568.16713	1575.42824	1529.02391
14.559854	1	23	1	0	1546.14578	1501.47216	1501.90745	1501.84198	1503.40503	1503.79290	1505.50560	1505.83905	1512.30203	1514.02858	1514.74706	1515.34093	1519.12614	1521.05528	1526.69710	1527.97342	1539.62855	1547.42446	1550.93031	1559.13030	1563.36683	1567.75653	1568.82604	1577.50253	1529.02201
14.579853	1	20	1	0	1546.15822	1501.72645	1502.15968	1504.70749	1512.48243	1513.83216	1515.06279	1515.89061	1519.61229	1524.76913	1529.58014	1530.91960	1540.01914	1542.08721	1548.44574	1559.68591	1562.67437	1564.19120	1564.98019	1569.72930	1572.71176	1529.02411
14.599853	1	20	1	0	1546.15394	1500.59629	1501.81117	1502.61502	1505.40738	1512.95745	1514.42307	1515.93526	1536.65359	1538.49492	1539.02205	1539.65669	1542.36628	1549.82002	1551.90393	1553.51039	1555.65305	1557.56705	1562.38930	1575.62120	1579.63807	1529.02201
14.619853	1	18	1	0	1546.15180	1502.75603	1516.09953	1524.73283	1525.28537	1527.75324	1531.05568	1532.41891	1533.56866	1537.06918	1538.92884	1544.84281	1545.52849	1555.70696	1557.22745	1561.14046	1563.38114	1569.60309	1574.60167	1529.02411
14.639853	1	25	1	0	1546.14733	1500.28290	1501.17178	1501.79209	1501.58527	1502.75933	1506.08984	1510.35773	1515.78449	1519.98922	1529.97783	1530.48504	1531.81846	1533.40269	1533.92346	1534.52921	1545.74508	1548.40226	1552.90407	1557.22035	1558.78785	1560.30624	1561.63345	1566.74496	1569.53118	1570.83040	1529.02220
14.659853	1	20	1	0	1546.16055	1502.24134	1503.70759	1504.72277	1512.11349	1517.55009	1521.21671	1529.08152	1530.81899	1541.75220	1543.37236	1546.18679	1548.14342	1550.55059	1552.57493	1553.50391	1554.00112	1555.04231	1561.67608	1562.95497	1564.07602	1529.02411
14.679852	1	21	1	0	1546.15608	1501.90544	1513.32438	1518.06390	1520.63759	1524.77839	1525.69200	1527.67923	1533.64496	1536.05153	1539.89400	1541.86005	1544.50563	1548.31864	1548.95025	1551.37010	1552.80349	1556.39464	1560.24429	1562.24879	1564.35236	1573.04246	1529.02411
14.699852	1	17	1	0	1546.15608	1501.14943	1501.44118	1503.11343	1506.25917	1515.57659	1517.13806	1522.58396	1524.54893	1525.41666	1538.24227	1555.06551	1556.13470	1564.65287	1566.84137	1569.90122	1571.60622	1573.47193	1529.02391
14.719852	1	25	1	0	1546.15550	1500.07978	1501.61974	1503.72175	1504.95679	1505.95522	1506.25382	1510.22920	1512.18340	1513.84148	1522.36967	1524.71298	1528.17391	1532.68398	1538.59866	1541.84265	1543.07822	1547.34250	1554.49158	1557.48223	1562.08013	1565.50410	1572.95173	1573.88210	1575.14112	1579.58674	1529.02220
14.739852	1	28	1	0	1546.15763	1502.41053	1502.60731	1505.25869	1510.04600	1512.13153	1513.85005	1516.83999	1517.78812	1518.95597	1520.60958	1522.40774	1524.81261	1526.81025	1529.06954	1529.99077	1530.82718	1534.01587	1537.32644	1538.42141	1543.74218	1555.98566	1560.36919	1564.57345	1568.53913	1569.29246	1573.76106	1575.07435	1576.75544	1529.02411
14.759851	1	19	1	0	1546.16113	1502.13547	1502.12116	1503.59122	1510.22531	1511.43466	1513.50931	1514.18143	1516.40105	1520.13613	1524.83113	1534.91703	1536.79683	1541.05944	1555.12489	1556.03449	1557.82747	1562.49847	1568.39811	1571.81330	1529.02220
14.779851	1	21	1	0	1546.15608	1500.01282	1501.90690	1502.59813	1502.95583	1504.90947	1510.99735	1513.34877	1518.12461	1524.74757	1530.25881	1533.23256	1540.19407	1543.31135	1544.69166	1550.75666	1554.38863	1555.87484	1556.51086	1561.49446	1571.92420	1572.93784	1529.02601
14.799851	1	15	1	0	1546.15822	1504.81445	1511.26992	1514.84259	1522.46126	1522.99367	1525.36047	1536.54089	1544.08775	1552.20458	1553.20394	1554.37723	1554.95639	1556.04591	1560.45987	1573.65353	1529.02030
14.819851	1	18	1	0	1546.15452	1502.23858	1502.31657	1502.35181	1510.51021	1520.41727	1524.80712	1527.41399	1531.95507	1536.17931	1537.27456	1546.76881	1549.16974	1559.51721	1561.71634	1564.41245	1567.59627	1575.63775	1576.48097	1529.02220
14.839851	1	17	1	0	1546.15977	1501.47564	1506.10884	1515.10049	1523.39002	1524.79691	1528.80268	1529.84252	1530.71286	1531.42801	1535.83938	1539.78045	1540.34087	1541.29563	1546.43817	1552.45068	1556.84838	1557.52484	1529.02411
14.859851	1	17	1	0	1546.14947	1501.92194	1503.99942	1505.51334	1516.80070	1517.87935	1519.14359	1524.75495	1527.99563	1530.98173	1534.08361	1537.03633	1540.41958	1542.54463	1546.77542	1559.20562	1562.62433	1563.46759	1529.02201
14.879850	1	26	1	0	1546.15608	1502.31565	1502.16702	1502.94426	1505.46745	1509.72495	1511.52159	1512.55926	1513.42382	1521.71643	1526.31380	1527.79234	1529.75251	1531.49247	1535.79278	1541.66098	1544.82748	1547.58686	1550.27129	1552.54161	1555.38528	1559.04255	1563.21879	1565.48238	1569.12748	1572.61403	1578.84153	1529.02411
14.899850	1	20	1	0	1546.14811	1502.17693	1502.10006	1512.05400	1513.07527	1522.08970	1527.62667	1541.07083	1544.41486	1545.91023	1546.93301	1548.98029	1549.66750	1550.42197	1559.53758	1560.81713	1562.77186	1569.91345	1576.33609	1577.81905	1579.04363	1529.02011
14.919850	1	27	1	0	1546.16055	1502.39622	1503.77562	1505.93014	1510.50965	1520.64455	1522.22402	1522.72723	1528.48918	1534.39386	1535.76152	1539.44316	1545.33779	1547.72533	1548.55395	1551.92136	1552.60374	1553.86231	1555.06747	1557.09634	1559.12082	1560.69650	1561.62175	1567.09532	1568.88448	1578.27827	1579.23524	1579.89111	1529.02391
14.939850	1	29	1	0	1546.15239	1502.35493	1502.68240	1504.55341	1510.13148	1516.72158	1518.16396	1520.49922	1523.36285	1524.16766	1524.59353	1525.84286	1531.77267	1534.40668	1535.12452	1540.27971	1540.89590	1541.53132	1543.09777	1547.54343	1548.36308	1552.34859	1559.66831	1560.33930	1563.13097	1566.59169	1570.32738	1571.52971	1574.23687	1577.89759	1529.02411
14.959851	1	25	1	0	1546.15394	1501.13111	1502.04851	1502.42393	1502.71967	1502.99330	1502.37199	1502.48248	1502.75272	1503.00083	1510.23866	1511.93169	1514.81796	1519.62055	1524.82830	1528.12397	1528.75726	1536.58505	1545.12520	1549.92021	1552.28981	1555.40319	1557.54594	1565.61989	1571.86915	1579.52405	1529.02201
14.979849	1	29	1	0	1546.16113	1501.42835	1502.07254	1502.57610	1503.38077	1504.26413	1504.98313	1510.41226	1513.34728	1517.32467	1519.89022	1520.91571	1521.43406	1523.06063	1524.71790	1534.26063	1536.88536	1538.95503	1539.58037	1542.17810	1547.96942	1550.05324	1551.26933	1551.93018	1553.84876	1556.66394	1561.48257	1562.36528	1563.94177	1574.40957	1529.02201
14.999849	1	24	1	0	1546.15394	1500.03807	1501.59003	1502.32667	1502.40099	1502.82085	1503.39639	1511.60872	1513.22178	1515.17198	1520.95615	1521.81491	1523.40455	1527.20138	1530.41172	1532.92010	1551.38321	1555.28379	1557.28837	1561.33052	1565.25923	1572.79020	1573.99309	1576.05006	1578.89180	1529.02411
15.019849	1	21	1	0	1546.15608	1500.74406	1501.18937	1501.60250	1502.76098	1504.54274	1505.35044	1505.93457	1512.01831	1513.50167	1518.00019	1522.73081	1531.25297	1537.39044	1539.79336	1542.13265	1548.69395	1558.68334	1569.71027	1570.57744	1574.57566	1578.58700	1529.02201
15.039849	1	18	1	0	1546.16483	1501.71801	1501.94102	1506.27744	1510.93906	1511.88652	1512.45899	1517.62593	1518.74945	1519.64852	1521.46210	1527.06561	1532.18868	1540.22628	1548.82229	1560.86209	1565.43635	1567.40928	1576.84135	1529.02201
15.059849	1	21	1	0	1546.15822	1501.41259	1502.45660	1503.98415	1512.33327	1518.55461	1523.19342	1526.70657	1528.01632	1529.57349	1535.50842	1536.05805	1537.52767	1546.70364	1549.02419	1549.86064	1550.94713	1554.14624	1564.11918	1567.30481	1572.82842	1574.73857	1529.02220
15.079849	1	24	1	0	1546.15608	1500.83233	1501.71123	1502.11052	1503.63497	1506.10073	1510.75680	1515.06764	1522.43525	1524.84229	1528.75137	1531.98370	1534.16494	1538.45816	1544.40943	1549.25873	1552.98290	1556.00417	1561.34480	1564.40907	1566.87531	1574.70066	1576.54604	1578.38096	1579.15352	1529.02201
15.099848	1	19	1	0	1546.15472	1501.99403	1504.31142	1509.90121	1511.55986	1520.73141	1521.32905	1522.47653	1527.74755	1530.27081	1536.42822	1538.80426	1547.87123	1554.09636	1555.07514	1562.75518	1569.70306	1570.84524	1575.51079	1578.74121	1529.01821
15.119848	1	21	1	0	1546.15394	1503.57707	1514.29721	1516.14289	1520.92267	1521.56846	1523.46777	1524.68576	1525.32510	1526.64783	1535.83363	1537.41792	1548.92859	1550.49605	1551.22296	1553.75199	1560.75077	1569.97858	1571.83821	1573.02596	1574.12766	1575.53904	1529.02030
15.139848	1	21	1	0	1546.16269	1500.25984	1502.05805	1505.62669	1511.85252	1516.02272	1519.67951	1522.08442	1524.22829	1524.76988	1525.64828	1530.92017	1531.68835	1536.48465	1539.15186	1540.05366	1545.49586	1548.44574	1553.25003	1569.74112	1574.47568	1576.53937	1529.02201
15.159847	1	10	1	0	1546.15394	1500.00569	1502.49258	1502.51552	1503.34733	1505.54043	1511.93782	1518.14672	1524.82830	1529.33707	1536.76630	1529.02391
15.179847	1	22	1	0	1546.15608	1502.15400	1502.12427	1501.76074	1505.54301	1505.90377	1510.66662	1513.26386	1513.96559	1518.73444	1519.93023	1521.50897	1521.99175	1522.52119	1526.05415	1529.04768	1533.08539	1538.02335	1544.63269	1546.84195	1548.77879	1563.72502	1567.14723	1529.02201
15.199847	1	25	1	0	1546.15336	1501.67107	1505.54172	1506.19608	1512.69339	1514.63289	1517.64278	1518.85955	1519.69678	1521.72264	1524.79030	1530.44162	1533.58835	1534.32437	1541.19944	1546.37478	1549.94424	1553.99209	1555.76088	1558.03666	1566.88748	1567.69838	1569.60489	1572.40251	1574.34931	1576.33831	1529.02410
15.219847	1	27	1	0	1546.15452	1501.22547	1502.01017	1502.39512	1502.99183	1511.69344	1513.24692	1514.79239	1518.72169	1519.48405	1522.95954	1524.72640	1535.59277	1537.34028	1539.49712	1541.99518	1542.56166	1551.77431	1553.22629	1553.92199	1555.35106	1559.00717	1567.52594	1568.51572	1569.99561	1571.12739	1571.67250	1574.08555	1529.02410
15.239847	1	21	1	0	1546.16055	1500.79790	1501.51212	1501.66392	1504.40140	1504.97024	1505.80107	1509.92030	1510.91215	1512.07575	1514.63401	1515.18392	1526.16020	1527.66614	1533.04526	1544.92606	1546.94682	1553.91728	1556.26525	1563.72741	1576.41570	1578.01076	1529.02201
15.259846	1	22	1	0	1546.15899	1500.12058	1502.05309	1504.57679	1505.33109	1511.44450	1512.20998	1513.14154	1514.32629	1516.36515	1519.63651	1524.28326	1525.74518	1529.91160	1532.10106	1535.97575	1544.63967	1550.02491	1558.03074	1562.55802	1571.96498	1574.53313	1575.39071	1529.02410
15.279846	1	21	1	0	1546.16424	1501.26615	1502.14097	1502.78816	1506.12636	1517.93293	1520.99546	1524.70353	1526.59268	1528.94902	1532.55850	1533.54093	1537.87527	1539.42543	1548.89387	1550.79381	1553.50842	1562.78616	1563.56101	1565.88122	1571.57750	1577.52579	1529.02410
15.299846	1	17	1	0	1546.15180	1500.93893	1502.35107	1502.78302	1504.88682	1511.79620	1515.17888	1521.08689	1522.55700	1536.11427	1545.41236	1547.13247	1553.96381	1565.39291	1567.84787	1571.95052	1573.25877	1575.49181	1529.02391
15.319846	1	24	1	0	1546.15977	1500.03550	1501.22639	1501.74442	1501.92854	1503.19078	1512.06069	1512.56335	1516.10158	1519.12614	1520.56558	1523.03931	1528.89561	1533.42602	1536.29195	1538.69587	1540.15240	1548.60679	1552.52397	1560.63016	1563.14488	1566.44603	1568.38350	1572.15869	1575.19519	1529.02201
15.339846	1	19	1	0	1546.15336	1502.16042	1501.83721	1502.60088	1503.20915	1505.61931	1510.41782	1514.21424	1515.58948	1517.30408	1522.40924	1524.63945	1527.20024	1535.99782	1536.82717	1539.69640	1548.24340	1564.32529	1565.44512	1574.28785	1529.02201
15.359845	1	19	1	0	1546.15763	1501.95184	1502.85280	1504.25971	1515.45427	1519.47298	1524.66535	1525.74405	1527.03565	1528.89371	1531.86673	1532.55965	1541.89890	1545.29702	1548.51319	1558.75861	1559.80538	1570.38673	1572.86180	1577.32246	1529.02201
15.379845	1	26	1	0	1546.16424	1500.29242	1501.99953	1503.28981	1503.73774	1505.29166	1509.65990	1510.66346	1513.38564	1516.17373	1520.44170	1521.83788	1526.29656	1526.95223	1529.38594	1530.58351	1535.00324	1536.94375	1549.34714	1551.71870	1557.12216	1565.17816	1565.93704	1570.02688	1573.48481	1574.59925	1578.39372	1529.02201
15.399845	1	27	1	0	1546.16774	1501.16335	1503.16634	1504.54274	1509.97091	1512.21649	1516.71802	1519.74561	1520.20772	1520.78312	1522.02207	1523.52344	1525.88034	1530.50656	1532.40364	1534.80133	1541.74563	1543.43608	1550.38484	1551.83324	1560.79811	1562.37004	1564.20811	1566.24714	1571.72572	1574.98802	1578.62570	1579.33440	1529.02410
15.419845	1	23	1	0	1546.15763	1500.74131	1501.40984	1501.86728	1502.47551	1502.83480	1503.69122	1505.30401	1506.04853	1509.90102	1520.94994	1521.56902	1523.37738	1524.75797	1530.24053	1531.37633	1537.06610	1539.07655	1540.12039	1541.33677	1551.17482	1552.91348	1561.57178	1572.07911	1529.02220
15.439845	1	25	1	0	1546.15394	1502.21252	1504.53004	1505.48072	1509.99205	1514.71479	1515.27446	1516.12962	1519.36185	1520.64285	1523.39549	1529.45992	1532.03217	1532.92660	1543.12410	1545.05513	1552.45068	1557.03246	1561.69274	1564.09511	1567.00028	1571.96739	1573.18532	1574.90069	1576.47167	1577.81277	1529.02011
15.459845	1	26	1	0	1546.15608	1500.73783	1501.75523	1501.54108	1503.81460	1505.12642	1506.11419	1510.08530	1510.63748	1512.56669	1517.55870	1517.95354	1525.82771	1528.61038	1535.88618	1541.24599	1545.36905	1547.02057	1550.63856	1551.63707	1555.73845	1559.32344	1562.68628	1566.31337	1572.15387	1576.84843	1579.50174	1529.02220
15.479844	1	21	1	0	1546.15763	1501.47491	1501.72278	1502.37126	1504.35981	1512.61674	1516.02814	1521.48337	1522.02942	1522.87788	1524.75684	1529.10965	1533.12820	1544.85795	1548.97249	1561.14601	1563.46044	1565.37120	1567.30001	1568.01358	1571.41445	1579.54657	1529.02410
15.499844	1	28	1	0	1546.15763	1501.38363	1502.16592	1502.54636	1502.77126	1503.03518	1504.09267	1504.67361	1512.31542	1517.08061	1518.48936	1519.56835	1521.95634	1524.21034	1525.84475	1528.18169	1532.59536	1536.49540	1542.72226	1546.70889	1550.36295	1551.36129	1558.00745	1558.96943	1563.99208	1570.78465	1573.01892	1575.58365	1578.77343	1529.02201
15.519844	1	22	1	0	1546.16988	1501.37171	1502.30354	1502.52911	1502.40044	1504.98515	1505.75038	1509.99316	1510.42395	1513.89142	1517.58117	1522.94841	1526.52447	1530.92513	1546.03246	1549.41292	1550.50915	1552.52612	1553.19942	1560.46699	1566.87151	1575.87658	1577.87674	1529.02600
15.539844	1	23	1	0	1546.15180	1500.25947	1502.20775	1503.24461	1503.88742	1504.22016	1504.81316	1505.59480	1516.74215	1529.18399	1530.62447	1534.98178	1536.84426	1537.82142	1544.06565	1545.71438	1548.45802	1549.84677	1559.95911	1561.98172	1564.39553	1565.92727	1570.24918	1574.08313	1529.02220
15.559844	1	22	1	0	1546.16055	1501.18112	1501.72590	1502.17436	1510.47496	1512.00102	1514.11954	1516.92212	1517.77314	1520.76846	1522.84205	1526.39071	1528.24834	1533.10450	1538.39350	1539.13009	1543.69626	1544.20485	1560.40681	1562.78378	1573.13079	1574.86096	1575.84630	1529.02410
15.579843	1	26	1	0	1546.15452	1501.35375	1502.01585	1503.62192	1504.12008	1504.64674	1509.85505	1513.77887	1517.78007	1519.61660	1528.70101	1529.80446	1532.04686	1533.40269	1536.10794	1537.24554	1537.94008	1540.48981	1541.95303	1542.70271	1551.12220	1553.27475	1555.82859	1568.56353	1572.28793	1573.04990	1574.32089	1529.02391
15.599843	1	19	1	0	1546.15394	1502.42210	1502.59850	1503.40246	1503.93909	1510.06157	1510.85405	1520.10024	1524.78198	1529.23970	1531.48598	1533.54093	1534.08667	1542.14715	1548.09158	1553.55317	1557.54594	1560.06755	1562.31824	1579.26951	1529.02600
15.619843	1	22	1	0	1546.15336	1501.78237	1503.75392	1511.90176	1514.58980	1522.99914	1526.20944	1527.02920	1530.89826	1535.00324	1537.74182	1546.29138	1548.17558	1553.20629	1554.04785	1559.02200	1559.85247	1562.61718	1563.50277	1566.13805	1567.14404	1573.25877	1579.33197	1529.02410
15.639843	1	19	1	0	1546.15821	1502.49148	1502.82745	1502.35749	1503.39805	1504.00162	1506.14112	1510.03821	1512.47908	1514.09922	1520.65545	1521.75201	1524.70429	1530.33593	1533.40575	1539.59097	1540.48769	1566.66014	1566.66014	1569.13189	1529.02410
15.659842	1	24	1	0	1546.15608	1500.19615	1501.78237	1502.17455	1502.41237	1502.89651	1504.43305	1513.99037	1520.88750	1521.72622	1523.91043	1527.53332	1535.39570	1538.80503	1540.40762	1542.16881	1543.84973	1548.52060	1552.45616	1555.41990	1558.95619	1561.06774	1569.26743	1571.32993	1575.25410	1529.02410
15.679842	1	15	1	0	1546.15608	1511.83876	1522.63240	1524.93020	1529.21365	1534.77318	1538.99682	1540.70402	1547.64801	1549.35222	1554.42517	1555.22144	1558.82440	1569.24881	1570.54615	1546.25677	1529.02600
15.699842	1	22	1	0	1546.15686	1501.48866	1503.23873	1503.65666	1505.66834	1515.06820	1524.06982	1525.99337	1529.56416	1530.47457	1536.49866	1543.84973	1545.68583	1548.37828	1551.78253	1556.93490	1557.75190	1563.38591	1565.10327	1572.39990	1573.71293	1575.71728	1577.55028	1529.02391
15.719842	1	30	1	0	1546.15608	1500.98253	1502.38319	1503.58056	1509.85821	1510.74474	1511.57175	1513.69186	1516.70269	1517.22734	1519.14678	1521.23232	1524.84228	1526.96569	1529.17543	1531.38034	1531.95240	1536.32592	1538.53784	1539.57343	1540.21934	1542.34248	1545.82804	1548.16310	1549.35144	1552.08490	1563.82444	1567.10510	1568.05016	1568.75400	1577.10867	1529.02201
15.739842	1	18	1	0	1546.15821	1502.47000	1502.42540	1502.49625	1503.02618	1504.64747	1512.13989	1514.41804	1519.59614	1520.72709	1522.25077	1541.07585	1548.30967	1558.63850	1560.10079	1572.12755	1572.83224	1574.68654	1575.38586	1529.02410
15.759841	1	22	1	0	1546.15821	1502.33565	1502.49019	1512.53991	1514.19392	1517.52930	1518.24343	1522.70178	1524.36922	1532.84177	1536.43397	1543.21337	1545.45605	1548.56603	1549.20994	1559.68591	1561.20407	1563.27125	1565.41224	1567.68459	1576.08984	1576.88219	1578.51649	1529.02201
15.779841	1	24	1	0	1546.15899	1500.99956	1501.31691	1501.77375	1502.06318	1502.24812	1510.09272	1511.07774	1516.99434	1519.47129	1522.21290	1524.82451	1528.12947	1538.08259	1540.49927	1544.46412	1546.36176	1547.74636	1549.12720	1551.92567	1557.35621	1558.06370	1569.77318	1570.92570	1576.13529	1529.02030
15.799841	1	20	1	0	1546.15452	1500.73490	1501.64247	1501.89021	1502.69452	1503.91647	1505.01020	1505.94895	1509.56669	1513.46219	1514.14359	1515.02173	1518.08769	1524.83208	1527.58398	1537.92854	1539.34393	1544.67866	1547.58257	1548.34788	1557.57375	1529.02201
15.819841	1	22	1	0	1546.15977	1500.85284	1501.84748	1501.83867	1502.41824	1503.45226	1504.49084	1513.24282	1515.26587	1516.74402	1524.80977	1525.89340	1533.13928	1536.05153	1547.85389	1549.06535	1557.85036	1562.29681	1565.38574	1572.75118	1573.67427	1574.59925	1575.43248	1529.02220
15.839841	1	23	1	0	1546.15608	1501.15969	1502.41953	1502.63944	1502.88273	1505.44939	1512.80335	1517.93180	1524.67593	1538.91497	1541.83241	1544.76617	1546.54513	1547.14551	1548.50676	1549.21521	1550.67277	1556.47146	1557.07288	1558.27888	1565.83018	1566.73997	1568.05536	1574.43174	1529.02201
15.859840	1	20	1	0	1546.15763	1500.28546	1509.74366	1514.96387	1518.53699	1519.21565	1521.50332	1524.78576	1526.76968	1530.43800	1534.74253	1536.49770	1544.79023	1548.41844	1551.35249	1554.46662	1557.75190	1560.05330	1560.81494	1564.46538	1565.85450	1529.02030
15.879840	1	29	1	0	1546.15763	1501.68996	1501.75707	1502.86914	1510.28261	1510.97712	1512.30649	1514.39939	1518.12105	1519.38269	1519.90769	1523.96897	1524.80334	1525.78190	1529.64882	1534.21546	1537.78277	1538.84065	1544.10093	1544.77490	1548.25802	1549.67375	1550.26504	1553.05919	1557.64418	1569.98098	1571.46505	1573.04065	1575.67045	1579.88035	1529.02201
15.899840	1	29	1	0	1546.15394	1500.19195	1500.85559	1502.34098	1504.40931	1506.06162	1515.37211	1518.97154	1519.81509	1520.60807	1521.38400	1522.39417	1524.72640	1527.52934	1530.30546	1536.14688	1541.14653	1544.93033	1549.57808	1550.65381	1551.49320	1556.24418	1558.42934	1564.64093	1566.89726	1570.20087	1571.07199	1571.70423	1574.52769	1576.38054	1529.02201
15.919840	1	18	1	0	1546.16055	1500.07722	1503.19463	1506.22228	1510.31989	1514.73008	1515.26438	1524.80977	1528.03132	1529.09558	1539.40828	1544.28823	1544.96973	1554.39314	1559.89263	1561.09072	1566.69347	1569.77538	1579.21739	1529.02410
15.939840	1	18	1	0	1546.14811	1501.38784	1506.01109	1510.18469	1512.65618	1514.80601	1517.35575	1524.69559	1525.78493	1526.46687	1529.16764	1533.34190	1539.41464	1540.46376	1553.53295	1554.99472	1563.61031	1570.77743	1577.62272	1529.02410
15.959840	1	26	1	0	1546.14675	1500.18993	1500.67484	1502.33474	1502.97328	1503.22329	1513.45921	1519.65866	1521.21670	1523.85983	1524.76137	1529.61229	1533.85038	1537.02154	1538.24438	1540.79011	1544.98293	1548.85681	1551.03671	1555.91184	1559.48181	1562.15234	1564.00879	1567.27545	1569.92066	1574.21490	1577.46347	1529.02201
15.979839	1	28	1	0	1546.15549	1500.90468	1501.68006	1502.35970	1502.37585	1503.07577	1505.39835	1512.72669	1514.74295	1519.63932	1520.13275	1521.57147	1524.74682	1526.64972	1528.34653	1533.23752	1537.33086	1540.84821	1542.67524	1544.31305	1545.04135	1545.85057	1546.94468	1550.84641	1556.09276	1561.37215	1562.24005	1570.94336	1574.66981	1529.02410
15.999839	1	30	1	0	1546.15821	1500.20055	1501.23793	1501.77981	1502.09932	1502.26610	1502.28372	1503.36129	1506.12230	1510.37572	1512.81508	1516.47808	1520.38926	1524.75419	1527.14164	1529.35380	1532.64387	1533.24383	1535.00975	1536.25472	1537.89469	1539.30751	1542.94754	1546.51265	1547.44335	1558.88446	1560.78424	1563.31914	1565.21182	1573.59272	1576.59030	1529.02220
16.019839	1	25	1	0	1546.15102	1501.90837	1502.16133	1505.17855	1511.63343	1512.54679	1517.45535	1519.74204	1520.71863	1524.79124	1525.52186	1527.09442	1528.00854	1530.88587	1535.77014	1538.54438	1541.35184	1550.43292	1552.26296	1556.24063	1561.30693	1562.25652	1565.26122	1568.88688	1571.38554	1579.05964	1529.02410
16.039839	1	20	1	0	1546.15763	1500.26112	1502.54765	1504.63072	1512.20850	1513.96726	1517.18897	1519.11901	1522.35346	1523.73164	1525.67951	1528.90739	1539.60388	1546.31996	1547.45931	1553.09429	1554.57155	1555.67744	1564.49304	1570.60652	1579.20036	1529.02011
16.059839	1	23	1	0	1546.16210	1500.99370	1501.79099	1502.11400	1503.67872	1505.60254	1510.79670	1513.79023	1515.57565	1516.65275	1517.25653	1517.78213	1524.58937	1531.29644	1542.08624	1545.04872	1553.74786	1557.47789	1560.60501	1562.24005	1564.62879	1572.43528	1573.34632	1578.91673	1529.02220
16.079838	1	15	1	0	1546.15180	1502.04979	1506.07509	1510.48090	1512.72837	1515.11747	1524.70051	1525.87087	1532.17398	1543.65789	1546.67310	1552.60099	1555.04958	1557.68403	1561.01067	1574.00960	1529.02410
16.099838	1	21	1	0	1546.16269	1501.21539	1502.33896	1502.61392	1504.44777	1505.54301	1514.69930	1518.68437	1521.07391	1522.28129	1524.83869	1527.19644	1530.65323	1533.90452	1545.63144	1546.27641	1547.72747	1554.14467	1560.05330	1569.04981	1570.18523	1578.41196	1529.02410
16.119838	1	19	1	0	1546.15977	1501.00359	1501.36493	1502.28464	1501.54292	1503.57063	1514.35184	1514.91424	1523.21342	1528.20163	1532.72409	1534.07385	1539.10717	1545.19548	1547.77538	1549.17618	1551.01930	1553.09959	1560.39988	1572.42362	1529.02011
16.139838	1	23	1	0	1546.16055	1500.34604	1502.25785	1503.59600	1505.11187	1511.39825	1520.56915	1523.34473	1524.83661	1530.92417	1535.42368	1539.76965	1544.09841	1544.75976	1546.80927	1548.78971	1551.05647	1551.61514	1552.70371	1560.94708	1573.16882	1575.36548	1576.25447	1578.72580	1529.02410
16.159838	1	19	1	0	1546.15025	1502.45073	1502.44742	1502.51203	1504.71780	1505.39042	1514.22785	1516.10850	1518.99574	1524.70051	1528.15321	1532.52795	1542.03636	1549.76944	1552.35309	1557.16652	1559.98958	1566.19987	1568.80423	1574.50249	1529.02410
16.179837	1	27	1	0	1546.16055	1500.91054	1501.59773	1501.71599	1504.95108	1506.17524	1509.99427	1511.34105	1513.79061	1514.62263	1516.09822	1524.80239	1526.12800	1526.90654	1528.71868	1532.55220	1536.38215	1542.89218	1545.61395	1549.40433	1550.72517	1553.65012	1557.29074	1565.65158	1567.37771	1568.44911	1578.62023	1579.97392	1529.02220
16.199837	1	21	1	0	1546.15899	1501.90415	1502.31253	1502.63558	1503.80890	1511.46307	1518.23986	1526.70676	1527.90432	1530.15124	1531.63684	1534.49685	1535.27916	1539.25781	1548.08905	1549.59760	1552.02731	1562.24462	1564.84538	1566.18910	1569.17112	1574.23203	1529.02220
16.219837	1	19	1	0	1546.15180	1500.77958	1501.51304	1501.97843	1502.20500	1503.40062	1504.24830	1505.97513	1511.84861	1524.95421	1531.93217	1550.81141	1552.71684	1556.93963	1558.40584	1560.66026	1567.64243	1569.20996	1573.65675	1577.08986	1529.02201
16.239837	1	21	1	0	1546.15394	1500.94974	1501.24288	1502.25308	1511.93262	1512.67720	1513.62591	1515.42458	1517.85275	1518.88675	1523.04610	1524.77650	1526.88531	1532.01766	1534.38735	1536.76265	1539.89400	1551.46893	1555.60582	1562.17179	1574.38579	1577.31113	1529.02201
16.259836	1	23	1	0	1546.16269	1501.29327	1502.56876	1503.09065	1503.95068	1505.35431	1506.27522	1510.07640	1511.09630	1513.27317	1518.39694	1524.79124	1527.18867	1530.91598	1535.19733	1536.15302	1550.59418	1552.21281	1553.47683	1556.67792	1559.67641	1568.51232	1575.73848	1579.22266	1529.02011
16.279836	1	17	1	0	1546.14733	1501.40782	1502.04209	1514.72803	1524.76912	1530.88663	1533.45508	1538.98391	1541.36768	1542.93438	1546.53890	1554.65388	1555.34634	1557.86042	1561.35986	1565.65855	1567.17379	1574.14942	1529.02410
16.299836	1	26	1	0	1546.14733	1501.52990	1506.26710	1510.74938	1513.36274	1517.04898	1519.56835	1520.88505	1524.82470	1527.43106	1530.52294	1531.55120	1533.85268	1535.76688	1542.72013	1543.41439	1548.38920	1549.55621	1552.65294	1554.52812	1557.71718	1563.23548	1564.42439	1571.16050	1572.48092	1573.15936	1579.83672	1529.02201
16.319836	1	24	1	0	1546.16327	1500.24429	1502.10464	1510.13982	1510.91604	1511.45286	1516.04495	1520.71863	1528.47892	1530.28604	1540.73413	1541.27419	1544.17092	1546.36409	1550.44151	1551.73691	1552.38307	1554.66292	1556.89981	1559.79826	1564.22482	1566.34728	1571.24140	1572.86583	1578.16648	1529.02011
16.339836	1	24	1	0	1546.15180	1501.56712	1504.33920	1511.39509	1511.92556	1523.13306	1523.58006	1524.78765	1526.02196	1530.16247	1531.50715	1534.11021	1536.95008	1538.15819	1542.96555	1543.66874	1544.36347	1545.11647	1550.43076	1552.44284	1553.08037	1554.04884	1555.88409	1559.84080	1560.94252	1529.02220
16.359836	1	19	1	0	1546.15549	1500.62650	1501.63898	1502.47514	1503.12427	1504.95366	1506.14776	1512.62604	1517.13394	1518.69825	1521.05340	1523.10457	1527.00038	1536.24378	1543.60113	1547.65541	1551.58421	1563.50774	1568.74100	1573.96488	1529.02011
16.379835	1	19	1	0	1546.15394	1500.38686	1502.16280	1501.87774	1503.48535	1504.64416	1510.89878	1520.93584	1522.02207	1523.23436	1524.74871	1532.77472	1534.44133	1536.67317	1538.41505	1541.76263	1558.31402	1567.26846	1569.27063	1579.37456	1529.02201
16.399835	1	17	1	0	1546.16055	1501.54677	1501.74497	1501.90066	1510.61819	1513.87166	1514.93812	1516.97133	1519.60308	1535.54791	1538.75844	1542.79406	1547.32654	1552.52534	1553.81146	1557.93324	1564.91268	1576.37589	1529.02410
16.419835	1	23	1	0	1546.16696	1500.30688	1500.56681	1501.78366	1502.33364	1502.37676	1502.77053	1502.45642	1509.75423	1511.19230	1512.52410	1515.02490	1517.14087	1519.92121	1524.85533	1534.02295	1538.76845	1547.64995	1550.56408	1553.30692	1555.78647	1558.00153	1573.50877	1577.43980	1529.02410
16.439835	1	22	1	0	1546.15025	1501.74368	1502.36594	1502.46046	1511.94358	1516.90659	1520.20077	1529.92968	1533.72184	1534.68431	1536.34377	1540.51142	1541.69344	1542.35776	1549.70851	1557.29862	1561.22171	1561.87520	1563.13534	1571.99613	1573.57621	1575.51300	1578.13023	1529.02201
16.459834	1	13	1	0	1546.14441	1501.41827	1501.88966	1502.17032	1503.67523	1512.68167	1513.18175	1517.21648	1534.62610	1537.75663	1553.85171	1557.11506	1574.70993	1577.72189	1529.02030
16.479834	1	22	1	0	1546.15549	1503.70759	1504.35889	1505.77784	1510.13555	1512.13822	1516.78331	1518.56680	1519.45740	1535.80908	1536.69103	1537.23555	1538.92152	1540.56102	1546.12478	1551.74572	1558.08601	1563.78944	1564.69129	1566.64737	1570.93212	1573.71374	1578.03830	1529.02220
16.499834	1	22	1	0	1546.15238	1501.74753	1502.65614	1504.29449	1504.91867	1511.33789	1513.42270	1515.43653	1516.98611	1524.85230	1527.53123	1530.12402	1530.88930	1533.67938	1538.42371	1540.17208	1541.02603	1541.58310	1543.02149	1544.08775	1557.83931	1565.11541	1566.70305	1529.02220
16.519834	1	22	1	0	1546.16269	1502.08189	1502.60272	1509.67343	1510.96412	1512.05084	1514.90061	1517.07293	1521.79005	1522.73270	1524.14140	1526.05396	1536.00184	1541.99943	1547.28974	1552.40972	1555.47302	1557.00743	1559.73674	1564.75678	1575.99270	1577.01767	1579.43034	1529.02600
16.539834	1	20	1	0	1546.15608	1501.54677	1502.17455	1503.54471	1504.21721	1512.37939	1514.05225	1514.92804	1516.37020	1524.79124	1526.35945	1527.07603	1529.05167	1532.85304	1543.95012	1544.52541	1546.42300	1554.87795	1560.88804	1567.09292	1578.73938	1529.02201
16.559834	1	29	1	0	1546.16269	1501.66282	1502.13785	1502.14831	1506.23667	1510.30023	1511.83987	1517.26458	1518.05827	1518.58499	1519.21621	1520.77259	1521.73865	1529.14748	1531.83753	1534.88561	1538.60212	1539.32447	1540.09474	1544.55005	1545.56578	1546.34426	1548.51027	1551.93683	1552.74115	1560.05805	1570.56802	1572.98311	1575.56246	1576.30296	1529.02600
16.579833	1	22	1	0	1546.16269	1501.98430	1502.27601	1501.62450	1503.11766	1503.88631	1504.30074	1510.76719	1512.59106	1522.75777	1524.85060	1526.23103	1529.13779	1530.96438	1536.86808	1537.94661	1541.82816	1544.80769	1548.15823	1549.91943	1559.76978	1564.70104	1568.13793	1529.02220
16.599833	1	29	1	0	1546.16055	1500.07356	1501.50387	1501.44045	1501.97788	1505.69231	1510.04525	1513.47429	1514.07853	1515.83904	1517.38270	1519.16085	1521.47980	1523.25606	1524.03015	1532.11328	1532.73804	1538.22283	1544.43348	1545.13976	1546.51498	1548.06957	1554.77633	1555.72841	1558.76315	1561.66676	1566.35885	1571.42409	1574.06903	1578.85308	1529.02619
16.619833	1	20	1	0	1546.15821	1501.09373	1504.67619	1505.84127	1510.92737	1511.83839	1512.53916	1518.15553	1522.60733	1524.42081	1527.91305	1537.07994	1539.94587	1548.15219	1551.28009	1553.76337	1562.87652	1568.75140	1569.58787	1573.38195	1575.74514	1529.02201
16.639833	1	19	1	0	1546.15180	1501.67125	1503.93707	1505.39927	1513.72540	1514.74780	1517.70309	1520.39772	1520.95690	1521.96726	1544.18837	1549.30655	1552.50614	1554.28000	1556.07858	1564.91507	1566.73758	1569.40640	1574.15123	1576.94851	1529.02011
16.659832	1	29	1	0	1546.15763	1501.83409	1502.34685	1502.43513	1504.85735	1506.28740	1510.02430	1513.53687	1516.21840	1517.56919	1519.10512	1521.04230	1522.31634	1524.80145	1526.64934	1530.68200	1533.37707	1535.09597	1541.99305	1546.87833	1547.55200	1548.36522	1555.68315	1557.49663	1558.79713	1563.65564	1564.45225	1574.57506	1575.92262	1577.08056	1529.02410
16.679832	1	25	1	0	1546.15763	1501.46263	1501.80860	1502.33694	1502.57463	1504.39219	1504.87871	1505.15037	1509.60171	1513.39793	1514.94447	1518.26929	1521.41975	1522.41923	1524.42818	1527.76235	1534.42659	1540.11190	1541.34180	1545.89449	1552.23338	1558.27177	1566.94098	1572.72604	1574.84443	1575.57901	1529.02011
16.699832	1	19	1	0	1546.16113	1502.44522	1504.94519	1510.63117	1513.51620	1515.31386	1516.97245	1518.66618	1522.41735	1523.47513	1524.30555	1533.20063	1537.96604	1539.61467	1544.15289	1548.23853	1552.86643	1562.05870	1565.64201	1576.07348	1529.02600
16.719832	1	18	1	0	1546.15763	1502.49882	1505.61857	1514.81199	1521.30270	1526.85233	1530.78507	1534.96224	1538.29190	1541.60494	1544.50776	1549.18379	1551.17698	1554.23285	1558.85265	1563.25714	1569.11527	1572.53561	1579.43257	1529.02201
16.739832	1	25	1	0	1546.15821	1500.48443	1500.79515	1501.81685	1503.38555	1505.93346	1510.23402	1514.25004	1514.92450	1522.47652	1524.80977	1531.13173	1539.32023	1543.56722	1546.92931	1550.65088	1551.27382	1554.13269	1556.64758	1557.32584	1559.69303	1561.04713	1561.71178	1564.13351	1570.89761	1575.79703	1529.02410
16.759832	1	21	1	0	1546.15180	1501.59370	1502.34391	1510.34697	1514.22282	1518.54430	1520.63608	1524.83491	1528.95092	1531.34506	1532.83374	1541.97353	1544.05053	1544.79896	1551.12650	1551.67328	1552.47282	1555.12528	1559.04551	1560.54263	1561.86092	1563.57453	1529.02410
16.779831	1	16	1	0	1546.15821	1504.01487	1504.80543	1513.60728	1516.71802	1517.60496	1522.68971	1523.95141	1524.79767	1527.18867	1533.66848	1534.96664	1535.48675	1548.69395	1551.58206	1561.14819	1562.00295	1529.02600
16.799831	1	24	1	0	1546.16055	1501.84619	1502.41090	1503.99059	1504.71080	1510.30783	1511.92964	1512.33662	1512.88188	1515.91303	1517.83214	1520.71863	1523.28511	1526.13406	1536.34166	1545.17354	1549.76494	1554.10853	1555.60346	1567.07595	1568.41750	1569.00617	1571.82375	1572.80931	1577.76824	1529.02201
16.819831	1	27	1	0	1546.16268	1500.27064	1500.75138	1501.61111	1502.07914	1504.02976	1505.55388	1510.43025	1513.02873	1518.35888	1519.49494	1522.18991	1523.24889	1524.71903	1526.57297	1528.54008	1531.34506	1535.46087	1540.43038	1543.29818	1544.84048	1553.13116	1554.09636	1557.93087	1559.46994	1572.19226	1575.52249	1576.21952	1529.02011
16.839831	1	21	1	0	1546.15549	1500.44470	1501.91075	1502.79624	1511.17205	1512.42551	1513.33350	1516.60786	1518.90550	1524.77366	1528.08257	1529.21137	1533.31762	1535.03695	1539.73090	1540.55021	1558.16911	1563.59520	1566.67650	1567.55511	1568.39810	1578.42107	1529.02201
16.859830	1	26	1	0	1546.16268	1502.06557	1501.73304	1505.34399	1505.79683	1510.64249	1511.06975	1512.73041	1513.79023	1516.62544	1519.38006	1520.02791	1522.60545	1523.88116	1529.67222	1533.08787	1535.25770	1539.64590	1542.00716	1543.82357	1544.61290	1550.92072	1552.37190	1565.95877	1570.17280	1574.69118	1576.92283	1529.02201
16.879830	1	35	1	0	1546.16055	1500.05435	1502.19051	1501.86948	1504.02535	1504.51163	1505.61747	1506.23021	1511.13845	1513.93502	1515.08686	1520.72746	1524.73094	1525.74575	1526.14542	1526.89459	1527.31763	1527.91495	1529.75042	1534.05567	1535.62230	1536.59503	1537.25515	1543.46165	1544.61135	1549.12408	1558.01317	1560.69412	1561.97934	1568.96233	1570.34321	1571.11635	1572.12292	1573.67809	1577.73343	1578.38704	1529.02410
16.899830	1	24	1	0	1546.16132	1500.38448	1502.15730	1501.89681	1503.75079	1504.34969	1509.85820	1511.38358	1516.56859	1517.34844	1522.65747	1524.25568	1526.14031	1528.24834	1533.28435	1551.33722	1557.01453	1558.92220	1561.12460	1564.66401	1567.20734	1571.30764	1573.76871	1575.92828	1577.47440	1529.02201
16.919830	1	20	1	0	1546.17085	1500.42237	1501.46336	1501.74075	1502.02906	1504.73528	1506.06974	1509.80983	1513.81557	1516.14681	1516.81604	1518.47155	1523.23700	1524.72451	1533.37497	1539.37591	1540.71444	1548.91552	1551.80720	1572.35708	1576.74149	1529.02600
16.939830	1	21	1	0	1546.15821	1502.28372	1503.72487	1510.91363	1516.04626	1521.87460	1524.75494	1526.93876	1527.89938	1528.67042	1530.18246	1534.00439	1535.47774	1542.92567	1551.57991	1557.93936	1561.72387	1569.27464	1570.37389	1571.94569	1578.52115	1579.03065	1529.02410
16.959829	1	22	1	0	1546.16210	1500.11363	1500.46154	1502.32372	1502.86124	1510.52412	1511.75829	1513.68515	1521.43048	1526.47710	1536.82045	1543.74954	1545.06541	1548.21806	1549.41077	1551.08092	1552.40423	1555.70165	1563.02310	1564.37643	1565.32178	1571.91937	1573.71373	1529.02201
16.979829	1	21	1	0	1546.15335	1502.39713	1502.89246	1513.91564	1515.18224	1515.81905	1516.75075	1521.11623	1524.75324	1531.00955	1532.05144	1534.40457	1537.51901	1541.89890	1543.90438	1545.92966	1553.27337	1553.82520	1556.23197	1558.95382	1564.93916	1567.01864	1529.02201
16.999829	1	28	1	0	1546.15394	1501.82308	1502.25381	1501.60616	1502.98980	1504.25824	1510.36347	1511.92630	1515.86333	1520.10719	1524.87839	1527.02522	1531.89057	1532.50484	1536.13172	1540.03418	1542.76367	1544.81642	1547.23271	1549.58022	1550.81356	1554.35916	1558.56561	1564.78266	1567.20495	1568.65476	1571.14766	1573.54078	1575.46134	1529.02410
17.019829	1	26	1	0	1546.14947	1500.08088	1500.79240	1501.85701	1502.44155	1504.94316	1509.79166	1512.26316	1513.56463	1514.77355	1520.11696	1522.25472	1522.85450	1523.85794	1524.79861	1526.93554	1527.78247	1529.62675	1531.20569	1533.37286	1544.72891	1547.26307	1549.96826	1553.81264	1558.21471	1567.75033	1570.67171	1529.02011
17.039829	1	20	1	0	1546.15180	1500.64920	1501.46739	1501.67749	1502.84398	1504.08733	1505.39945	1506.25991	1512.48075	1515.78150	1516.82970	1527.78190	1530.01875	1550.67707	1553.34439	1556.34343	1563.13574	1567.32418	1568.35730	1570.01966	1578.87112	1529.02201
17.059829	1	20	1	0	1546.15608	1500.51298	1501.42102	1501.55740	1503.73774	1504.87208	1512.23824	1513.40017	1526.47444	1526.95222	1532.14477	1535.06282	1537.26264	1545.28731	1552.10938	1554.28255	1559.70845	1560.49075	1562.71467	1567.36093	1575.11651	1529.01821
17.079828	1	27	1	0	1546.16055	1501.84014	1502.20096	1501.72076	1503.71200	1504.37397	1504.88663	1510.14130	1511.44097	1514.80172	1516.13429	1517.67724	1518.77946	1519.28321	1541.92055	1543.73636	1547.16088	1550.72068	1551.71870	1553.88115	1558.12371	1564.86210	1567.39489	1569.90863	1572.70090	1574.80914	1577.39407	1579.64253	1529.02030
17.099828	1	26	1	0	1546.14733	1500.31127	1500.74039	1501.11718	1502.85408	1503.12831	1503.46586	1514.82318	1524.31235	1526.71415	1527.69839	1534.71610	1536.02985	1541.91707	1544.93440	1545.77344	1550.32366	1551.16152	1558.65035	1559.37543	1561.04416	1563.55783	1566.45820	1570.87915	1572.08213	1576.51370	1578.71384	1529.02201
17.119828	1	22	1	0	1546.15238	1502.46339	1502.80119	1502.44210	1504.47685	1514.21946	1515.15312	1516.81791	1521.06224	1522.98103	1529.54609	1531.59049	1536.98735	1540.08394	1544.11392	1547.96941	1551.30670	1551.86398	1554.41829	1559.78164	1563.25932	1566.21323	1567.26846	1529.02410
17.139828	1	27	1	0	1546.15763	1500.04611	1500.40406	1502.53865	1502.63154	1502.41347	1504.91444	1505.60549	1506.21250	1510.19582	1516.69745	1521.21501	1521.87159	1524.16765	1533.78821	1535.03216	1539.93950	1544.84921	1551.65566	1552.29686	1554.69122	1555.79394	1560.74641	1566.73717	1568.54752	1572.77592	1573.56916	1577.10664	1529.02030
17.159827	1	20	1	0	1546.14888	1501.86490	1503.77230	1510.09494	1512.27655	1518.28297	1524.79029	1525.88621	1530.85157	1531.51134	1537.09511	1547.29597	1555.92779	1556.78768	1558.09548	1560.44818	1567.99898	1569.52637	1573.09759	1574.53857	1576.96469	1529.02410
17.179827	1	24	1	0	1546.15180	1500.69150	1502.24702	1504.86840	1505.36334	1510.26350	1514.17360	1515.03553	1518.67743	1522.06125	1523.91100	1524.82451	1526.49150	1536.34760	1539.29865	1541.13358	1542.04718	1548.57792	1556.91854	1559.66830	1560.37493	1571.14043	1571.94569	1573.71051	1578.64393	1529.02201
17.199827	1	21	1	0	1546.14519	1500.10905	1501.39059	1501.85885	1501.65273	1501.91754	1504.66514	1505.12568	1509.80686	1514.45720	1519.45984	1522.65691	1529.83662	1530.69648	1532.31467	1540.53805	1553.35322	1557.45462	1563.32152	1574.56558	1577.90265	1579.41249	1529.02220
17.219827	1	14	1	0	1546.16055	1512.62771	1513.41041	1514.04629	1514.82803	1521.35577	1524.73207	1531.68281	1539.25781	1553.64580	1559.97791	1561.23479	1561.88274	1572.29275	1576.74472	1529.02410
17.239827	1	20	1	0	1546.15394	1500.87519	1501.58801	1511.09723	1515.43036	1517.11242	1524.77082	1536.10563	1541.06658	1543.87783	1545.00272	1546.12983	1549.85634	1555.67016	1557.70060	1562.84931	1564.17190	1568.67917	1571.13080	1571.97201	1576.58100	1529.02030
17.259826	1	30	1	0	1546.15977	1500.38320	1500.85742	1501.86710	1503.54214	1505.60973	1506.11437	1511.39843	1520.75736	1523.42568	1524.77271	1525.49367	1529.01004	1529.81454	1530.53704	1532.49835	1537.15563	1539.80763	1543.48489	1545.24886	1549.25873	1551.39710	1552.75683	1554.01938	1559.72586	1565.99028	1567.15622	1573.71595	1574.50652	1578.36658	1579.68493	1529.02391
17.279826	1	18	1	0	1546.15394	1501.88067	1504.03988	1504.59869	1511.68917	1512.47480	1524.75702	1535.04212	1543.91524	1547.42446	1556.39700	1557.56468	1559.74722	1560.42205	1561.62413	1565.05507	1569.53759	1573.18069	1579.55042	1529.02600
17.299826	1	22	1	0	1546.15549	1500.46886	1501.38252	1503.20474	1510.72878	1516.12233	1520.70283	1524.72829	1528.13479	1531.25716	1538.77499	1542.53844	1545.52402	1550.19059	1555.66229	1556.72915	1558.04495	1559.85959	1562.08469	1567.86106	1574.95938	1575.87275	1576.75301	1529.02220
17.319826	1	25	1	0	1546.15238	1500.95047	1501.87077	1502.44082	1502.29143	1502.47514	1503.73057	1504.12173	1512.60594	1513.68999	1514.25880	1515.84632	1516.75581	1519.22128	1526.45550	1528.03853	1530.12687	1543.61430	1547.06902	1549.12408	1551.24721	1552.11153	1562.51256	1567.70797	1577.16691	1578.52682	1529.02201
17.339826	1	21	1	0	1546.14675	1501.22125	1502.23766	1503.21723	1505.88201	1509.72513	1521.70136	1524.28874	1524.75608	1527.13481	1539.40443	1540.71464	1543.34176	1547.84473	1551.90609	1553.85092	1556.57823	1561.43221	1568.08175	1569.48651	1571.89788	1579.17866	1529.02201
17.359826	1	22	1	0	1546.16696	1500.08088	1500.42511	1501.26212	1503.73461	1506.21194	1510.07529	1511.79137	1513.11120	1514.12942	1522.61091	1527.34058	1528.54597	1531.04043	1534.98388	1535.84743	1547.59445	1548.46016	1549.41292	1551.69521	1559.51721	1564.83801	1577.54643	1529.02011
17.379825	1	19	1	0	1546.16268	1501.69050	1502.34685	1502.93507	1503.75631	1504.86950	1517.17961	1520.00706	1520.82769	1522.75230	1527.28861	1530.24567	1537.66818	1539.02436	1539.78256	1548.84198	1550.94048	1558.67623	1562.66007	1564.24849	1529.02201
17.399825	1	23	1	0	1546.16055	1500.54081	1502.08336	1502.95215	1504.55452	1505.92885	1515.66755	1518.33995	1521.40187	1521.90888	1524.79691	1525.62121	1526.98161	1530.88930	1532.84845	1537.15774	1538.47125	1540.44871	1552.35544	1553.23198	1556.39700	1560.41967	1565.33872	1565.98788	1529.02410
17.419825	1	27	1	0	1546.15102	1501.28924	1501.71434	1504.08145	1504.45145	1514.67542	1517.40198	1519.28659	1521.59085	1528.01840	1531.73756	1534.72951	1537.40427	1538.38927	1539.78179	1546.92211	1548.39583	1550.25644	1551.86222	1554.98253	1557.35857	1557.90739	1559.27401	1562.82171	1565.59816	1568.34950	1568.95753	1572.94689	1529.02410
17.439825	1	16	1	0	1546.15763	1501.88966	1502.18519	1502.74905	1506.23500	1518.41625	1519.97738	1522.29429	1524.79502	1528.95491	1534.11461	1544.81001	1545.72798	1548.26094	1549.91943	1550.87261	1565.47261	1529.02011
17.459824	1	22	1	0	1546.15102	1502.38924	1502.82764	1502.69800	1503.63221	1504.39790	1510.72154	1511.71871	1513.30855	1520.86643	1524.01183	1524.81619	1527.17919	1530.58580	1537.88084	1538.73110	1548.88119	1560.39750	1566.94577	1573.64890	1574.60812	1575.81581	1579.91729	1529.02410
17.479825	1	29	1	0	1546.15394	1501.47197	1502.02649	1502.80542	1503.72891	1505.37089	1505.72770	1506.15458	1512.42663	1513.79489	1518.66618	1520.30544	1521.05754	1524.58615	1533.39638	1536.45125	1539.01203	1540.27315	1541.35396	1543.48489	1544.08756	1551.12885	1560.75592	1561.31268	1567.30740	1569.01838	1570.31915	1572.77833	1576.49956	1578.62104	1529.02391
17.499824	1	17	1	0	1546.15394	1502.16592	1501.61845	1502.56380	1503.52854	1510.38202	1517.85087	1520.78425	1527.83409	1528.80533	1540.32061	1553.48370	1554.67216	1556.44349	1560.13107	1561.68798	1570.15396	1573.96730	1529.02220
17.519824	1	21	1	0	1546.15977	1500.55271	1501.59571	1503.84126	1505.02714	1505.63406	1511.23742	1517.97246	1524.76250	1527.82745	1536.72597	1550.43291	1552.21575	1555.56411	1557.93482	1560.62144	1563.02310	1566.35625	1567.75293	1569.86515	1571.65924	1578.68183	1529.02220
17.539824	1	22	1	0	1546.15608	1500.02398	1501.57646	1502.23399	1504.04981	1505.29664	1506.07914	1512.05418	1514.01330	1519.67631	1524.87121	1531.10008	1534.12953	1537.73932	1546.18018	1547.32653	1548.50013	1550.38698	1551.14861	1555.90476	1560.22112	1566.32733	1575.23997	1529.02410
17.559824	1	15	1	0	1546.15452	1500.36544	1503.41863	1513.00323	1522.01152	1532.05106	1546.81802	1553.25552	1554.02841	1554.68120	1555.74553	1559.03089	1560.28981	1566.43885	1573.45160	1577.70347	1529.02391
17.579823	1	17	1	0	1546.15238	1500.20549	1501.55831	1502.07033	1512.42756	1522.54456	1524.18239	1530.71705	1534.01931	1535.01741	1539.05941	1541.57460	1543.58253	1550.32601	1553.19844	1554.58058	1570.37710	1579.21820	1529.02391
17.599823	1	31	1	0	1546.15394	1501.26780	1501.83372	1502.24610	1503.08440	1504.95790	1505.76272	1513.33629	1515.29332	1516.18400	1520.88299	1521.77046	1523.03535	1524.74946	1528.50000	1530.68200	1532.53845	1533.00494	1536.46852	1543.44208	1549.71104	1550.61373	1553.98089	1555.05233	1556.03665	1558.88564	1559.55972	1561.03841	1562.27974	1566.87790	1575.07273	1579.25389	1529.02220
17.619823	1	22	1	0	1546.15821	1500.07447	1501.25607	1502.11565	1502.22225	1501.83739	1503.70538	1504.59869	1506.26636	1510.43248	1514.67542	1518.10193	1519.68307	1524.79407	1546.74468	1547.33958	1551.59420	1557.18407	1559.29279	1561.98172	1567.95500	1572.72966	1578.93700	1529.02429
17.639822	1	23	1	0	1546.16268	1502.35896	1502.41145	1502.66771	1506.08855	1516.00870	1520.78030	1523.69293	1524.32898	1531.13439	1533.08348	1535.17836	1537.19885	1539.26205	1542.22953	1546.95344	1551.48204	1557.91508	1558.82795	1559.55023	1565.72134	1566.46339	1572.43568	1575.29264	1529.02201
17.659823	1	23	1	0	1546.16055	1501.55061	1502.12115	1503.54324	1503.88502	1511.01684	1513.96092	1516.94719	1518.82803	1521.00712	1523.94404	1524.55629	1535.07010	1536.42399	1541.47548	1543.08944	1547.05384	1547.89947	1549.67180	1558.06153	1560.53570	1562.45579	1569.28765	1578.56552	1529.02201
17.679822	1	25	1	0	1546.16268	1503.12647	1510.32916	1510.78742	1511.93169	1512.69208	1513.66466	1519.30629	1522.41923	1524.73755	1526.25963	1527.45022	1531.03013	1533.34954	1534.99672	1535.66103	1536.62402	1550.00635	1552.77898	1553.94673	1555.77781	1558.23939	1559.39856	1564.06866	1564.52190	1570.63801	1529.02391
17.699822	1	21	1	0	1546.15608	1500.05801	1501.98852	1502.14959	1501.78622	1505.21429	1513.71384	1514.58216	1515.87883	1517.65664	1524.78935	1539.01473	1539.83789	1554.20791	1554.89406	1559.87383	1560.93321	1564.84299	1566.06306	1570.73209	1572.32853	1573.23502	1529.02220
17.719822	1	19	1	0	1546.15685	1501.98485	1511.35404	1513.31264	1515.20614	1517.25897	1521.80417	1524.80334	1526.01230	1535.21650	1536.82928	1540.26794	1545.59200	1547.65638	1549.31962	1550.95808	1554.09636	1562.15611	1563.44553	1577.21141	1529.02011
17.739822	1	22	1	0	1546.15821	1502.37915	1503.07357	1505.08645	1511.14643	1511.84378	1517.60158	1519.10531	1520.03505	1524.87083	1525.96118	1529.37586	1531.08979	1533.27843	1534.93101	1535.82001	1536.44779	1537.21615	1551.66878	1568.63395	1575.24704	1576.58565	1579.47942	1529.02410
17.759821	1	28	1	0	1546.15821	1501.50753	1502.27509	1502.57334	1502.38429	1504.32503	1504.84023	1505.92461	1514.56126	1515.87360	1516.68024	1519.13308	1520.05346	1521.62342	1528.62026	1532.93921	1539.89361	1542.29065	1545.14092	1554.63777	1559.93992	1561.21695	1562.40577	1563.06442	1563.86759	1566.67151	1571.73456	1574.39163	1578.92362	1529.02220
17.779821	1	21	1	0	1546.15608	1501.50570	1501.51212	1502.70020	1504.60237	1504.91757	1512.56186	1515.60647	1518.17089	1518.66262	1521.36273	1521.82733	1524.81714	1531.98274	1534.88254	1541.92055	1546.13858	1554.22499	1554.95796	1559.64477	1560.54599	1577.08581	1529.02030
17.799821	1	16	1	0	1546.15821	1511.42648	1517.27094	1518.57805	1524.76723	1528.33855	1531.35364	1534.56578	1537.85161	1539.62547	1542.41618	1554.05237	1561.84247	1567.29762	1571.64438	1576.05470	1577.06013	1529.02410
17.819821	1	23	1	0	1546.15394	1500.07173	1501.54768	1502.97878	1504.29872	1505.33496	1510.62783	1511.03949	1524.78576	1526.68193	1528.15283	1529.14938	1529.95023	1538.25304	1539.50501	1543.99587	1544.67459	1549.68859	1551.00796	1565.05009	1571.80707	1574.91037	1576.66003	1577.31113	1529.02201
17.839821	1	21	1	0	1546.15549	1502.03420	1501.59571	1505.73304	1510.36236	1512.64501	1514.88419	1515.49871	1524.79861	1528.92716	1534.08456	1536.01067	1541.08878	1550.61666	1551.97424	1556.01342	1559.33055	1563.87713	1572.22582	1574.96402	1576.48096	1577.10442	1529.02410
17.859820	1	25	1	0	1546.15899	1500.56937	1501.03876	1502.36703	1502.39511	1502.83810	1504.27093	1504.68686	1515.48676	1521.56431	1527.36562	1531.07836	1540.34511	1542.01045	1543.98288	1547.50721	1548.43501	1553.86977	1562.70216	1565.17576	1569.09825	1574.59501	1575.26822	1575.97513	1576.85894	1579.04626	1529.02201
17.879820	1	26	1	0	1546.15335	1500.05618	1501.24544	1502.50120	1502.32354	1502.56527	1504.90026	1505.25979	1512.71962	1514.49151	1516.83830	1521.27993	1524.70126	1525.78455	1531.30006	1532.48078	1537.27244	1549.59760	1551.99402	1552.77683	1554.55739	1556.65920	1557.24144	1559.61629	1562.91584	1565.43874	1577.40804	1529.02410
17.899820	1	22	1	0	1546.14305	1500.24849	1502.38943	1503.68074	1511.78877	1520.23140	1524.86913	1526.32630	1526.85460	1528.48822	1536.58639	1537.21960	1537.78258	1541.31649	1543.65130	1550.40008	1551.70617	1558.89019	1563.18064	1564.73469	1566.10294	1572.23768	1577.12262	1529.02030
17.919820	1	22	1	0	1546.15394	1500.03020	1501.75267	1505.30401	1511.98150	1514.82635	1517.50534	1520.52027	1524.75060	1527.00038	1527.80790	1533.10909	1538.43237	1539.03360	1543.14346	1554.57665	1556.97510	1562.31288	1566.86173	1570.02026	1571.80225	1573.11167	1579.69163	1529.02030
17.939820	1	24	1	0	1546.15549	1500.50419	1501.61478	1501.92799	1512.04712	1512.96079	1513.81222	1516.87273	1517.62761	1527.90052	1534.61308	1535.41314	1541.17994	1548.30752	1549.40687	1551.68855	1552.26668	1556.41670	1557.26589	1561.21081	1562.53876	1563.46938	1566.12109	1569.99601	1578.46989	1529.01821
17.959820	1	18	1	0	1546.15180	1502.60015	1505.64272	1513.56518	1514.52546	1518.04103	1520.64454	1521.18340	1522.45598	1523.91043	1524.76534	1530.25062	1536.23994	1541.41018	1558.24354	1562.86222	1564.64889	1568.12833	1569.56182	1529.02030
17.979819	1	15	1	0	1546.16055	1503.82397	1511.95399	1514.05896	1517.73399	1521.77762	1522.71799	1534.38562	1535.03121	1539.34393	1548.46835	1554.17393	1558.97180	1569.73411	1573.70890	1576.36175	1529.02410
17.999819	1	18	1	0	1546.15821	1501.50204	1501.93624	1502.86143	1503.58644	1505.03285	1505.70668	1511.78542	1517.44860	1518.67049	1519.44876	1522.16128	1524.77271	1528.93343	1546.91627	1549.00467	1552.37856	1566.46339	1577.73909	1529.01821
18.019819	1	23	1	0	1546.15899	1500.21500	1500.52195	1501.86141	1502.28115	1502.39420	1504.76235	1505.27563	1506.08855	1513.45082	1515.89602	1521.70042	1536.85521	1538.44315	1541.62426	1544.63268	1546.45781	1547.80597	1554.58294	1557.25662	1558.99551	1566.42428	1568.20131	1569.60129	1529.02410
18.039819	1	19	1	0	1546.15394	1502.45348	1503.34053	1513.65292	1516.36346	1517.12196	1519.51184	1520.00574	1521.81660	1524.78481	1532.90978	1534.36246	1535.40011	1538.08048	1541.97778	1556.15793	1559.96148	1567.78571	1577.71157	1579.67824	1529.02201
18.059819	1	20	1	0	1546.15821	1502.15565	1502.31143	1509.99316	1512.62325	1518.62286	1519.18975	1528.33076	1536.65858	1541.40651	1545.50013	1547.99338	1549.20233	1550.85521	1553.36283	1553.84719	1556.49608	1559.77215	1564.05453	1575.30192	1576.82053	1529.02201
18.079818	1	28	1	0	1546.15394	1501.32534	1501.45786	1501.74130	1502.01622	1503.62155	1515.43204	1519.18318	1522.99574	1524.77914	1525.73193	1527.27723	1529.53201	1530.33193	1533.48146	1540.25232	1540.98393	1543.92589	1547.88661	1548.90694	1553.72038	1554.64464	1557.67949	1560.30861	1562.03389	1562.96351	1563.71886	1570.02988	1575.07193	1529.02220
18.099818	1	20	1	0	1546.16055	1502.20867	1502.46064	1503.30028	1505.32980	1515.52336	1516.22531	1517.15546	1519.74898	1523.05346	1530.29937	1531.88351	1535.09232	1536.02544	1537.08166	1537.65319	1542.86992	1559.77769	1563.61031	1572.19467	1573.72078	1529.02011
18.119818	1	21	1	0	1546.15821	1500.99645	1501.85995	1501.83702	1504.22420	1510.02022	1512.40654	1514.77616	1515.85641	1517.67087	1524.66894	1531.55330	1537.48269	1540.03650	1540.65384	1548.37399	1552.47066	1555.30896	1558.68393	1564.08079	1564.63117	1573.35115	1529.02201
18.139817	1	19	1	0	1546.14888	1501.82657	1502.39989	1502.85353	1502.32024	1505.69175	1510.38258	1523.91421	1537.97469	1540.03437	1545.88788	1549.22399	1551.42568	1554.96484	1555.65304	1564.98278	1567.96800	1570.43324	1574.22659	1578.96821	1529.02030
18.159817	1	22	1	0	1546.16055	1501.22638	1503.21558	1504.28639	1505.19218	1505.78005	1509.74533	1512.70994	1517.61600	1523.88909	1525.74083	1530.55132	1535.58836	1536.37562	1538.12357	1549.86142	1551.40532	1553.24434	1555.07022	1564.70104	1567.58908	1570.97687	1577.12444	1529.02011
18.179817	1	22	1	0	1546.15821	1501.93478	1501.54585	1502.10299	1502.66734	1511.83318	1514.43165	1517.77932	1521.81660	1522.63825	1524.78009	1531.32656	1539.37668	1541.08820	1546.64762	1552.87525	1554.95501	1557.84168	1564.98257	1570.32296	1572.77974	1574.58030	1579.65592	1529.02201
18.199817	1	25	1	0	1546.16055	1501.87774	1502.98283	1504.33460	1511.06158	1514.52695	1516.98498	1518.18495	1523.29039	1524.78765	1536.24167	1538.35463	1541.05190	1543.91717	1545.11122	1547.59231	1549.36236	1551.62512	1553.26121	1557.99916	1564.16712	1568.13813	1571.99612	1575.94827	1577.66542	1578.36496	1529.02201
18.219817	1	22	1	0	1546.15180	1500.50401	1501.55061	1502.23436	1503.60813	1504.97631	1506.10330	1510.12183	1510.87038	1513.19069	1524.78935	1534.05567	1536.49328	1537.33509	1538.10106	1543.14598	1544.78363	1553.03173	1554.87107	1564.98516	1568.95493	1575.36306	1579.87589	1529.02011
18.239816	1	21	1	0	1546.16055	1501.70261	1502.44962	1510.56364	1510.95688	1512.10345	1515.11411	1517.05310	1518.32121	1524.80712	1525.75446	1538.07509	1541.84323	1554.69181	1559.31889	1561.12460	1566.79845	1571.61807	1573.54541	1575.51543	1577.39792	1578.23270	1529.01821
18.259816	1	23	1	0	1546.15608	1500.28638	1500.83434	1503.35431	1504.07060	1505.30014	1512.48503	1513.29253	1514.04479	1515.14659	1516.57064	1518.87286	1521.40714	1524.75230	1528.78956	1540.67159	1542.88309	1557.18761	1559.70371	1561.09548	1563.15958	1569.37496	1578.60665	1579.48997	1529.02030
18.279816	1	16	1	0	1546.15394	1502.12152	1502.99072	1503.29495	1505.19218	1510.11033	1515.42047	1523.89891	1526.37082	1526.90692	1531.12563	1540.49830	1542.99594	1554.34089	1556.30010	1568.58533	1577.18350	1529.02201
18.299816	1	19	1	0	1546.15821	1501.63807	1501.96027	1502.15088	1503.74638	1505.68843	1515.05084	1517.46059	1522.53118	1527.82745	1531.95564	1542.81457	1553.10645	1556.12505	1563.70454	1565.55232	1571.69700	1572.40733	1575.27044	1576.00562	1529.02201
18.319816	1	22	1	0	1546.15452	1500.84735	1502.48376	1513.84576	1516.17672	1521.02293	1522.29957	1522.99405	1524.97652	1535.60581	1538.42352	1539.05556	1539.70835	1540.37019	1541.03472	1542.10152	1542.96767	1545.70544	1550.50914	1553.86977	1561.23816	1565.89577	1576.17508	1529.01821
18.339816	1	13	1	0	1546.15608	1500.54411	1502.18977	1512.44393	1512.86346	1514.07518	1516.01580	1518.65062	1521.56958	1524.58426	1553.43052	1557.09397	1565.05507	1577.12950	1529.02220
18.359815	1	20	1	0	1546.15394	1500.10521	1500.97391	1502.11014	1501.77797	1503.42451	1503.74417	1505.99449	1509.79444	1514.34363	1527.67297	1537.78470	1539.75153	1543.70807	1550.34125	1553.08252	1558.31876	1560.25655	1566.22301	1570.43264	1571.50340	1529.02220
18.379815	1	17	1	0	1546.15608	1502.56068	1505.17265	1509.63636	1512.20998	1513.48770	1515.89247	1524.75494	1527.37340	1533.70501	1534.54414	1542.60732	1545.96367	1547.72454	1559.88986	1562.45082	1570.87433	1575.68458	1529.02201
18.399815	1	22	1	0	1546.15821	1501.32772	1502.25968	1510.28966	1511.72540	1512.40654	1515.68866	1523.27417	1524.73491	1526.66658	1530.26890	1531.03528	1535.20136	1539.82286	1540.65866	1545.47586	1549.53668	1551.89923	1554.89623	1559.38255	1560.55075	1570.56280	1571.86071	1529.02410
18.419815	1	22	1	0	1546.15763	1501.89406	1501.75248	1503.20088	1510.76589	1518.49180	1527.40375	1530.48256	1531.97949	1536.94374	1537.85815	1541.17337	1549.35866	1550.40653	1551.16387	1556.27450	1559.67542	1562.34186	1563.50356	1569.85313	1570.97306	1575.48273	1579.16467	1529.02201
18.439815	1	17	1	0	1546.15180	1500.84002	1502.12647	1503.03224	1511.85084	1516.23971	1522.35478	1524.80334	1525.41799	1539.16708	1542.55721	1545.99204	1549.89970	1557.84404	1560.37157	1561.97557	1563.25714	1564.72991	1529.02410
18.459815	1	23	1	0	1546.15685	1500.91933	1501.48774	1501.81483	1502.96556	1504.08219	1504.91867	1511.27771	1513.05982	1514.24109	1515.86314	1516.88301	1519.81152	1520.66598	1521.60384	1525.85402	1532.48574	1539.44316	1546.47336	1555.75006	1558.77500	1560.42918	1563.81648	1577.08581	1529.02011
18.479814	1	20	1	0	1546.14733	1500.11893	1501.88581	1502.58050	1502.95050	1503.59784	1504.21795	1513.34728	1513.94285	1516.00197	1519.08955	1527.32901	1532.13026	1540.63068	1543.77338	1547.79058	1549.75205	1550.82021	1561.19555	1576.02440	1579.52851	1529.02201
18.499814	1	23	1	0	1546.15238	1501.54878	1501.87957	1502.33474	1504.98257	1511.94488	1513.11957	1520.17634	1523.71672	1524.20128	1524.80050	1531.38243	1534.39386	1536.24378	1545.63998	1553.53295	1554.57842	1558.35628	1567.31699	1568.37930	1576.00320	1576.85085	1577.50717	1578.20293	1529.02391
18.519814	1	17	1	0	1546.15335	1515.31049	1516.73691	1519.17755	1523.44153	1524.78009	1526.19106	1531.81120	1533.23102	1536.54319	1537.51728	1547.76233	1553.42562	1563.92267	1564.59375	1566.31516	1567.92822	1573.48481	1529.02410
18.539814	1	21	1	0	1546.15180	1500.46246	1501.60048	1501.85133	1504.59740	1505.93475	1513.17133	1515.93190	1517.74148	1519.15503	1523.91288	1527.61300	1528.87983	1533.92729	1535.66947	1547.75863	1553.40090	1558.86668	1563.39068	1565.77217	1567.08174	1578.83930	1529.02011
18.559813	1	31	1	0	1546.15394	1500.26386	1500.67923	1501.42651	1501.76990	1503.16524	1503.85174	1504.99547	1513.34896	1514.85284	1517.83383	1520.76394	1521.55245	1522.61374	1527.79423	1533.16871	1533.97646	1536.70619	1539.64802	1540.45836	1543.06505	1544.67207	1547.55628	1552.74565	1553.67053	1559.13267	1560.76978	1562.42482	1564.89576	1566.74436	1570.54615	1573.21611	1529.02201
18.579813	1	28	1	0	1546.15608	1500.25892	1501.37080	1501.77064	1502.13656	1501.66007	1503.04546	1511.15256	1513.33722	1515.24384	1523.88664	1524.78576	1526.48392	1532.45003	1534.08877	1538.16108	1545.11083	1546.52976	1551.92821	1553.51706	1554.74409	1559.67879	1564.58659	1571.12498	1571.85971	1573.30184	1574.37510	1576.39468	1579.80222	1529.02220
18.599813	1	23	1	0	1546.15821	1500.68527	1501.96156	1503.81220	1512.59162	1515.81027	1520.02096	1521.18980	1522.49179	1524.06509	1524.66648	1525.64260	1526.92929	1529.48180	1530.92627	1531.38453	1535.88119	1540.61447	1542.79173	1546.45120	1548.03683	1557.47099	1562.91564	1575.68922	1529.02201
18.619813	1	21	1	0	1546.16482	1502.40062	1505.45639	1510.99252	1515.71667	1520.26015	1529.19140	1534.74885	1535.78184	1538.38907	1539.73649	1549.58686	1552.53122	1557.93482	1561.76373	1563.23071	1566.86652	1568.05796	1570.73931	1571.90270	1572.95655	1578.26247	1529.02410
18.639812	1	23	1	0	1546.14947	1502.43494	1502.22041	1501.68097	1505.78522	1514.16446	1516.27410	1518.02998	1521.17945	1522.46747	1523.31794	1524.71789	1526.11929	1529.46106	1534.44133	1536.22440	1547.24808	1553.93220	1554.50061	1564.32827	1567.73714	1568.72879	1579.06856	1579.83672	1529.01821
18.659812	1	25	1	0	1546.15821	1500.98875	1501.29785	1501.85756	1503.52137	1505.72844	1511.92890	1517.09183	1518.36582	1519.67425	1524.87575	1533.55967	1535.57973	1542.41192	1551.35914	1554.11226	1554.80817	1557.37731	1562.11802	1563.91372	1565.15226	1567.51895	1568.12813	1568.88928	1573.87968	1574.75731	1529.02201
18.679812	1	19	1	0	1546.16055	1501.63696	1501.94872	1503.44436	1509.89157	1510.61818	1513.27056	1515.42121	1520.69719	1524.03469	1534.56367	1538.38484	1543.66661	1547.94974	1549.35222	1550.47415	1554.69358	1561.93510	1562.87175	1573.88169	1529.02220
18.699812	1	31	1	0	1546.15685	1500.27320	1501.22858	1502.48964	1503.37967	1503.76274	1516.72326	1517.90426	1518.93364	1522.58754	1523.19097	1523.99994	1524.75060	1526.66677	1534.10714	1539.77755	1540.35494	1542.01896	1543.12642	1545.12306	1546.07172	1550.62096	1551.72516	1552.46851	1555.03168	1561.85556	1562.97066	1564.61206	1568.49771	1569.34973	1571.13561	1575.46134	1529.01821
18.719812	1	30	1	0	1546.15549	1500.01099	1501.05947	1501.54108	1502.59574	1502.44614	1502.36887	1502.39126	1502.42136	1504.79733	1513.72428	1514.27166	1517.35219	1519.91783	1521.70400	1527.20991	1529.86687	1533.16910	1536.40883	1537.62743	1540.58108	1541.49229	1542.31637	1549.89970	1551.79408	1552.93858	1565.29150	1567.95580	1572.97566	1574.87951	1578.51993	1529.02410
18.739811	1	20	1	0	1546.16638	1500.50712	1502.82213	1503.32013	1505.14134	1506.25825	1515.79999	1520.62367	1525.43180	1528.62577	1532.12397	1536.97198	1538.74765	1541.86275	1542.52683	1543.45797	1549.90419	1555.83547	1567.83687	1573.73669	1574.96260	1529.02391
18.759811	1	24	1	0	1546.16327	1500.02398	1501.01330	1501.57463	1502.13198	1501.77889	1505.91668	1514.58141	1516.01748	1518.02829	1521.11134	1524.25757	1524.81260	1533.14903	1535.38074	1536.65205	1545.83833	1553.01663	1559.08030	1560.12909	1562.24164	1563.42208	1565.39670	1567.35354	1577.44263	1529.02201
18.779811	1	18	1	0	1546.15608	1500.04611	1500.99278	1512.17001	1519.91144	1523.99540	1532.22017	1534.12092	1539.82131	1542.99826	1544.97846	1545.91994	1550.98429	1553.22315	1561.20506	1563.03820	1565.51845	1575.78067	1579.47496	1529.02410
18.799811	1	20	1	0	1546.15180	1502.04410	1512.57562	1514.08617	1515.17198	1520.42234	1521.17079	1521.86274	1524.80788	1526.83697	1528.03910	1536.13153	1542.63828	1543.35008	1549.56285	1550.56153	1552.26668	1557.33037	1559.74861	1566.58909	1578.31655	1529.02201
18.819811	1	13	1	0	1546.16055	1502.46412	1512.91036	1514.70900	1517.34189	1524.76440	1527.73711	1530.88796	1537.89469	1545.09899	1553.47251	1555.92798	1566.20127	1573.25877	1529.02201
18.839811	1	25	1	0	1546.15821	1500.05252	1501.04463	1501.72974	1502.50047	1503.68277	1504.75903	1511.71704	1513.68329	1514.25339	1519.13420	1520.19738	1520.68121	1521.93016	1524.80428	1528.57884	1534.47981	1535.69670	1540.23013	1542.96187	1548.89387	1551.90393	1562.64141	1563.89682	1567.66281	1572.31909	1529.02410
18.859810	1	23	1	0	1546.15821	1500.31456	1500.58658	1502.32556	1502.83462	1502.65816	1505.22037	1505.84200	1510.52727	1514.77038	1519.20476	1520.26710	1532.86106	1542.09939	1544.59544	1545.44071	1560.65867	1561.83950	1564.59514	1566.44603	1567.42625	1568.96954	1570.85447	1576.78090	1529.02410
18.879810	1	30	1	0	1546.15394	1500.03715	1502.06868	1501.84032	1502.89301	1504.66882	1505.07779	1509.97703	1512.50326	1513.10263	1515.28286	1515.95750	1521.01408	1521.54229	1523.15796	1524.86062	1532.29825	1535.78107	1536.51709	1537.78681	1543.54766	1544.72891	1547.04509	1550.23690	1554.76925	1555.52141	1562.66761	1564.28987	1565.51366	1572.43568	1573.04990	1529.02201
18.899810	1	22	1	0	1546.16268	1501.07760	1501.50552	1502.15730	1504.44077	1511.85307	1516.07411	1517.72126	1519.85172	1526.82920	1529.71674	1530.32184	1531.16604	1532.01136	1543.89314	1546.39889	1548.71560	1555.35518	1560.66323	1563.28555	1565.53299	1566.42129	1579.29404	1529.02201
18.919810	1	26	1	0	1546.15763	1500.24611	1500.77867	1502.12446	1502.67781	1504.08108	1505.86265	1510.71746	1512.90031	1517.58267	1522.75588	1524.90543	1526.46497	1527.52345	1529.48408	1532.39142	1534.32571	1539.73225	1541.46910	1544.30432	1547.01064	1551.79623	1557.23691	1562.66523	1573.73266	1574.65590	1575.49181	1529.02220
18.939810	1	23	1	0	1546.15335	1501.42981	1502.98485	1503.35761	1509.94421	1510.64899	1512.91371	1516.33860	1519.81866	1521.71906	1525.54249	1531.39482	1539.07404	1541.29447	1545.80025	1553.32928	1554.08497	1556.75969	1558.96093	1563.17627	1571.35402	1572.94689	1578.97267	1579.68716	1529.02391
18.959809	1	22	1	0	1546.15549	1500.10704	1502.19051	1504.74449	1505.83426	1513.84613	1515.99543	1518.75188	1522.33368	1524.80334	1529.87087	1534.58091	1544.85581	1546.14675	1557.26589	1560.60263	1565.41124	1567.81489	1569.45266	1573.99792	1574.68150	1576.97399	1579.01281	1529.02410
18.979809	1	23	1	0	1546.15763	1500.99919	1501.67437	1503.45410	1504.39017	1509.78221	1520.64661	1521.71454	1524.75230	1526.76400	1527.29146	1530.36773	1538.03066	1542.59416	1543.37023	1546.76997	1547.88213	1564.15996	1565.23752	1567.24908	1569.88218	1574.90089	1576.50420	1579.49950	1529.02011
18.999809	1	22	1	0	1546.15180	1500.38228	1501.58031	1501.84326	1502.35474	1503.72064	1504.66993	1510.01262	1513.59890	1514.63531	1517.16725	1521.72791	1524.07869	1526.98882	1529.44699	1530.27994	1534.14886	1538.39138	1543.72261	1546.64334	1554.21184	1556.89961	1563.54113	1529.02201
19.019809	1	24	1	0	1546.15977	1501.14558	1503.20804	1504.43489	1505.09087	1510.98435	1511.83597	1512.87183	1519.97569	1520.45730	1521.49937	1524.21676	1524.76250	1527.46369	1530.01475	1536.07110	1538.01258	1538.68509	1539.76232	1546.60619	1553.03683	1554.23462	1556.59222	1570.14033	1579.92378	1529.02201
19.039809	1	24	1	0	1546.15821	1500.05252	1501.82345	1501.87425	1503.24571	1511.17484	1512.58492	1514.38055	1518.61592	1519.47992	1524.41721	1526.34127	1526.98294	1532.43590	1539.07616	1541.88672	1543.64704	1549.12837	1554.35916	1559.87898	1562.88128	1566.02098	1568.42310	1572.78074	1577.78423	1529.02030
19.059808	1	25	1	0	1546.15335	1500.65781	1502.46945	1502.29748	1502.83682	1505.81619	1512.36209	1514.42307	1516.51884	1522.72195	1524.87839	1528.74148	1529.77039	1531.29758	1534.54414	1543.31561	1543.99587	1548.93951	1553.07507	1556.15064	1558.84316	1564.37643	1565.43635	1567.79670	1569.79241	1579.53744	1529.02201
19.079808	1	20	1	0	1546.16638	1500.57999	1503.02820	1504.86693	1513.09258	1515.01874	1529.26366	1531.05377	1532.59650	1534.85745	1540.52647	1542.42063	1546.06550	1557.16652	1560.18292	1565.52582	1566.25791	1570.94175	1573.15936	1574.54442	1578.62023	1529.02410
19.099808	1	24	1	0	1546.15608	1502.36575	1502.75382	1502.63760	1516.14681	1519.39226	1524.51151	1527.53123	1530.36716	1531.72039	1538.35213	1545.71652	1548.11302	1549.93115	1550.67277	1551.52823	1555.49682	1556.23650	1557.52247	1568.67436	1570.47135	1571.69760	1573.90324	1578.07069	1579.62914	1529.02201
19.119808	1	19	1	0	1546.15394	1500.73307	1501.95495	1502.71930	1506.24478	1511.14327	1511.60314	1519.07904	1521.01841	1524.80428	1527.59934	1529.07961	1529.60011	1538.68162	1546.71317	1554.57606	1556.35269	1564.05911	1573.59514	1579.27721	1529.02220
19.139807	1	16	1	0	1546.16482	1501.72388	1502.28849	1502.02924	1502.83609	1503.19831	1510.13444	1524.19882	1530.73534	1535.05707	1538.21360	1539.57593	1553.78594	1562.61202	1565.39889	1571.11875	1576.90200	1529.01992
19.159807	1	20	1	0	1546.15335	1501.61203	1501.54291	1505.13802	1513.47392	1515.19251	1519.38456	1520.07864	1526.94843	1536.05153	1536.54838	1537.64434	1550.98429	1556.01578	1557.20063	1558.86430	1566.71761	1567.65781	1573.31130	1575.24219	1577.49564	1529.02030
19.179807	1	22	1	0	1546.16268	1500.14821	1500.99846	1501.25570	1502.57573	1505.94397	1513.63262	1518.18626	1519.52967	1524.15179	1524.68009	1530.85023	1531.95869	1532.69449	1533.25377	1537.17945	1540.35591	1546.07075	1548.51319	1553.47251	1566.18910	1567.50436	1577.92573	1529.02201
19.199807	1	21	1	0	1546.16327	1502.02649	1501.62156	1502.21069	1501.82583	1502.94738	1504.02516	1512.96266	1518.67724	1525.40682	1530.56770	1537.11240	1539.49268	1550.16069	1550.98488	1557.81109	1560.08654	1564.00919	1565.61072	1570.31434	1577.15781	1579.19366	1529.02201
19.219807	1	20	1	0	1546.15394	1501.88636	1502.89283	1503.50960	1504.57053	1513.63597	1516.00889	1521.85031	1523.08062	1525.84096	1527.57221	1536.29790	1537.10587	1543.86116	1545.37934	1545.99437	1559.01271	1563.74530	1566.46818	1567.89903	1573.24690	1529.02201
19.239806	1	20	1	0	1546.15102	1501.82272	1509.89472	1512.09527	1517.78381	1520.30262	1523.98275	1527.47887	1529.06155	1532.67004	1534.18216	1546.11817	1548.66314	1552.32527	1555.24662	1559.89935	1563.44553	1570.41820	1571.17636	1572.82982	1574.47669	1529.02410
19.259807	1	22	1	0	1546.15024	1501.20751	1501.72736	1517.89752	1523.89891	1524.84304	1526.17591	1530.71477	1532.79573	1536.50634	1544.44666	1548.93113	1550.46790	1551.53273	1553.13685	1553.92415	1555.63809	1558.79140	1562.55067	1571.19884	1575.53440	1576.85308	1578.13914	1529.02220
19.279806	1	26	1	0	1546.16054	1500.22397	1501.61698	1502.16812	1502.56949	1502.33767	1504.80579	1505.68585	1510.07529	1511.81738	1514.90919	1517.96796	1524.17086	1527.26566	1529.48294	1534.25929	1535.41084	1535.84877	1545.03552	1547.54089	1548.29778	1559.32323	1564.71836	1571.87055	1572.89439	1575.20568	1577.34572	1529.02011
19.299806	1	25	1	0	1546.15180	1501.84197	1502.48156	1503.03664	1503.95987	1505.13286	1505.49361	1512.09861	1515.83736	1517.35911	1523.16078	1524.78651	1533.31857	1534.39596	1540.73837	1541.75219	1543.09816	1546.29176	1552.07863	1556.38184	1557.87463	1560.09347	1564.04976	1565.98050	1569.39919	1574.98983	1529.02201
19.319806	1	32	1	0	1546.15821	1500.11838	1502.43586	1502.56875	1502.96244	1503.88263	1505.23768	1505.69949	1510.83159	1512.50661	1513.85806	1520.72746	1524.84133	1526.78333	1527.55456	1528.96669	1530.30831	1533.27002	1534.12532	1536.93529	1537.98027	1543.27010	1545.03921	1548.00857	1549.47792	1549.98232	1551.81777	1552.58649	1564.82328	1565.82559	1568.30330	1571.28997	1575.64945	1529.02201
19.339805	1	15	1	0	1546.15180	1502.58619	1511.52251	1517.43475	1522.92333	1527.37529	1530.07547	1537.09780	1541.48379	1543.19593	1559.46579	1561.93827	1568.91370	1570.92650	1573.35819	1576.44843	1529.02201
19.359805	1	13	1	0	1546.16424	1500.16431	1500.87500	1501.38674	1501.82913	1505.18002	1519.53380	1524.81808	1529.52802	1531.36603	1532.65991	1541.89097	1548.54517	1556.44802	1529.02011
19.379805	1	22	1	0	1546.15102	1501.72571	1510.67292	1511.47422	1514.72467	1516.49491	1524.78576	1528.52811	1530.76201	1532.64177	1536.42879	1537.41215	1542.29064	1544.65266	1547.60204	1550.31721	1555.72998	1556.55656	1559.16094	1562.44606	1565.56488	1569.89661	1572.74273	1529.02011
19.399805	1	20	1	0	1546.14947	1501.86820	1502.81882	1515.45314	1517.95353	1520.82186	1523.47682	1528.48518	1529.60011	1534.41931	1539.72010	1543.11326	1544.48817	1552.41520	1558.89394	1559.74722	1564.27017	1567.85126	1569.35213	1571.11976	1576.35488	1529.02391
19.419805	1	19	1	0	1546.14733	1500.20329	1501.28850	1503.68920	1505.59811	1510.61651	1516.59439	1518.83703	1521.20767	1522.33857	1523.77883	1525.69578	1553.43229	1560.06042	1564.95848	1565.57644	1567.24908	1574.75025	1576.77160	1579.42364	1529.02201
19.439805	1	16	1	0	1546.15607	1500.79881	1501.85518	1503.21888	1510.50519	1510.90490	1513.38508	1524.63699	1526.18538	1529.30036	1536.57775	1546.95771	1550.96512	1564.40269	1566.87869	1567.43124	1570.19725	1529.02220
19.459804	1	26	1	0	1546.15821	1500.04428	1502.52103	1504.65410	1505.55038	1511.41812	1514.50307	1515.69893	1516.30588	1518.28484	1523.56024	1529.50405	1534.31862	1535.59277	1540.35591	1541.15077	1544.23432	1545.62269	1548.52060	1549.25775	1552.65666	1564.85971	1567.96000	1573.77052	1575.39070	1576.87875	1579.11094	1529.02410
19.479804	1	21	1	0	1546.15821	1500.13540	1501.05488	1501.95202	1513.30184	1517.22509	1518.71962	1519.18449	1523.74239	1524.82281	1529.43101	1533.77310	1539.75673	1541.91495	1545.96580	1549.83232	1552.49868	1553.79948	1556.22724	1563.76419	1565.19010	1568.93311	1529.02201
19.499804	1	24	1	0	1546.14947	1501.54108	1502.44962	1503.27364	1504.81519	1513.60076	1514.41281	1517.15621	1522.98650	1524.69370	1527.34437	1529.04387	1534.52480	1536.39155	1551.26032	1554.29571	1556.38066	1562.68667	1564.63694	1565.43396	1569.25301	1574.59158	1576.78333	1578.56876	1579.38247	1529.02011
19.519804	1	23	1	0	1546.15821	1500.71512	1501.95550	1501.56986	1502.32060	1503.30249	1505.87722	1512.27023	1514.39920	1524.34919	1524.78292	1525.39850	1527.94228	1531.90297	1538.85470	1549.16525	1551.49320	1554.36387	1557.89259	1558.89730	1561.57436	1566.09935	1567.93641	1579.05559	1529.02410
19.539804	1	22	1	0	1546.16482	1500.39454	1502.17748	1502.13454	1506.27798	1522.27941	1526.95090	1527.74489	1534.15958	1539.89824	1542.05782	1548.04560	1551.90158	1553.76337	1556.96801	1559.40568	1562.35376	1564.31872	1566.89087	1569.73871	1573.14266	1575.90485	1577.07873	1529.01992
19.559803	1	20	1	0	1546.16054	1500.07630	1501.70865	1501.81501	1503.00101	1504.10922	1505.12697	1505.42893	1505.75609	1509.81464	1513.19218	1515.87379	1518.62117	1526.35661	1532.11557	1534.96568	1536.31997	1542.26937	1567.14224	1570.40617	1571.74239	1529.02619
19.579803	1	23	1	0	1546.16054	1502.43384	1502.49753	1502.54709	1512.31318	1518.52911	1519.37048	1521.86273	1527.99258	1531.14888	1535.26421	1537.55169	1539.69215	1540.83103	1543.79527	1555.73392	1560.17164	1564.76156	1565.31461	1567.98499	1571.75685	1573.22556	1575.38364	1577.08116	1529.02391
19.599803	1	21	1	0	1546.15821	1500.97593	1502.29143	1502.31143	1503.72045	1509.95830	1516.84036	1519.83950	1523.16380	1524.79596	1531.67651	1542.57462	1545.16907	1548.85271	1549.66066	1551.06996	1552.91975	1557.64200	1558.43171	1569.00376	1571.22132	1575.26923	1529.02201
19.619803	1	18	1	0	1546.16424	1502.53461	1505.92110	1510.22437	1512.46736	1515.63673	1519.66016	1520.96141	1531.70799	1538.79771	1542.90825	1544.04820	1549.11627	1550.35219	1552.52161	1555.05410	1562.66046	1565.89816	1575.34187	1529.02220
19.639802	1	25	1	0	1546.16268	1501.38234	1502.17417	1512.34033	1513.11678	1517.49316	1519.62392	1520.10306	1521.09497	1527.02654	1529.73272	1532.25816	1536.33186	1540.41958	1541.34314	1548.26016	1549.29698	1550.83331	1557.87463	1562.78854	1566.25851	1567.77231	1568.63875	1569.24140	1570.11146	1578.77079	1529.02391
19.659802	1	20	1	0	1546.15821	1500.62503	1502.43219	1502.93856	1503.40300	1515.59713	1516.55175	1524.78292	1527.84567	1528.80932	1530.18360	1536.13383	1537.16869	1546.55173	1548.41415	1549.12623	1562.21147	1563.44592	1571.20044	1572.80468	1575.13406	1529.02220
19.679802	1	17	1	0	1546.15335	1503.57210	1503.87380	1504.55341	1524.79502	1525.50786	1525.98011	1532.88876	1535.80044	1537.07129	1541.92790	1548.34885	1551.80465	1555.39452	1560.22350	1567.80149	1571.47689	1576.40175	1529.02391
19.699802	1	21	1	0	1546.15821	1501.69160	1509.71160	1510.15057	1515.64140	1517.32504	1518.46649	1524.15235	1526.08236	1532.11118	1535.11168	1535.72047	1538.16031	1539.77177	1543.11558	1544.24091	1548.59099	1549.93466	1556.57133	1559.74722	1562.96689	1569.64976	1529.02201
19.719802	1	18	1	0	1546.15394	1501.68647	1505.13084	1510.34604	1514.59540	1517.05908	1522.77191	1523.46927	1524.78481	1526.78105	1536.56354	1543.01278	1544.01564	1550.47200	1552.37307	1552.92877	1560.80543	1576.32922	1579.03328	1529.02220
19.739801	1	19	1	0	1546.15607	1501.67418	1502.19674	1504.13130	1504.43323	1505.78687	1513.43052	1519.94901	1524.78197	1535.71184	1536.98696	1545.95706	1548.39797	1550.32796	1551.23175	1553.05487	1565.37239	1568.71818	1573.57863	1577.73585	1529.02030
19.759801	1	20	1	0	1546.16424	1500.67026	1501.65603	1504.46875	1522.14526	1522.82037	1523.82867	1524.74681	1525.88602	1529.60163	1535.04500	1538.66507	1542.79521	1557.57612	1563.97577	1567.35594	1568.09154	1570.30712	1571.74480	1577.98099	1579.47942	1529.02030
19.779801	1	20	1	0	1546.15705	1500.25197	1500.55985	1502.63044	1510.22048	1512.00604	1514.18777	1517.50365	1522.48368	1523.08967	1524.70126	1528.11770	1533.11157	1536.04500	1551.16387	1556.76895	1560.77216	1565.49991	1566.62302	1578.56430	1579.39687	1529.02410
19.799801	1	23	1	0	1546.15607	1500.59317	1502.17693	1503.36313	1511.24521	1511.92518	1513.74775	1514.35016	1518.29871	1519.98207	1520.66391	1523.94215	1524.80428	1527.99885	1529.37395	1533.73905	1543.17192	1545.41896	1548.13699	1549.34987	1557.92396	1559.26214	1567.36572	1568.67776	1529.02201
19.819801	1	27	1	0	1546.15821	1500.12076	1501.18754	1502.31767	1504.06305	1505.96056	1513.09928	1514.33841	1514.84015	1516.65817	1519.89773	1520.63928	1523.22153	1524.12798	1524.59352	1526.41249	1531.80509	1545.62269	1547.22414	1548.25587	1553.66365	1555.31624	1559.64694	1566.66213	1567.43384	1570.35785	1576.75867	1578.91003	1529.02220
19.839800	1	21	1	0	1546.15180	1500.96622	1501.40983	1501.68372	1501.75175	1502.15619	1505.96978	1511.88262	1518.62549	1520.00311	1520.54998	1524.54344	1526.78314	1530.97238	1532.57225	1533.78171	1549.47343	1560.72720	1562.61043	1565.83516	1571.67309	1573.06398	1529.02201
19.859800	1	17	1	0	1546.15549	1502.35878	1502.91836	1511.46456	1518.10736	1520.22801	1520.71486	1521.29216	1524.06773	1524.80882	1542.21715	1545.92519	1548.53288	1553.44347	1556.72028	1558.46686	1560.55213	1578.07069	1529.02011
19.879800	1	27	1	0	1546.16054	1500.02928	1500.49229	1502.03896	1503.47725	1504.37618	1512.79181	1520.04012	1521.47226	1524.12251	1524.78292	1526.81763	1527.79613	1536.34971	1539.95030	1548.09567	1549.02204	1549.86571	1550.56153	1552.52612	1557.02379	1560.19044	1561.26888	1562.23925	1568.84125	1570.53171	1573.68453	1576.95700	1529.02201
19.899800	1	26	1	0	1546.15102	1501.31141	1502.39823	1502.45807	1502.97382	1502.53993	1502.53314	1503.73461	1510.50315	1511.00477	1512.65785	1516.80089	1517.69091	1524.78651	1525.51429	1532.53635	1534.27422	1537.31126	1540.85902	1547.34386	1554.04981	1559.15856	1566.32733	1567.55511	1568.70197	1569.69284	1575.90243	1529.02391
19.919800	1	18	1	0	1546.15607	1501.15492	1501.91515	1502.23931	1518.08975	1520.70772	1523.32775	1525.90646	1527.65589	1533.05194	1536.69467	1543.03736	1543.66448	1546.86821	1549.43166	1551.47989	1564.36668	1568.68597	1573.81805	1529.02410
19.939800	1	27	1	0	1546.15899	1501.21319	1502.19711	1502.59372	1502.54709	1502.68845	1503.22770	1504.62796	1511.67244	1522.25472	1524.81354	1533.42181	1534.07595	1534.96013	1536.44779	1542.61370	1544.46509	1550.19762	1551.11143	1552.72566	1554.15684	1556.36667	1558.74675	1560.25200	1568.09914	1571.18358	1577.70225	1578.59388	1529.02410
19.959799	1	15	1	0	1546.15821	1501.93441	1502.38630	1513.30091	1518.27622	1519.53249	1520.31709	1522.09873	1524.81714	1529.72473	1533.03475	1541.57015	1543.82589	1550.06496	1554.13720	1556.99816	1529.02391
19.979799	1	20	1	0	1546.15180	1501.87810	1501.91937	1502.21436	1517.17960	1518.05059	1524.76988	1528.94141	1530.30965	1533.21325	1537.07782	1540.72293	1544.70272	1545.38381	1547.35962	1550.58108	1557.44278	1558.28342	1563.11190	1564.76873	1566.48972	1529.02030
19.999799	1	22	1	0	1546.15607	1500.27393	1500.52982	1501.54676	1501.60910	1501.91662	1503.56530	1505.99947	1514.56462	1519.28264	1523.40624	1524.68009	1526.27023	1531.01145	1534.99116	1539.61043	1543.43337	1546.99274	1554.94203	1555.91401	1570.11386	1578.30520	1579.47435	1529.02391
20.019799	1	28	1	0	1546.14733	1501.85756	1502.22885	1502.18482	1502.46394	1502.87153	1504.74080	1505.88975	1509.96090	1512.23657	1513.90222	1514.49636	1524.81638	1525.72890	1526.56387	1531.13306	1533.11329	1535.69343	1536.93087	1542.21870	1545.44731	1546.81802	1548.60249	1551.92371	1561.51052	1566.80983	1571.63052	1575.07757	1577.70003	1529.02201
20.039798	1	25	1	0	1546.15180	1501.90891	1502.28574	1502.52874	1505.56973	1506.24478	1513.28657	1517.61900	1518.50736	1519.95953	1520.81660	1521.58313	1524.93076	1535.33321	1536.15110	1536.93933	1541.02487	1547.91057	1551.33761	1553.62303	1558.34700	1560.20707	1567.04420	1568.51231	1570.13070	1578.17579	1529.02201
20.059798	1	15	1	0	1546.15763	1501.95972	1501.68610	1510.72172	1513.04027	1514.36880	1522.65747	1524.49128	1533.37497	1543.02865	1545.11219	1550.94341	1556.85290	1558.83625	1575.55761	1577.89981	1529.02201
20.079798	1	21	1	0	1546.15238	1501.87242	1509.60171	1515.41150	1519.61491	1522.03487	1523.84698	1524.76061	1526.36040	1527.44662	1528.70101	1531.55711	1532.67137	1537.66818	1541.21779	1541.87957	1564.48926	1565.16839	1567.20974	1573.71917	1574.35273	1577.14163	1529.02030
20.099798	1	24	1	0	1546.15180	1501.73506	1502.46192	1502.49221	1505.67608	1506.28260	1511.69065	1513.04325	1514.87001	1524.30498	1528.24245	1530.77630	1537.22268	1542.49433	1546.28729	1550.49389	1553.29789	1563.16395	1564.44369	1566.35885	1568.82844	1569.76356	1571.12598	1573.79892	1577.02979	1529.02410
20.119798	1	22	1	0	1546.15024	1500.87445	1502.24628	1501.95440	1502.32758	1502.97603	1505.97365	1514.89725	1515.78972	1517.41752	1519.29315	1524.80882	1525.68688	1534.60905	1535.65681	1537.70279	1538.45161	1546.38586	1554.28667	1558.31600	1565.26740	1573.29902	1574.56155	1529.02201
20.139797	1	23	1	0	1546.16268	1500.20695	1502.00778	1502.20739	1504.84557	1515.13781	1518.61517	1520.27123	1521.13900	1521.86443	1527.10219	1529.02391	1532.15947	1534.32130	1541.65247	1546.84759	1552.26668	1552.98741	1554.72247	1556.55971	1562.39366	1563.72263	1569.15650	1577.56262	1529.02600
20.159797	1	14	1	0	1546.15394	1501.95073	1502.65467	1503.60813	1504.73694	1511.36872	1512.29496	1515.42513	1524.87839	1530.14420	1542.81999	1560.40086	1569.62011	1575.29163	1578.15776	1529.02410
20.179797	1	25	1	0	1546.15607	1501.20439	1502.09473	1503.20418	1504.52065	1505.73950	1513.30929	1513.92086	1514.55958	1516.86617	1519.22653	1524.13837	1524.82829	1526.31664	1526.99260	1530.59818	1531.91767	1545.48926	1548.31083	1549.40862	1555.56292	1557.26017	1563.65086	1564.74185	1575.73646	1579.13344	1529.02201
20.199797	1	17	1	0	1546.15607	1500.34439	1502.48633	1504.15834	1504.53924	1511.84154	1514.85191	1518.55217	1524.88765	1529.45707	1546.05986	1546.97581	1550.02803	1553.69761	1560.73868	1566.52604	1571.42649	1575.74110	1529.02030
20.219797	1	25	1	0	1546.14947	1501.53815	1502.39603	1502.75125	1503.10038	1503.97642	1511.80828	1516.89798	1519.07866	1524.72356	1527.69479	1532.31295	1535.00112	1536.80547	1539.81630	1542.47053	1543.09118	1544.77063	1552.80584	1556.72245	1560.68501	1562.16563	1562.91346	1567.63343	1572.02385	1579.88075	1529.02201
20.239796	1	16	1	0	1546.15394	1501.32296	1503.59838	1505.46229	1521.84974	1522.33801	1523.41115	1526.95601	1538.14857	1539.03629	1544.74637	1547.28740	1554.39550	1557.99797	1559.38927	1566.34668	1567.01984	1529.02201
20.259796	1	18	1	0	1546.16540	1500.63766	1500.98674	1501.50093	1502.49918	1503.62541	1506.21766	1511.68656	1517.42969	1518.95277	1531.36393	1540.23708	1546.88047	1551.39201	1555.12488	1568.95252	1572.17316	1577.06720	1578.96821	1529.02391
20.279796	1	26	1	0	1546.15607	1500.77592	1501.12799	1501.98925	1501.89021	1501.55446	1503.02213	1504.00107	1510.95911	1513.43350	1514.38577	1519.17230	1519.83612	1520.73761	1522.57038	1528.49069	1534.23575	1538.55092	1547.63145	1548.44456	1553.05918	1558.22241	1560.58362	1567.06137	1568.87227	1578.09843	1579.18920	1529.02410
20.299796	1	24	1	0	1546.14519	1500.00824	1500.85998	1502.09565	1513.02333	1517.00332	1520.59359	1523.52211	1524.79955	1530.91883	1537.04535	1538.03720	1539.32678	1540.07314	1543.65789	1549.11627	1549.83017	1553.45426	1557.79649	1560.39275	1562.00870	1566.75214	1574.90996	1577.85892	1578.47212	1529.02410
20.319796	1	26	1	0	1546.15102	1501.83775	1501.60635	1501.93202	1502.52011	1503.15954	1504.55820	1510.31376	1513.60728	1517.54128	1520.40805	1521.09385	1524.28685	1524.81449	1526.07289	1526.91374	1530.06177	1530.76640	1537.12546	1545.71030	1555.33433	1558.79495	1559.74623	1566.30060	1571.11394	1572.73911	1576.28214	1529.02220
20.339796	1	27	1	0	1546.15607	1500.24556	1500.55436	1503.28338	1504.52764	1505.13084	1512.20124	1515.54073	1519.47635	1521.08726	1522.30993	1524.79596	1528.68030	1529.65433	1532.92869	1533.80084	1537.41580	1548.83983	1553.21629	1554.24581	1558.75761	1570.74413	1572.53379	1573.38195	1575.54590	1576.15548	1578.29832	1579.00389	1529.02011
20.359795	1	18	1	0	1546.15607	1502.73105	1504.29228	1515.91116	1518.70781	1525.67382	1528.97867	1531.77476	1533.48069	1536.51056	1541.32248	1542.87786	1544.86473	1549.73975	1561.55294	1572.07188	1573.76226	1575.08927	1576.61111	1529.02410
20.379795	1	15	1	0	1546.15977	1501.40085	1501.78952	1503.97054	1520.42234	1524.79029	1542.96496	1544.39410	1546.91841	1550.36724	1551.41687	1554.06454	1554.87794	1561.06952	1563.34536	1570.24657	1529.02619
20.399795	1	24	1	0	1546.15607	1501.79686	1502.94334	1509.99834	1515.84427	1517.08921	1517.72481	1518.91788	1521.51348	1524.79218	1526.05945	1534.15632	1535.78529	1537.98623	1539.08733	1540.73413	1544.47595	1548.82442	1550.95202	1553.20295	1554.69731	1555.21908	1570.81876	1571.82616	1572.74373	1529.02201
20.419795	1	20	1	0	1546.15394	1501.72424	1502.40741	1503.31186	1504.11198	1505.34528	1514.27595	1517.75703	1521.54492	1524.82753	1537.25515	1539.09003	1543.80845	1557.00979	1560.30386	1563.69500	1565.39650	1566.45780	1568.11613	1576.92748	1579.83671	1529.02600
20.439794	1	22	1	0	1546.15607	1500.86859	1502.58436	1503.07136	1505.01369	1510.63266	1512.35317	1517.08846	1524.82186	1528.07688	1529.85279	1531.15231	1535.60792	1538.47124	1541.06001	1544.71824	1550.03800	1557.23789	1558.77124	1559.71182	1561.82720	1568.30330	1569.42583	1529.02201
20.459794	1	23	1	0	1546.15394	1501.60360	1504.33607	1505.89602	1513.76116	1515.86164	1517.61038	1524.83018	1525.98768	1528.18396	1531.06920	1538.72109	1541.95922	1543.37448	1545.74721	1547.92363	1548.91162	1552.87525	1559.80538	1561.47245	1567.30480	1573.03763	1574.57566	1579.96031	1529.02220
20.479794	1	17	1	0	1546.15102	1501.61900	1502.58179	1502.94407	1516.21503	1518.61780	1519.30348	1520.12147	1547.41141	1549.27610	1558.76887	1559.62578	1562.01009	1568.40850	1574.10670	1574.91279	1575.62139	1576.42519	1529.01992
20.499794	1	21	1	0	1546.15607	1501.79943	1502.53957	1502.92313	1504.28565	1515.42047	1517.54990	1521.49880	1523.35926	1527.08987	1533.64763	1534.28417	1535.92223	1539.50925	1546.45586	1555.13393	1564.78525	1571.09126	1573.96246	1574.67485	1576.16720	1577.20898	1529.02201
20.519794	1	24	1	0	1546.16268	1500.67813	1502.04245	1504.06655	1505.38655	1516.05336	1516.65630	1520.55693	1521.15480	1523.01687	1524.78764	1539.43236	1540.65017	1541.95612	1544.17751	1545.91333	1546.96861	1548.26094	1548.86129	1553.36970	1554.86202	1563.98770	1570.26722	1573.37490	1576.27043	1529.02201
20.539793	1	25	1	0	1546.15977	1501.54291	1502.19986	1502.09015	1503.29642	1505.30787	1512.05251	1515.83941	1518.93007	1524.80598	1526.96000	1530.25976	1532.82916	1537.98546	1539.71143	1541.18746	1546.12692	1550.08371	1553.28593	1554.06454	1560.37018	1563.83716	1569.02798	1570.06796	1571.02122	1578.13691	1529.02410
20.559793	1	16	1	0	1546.15685	1503.70354	1504.42329	1511.78226	1524.83207	1526.79659	1534.55486	1536.40288	1539.28786	1542.98084	1543.68192	1548.33696	1549.03940	1556.49234	1562.22973	1563.82523	1570.35544	1529.02201
20.579793	1	27	1	0	1546.15024	1502.30244	1502.35364	1502.73858	1509.90436	1516.46910	1517.76677	1518.68080	1519.51409	1521.57899	1522.85978	1524.53966	1527.41949	1532.46894	1533.89515	1535.03906	1535.58548	1537.19885	1544.51358	1545.06541	1546.26590	1549.48222	1552.30881	1554.56427	1563.31913	1567.72016	1568.73119	1579.89111	1529.02201
20.599793	1	12	1	0	1546.14947	1501.49983	1502.26353	1503.60408	1514.73885	1517.16145	1519.73170	1524.74776	1532.49758	1534.34925	1542.03307	1567.60905	1569.08143	1529.02220
20.619793	1	25	1	0	1546.16054	1502.00705	1501.69600	1504.28712	1505.55498	1506.17874	1511.34271	1514.08095	1516.76983	1518.74888	1520.79309	1523.46021	1524.83018	1530.52694	1534.44554	1537.80623	1540.12038	1548.74173	1550.36509	1551.98971	1553.07271	1554.10617	1566.91423	1568.95492	1574.61295	1578.54282	1529.02201
20.639792	1	18	1	0	1546.15821	1503.02911	1512.03094	1514.84090	1517.13824	1521.21670	1523.79223	1524.74870	1527.60921	1537.81700	1541.40593	1544.31537	1545.60948	1554.78870	1558.85976	1560.96134	1571.55119	1572.47649	1579.58674	1529.02600
20.659792	1	26	1	0	1546.14947	1501.04408	1503.40558	1504.05717	1505.84937	1511.25636	1513.56537	1518.52461	1521.04926	1521.73055	1522.24398	1524.80239	1533.36866	1538.94077	1540.40453	1547.63807	1555.19823	1556.92819	1557.83339	1561.27839	1562.31586	1565.37597	1569.28525	1570.29730	1571.54637	1574.50249	1575.28941	1529.02220
20.679792	1	18	1	0	1546.15238	1501.80639	1504.79235	1505.63203	1510.19192	1518.21062	1519.84852	1524.79955	1528.31880	1542.95393	1544.99825	1546.22216	1549.02574	1556.34107	1557.22981	1561.39117	1571.07299	1576.32457	1577.64923	1529.02410
20.699792	1	21	1	0	1546.15102	1501.28301	1502.83076	1503.84788	1521.58728	1522.54173	1523.23077	1524.40607	1524.86459	1525.87144	1528.72571	1530.27214	1534.01013	1538.79309	1541.11118	1547.29188	1550.08820	1553.03545	1555.42679	1563.02151	1565.28911	1577.55250	1529.02410
20.719792	1	18	1	0	1546.14519	1500.59683	1501.24452	1501.80731	1503.05960	1513.94750	1517.05309	1518.51205	1524.83755	1533.13087	1539.44971	1541.94220	1546.59977	1549.10671	1551.33722	1556.99107	1562.62949	1574.51115	1575.60504	1529.02030
20.739791	1	29	1	0	1546.15763	1500.26972	1501.67932	1502.18463	1501.71012	1512.49414	1514.85023	1516.65985	1517.59521	1519.37743	1520.62179	1522.85280	1527.24764	1527.93848	1530.77268	1532.04476	1540.34858	1542.33145	1545.43255	1545.97785	1546.79720	1550.63993	1554.32517	1555.54364	1556.91380	1561.99838	1565.32298	1566.31277	1572.61181	1579.55996	1529.02410
20.759791	1	23	1	0	1546.15549	1500.03898	1502.03860	1502.31143	1504.67582	1505.13581	1512.44318	1518.55911	1521.11322	1524.36204	1526.15508	1531.87168	1532.89908	1533.35910	1549.07413	1550.30431	1551.68992	1553.39363	1554.19612	1557.33274	1566.90684	1567.86105	1572.48795	1579.65815	1529.02410
20.779791	1	24	1	0	1546.16054	1500.13888	1500.78782	1501.88342	1502.44008	1502.92277	1503.20455	1503.61107	1504.18373	1509.72531	1511.28254	1512.39724	1520.35994	1521.52459	1527.72553	1528.34842	1529.49606	1530.80965	1531.65496	1541.70658	1547.64800	1554.35464	1561.28552	1567.85766	1573.87243	1529.02201
20.799791	1	27	1	0	1546.15821	1502.05786	1502.56068	1502.32115	1502.46798	1503.73755	1504.29485	1514.13799	1515.45538	1517.41397	1519.19050	1526.64536	1528.20371	1530.37858	1531.14621	1535.88272	1536.45988	1537.96815	1547.26560	1549.09364	1555.30208	1556.02739	1564.24610	1564.99233	1571.01781	1573.80375	1574.53091	1578.42330	1529.02011
20.819791	1	23	1	0	1546.14947	1500.80998	1501.13495	1502.02264	1505.68069	1506.27798	1510.17022	1514.46036	1518.57805	1520.87095	1523.15965	1524.73944	1525.49934	1536.21787	1537.41657	1537.87911	1541.86932	1542.93593	1545.77558	1550.23689	1559.82180	1565.20704	1573.88189	1575.83458	1529.02030
20.839790	1	26	1	0	1546.14947	1501.13312	1501.95018	1502.16739	1502.41861	1513.21228	1514.61274	1516.97469	1520.33043	1521.93147	1523.34775	1524.92339	1530.24453	1538.36098	1541.73480	1550.56681	1551.72457	1556.57054	1563.81966	1567.65941	1570.08961	1571.35723	1572.54807	1573.54782	1576.49511	1578.60969	1579.85863	1529.02201
20.859790	1	22	1	0	1546.16210	1500.88361	1502.45586	1502.87226	1504.08862	1505.29037	1506.09537	1511.26973	1513.60728	1517.64316	1518.60392	1524.76988	1526.75433	1529.00623	1529.64082	1536.95469	1555.91617	1556.71555	1557.40472	1567.18597	1567.73235	1571.14043	1574.64178	1529.02410
20.879790	1	20	1	0	1546.15821	1502.24243	1501.63880	1512.81172	1515.56034	1524.77366	1531.06387	1531.86958	1534.48421	1539.74073	1542.38581	1548.93776	1554.27312	1558.31442	1562.66007	1565.69981	1569.38958	1573.74213	1576.49268	1577.78524	1579.53926	1529.02391
20.899790	1	15	1	0	1546.15335	1501.48792	1502.81203	1503.65721	1512.88523	1516.81267	1518.64893	1519.23966	1524.39699	1526.00283	1531.79155	1549.00467	1552.61255	1554.98843	1561.41972	1562.71884	1529.02201
20.919790	1	16	1	0	1546.16268	1502.49753	1502.63943	1504.71319	1505.74963	1511.06158	1521.39811	1524.80523	1525.88034	1534.08361	1540.43038	1548.80492	1553.64108	1555.11132	1565.50888	1573.23945	1574.66981	1529.02030
20.939790	1	28	1	0	1546.15763	1501.51486	1502.02025	1505.36204	1512.09359	1515.33103	1518.49761	1520.28269	1524.80712	1530.21216	1534.50566	1539.97614	1541.72378	1542.53128	1549.76943	1550.57013	1551.65703	1555.88822	1556.60384	1560.68283	1562.62671	1564.13589	1565.72373	1567.06616	1570.01244	1571.01299	1574.85854	1578.44477	1579.34332	1529.02600
20.959789	1	20	1	0	1546.15335	1501.27146	1502.32464	1504.26872	1519.34101	1524.78292	1526.46308	1529.48902	1531.59869	1544.41815	1549.80204	1553.92101	1555.53400	1558.00153	1559.59275	1560.47649	1562.83024	1564.67934	1572.68782	1577.56505	1579.60236	1529.02201
20.979789	1	17	1	0	1546.15899	1501.12084	1504.45384	1504.87061	1505.63866	1515.59190	1520.79779	1521.44083	1537.73086	1539.34585	1543.51763	1545.85368	1546.94837	1549.60423	1551.04806	1558.78666	1573.39141	1576.91252	1529.02030
20.999789	1	23	1	0	1546.15024	1501.27916	1501.78622	1502.12739	1502.81809	1503.58736	1505.65433	1511.88317	1512.28826	1514.76851	1523.10759	1524.91904	1526.29182	1526.92530	1529.39982	1532.46607	1535.27494	1539.91771	1541.26974	1545.46925	1546.16540	1552.15365	1557.68896	1571.74078	1529.02201
21.019789	1	28	1	0	1546.15452	1500.64847	1502.58289	1502.42650	1502.82066	1503.29128	1504.64894	1505.85841	1510.31951	1510.84866	1512.89361	1513.41879	1514.60211	1518.25185	1522.51667	1535.29219	1536.17259	1536.89630	1545.87758	1546.88845	1555.07710	1556.70590	1561.89166	1562.68866	1565.50410	1567.14484	1573.60138	1576.36660	1578.57565	1529.02201
21.039788	1	21	1	0	1546.15452	1502.42650	1503.67321	1506.24238	1519.97381	1522.98122	1524.84795	1526.93156	1530.08347	1533.77310	1546.97464	1547.61295	1548.50383	1557.82056	1558.53243	1559.73832	1560.89754	1563.26409	1564.89834	1571.99753	1576.35265	1578.61212	1529.02030
21.059788	1	22	1	0	1546.15607	1501.72131	1501.89204	1504.43709	1504.96600	1519.79593	1523.56382	1524.82186	1526.16834	1527.28292	1529.78847	1545.29837	1550.71207	1552.52769	1557.18189	1558.91370	1561.46789	1562.56040	1563.46520	1566.70065	1570.84283	1572.67355	1577.40075	1529.02201
21.079788	1	19	1	0	1546.15607	1500.49962	1501.57170	1505.83426	1510.09754	1518.69750	1521.63923	1524.74870	1529.56016	1538.80502	1543.84721	1545.50441	1547.82330	1557.68422	1563.97299	1564.53742	1571.67068	1574.48051	1578.40608	1579.26281	1529.02391
21.099788	1	21	1	0	1546.15821	1500.77683	1501.22583	1501.98595	1502.26335	1501.76202	1502.41163	1502.82396	1511.08144	1517.03008	1522.28129	1524.73944	1526.72552	1528.07042	1532.97092	1549.41897	1550.64207	1552.03847	1556.68304	1557.55264	1570.40858	1578.77119	1529.02011
21.119788	1	13	1	0	1546.15977	1501.52146	1502.02411	1505.95300	1510.74158	1513.23779	1529.51204	1532.46130	1540.74918	1551.01109	1556.59635	1559.69995	1574.46721	1576.02077	1529.02600
21.139787	1	21	1	0	1546.15549	1502.05529	1503.44288	1504.38207	1505.13489	1510.57811	1512.58994	1515.98310	1516.58448	1521.32923	1535.98688	1538.55304	1545.38381	1547.00130	1551.05862	1555.62530	1559.72032	1566.41411	1568.88167	1572.90927	1577.22051	1579.21151	1529.02201
21.159787	1	29	1	0	1546.15685	1500.41138	1500.72226	1502.57848	1502.92221	1505.01959	1506.01625	1511.80363	1517.87504	1521.45683	1522.84544	1524.74209	1526.54909	1530.71705	1532.35304	1534.03653	1537.01904	1537.84738	1544.51513	1545.16033	1553.21295	1554.15979	1556.68265	1559.17971	1562.22894	1568.21091	1570.12028	1571.08885	1571.86211	1577.43514	1529.02220
21.179787	1	23	1	0	1546.15821	1502.06135	1503.00101	1503.66512	1503.91757	1504.32723	1519.61885	1524.84039	1525.66890	1526.75812	1527.91798	1530.21920	1530.91483	1533.42601	1535.70858	1539.43198	1540.11171	1549.26087	1551.62708	1554.31181	1556.94416	1559.07100	1570.49260	1575.68215	1529.02201
21.199787	1	16	1	0	1546.15607	1501.82180	1510.10124	1517.94435	1524.90921	1526.48392	1527.82744	1535.94065	1541.43394	1554.72935	1557.42168	1561.30693	1562.62909	1564.72572	1567.23450	1575.85558	1579.07079	1529.02011
21.219787	1	16	1	0	1546.15180	1500.56443	1502.49129	1505.01462	1511.08163	1514.75732	1524.77914	1525.62405	1535.66851	1540.70576	1543.88073	1545.20421	1554.89623	1557.81168	1560.54976	1576.71581	1579.05741	1529.02201
21.239786	1	27	1	0	1546.15821	1502.29143	1503.14815	1503.54949	1505.38415	1511.71295	1515.68921	1521.44779	1524.22262	1525.88810	1527.37169	1530.83442	1532.39886	1536.91148	1538.38695	1539.86816	1544.32410	1545.19217	1546.42300	1547.74051	1549.24994	1554.17393	1554.80246	1555.45905	1558.16121	1559.48873	1563.06203	1574.75731	1529.02201
21.259786	1	20	1	0	1546.15821	1501.92047	1502.61373	1503.88024	1512.23322	1515.03553	1517.25372	1523.49607	1527.74754	1528.46505	1535.90593	1537.87815	1544.88200	1546.19340	1556.54966	1562.91922	1568.40790	1571.63955	1573.76810	1578.54829	1579.41918	1529.02410
21.279786	1	23	1	0	1546.15821	1501.90506	1502.45164	1503.48075	1505.95392	1510.36032	1511.22405	1513.98012	1520.69587	1521.33619	1521.81490	1524.87272	1527.05612	1535.05937	1537.48922	1538.16896	1538.85027	1552.24964	1553.01447	1555.36915	1562.59097	1570.21770	1571.84765	1573.74454	1529.02410
21.299786	1	21	1	0	1546.15335	1501.63128	1502.03181	1502.35272	1503.36331	1503.83997	1516.24643	1517.52424	1519.42191	1525.69635	1527.00606	1535.51225	1540.57259	1544.19922	1549.14788	1550.70190	1554.87932	1561.85953	1562.50541	1574.88415	1575.63068	1579.24050	1529.02220
21.319786	1	25	1	0	1546.15821	1500.29260	1500.99150	1501.72387	1511.00217	1511.40828	1513.15047	1515.71144	1518.86780	1520.23290	1521.62511	1523.01573	1527.61528	1531.15574	1532.56900	1533.54953	1540.37964	1546.90674	1553.45210	1555.48757	1562.31824	1563.93997	1565.31083	1566.14063	1572.72000	1576.73683	1529.02410
21.339786	1	18	1	0	1546.15607	1502.46614	1502.87336	1506.16269	1512.77321	1516.15952	1520.95690	1531.24839	1538.40851	1541.13918	1545.39041	1552.78565	1555.64045	1557.58578	1560.04637	1563.73933	1568.31310	1574.81397	1575.90404	1529.02030
21.359785	1	22	1	0	1546.15180	1500.73581	1502.30335	1502.33051	1504.51145	1509.81168	1511.15256	1517.43119	1522.91955	1529.45288	1532.28545	1533.84560	1539.46416	1540.79647	1542.84399	1544.57138	1552.71487	1558.03903	1563.14964	1566.92141	1569.68021	1579.26950	1579.97615	1529.02239
21.379785	1	24	1	0	1546.15821	1501.53540	1502.07877	1502.02429	1502.33473	1503.98525	1505.21281	1505.79388	1512.93902	1514.06492	1515.38573	1516.72157	1519.29428	1529.59878	1534.35767	1534.96664	1543.42465	1545.14053	1549.82157	1551.53586	1560.19519	1565.74306	1567.96979	1569.62252	1572.82117	1529.02011
21.399785	1	20	1	0	1546.15238	1501.34587	1502.32354	1505.63295	1510.04525	1511.00050	1513.70043	1517.33646	1522.57792	1524.34031	1524.82753	1529.39069	1535.57762	1540.59768	1546.60249	1551.60848	1553.92651	1559.44621	1566.53581	1568.56092	1569.92326	1529.02201
21.419785	1	22	1	0	1546.15821	1502.10648	1502.47826	1503.89698	1504.33736	1505.22423	1516.76983	1519.58224	1524.12553	1524.80239	1533.21267	1533.73905	1537.03460	1543.40780	1544.90374	1549.44337	1549.96162	1551.48654	1559.06863	1562.72738	1564.15260	1566.29082	1573.47293	1529.02391
21.439784	1	21	1	0	1546.15763	1501.59370	1502.98080	1504.34987	1505.42267	1511.70886	1513.62740	1514.77280	1524.69200	1526.03142	1527.78835	1534.41740	1538.27035	1539.78179	1542.46821	1545.77169	1564.15737	1569.17592	1573.63782	1574.54441	1575.81802	1578.85287	1529.02410
21.459784	1	20	1	0	1546.15335	1501.40305	1502.93342	1504.29871	1511.46901	1514.90695	1520.70283	1531.39063	1544.17092	1551.91274	1552.53945	1554.88482	1560.15244	1561.91606	1562.56020	1564.64251	1567.22492	1567.89024	1572.48132	1575.46840	1578.60969	1529.02030
21.479784	1	17	1	0	1546.14947	1500.09075	1500.91566	1502.10446	1501.61569	1506.04465	1510.05007	1519.91595	1522.84017	1526.95810	1535.57110	1537.52113	1546.11448	1547.37442	1561.85675	1563.85864	1565.69223	1575.49463	1529.02220
21.499784	1	19	1	0	1546.15821	1501.12615	1501.92762	1501.61900	1505.18463	1512.38831	1517.58098	1524.75608	1534.56999	1535.16322	1535.66736	1546.18231	1549.57163	1550.22341	1550.83663	1553.82442	1565.33015	1568.04036	1571.57750	1578.90314	1529.02391
21.519784	1	18	1	0	1546.15607	1501.75340	1502.90881	1503.33519	1513.72446	1517.29902	1521.29573	1522.45673	1526.93308	1527.83522	1529.78828	1538.68220	1546.09699	1556.61783	1562.10492	1565.40985	1567.05877	1570.69337	1572.54264	1529.02201
21.539783	1	20	1	0	1546.16054	1501.48040	1501.73671	1503.42120	1505.30143	1506.09260	1510.00150	1513.35752	1515.06782	1520.24887	1521.73676	1524.79218	1527.46559	1529.80845	1548.32175	1550.06632	1554.85868	1555.57571	1557.84463	1562.48874	1563.88727	1529.02201
21.559783	1	23	1	0	1546.15180	1500.17749	1502.16280	1503.46273	1503.77341	1504.76290	1512.85508	1514.52396	1518.58667	1531.61395	1536.32227	1537.49076	1538.24226	1542.19762	1542.92857	1549.34772	1553.73608	1558.59425	1560.08634	1564.02808	1565.63443	1567.48738	1575.88849	1576.45550	1529.02201
21.579783	1	26	1	0	1546.15549	1501.24416	1502.20206	1502.42429	1502.98888	1504.48936	1504.88203	1509.74514	1510.79354	1516.37356	1524.76988	1526.06911	1532.01136	1534.99040	1537.03633	1537.68549	1547.79505	1557.19944	1559.78164	1563.92506	1564.79282	1565.63164	1569.94971	1573.40791	1576.35003	1578.49380	1579.45183	1529.02201
21.599783	1	15	1	0	1546.15394	1509.60115	1512.04247	1512.69003	1513.64938	1514.36191	1516.21952	1516.79191	1529.80864	1532.24136	1533.38147	1540.98219	1543.16553	1545.68388	1551.63374	1569.73691	1529.02030
21.619783	1	16	1	0	1546.15549	1500.07246	1500.76035	1502.73252	1503.84806	1518.03803	1524.79861	1526.89687	1529.79056	1542.48988	1545.51761	1551.80720	1554.27508	1556.36076	1562.29502	1567.75173	1571.21971	1529.02201
21.639782	1	25	1	0	1546.15394	1500.23531	1500.80723	1501.78952	1501.83078	1502.37804	1514.83997	1518.50567	1520.07751	1521.10306	1524.79766	1526.37006	1536.19657	1537.28974	1538.02220	1541.55295	1545.19547	1553.69309	1554.59846	1555.20512	1564.75439	1569.36895	1572.90384	1573.50514	1574.67485	1579.27721	1529.02201
21.659782	1	28	1	0	1546.15607	1500.11472	1500.89258	1502.02924	1502.13968	1503.26794	1504.50224	1506.18870	1511.80289	1512.35986	1519.73170	1520.61672	1524.75608	1531.67442	1533.07965	1541.26530	1547.31991	1552.19126	1552.87074	1556.83674	1558.94907	1560.65689	1561.48910	1566.09835	1569.79481	1572.68420	1574.57102	1576.40175	1578.18713	1529.02410
21.679782	1	21	1	0	1546.15452	1501.20256	1501.55740	1502.00851	1502.98374	1503.69030	1504.88129	1510.73657	1516.09896	1517.66788	1519.00962	1521.94579	1522.91974	1524.75778	1526.27478	1529.31975	1530.07547	1554.59433	1556.18136	1559.53124	1563.89145	1579.69142	1529.02201
21.699782	1	22	1	0	1546.15394	1500.71658	1501.62486	1504.66238	1505.76973	1509.96646	1510.91140	1512.38273	1513.21992	1513.85079	1515.25411	1527.81757	1531.78621	1540.37539	1540.84396	1541.90547	1544.73764	1547.17178	1549.65851	1563.02389	1572.85939	1576.52279	1577.05083	1529.02011
21.719782	1	23	1	0	1546.14519	1501.67950	1504.53224	1505.85583	1511.05081	1517.17343	1518.50905	1519.18356	1519.84458	1520.68196	1522.19010	1527.19834	1529.01440	1536.84868	1540.31482	1541.07237	1542.25332	1543.09157	1551.59302	1557.30000	1570.87835	1572.97566	1576.04440	1576.72754	1529.02220
21.739781	1	16	1	0	1546.15394	1501.79741	1502.16555	1515.51085	1522.64315	1524.71052	1527.05991	1529.64216	1531.24020	1532.52489	1538.23303	1539.67057	1548.04560	1553.16137	1557.64181	1568.85526	1578.34146	1529.02410
21.759781	1	25	1	0	1546.15821	1500.28454	1501.67363	1502.58619	1510.17078	1510.73564	1514.46745	1515.55511	1517.68417	1520.36182	1521.97611	1522.75230	1523.90004	1524.81638	1526.46251	1527.55077	1538.76209	1541.65247	1542.74180	1545.84339	1556.03448	1562.76551	1570.37068	1573.51944	1576.39468	1579.05964	1529.02391
21.779781	1	29	1	0	1546.15608	1501.63678	1502.02392	1502.44430	1502.36979	1504.61470	1514.01497	1515.61506	1523.15645	1524.77082	1526.17345	1530.32983	1533.13240	1534.60005	1535.58625	1539.12624	1539.83134	1544.26205	1547.81453	1548.35236	1549.51267	1551.32881	1555.75931	1556.67831	1561.35649	1563.63178	1564.28490	1565.79150	1571.68093	1579.48165	1529.02220
21.799781	1	22	1	0	1546.16424	1502.06520	1502.22702	1503.38187	1503.99114	1504.29449	1505.50430	1510.07158	1511.74268	1513.78986	1514.61069	1523.92384	1535.59277	1536.52457	1541.58542	1543.15469	1546.94896	1550.08684	1557.16888	1559.90489	1571.76168	1575.85255	1577.08298	1529.02201
21.819781	1	25	1	0	1546.15549	1500.95157	1501.46372	1502.07309	1502.42430	1503.08661	1504.33110	1510.85572	1520.36840	1523.36228	1524.23414	1527.19910	1530.25272	1534.41568	1537.45904	1540.63878	1545.97999	1549.06535	1553.13548	1553.91060	1555.53302	1556.53410	1558.20050	1567.25388	1569.34332	1576.80880	1529.02391
21.839780	1	16	1	0	1546.15180	1501.79044	1502.07089	1506.25456	1510.76645	1518.53567	1522.99763	1529.44299	1541.33542	1542.26860	1546.67466	1560.80048	1562.58403	1568.01477	1569.11527	1572.96842	1573.59755	1529.02201
21.859780	1	15	1	0	1546.15899	1500.14620	1502.43898	1502.27179	1503.01717	1505.50136	1506.07250	1513.81054	1519.35397	1524.76534	1526.81764	1531.80720	1536.02563	1542.06130	1555.56430	1567.56530	1529.02030
21.879780	1	23	1	0	1546.15821	1500.42511	1500.70761	1501.51872	1501.77577	1512.29366	1519.40615	1519.95822	1522.54456	1524.75060	1526.25811	1529.76640	1530.91407	1531.80395	1544.85135	1546.80829	1550.38249	1555.46829	1559.87423	1562.51256	1571.69278	1572.95273	1576.60606	1579.01281	1529.02201
21.899780	1	19	1	0	1546.15394	1500.40150	1500.70688	1500.98564	1502.05144	1503.26574	1504.17214	1510.85572	1514.42829	1517.21067	1520.03900	1521.78854	1524.80428	1528.68429	1532.90959	1546.27854	1559.51009	1563.46322	1570.95439	1575.39353	1529.02410
21.919780	1	26	1	0	1546.15394	1500.37679	1501.58600	1502.18243	1501.80071	1504.73473	1505.99173	1512.40394	1514.63979	1518.29515	1525.48345	1526.13974	1529.37300	1534.06734	1542.34906	1545.38226	1547.68812	1550.05207	1553.08625	1554.63482	1557.22034	1560.81930	1564.60470	1566.64976	1570.27444	1573.39463	1579.36908	1529.02201
21.939779	1	28	1	0	1546.15180	1501.38234	1501.62615	1509.97832	1511.53143	1513.80719	1514.34326	1518.36582	1518.86817	1522.39511	1524.76061	1526.55630	1535.54139	1537.92719	1541.37850	1543.35279	1545.70350	1546.30926	1547.41356	1551.29574	1555.99491	1561.54402	1562.94544	1564.02589	1567.17080	1571.08504	1573.30325	1576.10156	1577.11837	1529.02201
21.959779	1	26	1	0	1546.14733	1500.87555	1502.18959	1503.25710	1504.33993	1506.02013	1515.59115	1517.91138	1520.57630	1521.20410	1524.74209	1529.66080	1532.03636	1532.74243	1539.57381	1540.55233	1549.29425	1550.40438	1552.57492	1554.80128	1557.17598	1561.94145	1568.97935	1575.98219	1576.77545	1578.13002	1579.52567	1529.02410
21.979779	1	18	1	0	1546.15608	1500.25746	1501.70040	1502.42246	1503.03224	1503.61034	1504.46857	1511.01276	1511.87779	1514.58178	1524.29025	1529.29922	1538.46470	1542.88522	1547.66417	1555.80497	1571.53432	1577.51648	1578.29893	1529.02600
21.999779	1	21	1	0	1546.15608	1500.76951	1501.73378	1502.37401	1503.70630	1504.28989	1505.79646	1519.90731	1524.80599	1525.55460	1534.68431	1538.19551	1542.28156	1545.65105	1550.23904	1552.96054	1555.07966	1555.64379	1559.43633	1567.43384	1574.45310	1578.76390	1529.02410
22.019778	1	22	1	0	1546.15821	1500.77958	1501.38106	1502.49258	1502.75841	1503.49527	1510.21640	1511.53645	1512.34870	1519.96874	1522.60658	1524.35297	1529.45193	1531.33724	1533.67498	1536.26585	1537.57149	1551.55779	1554.57881	1563.39286	1570.18623	1573.34411	1574.29973	1529.01821
22.039778	1	18	1	0	1546.15024	1501.57353	1501.60800	1503.16873	1524.06604	1524.81619	1525.68878	1527.32863	1527.94038	1528.50456	1529.30511	1530.32374	1534.51619	1537.92353	1550.86381	1551.68640	1558.01554	1560.72997	1573.65755	1529.02410
22.059778	1	25	1	0	1546.15394	1501.39865	1504.54844	1506.13023	1510.99661	1515.39825	1516.65462	1518.52686	1521.96914	1524.74852	1527.28292	1535.98669	1537.09357	1538.61771	1540.70132	1542.04390	1545.31371	1547.15427	1550.52654	1553.20962	1554.57154	1568.85246	1570.51186	1573.88915	1575.47304	1577.65854	1529.02201
22.079778	1	17	1	0	1546.15821	1501.85078	1502.30134	1502.91652	1502.85886	1505.47869	1505.98767	1509.97202	1515.76394	1516.93465	1517.74598	1524.80882	1530.94685	1531.56551	1534.11997	1543.93481	1555.63455	1571.51284	1529.02201
22.099778	1	18	1	0	1546.15180	1500.55692	1505.92055	1518.39056	1521.35915	1522.45673	1524.70977	1527.64811	1529.35988	1530.55170	1539.13703	1547.45503	1554.14683	1555.68453	1562.13806	1566.35446	1570.16358	1573.77576	1574.90997	1529.02410
22.119778	1	18	1	0	1546.15180	1501.31581	1501.59865	1503.26280	1510.65993	1512.28696	1515.93526	1520.28101	1524.79407	1527.69783	1532.32936	1534.27211	1537.81488	1538.62849	1551.50357	1562.08469	1566.41491	1574.37631	1577.28099	1529.02391
22.139777	1	27	1	0	1546.15821	1502.02356	1502.29730	1502.69139	1502.84361	1502.84820	1504.18888	1505.03967	1506.11419	1511.56469	1511.96347	1513.10058	1513.60896	1515.85660	1518.97679	1523.61082	1524.78765	1533.73485	1534.25336	1535.43308	1551.93683	1554.19887	1558.51386	1566.41012	1567.26087	1571.46023	1574.21550	1578.35969	1529.02391
22.159777	1	24	1	0	1546.15608	1502.40759	1502.77365	1503.07026	1504.48844	1505.00044	1514.46559	1515.12942	1524.60090	1526.58851	1529.82253	1532.07358	1533.41760	1542.68549	1543.65363	1545.58987	1552.45067	1553.60713	1554.54187	1561.81629	1564.34439	1566.71582	1575.17521	1578.01987	1579.44819	1529.02600
22.179777	1	29	1	0	1546.15549	1500.59006	1501.23610	1501.88434	1502.49294	1502.53094	1503.68939	1505.34657	1510.65678	1513.75986	1516.75431	1517.45703	1518.38850	1521.89230	1523.73522	1524.21903	1524.77082	1535.10880	1535.57762	1538.29190	1540.33006	1541.29215	1547.38747	1548.22176	1550.87046	1552.40423	1567.08553	1569.68843	1576.91596	1578.92808	1529.02201
22.199777	1	20	1	0	1546.15821	1501.43476	1501.88104	1502.31033	1503.36294	1506.10330	1511.57249	1516.69240	1521.57259	1528.27170	1529.02999	1531.19692	1532.50350	1533.22109	1537.27014	1537.83642	1543.05208	1549.62825	1571.30142	1572.55692	1576.43691	1529.02201
22.219776	1	22	1	0	1546.15335	1501.82840	1502.25564	1502.69286	1505.08847	1505.68143	1510.00280	1511.91068	1513.33797	1522.39661	1524.75986	1532.40631	1534.15116	1541.30335	1549.97920	1552.74801	1561.22864	1562.68906	1569.70065	1571.05875	1572.18743	1574.75973	1579.94611	1529.02011
22.239776	1	21	1	0	1546.15180	1500.90174	1502.57077	1502.28023	1505.81361	1506.25179	1512.31486	1515.27465	1516.84859	1524.81638	1526.24239	1530.01057	1530.96419	1532.12378	1532.99424	1534.40266	1539.59848	1540.18924	1546.01400	1553.33380	1569.06442	1577.85366	1529.02201
22.259776	1	31	1	0	1546.15977	1501.46647	1501.89589	1502.35456	1502.28390	1502.34868	1502.49533	1502.69231	1503.41201	1505.82688	1510.13555	1510.65529	1513.60412	1516.87871	1518.19507	1523.26511	1524.74568	1527.26377	1528.89162	1532.91609	1535.82940	1536.95911	1542.46841	1543.95671	1547.29149	1551.56347	1552.37308	1556.44014	1565.33135	1567.74694	1573.63702	1575.20104	1529.02201
22.279776	1	15	1	0	1546.14947	1501.37996	1501.84509	1502.10317	1512.29124	1514.64203	1515.23526	1516.50519	1520.05759	1523.89343	1529.52402	1540.95632	1546.44459	1551.63158	1552.16912	1555.88625	1529.02391
22.299776	1	22	1	0	1546.16268	1510.47477	1512.40729	1515.22499	1517.05216	1520.86286	1522.53024	1524.78387	1527.73521	1528.87337	1537.73720	1546.26105	1546.97523	1555.63927	1557.20634	1558.01199	1564.79242	1566.71522	1570.65005	1571.88120	1573.68514	1576.97014	1577.84840	1529.02201
22.319776	1	24	1	0	1546.15821	1501.22840	1501.65457	1502.77549	1505.69360	1510.51633	1514.16279	1515.72396	1517.07106	1521.48149	1522.23136	1523.99899	1524.60789	1526.79091	1527.73578	1529.43995	1537.22479	1538.12357	1551.41472	1565.47819	1566.93838	1568.56833	1569.38217	1571.44577	1574.97854	1529.02201
22.339775	1	15	1	0	1546.15180	1500.72208	1502.26060	1501.90323	1501.60910	1502.79972	1505.25353	1513.57040	1519.30291	1524.82281	1531.47587	1534.17049	1544.73551	1555.10227	1564.45563	1576.82983	1529.02410
22.359775	1	22	1	0	1546.15180	1501.08640	1502.25197	1502.27179	1503.18049	1503.90323	1513.92589	1515.18896	1515.61170	1519.91464	1526.15110	1535.37423	1536.53878	1539.64166	1544.12710	1546.53015	1548.11731	1550.50934	1553.32634	1556.35840	1558.13298	1564.15519	1578.91449	1529.02220
22.379775	1	25	1	0	1546.15452	1501.72406	1503.08349	1504.01799	1506.23095	1510.05193	1514.32778	1516.84522	1519.56328	1522.97010	1524.01467	1524.74757	1527.07034	1530.32736	1531.88008	1541.44689	1548.92001	1554.61045	1555.14101	1558.08837	1558.89730	1561.45124	1562.86937	1566.25452	1567.90723	1571.32069	1529.02410
22.399775	1	23	1	0	1546.15763	1500.91420	1501.93386	1501.84069	1502.10978	1503.21907	1504.35686	1504.77247	1511.63175	1513.16518	1515.19587	1515.96777	1521.14652	1524.97274	1541.20176	1553.62283	1555.57571	1556.56050	1567.70657	1570.43986	1573.84645	1575.57194	1578.31878	1579.05336	1529.02030
22.419775	1	19	1	0	1546.15821	1500.41871	1502.34666	1502.77420	1505.35302	1506.02271	1510.40762	1513.20149	1514.13501	1521.05867	1524.75060	1533.01774	1537.12815	1543.64704	1544.71572	1551.96111	1560.65154	1564.74484	1569.41381	1574.70751	1529.02011
22.439774	1	16	1	0	1546.15238	1500.28967	1502.18206	1502.33162	1503.29054	1510.26406	1511.96775	1519.11732	1522.91050	1524.79597	1538.10202	1539.67173	1554.03960	1564.76116	1576.16033	1577.40520	1578.72580	1529.02201
22.459774	1	17	1	0	1546.15608	1503.03738	1504.89160	1505.39945	1510.60835	1511.62358	1514.23941	1518.01274	1519.80119	1522.12925	1524.16161	1524.85419	1534.78620	1542.02128	1542.72226	1557.49209	1564.49782	1578.99294	1529.02201
22.479774	1	23	1	0	1546.15821	1501.54493	1501.59480	1502.84472	1504.25437	1510.07900	1510.69575	1516.00720	1516.84354	1520.09423	1521.44403	1522.02602	1524.24699	1527.41361	1528.61513	1533.90624	1537.96161	1549.81064	1551.53919	1557.62780	1564.71537	1574.29490	1575.26580	1578.87112	1529.02201
22.499774	1	23	1	0	1546.16055	1501.87003	1502.28757	1501.97183	1502.20390	1504.66017	1510.89637	1518.91132	1519.75762	1520.22801	1524.77649	1529.33991	1535.73447	1536.26969	1537.62262	1544.72464	1550.31291	1553.96047	1558.05304	1566.28604	1568.48811	1571.28215	1575.13023	1578.75721	1529.02220
22.519774	1	32	1	0	1546.15821	1500.06624	1500.66202	1501.46629	1503.95877	1504.32908	1504.61084	1504.95974	1505.34915	1506.08449	1512.55758	1513.62591	1514.16633	1518.84323	1519.34646	1521.76802	1530.05111	1532.70996	1533.29850	1535.19292	1541.45384	1543.78210	1552.52612	1555.02205	1557.89259	1559.49051	1560.22587	1561.74965	1563.00244	1564.03524	1566.91523	1568.73219	1573.06177	1529.02201
22.539773	1	17	1	0	1546.15899	1501.01953	1502.28262	1502.84876	1503.75190	1509.71753	1514.81534	1516.85009	1518.73519	1519.36091	1521.37872	1524.74965	1529.54285	1534.11365	1540.71000	1552.87976	1575.31281	1577.02049	1529.02410
22.559773	1	18	1	0	1546.16210	1500.80907	1503.29808	1503.87693	1504.48145	1511.56153	1519.64833	1524.80145	1526.37271	1528.81009	1530.08956	1534.64525	1536.00856	1538.95040	1545.19431	1556.41552	1561.23578	1565.46783	1578.31493	1529.02201
22.579773	1	31	1	0	1546.16268	1503.68516	1504.27976	1505.63553	1506.03562	1512.09360	1514.46913	1516.89854	1518.85073	1520.65338	1521.26939	1530.94761	1533.55106	1534.05490	1537.24324	1538.91074	1539.90094	1542.93380	1543.71602	1544.25410	1545.04212	1548.35119	1551.38164	1553.08546	1553.98639	1558.53974	1562.29383	1564.50498	1570.77302	1572.60538	1575.98441	1578.88956	1529.02410
22.599773	1	23	1	0	1546.15608	1502.18188	1502.08208	1503.35761	1504.43617	1510.66698	1511.33622	1513.57375	1514.42643	1515.81045	1518.07120	1519.91464	1524.70239	1531.14278	1533.53519	1544.59815	1546.07308	1548.71794	1556.78984	1558.76176	1567.40208	1568.68837	1569.37977	1576.30094	1529.02410
22.619772	1	21	1	0	1546.16482	1500.07447	1501.59663	1502.51240	1517.36604	1519.00456	1523.31945	1524.75873	1525.67193	1527.13974	1529.94776	1530.95790	1546.16055	1547.20876	1556.12958	1557.37967	1558.85976	1561.43221	1563.22833	1570.42061	1576.45773	1579.80628	1529.02410
22.639772	1	23	1	0	1546.16268	1503.05942	1503.62155	1504.68116	1505.91815	1510.30301	1512.15327	1512.68632	1515.46790	1519.84984	1521.78572	1522.52308	1524.81260	1525.41799	1534.06141	1539.56957	1550.95808	1552.77232	1557.48026	1560.24487	1570.25159	1571.51043	1576.47652	1579.96295	1529.02410
22.659772	1	29	1	0	1546.15335	1500.70468	1501.16188	1502.20500	1503.75300	1506.08320	1511.09017	1514.94111	1516.81436	1520.75341	1522.26339	1523.15475	1524.02109	1524.68576	1526.24751	1527.53313	1537.97238	1541.68687	1542.64698	1544.96274	1548.15648	1550.54433	1556.29774	1567.76752	1569.12988	1570.14514	1572.02325	1574.34326	1576.13912	1578.77079	1529.02410
22.679772	1	22	1	0	1546.16055	1502.28262	1502.72664	1503.32968	1504.02020	1504.38318	1505.72014	1506.20604	1514.45048	1515.72751	1520.23215	1521.63829	1529.36426	1531.13516	1540.54461	1542.23862	1546.49514	1547.67722	1553.57102	1554.23010	1560.45868	1563.98532	1576.10014	1529.02410
22.699772	1	20	1	0	1546.15394	1501.56601	1502.18959	1502.02741	1505.79554	1510.57662	1514.76161	1519.02182	1520.16243	1520.91571	1523.10589	1529.17144	1535.63303	1547.76876	1554.51240	1556.02976	1557.79886	1566.31277	1567.74194	1570.03229	1577.59722	1529.02410
22.719772	1	20	1	0	1546.14733	1501.41332	1501.75395	1502.06868	1502.71618	1503.50593	1506.19664	1510.70447	1511.37039	1513.00658	1513.74980	1515.76188	1524.76080	1527.40223	1536.01700	1537.42445	1538.88378	1542.84728	1547.80986	1556.69191	1566.73039	1529.02410
22.739771	1	19	1	0	1546.16268	1500.21153	1500.96457	1502.17014	1515.25411	1518.73351	1524.03393	1525.61194	1526.83109	1528.10460	1533.61130	1536.24608	1537.56188	1538.94309	1546.94838	1561.27601	1566.92880	1568.06955	1569.70947	1577.39185	1529.02011
22.759771	1	18	1	0	1546.15685	1500.15864	1502.01402	1502.16317	1502.12336	1501.85756	1502.32868	1502.93507	1506.05627	1512.27320	1512.78512	1514.09456	1520.53757	1523.92572	1540.61987	1541.47026	1551.77156	1569.38117	1574.74078	1529.02201
22.779771	1	21	1	0	1546.15102	1500.31328	1501.83409	1502.83021	1505.28171	1512.56000	1513.50763	1516.12700	1516.96384	1520.30018	1524.28874	1524.83567	1529.62028	1534.68201	1536.06246	1541.00556	1542.91270	1546.83417	1550.55313	1569.63354	1573.11187	1576.20477	1529.02030
22.799771	1	24	1	0	1546.15821	1501.37904	1502.74482	1502.95050	1503.81110	1510.16800	1511.09723	1513.46256	1517.66001	1521.66484	1522.73138	1523.47286	1524.76269	1531.63055	1536.08836	1540.09667	1541.78698	1544.75084	1548.40226	1551.89277	1565.71416	1569.45607	1571.56043	1577.18997	1579.03288	1529.02201
22.819771	1	21	1	0	1546.16055	1502.30537	1502.31749	1502.73931	1513.07154	1513.96484	1522.74306	1524.14990	1526.28425	1527.47337	1530.95924	1536.63400	1542.09804	1552.51946	1553.22414	1555.04682	1556.42379	1564.71836	1566.42428	1571.84765	1573.35820	1578.74384	1529.02011
22.839770	1	21	1	0	1546.14947	1501.12231	1503.68626	1504.04613	1511.69251	1518.57880	1522.22552	1524.28723	1524.82187	1526.13179	1526.92929	1531.77057	1534.03941	1535.06569	1537.21269	1549.83310	1559.41517	1562.17040	1569.36415	1571.50340	1577.21606	1578.88247	1529.02410
22.859770	1	27	1	0	1546.16055	1501.41039	1502.10097	1505.05403	1510.77814	1514.69314	1517.17006	1521.63867	1524.78576	1527.86730	1530.13906	1530.91197	1534.27422	1536.59503	1538.21860	1539.01338	1543.15682	1545.54616	1546.21517	1548.24574	1554.44815	1557.78524	1560.43630	1566.82440	1569.64195	1570.61635	1575.64703	1578.62712	1529.02391
22.879770	1	20	1	0	1546.15394	1501.42816	1501.78017	1514.29795	1514.74034	1521.70400	1528.33855	1534.37222	1540.71039	1542.99381	1544.98681	1546.29390	1547.91272	1549.88974	1552.04278	1556.52327	1558.30692	1560.59629	1567.97699	1569.26502	1579.93900	1529.02220
22.899770	1	25	1	0	1546.15238	1500.28418	1500.88361	1502.37584	1502.73124	1503.68939	1504.97999	1505.84809	1511.33789	1512.30779	1515.55175	1517.68417	1520.62348	1523.22983	1524.05867	1524.76440	1533.15381	1542.13690	1545.15587	1546.17862	1550.41532	1556.17604	1557.45698	1559.32383	1564.40429	1567.40208	1529.02201
22.919770	1	15	1	0	1546.15335	1504.33441	1510.50928	1518.19151	1520.92794	1521.61551	1527.97436	1541.36845	1542.16436	1543.93268	1545.50460	1548.13036	1555.04506	1562.31526	1573.65916	1576.50178	1529.01821
22.939769	1	25	1	0	1546.15180	1500.42969	1501.82107	1502.91524	1504.92291	1505.59940	1512.56000	1516.77283	1517.93105	1519.07041	1520.76958	1522.17390	1526.26455	1527.67885	1529.15946	1537.40216	1541.05847	1545.29391	1549.26517	1550.76663	1552.15365	1555.32745	1560.87378	1565.09370	1573.20444	1575.77825	1529.02391
22.959769	1	22	1	0	1546.15899	1500.04154	1502.38006	1502.58895	1505.78264	1509.92345	1510.80282	1519.87594	1524.18427	1524.80239	1525.53870	1526.64953	1529.55218	1539.11545	1540.26891	1545.89060	1552.93780	1558.37997	1565.59338	1569.34572	1571.22212	1574.64884	1576.30134	1529.02201
22.979769	1	23	1	0	1546.15335	1500.85192	1501.93148	1501.67052	1504.44906	1505.51628	1511.59869	1518.28991	1518.80946	1520.26127	1521.39811	1522.71799	1533.56120	1535.81770	1542.38581	1549.64114	1550.61373	1555.70991	1556.63871	1561.38959	1567.38750	1573.51702	1575.09633	1578.01299	1529.02201
22.999769	1	24	1	0	1546.15394	1501.64265	1502.51570	1504.51734	1513.63597	1516.74552	1517.89321	1521.75729	1522.35648	1529.75841	1530.79936	1538.60289	1540.24962	1541.43838	1543.35493	1547.54206	1548.76786	1549.30147	1551.96327	1554.31397	1557.11033	1561.28791	1567.08892	1576.93132	1579.94570	1529.02410
23.019768	1	26	1	0	1546.15394	1500.31511	1501.88012	1512.79368	1513.48938	1515.78803	1516.39936	1518.38175	1522.96859	1523.80809	1524.76137	1530.20797	1532.40631	1534.17259	1543.37410	1547.35651	1551.91274	1555.29283	1556.74117	1557.63017	1560.84307	1561.62670	1563.97339	1572.36894	1574.67707	1577.50960	1579.21151	1529.02391
23.039768	1	17	1	0	1546.15608	1503.78959	1510.67014	1521.01239	1522.13076	1524.80239	1530.94685	1533.30137	1535.51647	1539.23392	1540.15973	1543.67979	1549.56929	1554.36603	1556.74354	1567.30261	1573.12374	1577.76824	1529.02410
23.059768	1	26	1	0	1546.15763	1500.50291	1501.51212	1502.32152	1502.78393	1504.62336	1509.93291	1510.53043	1513.42047	1515.98497	1521.35934	1523.25153	1524.81430	1527.10409	1529.23723	1530.05168	1533.81174	1534.58722	1536.64706	1538.27420	1539.75808	1548.97034	1559.14414	1560.68977	1562.05869	1565.47022	1574.39526	1529.02410
23.079768	1	26	1	0	1546.15821	1502.24904	1501.62083	1502.41952	1504.19697	1504.45513	1510.31544	1511.06808	1514.52228	1514.94782	1517.41060	1520.27405	1521.41448	1522.85808	1523.28134	1524.77725	1527.92482	1533.37172	1535.47812	1537.75451	1548.13426	1550.24119	1553.40482	1556.24418	1567.73714	1575.09533	1578.40608	1529.02410
23.099768	1	28	1	0	1546.15180	1500.18828	1501.28942	1501.76569	1503.84935	1504.95108	1506.14111	1509.95979	1510.88504	1515.44007	1517.34189	1518.91657	1528.71678	1534.28915	1536.01048	1538.58711	1539.90692	1542.60113	1547.41141	1552.95780	1558.67148	1560.64441	1562.01822	1563.78228	1566.74496	1570.40377	1572.93080	1573.55608	1578.65224	1529.02220
23.119768	1	16	1	0	1546.15102	1503.59544	1505.57950	1511.96682	1517.84750	1519.94901	1520.59040	1524.71903	1527.26889	1529.30778	1542.91135	1549.58471	1553.55316	1560.00620	1570.93132	1575.41896	1578.69317	1529.02220
23.139767	1	18	1	0	1546.16055	1502.27308	1501.78952	1503.01607	1503.97348	1509.63210	1515.43092	1518.69994	1521.52535	1524.81355	1531.95717	1535.69765	1544.44880	1545.79539	1547.08440	1552.25787	1558.93030	1572.45458	1573.03562	1529.02201
23.159767	1	23	1	0	1546.15180	1501.88361	1503.40448	1504.76916	1511.60760	1516.61833	1519.35153	1519.91313	1520.91308	1523.50230	1524.05678	1527.19170	1529.03988	1530.96419	1532.59861	1533.90031	1538.03201	1541.96908	1554.97860	1558.85976	1564.69786	1566.13944	1574.57989	1576.77868	1529.02410
23.179767	1	17	1	0	1546.16210	1501.96504	1502.44320	1502.56398	1502.90844	1525.30220	1525.30220	1527.38326	1533.36751	1534.22407	1540.44003	1541.30220	1541.88672	1548.90031	1555.69240	1559.44384	1562.94206	1570.59208	1529.02239
23.199767	1	27	1	0	1546.15608	1500.39729	1501.44723	1501.55648	1502.58014	1504.69460	1506.02787	1510.23235	1513.03860	1517.85350	1524.72829	1525.34761	1526.12005	1528.12207	1532.54265	1537.26495	1542.80489	1544.61464	1548.65904	1550.39128	1554.18925	1556.32118	1559.13742	1566.82679	1570.40537	1575.34833	1575.93857	1579.89780	1529.02011
23.219767	1	22	1	0	1546.15608	1500.31877	1502.13675	1501.87003	1502.27124	1505.44091	1514.07443	1516.47714	1517.75740	1527.10788	1531.65706	1535.10612	1540.08818	1542.91348	1545.93529	1547.06260	1547.84083	1549.87802	1554.25544	1561.36124	1571.86453	1577.40561	1578.09155	1529.02410
23.239766	1	19	1	0	1546.15821	1500.99663	1501.99054	1504.38428	1513.93949	1514.34494	1515.32767	1516.18924	1519.45984	1523.60365	1524.81638	1528.56763	1545.56792	1556.71792	1559.01429	1561.38107	1562.53876	1570.96583	1572.36652	1578.76167	1529.02201
23.259766	1	19	1	0	1546.15608	1501.40030	1502.23363	1501.68042	1504.08108	1510.50946	1514.31939	1520.87979	1522.07199	1529.55883	1531.70914	1532.90539	1535.58989	1536.77301	1538.84604	1556.84837	1558.44099	1561.37076	1567.61505	1572.65565	1529.02011
23.279766	1	22	1	0	1546.14733	1500.30211	1501.51762	1501.81538	1502.19876	1501.65988	1501.93148	1504.74338	1505.85362	1509.92994	1515.08350	1517.52256	1524.39511	1528.60525	1530.55780	1542.40109	1543.85419	1544.97633	1548.63954	1555.03129	1561.04416	1563.33106	1566.95176	1529.02410
23.299766	1	23	1	0	1546.16055	1500.43829	1502.22225	1503.58350	1504.96103	1511.10874	1514.48107	1517.01773	1521.23759	1523.02667	1523.65631	1524.78103	1533.27365	1535.30504	1541.32460	1543.95884	1545.39468	1551.01539	1557.02675	1559.15362	1565.71416	1566.37581	1569.91825	1573.98382	1529.02220
23.319766	1	27	1	0	1546.15394	1500.94222	1501.69546	1503.51016	1504.37048	1511.53441	1512.39613	1513.78334	1514.94204	1520.55693	1521.78572	1523.28247	1524.89806	1527.48475	1532.98564	1535.78414	1546.98768	1551.84636	1555.44056	1558.73825	1560.92825	1565.71894	1570.52449	1572.63212	1573.28292	1573.99308	1574.61114	1576.66710	1529.02391
23.339765	1	28	1	0	1546.15821	1502.06832	1502.37217	1506.08191	1510.08011	1512.30165	1515.05270	1517.30239	1517.68286	1518.22787	1518.64105	1520.27405	1520.96047	1521.44761	1523.24889	1524.80788	1533.32603	1535.73773	1540.41745	1547.25237	1548.28043	1549.76767	1555.79454	1557.31164	1559.65644	1564.08079	1571.64719	1572.75942	1577.24397	1529.02410
23.359765	1	18	1	0	1546.15899	1500.55436	1512.79851	1513.62423	1519.10700	1522.32199	1525.66133	1533.48777	1551.65605	1556.22330	1563.00006	1564.79998	1566.76611	1567.39729	1572.06223	1572.91652	1574.41763	1576.99259	1578.66197	1529.02201
23.379765	1	20	1	0	1546.15394	1500.94405	1501.43476	1501.57463	1505.16878	1513.67807	1517.30033	1518.27097	1520.20941	1524.74492	1529.27716	1531.37423	1536.29790	1538.91709	1549.55855	1550.28653	1554.66764	1555.27435	1563.93520	1569.74152	1573.72561	1529.02600
23.399765	1	21	1	0	1546.15607	1500.37734	1501.18699	1502.36208	1503.02121	1503.08440	1505.66391	1519.44181	1522.67180	1524.77649	1525.73571	1528.61304	1536.04289	1537.47404	1545.46304	1548.26737	1550.01612	1550.70327	1557.40077	1564.41244	1565.05706	1574.07567	1529.02201
23.419765	1	28	1	0	1546.15607	1501.50277	1502.54764	1502.42980	1502.36189	1502.75859	1504.67619	1512.54828	1514.87001	1515.36688	1522.74910	1524.33087	1524.81638	1526.03881	1526.97649	1529.81663	1536.24819	1536.85079	1541.18534	1542.16010	1546.00078	1549.21423	1551.85967	1553.92651	1554.86418	1559.83367	1564.19816	1568.34950	1577.35240	1529.02030
23.439764	1	35	1	0	1546.15238	1500.37130	1501.01403	1501.34147	1502.31565	1502.21986	1501.62743	1504.22898	1504.57181	1506.12119	1510.14890	1511.55614	1513.33126	1513.91396	1517.64503	1518.82841	1519.78729	1520.26954	1522.50686	1525.69635	1526.80835	1531.57008	1540.22859	1544.39081	1545.34225	1546.20467	1547.36002	1549.83524	1559.31849	1560.46937	1562.06107	1565.99027	1567.27105	1568.89428	1575.10582	1577.10907	1529.02220
23.459764	1	18	1	0	1546.15394	1502.56068	1505.77913	1516.79546	1519.49907	1521.34165	1524.94873	1526.41818	1531.81540	1532.41624	1533.23886	1537.37064	1544.89307	1547.37228	1548.77449	1549.39984	1555.45983	1559.97118	1575.85962	1529.02201
23.479764	1	24	1	0	1546.14947	1500.31364	1500.68728	1501.53815	1502.47807	1502.31822	1505.30787	1516.07597	1523.43794	1524.82092	1528.34444	1535.52950	1536.08184	1537.69625	1540.28472	1541.75876	1542.53999	1550.19273	1551.84029	1555.69830	1557.87996	1561.26313	1562.51018	1573.01147	1579.37679	1529.02410
23.499764	1	22	1	0	1546.15394	1501.87828	1501.69325	1512.72967	1516.07280	1517.04374	1518.58236	1519.62261	1522.41207	1523.09552	1524.81808	1535.44132	1541.02545	1547.01006	1547.85603	1549.79599	1550.85267	1558.41512	1563.07395	1563.88668	1575.33642	1576.62344	1577.80750	1529.02201
23.519763	1	19	1	0	1546.15180	1502.48762	1502.41842	1503.59655	1510.46364	1512.45062	1512.97605	1514.85527	1519.12069	1523.74806	1524.72904	1531.69120	1533.95503	1562.93014	1566.98949	1571.95674	1573.60701	1574.41057	1575.29546	1577.54420	1529.02410
23.539763	1	22	1	0	1546.14733	1500.67465	1502.33051	1502.87116	1502.51240	1505.55333	1514.06418	1518.94940	1520.10024	1520.57103	1524.16954	1527.44244	1527.94228	1541.16815	1543.72106	1545.69029	1548.82657	1549.46504	1552.67253	1561.07011	1562.37262	1562.92875	1578.70472	1529.02220
23.559763	1	24	1	0	1546.15024	1502.21362	1502.40943	1520.62555	1524.78197	1529.11345	1531.36813	1534.86952	1537.37909	1538.55073	1544.42572	1545.34594	1546.87600	1548.43930	1548.92254	1549.45391	1551.29985	1553.08173	1556.74353	1560.59233	1563.73555	1565.56866	1568.06755	1573.45622	1576.61819	1529.02410
23.579763	1	27	1	0	1546.16210	1500.91328	1501.76605	1502.31455	1502.30133	1502.71269	1504.42458	1513.17356	1515.13614	1517.08322	1518.17970	1519.70523	1520.40354	1522.41847	1523.53117	1537.78912	1539.68367	1543.87124	1550.83976	1552.87289	1555.28142	1560.86902	1563.10713	1563.77989	1570.99232	1572.44030	1573.04266	1574.31968	1529.02410
23.599763	1	29	1	0	1546.15821	1501.02777	1501.91992	1502.48909	1503.32233	1504.04521	1504.44335	1505.12844	1511.69158	1512.24457	1513.15941	1513.74439	1521.41806	1523.52570	1524.27740	1527.76443	1535.73562	1538.24669	1541.91282	1543.29605	1546.23927	1550.03370	1552.27119	1556.09039	1557.69626	1562.48655	1564.26043	1565.79409	1572.57119	1579.14013	1529.02011
23.619762	1	22	1	0	1546.16482	1502.46706	1502.70130	1502.80376	1509.61005	1511.07662	1512.26149	1513.16965	1516.67163	1517.73343	1524.71354	1532.04056	1536.90053	1538.06413	1538.93230	1546.51459	1551.57442	1552.45381	1553.95242	1568.57073	1569.47690	1571.87879	1579.30296	1529.02030
23.639762	1	21	1	0	1546.16054	1501.24636	1510.80245	1511.94990	1515.51421	1517.74148	1518.56848	1519.22127	1523.21983	1526.59836	1537.90334	1550.87711	1552.13151	1553.28808	1555.34830	1557.16533	1558.66674	1567.68459	1569.52937	1572.85054	1575.82105	1578.31412	1529.02410
23.659762	1	29	1	0	1546.15607	1500.39637	1500.83690	1501.94101	1501.61991	1501.70737	1504.90099	1505.65101	1509.79277	1510.56530	1513.48267	1515.55697	1516.88825	1521.78364	1527.78379	1535.09596	1536.58331	1538.19474	1539.27919	1541.02120	1548.01286	1552.26825	1555.31132	1559.39204	1560.17619	1561.11985	1564.15498	1566.14781	1567.55011	1569.30707	1529.02201
23.679762	1	20	1	0	1546.15821	1500.84258	1501.25442	1502.41255	1503.49692	1504.66127	1505.26716	1506.05756	1518.44662	1519.61735	1529.50005	1533.39638	1534.63471	1543.46746	1545.93529	1548.95024	1553.64560	1555.10699	1560.74364	1571.23417	1575.81277	1529.02201
23.699762	1	23	1	0	1546.15394	1501.76880	1501.55721	1501.86343	1503.17607	1504.51034	1505.55627	1511.55317	1512.13319	1513.40072	1522.44335	1524.77838	1525.77281	1529.45802	1536.79874	1539.70835	1542.88947	1546.34211	1549.39769	1550.77092	1554.54639	1562.58859	1576.36902	1578.39007	1529.02410
23.719761	1	30	1	0	1546.15821	1500.22580	1501.52898	1501.75596	1509.68936	1512.07891	1512.92227	1514.50475	1515.65036	1517.25297	1522.81848	1523.72219	1524.73207	1530.45590	1531.07626	1534.09738	1541.95516	1543.39908	1544.51668	1545.41449	1547.74928	1553.27239	1554.17786	1554.80030	1557.85805	1558.73509	1560.36206	1564.35235	1569.52637	1570.27324	1573.06418	1529.02201
23.739761	1	19	1	0	1546.15238	1501.21722	1501.87333	1502.39823	1506.31765	1510.11089	1514.03957	1515.01500	1516.27167	1524.86251	1531.35974	1539.53084	1541.09033	1543.62960	1559.27163	1561.76889	1569.96174	1572.58868	1574.58695	1575.72899	1529.02220
23.759761	1	20	1	0	1546.15394	1501.38069	1502.33675	1504.09359	1510.02337	1511.91682	1512.76837	1520.66917	1522.81867	1524.59126	1526.98938	1536.99599	1541.47297	1542.81786	1545.35973	1547.64683	1554.23403	1556.88089	1573.52890	1575.57658	1577.04314	1529.02410
23.779761	1	20	1	0	1546.15763	1501.74991	1503.02011	1504.13626	1509.65489	1512.24494	1516.08457	1517.02877	1518.89256	1523.06062	1529.08151	1537.77393	1543.67978	1546.40336	1549.63040	1552.72134	1558.13062	1572.50705	1575.87274	1577.54886	1579.96295	1529.02201
23.799761	1	23	1	0	1546.15452	1501.52605	1502.23179	1502.94150	1504.61102	1505.69433	1520.08728	1523.85001	1524.75986	1525.65244	1526.57562	1533.69200	1537.49998	1538.40851	1543.48353	1546.50798	1547.38085	1552.22456	1558.84079	1572.87910	1574.95978	1575.51785	1576.43227	1578.72337	1529.02391
23.819761	1	20	1	0	1546.15394	1500.66458	1502.52451	1502.97695	1503.37875	1512.06441	1514.39249	1519.42004	1525.89340	1528.72970	1537.15716	1542.37497	1547.03205	1547.73974	1548.63330	1549.61283	1553.62283	1558.02955	1559.06152	1570.71504	1574.56397	1529.02201
23.839760	1	22	1	0	1546.15549	1500.48680	1501.45896	1502.45990	1502.90293	1503.60224	1504.56059	1511.13789	1513.83737	1519.98790	1524.76628	1530.29746	1532.47868	1543.79527	1544.45539	1556.38538	1559.09729	1563.49800	1564.08556	1573.94594	1576.23750	1578.38541	1579.16690	1529.02011
23.859760	1	17	1	0	1546.16054	1502.46339	1516.53979	1518.16377	1519.29428	1520.24192	1538.79097	1540.72969	1542.65279	1547.41570	1559.07436	1565.60314	1569.09805	1570.47074	1572.32149	1576.86824	1577.71500	1579.85620	1529.02011
23.879760	1	28	1	0	1546.15180	1502.46486	1502.76924	1502.45586	1503.97808	1512.61338	1514.58178	1515.87715	1517.53642	1518.59192	1521.02010	1522.39586	1524.81449	1529.56416	1530.96114	1532.74930	1533.86549	1538.93442	1542.98297	1545.15373	1550.02491	1553.48605	1559.18209	1568.86206	1570.72707	1572.64499	1575.17158	1577.77593	1579.58004	1529.02220
23.899760	1	23	1	0	1546.15549	1500.93325	1501.81721	1503.55905	1505.99929	1511.61132	1514.72094	1515.88724	1517.12102	1518.31240	1519.52385	1520.03730	1524.73680	1530.99182	1532.70709	1540.09030	1547.60107	1548.30129	1552.88446	1553.38186	1557.98021	1561.69036	1565.17576	1576.01148	1529.02410
23.919760	1	17	1	0	1546.15607	1500.10795	1501.20861	1502.23876	1501.99751	1502.31858	1512.16666	1517.87504	1521.87215	1523.25700	1524.71052	1529.67830	1533.52391	1536.20310	1540.66947	1558.57272	1565.60314	1578.75478	1529.02220
23.939759	1	18	1	0	1546.15607	1501.83115	1501.84747	1502.19050	1503.17038	1505.61028	1512.45564	1512.88691	1514.61703	1516.36346	1527.17141	1531.74347	1532.55640	1533.34629	1536.99138	1548.18902	1566.07502	1568.29850	1577.47945	1529.02201
23.959759	1	15	1	0	1546.15394	1500.20365	1500.65561	1501.99329	1504.59998	1519.22597	1524.79691	1533.95139	1535.12988	1535.78414	1541.96695	1544.64354	1556.71082	1569.84591	1573.88169	1576.81588	1529.02410
23.979759	1	21	1	0	1546.16268	1501.80823	1501.70682	1502.40025	1502.66569	1504.12835	1505.78042	1509.56836	1511.91440	1512.57934	1513.26889	1514.74892	1516.38665	1518.90288	1520.10644	1524.62509	1530.17256	1532.39504	1538.62849	1542.24094	1567.87704	1572.09941	1529.02220
23.999759	1	21	1	0	1546.15549	1504.36864	1512.58399	1513.05069	1519.05483	1520.96762	1522.46936	1523.14456	1524.79766	1529.64025	1532.64177	1535.24907	1543.15237	1545.39759	1550.51344	1551.94349	1555.65776	1556.29557	1561.95811	1572.50464	1576.12983	1578.06381	1529.02011
24.019758	1	23	1	0	1546.15180	1501.62431	1502.52910	1502.37089	1502.54030	1520.17540	1521.57203	1523.06647	1523.93309	1526.78882	1528.84429	1531.84879	1535.25750	1536.20502	1544.38538	1546.57352	1548.49584	1553.65227	1560.24962	1560.86426	1567.47999	1570.03228	1573.96951	1576.02662	1529.02011
24.039758	1	25	1	0	1546.14733	1500.09460	1501.00304	1502.15601	1504.52893	1512.17316	1513.00825	1518.01742	1521.37345	1522.10589	1524.85911	1526.71604	1529.40895	1529.99895	1535.02910	1541.03626	1542.21367	1545.93529	1548.00857	1550.88650	1551.53352	1555.69240	1557.38362	1559.21272	1578.26429	1579.36563	1529.02030
24.059758	1	22	1	0	1546.16054	1504.15135	1505.31672	1505.84495	1511.13362	1518.13322	1523.03573	1524.81525	1531.88542	1535.64377	1540.00622	1542.49452	1544.02649	1545.54810	1546.74371	1547.86479	1553.77927	1558.69815	1559.27618	1560.35038	1570.53893	1574.72424	1578.74809	1529.02600
24.079758	1	26	1	0	1546.15607	1501.15675	1502.32666	1502.36813	1503.41697	1505.25739	1509.67861	1514.26346	1517.86211	1522.50686	1523.19889	1524.78764	1534.32284	1539.11969	1540.77910	1542.53766	1548.59157	1551.06742	1556.72698	1557.42404	1562.32479	1564.73767	1566.44324	1567.09132	1575.59555	1576.11428	1579.22408	1529.02220
24.099758	1	23	1	0	1546.16054	1500.18865	1500.64792	1501.83537	1502.13932	1503.76807	1504.05294	1505.94784	1510.94871	1512.15996	1518.64292	1520.88317	1524.21166	1530.34145	1535.54235	1536.83350	1538.45816	1540.23341	1546.39461	1551.11124	1552.62157	1562.99072	1569.81185	1578.76897	1529.02201
24.119757	1	24	1	0	1546.15607	1501.47949	1502.72462	1509.90436	1512.83368	1513.25455	1514.44004	1520.12391	1520.62724	1522.80604	1524.84228	1526.29675	1529.68839	1532.06136	1536.47927	1541.28056	1544.49903	1545.33332	1550.47669	1556.16679	1559.44384	1562.51256	1576.23750	1576.82983	1579.11499	1529.02220
24.139757	1	22	1	0	1546.15821	1500.92702	1502.07253	1503.78095	1506.02142	1510.24273	1510.96486	1512.37158	1516.22176	1519.78898	1523.90552	1524.78197	1534.73602	1539.55666	1542.87089	1549.10964	1553.23649	1568.24491	1569.02798	1569.93268	1572.43327	1575.96341	1578.04295	1529.02201
24.159757	1	21	1	0	1546.15335	1502.71728	1503.77984	1506.30234	1509.92178	1513.90781	1517.77482	1523.48380	1524.71903	1526.20565	1527.70314	1536.46737	1537.75028	1542.22740	1543.71020	1549.48690	1551.51022	1557.26964	1559.75098	1561.33290	1564.52429	1572.54988	1529.02600
24.179757	1	19	1	0	1546.16113	1500.82115	1501.77852	1513.23686	1514.68568	1517.12196	1520.75811	1538.09336	1540.40896	1544.08988	1545.01572	1547.44841	1549.10886	1550.72517	1555.38292	1559.76048	1565.94182	1574.94566	1577.97634	1579.67154	1529.02410
24.199757	1	23	1	0	1546.14888	1500.33103	1500.64883	1501.70847	1503.66953	1512.05585	1513.02519	1514.56667	1515.74133	1517.50533	1522.58754	1523.61799	1524.80523	1529.68477	1530.26604	1534.52480	1536.47063	1544.68545	1545.57879	1558.89019	1570.27324	1572.94991	1574.12282	1579.92824	1529.02030
24.219756	1	22	1	0	1546.15180	1500.85009	1501.11956	1501.99824	1502.19142	1501.83592	1502.29638	1505.22902	1509.67268	1513.33629	1514.44507	1517.01249	1518.04890	1526.32611	1530.07814	1543.35279	1547.87317	1549.74150	1554.85514	1557.83161	1561.37551	1565.62726	1572.43588	1529.02220
24.239756	1	22	1	0	1546.16482	1502.02649	1503.27272	1505.83333	1512.44002	1514.22580	1515.86351	1524.32350	1527.59763	1530.67380	1532.63336	1537.96084	1539.30713	1540.26948	1541.71760	1550.14271	1552.52828	1572.77833	1573.96246	1575.81742	1576.52522	1578.79167	1579.72288	1529.02220
24.259756	1	19	1	0	1546.15821	1502.23766	1502.39254	1503.85836	1504.91020	1511.89303	1524.25568	1524.87083	1525.72455	1531.72287	1538.52956	1542.75264	1546.15821	1548.99160	1552.45518	1555.75242	1561.64772	1564.47632	1566.96513	1576.80658	1529.02391
24.279756	1	17	1	0	1546.15763	1500.43372	1501.88636	1504.66624	1513.63094	1518.13660	1521.81603	1523.01366	1524.78576	1525.43482	1527.72458	1531.13306	1542.70581	1544.89074	1545.44770	1547.09958	1554.27763	1566.98210	1529.02220
24.299756	1	10	1	0	1546.16054	1501.64576	1502.19527	1503.50060	1505.61360	1522.67708	1528.02087	1540.21297	1550.96903	1568.56352	1571.55360	1529.02201
24.319756	1	23	1	0	1546.15685	1502.13014	1503.91812	1505.92460	1511.14327	1511.69585	1516.38496	1517.62050	1519.54582	1520.42910	1524.02467	1524.68387	1525.86159	1533.97224	1535.51052	1536.37850	1538.03508	1538.82023	1539.51214	1554.44127	1570.71524	1572.00074	1572.82982	1576.11711	1529.02201
24.339755	1	14	1	0	1546.15180	1502.76538	1511.51824	1513.85414	1515.59358	1519.95596	1522.97594	1523.79336	1529.79856	1555.41361	1560.20469	1567.42166	1569.12507	1575.41411	1579.43033	1529.02410
24.359755	1	22	1	0	1546.15394	1500.79789	1501.68133	1504.04760	1510.31488	1510.71708	1513.25790	1524.82451	1525.39604	1532.73039	1533.89763	1536.46084	1538.26381	1541.23305	1544.26651	1546.53015	1552.29784	1557.13379	1559.11152	1562.59137	1566.16596	1568.21091	1571.96980	1529.02201
24.379755	1	23	1	0	1546.15763	1502.08428	1501.69710	1501.94046	1515.40982	1515.96273	1517.88291	1524.21355	1524.74757	1529.30112	1530.13087	1540.55098	1543.11965	1548.40557	1554.70419	1557.46349	1559.59868	1561.92002	1562.72658	1565.72133	1571.45521	1574.95978	1575.46598	1578.86889	1529.02220
24.399755	1	19	1	0	1546.16054	1500.12515	1501.49617	1502.02943	1502.63392	1503.45906	1504.48476	1504.94629	1506.25917	1512.26855	1524.83944	1537.11893	1538.82755	1539.59540	1557.65128	1559.28804	1562.56973	1566.51885	1568.42250	1575.99956	1529.02410
24.419755	1	25	1	0	1546.14947	1500.44049	1501.31526	1501.72479	1510.60520	1511.13417	1513.06391	1514.50158	1518.97679	1521.80247	1526.32137	1533.49981	1539.67924	1540.37964	1544.00245	1547.15641	1556.51322	1557.43529	1558.63909	1560.80306	1561.63820	1564.47871	1571.18519	1574.99326	1578.00367	1579.77157	1529.02030
24.439754	1	19	1	0	1546.15607	1501.82932	1502.24243	1504.06342	1504.43378	1504.80506	1522.15242	1522.74872	1528.89009	1529.45003	1533.56062	1541.59392	1542.87225	1545.70136	1559.73535	1563.88727	1570.48578	1571.36606	1577.13698	1579.97006	1529.02030
24.459754	1	16	1	0	1546.15977	1501.64375	1505.22534	1505.89473	1512.58399	1517.76283	1526.39923	1532.32306	1534.12092	1536.82448	1541.98338	1542.74838	1548.41961	1552.26884	1566.23517	1567.21034	1577.85123	1529.02410
24.479754	1	23	1	0	1546.15763	1501.40855	1501.90158	1504.66404	1514.23773	1514.98122	1516.30756	1518.31765	1522.00794	1524.27589	1524.78576	1527.16269	1528.64268	1529.25776	1531.22418	1535.83727	1536.81392	1538.42794	1541.95960	1542.61815	1545.35818	1547.26093	1560.97560	1571.84403	1529.02410
24.499754	1	20	1	0	1546.15180	1500.48314	1502.29528	1502.40943	1504.84593	1511.56766	1514.28247	1520.24267	1524.78103	1526.48392	1530.59399	1531.73088	1535.14981	1544.02436	1546.70889	1552.07412	1552.68782	1557.76926	1559.29753	1569.63274	1579.03511	1529.02201
24.519753	1	24	1	0	1546.15238	1500.10741	1500.85815	1503.29955	1503.70556	1505.00209	1506.01754	1509.64989	1512.06087	1514.85023	1517.95185	1518.95409	1524.04394	1532.94551	1535.82863	1542.22141	1543.03678	1545.95822	1546.61125	1548.56388	1549.46035	1551.64157	1553.61616	1561.65486	1572.88312	1529.02410
24.539753	1	21	1	0	1546.15607	1500.95523	1501.56033	1502.53277	1502.93452	1511.61912	1513.97173	1518.94902	1522.35403	1524.80334	1528.11580	1536.84445	1539.13703	1541.14208	1543.07821	1544.88200	1547.30706	1551.16387	1553.25218	1563.98054	1572.71176	1579.07566	1529.02391
24.559753	1	23	1	0	1546.16054	1500.32206	1502.54838	1502.42741	1502.31950	1505.38913	1513.99782	1515.58088	1517.13899	1517.81903	1518.91282	1520.93414	1529.04197	1533.97282	1536.61326	1539.50790	1543.01510	1543.56625	1545.06832	1546.64995	1548.83106	1560.61609	1563.72502	1577.80285	1529.02220
24.579753	1	16	1	0	1546.15394	1502.48541	1513.71198	1517.31755	1519.44181	1524.80428	1526.35945	1530.85443	1539.16496	1545.58326	1547.41959	1552.93819	1554.49177	1557.04784	1562.08111	1562.88843	1571.95051	1529.02220
24.599753	1	18	1	0	1546.15024	1501.27586	1502.13454	1506.25456	1513.19590	1513.99111	1522.32953	1523.63083	1529.68439	1531.37633	1534.19709	1536.84214	1542.89954	1544.67012	1547.55939	1555.12960	1558.26051	1559.02673	1564.70821	1529.02011
24.619752	1	22	1	0	1546.16054	1500.67282	1503.07558	1504.16478	1504.82421	1509.98555	1513.98086	1515.20613	1524.79691	1528.91728	1530.62656	1535.64722	1538.58326	1547.72298	1549.54762	1551.78703	1555.68531	1558.79851	1563.44592	1567.96320	1574.52385	1575.95392	1576.99259	1529.02201
24.639752	1	16	1	0	1546.15394	1503.22311	1504.33699	1505.50320	1510.64731	1511.92964	1519.75950	1520.31934	1520.81359	1522.03469	1527.84491	1541.25893	1555.54777	1557.37021	1560.56164	1568.37870	1575.00919	1529.02030
24.659752	1	11	1	0	1546.15685	1500.53532	1502.31546	1504.17342	1509.95663	1523.09872	1530.32183	1531.74881	1540.83972	1547.84551	1550.69662	1556.40744	1529.02600
24.679752	1	25	1	0	1546.15180	1501.77247	1502.81184	1503.09947	1503.47137	1504.66367	1505.42654	1510.05582	1514.91143	1518.60561	1519.73865	1525.37541	1526.07706	1529.07961	1530.71095	1532.65647	1536.47063	1540.15703	1541.66097	1550.48979	1554.60357	1556.64285	1560.78384	1569.31668	1576.38519	1579.31412	1529.02201
24.699752	1	23	1	0	1546.15180	1501.39389	1502.88677	1503.56787	1503.90010	1505.97882	1511.09184	1515.56968	1516.69408	1522.52213	1523.91288	1524.84133	1529.77058	1530.51684	1531.68415	1535.67503	1537.42599	1540.44659	1542.88947	1547.07136	1550.38483	1569.51095	1570.99132	1575.12215	1529.02410
24.719752	1	25	1	0	1546.16054	1500.65909	1501.32589	1501.99072	1502.65210	1505.50559	1506.23371	1514.57003	1515.76879	1517.82764	1518.30021	1520.72915	1522.49254	1524.78935	1525.56501	1529.09558	1530.35706	1535.19082	1543.95671	1546.37478	1547.43750	1549.47597	1560.02737	1571.13080	1576.81345	1577.98990	1529.02410
24.739751	1	25	1	0	1546.16696	1501.70242	1502.10391	1501.85701	1502.31455	1502.40704	1503.57816	1511.25673	1515.29294	1517.41771	1520.52196	1524.08341	1526.83507	1535.80696	1545.51722	1546.88572	1555.92129	1558.46232	1564.91507	1565.67310	1568.95032	1570.24417	1573.68997	1574.51115	1577.35725	1579.49666	1529.02391
24.759751	1	19	1	0	1546.15821	1501.26560	1501.70517	1501.96082	1502.52782	1512.68669	1513.95310	1522.84375	1523.37737	1524.37130	1538.21648	1539.83577	1559.15362	1560.15977	1561.11985	1563.87952	1566.50429	1568.04036	1576.03127	1579.42364	1529.02011
24.779751	1	30	1	0	1546.15821	1500.15736	1500.82317	1501.59571	1502.19344	1502.32556	1502.35272	1502.95766	1503.69582	1518.46349	1521.33280	1522.82772	1524.14139	1526.12421	1526.59836	1527.19454	1529.06364	1530.37058	1532.86756	1536.56047	1538.54419	1540.31925	1542.89296	1545.70350	1556.11126	1558.46469	1561.18524	1568.99636	1569.66619	1570.64282	1579.19670	1529.02011
24.799751	1	18	1	0	1546.15607	1501.44961	1502.22481	1510.77239	1513.27317	1513.97341	1515.61431	1516.59290	1519.60533	1524.75059	1536.15321	1546.78962	1550.43936	1554.77278	1556.37238	1557.94883	1564.75380	1575.36709	1578.58477	1529.02220
24.819750	1	23	1	0	1546.15977	1501.80328	1501.62835	1502.47807	1505.49361	1509.91084	1513.45753	1517.05908	1519.26125	1524.78103	1529.49302	1530.75611	1532.64387	1538.08048	1540.29263	1542.61583	1544.15773	1555.82406	1557.95534	1559.49110	1564.68173	1569.35794	1577.37344	1578.10511	1529.02220
24.839750	1	15	1	0	1546.15180	1509.73235	1511.21439	1522.82753	1523.69463	1524.69559	1535.87620	1537.04747	1543.96757	1554.35699	1562.17595	1562.92537	1563.81807	1566.18411	1575.11509	1578.30055	1529.02391
24.859750	1	24	1	0	1546.16054	1500.45349	1501.55538	1501.81061	1502.03419	1501.92670	1506.16841	1509.89138	1512.92710	1514.99485	1519.86580	1520.52892	1524.78292	1528.98665	1535.29449	1541.30509	1543.82802	1544.58884	1553.13547	1560.73472	1566.08240	1567.71876	1577.38922	1578.81862	1579.83002	1529.02220
24.879750	1	26	1	0	1546.15821	1502.18078	1502.39218	1503.87454	1505.04224	1513.02519	1514.02858	1515.75796	1519.14321	1521.03948	1521.78929	1527.80714	1529.58946	1536.80758	1539.49499	1543.68192	1545.45216	1550.80358	1551.53802	1554.23462	1557.70099	1558.75149	1559.53836	1561.41575	1563.02787	1564.93199	1571.36164	1529.02030
24.899750	1	21	1	0	1546.15549	1500.01446	1501.60928	1502.10776	1510.92532	1513.76675	1515.18224	1517.98857	1518.88674	1521.04587	1524.80504	1526.94748	1532.23716	1534.83504	1546.46870	1555.14337	1563.03343	1568.69477	1572.91169	1574.31626	1575.77603	1578.93922	1529.02011
24.919749	1	26	1	0	1546.16482	1500.53532	1500.88746	1501.54585	1514.52713	1516.42890	1518.07457	1518.85110	1519.95991	1520.83578	1521.42333	1522.89070	1523.50909	1524.03015	1526.12270	1530.74620	1534.30197	1536.25299	1542.81031	1544.59097	1555.64045	1556.87636	1560.64025	1562.15135	1565.36402	1567.55311	1572.51228	1529.02011
24.939749	1	20	1	0	1546.15685	1500.11546	1501.54200	1502.37291	1502.88016	1503.25177	1511.33788	1514.07182	1521.00430	1529.23932	1532.49510	1539.21234	1542.64253	1544.63928	1545.64425	1552.31997	1569.69784	1570.97446	1572.08032	1573.50635	1574.62485	1529.02410
24.959749	1	21	1	0	1546.16268	1502.07730	1504.41759	1509.94236	1513.40855	1513.83085	1515.60068	1524.82924	1525.66966	1529.53410	1530.60808	1537.37659	1541.50291	1546.87911	1549.08330	1550.50934	1556.84601	1560.24962	1562.48874	1567.49437	1572.08273	1573.00705	1529.02030
24.979749	1	15	1	0	1546.16054	1500.28985	1501.67107	1511.48220	1514.75153	1519.03382	1522.35760	1524.79596	1525.65963	1533.91485	1541.64377	1554.13720	1570.22251	1571.21730	1576.37589	1579.44372	1529.02410
24.999749	1	26	1	0	1546.15180	1500.02836	1501.89883	1502.72958	1503.07246	1509.82854	1511.40828	1514.37384	1515.82241	1516.25896	1516.95224	1517.60046	1524.74209	1527.75134	1531.08979	1531.79880	1538.57267	1545.22498	1547.53992	1550.90977	1553.05624	1555.08870	1560.02737	1562.63148	1570.52930	1572.52374	1574.62948	1529.02201
25.019748	1	16	1	0	1546.15238	1503.07558	1505.55037	1506.24515	1511.41477	1513.72073	1517.20655	1523.22888	1529.89713	1532.92659	1536.23514	1537.82142	1543.75826	1549.22282	1554.13484	1565.29887	1566.32972	1529.02201
25.039748	1	22	1	0	1546.15393	1500.50639	1501.52990	1504.64783	1505.39558	1511.03132	1517.50009	1518.64199	1520.44508	1520.94731	1523.57307	1527.53312	1542.05375	1543.95438	1544.52541	1546.84642	1550.13529	1558.31876	1561.90177	1564.02589	1571.62810	1572.51409	1578.63846	1529.02011
25.059748	1	19	1	0	1546.15393	1500.99681	1504.46414	1511.81515	1512.43667	1514.89856	1516.83025	1529.61875	1530.38620	1531.07835	1535.93470	1536.82044	1540.16127	1541.11910	1544.77062	1546.50798	1548.05865	1558.92931	1563.69499	1569.92065	1529.02410
25.079748	1	17	1	0	1546.15607	1501.83078	1502.10023	1502.77071	1505.26329	1511.40679	1516.70960	1517.43980	1524.71279	1530.37858	1532.01709	1532.92029	1534.03940	1535.73121	1537.02345	1539.40828	1549.03940	1569.62492	1529.02201
25.099747	1	24	1	0	1546.15179	1501.63806	1505.37236	1505.73046	1509.65526	1512.06403	1514.03957	1518.27078	1521.84089	1523.37379	1524.74303	1526.03502	1528.29126	1533.57458	1537.34585	1540.22589	1542.90050	1546.32014	1548.40109	1549.11627	1567.87325	1569.39919	1570.79909	1572.09900	1577.12767	1529.02011
25.119747	1	28	1	0	1546.15899	1501.94780	1503.35669	1505.42045	1505.70391	1510.75995	1511.91681	1513.11491	1514.22319	1516.86898	1520.64830	1521.22705	1522.32840	1526.86199	1529.22125	1539.55878	1547.75571	1549.68897	1551.32880	1554.16214	1555.27887	1556.00889	1559.04254	1560.97798	1564.26520	1566.03972	1570.15255	1571.19181	1573.90324	1529.02201
25.139747	1	34	1	0	1546.16054	1500.26899	1501.32699	1502.21711	1502.29638	1502.86712	1503.20767	1506.05904	1510.82917	1514.31939	1518.41662	1519.01825	1520.55862	1524.88935	1525.82941	1531.41332	1532.34884	1533.45794	1534.32073	1535.03350	1539.62007	1540.18326	1540.82678	1541.49499	1544.24304	1548.62823	1552.23200	1553.66601	1554.41612	1559.52650	1561.48434	1566.89326	1567.70796	1572.61503	1574.91984	1529.01992
25.159747	1	21	1	0	1546.15549	1502.21637	1503.77561	1505.86357	1506.27171	1523.01932	1524.75607	1525.67382	1527.57012	1533.17712	1533.80542	1542.97793	1547.09743	1552.64136	1555.28142	1556.20873	1560.99957	1562.78218	1564.84080	1570.08480	1572.73086	1576.06055	1529.02030
25.179747	1	24	1	0	1546.15607	1500.22799	1500.75687	1501.90506	1502.72480	1505.32464	1510.26239	1514.21890	1515.55865	1524.82640	1536.87902	1537.75854	1541.97681	1546.73495	1550.24119	1554.82998	1559.92112	1560.77216	1561.75659	1563.67949	1566.91762	1568.89428	1569.60128	1570.33499	1579.45934	1529.02410
25.199747	1	25	1	0	1546.15335	1500.27649	1502.35602	1502.63043	1503.73773	1505.43833	1510.83771	1513.93707	1517.94042	1518.64461	1520.72257	1524.39321	1526.07668	1533.00703	1534.88771	1536.01719	1546.90751	1548.50753	1550.71207	1557.59742	1562.02536	1569.54239	1576.12740	1577.16691	1579.21597	1579.81946	1529.02410
25.219746	1	14	1	0	1546.15976	1502.42943	1502.80321	1502.97786	1513.53966	1519.23291	1524.74568	1527.33299	1529.36311	1539.19520	1542.17093	1551.14841	1553.25905	1558.15193	1562.52705	1529.02201
25.239746	1	19	1	0	1546.15607	1502.15986	1502.49845	1503.15972	1511.01182	1512.26985	1513.30091	1513.69539	1524.40247	1524.89125	1525.92520	1530.52484	1531.38243	1547.35515	1552.49594	1555.79630	1564.57106	1568.64495	1571.36164	1575.16452	1529.02220
25.259746	1	21	1	0	1546.15976	1500.58951	1501.38197	1502.47844	1503.01442	1504.80948	1506.20032	1521.04813	1523.60723	1528.24834	1530.09565	1538.94655	1544.11838	1546.52976	1548.89855	1560.61668	1563.33105	1565.92428	1570.09943	1571.84644	1573.59755	1579.85863	1529.02201
25.279746	1	17	1	0	1546.16268	1501.27824	1502.24536	1505.96867	1510.55584	1515.14976	1516.82651	1517.33983	1519.16028	1524.68746	1531.08159	1534.39978	1535.80351	1540.34298	1544.32700	1551.65997	1555.86322	1574.46096	1529.02201
25.299746	1	27	1	0	1546.15179	1500.80155	1501.04682	1501.64081	1502.14720	1509.72179	1511.12006	1513.30259	1514.07853	1521.19393	1522.06652	1524.76061	1527.13102	1530.75611	1532.70499	1536.33301	1540.55676	1541.88595	1544.03734	1548.49155	1554.42064	1558.05896	1561.38503	1564.07601	1565.86666	1576.96933	1578.53249	1579.29627	1529.02201
25.319745	1	27	1	0	1546.16268	1501.11443	1501.54108	1501.76293	1503.02709	1504.75314	1505.19218	1513.15997	1516.89686	1518.99067	1523.79922	1524.72092	1528.40217	1529.36786	1535.39588	1537.58379	1538.67373	1539.91347	1541.21469	1543.33284	1547.83031	1555.37603	1563.04694	1565.35186	1569.14689	1570.20086	1577.31801	1579.41106	1529.02391
25.339745	1	22	1	0	1546.15821	1500.45092	1501.51395	1502.00209	1502.33693	1513.04325	1513.64100	1514.96163	1517.22901	1518.69206	1520.32460	1521.54793	1522.41376	1524.78859	1525.82562	1527.12817	1530.89825	1531.47377	1538.61290	1545.27507	1555.81933	1558.10712	1563.84909	1529.02220
25.359745	1	24	1	0	1546.15024	1502.51405	1504.09193	1505.12697	1512.04433	1512.89025	1514.65229	1515.27483	1516.98554	1520.32648	1524.74492	1525.74518	1527.67296	1530.68199	1533.28989	1535.56401	1540.67815	1545.47585	1551.41843	1553.01211	1555.05646	1559.88095	1576.70267	1578.76896	1579.36685	1529.02201
25.379745	1	26	1	0	1546.16210	1500.73673	1501.52898	1501.51303	1502.34189	1502.96464	1502.90862	1512.91538	1515.42793	1515.93694	1519.49794	1521.77479	1524.83566	1530.35496	1532.38034	1538.29632	1538.90861	1544.98855	1546.20369	1548.68985	1549.98994	1558.38471	1560.54975	1562.36547	1563.44791	1567.13026	1569.94490	1529.02220
25.399745	1	27	1	0	1546.16054	1501.61478	1503.18489	1503.71825	1510.80208	1513.12069	1514.34494	1517.14517	1523.24605	1524.30158	1525.47380	1526.38976	1534.39424	1536.99752	1538.87184	1541.89832	1545.81288	1546.36389	1547.72240	1549.01384	1553.26121	1554.94439	1564.82148	1566.78567	1572.83545	1575.24219	1578.17781	1579.18088	1529.02410
25.419744	1	20	1	0	1546.15393	1502.45384	1502.63172	1502.85334	1506.32337	1512.05065	1512.54492	1518.54767	1524.04941	1524.80144	1530.33402	1534.87181	1535.47812	1538.56593	1543.19574	1545.25235	1551.66447	1568.67536	1573.35115	1577.17156	1578.22358	1529.02201
25.439744	1	24	1	0	1546.16054	1500.18975	1501.43458	1502.14904	1509.80055	1514.32815	1516.58934	1517.34189	1518.47380	1524.79691	1529.91350	1530.51494	1531.92377	1532.71148	1534.98733	1542.84824	1546.31801	1551.49398	1552.87720	1553.60026	1557.65128	1563.83239	1565.30604	1570.57041	1577.54562	1529.02391
25.459744	1	21	1	0	1546.15549	1500.18682	1501.01568	1501.90359	1502.20995	1502.09125	1504.19366	1504.76695	1505.44938	1506.29957	1511.00885	1535.75729	1538.03066	1543.48566	1549.69132	1554.56466	1559.57139	1563.55544	1565.33493	1574.14397	1579.14905	1579.90166	1529.02410
25.479744	1	17	1	0	1546.15976	1502.09987	1502.17179	1511.47793	1517.63416	1524.79124	1528.29904	1533.32602	1534.03079	1537.97892	1543.87821	1551.67543	1554.35463	1556.49470	1565.98549	1567.22691	1570.78706	1572.77028	1529.02030
25.499744	1	22	1	0	1546.16054	1503.55849	1504.37140	1504.92972	1510.77406	1511.84433	1518.28128	1521.99419	1524.75985	1526.43522	1528.84429	1530.35706	1535.79833	1547.15212	1548.07813	1551.68639	1553.29946	1553.93769	1557.14226	1558.75939	1565.32059	1576.32659	1578.58253	1529.02201
25.519743	1	21	1	0	1546.15821	1500.24227	1501.99365	1502.16023	1502.95748	1512.45043	1514.39081	1520.03674	1522.57038	1525.96686	1526.46175	1529.45802	1536.46084	1539.52794	1542.05163	1545.46478	1551.14860	1552.36994	1553.98639	1557.52956	1564.10943	1576.18841	1529.01820
25.539743	1	17	1	0	1546.15763	1503.70225	1504.18262	1516.96552	1524.82091	1533.65834	1534.59182	1535.87466	1549.73018	1553.77966	1557.68659	1558.84672	1559.73674	1564.51573	1565.09071	1571.26307	1573.08792	1577.92977	1529.02600
25.559743	1	18	1	0	1546.14946	1500.27484	1501.57169	1502.55168	1512.47164	1512.88858	1516.99995	1519.79762	1524.81524	1531.15993	1542.50110	1544.46838	1550.32366	1552.32428	1555.77091	1562.40318	1572.71417	1577.30870	1579.22043	1529.02391
25.579743	1	21	1	0	1546.15976	1501.02154	1510.05711	1511.48536	1513.27559	1514.61759	1520.94561	1521.53344	1523.95329	1524.43006	1527.33868	1531.96766	1537.11893	1540.04729	1545.33623	1556.55656	1557.19944	1563.95131	1564.92462	1568.65335	1570.07518	1574.04505	1529.02201
25.599742	1	16	1	0	1546.15607	1502.10519	1503.77561	1504.59629	1505.26716	1510.93479	1512.01124	1512.88020	1515.93358	1519.31680	1524.67517	1526.73518	1537.48595	1549.80693	1550.88219	1552.34662	1576.61111	1529.02201
25.619742	1	20	1	0	1546.14946	1500.91566	1502.16445	1501.75321	1505.81895	1518.01105	1523.20530	1524.79596	1525.50483	1528.27948	1529.38384	1535.06147	1537.73489	1541.52011	1543.68618	1556.70826	1559.31394	1563.86818	1568.31310	1571.95774	1575.42884	1529.02410
25.639742	1	23	1	0	1546.15549	1500.21390	1500.65359	1501.71525	1502.60583	1512.32564	1512.93902	1515.23693	1517.24960	1519.55576	1522.10758	1524.87839	1537.61416	1538.99912	1543.93268	1547.55744	1549.83739	1551.98520	1553.67935	1554.79794	1556.08567	1556.83418	1572.79743	1577.66764	1529.02201
25.659742	1	24	1	0	1546.15393	1500.80906	1501.59571	1501.77100	1504.37471	1510.55269	1521.59669	1523.12456	1524.71241	1525.67647	1531.65782	1532.60491	1534.80918	1535.37633	1536.03867	1539.89361	1542.84186	1546.15179	1547.03205	1553.46584	1554.92060	1560.92825	1573.62030	1575.67529	1576.47652	1529.02410
25.679742	1	24	1	0	1546.16054	1502.25766	1501.98668	1502.82818	1503.29881	1510.10347	1511.32971	1514.13184	1518.20537	1519.10174	1522.20611	1524.85910	1526.56804	1535.10880	1541.54445	1542.78534	1551.72966	1553.76611	1555.84708	1558.59899	1559.95416	1561.05604	1561.85675	1571.35482	1572.04314	1529.02201
25.699742	1	20	1	0	1546.15179	1500.29753	1501.92193	1502.47165	1502.50799	1504.91314	1511.87890	1512.41714	1519.53023	1520.15980	1521.63227	1524.77914	1526.38502	1527.01384	1549.44727	1551.38986	1556.18549	1560.80068	1563.34775	1569.25361	1578.60746	1529.02220
25.719741	1	17	1	0	1546.16268	1503.36845	1504.91130	1512.73766	1524.76156	1525.86935	1530.13220	1532.59650	1536.55836	1539.65765	1551.13765	1557.12294	1558.30474	1568.70697	1571.12838	1576.40175	1577.08520	1578.60442	1529.02600
25.739741	1	23	1	0	1546.16054	1500.69131	1501.05177	1501.79777	1501.74679	1504.49064	1506.12894	1510.62783	1511.51768	1512.54734	1515.08350	1519.41572	1527.36182	1529.62560	1533.22108	1535.61578	1545.75148	1550.47884	1556.91144	1561.95573	1562.50323	1565.60792	1568.84305	1570.39394	1529.02201
25.759741	1	24	1	0	1546.15238	1501.41625	1501.57463	1501.82877	1504.07574	1509.64229	1514.04460	1518.84735	1520.67819	1521.58614	1522.81509	1523.92024	1524.85419	1527.14827	1527.99619	1530.53303	1535.34394	1537.66607	1541.82332	1545.60734	1550.12806	1552.81701	1555.20512	1563.08110	1567.88544	1529.02030
25.779741	1	17	1	0	1546.16054	1500.27356	1502.38281	1502.77750	1510.31061	1513.00602	1517.69484	1521.91226	1524.77082	1527.31175	1535.61443	1540.68201	1548.53502	1561.44886	1569.90622	1571.25986	1575.53904	1576.89270	1529.02201
25.799741	1	19	1	0	1546.14946	1501.27348	1502.01456	1513.55829	1518.05452	1524.61337	1527.71376	1528.19403	1537.07993	1539.03571	1540.99088	1542.98877	1545.76256	1550.89236	1553.36891	1558.86904	1564.36906	1567.16660	1573.90566	1577.66420	1529.02410
25.819740	1	21	1	0	1546.15821	1500.58182	1502.09767	1506.02787	1510.86054	1520.65018	1522.22608	1526.30054	1527.12040	1527.83427	1533.80523	1537.97680	1543.22846	1543.73636	1544.54946	1547.01881	1548.64168	1553.23080	1554.27076	1567.10270	1569.86995	1576.46237	1529.02201
25.839741	1	22	1	0	1546.15549	1504.61949	1510.13555	1512.82512	1513.63932	1515.73105	1516.36159	1518.26591	1519.25599	1521.39114	1523.43304	1529.05775	1529.88933	1538.44103	1542.45525	1543.40063	1548.18863	1555.65658	1559.30702	1563.83716	1565.52641	1569.32389	1573.62513	1529.02600
25.859740	1	27	1	0	1546.16482	1500.49614	1502.29142	1511.89377	1512.37213	1515.02863	1524.78197	1525.53037	1528.39381	1530.29327	1532.31332	1533.51339	1539.56822	1540.20467	1541.40380	1545.59414	1549.88329	1553.36224	1555.01516	1555.73392	1556.27607	1558.89493	1561.28433	1562.70514	1563.78844	1564.98516	1574.01222	1576.64911	1529.02410
25.879740	1	21	1	0	1546.16210	1500.58145	1500.88324	1501.79906	1502.34868	1503.70850	1505.53747	1513.80234	1522.47916	1523.19889	1523.68368	1524.78292	1526.10338	1530.86319	1541.92055	1554.38410	1555.04721	1560.92112	1562.34185	1564.08079	1568.20371	1572.97606	1529.02600
25.899740	1	20	1	0	1546.15238	1500.81181	1501.13037	1501.59296	1505.94396	1513.26218	1513.93166	1516.87964	1525.50596	1529.25168	1530.09641	1531.89133	1536.61249	1542.09707	1543.93694	1551.41413	1567.21513	1569.55301	1571.04188	1574.44443	1577.03687	1529.02391
25.919739	1	28	1	0	1546.15393	1500.51774	1500.73508	1501.40323	1502.02062	1504.44795	1505.13341	1510.92829	1517.12551	1517.72593	1520.40674	1526.71415	1527.34058	1527.86350	1530.89958	1531.64256	1532.62381	1535.12777	1541.26221	1542.03964	1544.98078	1550.35649	1552.57041	1556.23649	1557.29073	1558.99373	1565.11282	1576.73441	1579.90612	1529.02410
25.939739	1	19	1	0	1546.15393	1502.57169	1502.57004	1502.26610	1502.76190	1504.76124	1510.62950	1521.48186	1524.79124	1525.44617	1531.32065	1532.49204	1535.88924	1536.47485	1544.34717	1553.75885	1554.79224	1569.13949	1571.22614	1575.30575	1529.02201
25.959739	1	24	1	0	1546.16637	1501.21465	1502.30133	1503.21135	1503.50207	1504.06802	1513.04660	1517.44336	1518.86254	1520.81189	1522.40660	1523.78430	1529.33573	1530.89139	1531.48654	1535.17567	1537.40869	1540.14006	1549.10008	1552.46929	1554.51475	1558.82913	1562.88605	1564.56867	1572.61643	1529.02239
25.979739	1	27	1	0	1546.15179	1502.06960	1503.96336	1504.23910	1505.20378	1511.73692	1514.83493	1516.09503	1516.80874	1521.29742	1524.83869	1528.21719	1528.74623	1534.21125	1534.73391	1536.35969	1539.83847	1543.50620	1545.80413	1547.68598	1550.58753	1562.64815	1565.49194	1566.35087	1567.32198	1574.24774	1575.14575	1578.38319	1529.02220
25.999738	1	29	1	0	1546.14946	1502.67835	1504.01946	1504.98570	1505.93106	1509.73087	1513.30091	1514.06679	1516.05186	1516.95579	1518.57373	1520.09253	1520.45203	1530.32374	1531.15441	1536.02121	1537.39274	1541.51837	1544.46838	1545.07861	1548.41103	1552.14444	1553.04212	1557.94646	1558.61084	1563.89443	1565.22158	1567.46540	1577.73119	1578.94368	1529.02201
26.019738	1	23	1	0	1546.16210	1502.40667	1503.25305	1503.56677	1503.95527	1505.21428	1505.53102	1505.92331	1512.60296	1515.49534	1516.22643	1523.86341	1524.73868	1527.89843	1529.13341	1530.78449	1537.02153	1545.17353	1551.00404	1552.80133	1554.79224	1556.45865	1558.27354	1578.13711	1529.02220
26.039738	1	20	1	0	1546.16054	1500.05709	1501.06148	1501.95293	1502.12262	1501.62431	1502.37731	1504.64066	1514.05653	1515.33140	1521.56713	1524.74568	1525.88980	1528.46504	1536.52457	1538.39330	1542.21425	1544.38751	1557.71007	1561.07249	1570.52248	1529.02410
26.059738	1	22	1	0	1546.15607	1500.05892	1500.87317	1502.49789	1502.46082	1502.72939	1503.15219	1505.95005	1515.61002	1516.53137	1519.19969	1521.66408	1523.04987	1524.76912	1530.60808	1533.91657	1535.07009	1537.04324	1553.24689	1553.95713	1562.57946	1563.88011	1567.36073	1529.02410
26.079738	1	25	1	0	1546.15763	1501.38252	1501.40103	1502.19876	1511.04134	1511.92964	1519.96873	1524.80787	1526.30148	1527.39255	1530.21825	1534.41089	1535.06281	1540.52647	1544.38208	1548.42409	1551.87103	1552.55277	1553.05859	1555.57335	1558.39853	1561.09151	1562.00056	1565.68526	1567.11069	1567.87804	1529.02600
26.099737	1	17	1	0	1546.15607	1500.89973	1501.30005	1502.25674	1502.39603	1504.15245	1515.05625	1518.45561	1519.02012	1526.01987	1530.85861	1539.36088	1540.56313	1542.78747	1548.75265	1559.93754	1560.58520	1573.96024	1529.02201
26.119737	1	24	1	0	1546.15607	1502.36520	1502.28665	1503.38352	1504.30460	1505.64954	1509.80204	1516.76459	1517.68979	1518.33470	1522.03826	1528.06264	1530.18075	1536.78396	1544.09841	1549.96376	1552.65705	1554.52359	1560.32049	1561.80637	1566.00483	1566.75174	1575.55316	1577.51567	1579.51573	1529.02410
26.139737	1	21	1	0	1546.14946	1500.63876	1502.49955	1502.51552	1502.71379	1503.55868	1505.82319	1510.99010	1515.51925	1517.86567	1518.86085	1519.49550	1532.10736	1533.05997	1534.82144	1535.90382	1538.02123	1551.97423	1558.33278	1560.47649	1565.85709	1578.31654	1529.02030
26.159737	1	15	1	0	1546.15821	1500.11728	1501.50735	1505.24118	1505.65359	1515.94554	1518.70237	1521.90303	1525.17112	1528.86405	1534.74023	1543.13513	1546.16929	1555.43760	1561.82581	1569.28024	1529.02410
26.179737	1	27	1	0	1546.15179	1500.79240	1501.33524	1501.77668	1505.43040	1510.54118	1511.58716	1515.98833	1520.93057	1527.27325	1529.30910	1536.62612	1539.57689	1544.51668	1547.25684	1548.63739	1551.91470	1552.83034	1556.66669	1558.15568	1561.41972	1564.03046	1566.95175	1568.79942	1573.95078	1575.02795	1576.04540	1579.20704	1529.02201
26.199737	1	20	1	0	1546.15976	1500.07337	1502.44173	1502.87501	1503.02213	1504.49985	1506.22762	1510.96653	1514.01497	1515.38965	1521.50859	1527.77088	1529.57538	1533.32277	1537.67683	1552.03397	1552.86642	1554.09400	1569.89901	1571.97442	1576.48803	1529.02201
26.219736	1	20	1	0	1546.15821	1500.70193	1505.43188	1510.72024	1514.47920	1516.51921	1519.95727	1521.82733	1522.44599	1530.08765	1533.64954	1541.03201	1548.20500	1551.14195	1551.99852	1553.68838	1559.07575	1573.28050	1576.02319	1577.88139	1579.40579	1529.02201
26.239736	1	24	1	0	1546.15393	1500.59756	1502.13473	1501.94835	1502.81111	1504.70067	1511.62952	1512.42830	1512.91203	1513.64435	1518.58311	1524.83566	1529.86078	1530.48789	1531.65019	1534.82776	1543.28520	1547.60107	1549.35865	1553.84935	1558.56363	1560.69650	1563.19772	1567.09871	1578.09377	1529.02220
26.259736	1	24	1	0	1546.15607	1500.73837	1502.05015	1501.83188	1502.21564	1502.77310	1510.80356	1511.39026	1524.24321	1524.76609	1532.34234	1532.87176	1535.77877	1538.51223	1539.93314	1542.91773	1544.74443	1548.05202	1553.64324	1563.26667	1566.06306	1570.49059	1571.27732	1573.01650	1576.21406	1529.02410
26.279736	1	20	1	0	1546.14519	1500.16028	1501.75651	1503.47946	1504.58028	1505.87943	1510.48905	1510.90323	1511.72688	1515.06446	1521.57730	1523.00857	1523.81583	1526.28917	1536.48579	1537.23555	1544.52677	1546.48211	1568.76040	1571.89325	1573.66238	1529.02220
26.299736	1	15	1	0	1546.14732	1501.47948	1501.76256	1504.40746	1517.90876	1519.72288	1521.07447	1524.82829	1527.11376	1532.37556	1545.14403	1549.73467	1553.52863	1554.50748	1561.28077	1570.95058	1529.02220
26.319735	1	22	1	0	1546.16482	1500.16998	1500.59262	1501.90708	1501.70058	1503.29844	1505.75793	1511.63008	1512.63664	1517.31961	1519.25430	1521.10381	1522.96142	1523.76051	1524.76345	1527.53901	1535.77666	1536.92857	1548.19506	1553.65246	1558.70684	1563.88667	1571.46002	1529.02201
26.339735	1	21	1	0	1546.15393	1502.44760	1510.15279	1512.40896	1513.95309	1516.01766	1518.74213	1522.18463	1524.73641	1527.54678	1535.95024	1537.78873	1548.51767	1550.94106	1555.11132	1556.10870	1563.50098	1564.18641	1567.86485	1568.64855	1569.93749	1571.41685	1529.02201
26.359735	1	26	1	0	1546.15393	1500.57486	1501.63036	1512.54753	1513.85675	1514.33971	1515.58947	1516.39001	1518.40200	1519.50770	1522.16843	1523.21700	1525.53113	1528.57751	1533.38988	1535.66755	1536.28753	1547.84940	1550.98214	1562.42700	1563.88190	1565.54993	1567.42145	1570.93131	1573.82550	1579.22266	1579.97614	1529.02410
26.379735	1	19	1	0	1546.15821	1500.19176	1501.77063	1502.44485	1505.07042	1505.73488	1514.31622	1515.49945	1517.22789	1523.81526	1524.60600	1531.58210	1534.83504	1535.83592	1540.57394	1551.02145	1565.18373	1567.09611	1574.14457	1578.12334	1529.01820
26.399734	1	25	1	0	1546.15179	1500.78782	1501.83353	1501.91992	1502.42778	1502.92699	1503.80080	1505.75940	1509.87080	1512.14658	1519.44613	1523.98728	1524.79766	1525.52924	1526.57903	1529.85469	1532.57855	1533.18935	1546.11448	1555.45845	1561.32814	1563.86997	1565.94601	1570.55096	1574.65347	1579.53034	1529.02201
26.419734	1	33	1	0	1546.15393	1501.48590	1502.52304	1504.13148	1504.97410	1510.77164	1512.03764	1513.92253	1516.88077	1518.48842	1520.89201	1521.82017	1523.44927	1524.77460	1528.62026	1532.63432	1536.01507	1537.54919	1542.26647	1543.10435	1544.63928	1546.33764	1548.95687	1549.58900	1552.32428	1557.96383	1560.33237	1561.78277	1562.78615	1564.75917	1565.38095	1569.60068	1574.21086	1578.75761	1529.02030
26.439734	1	20	1	0	1546.15179	1500.98930	1501.26266	1502.47403	1502.68313	1504.36440	1510.86760	1513.08197	1514.20715	1519.25036	1523.34944	1524.80617	1527.39255	1530.53113	1537.08550	1539.82343	1551.64685	1558.78547	1567.34375	1576.38296	1579.79755	1529.02410
26.459734	1	32	1	0	1546.15179	1500.87866	1501.42761	1501.79906	1501.60524	1503.51603	1504.55580	1510.19340	1512.46494	1518.64630	1519.18355	1522.87976	1524.66534	1528.31481	1529.51812	1530.30755	1532.89488	1534.71169	1536.28101	1539.58769	1543.27862	1544.85794	1546.56476	1547.57380	1554.22106	1557.12452	1559.65999	1560.24903	1560.86664	1562.15849	1572.07027	1576.31730	1579.78456	1529.02030
26.479734	1	17	1	0	1546.15335	1502.00576	1502.65100	1504.44777	1504.84096	1505.69101	1506.03820	1515.68006	1522.49800	1524.76250	1525.81692	1551.75609	1556.28769	1560.63253	1566.48234	1570.45129	1573.69943	1576.98328	1529.02220
26.499733	1	22	1	0	1546.15238	1500.21902	1502.05364	1505.04427	1511.75754	1514.97618	1519.15334	1523.78090	1524.83112	1525.54911	1527.52933	1529.55407	1531.07949	1545.17780	1545.99534	1556.79457	1557.59032	1562.23925	1570.60170	1571.96739	1572.90464	1575.72636	1577.66663	1529.02011
26.519733	1	23	1	0	1546.15393	1500.00147	1500.64975	1501.73121	1502.90293	1512.97252	1513.46963	1514.06343	1516.41693	1520.39659	1524.72904	1531.09150	1535.53276	1536.20463	1544.67633	1550.80808	1554.26408	1557.85213	1559.90924	1561.28790	1568.60974	1574.30920	1576.14235	1578.16890	1529.02410
26.539733	1	22	1	0	1546.15607	1500.26386	1501.89314	1503.30451	1509.87877	1515.11392	1519.23403	1520.79948	1528.87831	1529.62028	1536.51593	1537.47999	1541.14208	1546.41425	1553.89705	1556.35603	1557.59742	1560.40799	1566.26429	1568.38110	1571.85970	1574.95736	1575.74978	1529.02220
26.559733	1	19	1	0	1546.15607	1500.39875	1501.84656	1502.21087	1503.78756	1506.25529	1511.28718	1516.65966	1521.28689	1522.04712	1523.27228	1528.96460	1530.18170	1539.00625	1543.96756	1551.49085	1562.41767	1571.89787	1572.66409	1577.46104	1529.02201
26.579733	1	26	1	0	1546.14732	1500.36526	1501.11040	1501.96064	1502.36978	1503.43737	1506.28887	1512.50251	1513.19981	1513.82451	1515.38405	1516.95224	1519.43749	1520.98850	1524.68821	1530.04349	1531.68701	1544.58438	1545.61822	1547.12565	1551.53038	1554.90094	1562.37738	1576.12034	1576.85085	1579.02396	1579.71394	1529.02410
26.599732	1	20	1	0	1546.16482	1501.58984	1501.65988	1502.41236	1502.90991	1512.17818	1514.74892	1516.01281	1516.69744	1520.54997	1524.80882	1539.45337	1540.92582	1549.32606	1552.26453	1552.85270	1554.03646	1565.75761	1572.42361	1574.12282	1575.99148	1529.02220
26.619732	1	19	1	0	1546.15607	1501.47802	1504.26559	1517.84225	1518.96140	1519.85171	1520.89897	1529.26327	1536.74190	1537.67683	1546.65287	1547.61626	1548.72866	1551.73906	1555.93054	1561.41337	1562.61241	1565.25923	1571.03566	1572.38099	1529.02410
26.639732	1	21	1	0	1546.15238	1501.62229	1502.25674	1510.63432	1511.89414	1516.24344	1520.39659	1529.46201	1530.00295	1530.87710	1531.88961	1532.40993	1546.22663	1548.77235	1552.81701	1556.67142	1562.64100	1571.20205	1571.90752	1572.66892	1576.74836	1578.22783	1529.02011
26.659732	1	17	1	0	1546.14732	1502.94829	1503.77138	1505.97347	1512.52000	1522.58150	1524.83680	1526.51688	1531.04747	1534.50757	1539.55743	1549.29776	1550.03233	1550.66397	1555.68315	1556.41433	1572.62830	1574.60590	1529.02201
26.679732	1	26	1	0	1546.16054	1500.57065	1502.57775	1502.49477	1509.60486	1514.36190	1515.52168	1521.51875	1526.41855	1527.85553	1528.52621	1532.20127	1538.99045	1543.80128	1544.81428	1545.39973	1546.46675	1547.83031	1550.05987	1552.60824	1560.26308	1563.17865	1571.36405	1572.03912	1576.21649	1577.80588	1578.41418	1529.02011
26.699732	1	20	1	0	1546.15335	1501.15583	1501.56601	1511.92053	1514.32778	1516.40216	1518.51486	1522.44787	1524.04129	1524.90316	1526.44015	1527.19720	1537.01078	1539.32889	1541.80805	1545.65552	1564.95370	1566.82439	1567.57449	1573.04728	1575.06728	1529.01820
26.719731	1	23	1	0	1546.15607	1501.48040	1501.80199	1501.54878	1504.05146	1510.83957	1511.54369	1512.27562	1513.21228	1514.30056	1516.16400	1518.29346	1519.90581	1524.79502	1532.46053	1535.47601	1537.75643	1543.86290	1550.16010	1554.67215	1555.38351	1559.67067	1573.52044	1574.03800	1529.02030
26.739731	1	26	1	0	1546.14305	1501.96082	1502.51368	1502.81239	1502.69616	1502.44191	1513.64603	1515.60964	1517.54315	1524.57689	1526.76399	1529.59878	1534.12436	1535.27053	1547.47469	1548.75479	1550.36294	1550.96023	1555.02441	1555.98113	1557.20062	1564.28012	1570.70320	1572.86180	1574.72908	1575.42359	1577.89758	1529.02410
26.759731	1	22	1	0	1546.16054	1500.43866	1500.89038	1501.46904	1501.84142	1501.83280	1501.88250	1503.21833	1505.81932	1510.12665	1514.81198	1515.32767	1517.50009	1524.81260	1530.20188	1534.74253	1539.79104	1545.27857	1545.99437	1549.49315	1552.27119	1562.35098	1579.37131	1529.02220
26.779731	1	16	1	0	1546.15393	1501.86856	1503.04987	1503.26647	1505.97882	1511.31987	1511.89860	1512.96600	1517.29902	1519.55933	1521.68818	1524.83377	1529.62427	1545.43682	1554.23678	1562.69084	1565.28094	1529.02410
26.799731	1	18	1	0	1546.15179	1501.63495	1502.11968	1504.70012	1505.45510	1509.83614	1512.49656	1513.94620	1525.64449	1530.76201	1537.21307	1544.82961	1547.00305	1548.77878	1561.52459	1563.24521	1567.04519	1569.25601	1574.00033	1529.02220
26.819730	1	23	1	0	1546.14946	1503.91959	1504.71374	1506.06844	1511.55818	1516.18923	1519.79593	1521.50332	1523.39662	1528.70196	1532.96022	1533.52333	1534.42410	1539.58325	1541.38274	1542.85037	1544.12245	1551.88219	1554.78870	1564.25326	1565.96116	1567.31938	1573.42925	1576.56705	1529.02201
26.839730	1	31	1	0	1546.14946	1500.23659	1501.68262	1502.16500	1502.32978	1502.66477	1502.97529	1503.07687	1504.21187	1505.29295	1512.61338	1514.01572	1517.84750	1518.42655	1520.88223	1522.09157	1523.98445	1533.31551	1535.70302	1540.51142	1542.02127	1543.40334	1546.29837	1547.71655	1554.52811	1558.65508	1560.38661	1569.12747	1572.53319	1573.58466	1575.54146	1578.67493	1529.02600
26.859730	1	18	1	0	1546.15335	1501.26908	1501.55446	1503.35779	1511.11672	1514.11189	1515.08499	1516.86580	1521.23928	1523.75164	1534.44535	1538.92787	1540.77505	1544.28473	1549.26868	1555.83547	1567.48498	1576.81122	1577.80285	1529.02011
26.879730	1	19	1	0	1546.15821	1501.39224	1503.60518	1503.97863	1512.37492	1514.47435	1515.79681	1519.48743	1523.64177	1524.90618	1528.63184	1535.96098	1541.66967	1548.71364	1555.51078	1557.00683	1566.92740	1570.62597	1576.91716	1579.70279	1529.02391
26.899729	1	23	1	0	1546.16054	1500.27173	1501.66831	1502.06079	1502.54397	1502.36611	1506.24976	1510.72933	1514.01404	1516.26644	1519.76983	1520.13875	1524.78008	1526.18159	1527.83522	1531.27966	1540.27604	1546.09271	1550.31936	1556.83418	1561.50516	1562.62433	1572.02948	1574.63190	1529.02201
26.919729	1	25	1	0	1546.15607	1501.55061	1502.40355	1503.53037	1504.25143	1505.89104	1512.12501	1516.78162	1517.33328	1518.05358	1524.80050	1528.37235	1537.02345	1540.91539	1545.97668	1546.94682	1550.88435	1554.77160	1555.39452	1557.00979	1566.40732	1570.35303	1573.03803	1574.35394	1576.83670	1577.77269	1529.02391
26.939729	1	28	1	0	1546.15763	1500.25983	1500.63382	1502.08134	1502.83902	1503.97035	1504.44684	1510.65232	1511.58159	1512.89528	1514.46391	1521.09685	1524.52643	1527.76310	1530.05720	1532.49834	1534.05662	1535.12892	1545.38497	1551.86848	1555.48305	1556.56975	1558.82439	1564.56389	1566.04611	1570.08480	1573.21852	1577.79819	1579.36563	1529.02030
26.959729	1	25	1	0	1546.15549	1500.99772	1501.33359	1502.22995	1501.56601	1502.81680	1509.86302	1513.29495	1515.14472	1517.36791	1519.35753	1524.45425	1530.50294	1533.76889	1535.90497	1537.70067	1538.35828	1543.90205	1547.92363	1549.54761	1551.62610	1559.87146	1563.60553	1573.02133	1575.89536	1578.46077	1529.02011
26.979729	1	31	1	0	1546.15549	1500.75943	1501.63714	1501.99255	1502.97566	1505.32851	1505.80291	1511.72131	1513.98329	1516.64956	1518.01611	1520.80719	1523.72578	1524.90051	1528.47283	1529.43386	1533.18362	1535.28567	1537.71144	1544.91034	1548.45665	1550.91427	1552.57218	1554.68119	1564.15021	1567.13505	1572.19667	1573.61889	1575.11429	1576.41347	1577.91884	1579.30073	1529.02201
26.999728	1	18	1	0	1546.15393	1502.21637	1505.39558	1514.53702	1522.32557	1522.95595	1524.70541	1527.79347	1533.87831	1539.30077	1541.79780	1544.44007	1545.88710	1546.48834	1555.00828	1558.04850	1566.36124	1570.72487	1572.40934	1529.02410
27.019728	1	21	1	0	1546.15179	1501.46757	1501.67271	1502.49257	1504.38869	1509.69677	1514.75246	1519.50770	1526.46876	1530.43190	1533.27288	1544.44666	1548.35333	1550.08156	1554.76590	1555.94412	1566.45580	1570.91687	1571.76408	1572.86743	1575.85093	1579.12898	1529.02201
27.039728	1	15	1	0	1546.14519	1505.07208	1511.41477	1522.16711	1524.74303	1535.03561	1536.06668	1541.87725	1548.90011	1550.78833	1554.55326	1564.03544	1569.81445	1571.44557	1573.12616	1577.60754	1529.02201
27.059728	1	29	1	0	1546.15763	1501.22766	1502.54195	1509.76664	1510.60668	1512.17651	1513.13427	1515.21976	1515.96609	1521.28350	1523.74579	1524.89427	1529.38784	1530.28603	1532.50273	1534.93867	1535.63169	1539.98057	1541.37637	1544.48603	1546.12905	1550.69662	1552.50613	1556.13666	1559.59512	1561.56702	1563.06203	1571.84062	1575.30676	1578.00610	1529.02410
27.079728	1	21	1	0	1546.15549	1500.17145	1501.71746	1502.09271	1504.44022	1512.26465	1516.81772	1521.36291	1521.92074	1526.50684	1533.72624	1536.33244	1539.30289	1545.71477	1552.03181	1562.35098	1563.08508	1564.28549	1566.43346	1574.96401	1575.77643	1579.06856	1529.02410
27.099728	1	16	1	0	1546.15102	1500.89020	1503.40613	1504.27222	1504.51494	1513.24449	1531.18243	1533.46138	1538.90534	1540.41745	1550.51344	1551.67015	1555.03994	1555.87523	1559.99433	1570.68374	1572.36913	1529.02201
27.119727	1	21	1	0	1546.15976	1500.32023	1501.91698	1501.88745	1502.94756	1518.25541	1519.52328	1521.13373	1525.60531	1535.72143	1536.45854	1539.38920	1546.92794	1548.61126	1550.03233	1557.43055	1559.10203	1564.23933	1570.12669	1572.58788	1577.74961	1578.86888	1529.02201
27.139727	1	19	1	0	1546.15607	1501.01659	1501.32864	1501.82216	1510.90564	1511.43465	1513.47335	1520.39283	1524.71052	1528.73255	1530.49875	1531.82169	1534.11250	1541.53962	1552.75447	1560.85495	1570.49501	1571.56063	1577.51183	1578.05226	1529.02410
27.159727	1	26	1	0	1546.16054	1500.18005	1501.57738	1502.46302	1502.36208	1502.63392	1503.01092	1509.87395	1510.92978	1513.07657	1516.32140	1516.99190	1520.75566	1524.79124	1525.48534	1527.80125	1529.03779	1533.19470	1534.62590	1536.76667	1543.90864	1546.41425	1556.69191	1564.46040	1574.20059	1576.66710	1579.42810	1529.02391
27.179727	1	15	1	0	1546.15607	1501.92762	1504.03712	1504.45954	1510.02226	1510.48720	1512.72297	1520.71655	1523.81526	1524.59352	1533.73044	1540.87852	1569.34432	1575.68215	1577.55796	1579.30519	1529.02220
27.199727	1	22	1	0	1546.15452	1501.82565	1501.58141	1504.43047	1510.37979	1510.79633	1519.10999	1519.65903	1524.74568	1525.68518	1530.44009	1531.09608	1531.75797	1533.02194	1535.71817	1537.83815	1539.72569	1543.51627	1544.62123	1549.99658	1567.89423	1569.39078	1579.99421	1529.02220
27.219726	1	17	1	0	1546.15471	1500.31877	1500.59061	1516.79883	1518.56079	1519.08767	1524.81808	1533.87410	1540.41957	1541.95825	1542.70271	1546.06686	1556.05082	1557.81346	1566.03235	1569.56903	1573.43649	1575.94705	1529.02201
27.239726	1	17	1	0	1546.15393	1500.90394	1502.35987	1502.29730	1512.90533	1514.93196	1520.56219	1521.68442	1523.93384	1524.78575	1526.15773	1527.04721	1529.78447	1535.80696	1543.76194	1552.26237	1554.82998	1578.55518	1529.02391
27.259726	1	26	1	0	1546.15763	1500.30175	1506.18538	1514.94502	1515.61170	1517.93461	1520.38719	1520.98681	1524.73944	1529.71274	1531.10218	1531.87588	1532.80203	1533.27709	1536.97198	1537.50594	1544.71824	1546.96919	1553.89097	1557.54100	1559.44166	1563.19057	1565.33254	1568.38350	1569.25601	1572.04635	1577.05608	1529.02391
27.279726	1	16	1	0	1546.15179	1501.52898	1502.19674	1502.19215	1515.41953	1516.75936	1523.09910	1524.75872	1527.43296	1528.09244	1529.35189	1530.77592	1535.83362	1539.75287	1541.17684	1544.36676	1562.28906	1529.02600
27.299726	1	17	1	0	1546.15393	1501.54383	1502.76814	1504.06875	1511.34271	1512.19306	1513.34467	1516.40216	1520.71655	1524.74870	1531.00230	1538.99681	1542.81360	1554.26133	1562.07417	1570.26120	1572.34059	1573.56433	1529.02201
27.319725	1	17	1	0	1546.15549	1500.73947	1504.88626	1510.21640	1518.54767	1519.92496	1524.17143	1524.69937	1525.84285	1527.29885	1535.42828	1538.66506	1539.30924	1540.42073	1541.37193	1553.44072	1565.72871	1579.63542	1529.02201
27.339725	1	22	1	0	1546.16482	1501.95495	1503.80301	1504.66238	1510.11181	1510.64249	1511.43966	1513.41879	1517.17623	1520.08277	1522.23117	1527.80125	1531.89248	1542.93883	1544.61677	1545.23139	1547.72960	1556.96721	1563.63993	1565.05705	1569.22137	1574.03317	1576.84620	1529.02201
27.359725	1	19	1	0	1546.15821	1500.03458	1500.62832	1502.68129	1512.40896	1514.34494	1520.83465	1521.58426	1531.08235	1533.26218	1540.50061	1542.64408	1546.64489	1549.29698	1550.58381	1556.26446	1557.86752	1562.43891	1567.65781	1579.68047	1529.02410
27.379725	1	20	1	0	1546.15238	1500.58255	1501.08090	1501.74056	1502.02649	1502.09840	1503.55868	1505.54392	1513.96055	1518.49761	1519.48686	1520.08108	1537.04535	1537.94372	1548.12159	1553.81990	1560.93300	1564.00958	1571.57770	1572.13678	1578.38460	1529.01992
27.399724	1	19	1	0	1546.16482	1500.59793	1501.74129	1502.21362	1502.94462	1504.34085	1505.77083	1506.06844	1511.50189	1523.83641	1524.79955	1530.47285	1532.38416	1535.80696	1541.37424	1553.77868	1555.74317	1562.33709	1567.49717	1573.70185	1529.02410
27.419724	1	28	1	0	1546.15393	1500.30724	1501.69087	1505.16141	1509.78054	1513.02277	1514.74463	1520.99659	1523.77146	1524.66213	1527.09650	1527.98138	1529.95422	1530.43552	1536.71694	1538.00046	1540.14835	1543.38978	1546.98885	1550.78833	1551.63706	1554.62342	1556.66156	1557.48025	1558.89967	1560.34563	1564.77589	1570.99372	1573.90102	1529.02011
27.439724	1	25	1	0	1546.14810	1500.51737	1502.05070	1502.36703	1504.39587	1512.34275	1513.87333	1514.51538	1519.48330	1523.69293	1530.03550	1537.78469	1539.44527	1542.04080	1543.01336	1547.13889	1548.48414	1550.16714	1553.33889	1556.41315	1558.28815	1559.97098	1562.70514	1565.89576	1572.75459	1577.11837	1529.02220
27.459724	1	23	1	0	1546.15821	1501.40507	1502.04593	1502.67982	1504.14049	1514.26756	1514.88400	1516.73186	1518.71100	1519.88120	1520.45579	1522.08441	1525.80329	1532.04648	1541.10539	1542.12104	1545.82589	1549.54332	1551.35483	1555.90948	1559.97098	1566.15399	1571.93625	1575.68215	1529.02220
27.479724	1	21	1	0	1546.15393	1504.34067	1512.02741	1513.65124	1518.34182	1519.63650	1521.05452	1523.39794	1527.26244	1528.83175	1534.30848	1538.04374	1541.60474	1545.05512	1550.07296	1553.17941	1555.86047	1568.42970	1571.27933	1572.69748	1573.82026	1576.49955	1529.02391
27.499723	1	22	1	0	1546.15685	1503.46126	1505.55296	1510.39055	1511.45564	1525.51807	1528.03188	1531.10828	1534.19823	1537.02768	1539.51426	1543.06776	1543.66874	1547.17392	1548.04131	1549.07549	1551.76040	1555.74769	1572.82117	1574.96038	1577.36635	1578.97044	1579.61574	1529.02201
27.519723	1	19	1	0	1546.15102	1500.32572	1505.86007	1509.89156	1517.86642	1518.63598	1520.75736	1521.94823	1523.94781	1527.06256	1531.91767	1533.79452	1538.50781	1542.75573	1543.59143	1552.22240	1562.83123	1568.10894	1570.40617	1574.49946	1529.02011
27.539723	1	22	1	0	1546.15976	1500.39820	1501.04554	1501.62633	1502.28849	1503.89293	1511.50041	1512.00789	1512.40728	1519.47410	1521.30100	1524.31443	1526.08236	1530.19579	1536.38848	1543.58698	1544.52832	1547.09315	1549.77978	1558.41038	1558.94670	1566.58430	1573.08330	1529.02030
27.559723	1	16	1	0	1546.15763	1501.92909	1502.78448	1504.11437	1504.42347	1505.34785	1515.62701	1517.53117	1520.59584	1523.02441	1535.14597	1536.45662	1561.60529	1563.83636	1567.51894	1573.59513	1574.62948	1529.02410
27.579723	1	27	1	0	1546.15607	1500.33103	1502.23968	1501.76293	1502.30353	1503.88594	1512.30611	1514.27744	1518.91281	1519.82748	1523.85246	1524.74965	1529.17562	1532.30473	1547.27631	1547.80810	1548.84627	1550.78735	1554.01015	1559.86611	1564.00719	1568.19391	1569.77057	1571.25404	1574.22195	1575.38121	1578.36273	1579.60682	1529.02600
27.599722	1	25	1	0	1546.14946	1500.14857	1502.21582	1502.59096	1502.67927	1502.47605	1503.31038	1509.64952	1513.90334	1514.35314	1516.75056	1519.22822	1519.80814	1520.32986	1520.88919	1521.74749	1526.69140	1527.61471	1531.74366	1539.63086	1544.86027	1550.02920	1556.23945	1557.37257	1567.93321	1570.77743	1529.02201
27.619722	1	24	1	0	1546.16054	1501.77558	1502.27784	1502.50762	1503.16854	1505.63166	1506.22854	1515.80036	1521.06167	1521.87328	1524.77271	1526.79489	1535.18698	1542.16010	1543.41167	1550.41082	1554.02154	1554.80698	1557.54377	1559.84613	1565.53299	1567.35114	1569.54479	1576.90665	1579.19589	1529.02201
27.639722	1	28	1	0	1546.15393	1500.32645	1501.69563	1502.32849	1503.63515	1505.42285	1510.27203	1511.51694	1516.02271	1518.00355	1524.71902	1528.27360	1534.53993	1535.13735	1536.84426	1538.37618	1539.90036	1540.99301	1542.69400	1544.81641	1546.68341	1549.94970	1550.44151	1555.09303	1557.12767	1562.30871	1570.83039	1574.24310	1576.32659	1529.02391
27.659722	1	25	1	0	1546.15452	1500.55088	1501.30591	1501.76935	1502.46871	1502.84343	1503.00578	1506.21618	1514.47062	1518.88355	1521.76349	1526.07327	1527.32142	1530.94475	1532.41681	1534.07939	1538.78442	1540.13138	1542.63982	1543.39637	1545.80783	1552.64587	1554.38646	1567.52873	1568.71018	1575.02795	1529.02391
27.679722	1	25	1	0	1546.15821	1501.60616	1501.83573	1503.81919	1505.12107	1511.23351	1514.60043	1520.68139	1523.31944	1524.86988	1528.59423	1530.70047	1534.47330	1537.57956	1539.78391	1540.55811	1544.38964	1546.03362	1547.69260	1548.54380	1550.34320	1553.43895	1554.99236	1558.21530	1564.73468	1567.97519	1529.02391
27.699722	1	12	1	0	1546.16054	1500.77134	1501.81703	1504.18612	1513.63597	1517.70009	1522.88523	1532.97933	1539.08733	1552.39757	1554.51436	1572.75117	1577.55715	1529.02201
27.719721	1	20	1	0	1546.15607	1503.48865	1505.55166	1505.99172	1510.00632	1512.24624	1518.19844	1521.05584	1522.98311	1524.79313	1529.42283	1535.06856	1545.39643	1549.40647	1557.97784	1560.54025	1572.31184	1574.24935	1576.68104	1577.75751	1578.65447	1529.02220
27.739721	1	33	1	0	1546.15821	1500.91529	1502.29032	1505.55388	1509.67268	1511.64178	1512.94404	1518.62642	1520.38756	1521.76444	1523.68746	1528.45156	1534.65616	1538.46682	1540.06233	1540.93006	1542.75148	1544.09647	1545.55043	1549.33914	1550.16225	1552.65077	1553.84935	1555.22360	1557.02674	1558.93741	1560.33613	1561.50576	1565.52582	1567.10190	1568.53192	1570.86871	1571.63252	1572.91651	1529.02391
27.759721	1	18	1	0	1546.15393	1500.34842	1501.38600	1504.59261	1510.02986	1514.40610	1519.28377	1527.18108	1529.60810	1530.40352	1532.64177	1533.44092	1534.18120	1535.85242	1537.65530	1539.97382	1560.40225	1569.73691	1570.34080	1529.02011
27.779721	1	25	1	0	1546.14830	1500.01976	1501.13348	1501.68537	1502.19546	1502.27729	1503.84696	1510.71040	1511.96644	1518.68080	1520.37572	1524.04394	1524.74568	1528.99064	1532.50904	1533.03054	1540.83759	1543.66971	1544.25468	1545.67766	1550.44151	1556.72954	1573.50031	1574.50490	1576.79121	1578.10066	1529.02220
27.799721	1	22	1	0	1546.15393	1500.25306	1500.72244	1501.86471	1503.72597	1506.27226	1515.30900	1519.10512	1526.32800	1527.09252	1527.66955	1529.04387	1533.79452	1535.17357	1535.77877	1538.16454	1539.47341	1540.98914	1546.57351	1550.42392	1555.03129	1560.05329	1564.53861	1529.02410
27.819720	1	22	1	0	1546.15238	1502.29931	1502.55609	1503.40337	1505.00596	1506.14794	1511.32488	1513.85638	1514.45738	1520.62875	1524.72526	1530.21425	1531.16603	1544.64801	1548.23638	1552.55865	1554.17785	1558.11048	1562.11563	1564.41483	1566.33690	1569.92787	1570.91045	1529.02220
27.839720	1	21	1	0	1546.16210	1500.24721	1500.76035	1502.08758	1503.59838	1504.66422	1505.38139	1509.90102	1512.08523	1516.42441	1518.03803	1518.75244	1519.29071	1524.76156	1526.21966	1526.96947	1527.56822	1558.51860	1567.66680	1571.49376	1572.34763	1578.43241	1529.02410
27.859720	1	25	1	0	1546.15607	1500.11985	1501.40415	1501.93202	1502.29840	1502.67780	1506.14369	1511.12322	1512.62994	1514.90751	1521.78760	1523.80469	1526.15318	1528.29315	1533.28225	1534.53552	1540.07294	1546.66512	1552.00518	1555.89058	1559.03622	1560.22587	1571.63252	1572.43568	1573.46246	1575.35054	1529.02011
27.879719	1	23	1	0	1546.15821	1500.02672	1501.39645	1502.08079	1503.00303	1503.62780	1510.40094	1514.03529	1518.89537	1519.97512	1521.16835	1524.82923	1526.13406	1531.33914	1538.38503	1549.99873	1557.15725	1560.43056	1561.33052	1562.26068	1563.62700	1565.31820	1567.44822	1578.68709	1529.02030
27.899719	1	10	1	0	1546.16054	1506.26359	1513.94117	1518.19338	1519.11394	1521.52892	1534.66267	1541.36265	1543.80845	1545.55684	1577.06195	1529.02220
27.919719	1	22	1	0	1546.15607	1502.01016	1503.15274	1505.24763	1514.55921	1515.83231	1518.25204	1519.35772	1523.65631	1524.83226	1525.52772	1533.36330	1534.87737	1535.91955	1536.87460	1544.65887	1549.16408	1560.71571	1565.72372	1569.49392	1572.37396	1578.13022	1578.66582	1529.02410
27.939719	1	23	1	0	1546.15393	1501.44374	1504.11327	1510.08641	1515.51775	1518.17782	1520.39301	1522.47294	1527.65399	1528.33266	1532.45557	1536.49654	1539.25549	1542.30805	1544.14862	1545.13413	1547.00753	1547.71441	1556.48761	1569.65697	1570.95058	1571.72873	1572.58325	1579.33764	1529.02220
27.959719	1	25	1	0	1546.15549	1500.53623	1501.39022	1502.21234	1502.32262	1505.68013	1509.65767	1510.99252	1512.46587	1514.23120	1522.78793	1529.53087	1530.88110	1534.74521	1537.10048	1538.36290	1540.58108	1543.52266	1547.38318	1549.23492	1551.21649	1554.67451	1564.26818	1564.98257	1573.44596	1576.67175	1529.02201
27.979719	1	19	1	0	1546.15763	1515.97468	1518.84041	1522.50159	1524.83377	1527.05024	1527.65987	1529.45802	1534.54854	1535.64243	1537.36103	1538.31787	1541.94742	1545.18984	1553.06977	1557.52503	1559.24554	1561.43002	1571.46745	1574.73836	1529.02011
27.999718	1	22	1	0	1546.16268	1501.03345	1502.40153	1510.57328	1511.26304	1516.21951	1516.79190	1520.18066	1520.62536	1521.37872	1524.76345	1526.45417	1528.04555	1529.10356	1540.86558	1543.47985	1545.23488	1547.97155	1551.08287	1564.47254	1569.16872	1572.04555	1579.53967	1529.02600
28.019718	1	25	1	0	1546.14732	1501.36548	1502.93782	1505.47961	1510.60519	1511.39007	1512.24791	1516.53436	1517.21928	1518.77607	1519.52103	1522.37079	1527.78246	1539.82131	1540.57259	1543.29198	1544.10093	1548.95941	1552.65470	1559.97790	1560.77216	1564.27057	1570.05353	1573.75864	1577.24397	1579.75635	1529.02011
28.039718	1	21	1	0	1546.15763	1501.47948	1502.23380	1502.90275	1511.92722	1512.58603	1514.83661	1517.27450	1519.82917	1524.72715	1530.58998	1534.88254	1540.24903	1545.16480	1549.83524	1559.32382	1564.72751	1567.86485	1570.24918	1572.45498	1574.90573	1577.88645	1529.02239
28.059718	1	19	1	0	1546.15549	1500.13284	1501.89497	1502.12537	1504.05845	1519.84833	1520.28457	1521.42483	1522.88523	1524.64304	1527.78246	1531.30826	1540.17419	1541.05132	1546.21691	1546.71764	1548.47186	1560.54896	1569.38697	1570.36988	1529.02410
28.079718	1	28	1	0	1546.15685	1501.15547	1501.89204	1501.81996	1502.56031	1504.21610	1504.95366	1514.47081	1517.74597	1520.09535	1521.28162	1521.89324	1522.58867	1523.28775	1526.58509	1528.15092	1530.48637	1540.77485	1541.67199	1545.12520	1546.94604	1550.54218	1552.74800	1556.78058	1567.14483	1571.18117	1577.13657	1578.40749	1579.04220	1529.01820
28.099717	1	22	1	0	1546.16210	1500.01629	1500.47106	1500.80265	1501.05232	1503.51309	1510.05990	1512.70213	1513.49086	1515.31385	1519.82748	1523.12343	1524.64739	1536.84214	1539.50501	1542.54676	1544.57856	1547.26988	1551.83147	1557.31163	1562.16643	1564.51095	1565.45089	1529.02410
28.119717	1	25	1	0	1546.15685	1500.81273	1502.27124	1501.59003	1502.77879	1512.68836	1513.97509	1514.49971	1515.48675	1516.28195	1521.06525	1522.47369	1527.71964	1530.57589	1531.45088	1536.78818	1542.32526	1543.74430	1545.44944	1549.84833	1551.49965	1552.24533	1553.07193	1554.80600	1567.27344	1579.15351	1529.02201
28.139717	1	18	1	0	1546.15549	1500.22195	1501.26285	1501.84600	1503.70243	1504.86766	1510.35549	1512.26855	1524.79218	1529.27582	1533.39752	1536.04059	1537.80373	1544.34814	1546.36389	1556.70393	1557.91133	1559.72724	1569.79962	1529.02201
28.159717	1	24	1	0	1546.15607	1500.13430	1500.72043	1501.06679	1501.51120	1501.75559	1502.14665	1510.87038	1511.63491	1512.23173	1524.82564	1526.10906	1527.36372	1533.41760	1539.10678	1540.50370	1542.67310	1544.84707	1552.58315	1561.16859	1562.82408	1566.22161	1569.39919	1570.94335	1577.20433	1529.02220
28.179717	1	15	1	0	1546.15685	1502.32060	1509.65582	1510.37516	1512.52669	1519.24511	1524.80523	1533.26523	1538.32403	1539.27052	1540.77080	1543.00039	1548.41317	1554.01584	1555.34358	1574.33036	1529.02410
28.199716	1	24	1	0	1546.15976	1500.09350	1500.76401	1502.14537	1502.58362	1504.07758	1510.55269	1511.30037	1516.15653	1522.24323	1526.84663	1529.52611	1534.14139	1538.93788	1539.96727	1548.71130	1551.12239	1552.05159	1557.27654	1559.82417	1561.45659	1562.45797	1565.42439	1570.92891	1574.92872	1529.02220
28.219716	1	24	1	0	1546.15607	1501.69619	1502.66073	1505.96591	1510.15279	1511.22757	1512.05567	1515.29201	1519.15709	1524.79596	1531.90507	1533.18782	1540.27102	1542.46608	1544.63268	1551.68287	1553.79948	1555.53538	1559.22913	1563.04455	1566.29082	1569.61530	1570.48398	1573.26823	1578.19624	1529.02600
28.239716	1	20	1	0	1546.15179	1502.08519	1502.21105	1501.86104	1502.79825	1504.07114	1514.68064	1515.59545	1524.77555	1527.35025	1528.01252	1535.94333	1538.86760	1546.89876	1547.52259	1557.28501	1561.07249	1565.55770	1566.77589	1572.52836	1578.01764	1529.02600
28.259716	1	22	1	0	1546.15821	1500.56204	1502.21270	1502.58454	1503.13712	1503.98102	1504.94887	1505.78134	1511.53347	1513.36310	1513.96390	1521.90492	1526.50873	1535.33110	1541.82815	1543.54242	1546.37478	1552.77682	1562.89777	1574.69601	1575.86487	1578.92138	1579.80871	1529.02410
28.279716	1	31	1	0	1546.15393	1500.59189	1501.28026	1502.52286	1503.01552	1502.67982	1503.37268	1505.54134	1510.16800	1514.70508	1518.73519	1524.81808	1525.33796	1528.28138	1529.59821	1533.19050	1533.79242	1537.17945	1537.95449	1542.15566	1542.69632	1547.35690	1549.19355	1555.82169	1558.69736	1559.93041	1562.77265	1564.57942	1571.52006	1572.48091	1576.91130	1578.40972	1529.02030
28.299715	1	28	1	0	1546.15393	1500.59610	1501.19633	1501.99053	1504.36919	1509.63914	1514.06492	1517.98107	1518.83178	1523.36944	1526.34126	1526.82900	1531.80395	1536.18986	1537.04977	1537.50805	1538.51647	1540.95419	1542.91773	1544.68952	1551.17912	1552.52318	1553.30397	1557.67475	1562.32062	1565.02359	1567.88204	1570.88075	1575.42117	1529.02410
28.319715	1	26	1	0	1546.15393	1501.86618	1503.07026	1503.45961	1504.27755	1504.70269	1505.45251	1512.68091	1515.13445	1519.27851	1523.58741	1524.74473	1526.32705	1528.01897	1530.66351	1531.74461	1534.22101	1537.42886	1538.88589	1543.96524	1555.95790	1564.26281	1568.14772	1572.76646	1573.81764	1575.58606	1577.31113	1529.02201
28.339715	1	22	1	0	1546.16929	1500.07429	1500.31693	1502.48101	1504.10241	1504.99601	1506.07250	1514.38577	1518.22955	1520.07506	1522.84374	1523.55816	1529.34314	1535.72143	1540.57837	1547.90589	1548.95511	1561.07011	1562.12753	1566.42188	1569.37976	1570.20928	1578.90091	1529.02600
28.359715	1	19	1	0	1546.16482	1501.51211	1501.75009	1502.18096	1503.38076	1505.48200	1509.58262	1514.24145	1514.77000	1518.41099	1526.71225	1532.93079	1533.49197	1547.51811	1557.50175	1560.67273	1570.06455	1572.89680	1575.28234	1577.42543	1529.02201
28.379714	1	18	1	0	1546.15024	1501.97824	1501.62614	1505.89399	1510.89840	1511.32005	1512.27915	1513.40016	1522.14695	1524.78651	1525.76448	1531.82589	1535.39377	1536.26373	1548.42428	1549.99756	1551.78096	1556.99343	1574.12281	1529.02429
28.399714	1	22	1	0	1546.16054	1500.45659	1501.56014	1501.85829	1501.62413	1502.78154	1505.12549	1513.63932	1515.68230	1517.57574	1518.17801	1520.77842	1522.42997	1525.73571	1528.46694	1531.05071	1532.73880	1541.90624	1550.17104	1563.43121	1568.10394	1571.91234	1576.76938	1529.02201
28.419714	1	21	1	0	1546.16054	1500.07429	1500.58200	1501.23627	1503.76476	1504.38225	1510.13295	1514.70545	1520.48004	1521.42652	1524.79955	1527.27723	1529.28324	1531.75186	1533.91695	1536.79874	1538.33731	1541.48629	1544.32177	1552.57276	1554.88934	1571.06837	1529.02410
28.439714	1	22	1	0	1546.15607	1500.68399	1501.98320	1502.53718	1502.62841	1502.85885	1506.10754	1511.57954	1513.38042	1514.97861	1517.28479	1520.31464	1524.11457	1524.49903	1526.22288	1531.20111	1542.64562	1546.69566	1554.14014	1555.80555	1567.23949	1569.82406	1572.28792	1529.02029
28.459714	1	22	1	0	1546.15393	1502.39419	1502.50872	1519.48161	1524.20750	1525.93107	1528.48860	1530.21216	1531.34543	1531.82703	1540.10958	1543.61642	1546.08610	1550.99739	1553.86898	1554.72109	1558.30691	1560.59787	1562.84315	1567.02962	1567.65541	1570.10424	1577.46569	1529.02410
28.479714	1	19	1	0	1546.15821	1501.77980	1502.48046	1502.34409	1502.64090	1504.98680	1509.59355	1512.60110	1514.48255	1518.08975	1518.65755	1521.79644	1524.83377	1541.31301	1544.69398	1548.38705	1552.34877	1558.66990	1561.35509	1569.66619	1529.02219
28.499713	1	21	1	0	1546.15821	1512.60892	1513.54134	1521.20785	1524.35127	1524.86912	1526.58130	1530.64904	1531.19901	1533.13679	1536.43608	1537.71566	1542.72670	1543.21549	1544.10306	1558.13061	1564.71836	1567.80149	1574.44503	1575.29969	1577.19482	1579.50782	1529.02011
28.519713	1	24	1	0	1546.15179	1502.39291	1504.78425	1512.03763	1517.51207	1519.04620	1522.43355	1526.01627	1526.55818	1527.19151	1527.89065	1530.39952	1534.33202	1535.34394	1536.62823	1537.18809	1538.95598	1540.85689	1542.42700	1544.07030	1546.80381	1557.55047	1561.38403	1564.12156	1569.57724	1529.02600
28.539713	1	23	1	0	1546.15607	1500.27722	1501.51596	1502.51239	1502.86877	1502.46999	1505.68659	1517.72256	1519.34627	1523.73880	1524.75059	1525.78492	1533.24172	1542.86353	1544.04393	1545.89798	1548.49447	1552.04062	1555.45295	1557.55994	1562.64378	1565.29628	1569.26822	1574.42004	1529.02600
28.559713	1	22	1	0	1546.16054	1500.71567	1502.24903	1503.13492	1504.09598	1511.48090	1520.70113	1524.73093	1527.77866	1531.59258	1533.19833	1533.84158	1549.12271	1551.71419	1564.32111	1566.80264	1568.90889	1571.18117	1573.45783	1574.47104	1577.47500	1577.97836	1579.63806	1529.02410
28.579713	1	23	1	0	1546.15102	1501.71745	1502.54121	1510.48312	1514.82560	1517.02540	1518.81246	1519.98789	1521.21143	1521.97799	1522.81150	1524.81449	1532.45213	1534.12532	1538.66506	1542.61815	1546.99429	1549.59545	1551.24916	1555.57000	1567.03201	1568.05015	1571.93383	1574.63936	1529.02410
28.599712	1	23	1	0	1546.15821	1500.60360	1501.54493	1501.96705	1502.43438	1506.06844	1513.65627	1514.62207	1518.37856	1522.04354	1524.92830	1526.68553	1528.62500	1529.73633	1531.38643	1533.51396	1538.39773	1551.01754	1553.71115	1557.44751	1562.85983	1564.48448	1566.49690	1579.06896	1529.01820
28.619712	1	19	1	0	1546.16054	1501.70242	1502.12115	1521.03534	1521.53645	1522.70611	1524.75796	1525.78076	1529.58546	1533.77750	1537.97815	1540.53727	1545.24575	1548.58942	1550.00088	1551.27793	1558.05304	1563.79321	1569.67881	1572.10362	1529.02219
28.639712	1	19	1	0	1546.14577	1501.96632	1503.71733	1510.11033	1517.84918	1520.82242	1524.79029	1529.35265	1532.90328	1534.89020	1542.21212	1543.26138	1545.07997	1545.63997	1546.63244	1552.91975	1557.34456	1559.16745	1561.36837	1574.08272	1529.02201
28.659712	1	21	1	0	1546.15763	1501.05854	1501.85994	1502.17949	1504.27038	1505.29295	1513.75632	1526.53962	1527.87394	1529.48902	1533.44016	1534.83944	1540.71675	1545.01514	1545.83755	1546.38800	1547.14122	1551.10948	1556.59004	1558.99610	1570.50022	1578.25963	1529.02238
28.679712	1	22	1	0	1546.15821	1501.34605	1501.87571	1502.41915	1502.62346	1509.82243	1511.70403	1515.37714	1520.32817	1521.62869	1523.13720	1523.67084	1524.79218	1530.06176	1537.51113	1540.59555	1546.37711	1548.50890	1550.89451	1556.55439	1563.73098	1577.89110	1578.54728	1529.02219
28.699711	1	23	1	0	1546.15607	1502.31858	1502.49110	1502.36483	1504.31638	1505.27452	1513.38564	1522.08969	1524.75418	1532.21806	1539.16052	1540.85477	1542.02224	1542.69632	1544.36346	1545.65532	1548.69823	1552.85936	1555.99727	1562.30156	1565.63921	1569.93308	1570.68133	1579.94184	1529.02391
28.719711	1	20	1	0	1546.16054	1502.22628	1503.03223	1504.47445	1505.74779	1510.57328	1513.12794	1516.00888	1519.89716	1520.60430	1523.39303	1524.75210	1526.45606	1528.08257	1541.19403	1545.76683	1549.83954	1552.91112	1556.54257	1570.29970	1576.43448	1529.02600
28.739711	1	27	1	0	1546.16054	1500.84258	1501.45254	1502.32555	1502.42190	1502.96757	1504.56813	1511.33454	1512.27059	1514.87915	1516.73710	1517.54315	1519.91839	1524.82091	1526.64782	1529.10356	1530.30831	1530.93541	1531.88847	1534.17775	1538.73263	1539.38246	1540.91751	1550.97763	1559.93081	1566.97970	1569.83368	1574.36220	1529.02219
28.759711	1	29	1	0	1546.15393	1500.44817	1501.70938	1502.03291	1501.89020	1504.47684	1505.79867	1506.17652	1511.30854	1512.71831	1513.56835	1514.53216	1519.50488	1522.92143	1523.84283	1524.76609	1527.06654	1527.96183	1533.05347	1534.44956	1541.87299	1544.15346	1548.59547	1549.69581	1554.33872	1557.58341	1565.07677	1565.88859	1568.60713	1570.44467	1529.02410
28.779711	1	22	1	0	1546.15179	1500.43682	1501.54878	1502.55003	1502.95435	1504.94389	1512.90198	1520.85063	1522.65144	1523.31756	1524.84965	1531.36583	1533.28473	1536.38713	1537.21614	1547.56056	1550.70757	1561.74747	1562.95020	1563.74649	1569.24880	1577.15781	1578.26246	1529.02011
28.799710	1	21	1	0	1546.15898	1501.04096	1501.65676	1501.91992	1502.51074	1504.65188	1506.21784	1510.28242	1510.94555	1511.44616	1515.75123	1524.82640	1530.58789	1535.97325	1542.99535	1548.05884	1549.39769	1552.16481	1553.99444	1561.99679	1563.89920	1574.79038	1529.02410
28.819710	1	16	1	0	1546.15821	1502.12794	1504.61801	1511.48759	1512.58157	1517.40048	1518.40406	1519.24961	1527.27969	1530.25157	1547.28935	1548.30226	1555.26746	1565.56388	1572.61321	1578.18490	1579.47881	1529.02201
28.839710	1	21	1	0	1546.14946	1501.01018	1502.55241	1502.72297	1504.93100	1512.52241	1517.42108	1518.18288	1520.94204	1527.92576	1533.43882	1535.37844	1536.50633	1541.47547	1544.59601	1547.07097	1550.95358	1562.84076	1571.65441	1572.91591	1576.80415	1579.28187	1529.02201
28.859710	1	24	1	0	1546.15238	1500.22561	1502.54525	1503.63552	1510.79799	1513.55009	1515.85809	1516.40889	1516.84896	1517.34170	1523.20360	1526.63644	1529.06763	1530.17065	1531.05586	1534.76398	1538.87183	1541.45828	1544.18390	1551.43976	1555.15477	1555.75930	1560.07941	1560.65629	1573.85329	1529.02219
28.879709	1	27	1	0	1546.14810	1500.17108	1500.70651	1502.34482	1502.74353	1503.08973	1503.79289	1504.70785	1505.36720	1510.67329	1512.66491	1513.63932	1517.38682	1519.51990	1522.94708	1524.64871	1526.99905	1531.86882	1533.36540	1533.83966	1541.59179	1543.31967	1546.98768	1548.20597	1549.60638	1553.31731	1555.91636	1562.99529	1529.02029
28.899709	1	22	1	0	1546.14946	1500.92005	1501.60414	1502.35382	1503.91389	1505.23897	1505.81065	1511.09462	1514.29235	1518.53829	1522.10758	1524.82640	1526.97288	1528.81255	1541.24366	1543.16088	1544.99767	1548.00214	1551.14841	1566.81222	1567.73834	1575.69426	1577.02757	1529.02201
28.919709	1	19	1	0	1546.15549	1500.00129	1501.01659	1501.38270	1502.90917	1505.67737	1509.64266	1513.63932	1519.90618	1524.73755	1526.87734	1529.27925	1534.59603	1535.65681	1539.60927	1548.34260	1558.98365	1561.78039	1568.09394	1577.63425	1529.02410
28.939709	1	22	1	0	1546.16423	1501.31874	1502.25197	1503.82838	1504.83820	1513.23611	1517.23014	1525.78909	1527.00474	1530.02274	1531.15021	1535.19081	1543.69489	1544.56265	1547.74265	1554.48037	1556.81782	1558.83842	1560.82425	1565.51127	1572.50946	1573.30848	1578.73147	1529.02410
28.959709	1	20	1	0	1546.15393	1502.53589	1502.36776	1506.13687	1512.39501	1517.06338	1523.31435	1526.25886	1530.72352	1531.43010	1543.51181	1552.19576	1553.16823	1554.40453	1558.81846	1560.52381	1563.83238	1566.23995	1567.42884	1574.38215	1577.43575	1529.02219
28.979709	1	26	1	0	1546.15179	1500.03806	1502.05364	1502.61024	1509.65415	1513.50017	1515.23339	1515.80372	1518.33845	1519.66748	1524.80976	1528.11542	1530.56732	1533.62621	1535.91743	1542.53998	1544.27154	1547.88213	1548.61341	1553.11762	1554.03842	1558.26940	1558.92081	1566.15519	1570.07998	1573.86296	1576.63496	1529.02029
28.999708	1	31	1	0	1546.15549	1500.34951	1500.96768	1501.94449	1501.63513	1502.80743	1503.12849	1506.29053	1511.75922	1512.68836	1514.53366	1515.79644	1521.46906	1524.80976	1535.13850	1535.64166	1536.16606	1536.92223	1541.65015	1544.29481	1548.89815	1551.93682	1553.88036	1554.50748	1556.75279	1564.68252	1565.77216	1567.99718	1571.53914	1573.67809	1575.36709	1575.99511	1529.02029
29.019708	1	21	1	0	1546.15335	1500.55051	1502.54085	1502.70662	1503.16743	1510.61484	1518.49573	1521.90341	1524.76722	1525.79590	1528.85417	1532.31924	1539.87664	1543.15004	1544.85367	1545.48498	1548.88957	1550.09680	1558.36358	1569.50594	1570.75375	1577.97836	1529.02011
29.039708	1	20	1	0	1546.14518	1500.76218	1501.51486	1502.15014	1501.60726	1503.04546	1504.38464	1505.68843	1510.31487	1513.05553	1520.75679	1521.47264	1522.98499	1524.82091	1538.17973	1542.50535	1543.70807	1549.42170	1551.88610	1564.65286	1570.87433	1529.02011
29.059708	1	21	1	0	1546.16326	1500.18279	1502.16775	1505.53655	1511.10112	1516.21671	1518.95952	1522.94143	1523.49286	1530.32450	1537.76969	1542.06342	1545.89060	1548.07813	1550.83545	1552.03396	1555.57453	1556.97943	1565.32158	1567.35094	1572.55229	1577.67230	1529.02201
29.079708	1	27	1	0	1546.15452	1501.94578	1502.43035	1502.70130	1502.39915	1504.66532	1510.89042	1511.28755	1511.69808	1517.78325	1525.50596	1527.23095	1533.66236	1535.42157	1538.94520	1539.38284	1540.13350	1543.17405	1545.30497	1550.22165	1553.87290	1555.08201	1562.08944	1570.01003	1571.05252	1575.40947	1576.20477	1577.14628	1529.02201
29.099707	1	23	1	0	1546.15179	1501.67840	1504.29485	1505.38802	1509.81001	1511.88819	1516.00047	1517.18035	1519.62955	1520.89558	1524.00635	1524.75607	1526.22666	1526.81384	1531.22418	1537.95161	1538.95887	1539.54663	1553.69309	1564.01375	1566.42468	1569.82647	1571.43593	1577.88361	1529.02410
29.119707	1	14	1	0	1546.15821	1504.13755	1509.86932	1510.28223	1515.69033	1517.42089	1524.83566	1530.20797	1531.06196	1538.09759	1556.28769	1559.43929	1566.94816	1571.99451	1577.43049	1529.02410
29.139707	1	14	1	0	1546.15102	1510.00872	1511.08590	1512.47238	1513.71216	1520.97552	1530.43952	1540.34722	1548.74387	1549.34713	1552.72350	1560.29435	1562.35852	1575.06103	1576.13528	1529.02219
29.159707	1	13	1	0	1546.15024	1500.47783	1502.45054	1502.39309	1503.86975	1505.10357	1513.11789	1521.14087	1524.74681	1527.75912	1546.46889	1547.32672	1562.35098	1568.19151	1529.02219
29.179707	1	26	1	0	1546.15179	1500.44634	1501.69930	1502.75565	1503.09616	1503.66456	1504.86232	1514.75228	1516.52576	1518.92838	1519.85002	1521.24473	1524.88652	1527.45401	1529.56282	1531.32885	1533.07315	1536.00395	1536.86807	1538.91920	1548.31609	1555.00199	1556.89764	1558.84316	1567.01744	1575.08927	1578.56430	1529.02201
29.199707	1	18	1	0	1546.15024	1500.58108	1501.05433	1501.97017	1502.38483	1506.13170	1518.35026	1522.54550	1523.02629	1524.00088	1527.18752	1535.73984	1538.74264	1539.67615	1553.12664	1556.60324	1558.25577	1559.53836	1566.12846	1529.02391
29.219706	1	22	1	0	1546.15821	1500.84826	1501.61184	1501.90267	1501.95623	1502.41842	1502.95656	1503.40723	1504.48494	1504.84188	1505.76659	1512.82977	1515.26923	1516.54464	1522.05955	1524.80333	1530.69647	1550.78402	1553.57769	1559.47706	1566.68368	1570.08319	1578.73431	1529.02201
29.239706	1	21	1	0	1546.15238	1502.05620	1502.73013	1503.09303	1510.05674	1511.09091	1512.13486	1513.90277	1517.27656	1521.77404	1532.04857	1533.92345	1537.28320	1543.11093	1551.64900	1553.15920	1563.05011	1563.84432	1567.49437	1570.36747	1571.28455	1573.72078	1529.02201
29.259706	1	15	1	0	1546.16695	1500.82591	1502.11730	1505.84421	1518.88880	1520.03317	1521.56186	1526.38407	1530.76239	1531.87511	1546.44244	1552.26668	1553.89470	1564.42438	1577.93220	1579.60905	1529.02410
29.279706	1	23	1	0	1546.16482	1500.67684	1504.99712	1518.78301	1520.19193	1520.58325	1526.27402	1535.13045	1538.78481	1540.24421	1544.31750	1545.43196	1547.32205	1548.48706	1549.89970	1552.11368	1554.22106	1555.96498	1556.64344	1561.19693	1562.18448	1567.58967	1571.92419	1574.38215	1529.02238
29.299705	1	17	1	0	1546.15607	1504.37231	1510.18302	1514.87056	1516.79396	1520.08840	1520.89031	1524.73093	1526.45038	1536.93951	1538.50126	1549.30439	1550.90194	1552.29548	1555.72467	1558.59148	1571.74801	1574.77384	1529.02201
29.319705	1	23	1	0	1546.15335	1502.87446	1506.17117	1513.90725	1515.45818	1522.68103	1523.20624	1523.84698	1528.70500	1532.98792	1533.88691	1535.16935	1540.46279	1542.74838	1545.89448	1558.34679	1561.18464	1563.08507	1563.80475	1564.69069	1570.94897	1573.66480	1574.35736	1579.20116	1529.01991
29.339705	1	21	1	0	1546.15821	1502.42631	1502.71342	1502.70148	1506.16546	1512.08708	1517.22957	1523.72615	1524.91412	1532.84004	1533.83756	1536.22651	1539.82131	1541.75586	1542.43571	1552.36523	1553.05173	1555.29322	1557.54830	1562.51970	1565.78193	1575.45427	1529.02600
29.359705	1	21	1	0	1546.15821	1501.15767	1502.17307	1504.68723	1505.80125	1511.94042	1513.36981	1517.83888	1518.41624	1519.39056	1520.52534	1521.76876	1528.15833	1531.17023	1541.10693	1547.56718	1552.24611	1553.69093	1556.57527	1560.76027	1568.22571	1577.49341	1529.02410
29.379704	1	27	1	0	1546.16054	1500.29259	1500.83049	1502.11730	1502.22885	1502.14903	1502.69084	1504.53003	1505.06213	1505.44330	1511.28254	1513.14488	1514.13631	1518.03934	1518.87680	1525.60436	1537.56437	1544.17091	1556.08547	1561.79229	1564.50736	1565.37358	1566.15758	1567.64562	1570.80671	1573.41737	1574.86801	1575.64945	1529.02410
29.399704	1	18	1	0	1546.15976	1501.39700	1501.87058	1502.43182	1505.77655	1515.48395	1518.71099	1524.44121	1526.26644	1527.01573	1530.70466	1533.53040	1540.57606	1550.05636	1551.65879	1554.15075	1555.47144	1570.00082	1571.82374	1529.02410
29.419704	1	26	1	0	1546.16268	1500.91145	1502.22114	1502.23068	1502.15876	1501.61313	1504.32171	1514.54410	1517.78118	1520.16149	1521.41598	1523.74560	1524.86080	1526.54530	1529.21174	1531.22170	1533.82666	1534.62820	1540.64303	1543.89314	1545.18654	1548.43930	1550.32796	1562.49350	1565.58660	1570.18863	1578.85976	1529.02410
29.439704	1	20	1	0	1546.15549	1501.24837	1501.94963	1501.79704	1511.53310	1512.82158	1516.54109	1526.20754	1527.89653	1533.27575	1539.38708	1541.10538	1544.01117	1545.22168	1545.98659	1551.80230	1556.41433	1565.19667	1568.04076	1570.20186	1578.03141	1529.02410
29.459704	1	22	1	0	1546.15393	1500.54557	1500.87298	1502.48817	1502.86638	1506.10477	1510.19359	1513.24952	1513.94172	1516.16643	1520.94467	1524.81638	1526.16265	1528.13915	1532.85685	1534.50757	1537.16427	1548.18473	1552.20458	1553.75610	1556.33417	1567.52394	1579.76934	1529.02600
29.479703	1	24	1	0	1546.15179	1501.64191	1501.97329	1501.64961	1502.16536	1502.42429	1512.85192	1513.29495	1516.24793	1516.74738	1518.37819	1519.12238	1519.65002	1520.66597	1527.74944	1529.20775	1530.31574	1534.52920	1535.12834	1538.01046	1556.57606	1573.59654	1576.38760	1578.21426	1579.94387	1529.02410
29.499703	1	23	1	0	1546.16054	1501.00945	1501.62174	1502.35987	1503.03572	1509.93772	1511.18375	1519.66560	1520.88317	1521.74391	1530.74143	1534.86185	1535.98054	1536.94144	1543.71369	1546.29603	1547.91486	1550.68802	1552.10467	1552.80799	1566.47037	1570.48337	1571.29178	1574.84906	1529.02011
29.519703	1	23	1	0	1546.15607	1501.38399	1501.98008	1502.32060	1503.18360	1505.90893	1506.26839	1514.06678	1518.11748	1524.78575	1525.78795	1530.86681	1531.81654	1533.41874	1543.06737	1545.11219	1548.18044	1549.85926	1561.42110	1566.01141	1567.05158	1571.79120	1572.66168	1579.97168	1529.02201
29.539703	1	15	1	0	1546.16054	1501.84600	1502.28298	1510.32378	1514.24966	1515.27483	1517.49840	1519.49794	1522.62222	1524.77838	1529.61076	1549.92235	1555.78941	1565.05745	1567.93321	1569.37255	1529.02410
29.559703	1	20	1	0	1546.15179	1500.29936	1500.80815	1502.68496	1511.03874	1516.83119	1522.64126	1524.74568	1527.11281	1527.83048	1532.97512	1538.66294	1539.97401	1550.40007	1552.71468	1563.91849	1565.47580	1566.23756	1567.60905	1571.10550	1571.79843	1529.02201
29.579702	1	21	1	0	1546.16054	1500.47417	1512.46066	1516.18288	1521.49428	1524.34560	1526.46629	1526.93118	1528.60239	1531.72458	1533.23465	1540.52434	1542.64253	1544.10306	1545.02892	1547.59775	1550.41962	1552.51573	1554.83686	1555.57925	1556.26524	1572.89036	1529.02410
29.599702	1	23	1	0	1546.15607	1500.08892	1502.19729	1502.70662	1503.31534	1506.00979	1510.21639	1512.40319	1514.43500	1515.00044	1516.85888	1524.79955	1526.97212	1527.59744	1538.33692	1539.49210	1544.42358	1545.36846	1546.13430	1561.20407	1562.09063	1563.67471	1567.10110	1572.90464	1529.02410
29.619702	1	20	1	0	1546.15976	1502.14793	1502.07583	1502.17674	1509.65377	1510.11088	1516.43712	1524.78481	1525.67760	1532.30244	1540.18499	1541.73247	1543.35492	1554.56918	1555.28595	1562.14658	1571.29659	1573.31552	1574.46398	1575.15039	1579.94346	1529.02391
29.639702	1	25	1	0	1546.15335	1500.12625	1501.53081	1502.53662	1503.04986	1504.32907	1505.17025	1515.30022	1521.92827	1523.28152	1524.78292	1529.12751	1532.21177	1535.25099	1535.95023	1537.37755	1540.32774	1542.30360	1551.16151	1553.52627	1555.92109	1556.48209	1560.17856	1561.71415	1570.53411	1573.56674	1529.02391
29.659702	1	21	1	0	1546.15607	1500.45147	1500.76145	1501.10361	1501.93386	1501.91570	1504.07924	1505.56456	1509.77146	1512.73171	1521.06920	1535.07661	1538.40215	1543.93926	1545.64231	1549.79813	1552.42970	1556.09708	1564.00003	1565.40745	1567.95500	1579.74519	1529.02391
29.679702	1	13	1	0	1546.15763	1501.76861	1505.81877	1510.68442	1511.21624	1522.05785	1524.82375	1527.84870	1536.10351	1542.13690	1545.28031	1545.96910	1570.93934	1576.70489	1529.02011
29.699701	1	23	1	0	1546.15549	1502.08721	1503.02727	1506.06567	1512.00901	1513.25957	1514.59148	1519.93022	1524.76439	1526.18727	1528.40939	1535.86757	1536.49443	1550.88708	1553.18725	1556.40744	1557.01393	1559.06665	1560.81236	1563.43837	1566.43386	1572.88312	1575.19982	1577.12261	1529.02219
29.719701	1	23	1	0	1546.15976	1500.57431	1502.85757	1511.69251	1514.54224	1515.54409	1517.61899	1519.17999	1519.63931	1523.31586	1524.74133	1525.54627	1527.04910	1527.56632	1535.36560	1541.76050	1542.91347	1543.53022	1548.30518	1554.13720	1560.52956	1563.38828	1565.59337	1571.59416	1529.02219
29.739701	1	21	1	0	1546.15335	1500.63180	1501.03619	1501.69270	1503.25893	1503.68607	1505.16675	1511.32005	1514.58551	1523.61988	1524.77271	1526.06948	1529.63226	1537.10375	1537.93641	1549.48026	1552.63470	1553.74569	1559.13978	1565.49433	1566.32074	1579.07525	1529.01839
29.759701	1	21	1	0	1546.16132	1501.08749	1501.59681	1503.00394	1506.09943	1518.17070	1522.96141	1524.82375	1538.69798	1539.54297	1543.59802	1547.52901	1548.45021	1552.77662	1556.67102	1558.58220	1561.50099	1563.03342	1568.46690	1570.87593	1576.70651	1579.41694	1529.02201
29.779701	1	18	1	0	1546.15549	1501.85774	1502.51368	1502.88162	1503.41807	1506.08320	1513.94955	1515.30059	1516.02607	1520.43267	1521.90699	1531.34753	1532.70441	1533.31761	1534.17680	1553.97166	1555.55151	1559.52432	1565.32776	1529.02219
29.799700	1	21	1	0	1546.16423	1501.79869	1504.05919	1510.88708	1511.42313	1514.05485	1519.22653	1524.11268	1533.74096	1536.35105	1538.39984	1541.42370	1544.07456	1550.53748	1555.17994	1558.17937	1562.02536	1566.65973	1568.39570	1571.83439	1577.49806	1578.36880	1529.02201
29.819700	1	26	1	0	1546.15179	1500.83434	1502.19802	1503.39896	1504.38630	1505.64511	1510.48608	1512.62771	1517.59821	1519.08091	1520.64472	1524.79218	1526.63228	1528.32297	1531.10542	1531.77895	1536.15743	1541.07082	1545.94403	1548.90030	1552.55943	1555.32744	1558.89868	1560.43155	1562.64100	1572.19707	1578.59064	1529.01991
29.839700	1	24	1	0	1546.15179	1501.12194	1501.40305	1503.22494	1505.00301	1506.08172	1510.32322	1517.11073	1518.22093	1519.71931	1520.52722	1521.16364	1524.08699	1526.32232	1530.88110	1536.25644	1546.29837	1557.06893	1559.17477	1562.11325	1564.95608	1570.38511	1571.18759	1572.40250	1577.55958	1529.02029
29.859700	1	17	1	0	1546.15102	1500.68563	1501.56124	1503.18912	1505.00227	1505.81102	1511.14234	1512.70994	1515.21472	1517.34881	1518.91488	1521.38060	1524.75135	1541.90180	1544.52754	1549.24994	1549.90282	1565.33254	1529.02600
29.879700	1	28	1	0	1546.15607	1500.55527	1502.26243	1502.15692	1502.45274	1503.08440	1503.56162	1504.09156	1511.52381	1513.47391	1514.67150	1520.31238	1521.77404	1523.88663	1524.77913	1538.86972	1539.86006	1546.09931	1549.34284	1552.40187	1553.86682	1555.73844	1556.80619	1557.69132	1559.09452	1560.52005	1561.62650	1566.10294	1571.18599	1529.02201
29.899699	1	23	1	0	1546.16268	1502.47477	1502.64787	1502.45861	1511.01999	1512.26799	1515.77327	1518.92632	1524.85230	1530.24053	1532.65647	1538.21128	1547.26540	1550.77640	1560.11939	1563.87713	1567.19755	1568.90609	1570.68374	1572.02224	1573.68916	1575.77360	1576.98328	1579.45934	1529.02011
29.919699	1	20	1	0	1546.15393	1501.59186	1501.76164	1503.07356	1516.35056	1517.14666	1517.86136	1522.31520	1523.41530	1532.61445	1541.29987	1543.58698	1550.40437	1551.73044	1555.78016	1556.65920	1564.76155	1570.44708	1571.81269	1574.14941	1578.82774	1529.02201
29.939699	1	19	1	0	1546.14674	1501.20494	1501.90799	1504.48586	1506.03432	1518.32458	1518.81752	1520.53418	1524.80881	1531.07549	1536.28446	1538.86548	1539.37590	1540.28684	1551.91920	1555.96026	1557.16060	1558.44099	1560.13364	1570.20427	1529.02600
29.959699	1	21	1	0	1546.15898	1502.03694	1502.15307	1505.87426	1506.25179	1511.91737	1513.05553	1515.31740	1517.68117	1522.97216	1532.82992	1535.48023	1537.06744	1544.14280	1545.87758	1547.80420	1555.10895	1556.49923	1565.20783	1569.77798	1570.49300	1577.97370	1529.02029
29.979698	1	22	1	0	1546.15549	1502.13289	1501.56876	1501.99677	1502.38006	1505.65930	1512.62882	1514.24313	1516.01262	1520.89182	1524.83679	1527.97550	1534.63260	1539.72665	1541.94143	1542.87902	1555.08418	1558.80325	1559.89025	1566.66911	1567.88444	1572.51710	1576.83326	1529.02201
29.999698	1	15	1	0	1546.15549	1500.24647	1500.82298	1502.02795	1504.25768	1509.78814	1512.06738	1514.99652	1518.35232	1524.80711	1527.27514	1531.47605	1538.90418	1542.17596	1563.85625	1565.77954	1529.02410
30.019698	1	20	1	0	1546.16054	1500.58786	1501.78530	1501.85059	1502.63080	1503.68938	1504.10113	1513.44281	1520.42760	1525.28366	1540.88295	1541.51180	1542.88734	1546.13430	1546.88261	1553.14685	1562.27080	1571.13561	1572.23064	1574.22900	1578.47900	1529.02410
30.039698	1	22	1	0	1546.15452	1501.30866	1501.88397	1502.37217	1502.75914	1513.58381	1514.17359	1521.16571	1524.86799	1526.63228	1529.99077	1530.64084	1533.32812	1536.98273	1554.80482	1558.59148	1560.33553	1561.21120	1563.83159	1566.65973	1567.31698	1567.99718	1577.81904	1529.02029
30.059698	1	22	1	0	1546.16423	1503.19720	1504.10536	1504.82513	1510.15501	1511.06548	1513.86774	1516.87478	1517.76564	1519.73865	1521.22404	1524.78008	1529.95023	1530.70238	1532.02605	1537.28858	1539.34392	1561.64792	1569.60368	1573.71373	1574.55610	1575.88990	1579.54595	1529.02410
30.079697	1	20	1	0	1546.15179	1501.55648	1502.37712	1502.52781	1503.85964	1505.32335	1512.60389	1516.39356	1521.35388	1524.77554	1527.39065	1532.92869	1539.61775	1541.86661	1542.41830	1545.93743	1548.76786	1549.71709	1565.21420	1566.63539	1576.41569	1529.02201
30.099698	1	26	1	0	1546.15821	1501.39663	1501.75303	1502.13491	1504.27590	1505.73304	1512.79851	1515.62103	1517.23706	1520.14138	1521.91414	1526.00264	1528.74946	1531.95812	1533.25453	1539.55454	1541.03838	1544.50349	1545.15373	1553.37401	1559.05499	1563.71308	1567.58727	1571.46243	1572.34521	1573.69540	1575.49181	1529.02410
30.119697	1	22	1	0	1546.15179	1500.11545	1503.43792	1511.90250	1514.20529	1516.16475	1517.62911	1519.34796	1524.21770	1524.70787	1525.58090	1528.00074	1531.58877	1536.12942	1538.05874	1539.21465	1543.24163	1557.43173	1564.27733	1569.23418	1570.22251	1573.91996	1575.71001	1529.02809
30.139697	1	19	1	0	1546.15976	1503.70409	1505.63092	1511.62841	1513.10505	1513.55195	1515.40291	1516.84859	1524.82375	1528.79355	1529.65585	1535.10458	1536.00203	1539.58672	1542.45312	1548.97696	1560.30861	1570.87112	1576.80657	1578.22337	1529.02029
30.159697	1	22	1	0	1546.15898	1500.41907	1502.13234	1503.14263	1506.00334	1510.08956	1510.81228	1511.73023	1514.53049	1523.78241	1524.79690	1526.16019	1529.05964	1531.30597	1535.42809	1538.83101	1545.06832	1547.77752	1550.48940	1557.00269	1558.53973	1573.03300	1575.42359	1529.02410
30.179697	1	16	1	0	1546.15918	1502.32867	1503.59084	1511.23704	1511.71796	1519.05821	1524.74133	1534.71878	1541.49267	1542.89392	1544.08988	1546.76335	1548.83983	1552.28451	1553.65698	1566.00004	1575.47808	1529.02410
30.199696	1	22	1	0	1546.16054	1500.94552	1501.80327	1502.57187	1510.18227	1511.26285	1511.74101	1512.93399	1514.61703	1524.21903	1526.89611	1529.88514	1543.91504	1546.21730	1551.59517	1553.51941	1555.72919	1556.98633	1559.78401	1564.59375	1567.87324	1577.13192	1579.97675	1529.02011
30.219696	1	23	1	0	1546.15821	1501.35943	1501.62559	1502.38006	1504.15723	1505.29405	1512.35372	1519.64852	1524.05508	1524.81997	1525.64373	1526.86900	1529.63873	1538.08894	1541.54445	1551.41902	1552.65724	1553.70899	1556.54729	1557.24853	1559.01487	1562.41053	1567.09611	1568.62534	1529.02201
30.239696	1	22	1	0	1546.15607	1501.03253	1501.53814	1501.44594	1504.18667	1504.89657	1513.76470	1518.56679	1526.71035	1544.43347	1546.39247	1548.75265	1552.20693	1552.93583	1555.91656	1560.56163	1561.56008	1562.56496	1567.77351	1570.05593	1575.17400	1577.33621	1568.78481	1529.02219
30.259696	1	19	1	0	1546.15393	1501.58416	1502.05749	1504.53684	1519.84307	1528.59327	1529.11554	1529.73272	1532.50865	1535.33321	1536.29828	1542.90050	1550.89178	1552.45302	1562.21782	1565.40645	1570.07277	1572.54987	1577.61806	1578.25963	1529.02410
30.279696	1	18	1	0	1546.14732	1500.05068	1510.56233	1511.64327	1513.71235	1515.26437	1524.77913	1526.23935	1531.22170	1533.96421	1537.93084	1549.60853	1550.33010	1560.22349	1565.99107	1569.11026	1573.39845	1574.74299	1576.02904	1529.02201
30.299695	1	27	1	0	1546.15452	1500.92647	1502.00392	1502.09620	1502.39658	1502.32978	1503.34089	1504.60126	1511.54778	1512.66026	1514.12382	1514.55585	1519.77320	1524.82375	1526.34410	1531.65229	1534.23268	1536.46410	1538.26881	1539.36550	1541.22223	1541.80805	1545.61161	1550.21461	1551.64900	1557.70276	1559.20086	1573.28473	1529.02201
30.319695	1	15	1	0	1546.15763	1502.57224	1503.69232	1504.77099	1509.65377	1511.55929	1519.72795	1523.77354	1537.34584	1537.96815	1552.76114	1561.84009	1564.46179	1568.87767	1572.94266	1576.97014	1529.02201
30.339695	1	24	1	0	1546.14946	1501.49433	1501.88745	1502.33583	1504.53813	1521.53833	1525.64941	1526.19428	1531.38853	1532.03598	1539.48419	1541.52474	1545.07278	1546.18678	1547.62502	1548.37613	1549.83954	1553.27239	1554.31633	1558.59385	1562.31585	1563.08110	1566.49950	1572.42602	1573.42703	1529.02029
30.359695	1	20	1	0	1546.15607	1500.84917	1501.73781	1512.14490	1512.77339	1514.05318	1515.95581	1517.54840	1524.84492	1529.16706	1531.81654	1535.22971	1539.74381	1543.83189	1545.06541	1551.71635	1558.02501	1564.79958	1572.20391	1578.48569	1579.15351	1529.02201
30.379694	1	16	1	0	1546.15102	1501.85041	1502.51772	1504.03987	1504.84114	1511.52678	1513.50297	1514.10462	1515.81568	1519.04263	1524.73641	1542.33609	1552.53494	1555.08850	1560.95935	1570.27323	1578.45510	1529.02619
30.399694	1	19	1	0	1546.15179	1501.90653	1502.37290	1502.69946	1503.45740	1503.96906	1505.99928	1513.68328	1517.24867	1524.83112	1525.64751	1540.72737	1552.19125	1553.39147	1557.08312	1559.77689	1562.85030	1572.45497	1574.37631	1576.45085	1529.02410
30.419694	1	17	1	0	1546.15549	1500.25819	1501.78915	1513.70694	1519.46940	1521.37345	1522.99008	1524.71241	1525.50483	1527.87128	1532.56804	1533.40479	1540.16166	1544.62608	1551.58538	1559.78401	1563.94176	1570.44226	1529.02410
30.439694	1	26	1	0	1546.15821	1500.21628	1500.58474	1501.47417	1502.06134	1501.79960	1502.04777	1501.79575	1503.04546	1503.70023	1504.07114	1509.65025	1511.88652	1516.96384	1518.97341	1527.22640	1531.28175	1537.97392	1540.82890	1541.47547	1550.22106	1553.40089	1557.27200	1559.64812	1562.67912	1566.22779	1578.85976	1529.02410
30.459694	1	21	1	0	1546.15179	1500.56515	1501.96981	1512.15327	1513.57710	1514.62692	1518.33845	1519.25543	1524.23924	1531.74042	1533.56922	1538.80733	1543.70071	1546.99040	1547.99766	1550.07941	1563.85863	1566.01141	1569.85312	1573.48380	1575.33561	1579.52120	1529.02410
30.479693	1	22	1	0	1546.15821	1501.82565	1501.75651	1502.12867	1502.99384	1504.04834	1505.83259	1509.80537	1510.93831	1514.42474	1516.68379	1524.70050	1525.69256	1526.75622	1528.75611	1532.36774	1533.70061	1537.33085	1543.83228	1546.39461	1555.83960	1562.47702	1577.24619	1529.02410
30.499693	1	21	1	0	1546.15179	1500.49906	1500.77134	1501.17910	1502.81661	1511.49855	1514.87747	1524.79123	1525.55838	1527.11376	1529.92777	1532.78311	1534.69331	1537.74181	1538.59403	1540.56757	1543.06679	1544.34930	1545.03979	1550.21676	1552.40736	1568.30090	1529.02201
30.519693	1	23	1	0	1546.15102	1500.78690	1502.33767	1502.75308	1503.03370	1505.25352	1515.95226	1518.88542	1519.56440	1521.49786	1522.25114	1523.47870	1524.79596	1528.91727	1534.64984	1545.89895	1547.14764	1549.90419	1551.09813	1554.72345	1558.61261	1565.11541	1570.13551	1573.61889	1529.01820
30.539693	1	20	1	0	1546.16054	1500.29570	1501.00853	1503.55334	1511.40177	1512.00436	1515.70228	1516.83699	1519.02519	1520.90781	1524.70674	1526.68951	1527.49442	1535.67272	1539.71798	1547.85349	1550.16010	1553.49056	1557.26017	1558.72561	1559.89737	1529.02011
30.559693	1	24	1	0	1546.15685	1501.13641	1501.63219	1501.91845	1502.15582	1502.68533	1512.87685	1513.81911	1519.22258	1520.59039	1522.67707	1525.54248	1526.46932	1528.08124	1529.40077	1530.05872	1530.73153	1541.79993	1544.22772	1555.34357	1556.96761	1557.95198	1563.41730	1571.28455	1575.25409	1529.02219
30.579692	1	20	1	0	1546.15607	1502.99788	1505.23878	1514.21815	1514.65844	1515.41710	1517.12102	1521.02762	1523.82451	1524.79312	1530.68828	1531.95926	1533.37936	1535.60791	1539.05998	1550.71285	1559.79192	1560.96569	1562.10611	1563.19732	1565.26500	1529.02219
30.599692	1	23	1	0	1546.15821	1502.57830	1502.64751	1502.85205	1502.64402	1503.53331	1510.06898	1519.59275	1520.80249	1524.67819	1530.90854	1532.97512	1534.27345	1536.79874	1540.50061	1545.40788	1547.79505	1556.46909	1559.78639	1561.88035	1568.61574	1569.62732	1572.53077	1579.94123	1529.02391
30.619692	1	24	1	0	1546.16482	1500.26075	1503.06272	1504.67360	1505.18591	1506.02658	1509.62172	1510.37979	1518.66430	1524.93946	1531.16260	1532.97933	1535.44093	1549.81415	1551.68561	1552.77447	1555.90259	1559.37542	1566.11391	1568.13313	1569.48170	1571.51785	1575.09956	1576.47409	1577.17884	1529.02410
30.639692	1	24	1	0	1546.15549	1502.88585	1504.58396	1505.27194	1512.32694	1512.87685	1513.87669	1515.16861	1518.46067	1522.38398	1525.75502	1526.37649	1526.90805	1533.54150	1539.87934	1542.76018	1543.72338	1545.71690	1554.29354	1560.40680	1570.29970	1572.87427	1573.63922	1574.40231	1576.36861	1529.02201
30.659692	1	20	1	0	1546.15179	1502.13197	1502.42392	1502.29546	1502.54030	1512.10512	1513.16108	1520.44696	1520.96141	1524.77724	1526.59438	1527.11186	1531.81120	1540.80516	1542.51599	1544.04839	1549.04876	1560.10276	1561.67151	1563.60394	1573.30143	1529.02011
30.679692	1	26	1	0	1546.15763	1500.03623	1501.28795	1502.13729	1501.73597	1504.54623	1509.69214	1512.29905	1514.95864	1520.35091	1520.83295	1523.68934	1524.79766	1527.96771	1533.15590	1539.40211	1541.52706	1544.16432	1545.46304	1549.10398	1551.57325	1558.18707	1559.03207	1561.29741	1564.09988	1566.16975	1576.99198	1529.02410
30.699691	1	24	1	0	1546.16268	1500.09606	1500.86602	1501.29198	1501.60158	1502.40319	1502.86491	1503.40612	1510.80931	1519.87800	1524.21355	1524.70485	1527.25276	1533.84808	1538.01219	1538.98179	1541.57247	1547.37267	1556.67594	1558.46212	1560.86426	1562.80601	1565.17576	1565.96774	1567.72115	1529.02600
30.719691	1	20	1	0	1546.15102	1502.44448	1503.77892	1524.01825	1524.78575	1532.01136	1533.67058	1537.51901	1542.52470	1546.54726	1548.32623	1552.78113	1553.95261	1554.47801	1557.15961	1558.07198	1569.90863	1570.88075	1575.05861	1577.66420	1579.58227	1529.02201
30.739691	1	19	1	0	1546.15821	1500.16174	1502.53589	1502.44393	1511.22738	1513.86401	1520.40297	1521.58426	1522.47557	1523.37906	1524.81259	1540.70575	1544.87133	1545.92654	1548.02182	1552.06530	1555.72230	1559.75651	1567.84166	1574.12986	1529.02390
30.759691	1	24	1	0	1546.15898	1501.18240	1501.45180	1501.54767	1503.47909	1505.55682	1519.17417	1520.46763	1521.24643	1521.76688	1524.76987	1529.50518	1535.46681	1536.30480	1537.74816	1543.96543	1546.78630	1557.34456	1558.05659	1558.76314	1561.43775	1562.49350	1568.85045	1573.38496	1578.99963	1529.02200
30.779691	1	21	1	0	1546.15821	1501.08126	1501.99934	1503.73663	1505.78742	1513.27726	1517.41078	1522.05408	1523.01573	1524.41891	1526.24182	1538.25534	1542.93011	1543.54009	1545.77771	1547.99337	1548.88762	1550.24549	1552.16030	1561.96128	1565.07677	1568.57312	1529.01820
30.799690	1	23	1	0	1546.15335	1501.98851	1503.24423	1506.24348	1510.18005	1513.26981	1513.76451	1514.73101	1515.70583	1524.32217	1527.66803	1529.63016	1530.32183	1533.21611	1536.75976	1547.32419	1550.98487	1554.79106	1556.42477	1562.74087	1570.33358	1571.90992	1574.01906	1575.75482	1529.02410
30.819690	1	24	1	0	1546.15393	1500.17620	1516.11503	1518.13116	1519.21264	1519.80119	1523.38586	1526.25451	1527.03867	1529.93976	1533.13029	1536.30921	1540.07737	1542.27110	1545.67066	1546.28728	1550.66612	1554.53263	1559.16548	1559.91636	1561.73775	1563.23805	1566.60844	1570.13891	1573.02836	1529.02219
30.839690	1	18	1	0	1546.15685	1500.35665	1502.71360	1503.81459	1512.18841	1517.03531	1518.71174	1519.61847	1520.98153	1521.77046	1523.11852	1528.45118	1529.92149	1538.05547	1539.79470	1549.32176	1566.09456	1568.06475	1577.78422	1529.02200
30.859690	1	26	1	0	1546.15451	1500.25397	1501.69471	1501.61312	1502.34978	1503.50225	1503.75391	1504.16937	1505.28300	1510.25534	1520.18497	1524.79766	1527.16761	1537.28973	1541.71972	1549.88407	1550.44580	1550.95416	1557.54337	1558.41511	1559.90924	1562.77900	1563.43598	1566.21462	1567.31459	1571.08744	1573.89619	1529.02029
30.879690	1	22	1	0	1546.15607	1502.39914	1502.67431	1516.24419	1516.84353	1519.29765	1520.16750	1524.75796	1530.80354	1532.81635	1534.85879	1535.74424	1541.82158	1548.22176	1549.42814	1553.90510	1558.20128	1558.68787	1559.46756	1564.37145	1567.48977	1569.83869	1576.84498	1529.02219
30.899689	1	25	1	0	1546.15762	1500.56241	1502.53827	1502.61391	1511.57750	1517.12776	1518.24342	1519.30910	1522.30145	1527.74488	1529.81263	1534.14579	1535.82211	1537.28646	1541.46156	1542.20187	1545.25546	1547.41569	1550.50503	1552.88210	1554.02271	1556.20636	1564.41383	1574.17298	1575.48010	1577.57880	1529.02390
30.919689	1	20	1	0	1546.15393	1504.18151	1505.80678	1506.06696	1510.77442	1511.71387	1516.96383	1517.36940	1520.60073	1524.14687	1524.70673	1528.25612	1538.88050	1544.40069	1545.41235	1550.61881	1554.64071	1560.19083	1561.21120	1563.53397	1573.49084	1529.02200
30.939689	1	24	1	0	1546.15821	1500.04977	1501.22583	1503.62154	1505.05329	1510.07584	1511.80363	1512.26055	1517.72256	1519.89866	1522.06652	1522.84921	1524.88689	1531.70493	1540.37654	1543.74004	1545.58325	1546.24801	1551.84244	1552.76780	1558.01553	1561.39434	1567.29761	1571.42428	1572.59270	1529.02410
30.959689	1	16	1	0	1546.16695	1501.31342	1502.41787	1502.93506	1504.73620	1506.06715	1511.88429	1516.15708	1518.65661	1523.38152	1524.80976	1526.84075	1529.84460	1531.65705	1543.52188	1558.19654	1560.43630	1529.02410
30.979688	1	23	1	0	1546.15607	1500.79789	1504.62814	1504.96599	1505.38562	1506.09666	1514.99111	1516.51154	1521.23946	1522.37795	1524.72980	1525.61742	1533.36330	1537.88622	1539.56166	1543.66002	1547.09529	1549.06398	1552.85308	1557.04960	1566.54778	1567.24428	1568.00617	1569.72689	1529.02390
30.999688	1	22	1	0	1546.15393	1500.47563	1501.29253	1504.86747	1505.85914	1510.28260	1514.34847	1515.61001	1517.49147	1518.34388	1527.35632	1528.68029	1540.12906	1543.16533	1544.67206	1545.97901	1558.05303	1562.91444	1570.48337	1571.34718	1572.62608	1573.19014	1576.10639	1529.02600
31.019688	1	24	1	0	1546.15685	1500.49760	1501.58819	1501.88708	1502.39548	1513.64435	1514.31566	1517.36566	1518.30752	1518.75994	1520.91307	1523.43983	1524.75399	1530.99506	1532.58179	1540.55888	1546.88260	1548.49583	1555.02204	1555.79630	1556.36785	1558.23879	1566.45340	1572.08694	1574.06902	1529.02219
31.039688	1	23	1	0	1546.15451	1501.53264	1502.04850	1502.92111	1503.33813	1503.90046	1505.41142	1506.09389	1516.59831	1517.19176	1522.37626	1523.86888	1524.90353	1531.69120	1534.63471	1535.68902	1540.57606	1542.97367	1548.65045	1563.64847	1565.47739	1568.47350	1574.10206	1578.56652	1529.02410
31.059688	1	23	1	0	1546.15821	1501.41258	1502.08702	1501.93110	1502.20848	1504.43028	1506.19700	1512.33233	1512.76892	1513.38954	1518.17107	1519.48329	1524.46728	1535.78452	1540.60694	1541.75412	1545.28516	1546.60832	1548.44456	1551.38829	1558.31165	1559.16291	1570.47314	1576.27749	1529.02200
31.079687	1	25	1	0	1546.15548	1501.52604	1502.48009	1502.62529	1502.92919	1503.78737	1504.21849	1505.40847	1510.70056	1517.86641	1520.06567	1522.70761	1524.03751	1526.77934	1528.69302	1530.33268	1532.19706	1536.89188	1540.41957	1541.01038	1542.96999	1548.81798	1551.79799	1564.81889	1568.63394	1570.89840	1529.02410
31.099687	1	26	1	0	1546.16209	1500.25343	1500.53110	1502.45494	1502.41163	1511.26471	1512.72631	1513.59051	1516.08101	1519.44763	1519.88495	1521.92826	1524.81638	1528.55395	1530.72733	1533.98142	1537.26148	1539.38920	1544.86007	1546.09406	1549.55190	1558.16358	1568.06994	1568.67776	1572.06464	1576.90887	1579.11539	1529.02200
31.119687	1	18	1	0	1546.16054	1501.18991	1502.03896	1502.24132	1503.49747	1515.01966	1520.91664	1523.42624	1524.47824	1530.22320	1540.40992	1542.88211	1546.24140	1553.70447	1560.74363	1561.82580	1567.62623	1570.13791	1572.73910	1529.02410
31.139687	1	20	1	0	1546.16268	1502.31950	1503.69434	1505.15128	1515.50729	1519.46358	1520.83408	1523.52192	1524.86156	1526.14352	1527.32521	1529.85278	1532.63336	1534.15957	1536.31996	1541.52706	1544.71823	1549.15763	1552.64763	1560.52856	1571.91716	1529.02029
31.159687	1	28	1	0	1546.15607	1502.18408	1503.47762	1503.77763	1511.73766	1516.58747	1518.34163	1520.94636	1521.55602	1522.18840	1524.06679	1524.79501	1525.95549	1526.45795	1530.46846	1536.61326	1542.97425	1544.40612	1545.90905	1552.15540	1554.58293	1558.86193	1560.55371	1562.93232	1564.33304	1565.64658	1566.64516	1571.47227	1572.10844	1529.02600
31.179686	1	19	1	0	1546.15821	1501.33267	1502.22885	1502.24811	1503.06180	1504.61599	1515.13090	1524.66591	1526.59021	1529.64424	1536.22478	1537.98968	1544.73996	1549.08505	1554.30277	1567.79789	1568.44910	1570.30952	1578.84375	1579.48834	1529.02410
31.199686	1	22	1	0	1546.15179	1500.73837	1502.32463	1504.94813	1505.54595	1511.29888	1512.15159	1513.69353	1514.29235	1517.25035	1522.32123	1530.22624	1530.88586	1534.61575	1538.07932	1544.22559	1551.12434	1553.54629	1556.82491	1557.41891	1558.82676	1570.82076	1575.68457	1529.02219
31.219686	1	28	1	0	1546.15821	1501.44410	1501.94357	1504.88975	1505.90597	1511.54629	1512.98796	1513.74290	1524.78386	1527.60939	1528.69017	1532.57224	1533.48929	1535.17797	1536.30269	1539.24682	1545.27507	1547.20662	1547.98032	1550.23474	1552.97622	1553.73392	1554.93593	1558.64086	1561.68797	1567.08892	1569.39558	1570.00522	1574.89120	1529.02200
31.239686	1	30	1	0	1546.15821	1501.28483	1502.05363	1502.15325	1502.24242	1501.63201	1505.35946	1505.87020	1514.61069	1518.63936	1520.92624	1524.77460	1529.42682	1534.48823	1535.17797	1537.53188	1538.95155	1540.18923	1541.60474	1543.54552	1548.67893	1550.09894	1550.64950	1557.04960	1558.05303	1561.23696	1565.26022	1571.39999	1576.52279	1577.64801	1579.32425	1529.02410
31.259686	1	22	1	0	1546.15821	1501.69930	1501.57646	1502.31454	1502.32977	1502.53993	1502.54360	1505.90081	1515.01332	1516.13895	1521.23382	1522.94312	1523.39359	1524.77271	1528.92715	1541.49885	1547.72882	1550.54393	1559.26451	1564.49303	1566.99308	1572.81412	1579.65794	1529.02200
31.279685	1	21	1	0	1546.14518	1500.37953	1502.10702	1502.24206	1504.08475	1513.98869	1516.66134	1519.03044	1521.08500	1521.51875	1523.02950	1524.67649	1530.55550	1533.41339	1534.74942	1535.42598	1548.69180	1551.45365	1554.18296	1559.29772	1568.12113	1577.87045	1529.02200
31.299685	1	26	1	0	1546.16054	1501.90561	1504.65262	1505.69691	1510.23160	1512.29997	1514.33822	1515.71611	1519.95858	1521.30796	1521.82733	1522.77360	1524.75134	1526.54113	1531.66068	1533.47075	1541.52049	1547.02757	1554.85278	1557.09396	1562.56020	1569.72488	1571.47709	1573.21127	1574.39868	1576.08054	1579.24942	1529.02200
31.319685	1	31	1	0	1546.15607	1501.82840	1502.19986	1501.66263	1502.07656	1502.28665	1504.09652	1504.60734	1505.47186	1509.80370	1510.54155	1513.57188	1515.52429	1517.87597	1519.66917	1520.74852	1524.71051	1533.43671	1534.32934	1536.74881	1538.52936	1541.02988	1546.59588	1547.75142	1548.78756	1554.27075	1558.43387	1560.85257	1561.81827	1562.57211	1567.88443	1572.15386	1529.02410
31.339685	1	25	1	0	1546.15607	1500.71859	1502.24426	1504.66145	1505.01516	1509.70325	1514.40777	1518.58329	1521.81603	1523.07024	1523.76051	1524.74756	1529.14767	1530.91883	1538.14299	1538.92363	1547.26345	1551.21199	1553.23531	1560.29673	1561.26312	1563.45029	1565.24328	1567.59386	1577.39649	1579.42282	1529.02390
31.359685	1	24	1	0	1546.14946	1500.37221	1501.31122	1501.76604	1506.22467	1510.60667	1511.36871	1516.79396	1517.47088	1520.26634	1526.23291	1535.60503	1536.62766	1543.20232	1544.31827	1545.32691	1547.03846	1552.76133	1558.62209	1561.13411	1562.01246	1563.53457	1575.32471	1576.62344	1577.43332	1529.02390
31.379684	1	26	1	0	1546.14518	1500.01702	1500.46959	1502.30353	1502.89448	1503.06713	1511.86458	1514.15271	1515.34988	1519.37836	1520.23327	1520.72351	1521.76876	1530.41971	1531.37613	1534.07805	1539.86816	1540.58185	1545.80180	1548.50382	1551.52157	1555.82858	1556.88818	1559.86730	1560.56777	1567.73094	1572.36913	1529.02200
31.399684	1	26	1	0	1546.16268	1500.86419	1501.52787	1501.80859	1502.08115	1504.89472	1505.22404	1510.76422	1511.58159	1519.06496	1521.28688	1524.72356	1525.50748	1529.78846	1536.04730	1538.06201	1541.41887	1543.79682	1545.46264	1550.45656	1558.26229	1558.73825	1561.50575	1567.80149	1572.70934	1574.97147	1577.50251	1529.02029
31.419684	1	24	1	0	1546.15762	1502.40630	1503.49232	1514.80862	1516.87833	1517.50196	1519.56139	1521.41598	1528.19156	1530.30755	1532.90137	1533.57878	1540.36015	1541.40438	1544.89287	1546.42727	1548.29777	1550.36958	1557.27653	1560.46461	1561.79962	1566.46298	1572.43567	1574.16532	1579.01078	1529.02410
31.439684	1	22	1	0	1546.16054	1500.33487	1502.46155	1502.51992	1502.93378	1504.98017	1510.75939	1512.35204	1514.03454	1515.87864	1516.91781	1524.63018	1526.14731	1530.40714	1538.68874	1546.04450	1551.28673	1554.56977	1555.28830	1557.11505	1565.69243	1570.49360	1572.68782	1529.02410
31.459684	1	18	1	0	1546.16054	1500.76492	1504.17618	1511.17409	1520.08727	1521.91584	1528.77986	1533.69620	1534.89116	1538.81156	1542.99593	1545.96366	1547.57925	1560.88090	1562.41767	1563.51012	1564.70342	1569.61770	1579.16608	1529.02029
31.479683	1	26	1	0	1546.15451	1502.00374	1502.22334	1502.47293	1503.64268	1504.52524	1505.52439	1510.16929	1511.43167	1512.86178	1519.01487	1526.36134	1534.26273	1535.01395	1536.02984	1539.99985	1543.87336	1546.86159	1547.75142	1553.89253	1556.17426	1561.27601	1563.08746	1564.02827	1568.75559	1571.75845	1577.81195	1529.02219
31.499683	1	22	1	0	1546.15607	1501.16884	1502.07638	1501.65511	1516.03130	1517.72705	1520.36256	1523.21266	1524.62829	1525.26077	1526.40131	1530.97867	1534.73812	1540.73200	1544.73783	1555.28830	1557.71953	1559.17734	1564.56150	1566.49231	1568.67776	1571.62328	1579.87161	1529.02200
31.519683	1	24	1	0	1546.15607	1502.46742	1502.44007	1504.33809	1510.02337	1511.11467	1511.94357	1519.57191	1520.84461	1524.84870	1532.45213	1534.31919	1539.12161	1540.28684	1541.16081	1541.95476	1543.16766	1545.61608	1547.05773	1548.83105	1550.49839	1551.17912	1554.93279	1568.05055	1572.06785	1529.02410
31.539683	1	23	1	0	1546.15335	1500.14198	1500.94313	1504.25989	1504.79935	1505.72714	1506.16287	1514.00472	1515.49796	1516.05354	1524.74303	1533.20904	1537.34892	1538.66987	1541.76262	1550.57501	1553.24551	1564.11181	1569.13708	1570.51967	1573.46246	1577.60187	1579.26727	1579.99136	1529.02410
31.559683	1	26	1	0	1546.15179	1500.43371	1501.82509	1503.34125	1512.56668	1514.64146	1515.15666	1515.60142	1521.59498	1522.79528	1524.78934	1527.45799	1532.77470	1534.66266	1538.52493	1540.01257	1544.18177	1545.37292	1552.54826	1553.82617	1556.01577	1557.82983	1559.93278	1563.09758	1563.83158	1570.61874	1572.24490	1529.02029
31.579682	1	21	1	0	1546.16267	1500.53494	1501.00266	1502.14720	1502.71580	1509.63098	1510.88986	1515.33961	1517.34506	1518.94057	1521.43367	1522.95594	1527.42707	1535.57550	1538.39368	1543.18702	1544.50212	1550.22379	1561.95334	1562.82269	1573.50755	1576.32234	1529.02409
31.599682	1	21	1	0	1546.14946	1501.41624	1510.17912	1510.58292	1513.17187	1514.97748	1515.75888	1520.62705	1523.34774	1524.79312	1530.27098	1535.82651	1537.02133	1539.81629	1542.55120	1545.10034	1553.41442	1554.23952	1561.06535	1564.66321	1565.40744	1566.49929	1529.02200
31.619682	1	24	1	0	1546.15393	1502.52047	1503.14593	1503.66639	1504.86876	1505.70077	1511.05266	1512.68128	1518.75131	1522.14337	1524.76155	1529.18360	1529.81053	1531.04251	1533.08805	1534.86185	1535.98265	1545.34652	1546.52333	1547.91699	1556.61663	1568.64854	1570.79668	1574.91278	1576.85549	1529.02390
31.639682	1	22	1	0	1546.15334	1500.07721	1501.91312	1505.91279	1512.46084	1515.28491	1517.56075	1520.08558	1520.62874	1522.58866	1524.33464	1524.81996	1528.61227	1530.31573	1537.41502	1539.18864	1541.47296	1543.38377	1544.67011	1547.06025	1551.38985	1552.64136	1564.25564	1529.02219
31.659682	1	28	1	0	1546.15976	1501.54107	1501.78090	1502.25673	1504.64065	1509.95718	1512.33567	1516.93015	1520.14927	1521.50990	1523.93666	1524.75323	1526.31947	1531.06824	1531.74671	1534.42390	1536.22439	1537.32105	1539.94180	1542.45099	1544.21027	1546.45119	1547.46806	1550.52438	1555.17305	1557.55027	1570.24776	1575.98440	1578.09842	1529.02200
31.679681	1	18	1	0	1546.15820	1502.39198	1502.17930	1502.31454	1505.47481	1512.00937	1522.35835	1531.23980	1534.71437	1540.49617	1543.10434	1547.46436	1553.03623	1558.27650	1559.98007	1562.16562	1570.30711	1575.63067	1576.98793	1529.02010
31.699681	1	17	1	0	1546.14946	1501.31525	1502.38354	1504.89840	1505.69875	1512.09377	1517.29040	1520.88222	1528.92088	1534.04514	1547.87978	1548.60463	1555.20747	1556.42614	1562.29620	1563.25236	1576.05469	1578.54606	1529.02390
31.719681	1	21	1	0	1546.15393	1501.92229	1502.41474	1504.19420	1505.25370	1506.17929	1511.68340	1513.35714	1520.65544	1528.69796	1530.52922	1531.42380	1532.59649	1536.61325	1537.41214	1538.11586	1551.05430	1556.44348	1558.37759	1571.86552	1574.26204	1575.79278	1529.02010
31.739681	1	25	1	0	1546.15820	1501.66299	1502.01070	1501.74752	1503.62724	1505.21667	1513.17690	1514.54764	1515.38927	1516.26848	1518.38174	1524.78480	1527.37490	1528.33873	1529.04766	1532.66162	1537.07397	1541.02756	1543.84720	1546.15606	1547.69396	1551.40805	1552.12484	1560.10276	1570.53371	1573.86053	1529.02599
31.759681	1	19	1	0	1546.15101	1500.77774	1501.53080	1501.92816	1503.54544	1515.81530	1518.46685	1522.44164	1524.81807	1528.13535	1530.24661	1534.70843	1537.59032	1554.98095	1561.09863	1561.84008	1567.26605	1568.58052	1571.01539	1573.67566	1529.02409
31.779680	1	20	1	0	1546.15976	1500.65194	1501.77356	1502.17930	1514.38073	1515.54053	1516.03784	1518.63504	1519.06683	1525.41154	1537.00212	1546.13565	1549.39554	1553.86976	1557.27988	1559.90726	1561.26312	1571.16932	1572.56656	1575.40704	1576.80414	1529.02200
31.799680	1	21	1	0	1546.15820	1500.47288	1501.49799	1501.88781	1502.78245	1510.80690	1512.20160	1513.19273	1514.40945	1518.27959	1524.58274	1525.91611	1538.02949	1539.20810	1547.39894	1550.99954	1556.17190	1560.26308	1563.11904	1564.12872	1568.77500	1571.47467	1529.02219
31.819680	1	23	1	0	1546.15820	1500.27575	1501.86911	1501.55830	1503.02010	1505.23749	1515.02171	1524.01012	1524.76155	1525.81237	1532.48153	1541.97989	1548.26093	1548.92858	1549.94110	1555.20983	1558.11422	1559.79667	1562.13566	1566.22060	1571.39034	1575.92039	1577.08054	1577.83118	1529.02029
31.839680	1	22	1	0	1546.15976	1502.29747	1503.01073	1503.60646	1504.56187	1514.59016	1519.44443	1520.44169	1522.41526	1524.32330	1526.53582	1528.79411	1531.01354	1531.71409	1539.60926	1547.62053	1551.06722	1557.46861	1559.72031	1564.19834	1567.93160	1569.91343	1575.19982	1529.02200
31.859679	1	20	1	0	1546.15179	1501.64741	1502.07950	1502.29233	1503.24735	1503.82727	1510.84105	1514.92225	1520.55166	1524.84303	1525.91402	1527.25731	1531.83332	1534.22272	1542.58989	1548.19992	1552.36209	1554.58981	1559.21726	1562.36328	1567.50935	1529.02010
31.879679	1	17	1	0	1546.15179	1501.77374	1502.29031	1510.63914	1519.49493	1524.68197	1526.39354	1528.50702	1531.65839	1535.62171	1538.55957	1546.53850	1557.56920	1559.34714	1565.91749	1577.19259	1577.72532	1579.43925	1529.02200
31.899679	1	27	1	0	1546.15451	1500.41778	1501.46738	1502.20609	1502.46044	1502.98153	1514.97450	1515.58778	1524.71165	1534.26713	1535.65891	1538.64889	1539.51425	1540.87407	1543.52149	1544.80127	1545.96696	1550.25818	1551.23840	1557.38203	1558.40800	1562.10967	1574.72202	1575.38363	1576.86702	1577.65853	1578.48123	1579.13343	1529.02200
31.919679	1	16	1	0	1546.15393	1502.11417	1501.85773	1502.40079	1503.16523	1504.92603	1521.93900	1530.09831	1533.28147	1536.23993	1541.24057	1552.56609	1555.60679	1559.50058	1561.50614	1566.38058	1567.98498	1529.02409
31.939679	1	22	1	0	1546.16053	1502.37308	1504.00088	1513.69185	1516.46778	1522.75738	1524.87762	1527.67542	1530.91749	1535.24925	1537.30491	1541.76784	1549.99872	1552.87504	1553.85621	1555.69691	1556.37828	1557.93560	1560.95657	1562.55543	1564.39552	1568.81702	1576.57856	1529.02010
31.959679	1	21	1	0	1546.15179	1500.88525	1501.68114	1505.39833	1505.88440	1512.07388	1514.04795	1515.62196	1516.04625	1518.65923	1519.31736	1523.31208	1523.88549	1534.64140	1538.07181	1545.79752	1547.23503	1551.54466	1552.52533	1557.92849	1567.57448	1572.93260	1529.02390
31.979678	1	27	1	0	1546.15820	1501.52512	1501.95549	1502.35087	1502.46687	1503.42505	1509.85652	1510.38146	1512.47665	1513.43945	1514.73081	1517.72761	1518.33151	1520.23740	1521.69514	1524.14441	1545.90458	1548.42096	1552.83700	1557.10105	1558.89393	1559.96385	1563.60314	1567.77850	1568.51490	1572.21636	1577.04151	1578.77341	1529.02200
31.999678	1	19	1	0	1546.15820	1500.62502	1502.06390	1503.59488	1503.82396	1512.17650	1516.42440	1517.80459	1521.25884	1524.34371	1530.41723	1531.82073	1535.72909	1545.15586	1552.56315	1557.86988	1558.46211	1568.34269	1572.64035	1579.05558	1529.02200
32.019678	1	18	1	0	1546.15393	1500.08709	1500.96639	1501.65456	1502.47715	1504.25050	1510.00501	1513.60057	1520.49752	1523.06118	1524.40247	1528.39001	1544.91945	1547.16516	1559.64001	1570.34079	1574.31483	1575.46637	1576.53471	1529.02200
32.039678	1	22	1	0	1546.14887	1501.17910	1501.76512	1502.78484	1509.88970	1511.69585	1512.38998	1515.56033	1517.27955	1524.71165	1526.37081	1527.31553	1528.77112	1530.65932	1532.99843	1534.32283	1538.05662	1539.25992	1543.63289	1558.52353	1559.68490	1563.59439	1564.25087	1529.02010
32.059678	1	19	1	0	1546.15762	1504.04373	1504.97354	1506.12082	1520.91307	1524.82639	1526.83885	1529.35379	1531.17632	1536.56257	1540.50485	1545.31370	1549.41720	1550.06202	1550.74041	1554.04784	1566.57212	1569.84830	1578.04537	1579.76730	1529.02219
32.079678	1	20	1	0	1546.16053	1500.77115	1512.76947	1516.86242	1522.60487	1523.54362	1524.78839	1525.89509	1530.77668	1531.75415	1538.99623	1540.39371	1543.42522	1544.60901	1552.38306	1554.53066	1565.50887	1566.91282	1570.75375	1572.30239	1574.62524	1529.02409
32.099677	1	25	1	0	1546.14732	1500.19724	1501.34787	1501.96411	1501.65456	1502.03639	1502.34794	1502.76795	1505.19825	1510.26961	1511.00476	1515.10234	1515.79064	1518.75356	1523.01969	1528.14104	1533.23254	1534.00725	1535.04422	1539.83133	1544.69611	1558.49746	1567.33156	1568.56832	1570.65004	1576.29143	1529.02219
32.119677	1	22	1	0	1546.15393	1501.87956	1502.69156	1505.07502	1512.82660	1516.21147	1521.21820	1522.92878	1524.49146	1528.84618	1530.14990	1533.37285	1541.12199	1552.01418	1553.46367	1557.23453	1563.63177	1565.06262	1568.72157	1571.67791	1575.16451	1576.57634	1577.91600	1529.02409
32.139677	1	22	1	0	1546.15548	1500.26495	1501.88451	1502.19747	1502.27912	1505.11775	1510.65862	1514.57823	1517.32990	1518.82802	1519.91838	1536.74017	1540.37654	1542.08855	1543.12448	1553.56434	1559.19394	1565.59576	1566.28124	1571.16210	1572.36169	1574.53150	1579.54595	1529.02219
32.159677	1	29	1	0	1546.16267	1500.69314	1501.09573	1501.77814	1503.52338	1513.33684	1516.28792	1523.05345	1523.54739	1524.83490	1525.58468	1527.08872	1528.80076	1531.21540	1532.89067	1533.39407	1538.84275	1540.66907	1542.24132	1543.75089	1546.83766	1550.63405	1555.18918	1560.86208	1561.52220	1566.07023	1569.85552	1570.54614	1572.31907	1577.18106	1529.02409
32.179676	1	27	1	0	1546.15820	1501.77503	1502.58196	1502.80890	1502.60821	1506.18666	1510.74176	1513.60895	1520.23571	1524.18729	1533.62161	1536.09277	1541.84767	1543.00909	1544.53199	1549.49958	1552.06725	1553.10859	1554.56701	1562.18686	1565.21579	1566.18171	1567.96718	1570.34801	1571.25584	1573.04989	1573.89880	1577.52335	1529.02219
32.199676	1	18	1	0	1546.14946	1504.15079	1504.75847	1516.27951	1517.88627	1520.25412	1523.22888	1532.61120	1534.28206	1535.45434	1542.00503	1552.54101	1556.03664	1558.84434	1559.89499	1561.94937	1563.79181	1565.35783	1568.97954	1529.02409
32.219676	1	24	1	0	1546.15179	1500.33047	1501.58342	1502.14995	1503.05960	1504.85292	1505.43334	1505.86596	1510.60036	1512.04265	1513.35341	1517.24866	1522.07028	1524.76438	1532.74146	1535.07009	1537.63145	1544.33184	1547.16516	1551.76039	1555.77701	1572.27364	1575.12315	1576.09225	1577.92511	1529.02219
32.239676	1	20	1	0	1546.15606	1500.42236	1502.47641	1502.49734	1503.15531	1509.95533	1510.42505	1516.44665	1521.72978	1529.76430	1537.05437	1539.72877	1541.44687	1550.67784	1564.45223	1565.75282	1572.33556	1573.93183	1574.79279	1576.54400	1579.83468	1529.02029
32.259676	1	28	1	0	1546.16053	1501.01457	1501.56894	1502.50596	1502.72663	1502.86693	1503.42670	1510.24903	1515.17532	1516.37355	1519.31398	1521.50143	1524.84492	1527.39861	1529.06553	1530.78334	1532.25624	1534.02428	1535.08522	1539.63085	1542.20786	1543.54571	1554.65151	1555.38055	1559.70231	1568.93050	1575.83457	1578.45610	1578.95705	1529.02219
32.279675	1	24	1	0	1546.14071	1500.26934	1501.00853	1501.39919	1501.60139	1502.34372	1510.73304	1515.87527	1519.71235	1522.53117	1523.49832	1524.19031	1525.68877	1527.10693	1528.00473	1532.95181	1539.55954	1543.50309	1544.67205	1549.74364	1554.47545	1559.55497	1561.44548	1567.22730	1579.77156	1529.02409
32.299675	1	21	1	0	1546.16539	1501.79392	1502.03253	1502.62786	1505.99817	1511.62617	1514.00136	1523.83546	1524.68934	1525.19910	1525.87843	1527.02407	1532.19286	1534.02715	1538.05123	1550.41980	1554.84019	1558.95756	1561.74726	1564.75578	1568.01356	1575.43529	1529.02200
32.319675	1	25	1	0	1546.16326	1502.14279	1501.89350	1510.31357	1514.05820	1514.71477	1519.12612	1521.00542	1521.95143	1524.82166	1531.42380	1535.16704	1535.73676	1537.38350	1541.27495	1542.23610	1545.61821	1546.36174	1560.63965	1562.68190	1566.80263	1568.56091	1570.20566	1573.67969	1577.33641	1578.79632	1529.02200
32.339675	1	23	1	0	1546.15606	1500.51828	1500.78049	1501.73762	1515.44623	1516.13297	1517.91381	1518.78001	1519.52384	1520.08689	1520.74908	1523.77693	1524.65362	1531.12962	1536.76014	1541.79335	1544.41601	1547.11922	1549.00252	1551.58968	1554.34343	1556.03427	1561.11508	1575.26216	1529.02409
32.359675	1	21	1	0	1546.15393	1501.92284	1502.74371	1503.28520	1505.37217	1510.07954	1511.68748	1512.56017	1520.03729	1520.96573	1527.93354	1533.29084	1539.24046	1541.95051	1544.55605	1552.02495	1560.85257	1563.79321	1574.25801	1575.44942	1578.05003	1578.65669	1529.02409
32.379674	1	13	1	0	1546.15392	1502.30756	1502.49440	1512.09525	1521.25507	1530.41322	1541.40147	1543.49010	1550.31290	1556.79929	1561.65484	1563.93996	1572.17777	1574.31241	1529.02199
32.399674	1	17	1	0	1546.15820	1501.61495	1504.74797	1512.56091	1514.99577	1518.11016	1519.62916	1540.90244	1541.71951	1548.18686	1552.73466	1553.35104	1556.92088	1558.12211	1563.87711	1564.58657	1566.50667	1567.45780	1529.02580
32.419674	1	23	1	0	1546.15820	1501.62943	1502.38739	1502.23453	1504.27092	1505.86227	1515.47890	1518.07606	1519.21432	1519.91274	1521.84087	1524.05223	1524.69236	1534.43710	1539.83788	1540.35493	1540.98701	1542.71140	1545.91779	1546.88046	1547.69901	1549.38030	1572.43566	1575.69869	1529.02009
32.439674	1	16	1	0	1546.15334	1504.72625	1511.25541	1513.82916	1515.99186	1522.63484	1524.78839	1526.19427	1531.52162	1533.11327	1535.14730	1537.52803	1550.14270	1554.54637	1559.37343	1562.46034	1570.53169	1529.02409
32.459673	1	20	1	0	1546.15820	1501.66794	1502.23067	1503.60591	1511.87387	1513.06185	1516.92996	1517.91493	1518.54240	1527.88190	1532.50902	1534.09947	1535.66849	1536.58733	1543.86250	1548.00641	1552.27333	1558.77261	1567.71634	1569.44884	1576.20476	1529.02599
32.479673	1	27	1	0	1546.15392	1500.25452	1501.16572	1502.08903	1502.03308	1502.94957	1503.44177	1511.69231	1512.98776	1513.46254	1516.37710	1519.54017	1524.77459	1527.98915	1528.73159	1529.89902	1531.71541	1532.49833	1535.89402	1539.52504	1543.75165	1547.86887	1551.30648	1556.78293	1567.64081	1568.53430	1571.26225	1576.21890	1529.02599
32.499673	1	20	1	0	1546.14887	1500.79879	1501.54492	1502.96040	1503.65370	1510.29743	1510.87890	1515.64250	1517.29339	1518.73686	1524.80521	1526.55817	1530.69856	1534.87812	1535.51645	1538.05238	1551.77644	1553.14585	1553.78377	1554.79439	1558.33059	1529.02218
32.519673	1	19	1	0	1546.15450	1501.02171	1503.66878	1505.20303	1511.18782	1519.18148	1521.46020	1521.92298	1522.89427	1524.74491	1530.25270	1532.26864	1539.97593	1547.61838	1548.44143	1549.58684	1552.30213	1564.17904	1572.68781	1575.87030	1529.02409
32.539673	1	17	1	0	1546.15975	1501.70717	1503.07373	1504.74337	1504.98256	1513.41151	1515.50897	1518.78000	1525.68138	1526.57561	1532.10124	1537.65509	1540.40875	1543.03348	1547.53348	1554.39548	1557.07069	1565.71155	1529.02409
32.559673	1	24	1	0	1546.15392	1503.41420	1511.87331	1512.75979	1515.70638	1517.00667	1521.13033	1522.72910	1527.78643	1529.33990	1535.17317	1538.28938	1541.88883	1544.76168	1546.43387	1551.54368	1557.19115	1566.30856	1567.80528	1573.04023	1575.15986	1576.77401	1577.77368	1578.32159	1579.07341	1529.02199
32.579672	1	25	1	0	1546.15334	1500.07171	1500.81656	1501.70406	1502.26627	1502.97877	1514.71533	1515.93188	1521.05809	1521.55601	1522.25622	1524.55628	1526.11321	1532.36772	1532.94550	1537.97467	1539.90864	1543.21335	1547.87978	1552.61705	1553.64539	1558.90815	1560.27257	1560.91873	1564.35572	1570.28044	1529.02599
32.599672	1	27	1	0	1546.16053	1500.21609	1501.02098	1502.48962	1503.36238	1503.76365	1504.19365	1504.68501	1510.08807	1513.73916	1516.30942	1518.30713	1524.11702	1524.74755	1527.77277	1530.87708	1534.70842	1538.10316	1540.02992	1541.32806	1542.29933	1544.28026	1560.87614	1561.48968	1562.71227	1565.78192	1574.35393	1575.23290	1529.02199
32.619672	1	21	1	0	1546.16053	1501.25660	1511.68432	1512.75310	1518.41098	1520.64641	1521.46773	1522.30992	1523.15643	1523.74804	1524.77270	1528.61188	1531.53669	1533.76237	1537.39849	1538.12566	1541.33019	1548.95257	1553.00033	1557.99559	1563.21420	1567.56708	1529.02599
32.639672	1	15	1	0	1546.15820	1502.08665	1502.00300	1504.04262	1504.48254	1509.73104	1511.23740	1513.12793	1515.48917	1521.78401	1524.71164	1532.69657	1543.98054	1545.32243	1558.77123	1570.31051	1529.02218
32.659672	1	15	1	0	1546.15392	1500.39819	1501.57168	1502.76629	1514.02856	1522.83299	1524.05412	1526.86406	1527.52932	1543.76251	1548.95023	1552.28881	1560.30622	1565.35305	1572.87526	1576.80656	1529.02199
32.679671	1	29	1	0	1546.15392	1500.59352	1501.34732	1502.17893	1502.32554	1503.68183	1504.91681	1510.77534	1520.98773	1531.08977	1533.15532	1534.09392	1539.16282	1540.12268	1542.84184	1548.26657	1549.29345	1552.44301	1553.28101	1555.04032	1556.56836	1560.22823	1562.61041	1564.51333	1567.23888	1567.93160	1568.59632	1574.55609	1577.49562	1578.72335	1529.02599
32.699671	1	26	1	0	1546.16053	1500.95521	1501.74807	1502.02244	1503.90707	1504.60493	1505.49268	1512.68797	1513.13426	1513.94898	1519.54524	1521.36290	1524.77459	1526.42498	1527.02842	1528.65254	1532.88856	1533.61511	1536.38847	1536.95468	1540.51777	1544.54945	1553.35163	1556.03210	1564.63354	1571.49374	1579.16303	1529.02009
32.719671	1	18	1	0	1546.15178	1500.99680	1501.64575	1502.29728	1502.44172	1505.27433	1510.08325	1512.42494	1515.20108	1521.24642	1522.41526	1537.16867	1539.91307	1552.13404	1556.85998	1560.29058	1563.45028	1569.53116	1571.14041	1529.02028
32.739671	1	24	1	0	1546.15178	1500.73488	1501.39112	1501.63053	1504.23118	1511.55817	1512.71793	1519.54017	1522.46294	1526.50247	1529.19158	1530.10649	1531.54451	1532.97511	1533.98027	1541.20387	1542.16435	1546.17569	1549.90281	1552.36091	1554.17332	1565.15145	1566.94436	1569.62731	1575.00454	1529.02409
32.759670	1	21	1	0	1546.15548	1500.55837	1502.35197	1502.65502	1504.20524	1505.40846	1516.16343	1516.61682	1517.61524	1518.06256	1520.04010	1522.45238	1526.00092	1527.98706	1529.84669	1535.55958	1545.56790	1548.95257	1550.29961	1559.48397	1578.58921	1579.60194	1529.02409
32.779670	1	15	1	0	1546.15761	1501.78657	1516.43468	1516.93632	1518.30038	1524.71410	1526.05413	1526.92150	1531.89590	1543.94797	1547.20233	1554.80481	1564.16710	1566.19766	1572.63894	1538.89897	1529.02218
32.799670	1	25	1	0	1546.15100	1502.08977	1501.71469	1502.96040	1511.61910	1512.39983	1512.88187	1515.66174	1518.11878	1519.50487	1520.62347	1523.35679	1524.80710	1525.99524	1527.13878	1528.82584	1531.80813	1539.71701	1541.23940	1545.75205	1547.73173	1555.99726	1561.52934	1565.52501	1577.50493	1579.53032	1529.02389
32.819670	1	24	1	0	1546.15975	1500.82773	1501.79978	1503.82727	1504.42935	1505.52659	1517.52779	1523.38038	1524.75058	1528.28536	1532.24134	1533.32811	1534.54853	1540.27969	1542.18388	1549.13811	1550.97176	1552.27333	1552.95602	1553.93199	1556.06006	1557.71005	1568.31548	1570.31091	1573.56190	1529.02199
32.839670	1	24	1	0	1546.15392	1500.96016	1502.18003	1503.18010	1503.64102	1504.99987	1505.72916	1511.74341	1512.57002	1517.11165	1520.33511	1520.99018	1523.00667	1528.00852	1533.22393	1534.51617	1542.12973	1544.37218	1554.84373	1560.70401	1563.96820	1568.08213	1571.93141	1572.79742	1579.87993	1529.02389
32.859670	1	26	1	0	1546.15392	1502.54653	1502.70533	1506.03947	1516.17203	1516.89123	1517.89413	1523.51304	1524.76060	1530.24546	1531.15573	1533.38566	1537.21824	1541.35047	1542.91907	1543.70806	1545.58091	1548.14944	1550.08233	1550.81139	1555.46139	1556.49685	1558.46230	1559.51007	1569.37494	1575.41188	1578.77584	1529.02409
32.879669	1	16	1	0	1546.14673	1501.58910	1501.85131	1512.59942	1517.24098	1521.57540	1523.19642	1526.38406	1529.24368	1530.31363	1547.82991	1549.63897	1551.28848	1560.51529	1564.84556	1572.28067	1577.02048	1529.02409
32.899669	1	13	1	0	1546.15392	1500.49429	1503.17183	1503.97972	1523.55267	1524.76986	1528.61302	1538.53551	1541.63719	1544.05943	1556.02502	1559.16547	1561.50336	1576.59917	1529.02009
32.919669	1	17	1	0	1546.15178	1500.50015	1502.54029	1502.49917	1502.74958	1504.23633	1510.08695	1520.17895	1524.25358	1530.31572	1530.98266	1535.84511	1550.94770	1559.42741	1568.22789	1571.37086	1575.37010	1579.57495	1529.02409
32.939669	1	15	1	0	1546.15334	1500.29258	1500.89294	1502.54065	1502.90292	1505.32334	1511.63062	1515.01368	1516.12231	1520.28099	1524.78480	1526.45359	1554.46876	1557.78996	1564.46775	1575.11145	1529.01990
32.959669	1	21	1	0	1546.15178	1501.42668	1502.22590	1503.17551	1504.57916	1511.63991	1512.67830	1517.25932	1521.91055	1522.48178	1523.12266	1524.53927	1527.32331	1533.02403	1534.18004	1556.54571	1557.96756	1565.11281	1569.10043	1573.04968	1575.39291	1577.12988	1529.02599
32.979668	1	19	1	0	1546.15606	1502.05234	1502.24737	1501.92376	1502.27453	1502.26444	1502.57828	1504.69311	1506.16120	1511.75660	1513.96892	1523.41528	1524.81447	1534.57649	1554.44126	1562.92158	1565.71653	1572.42159	1575.13626	1577.39911	1529.02409
32.999668	1	28	1	0	1546.15178	1501.34420	1501.81940	1502.01088	1502.48026	1502.30040	1504.52192	1513.18695	1514.71645	1516.78347	1517.25895	1520.49037	1520.93413	1522.92124	1524.76060	1526.30337	1526.89458	1531.92528	1533.09416	1537.75257	1538.95674	1543.59239	1544.58436	1545.80626	1547.01004	1548.83533	1552.41303	1555.66601	1559.42445	1529.02409
33.019668	1	31	1	0	1546.15684	1500.14893	1501.66262	1502.01620	1502.52946	1504.94149	1505.59644	1509.75866	1512.23172	1513.39345	1517.86303	1519.76455	1521.87684	1523.10286	1523.68933	1525.77942	1532.23065	1534.27133	1542.41403	1543.76754	1544.70930	1548.80042	1550.40651	1555.51687	1556.20222	1561.23002	1564.27016	1567.55789	1569.86513	1574.83977	1577.34995	1578.39998	1529.02199
33.039668	1	21	1	0	1546.15761	1500.66035	1501.87570	1504.26687	1510.51149	1516.10680	1516.89684	1518.02640	1521.82374	1541.77131	1543.64489	1552.37541	1553.36890	1554.26446	1556.48208	1562.43413	1565.48475	1566.47993	1572.74030	1574.68652	1577.63990	1579.27841	1529.02199
33.059668	1	24	1	0	1546.16422	1502.36995	1505.26954	1511.03056	1513.17634	1514.54782	1517.01472	1518.02078	1524.67384	1528.94311	1530.45779	1531.38241	1541.35607	1543.62629	1545.24671	1547.82991	1550.96452	1557.93658	1559.11388	1561.83016	1568.36408	1570.78945	1573.62029	1577.90668	1579.12896	1529.02199
33.079667	1	17	1	0	1546.16053	1500.90667	1501.90028	1504.22603	1513.77661	1514.57449	1519.85001	1522.92670	1523.91475	1526.13972	1529.99894	1533.98715	1537.65317	1545.25234	1549.34127	1557.52442	1561.23002	1569.58604	1529.02389
33.099667	1	19	1	0	1546.16539	1500.42327	1502.14756	1502.01712	1502.33270	1505.89988	1524.89747	1525.93655	1534.31861	1536.36697	1539.30075	1539.93505	1541.63294	1544.50134	1545.38535	1547.23055	1549.03509	1551.53800	1555.37366	1575.88060	1529.02218
33.119667	1	27	1	0	1546.15606	1502.24609	1504.24387	1509.66155	1515.85789	1517.59782	1518.47154	1520.58154	1521.10041	1523.71519	1524.75606	1525.38108	1526.25128	1534.03441	1535.85739	1540.20871	1542.96921	1544.65711	1545.89797	1546.90672	1548.82441	1549.54116	1554.96875	1572.44752	1573.57519	1574.17700	1578.37406	1579.82615	1529.02218
33.139667	1	26	1	0	1546.15606	1501.47287	1501.76989	1501.59478	1502.13545	1505.81617	1509.61522	1522.38868	1524.75871	1527.48682	1534.46257	1536.98483	1539.28129	1544.49999	1546.31138	1549.02046	1549.98016	1551.94132	1554.84490	1556.01813	1559.62457	1561.29978	1564.73944	1568.55371	1569.19493	1577.43513	1579.72753	1529.02409
33.159667	1	23	1	0	1546.15820	1500.84989	1501.57846	1501.59973	1504.60236	1510.70742	1511.21103	1517.21758	1518.96458	1519.81338	1524.72279	1525.67684	1528.68313	1536.94603	1538.25745	1543.25033	1548.06721	1549.71317	1554.85414	1560.86900	1562.70274	1564.54935	1570.23453	1573.78722	1529.02218
33.179666	1	31	1	0	1546.15606	1500.04061	1501.34402	1501.51485	1502.99365	1503.93172	1505.92791	1511.97665	1512.69802	1515.03720	1517.65176	1520.72387	1524.76797	1526.49148	1527.15983	1528.79753	1529.26630	1538.00352	1538.56592	1542.52681	1543.96309	1544.96311	1546.70440	1555.82168	1562.43652	1564.76393	1566.51644	1567.71395	1569.19233	1570.60410	1572.74271	1578.19400	1529.02028
33.199666	1	26	1	0	1546.15975	1501.67252	1503.07906	1503.53532	1503.94772	1504.30882	1505.38303	1509.86616	1516.88300	1521.55601	1524.75493	1527.00415	1529.79454	1534.01069	1547.81452	1548.68515	1549.62374	1551.85124	1552.55276	1553.55314	1555.69454	1556.43185	1561.00907	1561.99598	1571.82473	1575.35355	1562.44842	1529.02408
33.219666	1	20	1	0	1546.15178	1500.11270	1504.41187	1509.68341	1511.91884	1521.68365	1524.76438	1526.68552	1528.57559	1531.93215	1539.55664	1544.43559	1545.84337	1550.16439	1551.54681	1553.03230	1560.87851	1566.12606	1570.07757	1573.78480	1576.47407	1529.02199
33.239666	1	22	1	0	1546.14809	1503.62539	1512.42215	1513.68010	1516.41299	1520.90760	1524.83867	1526.86197	1539.65763	1542.18832	1542.71063	1544.95224	1548.00856	1548.98124	1555.70478	1556.97469	1558.45282	1560.04635	1561.10635	1567.73093	1568.84123	1575.74068	1578.01985	1529.02408
33.259666	1	25	1	0	1546.15606	1501.91367	1502.22700	1502.18443	1502.11343	1502.40538	1504.63070	1511.25987	1511.83317	1515.13798	1516.24417	1518.34537	1521.99926	1525.51617	1528.73386	1530.78696	1537.28857	1542.14269	1544.12902	1545.70776	1547.84510	1548.97207	1564.41720	1568.73617	1574.23201	1575.91553	1529.02180
33.279665	1	19	1	0	1546.14731	1500.79513	1501.61861	1501.59368	1502.19251	1510.26961	1517.05663	1517.76450	1524.80597	1528.69016	1531.95505	1536.10350	1542.75262	1545.67939	1557.16196	1560.72718	1565.48714	1573.84401	1576.52480	1578.72578	1529.02199
33.299665	1	21	1	0	1546.15178	1502.05032	1501.85186	1502.60912	1505.21427	1505.87886	1513.52139	1515.93356	1516.53902	1522.99724	1528.54728	1533.32716	1544.24749	1546.00951	1547.20874	1556.22959	1558.86567	1560.54261	1567.57747	1569.42581	1571.36404	1573.74916	1529.02218
33.319665	1	16	1	0	1546.16208	1504.05458	1512.15158	1519.43654	1522.67932	1524.06791	1524.90673	1535.52086	1536.94142	1537.77180	1540.06444	1540.83314	1546.47957	1547.69025	1553.21627	1568.59512	1575.43064	1529.02218
33.339665	1	28	1	0	1546.15450	1501.99621	1502.07747	1501.59258	1502.53716	1502.78318	1503.02818	1504.12926	1504.89969	1506.18168	1511.08347	1513.45416	1513.91562	1515.96607	1516.50125	1519.15708	1520.33511	1524.75493	1533.58145	1536.15108	1550.13390	1557.32108	1558.28814	1562.25511	1563.56020	1565.12555	1573.57861	1577.31556	1579.67822	1529.02408
33.359665	1	24	1	0	1546.15100	1500.45695	1500.85850	1502.07857	1502.42575	1502.43584	1524.78763	1527.71432	1528.69605	1534.00074	1535.52086	1538.12355	1539.81686	1543.37234	1545.00212	1546.95984	1552.47515	1553.59573	1561.06950	1572.24007	1573.79950	1574.99042	1576.07811	1576.94384	1579.17195	1529.02199
33.379664	1	23	1	0	1546.15819	1502.15765	1502.85737	1503.98064	1505.77875	1510.03411	1510.85088	1517.08583	1517.87596	1520.90948	1522.68460	1535.33319	1535.94293	1540.30766	1544.37760	1546.72929	1548.75478	1554.18295	1554.77965	1556.45864	1557.36329	1564.45083	1565.38672	1565.99345	1529.02408
33.399664	1	28	1	0	1546.16053	1500.87901	1501.60413	1502.04335	1502.66016	1503.82396	1510.93459	1511.90955	1512.48167	1513.30015	1514.10256	1516.28268	1517.57422	1518.78356	1524.76249	1526.89799	1530.07546	1532.68052	1536.26967	1538.14952	1541.74329	1552.36306	1554.71872	1567.19514	1570.04129	1570.74631	1574.77867	1577.02978	1579.41024	1529.02408
33.419664	1	25	1	0	1546.15897	1502.58673	1502.56231	1502.92257	1502.89649	1512.68369	1513.09051	1513.76189	1518.01572	1521.21668	1523.38283	1524.00917	1524.76060	1527.66953	1535.90860	1536.54318	1537.95236	1541.72164	1543.86502	1548.27905	1548.71772	1553.80870	1560.96607	1564.50496	1567.66678	1574.16995	1529.02009
33.439664	1	25	1	0	1546.15683	1502.12444	1502.15526	1503.10367	1505.60639	1511.91234	1513.11118	1515.62363	1520.54808	1524.73678	1525.68573	1526.64401	1531.56949	1534.28281	1540.19173	1542.75243	1545.20089	1546.07384	1546.92053	1550.70189	1557.89573	1568.81582	1569.58684	1577.57879	1578.56651	1579.84989	1529.02199
33.459664	1	26	1	0	1546.15450	1500.01792	1501.68865	1502.99585	1506.09001	1510.33805	1511.86457	1513.71420	1521.98325	1523.22981	1524.85606	1527.31553	1528.71182	1534.04149	1537.10316	1538.43870	1541.17683	1542.77004	1547.71206	1552.01397	1558.00269	1558.66277	1565.10524	1567.14222	1570.65986	1571.50579	1572.94506	1529.02408
33.479663	1	22	1	0	1546.15392	1501.45894	1501.77759	1502.28554	1513.93388	1515.10887	1515.48338	1519.11036	1520.00873	1530.58597	1536.62112	1542.93514	1547.90608	1553.73842	1556.15712	1560.57350	1562.98594	1570.56318	1571.24138	1573.23742	1575.44517	1578.34448	1579.81092	1529.02408
33.499663	1	18	1	0	1546.15606	1501.61971	1503.31331	1504.01172	1504.43708	1505.89877	1509.90916	1511.41662	1512.39164	1520.49751	1526.92718	1528.04762	1533.02403	1545.35758	1548.70037	1556.48523	1569.44043	1572.48552	1574.36682	1529.02218
33.519663	1	17	1	0	1546.16422	1500.05067	1501.83865	1503.99480	1506.13685	1511.46417	1524.77364	1540.23706	1546.22118	1549.97254	1552.23336	1557.28598	1562.86458	1564.36526	1565.57841	1567.40945	1568.06713	1577.70345	1529.02389
33.539663	1	15	1	0	1546.15022	1502.42354	1503.60995	1505.57395	1521.55413	1524.75984	1536.53876	1541.50541	1550.24293	1552.90444	1554.80598	1559.95177	1560.95656	1562.52227	1563.60075	1571.88600	1529.02199
33.559663	1	33	1	0	1546.15392	1501.89551	1502.29545	1502.44814	1503.13582	1503.43258	1503.96611	1510.31672	1512.46065	1513.01661	1513.99203	1515.40794	1519.26405	1520.04893	1522.74908	1524.78385	1525.84643	1528.93322	1532.58063	1533.28854	1535.23372	1536.64493	1539.41770	1540.93487	1541.92053	1555.84982	1557.64889	1558.69260	1562.67435	1563.43120	1563.98053	1564.80435	1569.54718	1579.58449	1529.02199
33.579662	1	23	1	0	1546.15606	1501.41422	1502.57883	1510.03967	1510.93663	1513.22083	1513.94861	1516.92640	1518.07381	1520.74850	1523.44434	1524.27946	1533.41452	1537.25840	1550.24508	1551.77213	1554.11303	1556.39817	1557.63489	1558.87041	1560.00618	1569.65155	1571.93864	1576.62221	1529.02218
33.599662	1	20	1	0	1546.15392	1501.07099	1502.45933	1502.98648	1502.80026	1503.35153	1504.54493	1510.26961	1519.48929	1526.26832	1526.94500	1534.51196	1535.46910	1536.40881	1537.47190	1555.58140	1558.62445	1563.05486	1564.32587	1568.78480	1576.20011	1529.02808
33.619662	1	23	1	0	1546.15975	1500.24170	1503.77652	1505.04702	1511.56151	1512.05249	1513.17894	1513.95028	1515.95916	1517.05663	1518.41098	1520.49394	1523.74955	1524.75871	1531.06595	1534.80993	1535.85029	1540.13117	1541.79296	1551.31490	1554.10223	1557.29289	1566.79284	1572.28067	1529.02389
33.639662	1	24	1	0	1546.15819	1500.61659	1501.23003	1501.59368	1504.91258	1505.86595	1517.12531	1518.48016	1519.34456	1523.75899	1524.83489	1525.95169	1526.38993	1532.02604	1539.35450	1542.95469	1544.49242	1547.86945	1548.43402	1552.84170	1560.15698	1565.71653	1572.47124	1578.47656	1579.21514	1529.02389
33.659662	1	18	1	0	1546.16053	1500.70631	1501.00577	1502.00116	1501.57663	1503.88629	1515.63727	1517.35741	1524.90428	1531.47986	1532.97721	1540.35493	1542.96630	1547.41354	1548.76999	1559.74483	1563.58007	1572.46180	1549.06397	1529.02180
33.679661	1	24	1	0	1546.15819	1500.18205	1501.25404	1504.40690	1506.23867	1516.68209	1520.26708	1521.69871	1522.21853	1527.19149	1529.12750	1529.49890	1530.06994	1537.99179	1538.51203	1541.03412	1541.85848	1550.69543	1556.87161	1560.25139	1566.59406	1568.63393	1572.43566	1574.19594	1575.77359	1529.02199
33.699661	1	19	1	0	1546.15606	1501.70296	1503.61142	1505.30786	1511.71962	1514.14077	1516.37111	1517.86565	1521.27972	1523.83545	1524.84604	1531.38642	1540.04940	1550.00633	1554.54637	1560.20943	1568.36888	1570.59226	1572.32369	1574.23120	1529.02199
33.719661	1	24	1	0	1546.15333	1500.02487	1500.97225	1501.93623	1502.16425	1502.44777	1503.47430	1504.31379	1506.25454	1510.90656	1511.34920	1515.07975	1517.98106	1519.38098	1522.73079	1524.17689	1527.23682	1533.23464	1534.58510	1546.15975	1562.56495	1571.21970	1572.84026	1576.72509	1579.47575	1529.02408
33.739661	1	23	1	0	1546.15683	1500.06805	1501.42741	1504.64561	1511.46900	1512.05101	1515.57395	1518.32606	1518.76800	1519.19742	1523.89096	1527.04150	1528.51176	1535.80484	1537.13178	1539.32888	1546.66725	1547.54302	1550.40651	1550.93459	1557.60668	1568.92329	1572.10060	1574.75487	1529.02028
33.759660	1	23	1	0	1546.15450	1502.50963	1502.50981	1509.54147	1511.04207	1511.92721	1515.17028	1515.93337	1518.86740	1519.40012	1524.91468	1526.40414	1535.32457	1537.36101	1537.79756	1538.32863	1539.08731	1539.79334	1545.96267	1551.07210	1551.66445	1555.54441	1561.46787	1579.99561	1529.02218
33.779660	1	12	1	0	1546.16208	1500.37860	1501.81885	1503.38829	1511.30983	1515.01163	1517.70869	1518.45953	1529.48197	1539.44044	1544.43772	1550.12804	1579.09084	1529.02199
33.799660	1	18	1	0	1546.15606	1506.21433	1510.43468	1512.52742	1524.80786	1527.29827	1529.43784	1539.10253	1543.07161	1543.93692	1548.96544	1551.19456	1554.76589	1560.19518	1564.16949	1565.71653	1575.49664	1576.95314	1579.79753	1529.02199
33.819660	1	27	1	0	1546.16480	1500.99313	1501.40322	1502.56231	1502.81348	1503.54911	1503.87342	1505.36866	1510.42393	1510.96726	1511.48869	1515.13444	1520.35428	1522.77359	1524.76249	1528.29523	1531.39061	1532.01497	1539.57476	1542.37496	1549.53686	1550.31270	1552.76112	1553.94219	1566.43663	1573.47674	1576.74834	1578.73652	1529.02408
33.839660	1	24	1	0	1546.14945	1502.43456	1503.00687	1503.51620	1505.01460	1511.54702	1512.03074	1515.87900	1521.27972	1524.74755	1527.77922	1528.87829	1532.08215	1533.37074	1534.32129	1536.68237	1552.30213	1553.12879	1556.17898	1558.15192	1560.02736	1565.73108	1566.96751	1570.65986	1572.90926	1529.02218
33.859660	1	21	1	0	1546.15683	1500.02579	1501.50257	1503.01789	1504.28288	1514.18887	1520.03672	1523.34037	1524.17443	1528.42951	1530.02273	1531.83541	1535.69994	1540.79877	1543.72976	1552.59255	1554.40923	1562.04915	1566.03871	1570.34961	1574.55206	1577.36209	1529.02408
33.879659	1	19	1	0	1546.15683	1500.18387	1502.07582	1502.63648	1506.24200	1524.49165	1527.96295	1540.72735	1542.30146	1550.47199	1553.17822	1554.11597	1555.45509	1556.42712	1560.02973	1564.18620	1570.03888	1571.71686	1574.63894	1579.38468	1529.02389
33.899659	1	17	1	0	1546.15606	1501.35630	1501.99804	1504.84242	1529.63681	1530.18568	1534.22712	1535.07161	1537.21190	1540.47455	1541.92923	1543.08730	1544.53043	1545.52614	1546.92715	1561.43001	1566.87049	1572.80466	1529.02199
33.919659	1	28	1	0	1546.15178	1501.83535	1502.49972	1502.25104	1501.85828	1502.12095	1502.63942	1504.14085	1515.46508	1516.55361	1518.22429	1523.04439	1523.98330	1524.77440	1527.83198	1549.09148	1550.57011	1555.00316	1557.13614	1558.71690	1559.75808	1560.61607	1568.32528	1569.04979	1572.15827	1573.31551	1574.23604	1578.80300	1557.93085	1529.02199
33.939659	1	18	1	0	1546.15392	1502.28939	1504.91497	1506.07913	1510.76420	1512.67830	1520.77013	1528.11578	1529.22561	1533.72833	1536.14686	1538.04257	1545.65317	1549.68486	1557.59740	1561.60031	1571.09947	1571.93623	1578.15734	1529.02028
33.959658	1	22	1	0	1546.15606	1501.41587	1502.00978	1510.25217	1511.79377	1516.14791	1517.46562	1518.13283	1518.74136	1520.63400	1522.58752	1524.04940	1524.77553	1530.68198	1531.54279	1533.78590	1536.22035	1538.20261	1541.02543	1545.93955	1550.00536	1571.94567	1576.17829	1529.02408
33.979658	1	24	1	0	1546.15606	1501.12357	1501.88304	1502.23764	1502.72828	1504.09210	1505.06064	1511.11578	1517.07815	1519.38530	1520.21127	1524.66779	1525.85647	1526.43256	1527.71242	1529.29121	1538.77921	1540.80939	1542.63110	1549.80906	1550.42625	1554.97406	1559.28803	1562.90867	1572.33334	1529.02199
33.999658	1	20	1	0	1546.15178	1502.35417	1502.46870	1505.23527	1514.34511	1520.68175	1522.52023	1524.37298	1529.45192	1535.06510	1540.17881	1542.02764	1548.71538	1550.04443	1550.82977	1554.00110	1554.56229	1564.09032	1566.09315	1567.06954	1571.39977	1529.02408
34.019658	1	25	1	0	1546.15819	1502.57039	1503.52245	1506.18131	1510.38478	1511.26172	1512.13485	1514.77782	1516.04680	1517.66692	1522.44427	1523.25886	1524.78385	1527.86235	1532.08024	1537.07722	1541.09398	1545.81053	1547.56269	1548.23909	1559.13759	1564.01155	1565.59296	1570.10502	1577.67471	1579.51287	1529.02199
34.039658	1	19	1	0	1546.16480	1501.44794	1504.62591	1513.89475	1521.20088	1524.75606	1531.06709	1533.50056	1545.69027	1548.44357	1549.88464	1551.82088	1557.67473	1558.78209	1563.19254	1566.42187	1572.36409	1574.82323	1577.51646	1578.53247	1529.02598
34.059657	1	23	1	0	1546.16480	1501.70424	1502.31361	1505.11553	1511.03390	1515.51214	1520.55334	1521.02648	1522.64482	1524.83111	1527.16172	1527.68756	1533.64494	1543.22845	1544.84046	1551.12237	1554.85512	1555.58947	1560.09127	1564.29463	1564.87662	1569.79980	1573.39300	1577.55956	1529.02028
34.079657	1	23	1	0	1546.15100	1502.19250	1504.34967	1504.78295	1509.90582	1511.19357	1516.46048	1517.32839	1522.53022	1524.76797	1525.86555	1528.69700	1531.65704	1538.28322	1541.32883	1543.63172	1549.64326	1553.05485	1555.78940	1557.37255	1562.78931	1565.68504	1566.82997	1569.87475	1529.02028
34.099657	1	26	1	0	1546.16052	1500.46518	1501.72752	1502.11526	1503.54690	1510.12644	1510.93904	1512.96059	1520.46236	1521.73505	1524.78290	1526.10166	1529.17959	1529.65831	1530.35495	1538.75841	1539.37377	1540.65227	1543.67434	1544.70929	1550.65085	1554.15525	1559.05201	1561.49860	1567.20293	1568.98913	1576.12274	1529.02408
34.119657	1	25	1	0	1546.15819	1501.56581	1502.48833	1502.61114	1504.44425	1505.32591	1510.25143	1519.79591	1520.65505	1522.66990	1523.55456	1530.80143	1532.20755	1534.06292	1534.92677	1535.82286	1539.20809	1540.08816	1541.46599	1545.23253	1553.56884	1557.34061	1558.78170	1564.51451	1574.31482	1579.81052	1529.02598
34.139657	1	30	1	0	1546.14886	1500.28141	1501.97438	1502.76371	1505.68399	1510.36234	1511.05729	1513.63427	1514.07683	1514.78472	1515.31943	1516.53977	1520.31293	1521.16720	1523.54550	1524.16952	1524.74396	1525.88789	1526.85192	1528.04762	1532.11326	1533.36539	1538.29419	1543.55751	1545.65336	1549.49547	1553.15350	1567.44840	1572.72602	1575.01623	1576.61877	1529.02009
34.159657	1	17	1	0	1546.15819	1509.69490	1514.06323	1515.78596	1521.93014	1526.99714	1529.52324	1534.89325	1537.17366	1545.49118	1546.88921	1549.92155	1555.84018	1557.10104	1561.48433	1570.41337	1575.11992	1579.30396	1529.02199
34.179657	1	19	1	0	1546.15178	1502.66971	1503.35576	1505.57487	1514.30595	1518.40104	1520.49582	1521.73674	1524.73829	1525.81236	1527.44432	1536.78394	1542.48754	1543.81483	1545.97025	1550.18236	1559.97294	1563.75124	1571.86310	1574.39524	1529.02218
34.199656	1	21	1	0	1546.15683	1500.94605	1501.80546	1503.79398	1505.17227	1506.08189	1509.86764	1512.20327	1515.78615	1520.98942	1522.82563	1524.40794	1526.36417	1530.15027	1531.34313	1537.50169	1539.28784	1541.95398	1547.96725	1554.14327	1557.01628	1562.57706	1529.02218
34.219656	1	24	1	0	1546.15761	1502.10297	1501.81096	1502.98262	1504.43505	1504.90079	1509.56927	1510.30596	1511.17371	1516.85231	1519.64662	1521.67386	1522.58563	1526.29749	1527.12815	1528.77909	1545.29486	1546.68922	1548.92642	1552.24296	1568.78640	1572.14862	1574.28782	1578.15734	1579.05070	1529.02199
34.239655	1	19	1	0	1546.15392	1500.36835	1501.53355	1501.82141	1501.66298	1504.77558	1511.86847	1519.89396	1528.88913	1530.23651	1531.40911	1534.23688	1543.77781	1551.58321	1556.78056	1560.06515	1563.48665	1568.77739	1574.70769	1579.96517	1529.02389
34.259655	1	23	1	0	1546.15392	1500.04609	1501.01035	1501.68242	1504.09946	1513.24019	1520.03371	1524.75417	1530.12609	1533.23884	1534.31861	1536.80314	1540.73372	1543.18701	1554.55089	1557.78049	1558.58021	1563.29527	1566.11868	1571.70481	1573.16880	1574.47666	1579.14234	1579.89819	1529.02598
34.279655	1	16	1	0	1546.15819	1500.26622	1501.79042	1512.48315	1515.25055	1524.70672	1528.70992	1530.20281	1531.67173	1539.01778	1540.14640	1557.71735	1560.34878	1565.65853	1569.97374	1573.47674	1574.63652	1529.02009
34.299655	1	14	1	0	1546.15683	1512.53579	1514.28898	1515.49010	1516.35316	1521.38228	1522.00642	1522.64124	1524.39320	1529.08758	1538.10835	1547.40477	1549.42383	1552.21788	1560.34799	1529.02199
34.319655	1	30	1	0	1546.15178	1501.05358	1502.50999	1502.48907	1502.62271	1502.42740	1504.39217	1504.78166	1505.30012	1510.09325	1510.58755	1513.30592	1514.21888	1518.78131	1521.71189	1524.26491	1524.93018	1530.12342	1536.74707	1539.52503	1543.56197	1544.91226	1547.70193	1553.08623	1555.78408	1559.04075	1565.50328	1568.43448	1570.99712	1575.07977	1577.85424	1529.02218
34.339655	1	21	1	0	1546.15450	1500.56075	1501.45491	1501.79611	1501.67912	1503.08732	1506.06972	1511.83316	1515.86854	1526.64780	1534.23917	1535.96921	1544.02201	1554.85964	1558.13060	1560.59706	1563.57451	1564.72750	1566.83895	1571.23174	1571.83096	1575.34346	1529.02028
34.359654	1	25	1	0	1546.15819	1500.24426	1505.26456	1509.58891	1511.77054	1512.16329	1513.28153	1514.02260	1518.51484	1519.67423	1522.32065	1523.27773	1524.80048	1527.41530	1527.82534	1529.95820	1532.62284	1533.65144	1538.91283	1541.61786	1557.10104	1557.96855	1559.72723	1565.67308	1567.73832	1568.86304	1529.02199
34.379654	1	23	1	0	1546.16052	1501.58323	1502.48778	1502.31857	1504.72956	1509.84558	1511.30202	1512.40150	1513.88058	1517.61392	1518.21229	1524.40794	1525.96873	1530.66559	1539.10850	1541.22858	1549.07626	1554.82308	1559.64593	1563.00639	1568.34228	1571.88841	1573.11648	1578.28230	1529.02408
34.399654	1	25	1	0	1546.15683	1501.21262	1502.93671	1503.22548	1506.23812	1511.03873	1512.29531	1513.86698	1518.38998	1524.11644	1524.65796	1526.22476	1533.75166	1544.84512	1546.84854	1559.08087	1560.80284	1562.43889	1563.31196	1568.70455	1570.34560	1571.17313	1572.03669	1575.78772	1576.60644	1578.49256	1529.02408
34.419654	1	33	1	0	1546.15819	1500.76656	1501.98061	1502.12572	1502.95048	1503.45518	1504.69200	1512.26351	1514.11598	1518.91092	1520.10191	1520.99300	1523.13115	1524.74869	1526.21017	1526.89268	1528.96477	1533.46653	1534.44993	1537.68970	1538.79211	1541.67854	1544.66331	1547.06686	1549.76765	1551.74139	1555.23971	1555.90021	1557.93934	1561.11745	1562.67672	1572.67011	1574.99203	1576.86943	1529.02199
34.439654	1	27	1	0	1546.15819	1501.93806	1502.28572	1502.12040	1504.26723	1505.41362	1506.10476	1511.31669	1514.37214	1518.95613	1521.85556	1524.86722	1530.54521	1534.24625	1534.93003	1537.91851	1539.93100	1542.55506	1545.72524	1546.39246	1552.20848	1556.31742	1557.89572	1560.50360	1564.79280	1570.62094	1574.67201	1578.33232	1529.02009
34.459653	1	19	1	0	1546.16208	1501.83939	1502.25489	1503.47797	1505.13156	1516.12866	1524.85058	1526.59398	1530.18454	1533.20692	1540.65382	1542.18542	1544.54576	1545.67745	1547.73173	1558.91368	1561.60507	1565.40504	1573.13318	1576.31263	1529.02199
34.479653	1	13	1	0	1546.15178	1500.95778	1505.82225	1510.87259	1525.39223	1526.27287	1539.94604	1541.04493	1546.33102	1549.30574	1549.97371	1564.23932	1572.98791	1576.37345	1529.02199
34.499653	1	14	1	0	1546.14517	1501.20529	1510.99417	1514.92448	1523.73879	1524.71277	1527.14920	1536.60019	1561.17670	1562.21066	1564.40426	1568.21089	1568.99394	1572.43526	1576.45771	1529.02009
34.519653	1	24	1	0	1546.15819	1500.34071	1502.20315	1506.14497	1509.76959	1512.79682	1514.20583	1514.90806	1515.63671	1518.69879	1519.54242	1522.72513	1524.80785	1536.62400	1537.54706	1538.39155	1542.95255	1545.73398	1548.18199	1549.46912	1557.73590	1558.40345	1560.74164	1568.50509	1577.36431	1529.02028
34.539653	1	19	1	0	1546.14945	1502.13012	1504.61211	1505.07482	1506.14128	1516.94548	1519.90579	1522.25979	1524.79027	1530.83859	1532.14284	1535.81768	1538.12778	1545.58984	1547.35260	1553.86307	1555.29281	1558.93028	1566.61102	1577.86740	1529.02199
34.559652	1	27	1	0	1546.15547	1500.76033	1501.98208	1502.15544	1502.08261	1502.96738	1505.69745	1518.09535	1523.58174	1523.98802	1524.77912	1527.43844	1529.52933	1530.53930	1533.18570	1537.17501	1538.20992	1540.07292	1541.12488	1548.26949	1549.33482	1556.68519	1559.70942	1560.38322	1567.17876	1570.80871	1572.14440	1577.30868	1529.02408
34.579652	1	18	1	0	1546.16266	1501.50367	1503.91369	1505.95298	1510.08862	1510.74305	1516.92416	1521.38604	1524.73375	1536.32436	1537.94217	1538.83408	1548.88526	1551.29983	1561.63818	1569.85070	1575.07513	1578.51545	1579.54472	1529.02408
34.599652	1	18	1	0	1546.15897	1500.02762	1501.13493	1502.44006	1502.82303	1502.74572	1510.53523	1511.91401	1515.95916	1517.00742	1522.31161	1526.26339	1532.00505	1537.93794	1542.55080	1544.20211	1564.05690	1565.89335	1570.16055	1529.02218
34.619652	1	24	1	0	1546.15606	1501.88817	1501.66445	1502.08297	1502.74150	1504.33071	1510.24828	1512.54491	1513.84779	1517.65494	1520.21127	1522.43070	1526.49223	1527.18789	1528.44926	1531.57159	1534.45797	1539.56820	1548.06974	1550.70403	1559.97788	1561.34338	1564.45461	1574.05007	1579.93026	1529.02009
34.639652	1	23	1	0	1546.15392	1501.13951	1501.79831	1505.89859	1515.95393	1516.56240	1521.84144	1522.57131	1524.35843	1524.79859	1526.85060	1531.81957	1534.42389	1535.99741	1537.17943	1539.41731	1540.53378	1543.88246	1545.24360	1546.27425	1558.35626	1563.94711	1568.21329	1579.69830	1529.02408
34.659652	1	22	1	0	1546.14517	1500.15899	1504.95861	1505.41509	1510.96651	1518.85765	1519.98431	1524.80237	1525.50197	1526.29181	1529.54417	1534.65365	1545.45389	1548.82226	1549.99442	1551.74570	1553.94671	1555.96950	1559.44343	1560.60419	1566.83975	1569.64433	1578.52558	1529.02408
34.679651	1	25	1	0	1546.15761	1500.66163	1501.80509	1501.55921	1503.61546	1511.43278	1512.24957	1513.76469	1518.50265	1522.89954	1524.75417	1527.20799	1530.20795	1530.78448	1532.01096	1534.81855	1539.80838	1543.89118	1546.78298	1550.61605	1552.88621	1557.88625	1562.26603	1567.66518	1569.45985	1575.68455	1529.02199
34.699651	1	20	1	0	1546.15819	1500.18442	1501.40432	1503.89420	1505.16748	1512.18021	1515.97280	1518.00354	1521.60024	1522.94499	1524.51904	1524.89312	1535.59716	1536.78394	1547.61624	1550.65301	1558.05421	1562.82744	1563.96819	1565.74563	1572.85856	1529.02199
34.719651	1	26	1	0	1546.16208	1500.62977	1501.82270	1502.19122	1501.69672	1502.48723	1503.07355	1503.65113	1504.84150	1510.60833	1511.32969	1514.58736	1515.58703	1516.20754	1518.55703	1521.80942	1524.80237	1526.83695	1533.47723	1538.20261	1541.57013	1546.54724	1551.79191	1554.10085	1555.02675	1564.20331	1572.49034	1529.02028
34.739651	1	21	1	0	1546.15819	1500.60359	1501.93292	1502.58838	1502.38463	1502.56102	1504.22418	1506.22226	1510.25625	1512.62881	1518.60728	1520.45559	1529.09157	1536.77530	1539.55317	1546.83104	1547.85347	1549.46033	1565.34707	1573.09515	1575.29403	1577.58566	1529.02009
34.759650	1	20	1	0	1546.15450	1500.91601	1511.00958	1512.07870	1513.03150	1514.50641	1516.10305	1522.56678	1523.16077	1524.86457	1527.29694	1532.43512	1538.84813	1541.69535	1546.30516	1548.73313	1549.40372	1552.58823	1573.21166	1574.48594	1578.65060	1529.02199
34.779650	1	18	1	0	1546.15392	1501.79225	1512.17631	1513.21748	1514.25132	1522.95065	1524.87837	1528.01060	1530.75780	1534.48822	1536.66431	1543.19359	1546.08181	1559.08502	1563.20208	1573.96949	1574.68410	1576.25909	1577.32952	1529.02218
34.799650	1	27	1	0	1546.16052	1500.28654	1501.22765	1501.63915	1502.30829	1502.77326	1503.04232	1503.00007	1504.30679	1505.08311	1511.58733	1512.15827	1515.12081	1516.12231	1522.41205	1524.83754	1530.31477	1534.04589	1538.00044	1540.02568	1550.08819	1552.32975	1554.62870	1564.77309	1569.01095	1572.45737	1574.61293	1578.06601	1529.02009
34.819650	1	29	1	0	1546.15606	1500.50582	1502.02390	1502.43749	1504.22455	1504.89158	1506.17098	1509.85985	1510.67773	1514.30763	1515.24214	1516.33334	1516.94024	1517.45364	1518.71661	1519.25429	1523.15473	1529.42300	1533.76887	1537.11449	1537.75218	1539.47050	1540.67543	1541.89250	1546.05984	1554.82996	1555.44762	1571.79841	1572.94748	1577.12523	1529.02199
34.839650	1	23	1	0	1546.15819	1500.74568	1502.08279	1503.11249	1506.07654	1509.96941	1516.16866	1519.92363	1524.86155	1531.63415	1535.50092	1538.41291	1539.53718	1542.19973	1549.93113	1551.38319	1556.36074	1557.41949	1563.53455	1565.51603	1566.75951	1568.52850	1572.12511	1575.38422	1529.02218
34.859649	1	29	1	0	1546.15606	1500.20272	1501.81023	1502.35105	1502.88051	1505.00852	1510.68329	1513.18881	1514.49149	1523.15473	1524.84793	1525.83716	1526.45358	1532.55542	1534.43002	1540.60847	1542.87648	1543.65671	1545.85658	1547.71206	1548.99646	1550.82449	1551.44033	1560.76996	1567.15140	1569.89418	1574.33740	1575.72715	1578.27784	1578.85306	1529.02199
34.879649	1	23	1	0	1546.16422	1500.65541	1502.46741	1502.87224	1505.54520	1512.56574	1515.70227	1518.22597	1522.04164	1524.82638	1525.58561	1528.19572	1528.72759	1531.26076	1537.25724	1540.20909	1541.59178	1544.42240	1547.44917	1556.77820	1558.08263	1561.17670	1569.42841	1569.12505	1529.02009
34.899649	1	22	1	0	1546.16266	1500.08086	1502.25874	1502.06481	1514.70898	1517.12007	1517.76843	1518.39898	1521.83428	1523.01421	1524.82846	1528.82451	1530.29325	1537.30797	1538.82657	1542.27941	1545.42107	1548.57420	1559.17712	1560.40322	1566.05327	1571.04909	1577.12300	1529.02199
34.919649	1	20	1	0	1546.14672	1502.36647	1502.99713	1511.86123	1512.48576	1516.87757	1518.28314	1525.81463	1530.27802	1536.35680	1539.93736	1542.19103	1548.52194	1552.97562	1561.45657	1565.96613	1569.34089	1570.29968	1574.02408	1574.98094	1577.99920	1529.02199
34.939649	1	21	1	0	1546.15392	1500.36341	1501.36491	1501.86818	1502.42776	1509.85652	1512.86009	1515.29330	1523.88775	1535.42615	1538.94518	1543.78382	1544.65497	1546.77968	1550.51342	1551.28437	1555.00787	1558.67225	1560.70777	1567.25106	1570.57762	1574.04503	1529.02408
34.959648	1	24	1	0	1546.15819	1501.67838	1502.34995	1502.85480	1502.73268	1502.35490	1503.59487	1511.59030	1514.70338	1518.39336	1524.83867	1526.06946	1531.45506	1533.88480	1540.90668	1543.53485	1544.59968	1545.69901	1548.96759	1558.37067	1559.96839	1561.69272	1563.10234	1564.85492	1570.61392	1529.02408
34.979648	1	27	1	0	1546.15236	1500.16868	1501.29453	1502.37821	1503.64488	1509.76217	1510.17336	1513.05552	1514.29066	1520.59752	1522.37624	1524.79500	1525.77847	1528.64950	1530.22928	1531.84247	1537.28530	1539.70197	1546.76548	1553.49251	1556.95123	1557.57866	1558.38449	1559.55733	1561.21693	1562.25174	1570.72465	1575.36949	1529.02199
34.999648	1	24	1	0	1546.15178	1500.78231	1502.40464	1502.72534	1511.74025	1512.78156	1515.40850	1520.40841	1522.61504	1524.81712	1527.41928	1528.97447	1530.01664	1533.82033	1536.57427	1541.43605	1542.17304	1551.86181	1554.67980	1557.62778	1559.30226	1562.30155	1565.68763	1566.43145	1573.72016	1529.01990
35.019648	1	19	1	0	1546.14945	1501.84489	1502.86820	1503.97751	1504.71041	1510.82174	1515.20798	1524.84869	1526.64799	1531.46765	1533.02632	1539.05072	1549.24993	1554.69729	1558.97178	1559.51877	1565.79148	1568.07213	1573.85348	1574.95976	1529.02199
35.039648	1	20	1	0	1546.16325	1502.71230	1510.50147	1512.24157	1514.21049	1514.66010	1515.81566	1524.57858	1525.72642	1529.61018	1530.96112	1531.77474	1536.50094	1539.49208	1542.66225	1553.31808	1556.67790	1563.55304	1567.42164	1570.40535	1577.40983	1529.02199
35.059648	1	24	1	0	1546.15392	1500.31015	1501.74623	1513.05068	1514.06062	1520.07091	1523.39490	1524.81731	1526.00092	1529.98637	1538.05988	1540.56813	1543.67105	1544.72035	1550.77521	1551.44033	1553.85836	1554.77276	1561.62153	1562.34660	1563.94652	1567.78089	1571.63010	1573.77050	1579.99500	1529.02009
35.079647	1	18	1	0	1546.15392	1501.60926	1503.29530	1503.69653	1505.93620	1509.64487	1512.61671	1514.59706	1515.44678	1515.82594	1524.91108	1539.40826	1542.83952	1550.39556	1550.99581	1557.59267	1560.76065	1563.21161	1578.79387	1529.02199
35.099647	1	11	1	0	1546.15178	1502.27030	1504.65757	1511.64437	1517.09013	1524.88934	1536.18121	1540.90012	1541.52917	1558.29801	1563.36442	1575.41893	1529.02408
35.119647	1	17	1	0	1546.15606	1501.45985	1501.53263	1501.82343	1512.92039	1515.08329	1516.44777	1520.81188	1534.16492	1538.34345	1540.23436	1545.88922	1556.93290	1559.59036	1563.69617	1564.44984	1565.76497	1570.68393	1529.02598
35.139647	1	21	1	0	1546.15606	1501.04332	1501.42008	1501.60138	1503.50701	1513.31262	1515.65781	1520.09083	1521.90339	1522.85259	1524.84151	1526.52823	1527.25654	1537.19019	1540.30843	1541.20270	1558.57546	1559.13226	1568.20609	1573.73022	1576.31970	1579.98485	1529.02199
35.159646	1	18	1	0	1546.16266	1500.87791	1501.77318	1502.38500	1503.23062	1505.83258	1518.57559	1521.75557	1524.81353	1527.82856	1529.09157	1537.83005	1538.69084	1540.57682	1550.75565	1552.75014	1565.48475	1574.24470	1576.61069	1529.02389
35.179646	1	18	1	0	1546.15392	1502.14792	1505.61487	1510.18226	1518.69823	1522.32555	1524.84604	1528.11388	1531.15363	1542.99882	1548.33050	1551.03493	1554.87478	1563.64846	1564.78523	1572.07909	1574.51436	1575.40481	1577.17619	1529.02408
35.199646	1	20	1	0	1546.15819	1501.52053	1501.93201	1504.69899	1509.90897	1511.45785	1514.57617	1524.88934	1530.80677	1535.46737	1537.43462	1545.97666	1552.17145	1553.31062	1557.91131	1561.92655	1566.42187	1569.17551	1571.40238	1572.15144	1572.82758	1529.02199
35.219646	1	20	1	0	1546.16266	1501.97383	1502.24994	1502.57589	1502.83019	1505.70666	1514.62653	1517.27710	1518.81451	1532.69446	1534.06943	1540.44117	1545.06617	1546.60034	1548.56601	1553.84324	1565.91469	1567.19514	1568.92088	1575.09631	1576.66526	1529.02408
35.239645	1	27	1	0	1546.16266	1500.80355	1501.63988	1501.54198	1504.04759	1511.20137	1514.34156	1515.68976	1518.22260	1520.11770	1520.99902	1521.46377	1523.78240	1524.72165	1527.52343	1529.15735	1530.98494	1532.23275	1534.08454	1541.73053	1543.56197	1546.89212	1548.67423	1552.46182	1554.68589	1560.56954	1565.65614	1571.96637	1529.02598
35.259645	1	19	1	0	1546.15606	1501.64190	1501.87240	1505.43463	1512.61392	1517.57254	1524.82373	1526.41437	1527.20211	1528.35220	1533.05594	1534.09526	1537.98621	1542.74178	1543.30048	1553.67070	1570.14772	1574.54036	1576.22536	1579.51510	1529.02408
35.279645	1	29	1	0	1546.14886	1501.48240	1502.37087	1503.19884	1504.21609	1504.97556	1509.94735	1510.62299	1513.52940	1516.33933	1518.09835	1519.99952	1521.35386	1523.04438	1524.84302	1526.88927	1528.03775	1535.99990	1538.88260	1540.38174	1543.69275	1544.90605	1546.20815	1547.35085	1550.67783	1553.08172	1556.83889	1562.36287	1564.82605	1579.69830	1529.02218
35.299645	1	28	1	0	1546.15392	1500.61293	1502.29636	1504.29483	1510.62633	1513.37836	1516.03596	1521.06523	1524.75984	1525.73153	1531.16869	1532.64729	1533.21476	1537.28530	1541.27397	1542.96920	1548.04577	1549.86355	1556.07620	1557.42876	1560.69351	1561.41177	1563.30004	1565.92725	1567.87562	1571.30099	1571.95290	1577.57413	1578.67107	1529.02028
35.319645	1	18	1	0	1546.15333	1502.37509	1502.64474	1502.56984	1512.92727	1513.36588	1514.76998	1520.25129	1523.26867	1526.23801	1534.23688	1538.85025	1546.07656	1548.24123	1548.97246	1554.36149	1561.21455	1564.20768	1569.23417	1529.02408
35.339645	1	23	1	0	1546.15450	1502.50430	1502.61922	1503.99792	1504.52431	1505.59551	1506.04205	1512.58323	1515.47479	1516.63196	1520.85513	1522.59110	1524.91354	1534.04149	1539.58362	1543.29138	1549.91062	1551.88413	1552.89072	1556.01576	1558.77498	1567.89661	1569.82164	1575.08462	1529.02389
35.359644	1	17	1	0	1546.15392	1501.79574	1501.85039	1504.35114	1505.55331	1509.88691	1514.80170	1516.45936	1519.16796	1526.11889	1528.43103	1533.10046	1547.38530	1555.92107	1558.52115	1562.93965	1574.67684	1577.38717	1529.02218
35.379644	1	15	1	0	1546.15022	1502.12022	1501.65345	1502.42832	1504.56554	1511.33136	1517.07815	1524.79500	1530.38408	1533.03683	1544.08327	1549.28388	1550.89958	1562.75039	1575.27385	1579.52403	1529.02199
35.399644	1	25	1	0	1546.16636	1501.74109	1501.71212	1502.11526	1503.54322	1506.10199	1510.47308	1510.99900	1512.66118	1514.01234	1519.30702	1519.83254	1520.93318	1521.75877	1522.81507	1523.38641	1526.22097	1537.54456	1543.13047	1548.31744	1553.15566	1557.00741	1559.58225	1561.58148	1562.93251	1579.44066	1529.02199
35.419644	1	20	1	0	1546.15547	1502.40739	1505.00742	1505.79902	1513.30518	1514.35517	1516.11408	1520.82880	1527.15508	1528.79999	1530.39341	1535.12986	1535.99952	1539.50133	1541.71313	1547.52471	1550.76876	1553.78592	1558.17067	1572.33334	1576.13527	1529.02389
35.439644	1	19	1	0	1546.15819	1500.84733	1501.89551	1502.90897	1503.96997	1512.79328	1516.63066	1521.08630	1521.82901	1527.16665	1534.04589	1539.01413	1542.39004	1544.83638	1552.71662	1555.75240	1566.49210	1567.52092	1569.31907	1574.47566	1529.02389
35.459643	1	26	1	0	1546.15178	1500.63069	1501.32038	1501.67582	1501.56709	1501.88377	1502.16994	1503.44397	1511.59922	1512.29457	1518.22260	1521.63921	1522.91048	1524.74018	1527.25654	1534.95685	1536.44029	1538.81791	1546.26977	1548.41433	1551.55561	1556.87377	1558.21528	1560.92110	1564.23414	1567.57507	1579.62912	1529.02199
35.479643	1	22	1	0	1546.14945	1501.94521	1502.30535	1502.62528	1503.35594	1505.52105	1511.76905	1512.45916	1515.39953	1521.39828	1521.85029	1522.36607	1523.98254	1532.04054	1533.70920	1537.65740	1538.92920	1544.67670	1552.12268	1554.46169	1555.04503	1562.75595	1579.13565	1529.02408
35.499643	1	25	1	0	1546.15819	1501.98887	1501.85498	1503.00099	1509.78089	1512.51570	1513.85338	1517.58452	1518.49515	1520.16410	1520.66558	1521.45851	1524.87762	1526.27211	1526.79089	1532.01344	1534.40666	1537.89044	1543.47906	1553.13467	1557.51041	1561.66674	1567.00764	1570.39392	1573.57035	1575.95875	1529.01819
35.519643	1	16	1	0	1546.15606	1500.06073	1501.16846	1501.48405	1502.29233	1502.25489	1502.94938	1505.25609	1514.48981	1515.36014	1524.87194	1529.57879	1530.86584	1557.27297	1574.81153	1577.03847	1579.26725	1529.02199
35.539643	1	22	1	0	1546.15761	1500.01609	1500.52376	1502.50100	1502.72093	1518.32437	1523.20170	1524.78007	1535.35044	1537.86236	1538.54012	1540.78352	1544.75528	1551.93916	1552.99033	1554.84254	1559.81466	1562.26067	1563.43597	1569.12265	1570.24294	1574.59640	1575.86485	1529.01990
35.559643	1	21	1	0	1546.15683	1500.65852	1502.31948	1502.35747	1502.26131	1502.91412	1513.15772	1514.27873	1515.55079	1517.64838	1518.13115	1520.47495	1524.76343	1527.82856	1534.03805	1545.11081	1554.27761	1559.13463	1562.21542	1566.33928	1568.61692	1572.38821	1529.02009
35.579642	1	31	1	0	1546.15819	1500.20931	1501.55829	1502.47402	1504.28803	1504.95014	1509.99406	1511.10816	1512.69839	1519.84136	1521.04285	1523.30207	1524.88688	1527.10028	1529.81662	1534.47960	1536.56909	1537.42366	1539.48996	1541.04647	1543.18720	1547.57924	1550.14758	1554.42062	1556.45272	1558.36810	1565.64159	1570.95056	1571.63773	1574.02166	1576.42517	1579.63581	1529.02408
35.599642	1	20	1	0	1546.15178	1500.52852	1502.06830	1505.76971	1510.42225	1515.36182	1520.42946	1524.64680	1527.47145	1531.30023	1532.51857	1536.49326	1541.28595	1543.29409	1546.33763	1547.21322	1559.73533	1566.99306	1568.08952	1574.61535	1576.07346	1529.02199
35.619642	1	28	1	0	1546.15606	1500.62410	1500.98763	1501.37902	1502.20003	1501.89055	1502.11251	1504.34378	1515.64306	1517.30200	1519.20605	1520.77314	1523.21981	1524.76627	1526.04276	1530.34619	1530.90433	1538.38886	1541.84263	1547.03417	1554.78750	1562.80838	1564.04994	1567.60424	1570.08959	1571.79500	1576.16253	1577.70466	1578.58252	1529.02199
35.639642	1	19	1	0	1546.15606	1501.13017	1502.82395	1504.39880	1504.94333	1512.73672	1521.05338	1524.84132	1530.80143	1537.13831	1538.45391	1540.05788	1550.17806	1555.23755	1557.49897	1563.20446	1564.75915	1572.62365	1576.03024	1578.81414	1529.02408
35.659641	1	19	1	0	1546.15391	1502.12663	1504.13238	1504.40634	1505.93841	1513.88561	1514.86719	1517.95295	1519.40087	1522.56414	1528.98473	1530.85707	1531.95505	1534.35344	1548.33264	1549.92468	1550.62465	1557.66309	1566.72976	1571.06835	1529.02028
35.679641	1	19	1	0	1546.15547	1502.11636	1501.67453	1503.51528	1505.50557	1506.25951	1513.79356	1515.57563	1520.37702	1523.66176	1524.80596	1527.30794	1541.69786	1547.72744	1550.27166	1557.75937	1559.90012	1576.01246	1577.32021	1579.38467	1529.02598
35.699641	1	22	1	0	1546.15819	1501.67251	1504.23927	1512.15325	1515.96102	1519.26648	1520.10304	1521.82731	1523.93118	1524.49863	1525.50481	1537.02555	1539.61349	1540.38386	1554.52986	1557.36782	1560.95398	1561.59595	1567.13742	1569.75592	1571.97199	1574.92728	1579.77581	1529.02598
35.719641	1	20	1	0	1546.15391	1500.01005	1502.06077	1504.24497	1505.92698	1511.29088	1515.95411	1516.47768	1524.31233	1526.17589	1531.29203	1535.06069	1535.68689	1539.36548	1540.35280	1545.01356	1547.77049	1548.69353	1555.52375	1560.18765	1573.21387	1529.02408
35.739641	1	28	1	0	1546.15547	1501.55737	1502.07086	1502.45327	1505.80418	1510.78016	1511.32486	1515.61093	1516.10511	1520.50108	1522.04898	1524.86457	1525.46734	1529.02199	1530.74351	1533.53459	1536.40573	1540.59186	1545.19428	1547.85386	1550.93459	1553.28237	1557.16294	1560.11719	1561.38738	1567.57986	1570.50943	1574.66736	1577.92793	1529.02009
35.759640	1	22	1	0	1546.15177	1500.16081	1501.15398	1502.33269	1502.94533	1504.85254	1520.26538	1523.13850	1530.99923	1531.67592	1532.21384	1537.76102	1539.04205	1539.93716	1544.41154	1547.02716	1549.50855	1552.44849	1553.21960	1559.56899	1562.39602	1567.73572	1575.27284	1529.02199
35.779640	1	25	1	0	1546.15177	1500.22761	1500.46664	1502.75398	1504.25178	1506.20768	1513.63595	1516.93800	1521.45888	1522.38340	1524.87005	1535.84376	1540.23975	1542.90048	1545.35757	1549.71317	1550.55760	1552.08683	1555.43306	1560.19715	1568.71175	1569.99558	1571.55860	1572.14138	1573.11889	1577.76356	1529.02598
35.799640	1	22	1	0	1546.15547	1502.15250	1501.55169	1502.86746	1509.87412	1511.86066	1514.02091	1514.69704	1515.15160	1523.77144	1524.82657	1527.19642	1533.43249	1540.28836	1541.49226	1542.34458	1554.34342	1557.30471	1559.14648	1563.07870	1565.83035	1569.19092	1575.38584	1529.02199
35.819640	1	22	1	0	1546.15333	1500.34034	1501.14977	1504.64561	1509.64245	1510.05784	1519.24208	1523.51511	1524.76154	1531.60039	1536.22227	1537.06954	1539.25778	1541.31511	1550.02371	1554.19374	1556.72479	1561.23476	1562.08228	1564.21982	1568.28128	1570.12988	1576.12496	1529.02199
35.839639	1	19	1	0	1546.14886	1501.61586	1501.91513	1502.10517	1504.17101	1504.73434	1505.39814	1516.10511	1517.01359	1520.53755	1526.66277	1527.63442	1532.00714	1554.80480	1556.37137	1558.67383	1562.91820	1564.75875	1570.80389	1571.93020	1529.02218
35.859639	1	18	1	0	1546.15605	1505.95648	1510.21489	1510.96985	1512.75607	1514.22820	1515.24027	1524.73866	1527.30737	1528.64778	1530.91481	1532.43664	1534.72565	1535.52890	1537.33295	1561.08911	1562.37736	1568.16950	1573.97916	1529.02218
35.879639	1	22	1	0	1546.16110	1501.36417	1502.20700	1501.61182	1501.99987	1502.08517	1505.66850	1506.17503	1513.06556	1518.67478	1524.75681	1526.37553	1542.61426	1546.29854	1549.11742	1558.32821	1559.04074	1561.19889	1567.61023	1568.31088	1574.70547	1576.02781	1579.15572	1529.02028
35.899639	1	24	1	0	1546.15391	1502.08847	1502.53991	1502.73653	1502.73286	1509.76532	1512.56165	1513.19718	1515.94383	1523.17170	1524.25943	1524.91467	1528.96838	1534.79767	1535.48059	1538.52280	1539.57475	1541.28170	1542.42060	1546.10143	1547.73173	1550.76093	1553.13231	1555.02203	1560.80303	1529.02199
35.919639	1	29	1	0	1546.16266	1501.86414	1502.06811	1502.47750	1503.96334	1504.64192	1505.44715	1509.90267	1513.57019	1516.27165	1520.13873	1522.42995	1523.06286	1524.86343	1526.28612	1529.73669	1531.98787	1533.88728	1539.14567	1539.88318	1540.51352	1541.92710	1544.60201	1547.23502	1550.94710	1552.32524	1558.02736	1567.21031	1569.55118	1570.42059	1529.02598
35.939638	1	17	1	0	1546.14517	1501.24762	1502.49274	1506.13574	1511.43797	1513.19476	1518.74942	1527.27854	1535.66848	1541.16156	1543.95010	1547.93685	1552.50768	1558.04019	1566.08956	1567.47996	1570.02986	1579.03285	1529.02199
35.959638	1	22	1	0	1546.16208	1500.05067	1501.20291	1502.48760	1502.55588	1502.42996	1506.08041	1515.28993	1517.70007	1519.06701	1522.28033	1533.03453	1539.45334	1540.61058	1553.60475	1556.70351	1560.52617	1561.82301	1562.68149	1568.51909	1575.30895	1577.04372	1578.00142	1529.02408
35.979638	1	23	1	0	1546.15761	1503.16613	1504.34672	1505.58132	1506.16286	1511.92999	1516.90357	1517.62422	1518.16750	1518.96457	1523.03420	1524.91165	1525.43177	1529.71024	1537.28529	1541.41672	1542.63825	1546.51671	1550.75233	1553.19390	1557.96144	1565.18052	1575.22583	1579.30963	1529.02408
35.999638	1	20	1	0	1546.15819	1500.46097	1500.92077	1501.74659	1502.23158	1502.33765	1503.91424	1511.36386	1512.72499	1518.03857	1524.79764	1526.25127	1529.86685	1535.54232	1538.08045	1543.24819	1547.81451	1571.56542	1572.83784	1576.04296	1577.06192	1529.02389
36.019638	1	23	1	0	1546.15177	1501.72679	1504.96837	1510.38441	1515.52950	1516.36082	1517.93553	1519.54767	1522.11661	1524.79027	1526.33366	1527.01761	1527.90828	1529.56604	1533.85686	1537.38695	1546.57174	1551.51588	1555.51686	1556.94886	1560.59468	1565.09368	1573.60236	1574.70749	1529.02218
36.039638	1	19	1	0	1546.16480	1501.62924	1502.41840	1502.85112	1502.86251	1510.33804	1510.87519	1514.67092	1516.22809	1516.76102	1524.81447	1535.00761	1539.04860	1541.13781	1544.43442	1559.68015	1562.94779	1570.76075	1575.28232	1578.38093	1529.02389
36.059637	1	23	1	0	1546.15761	1502.43565	1502.67833	1503.12553	1505.55164	1512.28861	1513.06184	1516.41130	1520.98942	1523.28678	1524.76985	1526.15260	1527.16285	1531.97527	1537.35024	1540.57392	1543.18700	1556.76203	1566.88845	1570.49057	1575.45223	1578.73246	1565.61787	1569.54718	1529.02408
36.079637	1	16	1	0	1546.14944	1500.40917	1500.88395	1503.20655	1513.39288	1514.63399	1515.30188	1515.88722	1520.30898	1529.11134	1530.88794	1544.07435	1545.41233	1554.79340	1565.69500	1572.14621	1577.38717	1529.02199
36.099637	1	25	1	0	1546.15236	1500.78963	1502.75012	1504.35040	1511.33786	1512.93881	1517.96906	1523.44792	1525.89716	1527.49630	1528.53664	1529.06153	1531.31434	1534.20472	1535.97535	1538.37404	1542.55331	1545.92128	1546.50873	1548.95685	1556.76203	1564.95368	1571.44795	1573.40406	1575.57434	1577.12057	1529.02389
36.119637	1	20	1	0	1546.16208	1501.18147	1502.46025	1502.87903	1502.42794	1509.66339	1511.32170	1514.67372	1521.69513	1524.86343	1541.44474	1542.32099	1551.56344	1561.56720	1562.69558	1567.16179	1568.79139	1569.63532	1575.16591	1577.22291	1579.44147	1529.02028
36.139637	1	23	1	0	1546.15391	1502.06132	1501.91806	1502.17782	1505.24116	1512.33027	1513.64768	1516.26324	1516.62392	1517.41919	1519.42790	1523.20434	1524.88309	1526.00868	1527.57807	1529.70834	1530.97236	1534.98501	1537.12313	1549.26514	1552.04061	1563.03340	1566.25928	1577.74372	1529.02598
36.159636	1	24	1	0	1546.15819	1500.83230	1502.04335	1502.18149	1502.34279	1502.39803	1503.82377	1505.13155	1505.49267	1510.97208	1514.25840	1517.19343	1517.79316	1521.04642	1522.47103	1535.00666	1538.74262	1540.18497	1543.70727	1553.73802	1555.27432	1558.13533	1569.34189	1576.95536	1577.77509	1529.02218
36.179636	1	23	1	0	1546.16110	1500.65394	1501.73779	1502.12113	1501.73119	1502.26920	1510.28537	1512.50584	1513.71885	1514.42472	1520.79419	1524.80331	1527.57219	1535.71278	1536.84212	1538.30746	1546.27463	1550.22769	1552.96052	1557.37255	1559.10162	1563.38827	1566.31992	1567.31197	1529.02389
36.199636	1	16	1	0	1546.15391	1502.32168	1502.38151	1503.03515	1503.65020	1506.03689	1514.88585	1524.79594	1543.67666	1546.57135	1548.93110	1552.53354	1553.50585	1555.67742	1563.40297	1567.06614	1572.84971	1529.02218
36.219636	1	18	1	0	1546.15605	1501.42063	1502.95415	1503.43092	1511.12116	1517.73116	1520.99205	1524.88763	1539.36529	1542.69630	1545.87173	1547.31152	1549.56731	1550.49817	1551.78916	1564.11916	1575.58362	1577.55875	1579.93086	1529.02408
36.239635	1	26	1	0	1546.15333	1500.69459	1501.56782	1502.29434	1505.30140	1511.04986	1511.39191	1514.22317	1515.59375	1516.75765	1517.70063	1524.77552	1525.76011	1527.24383	1528.17255	1528.93512	1533.72832	1537.94216	1538.55764	1539.52214	1544.70017	1547.95848	1559.18206	1562.35334	1565.29885	1572.25916	1577.71842	1529.02598
36.259635	1	15	1	0	1546.15819	1501.97896	1501.72917	1512.08205	1514.29345	1517.54519	1530.19691	1535.80771	1545.35369	1546.30049	1548.66779	1551.56559	1553.65696	1557.04486	1561.15530	1573.42218	1529.02199
36.279635	1	19	1	0	1546.15819	1501.28079	1502.10774	1502.36793	1513.54523	1514.82371	1523.23339	1523.84507	1526.43899	1538.60730	1539.79758	1541.34022	1546.30710	1550.05106	1553.61849	1555.50525	1558.84551	1563.20942	1566.33449	1576.65070	1529.02199
36.299635	1	19	1	0	1546.16208	1500.02139	1500.77773	1501.31835	1501.89697	1503.15235	1505.80547	1511.15142	1515.86498	1516.65983	1518.12233	1521.33259	1524.16215	1545.06985	1548.80704	1553.92648	1554.60571	1562.57407	1569.50111	1576.42274	1529.02598
36.319635	1	20	1	0	1546.15761	1500.50271	1501.87771	1502.91099	1504.27956	1504.90447	1515.94196	1517.44858	1522.84014	1526.21699	1527.27455	1536.58982	1542.86042	1545.98210	1547.45052	1551.75020	1552.36639	1555.44289	1564.89095	1571.18517	1578.85082	1529.02199
36.339634	1	20	1	0	1546.16208	1500.34950	1501.96722	1505.30527	1511.04671	1513.22827	1514.76084	1515.61093	1517.87689	1523.32697	1524.70861	1534.37220	1544.72248	1550.12960	1551.82656	1554.10458	1574.28318	1575.42357	1576.26333	1577.10197	1578.77117	1529.02408
36.359634	1	27	1	0	1546.15819	1501.85277	1503.00393	1505.27450	1510.59719	1515.22665	1517.53452	1519.78727	1521.69249	1524.83016	1525.86346	1528.82641	1531.19327	1532.16975	1534.15324	1545.63782	1549.58684	1550.85519	1553.22195	1553.88565	1554.82878	1557.17359	1559.70230	1560.89039	1564.02587	1565.34945	1576.17202	1577.46102	1529.02199
36.379634	1	20	1	0	1546.15177	1502.02390	1502.51568	1505.29164	1505.65929	1511.47085	1517.84748	1518.66184	1520.14061	1523.64723	1524.88196	1528.16059	1532.24973	1535.35906	1545.28515	1548.95900	1551.90841	1556.57604	1559.42029	1573.95780	1574.92245	1529.02009
36.399634	1	31	1	0	1546.15916	1502.51440	1502.32498	1502.84175	1503.27398	1503.88279	1512.22651	1513.37836	1516.97467	1521.67912	1523.06249	1524.91978	1526.47063	1529.68475	1533.32696	1534.67127	1536.22879	1539.09983	1543.34832	1544.65710	1546.12845	1548.59759	1554.20337	1555.32251	1555.99489	1559.73909	1561.79961	1570.24174	1573.41272	1574.15402	1575.97046	1577.82125	1529.02408
36.419634	1	20	1	0	1546.16052	1502.31856	1504.20505	1520.86980	1521.68364	1524.34728	1528.97446	1529.55691	1532.31082	1536.36044	1540.04496	1542.33182	1543.74506	1548.08259	1551.61394	1554.68216	1558.92079	1562.53636	1564.41859	1575.23854	1578.40747	1529.02598
36.439634	1	21	1	0	1546.15819	1501.69011	1504.80964	1509.90415	1511.33136	1513.44614	1514.54763	1517.93627	1518.46459	1520.02620	1534.27266	1537.05186	1540.65015	1542.53551	1548.26657	1555.05643	1562.32516	1565.03532	1566.71280	1567.49215	1570.01422	1575.26921	1529.02807
36.459633	1	23	1	0	1546.15391	1502.08370	1502.36206	1502.79621	1504.57290	1505.39685	1511.21567	1516.12697	1518.62809	1523.33810	1524.89803	1525.58845	1536.27887	1541.87800	1542.77448	1545.60519	1553.29493	1555.80081	1557.58339	1559.07375	1565.93203	1569.33608	1571.05872	1574.80447	1529.02408
36.479633	1	30	1	0	1546.15605	1501.55352	1502.26149	1502.02444	1502.46300	1502.83312	1503.31642	1504.21571	1505.85488	1510.19430	1511.95192	1512.54490	1513.74921	1516.07931	1520.23494	1522.87257	1524.84679	1526.52008	1527.76896	1529.25374	1530.52920	1534.06521	1539.40652	1544.31534	1546.18229	1549.06610	1551.74060	1552.99875	1557.71260	1572.82597	1575.10014	1529.02407
36.499633	1	24	1	0	1546.15391	1500.59076	1501.78839	1504.85346	1509.83000	1510.41186	1512.95611	1516.15949	1518.55870	1524.76342	1527.89157	1531.73829	1534.99458	1537.38272	1544.24670	1545.83461	1546.53245	1551.78034	1560.21773	1562.32476	1565.13948	1566.39513	1573.65591	1576.24636	1579.86733	1529.02217
36.519633	1	26	1	0	1546.15760	1500.87241	1501.48514	1501.98629	1502.36737	1503.31716	1505.40090	1506.25545	1511.09033	1511.78372	1513.73598	1514.66009	1516.56687	1518.60127	1519.43202	1520.02845	1522.12903	1526.22910	1527.89840	1529.23929	1541.98645	1548.90905	1551.94326	1552.86384	1572.68679	1574.04764	1576.78653	1529.02597
36.539633	1	21	1	0	1546.15760	1500.61438	1500.88651	1502.35489	1505.49801	1510.07526	1510.76141	1512.43832	1514.61402	1516.21388	1517.95763	1521.83615	1524.81711	1525.54624	1526.13555	1536.09908	1537.17212	1537.92350	1543.29389	1553.27785	1556.82016	1577.20430	1529.02597
36.559632	1	24	1	0	1546.15546	1501.04551	1502.46134	1503.25597	1504.17045	1505.29403	1510.68458	1511.93129	1512.33026	1516.96213	1519.25765	1523.09323	1524.81446	1532.46471	1534.16280	1542.15795	1543.01546	1546.24099	1550.26696	1552.29467	1558.76173	1562.49605	1566.51623	1569.02075	1575.05072	1529.02008
36.579632	1	19	1	0	1546.15546	1505.45489	1506.18978	1512.11346	1512.47477	1514.80598	1515.35882	1519.60624	1523.21527	1524.34558	1526.36605	1529.99683	1536.24817	1537.85639	1544.39175	1546.48870	1550.26500	1555.74688	1557.12449	1559.21250	1529.02388
36.599632	1	18	1	0	1546.15818	1501.75154	1502.39711	1502.73671	1504.31654	1509.60891	1511.29886	1517.66354	1520.23249	1522.92330	1524.72278	1525.35666	1527.07903	1535.57759	1539.42154	1546.06858	1562.45794	1569.86271	1579.12266	1529.02407
36.619632	1	23	1	0	1546.15099	1502.58800	1504.02054	1505.57615	1505.94007	1510.20932	1513.07822	1515.94887	1518.54239	1521.87683	1523.34036	1524.82278	1528.85947	1532.47731	1537.50168	1538.14951	1553.96378	1556.09942	1557.91525	1572.32368	1576.08617	1577.11794	1578.04292	1578.55070	1529.02198
36.639632	1	22	1	0	1546.15235	1501.22452	1502.30149	1502.54192	1504.23282	1510.54654	1513.69854	1515.98830	1523.06116	1525.48985	1531.71044	1534.96546	1535.70414	1539.02432	1541.64375	1548.17593	1549.22494	1556.92777	1558.78208	1561.24288	1563.76455	1568.07972	1575.92582	1529.02407
36.659631	1	19	1	0	1546.16693	1500.22577	1501.38726	1502.41014	1503.37045	1504.20173	1505.63863	1516.37017	1518.73629	1524.86456	1525.46847	1540.29762	1544.52538	1551.22742	1552.95600	1554.81619	1564.31133	1569.64252	1574.91941	1579.72954	1529.02597
36.679631	1	21	1	0	1546.15099	1502.25103	1502.43583	1503.50480	1504.12649	1505.21536	1510.20042	1517.93983	1524.51922	1526.39352	1530.12189	1532.08023	1541.36050	1544.20850	1549.21518	1553.88564	1556.25576	1557.99913	1561.26429	1563.20207	1574.18948	1578.30274	1529.02198
36.699631	1	26	1	0	1546.15177	1500.09768	1500.58600	1500.83340	1501.76089	1502.38297	1502.74075	1503.43091	1513.87033	1521.00108	1521.79360	1524.27397	1527.48092	1529.04974	1535.02179	1542.86351	1546.13194	1548.40769	1556.16952	1556.98828	1561.53884	1563.48843	1565.81081	1568.34427	1570.57741	1576.59714	1579.04177	1529.02217
36.719631	1	15	1	0	1546.15332	1500.29623	1500.86875	1501.61897	1502.49934	1505.35686	1510.86553	1521.93182	1522.47103	1524.74301	1527.34491	1528.28933	1543.26988	1550.47432	1563.45027	1575.26113	1529.02407
36.739631	1	18	1	0	1546.16421	1504.63290	1505.32977	1515.84106	1518.57877	1523.84148	1524.92090	1526.89456	1535.82726	1536.88763	1537.78678	1540.58916	1544.56262	1546.93648	1547.82717	1557.43999	1558.94588	1578.83947	1579.46600	1529.02198
36.759630	1	20	1	0	1546.15682	1500.02230	1500.82497	1502.59902	1514.07850	1522.42353	1524.75321	1527.91416	1528.57292	1531.59714	1538.34806	1543.33553	1548.17379	1548.82225	1556.49369	1558.23403	1560.38559	1561.33862	1567.30218	1575.18567	1579.57494	1529.02217
36.779630	1	27	1	0	1546.16207	1500.90171	1501.64464	1502.02830	1503.53641	1504.02477	1505.54335	1510.21248	1513.96928	1517.29375	1518.82613	1520.26876	1522.85088	1524.85057	1526.60023	1534.27993	1545.26553	1548.94631	1550.24976	1552.88208	1553.74744	1556.21087	1562.96110	1563.74746	1564.73704	1566.87048	1567.91699	1573.14987	1529.02806
36.799630	1	23	1	0	1546.15177	1500.44376	1500.65448	1501.44115	1503.79949	1505.59901	1509.85336	1511.98686	1516.04156	1516.95521	1521.73579	1524.81522	1531.55079	1535.35465	1540.90224	1541.81730	1544.41366	1546.65634	1547.45285	1552.75445	1555.01750	1556.91417	1574.90328	1578.35804	1529.02198
36.819630	1	15	1	0	1546.14671	1501.82195	1502.37618	1503.15216	1506.11010	1511.74172	1521.79134	1524.20427	1524.86343	1526.60004	1552.04726	1552.99816	1553.95004	1560.26840	1561.41572	1576.16656	1529.02407
36.839629	1	20	1	0	1546.15605	1502.35471	1502.73965	1502.31856	1503.11450	1503.88628	1504.11784	1509.84872	1512.26815	1520.01285	1522.49440	1524.87912	1527.94225	1529.91956	1530.54939	1532.71566	1536.74015	1542.15563	1545.93293	1559.85540	1560.49310	1529.02198
36.859629	1	27	1	0	1546.15546	1500.11836	1500.38994	1502.47291	1502.69265	1503.73036	1505.24981	1509.97440	1513.53628	1514.22875	1524.84755	1526.32892	1529.81661	1530.77018	1531.66962	1534.06425	1537.36965	1538.07506	1543.42908	1558.41272	1561.05839	1561.93904	1564.49540	1567.04916	1571.21005	1573.13558	1574.16752	1577.63645	1529.02407
36.879629	1	17	1	0	1546.15605	1501.98005	1502.24406	1516.74399	1522.90500	1524.66891	1530.89213	1534.28414	1535.99299	1538.13008	1542.80370	1543.84544	1547.68381	1548.53714	1552.74347	1553.36006	1564.44605	1574.19431	1529.02198
36.899629	1	27	1	0	1546.15974	1500.97755	1501.60430	1501.66370	1512.07739	1512.99110	1513.62085	1515.99540	1516.46496	1518.17274	1520.68494	1522.16709	1522.76981	1523.17283	1523.55832	1524.78762	1526.27475	1527.04642	1530.55129	1540.29897	1555.65537	1558.93402	1560.01092	1563.30241	1568.89625	1570.09199	1575.05152	1579.03508	1529.02217
36.919629	1	16	1	0	1546.15391	1503.93428	1513.50499	1517.30573	1517.77929	1519.59930	1523.54209	1534.52707	1535.19692	1536.88975	1541.54829	1547.36777	1563.79557	1565.97808	1568.97932	1573.06174	1577.47558	1529.02616
36.939628	1	22	1	0	1546.16110	1501.65234	1501.98702	1504.47222	1512.15492	1513.47426	1515.70637	1519.91949	1524.79404	1533.21608	1535.68037	1541.54191	1545.39640	1546.49511	1552.16909	1554.90996	1556.86943	1561.97792	1562.80976	1566.65252	1569.71224	1571.95189	1572.73184	1529.02407
36.959628	1	26	1	0	1546.16985	1500.22412	1502.06884	1502.86232	1503.21132	1503.57409	1505.49746	1505.88715	1513.13425	1513.79393	1516.05670	1517.02125	1524.84868	1529.32106	1532.92026	1533.74955	1535.19519	1537.60318	1538.56841	1547.52256	1557.95117	1562.17751	1563.56495	1571.26063	1572.19022	1577.80039	1578.83481	1529.02388
36.979628	1	26	1	0	1546.15818	1501.14573	1502.25103	1503.40610	1504.03249	1505.41508	1510.41742	1513.39343	1514.93996	1517.53283	1520.34393	1521.20237	1524.76626	1526.10354	1528.10609	1530.01472	1540.60132	1542.35115	1543.03946	1545.55915	1546.74913	1552.86404	1554.37504	1562.03386	1571.12113	1572.84105	1578.75293	1529.02198
36.999628	1	18	1	0	1546.15099	1500.09622	1501.74420	1502.00427	1501.81920	1502.51292	1513.22845	1519.80642	1521.91374	1527.08396	1529.12160	1529.84667	1532.94969	1537.81024	1540.21988	1541.17450	1552.85483	1565.51184	1575.97974	1529.02407
37.019628	1	30	1	0	1546.15818	1501.97987	1502.55900	1506.26228	1509.87875	1514.63361	1515.65370	1516.86278	1519.62389	1521.24132	1522.40130	1523.93929	1527.18598	1529.46693	1533.71340	1537.36023	1537.96601	1538.98831	1542.70713	1544.60258	1546.19978	1549.80026	1550.51771	1556.77838	1558.91367	1562.69558	1566.11388	1567.23887	1571.03804	1572.90462	1577.26255	1529.02198
37.039628	1	21	1	0	1546.16265	1502.16461	1502.33361	1505.27947	1521.61624	1524.78384	1526.36700	1527.69874	1532.26462	1535.43726	1536.59365	1537.56858	1549.76276	1550.45907	1556.07166	1558.23877	1564.53142	1565.93940	1568.54509	1572.25674	1574.64397	1577.34792	1529.02217
37.059627	1	26	1	0	1546.15605	1501.99473	1501.76346	1505.51331	1505.99041	1510.14572	1512.47589	1516.76288	1517.29338	1518.54070	1521.39996	1522.39414	1523.29413	1524.79688	1527.78718	1536.63186	1539.86852	1543.86501	1544.44431	1546.15391	1551.49219	1552.40087	1561.95649	1563.22849	1566.63756	1571.15485	1577.55793	1529.02217
37.079627	1	24	1	0	1546.15099	1501.73595	1501.92429	1502.66015	1504.58154	1506.01364	1510.95592	1516.04642	1517.83455	1523.95138	1524.74395	1525.76389	1530.03490	1533.73463	1541.13993	1551.15718	1555.38525	1555.91398	1559.47624	1566.62059	1568.91847	1570.40855	1571.65157	1574.22192	1579.51732	1529.02217
37.099627	1	25	1	0	1546.14944	1500.11891	1500.45730	1501.04240	1501.51117	1501.87954	1503.02412	1504.93209	1506.25933	1512.09691	1516.54144	1517.68976	1518.72766	1523.77144	1524.77363	1526.35279	1531.29164	1535.93026	1537.36311	1539.70928	1540.71441	1545.70347	1547.73756	1553.59807	1572.07968	1578.42327	1529.02198
37.119627	1	21	1	0	1546.15818	1502.47199	1502.64748	1512.27150	1513.44055	1514.26324	1517.60212	1520.04892	1521.17980	1533.76255	1535.09440	1538.60690	1543.48564	1549.49331	1550.04227	1552.67917	1556.13230	1560.61666	1565.57641	1567.04037	1572.15344	1579.08009	1529.02198
37.139627	1	26	1	0	1546.16110	1500.35095	1500.63068	1502.01234	1501.67416	1503.63310	1504.81074	1510.90135	1511.68078	1516.30249	1518.62283	1522.45859	1523.64345	1529.63471	1532.84594	1534.16165	1544.53915	1546.76994	1549.07410	1550.88784	1553.25667	1554.65149	1559.28327	1564.10224	1567.82945	1574.64599	1576.72508	1529.02407
37.159626	1	26	1	0	1546.15099	1501.65124	1502.72404	1503.57281	1513.72574	1516.92639	1518.43534	1519.89188	1523.55813	1524.78573	1531.11530	1531.71826	1534.32128	1535.05282	1541.37344	1545.87036	1553.56432	1557.18758	1561.22049	1564.99469	1567.77848	1568.70454	1571.31584	1574.35029	1575.01784	1575.96682	1577.38716	1529.02217
37.179626	1	23	1	0	1546.15099	1501.89880	1502.05141	1502.54651	1513.88691	1515.39392	1522.03843	1524.64925	1530.70883	1532.07011	1534.97849	1540.21930	1546.06333	1546.68046	1547.44838	1549.05517	1550.06161	1552.22395	1556.26443	1557.64198	1562.73052	1564.74899	1576.71033	1579.94080	1529.02426
37.199626	1	21	1	0	1546.15818	1500.71399	1501.85221	1501.67251	1514.06657	1516.06156	1518.19841	1520.20844	1523.40206	1525.70938	1527.12625	1531.02076	1534.02215	1536.53875	1543.57494	1546.40547	1551.02142	1554.81167	1564.09269	1566.03152	1567.49434	1571.65157	1529.02008
37.219626	1	25	1	0	1546.15896	1504.72126	1505.57781	1511.45580	1516.10716	1520.85926	1524.83488	1526.89456	1527.87999	1529.30375	1530.02672	1534.02732	1535.13522	1541.27706	1543.35044	1544.03945	1558.16434	1558.75146	1560.36065	1562.94680	1565.19187	1570.72464	1572.44027	1573.47049	1576.96384	1578.07775	1529.02198
37.239625	1	18	1	0	1546.15605	1500.27500	1501.95291	1505.40827	1513.64265	1517.63938	1520.12295	1521.89642	1524.73204	1528.98244	1533.73673	1550.53531	1552.44849	1556.72459	1564.66080	1568.15269	1568.84062	1572.43585	1575.91512	1529.02407
37.259625	1	19	1	0	1546.16052	1501.62355	1502.09911	1502.49548	1504.77926	1509.71287	1514.66644	1518.38716	1524.57119	1528.48477	1537.17077	1538.89992	1546.30048	1562.59849	1563.74268	1566.52840	1568.47668	1573.11888	1576.37344	1578.89622	1529.02407
37.279625	1	19	1	0	1546.15021	1501.74347	1502.07636	1501.93805	1504.85788	1510.54153	1511.17685	1512.68871	1513.17800	1521.55769	1527.16569	1527.83634	1533.98350	1541.24267	1542.71139	1544.86238	1556.12502	1558.84313	1571.17552	1573.18770	1529.02388
37.299625	1	23	1	0	1546.15605	1500.77131	1501.94062	1505.23913	1510.37179	1510.84715	1513.66985	1518.00915	1521.68533	1527.19357	1527.76441	1529.16342	1531.80087	1533.29121	1535.46506	1537.67681	1540.44444	1548.36753	1548.99157	1557.04722	1560.10749	1566.99665	1569.55538	1571.13699	1529.02198
37.319625	1	23	1	0	1546.15605	1500.75025	1502.47805	1502.40536	1502.43161	1502.30645	1503.29309	1503.87672	1505.08181	1511.71961	1516.10342	1538.01871	1542.66650	1543.38375	1544.30914	1548.51102	1551.34854	1558.57229	1561.84006	1565.16418	1565.97330	1566.83255	1570.07515	1579.12266	1529.02597
37.339624	1	20	1	0	1546.15041	1501.33741	1502.26442	1502.49383	1502.48062	1502.93357	1503.51913	1512.68498	1514.99911	1519.59611	1520.11599	1526.25695	1526.84490	1528.74430	1531.64463	1537.20401	1544.61733	1545.99648	1553.30395	1557.43585	1561.76410	1529.02027
37.359624	1	18	1	0	1546.16265	1501.67837	1502.17121	1501.75612	1504.48363	1504.99451	1510.34861	1511.40008	1516.90151	1518.29512	1519.62915	1524.36012	1525.92177	1529.24766	1545.78876	1558.36592	1559.95195	1563.34056	1574.44259	1529.02597
37.379624	1	21	1	0	1546.15818	1500.59021	1501.21958	1505.56067	1511.77889	1514.07850	1521.64542	1524.85416	1531.56338	1534.03861	1538.33940	1546.30262	1547.17175	1548.05667	1550.87923	1561.24645	1563.99444	1567.53610	1568.60591	1569.35791	1574.72179	1577.82346	1529.02217
37.399624	1	17	1	0	1546.14944	1500.19594	1501.90173	1502.21837	1503.25707	1503.97860	1504.93761	1506.21265	1517.70343	1521.95668	1524.66721	1525.70010	1540.30398	1543.57494	1554.10772	1562.66719	1567.18115	1571.29898	1529.02198
37.419624	1	15	1	0	1546.15818	1501.02555	1502.35581	1502.94129	1511.79599	1514.43498	1515.12939	1524.74754	1527.45968	1533.94486	1538.32862	1541.36263	1542.61580	1554.72480	1556.97704	1574.49076	1529.02198
37.439623	1	19	1	0	1546.16052	1502.43289	1502.39068	1502.49971	1504.79196	1511.85192	1512.50993	1520.80604	1524.84036	1526.89039	1528.54727	1533.63288	1545.74932	1548.33693	1554.91821	1557.16195	1566.07120	1567.98016	1574.88452	1577.74736	1529.02217
37.459623	1	20	1	0	1546.15605	1502.12351	1502.28296	1501.98464	1504.60602	1514.70785	1515.56890	1519.26816	1521.02534	1524.48748	1531.85410	1536.41321	1541.50965	1542.14925	1547.57923	1551.95873	1552.85737	1564.99230	1567.27302	1572.04854	1573.80614	1529.02217
37.479623	1	24	1	0	1546.15605	1503.60167	1504.03415	1504.32997	1505.52363	1509.93455	1513.82915	1516.74380	1517.75007	1519.36783	1522.95404	1524.87761	1530.79114	1533.01102	1535.19519	1536.52358	1542.46393	1549.27392	1553.80633	1554.73030	1555.89331	1567.24905	1569.52153	1573.00963	1579.38568	1529.02407
37.499623	1	18	1	0	1546.15605	1501.96813	1504.41351	1515.27462	1521.00070	1521.86930	1526.73895	1528.90356	1534.11018	1537.23552	1543.28924	1551.04803	1554.16428	1555.71854	1564.74242	1566.61840	1571.91713	1576.47406	1579.08860	1529.02198
37.519623	1	26	1	0	1546.15605	1501.05834	1501.51392	1502.31966	1502.32204	1503.68936	1504.32997	1511.37203	1515.13443	1523.51284	1524.79953	1528.25800	1532.47445	1533.20691	1536.74841	1537.40501	1539.10464	1541.25561	1541.92845	1542.79054	1545.92419	1547.56618	1552.56372	1556.95398	1565.71174	1568.45167	1577.42824	1529.02198
37.539623	1	19	1	0	1546.15391	1501.17083	1502.32571	1502.48539	1502.85809	1502.87352	1503.29878	1512.61987	1514.24572	1517.76393	1522.69684	1526.18971	1531.10749	1539.59633	1553.32415	1557.15486	1560.09819	1571.44092	1574.31723	1575.07754	1529.02407
37.559622	1	27	1	0	1546.15760	1500.58381	1502.36187	1502.85075	1503.39416	1503.86992	1505.33364	1510.17428	1511.05821	1516.06754	1522.97384	1527.26563	1528.44925	1531.70167	1535.22739	1538.25743	1539.09809	1539.88144	1544.56747	1545.28087	1548.93988	1551.57988	1557.00976	1560.73430	1569.18811	1575.30350	1575.87897	1578.13242	1529.02407
37.579622	1	22	1	0	1546.14944	1500.63050	1501.56507	1501.92851	1502.68237	1504.27900	1509.82537	1511.93575	1513.88971	1517.33119	1520.44712	1526.82178	1528.14501	1530.61225	1541.00649	1543.86714	1547.10188	1550.89664	1556.98591	1557.66782	1565.62922	1572.20187	1576.64665	1529.02008
37.599622	1	23	1	0	1546.15896	1500.73029	1502.36113	1503.20655	1503.79838	1512.86678	1514.77520	1517.71261	1518.36954	1523.30602	1524.43381	1528.22097	1529.54282	1530.87555	1531.82262	1541.15518	1542.52042	1548.38702	1549.32818	1551.67188	1558.99232	1562.32754	1563.92503	1570.65002	1529.02008
37.619622	1	23	1	0	1546.14885	1500.52980	1501.10322	1501.90742	1503.95929	1505.36183	1509.94697	1510.95277	1514.90226	1523.49491	1528.66146	1529.93155	1552.58215	1553.92412	1554.78062	1555.31798	1556.88815	1558.16039	1559.13027	1563.15279	1565.23510	1566.19765	1571.23173	1574.66534	1529.02198
37.639621	1	25	1	0	1546.15605	1501.92851	1501.57753	1502.69302	1514.99314	1521.50009	1523.79957	1524.84963	1528.23084	1529.27713	1535.87042	1536.72498	1538.05237	1549.91158	1552.38872	1554.78868	1564.58655	1566.59405	1568.09191	1570.15974	1571.11872	1571.75923	1573.13317	1574.44259	1577.57878	1579.40576	1529.02407
37.659621	1	15	1	0	1546.15605	1501.97272	1503.52998	1504.63916	1504.98199	1515.39952	1518.63408	1522.46123	1524.81711	1529.18358	1533.58564	1534.74461	1535.35906	1547.07133	1555.42203	1566.94694	1529.02787
37.679621	1	30	1	0	1546.16052	1503.05737	1503.51380	1505.44862	1510.16630	1512.09691	1517.29899	1521.40730	1521.94745	1524.77268	1525.32809	1526.41000	1528.15432	1529.64023	1530.99504	1531.88844	1532.58597	1542.58542	1543.35083	1544.64837	1550.74352	1551.94346	1553.58905	1556.85071	1558.26898	1559.97985	1561.24526	1566.23754	1569.67157	1570.49057	1577.99919	1529.02217
37.699621	1	20	1	0	1546.15818	1502.46905	1503.12203	1504.58891	1505.86428	1513.42882	1520.98490	1521.50988	1524.71408	1526.53770	1527.81679	1529.51486	1534.80992	1539.50498	1541.16368	1545.23252	1547.74925	1560.90920	1570.35040	1573.70182	1578.04312	1529.02388
37.719621	1	27	1	0	1546.15332	1501.63859	1501.89403	1502.92329	1504.81976	1509.90433	1510.61315	1512.96598	1514.62036	1516.81919	1524.85057	1526.26452	1526.87769	1527.91701	1533.17346	1535.59274	1546.59916	1548.95860	1553.37634	1560.49765	1561.46132	1563.35487	1564.26776	1570.42299	1572.20408	1574.80205	1575.75682	1579.58671	1529.02597
37.739620	1	23	1	0	1546.15760	1500.17618	1503.14500	1504.59737	1505.44199	1512.81654	1513.47258	1521.73410	1530.21213	1538.42599	1541.32071	1542.93299	1543.48138	1544.74421	1547.28484	1551.48436	1552.65212	1553.70445	1555.08612	1558.16355	1563.90096	1565.36877	1572.98307	1575.00453	1529.02388
37.759620	1	16	1	0	1546.15391	1501.80948	1503.22198	1504.60492	1505.29163	1512.85524	1514.23938	1519.37928	1531.16811	1535.93352	1538.49700	1549.21420	1549.89615	1554.45971	1556.69227	1558.08262	1574.49076	1529.02217
37.779620	1	20	1	0	1546.15760	1500.35590	1502.00683	1502.03655	1502.31856	1504.58651	1510.77403	1515.13443	1524.79215	1530.41112	1532.73514	1536.91567	1540.02567	1545.04364	1546.14011	1551.20531	1555.20509	1559.64928	1573.07120	1576.62341	1577.41448	1529.02597
37.799620	1	28	1	0	1546.15818	1502.40757	1502.72992	1502.33783	1511.50075	1512.89693	1516.97990	1519.93752	1520.50257	1522.52022	1524.82373	1527.80122	1533.41547	1540.08603	1542.31847	1544.06581	1545.80624	1547.42229	1547.98906	1549.38634	1550.97116	1561.64293	1563.59676	1569.91101	1570.62354	1574.42123	1575.54829	1577.99008	1579.61125	1529.02388
37.819620	1	23	1	0	1546.15235	1502.16534	1501.89440	1502.41656	1510.40295	1511.85360	1513.48190	1516.44664	1524.83866	1525.71752	1528.97826	1531.93138	1533.05612	1536.67947	1537.91908	1547.11473	1548.18256	1552.06528	1554.76922	1556.89742	1561.90591	1567.91359	1572.62686	1576.78653	1529.02388
37.839619	1	26	1	0	1546.15546	1500.25139	1501.88394	1502.18369	1503.05517	1505.59643	1510.78015	1513.85505	1518.49458	1523.22791	1524.83866	1533.40266	1535.91741	1536.71039	1538.80172	1539.62120	1542.30106	1544.58008	1545.23039	1546.27171	1554.12264	1556.36113	1558.53971	1568.43287	1569.60366	1575.23288	1576.33101	1529.02407
37.859619	1	26	1	0	1546.16052	1501.12851	1502.33673	1502.64400	1503.53862	1514.94387	1517.45700	1522.72908	1524.82921	1526.41928	1531.24055	1539.87238	1540.61502	1542.45097	1547.80321	1551.33758	1555.37601	1558.07433	1560.31017	1561.26310	1561.94063	1564.31073	1565.86424	1569.00113	1572.76542	1576.29848	1577.24617	1529.02407
37.879619	1	22	1	0	1546.15177	1500.18716	1500.78139	1502.38829	1504.14452	1513.13201	1517.99660	1518.64458	1524.81994	1525.94979	1527.84772	1533.56977	1534.99458	1549.11664	1552.76346	1554.55776	1555.38525	1572.63792	1573.61081	1574.47182	1575.11749	1575.97045	1577.25547	1529.02407
37.899619	1	20	1	0	1546.16265	1500.67114	1502.27305	1502.39729	1504.35996	1510.04559	1521.86628	1522.43710	1524.26661	1534.63009	1546.13428	1549.16854	1550.55525	1553.51487	1554.92824	1560.07701	1561.98962	1568.64132	1576.19767	1577.88359	1579.74070	1529.02407
37.919619	1	20	1	0	1546.15021	1500.71473	1501.61182	1502.18295	1501.71890	1502.22516	1504.01667	1512.06717	1518.69015	1519.19741	1521.43572	1523.79409	1524.84301	1528.17425	1546.90087	1549.87584	1555.04266	1563.38110	1564.29701	1570.39872	1572.41856	1529.02407
37.939619	1	18	1	0	1546.15896	1500.49172	1503.40775	1512.77150	1513.60539	1514.56590	1517.57740	1518.49177	1522.80601	1523.46962	1524.50071	1531.11454	1539.90438	1541.71525	1543.01507	1545.76195	1548.53500	1559.98262	1576.15788	1529.02027
37.959618	1	23	1	0	1546.16479	1502.03784	1501.73467	1502.03123	1503.99828	1510.24178	1511.68988	1516.14790	1517.32127	1525.07993	1526.18914	1527.46746	1528.04761	1529.78045	1530.68197	1531.51341	1533.69867	1535.63377	1543.69138	1544.68503	1551.49826	1555.74550	1558.29761	1567.62301	1529.02407
37.979618	1	23	1	0	1546.15605	1502.13195	1503.42338	1503.78312	1506.22354	1510.13089	1520.79250	1524.29230	1527.62246	1529.36898	1538.05448	1540.16992	1542.06456	1545.50865	1546.26763	1547.27414	1548.68085	1551.01712	1556.01575	1560.11481	1564.46077	1567.50153	1573.30604	1579.64250	1529.02388
37.999618	1	17	1	0	1546.15760	1502.07801	1505.53837	1509.90266	1516.01428	1520.89556	1524.80709	1526.92490	1537.29394	1539.87507	1541.10536	1551.33269	1551.90390	1555.38014	1562.03247	1567.29978	1573.07361	1579.24940	1529.02407
38.019618	1	22	1	0	1546.15099	1502.04279	1501.93236	1501.91696	1503.67373	1509.76809	1514.76998	1524.81257	1529.63680	1541.77787	1543.57494	1544.98018	1546.64759	1547.28971	1552.44986	1553.81477	1555.57785	1556.24119	1560.74836	1562.26542	1563.15717	1566.56971	1579.39684	1529.02198
38.039617	1	30	1	0	1546.15682	1500.14562	1501.58322	1501.71725	1502.27397	1505.47129	1506.29954	1509.98942	1519.43484	1520.39487	1523.03853	1524.81068	1525.93105	1527.60918	1528.86593	1532.52371	1535.24464	1538.63443	1543.38104	1544.05282	1547.76230	1551.22977	1556.20220	1558.00031	1561.36597	1565.97888	1571.61603	1572.43786	1577.04614	1577.70243	1578.83724	1529.02198
38.059617	1	23	1	0	1546.15391	1500.35809	1501.81847	1502.07893	1501.74548	1505.76878	1510.24104	1513.78871	1515.00471	1516.70958	1518.97488	1523.36753	1537.61836	1541.64587	1543.55847	1545.30048	1551.11571	1555.15711	1556.72892	1561.69747	1564.03282	1567.69335	1572.29754	1576.97780	1529.02198
38.079617	1	20	1	0	1546.16052	1500.75300	1501.42649	1501.81554	1502.20809	1509.62521	1510.07433	1513.14598	1515.86012	1521.73862	1523.20433	1523.68573	1524.85227	1527.83899	1528.79276	1537.06434	1545.28300	1548.77232	1557.98156	1563.89380	1576.02780	1529.02407
38.099617	1	20	1	0	1546.15391	1500.30813	1503.51013	1504.79527	1514.85823	1518.90416	1520.11787	1522.06122	1532.14493	1532.82913	1535.81134	1538.10507	1540.41318	1542.11541	1550.39770	1560.39133	1563.27141	1569.81182	1572.75819	1574.22414	1575.64700	1529.02407
38.119617	1	18	1	0	1546.15391	1500.12531	1501.46260	1502.63023	1504.90446	1510.85031	1522.64538	1524.07791	1525.56782	1526.94973	1527.87221	1534.61534	1539.02278	1539.95432	1542.68391	1550.74567	1565.48952	1569.78036	1575.03982	1529.02198
38.139616	1	27	1	0	1546.15391	1500.05340	1500.64588	1501.73962	1502.38022	1505.91167	1510.17836	1514.41801	1521.73410	1522.37265	1523.46188	1524.84868	1525.53678	1526.41815	1528.38220	1529.01989	1531.76424	1532.64480	1538.67139	1539.75150	1540.93892	1542.19102	1542.96919	1547.46220	1556.18763	1562.11442	1564.26040	1573.38896	1529.02597
38.159616	1	20	1	0	1546.15177	1501.65802	1501.99565	1502.30938	1502.63849	1503.18615	1503.90578	1512.75997	1514.27984	1518.39203	1521.82128	1524.02295	1524.90729	1532.90746	1533.78818	1536.33030	1544.67863	1549.59542	1566.95053	1568.17929	1576.72286	1529.02407
38.179616	1	20	1	0	1546.16052	1502.24332	1504.42363	1505.34009	1516.95857	1519.13774	1521.52456	1522.34740	1524.24110	1524.69745	1532.54262	1534.77468	1538.43022	1545.03918	1547.36563	1553.77629	1557.73589	1572.89677	1576.17424	1576.89267	1577.35459	1529.02407
38.199616	1	31	1	0	1546.15391	1501.61072	1502.29323	1503.41474	1511.00716	1513.21058	1514.40104	1516.69910	1517.88625	1519.63479	1520.19904	1521.21141	1521.96384	1524.82184	1525.77184	1528.33073	1529.70035	1533.53095	1538.51202	1540.00831	1554.87103	1555.48223	1556.74094	1559.52508	1560.70399	1567.11326	1568.31307	1568.93548	1573.40567	1575.11890	1578.39227	1579.59299	1529.02407
38.219615	1	15	1	0	1546.15605	1501.38231	1501.65197	1502.26167	1505.53487	1519.94767	1524.82826	1528.62992	1534.29142	1543.01778	1549.32818	1556.68301	1559.94443	1564.37799	1570.54893	1578.20998	1529.02217
38.239615	1	27	1	0	1546.15546	1500.75300	1501.88596	1502.02866	1502.37710	1502.75930	1514.27201	1516.95165	1522.51400	1524.78762	1529.24328	1531.94264	1533.86967	1535.33970	1538.61768	1539.32020	1547.52568	1548.97206	1550.03895	1554.08042	1554.51669	1555.78703	1557.82527	1558.63214	1560.56398	1566.78145	1572.34519	1574.28318	1529.02407
38.259615	1	15	1	0	1546.15818	1501.52602	1502.13470	1518.60989	1520.57796	1525.78263	1531.74249	1540.92173	1552.74798	1556.54195	1560.87850	1564.40027	1566.73954	1567.80146	1574.20600	1576.09223	1529.01818
38.279615	1	22	1	0	1546.14944	1503.10054	1514.61234	1519.39317	1521.13596	1524.80236	1529.12350	1533.42598	1534.01928	1534.67777	1536.34316	1538.13008	1541.23514	1542.70055	1545.25116	1546.04021	1549.00250	1552.12482	1554.80479	1560.09344	1561.18620	1566.79103	1579.45038	1529.02407
38.299615	1	15	1	0	1546.15235	1515.25763	1516.62373	1519.63084	1524.83015	1526.13971	1528.20160	1532.31712	1533.05153	1543.10684	1547.97153	1553.90920	1557.50370	1558.39633	1572.06542	1574.71494	1529.02217
38.319615	1	21	1	0	1546.15391	1501.78308	1510.45285	1516.35670	1518.09553	1519.98918	1524.74754	1526.81400	1529.52399	1530.46596	1532.19284	1533.67725	1544.83831	1546.40975	1548.75691	1559.98500	1568.01834	1568.51868	1569.32006	1571.18114	1575.95308	1579.24271	1529.02217
38.339614	1	23	1	0	1546.15391	1501.41970	1501.80123	1502.07012	1502.75397	1505.46539	1510.81857	1517.09180	1524.89311	1525.53962	1526.01984	1528.41924	1531.56700	1533.14785	1535.19481	1535.88116	1553.93904	1554.67056	1561.20503	1566.59645	1575.30572	1576.38778	1577.81436	1579.49663	1529.02217
38.359614	1	24	1	0	1546.15605	1501.19997	1502.10094	1502.98684	1510.28944	1511.24185	1515.14301	1518.39203	1519.25765	1521.31847	1522.58562	1528.22078	1530.35494	1532.00294	1537.02842	1540.59340	1549.88229	1551.84672	1552.40303	1554.93276	1559.34950	1562.85504	1563.59597	1576.50862	1578.65525	1529.02597
38.379614	1	21	1	0	1546.15682	1504.57289	1505.98653	1510.13292	1510.66658	1511.75752	1518.50264	1521.13408	1523.76483	1524.88498	1533.36538	1535.76800	1537.24205	1543.01275	1547.89574	1555.04502	1557.19941	1558.79492	1565.08630	1571.32788	1575.69868	1579.93897	1529.02407
38.399614	1	21	1	0	1546.15605	1502.49842	1515.61783	1517.11501	1519.65525	1521.73598	1524.76626	1528.55316	1535.65889	1538.95808	1539.59325	1541.96267	1548.83532	1552.05842	1554.13482	1556.14156	1561.28787	1566.00241	1567.86243	1570.26118	1574.12984	1577.01359	1529.02217
38.419614	1	18	1	0	1546.14885	1501.09626	1501.77703	1501.78839	1502.82853	1517.25463	1523.39187	1524.78573	1527.01381	1531.31261	1541.21988	1543.17848	1547.88444	1559.09924	1559.72722	1570.30228	1572.58323	1576.35040	1579.62241	1529.02597
38.439613	1	22	1	0	1546.16479	1501.55444	1502.47750	1502.49842	1512.22650	1515.39430	1519.05987	1520.49919	1520.93505	1521.75104	1522.63897	1534.32338	1536.18772	1556.12305	1556.12305	1562.95871	1563.67469	1566.40969	1567.10986	1575.06806	1577.08760	1578.04069	1579.13564	1529.02198
38.459613	1	28	1	0	1546.15818	1501.29746	1501.98941	1502.17690	1501.79866	1502.16571	1502.60526	1502.92145	1504.64394	1516.32305	1518.71022	1523.11850	1524.19388	1524.79594	1526.59265	1527.06842	1528.35637	1529.13757	1534.73427	1538.26763	1543.05902	1551.70320	1554.04645	1566.91280	1567.73232	1570.30468	1575.42821	1578.04090	1579.09083	1529.02407
38.479613	1	31	1	0	1546.15546	1502.22717	1501.93713	1502.63941	1503.09944	1503.76253	1504.18775	1504.55081	1505.20284	1510.78498	1514.60302	1515.60233	1524.79953	1527.79610	1529.43688	1530.25364	1531.53839	1536.25469	1538.76110	1544.64138	1545.25019	1546.91254	1549.74148	1552.19789	1557.09157	1558.24055	1561.48729	1566.16234	1570.22369	1573.01687	1576.15081	1578.98156	1529.02407
38.499613	1	21	1	0	1546.16052	1500.57355	1502.03820	1502.36297	1505.52068	1511.93036	1524.90786	1530.62044	1535.61575	1542.17303	1544.00029	1549.44959	1550.06200	1550.81783	1552.19515	1557.99202	1562.17116	1563.60074	1564.13586	1565.03592	1569.60306	1576.50417	1529.02217
38.519613	1	26	1	0	1546.15605	1500.72022	1502.23855	1502.50154	1502.41050	1503.46638	1505.74592	1510.94943	1513.43459	1515.70058	1516.81788	1520.77783	1522.58393	1524.84301	1532.26023	1535.27473	1540.66944	1543.84544	1545.29834	1547.76444	1552.33327	1552.96679	1559.60676	1562.01581	1572.76402	1573.56551	1579.58224	1529.02407
38.539613	1	21	1	0	1546.16110	1500.43186	1501.78198	1501.98189	1502.25378	1503.60810	1506.13315	1510.75733	1511.20972	1512.64275	1513.43887	1515.19080	1519.83779	1524.76531	1532.93707	1534.85110	1540.87212	1543.64159	1551.71867	1556.66627	1564.70818	1569.65935	1529.02217
38.559612	1	17	1	0	1546.15896	1502.14332	1501.85130	1501.89642	1504.79030	1509.69081	1514.50323	1515.06275	1519.57883	1529.82650	1530.35551	1544.20094	1546.10648	1552.61703	1553.51271	1557.31397	1557.91683	1570.06012	1529.02198
38.579612	1	24	1	0	1546.15332	1502.20387	1503.07042	1504.05916	1504.73599	1510.30298	1512.53318	1513.15045	1515.36349	1521.67215	1522.32064	1524.80331	1525.69443	1527.95706	1529.58410	1532.60163	1536.30650	1538.04371	1548.62196	1552.29643	1556.26758	1558.65565	1559.40842	1560.11719	1569.99357	1529.02198
38.599612	1	26	1	0	1546.16324	1501.93952	1501.65435	1502.42959	1505.41600	1506.14385	1512.64666	1514.22111	1518.14182	1522.22757	1522.83109	1524.27227	1524.82448	1526.98499	1529.52609	1535.63511	1540.32848	1543.22844	1543.94796	1547.51594	1549.11839	1550.21068	1551.42271	1553.71544	1557.34986	1561.04650	1573.63537	1529.02407
38.619612	1	15	1	0	1546.14944	1501.70056	1509.63448	1517.45194	1527.90713	1528.86593	1530.08820	1535.16013	1535.98877	1537.11026	1542.98236	1547.98244	1554.25089	1556.42947	1557.90736	1558.93027	1529.02407
38.639611	1	21	1	0	1546.15391	1503.05847	1504.57676	1505.57007	1510.50034	1513.09292	1515.24718	1519.03398	1521.11790	1526.59644	1531.71006	1535.74959	1537.44095	1550.53609	1555.34827	1559.43630	1560.70578	1562.74165	1571.10186	1571.68512	1573.81077	1577.73339	1529.02407
38.659611	1	27	1	0	1546.15974	1500.48824	1500.96143	1501.95584	1502.40059	1504.65554	1510.41946	1510.93718	1511.74098	1519.82032	1524.84131	1527.37128	1528.36644	1529.55481	1533.27075	1533.93682	1535.46870	1536.73842	1537.40001	1540.14003	1542.68546	1544.77913	1550.09755	1550.85166	1552.62997	1557.71260	1566.37817	1568.77738	1529.01989
38.679611	1	19	1	0	1546.15391	1503.95138	1509.61817	1510.36178	1510.98841	1512.28991	1517.89056	1520.50972	1521.41069	1524.04844	1526.88300	1530.50006	1532.78939	1541.54211	1548.25428	1557.76173	1558.65269	1572.38077	1574.02145	1578.31712	1529.02407
38.699611	1	17	1	0	1546.15177	1500.35223	1502.36499	1506.00590	1521.95838	1525.40036	1531.90714	1535.43918	1542.35773	1547.06432	1552.67682	1557.27434	1558.31636	1561.20503	1564.43789	1565.42914	1574.38938	1576.60926	1529.02217
38.719611	1	19	1	0	1546.15546	1500.18460	1500.67737	1500.99312	1501.83553	1504.68868	1510.06951	1511.74172	1512.62489	1521.11094	1524.92034	1536.21171	1537.77409	1538.47333	1551.25618	1553.38968	1556.96719	1560.87850	1568.62672	1578.99940	1529.02388
38.739610	1	22	1	0	1546.15235	1500.64405	1501.55059	1502.24919	1502.80263	1504.21277	1506.28515	1511.57748	1512.58861	1513.69686	1516.92246	1518.09534	1523.13359	1524.74943	1536.89839	1549.45427	1556.52718	1558.32347	1564.41858	1567.20791	1574.27371	1575.07512	1579.75633	1529.02407
38.759610	1	21	1	0	1546.15760	1502.47694	1503.06711	1503.70553	1504.49761	1510.04522	1511.72779	1513.80418	1516.14117	1521.03588	1524.83753	1528.81253	1533.53248	1534.87045	1538.38269	1544.93224	1548.02589	1549.74323	1555.50387	1556.43873	1560.38994	1577.60083	1529.02407
38.779610	1	27	1	0	1546.14944	1501.02976	1501.96153	1502.52210	1502.48686	1505.29900	1509.79441	1512.36653	1514.69013	1518.07417	1519.41644	1522.61371	1523.80976	1524.80974	1530.30752	1535.17316	1535.64470	1538.01467	1542.27979	1548.04771	1548.57633	1553.51506	1554.88165	1556.81090	1560.74598	1566.68645	1571.87514	1573.95075	1529.02388
38.799610	1	29	1	0	1546.15391	1501.83589	1502.04536	1503.67851	1504.95308	1505.39924	1510.61482	1511.15940	1512.07721	1516.47188	1517.74670	1521.42123	1522.97384	1524.66097	1528.71770	1530.20395	1532.37038	1538.24820	1539.61907	1541.91627	1542.75919	1546.00736	1549.21089	1550.66258	1552.16243	1553.94905	1559.75649	1560.78183	1569.81202	1579.31307	1529.02407
38.819610	1	22	1	0	1546.15818	1500.70136	1501.49431	1501.53060	1504.17800	1520.14305	1521.79360	1523.42754	1532.89905	1533.41967	1534.88999	1535.50992	1541.00205	1541.70211	1543.31151	1547.18051	1548.40008	1553.06974	1556.65326	1565.28191	1570.36744	1573.87240	1579.65366	1529.02008
38.839609	1	24	1	0	1546.15974	1500.91600	1510.43913	1519.32015	1522.03824	1524.04391	1524.81163	1528.59458	1530.10171	1531.73295	1535.41541	1538.54223	1546.21028	1556.64282	1557.29997	1558.78307	1563.74169	1566.28281	1567.38028	1568.49388	1571.64876	1572.29272	1575.37655	1576.76005	1579.00812	1529.02217
38.859609	1	25	1	0	1546.15974	1501.39404	1502.45859	1502.30443	1502.60177	1503.81696	1505.07611	1510.56546	1512.31204	1514.11858	1515.35490	1516.09127	1520.23663	1520.79720	1524.85719	1533.48067	1535.87617	1538.23800	1545.78701	1551.28690	1554.64009	1556.11104	1556.68755	1564.59372	1568.42727	1573.65209	1529.02027
38.879609	1	26	1	0	1546.15818	1500.01883	1501.29599	1502.31452	1502.73690	1503.86881	1505.59772	1510.01296	1510.57789	1514.16686	1515.35714	1516.81639	1522.02430	1524.80236	1525.89148	1535.87406	1536.84653	1539.46529	1540.83100	1543.63074	1544.28238	1552.11855	1555.10224	1561.43694	1565.44369	1568.64992	1575.22804	1529.02217
38.899609	1	19	1	0	1546.15682	1500.84072	1501.34382	1509.99035	1512.31241	1514.29923	1516.85380	1519.14187	1526.66466	1530.21404	1533.53248	1548.69587	1551.20766	1555.51902	1556.35148	1563.85304	1565.22155	1572.17554	1575.50833	1578.50167	1529.02008
38.919609	1	23	1	0	1546.15896	1500.26603	1500.96546	1501.57937	1502.20094	1502.63078	1503.01696	1503.96058	1510.72170	1515.27107	1515.98830	1517.90517	1519.79760	1521.82843	1524.63148	1526.23801	1528.15469	1533.25661	1542.01042	1542.89254	1557.85506	1561.71869	1576.42274	1579.41469	1529.02407
38.939608	1	22	1	0	1546.15818	1501.60045	1502.00775	1502.91723	1512.86678	1514.66812	1515.53192	1516.07071	1519.32203	1519.99012	1521.52004	1524.36012	1525.87084	1530.30828	1537.42596	1539.27704	1541.22857	1546.46653	1553.84932	1557.57865	1558.64794	1563.90872	1569.88916	1529.02407
38.959608	1	17	1	0	1546.15390	1502.32957	1502.92127	1504.73617	1505.07647	1505.90503	1514.19855	1515.52688	1516.29146	1517.18650	1522.58147	1524.83393	1536.55910	1541.41884	1546.47742	1552.49277	1554.73384	1556.36999	1529.02027
38.979608	1	24	1	0	1546.15818	1502.05398	1502.47474	1502.41527	1503.01163	1502.68438	1505.00280	1505.95648	1511.32133	1513.85039	1520.94803	1521.45849	1524.81900	1530.53301	1532.61443	1540.86131	1542.20997	1552.24001	1556.52166	1561.68338	1563.55303	1566.06781	1568.26207	1573.07824	1575.73380	1529.02198
38.999608	1	23	1	0	1546.16265	1500.57374	1500.98945	1501.71633	1501.65124	1504.29372	1512.94569	1515.25221	1524.74867	1527.10406	1528.32484	1529.47187	1530.86468	1531.92737	1539.34832	1540.21930	1548.80489	1550.15480	1559.24096	1559.87855	1561.26667	1566.74493	1567.57266	1572.47606	1529.02407
39.019608	1	21	1	0	1546.16051	1500.86673	1503.07464	1513.25713	1516.01072	1517.69369	1518.60821	1522.36775	1523.19377	1526.36416	1528.45704	1535.81000	1542.20339	1549.83307	1551.41625	1552.88639	1559.26666	1560.22347	1561.91999	1571.31544	1577.92509	1578.84392	1529.02407
39.039608	1	25	1	0	1546.14516	1500.14653	1502.47970	1502.97986	1502.46354	1504.24496	1511.08272	1512.54918	1514.10982	1516.29220	1518.48839	1520.92790	1538.30495	1538.87835	1540.94336	1544.11622	1545.06829	1550.10986	1550.64947	1552.52981	1556.08761	1559.76203	1562.58657	1570.01482	1572.90461	1578.65748	1529.02198
39.059607	1	18	1	0	1546.15177	1500.10445	1501.35629	1502.53311	1502.99345	1510.16723	1510.70407	1524.80425	1525.68136	1526.22531	1530.15026	1542.45096	1543.69060	1548.27475	1552.52609	1562.16322	1565.52340	1571.80704	1576.02316	1529.02388
39.079607	1	25	1	0	1546.15604	1500.85189	1501.54582	1502.13011	1502.08773	1502.58414	1502.94257	1503.20324	1520.08894	1523.53643	1524.63016	1530.90032	1531.57158	1544.34928	1545.73397	1550.83640	1553.49053	1554.84823	1555.74314	1556.77129	1558.81962	1561.34139	1569.95690	1572.28307	1577.58565	1579.43923	1529.02407
39.099607	1	17	1	0	1546.15760	1502.44556	1511.91846	1517.27878	1520.73100	1524.15364	1524.79026	1526.62126	1527.74543	1541.26624	1545.65335	1552.57881	1554.53535	1559.55870	1564.25084	1566.66250	1573.21165	1577.59031	1529.02198
39.119606	1	28	1	0	1546.15235	1502.12754	1502.50062	1503.77025	1510.54004	1510.92084	1514.49819	1517.70343	1519.30119	1520.44167	1521.36627	1523.79333	1526.68569	1527.47523	1529.01818	1531.19479	1535.32455	1542.71584	1543.44496	1545.52166	1548.38605	1551.23407	1552.59038	1556.27683	1558.58217	1564.80672	1568.37387	1569.34829	1578.32786	1529.02217
39.139606	1	20	1	0	1546.15760	1502.10901	1502.34865	1502.92127	1509.78199	1510.82599	1518.76742	1524.76720	1529.28568	1531.60553	1534.07592	1538.24435	1542.74487	1546.82324	1557.67946	1561.74982	1563.08107	1564.18877	1566.48730	1572.78071	1575.95631	1529.02407
39.159606	1	25	1	0	1546.16421	1500.94494	1501.64354	1503.13508	1510.93253	1513.06723	1515.81696	1517.73508	1519.86727	1523.95137	1524.78573	1531.23444	1532.84002	1537.56031	1541.28265	1543.15873	1552.50022	1553.73154	1555.85394	1560.64735	1562.84789	1563.91130	1575.70291	1577.19014	1577.99676	1579.19809	1529.02388
39.179606	1	22	1	0	1546.15604	1500.35772	1503.15235	1503.85484	1504.89654	1506.09940	1509.86132	1517.82686	1520.60428	1521.38584	1522.97402	1524.71238	1525.42231	1527.83311	1529.66819	1531.71616	1545.04869	1546.77305	1548.08687	1550.84071	1570.56317	1574.63893	1577.60043	1529.02027
39.199606	1	23	1	0	1546.15974	1500.07883	1501.19300	1501.99381	1501.63785	1501.76162	1503.94458	1505.08347	1511.52156	1513.76449	1524.67647	1529.69825	1532.96879	1534.84593	1535.99778	1537.95158	1540.59186	1541.84320	1550.39340	1552.91306	1556.39106	1564.91504	1577.62491	1579.76282	1529.02217
39.219605	1	20	1	0	1546.16265	1500.26036	1501.85570	1505.89858	1511.12263	1522.65556	1523.87490	1530.63682	1533.99288	1540.30032	1542.17960	1543.57939	1549.35960	1551.83360	1553.27687	1557.39838	1558.19178	1563.02307	1565.85187	1572.11083	1578.29889	1529.02597
39.239605	1	22	1	0	1546.16265	1501.18696	1502.04848	1510.76363	1521.23398	1523.90794	1524.85681	1533.95787	1536.57215	1537.85581	1539.61907	1546.88472	1552.96267	1554.16486	1562.34857	1564.42913	1566.04269	1567.31436	1569.16829	1570.61632	1571.64494	1572.75456	1573.54296	1529.02198
39.259605	1	25	1	0	1546.16051	1500.03181	1500.72003	1501.68791	1502.42941	1502.70752	1503.03221	1509.57092	1514.37213	1516.78496	1518.29175	1519.74557	1523.03211	1526.14880	1533.82873	1535.10820	1538.18913	1546.38583	1547.96061	1550.93028	1556.65267	1558.56597	1561.33287	1567.11804	1577.68846	1579.22263	1529.02597
39.279605	1	26	1	0	1546.15332	1502.04150	1502.41766	1502.59608	1502.99143	1509.72973	1512.02255	1513.97245	1514.50976	1523.84922	1527.47713	1528.54537	1540.33639	1542.99320	1544.47495	1545.15157	1550.76092	1551.37398	1553.68404	1559.24096	1563.62697	1566.75171	1568.29627	1569.57641	1574.61292	1578.02449	1579.41468	1529.02027
39.299605	1	31	1	0	1546.15604	1500.10976	1501.12136	1501.84249	1502.26057	1502.43656	1504.36290	1505.04958	1510.46992	1511.31371	1513.55193	1514.81027	1516.23556	1517.23704	1519.08426	1521.23022	1524.81163	1526.40223	1528.50301	1529.33304	1533.85207	1537.21304	1538.01774	1542.22737	1545.37504	1545.98112	1548.74833	1554.89541	1559.07848	1568.42007	1569.30704	1577.34994	1529.02597
39.319604	1	23	1	0	1546.15546	1501.87697	1503.19681	1503.66307	1505.81745	1511.99281	1513.83380	1517.42610	1519.74031	1521.30793	1523.14680	1523.86149	1524.79688	1527.57237	1529.09156	1533.75815	1537.54455	1551.12236	1559.82889	1564.98712	1565.82058	1570.89998	1571.64675	1576.24696	1529.02388
39.339604	1	31	1	0	1546.16110	1500.82680	1501.34786	1501.66315	1502.44592	1502.56854	1502.52907	1505.00335	1505.30029	1510.53207	1511.61798	1512.17667	1513.43980	1520.31894	1523.47679	1523.89265	1531.09605	1535.21876	1536.63838	1538.57206	1542.46393	1544.51219	1546.98162	1547.84294	1550.07508	1553.87955	1556.09725	1559.76420	1562.39601	1569.45744	1571.15244	1574.65546	1529.02198
39.359604	1	20	1	0	1546.15604	1500.11104	1501.29562	1501.56122	1502.20919	1501.95896	1502.35783	1503.40059	1505.91941	1514.00898	1515.64137	1518.19335	1520.99863	1524.81351	1525.62799	1527.27455	1529.89539	1553.61377	1556.54333	1569.63210	1577.37766	1529.02407
39.379604	1	23	1	0	1546.15818	1501.09956	1501.73613	1503.38441	1504.70801	1505.72011	1512.96411	1515.33585	1523.02344	1524.19747	1524.86645	1534.52477	1542.15853	1547.56501	1550.42838	1556.34537	1557.07757	1560.74578	1568.70454	1570.37145	1572.40489	1574.49298	1576.98103	1579.61125	1529.02388
39.399604	1	26	1	0	1546.15604	1501.24230	1502.20020	1503.71381	1513.79728	1517.10041	1517.66429	1519.08764	1524.23770	1524.79499	1526.85798	1527.49838	1531.84361	1536.30477	1539.97379	1544.17089	1544.86897	1554.32278	1555.83780	1563.61365	1565.18131	1569.63471	1572.04391	1576.49750	1577.88136	1578.63478	1579.61084	1529.02198
39.419604	1	25	1	0	1546.15682	1501.12612	1501.79976	1501.68571	1506.25287	1510.01352	1510.60665	1511.57172	1513.79523	1515.60140	1518.68340	1520.58510	1524.06771	1524.83299	1525.51994	1526.33745	1528.92523	1548.06057	1549.86783	1553.76373	1558.00150	1559.98717	1562.22335	1565.61507	1572.77970	1576.97557	1529.02198
39.439603	1	26	1	0	1546.15604	1501.76896	1502.19873	1501.90265	1502.72716	1505.54721	1510.40963	1513.54839	1516.34025	1517.45026	1518.11389	1521.78757	1524.77646	1527.52721	1529.42394	1534.43269	1538.75340	1541.45941	1542.59684	1544.07880	1546.59099	1549.87662	1550.54176	1556.98158	1559.12513	1568.16229	1579.76708	1529.01818
39.459603	1	18	1	0	1546.15546	1500.28177	1500.70722	1501.79775	1504.21553	1505.52657	1509.83927	1511.22402	1514.50006	1515.53454	1521.13558	1522.43164	1526.46684	1536.56562	1538.21414	1541.61998	1547.55858	1567.95757	1569.92784	1529.02407
39.479603	1	24	1	0	1546.15332	1500.01004	1503.36714	1505.03890	1510.77106	1514.66867	1517.84316	1522.93046	1524.75605	1527.07714	1529.01799	1530.71683	1531.37210	1531.92527	1540.14620	1544.90371	1548.64380	1549.74811	1554.89620	1556.44011	1557.61140	1560.56715	1562.41526	1565.85706	1567.87322	1529.02597
39.499603	1	23	1	0	1546.16051	1500.60944	1501.03709	1501.79298	1502.21836	1502.12736	1503.62538	1509.81146	1510.76456	1514.65095	1523.15472	1524.93206	1526.15259	1537.02131	1537.89966	1541.36050	1544.13580	1546.17568	1546.96916	1552.23335	1553.57550	1554.61258	1567.94597	1579.43923	1529.02407
39.519603	1	20	1	0	1546.16110	1501.36490	1502.39710	1502.58249	1503.21169	1504.65407	1513.97916	1516.26547	1520.40013	1524.84414	1526.29104	1530.34884	1531.65989	1533.95136	1536.08622	1541.14128	1554.50294	1556.23193	1562.77977	1572.22337	1578.62789	1529.02597
39.539603	1	32	1	0	1546.15546	1501.21536	1501.85295	1502.48300	1502.24295	1503.00704	1504.01005	1504.42878	1506.29013	1510.14627	1510.78702	1511.87924	1515.24885	1519.64849	1520.76523	1522.09870	1523.38998	1526.04654	1534.71914	1537.27664	1545.44941	1546.81137	1547.68459	1548.35759	1550.10048	1550.86691	1551.93680	1552.83718	1564.71773	1571.20282	1576.33141	1576.99721	1579.12935	1529.02198
39.559602	1	24	1	0	1546.16051	1502.02701	1501.83772	1502.97655	1503.69579	1511.87329	1513.51095	1516.77654	1518.73629	1524.76701	1525.61834	1530.10990	1531.63414	1532.23484	1533.26310	1536.16834	1537.55358	1544.49687	1549.89752	1554.92824	1556.12029	1562.33468	1563.89679	1564.94391	1577.57189	1529.02597
39.579602	1	23	1	0	1546.16051	1500.51039	1501.54875	1502.02866	1502.76811	1505.70002	1510.70091	1514.29941	1519.61526	1527.50786	1529.51087	1540.20908	1542.14712	1544.49473	1546.92714	1555.54440	1556.27132	1561.61240	1565.56245	1566.52341	1569.41378	1573.64725	1575.30733	1578.42326	1529.02407
39.599602	1	19	1	0	1546.15682	1502.49383	1502.63371	1502.38297	1503.11983	1519.54992	1520.21126	1521.29382	1524.43929	1527.76497	1533.44606	1535.26188	1539.70832	1541.74965	1558.34223	1561.78750	1565.00903	1570.55835	1573.25391	1578.19601	1529.02027
39.619601	1	19	1	0	1546.16479	1500.75043	1502.01105	1504.66364	1509.86132	1510.68440	1514.12510	1516.98495	1520.28455	1521.41238	1523.96969	1539.81473	1549.78229	1550.69659	1553.09955	1554.81855	1560.01309	1573.20400	1574.11150	1579.65081	1529.02616
39.639601	1	28	1	0	1546.15177	1501.01822	1501.39807	1501.66664	1502.67227	1505.30913	1509.95197	1512.66489	1513.46755	1514.37698	1516.53602	1518.19316	1519.93752	1521.46376	1527.56440	1532.57222	1536.40573	1538.89992	1539.60924	1541.63080	1546.91624	1552.79679	1556.04823	1558.87139	1559.75807	1573.23982	1574.57260	1577.48064	1579.41245	1529.02008
39.659601	1	24	1	0	1546.15390	1500.26200	1502.10590	1503.99442	1504.80540	1505.42669	1505.86483	1511.95396	1514.44336	1516.47767	1517.82930	1522.93027	1524.60843	1529.39694	1530.43340	1532.63658	1538.31823	1539.50922	1543.89524	1553.32847	1557.30609	1571.92557	1573.00943	1573.80130	1577.23686	1529.02597
39.679601	1	23	1	0	1546.15604	1500.08249	1500.65155	1501.59183	1502.28002	1501.87000	1502.53091	1503.47024	1514.31582	1514.68005	1521.97796	1524.81068	1528.48268	1530.86049	1536.90280	1539.22310	1540.87192	1547.46882	1556.45035	1559.59509	1561.72582	1562.93110	1571.09464	1574.15341	1529.02198
39.699601	1	21	1	0	1546.16265	1502.59773	1502.58213	1502.45951	1503.22492	1522.70401	1524.67817	1529.17958	1531.38240	1532.01133	1533.74323	1537.57299	1545.42495	1547.76230	1554.04743	1555.13174	1560.09344	1561.28074	1562.69081	1573.19696	1575.32469	1577.26943	1529.02407
39.719600	1	21	1	0	1546.15390	1510.69757	1515.21973	1520.42174	1524.94870	1527.06747	1527.72398	1528.72568	1533.23959	1538.20260	1540.11611	1540.66732	1544.68949	1546.02485	1549.92369	1552.36325	1558.28339	1566.42186	1569.99017	1571.17171	1573.00943	1575.78468	1529.02407
39.739600	1	18	1	0	1546.15177	1501.12191	1502.49842	1502.29140	1502.54504	1503.00392	1502.83201	1512.58991	1514.07272	1526.08082	1532.54587	1540.99472	1545.31368	1551.26929	1551.92799	1556.42612	1561.34932	1575.83677	1579.99418	1529.02388
39.759600	1	16	1	0	1546.15760	1502.68530	1505.77099	1511.78297	1512.19638	1513.66127	1517.96100	1521.23059	1524.69745	1530.11389	1535.79830	1540.18284	1542.54208	1544.01115	1553.46816	1573.07119	1575.38522	1529.02008
39.779600	1	24	1	0	1546.15390	1501.28481	1501.51667	1503.94053	1504.51841	1505.87018	1511.27415	1513.25284	1515.68974	1516.82611	1518.33486	1522.90349	1524.79952	1534.16069	1540.17050	1541.85789	1545.53739	1548.08492	1550.86378	1552.39205	1556.18133	1557.45024	1561.69032	1568.50848	1570.06552	1529.02008
39.799600	1	15	1	0	1546.15332	1500.21625	1501.87569	1502.27690	1502.77803	1515.10549	1515.98325	1524.78837	1525.89715	1529.24575	1530.78256	1535.68477	1541.13220	1547.02754	1557.46622	1560.32046	1529.02027
39.819599	1	23	1	0	1546.15604	1500.56842	1501.05522	1502.38315	1502.62747	1502.81402	1503.72686	1504.24441	1505.22752	1511.50075	1512.68833	1514.80598	1515.39093	1518.33486	1527.59552	1532.65740	1533.27285	1535.32877	1537.29182	1543.26561	1545.77768	1549.21420	1556.59927	1569.56900	1529.02407
39.839599	1	17	1	0	1546.15390	1501.74658	1502.23176	1502.82467	1503.97400	1506.28515	1514.13796	1516.37708	1520.25654	1524.11454	1524.87874	1527.83406	1538.09872	1547.64680	1559.33032	1562.77659	1569.69821	1572.85453	1529.02198
39.859599	1	26	1	0	1546.15604	1500.28561	1501.90558	1502.26148	1503.09741	1504.47442	1506.15196	1510.85680	1511.77220	1512.43329	1512.88855	1523.19094	1526.46494	1527.05419	1529.00221	1531.80087	1535.39796	1538.00043	1539.35044	1540.42938	1540.91575	1542.12836	1544.00456	1549.97252	1555.07235	1561.59376	1570.15011	1529.02407
39.879599	1	22	1	0	1546.15760	1502.01068	1501.90118	1502.34993	1502.74461	1513.85840	1517.37088	1521.74464	1524.83941	1527.07524	1528.66240	1530.55948	1538.29360	1540.61057	1546.92558	1552.19789	1558.25515	1558.93560	1567.56706	1570.93610	1573.98600	1574.81374	1579.66461	1529.02198
39.899599	1	24	1	0	1546.16265	1502.43252	1502.35379	1506.00589	1510.96149	1511.96177	1514.12603	1518.17611	1520.69340	1524.83563	1529.17559	1535.01910	1542.59587	1543.73129	1545.74271	1557.62777	1558.93264	1566.66190	1567.40205	1570.22368	1572.29754	1573.75921	1575.44717	1576.83444	1578.24178	1529.02597
39.919598	1	18	1	0	1546.15973	1501.53353	1502.34993	1503.19331	1505.24133	1505.88309	1509.91360	1517.02219	1518.86908	1520.47644	1546.89659	1548.32055	1549.97037	1551.92818	1553.43932	1554.70730	1572.48611	1578.18487	1579.61794	1529.02198
39.939598	1	22	1	0	1546.15604	1500.50398	1501.10377	1501.53262	1503.56821	1504.33309	1504.91753	1505.56712	1521.85912	1523.96044	1526.27550	1532.08633	1535.44531	1541.39720	1545.55040	1549.10961	1551.17479	1557.04721	1561.18144	1562.95732	1567.51172	1575.21533	1576.93129	1529.02407
39.959598	1	15	1	0	1546.15176	1501.05815	1502.48961	1502.34865	1502.91943	1504.30292	1512.69298	1515.37842	1517.56410	1519.54578	1524.39696	1527.79610	1537.36311	1540.39041	1567.41183	1573.93181	1529.02407
39.979598	1	16	1	0	1546.15973	1501.83479	1510.03132	1513.35637	1518.87977	1521.68985	1524.81711	1525.31371	1533.79468	1535.89343	1538.72741	1558.67224	1562.72496	1565.10084	1572.00794	1576.55995	1577.55793	1529.02407
39.999598	1	22	1	0	1546.15021	1502.18754	1501.85129	1502.15488	1504.56313	1505.03263	1514.91140	1520.57438	1524.84414	1531.84246	1536.01504	1537.21611	1538.23146	1545.12963	1546.79717	1550.16281	1550.71204	1556.87159	1562.27792	1564.26576	1568.80479	1570.02925	1575.10013	1529.02388
40.019598	1	16	1	0	1546.16051	1500.80812	1501.65949	1501.93273	1501.82195	1516.97054	1520.90759	1522.49609	1533.50628	1541.43990	1544.20753	1553.00698	1563.97057	1564.58416	1567.22189	1576.59956	1577.77185	1529.02407
40.039597	1	24	1	0	1546.14943	1500.23107	1501.46736	1503.03624	1504.48270	1510.92436	1512.21311	1517.99210	1522.32422	1526.81760	1528.87980	1538.40424	1540.47781	1542.15853	1545.43465	1548.51472	1559.59628	1561.53844	1562.41288	1565.42914	1568.76517	1570.90319	1572.03587	1576.11425	1578.34609	1529.02407
40.059597	1	23	1	0	1546.16207	1500.54188	1501.35298	1501.56598	1504.20062	1505.28666	1510.46509	1517.02556	1519.82032	1521.26221	1525.63992	1527.05874	1529.40796	1533.10695	1537.85581	1543.49725	1545.61819	1547.60960	1548.16073	1550.72377	1562.92772	1565.16039	1568.72155	1572.06220	1529.02198
40.079597	1	17	1	0	1546.15176	1505.47313	1512.36094	1520.60766	1521.70227	1523.39791	1524.80803	1528.72758	1535.14594	1539.14123	1550.52475	1552.22747	1554.91683	1555.85355	1556.53407	1563.13332	1565.26159	1573.48739	1529.02407
40.099597	1	21	1	0	1546.15604	1501.59183	1502.07085	1502.51017	1502.43326	1502.85478	1506.27888	1512.60163	1515.38570	1516.48104	1523.11303	1529.33988	1530.98379	1533.36442	1550.22553	1555.76852	1557.26251	1565.48872	1572.15383	1575.19636	1579.14233	1567.72252	1529.02198
40.119596	1	21	1	0	1546.15332	1500.33521	1501.72054	1501.73118	1503.68659	1505.71550	1511.53010	1516.79543	1518.96981	1519.88305	1524.81068	1530.84677	1531.58626	1532.50137	1538.16451	1539.05725	1543.06114	1555.68311	1557.27788	1567.59444	1578.17778	1573.71914	1529.02198
40.139596	1	19	1	0	1546.15390	1500.10170	1501.68479	1502.16937	1503.80647	1512.10676	1512.64833	1513.41373	1519.30288	1520.57626	1524.86796	1530.24050	1535.62437	1537.23475	1539.57031	1547.59558	1554.78867	1568.34266	1569.07880	1579.93734	1529.02198
40.159596	1	18	1	0	1546.15390	1500.69000	1502.15635	1510.57975	1511.33135	1516.91385	1521.05449	1522.30048	1528.44089	1531.10825	1535.40640	1541.22220	1543.61310	1544.65671	1554.85629	1558.84313	1570.83758	1577.86678	1579.65812	1529.02027
40.179596	1	15	1	0	1546.15604	1502.02352	1502.11598	1503.44616	1514.92502	1516.16565	1518.32117	1524.83204	1527.98040	1531.29793	1533.08784	1535.08520	1552.72131	1565.54930	1574.49540	1575.80870	1529.02027
40.199596	1	24	1	0	1546.16421	1501.59275	1502.26717	1501.97748	1502.75269	1503.15602	1504.25103	1505.51496	1514.51349	1516.24453	1524.82656	1528.29123	1532.92427	1537.25416	1540.99742	1546.92499	1552.85286	1554.79673	1560.83115	1563.61266	1573.00218	1574.27934	1575.99852	1577.66417	1578.44251	1529.02597
40.219595	1	24	1	0	1546.15546	1500.17288	1502.57056	1502.83330	1502.82761	1510.42502	1511.64937	1512.73726	1518.13975	1519.93207	1521.10868	1522.29916	1524.86645	1536.78143	1537.73294	1548.53499	1555.05642	1559.09251	1560.98270	1564.82842	1570.97683	1572.19423	1573.05469	1577.00590	1577.82893	1529.02597
40.239595	1	17	1	0	1546.16265	1500.44137	1505.53210	1509.74808	1510.67493	1511.56187	1523.37376	1529.58277	1532.51741	1533.19200	1538.46255	1547.81840	1555.67938	1556.37471	1563.70451	1565.04089	1567.72752	1570.43501	1529.02388
40.259595	1	24	1	0	1546.16479	1501.47487	1502.69852	1503.46546	1505.22531	1511.55778	1513.57707	1515.79305	1520.19716	1524.23373	1527.89745	1530.79532	1531.71006	1533.11803	1537.78274	1539.22541	1546.91624	1552.51727	1559.19134	1560.16409	1561.19789	1563.55362	1572.70690	1574.26665	1575.14673	1529.02407
40.279595	1	26	1	0	1546.15604	1501.21719	1501.72293	1501.91457	1512.00768	1514.85206	1517.87763	1521.52268	1524.81068	1530.82772	1537.18595	1538.76418	1539.51866	1540.25807	1541.31646	1542.32523	1543.63500	1544.33706	1545.27213	1547.28309	1559.74145	1561.16242	1569.04016	1571.60879	1572.32126	1573.15208	1579.02615	1529.02407
40.299595	1	18	1	0	1546.15390	1502.31745	1502.67428	1503.47006	1504.93595	1511.39673	1512.56889	1519.90765	1523.83034	1524.78100	1531.56337	1544.67378	1548.30223	1550.57069	1556.91416	1559.40367	1566.26506	1570.51242	1575.89452	1529.02597
40.319595	1	19	1	0	1546.15818	1500.63360	1501.57552	1504.38719	1504.70285	1505.27818	1516.11014	1517.06859	1519.86220	1522.71475	1524.68081	1527.68508	1532.65988	1539.81627	1545.35465	1545.97451	1554.92824	1570.68632	1578.05446	1575.78952	1529.02388
40.339594	1	34	1	0	1546.15604	1501.31706	1501.98372	1502.26424	1502.60636	1503.37614	1504.22951	1506.11010	1515.18912	1519.41137	1522.33854	1522.85446	1526.01624	1527.29067	1527.91700	1536.10349	1539.40902	1539.89570	1540.74259	1544.80765	1551.23857	1554.08729	1556.00413	1556.47359	1557.12902	1558.95615	1562.77262	1563.89201	1564.82842	1566.19385	1567.59384	1570.53128	1576.85426	1579.14902	1579.69829	1529.02597
40.359594	1	20	1	0	1546.15176	1501.72678	1502.03306	1510.02928	1516.19556	1519.74200	1520.63586	1523.28772	1524.74017	1529.43079	1532.76780	1533.83753	1543.84931	1545.11779	1546.85631	1562.32714	1565.54272	1571.73051	1573.27564	1576.11324	1576.97011	1529.02597
40.379594	1	23	1	0	1546.15021	1501.79811	1501.54197	1509.54239	1509.91397	1512.94736	1514.47096	1518.30543	1521.30097	1524.33461	1533.15416	1536.61323	1540.90667	1541.52046	1542.65643	1543.43062	1544.84277	1549.94322	1555.46374	1558.20994	1563.92562	1565.19824	1567.24625	1568.11610	1529.02388
40.399594	1	25	1	0	1546.15760	1500.03017	1501.54197	1502.19029	1501.84396	1503.17825	1509.99980	1511.52676	1517.22094	1522.38754	1526.18478	1526.77931	1527.43653	1529.45589	1533.48200	1534.58087	1535.35484	1538.79864	1547.16299	1550.45027	1553.33082	1559.69655	1560.52616	1568.48067	1571.37607	1577.90909	1529.02407
40.419594	1	21	1	0	1546.16051	1500.27262	1502.51861	1504.92103	1505.22015	1511.00715	1514.39749	1516.18117	1520.86734	1524.77173	1526.60401	1531.12350	1533.73673	1536.37770	1537.03245	1539.52714	1545.98112	1553.06150	1560.90682	1562.41983	1569.80200	1578.64836	1529.02198
40.439593	1	24	1	0	1546.15332	1500.46151	1500.98084	1501.95804	1502.78115	1503.86660	1505.67476	1517.27447	1518.47452	1522.01525	1524.85719	1527.24249	1532.42823	1538.33035	1539.50999	1540.66732	1543.88032	1545.62926	1551.57772	1562.06104	1565.37714	1568.91606	1573.53712	1575.24922	1575.93531	1529.02407
40.459593	1	23	1	0	1546.16051	1502.44464	1502.54027	1504.04261	1505.54684	1512.94736	1514.05147	1521.61454	1522.12376	1527.21632	1528.78098	1530.96835	1534.33142	1535.98435	1542.14480	1542.98235	1548.43810	1554.42061	1557.55044	1558.48559	1562.04914	1567.33633	1573.08327	1573.75639	1529.02407
40.479593	1	23	1	0	1546.16051	1501.53445	1503.40058	1504.09282	1504.66143	1512.83477	1516.28622	1519.23513	1520.06639	1524.39866	1531.70090	1535.67058	1537.87312	1539.67285	1540.74047	1542.09375	1546.76332	1547.67290	1553.10190	1558.81369	1559.73769	1564.08553	1574.27128	1576.51811	1529.02578
40.499593	1	21	1	0	1546.15760	1501.42685	1502.23359	1501.54380	1503.92416	1505.09986	1514.49484	1515.13424	1517.26754	1521.11846	1530.89822	1531.85410	1534.27629	1543.73129	1550.21068	1553.23626	1554.91683	1555.71303	1557.73115	1563.61167	1565.32155	1572.29030	1529.02198
40.519592	1	18	1	0	1546.15546	1504.55706	1505.04055	1506.20730	1510.56843	1510.98432	1513.30349	1524.83015	1525.91590	1527.78452	1531.21385	1533.35907	1534.33142	1536.19002	1538.06525	1551.03942	1559.53754	1565.94418	1572.75215	1529.02407
40.539592	1	21	1	0	1546.15390	1500.11726	1501.63033	1502.16717	1502.56358	1504.18314	1509.72880	1511.37871	1514.48980	1519.55104	1523.23150	1524.83299	1528.63105	1533.10485	1535.03769	1536.09907	1544.78359	1545.53719	1552.76562	1556.12304	1568.55609	1576.61350	1529.02426
40.559592	1	19	1	0	1546.15818	1500.32844	1501.55150	1510.63596	1512.36150	1513.02982	1516.80404	1524.69556	1533.36537	1535.14077	1535.74307	1536.41532	1546.40547	1547.12582	1549.63681	1554.31590	1557.02908	1562.78374	1571.17793	1578.52901	1529.02407
40.579592	1	20	1	0	1546.15604	1500.12073	1501.86156	1502.14130	1505.00519	1505.33621	1514.22912	1516.37465	1516.99524	1521.00878	1521.64880	1523.24602	1531.63890	1533.04961	1539.63834	1540.62794	1545.46475	1556.93722	1557.84637	1569.38453	1575.63770	1529.02407
40.599592	1	20	1	0	1546.16692	1503.29767	1511.80025	1512.97304	1517.01694	1519.16063	1519.64304	1522.89783	1524.73090	1525.61834	1526.27474	1529.22920	1532.66198	1542.91034	1547.49412	1548.77875	1554.20512	1556.40740	1558.37046	1559.18679	1575.08924	1529.02387
40.619591	1	23	1	0	1546.15973	1501.09241	1502.86213	1504.61945	1516.06566	1520.87336	1521.62263	1528.59324	1530.40159	1532.75347	1533.57722	1536.41436	1542.03516	1546.37708	1553.97398	1557.15721	1563.57449	1564.79955	1566.67187	1571.17873	1572.75114	1573.54537	1576.72042	1577.56501	1529.02597
40.639591	1	29	1	0	1546.15682	1500.15348	1501.53720	1502.51034	1502.89481	1504.08307	1504.68977	1504.99248	1506.02120	1509.65412	1512.72237	1517.61896	1518.91485	1521.20406	1532.87115	1534.35725	1545.25679	1546.22874	1547.13691	1548.62195	1550.32812	1560.12648	1560.90702	1564.15495	1566.29577	1570.81832	1572.19463	1573.74632	1575.93288	1578.24602	1529.02407
40.659591	1	22	1	0	1546.15604	1500.39945	1501.80471	1501.78179	1502.32663	1502.59258	1505.82832	1506.17244	1519.41306	1525.88409	1537.86830	1538.58746	1542.05159	1542.90047	1548.09154	1549.45641	1554.33653	1555.26742	1558.03544	1559.63642	1566.35562	1574.37285	1579.25527	1529.02197
40.679591	1	17	1	0	1546.16478	1500.51185	1502.00536	1511.36701	1513.21057	1521.54884	1522.82203	1523.96421	1524.83109	1526.69516	1529.40796	1532.56801	1534.36798	1554.35460	1559.07848	1561.14597	1562.70034	1567.18054	1529.02197
40.699591	1	27	1	0	1546.15817	1501.08764	1501.81663	1501.75996	1502.69594	1503.28793	1503.87009	1505.72858	1518.79686	1519.58408	1521.13558	1524.76152	1527.66173	1536.49536	1543.68963	1548.03036	1549.03936	1549.94205	1551.16598	1553.23646	1555.37816	1557.16885	1560.46814	1565.35422	1566.45537	1569.38593	1574.74558	1576.27261	1529.02026
40.719592	1	22	1	0	1546.15604	1500.01699	1501.06108	1501.27857	1502.21561	1501.56213	1502.95285	1503.28224	1503.92489	1514.61066	1525.40735	1531.78941	1536.68599	1550.07293	1552.34874	1555.16378	1563.91368	1565.08629	1567.97515	1572.28307	1572.84426	1574.85648	1572.36890	1529.02407
40.739590	1	22	1	0	1546.15895	1501.41585	1501.66461	1502.38462	1502.73524	1509.73565	1513.76467	1518.98013	1521.91769	1524.80878	1527.72606	1528.85661	1536.40361	1540.52219	1543.86287	1551.63801	1553.75234	1555.30204	1557.24160	1562.86933	1565.41698	1573.99788	1578.41050	1529.02216
40.759590	1	16	1	0	1546.15604	1501.85716	1502.20496	1517.77591	1522.85088	1524.14929	1525.37860	1525.93861	1526.67223	1527.45796	1535.27069	1540.85261	1549.34125	1551.11336	1551.94560	1569.64251	1573.04262	1529.02407
40.779590	1	24	1	0	1546.16478	1501.63840	1502.25781	1501.60411	1502.40499	1503.77999	1505.39204	1506.05901	1515.17885	1519.19872	1520.45539	1523.84506	1525.96303	1530.43339	1535.13042	1537.51186	1540.86342	1542.11443	1552.10934	1554.95576	1562.10488	1564.51450	1567.26043	1574.47886	1578.28916	1529.02407
40.799590	1	27	1	0	1546.16051	1501.32586	1501.55553	1501.85588	1501.87697	1502.76939	1503.24145	1503.65387	1503.92581	1509.68395	1524.84225	1525.73946	1527.70272	1528.86649	1534.07381	1538.85024	1539.59633	1540.73834	1547.13652	1547.73171	1551.11355	1551.77583	1552.97560	1557.67255	1558.91841	1563.85383	1568.96470	1578.99493	1529.02216
40.819589	1	17	1	0	1546.14943	1500.57776	1500.96032	1501.95217	1502.50594	1502.40279	1520.05718	1523.22621	1524.73279	1526.62883	1531.08861	1539.69424	1546.74250	1549.20229	1557.73588	1558.86901	1574.36922	1579.06406	1529.02216
40.839589	1	16	1	0	1546.15759	1500.39176	1502.11488	1503.61140	1509.86447	1515.76745	1516.40961	1519.00958	1529.05163	1536.77086	1538.14854	1551.70535	1569.55457	1570.40373	1574.40348	1578.39591	1579.36458	1529.02787
40.859589	1	21	1	0	1546.16051	1501.50090	1502.29029	1502.23102	1501.81846	1505.09894	1505.71162	1513.75629	1521.33973	1534.67298	1538.21856	1539.07015	1540.93679	1543.06985	1545.73629	1548.29560	1549.62158	1560.80282	1565.75518	1567.07910	1568.27426	1573.71913	1529.02407
40.879589	1	16	1	0	1546.16051	1501.67177	1504.18259	1510.32319	1519.57582	1523.03249	1524.08885	1531.65492	1538.03505	1541.71292	1542.73190	1556.68517	1560.81471	1561.72106	1566.44120	1575.74773	1576.45304	1529.02407
40.899589	1	15	1	0	1546.15604	1500.89328	1501.93236	1504.80466	1505.72269	1511.79282	1518.05186	1522.97044	1524.52791	1526.93115	1548.18898	1555.17775	1561.10792	1571.98403	1577.37077	1578.80946	1529.02197
40.919588	1	20	1	0	1546.15817	1500.53583	1511.63488	1517.74838	1523.94514	1524.48029	1526.76187	1528.67038	1538.01985	1539.09596	1543.69622	1550.20208	1552.73895	1557.65597	1559.27634	1564.80711	1566.15994	1571.19238	1573.53953	1574.71957	1575.25164	1529.02597
40.939588	1	21	1	0	1546.15817	1502.22423	1502.18405	1501.99839	1503.25523	1505.86483	1513.68847	1517.17695	1523.81863	1525.42987	1527.25406	1529.95628	1535.25996	1540.43787	1542.82440	1549.98561	1551.55990	1559.43688	1565.10562	1568.09430	1571.97820	1577.36409	1529.02407
40.959588	1	22	1	0	1546.16051	1502.08773	1502.18185	1503.57592	1504.30218	1504.75642	1505.86649	1514.01568	1522.59825	1523.20338	1524.82636	1526.97342	1529.35699	1534.14576	1537.57510	1539.20364	1541.50751	1542.16510	1544.22711	1545.30707	1547.11920	1553.21056	1566.57708	1529.02387
40.979588	1	23	1	0	1546.15448	1500.82771	1502.36113	1502.33892	1512.52908	1514.75971	1517.61241	1518.40890	1520.63755	1521.37699	1524.85151	1528.34440	1528.90583	1538.40655	1546.02582	1552.37304	1553.24783	1562.79406	1564.50733	1565.60510	1570.31430	1571.84279	1573.17099	1577.90200	1529.02216
40.999588	1	25	1	0	1546.15390	1500.80262	1502.43894	1502.98959	1504.50810	1511.72035	1512.25997	1513.17464	1520.98075	1524.81899	1531.05163	1532.61022	1534.60653	1536.24163	1538.44965	1540.54728	1541.45767	1542.59683	1569.09821	1569.93264	1571.45537	1571.95912	1574.10626	1575.48007	1577.94128	1579.36681	1529.02407
41.019587	1	22	1	0	1546.15604	1500.33191	1501.69414	1502.13231	1504.07994	1506.15842	1510.25457	1512.55661	1512.90027	1513.82280	1520.03201	1523.66741	1529.38381	1535.05071	1541.44530	1553.55548	1554.12126	1556.53485	1558.11518	1562.27732	1563.13332	1569.36771	1576.21887	1529.02007
41.039587	1	29	1	0	1546.15973	1500.92057	1501.70349	1501.60448	1502.60892	1504.98511	1506.18535	1513.08752	1513.95716	1515.05939	1515.90794	1517.31565	1517.82424	1518.44395	1520.24601	1524.73752	1532.76360	1533.81610	1534.53128	1538.02216	1543.56195	1546.70885	1553.73114	1555.28827	1556.18132	1560.67745	1571.48649	1575.83757	1577.48589	1579.05068	1529.02197
41.059587	1	24	1	0	1546.15604	1501.10194	1502.47804	1502.31047	1503.46987	1505.58038	1512.35871	1515.52687	1516.75577	1519.21261	1522.74152	1524.68383	1531.71749	1535.10666	1536.62110	1539.79255	1544.05262	1546.75456	1553.03385	1554.56915	1556.93486	1561.60267	1568.27866	1573.45921	1579.68936	1529.02216
41.079587	1	18	1	0	1546.16265	1501.42648	1502.23542	1510.67827	1512.85188	1513.40237	1513.95138	1518.77210	1519.50298	1524.83676	1527.23680	1539.24698	1541.89674	1546.41635	1550.48506	1551.62391	1552.42418	1565.08351	1565.88157	1529.02197
41.099587	1	22	1	0	1546.15604	1501.59403	1502.01857	1502.04168	1503.28738	1504.35039	1505.29531	1510.80650	1517.75306	1525.59582	1535.27280	1537.32852	1542.73615	1546.04233	1547.72957	1550.48096	1552.30211	1554.26620	1557.93794	1559.76736	1567.38506	1573.96242	1578.24643	1529.02806
41.119586	1	27	1	0	1546.16362	1500.13848	1500.73010	1500.96564	1502.46960	1503.75811	1505.69688	1511.68188	1512.96243	1517.89654	1520.35426	1524.83676	1530.51909	1534.03286	1536.78796	1538.04793	1541.09956	1547.09312	1549.55187	1551.54131	1554.52572	1560.59229	1565.03531	1570.48334	1571.70660	1573.56329	1574.49217	1575.76145	1529.02216
41.139586	1	19	1	0	1546.15176	1501.72787	1502.58451	1503.15491	1504.12482	1509.78032	1514.38238	1523.48981	1537.18594	1539.05070	1541.41729	1543.22843	1543.76035	1548.33692	1549.41952	1551.17909	1556.51791	1560.45052	1574.03817	1577.77731	1529.02407
41.159586	1	19	1	0	1546.15390	1501.42831	1502.70917	1503.92122	1504.85032	1505.66001	1514.91998	1516.76980	1526.40488	1528.36434	1530.39492	1536.67947	1543.09347	1546.76779	1556.89958	1566.57688	1569.42459	1576.29100	1578.68239	1579.72284	1529.02197
41.179586	1	18	1	0	1546.16206	1500.29695	1501.64646	1502.17708	1502.96442	1503.31182	1511.44130	1513.03819	1518.60314	1522.94856	1524.81521	1525.84471	1536.69694	1539.65453	1545.95372	1547.44409	1550.73374	1560.49546	1569.42459	1529.02216
41.199585	1	22	1	0	1546.16265	1501.38982	1501.89017	1502.36608	1502.32002	1503.26166	1505.20799	1512.23300	1514.23974	1516.66655	1521.11488	1526.11471	1527.90922	1539.67381	1547.63024	1548.63034	1551.82694	1552.49512	1558.14795	1562.12849	1570.22729	1573.73504	1577.88581	1529.02407
41.219586	1	12	1	0	1546.15604	1500.68689	1501.62831	1502.52173	1509.63095	1520.37005	1527.67919	1529.50287	1535.38512	1557.79171	1561.89162	1575.30733	1576.69253	1529.02387
41.239585	1	17	1	0	1546.15021	1500.94677	1502.32663	1502.35580	1520.29619	1523.24508	1524.85151	1530.98378	1532.65778	1537.33716	1539.03356	1545.90805	1551.66444	1555.50288	1558.07886	1572.99735	1577.87730	1579.00851	1529.02197
41.259585	1	24	1	0	1546.16051	1500.59936	1502.09470	1502.17726	1502.26442	1503.22657	1503.72116	1505.45506	1510.28647	1517.21869	1518.59264	1522.58034	1529.58277	1533.09701	1533.91233	1542.48578	1545.78214	1546.64116	1548.35544	1549.61494	1563.81088	1566.58686	1569.78516	1572.68316	1577.98055	1529.02578
41.279585	1	25	1	0	1546.15895	1501.20747	1503.03110	1503.73200	1504.28838	1509.66301	1511.47251	1511.88760	1515.02169	1519.07750	1520.53415	1523.58719	1528.32484	1538.87180	1542.24032	1543.43391	1545.56128	1547.40320	1549.47379	1554.48230	1556.12737	1559.18660	1565.87160	1569.22875	1571.89904	1575.29401	1529.02197
41.299585	1	27	1	0	1546.15817	1503.24200	1505.66443	1511.84318	1513.10315	1513.60035	1514.63285	1516.97466	1517.75006	1520.95348	1521.50234	1526.09596	1528.60597	1532.90325	1534.10806	1538.55512	1541.08952	1549.53020	1553.65243	1555.54912	1556.14627	1557.73351	1559.03322	1563.70450	1568.99392	1570.51964	1577.48407	1579.08413	1529.02387
41.319584	1	24	1	0	1546.16051	1500.31269	1501.44664	1502.43894	1502.64986	1502.31451	1502.99803	1504.83504	1516.78682	1517.21981	1531.23196	1532.02545	1533.79468	1536.15970	1548.40125	1550.12158	1553.01149	1553.80416	1556.36309	1557.31022	1561.83489	1563.48663	1568.50027	1569.33707	1572.60453	1529.02407
41.339584	1	26	1	0	1546.16867	1500.74933	1502.38517	1509.57499	1510.70276	1511.82571	1512.39051	1516.85379	1519.99425	1520.64469	1524.83676	1529.48005	1531.30441	1531.75584	1539.05282	1545.00870	1547.63589	1548.69625	1549.52786	1553.26215	1556.06476	1559.96560	1560.45864	1562.56036	1565.94657	1569.51812	1576.84960	1529.02407
41.359584	1	30	1	0	1546.14437	1501.69249	1501.81150	1502.13396	1502.78114	1505.46188	1509.93917	1510.99248	1514.43329	1515.67050	1519.90089	1525.46052	1526.77362	1537.76735	1541.35103	1543.01545	1543.95008	1544.73314	1546.18170	1549.24562	1551.38708	1554.35244	1557.35774	1559.15833	1561.32097	1568.55989	1574.68650	1575.53194	1576.66928	1578.86216	1579.80624	1529.02007
41.379584	1	18	1	0	1546.15759	1505.56803	1516.90749	1524.93205	1528.94689	1539.36951	1542.96260	1546.75028	1549.23918	1550.78399	1552.00064	1557.02375	1558.58434	1563.00002	1563.95664	1567.68715	1569.73447	1570.54350	1571.22851	1529.02407
41.399584	1	19	1	0	1546.15603	1501.77371	1501.65874	1505.39554	1511.13358	1512.73167	1518.47507	1524.79214	1525.98764	1531.06497	1535.00971	1547.53346	1548.77231	1562.74084	1563.32147	1564.27292	1565.99023	1567.64238	1570.14028	1571.69936	1529.02197
41.419583	1	27	1	0	1546.16264	1501.16478	1501.68276	1502.00077	1502.47290	1510.65860	1511.76568	1512.81020	1515.12770	1520.86451	1521.42479	1524.88497	1526.50926	1529.42184	1532.18863	1533.21818	1534.60231	1536.26197	1537.39001	1539.08517	1545.91329	1552.47865	1557.48298	1563.03736	1563.83473	1565.93760	1571.53669	1572.50279	1529.02197
41.439583	1	21	1	0	1546.16050	1502.01049	1502.17726	1502.96148	1503.25173	1517.87069	1519.87797	1520.37174	1523.53302	1523.97969	1524.81804	1527.28042	1530.78693	1541.16077	1546.45116	1550.36720	1551.51155	1552.19357	1557.95195	1559.15852	1568.66452	1573.77994	1529.02197
41.459583	1	21	1	0	1546.15390	1501.67451	1509.97606	1523.64344	1524.17687	1524.82920	1529.93382	1534.44340	1542.61424	1544.87129	1546.64991	1548.08258	1552.09660	1559.18205	1561.53407	1564.79755	1569.13685	1573.97894	1576.25624	1577.12986	1577.88074	1578.44149	1529.02596
41.479583	1	17	1	0	1546.15681	1500.89822	1501.47212	1501.50273	1502.17872	1505.01255	1512.03109	1514.88359	1518.19503	1522.78809	1534.95702	1536.51589	1537.40423	1538.49488	1556.49604	1565.56484	1574.47564	1579.68043	1529.02406
41.499583	1	23	1	0	1546.15545	1500.30940	1500.87515	1502.92695	1505.95130	1512.35871	1513.92137	1514.78209	1519.64472	1521.15514	1524.95984	1531.00532	1537.68545	1538.49930	1540.18534	1542.75802	1543.75376	1554.05547	1555.68527	1568.86262	1569.49148	1570.85964	1574.62985	1577.67347	1529.02197
41.519582	1	25	1	0	1546.15545	1500.63946	1502.02645	1502.13139	1502.45216	1502.48905	1502.41269	1505.78647	1512.01920	1517.84746	1519.10996	1520.21820	1521.06634	1539.08902	1542.16006	1545.30785	1550.80256	1552.31856	1557.21222	1563.39779	1565.46859	1566.87526	1569.68077	1571.24918	1573.60234	1577.96901	1529.02406
41.539582	1	19	1	0	1546.15817	1501.38377	1501.48330	1514.94834	1521.07386	1523.16263	1523.79012	1524.83487	1530.77874	1535.43514	1539.52945	1543.85841	1544.48153	1547.68302	1561.30213	1567.93157	1572.76642	1575.33416	1577.37097	1578.93695	1529.02406
41.559582	1	23	1	0	1546.16109	1500.79694	1502.20459	1502.12570	1501.94978	1503.12772	1503.49321	1511.06934	1515.38962	1519.98823	1522.18083	1522.64707	1523.10284	1526.84262	1527.31759	1532.63543	1534.39764	1539.75149	1543.61213	1545.36183	1548.27824	1566.47512	1573.94127	1579.84986	1529.02197
41.579582	1	17	1	0	1546.15545	1501.50639	1502.42793	1504.12942	1512.25327	1513.07225	1523.28337	1524.75679	1531.66961	1540.97366	1546.24312	1548.91119	1550.78829	1551.97204	1564.46653	1573.31327	1577.29936	1579.29846	1529.02197
41.599581	1	20	1	0	1546.15895	1503.49798	1504.16474	1517.07720	1517.51222	1526.73704	1530.73740	1535.92373	1538.16892	1540.30185	1544.52615	1548.33477	1549.57159	1553.43009	1565.99263	1567.28998	1572.11504	1573.83210	1575.13623	1575.99386	1578.68401	1529.02596
41.619581	1	23	1	0	1546.15759	1504.44662	1510.25141	1511.17721	1515.43088	1516.25032	1518.15867	1518.92309	1519.40348	1522.50607	1524.82371	1528.41391	1529.61624	1532.75767	1533.62617	1538.00484	1550.32166	1551.40293	1555.94152	1556.64064	1557.35932	1568.86942	1574.77380	1575.55534	1529.02197
41.639581	1	21	1	0	1546.15817	1501.29103	1501.47377	1501.81277	1501.79444	1502.20900	1502.86837	1503.34398	1510.61480	1515.65555	1524.84602	1525.83183	1528.96894	1542.93956	1549.19682	1551.42563	1554.55323	1557.74534	1562.46745	1566.78324	1575.39288	1579.83667	1529.02216
41.659581	1	20	1	0	1546.15331	1500.13353	1502.30038	1503.04120	1514.84012	1516.66654	1517.86900	1519.03904	1524.75490	1528.65765	1534.22958	1541.07947	1541.69553	1552.46396	1557.98609	1561.66910	1563.46695	1567.69194	1569.26318	1570.76776	1579.94383	1529.02406
41.679581	1	23	1	0	1546.15234	1500.41318	1502.32167	1502.18313	1501.95932	1503.80536	1505.54426	1510.76975	1511.68653	1517.37948	1517.97541	1521.18656	1522.35172	1524.78477	1528.40403	1533.23251	1535.00453	1545.72716	1550.64946	1561.47241	1565.29046	1574.42706	1576.03123	1577.95281	1529.02197
41.699581	1	21	1	0	1546.16692	1502.10827	1502.92401	1503.44616	1510.85735	1519.35243	1521.42837	1523.26054	1524.81162	1526.77552	1530.88373	1534.52687	1544.91321	1551.49961	1560.39370	1561.16241	1564.51808	1572.70568	1577.36186	1578.08685	1579.01500	1579.95642	1529.02216
41.719580	1	18	1	0	1546.15895	1500.82020	1501.36471	1502.23377	1502.56284	1505.11312	1512.12330	1513.80417	1517.64967	1523.81202	1524.48199	1529.69824	1531.31032	1541.33886	1546.84230	1555.74765	1565.14186	1565.72129	1569.64852	1529.02406
41.739580	1	26	1	0	1546.15603	1500.73577	1502.08369	1503.05295	1503.39047	1510.25048	1510.70406	1511.11668	1517.83641	1518.67139	1521.78285	1524.17876	1524.86153	1529.08756	1530.32979	1531.42587	1536.60459	1541.72838	1554.50548	1557.60665	1559.07808	1560.60417	1563.79556	1565.74561	1568.61210	1577.40759	1579.09082	1529.02197
41.759580	1	20	1	0	1546.16264	1500.35973	1501.87843	1503.41252	1503.77558	1504.17394	1515.83881	1520.54467	1521.18091	1524.03937	1524.76984	1531.27924	1533.47645	1536.58500	1544.77059	1547.35861	1550.17745	1557.52242	1559.98261	1574.62279	1579.50169	1529.02197
41.779580	1	20	1	0	1546.16050	1502.27396	1502.90675	1503.41050	1512.37935	1513.66462	1516.05874	1517.70867	1524.81086	1530.01509	1536.60804	1543.20015	1548.52485	1549.25342	1551.06112	1562.77420	1564.13823	1566.20601	1567.96975	1571.59413	1576.60642	1529.02197
41.799580	1	18	1	0	1546.15545	1500.05797	1501.91310	1511.87607	1513.22249	1517.93551	1519.08594	1519.71589	1524.79498	1529.80841	1531.21594	1543.77837	1548.85481	1553.83125	1555.22356	1562.26541	1565.54012	1572.61177	1578.86439	1529.02406
41.819579	1	28	1	0	1546.15973	1500.55414	1501.71888	1502.01416	1503.85409	1504.28175	1514.10571	1515.74596	1516.48795	1524.03389	1527.54295	1533.52826	1535.33739	1538.61325	1539.90938	1542.85034	1545.37115	1546.17955	1547.95417	1550.83542	1555.49599	1560.30857	1562.58418	1563.68899	1568.68012	1575.98437	1576.62744	1578.21868	1579.08190	1529.02197
41.839579	1	25	1	0	1546.15390	1502.31451	1502.40847	1503.34398	1504.31616	1506.21135	1509.96012	1512.88687	1515.41595	1518.64795	1519.58614	1520.11937	1522.63180	1524.81162	1526.69516	1535.87559	1542.15639	1544.43770	1549.48491	1552.26958	1552.86599	1559.22672	1562.62469	1567.86741	1568.69713	1579.93429	1529.02406
41.859579	1	20	1	0	1546.14573	1500.44375	1501.67525	1502.08295	1504.59258	1505.88455	1510.41036	1523.11189	1524.86153	1526.78329	1531.17153	1531.82909	1542.65778	1548.95508	1550.33691	1556.77128	1558.27350	1567.41662	1570.22127	1574.78570	1577.70444	1529.02406
41.879579	1	20	1	0	1546.15817	1502.05232	1505.72268	1517.05380	1518.02300	1519.44440	1523.44206	1524.82825	1527.04338	1532.42097	1535.88920	1539.33078	1544.26045	1549.51478	1550.64946	1554.73619	1561.41492	1566.91658	1574.95268	1578.15509	1578.76892	1529.02596
41.899579	1	24	1	0	1546.15759	1500.29329	1502.18276	1502.52594	1502.47363	1502.43600	1503.88075	1505.62904	1509.91989	1510.99007	1513.16384	1515.37412	1521.35573	1525.57519	1527.04944	1529.52607	1551.70182	1553.26882	1557.59501	1562.94778	1566.15017	1567.86981	1570.41575	1572.28306	1576.90095	1529.01817
41.919578	1	20	1	0	1546.15331	1500.30665	1501.04294	1502.39049	1503.27011	1503.99662	1504.49153	1505.35685	1513.40348	1514.70112	1522.33269	1523.79786	1527.18559	1528.26007	1535.51048	1550.71066	1551.40959	1558.03780	1559.52507	1561.84144	1571.58248	1529.02197
41.939578	1	16	1	0	1546.15895	1501.93144	1502.41453	1502.69245	1503.41748	1506.04720	1510.45841	1516.37015	1526.02760	1528.92522	1538.20047	1541.44259	1550.27808	1564.02088	1565.94896	1574.56796	1567.10825	1529.02197
41.959578	1	17	1	0	1546.15176	1501.57936	1512.51996	1516.16340	1519.37833	1520.67797	1521.36099	1524.83865	1526.52765	1531.39269	1532.27472	1534.26767	1542.62508	1547.53774	1554.94356	1555.53986	1561.87972	1565.24464	1529.02387
41.979578	1	26	1	0	1546.15390	1501.28608	1502.29946	1502.81787	1502.35764	1504.04609	1509.98069	1511.97793	1514.25335	1516.74379	1524.27377	1524.85982	1528.40973	1539.57898	1543.95434	1546.81915	1548.84604	1549.41951	1550.49600	1552.51942	1555.67602	1556.82251	1557.97089	1569.12503	1571.70901	1575.97044	1577.11833	1529.02197
41.999578	1	22	1	0	1546.16050	1500.22686	1500.52228	1502.07653	1501.96922	1502.44830	1511.03370	1511.91176	1514.17766	1514.83657	1516.24228	1520.14492	1521.89452	1523.69497	1524.80783	1534.27131	1535.49917	1548.41528	1551.02806	1563.83871	1567.75029	1570.37706	1571.12975	1529.02406
42.019577	1	20	1	0	1546.15817	1500.00912	1500.89145	1502.40664	1503.25633	1514.02090	1520.06281	1521.37172	1524.88308	1527.83708	1529.14535	1529.71061	1530.29932	1533.20269	1535.46332	1537.37905	1538.69948	1539.60923	1556.91613	1558.30964	1568.08690	1529.02596
42.039577	1	18	1	0	1546.15545	1502.84615	1505.57964	1516.85959	1517.97429	1524.77362	1525.58938	1526.02589	1526.86574	1528.78952	1531.00532	1533.89549	1540.48417	1549.18492	1561.29262	1561.82299	1563.54347	1574.38816	1576.45768	1529.02406
42.059577	1	23	1	0	1546.15759	1501.09497	1502.02829	1502.29139	1503.80996	1505.02379	1513.53162	1515.55507	1523.82542	1524.86342	1525.71826	1527.69722	1530.75169	1534.68389	1539.49264	1540.33137	1547.72820	1548.73759	1551.70104	1557.80691	1560.41270	1565.61745	1571.63951	1570.30588	1529.02197
42.079577	1	17	1	0	1546.15603	1501.41144	1502.00426	1503.62592	1505.54205	1511.27600	1513.69182	1520.83367	1522.35700	1524.72352	1539.27703	1544.41908	1545.60731	1547.38743	1551.07618	1552.02962	1558.78780	1578.36046	1529.02387
42.099576	1	16	1	0	1546.15603	1500.18642	1502.06571	1502.39269	1506.02267	1512.72498	1514.04215	1519.20566	1520.05943	1522.27805	1524.81521	1533.63038	1539.80180	1549.25556	1549.99322	1563.32624	1575.91652	1529.02197
42.119576	1	27	1	0	1546.16109	1500.07260	1501.86761	1504.95804	1505.51237	1506.12890	1511.37202	1512.52833	1514.24310	1515.23671	1516.97185	1520.81411	1522.47460	1523.39979	1525.81688	1528.96875	1536.31935	1537.83907	1541.86871	1548.08277	1550.04226	1556.05058	1559.34949	1560.21178	1565.09366	1566.11866	1573.86030	1574.70525	1529.02406
42.139576	1	27	1	0	1546.15020	1500.74951	1501.27509	1501.91181	1502.31451	1502.97415	1503.36052	1505.79845	1510.69274	1515.38234	1520.26180	1521.40202	1523.28318	1524.42813	1528.02539	1532.95178	1535.41099	1536.69098	1538.23799	1539.58110	1540.12247	1542.28809	1550.54878	1551.21645	1553.42322	1554.23006	1555.35062	1555.95786	1529.02406
42.159576	1	27	1	0	1546.15390	1500.84419	1501.12813	1501.73686	1503.00373	1503.58768	1504.25710	1510.43540	1510.98914	1512.73465	1517.23478	1520.56046	1524.28530	1531.71673	1532.77620	1539.70195	1545.71007	1546.71527	1547.56266	1551.43659	1553.17937	1556.01574	1558.30924	1565.63439	1566.69582	1568.10150	1577.22289	1578.88040	1529.02596
42.179576	1	22	1	0	1546.16692	1501.22634	1501.65453	1502.04553	1502.75047	1503.35758	1505.07002	1506.13591	1518.57369	1519.16400	1524.79403	1525.52182	1529.92374	1539.19940	1539.79332	1540.47800	1543.68614	1545.13409	1559.07096	1560.57110	1561.17906	1575.40479	1578.97932	1529.02406
42.199576	1	16	1	0	1546.15817	1500.80536	1502.12570	1501.55736	1503.44119	1510.35230	1513.88690	1517.45362	1529.67027	1533.61967	1544.66543	1545.58536	1546.97947	1559.55335	1562.19159	1568.22567	1577.08051	1529.02007
42.219575	1	19	1	0	1546.15448	1502.71265	1503.27948	1510.59068	1515.29850	1518.38884	1524.67646	1537.62296	1538.75339	1542.77969	1553.94551	1559.70604	1562.25588	1566.84711	1570.30848	1572.39040	1574.52381	1576.82513	1579.03040	1579.89553	1529.02197
42.239575	1	21	1	0	1546.16206	1501.79609	1502.07928	1502.33267	1510.48382	1512.62265	1514.26174	1520.00645	1524.79687	1532.08823	1532.71354	1538.97097	1544.70927	1550.14912	1553.77628	1555.05366	1556.73876	1561.43692	1570.40372	1571.36642	1573.04261	1560.39508	1529.02406
42.259575	1	23	1	0	1546.15020	1500.06803	1501.31522	1502.34772	1502.73835	1503.60864	1504.75255	1506.17888	1516.18920	1518.89514	1521.90168	1524.13890	1524.82182	1526.64380	1527.31171	1528.50053	1532.18443	1542.39002	1544.86256	1545.91679	1550.51985	1557.68438	1563.64943	1576.56499	1529.02406
42.279575	1	27	1	0	1546.15817	1500.13445	1501.01069	1501.61071	1501.75116	1502.27212	1502.11726	1502.58101	1502.91244	1504.68719	1505.88603	1509.99979	1510.54300	1511.68392	1515.99688	1516.85921	1517.30703	1523.70233	1524.79309	1527.57615	1528.89747	1537.54088	1549.37169	1557.40290	1563.47708	1571.22449	1573.06897	1571.75520	1529.02406
42.299574	1	14	1	0	1546.14942	1500.63268	1501.75648	1501.64682	1503.42226	1510.29611	1511.37035	1515.58252	1524.70122	1544.72887	1558.22237	1565.70196	1567.75648	1571.35196	1577.99452	1529.02197
42.319574	1	25	1	0	1546.15603	1501.12080	1501.55259	1502.41269	1502.89242	1503.25283	1514.40102	1516.43877	1518.99063	1519.52738	1522.09869	1523.23337	1524.79214	1528.95069	1532.08842	1535.78966	1540.56965	1552.78325	1553.43440	1554.60805	1558.21289	1560.22543	1560.92108	1563.60549	1574.47422	1575.45887	1529.02197
42.339574	1	25	1	0	1546.16206	1501.84542	1502.91079	1503.68015	1514.04121	1515.02728	1515.50147	1517.63113	1520.09945	1523.84317	1533.39404	1534.95357	1543.06075	1544.84490	1545.89231	1547.22176	1547.91696	1548.98278	1554.58290	1556.13918	1567.60601	1572.03586	1572.66405	1578.35803	1567.34111	1572.73906	1529.02197
42.359574	1	15	1	0	1546.16264	1500.03802	1502.05232	1509.71230	1510.98431	1524.87759	1526.69326	1533.75164	1541.78250	1546.44901	1546.97947	1558.48795	1559.69180	1567.74549	1570.36983	1573.73725	1529.02197
42.379574	1	23	1	0	1546.15817	1501.08855	1501.38578	1501.65893	1502.62728	1504.33106	1505.52619	1516.64092	1517.52083	1522.54452	1523.98328	1528.35237	1537.22052	1537.71986	1543.89523	1545.81925	1547.23266	1551.57869	1561.02291	1564.45558	1565.60051	1573.34104	1574.18000	1577.17617	1529.02197
42.399574	1	22	1	0	1546.15817	1501.38945	1501.53169	1502.41838	1502.97874	1505.02820	1505.54720	1511.73688	1513.16607	1524.80519	1532.96859	1542.72879	1543.38142	1544.43130	1545.48902	1546.07731	1549.43239	1551.66130	1556.12067	1564.68408	1568.13549	1573.58563	1579.88254	1529.02406
42.419573	1	27	1	0	1546.15175	1500.45967	1502.27212	1501.79902	1502.56467	1504.23980	1509.87725	1510.58438	1511.21788	1512.38046	1515.89056	1517.18611	1519.89205	1522.71286	1527.80007	1530.65529	1532.67687	1533.34510	1538.13430	1539.81896	1541.71079	1544.43673	1546.80708	1563.75838	1576.94523	1578.45384	1579.18247	1551.38317	1529.02406
42.439573	1	21	1	0	1546.15681	1500.18093	1501.10138	1501.65361	1505.21148	1511.45411	1512.67288	1517.68450	1522.59108	1523.30695	1524.87268	1530.97653	1532.56801	1536.49766	1542.30550	1546.89872	1557.83867	1562.27493	1563.98726	1567.32673	1569.37492	1575.21754	1529.02406
42.459573	1	21	1	0	1546.15603	1500.05522	1500.55725	1500.97406	1501.55534	1505.32073	1505.77983	1510.37827	1513.28151	1516.64597	1524.86152	1530.38882	1532.32589	1535.94540	1538.32438	1549.66941	1550.55973	1555.87479	1556.44935	1565.52338	1567.35350	1568.02093	1529.02786
42.479573	1	21	1	0	1546.15389	1501.93290	1502.17469	1501.87916	1501.65874	1504.34210	1510.73801	1511.30534	1515.54909	1519.15874	1522.53189	1524.80046	1528.49901	1542.88730	1549.16189	1551.11355	1553.82437	1556.12323	1562.88839	1568.00873	1576.18998	1578.89620	1529.02387
42.499573	1	26	1	0	1546.15817	1501.64279	1502.34699	1503.84471	1516.52404	1517.87687	1518.37609	1520.68493	1523.19262	1524.82182	1525.74703	1526.71221	1527.38094	1532.59016	1537.86022	1545.21077	1545.93292	1547.70113	1549.11838	1553.96710	1557.41000	1558.12366	1563.89200	1571.73351	1572.77487	1575.34828	1569.24636	1529.02387
42.519572	1	17	1	0	1546.15817	1500.11725	1502.11763	1504.89580	1505.43810	1511.25019	1511.70585	1515.08141	1517.65566	1518.45032	1524.42832	1538.33304	1548.41645	1557.47094	1559.80771	1562.13801	1563.18576	1564.50255	1529.02596
42.539572	1	19	1	0	1546.15603	1501.96940	1504.26832	1504.75163	1513.75255	1520.66969	1526.03138	1526.63811	1533.57282	1538.33515	1540.59551	1543.09560	1547.76657	1549.16736	1554.89402	1559.03855	1563.43833	1569.77293	1570.92164	1576.20230	1529.02387
42.559572	1	26	1	0	1546.15175	1501.37808	1501.85183	1501.62244	1503.44560	1503.78642	1504.22729	1504.68406	1512.02923	1515.07487	1516.31369	1521.55768	1522.53114	1524.80594	1529.40377	1530.55947	1535.70528	1538.29744	1540.34641	1543.10237	1547.51593	1553.41616	1559.05436	1560.46695	1561.98961	1564.77107	1576.33827	1529.02615
42.579572	1	24	1	0	1546.15603	1500.62243	1502.09983	1502.25597	1505.95167	1515.17193	1516.69235	1520.00176	1522.86162	1523.66741	1525.89355	1530.28923	1531.20164	1536.04937	1539.94389	1542.50086	1555.81240	1558.69732	1562.77261	1563.59357	1568.41026	1570.90479	1574.53550	1576.66705	1578.45972	1529.02387
42.599571	1	25	1	0	1546.15895	1500.14671	1500.97167	1501.96647	1502.40425	1502.31726	1502.98278	1504.16695	1506.16542	1510.40035	1512.35703	1513.95716	1515.43873	1517.33679	1521.24263	1521.85026	1541.78211	1542.80369	1545.12302	1547.54553	1548.22172	1551.54228	1555.35337	1557.31159	1563.16629	1570.34798	1529.02026
42.619571	1	26	1	0	1546.15817	1501.69963	1503.14058	1505.44732	1506.25286	1514.21718	1514.63005	1515.85114	1516.98943	1518.36090	1519.20960	1521.93332	1522.45311	1524.87570	1526.48331	1529.67465	1534.58297	1542.88517	1546.53244	1549.79810	1556.65502	1557.33269	1561.78273	1565.37354	1571.04907	1573.41350	1575.70795	1529.02786
42.639571	1	23	1	0	1546.15603	1500.35899	1502.15065	1511.48588	1515.03232	1517.30928	1520.26067	1520.88219	1528.40973	1530.00900	1531.38239	1533.97641	1542.55116	1544.56397	1551.70397	1553.36730	1557.78934	1559.80059	1567.91858	1569.41136	1570.38427	1571.46018	1572.87121	1576.41343	1529.02406
42.659571	1	21	1	0	1546.16206	1502.08258	1501.78783	1502.48501	1505.12564	1510.80204	1511.80434	1515.62361	1518.01738	1519.72284	1523.19715	1524.22635	1528.51383	1532.22643	1535.39795	1541.11539	1542.66590	1554.29095	1561.14259	1566.89083	1569.52292	1577.86799	1529.02026
42.679571	1	17	1	0	1546.15817	1502.04681	1502.69502	1510.89261	1515.04053	1518.70927	1522.24357	1522.73982	1524.83751	1528.77831	1534.06290	1539.55951	1548.79610	1562.05171	1563.53691	1566.38055	1572.44267	1578.54825	1529.02387
42.699570	1	24	1	0	1546.15603	1500.44558	1502.25652	1502.29634	1503.71067	1514.55470	1522.47742	1526.19860	1527.78641	1534.69710	1536.54181	1537.17153	1540.63720	1542.41401	1545.22377	1546.36599	1551.91270	1552.75679	1555.89546	1563.00399	1569.70942	1572.90219	1575.81112	1576.45081	1579.28284	1529.02596
42.719570	1	14	1	0	1546.15175	1501.37369	1511.03239	1518.00183	1519.67777	1523.57284	1528.32882	1529.00809	1532.69788	1536.79678	1554.60569	1564.67452	1569.11522	1572.73303	1576.22109	1529.02387
42.739570	1	19	1	0	1546.15817	1502.42058	1502.70953	1505.81836	1509.72156	1518.17610	1524.80708	1525.60811	1528.88568	1533.03470	1540.44230	1542.19255	1543.62840	1549.11974	1550.43717	1565.32533	1568.07731	1570.93127	1574.43069	1578.30739	1529.02197
42.759570	1	13	1	0	1546.15759	1500.70025	1501.65838	1504.50349	1505.86869	1518.55738	1527.15980	1535.40677	1540.01910	1552.11188	1557.91682	1573.04020	1578.04999	1579.59338	1529.02197
42.779570	1	24	1	0	1546.16478	1500.31196	1502.53622	1502.47143	1503.02209	1509.91377	1518.05223	1519.81862	1520.49561	1523.30488	1523.88414	1524.44306	1526.25201	1530.67167	1533.12223	1535.10818	1538.74896	1545.44766	1546.29600	1552.75443	1561.65244	1567.44598	1570.17516	1573.61643	1579.49946	1529.02197
42.799570	1	17	1	0	1546.15603	1502.21927	1503.67096	1504.19638	1509.88504	1515.32893	1520.42944	1523.49320	1524.77551	1526.89872	1530.80351	1550.90973	1563.32624	1569.24876	1570.50018	1571.69997	1574.94602	1577.29713	1529.02406
42.819569	1	23	1	0	1546.15759	1502.44591	1505.77264	1509.64484	1515.92999	1516.67346	1517.47777	1521.49933	1523.50735	1530.36102	1531.47182	1533.97488	1539.95007	1540.60902	1542.63823	1544.10089	1545.77825	1548.35563	1551.04332	1554.14384	1558.23639	1566.45536	1571.99266	1576.52053	1529.02387
42.839569	1	24	1	0	1546.16050	1501.79040	1502.14203	1502.66014	1503.34489	1504.12887	1509.56313	1512.58228	1516.22527	1521.60662	1522.25826	1530.96320	1536.32050	1536.85497	1538.02215	1541.92051	1544.28237	1548.96600	1550.70108	1558.37993	1559.43213	1561.21076	1563.08345	1572.68778	1577.20894	1529.02216
42.859569	1	18	1	0	1546.16050	1502.23744	1501.60814	1502.80262	1504.13163	1506.16487	1510.16407	1511.78297	1517.28475	1519.37833	1521.18091	1524.84300	1537.25722	1542.86775	1544.22768	1551.02630	1562.17274	1573.46101	1579.17800	1529.02387
42.879569	1	25	1	0	1546.15603	1510.10065	1513.50293	1517.06597	1518.11388	1520.97717	1521.46733	1522.29369	1524.80046	1525.67189	1527.91301	1529.38190	1532.41047	1535.58333	1537.75235	1539.44311	1540.49613	1552.43515	1557.12212	1560.59704	1563.31671	1564.71294	1567.57684	1573.73725	1575.48268	1576.09828	1529.02197
42.899569	1	23	1	0	1546.15817	1501.51116	1502.46867	1502.92640	1503.53713	1505.74775	1509.91062	1512.17833	1517.61034	1519.05479	1519.52437	1524.71048	1529.25373	1531.08232	1535.77240	1538.74337	1545.58535	1550.90034	1552.08916	1555.20507	1556.50057	1564.72011	1570.89275	1577.31331	1529.02406
42.919568	1	22	1	0	1546.15098	1500.65392	1501.52784	1501.78398	1502.10093	1501.61694	1516.15649	1520.02092	1523.80258	1524.93318	1525.82767	1535.84374	1538.62402	1540.37747	1541.50963	1542.86988	1544.16642	1548.36966	1554.39997	1561.40620	1568.98410	1578.69495	1579.93023	1529.02387
42.939568	1	21	1	0	1546.15817	1501.58027	1502.14148	1503.64063	1511.48532	1518.26062	1522.82579	1524.84337	1525.39373	1533.02190	1536.52799	1542.14343	1544.22342	1547.52897	1548.59601	1556.05747	1559.27159	1560.83609	1565.44368	1567.77227	1573.65429	1579.15509	1529.02197
42.959568	1	17	1	0	1546.15175	1501.89072	1502.46005	1504.14965	1504.88070	1505.97085	1509.90543	1511.92960	1515.55600	1532.69024	1537.28316	1538.43887	1541.82753	1551.01965	1552.93089	1567.90958	1573.84882	1579.56661	1529.02596
42.979568	1	28	1	0	1546.15098	1500.79785	1502.58872	1502.42701	1502.99325	1502.64637	1503.60349	1516.02435	1516.86408	1517.50361	1519.53132	1524.81067	1526.23989	1533.12357	1534.37869	1538.53798	1541.74944	1543.03635	1543.68187	1550.50695	1554.31177	1555.01925	1558.50711	1559.91672	1564.21741	1573.34930	1575.51538	1577.44016	1578.95702	1529.02406
42.999568	1	21	1	0	1546.15545	1501.26647	1501.96904	1503.79175	1512.65613	1514.95805	1515.89075	1522.36906	1523.14207	1524.80594	1528.76405	1530.82561	1532.94547	1533.52176	1534.92771	1543.35488	1546.56900	1552.59644	1562.23524	1571.79839	1572.76883	1578.36876	1529.02406
43.019567	1	27	1	0	1546.16264	1500.90518	1501.94097	1502.27120	1502.23267	1501.83551	1502.73486	1504.82711	1505.86132	1513.51001	1524.82749	1526.01604	1527.16094	1528.42322	1534.20355	1536.06683	1537.16788	1539.95469	1541.67175	1543.09095	1550.01608	1553.23429	1555.68074	1558.74295	1568.59509	1571.33751	1573.15227	1577.06939	1529.02406
43.039567	1	23	1	0	1546.15389	1500.71855	1501.41749	1501.52967	1502.69208	1505.29272	1510.59717	1512.77986	1514.22109	1519.73673	1521.62789	1524.01557	1527.85454	1535.17352	1537.03052	1541.09897	1542.15000	1556.09960	1564.26038	1568.19627	1569.25356	1570.58240	1575.71501	1577.20651	1529.02006
43.059567	1	23	1	0	1546.15817	1502.56742	1502.44481	1502.63939	1503.45203	1505.14903	1512.27130	1521.05110	1521.76760	1525.73946	1531.09184	1533.88266	1544.98229	1549.44118	1551.96107	1554.83898	1555.96258	1558.77831	1560.41388	1565.37254	1566.11386	1570.38667	1571.69273	1575.12695	1529.02196
43.079567	1	24	1	0	1546.16050	1501.07829	1501.72566	1504.31799	1509.61352	1511.17777	1512.43086	1516.68206	1519.82744	1521.08214	1524.80972	1526.55814	1531.97182	1535.67153	1542.75143	1544.49123	1546.87031	1548.26518	1550.37599	1556.88104	1564.98970	1567.49952	1568.01353	1574.32790	1578.86661	1529.02196
43.099566	1	24	1	0	1546.15817	1501.56780	1502.34992	1502.46702	1502.90068	1503.57867	1503.97859	1509.67227	1513.78143	1516.05201	1518.35734	1518.97149	1519.88510	1526.97341	1530.87153	1537.29507	1538.68658	1546.95261	1552.47414	1554.23045	1554.99802	1558.69336	1562.12610	1566.80080	1575.97366	1529.02406
43.119566	1	26	1	0	1546.16050	1501.56780	1510.66842	1513.72069	1522.27409	1523.20507	1524.80877	1529.65429	1530.42538	1536.67735	1537.35964	1539.01333	1542.79517	1544.22923	1545.36842	1546.22601	1547.38314	1550.83756	1557.94267	1562.22333	1564.04235	1564.81188	1568.73514	1571.09703	1574.63468	1575.35998	1579.41244	1529.02406
43.139566	1	18	1	0	1546.15097	1500.45436	1501.66112	1506.13849	1514.95692	1519.24732	1528.26975	1529.51199	1533.57453	1534.36835	1544.39173	1547.67503	1548.62428	1549.40214	1554.36834	1572.45413	1574.84680	1578.48119	1579.58892	1529.02196
43.159566	1	25	1	0	1546.15389	1500.22466	1502.30239	1502.33249	1503.36125	1504.88235	1505.60894	1506.00588	1512.02254	1514.85354	1521.62149	1524.80140	1525.53866	1528.04551	1532.85051	1536.77739	1556.27839	1561.62150	1562.82166	1564.49060	1572.11081	1574.99906	1575.61670	1576.17665	1577.78195	1578.74845	1529.02006
43.179566	1	18	1	0	1546.15544	1500.53857	1500.85737	1501.62262	1501.88576	1502.37507	1504.81735	1505.93857	1524.81350	1528.75341	1536.82943	1539.71370	1545.83304	1547.32201	1550.11942	1552.10972	1553.05031	1560.14072	1577.80968	1529.02196
43.199565	1	18	1	0	1546.16477	1500.68266	1502.22606	1502.35396	1503.55018	1505.20061	1505.88473	1511.02738	1519.02871	1533.13713	1540.18958	1544.74652	1546.44473	1553.92999	1559.43213	1562.68901	1565.37732	1568.42725	1572.53555	1529.02406
43.219565	1	22	1	0	1546.15175	1500.86470	1501.68404	1502.62470	1503.35151	1505.44271	1505.77466	1512.67492	1513.77808	1515.21113	1517.19397	1521.79998	1523.00852	1524.81067	1538.07716	1539.39571	1540.28391	1542.79614	1547.20872	1557.18283	1558.22710	1559.94461	1567.74309	1529.02196
43.239565	1	21	1	0	1546.16925	1500.30244	1500.54681	1501.59182	1503.71159	1504.17853	1515.06815	1520.90513	1522.93950	1524.39317	1524.98385	1529.50115	1530.79150	1538.32610	1541.62866	1544.36671	1550.73588	1551.77210	1555.01866	1561.05362	1567.53368	1579.29501	1529.02196
43.259565	1	29	1	0	1546.16264	1500.95464	1501.25328	1501.56010	1502.50483	1503.19036	1503.92213	1504.67725	1505.61871	1510.91266	1516.55657	1517.62944	1521.49575	1523.28601	1526.34311	1527.19829	1535.50453	1538.89991	1539.66744	1542.14266	1549.73931	1553.90820	1558.27883	1561.12931	1565.43152	1566.14178	1569.05236	1574.32911	1576.21240	1577.22532	1529.02596
43.279565	1	23	1	0	1546.15758	1501.82139	1502.26532	1503.88645	1504.29334	1505.86869	1509.67264	1511.98015	1525.74513	1528.77906	1529.93153	1534.58507	1535.93024	1540.79431	1549.60848	1552.99187	1553.95454	1566.36119	1567.40942	1568.26206	1571.56560	1574.31480	1575.95872	1578.74845	1529.02406
43.299564	1	21	1	0	1546.15758	1501.48989	1502.30845	1502.81547	1511.96677	1512.94735	1516.33687	1520.57794	1523.03606	1524.71407	1529.54604	1534.26058	1535.48460	1540.36570	1545.42590	1552.11149	1552.98579	1564.14559	1565.84010	1566.96988	1574.50486	1575.55534	1529.02596
43.319564	1	19	1	0	1546.16866	1501.75867	1511.35233	1513.41539	1516.18396	1517.93794	1520.66443	1522.36906	1524.06108	1524.70367	1531.95445	1532.56590	1539.05512	1544.02431	1550.40218	1559.54860	1561.95172	1567.33871	1571.43849	1574.88672	1529.02196
43.339564	1	25	1	0	1546.16477	1502.06992	1501.93436	1502.27689	1504.80060	1511.75583	1512.27186	1519.95686	1521.09681	1525.98385	1526.65896	1530.04345	1532.35338	1533.54738	1535.34179	1536.87667	1543.21332	1544.50771	1552.30445	1553.42949	1554.48229	1556.01337	1558.49506	1564.88874	1570.71258	1575.39287	1529.02196
43.359564	1	24	1	0	1546.16108	1500.78961	1502.43636	1504.04057	1504.65810	1511.30367	1512.18335	1513.86435	1516.05519	1517.02461	1517.86731	1522.07382	1523.41035	1524.08261	1524.83014	1530.09561	1537.18363	1545.62031	1547.57376	1560.32519	1566.88743	1567.84782	1573.22552	1574.79275	1579.81475	1529.02215
43.379564	1	26	1	0	1546.16477	1500.55615	1500.98376	1502.50648	1502.42774	1502.59753	1503.68640	1506.26023	1510.64727	1513.34798	1514.68563	1516.78681	1522.62764	1523.72611	1524.78098	1526.11735	1527.43860	1529.28719	1535.34831	1539.44696	1541.22103	1545.24785	1547.04290	1551.51820	1559.50529	1569.64611	1561.42998	1529.02196
43.399564	1	9	1	0	1546.15817	1503.34544	1519.49790	1530.11464	1531.31260	1533.42386	1534.94495	1538.45599	1547.65107	1563.51723	1529.02406
43.419563	1	21	1	0	1546.16264	1503.33074	1504.04130	1506.21430	1510.94384	1513.38783	1516.53937	1518.62375	1524.18971	1524.85906	1525.54698	1531.28762	1536.53777	1541.56605	1544.37311	1547.26127	1559.42026	1567.08648	1567.82223	1576.47404	1578.34364	1558.35169	1529.02596
43.439563	1	19	1	0	1546.15758	1500.43093	1501.64297	1511.62335	1518.22257	1521.45321	1524.78930	1527.11372	1531.05467	1539.37413	1542.87859	1546.82770	1553.59354	1554.69039	1556.27682	1558.74670	1559.43154	1561.43930	1570.28281	1576.15544	1529.02577
43.459563	1	18	1	0	1546.15603	1501.67377	1502.27927	1502.26331	1502.69759	1506.19659	1514.23470	1524.24241	1527.66400	1534.02998	1537.29834	1538.80498	1545.43017	1551.61294	1555.68763	1568.47346	1569.12503	1576.29139	1577.67691	1529.02196
43.479563	1	15	1	0	1546.16925	1502.27101	1503.37521	1505.12048	1512.87011	1513.93945	1527.17250	1533.59538	1541.98855	1544.26278	1544.91941	1550.81233	1554.19824	1561.25238	1569.39914	1576.27785	1529.02025
43.499563	1	33	1	0	1546.16264	1500.64952	1501.52234	1502.44885	1502.77067	1502.88764	1505.76102	1506.21725	1511.36867	1513.04823	1516.05182	1519.15367	1521.04884	1521.58667	1522.41636	1522.86520	1526.48141	1528.84615	1530.15633	1533.60915	1534.53778	1540.34853	1541.29210	1543.77779	1546.79619	1550.03014	1553.28588	1554.05330	1555.87006	1563.86575	1564.98970	1568.77016	1575.87815	1576.63208	1529.02196
43.519562	1	22	1	0	1546.16477	1501.79700	1502.73192	1503.59264	1504.00231	1504.90261	1505.61208	1509.78494	1515.28636	1519.18182	1521.68362	1524.82371	1526.51438	1530.86257	1531.31050	1534.92349	1541.05417	1541.90117	1560.93771	1563.20463	1566.50424	1569.85308	1573.69234	1529.02386
43.539562	1	23	1	0	1546.16477	1500.69365	1501.88044	1502.11836	1502.00737	1501.55149	1503.92360	1506.25617	1515.90270	1518.35378	1524.86341	1525.51311	1531.97640	1534.62624	1538.21066	1539.26624	1542.39659	1545.30260	1551.63702	1556.48658	1563.50034	1565.39047	1569.03034	1578.49719	1529.02406
43.559562	1	21	1	0	1546.16108	1500.92954	1503.18044	1503.86806	1504.88438	1511.28250	1514.05220	1524.11925	1528.55448	1530.58785	1538.57917	1539.80122	1541.23821	1549.83950	1552.62192	1556.11831	1559.14172	1561.31521	1561.98167	1564.28684	1568.22546	1577.26941	1529.02386
43.579562	1	21	1	0	1546.15389	1500.60704	1501.89768	1502.38718	1502.86120	1505.16985	1517.66221	1519.29011	1524.80877	1526.06149	1527.94622	1529.01208	1533.17497	1533.94695	1535.64986	1537.29392	1538.16026	1550.89447	1563.52737	1565.03570	1566.39990	1569.74628	1529.02196
43.599561	1	20	1	0	1546.16264	1500.02485	1500.37492	1501.72805	1502.11175	1506.08297	1515.01571	1516.04864	1521.47260	1522.29915	1524.54151	1534.18977	1540.01909	1547.86260	1549.05516	1552.46180	1558.39177	1560.49308	1564.81905	1570.93127	1571.85966	1529.02406
43.619561	1	13	1	0	1546.16050	1500.74126	1505.26822	1514.13515	1518.72408	1519.41905	1524.14381	1524.75225	1529.47186	1531.72168	1532.23482	1534.47115	1549.71529	1565.26257	1529.02406
43.639561	1	22	1	0	1546.14301	1500.25540	1501.48586	1502.20459	1502.16147	1501.90777	1502.42829	1502.92437	1503.71508	1512.16494	1518.00520	1534.11571	1539.37201	1541.29983	1547.06022	1547.94521	1551.00165	1551.81596	1556.15788	1566.73513	1569.34828	1571.88718	1576.58095	1529.02406
43.659561	1	30	1	0	1546.16264	1500.55615	1501.45635	1501.56505	1502.71687	1509.75603	1510.38049	1510.77234	1511.31500	1512.72627	1514.81959	1516.03126	1516.70600	1517.76035	1524.80688	1528.97292	1529.89918	1535.50568	1538.77610	1540.43786	1542.29021	1545.49368	1550.60567	1552.34873	1555.29259	1556.81561	1560.61664	1562.46745	1565.63678	1576.21644	1578.35802	1529.02406
43.679561	1	21	1	0	1546.15603	1500.85298	1501.26830	1502.12955	1502.14202	1503.04229	1517.13483	1520.33508	1521.52361	1524.75395	1525.82426	1529.01816	1533.33133	1546.79171	1549.64109	1561.92474	1564.96560	1565.95633	1569.39794	1574.33495	1576.77398	1577.66659	1529.02196
43.699560	1	21	1	0	1546.15389	1500.82111	1502.00462	1503.04762	1503.35647	1513.90162	1514.69086	1516.20284	1524.07052	1524.80783	1525.54433	1528.79274	1535.02254	1543.10237	1548.16948	1550.58983	1553.86834	1560.64734	1561.40144	1562.20190	1562.88700	1566.41685	1529.02196
43.719560	1	24	1	0	1546.16264	1500.37620	1501.49429	1501.71320	1501.96298	1502.54117	1502.47968	1502.75800	1505.38909	1512.64441	1513.85969	1516.60314	1517.96042	1519.47631	1521.18467	1522.17555	1524.86076	1533.56822	1534.34059	1537.65295	1539.69539	1545.73182	1549.34709	1561.80910	1577.96941	1529.02406
43.739560	1	20	1	0	1546.15603	1502.40553	1502.49969	1502.82906	1504.64779	1510.92119	1515.42173	1518.89045	1520.75863	1524.85415	1525.58653	1526.25958	1527.53308	1531.79875	1533.87214	1544.33704	1546.54333	1547.45284	1552.29407	1571.52484	1572.40467	1529.02215
43.759560	1	27	1	0	1546.15331	1502.26826	1501.66699	1502.22587	1502.52943	1505.04091	1511.57077	1518.22951	1519.15367	1519.83777	1520.27570	1524.74563	1527.71296	1528.15240	1528.69013	1538.77783	1539.52424	1543.39245	1545.70365	1547.06470	1550.50245	1552.58820	1557.68891	1562.65148	1565.27711	1570.20202	1571.96634	1578.71440	1529.02596
43.779560	1	15	1	0	1546.15817	1500.54095	1501.20508	1501.71980	1502.42131	1510.13143	1516.19723	1528.12354	1529.06949	1532.13003	1534.47115	1546.56511	1556.21380	1563.12337	1569.06697	1575.29965	1529.02406
43.799559	1	26	1	0	1546.15544	1501.06528	1502.23431	1502.28551	1501.67506	1502.72587	1511.04111	1515.82722	1524.77550	1526.80811	1530.09770	1532.06132	1535.17563	1537.54953	1538.31129	1547.22818	1547.91286	1550.70968	1553.14680	1554.60058	1557.60191	1559.12788	1572.10539	1573.23477	1574.58206	1578.34445	1579.99619	1529.02386
43.819559	1	18	1	0	1546.15389	1502.07341	1509.56442	1511.05949	1513.93777	1516.23891	1518.41320	1524.79951	1529.40263	1533.56440	1536.11000	1546.33099	1547.98456	1557.07362	1569.34828	1570.33835	1572.72961	1578.51198	1552.41182	1529.02196
43.839559	1	24	1	0	1546.16205	1501.76399	1504.50441	1506.13978	1513.99536	1518.42014	1524.83373	1526.75239	1529.50115	1533.58945	1537.69198	1540.51137	1542.30975	1545.30493	1548.21879	1552.01179	1554.72930	1559.01898	1560.00140	1562.40552	1568.25686	1571.73993	1574.00028	1575.50831	1579.66480	1529.02215
43.859559	1	24	1	0	1546.15389	1500.19739	1501.51665	1503.50349	1505.69355	1510.31446	1512.58934	1516.65962	1517.31788	1519.26815	1522.64668	1524.94320	1531.32861	1535.12830	1543.10024	1548.79824	1553.61160	1556.61778	1560.35588	1561.75198	1569.97371	1572.89736	1573.92696	1577.77507	1578.55291	1529.02405
43.879559	1	35	1	0	1546.15680	1500.82880	1501.81754	1501.92134	1503.55404	1504.24347	1510.16981	1513.57538	1515.09017	1516.42661	1521.43928	1522.65912	1523.20903	1523.88168	1524.79214	1528.51819	1529.12975	1531.26321	1533.09413	1534.31494	1539.01468	1541.41013	1545.38104	1546.05418	1547.32454	1551.06776	1552.37636	1556.15985	1557.48021	1559.72126	1561.04411	1566.32967	1568.80958	1572.38075	1572.96656	1574.77864	1529.02595
43.899559	1	17	1	0	1546.14942	1500.45015	1501.24778	1502.28643	1503.38127	1510.52389	1512.65836	1514.52858	1517.35214	1524.79497	1531.52579	1534.92023	1538.72104	1558.98123	1567.55546	1572.97118	1579.98685	1558.93025	1529.02405
43.919558	1	20	1	0	1546.15603	1500.00545	1501.29652	1501.74363	1502.34570	1502.71723	1503.03752	1504.22434	1505.76176	1516.28284	1526.37929	1528.36053	1536.91354	1540.59975	1544.51081	1546.53632	1553.97967	1557.88543	1568.01352	1575.49418	1577.81737	1529.02196
43.939558	1	28	1	0	1546.15758	1500.15914	1501.67285	1501.65067	1502.56449	1505.59088	1510.27663	1511.86231	1517.54143	1521.19389	1521.88566	1523.43526	1526.05031	1530.45585	1531.84664	1535.01391	1536.41396	1538.51854	1540.47780	1542.73305	1543.81053	1545.43852	1546.15758	1551.53914	1566.13321	1568.75395	1569.80699	1571.73832	1575.51739	1529.02595
43.959558	1	22	1	0	1546.15603	1500.76122	1501.28205	1502.70475	1511.18371	1512.32020	1517.31788	1520.83893	1524.33271	1532.14682	1535.68572	1540.44229	1544.19045	1545.86082	1548.23906	1548.83530	1550.36934	1551.93247	1566.65210	1570.34176	1574.09496	1578.78250	1579.72506	1529.02595
43.979558	1	28	1	0	1546.15758	1502.50630	1503.05515	1503.60827	1504.35773	1505.41912	1505.84638	1514.77854	1516.60987	1517.04444	1517.57064	1521.22870	1522.34983	1523.76481	1524.30116	1524.84488	1525.74892	1529.28510	1536.64125	1537.27566	1538.65905	1544.53254	1545.80448	1552.32737	1559.29037	1564.26814	1570.16212	1571.44813	1573.03295	1529.02595
43.999557	1	25	1	0	1546.15389	1500.21733	1501.02882	1501.62354	1502.06644	1502.17780	1503.90962	1509.97754	1514.27534	1515.79340	1519.30005	1520.89723	1522.81523	1524.78835	1538.54221	1547.26750	1549.67585	1550.58592	1553.75429	1557.30705	1563.49616	1572.80925	1574.21323	1575.42355	1576.11887	1564.46533	1529.02386
44.019557	1	22	1	0	1546.15097	1500.55816	1501.84724	1502.47234	1502.79527	1509.94250	1515.76351	1522.02033	1529.82648	1532.06723	1533.63248	1538.71661	1539.27067	1539.97590	1545.17679	1549.08267	1555.45506	1556.95593	1559.45506	1565.29504	1571.25981	1575.99971	1543.03015	1529.02595
44.039557	1	17	1	0	1546.15758	1500.72679	1501.70806	1510.82857	1515.78593	1518.17609	1524.88496	1527.35324	1534.39113	1541.60469	1543.99582	1546.74366	1548.00853	1551.73040	1554.35223	1557.11738	1579.10379	1556.57286	1529.02215
44.059557	1	26	1	0	1546.15603	1500.95610	1509.82535	1511.02997	1514.34321	1516.70264	1517.58974	1518.64288	1519.76978	1520.81993	1522.16500	1523.76991	1525.60886	1528.69108	1535.44127	1539.42326	1543.12599	1545.51077	1546.21084	1549.68678	1555.51998	1561.74980	1562.29854	1563.26901	1570.45926	1574.60585	1578.53589	1529.02386
44.079557	1	21	1	0	1546.15175	1501.08855	1501.48494	1501.41474	1501.54012	1519.55666	1520.58659	1521.86626	1524.33063	1524.78760	1525.61094	1527.20986	1531.83424	1536.42394	1541.31721	1542.63378	1547.32862	1549.58017	1558.22710	1559.04013	1567.63518	1569.83865	1529.02025
44.099556	1	21	1	0	1546.15603	1500.01167	1500.39853	1502.34992	1503.16629	1513.00616	1518.53900	1522.14880	1523.32959	1528.55504	1539.36969	1541.89383	1543.03286	1545.08070	1549.21516	1551.42132	1557.30232	1564.34494	1567.39724	1568.50026	1570.36742	1579.11535	1529.02215
44.119556	1	21	1	0	1546.15330	1501.58632	1501.91566	1504.87130	1516.66822	1517.83790	1522.02918	1522.60728	1524.73372	1528.60520	1531.64461	1532.81898	1534.26766	1537.00209	1539.68690	1542.15793	1544.98889	1549.20657	1561.34236	1568.59749	1571.28450	1572.64353	1529.02405
44.139556	1	19	1	0	1546.15389	1502.52153	1502.78958	1503.94070	1505.49523	1506.10879	1512.92390	1514.50657	1518.28480	1521.79169	1524.80594	1527.04830	1529.43686	1531.59864	1547.08396	1550.58592	1560.59228	1571.22689	1572.30476	1575.18101	1529.02196
44.159556	1	12	1	0	1546.15816	1500.14652	1501.78746	1501.79901	1503.05295	1516.43690	1524.73202	1534.31647	1537.02975	1538.47755	1540.62581	1559.12986	1570.90719	1529.02006
44.179556	1	31	1	0	1546.14942	1501.85385	1502.35267	1502.86303	1502.45233	1504.38166	1504.89653	1505.24850	1509.85501	1511.81511	1516.81936	1519.76452	1520.31366	1520.94105	1522.40656	1524.83013	1529.50800	1534.27838	1536.17274	1539.86156	1545.16475	1551.17477	1552.97618	1554.24125	1556.47830	1560.06037	1563.69614	1570.33354	1572.73785	1574.46152	1578.77074	1579.69604	1529.02405
44.199556	1	23	1	0	1546.15544	1500.05887	1501.26610	1504.99965	1514.05481	1514.54928	1515.75922	1516.82291	1524.79856	1532.64172	1535.01525	1535.85889	1537.70274	1539.80179	1543.28303	1545.17892	1547.86026	1553.66145	1556.26756	1557.62775	1564.36822	1566.29157	1568.52927	1570.96498	1529.02405
44.219555	1	15	1	0	1546.15097	1502.89407	1503.74744	1510.30778	1515.36739	1516.97184	1517.50866	1528.42340	1531.12901	1536.52894	1544.46407	1545.87034	1555.15453	1565.96849	1571.97920	1578.10061	1529.02006
44.239555	1	21	1	0	1546.16108	1500.02228	1501.78178	1504.42693	1505.69429	1512.41226	1517.83790	1520.81824	1524.81444	1531.47792	1533.41755	1534.32509	1540.52720	1547.46666	1548.64125	1549.33694	1555.29042	1561.12218	1571.37324	1572.50157	1575.48449	1576.26856	1529.02595
44.259555	1	21	1	0	1546.15816	1500.09144	1501.61583	1501.83936	1503.15141	1510.85623	1519.16437	1519.57318	1523.40563	1524.73561	1526.20560	1530.31760	1540.22854	1542.08716	1545.19096	1550.08015	1552.29112	1558.13293	1560.58278	1561.81148	1567.24863	1568.79197	1529.02595
44.279555	1	17	1	0	1546.15389	1501.44865	1502.20367	1503.72022	1516.33762	1519.21091	1524.84488	1531.03218	1536.68234	1538.38498	1540.03413	1541.36261	1549.66296	1558.49525	1567.49712	1571.19076	1571.93278	1572.88307	1529.02196
44.299555	1	21	1	0	1546.15816	1500.34892	1500.94328	1501.90795	1502.15321	1502.41911	1503.06378	1503.53786	1510.06838	1514.86306	1516.30079	1529.32712	1531.31660	1532.46125	1544.21023	1551.83358	1561.56241	1564.64565	1566.00717	1567.67734	1576.89023	1579.10196	1529.02595
44.319554	1	24	1	0	1546.15389	1501.93950	1502.61148	1504.30290	1505.89856	1510.48233	1512.28152	1512.74004	1513.55676	1516.77147	1520.50970	1523.73479	1524.77720	1533.09834	1537.72427	1540.33637	1546.40973	1548.16071	1550.21457	1551.69438	1556.63866	1561.23335	1562.34895	1568.49286	1573.55019	1529.02405
44.339554	1	23	1	0	1546.14942	1502.01874	1504.98510	1505.86814	1512.60273	1517.66165	1518.31047	1518.89739	1519.60172	1524.87645	1528.91723	1530.50213	1533.18931	1535.46293	1540.59975	1541.74132	1551.22095	1555.32524	1562.67431	1564.92697	1567.47734	1573.38834	1574.60806	1579.52623	1529.02405
44.359554	1	27	1	0	1546.14514	1501.98040	1501.64077	1502.15688	1504.47570	1505.56323	1509.67968	1512.14319	1514.51683	1522.65196	1523.58360	1526.44844	1536.81176	1538.44098	1539.92885	1541.05726	1543.63827	1545.79301	1548.13694	1549.81059	1552.39419	1561.02053	1561.93029	1566.01934	1568.16227	1570.85201	1575.10092	1579.31407	1529.02405
44.379554	1	21	1	0	1546.16264	1500.82587	1502.19303	1502.80592	1504.46484	1505.13190	1509.97698	1510.61647	1513.64934	1515.16689	1515.70747	1518.24338	1520.81824	1524.78193	1527.73820	1534.76029	1537.32851	1540.52218	1543.70802	1552.91520	1570.04386	1575.76144	1529.02805
44.399553	1	20	1	0	1546.15603	1500.87697	1502.95927	1503.59485	1511.15344	1524.74128	1527.21555	1528.86990	1531.00531	1531.93976	1532.68259	1536.75146	1540.47027	1546.31582	1549.23038	1552.60153	1556.69659	1562.50556	1578.40360	1579.63578	1579.66480	1529.02405
44.419553	1	29	1	0	1546.14300	1500.77130	1501.56688	1502.02168	1504.67669	1505.08530	1505.58959	1509.65447	1511.92383	1520.83893	1522.05951	1523.23242	1524.74677	1530.30351	1535.69128	1538.24510	1539.02431	1540.71903	1541.40530	1543.43332	1549.38027	1553.82967	1554.51667	1559.96361	1561.46784	1565.48711	1573.78940	1574.43773	1575.14470	1575.80929	1529.02595
44.439553	1	26	1	0	1546.15816	1500.63505	1501.62463	1502.36405	1502.86983	1502.92676	1502.67078	1512.64441	1516.85958	1518.77828	1526.79465	1531.91762	1532.68183	1535.02617	1535.52562	1538.00138	1539.80469	1549.39062	1551.30645	1551.96322	1553.72975	1556.04821	1557.43346	1560.64199	1569.09339	1574.01660	1578.09838	1529.02196
44.459553	1	30	1	0	1546.15603	1501.10925	1502.09340	1501.84835	1502.85569	1510.14088	1513.86136	1515.78593	1516.97053	1518.56394	1519.08931	1524.49502	1528.64662	1531.54486	1534.64979	1541.79080	1549.83676	1551.05212	1555.93718	1558.11181	1558.92077	1564.66715	1566.60381	1568.90364	1572.43322	1573.19714	1575.08600	1575.64011	1576.83665	1577.64108	1579.22849	1529.02405
44.479553	1	25	1	0	1546.15758	1500.55871	1501.68587	1502.58027	1502.96845	1504.61226	1521.32203	1521.73144	1522.81146	1524.53225	1525.70387	1530.62232	1532.13842	1532.75766	1533.62999	1542.03089	1547.80358	1549.22609	1555.64847	1557.25421	1558.80083	1561.24049	1562.65088	1566.35441	1573.78477	1575.36946	1529.02405
44.499552	1	24	1	0	1546.16127	1500.17653	1501.73226	1502.16514	1502.40333	1514.36354	1516.08789	1517.70004	1519.38189	1520.91378	1521.89809	1523.18620	1523.54906	1523.97326	1524.92580	1532.99629	1533.98999	1537.26586	1540.52121	1541.67175	1549.88754	1558.00720	1567.53808	1571.93861	1575.87350	1529.02595
44.519552	1	24	1	0	1546.15603	1502.52538	1502.87350	1502.43710	1504.20980	1505.01365	1505.72655	1512.75865	1513.88559	1517.12959	1517.57251	1524.67324	1525.30594	1534.41984	1538.32168	1539.07284	1539.87236	1541.79505	1554.92134	1556.49465	1557.24948	1562.76784	1566.99663	1573.22793	1578.58370	1529.02196
44.539552	1	26	1	0	1546.16050	1500.28358	1501.19592	1503.01400	1503.49724	1504.49060	1511.24870	1514.65150	1517.28175	1519.11896	1520.64449	1521.84668	1522.34814	1523.44243	1523.93040	1524.76321	1530.27380	1537.25164	1538.00561	1539.46623	1542.29891	1550.90835	1559.93076	1561.20878	1573.51697	1576.08757	1578.23224	1529.02595
44.559552	1	25	1	0	1546.15603	1501.16935	1502.12423	1502.21927	1502.94935	1503.73971	1513.24091	1517.58992	1521.78642	1523.43828	1524.78382	1526.13969	1527.72017	1529.82458	1530.54118	1534.07629	1541.09897	1543.95899	1546.37259	1549.21633	1553.41438	1556.50765	1561.85194	1564.05448	1568.57068	1572.63790	1529.02196
44.579552	1	27	1	0	1546.16050	1501.03121	1501.86192	1512.05246	1514.05481	1515.04911	1515.55077	1517.56914	1518.60988	1521.22531	1523.02946	1527.19753	1531.21956	1541.57687	1545.10205	1546.11676	1547.98690	1551.31741	1553.19603	1555.96022	1557.12684	1564.84553	1565.71172	1568.57808	1569.72444	1575.20926	1576.78793	1577.92284	1529.02405
44.599551	1	21	1	0	1546.15097	1501.46826	1502.41526	1502.56559	1505.90704	1509.74676	1512.02923	1518.41245	1521.97230	1532.01380	1532.59646	1534.11762	1541.86870	1550.52258	1556.06239	1558.20815	1564.20527	1568.14988	1569.16627	1571.07294	1573.86049	1576.08979	1529.02006
44.619551	1	32	1	0	1546.15758	1501.52692	1501.61492	1502.54484	1503.05092	1503.28113	1505.34413	1510.76455	1512.28524	1512.74469	1515.81750	1519.72978	1522.59465	1529.19154	1532.41256	1535.14497	1535.95460	1540.64028	1541.56817	1544.93649	1546.71448	1547.63705	1548.89421	1553.63868	1554.89854	1555.48674	1556.99812	1559.36787	1565.41458	1567.89179	1569.48266	1571.19477	1577.73904	1529.02595
44.639551	1	16	1	0	1546.15816	1502.68988	1516.26882	1523.51301	1524.77909	1527.19052	1535.97148	1538.75550	1544.63651	1552.49648	1555.35061	1556.79925	1558.34221	1560.64199	1563.92799	1567.25602	1572.66505	1529.02405
44.659551	1	29	1	0	1546.16264	1500.90536	1504.30805	1510.78626	1513.82242	1514.87425	1515.46729	1517.67457	1522.22397	1524.12359	1524.88118	1526.26337	1530.33055	1531.79360	1535.33968	1541.90543	1542.69918	1544.72420	1548.23263	1553.47698	1554.04427	1556.65265	1559.10713	1561.52692	1562.68186	1564.20328	1569.18989	1572.67832	1576.79116	1577.49498	1529.02405
44.679551	1	19	1	0	1546.16477	1501.10742	1502.34882	1502.17174	1505.44289	1510.93938	1511.63394	1515.46785	1521.40201	1522.15784	1522.77186	1523.23242	1524.63751	1534.88249	1545.45872	1549.33245	1554.11143	1559.46693	1576.98020	1578.28510	1529.02386
44.699550	1	22	1	0	1546.16049	1500.44245	1502.17284	1502.32257	1503.34287	1503.62628	1505.04901	1509.92674	1513.51093	1515.33920	1519.33646	1523.65079	1524.77909	1532.75136	1539.75803	1542.14265	1548.88543	1560.58277	1561.51502	1563.54108	1565.89571	1572.30697	1576.51122	1529.02196
44.719550	1	23	1	0	1546.15544	1501.74272	1501.96077	1502.25395	1503.53639	1504.82471	1512.03573	1524.75868	1527.21175	1529.70432	1531.88632	1532.88413	1537.84079	1538.49275	1544.52536	1546.80260	1550.31482	1553.79276	1559.64471	1564.30415	1566.56490	1568.00872	1571.66119	1574.35147	1529.02405
44.739550	1	26	1	0	1546.15816	1500.41903	1501.82890	1502.12936	1502.43636	1502.58339	1505.45136	1510.97131	1511.36217	1518.03967	1519.05291	1520.58865	1524.84790	1525.90301	1527.33238	1528.54060	1529.64420	1530.69204	1532.99419	1543.65687	1553.94668	1556.86941	1563.58004	1569.40635	1571.74555	1572.42135	1573.63636	1529.02196
44.759550	1	18	1	0	1546.15816	1500.79235	1502.48096	1502.48629	1502.99508	1502.66362	1504.92286	1512.58153	1514.00225	1516.99635	1525.58275	1528.60805	1531.44245	1558.95376	1560.96842	1562.06102	1565.45801	1566.48269	1576.31018	1529.02595
44.779550	1	22	1	0	1546.16691	1500.61381	1501.64443	1502.65866	1503.55441	1505.10574	1511.87774	1514.71977	1515.29121	1524.05579	1524.82559	1527.55072	1541.92128	1548.32696	1562.23920	1565.10082	1565.92722	1567.08807	1573.33681	1575.50629	1576.93673	1577.66658	1578.75939	1529.02405
44.799550	1	22	1	0	1546.15602	1500.01441	1500.25924	1501.23312	1501.55643	1501.61987	1503.68125	1510.18631	1511.67834	1514.98211	1516.71292	1518.42313	1522.06836	1523.97515	1525.56306	1528.86439	1529.55612	1543.41201	1545.21950	1549.59540	1551.38981	1571.35878	1575.10798	1529.02405
44.819549	1	26	1	0	1546.15972	1500.26601	1500.68358	1501.36048	1502.24899	1501.56596	1504.31652	1515.02895	1518.06740	1520.38714	1524.79402	1528.60995	1533.39403	1538.45157	1540.49285	1541.92785	1542.89291	1545.46746	1546.86077	1548.41001	1549.82211	1557.90043	1566.78562	1568.57308	1570.91682	1572.24486	1577.09264	1529.02386
44.839549	1	28	1	0	1546.16205	1500.17012	1502.10845	1502.14679	1503.00996	1505.33104	1509.92044	1515.34125	1517.34353	1518.28311	1520.93052	1524.82446	1528.89746	1539.58764	1540.73813	1543.56950	1545.21290	1548.12856	1550.74898	1552.60153	1555.49834	1555.99722	1562.22571	1570.21866	1572.68415	1575.26817	1576.50415	1577.98297	1578.94586	1529.02196
44.859549	1	17	1	0	1546.16477	1501.49227	1502.41819	1509.81775	1513.36865	1524.89366	1525.50970	1527.32517	1532.65738	1536.72726	1537.35963	1539.77384	1542.67731	1546.27208	1556.17422	1560.55545	1571.63288	1578.65746	1529.02405
