0.020000	1	1	1	0	1546.16197	1524.77088	1529.02720
0.039999	1	1	1	0	1546.15983	1524.77372	1529.02701
0.059999	1	1	1	0	1546.16275	1524.77088	1529.02701
0.079999	1	1	1	0	1546.16041	1524.77183	1529.02720
0.099999	1	1	1	0	1546.16430	1524.77277	1529.02701
0.119999	1	1	1	0	1546.16275	1524.77183	1529.02720
0.139999	1	1	1	0	1546.16644	1524.77088	1529.02891
0.159998	1	1	1	0	1546.16197	1524.76994	1529.02511
0.179998	1	1	1	0	1546.15614	1524.77069	1529.02701
0.199998	1	1	1	0	1546.16702	1524.76899	1529.02891
0.219998	1	1	1	0	1546.15167	1524.77277	1529.02891
0.239998	1	1	1	0	1546.15983	1524.76994	1529.02701
0.259997	1	1	1	0	1546.15167	1524.77088	1529.02720
0.279997	1	1	1	0	1546.16488	1524.77372	1529.02910
0.299997	1	1	1	0	1546.16138	1524.77088	1529.02701
0.319997	1	1	1	0	1546.16702	1524.77088	1529.02701
0.339997	1	1	1	0	1546.16197	1524.77088	1529.02492
0.359996	1	1	1	0	1546.15828	1524.77372	1529.02511
0.379996	1	1	1	0	1546.15828	1524.76899	1529.02511
0.399996	1	1	1	0	1546.15322	1524.76994	1529.02891
0.419996	1	1	1	0	1546.15536	1524.77088	1529.02511
0.439996	1	1	1	0	1546.16702	1524.76899	1529.02701
0.459995	1	1	1	0	1546.16275	1524.77088	1529.02701
0.479995	1	1	1	0	1546.15614	1524.77277	1529.02701
0.499995	1	1	1	0	1546.15828	1524.77183	1529.02701
0.519995	1	1	1	0	1546.16119	1524.77183	1529.02701
0.539994	1	1	1	0	1546.15380	1524.77088	1529.02891
0.559994	1	1	1	0	1546.16197	1524.77088	1529.02511
0.579994	1	1	1	0	1546.16197	1524.77183	1529.02511
0.599994	1	1	1	0	1546.16488	1524.77277	1529.02701
0.619994	1	1	1	0	1546.15614	1524.77372	1529.02701
0.639993	1	1	1	0	1546.16488	1524.77088	1529.02701
0.659993	1	1	1	0	1546.15167	1524.77183	1529.02701
0.679993	1	1	1	0	1546.15828	1524.77183	1529.02511
0.699993	1	1	1	0	1546.16275	1524.77183	1529.02511
0.719993	1	1	1	0	1546.15536	1524.77277	1529.02511
0.739992	1	1	1	0	1546.16041	1524.76899	1529.02511
0.759992	1	1	1	0	1546.15925	1524.77088	1529.02302
0.779992	1	1	1	0	1546.15614	1524.77277	1529.02511
0.799992	1	1	1	0	1546.15614	1524.77372	1529.02511
0.819992	1	1	1	0	1546.15108	1524.77183	1529.02511
0.839991	1	1	1	0	1546.16197	1524.76994	1529.02891
0.859991	1	1	1	0	1546.16197	1524.76994	1529.02321
0.879991	1	1	1	0	1546.16702	1524.77277	1529.02511
0.899991	1	1	1	0	1546.15380	1524.77561	1529.02701
0.919991	1	1	1	0	1546.16430	1524.77088	1529.02701
0.939991	1	1	1	0	1546.15380	1524.77088	1529.02891
0.959990	1	1	1	0	1546.15614	1524.77183	1529.02511
0.979990	1	1	1	0	1546.15983	1524.76994	1529.02511
0.999990	1	1	1	0	1546.15828	1524.77353	1529.02321
1.019990	1	1	1	0	1546.16041	1524.77088	1529.02511
1.039989	1	1	1	0	1546.15614	1524.76994	1529.02720
1.059989	1	1	1	0	1546.15322	1524.77277	1529.02720
1.079989	1	1	1	0	1546.15536	1524.77183	1529.03100
1.099989	1	1	1	0	1546.15769	1524.77183	1529.02720
1.119989	1	1	1	0	1546.16644	1524.77183	1529.02720
1.139988	1	1	1	0	1546.16197	1524.77183	1529.02302
1.159988	1	1	1	0	1546.16041	1524.77277	1529.03100
1.179988	1	1	1	0	1546.15322	1524.77088	1529.02701
1.199988	1	1	1	0	1546.17305	1524.77183	1529.02511
1.219988	1	1	1	0	1546.15614	1524.77277	1529.02302
1.239988	1	1	1	0	1546.15983	1524.77372	1529.02701
1.259987	1	1	1	0	1546.16275	1524.77183	1529.02511
1.279987	1	1	1	0	1546.16488	1524.77466	1529.02720
1.299987	1	1	1	0	1546.15983	1524.76899	1529.02720
1.319987	1	1	1	0	1546.15828	1524.77183	1529.02701
1.339987	1	1	1	0	1546.15827	1524.77277	1529.02511
1.359986	1	1	1	0	1546.15983	1524.77088	1529.02511
1.379986	1	1	1	0	1546.16488	1524.77277	1529.02492
1.399986	1	1	1	0	1546.15769	1524.77088	1529.02511
1.419986	1	1	1	0	1546.16488	1524.77088	1529.02511
1.439986	1	1	1	0	1546.16644	1524.77277	1529.02511
1.459985	1	1	1	0	1546.16274	1524.77277	1529.02701
1.479985	1	1	1	0	1546.15827	1524.77277	1529.02511
1.499985	1	1	1	0	1546.15827	1524.77088	1529.02511
1.519985	1	1	1	0	1546.16197	1524.77183	1529.02910
1.539984	1	1	1	0	1546.15613	1524.77183	1529.02701
1.559984	1	1	1	0	1546.15983	1524.76994	1529.02891
1.579984	1	1	1	0	1546.16274	1524.76899	1529.02511
1.599984	1	1	1	0	1546.15983	1524.77183	1529.02720
1.619984	1	1	1	0	1546.15536	1524.77277	1529.02891
1.639983	1	1	1	0	1546.16877	1524.77183	1529.02511
1.659983	1	1	1	0	1546.16274	1524.76994	1529.02321
1.679983	1	1	1	0	1546.16644	1524.76994	1529.02511
1.699983	1	1	1	0	1546.16041	1524.76899	1529.02701
1.719983	1	1	1	0	1546.16488	1524.77183	1529.02701
1.739982	1	1	1	0	1546.16274	1524.77088	1529.02701
1.759982	1	1	1	0	1546.14953	1524.77183	1529.02891
1.779982	1	1	1	0	1546.15691	1524.77277	1529.02910
1.799982	1	1	1	0	1546.17091	1524.77088	1529.02701
1.819982	1	1	1	0	1546.15380	1524.77088	1529.02302
1.839982	1	1	1	0	1546.15769	1524.77277	1529.02321
1.859981	1	1	1	0	1546.15827	1524.77277	1529.02720
1.879981	1	1	1	0	1546.16430	1524.76994	1529.02302
1.899981	1	1	1	0	1546.15166	1524.77088	1529.02701
1.919981	1	1	1	0	1546.15769	1524.77088	1529.02701
1.939981	1	1	1	0	1546.16197	1524.77353	1529.02492
1.959980	1	1	1	0	1546.15827	1524.76994	1529.02511
1.979980	1	1	1	0	1546.16197	1524.76899	1529.02701
1.999980	1	1	1	0	1546.16274	1524.77372	1529.02302
2.019980	1	1	1	0	1546.15769	1524.77107	1529.02492
2.039979	1	1	1	0	1546.16138	1524.77277	1529.02891
2.059979	1	1	1	0	1546.16877	1524.77183	1529.02511
2.079979	1	1	1	0	1546.15108	1524.77466	1529.02511
2.099979	1	1	1	0	1546.16644	1524.77277	1529.02511
2.119979	1	1	1	0	1546.16138	1524.77088	1529.02891
2.139978	1	1	1	0	1546.16197	1524.77088	1529.02720
2.159978	1	1	1	0	1546.15769	1524.77183	1529.02511
2.179978	1	1	1	0	1546.16430	1524.77466	1529.02511
2.199978	1	1	1	0	1546.15691	1524.77088	1529.02511
2.219978	1	1	1	0	1546.15983	1524.77353	1529.02511
2.239977	1	1	1	0	1546.15827	1524.77277	1529.02720
2.259977	1	1	1	0	1546.16274	1524.77088	1529.02511
2.279977	1	1	1	0	1546.17091	1524.77088	1529.02511
2.299977	1	1	1	0	1546.16197	1524.77258	1529.02720
2.319977	1	1	1	0	1546.15983	1524.76994	1529.02701
2.339977	1	1	1	0	1546.16197	1524.77183	1529.02302
2.359976	1	1	1	0	1546.14661	1524.77088	1529.02511
2.379976	1	1	1	0	1546.16430	1524.77069	1529.02891
2.399976	1	1	1	0	1546.15769	1524.77183	1529.02511
2.419976	1	1	1	0	1546.16274	1524.77277	1529.02511
2.439976	1	1	1	0	1546.16430	1524.77088	1529.02720
2.459975	1	1	1	0	1546.17091	1524.77088	1529.02511
2.479975	1	1	1	0	1546.15827	1524.76899	1529.02511
2.499975	1	1	1	0	1546.15983	1524.77277	1529.02302
2.519975	1	1	1	0	1546.16430	1524.77277	1529.02511
2.539974	1	1	1	0	1546.16644	1524.77088	1529.02511
2.559974	1	1	1	0	1546.15769	1524.77277	1529.02701
2.579974	1	1	1	0	1546.16041	1524.77183	1529.02701
2.599974	1	1	1	0	1546.15380	1524.77277	1529.02511
2.619974	1	1	1	0	1546.17149	1524.77277	1529.02701
2.639973	1	1	1	0	1546.16197	1524.77372	1529.02302
2.659973	1	1	1	0	1546.15613	1524.77277	1529.02492
2.679973	1	1	1	0	1546.16138	1524.77183	1529.02701
2.699973	1	1	1	0	1546.15769	1524.77088	1529.02511
2.719973	1	1	1	0	1546.16702	1524.77088	1529.02701
2.739972	1	1	1	0	1546.15536	1524.76994	1529.02891
2.759972	1	1	1	0	1546.16430	1524.77353	1529.02302
2.779972	1	1	1	0	1546.15983	1524.76994	1529.02302
2.799972	1	1	1	0	1546.16041	1524.76899	1529.02093
2.819972	1	1	1	0	1546.16877	1524.77183	1529.02701
2.839971	1	1	1	0	1546.15380	1524.77277	1529.02511
2.859971	1	1	1	0	1546.16935	1524.77258	1529.02511
2.879971	1	1	1	0	1546.15827	1524.77183	1529.02511
2.899971	1	1	1	0	1546.16274	1524.77183	1529.02321
2.919971	1	1	1	0	1546.16041	1524.77088	1529.02511
2.939970	1	1	1	0	1546.15983	1524.77088	1529.02511
2.959970	1	1	1	0	1546.15769	1524.77183	1529.02701
2.979970	1	1	1	0	1546.16702	1524.77088	1529.02701
2.999970	1	1	1	0	1546.15827	1524.77183	1529.02891
3.019970	1	1	1	0	1546.15769	1524.76899	1529.02511
3.039969	1	1	1	0	1546.16488	1524.77277	1529.02302
3.059969	1	1	1	0	1546.16702	1524.77183	1529.02701
3.079969	1	1	1	0	1546.16197	1524.77277	1529.02321
3.099969	1	1	1	0	1546.15380	1524.77088	1529.02720
3.119969	1	1	1	0	1546.16430	1524.77277	1529.02511
3.139968	1	1	1	0	1546.15769	1524.76899	1529.02302
3.159968	1	1	1	0	1546.15983	1524.77088	1529.02701
3.179968	1	1	1	0	1546.16488	1524.77069	1529.02720
3.199968	1	1	1	0	1546.14875	1524.77183	1529.02720
3.219968	1	1	1	0	1546.16197	1524.76994	1529.02720
3.239968	1	1	1	0	1546.16430	1524.77183	1529.02492
3.259967	1	1	1	0	1546.16197	1524.76899	1529.02093
3.279967	1	1	1	0	1546.15322	1524.77277	1529.02511
3.299967	1	1	1	0	1546.15380	1524.77183	1529.02720
3.319967	1	1	1	0	1546.15827	1524.77183	1529.02701
3.339967	1	1	1	0	1546.16041	1524.76899	1529.02321
3.359966	1	1	1	0	1546.15983	1524.77183	1529.02891
3.379966	1	1	1	0	1546.15769	1524.77088	1529.02511
3.399966	1	1	1	0	1546.15827	1524.77353	1529.02720
3.419966	1	1	1	0	1546.16197	1524.76994	1529.02891
3.439965	1	1	1	0	1546.15613	1524.77183	1529.02891
3.459965	1	1	1	0	1546.15380	1524.77088	1529.02302
3.479965	1	1	1	0	1546.16197	1524.77183	1529.02511
3.499965	1	1	1	0	1546.16430	1524.77183	1529.02720
3.519965	1	1	1	0	1546.16041	1524.77088	1529.02511
3.539964	1	1	1	0	1546.15477	1524.76899	1529.02511
3.559964	1	1	1	0	1546.16488	1524.77372	1529.02511
3.579964	1	1	1	0	1546.16274	1524.77277	1529.02511
3.599964	1	1	1	0	1546.15827	1524.77088	1529.02530
3.619964	1	1	1	0	1546.16041	1524.77088	1529.02511
3.639963	1	1	1	0	1546.15827	1524.77183	1529.02701
3.659963	1	1	1	0	1546.15983	1524.77183	1529.02701
3.679963	1	1	1	0	1546.16430	1524.76899	1529.02511
3.699963	1	1	1	0	1546.16197	1524.77088	1529.02321
3.719963	1	1	1	0	1546.16488	1524.77277	1529.02701
3.739962	1	1	1	0	1546.16274	1524.77183	1529.02511
3.759962	1	1	1	0	1546.16197	1524.77277	1529.02891
3.779962	1	1	1	0	1546.15827	1524.77088	1529.02701
3.799962	1	1	1	0	1546.16197	1524.77088	1529.02701
3.819962	1	1	1	0	1546.15827	1524.77088	1529.02511
3.839962	1	1	1	0	1546.16274	1524.76994	1529.02701
3.859961	1	1	1	0	1546.16585	1524.77277	1529.02511
3.879961	1	1	1	0	1546.16041	1524.76994	1529.02701
3.899961	1	1	1	0	1546.15613	1524.77372	1529.02701
3.919961	1	1	1	0	1546.15983	1524.77277	1529.02511
3.939960	1	1	1	0	1546.16333	1524.77277	1529.02720
3.959960	1	1	1	0	1546.17091	1524.76899	1529.02720
3.979960	1	1	1	0	1546.16702	1524.77183	1529.02302
3.999960	1	1	1	0	1546.16041	1524.77183	1529.02701
4.019960	1	1	1	0	1546.15613	1524.77088	1529.02701
4.039959	1	1	1	0	1546.15458	1524.77183	1529.02511
4.059959	1	1	1	0	1546.15769	1524.77183	1529.02720
4.079959	1	1	1	0	1546.15983	1524.76994	1529.02321
4.099959	1	1	1	0	1546.15983	1524.54407	1529.02511
4.119959	1	1	1	0	1546.16197	1524.75595	1529.02321
4.139959	1	1	1	0	1546.15769	1524.75784	1529.02511
4.159958	1	1	1	0	1546.15536	1524.75595	1529.02492
4.179958	1	1	1	0	1546.15108	1524.75595	1529.02701
4.199958	1	1	1	0	1546.15769	1524.75878	1529.02720
4.219958	1	1	1	0	1546.16041	1524.75784	1529.02511
4.239957	1	1	1	0	1546.15983	1524.75595	1529.02511
4.259957	1	1	1	0	1546.16488	1524.69962	1529.02511
4.279957	1	1	1	0	1546.15827	1524.75236	1529.03100
4.299957	1	1	1	0	1546.15827	1524.75330	1529.02511
4.319957	1	1	1	0	1546.16644	1524.72192	1529.02701
4.339957	1	1	1	0	1546.16041	1524.75065	1529.02701
4.359956	1	1	1	0	1546.16644	1524.73194	1529.02720
4.379956	1	1	1	0	1546.15827	1524.74385	1529.02701
4.399956	1	1	1	0	1546.16041	1524.73005	1529.02891
4.419956	1	1	1	0	1546.15983	1524.74007	1529.02891
4.439955	1	1	1	0	1546.16935	1524.73553	1529.02701
4.459955	1	1	1	0	1546.16702	1524.73742	1529.02701
4.479955	1	1	1	0	1546.16274	1524.73629	1529.02511
4.499955	1	1	1	0	1546.15769	1524.73553	1529.02910
4.519955	1	1	1	0	1546.16644	1524.73629	1529.02701
4.539954	1	1	1	0	1546.15769	1524.73477	1529.02701
4.559954	1	1	1	0	1546.17305	1524.73288	1529.02511
4.579954	1	1	1	0	1546.16488	1524.73667	1529.02511
4.599954	1	1	1	0	1546.16041	1524.74044	1529.02492
4.619954	1	1	1	0	1546.16197	1524.73742	1529.02321
4.639954	1	1	1	0	1546.15983	1524.73553	1529.02492
4.659953	1	1	1	0	1546.16197	1524.73553	1529.02511
4.679953	1	1	1	0	1546.16488	1524.73742	1529.02302
4.699953	1	1	1	0	1546.16430	1524.73931	1529.02511
4.719953	1	1	1	0	1546.16197	1524.73553	1529.02891
4.739953	1	1	1	0	1546.15536	1524.73553	1529.02511
4.759952	1	1	1	0	1546.16877	1524.74044	1529.02302
4.779952	1	1	1	0	1546.16430	1524.73553	1529.02701
4.799952	1	1	1	0	1546.15983	1524.73742	1529.02511
4.819952	1	1	1	0	1546.15244	1524.73477	1529.02701
4.839952	1	1	1	0	1546.15613	1524.73591	1529.02492
4.859951	1	1	1	0	1546.16430	1524.73818	1529.02701
4.879951	1	1	1	0	1546.16430	1524.73364	1529.02302
4.899951	1	1	1	0	1546.14875	1524.73742	1529.02701
4.919950	1	1	1	0	1546.16119	1524.73364	1529.02910
4.939950	1	1	1	0	1546.16041	1524.73742	1529.02511
4.959950	1	1	1	0	1546.15108	1524.73553	1529.02511
4.979950	1	1	1	0	1546.16041	1524.73742	1529.02511
4.999950	1	1	1	0	1546.15983	1524.73629	1529.02492
5.019950	1	1	1	0	1546.15536	1524.73931	1529.02511
5.039949	1	1	1	0	1546.16430	1524.73629	1529.02701
5.059949	1	1	1	0	1546.16197	1524.73667	1529.02302
5.079949	1	1	1	0	1546.15983	1524.73629	1529.02511
5.099949	1	1	1	0	1546.16488	1524.73553	1529.02701
5.119949	1	1	1	0	1546.16430	1524.73402	1529.02682
5.139948	1	1	1	0	1546.15536	1524.73667	1529.02321
5.159948	1	1	1	0	1546.14875	1524.73553	1529.02511
5.179948	1	1	1	0	1546.14817	1524.73459	1529.02511
5.199948	1	1	1	0	1546.16119	1524.73364	1529.02891
5.219948	1	1	1	0	1546.16488	1524.73742	1529.02511
5.239947	1	1	1	0	1546.15769	1524.73856	1529.02511
5.259947	1	1	1	0	1546.16197	1524.73553	1529.02511
5.279947	1	1	1	0	1546.16041	1524.73667	1529.02321
5.299947	1	1	1	0	1546.15983	1524.73477	1529.02511
5.319947	1	1	1	0	1546.15983	1524.73780	1529.02511
5.339947	1	1	1	0	1546.15536	1524.73742	1529.02701
5.359946	1	1	1	0	1546.16274	1524.73364	1529.02891
5.379946	1	1	1	0	1546.16197	1524.73364	1529.02321
5.399946	1	1	1	0	1546.15827	1524.73553	1529.02302
5.419945	1	1	1	0	1546.15983	1524.73553	1529.02511
5.439945	1	1	1	0	1546.15983	1524.73742	1529.02302
5.459945	1	1	1	0	1546.16274	1524.73818	1529.02302
5.479945	1	1	1	0	1546.16488	1524.73931	1529.02701
5.499945	1	1	1	0	1546.16488	1524.73666	1529.02701
5.519945	1	1	1	0	1546.17032	1524.73477	1529.02511
5.539944	1	1	1	0	1546.16935	1524.73742	1529.02511
5.559944	1	1	1	0	1546.16702	1524.73742	1529.02511
5.579944	1	1	1	0	1546.15769	1524.73742	1529.02720
5.599944	1	1	1	0	1546.15827	1524.73477	1529.02701
5.619944	1	1	1	0	1546.15983	1524.73629	1529.02701
5.639943	1	1	1	0	1546.15827	1524.73742	1529.02701
5.659943	1	1	1	0	1546.15769	1524.73553	1529.02511
5.679943	1	1	1	0	1546.16041	1524.73364	1529.02701
5.699943	1	1	1	0	1546.15769	1524.73553	1529.02302
5.719943	1	1	1	0	1546.16333	1524.73629	1529.02511
5.739942	1	1	1	0	1546.15536	1524.73666	1529.02701
5.759942	1	1	1	0	1546.16196	1524.73553	1529.02302
5.779942	1	1	1	0	1546.15613	1524.73931	1529.02511
5.799942	1	1	1	0	1546.16041	1524.73458	1529.02701
5.819942	1	1	1	0	1546.15536	1524.73742	1529.02701
5.839942	1	1	1	0	1546.15827	1524.73553	1529.02511
5.859941	1	1	1	0	1546.15983	1524.73742	1529.02701
5.879941	1	1	1	0	1546.15827	1524.73818	1529.02302
5.899941	1	1	1	0	1546.15983	1524.73553	1529.02511
5.919940	1	1	1	0	1546.16274	1524.73458	1529.02511
5.939940	1	1	1	0	1546.16196	1524.73553	1529.02511
5.959940	1	1	1	0	1546.15827	1524.73364	1529.02511
5.979940	1	1	1	0	1546.16041	1524.73553	1529.02891
5.999940	1	1	1	0	1546.16644	1524.73477	1529.02511
6.019940	1	1	1	0	1546.16274	1524.73629	1529.02302
6.039939	1	1	1	0	1546.16274	1524.73818	1529.02302
6.059939	1	1	1	0	1546.16702	1524.73666	1529.02701
6.079939	1	1	1	0	1546.16274	1524.73553	1529.02511
6.099939	1	1	1	0	1546.16274	1524.73818	1529.02112
6.119939	1	1	1	0	1546.16041	1524.73666	1529.02511
6.139939	1	1	1	0	1546.15827	1524.73477	1529.02511
6.159938	1	1	1	0	1546.17149	1524.73553	1529.02701
6.179938	1	1	1	0	1546.16371	1524.73553	1529.02891
6.199938	1	1	1	0	1546.16488	1524.73742	1529.02720
6.219938	1	1	1	0	1546.15322	1524.73666	1529.02302
6.239937	1	1	1	0	1546.15983	1524.73629	1529.02321
6.259937	1	1	1	0	1546.16643	1524.73742	1529.02321
6.279937	1	1	1	0	1546.15321	1524.73742	1529.02530
6.299937	1	1	1	0	1546.15769	1524.73477	1529.02701
6.319937	1	1	1	0	1546.15769	1524.73742	1529.02891
6.339936	1	1	1	0	1546.16041	1524.73742	1529.02321
6.359936	1	1	1	0	1546.15321	1524.73477	1529.02321
6.379936	1	1	1	0	1546.15613	1524.73666	1529.02701
6.399936	1	1	1	0	1546.16196	1524.73855	1529.02701
6.419935	1	1	1	0	1546.16702	1524.73534	1529.02492
6.439935	1	1	1	0	1546.15613	1524.73553	1529.02511
6.459935	1	1	1	0	1546.16274	1524.73742	1529.02701
6.479935	1	1	1	0	1546.16488	1524.73742	1529.02511
6.499935	1	1	1	0	1546.15982	1524.73931	1529.02511
6.519934	1	1	1	0	1546.15380	1524.73666	1529.02511
6.539934	1	1	1	0	1546.16196	1524.73628	1529.02511
6.559934	1	1	1	0	1546.15827	1524.73628	1529.02511
6.579934	1	1	1	0	1546.15321	1524.73477	1529.02891
6.599934	1	1	1	0	1546.16429	1524.73742	1529.02701
6.619934	1	1	1	0	1546.15613	1524.73628	1529.02492
6.639934	1	1	1	0	1546.15827	1524.74006	1529.02720
6.659933	1	1	1	0	1546.15982	1524.73364	1529.03081
6.679933	1	1	1	0	1546.16488	1524.73534	1529.02511
6.699933	1	1	1	0	1546.15613	1524.73458	1529.02301
6.719933	1	1	1	0	1546.16196	1524.73628	1529.02321
6.739932	1	1	1	0	1546.16274	1524.73628	1529.02701
6.759932	1	1	1	0	1546.15613	1524.73742	1529.02701
6.779932	1	1	1	0	1546.16196	1524.73742	1529.02701
6.799932	1	1	1	0	1546.15613	1524.73817	1529.02511
6.819932	1	1	1	0	1546.15827	1524.73742	1529.02511
6.839931	1	1	1	0	1546.16371	1524.73628	1529.02511
6.859931	1	1	1	0	1546.15769	1524.73817	1529.02321
6.879931	1	1	1	0	1546.16196	1524.73628	1529.02701
6.899931	1	1	1	0	1546.16274	1524.73553	1529.02511
6.919930	1	1	1	0	1546.15982	1524.73742	1529.02321
6.939930	1	1	1	0	1546.15924	1524.73553	1529.02511
6.959930	1	1	1	0	1546.16041	1524.73534	1529.02701
6.979930	1	1	1	0	1546.15827	1524.73666	1529.02891
6.999930	1	1	1	0	1546.16041	1524.73553	1529.02891
7.019930	1	1	1	0	1546.16196	1524.74006	1529.02492
7.039929	1	1	1	0	1546.15827	1524.73477	1529.02511
7.059929	1	1	1	0	1546.16488	1524.73458	1529.02321
7.079929	1	1	1	0	1546.16196	1524.73553	1529.02510
7.099929	1	1	1	0	1546.16935	1524.73628	1529.02492
7.119929	1	1	1	0	1546.15982	1524.73628	1529.02700
7.139929	1	1	1	0	1546.15982	1524.73628	1529.02891
7.159928	1	1	1	0	1546.15380	1524.73477	1529.03100
7.179928	1	1	1	0	1546.15982	1524.73628	1529.02492
7.199928	1	1	1	0	1546.15768	1524.73666	1529.02700
7.219928	1	1	1	0	1546.15982	1524.73666	1529.02891
7.239928	1	1	1	0	1546.17090	1524.73666	1529.02320
7.259927	1	1	1	0	1546.16643	1524.73666	1529.02510
7.279927	1	1	1	0	1546.16041	1524.73666	1529.02700
7.299927	1	1	1	0	1546.16488	1524.73553	1529.02910
7.319927	1	1	1	0	1546.16041	1524.73742	1529.02891
7.339926	1	1	1	0	1546.16488	1524.73553	1529.02301
7.359926	1	1	1	0	1546.15827	1524.73477	1529.02700
7.379926	1	1	1	0	1546.15827	1524.73553	1529.02510
7.399926	1	1	1	0	1546.16274	1524.73477	1529.02510
7.419926	1	1	1	0	1546.16196	1524.73364	1529.02510
7.439925	1	1	1	0	1546.15613	1524.73742	1529.02320
7.459925	1	1	1	0	1546.15535	1524.73855	1529.02700
7.479925	1	1	1	0	1546.16429	1524.73553	1529.02320
7.499925	1	1	1	0	1546.16488	1524.73666	1529.02891
7.519925	1	1	1	0	1546.14874	1524.73553	1529.02492
7.539925	1	1	1	0	1546.15768	1524.73855	1529.02111
7.559924	1	1	1	0	1546.15982	1524.73553	1529.02510
7.579924	1	1	1	0	1546.16274	1524.73817	1529.02320
7.599924	1	1	1	0	1546.16643	1524.73553	1529.02510
7.619924	1	1	1	0	1546.15982	1524.73855	1529.02700
7.639924	1	1	1	0	1546.16196	1524.73269	1529.02510
7.659924	1	1	1	0	1546.15827	1524.73742	1529.02510
7.679923	1	1	1	0	1546.16041	1524.73458	1529.02700
7.699923	1	1	1	0	1546.16876	1524.73477	1529.02510
7.719923	1	1	1	0	1546.16274	1524.73666	1529.02720
7.739923	1	1	1	0	1546.16274	1524.73742	1529.02301
7.759922	1	1	1	0	1546.16701	1524.73628	1529.02510
7.779922	1	1	1	0	1546.15768	1524.73628	1529.02492
7.799922	1	1	1	0	1546.16701	1524.73628	1529.02700
7.819921	1	1	1	0	1546.16041	1524.73477	1529.02910
7.839921	1	1	1	0	1546.16643	1524.73553	1529.02492
7.859921	1	1	1	0	1546.16371	1524.73742	1529.02510
7.879921	1	1	1	0	1546.15535	1524.73855	1529.02700
7.899921	1	1	1	0	1546.16546	1524.73666	1529.02510
7.919920	1	1	1	0	1546.15982	1524.73552	1529.02491
7.939920	1	1	1	0	1546.15768	1524.73552	1529.02510
7.959920	1	1	1	0	1546.16040	1524.73552	1529.02510
7.979920	1	1	1	0	1546.16274	1524.73552	1529.02719
7.999920	1	1	1	0	1546.16040	1524.73741	1529.02510
8.019920	1	1	1	0	1546.15982	1524.73741	1529.02320
8.039919	1	1	1	0	1546.16040	1524.73666	1529.02700
8.059919	1	1	1	0	1546.16040	1524.73741	1529.02510
8.079919	1	1	1	0	1546.16274	1524.73552	1529.02111
8.099919	1	1	1	0	1546.15982	1524.73817	1529.02510
8.119919	1	1	1	0	1546.16487	1524.73628	1529.02301
8.139918	1	1	1	0	1546.15613	1524.73552	1529.02700
8.159918	1	1	1	0	1546.15885	1524.73855	1529.02320
8.179918	1	1	1	0	1546.16429	1524.73552	1529.02700
8.199918	1	1	1	0	1546.15768	1524.73666	1529.02510
8.219918	1	1	1	0	1546.16487	1524.73552	1529.02700
8.239917	1	1	1	0	1546.15982	1524.73552	1529.02510
8.259917	1	1	1	0	1546.16701	1524.73628	1529.02111
8.279917	1	1	1	0	1546.16487	1524.73666	1529.02510
8.299917	1	1	1	0	1546.17090	1524.73741	1529.02510
8.319916	1	1	1	0	1546.15827	1524.73552	1529.02301
8.339916	1	1	1	0	1546.15827	1524.73552	1529.02491
8.359916	1	1	1	0	1546.15535	1524.73552	1529.02510
8.379916	1	1	1	0	1546.15107	1524.73628	1529.02719
8.399916	1	1	1	0	1546.16429	1524.73552	1529.02510
8.419916	1	1	1	0	1546.16429	1524.73666	1529.02719
8.439915	1	1	1	0	1546.16876	1524.73666	1529.02510
8.459915	1	1	1	0	1546.15768	1524.73477	1529.02700
8.479915	1	1	1	0	1546.14874	1524.73817	1529.02891
8.499915	1	1	1	0	1546.16429	1524.73552	1529.02700
8.519915	1	1	1	0	1546.16701	1524.73552	1529.02510
8.539914	1	1	1	0	1546.16643	1524.73552	1529.02510
8.559914	1	1	1	0	1546.16643	1524.73817	1529.02510
8.579914	1	1	1	0	1546.15827	1524.73741	1529.02510
8.599914	1	1	1	0	1546.16429	1524.73628	1529.02301
8.619914	1	1	1	0	1546.16429	1524.73458	1529.02491
8.639914	1	1	1	0	1546.16429	1524.73552	1529.02510
8.659913	1	1	1	0	1546.16799	1524.73741	1529.02510
8.679913	1	1	1	0	1546.15982	1524.73666	1529.02301
8.699913	1	1	1	0	1546.16196	1524.73741	1529.02700
8.719913	1	1	1	0	1546.17031	1524.73552	1529.02320
8.739912	1	1	1	0	1546.16195	1524.73476	1529.02700
8.759912	1	1	1	0	1546.16273	1524.73930	1529.02510
8.779912	1	1	1	0	1546.16273	1524.73476	1529.02890
8.799912	1	1	1	0	1546.16643	1524.73665	1529.02510
8.819911	1	1	1	0	1546.16273	1524.73665	1529.02700
8.839911	1	1	1	0	1546.16643	1524.73665	1529.02491
8.859911	1	1	1	0	1546.16195	1524.73628	1529.02529
8.879911	1	1	1	0	1546.16429	1524.73949	1529.02510
8.899911	1	1	1	0	1546.16273	1524.73817	1529.02890
8.919910	1	1	1	0	1546.16195	1524.73741	1529.02510
8.939910	1	1	1	0	1546.15535	1524.73628	1529.02890
8.959910	1	1	1	0	1546.16040	1524.73665	1529.02510
8.979910	1	1	1	0	1546.15923	1524.73741	1529.02700
8.999910	1	1	1	0	1546.16429	1524.73476	1529.02510
9.019909	1	1	1	0	1546.17148	1524.73552	1529.02700
9.039909	1	1	1	0	1546.16429	1524.73552	1529.02890
9.059909	1	1	1	0	1546.15768	1524.73665	1529.02510
9.079909	1	1	1	0	1546.15982	1524.73552	1529.02130
9.099909	1	1	1	0	1546.15768	1524.73741	1529.02510
9.119909	1	1	1	0	1546.16040	1524.73628	1529.02491
9.139908	1	1	1	0	1546.16643	1524.73741	1529.02700
9.159908	1	1	1	0	1546.15982	1524.73552	1529.02301
9.179908	1	1	1	0	1546.15826	1524.73552	1529.02510
9.199908	1	1	1	0	1546.15982	1524.73817	1529.02700
9.219908	1	1	1	0	1546.16118	1524.73552	1529.02491
9.239907	1	1	1	0	1546.16195	1524.73930	1529.02510
9.259907	1	1	1	0	1546.16487	1524.73665	1529.02890
9.279907	1	1	1	0	1546.17303	1524.73665	1529.02320
9.299907	1	1	1	0	1546.15982	1524.73741	1529.02510
9.319906	1	1	1	0	1546.15982	1524.73590	1529.02510
9.339906	1	1	1	0	1546.15535	1524.73628	1529.02510
9.359906	1	1	1	0	1546.15476	1524.73741	1529.02700
9.379906	1	1	1	0	1546.15982	1524.73476	1529.02700
9.399906	1	1	1	0	1546.16643	1524.73363	1529.02510
9.419906	1	1	1	0	1546.16643	1524.73854	1529.02510
9.439905	1	1	1	0	1546.15768	1524.73552	1529.02510
9.459905	1	1	1	0	1546.16429	1524.73552	1529.02700
9.479905	1	1	1	0	1546.16195	1524.73363	1529.02510
9.499905	1	1	1	0	1546.15982	1524.73476	1529.02320
9.519905	1	1	1	0	1546.15982	1524.73741	1529.02510
9.539904	1	1	1	0	1546.15612	1524.73665	1529.02320
9.559904	1	1	1	0	1546.16273	1524.73552	1529.02700
9.579904	1	1	1	0	1546.15534	1524.73552	1529.02700
9.599904	1	1	1	0	1546.15826	1524.73457	1529.02510
9.619904	1	1	1	0	1546.17303	1524.73741	1529.02700
9.639903	1	1	1	0	1546.16487	1524.73476	1529.02510
9.659903	1	1	1	0	1546.15981	1524.73741	1529.02320
9.679903	1	1	1	0	1546.16701	1524.73590	1529.02510
9.699903	1	1	1	0	1546.16040	1524.73363	1529.02700
9.719903	1	1	1	0	1546.15826	1524.73741	1529.02890
9.739902	1	1	1	0	1546.15379	1524.73552	1529.02719
9.759902	1	1	1	0	1546.16701	1524.73476	1529.02510
9.779902	1	1	1	0	1546.16701	1524.73590	1529.02719
9.799902	1	1	1	0	1546.16487	1524.73457	1529.02301
9.819902	1	1	1	0	1546.16137	1524.73665	1529.02700
9.839901	1	1	1	0	1546.15612	1524.73665	1529.02510
9.859901	1	1	1	0	1546.16195	1524.73930	1529.02719
9.879901	1	1	1	0	1546.16429	1524.73457	1529.02700
9.899901	1	1	1	0	1546.16195	1524.73476	1529.02719
9.919900	1	1	1	0	1546.16487	1524.73741	1529.02320
9.939900	1	1	1	0	1546.16429	1524.73627	1529.02700
9.959900	1	1	1	0	1546.16487	1524.73741	1529.02320
9.979900	1	1	1	0	1546.16273	1524.73363	1529.02719
9.999900	1	1	1	0	1546.16642	1524.73817	1529.02909
10.019900	1	1	1	0	1546.16273	1524.73552	1529.02510
10.039899	1	1	1	0	1546.16642	1524.73741	1529.02510
10.059899	1	1	1	0	1546.15768	1524.73741	1529.02719
10.079899	1	1	1	0	1546.16642	1524.73627	1529.02320
10.099899	1	1	1	0	1546.15321	1524.73930	1529.02719
10.119899	1	1	1	0	1546.16487	1524.73590	1529.02491
10.139898	1	1	1	0	1546.16429	1524.73930	1529.02700
10.159898	1	1	1	0	1546.16876	1524.73854	1529.02700
10.179898	1	1	1	0	1546.15612	1524.73363	1529.02301
10.199898	1	1	1	0	1546.16487	1524.73741	1529.02700
10.219898	1	1	1	0	1546.16642	1524.73627	1529.02491
10.239897	1	1	1	0	1546.16429	1524.73552	1529.02890
10.259897	1	1	1	0	1546.17089	1524.73817	1529.02700
10.279897	1	1	1	0	1546.16642	1524.73552	1529.02510
10.299897	1	1	1	0	1546.16584	1524.73741	1529.02320
10.319897	1	1	1	0	1546.16137	1524.73627	1529.02719
10.339896	1	1	1	0	1546.16273	1524.73665	1529.02700
10.359896	1	1	1	0	1546.15826	1524.73457	1529.02700
10.379896	1	1	1	0	1546.16487	1524.73552	1529.02700
10.399896	1	1	1	0	1546.15456	1524.73665	1529.02700
10.419895	1	1	1	0	1546.16273	1524.73476	1529.02510
10.439895	1	1	1	0	1546.16195	1524.73665	1529.02510
10.459895	1	1	1	0	1546.15826	1524.73627	1529.02510
10.479895	1	1	1	0	1546.16642	1524.73741	1529.02510
10.499895	1	1	1	0	1546.16137	1524.73476	1529.02300
10.519895	1	1	1	0	1546.16487	1524.73627	1529.02719
10.539894	1	1	1	0	1546.15826	1524.73552	1529.02510
10.559894	1	1	1	0	1546.16040	1524.73627	1529.02700
10.579894	1	1	1	0	1546.16195	1524.73268	1529.02320
10.599894	1	1	1	0	1546.16545	1524.73741	1529.02890
10.619894	1	1	1	0	1546.15379	1524.73552	1529.02700
10.639893	1	1	1	0	1546.15981	1524.73741	1529.02300
10.659893	1	1	1	0	1546.15981	1524.73552	1529.02300
10.679893	1	1	1	0	1546.15826	1524.73627	1529.02700
10.699893	1	1	1	0	1546.14951	1524.73741	1529.02890
10.719893	1	1	1	0	1546.16273	1524.73816	1529.02320
10.739892	1	1	1	0	1546.15612	1524.73816	1529.02700
10.759892	1	1	1	0	1546.15320	1524.73552	1529.02700
10.779892	1	1	1	0	1546.15107	1524.73552	1529.02510
10.799892	1	1	1	0	1546.16040	1524.73552	1529.02700
10.819891	1	1	1	0	1546.15107	1524.73627	1529.02300
10.839891	1	1	1	0	1546.16040	1524.73665	1529.02700
10.859891	1	1	1	0	1546.16273	1524.73930	1529.02320
10.879891	1	1	1	0	1546.16195	1524.73854	1529.02700
10.899891	1	1	1	0	1546.15379	1524.73457	1529.02719
10.919891	1	1	1	0	1546.16875	1524.73778	1529.02510
10.939890	1	1	1	0	1546.17089	1524.73741	1529.02719
10.959890	1	1	1	0	1546.16040	1524.73552	1529.02320
10.979890	1	1	1	0	1546.16195	1524.73741	1529.02510
10.999890	1	1	1	0	1546.16700	1524.73816	1529.03099
11.019889	1	1	1	0	1546.15612	1524.73741	1529.02510
11.039889	1	1	1	0	1546.16487	1524.73552	1529.02890
11.059889	1	1	1	0	1546.15826	1524.73816	1529.02320
11.079889	1	1	1	0	1546.15612	1524.73741	1529.02491
11.099889	1	1	1	0	1546.16195	1524.73476	1529.02700
11.119889	1	1	1	0	1546.16642	1524.73552	1529.02510
11.139888	1	1	1	0	1546.16428	1524.73665	1529.02700
11.159888	1	1	1	0	1546.16875	1524.73854	1529.02319
11.179888	1	1	1	0	1546.16137	1524.73551	1529.02509
11.199888	1	1	1	0	1546.15165	1524.73551	1529.02509
11.219887	1	1	1	0	1546.15320	1524.73816	1529.02300
11.239887	1	1	1	0	1546.16195	1524.73627	1529.02300
11.259887	1	1	1	0	1546.16039	1524.73741	1529.02490
11.279887	1	1	1	0	1546.16195	1524.73741	1529.02890
11.299887	1	1	1	0	1546.16642	1524.73741	1529.02509
11.319886	1	1	1	0	1546.16195	1524.73665	1529.02699
11.339886	1	1	1	0	1546.16039	1524.73665	1529.02699
11.359886	1	1	1	0	1546.15767	1524.73551	1529.02699
11.379886	1	1	1	0	1546.16195	1524.73551	1529.02699
11.399886	1	1	1	0	1546.15981	1524.73551	1529.02699
11.419885	1	1	1	0	1546.16195	1524.73551	1529.02909
11.439885	1	1	1	0	1546.16428	1524.73551	1529.02699
11.459885	1	1	1	0	1546.16487	1524.73665	1529.02699
11.479885	1	1	1	0	1546.15379	1524.73854	1529.02509
11.499885	1	1	1	0	1546.16487	1524.73741	1529.02509
11.519885	1	1	1	0	1546.16642	1524.73362	1529.02300
11.539884	1	1	1	0	1546.15320	1524.73551	1529.02509
11.559884	1	1	1	0	1546.15981	1524.73854	1529.02719
11.579884	1	1	1	0	1546.16273	1524.73551	1529.02509
11.599884	1	1	1	0	1546.15379	1524.73627	1529.02699
11.619884	1	1	1	0	1546.15612	1524.73816	1529.02890
11.639883	1	1	1	0	1546.16195	1524.73551	1529.03099
11.659883	1	1	1	0	1546.16642	1524.73665	1529.02509
11.679883	1	1	1	0	1546.16642	1524.73929	1529.02110
11.699883	1	1	1	0	1546.16039	1524.73665	1529.02509
11.719882	1	1	1	0	1546.16642	1524.73627	1529.02890
11.739882	1	1	1	0	1546.16195	1524.73665	1529.02509
11.759882	1	1	1	0	1546.16039	1524.73551	1529.02509
11.779882	1	1	1	0	1546.15612	1524.73551	1529.02890
11.799882	1	1	1	0	1546.16428	1524.73741	1529.02509
11.819882	1	1	1	0	1546.15612	1524.73741	1529.02509
11.839881	1	1	1	0	1546.15981	1524.73665	1529.02490
11.859881	1	1	1	0	1546.16487	1524.73551	1529.02300
11.879881	1	1	1	0	1546.15826	1524.73627	1529.02699
11.899881	1	1	1	0	1546.16273	1524.73551	1529.02300
11.919880	1	1	1	0	1546.16934	1524.73627	1529.02509
11.939880	1	1	1	0	1546.16700	1524.73665	1529.02509
11.959880	1	1	1	0	1546.16428	1524.73665	1529.02319
11.979880	1	1	1	0	1546.15767	1524.73551	1529.02699
11.999880	1	1	1	0	1546.15825	1524.73362	1529.02699
12.019880	1	1	1	0	1546.16486	1524.73816	1529.02509
12.039879	1	1	1	0	1546.15981	1524.73362	1529.02699
12.059879	1	1	1	0	1546.15981	1524.73929	1529.02509
12.079879	1	1	1	0	1546.16486	1524.73740	1529.02699
12.099879	1	1	1	0	1546.16272	1524.73551	1529.02889
12.119879	1	1	1	0	1546.16039	1524.73740	1529.02509
12.139879	1	1	1	0	1546.17361	1524.73551	1529.02509
12.159878	1	1	1	0	1546.16875	1524.73627	1529.02699
12.179878	1	1	1	0	1546.17089	1524.73816	1529.02699
12.199878	1	1	1	0	1546.16195	1524.73457	1529.02718
12.219877	1	1	1	0	1546.16875	1524.73551	1529.02319
12.239877	1	1	1	0	1546.16136	1524.73665	1529.02699
12.259877	1	1	1	0	1546.16700	1524.73551	1529.02699
12.279877	1	1	1	0	1546.15767	1524.73457	1529.02509
12.299877	1	1	1	0	1546.16486	1524.73551	1529.02718
12.319876	1	1	1	0	1546.14737	1524.73457	1529.02889
12.339876	1	1	1	0	1546.15378	1524.73740	1529.02509
12.359876	1	1	1	0	1546.15981	1524.73665	1529.02889
12.379876	1	1	1	0	1546.16428	1524.73551	1529.02889
12.399876	1	1	1	0	1546.16642	1524.73627	1529.03098
12.419876	1	1	1	0	1546.15981	1524.73627	1529.02509
12.439875	1	1	1	0	1546.16272	1524.73665	1529.02718
12.459875	1	1	1	0	1546.16272	1524.73665	1529.02889
12.479875	1	1	1	0	1546.15320	1524.73665	1529.02699
12.499875	1	1	1	0	1546.15767	1524.73476	1529.02699
12.519875	1	1	1	0	1546.16642	1524.73740	1529.02300
12.539875	1	1	1	0	1546.16039	1524.73551	1529.02699
12.559874	1	1	1	0	1546.16875	1524.73551	1529.02319
12.579874	1	1	1	0	1546.15981	1524.73476	1529.02889
12.599874	1	1	1	0	1546.16195	1524.73740	1529.02718
12.619874	1	1	1	0	1546.16272	1524.73627	1529.02509
12.639873	1	1	1	0	1546.16875	1524.73627	1529.02509
12.659873	1	1	1	0	1546.15767	1524.73665	1529.02509
12.679873	1	1	1	0	1546.15981	1524.73854	1529.02699
12.699873	1	1	1	0	1546.16039	1524.73740	1529.02699
12.719872	1	1	1	0	1546.16195	1524.73740	1529.02718
12.739872	1	1	1	0	1546.16195	1524.73740	1529.02509
12.759872	1	1	1	0	1546.15981	1524.73740	1529.02908
12.779872	1	1	1	0	1546.16039	1524.73457	1529.02699
12.799872	1	1	1	0	1546.16642	1524.73740	1529.02699
12.819872	1	1	1	0	1546.15825	1524.73551	1529.02509
12.839871	1	1	1	0	1546.16195	1524.73551	1529.02699
12.859871	1	1	1	0	1546.16428	1524.73740	1529.02699
12.879871	1	1	1	0	1546.16700	1524.73740	1529.02699
12.899871	1	1	1	0	1546.15378	1524.73740	1529.02718
12.919870	1	1	1	0	1546.16272	1524.73362	1529.02699
12.939870	1	1	1	0	1546.16642	1524.73551	1529.02490
12.959870	1	1	1	0	1546.15612	1524.73551	1529.02110
12.979870	1	1	1	0	1546.16039	1524.73476	1529.02300
12.999870	1	1	1	0	1546.16195	1524.73551	1529.02699
13.019870	1	1	1	0	1546.16272	1524.73551	1529.02509
13.039869	1	1	1	0	1546.16428	1524.73627	1529.02699
13.059869	1	1	1	0	1546.16428	1524.73457	1529.02509
13.079869	1	1	1	0	1546.15378	1524.73627	1529.02699
13.099869	1	1	1	0	1546.15981	1524.73551	1529.02319
13.119869	1	1	1	0	1546.16486	1524.73929	1529.02889
13.139868	1	1	1	0	1546.15981	1524.73627	1529.02699
13.159868	1	1	1	0	1546.16642	1524.73740	1529.02110
13.179868	1	1	1	0	1546.17089	1524.73457	1529.02509
13.199868	1	1	1	0	1546.15981	1524.73816	1529.02889
13.219867	1	1	1	0	1546.16195	1524.73740	1529.02509
13.239867	1	1	1	0	1546.16642	1524.73665	1529.02319
13.259867	1	1	1	0	1546.15767	1524.73740	1529.02699
13.279867	1	1	1	0	1546.16370	1524.73740	1529.02718
13.299867	1	1	1	0	1546.16486	1524.73627	1529.02509
13.319866	1	1	1	0	1546.16272	1524.73627	1529.02509
13.339866	1	1	1	0	1546.16700	1524.73627	1529.02699
13.359866	1	1	1	0	1546.15767	1524.73929	1529.02490
13.379866	1	1	1	0	1546.15981	1524.73665	1529.02699
13.399866	1	1	1	0	1546.16428	1524.73551	1529.02718
13.419866	1	1	1	0	1546.15767	1524.73721	1529.02509
13.439865	1	1	1	0	1546.16039	1524.73362	1529.02509
13.459865	1	1	1	0	1546.16933	1524.73665	1529.02889
13.479865	1	1	1	0	1546.16370	1524.73551	1529.02509
13.499865	1	1	1	0	1546.16428	1524.73740	1529.02699
13.519864	1	1	1	0	1546.15534	1524.73627	1529.02490
13.539864	1	1	1	0	1546.15106	1524.73740	1529.02509
13.559864	1	1	1	0	1546.16642	1524.74118	1529.02718
13.579864	1	1	1	0	1546.15767	1524.73816	1529.02699
13.599864	1	1	1	0	1546.15767	1524.73627	1529.02718
13.619864	1	1	1	0	1546.16642	1524.73362	1529.02509
13.639863	1	1	1	0	1546.15767	1524.73929	1529.02699
13.659863	1	1	1	0	1546.15981	1524.73740	1529.02699
13.679863	1	1	1	0	1546.15534	1524.73665	1529.02509
13.699863	1	1	1	0	1546.15378	1524.73476	1529.02699
13.719862	1	1	1	0	1546.15378	1524.73740	1529.02699
13.739862	1	1	1	0	1546.16039	1524.73665	1529.02699
13.759862	1	1	1	0	1546.15767	1524.73551	1529.02300
13.779862	1	1	1	0	1546.15981	1524.73457	1529.02889
13.799862	1	1	1	0	1546.15612	1524.73457	1529.02889
13.819861	1	1	1	0	1546.15320	1524.73740	1529.02699
13.839861	1	1	1	0	1546.15767	1524.73740	1529.02699
13.859861	1	1	1	0	1546.16486	1524.73551	1529.02699
13.879861	1	1	1	0	1546.15534	1524.73476	1529.02718
13.899861	1	1	1	0	1546.15767	1524.73929	1529.02699
13.919860	1	1	1	0	1546.15981	1524.73551	1529.02699
13.939860	1	1	1	0	1546.16039	1524.73740	1529.02509
13.959860	1	1	1	0	1546.15825	1524.73740	1529.02300
13.979860	1	1	1	0	1546.16428	1524.73476	1529.02699
13.999860	1	1	1	0	1546.15981	1524.73740	1529.02509
14.019860	1	1	1	0	1546.16642	1524.73627	1529.02699
14.039859	1	1	1	0	1546.16428	1524.73929	1529.02699
14.059859	1	1	1	0	1546.15612	1524.73740	1529.02509
14.079859	1	1	1	0	1546.16272	1524.73627	1529.02509
14.099859	1	1	1	0	1546.16486	1524.73740	1529.02699
14.119859	1	1	1	0	1546.15534	1524.73551	1529.02718
14.139858	1	1	1	0	1546.17536	1524.73551	1529.02699
14.159858	1	1	1	0	1546.15612	1524.73627	1529.02699
14.179858	1	1	1	0	1546.16428	1524.73665	1529.02699
14.199858	1	1	1	0	1546.15612	1524.73740	1529.02889
14.219857	1	1	1	0	1546.16486	1524.73665	1529.02509
14.239857	1	1	1	0	1546.15612	1524.73551	1529.02699
14.259857	1	1	1	0	1546.15534	1524.73929	1529.02699
14.279857	1	1	1	0	1546.16272	1524.73627	1529.02699
14.299857	1	1	1	0	1546.15320	1524.73740	1529.02490
14.319857	1	1	1	0	1546.16642	1524.73551	1529.02699
14.339856	1	1	1	0	1546.16195	1524.73476	1529.02509
14.359856	1	1	1	0	1546.15981	1524.73665	1529.02300
14.379856	1	1	1	0	1546.16195	1524.73740	1529.02699
14.399856	1	1	1	0	1546.15262	1524.73816	1529.02699
14.419856	1	1	1	0	1546.15534	1524.73740	1529.02718
14.439855	1	1	1	0	1546.16039	1524.73740	1529.02509
14.459855	1	1	1	0	1546.16272	1524.73627	1529.02509
14.479855	1	1	1	0	1546.16486	1524.73362	1529.02509
14.499855	1	1	1	0	1546.15320	1524.73551	1529.02718
14.519854	1	1	1	0	1546.16642	1524.73457	1529.02699
14.539854	1	1	1	0	1546.15378	1524.73457	1529.02699
14.559854	1	1	1	0	1546.16428	1524.73740	1529.02300
14.579854	1	1	1	0	1546.16486	1524.73551	1529.02718
14.599854	1	1	1	0	1546.16642	1524.73627	1529.02509
14.619853	1	1	1	0	1546.17536	1524.73740	1529.02718
14.639853	1	1	1	0	1546.16272	1524.73740	1529.02699
14.659853	1	1	1	0	1546.15825	1524.73551	1529.02699
14.679853	1	1	1	0	1546.15825	1524.73665	1529.02889
14.699853	1	1	1	0	1546.16486	1524.73475	1529.02509
14.719852	1	1	1	0	1546.16642	1524.73740	1529.02528
14.739852	1	1	1	0	1546.15825	1524.73457	1529.02699
14.759852	1	1	1	0	1546.16039	1524.73740	1529.02889
14.779852	1	1	1	0	1546.15981	1524.73551	1529.02490
14.799852	1	1	1	0	1546.15164	1524.73929	1529.02699
14.819851	1	1	1	0	1546.16700	1524.73551	1529.02509
14.839851	1	1	1	0	1546.16700	1524.73740	1529.02699
14.859851	1	1	1	0	1546.15981	1524.73551	1529.02509
14.879851	1	1	1	0	1546.14873	1524.73740	1529.02509
14.899851	1	1	1	0	1546.16195	1524.73551	1529.02699
14.919850	1	1	1	0	1546.17089	1524.73740	1529.02699
14.939850	1	1	1	0	1546.16195	1524.73551	1529.02509
14.959850	1	1	1	0	1546.15534	1524.73929	1529.02718
14.979850	1	1	1	0	1546.16272	1524.73665	1529.02509
14.999850	1	1	1	0	1546.15767	1524.73475	1529.02509
15.019850	1	1	1	0	1546.16195	1524.73551	1529.02509
15.039849	1	1	1	0	1546.16642	1524.73475	1529.02699
15.059849	1	1	1	0	1546.15670	1524.73457	1529.02699
15.079849	1	1	1	0	1546.15981	1524.73665	1529.02509
15.099849	1	1	1	0	1546.16428	1524.73721	1529.02509
15.119848	1	1	1	0	1546.15767	1524.73551	1529.02889
15.139848	1	1	1	0	1546.16272	1524.73665	1529.02699
15.159848	1	1	1	0	1546.15767	1524.73362	1529.02300
15.179848	1	1	1	0	1546.15981	1524.73854	1529.02699
15.199847	1	1	1	0	1546.15767	1524.73740	1529.02699
15.219847	1	1	1	0	1546.17147	1524.73721	1529.01901
15.239847	1	1	1	0	1546.15981	1524.73286	1529.02509
15.259847	1	1	1	0	1546.15825	1524.73362	1529.02509
15.279847	1	1	1	0	1546.16700	1524.73551	1529.02699
15.299847	1	1	1	0	1546.16194	1524.73929	1529.02699
15.319846	1	1	1	0	1546.16486	1524.73664	1529.02718
15.339846	1	1	1	0	1546.16583	1524.73740	1529.02889
15.359846	1	1	1	0	1546.15980	1524.73740	1529.02509
15.379846	1	1	1	0	1546.16039	1524.73626	1529.02509
15.399846	1	1	1	0	1546.16428	1524.73929	1529.02509
15.419846	1	1	1	0	1546.16933	1524.73551	1529.02718
15.439845	1	1	1	0	1546.15767	1524.73475	1529.02509
15.459845	1	1	1	0	1546.16272	1524.73664	1529.02889
15.479845	1	1	1	0	1546.16641	1524.73551	1529.02699
15.499845	1	1	1	0	1546.16486	1524.73626	1529.02699
15.519845	1	1	1	0	1546.15611	1524.73740	1529.02889
15.539844	1	1	1	0	1546.16272	1524.73475	1529.02699
15.559844	1	1	1	0	1546.16700	1524.73626	1529.02509
15.579844	1	1	1	0	1546.16039	1524.73626	1529.02699
15.599844	1	1	1	0	1546.16486	1524.73664	1529.02699
15.619843	1	1	1	0	1546.16641	1524.73551	1529.02509
15.639843	1	1	1	0	1546.15533	1524.73929	1529.02699
15.659843	1	1	1	0	1546.16486	1524.73551	1529.02699
15.679843	1	1	1	0	1546.16194	1524.73664	1529.02889
15.699843	1	1	1	0	1546.16428	1524.73664	1529.02300
15.719842	1	1	1	0	1546.16583	1524.73551	1529.02718
15.739842	1	1	1	0	1546.16039	1524.73664	1529.02908
15.759842	1	1	1	0	1546.16039	1524.73740	1529.02300
15.779842	1	1	1	0	1546.17088	1524.73626	1529.02889
15.799842	1	1	1	0	1546.16641	1524.73740	1529.02718
15.819841	1	1	1	0	1546.16428	1524.73816	1529.02889
15.839841	1	1	1	0	1546.16486	1524.73475	1529.02509
15.859841	1	1	1	0	1546.16194	1524.73664	1529.02509
15.879841	1	1	1	0	1546.16194	1524.73740	1529.02509
15.899841	1	1	1	0	1546.16875	1524.73475	1529.02509
15.919840	1	1	1	0	1546.16700	1524.73626	1529.02699
15.939840	1	1	1	0	1546.15533	1524.73664	1529.02699
15.959840	1	1	1	0	1546.17030	1524.73664	1529.02889
15.979840	1	1	1	0	1546.16194	1524.73664	1529.02509
15.999840	1	1	1	0	1546.15980	1524.73740	1529.02889
16.019840	1	1	1	0	1546.16486	1524.73626	1529.02699
16.039839	1	1	1	0	1546.16875	1524.73456	1529.02699
16.059839	1	1	1	0	1546.16330	1524.73551	1529.02699
16.079839	1	1	1	0	1546.16194	1524.73740	1529.02699
16.099839	1	1	1	0	1546.15456	1524.73816	1529.02699
16.119838	1	1	1	0	1546.15533	1524.73551	1529.02699
16.139838	1	1	1	0	1546.16272	1524.73626	1529.02699
16.159838	1	1	1	0	1546.16428	1524.73853	1529.02509
16.179838	1	1	1	0	1546.16428	1524.73740	1529.02490
16.199837	1	1	1	0	1546.15980	1524.73740	1529.02699
16.219837	1	1	1	0	1546.16039	1524.73740	1529.02699
16.239837	1	1	1	0	1546.16194	1524.73456	1529.02509
16.259837	1	1	1	0	1546.16194	1524.73740	1529.02889
16.279837	1	1	1	0	1546.15825	1524.73551	1529.02699
16.299837	1	1	1	0	1546.15611	1524.73362	1529.02718
16.319836	1	1	1	0	1546.16486	1524.73740	1529.02699
16.339836	1	1	1	0	1546.15320	1524.73475	1529.02699
16.359836	1	1	1	0	1546.15611	1524.73740	1529.02699
16.379836	1	1	1	0	1546.15378	1524.73551	1529.02490
16.399836	1	1	1	0	1546.15611	1524.73456	1529.02699
16.419836	1	1	1	0	1546.15533	1524.73740	1529.02490
16.439835	1	1	1	0	1546.15767	1524.73740	1529.02509
16.459835	1	1	1	0	1546.16700	1524.73664	1529.02509
16.479835	1	1	1	0	1546.16194	1524.73551	1529.02699
16.499835	1	1	1	0	1546.15611	1524.73551	1529.02509
16.519834	1	1	1	0	1546.16486	1524.73740	1529.02699
16.539834	1	1	1	0	1546.16136	1524.73740	1529.02889
16.559834	1	1	1	0	1546.16933	1524.73740	1529.02889
16.579834	1	1	1	0	1546.15611	1524.73664	1529.02509
16.599834	1	1	1	0	1546.16428	1524.73740	1529.02889
16.619833	1	1	1	0	1546.15611	1524.73740	1529.02699
16.639833	1	1	1	0	1546.16875	1524.74042	1529.02509
16.659833	1	1	1	0	1546.15533	1524.73740	1529.02509
16.679833	1	1	1	0	1546.15767	1524.73475	1529.02699
16.699833	1	1	1	0	1546.16641	1524.73626	1529.02509
16.719832	1	1	1	0	1546.15767	1524.73853	1529.02889
16.739832	1	1	1	0	1546.16875	1524.73816	1529.02509
16.759832	1	1	1	0	1546.15980	1524.73664	1529.02509
16.779832	1	1	1	0	1546.15883	1524.73551	1529.02509
16.799832	1	1	1	0	1546.16933	1524.73929	1529.02699
16.819831	1	1	1	0	1546.15825	1524.73664	1529.02509
16.839831	1	1	1	0	1546.16641	1524.73740	1529.02699
16.859831	1	1	1	0	1546.15980	1524.73740	1529.02718
16.879831	1	1	1	0	1546.16272	1524.73532	1529.02699
16.899831	1	1	1	0	1546.16486	1524.73740	1529.02889
16.919830	1	1	1	0	1546.15378	1524.73664	1529.02699
16.939831	1	1	1	0	1546.16699	1524.73740	1529.02699
16.959830	1	1	1	0	1546.16272	1524.73551	1529.02509
16.979830	1	1	1	0	1546.16272	1524.73551	1529.02889
16.999830	1	1	1	0	1546.16039	1524.73362	1529.02509
17.019830	1	1	1	0	1546.16272	1524.73664	1529.02889
17.039829	1	1	1	0	1546.15980	1524.73551	1529.02490
17.059829	1	1	1	0	1546.16933	1524.73626	1529.02299
17.079829	1	1	1	0	1546.16194	1524.73551	1529.02699
17.099829	1	1	1	0	1546.16272	1524.73551	1529.02299
17.119828	1	1	1	0	1546.16369	1524.73664	1529.02490
17.139828	1	1	1	0	1546.16194	1524.73740	1529.02299
17.159828	1	1	1	0	1546.16194	1524.73626	1529.02718
17.179828	1	1	1	0	1546.16486	1524.73853	1529.02509
17.199828	1	1	1	0	1546.15319	1524.73551	1529.02889
17.219827	1	1	1	0	1546.15825	1524.73740	1529.02718
17.239827	1	1	1	0	1546.17088	1524.73551	1529.02699
17.259827	1	1	1	0	1546.15533	1524.73740	1529.02699
17.279827	1	1	1	0	1546.15922	1524.73626	1529.02699
17.299827	1	1	1	0	1546.16427	1524.73475	1529.02509
17.319826	1	1	1	0	1546.15767	1524.73551	1529.02699
17.339826	1	1	1	0	1546.16699	1524.74042	1529.02699
17.359826	1	1	1	0	1546.15611	1524.73362	1529.02699
17.379826	1	1	1	0	1546.16194	1524.73551	1529.02509
17.399826	1	1	1	0	1546.16641	1524.73626	1529.02889
17.419825	1	1	1	0	1546.15767	1524.73456	1529.02699
17.439825	1	1	1	0	1546.15533	1524.73551	1529.02299
17.459825	1	1	1	0	1546.16699	1524.73362	1529.02889
17.479825	1	1	1	0	1546.15611	1524.73929	1529.02699
17.499825	1	1	1	0	1546.16272	1524.73664	1529.02509
17.519824	1	1	1	0	1546.16194	1524.73551	1529.02718
17.539824	1	1	1	0	1546.15611	1524.73740	1529.02889
17.559824	1	1	1	0	1546.15825	1524.73740	1529.02509
17.579824	1	1	1	0	1546.15825	1524.73551	1529.02299
17.599824	1	1	1	0	1546.16272	1524.73853	1529.02509
17.619823	1	1	1	0	1546.16039	1524.73740	1529.02718
17.639823	1	1	1	0	1546.16427	1524.73362	1529.02509
17.659823	1	1	1	0	1546.15980	1524.73551	1529.02889
17.679823	1	1	1	0	1546.16039	1524.73475	1529.02299
17.699823	1	1	1	0	1546.16641	1524.73551	1529.02699
17.719822	1	1	1	0	1546.15922	1524.73740	1529.02299
17.739822	1	1	1	0	1546.16641	1524.73626	1529.02299
17.759822	1	1	1	0	1546.15825	1524.73551	1529.02490
17.779822	1	1	1	0	1546.15378	1524.73551	1529.02509
17.799822	1	1	1	0	1546.16583	1524.73664	1529.02699
17.819822	1	1	1	0	1546.15767	1524.73664	1529.02509
17.839821	1	1	1	0	1546.15767	1524.73551	1529.02699
17.859821	1	1	1	0	1546.15611	1524.73664	1529.02509
17.879821	1	1	1	0	1546.16272	1524.73626	1529.02509
17.899821	1	1	1	0	1546.16272	1524.73664	1529.02699
17.919821	1	1	1	0	1546.15319	1524.73815	1529.02509
17.939820	1	1	1	0	1546.16272	1524.73740	1529.02490
17.959820	1	1	1	0	1546.15767	1524.73626	1529.02889
17.979820	1	1	1	0	1546.16427	1524.73664	1529.02509
17.999820	1	1	1	0	1546.16486	1524.73664	1529.02889
18.019819	1	1	1	0	1546.15980	1524.73740	1529.02889
18.039819	1	1	1	0	1546.16427	1524.73929	1529.02699
18.059819	1	1	1	0	1546.15378	1524.73286	1529.02509
18.079819	1	1	1	0	1546.17147	1524.73626	1529.02889
18.099818	1	1	1	0	1546.16641	1524.73551	1529.02699
18.119818	1	1	1	0	1546.15980	1524.73626	1529.02889
18.139818	1	1	1	0	1546.15980	1524.73362	1529.02718
18.159818	1	1	1	0	1546.17147	1524.73456	1529.02699
18.179818	1	1	1	0	1546.15980	1524.73626	1529.02889
18.199818	1	1	1	0	1546.15767	1524.73456	1529.02699
18.219817	1	1	1	0	1546.15825	1524.73626	1529.02509
18.239817	1	1	1	0	1546.15767	1524.73721	1529.02699
18.259817	1	1	1	0	1546.16427	1524.73740	1529.02699
18.279817	1	1	1	0	1546.16641	1524.73815	1529.02699
18.299817	1	1	1	0	1546.16486	1524.73475	1529.02889
18.319816	1	1	1	0	1546.15378	1524.73664	1529.02699
18.339816	1	1	1	0	1546.16797	1524.73475	1529.02509
18.359816	1	1	1	0	1546.15319	1524.73626	1529.02490
18.379816	1	1	1	0	1546.16272	1524.73626	1529.02699
18.399816	1	1	1	0	1546.16039	1524.73740	1529.02319
18.419815	1	1	1	0	1546.16583	1524.73456	1529.02509
18.439815	1	1	1	0	1546.15980	1524.73740	1529.02509
18.459815	1	1	1	0	1546.15767	1524.73664	1529.02699
18.479815	1	1	1	0	1546.16699	1524.73551	1529.02509
18.499815	1	1	1	0	1546.16272	1524.73664	1529.02509
18.519814	1	1	1	0	1546.15980	1524.73929	1529.02509
18.539814	1	1	1	0	1546.15825	1524.73550	1529.02698
18.559814	1	1	1	0	1546.16486	1524.73664	1529.02508
18.579814	1	1	1	0	1546.16486	1524.73740	1529.02508
18.599813	1	1	1	0	1546.16272	1524.73550	1529.02508
18.619813	1	1	1	0	1546.15455	1524.73626	1529.02508
18.639813	1	1	1	0	1546.15533	1524.73456	1529.02508
18.659813	1	1	1	0	1546.16330	1524.73740	1529.02508
18.679813	1	1	1	0	1546.16272	1524.73664	1529.02508
18.699813	1	1	1	0	1546.16038	1524.73853	1529.02889
18.719812	1	1	1	0	1546.16699	1524.73853	1529.02109
18.739812	1	1	1	0	1546.15533	1524.73475	1529.02508
18.759812	1	1	1	0	1546.16486	1524.73626	1529.02698
18.779812	1	1	1	0	1546.15980	1524.73664	1529.02889
18.799812	1	1	1	0	1546.16038	1524.73550	1529.02698
18.819811	1	1	1	0	1546.16038	1524.73550	1529.02299
18.839811	1	1	1	0	1546.16641	1524.73664	1529.02889
18.859811	1	1	1	0	1546.16544	1524.73626	1529.02718
18.879811	1	1	1	0	1546.16486	1524.73664	1529.02489
18.899811	1	1	1	0	1546.16038	1524.73740	1529.02698
18.919810	1	1	1	0	1546.15611	1524.73929	1529.02698
18.939810	1	1	1	0	1546.16038	1524.73815	1529.02908
18.959810	1	1	1	0	1546.14872	1524.73550	1529.02318
18.979810	1	1	1	0	1546.15766	1524.73740	1529.02090
18.999810	1	1	1	0	1546.16544	1524.73475	1529.02508
19.019809	1	1	1	0	1546.17088	1524.73740	1529.02508
19.039809	1	1	1	0	1546.16699	1524.73588	1529.02508
19.059809	1	1	1	0	1546.15766	1524.73664	1529.02889
19.079809	1	1	1	0	1546.16272	1524.73740	1529.02318
19.099809	1	1	1	0	1546.15825	1524.73626	1529.02698
19.119808	1	1	1	0	1546.16427	1524.73550	1529.02889
19.139808	1	1	1	0	1546.15980	1524.73664	1529.02698
19.159808	1	1	1	0	1546.15533	1524.73550	1529.02299
19.179808	1	1	1	0	1546.15766	1524.73550	1529.02698
19.199808	1	1	1	0	1546.16933	1524.73550	1529.02489
19.219808	1	1	1	0	1546.16194	1524.73664	1529.02508
19.239807	1	1	1	0	1546.16038	1524.73550	1529.02508
19.259807	1	1	1	0	1546.16699	1524.73475	1529.02489
19.279807	1	1	1	0	1546.16486	1524.73740	1529.02698
19.299807	1	1	1	0	1546.16874	1524.73740	1529.02508
19.319806	1	1	1	0	1546.15611	1524.73664	1529.02508
19.339806	1	1	1	0	1546.16038	1524.73626	1529.02889
19.359806	1	1	1	0	1546.16038	1524.73550	1529.02318
19.379806	1	1	1	0	1546.16486	1524.73362	1529.02698
19.399806	1	1	1	0	1546.16641	1524.73626	1529.02489
19.419805	1	1	1	0	1546.16038	1524.73626	1529.02508
19.439805	1	1	1	0	1546.15825	1524.73626	1529.02870
19.459805	1	1	1	0	1546.16038	1524.73456	1529.02698
19.479805	1	1	1	0	1546.16486	1524.73588	1529.02508
19.499804	1	1	1	0	1546.16272	1524.73853	1529.03098
19.519804	1	1	1	0	1546.16427	1524.73815	1529.02508
19.539804	1	1	1	0	1546.16038	1524.73740	1529.02508
19.559804	1	1	1	0	1546.15980	1524.73456	1529.02508
19.579804	1	1	1	0	1546.15164	1524.73362	1529.02698
19.599804	1	1	1	0	1546.16038	1524.73740	1529.02318
19.619803	1	1	1	0	1546.16272	1524.73740	1529.02698
19.639803	1	1	1	0	1546.16194	1524.73664	1529.02889
19.659803	1	1	1	0	1546.16641	1524.73626	1529.02299
19.679803	1	1	1	0	1546.16544	1524.73740	1529.02698
19.699803	1	1	1	0	1546.16427	1524.73475	1529.02508
19.719802	1	1	1	0	1546.15825	1524.73721	1529.02299
19.739802	1	1	1	0	1546.15766	1524.73550	1529.02889
19.759802	1	1	1	0	1546.16038	1524.73532	1529.02698
19.779802	1	1	1	0	1546.15980	1524.73550	1529.02489
19.799802	1	1	1	0	1546.16272	1524.73815	1529.02489
19.819801	1	1	1	0	1546.15611	1524.73626	1529.02698
19.839801	1	1	1	0	1546.16038	1524.73550	1529.02489
19.859801	1	1	1	0	1546.15825	1524.73550	1529.02299
19.879801	1	1	1	0	1546.16486	1524.73550	1529.02698
19.899801	1	1	1	0	1546.16486	1524.73626	1529.02718
19.919801	1	1	1	0	1546.16272	1524.73475	1529.02508
19.939800	1	1	1	0	1546.15378	1524.73475	1529.02889
19.959800	1	1	1	0	1546.15980	1524.73815	1529.02718
19.979800	1	1	1	0	1546.14872	1524.73626	1529.02698
19.999799	1	1	1	0	1546.16194	1524.73456	1529.02508
20.019799	1	1	1	0	1546.16038	1524.73550	1529.02318
20.039799	1	1	1	0	1546.16116	1524.73550	1529.02698
20.059799	1	1	1	0	1546.16038	1524.73853	1529.02508
20.079799	1	1	1	0	1546.16194	1524.73626	1529.02698
20.099798	1	1	1	0	1546.16272	1524.73362	1529.02318
20.119798	1	1	1	0	1546.16427	1524.73456	1529.02889
20.139798	1	1	1	0	1546.16272	1524.73721	1529.02889
20.159798	1	1	1	0	1546.16330	1524.73626	1529.02508
20.179798	1	1	1	0	1546.15980	1524.73626	1529.02698
20.199797	1	1	1	0	1546.15105	1524.73626	1529.02889
20.219797	1	1	1	0	1546.16427	1524.73740	1529.02508
20.239797	1	1	1	0	1546.15611	1524.73740	1529.02489
20.259797	1	1	1	0	1546.15825	1524.73815	1529.02889
20.279797	1	1	1	0	1546.15533	1524.73740	1529.02508
20.299797	1	1	1	0	1546.16427	1524.73740	1529.02508
20.319796	1	1	1	0	1546.15319	1524.73815	1529.02698
20.339796	1	1	1	0	1546.16486	1524.73929	1529.02508
20.359796	1	1	1	0	1546.16699	1524.73664	1529.02508
20.379796	1	1	1	0	1546.16486	1524.73362	1529.02508
20.399796	1	1	1	0	1546.16194	1524.73853	1529.02508
20.419795	1	1	1	0	1546.15611	1524.73550	1529.02698
20.439795	1	1	1	0	1546.15766	1524.73475	1529.02889
20.459795	1	1	1	0	1546.16641	1524.73626	1529.02508
20.479795	1	1	1	0	1546.15533	1524.73550	1529.02698
20.499794	1	1	1	0	1546.16038	1524.73740	1529.02508
20.519794	1	1	1	0	1546.15980	1524.73550	1529.02508
20.539794	1	1	1	0	1546.16272	1524.73475	1529.02508
20.559794	1	1	1	0	1546.16427	1524.73456	1529.02508
20.579794	1	1	1	0	1546.15922	1524.73740	1529.02508
20.599794	1	1	1	0	1546.15825	1524.73740	1529.02698
20.619793	1	1	1	0	1546.16194	1524.73456	1529.02508
20.639793	1	1	1	0	1546.15825	1524.73475	1529.02698
20.659793	1	1	1	0	1546.16874	1524.73532	1529.02508
20.679793	1	1	1	0	1546.15980	1524.73664	1529.02718
20.699793	1	1	1	0	1546.15766	1524.73475	1529.02718
20.719792	1	1	1	0	1546.16194	1524.73550	1529.02508
20.739792	1	1	1	0	1546.15980	1524.73550	1529.02508
20.759792	1	1	1	0	1546.15533	1524.73475	1529.02718
20.779792	1	1	1	0	1546.16486	1524.73550	1529.02698
20.799792	1	1	1	0	1546.16038	1524.73456	1529.02698
20.819791	1	1	1	0	1546.16427	1524.73740	1529.02508
20.839791	1	1	1	0	1546.15980	1524.73929	1529.02698
20.859791	1	1	1	0	1546.16427	1524.73550	1529.02299
20.879791	1	1	1	0	1546.15980	1524.73550	1529.02489
20.899791	1	1	1	0	1546.16369	1524.73815	1529.02698
20.919791	1	1	1	0	1546.15980	1524.73550	1529.02508
20.939790	1	1	1	0	1546.16116	1524.73550	1529.02508
20.959790	1	1	1	0	1546.15825	1524.73550	1529.02489
20.979790	1	1	1	0	1546.15825	1524.73740	1529.02489
20.999789	1	1	1	0	1546.17088	1524.73853	1529.02698
21.019789	1	1	1	0	1546.16485	1524.73456	1529.02299
21.039789	1	1	1	0	1546.15766	1524.73475	1529.02698
21.059789	1	1	1	0	1546.16272	1524.73475	1529.02508
21.079789	1	1	1	0	1546.16641	1524.73664	1529.02698
21.099788	1	1	1	0	1546.15669	1524.73815	1529.02508
21.119788	1	1	1	0	1546.16641	1524.73550	1529.02489
21.139788	1	1	1	0	1546.15980	1524.73456	1529.02508
21.159788	1	1	1	0	1546.15533	1524.73550	1529.02888
21.179788	1	1	1	0	1546.15319	1524.73739	1529.02508
21.199788	1	1	1	0	1546.16194	1524.73475	1529.02299
21.219787	1	1	1	0	1546.16194	1524.73550	1529.02508
21.239787	1	1	1	0	1546.16272	1524.73664	1529.02489
21.259787	1	1	1	0	1546.15766	1524.73550	1529.02299
21.279787	1	1	1	0	1546.15105	1524.73286	1529.02888
21.299787	1	1	1	0	1546.15980	1524.73550	1529.02508
21.319786	1	1	1	0	1546.16135	1524.73550	1529.02698
21.339786	1	1	1	0	1546.16272	1524.73664	1529.02698
21.359786	1	1	1	0	1546.16038	1524.73739	1529.02508
21.379786	1	1	1	0	1546.16485	1524.73739	1529.02698
21.399786	1	1	1	0	1546.16194	1524.73739	1529.02508
21.419785	1	1	1	0	1546.15377	1524.73739	1529.02698
21.439785	1	1	1	0	1546.15533	1524.73475	1529.02508
21.459785	1	1	1	0	1546.16194	1524.73456	1529.02508
21.479785	1	1	1	0	1546.16641	1524.73550	1529.02299
21.499785	1	1	1	0	1546.16116	1524.73739	1529.02717
21.519784	1	1	1	0	1546.15533	1524.73550	1529.02508
21.539784	1	1	1	0	1546.16272	1524.73475	1529.02299
21.559784	1	1	1	0	1546.16991	1524.73475	1529.02698
21.579784	1	1	1	0	1546.15766	1524.73664	1529.02888
21.599783	1	1	1	0	1546.16194	1524.73815	1529.02508
21.619783	1	1	1	0	1546.15766	1524.73550	1529.02698
21.639783	1	1	1	0	1546.15980	1524.73928	1529.02318
21.659783	1	1	1	0	1546.15980	1524.73550	1529.02888
21.679783	1	1	1	0	1546.15825	1524.73664	1529.02698
21.699783	1	1	1	0	1546.16641	1524.73550	1529.02508
21.719782	1	1	1	0	1546.16485	1524.73739	1529.02698
21.739782	1	1	1	0	1546.16427	1524.73815	1529.02508
21.759782	1	1	1	0	1546.16272	1524.73739	1529.02299
21.779782	1	1	1	0	1546.15611	1524.73928	1529.02698
21.799782	1	1	1	0	1546.15766	1524.73550	1529.02090
21.819781	1	1	1	0	1546.15980	1524.73361	1529.02489
21.839781	1	1	1	0	1546.15105	1524.73815	1529.02698
21.859781	1	1	1	0	1546.16641	1524.73664	1529.02888
21.879781	1	1	1	0	1546.16485	1524.73626	1529.03078
21.899781	1	1	1	0	1546.16038	1524.73361	1529.02679
21.919780	1	1	1	0	1546.15766	1524.73626	1529.02698
21.939780	1	1	1	0	1546.16874	1524.73361	1529.02508
21.959780	1	1	1	0	1546.16194	1524.73739	1529.02508
21.979780	1	1	1	0	1546.16272	1524.73475	1529.02508
21.999779	1	1	1	0	1546.16272	1524.73475	1529.02698
22.019779	1	1	1	0	1546.16874	1524.73626	1529.02698
22.039779	1	1	1	0	1546.16427	1524.73626	1529.02888
22.059779	1	1	1	0	1546.15980	1524.73550	1529.02698
22.079779	1	1	1	0	1546.16194	1524.73739	1529.02299
22.099778	1	1	1	0	1546.15980	1524.73550	1529.02698
22.119778	1	1	1	0	1546.16641	1524.73815	1529.02508
22.139778	1	1	1	0	1546.15766	1524.73739	1529.02698
22.159778	1	1	1	0	1546.15825	1524.73550	1529.02489
22.179778	1	1	1	0	1546.14950	1524.73739	1529.02508
22.199778	1	1	1	0	1546.15980	1524.73664	1529.02299
22.219777	1	1	1	0	1546.15611	1524.73475	1529.02698
22.239777	1	1	1	0	1546.16427	1524.73664	1529.02318
22.259777	1	1	1	0	1546.15825	1524.73664	1529.02698
22.279777	1	1	1	0	1546.16272	1524.73550	1529.02888
22.299777	1	1	1	0	1546.16699	1524.73456	1529.02299
22.319777	1	1	1	0	1546.15377	1524.73550	1529.02489
22.339776	1	1	1	0	1546.16194	1524.73550	1529.02508
22.359776	1	1	1	0	1546.16272	1524.73739	1529.02508
22.379776	1	1	1	0	1546.16699	1524.73456	1529.02717
22.399776	1	1	1	0	1546.16641	1524.73739	1529.02508
22.419775	1	1	1	0	1546.15980	1524.73853	1529.02299
22.439775	1	1	1	0	1546.15825	1524.73550	1529.02698
22.459775	1	1	1	0	1546.15163	1524.73626	1529.02698
22.479775	1	1	1	0	1546.15533	1524.73550	1529.02698
22.499775	1	1	1	0	1546.15825	1524.73550	1529.02698
22.519774	1	1	1	0	1546.16272	1524.73664	1529.02508
22.539774	1	1	1	0	1546.16699	1524.73626	1529.02299
22.559774	1	1	1	0	1546.17593	1524.73550	1529.02698
22.579774	1	1	1	0	1546.15766	1524.73550	1529.02508
22.599773	1	1	1	0	1546.15980	1524.73739	1529.02698
22.619773	1	1	1	0	1546.16427	1524.73456	1529.02698
22.639773	1	1	1	0	1546.16272	1524.73815	1529.02698
22.659773	1	1	1	0	1546.16699	1524.73550	1529.02698
22.679773	1	1	1	0	1546.16038	1524.73739	1529.02489
22.699773	1	1	1	0	1546.15825	1524.73550	1529.02508
22.719772	1	1	1	0	1546.16272	1524.73456	1529.02888
22.739772	1	1	1	0	1546.15611	1524.73815	1529.02888
22.759772	1	1	1	0	1546.16038	1524.73739	1529.02698
22.779772	1	1	1	0	1546.15825	1524.73550	1529.02508
22.799772	1	1	1	0	1546.17535	1524.73626	1529.02717
22.819771	1	1	1	0	1546.15980	1524.73550	1529.02508
22.839771	1	1	1	0	1546.15669	1524.73550	1529.02489
22.859771	1	1	1	0	1546.15980	1524.73361	1529.02698
22.879771	1	1	1	0	1546.15980	1524.73739	1529.02508
22.899770	1	1	1	0	1546.15533	1524.73550	1529.02698
22.919770	1	1	1	0	1546.16485	1524.73739	1529.02698
22.939770	1	1	1	0	1546.16699	1524.73664	1529.02698
22.959770	1	1	1	0	1546.16932	1524.73550	1529.02318
22.979770	1	1	1	0	1546.16272	1524.73456	1529.02717
22.999769	1	1	1	0	1546.16116	1524.73475	1529.02698
23.019769	1	1	1	0	1546.15980	1524.73550	1529.02508
23.039769	1	1	1	0	1546.16699	1524.73550	1529.02508
23.059769	1	1	1	0	1546.16485	1524.73739	1529.02698
23.079769	1	1	1	0	1546.16874	1524.73361	1529.02489
23.099768	1	1	1	0	1546.16038	1524.73664	1529.02299
23.119768	1	1	1	0	1546.16194	1524.73550	1529.02698
23.139768	1	1	1	0	1546.16038	1524.73664	1529.02299
23.159768	1	1	1	0	1546.15980	1524.73739	1529.02717
23.179768	1	1	1	0	1546.16641	1524.73550	1529.02508
23.199768	1	1	1	0	1546.16272	1524.73739	1529.02508
23.219768	1	1	1	0	1546.15611	1524.73550	1529.02508
23.239767	1	1	1	0	1546.16874	1524.73550	1529.02698
23.259767	1	1	1	0	1546.15980	1524.73550	1529.02698
23.279767	1	1	1	0	1546.16038	1524.73853	1529.02508
23.299767	1	1	1	0	1546.16194	1524.73815	1529.02508
23.319766	1	1	1	0	1546.16485	1524.73739	1529.02870
23.339766	1	1	1	0	1546.16272	1524.73361	1529.02508
23.359766	1	1	1	0	1546.16932	1524.73588	1529.02508
23.379766	1	1	1	0	1546.15766	1524.73286	1529.02698
23.399765	1	1	1	0	1546.16874	1524.73853	1529.02508
23.419765	1	1	1	0	1546.15669	1524.73475	1529.02508
23.439765	1	1	1	0	1546.16369	1524.73475	1529.02489
23.459765	1	1	1	0	1546.15611	1524.73361	1529.02489
23.479765	1	1	1	0	1546.15475	1524.73475	1529.02907
23.499765	1	1	1	0	1546.15980	1524.73739	1529.02717
23.519764	1	1	1	0	1546.14872	1524.73550	1529.02318
23.539764	1	1	1	0	1546.16038	1524.73739	1529.02508
23.559764	1	1	1	0	1546.15611	1524.73664	1529.02907
23.579764	1	1	1	0	1546.15883	1524.73361	1529.02717
23.599763	1	1	1	0	1546.16485	1524.73550	1529.02698
23.619763	1	1	1	0	1546.16038	1524.73550	1529.02888
23.639763	1	1	1	0	1546.15163	1524.73853	1529.02717
23.659763	1	1	1	0	1546.16485	1524.73739	1529.02508
23.679763	1	1	1	0	1546.15883	1524.73456	1529.02508
23.699763	1	1	1	0	1546.15980	1524.73739	1529.02109
23.719762	1	1	1	0	1546.15377	1524.73550	1529.02698
23.739762	1	1	1	0	1546.15825	1524.73626	1529.02489
23.759762	1	1	1	0	1546.16272	1524.73853	1529.02299
23.779762	1	1	1	0	1546.16038	1524.73550	1529.02508
23.799762	1	1	1	0	1546.16699	1524.73550	1529.02508
23.819761	1	1	1	0	1546.16038	1524.73550	1529.02717
23.839761	1	1	1	0	1546.16699	1524.73475	1529.02508
23.859761	1	1	1	0	1546.16194	1524.73286	1529.02508
23.879761	1	1	1	0	1546.14950	1524.73361	1529.02698
23.899761	1	1	1	0	1546.16116	1524.73361	1529.02299
23.919760	1	1	1	0	1546.15980	1524.73626	1529.02508
23.939760	1	1	1	0	1546.16038	1524.73550	1529.02508
23.959760	1	1	1	0	1546.16038	1524.73286	1529.02299
23.979760	1	1	1	0	1546.15825	1524.73456	1529.02508
23.999759	1	1	1	0	1546.16427	1524.73550	1529.02489
24.019759	1	1	1	0	1546.16272	1524.73626	1529.02888
24.039759	1	1	1	0	1546.16485	1524.73550	1529.02698
24.059759	1	1	1	0	1546.16932	1524.73550	1529.02698
24.079759	1	1	1	0	1546.16272	1524.73475	1529.02489
24.099758	1	1	1	0	1546.16932	1524.73456	1529.02698
24.119760	1	1	1	0	1546.16038	1524.73739	1529.02299
24.139758	1	1	1	0	1546.16038	1524.73456	1529.02698
24.159758	1	1	1	0	1546.16641	1524.73664	1529.02698
24.179758	1	1	1	0	1546.16427	1524.73928	1529.02508
24.199757	1	1	1	0	1546.17146	1524.73361	1529.02299
24.219757	1	1	1	0	1546.18021	1524.73456	1529.02698
24.239757	1	1	1	0	1546.16874	1524.73550	1529.02698
24.259757	1	1	1	0	1546.16194	1524.73664	1529.02508
24.279757	1	1	1	0	1546.15766	1524.73626	1529.02698
24.299757	1	1	1	0	1546.15980	1524.73664	1529.02698
24.319756	1	1	1	0	1546.15980	1524.73550	1529.02718
24.339756	1	1	1	0	1546.15980	1524.73456	1529.02299
24.359756	1	1	1	0	1546.16699	1524.73740	1529.02299
24.379756	1	1	1	0	1546.16272	1524.73626	1529.02318
24.399755	1	1	1	0	1546.15319	1524.73362	1529.02508
24.419755	1	1	1	0	1546.15980	1524.73740	1529.02698
24.439755	1	1	1	0	1546.15980	1524.73550	1529.02698
24.459755	1	1	1	0	1546.15766	1524.73740	1529.02698
24.479755	1	1	1	0	1546.16194	1524.73664	1529.02698
24.499754	1	1	1	0	1546.17360	1524.73664	1529.02109
24.519754	1	1	1	0	1546.15766	1524.73664	1529.02718
24.539754	1	1	1	0	1546.16486	1524.73362	1529.02508
24.559754	1	1	1	0	1546.16427	1524.73740	1529.02508
24.579754	1	1	1	0	1546.16194	1524.73626	1529.02698
24.599753	1	1	1	0	1546.16038	1524.73740	1529.02679
24.619753	1	1	1	0	1546.15825	1524.73664	1529.02508
24.639753	1	1	1	0	1546.15980	1524.73740	1529.02718
24.659753	1	1	1	0	1546.16486	1524.73550	1529.02109
24.679753	1	1	1	0	1546.15825	1524.73550	1529.02508
24.699753	1	1	1	0	1546.15980	1524.73550	1529.02489
24.719752	1	1	1	0	1546.15825	1524.73721	1529.02698
24.739752	1	1	1	0	1546.16038	1524.73740	1529.02489
24.759752	1	1	1	0	1546.16038	1524.73362	1529.02698
24.779752	1	1	1	0	1546.15825	1524.73550	1529.02109
24.799752	1	1	1	0	1546.16486	1524.73475	1529.02489
24.819751	1	1	1	0	1546.15766	1524.73626	1529.02489
24.839751	1	1	1	0	1546.16486	1524.73664	1529.02489
24.859751	1	1	1	0	1546.15611	1524.73550	1529.02698
24.879751	1	1	1	0	1546.15533	1524.73362	1529.02698
24.899750	1	1	1	0	1546.16272	1524.73626	1529.02508
24.919750	1	1	1	0	1546.16194	1524.73550	1529.02299
24.939750	1	1	1	0	1546.16874	1524.73664	1529.02698
24.959750	1	1	1	0	1546.15980	1524.73550	1529.02508
24.979750	1	1	1	0	1546.15980	1524.73550	1529.02508
24.999749	1	1	1	0	1546.16194	1524.73550	1529.02508
25.019749	1	1	1	0	1546.15825	1524.73626	1529.02889
25.039749	1	1	1	0	1546.16194	1524.73550	1529.02698
25.059749	1	1	1	0	1546.15825	1524.73853	1529.02718
25.079749	1	1	1	0	1546.16272	1524.73550	1529.02508
25.099749	1	1	1	0	1546.15241	1524.73626	1529.02489
25.119748	1	1	1	0	1546.16486	1524.73664	1529.02508
25.139748	1	1	1	0	1546.16874	1524.73550	1529.02508
25.159748	1	1	1	0	1546.16699	1524.73550	1529.02698
25.179748	1	1	1	0	1546.16272	1524.73740	1529.02698
25.199748	1	1	1	0	1546.15378	1524.73532	1529.02698
25.219747	1	1	1	0	1546.15980	1524.73550	1529.02508
25.239747	1	1	1	0	1546.16933	1524.73740	1529.02109
25.259747	1	1	1	0	1546.15241	1524.73664	1529.02508
25.279747	1	1	1	0	1546.16272	1524.73362	1529.02508
25.299747	1	1	1	0	1546.16116	1524.73664	1529.02489
25.319746	1	1	1	0	1546.15766	1524.73550	1529.02889
25.339746	1	1	1	0	1546.15378	1524.73362	1529.02508
25.359746	1	1	1	0	1546.15825	1524.73740	1529.02299
25.379746	1	1	1	0	1546.16486	1524.73740	1529.02508
25.399746	1	1	1	0	1546.16427	1524.73475	1529.02698
25.419745	1	1	1	0	1546.15825	1524.73815	1529.02718
25.439745	1	1	1	0	1546.15533	1524.73815	1529.02698
25.459745	1	1	1	0	1546.15883	1524.73664	1529.02318
25.479745	1	1	1	0	1546.16486	1524.73550	1529.02698
25.499745	1	1	1	0	1546.16116	1524.73550	1529.02508
25.519744	1	1	1	0	1546.15611	1524.73267	1529.02299
25.539744	1	1	1	0	1546.15980	1524.73740	1529.02508
25.559744	1	1	1	0	1546.16038	1524.73550	1529.02508
25.579744	1	1	1	0	1546.16486	1524.73929	1529.02698
25.599744	1	1	1	0	1546.16427	1524.73550	1529.02698
25.619743	1	1	1	0	1546.15766	1524.73740	1529.02698
25.639743	1	1	1	0	1546.15825	1524.73664	1529.02698
25.659743	1	1	1	0	1546.16330	1524.73475	1529.02698
25.679743	1	1	1	0	1546.16427	1524.73626	1529.02889
25.699743	1	1	1	0	1546.15825	1524.73740	1529.02698
25.719742	1	1	1	0	1546.17088	1524.73815	1529.02489
25.739742	1	1	1	0	1546.16194	1524.73456	1529.02698
25.759742	1	1	1	0	1546.16272	1524.73740	1529.02889
25.779742	1	1	1	0	1546.15766	1524.73550	1529.02508
25.799742	1	1	1	0	1546.16038	1524.73815	1529.02698
25.819741	1	1	1	0	1546.15825	1524.73740	1529.02698
25.839741	1	1	1	0	1546.16699	1524.73550	1529.02889
25.859741	1	1	1	0	1546.16038	1524.73550	1529.02299
25.879741	1	1	1	0	1546.15319	1524.73456	1529.02698
25.899740	1	1	1	0	1546.15980	1524.73362	1529.02508
25.919740	1	1	1	0	1546.15825	1524.73664	1529.02489
25.939740	1	1	1	0	1546.16485	1524.73550	1529.02508
25.959740	1	1	1	0	1546.16641	1524.73815	1529.02698
25.979740	1	1	1	0	1546.15611	1524.73550	1529.02508
25.999740	1	1	1	0	1546.16427	1524.73815	1529.02508
26.019739	1	1	1	0	1546.16038	1524.73550	1529.02698
26.039739	1	1	1	0	1546.15825	1524.73588	1529.02508
26.059739	1	1	1	0	1546.14950	1524.73475	1529.02508
26.079739	1	1	1	0	1546.15475	1524.73475	1529.02698
26.099739	1	1	1	0	1546.16194	1524.73626	1529.02698
26.119738	1	1	1	0	1546.15980	1524.73550	1529.02318
26.139738	1	1	1	0	1546.16874	1524.73361	1529.02489
26.159738	1	1	1	0	1546.15980	1524.73739	1529.02698
26.179738	1	1	1	0	1546.16194	1524.73550	1529.02508
26.199738	1	1	1	0	1546.15766	1524.73626	1529.02508
26.219737	1	1	1	0	1546.15611	1524.73739	1529.02698
26.239737	1	1	1	0	1546.16272	1524.73626	1529.02508
26.259737	1	1	1	0	1546.15533	1524.73664	1529.02698
26.279737	1	1	1	0	1546.15319	1524.73739	1529.02698
26.299736	1	1	1	0	1546.15825	1524.73626	1529.02508
26.319736	1	1	1	0	1546.16485	1524.73267	1529.02508
26.339736	1	1	1	0	1546.16699	1524.73739	1529.02508
26.359736	1	1	1	0	1546.16485	1524.73475	1529.02698
26.379735	1	1	1	0	1546.15980	1524.73664	1529.02508
26.399735	1	1	1	0	1546.15825	1524.73550	1529.02698
26.419735	1	1	1	0	1546.15766	1524.73626	1529.02698
26.439735	1	1	1	0	1546.16272	1524.73361	1529.02489
26.459735	1	1	1	0	1546.15766	1524.73550	1529.02489
26.479735	1	1	1	0	1546.16932	1524.73626	1529.02318
26.499735	1	1	1	0	1546.14950	1524.73456	1529.02698
26.519734	1	1	1	0	1546.15825	1524.73739	1529.02698
26.539734	1	1	1	0	1546.16272	1524.73550	1529.02318
26.559734	1	1	1	0	1546.15980	1524.73550	1529.02508
26.579734	1	1	1	0	1546.16116	1524.73739	1529.02508
26.599733	1	1	1	0	1546.16427	1524.73739	1529.02698
26.619733	1	1	1	0	1546.16194	1524.73626	1529.02508
26.639733	1	1	1	0	1546.16699	1524.73286	1529.02508
26.659733	1	1	1	0	1546.15825	1524.73550	1529.02508
26.679733	1	1	1	0	1546.16485	1524.73626	1529.02299
26.699733	1	1	1	0	1546.16038	1524.73739	1529.02888
26.719732	1	1	1	0	1546.15028	1524.73550	1529.02888
26.739732	1	1	1	0	1546.16038	1524.73531	1529.02508
26.759732	1	1	1	0	1546.15980	1524.73550	1529.02489
26.779732	1	1	1	0	1546.16194	1524.73626	1529.02527
26.799731	1	1	1	0	1546.15825	1524.73456	1529.02299
26.819731	1	1	1	0	1546.16427	1524.73361	1529.02299
26.839731	1	1	1	0	1546.15980	1524.73550	1529.02508
26.859731	1	1	1	0	1546.15980	1524.73626	1529.02508
26.879731	1	1	1	0	1546.15611	1524.73739	1529.02698
26.899730	1	1	1	0	1546.15922	1524.73456	1529.02888
26.919730	1	1	1	0	1546.16932	1524.73550	1529.02508
26.939730	1	1	1	0	1546.16427	1524.73739	1529.02299
26.959730	1	1	1	0	1546.15766	1524.73550	1529.02698
26.979730	1	1	1	0	1546.16485	1524.73550	1529.02508
26.999730	1	1	1	0	1546.16874	1524.73475	1529.02698
27.019729	1	1	1	0	1546.15533	1524.73550	1529.02299
27.039729	1	1	1	0	1546.16427	1524.73550	1529.02489
27.059729	1	1	1	0	1546.16194	1524.73531	1529.02698
27.079729	1	1	1	0	1546.16874	1524.73267	1529.02489
27.099729	1	1	1	0	1546.16194	1524.73815	1529.02698
27.119728	1	1	1	0	1546.16544	1524.73739	1529.02717
27.139728	1	1	1	0	1546.17360	1524.73739	1529.02698
27.159728	1	1	1	0	1546.16194	1524.73550	1529.02508
27.179728	1	1	1	0	1546.16194	1524.73626	1529.02698
27.199727	1	1	1	0	1546.16038	1524.73361	1529.02299
27.219727	1	1	1	0	1546.16485	1524.73550	1529.02280
27.239727	1	1	1	0	1546.15980	1524.73267	1529.02698
27.259727	1	1	1	0	1546.15766	1524.73456	1529.02109
27.279727	1	1	1	0	1546.15533	1524.73550	1529.02888
27.299726	1	1	1	0	1546.16194	1524.73550	1529.02698
27.319726	1	1	1	0	1546.16427	1524.73475	1529.02698
27.339726	1	1	1	0	1546.16699	1524.73664	1529.02698
27.359726	1	1	1	0	1546.16427	1524.73550	1529.02318
27.379726	1	1	1	0	1546.17302	1524.73928	1529.02698
27.399725	1	1	1	0	1546.15825	1524.73475	1529.02508
27.419725	1	1	1	0	1546.16485	1524.73550	1529.02698
27.439725	1	1	1	0	1546.16427	1524.73739	1529.02698
27.459725	1	1	1	0	1546.16427	1524.73626	1529.02489
27.479725	1	1	1	0	1546.16641	1524.73550	1529.02508
27.499724	1	1	1	0	1546.15611	1524.73361	1529.02698
27.519724	1	1	1	0	1546.16932	1524.73456	1529.02508
27.539724	1	1	1	0	1546.15825	1524.73550	1529.02508
27.559724	1	1	1	0	1546.15922	1524.73739	1529.02508
27.579724	1	1	1	0	1546.16272	1524.73361	1529.02698
27.599724	1	1	1	0	1546.16194	1524.73626	1529.02508
27.619723	1	1	1	0	1546.16038	1524.73739	1529.02698
27.639723	1	1	1	0	1546.15980	1524.73550	1529.02888
27.659723	1	1	1	0	1546.15377	1524.73475	1529.02698
27.679723	1	1	1	0	1546.17302	1524.73550	1529.02508
27.699723	1	1	1	0	1546.16116	1524.73739	1529.02698
27.719722	1	1	1	0	1546.15766	1524.73720	1529.02698
27.739722	1	1	1	0	1546.16038	1524.73664	1529.02698
27.759722	1	1	1	0	1546.16427	1524.73550	1529.02508
27.779722	1	1	1	0	1546.15533	1524.73267	1529.02698
27.799721	1	1	1	0	1546.15377	1524.73550	1529.02508
27.819721	1	1	1	0	1546.15980	1524.73550	1529.02508
27.839721	1	1	1	0	1546.15825	1524.73739	1529.02489
27.859721	1	1	1	0	1546.16272	1524.73550	1529.02299
27.879721	1	1	1	0	1546.15825	1524.73550	1529.02508
27.899720	1	1	1	0	1546.16699	1524.73361	1529.02508
27.919720	1	1	1	0	1546.16194	1524.73550	1529.02888
27.939720	1	1	1	0	1546.15766	1524.73626	1529.02698
27.959720	1	1	1	0	1546.16116	1524.73626	1529.02489
27.979720	1	1	1	0	1546.15475	1524.73550	1529.02717
27.999719	1	1	1	0	1546.15766	1524.73456	1529.02698
28.019719	1	1	1	0	1546.16427	1524.73550	1529.02489
28.039719	1	1	1	0	1546.16038	1524.73815	1529.02508
28.059719	1	1	1	0	1546.16038	1524.73626	1529.02508
28.079719	1	1	1	0	1546.16038	1524.73550	1529.02508
28.099718	1	1	1	0	1546.15766	1524.73815	1529.02698
28.119718	1	1	1	0	1546.15377	1524.73550	1529.02299
28.139718	1	1	1	0	1546.16485	1524.73739	1529.02698
28.159718	1	1	1	0	1546.16699	1524.73475	1529.02508
28.179718	1	1	1	0	1546.16272	1524.73361	1529.02299
28.199718	1	1	1	0	1546.16194	1524.73664	1529.02698
28.219717	1	1	1	0	1546.16641	1524.73626	1529.02299
28.239717	1	1	1	0	1546.15922	1524.73664	1529.02299
28.259717	1	1	1	0	1546.15766	1524.73739	1529.02489
28.279717	1	1	1	0	1546.15922	1524.73550	1529.02698
28.299716	1	1	1	0	1546.15377	1524.73739	1529.02508
28.319716	1	1	1	0	1546.15766	1524.73739	1529.02698
28.339716	1	1	1	0	1546.15766	1524.73550	1529.02508
28.359716	1	1	1	0	1546.15825	1524.73550	1529.02299
28.379716	1	1	1	0	1546.15825	1524.73475	1529.02698
28.399715	1	1	1	0	1546.16272	1524.73626	1529.02698
28.419715	1	1	1	0	1546.16485	1524.73475	1529.02318
28.439715	1	1	1	0	1546.16194	1524.73550	1529.02888
28.459715	1	1	1	0	1546.15766	1524.73456	1529.02299
28.479715	1	1	1	0	1546.15980	1524.73815	1529.02508
28.499714	1	1	1	0	1546.16272	1524.73361	1529.02717
28.519714	1	1	1	0	1546.16135	1524.73456	1529.02698
28.539714	1	1	1	0	1546.16641	1524.73550	1529.02508
28.559714	1	1	1	0	1546.17088	1524.73626	1529.02698
28.579714	1	1	1	0	1546.16932	1524.73550	1529.02508
28.599714	1	1	1	0	1546.15766	1524.73739	1529.02698
28.619713	1	1	1	0	1546.15377	1524.73739	1529.02698
28.639713	1	1	1	0	1546.15980	1524.73550	1529.02299
28.659713	1	1	1	0	1546.16427	1524.73550	1529.02489
28.679713	1	1	1	0	1546.15825	1524.73550	1529.02698
28.699712	1	1	1	0	1546.16038	1524.73815	1529.02698
28.719712	1	1	1	0	1546.16485	1524.73550	1529.02888
28.739712	1	1	1	0	1546.16194	1524.73664	1529.02508
28.759712	1	1	1	0	1546.16272	1524.73456	1529.02299
28.779712	1	1	1	0	1546.16699	1524.73550	1529.02698
28.799711	1	1	1	0	1546.16038	1524.73550	1529.02888
28.819711	1	1	1	0	1546.16427	1524.73550	1529.02489
28.839711	1	1	1	0	1546.16038	1524.73739	1529.02508
28.859711	1	1	1	0	1546.15319	1524.73928	1529.02508
28.879711	1	1	1	0	1546.15825	1524.73531	1529.02888
28.899711	1	1	1	0	1546.15533	1524.73550	1529.02508
28.919710	1	1	1	0	1546.16194	1524.73626	1529.02888
28.939710	1	1	1	0	1546.16272	1524.73626	1529.02489
28.959710	1	1	1	0	1546.16038	1524.73626	1529.02489
28.979710	1	1	1	0	1546.15825	1524.73739	1529.02508
28.999710	1	1	1	0	1546.16272	1524.73739	1529.02698
29.019709	1	1	1	0	1546.16583	1524.73475	1529.02698
29.039709	1	1	1	0	1546.15883	1524.73267	1529.02299
29.059709	1	1	1	0	1546.15377	1524.73550	1529.02508
29.079709	1	1	1	0	1546.16699	1524.73361	1529.02489
29.099709	1	1	1	0	1546.15980	1524.73361	1529.02698
29.119708	1	1	1	0	1546.16038	1524.73815	1529.02318
29.139708	1	1	1	0	1546.16194	1524.73739	1529.02318
29.159708	1	1	1	0	1546.16641	1524.73664	1529.02508
29.179708	1	1	1	0	1546.16699	1524.73626	1529.02698
29.199708	1	1	1	0	1546.15883	1524.73928	1529.02888
29.219707	1	1	1	0	1546.15261	1524.73626	1529.02527
29.239707	1	1	1	0	1546.15980	1524.73626	1529.02698
29.259707	1	1	1	0	1546.15766	1524.73550	1529.02508
29.279706	1	1	1	0	1546.16427	1524.73664	1529.02508
29.299706	1	1	1	0	1546.16194	1524.73550	1529.02698
29.319706	1	1	1	0	1546.14658	1524.73626	1529.02508
29.339706	1	1	1	0	1546.15980	1524.73474	1529.02508
29.359706	1	1	1	0	1546.16641	1524.73550	1529.02318
29.379705	1	1	1	0	1546.16699	1524.73456	1529.02698
29.399705	1	1	1	0	1546.15533	1524.73361	1529.02698
29.419705	1	1	1	0	1546.16641	1524.73550	1529.02698
29.439705	1	1	1	0	1546.16874	1524.73550	1529.02698
29.459705	1	1	1	0	1546.16641	1524.73739	1529.02698
29.479705	1	1	1	0	1546.15610	1524.73474	1529.02508
29.499704	1	1	1	0	1546.16932	1524.73550	1529.02489
29.519704	1	1	1	0	1546.16038	1524.73550	1529.02299
29.539704	1	1	1	0	1546.15980	1524.73456	1529.02508
29.559704	1	1	1	0	1546.16038	1524.73474	1529.02489
29.579704	1	1	1	0	1546.15766	1524.73550	1529.02489
29.599703	1	1	1	0	1546.15766	1524.73664	1529.02318
29.619703	1	1	1	0	1546.16699	1524.73361	1529.02508
29.639703	1	1	1	0	1546.16271	1524.73361	1529.02299
29.659703	1	1	1	0	1546.16038	1524.73739	1529.02698
29.679703	1	1	1	0	1546.16271	1524.73739	1529.02698
29.699703	1	1	1	0	1546.15610	1524.73815	1529.02299
29.719702	1	1	1	0	1546.16271	1524.73739	1529.02508
29.739702	1	1	1	0	1546.15766	1524.73550	1529.02679
29.759702	1	1	1	0	1546.16135	1524.73531	1529.02299
29.779702	1	1	1	0	1546.15319	1524.73550	1529.02888
29.799701	1	1	1	0	1546.16427	1524.73739	1529.02698
29.819701	1	1	1	0	1546.16038	1524.73474	1529.02508
29.839701	1	1	1	0	1546.16194	1524.73361	1529.02698
29.859701	1	1	1	0	1546.16038	1524.73626	1529.02888
29.879701	1	1	1	0	1546.16038	1524.73626	1529.02698
29.899700	1	1	1	0	1546.16038	1524.73550	1529.02698
29.919700	1	1	1	0	1546.16699	1524.73664	1529.02508
29.939700	1	1	1	0	1546.15766	1524.73550	1529.02698
29.959700	1	1	1	0	1546.16641	1524.73626	1529.02508
29.979700	1	1	1	0	1546.15980	1524.73739	1529.02508
29.999699	1	1	1	0	1546.16485	1524.73550	1529.02318
30.019699	1	1	1	0	1546.16641	1524.73550	1529.02489
30.039699	1	1	1	0	1546.16038	1524.73739	1529.02508
30.059699	1	1	1	0	1546.15610	1524.73342	1529.02698
30.079699	1	1	1	0	1546.16699	1524.73361	1529.02508
30.099698	1	1	1	0	1546.16038	1524.73550	1529.02508
30.119698	1	1	1	0	1546.16038	1524.73550	1529.02698
30.139698	1	1	1	0	1546.16485	1524.73550	1529.02299
30.159698	1	1	1	0	1546.15980	1524.73739	1529.02508
30.179698	1	1	1	0	1546.16427	1524.73626	1529.02888
30.199697	1	1	1	0	1546.16194	1524.73550	1529.02489
30.219697	1	1	1	0	1546.15533	1524.73361	1529.02489
30.239697	1	1	1	0	1546.16874	1524.73664	1529.02299
30.259697	1	1	1	0	1546.15980	1524.73664	1529.02318
30.279697	1	1	1	0	1546.16194	1524.73456	1529.02508
30.299696	1	1	1	0	1546.16932	1524.73361	1529.02299
30.319696	1	1	1	0	1546.16271	1524.73739	1529.02508
30.339696	1	1	1	0	1546.16641	1524.73664	1529.02698
30.359696	1	1	1	0	1546.16038	1524.73456	1529.02508
30.379696	1	1	1	0	1546.16874	1524.73550	1529.02907
30.399695	1	1	1	0	1546.15163	1524.73664	1529.02888
30.419695	1	1	1	0	1546.15610	1524.73550	1529.02508
30.439695	1	1	1	0	1546.16194	1524.73626	1529.02318
30.459695	1	1	1	0	1546.15824	1524.73456	1529.02299
30.479695	1	1	1	0	1546.15824	1524.73550	1529.02698
30.499694	1	1	1	0	1546.16194	1524.73626	1529.02717
30.519694	1	1	1	0	1546.15766	1524.73550	1529.02508
30.539694	1	1	1	0	1546.15377	1524.73550	1529.02698
30.559694	1	1	1	0	1546.15980	1524.73739	1529.02508
30.579694	1	1	1	0	1546.16485	1524.73286	1529.02508
30.599693	1	1	1	0	1546.16485	1524.73739	1529.03097
30.619693	1	1	1	0	1546.16485	1524.73664	1529.02698
30.639693	1	1	1	0	1546.15824	1524.73550	1529.02508
30.659693	1	1	1	0	1546.15824	1524.73550	1529.02508
30.679693	1	1	1	0	1546.16271	1524.73550	1529.02888
30.699692	1	1	1	0	1546.16271	1524.73739	1529.02489
30.719692	1	1	1	0	1546.16194	1524.73739	1529.02489
30.739692	1	1	1	0	1546.15980	1524.73361	1529.02299
30.759692	1	1	1	0	1546.16427	1524.73550	1529.02717
30.779691	1	1	1	0	1546.15766	1524.73456	1529.02508
30.799691	1	1	1	0	1546.15980	1524.73664	1529.02698
30.819691	1	1	1	0	1546.15766	1524.73550	1529.02508
30.839691	1	1	1	0	1546.16038	1524.73361	1529.02698
30.859691	1	1	1	0	1546.16427	1524.73550	1529.02508
30.879691	1	1	1	0	1546.15825	1524.73664	1529.02717
30.899690	1	1	1	0	1546.15922	1524.73739	1529.02318
30.919690	1	1	1	0	1546.15883	1524.73664	1529.02299
30.939690	1	1	1	0	1546.16641	1524.73626	1529.02888
30.959690	1	1	1	0	1546.15611	1524.73664	1529.02299
30.979690	1	1	1	0	1546.16038	1524.73664	1529.02698
30.999689	1	1	1	0	1546.15319	1524.73626	1529.02318
31.019689	1	1	1	0	1546.16272	1524.73815	1529.02508
31.039689	1	1	1	0	1546.16194	1524.73550	1529.02698
31.059689	1	1	1	0	1546.15980	1524.73626	1529.02888
31.079689	1	1	1	0	1546.16699	1524.73739	1529.02698
31.099689	1	1	1	0	1546.16485	1524.73739	1529.02299
31.119688	1	1	1	0	1546.16038	1524.73550	1529.02698
31.139688	1	1	1	0	1546.16641	1524.73664	1529.02698
31.159688	1	1	1	0	1546.16641	1524.73550	1529.02299
31.179688	1	1	1	0	1546.15533	1524.73626	1529.02698
31.199687	1	1	1	0	1546.15611	1524.73739	1529.02698
31.219687	1	1	1	0	1546.15883	1524.73739	1529.02508
31.239687	1	1	1	0	1546.16272	1524.73550	1529.02717
31.259687	1	1	1	0	1546.16194	1524.73664	1529.02698
31.279687	1	1	1	0	1546.16194	1524.73626	1529.02717
31.299686	1	1	1	0	1546.16485	1524.73361	1529.02698
31.319686	1	1	1	0	1546.15980	1524.73550	1529.02508
31.339686	1	1	1	0	1546.16427	1524.73550	1529.02698
31.359686	1	1	1	0	1546.16641	1524.73456	1529.02508
31.379686	1	1	1	0	1546.16699	1524.73475	1529.02508
31.399685	1	1	1	0	1546.16641	1524.73475	1529.02698
31.419685	1	1	1	0	1546.16194	1524.73550	1529.02698
31.439685	1	1	1	0	1546.16194	1524.73361	1529.02698
31.459685	1	1	1	0	1546.16038	1524.73475	1529.02698
31.479685	1	1	1	0	1546.15980	1524.73626	1529.02489
31.499685	1	1	1	0	1546.16485	1524.73550	1529.02508
31.519684	1	1	1	0	1546.15980	1524.73928	1529.02508
31.539684	1	1	1	0	1546.16038	1524.73739	1529.02508
31.559684	1	1	1	0	1546.16485	1524.73739	1529.02888
31.579684	1	1	1	0	1546.16699	1524.73475	1529.02489
31.599683	1	1	1	0	1546.15980	1524.73739	1529.02299
31.619683	1	1	1	0	1546.16194	1524.73267	1529.02698
31.639683	1	1	1	0	1546.16427	1524.73475	1529.02698
31.659683	1	1	1	0	1546.15825	1524.73267	1529.02698
31.679682	1	1	1	0	1546.15825	1524.73475	1529.03097
31.699682	1	1	1	0	1546.15163	1524.73550	1529.02717
31.719682	1	1	1	0	1546.16038	1524.73626	1529.02888
31.739682	1	1	1	0	1546.16485	1524.73550	1529.02508
31.759682	1	1	1	0	1546.16194	1524.73550	1529.02888
31.779682	1	1	1	0	1546.16272	1524.73664	1529.02299
31.799681	1	1	1	0	1546.16194	1524.73626	1529.02508
31.819681	1	1	1	0	1546.16932	1524.73456	1529.02698
31.839681	1	1	1	0	1546.16194	1524.73739	1529.02698
31.859681	1	1	1	0	1546.15825	1524.73456	1529.02508
31.879681	1	1	1	0	1546.15611	1524.73664	1529.02679
31.899680	1	1	1	0	1546.16272	1524.73664	1529.02698
31.919680	1	1	1	0	1546.16932	1524.73550	1529.02489
31.939680	1	1	1	0	1546.16194	1524.73456	1529.02888
31.959680	1	1	1	0	1546.15980	1524.73550	1529.02299
31.979680	1	1	1	0	1546.15766	1524.73550	1529.02508
31.999679	1	1	1	0	1546.16699	1524.73361	1529.02698
32.019679	1	1	1	0	1546.15377	1524.73456	1529.03097
32.039679	1	1	1	0	1546.15611	1524.73550	1529.02508
32.059679	1	1	1	0	1546.16038	1524.73456	1529.02508
32.079679	1	1	1	0	1546.16038	1524.73815	1529.02508
32.099679	1	1	1	0	1546.16194	1524.73361	1529.02489
32.119678	1	1	1	0	1546.16641	1524.73475	1529.02489
32.139678	1	1	1	0	1546.16699	1524.73739	1529.02508
32.159678	1	1	1	0	1546.15377	1524.73550	1529.02508
32.179677	1	1	1	0	1546.16485	1524.73739	1529.02698
32.199677	1	1	1	0	1546.15766	1524.73739	1529.02508
32.219677	1	1	1	0	1546.16272	1524.73739	1529.02508
32.239677	1	1	1	0	1546.16641	1524.73550	1529.02318
32.259677	1	1	1	0	1546.16038	1524.73815	1529.02508
32.279677	1	1	1	0	1546.16874	1524.73626	1529.02508
32.299676	1	1	1	0	1546.16272	1524.73342	1529.02508
32.319676	1	1	1	0	1546.16272	1524.73664	1529.02508
32.339676	1	1	1	0	1546.16427	1524.73475	1529.02698
32.359676	1	1	1	0	1546.16194	1524.73456	1529.02698
32.379676	1	1	1	0	1546.16641	1524.73456	1529.02508
32.399676	1	1	1	0	1546.16038	1524.73626	1529.02698
32.419675	1	1	1	0	1546.16272	1524.73361	1529.02508
32.439675	1	1	1	0	1546.15319	1524.73664	1529.02698
32.459675	1	1	1	0	1546.16699	1524.73267	1529.02698
32.479675	1	1	1	0	1546.15980	1524.73456	1529.02698
32.499674	1	1	1	0	1546.15163	1524.73550	1529.02698
32.519674	1	1	1	0	1546.16038	1524.73626	1529.02698
32.539674	1	1	1	0	1546.16194	1524.73739	1529.02508
32.559674	1	1	1	0	1546.16427	1524.73550	1529.02698
32.579674	1	1	1	0	1546.15766	1524.73361	1529.02508
32.599673	1	1	1	0	1546.16272	1524.73626	1529.02299
32.619673	1	1	1	0	1546.16194	1524.73361	1529.02318
32.639673	1	1	1	0	1546.16272	1524.73626	1529.03097
32.659673	1	1	1	0	1546.16038	1524.73550	1529.02508
32.679673	1	1	1	0	1546.16932	1524.73739	1529.02698
32.699672	1	1	1	0	1546.15980	1524.73475	1529.02888
32.719672	1	1	1	0	1546.16116	1524.73664	1529.02508
32.739672	1	1	1	0	1546.14503	1524.73550	1529.02489
32.759672	1	1	1	0	1546.15319	1524.73853	1529.02508
32.779672	1	1	1	0	1546.16874	1524.73550	1529.02698
32.799671	1	1	1	0	1546.16544	1524.73739	1529.02698
32.819671	1	1	1	0	1546.16038	1524.73626	1529.02698
32.839671	1	1	1	0	1546.16369	1524.73626	1529.02508
32.859671	1	1	1	0	1546.16427	1524.73361	1529.02508
32.879671	1	1	1	0	1546.16583	1524.73456	1529.02698
32.899670	1	1	1	0	1546.16427	1524.73550	1529.02508
32.919670	1	1	1	0	1546.16272	1524.73456	1529.02698
32.939670	1	1	1	0	1546.15611	1524.73361	1529.02698
32.959670	1	1	1	0	1546.15377	1524.73664	1529.02698
32.979670	1	1	1	0	1546.16194	1524.73456	1529.02698
32.999669	1	1	1	0	1546.16427	1524.73739	1529.02888
33.019669	1	1	1	0	1546.16796	1524.73739	1529.02489
33.039669	1	1	1	0	1546.16641	1524.73550	1529.02508
33.059669	1	1	1	0	1546.16194	1524.73550	1529.02508
33.079669	1	1	1	0	1546.15980	1524.73626	1529.02508
33.099668	1	1	1	0	1546.15825	1524.73550	1529.02508
33.119668	1	1	1	0	1546.15533	1524.73475	1529.02698
33.139668	1	1	1	0	1546.15883	1524.73550	1529.02717
33.159668	1	1	1	0	1546.16932	1524.73550	1529.02318
33.179668	1	1	1	0	1546.16194	1524.73550	1529.02508
33.199667	1	1	1	0	1546.16427	1524.73550	1529.02489
33.219667	1	1	1	0	1546.17302	1524.73815	1529.02508
33.239667	1	1	1	0	1546.15980	1524.73361	1529.02299
33.259667	1	1	1	0	1546.16427	1524.73475	1529.02299
33.279666	1	1	1	0	1546.15825	1524.73853	1529.02508
33.299666	1	1	1	0	1546.16272	1524.73475	1529.02698
33.319666	1	1	1	0	1546.16699	1524.73626	1529.02698
33.339666	1	1	1	0	1546.16486	1524.73550	1529.02508
33.359666	1	1	1	0	1546.16330	1524.73550	1529.02508
33.379666	1	1	1	0	1546.16272	1524.73191	1529.02318
33.399665	1	1	1	0	1546.16136	1524.73550	1529.02508
33.419665	1	1	1	0	1546.15980	1524.73740	1529.02698
33.439665	1	1	1	0	1546.16194	1524.73626	1529.02718
33.459665	1	1	1	0	1546.15533	1524.73550	1529.02698
33.479665	1	1	1	0	1546.15883	1524.73550	1529.02698
33.499664	1	1	1	0	1546.16038	1524.73626	1529.02318
33.519664	1	1	1	0	1546.17146	1524.73475	1529.02698
33.539664	1	1	1	0	1546.16272	1524.73550	1529.02508
33.559664	1	1	1	0	1546.15883	1524.73267	1529.02508
33.579664	1	1	1	0	1546.16038	1524.73550	1529.02679
33.599663	1	1	1	0	1546.16874	1524.73740	1529.02508
33.619663	1	1	1	0	1546.15980	1524.73362	1529.02889
33.639663	1	1	1	0	1546.15825	1524.73626	1529.02698
33.659663	1	1	1	0	1546.15980	1524.73550	1529.02508
33.679662	1	1	1	0	1546.16874	1524.73550	1529.02698
33.699662	1	1	1	0	1546.16272	1524.73550	1529.02508
33.719662	1	1	1	0	1546.16194	1524.73475	1529.02698
33.739662	1	1	1	0	1546.16641	1524.73267	1529.02698
33.759662	1	1	1	0	1546.16427	1524.73362	1529.02698
33.779662	1	1	1	0	1546.16194	1524.73550	1529.02508
33.799661	1	1	1	0	1546.18254	1524.73550	1529.02889
33.819661	1	1	1	0	1546.16641	1524.73664	1529.02508
33.839661	1	1	1	0	1546.16038	1524.73550	1529.02299
33.859661	1	1	1	0	1546.16486	1524.73456	1529.02698
33.879661	1	1	1	0	1546.16194	1524.73343	1529.02508
33.899660	1	1	1	0	1546.16427	1524.73550	1529.02698
33.919660	1	1	1	0	1546.15533	1524.73456	1529.02698
33.939660	1	1	1	0	1546.16427	1524.73475	1529.02489
33.959660	1	1	1	0	1546.15825	1524.73740	1529.02698
33.979660	1	1	1	0	1546.15241	1524.73626	1529.02698
33.999659	1	1	1	0	1546.17146	1524.73664	1529.02508
34.019659	1	1	1	0	1546.16699	1524.73362	1529.02508
34.039659	1	1	1	0	1546.16272	1524.73929	1529.02698
34.059659	1	1	1	0	1546.16641	1524.73740	1529.02698
34.079659	1	1	1	0	1546.16194	1524.73475	1529.02508
34.099658	1	1	1	0	1546.15825	1524.73362	1529.02299
34.119658	1	1	1	0	1546.16194	1524.73286	1529.02699
34.139658	1	1	1	0	1546.16699	1524.73551	1529.02509
34.159658	1	1	1	0	1546.15611	1524.73362	1529.02699
34.179657	1	1	1	0	1546.16933	1524.73626	1529.02490
34.199657	1	1	1	0	1546.15980	1524.73929	1529.02699
34.219657	1	1	1	0	1546.15767	1524.73475	1529.02509
34.239657	1	1	1	0	1546.16427	1524.73551	1529.02699
34.259657	1	1	1	0	1546.16699	1524.73740	1529.02699
34.279657	1	1	1	0	1546.15319	1524.73664	1529.02490
34.299656	1	1	1	0	1546.14872	1524.73626	1529.02718
34.319656	1	1	1	0	1546.16194	1524.73626	1529.02509
34.339656	1	1	1	0	1546.16486	1524.73626	1529.02699
34.359656	1	1	1	0	1546.15980	1524.73362	1529.02699
34.379656	1	1	1	0	1546.16272	1524.73551	1529.02299
34.399655	1	1	1	0	1546.16427	1524.73551	1529.02509
34.419655	1	1	1	0	1546.16194	1524.73740	1529.02908
34.439655	1	1	1	0	1546.15980	1524.73551	1529.02509
34.459655	1	1	1	0	1546.16641	1524.73551	1529.02509
34.479655	1	1	1	0	1546.15825	1524.73551	1529.02699
34.499654	1	1	1	0	1546.16486	1524.73456	1529.02699
34.519654	1	1	1	0	1546.15106	1524.73456	1529.02699
34.539654	1	1	1	0	1546.15825	1524.73456	1529.02299
34.559655	1	1	1	0	1546.15980	1524.73551	1529.02319
34.579654	1	1	1	0	1546.16486	1524.73475	1529.02699
34.599653	1	1	1	0	1546.16194	1524.73664	1529.02699
34.619653	1	1	1	0	1546.15825	1524.73815	1529.02699
34.639653	1	1	1	0	1546.15611	1524.73456	1529.02699
34.659653	1	1	1	0	1546.16194	1524.73664	1529.02509
34.679652	1	1	1	0	1546.15825	1524.73626	1529.02319
34.699652	1	1	1	0	1546.15767	1524.73551	1529.02699
34.719652	1	1	1	0	1546.16194	1524.73362	1529.02490
34.739652	1	1	1	0	1546.16699	1524.73456	1529.02319
34.759652	1	1	1	0	1546.16641	1524.73626	1529.02699
34.779652	1	1	1	0	1546.16874	1524.73740	1529.02490
34.799651	1	1	1	0	1546.15319	1524.73740	1529.02699
34.819651	1	1	1	0	1546.16874	1524.73626	1529.02490
34.839651	1	1	1	0	1546.16427	1524.73551	1529.02299
34.859651	1	1	1	0	1546.15611	1524.73815	1529.02699
34.879650	1	1	1	0	1546.16641	1524.73267	1529.02299
34.899650	1	1	1	0	1546.16699	1524.73286	1529.02699
34.919650	1	1	1	0	1546.16194	1524.73740	1529.02508
34.939650	1	1	1	0	1546.15533	1524.73550	1529.02679
34.959650	1	1	1	0	1546.16272	1524.73456	1529.02698
34.979650	1	1	1	0	1546.16641	1524.73362	1529.02698
34.999649	1	1	1	0	1546.16194	1524.73456	1529.02698
35.019649	1	1	1	0	1546.15980	1524.73362	1529.02698
35.039649	1	1	1	0	1546.16486	1524.73740	1529.02508
35.059649	1	1	1	0	1546.16641	1524.73550	1529.02508
35.079648	1	1	1	0	1546.16486	1524.73740	1529.02508
35.099648	1	1	1	0	1546.15980	1524.73664	1529.02698
35.119648	1	1	1	0	1546.16272	1524.73550	1529.02698
35.139648	1	1	1	0	1546.16038	1524.73456	1529.02508
35.159648	1	1	1	0	1546.16194	1524.73550	1529.02508
35.179647	1	1	1	0	1546.16038	1524.73286	1529.02508
35.199647	1	1	1	0	1546.16038	1524.73362	1529.02109
35.219647	1	1	1	0	1546.16369	1524.73626	1529.02889
35.239647	1	1	1	0	1546.15825	1524.73550	1529.02889
35.259647	1	1	1	0	1546.15611	1524.73456	1529.02870
35.279647	1	1	1	0	1546.15378	1524.73362	1529.02508
35.299646	1	1	1	0	1546.15980	1524.73475	1529.02889
35.319646	1	1	1	0	1546.16369	1524.73626	1529.02698
35.339646	1	1	1	0	1546.16583	1524.73362	1529.02508
35.359646	1	1	1	0	1546.16194	1524.73664	1529.02718
35.379646	1	1	1	0	1546.15319	1524.73456	1529.02889
35.399645	1	1	1	0	1546.15164	1524.73475	1529.02489
35.419645	1	1	1	0	1546.15980	1524.73664	1529.02889
35.439645	1	1	1	0	1546.15319	1524.73929	1529.02698
35.459645	1	1	1	0	1546.16038	1524.73475	1529.02698
35.479645	1	1	1	0	1546.16272	1524.73286	1529.02718
35.499644	1	1	1	0	1546.16583	1524.73853	1529.02698
35.519644	1	1	1	0	1546.15611	1524.73740	1529.02889
35.539644	1	1	1	0	1546.15611	1524.73626	1529.02508
35.559644	1	1	1	0	1546.15825	1524.73550	1529.02508
35.579643	1	1	1	0	1546.15533	1524.73664	1529.02698
35.599643	1	1	1	0	1546.15669	1524.73550	1529.02698
35.619643	1	1	1	0	1546.15533	1524.73550	1529.02698
35.639643	1	1	1	0	1546.16272	1524.73740	1529.02698
35.659643	1	1	1	0	1546.16272	1524.73286	1529.02698
35.679642	1	1	1	0	1546.16194	1524.73456	1529.02698
35.699642	1	1	1	0	1546.16874	1524.73550	1529.02698
35.719642	1	1	1	0	1546.15825	1524.73626	1529.02489
35.739642	1	1	1	0	1546.16194	1524.73550	1529.02698
35.759642	1	1	1	0	1546.16427	1524.73456	1529.02489
35.779642	1	1	1	0	1546.15825	1524.73475	1529.02698
35.799641	1	1	1	0	1546.16486	1524.73550	1529.02698
35.819641	1	1	1	0	1546.15766	1524.73550	1529.02718
35.839641	1	1	1	0	1546.15825	1524.73550	1529.02508
35.859641	1	1	1	0	1546.16038	1524.73626	1529.02508
35.879641	1	1	1	0	1546.16486	1524.73550	1529.02508
35.899640	1	1	1	0	1546.16486	1524.73664	1529.02318
35.919640	1	1	1	0	1546.16194	1524.73853	1529.02698
35.939640	1	1	1	0	1546.16486	1524.73362	1529.02508
35.959640	1	1	1	0	1546.16486	1524.73664	1529.02698
35.979640	1	1	1	0	1546.16933	1524.73550	1529.02489
35.999639	1	1	1	0	1546.16699	1524.73550	1529.02508
36.019639	1	1	1	0	1546.16641	1524.73456	1529.02718
36.039639	1	1	1	0	1546.15319	1524.73550	1529.02508
36.059639	1	1	1	0	1546.15766	1524.73362	1529.02508
36.079638	1	1	1	0	1546.16699	1524.73550	1529.02889
36.099638	1	1	1	0	1546.15378	1524.73362	1529.02698
36.119638	1	1	1	0	1546.15319	1524.73456	1529.02318
36.139638	1	1	1	0	1546.16486	1524.73664	1529.02508
36.159638	1	1	1	0	1546.16038	1524.73664	1529.02698
36.179637	1	1	1	0	1546.15611	1524.73456	1529.02698
36.199637	1	1	1	0	1546.15980	1524.73456	1529.02508
36.219637	1	1	1	0	1546.17088	1524.73815	1529.02508
36.239637	1	1	1	0	1546.16486	1524.73626	1529.02508
36.259637	1	1	1	0	1546.15319	1524.73362	1529.02889
36.279636	1	1	1	0	1546.15319	1524.73626	1529.02508
36.299636	1	1	1	0	1546.16427	1524.73456	1529.02698
36.319636	1	1	1	0	1546.16330	1524.73626	1529.02508
36.339636	1	1	1	0	1546.16641	1524.73550	1529.02698
36.359636	1	1	1	0	1546.16038	1524.73475	1529.03079
36.379636	1	1	1	0	1546.16427	1524.73740	1529.02698
36.399635	1	1	1	0	1546.16272	1524.73626	1529.02698
36.419635	1	1	1	0	1546.16194	1524.73664	1529.02698
36.439635	1	1	1	0	1546.15825	1524.73664	1529.02698
36.459635	1	1	1	0	1546.15533	1524.73626	1529.02698
36.479635	1	1	1	0	1546.16272	1524.73550	1529.02299
36.499634	1	1	1	0	1546.16272	1524.73550	1529.02508
36.519634	1	1	1	0	1546.16038	1524.73550	1529.02698
36.539634	1	1	1	0	1546.16427	1524.73626	1529.02698
36.559634	1	1	1	0	1546.16699	1524.73456	1529.02508
36.579633	1	1	1	0	1546.15922	1524.73456	1529.02698
36.599633	1	1	1	0	1546.16272	1524.73362	1529.03079
36.619633	1	1	1	0	1546.16427	1524.73362	1529.02698
36.639633	1	1	1	0	1546.16427	1524.73362	1529.02698
36.659633	1	1	1	0	1546.15611	1524.73550	1529.02318
36.679632	1	1	1	0	1546.16272	1524.73475	1529.02508
36.699632	1	1	1	0	1546.17146	1524.73550	1529.02508
36.719632	1	1	1	0	1546.16699	1524.73362	1529.02698
36.739632	1	1	1	0	1546.16699	1524.73362	1529.02698
36.759632	1	1	1	0	1546.16194	1524.73475	1529.02698
36.779632	1	1	1	0	1546.15825	1524.73626	1529.02718
36.799631	1	1	1	0	1546.16272	1524.73456	1529.02508
36.819631	1	1	1	0	1546.15766	1524.73626	1529.02508
36.839631	1	1	1	0	1546.16194	1524.73362	1529.02318
36.859631	1	1	1	0	1546.15611	1524.73550	1529.02698
36.879631	1	1	1	0	1546.16038	1524.73362	1529.02508
36.899630	1	1	1	0	1546.15766	1524.73267	1529.02718
36.919630	1	1	1	0	1546.16486	1524.73456	1529.02508
36.939630	1	1	1	0	1546.15766	1524.73626	1529.02698
36.959630	1	1	1	0	1546.15980	1524.73550	1529.02508
36.979630	1	1	1	0	1546.15766	1524.73626	1529.02698
36.999629	1	1	1	0	1546.15980	1524.73456	1529.02698
37.019629	1	1	1	0	1546.16427	1524.73475	1529.02889
37.039629	1	1	1	0	1546.15378	1524.73456	1529.02698
37.059629	1	1	1	0	1546.15766	1524.73664	1529.02508
37.079628	1	1	1	0	1546.16194	1524.73740	1529.02508
37.099629	1	1	1	0	1546.15922	1524.73362	1529.02718
37.119628	1	1	1	0	1546.16427	1524.73456	1529.02508
37.139628	1	1	1	0	1546.17146	1524.73456	1529.02698
37.159628	1	1	1	0	1546.16486	1524.73740	1529.02508
37.179627	1	1	1	0	1546.15980	1524.73362	1529.02698
37.199627	1	1	1	0	1546.16272	1524.73740	1529.02508
37.219627	1	1	1	0	1546.16427	1524.73550	1529.02508
37.239627	1	1	1	0	1546.15378	1524.73550	1529.02508
37.259627	1	1	1	0	1546.15766	1524.73740	1529.02718
37.279626	1	1	1	0	1546.16486	1524.73550	1529.02508
37.299626	1	1	1	0	1546.16486	1524.73362	1529.02698
37.319626	1	1	1	0	1546.16427	1524.73626	1529.02318
37.339626	1	1	1	0	1546.16272	1524.73362	1529.02889
37.359626	1	1	1	0	1546.16486	1524.73362	1529.02698
37.379626	1	1	1	0	1546.16194	1524.73550	1529.02698
37.399625	1	1	1	0	1546.16427	1524.73191	1529.02318
37.419625	1	1	1	0	1546.16427	1524.73550	1529.02508
37.439625	1	1	1	0	1546.16135	1524.73361	1529.02508
37.459625	1	1	1	0	1546.16427	1524.73739	1529.02508
37.479625	1	1	1	0	1546.15611	1524.73456	1529.02508
37.499624	1	1	1	0	1546.16427	1524.73550	1529.02698
37.519624	1	1	1	0	1546.15980	1524.73475	1529.02698
37.539624	1	1	1	0	1546.16932	1524.73456	1529.02698
37.559624	1	1	1	0	1546.16583	1524.73664	1529.02318
37.579623	1	1	1	0	1546.15980	1524.73550	1529.02508
37.599623	1	1	1	0	1546.16874	1524.73550	1529.02508
37.619623	1	1	1	0	1546.16485	1524.73550	1529.02888
37.639623	1	1	1	0	1546.16038	1524.73456	1529.02698
37.659623	1	1	1	0	1546.16272	1524.73399	1529.02508
37.679622	1	1	1	0	1546.15980	1524.73550	1529.03097
37.699622	1	1	1	0	1546.16194	1524.73550	1529.02698
37.719622	1	1	1	0	1546.15980	1524.73664	1529.02508
37.739622	1	1	1	0	1546.15766	1524.73550	1529.02109
37.759622	1	1	1	0	1546.15319	1524.73739	1529.02698
37.779622	1	1	1	0	1546.15883	1524.73626	1529.02698
37.799621	1	1	1	0	1546.15105	1524.73626	1529.02489
37.819621	1	1	1	0	1546.16641	1524.73550	1529.02508
37.839621	1	1	1	0	1546.15533	1524.73626	1529.02888
37.859621	1	1	1	0	1546.15980	1524.73475	1529.02508
37.879621	1	1	1	0	1546.15825	1524.73361	1529.02888
37.899620	1	1	1	0	1546.16641	1524.73626	1529.02698
37.919620	1	1	1	0	1546.15611	1524.73475	1529.02698
37.939620	1	1	1	0	1546.16038	1524.73626	1529.02318
37.959620	1	1	1	0	1546.16038	1524.73550	1529.02888
37.979620	1	1	1	0	1546.16194	1524.73456	1529.03078
37.999619	1	1	1	0	1546.16699	1524.73475	1529.02698
38.019619	1	1	1	0	1546.16272	1524.73550	1529.02299
38.039619	1	1	1	0	1546.15533	1524.73550	1529.02698
38.059619	1	1	1	0	1546.15825	1524.73361	1529.02508
38.079618	1	1	1	0	1546.16583	1524.73550	1529.02698
38.099618	1	1	1	0	1546.16272	1524.73664	1529.02698
38.119618	1	1	1	0	1546.16194	1524.73361	1529.02508
38.139618	1	1	1	0	1546.15980	1524.73550	1529.02508
38.159618	1	1	1	0	1546.15825	1524.73739	1529.02907
38.179617	1	1	1	0	1546.16330	1524.73626	1529.02698
38.199617	1	1	1	0	1546.16330	1524.73399	1529.02508
38.219617	1	1	1	0	1546.16543	1524.73361	1529.02698
38.239617	1	1	1	0	1546.16194	1524.73550	1529.02698
38.259617	1	1	1	0	1546.16699	1524.73361	1529.02508
38.279616	1	1	1	0	1546.15474	1524.73550	1529.02888
38.299616	1	1	1	0	1546.15766	1524.73550	1529.02489
38.319616	1	1	1	0	1546.15533	1524.73550	1529.02508
38.339616	1	1	1	0	1546.15766	1524.73739	1529.02698
38.359616	1	1	1	0	1546.15377	1524.73456	1529.02318
38.379616	1	1	1	0	1546.16271	1524.73664	1529.02698
38.399615	1	1	1	0	1546.16271	1524.73550	1529.02698
38.419615	1	1	1	0	1546.15980	1524.73361	1529.02508
38.439615	1	1	1	0	1546.15163	1524.73739	1529.02508
38.459615	1	1	1	0	1546.15980	1524.73550	1529.02698
38.479614	1	1	1	0	1546.16194	1524.73626	1529.02698
38.499614	1	1	1	0	1546.16699	1524.73474	1529.02508
38.519614	1	1	1	0	1546.15319	1524.73550	1529.02717
38.539614	1	1	1	0	1546.16038	1524.73474	1529.02698
38.559614	1	1	1	0	1546.16038	1524.73361	1529.02318
38.579613	1	1	1	0	1546.16135	1524.73550	1529.02508
38.599613	1	1	1	0	1546.14736	1524.73550	1529.02489
38.619613	1	1	1	0	1546.15261	1524.73456	1529.02698
38.639613	1	1	1	0	1546.16427	1524.73739	1529.02508
38.659613	1	1	1	0	1546.16271	1524.73361	1529.02698
38.679613	1	1	1	0	1546.16427	1524.73550	1529.02508
38.699612	1	1	1	0	1546.16038	1524.73550	1529.02508
38.719612	1	1	1	0	1546.16641	1524.73550	1529.02508
38.739612	1	1	1	0	1546.16038	1524.73626	1529.02888
38.759612	1	1	1	0	1546.16641	1524.73550	1529.02888
38.779612	1	1	1	0	1546.16641	1524.73361	1529.03078
38.799611	1	1	1	0	1546.15533	1524.73361	1529.02299
38.819611	1	1	1	0	1546.17146	1524.73550	1529.02698
38.839611	1	1	1	0	1546.16427	1524.73550	1529.02508
38.859611	1	1	1	0	1546.15533	1524.73456	1529.02489
38.879611	1	1	1	0	1546.16641	1524.73361	1529.02508
38.899610	1	1	1	0	1546.16485	1524.73286	1529.02489
38.919610	1	1	1	0	1546.15319	1524.73739	1529.02508
38.939610	1	1	1	0	1546.16271	1524.73550	1529.02508
38.959610	1	1	1	0	1546.16116	1524.73456	1529.02527
38.979609	1	1	1	0	1546.15766	1524.73550	1529.02508
38.999609	1	1	1	0	1546.15163	1524.73550	1529.02508
39.019609	1	1	1	0	1546.16874	1524.73456	1529.02508
39.039609	1	1	1	0	1546.16135	1524.73474	1529.02508
39.059609	1	1	1	0	1546.15766	1524.73474	1529.02888
39.079608	1	1	1	0	1546.16641	1524.73550	1529.02508
39.099608	1	1	1	0	1546.16485	1524.73361	1529.02698
39.119608	1	1	1	0	1546.16194	1524.73550	1529.02508
39.139608	1	1	1	0	1546.15474	1524.73626	1529.02698
39.159608	1	1	1	0	1546.16194	1524.73664	1529.02717
39.179608	1	1	1	0	1546.16427	1524.73626	1529.02508
39.199607	1	1	1	0	1546.16271	1524.73191	1529.02508
39.219607	1	1	1	0	1546.16038	1524.73361	1529.02888
39.239607	1	1	1	0	1546.15980	1524.73361	1529.02508
39.259607	1	1	1	0	1546.15824	1524.73550	1529.02698
39.279606	1	1	1	0	1546.16485	1524.73550	1529.02508
39.299606	1	1	1	0	1546.16699	1524.73664	1529.02698
39.319606	1	1	1	0	1546.16699	1524.73474	1529.02698
39.339606	1	1	1	0	1546.15824	1524.73550	1529.02698
39.359606	1	1	1	0	1546.15377	1524.73550	1529.02717
39.379606	1	1	1	0	1546.15766	1524.73739	1529.02698
39.399605	1	1	1	0	1546.16271	1524.73550	1529.02318
39.419605	1	1	1	0	1546.15824	1524.73550	1529.02508
39.439605	1	1	1	0	1546.15980	1524.73474	1529.02698
39.459605	1	1	1	0	1546.15980	1524.73550	1529.02888
39.479604	1	1	1	0	1546.17088	1524.73474	1529.02698
39.499604	1	1	1	0	1546.16427	1524.73474	1529.02698
39.519604	1	1	1	0	1546.16271	1524.73550	1529.02508
39.539604	1	1	1	0	1546.16194	1524.73456	1529.02299
39.559604	1	1	1	0	1546.15610	1524.73550	1529.02318
39.579603	1	1	1	0	1546.16427	1524.73456	1529.02698
39.599603	1	1	1	0	1546.16038	1524.73664	1529.02489
39.619603	1	1	1	0	1546.16699	1524.73550	1529.02489
39.639603	1	1	1	0	1546.16485	1524.73550	1529.02508
39.659603	1	1	1	0	1546.16427	1524.73456	1529.02698
39.679602	1	1	1	0	1546.16194	1524.73474	1529.02698
39.699602	1	1	1	0	1546.16874	1524.73815	1529.02508
39.719602	1	1	1	0	1546.16699	1524.73361	1529.02508
39.739602	1	1	1	0	1546.16427	1524.73664	1529.02508
39.759602	1	1	1	0	1546.15980	1524.73550	1529.02508
39.779602	1	1	1	0	1546.16038	1524.73664	1529.02698
39.799601	1	1	1	0	1546.16699	1524.73626	1529.02489
39.819601	1	1	1	0	1546.16038	1524.73588	1529.02698
39.839601	1	1	1	0	1546.15163	1524.73191	1529.02299
39.859601	1	1	1	0	1546.15105	1524.73286	1529.02698
39.879600	1	1	1	0	1546.15669	1524.73550	1529.02508
39.899600	1	1	1	0	1546.16932	1524.73550	1529.02698
39.919600	1	1	1	0	1546.16194	1524.73550	1529.02698
39.939600	1	1	1	0	1546.16699	1524.73550	1529.02717
39.959599	1	1	1	0	1546.15980	1524.73550	1529.02698
39.979599	1	1	1	0	1546.15319	1524.73550	1529.02508
39.999599	1	1	1	0	1546.15319	1524.73550	1529.02489
40.019599	1	1	1	0	1546.15611	1524.73626	1529.02698
40.039599	1	1	1	0	1546.16427	1524.73664	1529.02698
40.059599	1	1	1	0	1546.16641	1524.73739	1529.02888
40.079598	1	1	1	0	1546.15611	1524.73626	1529.02508
40.099598	1	1	1	0	1546.15766	1524.73664	1529.02698
40.119598	1	1	1	0	1546.15825	1524.73456	1529.02318
40.139598	1	1	1	0	1546.15766	1524.73475	1529.02508
40.159598	1	1	1	0	1546.15766	1524.73550	1529.02299
40.179598	1	1	1	0	1546.16194	1524.73550	1529.02888
40.199597	1	1	1	0	1546.15766	1524.73456	1529.02717
40.219597	1	1	1	0	1546.16194	1524.73626	1529.02508
40.239597	1	1	1	0	1546.15825	1524.73456	1529.03078
40.259597	1	1	1	0	1546.16485	1524.73361	1529.02698
40.279596	1	1	1	0	1546.15766	1524.73361	1529.02508
40.299597	1	1	1	0	1546.16194	1524.73739	1529.02508
40.319596	1	1	1	0	1546.16272	1524.73739	1529.02698
40.339596	1	1	1	0	1546.15980	1524.73550	1529.02698
40.359596	1	1	1	0	1546.15377	1524.73456	1529.02888
40.379595	1	1	1	0	1546.15825	1524.73739	1529.02508
40.399595	1	1	1	0	1546.16135	1524.73361	1529.02698
40.419595	1	1	1	0	1546.16038	1524.73475	1529.02508
40.439595	1	1	1	0	1546.15980	1524.73475	1529.02698
40.459594	1	1	1	0	1546.16485	1524.73664	1529.02698
40.479594	1	1	1	0	1546.16641	1524.73550	1529.02698
40.499594	1	1	1	0	1546.16427	1524.73626	1529.02318
40.519594	1	1	1	0	1546.16038	1524.73456	1529.02489
40.539594	1	1	1	0	1546.16194	1524.73475	1529.02508
40.559594	1	1	1	0	1546.15980	1524.73739	1529.02698
40.579593	1	1	1	0	1546.15980	1524.73550	1529.02508
40.599593	1	1	1	0	1546.16194	1524.73550	1529.02888
40.619593	1	1	1	0	1546.16427	1524.73361	1529.02698
40.639593	1	1	1	0	1546.16194	1524.73664	1529.02698
40.659593	1	1	1	0	1546.16194	1524.73664	1529.02508
40.679592	1	1	1	0	1546.15766	1524.73191	1529.02489
40.699592	1	1	1	0	1546.15980	1524.73550	1529.02889
40.719592	1	1	1	0	1546.16583	1524.73626	1529.02889
40.739592	1	1	1	0	1546.15980	1524.73626	1529.02489
40.759592	1	1	1	0	1546.16874	1524.73550	1529.02889
40.779592	1	1	1	0	1546.17088	1524.73362	1529.02718
40.799591	1	1	1	0	1546.16272	1524.73740	1529.02299
40.819591	1	1	1	0	1546.16272	1524.73456	1529.02508
40.839591	1	1	1	0	1546.15980	1524.73550	1529.02889
40.859591	1	1	1	0	1546.16933	1524.73475	1529.02698
40.879591	1	1	1	0	1546.16272	1524.73343	1529.02889
40.899590	1	1	1	0	1546.15319	1524.73664	1529.02698
40.919590	1	1	1	0	1546.16486	1524.73362	1529.02508
40.939590	1	1	1	0	1546.15378	1524.73362	1529.02508
40.959590	1	1	1	0	1546.16369	1524.73626	1529.02698
40.979589	1	1	1	0	1546.16641	1524.73550	1529.02698
40.999589	1	1	1	0	1546.15980	1524.73550	1529.02698
41.019589	1	1	1	0	1546.15611	1524.73626	1529.02508
41.039589	1	1	1	0	1546.15980	1524.73550	1529.02508
41.059589	1	1	1	0	1546.17030	1524.73456	1529.02508
41.079588	1	1	1	0	1546.16194	1524.73286	1529.02508
41.099588	1	1	1	0	1546.16272	1524.73550	1529.02870
41.119588	1	1	1	0	1546.16427	1524.73475	1529.02698
41.139588	1	1	1	0	1546.16641	1524.73740	1529.02718
41.159588	1	1	1	0	1546.15766	1524.73550	1529.02508
41.179587	1	1	1	0	1546.16486	1524.73286	1529.02299
41.199587	1	1	1	0	1546.16699	1524.73740	1529.02508
41.219587	1	1	1	0	1546.16369	1524.73740	1529.02698
41.239587	1	1	1	0	1546.16038	1524.73740	1529.02718
41.259587	1	1	1	0	1546.16699	1524.73456	1529.02889
41.279586	1	1	1	0	1546.16038	1524.73740	1529.02508
41.299586	1	1	1	0	1546.15980	1524.73550	1529.02508
41.319586	1	1	1	0	1546.17030	1524.73740	1529.02908
41.339586	1	1	1	0	1546.15980	1524.73550	1529.02318
41.359586	1	1	1	0	1546.15766	1524.73362	1529.02698
41.379586	1	1	1	0	1546.15319	1524.73664	1529.02508
41.399585	1	1	1	0	1546.16272	1524.73664	1529.02299
41.419585	1	1	1	0	1546.15922	1524.73456	1529.02698
41.439585	1	1	1	0	1546.15980	1524.73362	1529.02889
41.459584	1	1	1	0	1546.16038	1524.73475	1529.02889
41.479584	1	1	1	0	1546.16272	1524.73475	1529.02109
41.499584	1	1	1	0	1546.16136	1524.73456	1529.02698
41.519584	1	1	1	0	1546.16038	1524.73550	1529.02698
41.539584	1	1	1	0	1546.16427	1524.73362	1529.02698
41.559584	1	1	1	0	1546.15319	1524.73362	1529.02508
41.579583	1	1	1	0	1546.15825	1524.73475	1529.02908
41.599583	1	1	1	0	1546.15533	1524.73740	1529.02698
41.619583	1	1	1	0	1546.16427	1524.73475	1529.02698
41.639583	1	1	1	0	1546.16038	1524.73626	1529.02698
41.659583	1	1	1	0	1546.16038	1524.73550	1529.02698
41.679582	1	1	1	0	1546.15883	1524.73664	1529.02718
41.699582	1	1	1	0	1546.16272	1524.73475	1529.02508
41.719582	1	1	1	0	1546.16194	1524.73362	1529.02508
41.739582	1	1	1	0	1546.16194	1524.73362	1529.02889
41.759582	1	1	1	0	1546.16427	1524.73740	1529.02508
41.779581	1	1	1	0	1546.15825	1524.73362	1529.02718
41.799581	1	1	1	0	1546.16427	1524.73362	1529.02508
41.819581	1	1	1	0	1546.16427	1524.73664	1529.02299
41.839581	1	1	1	0	1546.15533	1524.73362	1529.02698
41.859581	1	1	1	0	1546.16194	1524.73664	1529.02489
41.879580	1	1	1	0	1546.16699	1524.73550	1529.02908
41.899580	1	1	1	0	1546.16038	1524.73475	1529.02889
41.919580	1	1	1	0	1546.15825	1524.73550	1529.02889
41.939580	1	1	1	0	1546.16272	1524.73475	1529.02698
41.959580	1	1	1	0	1546.16641	1524.73740	1529.02698
41.979579	1	1	1	0	1546.16486	1524.73626	1529.02508
41.999579	1	1	1	0	1546.15980	1524.73191	1529.02698
42.019579	1	1	1	0	1546.16991	1524.73550	1529.02489
42.039579	1	1	1	0	1546.15611	1524.73550	1529.02698
42.059579	1	1	1	0	1546.15533	1524.73626	1529.02698
42.079578	1	1	1	0	1546.16194	1524.73626	1529.02508
42.099578	1	1	1	0	1546.16641	1524.73456	1529.02698
42.119578	1	1	1	0	1546.15825	1524.73475	1529.02698
42.139578	1	1	1	0	1546.15825	1524.73475	1529.02508
42.159578	1	1	1	0	1546.15533	1524.73664	1529.02299
42.179577	1	1	1	0	1546.16486	1524.73740	1529.02698
42.199577	1	1	1	0	1546.16194	1524.73740	1529.02299
42.219577	1	1	1	0	1546.15689	1524.73740	1529.02718
42.239577	1	1	1	0	1546.16583	1524.73362	1529.02698
42.259577	1	1	1	0	1546.16486	1524.73550	1529.02508
42.279576	1	1	1	0	1546.16136	1524.73626	1529.02718
42.299576	1	1	1	0	1546.17146	1524.73456	1529.02698
42.319576	1	1	1	0	1546.15980	1524.73456	1529.02888
42.339576	1	1	1	0	1546.16038	1524.73475	1529.02888
42.359576	1	1	1	0	1546.16427	1524.73626	1529.02299
42.379575	1	1	1	0	1546.15825	1524.73361	1529.02489
42.399575	1	1	1	0	1546.15980	1524.73361	1529.02698
42.419575	1	1	1	0	1546.15533	1524.73361	1529.02299
42.439575	1	1	1	0	1546.16194	1524.73550	1529.02888
42.459575	1	1	1	0	1546.16038	1524.73626	1529.02508
42.479574	1	1	1	0	1546.16194	1524.73361	1529.02299
42.499574	1	1	1	0	1546.15163	1524.73550	1529.02489
42.519574	1	1	1	0	1546.15319	1524.73550	1529.02698
42.539574	1	1	1	0	1546.15825	1524.73361	1529.02299
42.559574	1	1	1	0	1546.15825	1524.73550	1529.02698
42.579573	1	1	1	0	1546.16038	1524.73739	1529.02508
42.599573	1	1	1	0	1546.16932	1524.73456	1529.02508
42.619573	1	1	1	0	1546.15980	1524.73550	1529.02698
42.639573	1	1	1	0	1546.16485	1524.73361	1529.02698
42.659573	1	1	1	0	1546.16427	1524.73361	1529.02508
42.679572	1	1	1	0	1546.15611	1524.73456	1529.02508
42.699572	1	1	1	0	1546.16272	1524.73664	1529.02698
42.719572	1	1	1	0	1546.15163	1524.73550	1529.02698
42.739572	1	1	1	0	1546.15766	1524.73550	1529.02508
42.759572	1	1	1	0	1546.16272	1524.73361	1529.02698
42.779571	1	1	1	0	1546.16427	1524.73361	1529.02489
42.799571	1	1	1	0	1546.16038	1524.73550	1529.02698
42.819571	1	1	1	0	1546.16641	1524.73475	1529.02888
42.839571	1	1	1	0	1546.15980	1524.73550	1529.02698
42.859571	1	1	1	0	1546.17146	1524.73739	1529.02679
42.879570	1	1	1	0	1546.16699	1524.73475	1529.02508
42.899570	1	1	1	0	1546.15766	1524.73267	1529.02698
42.919570	1	1	1	0	1546.17088	1524.73475	1529.02717
42.939570	1	1	1	0	1546.16272	1524.73456	1529.02508
42.959570	1	1	1	0	1546.16038	1524.73550	1529.02888
42.979569	1	1	1	0	1546.16272	1524.73626	1529.02508
42.999569	1	1	1	0	1546.16641	1524.73475	1529.02508
43.019569	1	1	1	0	1546.16369	1524.73361	1529.02717
43.039569	1	1	1	0	1546.15377	1524.73456	1529.02318
43.059569	1	1	1	0	1546.15611	1524.73550	1529.02299
43.079569	1	1	1	0	1546.15825	1524.73739	1529.02698
43.099568	1	1	1	0	1546.15825	1524.73456	1529.02508
43.119568	1	1	1	0	1546.15824	1524.73626	1529.02318
43.139568	1	1	1	0	1546.15980	1524.73626	1529.02888
43.159568	1	1	1	0	1546.15163	1524.73550	1529.02489
43.179567	1	1	1	0	1546.15766	1524.73550	1529.02299
43.199567	1	1	1	0	1546.16038	1524.73267	1529.02698
43.219567	1	1	1	0	1546.15980	1524.73550	1529.02698
43.239567	1	1	1	0	1546.16427	1524.73456	1529.02698
43.259567	1	1	1	0	1546.15824	1524.73550	1529.02698
43.279566	1	1	1	0	1546.15980	1524.73550	1529.02698
43.299566	1	1	1	0	1546.15533	1524.73626	1529.02318
43.319566	1	1	1	0	1546.17360	1524.73361	1529.02698
43.339566	1	1	1	0	1546.16485	1524.73456	1529.02698
43.359565	1	1	1	0	1546.16194	1524.73550	1529.02888
43.379565	1	1	1	0	1546.15533	1524.73550	1529.02907
43.399565	1	1	1	0	1546.15824	1524.73550	1529.02717
43.419565	1	1	1	0	1546.15824	1524.73474	1529.02888
43.439565	1	1	1	0	1546.16038	1524.73550	1529.02489
43.459565	1	1	1	0	1546.15766	1524.73626	1529.02888
43.479564	1	1	1	0	1546.16271	1524.73456	1529.02299
43.499564	1	1	1	0	1546.16874	1524.73626	1529.02698
43.519564	1	1	1	0	1546.16485	1524.73210	1529.02508
43.539564	1	1	1	0	1546.16368	1524.73550	1529.02508
43.559564	1	1	1	0	1546.16582	1524.73474	1529.02717
43.579563	1	1	1	0	1546.15319	1524.73550	1529.02508
43.599563	1	1	1	0	1546.17593	1524.73664	1529.02698
43.619563	1	1	1	0	1546.16427	1524.73361	1529.02888
43.639563	1	1	1	0	1546.16038	1524.73550	1529.02907
43.659563	1	1	1	0	1546.15766	1524.73550	1529.02508
43.679563	1	1	1	0	1546.16427	1524.73626	1529.02299
43.699562	1	1	1	0	1546.16932	1524.73361	1529.02508
43.719562	1	1	1	0	1546.15766	1524.73191	1529.02698
43.739562	1	1	1	0	1546.16194	1524.73626	1529.02508
43.759562	1	1	1	0	1546.16427	1524.73456	1529.02508
43.779561	1	1	1	0	1546.16427	1524.73550	1529.02299
43.799561	1	1	1	0	1546.15533	1524.73474	1529.02698
43.819561	1	1	1	0	1546.16038	1524.73456	1529.02698
43.839561	1	1	1	0	1546.16135	1524.73361	1529.02717
43.859561	1	1	1	0	1546.16641	1524.73550	1529.02888
43.879560	1	1	1	0	1546.16271	1524.73550	1529.02717
43.899560	1	1	1	0	1546.16271	1524.73550	1529.02508
43.919560	1	1	1	0	1546.16427	1524.73664	1529.02508
43.939560	1	1	1	0	1546.17088	1524.73361	1529.02698
43.959559	1	1	1	0	1546.16194	1524.73475	1529.02888
43.979559	1	1	1	0	1546.16427	1524.73456	1529.02508
43.999559	1	1	1	0	1546.16038	1524.73191	1529.02698
44.019559	1	1	1	0	1546.16427	1524.73456	1529.02698
44.039559	1	1	1	0	1546.16272	1524.73550	1529.02508
44.059559	1	1	1	0	1546.16038	1524.73456	1529.02888
44.079558	1	1	1	0	1546.16485	1524.73550	1529.02508
44.099558	1	1	1	0	1546.15980	1524.73626	1529.02698
44.119558	1	1	1	0	1546.16038	1524.73626	1529.02888
44.139558	1	1	1	0	1546.15319	1524.73626	1529.02508
44.159558	1	1	1	0	1546.15163	1524.73550	1529.02508
44.179557	1	1	1	0	1546.16641	1524.73361	1529.02698
44.199557	1	1	1	0	1546.15766	1524.73550	1529.02698
44.219557	1	1	1	0	1546.15533	1524.73739	1529.02508
44.239557	1	1	1	0	1546.15980	1524.73399	1529.02508
44.259557	1	1	1	0	1546.16194	1524.73361	1529.02888
44.279556	1	1	1	0	1546.15766	1524.73475	1529.02698
44.299556	1	1	1	0	1546.16427	1524.73626	1529.02698
44.319556	1	1	1	0	1546.16427	1524.73456	1529.02698
44.339556	1	1	1	0	1546.16485	1524.73626	1529.02508
44.359555	1	1	1	0	1546.15980	1524.73456	1529.02508
44.379555	1	1	1	0	1546.15980	1524.73550	1529.02907
44.399555	1	1	1	0	1546.16038	1524.73361	1529.02508
44.419555	1	1	1	0	1546.17146	1524.73531	1529.02508
44.439555	1	1	1	0	1546.16485	1524.73361	1529.02698
44.459555	1	1	1	0	1546.15533	1524.73550	1529.02698
44.479554	1	1	1	0	1546.15825	1524.73664	1529.02698
44.499554	1	1	1	0	1546.16699	1524.73361	1529.02318
44.519554	1	1	1	0	1546.15533	1524.73361	1529.02508
44.539554	1	1	1	0	1546.16272	1524.73361	1529.02698
44.559554	1	1	1	0	1546.15611	1524.73664	1529.02299
44.579553	1	1	1	0	1546.16932	1524.73664	1529.02698
44.599553	1	1	1	0	1546.15611	1524.73475	1529.02299
44.619553	1	1	1	0	1546.16874	1524.73626	1529.02318
44.639553	1	1	1	0	1546.16641	1524.73739	1529.02508
44.659553	1	1	1	0	1546.16272	1524.73361	1529.02717
44.679552	1	1	1	0	1546.16641	1524.73739	1529.02698
44.699552	1	1	1	0	1546.15980	1524.73456	1529.02299
44.719552	1	1	1	0	1546.15377	1524.73550	1529.02508
44.739552	1	1	1	0	1546.16038	1524.73475	1529.02717
44.759552	1	1	1	0	1546.16641	1524.73267	1529.02508
44.779551	1	1	1	0	1546.16485	1524.73550	1529.02508
44.799551	1	1	1	0	1546.15533	1524.73475	1529.02888
44.819551	1	1	1	0	1546.15980	1524.73456	1529.02907
44.839551	1	1	1	0	1546.16272	1524.73550	1529.02508
44.859550	1	1	1	0	1546.15825	1524.73267	1529.02299
44.879550	1	1	1	0	1546.16699	1524.73361	1529.02717
44.899550	1	1	1	0	1546.16272	1524.73361	1529.02489
44.919550	1	1	1	0	1546.16641	1524.73361	1529.02717
44.939550	1	1	1	0	1546.16194	1524.73475	1529.02299
44.959550	1	1	1	0	1546.15766	1524.73550	1529.02508
44.979549	1	1	1	0	1546.15688	1524.73550	1529.02508
44.999549	1	1	1	0	1546.15105	1524.73475	1529.02717
45.019549	1	1	1	0	1546.16699	1524.73739	1529.02717
45.039549	1	1	1	0	1546.16194	1524.73550	1529.02888
45.059549	1	1	1	0	1546.15377	1524.73361	1529.02508
45.079548	1	1	1	0	1546.15377	1524.73550	1529.02299
45.099548	1	1	1	0	1546.17088	1524.73475	1529.02299
45.119548	1	1	1	0	1546.16038	1524.73664	1529.02508
45.139548	1	1	1	0	1546.15319	1524.73267	1529.02698
45.159548	1	1	1	0	1546.15825	1524.73267	1529.02318
45.179548	1	1	1	0	1546.16427	1524.73550	1529.02698
45.199547	1	1	1	0	1546.16194	1524.73475	1529.02698
45.219547	1	1	1	0	1546.15825	1524.73550	1529.02508
45.239547	1	1	1	0	1546.16194	1524.73475	1529.02888
45.259547	1	1	1	0	1546.15922	1524.73664	1529.02508
45.279546	1	1	1	0	1546.16038	1524.73550	1529.02888
45.299546	1	1	1	0	1546.15766	1524.73550	1529.02299
45.319546	1	1	1	0	1546.16272	1524.73456	1529.02299
45.339546	1	1	1	0	1546.16641	1524.73626	1529.02698
45.359546	1	1	1	0	1546.16194	1524.73531	1529.02508
45.379545	1	1	1	0	1546.16369	1524.73550	1529.02508
45.399545	1	1	1	0	1546.16194	1524.73550	1529.02508
45.419545	1	1	1	0	1546.16699	1524.73456	1529.02698
45.439545	1	1	1	0	1546.15766	1524.73550	1529.02508
45.459545	1	1	1	0	1546.16427	1524.73361	1529.02717
45.479544	1	1	1	0	1546.16427	1524.73739	1529.02508
45.499544	1	1	1	0	1546.16485	1524.73456	1529.02698
45.519544	1	1	1	0	1546.16194	1524.73456	1529.02318
45.539544	1	1	1	0	1546.16038	1524.73191	1529.02888
45.559544	1	1	1	0	1546.16272	1524.73550	1529.02698
45.579543	1	1	1	0	1546.16641	1524.73456	1529.02888
45.599543	1	1	1	0	1546.16932	1524.73550	1529.02508
45.619543	1	1	1	0	1546.16485	1524.73361	1529.02698
45.639543	1	1	1	0	1546.15824	1524.73626	1529.02717
45.659543	1	1	1	0	1546.16194	1524.73550	1529.02318
45.679542	1	1	1	0	1546.15980	1524.73626	1529.02318
45.699542	1	1	1	0	1546.16932	1524.73361	1529.02508
45.719542	1	1	1	0	1546.16038	1524.73550	1529.02508
45.739542	1	1	1	0	1546.15980	1524.73739	1529.02698
45.759542	1	1	1	0	1546.16271	1524.73550	1529.02508
45.779541	1	1	1	0	1546.16932	1524.73361	1529.02698
45.799541	1	1	1	0	1546.16427	1524.73456	1529.02109
45.819541	1	1	1	0	1546.16543	1524.73361	1529.02698
45.839541	1	1	1	0	1546.16427	1524.73361	1529.02698
45.859541	1	1	1	0	1546.15980	1524.73456	1529.02508
45.879540	1	1	1	0	1546.15766	1524.73361	1529.02508
45.899540	1	1	1	0	1546.15980	1524.73361	1529.02698
45.919540	1	1	1	0	1546.16368	1524.73739	1529.02318
45.939540	1	1	1	0	1546.16485	1524.73361	1529.02888
45.959540	1	1	1	0	1546.16485	1524.73456	1529.02508
45.979539	1	1	1	0	1546.15824	1524.73474	1529.02698
45.999539	1	1	1	0	1546.16038	1524.73361	1529.02508
46.019539	1	1	1	0	1546.15533	1524.73550	1529.02508
46.039539	1	1	1	0	1546.15610	1524.73456	1529.02717
46.059539	1	1	1	0	1546.15980	1524.73550	1529.02508
46.079538	1	1	1	0	1546.16038	1524.73361	1529.02508
46.099538	1	1	1	0	1546.15980	1524.73361	1529.02508
46.119538	1	1	1	0	1546.15980	1524.73853	1529.02508
46.139538	1	1	1	0	1546.15824	1524.73739	1529.02888
46.159538	1	1	1	0	1546.16271	1524.73739	1529.02717
46.179538	1	1	1	0	1546.15610	1524.73664	1529.02698
46.199537	1	1	1	0	1546.15241	1524.73664	1529.02508
46.219537	1	1	1	0	1546.16038	1524.73267	1529.02907
46.239537	1	1	1	0	1546.16271	1524.73626	1529.02508
46.259537	1	1	1	0	1546.15377	1524.73550	1529.02508
46.279536	1	1	1	0	1546.15824	1524.73474	1529.02508
46.299536	1	1	1	0	1546.17088	1524.73474	1529.02698
46.319536	1	1	1	0	1546.16135	1524.73626	1529.02489
46.339536	1	1	1	0	1546.16699	1524.73361	1529.02888
46.359536	1	1	1	0	1546.15980	1524.73474	1529.02318
46.379535	1	1	1	0	1546.15319	1524.73456	1529.02508
46.399535	1	1	1	0	1546.17088	1524.73267	1529.02508
46.419535	1	1	1	0	1546.16038	1524.73739	1529.02489
46.439535	1	1	1	0	1546.15980	1524.73456	1529.02299
46.459535	1	1	1	0	1546.15980	1524.73664	1529.02717
46.479534	1	1	1	0	1546.16194	1524.73550	1529.02698
46.499534	1	1	1	0	1546.15824	1524.73550	1529.02299
46.519534	1	1	1	0	1546.15824	1524.73286	1529.02888
46.539534	1	1	1	0	1546.16038	1524.73286	1529.02698
46.559534	1	1	1	0	1546.16038	1524.73361	1529.02508
46.579533	1	1	1	0	1546.15980	1524.73361	1529.02508
46.599533	1	1	1	0	1546.15163	1524.73456	1529.02698
46.619533	1	1	1	0	1546.16582	1524.73399	1529.02717
46.639533	1	1	1	0	1546.16368	1524.73286	1529.02508
46.659533	1	1	1	0	1546.16427	1524.73739	1529.02508
46.679533	1	1	1	0	1546.16194	1524.73739	1529.02698
46.699532	1	1	1	0	1546.15377	1524.73361	1529.02508
46.719532	1	1	1	0	1546.16641	1524.73626	1529.02698
46.739532	1	1	1	0	1546.15766	1524.73191	1529.02698
46.759531	1	1	1	0	1546.17302	1524.73588	1529.02698
46.779531	1	1	1	0	1546.17535	1524.73550	1529.02698
46.799531	1	1	1	0	1546.15377	1524.73474	1529.02888
46.819531	1	1	1	0	1546.16485	1524.73474	1529.02527
46.839531	1	1	1	0	1546.15824	1524.73531	1529.02318
46.859531	1	1	1	0	1546.15610	1524.73267	1529.02698
46.879530	1	1	1	0	1546.15105	1524.73550	1529.02508
46.899530	1	1	1	0	1546.15766	1524.73550	1529.02888
46.919530	1	1	1	0	1546.16485	1524.73456	1529.02489
46.939530	1	1	1	0	1546.15610	1524.73286	1529.02318
46.959530	1	1	1	0	1546.15533	1524.73550	1529.02698
46.979529	1	1	1	0	1546.16932	1524.73474	1529.02508
46.999529	1	1	1	0	1546.16038	1524.73550	1529.02508
47.019529	1	1	1	0	1546.15824	1524.73456	1529.02508
47.039529	1	1	1	0	1546.16485	1524.73550	1529.02508
47.059529	1	1	1	0	1546.16038	1524.73550	1529.02698
47.079528	1	1	1	0	1546.16194	1524.73550	1529.02318
47.099528	1	1	1	0	1546.16485	1524.73550	1529.02489
47.119528	1	1	1	0	1546.16038	1524.73626	1529.02888
47.139528	1	1	1	0	1546.16485	1524.73456	1529.02698
47.159528	1	1	1	0	1546.15610	1524.73474	1529.02508
47.179528	1	1	1	0	1546.16194	1524.73550	1529.02508
47.199527	1	1	1	0	1546.16485	1524.73550	1529.02698
47.219527	1	1	1	0	1546.16194	1524.73361	1529.02508
47.239527	1	1	1	0	1546.16427	1524.73474	1529.02508
47.259526	1	1	1	0	1546.15980	1524.73550	1529.02508
47.279526	1	1	1	0	1546.16485	1524.73588	1529.02717
47.299526	1	1	1	0	1546.16874	1524.73550	1529.02698
47.319526	1	1	1	0	1546.16641	1524.73361	1529.02299
47.339526	1	1	1	0	1546.15105	1524.73361	1529.02698
47.359525	1	1	1	0	1546.16699	1524.73550	1529.02698
47.379525	1	1	1	0	1546.16485	1524.73267	1529.02698
47.399525	1	1	1	0	1546.16427	1524.73456	1529.02698
47.419525	1	1	1	0	1546.16796	1524.73361	1529.02299
47.439525	1	1	1	0	1546.16427	1524.73474	1529.02888
47.459525	1	1	1	0	1546.16038	1524.73191	1529.02299
47.479524	1	1	1	0	1546.16271	1524.73286	1529.02698
47.499524	1	1	1	0	1546.15319	1524.73361	1529.02508
47.519524	1	1	1	0	1546.16582	1524.73550	1529.02489
47.539524	1	1	1	0	1546.15980	1524.73456	1529.02888
47.559524	1	1	1	0	1546.17146	1524.73474	1529.02888
47.579523	1	1	1	0	1546.15163	1524.73550	1529.02508
47.599523	1	1	1	0	1546.15319	1524.73550	1529.02508
47.619523	1	1	1	0	1546.16038	1524.73550	1529.02508
47.639523	1	1	1	0	1546.16485	1524.73474	1529.02698
47.659523	1	1	1	0	1546.16038	1524.73550	1529.02698
47.679522	1	1	1	0	1546.15377	1524.73456	1529.02717
47.699522	1	1	1	0	1546.16038	1524.73474	1529.02888
47.719522	1	1	1	0	1546.16271	1524.73361	1529.02717
47.739522	1	1	1	0	1546.15980	1524.73361	1529.02508
47.759522	1	1	1	0	1546.16641	1524.73531	1529.02508
47.779521	1	1	1	0	1546.16427	1524.73550	1529.02508
47.799521	1	1	1	0	1546.15610	1524.73626	1529.02888
47.819521	1	1	1	0	1546.16485	1524.73550	1529.02489
47.839521	1	1	1	0	1546.16699	1524.73361	1529.02698
47.859520	1	1	1	0	1546.15766	1524.73626	1529.02299
47.879520	1	1	1	0	1546.16427	1524.73550	1529.02299
47.899520	1	1	1	0	1546.15980	1524.73626	1529.02888
47.919520	1	1	1	0	1546.16038	1524.73474	1529.02508
47.939520	1	1	1	0	1546.16194	1524.73286	1529.02698
47.959519	1	1	1	0	1546.15766	1524.73474	1529.02698
47.979519	1	1	1	0	1546.16485	1524.73361	1529.02508
47.999519	1	1	1	0	1546.15533	1524.73664	1529.02527
48.019519	1	1	1	0	1546.16271	1524.73474	1529.02698
48.039519	1	1	1	0	1546.16427	1524.73550	1529.02508
48.059519	1	1	1	0	1546.16193	1524.73663	1529.02508
48.079518	1	1	1	0	1546.16271	1524.73266	1529.02299
48.099518	1	1	1	0	1546.16485	1524.73474	1529.02508
48.119518	1	1	1	0	1546.15979	1524.73550	1529.02717
48.139518	1	1	1	0	1546.16485	1524.73474	1529.02907
48.159518	1	1	1	0	1546.15377	1524.73361	1529.02717
48.179517	1	1	1	0	1546.15824	1524.73550	1529.02888
48.199517	1	1	1	0	1546.15533	1524.73361	1529.02698
48.219517	1	1	1	0	1546.15979	1524.73550	1529.02318
48.239517	1	1	1	0	1546.15610	1524.73626	1529.02508
48.259516	1	1	1	0	1546.15766	1524.73474	1529.02907
48.279516	1	1	1	0	1546.15979	1524.73663	1529.02508
48.299516	1	1	1	0	1546.15377	1524.73361	1529.02489
48.319516	1	1	1	0	1546.16038	1524.73191	1529.02489
48.339516	1	1	1	0	1546.15319	1524.73550	1529.02888
48.359515	1	1	1	0	1546.16193	1524.73361	1529.02698
48.379515	1	1	1	0	1546.15921	1524.73550	1529.02717
48.399515	1	1	1	0	1546.16193	1524.73474	1529.02698
48.419515	1	1	1	0	1546.16427	1524.73588	1529.02717
48.439515	1	1	1	0	1546.16427	1524.73361	1529.02698
48.459514	1	1	1	0	1546.17301	1524.73588	1529.02508
48.479514	1	1	1	0	1546.15377	1524.73285	1529.02698
48.499514	1	1	1	0	1546.15979	1524.73285	1529.02717
48.519514	1	1	1	0	1546.15377	1524.73361	1529.02508
48.539514	1	1	1	0	1546.16427	1524.73455	1529.02508
48.559514	1	1	1	0	1546.15766	1524.73361	1529.02508
48.579513	1	1	1	0	1546.15377	1524.73455	1529.02508
48.599513	1	1	1	0	1546.15669	1524.73361	1529.02698
48.619513	1	1	1	0	1546.16427	1524.73474	1529.02888
48.639513	1	1	1	0	1546.15824	1524.73663	1529.02907
48.659513	1	1	1	0	1546.15979	1524.73550	1529.02717
48.679512	1	1	1	0	1546.16271	1524.73550	1529.02090
48.699512	1	1	1	0	1546.16427	1524.73720	1529.02508
48.719512	1	1	1	0	1546.15533	1524.73550	1529.02508
48.739512	1	1	1	0	1546.16874	1524.73474	1529.02698
48.759511	1	1	1	0	1546.16427	1524.73455	1529.02698
48.779511	1	1	1	0	1546.16485	1524.73663	1529.02508
48.799511	1	1	1	0	1546.16641	1524.73474	1529.02489
48.819511	1	1	1	0	1546.15979	1524.73285	1529.02508
48.839511	1	1	1	0	1546.15766	1524.73455	1529.02508
48.859510	1	1	1	0	1546.16116	1524.73474	1529.02888
48.879510	1	1	1	0	1546.16038	1524.73361	1529.02489
48.899510	1	1	1	0	1546.16271	1524.73474	1529.02299
48.919510	1	1	1	0	1546.16135	1524.73550	1529.02888
48.939510	1	1	1	0	1546.16990	1524.73266	1529.02299
48.959510	1	1	1	0	1546.16641	1524.73455	1529.02888
48.979509	1	1	1	0	1546.16796	1524.73285	1529.02698
48.999509	1	1	1	0	1546.16271	1524.73191	1529.02508
49.019509	1	1	1	0	1546.16427	1524.73361	1529.02508
49.039509	1	1	1	0	1546.16796	1524.73550	1529.02489
49.059509	1	1	1	0	1546.15610	1524.73550	1529.02318
49.079508	1	1	1	0	1546.15979	1524.73626	1529.02508
49.099508	1	1	1	0	1546.16271	1524.73663	1529.02698
49.119508	1	1	1	0	1546.16427	1524.73361	1529.02698
49.139508	1	1	1	0	1546.14949	1524.73285	1529.02299
49.159508	1	1	1	0	1546.16038	1524.73361	1529.02698
49.179507	1	1	1	0	1546.16038	1524.73266	1529.02698
49.199507	1	1	1	0	1546.15610	1524.73626	1529.02508
49.219507	1	1	1	0	1546.16193	1524.73815	1529.02888
49.239507	1	1	1	0	1546.16699	1524.73739	1529.02698
49.259506	1	1	1	0	1546.15979	1524.73550	1529.02698
49.279506	1	1	1	0	1546.16641	1524.73550	1529.02508
49.299506	1	1	1	0	1546.16038	1524.73474	1529.02698
49.319506	1	1	1	0	1546.15979	1524.73550	1529.02698
49.339506	1	1	1	0	1546.15533	1524.73663	1529.02508
49.359506	1	1	1	0	1546.16271	1524.73739	1529.02698
49.379505	1	1	1	0	1546.16193	1524.73361	1529.02698
49.399505	1	1	1	0	1546.15979	1524.73455	1529.02717
49.419505	1	1	1	0	1546.17360	1524.73550	1529.02508
49.439505	1	1	1	0	1546.16193	1524.73474	1529.02698
49.459505	1	1	1	0	1546.15979	1524.73455	1529.02508
49.479504	1	1	1	0	1546.16271	1524.73550	1529.02698
49.499504	1	1	1	0	1546.16427	1524.73626	1529.02717
49.519504	1	1	1	0	1546.16193	1524.73285	1529.02508
49.539504	1	1	1	0	1546.16485	1524.73191	1529.02489
49.559504	1	1	1	0	1546.15824	1524.73550	1529.02299
49.579504	1	1	1	0	1546.15610	1524.73550	1529.02888
49.599503	1	1	1	0	1546.16485	1524.73361	1529.02299
49.619503	1	1	1	0	1546.16193	1524.73474	1529.02508
49.639503	1	1	1	0	1546.16193	1524.73361	1529.02698
49.659503	1	1	1	0	1546.16485	1524.73361	1529.02508
49.679502	1	1	1	0	1546.16038	1524.73286	1529.02888
49.699502	1	1	1	0	1546.16427	1524.73550	1529.02508
49.719502	1	1	1	0	1546.15533	1524.73361	1529.02489
49.739502	1	1	1	0	1546.15980	1524.73550	1529.02508
49.759501	1	1	1	0	1546.16368	1524.73664	1529.02698
49.779501	1	1	1	0	1546.16194	1524.73361	1529.02508
49.799501	1	1	1	0	1546.16699	1524.73286	1529.02508
49.819501	1	1	1	0	1546.15824	1524.73626	1529.02698
49.839501	1	1	1	0	1546.16485	1524.73456	1529.02508
49.859500	1	1	1	0	1546.14872	1524.73361	1529.02888
49.879500	1	1	1	0	1546.16135	1524.73361	1529.02888
49.899500	1	1	1	0	1546.16641	1524.73550	1529.02888
49.919500	1	1	1	0	1546.16641	1524.73361	1529.02698
49.939500	1	1	1	0	1546.14736	1524.73664	1529.02508
49.959499	1	1	1	0	1546.15980	1524.73361	1529.02698
49.979499	1	1	1	0	1546.15824	1524.73664	1529.02698
49.999499	1	1	1	0	1546.15921	1524.73550	1529.02318
50.019499	1	1	1	0	1546.16038	1524.73474	1529.02508
50.039499	1	1	1	0	1546.15610	1524.73474	1529.02508
50.059499	1	1	1	0	1546.16271	1524.73474	1529.02888
50.079498	1	1	1	0	1546.16116	1524.73626	1529.02698
50.099498	1	1	1	0	1546.16427	1524.73550	1529.02508
50.119498	1	1	1	0	1546.16271	1524.73286	1529.02698
50.139498	1	1	1	0	1546.16699	1524.73550	1529.02299
50.159497	1	1	1	0	1546.16641	1524.73474	1529.02698
50.179497	1	1	1	0	1546.16194	1524.73456	1529.02698
50.199497	1	1	1	0	1546.15980	1524.73267	1529.02698
50.219497	1	1	1	0	1546.16194	1524.73474	1529.02717
50.239497	1	1	1	0	1546.15824	1524.73550	1529.02717
50.259497	1	1	1	0	1546.16485	1524.73474	1529.02508
50.279496	1	1	1	0	1546.15824	1524.73474	1529.02508
50.299496	1	1	1	0	1546.15824	1524.73550	1529.02299
50.319496	1	1	1	0	1546.16641	1524.73456	1529.02508
50.339496	1	1	1	0	1546.15533	1524.73550	1529.02489
50.359496	1	1	1	0	1546.15824	1524.73456	1529.02888
50.379495	1	1	1	0	1546.15610	1524.73664	1529.02698
50.399495	1	1	1	0	1546.16271	1524.73664	1529.02318
50.419495	1	1	1	0	1546.16038	1524.73474	1529.02508
50.439495	1	1	1	0	1546.15824	1524.73588	1529.02508
50.459495	1	1	1	0	1546.15319	1524.73474	1529.02508
50.479494	1	1	1	0	1546.16427	1524.73361	1529.02717
50.499495	1	1	1	0	1546.16485	1524.73361	1529.02698
50.519494	1	1	1	0	1546.16194	1524.73456	1529.02698
50.539494	1	1	1	0	1546.15824	1524.73456	1529.02717
50.559494	1	1	1	0	1546.16485	1524.73550	1529.02508
50.579494	1	1	1	0	1546.15824	1524.73474	1529.02508
50.599493	1	1	1	0	1546.15766	1524.73739	1529.02508
50.619493	1	1	1	0	1546.15610	1524.73474	1529.02698
50.639493	1	1	1	0	1546.16543	1524.73361	1529.02907
50.659492	1	1	1	0	1546.15824	1524.73361	1529.02698
50.679492	1	1	1	0	1546.15610	1524.73550	1529.02489
50.699492	1	1	1	0	1546.15980	1524.73550	1529.02698
50.719492	1	1	1	0	1546.16427	1524.73739	1529.02888
50.739492	1	1	1	0	1546.16038	1524.73361	1529.02508
50.759491	1	1	1	0	1546.16641	1524.73550	1529.02888
50.779491	1	1	1	0	1546.15377	1524.73550	1529.02698
50.799491	1	1	1	0	1546.15766	1524.73664	1529.02698
50.819491	1	1	1	0	1546.15980	1524.73550	1529.02698
50.839491	1	1	1	0	1546.15533	1524.73361	1529.02508
50.859491	1	1	1	0	1546.16485	1524.73550	1529.02318
50.879490	1	1	1	0	1546.16543	1524.73777	1529.02508
50.899490	1	1	1	0	1546.16932	1524.73474	1529.02508
50.919490	1	1	1	0	1546.16038	1524.73361	1529.02888
50.939490	1	1	1	0	1546.15533	1524.73361	1529.02299
50.959490	1	1	1	0	1546.16991	1524.73361	1529.02698
50.979489	1	1	1	0	1546.15610	1524.73739	1529.02508
50.999489	1	1	1	0	1546.15377	1524.73664	1529.02717
51.019489	1	1	1	0	1546.15610	1524.73550	1529.02508
51.039489	1	1	1	0	1546.16194	1524.73361	1529.02698
51.059489	1	1	1	0	1546.15824	1524.73474	1529.02698
51.079488	1	1	1	0	1546.16641	1524.73550	1529.02508
51.099488	1	1	1	0	1546.16271	1524.73286	1529.02698
51.119488	1	1	1	0	1546.15241	1524.73286	1529.02888
51.139488	1	1	1	0	1546.15980	1524.73550	1529.02508
51.159487	1	1	1	0	1546.16135	1524.73474	1529.02717
51.179487	1	1	1	0	1546.15377	1524.73550	1529.02698
51.199487	1	1	1	0	1546.16271	1524.73361	1529.02717
51.219487	1	1	1	0	1546.15533	1524.73626	1529.02318
51.239487	1	1	1	0	1546.15766	1524.73361	1529.02698
51.259487	1	1	1	0	1546.15766	1524.73361	1529.02698
51.279486	1	1	1	0	1546.16271	1524.73550	1529.02508
51.299486	1	1	1	0	1546.16038	1524.73664	1529.02698
51.319486	1	1	1	0	1546.16194	1524.73550	1529.02698
51.339486	1	1	1	0	1546.16272	1524.73853	1529.02907
51.359486	1	1	1	0	1546.15980	1524.73361	1529.02698
51.379485	1	1	1	0	1546.16194	1524.73550	1529.02508
51.399485	1	1	1	0	1546.16427	1524.73361	1529.02717
51.419485	1	1	1	0	1546.16038	1524.73286	1529.02508
51.439485	1	1	1	0	1546.15766	1524.73361	1529.02888
51.459485	1	1	1	0	1546.16038	1524.73550	1529.02318
51.479484	1	1	1	0	1546.15980	1524.73361	1529.02698
51.499484	1	1	1	0	1546.16272	1524.73550	1529.02717
51.519484	1	1	1	0	1546.15980	1524.73550	1529.02508
51.539484	1	1	1	0	1546.16194	1524.73361	1529.02717
51.559484	1	1	1	0	1546.15980	1524.73475	1529.02318
51.579483	1	1	1	0	1546.15611	1524.73361	1529.02698
51.599483	1	1	1	0	1546.15533	1524.73475	1529.02717
51.619483	1	1	1	0	1546.16194	1524.73191	1529.02717
51.639483	1	1	1	0	1546.15319	1524.73191	1529.02508
51.659482	1	1	1	0	1546.16485	1524.73191	1529.02717
51.679482	1	1	1	0	1546.16272	1524.73361	1529.02508
51.699482	1	1	1	0	1546.16272	1524.73361	1529.03097
51.719482	1	1	1	0	1546.16194	1524.73550	1529.02698
51.739482	1	1	1	0	1546.16038	1524.73361	1529.02888
51.759482	1	1	1	0	1546.16427	1524.73361	1529.02907
51.779481	1	1	1	0	1546.16194	1524.73739	1529.02508
51.799481	1	1	1	0	1546.16427	1524.73361	1529.02698
51.819481	1	1	1	0	1546.15980	1524.73361	1529.02508
51.839481	1	1	1	0	1546.16194	1524.73191	1529.02698
51.859480	1	1	1	0	1546.16485	1524.73191	1529.02318
51.879480	1	1	1	0	1546.15533	1524.73286	1529.02717
51.899480	1	1	1	0	1546.15883	1524.73456	1529.02299
51.919480	1	1	1	0	1546.15766	1524.73626	1529.02698
51.939480	1	1	1	0	1546.16485	1524.73475	1529.02888
51.959479	1	1	1	0	1546.15825	1524.73361	1529.02508
51.979480	1	1	1	0	1546.16272	1524.73739	1529.02508
51.999479	1	1	1	0	1546.16485	1524.73286	1529.02698
52.019479	1	1	1	0	1546.15825	1524.73475	1529.02698
52.039479	1	1	1	0	1546.16194	1524.73361	1529.02888
52.059479	1	1	1	0	1546.16038	1524.73475	1529.02698
52.079479	1	1	1	0	1546.15533	1524.73361	1529.02508
52.099478	1	1	1	0	1546.15883	1524.73550	1529.02508
52.119478	1	1	1	0	1546.16038	1524.73361	1529.02508
52.139478	1	1	1	0	1546.17146	1524.73550	1529.02888
52.159477	1	1	1	0	1546.16641	1524.73513	1529.02299
52.179477	1	1	1	0	1546.16272	1524.73361	1529.02698
52.199477	1	1	1	0	1546.16427	1524.73664	1529.02698
52.219477	1	1	1	0	1546.15611	1524.73191	1529.02299
52.239477	1	1	1	0	1546.16485	1524.73361	1529.02698
52.259476	1	1	1	0	1546.15825	1524.73550	1529.02698
52.279476	1	1	1	0	1546.15766	1524.73456	1529.02318
52.299476	1	1	1	0	1546.15766	1524.73739	1529.02318
52.319476	1	1	1	0	1546.15980	1524.73286	1529.02508
52.339476	1	1	1	0	1546.15980	1524.73361	1529.02717
52.359475	1	1	1	0	1546.16699	1524.73664	1529.02508
52.379475	1	1	1	0	1546.16485	1524.73456	1529.02508
52.399475	1	1	1	0	1546.16272	1524.73550	1529.02698
52.419475	1	1	1	0	1546.16194	1524.73361	1529.02698
52.439475	1	1	1	0	1546.15377	1524.73191	1529.03097
52.459474	1	1	1	0	1546.15377	1524.73550	1529.02888
52.479474	1	1	1	0	1546.15980	1524.73550	1529.02717
52.499474	1	1	1	0	1546.16485	1524.73550	1529.02698
52.519474	1	1	1	0	1546.15980	1524.73456	1529.02508
52.539474	1	1	1	0	1546.16038	1524.73475	1529.02907
52.559474	1	1	1	0	1546.16194	1524.73456	1529.02508
52.579473	1	1	1	0	1546.15980	1524.73361	1529.02508
52.599473	1	1	1	0	1546.16272	1524.73475	1529.02717
52.619473	1	1	1	0	1546.17088	1524.73361	1529.02888
52.639473	1	1	1	0	1546.16641	1524.73361	1529.02717
52.659472	1	1	1	0	1546.15669	1524.73550	1529.02698
52.679472	1	1	1	0	1546.16116	1524.73550	1529.02888
52.699472	1	1	1	0	1546.16427	1524.73475	1529.02698
52.719472	1	1	1	0	1546.15611	1524.73361	1529.02698
52.739472	1	1	1	0	1546.16038	1524.73361	1529.02508
52.759472	1	1	1	0	1546.15766	1524.73286	1529.02299
52.779471	1	1	1	0	1546.15883	1524.73456	1529.02698
52.799471	1	1	1	0	1546.16038	1524.73475	1529.02698
52.819471	1	1	1	0	1546.16427	1524.73626	1529.02698
52.839471	1	1	1	0	1546.16038	1524.73475	1529.02888
52.859471	1	1	1	0	1546.15766	1524.73361	1529.02508
52.879470	1	1	1	0	1546.15766	1524.73191	1529.02508
52.899470	1	1	1	0	1546.16485	1524.73475	1529.02299
52.919470	1	1	1	0	1546.15825	1524.73191	1529.02508
52.939470	1	1	1	0	1546.16874	1524.73286	1529.02698
52.959469	1	1	1	0	1546.16271	1524.73361	1529.02527
52.979469	1	1	1	0	1546.16194	1524.73456	1529.02508
52.999469	1	1	1	0	1546.15377	1524.73191	1529.02717
53.019469	1	1	1	0	1546.15766	1524.73286	1529.02698
53.039469	1	1	1	0	1546.16427	1524.73588	1529.02698
53.059469	1	1	1	0	1546.16194	1524.73474	1529.02508
53.079468	1	1	1	0	1546.15533	1524.73286	1529.02888
53.099468	1	1	1	0	1546.15377	1524.73361	1529.02888
53.119468	1	1	1	0	1546.16194	1524.73456	1529.02508
53.139468	1	1	1	0	1546.15824	1524.73456	1529.02717
53.159467	1	1	1	0	1546.16874	1524.73550	1529.02489
53.179467	1	1	1	0	1546.15610	1524.73286	1529.02698
53.199467	1	1	1	0	1546.15377	1524.73739	1529.02508
53.219467	1	1	1	0	1546.17302	1524.73550	1529.02698
53.239467	1	1	1	0	1546.15980	1524.73474	1529.02698
53.259466	1	1	1	0	1546.15610	1524.73474	1529.02698
53.279466	1	1	1	0	1546.16194	1524.73550	1529.02508
53.299466	1	1	1	0	1546.16485	1524.73550	1529.02318
53.319466	1	1	1	0	1546.16699	1524.73361	1529.02888
53.339466	1	1	1	0	1546.16271	1524.73286	1529.02508
53.359465	1	1	1	0	1546.16194	1524.73474	1529.02299
53.379465	1	1	1	0	1546.16038	1524.73550	1529.02698
53.399465	1	1	1	0	1546.16038	1524.73286	1529.02508
53.419465	1	1	1	0	1546.16194	1524.73191	1529.02698
53.439465	1	1	1	0	1546.15163	1524.73361	1529.02527
53.459465	1	1	1	0	1546.15533	1524.73286	1529.02888
53.479464	1	1	1	0	1546.15824	1524.73550	1529.02698
53.499464	1	1	1	0	1546.15533	1524.73626	1529.02508
53.519464	1	1	1	0	1546.17146	1524.73739	1529.02299
53.539464	1	1	1	0	1546.16699	1524.73361	1529.02508
53.559464	1	1	1	0	1546.16427	1524.73361	1529.02508
53.579463	1	1	1	0	1546.15766	1524.73474	1529.02717
53.599463	1	1	1	0	1546.16038	1524.73361	1529.02489
53.619463	1	1	1	0	1546.16038	1524.73531	1529.02508
53.639463	1	1	1	0	1546.16194	1524.73361	1529.02508
53.659462	1	1	1	0	1546.15610	1524.73550	1529.02698
53.679462	1	1	1	0	1546.15980	1524.73474	1529.02698
53.699462	1	1	1	0	1546.16427	1524.73361	1529.02698
53.719462	1	1	1	0	1546.16038	1524.73286	1529.02888
53.739462	1	1	1	0	1546.16038	1524.73474	1529.02698
53.759461	1	1	1	0	1546.15377	1524.73191	1529.02717
53.779461	1	1	1	0	1546.15980	1524.73361	1529.02508
53.799461	1	1	1	0	1546.16485	1524.73550	1529.02698
53.819461	1	1	1	0	1546.16427	1524.73191	1529.02508
53.839461	1	1	1	0	1546.16330	1524.73361	1529.02888
53.859460	1	1	1	0	1546.15533	1524.73550	1529.02888
53.879460	1	1	1	0	1546.16699	1524.73550	1529.02698
53.899460	1	1	1	0	1546.16485	1524.73267	1529.02508
53.919460	1	1	1	0	1546.16485	1524.73474	1529.02508
53.939460	1	1	1	0	1546.16699	1524.73531	1529.02698
53.959460	1	1	1	0	1546.15377	1524.73267	1529.02907
53.979459	1	1	1	0	1546.16485	1524.73286	1529.02508
53.999459	1	1	1	0	1546.15980	1524.73474	1529.02508
54.019459	1	1	1	0	1546.16038	1524.73739	1529.02717
54.039459	1	1	1	0	1546.15766	1524.73739	1529.02508
54.059458	1	1	1	0	1546.16874	1524.73286	1529.02888
54.079458	1	1	1	0	1546.16641	1524.73550	1529.02698
54.099458	1	1	1	0	1546.17146	1524.73361	1529.02698
54.119458	1	1	1	0	1546.16427	1524.73456	1529.02299
54.139458	1	1	1	0	1546.15824	1524.73361	1529.02508
54.159457	1	1	1	0	1546.15377	1524.73361	1529.02698
54.179457	1	1	1	0	1546.15766	1524.73550	1529.02318
54.199457	1	1	1	0	1546.16641	1524.73267	1529.02698
54.219457	1	1	1	0	1546.16427	1524.73550	1529.02508
54.239457	1	1	1	0	1546.16038	1524.73550	1529.02489
54.259457	1	1	1	0	1546.15824	1524.73399	1529.02508
54.279456	1	1	1	0	1546.16699	1524.73626	1529.02508
54.299456	1	1	1	0	1546.15980	1524.73361	1529.02717
54.319456	1	1	1	0	1546.16874	1524.73664	1529.02508
54.339456	1	1	1	0	1546.16874	1524.73550	1529.02907
54.359455	1	1	1	0	1546.16427	1524.73474	1529.02508
54.379455	1	1	1	0	1546.16874	1524.73361	1529.02698
54.399455	1	1	1	0	1546.16699	1524.73474	1529.02698
54.419455	1	1	1	0	1546.15533	1524.73361	1529.02698
54.439455	1	1	1	0	1546.16641	1524.73361	1529.02508
54.459455	1	1	1	0	1546.16194	1524.73474	1529.02888
54.479454	1	1	1	0	1546.16271	1524.73361	1529.02698
54.499454	1	1	1	0	1546.16194	1524.73550	1529.02698
54.519454	1	1	1	0	1546.16194	1524.73550	1529.02717
54.539454	1	1	1	0	1546.15533	1524.73361	1529.02508
54.559453	1	1	1	0	1546.16427	1524.73550	1529.02698
54.579453	1	1	1	0	1546.15980	1524.73361	1529.02318
54.599453	1	1	1	0	1546.16427	1524.73267	1529.02717
54.619453	1	1	1	0	1546.15980	1524.73399	1529.02717
54.639453	1	1	1	0	1546.16272	1524.73626	1529.02698
54.659452	1	1	1	0	1546.16272	1524.73664	1529.02508
54.679452	1	1	1	0	1546.16485	1524.73550	1529.02299
54.699452	1	1	1	0	1546.16038	1524.73475	1529.02698
54.719452	1	1	1	0	1546.16427	1524.73286	1529.02717
54.739452	1	1	1	0	1546.15766	1524.73475	1529.02888
54.759451	1	1	1	0	1546.16038	1524.73664	1529.02888
54.779451	1	1	1	0	1546.15611	1524.73664	1529.02508
54.799451	1	1	1	0	1546.15766	1524.73456	1529.02717
54.819451	1	1	1	0	1546.15825	1524.73361	1529.02318
54.839451	1	1	1	0	1546.16272	1524.73286	1529.02717
54.859451	1	1	1	0	1546.16427	1524.73664	1529.02698
54.879450	1	1	1	0	1546.16369	1524.73626	1529.02508
54.899450	1	1	1	0	1546.16272	1524.73267	1529.02717
54.919450	1	1	1	0	1546.16038	1524.73664	1529.02489
54.939450	1	1	1	0	1546.17088	1524.73550	1529.02508
54.959450	1	1	1	0	1546.15980	1524.73361	1529.02888
54.979449	1	1	1	0	1546.15980	1524.73475	1529.02888
54.999449	1	1	1	0	1546.15611	1524.73361	1529.02907
55.019449	1	1	1	0	1546.16485	1524.73286	1529.02717
55.039449	1	1	1	0	1546.17593	1524.73286	1529.02299
55.059449	1	1	1	0	1546.15766	1524.73550	1529.02698
55.079448	1	1	1	0	1546.15611	1524.73267	1529.02907
55.099448	1	1	1	0	1546.15611	1524.73475	1529.02888
55.119448	1	1	1	0	1546.15825	1524.73361	1529.02508
55.139448	1	1	1	0	1546.16699	1524.73286	1529.02698
55.159447	1	1	1	0	1546.16641	1524.73361	1529.02698
55.179447	1	1	1	0	1546.16038	1524.73191	1529.02698
55.199447	1	1	1	0	1546.16194	1524.73475	1529.02698
55.219447	1	1	1	0	1546.16485	1524.73739	1529.02299
55.239447	1	1	1	0	1546.15825	1524.73475	1529.02888
55.259446	1	1	1	0	1546.14950	1524.73550	1529.02698
55.279446	1	1	1	0	1546.14872	1524.73361	1529.02888
55.299446	1	1	1	0	1546.16194	1524.73267	1529.02299
55.319446	1	1	1	0	1546.15377	1524.73361	1529.02888
55.339446	1	1	1	0	1546.15377	1524.73361	1529.02888
55.359445	1	1	1	0	1546.14736	1524.73475	1529.02907
55.379445	1	1	1	0	1546.15825	1524.73475	1529.02717
55.399445	1	1	1	0	1546.16874	1524.73286	1529.02718
55.419445	1	1	1	0	1546.16272	1524.73362	1529.02698
55.439445	1	1	1	0	1546.16038	1524.73456	1529.03079
55.459445	1	1	1	0	1546.16427	1524.73286	1529.02318
55.479444	1	1	1	0	1546.16194	1524.73550	1529.02718
55.499444	1	1	1	0	1546.16699	1524.73475	1529.02508
55.519444	1	1	1	0	1546.16486	1524.73550	1529.02889
55.539444	1	1	1	0	1546.16272	1524.73456	1529.02889
55.559443	1	1	1	0	1546.15533	1524.73286	1529.02698
55.579443	1	1	1	0	1546.17088	1524.73267	1529.02508
55.599443	1	1	1	0	1546.15378	1524.73740	1529.02718
55.619443	1	1	1	0	1546.16427	1524.73286	1529.02698
55.639442	1	1	1	0	1546.16272	1524.73664	1529.02889
55.659442	1	1	1	0	1546.16641	1524.73267	1529.02508
55.679442	1	1	1	0	1546.16194	1524.73362	1529.02908
55.699442	1	1	1	0	1546.16272	1524.73740	1529.02508
55.719442	1	1	1	0	1546.15475	1524.73475	1529.02889
55.739442	1	1	1	0	1546.16194	1524.73550	1529.02299
55.759441	1	1	1	0	1546.15980	1524.73475	1529.02698
55.779441	1	1	1	0	1546.16933	1524.73362	1529.02698
55.799441	1	1	1	0	1546.16486	1524.73286	1529.02508
55.819441	1	1	1	0	1546.15611	1524.73362	1529.02718
55.839441	1	1	1	0	1546.16194	1524.73362	1529.02508
55.859441	1	1	1	0	1546.16272	1524.73362	1529.02908
55.879440	1	1	1	0	1546.15533	1524.73475	1529.02508
55.899440	1	1	1	0	1546.17146	1524.73664	1529.02698
55.919440	1	1	1	0	1546.15611	1524.73286	1529.02508
55.939440	1	1	1	0	1546.15980	1524.73740	1529.02508
55.959440	1	1	1	0	1546.16272	1524.73550	1529.02508
55.979439	1	1	1	0	1546.15980	1524.73550	1529.02718
55.999439	1	1	1	0	1546.16641	1524.73210	1529.02508
56.019439	1	1	1	0	1546.16427	1524.73267	1529.02718
56.039439	1	1	1	0	1546.16038	1524.73550	1529.02508
56.059438	1	1	1	0	1546.16194	1524.73626	1529.02299
56.079438	1	1	1	0	1546.14950	1524.73116	1529.02698
56.099438	1	1	1	0	1546.15825	1524.73626	1529.02698
56.119438	1	1	1	0	1546.16641	1524.73456	1529.02489
56.139438	1	1	1	0	1546.15825	1524.73456	1529.02508
56.159437	1	1	1	0	1546.16874	1524.73740	1529.02109
56.179437	1	1	1	0	1546.15980	1524.73475	1529.02889
56.199437	1	1	1	0	1546.15766	1524.73475	1529.02698
56.219437	1	1	1	0	1546.15669	1524.73550	1529.02508
56.239437	1	1	1	0	1546.15533	1524.73626	1529.02508
56.259436	1	1	1	0	1546.16427	1524.73191	1529.02698
56.279436	1	1	1	0	1546.16933	1524.73191	1529.02489
56.299436	1	1	1	0	1546.15980	1524.73362	1529.02698
56.319436	1	1	1	0	1546.15980	1524.73550	1529.02698
56.339436	1	1	1	0	1546.15825	1524.73456	1529.02299
56.359435	1	1	1	0	1546.16486	1524.73456	1529.02508
56.379436	1	1	1	0	1546.15825	1524.73456	1529.02908
56.399435	1	1	1	0	1546.16272	1524.73626	1529.02299
56.419435	1	1	1	0	1546.15766	1524.73456	1529.02698
56.439435	1	1	1	0	1546.15825	1524.73456	1529.02489
56.459434	1	1	1	0	1546.15980	1524.73550	1529.02698
56.479434	1	1	1	0	1546.15766	1524.73475	1529.02508
56.499434	1	1	1	0	1546.15611	1524.73475	1529.02698
56.519434	1	1	1	0	1546.15611	1524.73475	1529.02698
56.539433	1	1	1	0	1546.15261	1524.73362	1529.02299
56.559433	1	1	1	0	1546.16272	1524.73362	1529.02718
56.579433	1	1	1	0	1546.16194	1524.73475	1529.02718
56.599433	1	1	1	0	1546.16699	1524.73362	1529.02698
56.619433	1	1	1	0	1546.16194	1524.73626	1529.02698
56.639433	1	1	1	0	1546.15611	1524.73550	1529.02698
56.659432	1	1	1	0	1546.16272	1524.73362	1529.02508
56.679432	1	1	1	0	1546.16272	1524.73399	1529.02698
56.699432	1	1	1	0	1546.16641	1524.73286	1529.02090
56.719432	1	1	1	0	1546.15980	1524.73456	1529.02889
56.739432	1	1	1	0	1546.15533	1524.73286	1529.02508
56.759431	1	1	1	0	1546.17146	1524.73191	1529.02508
56.779431	1	1	1	0	1546.16933	1524.73456	1529.02698
56.799431	1	1	1	0	1546.17360	1524.73362	1529.02508
56.819431	1	1	1	0	1546.16641	1524.73267	1529.02889
56.839431	1	1	1	0	1546.16038	1524.73267	1529.02698
56.859431	1	1	1	0	1546.16427	1524.73456	1529.02698
56.879430	1	1	1	0	1546.17360	1524.73286	1529.02508
56.899430	1	1	1	0	1546.16194	1524.73475	1529.02698
56.919430	1	1	1	0	1546.16038	1524.73740	1529.02718
56.939430	1	1	1	0	1546.16486	1524.73362	1529.02508
56.959430	1	1	1	0	1546.16641	1524.73362	1529.02508
56.979429	1	1	1	0	1546.16038	1524.73550	1529.02318
56.999429	1	1	1	0	1546.16699	1524.73740	1529.02698
57.019429	1	1	1	0	1546.16427	1524.73626	1529.02508
57.039429	1	1	1	0	1546.16272	1524.73550	1529.02698
57.059428	1	1	1	0	1546.16427	1524.73362	1529.02698
57.079428	1	1	1	0	1546.16641	1524.73550	1529.02698
57.099428	1	1	1	0	1546.15825	1524.73550	1529.02889
57.119428	1	1	1	0	1546.15980	1524.73191	1529.02698
57.139428	1	1	1	0	1546.15766	1524.73116	1529.02889
57.159427	1	1	1	0	1546.16641	1524.73475	1529.02489
57.179427	1	1	1	0	1546.16641	1524.73362	1529.02698
57.199427	1	1	1	0	1546.15319	1524.73399	1529.02698
57.219427	1	1	1	0	1546.15825	1524.73475	1529.02508
57.239427	1	1	1	0	1546.16427	1524.73475	1529.02508
57.259427	1	1	1	0	1546.16272	1524.73740	1529.02508
57.279426	1	1	1	0	1546.15825	1524.73456	1529.02698
57.299426	1	1	1	0	1546.15766	1524.73550	1529.02698
57.319426	1	1	1	0	1546.15883	1524.73362	1529.02889
57.339426	1	1	1	0	1546.15825	1524.73550	1529.02508
57.359426	1	1	1	0	1546.15611	1524.73550	1529.03098
57.379425	1	1	1	0	1546.15825	1524.73362	1529.02508
57.399425	1	1	1	0	1546.16272	1524.73362	1529.02698
57.419425	1	1	1	0	1546.16641	1524.73475	1529.02698
57.439425	1	1	1	0	1546.15378	1524.73664	1529.02508
57.459424	1	1	1	0	1546.16194	1524.73191	1529.02698
57.479424	1	1	1	0	1546.16038	1524.73286	1529.02698
57.499424	1	1	1	0	1546.16194	1524.73191	1529.02299
57.519424	1	1	1	0	1546.16038	1524.73286	1529.02508
57.539424	1	1	1	0	1546.15611	1524.73286	1529.02527
57.559423	1	1	1	0	1546.16874	1524.73475	1529.02698
57.579423	1	1	1	0	1546.16427	1524.73362	1529.02718
57.599423	1	1	1	0	1546.15378	1524.73475	1529.02299
57.619423	1	1	1	0	1546.15766	1524.73267	1529.02889
57.639423	1	1	1	0	1546.16038	1524.73475	1529.02489
57.659422	1	1	1	0	1546.15533	1524.73740	1529.03079
57.679422	1	1	1	0	1546.15825	1524.73267	1529.02889
57.699422	1	1	1	0	1546.15319	1524.73475	1529.02489
57.719422	1	1	1	0	1546.16136	1524.73362	1529.02698
57.739422	1	1	1	0	1546.15980	1524.73362	1529.02508
57.759421	1	1	1	0	1546.16486	1524.73286	1529.02698
57.779421	1	1	1	0	1546.15980	1524.73362	1529.02718
57.799421	1	1	1	0	1546.15980	1524.73191	1529.02698
57.819421	1	1	1	0	1546.15533	1524.73475	1529.02718
57.839421	1	1	1	0	1546.15980	1524.73286	1529.02508
57.859421	1	1	1	0	1546.16933	1524.73362	1529.02699
57.879420	1	1	1	0	1546.16641	1524.73475	1529.02699
57.899420	1	1	1	0	1546.16272	1524.73362	1529.02718
57.919420	1	1	1	0	1546.17088	1524.73456	1529.02699
57.939420	1	1	1	0	1546.15980	1524.73551	1529.02718
57.959419	1	1	1	0	1546.16874	1524.73475	1529.02718
57.979419	1	1	1	0	1546.15767	1524.73456	1529.02509
57.999419	1	1	1	0	1546.16427	1524.73362	1529.02509
58.019419	1	1	1	0	1546.15825	1524.73551	1529.02509
58.039419	1	1	1	0	1546.15825	1524.73551	1529.02718
58.059418	1	1	1	0	1546.16272	1524.73551	1529.02509
58.079418	1	1	1	0	1546.16699	1524.73192	1529.02699
58.099418	1	1	1	0	1546.15980	1524.73362	1529.02889
58.119418	1	1	1	0	1546.15883	1524.73362	1529.02509
58.139418	1	1	1	0	1546.15611	1524.73362	1529.02699
58.159417	1	1	1	0	1546.16486	1524.73475	1529.02299
58.179417	1	1	1	0	1546.16039	1524.73192	1529.02299
58.199417	1	1	1	0	1546.15611	1524.73475	1529.02509
58.219417	1	1	1	0	1546.16039	1524.73192	1529.02699
58.239417	1	1	1	0	1546.16641	1524.73192	1529.02509
58.259417	1	1	1	0	1546.16486	1524.73551	1529.02699
58.279416	1	1	1	0	1546.16641	1524.73362	1529.02319
58.299416	1	1	1	0	1546.16427	1524.73286	1529.02889
58.319416	1	1	1	0	1546.16272	1524.73475	1529.02509
58.339416	1	1	1	0	1546.16933	1524.73267	1529.02509
58.359415	1	1	1	0	1546.16116	1524.73475	1529.02699
58.379415	1	1	1	0	1546.15825	1524.73362	1529.02889
58.399415	1	1	1	0	1546.16194	1524.73475	1529.02509
58.419415	1	1	1	0	1546.16194	1524.73664	1529.02718
58.439415	1	1	1	0	1546.15980	1524.73286	1529.02889
58.459414	1	1	1	0	1546.16039	1524.73362	1529.02299
58.479414	1	1	1	0	1546.16427	1524.73551	1529.02699
58.499414	1	1	1	0	1546.16272	1524.73362	1529.02509
58.519414	1	1	1	0	1546.16641	1524.73362	1529.02509
58.539414	1	1	1	0	1546.16427	1524.73362	1529.02889
58.559413	1	1	1	0	1546.15825	1524.73362	1529.02509
58.579413	1	1	1	0	1546.15980	1524.73626	1529.02509
58.599413	1	1	1	0	1546.16486	1524.73362	1529.02509
58.619413	1	1	1	0	1546.16194	1524.73664	1529.02299
58.639413	1	1	1	0	1546.16699	1524.73210	1529.02699
58.659412	1	1	1	0	1546.16194	1524.73362	1529.02509
58.679412	1	1	1	0	1546.16427	1524.73362	1529.02699
58.699412	1	1	1	0	1546.15611	1524.73551	1529.02699
58.719412	1	1	1	0	1546.16194	1524.73456	1529.02509
58.739412	1	1	1	0	1546.15767	1524.73475	1529.02889
58.759411	1	1	1	0	1546.15533	1524.73475	1529.02699
58.779411	1	1	1	0	1546.16194	1524.73362	1529.02889
58.799411	1	1	1	0	1546.16641	1524.73362	1529.02509
58.819411	1	1	1	0	1546.15767	1524.73192	1529.02509
58.839411	1	1	1	0	1546.15242	1524.73362	1529.02889
58.859410	1	1	1	0	1546.16699	1524.73456	1529.02509
58.879410	1	1	1	0	1546.16427	1524.73456	1529.02889
58.899410	1	1	1	0	1546.16039	1524.73192	1529.02889
58.919410	1	1	1	0	1546.15767	1524.73740	1529.02490
58.939409	1	1	1	0	1546.17030	1524.73475	1529.02699
58.959409	1	1	1	0	1546.16194	1524.73456	1529.02509
58.979409	1	1	1	0	1546.16933	1524.73286	1529.02509
58.999409	1	1	1	0	1546.16039	1524.73551	1529.02699
59.019409	1	1	1	0	1546.16194	1524.73362	1529.02509
59.039409	1	1	1	0	1546.16116	1524.73286	1529.02299
59.059409	1	1	1	0	1546.16039	1524.73362	1529.02699
59.079408	1	1	1	0	1546.15767	1524.73362	1529.02528
59.099408	1	1	1	0	1546.16486	1524.73267	1529.02699
59.119408	1	1	1	0	1546.15767	1524.73362	1529.02509
59.139408	1	1	1	0	1546.16272	1524.73362	1529.02699
59.159407	1	1	1	0	1546.15689	1524.73362	1529.02699
59.179407	1	1	1	0	1546.16544	1524.73362	1529.02509
59.199407	1	1	1	0	1546.16116	1524.73551	1529.02908
59.219407	1	1	1	0	1546.16272	1524.73362	1529.02299
59.239407	1	1	1	0	1546.16039	1524.73362	1529.02718
59.259406	1	1	1	0	1546.16933	1524.73362	1529.02299
59.279406	1	1	1	0	1546.16194	1524.73475	1529.02718
59.299406	1	1	1	0	1546.15767	1524.73551	1529.02699
59.319406	1	1	1	0	1546.16194	1524.73551	1529.02718
59.339406	1	1	1	0	1546.16272	1524.73475	1529.02699
59.359405	1	1	1	0	1546.16039	1524.73192	1529.02889
59.379405	1	1	1	0	1546.16272	1524.73551	1529.02718
59.399405	1	1	1	0	1546.16427	1524.73475	1529.02490
59.419405	1	1	1	0	1546.15825	1524.73399	1529.02699
59.439405	1	1	1	0	1546.16427	1524.73192	1529.02699
59.459404	1	1	1	0	1546.15611	1524.73362	1529.02509
59.479404	1	1	1	0	1546.16427	1524.73362	1529.02699
59.499404	1	1	1	0	1546.15825	1524.73740	1529.02699
59.519404	1	1	1	0	1546.15825	1524.73267	1529.02889
59.539403	1	1	1	0	1546.16116	1524.73475	1529.02699
59.559403	1	1	1	0	1546.16486	1524.73475	1529.02509
59.579403	1	1	1	0	1546.15883	1524.73362	1529.02299
59.599403	1	1	1	0	1546.15533	1524.73456	1529.02509
59.619403	1	1	1	0	1546.16641	1524.73551	1529.02699
59.639403	1	1	1	0	1546.16272	1524.73456	1529.02509
59.659403	1	1	1	0	1546.16933	1524.73192	1529.02699
59.679402	1	1	1	0	1546.15825	1524.73664	1529.02699
59.699402	1	1	1	0	1546.15533	1524.73475	1529.02699
59.719402	1	1	1	0	1546.16641	1524.73456	1529.02319
59.739402	1	1	1	0	1546.16486	1524.73475	1529.02718
59.759402	1	1	1	0	1546.15767	1524.73475	1529.02509
59.779401	1	1	1	0	1546.16194	1524.73362	1529.02718
59.799401	1	1	1	0	1546.16486	1524.73192	1529.02699
59.819401	1	1	1	0	1546.16486	1524.73362	1529.02319
59.839401	1	1	1	0	1546.16194	1524.73192	1529.02699
59.859400	1	1	1	0	1546.15980	1524.73551	1529.02528
59.879400	1	1	1	0	1546.16583	1524.73456	1529.02509
59.899400	1	1	1	0	1546.15883	1524.73286	1529.02889
59.919400	1	1	1	0	1546.16194	1524.73267	1529.02699
59.939400	1	1	1	0	1546.16194	1524.73456	1529.02889
59.959399	1	1	1	0	1546.15980	1524.73475	1529.02699
59.979399	1	1	1	0	1546.16427	1524.73192	1529.02699
59.999399	1	1	1	0	1546.17360	1524.73192	1529.02299
60.019399	1	1	1	0	1546.16272	1524.73362	1529.02509
60.039399	1	1	1	0	1546.15611	1524.73589	1529.02889
60.059398	1	1	1	0	1546.16194	1524.73551	1529.02699
60.079398	1	1	1	0	1546.15767	1524.73740	1529.02908
60.099398	1	1	1	0	1546.16272	1524.73626	1529.02718
60.119398	1	1	1	0	1546.16194	1524.73362	1529.02699
60.139398	1	1	1	0	1546.16272	1524.73362	1529.02699
60.159397	1	1	1	0	1546.16039	1524.73362	1529.02699
60.179397	1	1	1	0	1546.16486	1524.73456	1529.02889
60.199397	1	1	1	0	1546.15767	1524.73267	1529.02509
60.219397	1	1	1	0	1546.17088	1524.73362	1529.02699
60.239397	1	1	1	0	1546.16427	1524.73286	1529.02509
60.259396	1	1	1	0	1546.15475	1524.73362	1529.02509
60.279397	1	1	1	0	1546.16699	1524.73192	1529.02699
60.299396	1	1	1	0	1546.16641	1524.73286	1529.02509
60.319396	1	1	1	0	1546.15611	1524.73475	1529.02699
60.339396	1	1	1	0	1546.16700	1524.73551	1529.02509
60.359395	1	1	1	0	1546.16039	1524.73362	1529.02699
60.379395	1	1	1	0	1546.15767	1524.73456	1529.02699
60.399395	1	1	1	0	1546.15533	1524.73456	1529.02509
60.419395	1	1	1	0	1546.15611	1524.73286	1529.02718
60.439395	1	1	1	0	1546.16369	1524.73551	1529.02509
60.459394	1	1	1	0	1546.15767	1524.73551	1529.02699
60.479394	1	1	1	0	1546.16486	1524.73286	1529.02699
60.499394	1	1	1	0	1546.16641	1524.73740	1529.02509
60.519394	1	1	1	0	1546.17088	1524.73475	1529.02699
60.539394	1	1	1	0	1546.15980	1524.73267	1529.02509
60.559393	1	1	1	0	1546.15980	1524.73551	1529.02509
60.579393	1	1	1	0	1546.15767	1524.73456	1529.02509
60.599393	1	1	1	0	1546.16039	1524.73192	1529.02509
60.619393	1	1	1	0	1546.15825	1524.73551	1529.02699
60.639393	1	1	1	0	1546.15378	1524.73362	1529.02889
60.659392	1	1	1	0	1546.16194	1524.73551	1529.02718
60.679392	1	1	1	0	1546.16039	1524.73551	1529.02699
60.699392	1	1	1	0	1546.16486	1524.73551	1529.02509
60.719392	1	1	1	0	1546.15825	1524.73362	1529.02699
60.739392	1	1	1	0	1546.16039	1524.73456	1529.02509
60.759391	1	1	1	0	1546.16428	1524.73267	1529.02889
60.779391	1	1	1	0	1546.16194	1524.73267	1529.02699
60.799391	1	1	1	0	1546.16428	1524.73551	1529.02490
60.819391	1	1	1	0	1546.15533	1524.73192	1529.02699
60.839391	1	1	1	0	1546.15611	1524.73267	1529.02889
60.859390	1	1	1	0	1546.16641	1524.73551	1529.02718
60.879390	1	1	1	0	1546.16583	1524.73362	1529.02509
60.899390	1	1	1	0	1546.16700	1524.73116	1529.02889
60.919390	1	1	1	0	1546.16486	1524.73286	1529.02528
60.939390	1	1	1	0	1546.16039	1524.73475	1529.02718
60.959390	1	1	1	0	1546.16641	1524.73116	1529.02509
60.979389	1	1	1	0	1546.16428	1524.73551	1529.02718
60.999389	1	1	1	0	1546.15767	1524.73551	1529.02509
61.019389	1	1	1	0	1546.16039	1524.73362	1529.02509
61.039389	1	1	1	0	1546.15825	1524.73551	1529.02300
61.059388	1	1	1	0	1546.15533	1524.73551	1529.02509
61.079388	1	1	1	0	1546.16641	1524.73362	1529.02718
61.099388	1	1	1	0	1546.16194	1524.73362	1529.02509
61.119388	1	1	1	0	1546.16700	1524.73551	1529.02509
61.139388	1	1	1	0	1546.16700	1524.73475	1529.02718
61.159387	1	1	1	0	1546.16641	1524.73362	1529.02699
61.179387	1	1	1	0	1546.15767	1524.73475	1529.02528
61.199387	1	1	1	0	1546.15980	1524.73192	1529.02509
61.219387	1	1	1	0	1546.17361	1524.73286	1529.02889
61.239387	1	1	1	0	1546.15533	1524.73551	1529.02699
61.259386	1	1	1	0	1546.16875	1524.73362	1529.02699
61.279386	1	1	1	0	1546.15980	1524.73267	1529.02509
61.299386	1	1	1	0	1546.15106	1524.73475	1529.02699
61.319386	1	1	1	0	1546.15767	1524.73286	1529.02509
61.339386	1	1	1	0	1546.16700	1524.73551	1529.02490
61.359385	1	1	1	0	1546.16486	1524.73286	1529.02889
61.379385	1	1	1	0	1546.16486	1524.73551	1529.02699
61.399385	1	1	1	0	1546.16700	1524.73286	1529.02509
61.419385	1	1	1	0	1546.16700	1524.73192	1529.02699
61.439384	1	1	1	0	1546.16194	1524.73362	1529.02509
61.459384	1	1	1	0	1546.16272	1524.73362	1529.02718
61.479384	1	1	1	0	1546.16428	1524.73192	1529.02509
61.499384	1	1	1	0	1546.16641	1524.73626	1529.02509
61.519384	1	1	1	0	1546.16428	1524.73456	1529.02718
61.539383	1	1	1	0	1546.15533	1524.73362	1529.02509
61.559383	1	1	1	0	1546.16428	1524.73456	1529.02300
61.579383	1	1	1	0	1546.16428	1524.73551	1529.02319
61.599383	1	1	1	0	1546.16428	1524.73551	1529.02699
61.619383	1	1	1	0	1546.16194	1524.73589	1529.02889
61.639382	1	1	1	0	1546.15825	1524.73286	1529.02509
61.659382	1	1	1	0	1546.16272	1524.73456	1529.02699
61.679382	1	1	1	0	1546.16933	1524.73475	1529.02509
61.699382	1	1	1	0	1546.16194	1524.73267	1529.02699
61.719382	1	1	1	0	1546.15164	1524.73362	1529.02509
61.739382	1	1	1	0	1546.16641	1524.73475	1529.02509
61.759381	1	1	1	0	1546.15533	1524.73362	1529.02699
61.779381	1	1	1	0	1546.15980	1524.73475	1529.02699
61.799381	1	1	1	0	1546.16486	1524.73456	1529.02699
61.819381	1	1	1	0	1546.16194	1524.73475	1529.02699
61.839381	1	1	1	0	1546.16194	1524.73267	1529.02908
61.859380	1	1	1	0	1546.15980	1524.73286	1529.02699
61.879380	1	1	1	0	1546.16641	1524.73475	1529.02718
61.899380	1	1	1	0	1546.16272	1524.73551	1529.02889
61.919380	1	1	1	0	1546.16272	1524.73116	1529.02889
61.939380	1	1	1	0	1546.16700	1524.73475	1529.02319
61.959379	1	1	1	0	1546.16039	1524.73457	1529.02699
61.979379	1	1	1	0	1546.15611	1524.73362	1529.02300
61.999379	1	1	1	0	1546.16700	1524.73362	1529.02509
62.019379	1	1	1	0	1546.16428	1524.73475	1529.02509
62.039379	1	1	1	0	1546.16428	1524.73192	1529.02509
62.059378	1	1	1	0	1546.16195	1524.73286	1529.02509
62.079378	1	1	1	0	1546.16039	1524.73475	1529.02509
62.099378	1	1	1	0	1546.16039	1524.73362	1529.02509
62.119378	1	1	1	0	1546.15981	1524.73665	1529.02699
62.139378	1	1	1	0	1546.17147	1524.73457	1529.02509
62.159377	1	1	1	0	1546.15981	1524.73551	1529.02509
62.179377	1	1	1	0	1546.15611	1524.73551	1529.02699
62.199377	1	1	1	0	1546.17147	1524.73362	1529.02889
62.219377	1	1	1	0	1546.15689	1524.73268	1529.02889
62.239377	1	1	1	0	1546.15825	1524.73457	1529.02889
62.259376	1	1	1	0	1546.15981	1524.73457	1529.02509
62.279376	1	1	1	0	1546.16700	1524.73268	1529.02509
62.299376	1	1	1	0	1546.15981	1524.73551	1529.02718
62.319376	1	1	1	0	1546.16195	1524.73268	1529.02718
62.339375	1	1	1	0	1546.15981	1524.73362	1529.02889
62.359375	1	1	1	0	1546.16428	1524.73286	1529.02509
62.379375	1	1	1	0	1546.16875	1524.73551	1529.02509
62.399375	1	1	1	0	1546.16272	1524.73362	1529.02509
62.419375	1	1	1	0	1546.17147	1524.73551	1529.02509
62.439375	1	1	1	0	1546.16369	1524.73362	1529.02718
62.459374	1	1	1	0	1546.16039	1524.73475	1529.02889
62.479374	1	1	1	0	1546.16544	1524.73475	1529.02718
62.499374	1	1	1	0	1546.15320	1524.73665	1529.02718
62.519374	1	1	1	0	1546.16195	1524.73286	1529.02699
62.539373	1	1	1	0	1546.15767	1524.73286	1529.02509
62.559373	1	1	1	0	1546.16195	1524.73665	1529.02110
62.579373	1	1	1	0	1546.16272	1524.73116	1529.02509
62.599373	1	1	1	0	1546.16039	1524.73362	1529.02718
62.619373	1	1	1	0	1546.16195	1524.73475	1529.02509
62.639373	1	1	1	0	1546.16039	1524.73665	1529.02509
62.659372	1	1	1	0	1546.15825	1524.73362	1529.02509
62.679372	1	1	1	0	1546.16486	1524.73475	1529.02889
62.699372	1	1	1	0	1546.16642	1524.73362	1529.02718
62.719372	1	1	1	0	1546.16428	1524.73475	1529.02509
62.739372	1	1	1	0	1546.16428	1524.73362	1529.02319
62.759371	1	1	1	0	1546.15981	1524.73362	1529.02509
62.779371	1	1	1	0	1546.15767	1524.73551	1529.02699
62.799371	1	1	1	0	1546.16642	1524.73362	1529.02699
62.819371	1	1	1	0	1546.15981	1524.73475	1529.02509
62.839371	1	1	1	0	1546.15825	1524.73475	1529.02509
62.859370	1	1	1	0	1546.16039	1524.73362	1529.02699
62.879370	1	1	1	0	1546.15825	1524.73362	1529.02889
62.899370	1	1	1	0	1546.15767	1524.73286	1529.02300
62.919370	1	1	1	0	1546.16700	1524.73457	1529.02300
62.939369	1	1	1	0	1546.16331	1524.73362	1529.02509
62.959369	1	1	1	0	1546.16039	1524.73286	1529.02718
62.979369	1	1	1	0	1546.15611	1524.73362	1529.02509
62.999369	1	1	1	0	1546.15534	1524.73362	1529.02889
63.019369	1	1	1	0	1546.15981	1524.73457	1529.02908
63.039369	1	1	1	0	1546.16195	1524.73362	1529.02699
63.059368	1	1	1	0	1546.16875	1524.73362	1529.02509
63.079368	1	1	1	0	1546.15378	1524.73362	1529.02509
63.099368	1	1	1	0	1546.16486	1524.73475	1529.02718
63.119368	1	1	1	0	1546.16642	1524.73551	1529.02718
63.139368	1	1	1	0	1546.15378	1524.73475	1529.02718
63.159367	1	1	1	0	1546.15378	1524.73475	1529.02509
63.179367	1	1	1	0	1546.15767	1524.73627	1529.02509
63.199367	1	1	1	0	1546.15981	1524.73268	1529.02509
63.219367	1	1	1	0	1546.16272	1524.73362	1529.02889
63.239367	1	1	1	0	1546.16875	1524.73475	1529.02889
63.259366	1	1	1	0	1546.15825	1524.73551	1529.02509
63.279366	1	1	1	0	1546.16039	1524.73268	1529.02509
63.299366	1	1	1	0	1546.16428	1524.73457	1529.02509
63.319366	1	1	1	0	1546.16875	1524.73457	1529.02509
63.339366	1	1	1	0	1546.15825	1524.73192	1529.02699
63.359365	1	1	1	0	1546.16039	1524.73192	1529.02509
63.379365	1	1	1	0	1546.16272	1524.73286	1529.02490
63.399365	1	1	1	0	1546.16272	1524.73286	1529.02509
63.419365	1	1	1	0	1546.16486	1524.73551	1529.02509
63.439365	1	1	1	0	1546.16700	1524.73286	1529.02718
63.459364	1	1	1	0	1546.16272	1524.73286	1529.02509
63.479364	1	1	1	0	1546.16195	1524.73362	1529.02509
63.499364	1	1	1	0	1546.16700	1524.73362	1529.02509
63.519364	1	1	1	0	1546.16369	1524.73475	1529.02319
63.539364	1	1	1	0	1546.15767	1524.73362	1529.02699
63.559363	1	1	1	0	1546.16700	1524.73362	1529.02889
63.579363	1	1	1	0	1546.16778	1524.73286	1529.02509
63.599363	1	1	1	0	1546.16875	1524.73362	1529.02699
63.619363	1	1	1	0	1546.16039	1524.73362	1529.02509
63.639363	1	1	1	0	1546.16195	1524.73268	1529.02699
63.659362	1	1	1	0	1546.16642	1524.73362	1529.02319
63.679362	1	1	1	0	1546.15689	1524.73457	1529.02509
63.699362	1	1	1	0	1546.17147	1524.73589	1529.02528
63.719362	1	1	1	0	1546.15825	1524.73665	1529.02509
63.739362	1	1	1	0	1546.16933	1524.73475	1529.02490
63.759361	1	1	1	0	1546.16039	1524.73268	1529.02889
63.779361	1	1	1	0	1546.15320	1524.73475	1529.02718
63.799361	1	1	1	0	1546.15670	1524.73551	1529.02889
63.819361	1	1	1	0	1546.15767	1524.73475	1529.02509
63.839361	1	1	1	0	1546.15767	1524.73551	1529.02509
63.859360	1	1	1	0	1546.16933	1524.73362	1529.02509
63.879360	1	1	1	0	1546.15825	1524.73457	1529.02699
63.899360	1	1	1	0	1546.16544	1524.73362	1529.02699
63.919360	1	1	1	0	1546.16039	1524.73362	1529.02889
63.939359	1	1	1	0	1546.15825	1524.73362	1529.02699
63.959359	1	1	1	0	1546.15825	1524.73192	1529.02699
63.979359	1	1	1	0	1546.15922	1524.73551	1529.02509
63.999359	1	1	1	0	1546.16195	1524.73362	1529.02699
64.019359	1	1	1	0	1546.16875	1524.73627	1529.02509
64.039358	1	1	1	0	1546.15670	1524.73475	1529.02699
64.059358	1	1	1	0	1546.16642	1524.73551	1529.02718
64.079358	1	1	1	0	1546.16486	1524.73362	1529.02889
64.099358	1	1	1	0	1546.16700	1524.73362	1529.02509
64.119358	1	1	1	0	1546.16642	1524.73362	1529.02699
64.139358	1	1	1	0	1546.16700	1524.73400	1529.02718
64.159357	1	1	1	0	1546.15106	1524.73192	1529.02509
64.179357	1	1	1	0	1546.16933	1524.73475	1529.02528
64.199357	1	1	1	0	1546.16272	1524.73286	1529.02528
64.219357	1	1	1	0	1546.15981	1524.73665	1529.02699
64.239357	1	1	1	0	1546.16195	1524.73362	1529.02889
64.259356	1	1	1	0	1546.17147	1524.73362	1529.02699
64.279356	1	1	1	0	1546.16272	1524.73665	1529.02699
64.299356	1	1	1	0	1546.16875	1524.73457	1529.02509
64.319356	1	1	1	0	1546.16486	1524.73192	1529.02509
64.339355	1	1	1	0	1546.15767	1524.73003	1529.02319
64.359355	1	1	1	0	1546.16700	1524.73551	1529.02699
64.379355	1	1	1	0	1546.16428	1524.73268	1529.02699
64.399355	1	1	1	0	1546.15378	1524.73268	1529.02699
64.419355	1	1	1	0	1546.15534	1524.73476	1529.02509
64.439355	1	1	1	0	1546.16642	1524.73362	1529.02718
64.459355	1	1	1	0	1546.16039	1524.73551	1529.02319
64.479354	1	1	1	0	1546.15106	1524.73551	1529.02319
64.499354	1	1	1	0	1546.16039	1524.73551	1529.02319
64.519354	1	1	1	0	1546.16700	1524.73551	1529.02908
64.539354	1	1	1	0	1546.15825	1524.73476	1529.02509
64.559355	1	1	1	0	1546.16039	1524.73400	1529.02699
64.579353	1	1	1	0	1546.15981	1524.73362	1529.02699
64.599353	1	1	1	0	1546.16642	1524.73362	1529.02889
64.619353	1	1	1	0	1546.15825	1524.73476	1529.02699
64.639353	1	1	1	0	1546.15825	1524.73192	1529.02699
64.659352	1	1	1	0	1546.16875	1524.73268	1529.02718
64.679352	1	1	1	0	1546.15612	1524.73457	1529.02509
64.699352	1	1	1	0	1546.16195	1524.73362	1529.02319
64.719352	1	1	1	0	1546.16195	1524.73287	1529.02319
64.739352	1	1	1	0	1546.16642	1524.73476	1529.02509
64.759351	1	1	1	0	1546.16642	1524.73287	1529.02889
64.779351	1	1	1	0	1546.16195	1524.73362	1529.02699
64.799351	1	1	1	0	1546.17147	1524.73268	1529.02509
64.819351	1	1	1	0	1546.15612	1524.73268	1529.02490
64.839350	1	1	1	0	1546.16272	1524.73362	1529.02509
64.859350	1	1	1	0	1546.16700	1524.73287	1529.02509
64.879350	1	1	1	0	1546.16272	1524.73117	1529.02490
64.899350	1	1	1	0	1546.15825	1524.73551	1529.02319
64.919350	1	1	1	0	1546.16486	1524.73551	1529.02889
64.939349	1	1	1	0	1546.16642	1524.73362	1529.02718
64.959349	1	1	1	0	1546.16136	1524.73551	1529.02889
64.979349	1	1	1	0	1546.16642	1524.73476	1529.02718
64.999349	1	1	1	0	1546.16039	1524.73551	1529.02699
65.019349	1	1	1	0	1546.15825	1524.73362	1529.02718
65.039349	1	1	1	0	1546.16545	1524.73476	1529.02908
65.059348	1	1	1	0	1546.15981	1524.73287	1529.02509
65.079348	1	1	1	0	1546.16428	1524.73457	1529.02509
65.099348	1	1	1	0	1546.16195	1524.73362	1529.02509
65.119348	1	1	1	0	1546.15612	1524.73551	1529.02699
65.139348	1	1	1	0	1546.16875	1524.73551	1529.02699
65.159347	1	1	1	0	1546.16642	1524.73362	1529.02509
65.179347	1	1	1	0	1546.16933	1524.73287	1529.02509
65.199347	1	1	1	0	1546.15981	1524.73551	1529.02718
65.219347	1	1	1	0	1546.15475	1524.73287	1529.02699
65.239347	1	1	1	0	1546.16039	1524.73192	1529.02889
65.259346	1	1	1	0	1546.16486	1524.73476	1529.02509
65.279346	1	1	1	0	1546.16195	1524.73362	1529.02889
65.299346	1	1	1	0	1546.16700	1524.73362	1529.02699
65.319346	1	1	1	0	1546.16272	1524.73287	1529.02509
65.339346	1	1	1	0	1546.17361	1524.73362	1529.02490
65.359345	1	1	1	0	1546.16272	1524.73476	1529.02699
65.379345	1	1	1	0	1546.16272	1524.73192	1529.02509
65.399345	1	1	1	0	1546.16642	1524.73476	1529.02889
65.419345	1	1	1	0	1546.15825	1524.73362	1529.02699
65.439345	1	1	1	0	1546.16700	1524.73362	1529.02300
65.459344	1	1	1	0	1546.16272	1524.73287	1529.02509
65.479344	1	1	1	0	1546.16272	1524.73551	1529.02889
65.499344	1	1	1	0	1546.16039	1524.73362	1529.02908
65.519344	1	1	1	0	1546.16933	1524.73476	1529.02509
65.539343	1	1	1	0	1546.16195	1524.73192	1529.02699
65.559343	1	1	1	0	1546.15981	1524.73362	1529.02718
65.579343	1	1	1	0	1546.16875	1524.73476	1529.02718
65.599343	1	1	1	0	1546.16486	1524.73551	1529.02699
65.619343	1	1	1	0	1546.15767	1524.73362	1529.02699
65.639343	1	1	1	0	1546.16039	1524.73551	1529.02699
65.659342	1	1	1	0	1546.15612	1524.73268	1529.02718
65.679342	1	1	1	0	1546.15825	1524.73551	1529.02509
65.699342	1	1	1	0	1546.15981	1524.73362	1529.02699
65.719342	1	1	1	0	1546.15767	1524.73192	1529.02718
65.739341	1	1	1	0	1546.15981	1524.73362	1529.02509
65.759341	1	1	1	0	1546.16642	1524.73457	1529.02509
65.779341	1	1	1	0	1546.16428	1524.73268	1529.02509
65.799341	1	1	1	0	1546.16195	1524.73551	1529.02699
65.819341	1	1	1	0	1546.16039	1524.73287	1529.02718
65.839340	1	1	1	0	1546.15670	1524.73457	1529.02908
65.859340	1	1	1	0	1546.15825	1524.73287	1529.02509
65.879340	1	1	1	0	1546.15981	1524.73627	1529.02490
65.899340	1	1	1	0	1546.16486	1524.73551	1529.02718
65.919340	1	1	1	0	1546.15612	1524.73476	1529.02718
65.939339	1	1	1	0	1546.17361	1524.73003	1529.02490
65.959340	1	1	1	0	1546.15320	1524.73551	1529.02699
65.979339	1	1	1	0	1546.15320	1524.73551	1529.02509
65.999339	1	1	1	0	1546.15981	1524.73268	1529.02509
66.019339	1	1	1	0	1546.15534	1524.73551	1529.02718
66.039338	1	1	1	0	1546.16428	1524.73457	1529.02699
66.059338	1	1	1	0	1546.16700	1524.73287	1529.02509
66.079338	1	1	1	0	1546.15767	1524.73457	1529.02719
66.099338	1	1	1	0	1546.15884	1524.73457	1529.02509
66.119338	1	1	1	0	1546.16642	1524.73192	1529.02509
66.139338	1	1	1	0	1546.16195	1524.73457	1529.02509
66.159337	1	1	1	0	1546.16428	1524.73287	1529.02719
66.179337	1	1	1	0	1546.16039	1524.73457	1529.02719
66.199337	1	1	1	0	1546.15379	1524.73476	1529.02890
66.219337	1	1	1	0	1546.16487	1524.73287	1529.02699
66.239336	1	1	1	0	1546.15534	1524.73192	1529.02300
66.259336	1	1	1	0	1546.16487	1524.73268	1529.02890
66.279336	1	1	1	0	1546.15379	1524.73362	1529.02509
66.299336	1	1	1	0	1546.15981	1524.73476	1529.02490
66.319336	1	1	1	0	1546.16642	1524.73362	1529.02909
66.339336	1	1	1	0	1546.16428	1524.73287	1529.02319
66.359335	1	1	1	0	1546.16487	1524.73362	1529.02719
66.379335	1	1	1	0	1546.16487	1524.73400	1529.02509
66.399335	1	1	1	0	1546.15612	1524.73287	1529.02890
66.419335	1	1	1	0	1546.16778	1524.73362	1529.02319
66.439334	1	1	1	0	1546.16039	1524.73287	1529.02699
66.459334	1	1	1	0	1546.16798	1524.73362	1529.02319
66.479334	1	1	1	0	1546.16428	1524.73457	1529.03080
66.499334	1	1	1	0	1546.16195	1524.73362	1529.02719
66.519334	1	1	1	0	1546.15981	1524.73192	1529.02509
66.539334	1	1	1	0	1546.15923	1524.73192	1529.02509
66.559333	1	1	1	0	1546.16195	1524.73362	1529.02509
66.579333	1	1	1	0	1546.16137	1524.73287	1529.02300
66.599333	1	1	1	0	1546.15826	1524.73287	1529.02699
66.619333	1	1	1	0	1546.15767	1524.73362	1529.02509
66.639333	1	1	1	0	1546.16487	1524.73287	1529.02490
66.659332	1	1	1	0	1546.15379	1524.73457	1529.02699
66.679332	1	1	1	0	1546.16428	1524.73362	1529.02509
66.699332	1	1	1	0	1546.15981	1524.73287	1529.02699
66.719332	1	1	1	0	1546.15534	1524.73457	1529.02890
66.739332	1	1	1	0	1546.16195	1524.73287	1529.02719
66.759331	1	1	1	0	1546.17147	1524.73457	1529.02528
66.779331	1	1	1	0	1546.16487	1524.73268	1529.02719
66.799331	1	1	1	0	1546.15165	1524.73362	1529.02509
66.819331	1	1	1	0	1546.16039	1524.73457	1529.02509
66.839330	1	1	1	0	1546.15981	1524.73457	1529.02719
66.859330	1	1	1	0	1546.16195	1524.73362	1529.02509
66.879330	1	1	1	0	1546.15981	1524.73192	1529.02719
66.899330	1	1	1	0	1546.15826	1524.73362	1529.02699
66.919330	1	1	1	0	1546.16487	1524.73400	1529.02509
66.939329	1	1	1	0	1546.16875	1524.73192	1529.02319
66.959329	1	1	1	0	1546.15981	1524.73362	1529.02890
66.979329	1	1	1	0	1546.16039	1524.73476	1529.02719
66.999329	1	1	1	0	1546.15826	1524.73362	1529.02509
67.019329	1	1	1	0	1546.15826	1524.73287	1529.02509
67.039329	1	1	1	0	1546.15884	1524.73362	1529.02699
67.059329	1	1	1	0	1546.16137	1524.73192	1529.02509
67.079328	1	1	1	0	1546.15534	1524.73476	1529.02509
67.099328	1	1	1	0	1546.16039	1524.73400	1529.02699
67.119328	1	1	1	0	1546.15923	1524.73476	1529.02699
67.139328	1	1	1	0	1546.15981	1524.73287	1529.02890
67.159327	1	1	1	0	1546.16039	1524.73117	1529.03080
67.179327	1	1	1	0	1546.16039	1524.73362	1529.02300
67.199327	1	1	1	0	1546.16039	1524.73476	1529.02909
67.219327	1	1	1	0	1546.15767	1524.73362	1529.02509
67.239327	1	1	1	0	1546.15981	1524.73551	1529.02699
67.259326	1	1	1	0	1546.15767	1524.73192	1529.02528
67.279326	1	1	1	0	1546.15767	1524.73362	1529.02319
67.299326	1	1	1	0	1546.16039	1524.73476	1529.02699
67.319326	1	1	1	0	1546.15165	1524.73457	1529.02509
67.339325	1	1	1	0	1546.16428	1524.73457	1529.02890
67.359325	1	1	1	0	1546.15612	1524.73268	1529.02490
67.379325	1	1	1	0	1546.15612	1524.73287	1529.02719
67.399325	1	1	1	0	1546.16195	1524.73192	1529.02699
67.419325	1	1	1	0	1546.16273	1524.73476	1529.02719
67.439324	1	1	1	0	1546.15106	1524.73362	1529.02890
67.459324	1	1	1	0	1546.16428	1524.73362	1529.02699
67.479324	1	1	1	0	1546.15981	1524.73741	1529.02699
67.499324	1	1	1	0	1546.16642	1524.73457	1529.02699
67.519324	1	1	1	0	1546.16039	1524.73362	1529.02300
67.539324	1	1	1	0	1546.15379	1524.73457	1529.02509
67.559324	1	1	1	0	1546.16428	1524.73268	1529.02509
67.579323	1	1	1	0	1546.15923	1524.73551	1529.02699
67.599323	1	1	1	0	1546.15320	1524.73551	1529.02699
67.619323	1	1	1	0	1546.16428	1524.73476	1529.02890
67.639323	1	1	1	0	1546.16875	1524.73192	1529.02319
67.659322	1	1	1	0	1546.16039	1524.73192	1529.02719
67.679322	1	1	1	0	1546.16428	1524.73287	1529.02509
67.699322	1	1	1	0	1546.16137	1524.73363	1529.02719
67.719322	1	1	1	0	1546.16642	1524.73363	1529.02510
67.739322	1	1	1	0	1546.15767	1524.73363	1529.02300
67.759321	1	1	1	0	1546.16195	1524.73363	1529.02700
67.779321	1	1	1	0	1546.15379	1524.73476	1529.02719
67.799321	1	1	1	0	1546.16428	1524.73363	1529.02510
67.819321	1	1	1	0	1546.15612	1524.73363	1529.02890
67.839320	1	1	1	0	1546.15534	1524.73363	1529.02510
67.859320	1	1	1	0	1546.15612	1524.73552	1529.02491
67.879320	1	1	1	0	1546.16040	1524.73287	1529.02890
67.899320	1	1	1	0	1546.16195	1524.73457	1529.02510
67.919320	1	1	1	0	1546.15826	1524.73287	1529.02890
67.939320	1	1	1	0	1546.16700	1524.73363	1529.02700
67.959319	1	1	1	0	1546.15107	1524.73552	1529.02510
67.979319	1	1	1	0	1546.16195	1524.73363	1529.02700
67.999319	1	1	1	0	1546.14737	1524.73287	1529.02700
68.019319	1	1	1	0	1546.15379	1524.73476	1529.02700
68.039318	1	1	1	0	1546.15981	1524.73476	1529.02510
68.059318	1	1	1	0	1546.15826	1524.73552	1529.02700
68.079318	1	1	1	0	1546.16642	1524.73363	1529.03099
68.099318	1	1	1	0	1546.15981	1524.73363	1529.02719
68.119318	1	1	1	0	1546.15826	1524.73476	1529.02909
68.139318	1	1	1	0	1546.16137	1524.73363	1529.02700
68.159317	1	1	1	0	1546.17148	1524.73363	1529.02700
68.179317	1	1	1	0	1546.16428	1524.73193	1529.02700
68.199317	1	1	1	0	1546.16040	1524.73363	1529.02700
68.219317	1	1	1	0	1546.15107	1524.73268	1529.02909
68.239316	1	1	1	0	1546.16195	1524.73287	1529.02890
68.259316	1	1	1	0	1546.16700	1524.73287	1529.02909
68.279317	1	1	1	0	1546.15767	1524.73193	1529.02700
68.299316	1	1	1	0	1546.16700	1524.73363	1529.02700
68.319316	1	1	1	0	1546.15981	1524.73363	1529.02719
68.339315	1	1	1	0	1546.16428	1524.73268	1529.02719
68.359315	1	1	1	0	1546.15612	1524.73287	1529.02719
68.379315	1	1	1	0	1546.16195	1524.73363	1529.02510
68.399315	1	1	1	0	1546.15612	1524.73363	1529.02909
68.419315	1	1	1	0	1546.16040	1524.73476	1529.02890
68.439315	1	1	1	0	1546.16487	1524.73363	1529.02700
68.459314	1	1	1	0	1546.16642	1524.73363	1529.02510
68.479314	1	1	1	0	1546.16875	1524.73363	1529.02700
68.499314	1	1	1	0	1546.16487	1524.73193	1529.02700
68.519314	1	1	1	0	1546.15826	1524.73363	1529.02491
68.539314	1	1	1	0	1546.16273	1524.73287	1529.02700
68.559313	1	1	1	0	1546.15981	1524.73268	1529.02510
68.579313	1	1	1	0	1546.16642	1524.73363	1529.02320
68.599313	1	1	1	0	1546.15981	1524.73363	1529.02700
68.619313	1	1	1	0	1546.16040	1524.73363	1529.02510
68.639313	1	1	1	0	1546.16934	1524.73476	1529.02700
68.659312	1	1	1	0	1546.16273	1524.73363	1529.02700
68.679312	1	1	1	0	1546.15320	1524.73363	1529.02700
68.699312	1	1	1	0	1546.15767	1524.73363	1529.02700
68.719312	1	1	1	0	1546.16195	1524.73193	1529.02300
68.739311	1	1	1	0	1546.16700	1524.73363	1529.02510
68.759311	1	1	1	0	1546.16195	1524.73193	1529.02700
68.779311	1	1	1	0	1546.15826	1524.73363	1529.02890
68.799311	1	1	1	0	1546.16040	1524.73363	1529.02700
68.819311	1	1	1	0	1546.16040	1524.73363	1529.02510
68.839311	1	1	1	0	1546.14504	1524.73363	1529.02890
68.859310	1	1	1	0	1546.16875	1524.73287	1529.02719
68.879310	1	1	1	0	1546.15981	1524.73117	1529.02320
68.899310	1	1	1	0	1546.16428	1524.73287	1529.02510
68.919310	1	1	1	0	1546.15767	1524.73476	1529.02700
68.939310	1	1	1	0	1546.16487	1524.73363	1529.02529
68.959309	1	1	1	0	1546.16273	1524.73476	1529.02700
68.979309	1	1	1	0	1546.16700	1524.73552	1529.02890
68.999309	1	1	1	0	1546.15320	1524.73268	1529.02510
69.019309	1	1	1	0	1546.16273	1524.73268	1529.02719
69.039308	1	1	1	0	1546.16428	1524.73287	1529.02700
69.059308	1	1	1	0	1546.16428	1524.73552	1529.02510
69.079308	1	1	1	0	1546.16273	1524.73193	1529.02510
69.099308	1	1	1	0	1546.17148	1524.73287	1529.02719
69.119308	1	1	1	0	1546.15826	1524.73363	1529.02510
69.139308	1	1	1	0	1546.15612	1524.73287	1529.02320
69.159307	1	1	1	0	1546.15379	1524.73552	1529.02510
69.179307	1	1	1	0	1546.16934	1524.73400	1529.02510
69.199307	1	1	1	0	1546.16331	1524.73363	1529.02890
69.219307	1	1	1	0	1546.16195	1524.73363	1529.02300
69.239306	1	1	1	0	1546.16875	1524.73268	1529.02300
69.259306	1	1	1	0	1546.16700	1524.73552	1529.02700
69.279306	1	1	1	0	1546.16642	1524.73363	1529.02510
69.299306	1	1	1	0	1546.16273	1524.73476	1529.02719
69.319306	1	1	1	0	1546.15534	1524.73476	1529.02700
69.339305	1	1	1	0	1546.14951	1524.73193	1529.02300
69.359305	1	1	1	0	1546.16487	1524.73287	1529.03099
69.379305	1	1	1	0	1546.16934	1524.73363	1529.02300
69.399305	1	1	1	0	1546.15981	1524.73363	1529.02510
69.419305	1	1	1	0	1546.16195	1524.73627	1529.02719
69.439304	1	1	1	0	1546.16195	1524.73193	1529.02909
69.459304	1	1	1	0	1546.16040	1524.73363	1529.02719
69.479304	1	1	1	0	1546.16428	1524.73363	1529.02719
69.499304	1	1	1	0	1546.15981	1524.73552	1529.02510
69.519304	1	1	1	0	1546.15767	1524.73363	1529.02700
69.539303	1	1	1	0	1546.17750	1524.73268	1529.02300
69.559303	1	1	1	0	1546.15884	1524.73287	1529.02890
69.579303	1	1	1	0	1546.16370	1524.73287	1529.02719
69.599303	1	1	1	0	1546.15826	1524.73363	1529.02890
69.619303	1	1	1	0	1546.16487	1524.73193	1529.02510
69.639302	1	1	1	0	1546.15534	1524.73287	1529.02510
69.659302	1	1	1	0	1546.16428	1524.73193	1529.02890
69.679302	1	1	1	0	1546.15165	1524.73363	1529.02719
69.699302	1	1	1	0	1546.16428	1524.73552	1529.02700
69.719302	1	1	1	0	1546.16428	1524.73363	1529.02510
69.739301	1	1	1	0	1546.15826	1524.73363	1529.02510
69.759301	1	1	1	0	1546.15767	1524.73552	1529.02700
69.779301	1	1	1	0	1546.16487	1524.73193	1529.02300
69.799301	1	1	1	0	1546.16642	1524.73552	1529.02719
69.819301	1	1	1	0	1546.15826	1524.73117	1529.02510
69.839301	1	1	1	0	1546.16875	1524.73268	1529.02700
69.859300	1	1	1	0	1546.15612	1524.73287	1529.02719
69.879300	1	1	1	0	1546.15826	1524.73117	1529.02510
69.899300	1	1	1	0	1546.15379	1524.73287	1529.02510
69.919300	1	1	1	0	1546.16273	1524.73287	1529.02700
69.939299	1	1	1	0	1546.16137	1524.73457	1529.02700
69.959299	1	1	1	0	1546.16428	1524.73193	1529.02700
69.979299	1	1	1	0	1546.16428	1524.73476	1529.02719
69.999299	1	1	1	0	1546.16273	1524.73552	1529.02700
70.019299	1	1	1	0	1546.16040	1524.73363	1529.02719
70.039298	1	1	1	0	1546.16934	1524.73193	1529.02700
70.059299	1	1	1	0	1546.16875	1524.73193	1529.02700
70.079298	1	1	1	0	1546.15767	1524.73193	1529.02700
70.099298	1	1	1	0	1546.15981	1524.73193	1529.02909
70.119298	1	1	1	0	1546.15767	1524.73400	1529.02700
70.139297	1	1	1	0	1546.15612	1524.73552	1529.02700
70.159297	1	1	1	0	1546.16428	1524.73457	1529.02719
70.179297	1	1	1	0	1546.15767	1524.73457	1529.02890
70.199297	1	1	1	0	1546.16642	1524.73268	1529.02491
70.219297	1	1	1	0	1546.15981	1524.73363	1529.02491
70.239296	1	1	1	0	1546.16273	1524.73193	1529.02510
70.259296	1	1	1	0	1546.16428	1524.73079	1529.02700
70.279296	1	1	1	0	1546.16370	1524.73457	1529.02510
70.299296	1	1	1	0	1546.16642	1524.73457	1529.02510
70.319296	1	1	1	0	1546.16700	1524.73363	1529.02510
70.339296	1	1	1	0	1546.15981	1524.73363	1529.02700
70.359295	1	1	1	0	1546.16195	1524.73457	1529.02700
70.379295	1	1	1	0	1546.14873	1524.73476	1529.02700
70.399295	1	1	1	0	1546.15981	1524.73193	1529.02890
70.419295	1	1	1	0	1546.16428	1524.73363	1529.02700
70.439295	1	1	1	0	1546.15981	1524.73363	1529.02510
70.459294	1	1	1	0	1546.16487	1524.73268	1529.02510
70.479294	1	1	1	0	1546.16934	1524.73363	1529.02300
70.499294	1	1	1	0	1546.15767	1524.73363	1529.02700
70.519294	1	1	1	0	1546.16934	1524.73665	1529.02890
70.539294	1	1	1	0	1546.16137	1524.73552	1529.02700
70.559293	1	1	1	0	1546.16040	1524.73193	1529.02510
70.579293	1	1	1	0	1546.16642	1524.73457	1529.02700
70.599293	1	1	1	0	1546.15826	1524.73363	1529.02510
70.619292	1	1	1	0	1546.16487	1524.73268	1529.02300
70.639292	1	1	1	0	1546.16273	1524.73476	1529.02890
70.659292	1	1	1	0	1546.16428	1524.73552	1529.02510
70.679292	1	1	1	0	1546.16428	1524.73363	1529.02510
70.699292	1	1	1	0	1546.16487	1524.73363	1529.02700
70.719292	1	1	1	0	1546.16040	1524.73117	1529.02510
70.739291	1	1	1	0	1546.16273	1524.73363	1529.02510
70.759291	1	1	1	0	1546.16195	1524.73552	1529.02890
70.779291	1	1	1	0	1546.15981	1524.73457	1529.02700
70.799291	1	1	1	0	1546.16428	1524.73665	1529.02700
70.819291	1	1	1	0	1546.15826	1524.73457	1529.02510
70.839290	1	1	1	0	1546.15981	1524.73268	1529.02890
70.859290	1	1	1	0	1546.16487	1524.73193	1529.02510
70.879290	1	1	1	0	1546.15767	1524.73193	1529.02719
70.899290	1	1	1	0	1546.16040	1524.73476	1529.02700
70.919290	1	1	1	0	1546.16273	1524.73589	1529.02510
70.939289	1	1	1	0	1546.16195	1524.73117	1529.02719
70.959289	1	1	1	0	1546.16642	1524.73287	1529.02700
70.979289	1	1	1	0	1546.16331	1524.73457	1529.02510
70.999289	1	1	1	0	1546.15534	1524.73363	1529.02700
71.019289	1	1	1	0	1546.15981	1524.73552	1529.02510
71.039288	1	1	1	0	1546.16875	1524.73287	1529.02700
71.059288	1	1	1	0	1546.15981	1524.73363	1529.02510
71.079288	1	1	1	0	1546.15826	1524.73476	1529.02719
71.099288	1	1	1	0	1546.16798	1524.73363	1529.02491
71.119288	1	1	1	0	1546.15981	1524.73363	1529.02300
71.139287	1	1	1	0	1546.16934	1524.73287	1529.02909
71.159287	1	1	1	0	1546.16195	1524.73268	1529.02510
71.179287	1	1	1	0	1546.15981	1524.73457	1529.02890
71.199287	1	1	1	0	1546.16642	1524.73476	1529.02700
71.219287	1	1	1	0	1546.17089	1524.73476	1529.02700
71.239287	1	1	1	0	1546.15165	1524.73476	1529.02510
71.259286	1	1	1	0	1546.15612	1524.73476	1529.02110
71.279286	1	1	1	0	1546.16040	1524.73552	1529.03080
71.299286	1	1	1	0	1546.16195	1524.73193	1529.02719
71.319286	1	1	1	0	1546.16040	1524.73193	1529.02700
71.339286	1	1	1	0	1546.15534	1524.73363	1529.02300
71.359285	1	1	1	0	1546.16273	1524.73665	1529.02719
71.379285	1	1	1	0	1546.15379	1524.73552	1529.02700
71.399285	1	1	1	0	1546.16642	1524.73268	1529.02719
71.419285	1	1	1	0	1546.16487	1524.73457	1529.02510
71.439284	1	1	1	0	1546.16487	1524.73193	1529.02700
71.459284	1	1	1	0	1546.16195	1524.73363	1529.02890
71.479284	1	1	1	0	1546.16428	1524.73193	1529.02700
71.499284	1	1	1	0	1546.16487	1524.73552	1529.02719
71.519284	1	1	1	0	1546.15165	1524.73363	1529.02700
71.539284	1	1	1	0	1546.15612	1524.73117	1529.02700
71.559283	1	1	1	0	1546.15981	1524.73287	1529.02510
71.579283	1	1	1	0	1546.16934	1524.73627	1529.02700
71.599283	1	1	1	0	1546.16040	1524.73476	1529.02510
71.619283	1	1	1	0	1546.16040	1524.73363	1529.02719
71.639282	1	1	1	0	1546.16273	1524.73552	1529.02719
71.659282	1	1	1	0	1546.16428	1524.73287	1529.02719
71.679282	1	1	1	0	1546.15826	1524.73665	1529.02719
71.699282	1	1	1	0	1546.16487	1524.73665	1529.02510
71.719282	1	1	1	0	1546.16273	1524.73363	1529.02510
71.739281	1	1	1	0	1546.16195	1524.73363	1529.02700
71.759281	1	1	1	0	1546.16195	1524.73287	1529.02719
71.779281	1	1	1	0	1546.16778	1524.73287	1529.02719
71.799281	1	1	1	0	1546.16195	1524.73363	1529.02700
71.819281	1	1	1	0	1546.16701	1524.73287	1529.02510
71.839280	1	1	1	0	1546.16429	1524.73287	1529.02700
71.859280	1	1	1	0	1546.15768	1524.73363	1529.02700
71.879280	1	1	1	0	1546.16642	1524.73552	1529.02510
71.899280	1	1	1	0	1546.16487	1524.73363	1529.02890
71.919280	1	1	1	0	1546.15534	1524.73193	1529.02719
71.939280	1	1	1	0	1546.16040	1524.73363	1529.02719
71.959280	1	1	1	0	1546.15321	1524.73476	1529.02700
71.979279	1	1	1	0	1546.16487	1524.73363	1529.02491
71.999279	1	1	1	0	1546.16195	1524.73363	1529.02700
72.019279	1	1	1	0	1546.15379	1524.73268	1529.02700
72.039279	1	1	1	0	1546.15612	1524.73193	1529.02700
72.059278	1	1	1	0	1546.15981	1524.73363	1529.02700
72.079278	1	1	1	0	1546.16273	1524.73457	1529.02510
72.099278	1	1	1	0	1546.16273	1524.73552	1529.02510
72.119278	1	1	1	0	1546.16487	1524.73363	1529.02510
72.139278	1	1	1	0	1546.16273	1524.73627	1529.02700
72.159277	1	1	1	0	1546.16876	1524.73287	1529.02700
72.179277	1	1	1	0	1546.15768	1524.73552	1529.02700
72.199277	1	1	1	0	1546.16876	1524.73363	1529.02491
72.219277	1	1	1	0	1546.16195	1524.73476	1529.02510
72.239277	1	1	1	0	1546.15534	1524.73287	1529.02700
72.259276	1	1	1	0	1546.15981	1524.73552	1529.02700
72.279276	1	1	1	0	1546.16429	1524.73287	1529.02700
72.299276	1	1	1	0	1546.16487	1524.73287	1529.02320
72.319276	1	1	1	0	1546.15612	1524.73476	1529.02510
72.339275	1	1	1	0	1546.15476	1524.73363	1529.02510
72.359275	1	1	1	0	1546.15981	1524.73363	1529.02700
72.379275	1	1	1	0	1546.16195	1524.73193	1529.02719
72.399275	1	1	1	0	1546.16545	1524.73363	1529.02510
72.419275	1	1	1	0	1546.16429	1524.73363	1529.02719
72.439274	1	1	1	0	1546.16040	1524.73457	1529.02510
72.459275	1	1	1	0	1546.15981	1524.73552	1529.02510
72.479274	1	1	1	0	1546.16642	1524.73552	1529.02510
72.499274	1	1	1	0	1546.15981	1524.73287	1529.02700
72.519274	1	1	1	0	1546.16195	1524.73401	1529.02510
72.539274	1	1	1	0	1546.15107	1524.73476	1529.02700
72.559273	1	1	1	0	1546.16273	1524.73457	1529.02510
72.579273	1	1	1	0	1546.16429	1524.73476	1529.02700
72.599273	1	1	1	0	1546.16487	1524.73268	1529.02700
72.619273	1	1	1	0	1546.16195	1524.73117	1529.02491
72.639272	1	1	1	0	1546.15981	1524.73457	1529.02719
72.659272	1	1	1	0	1546.16273	1524.73476	1529.02700
72.679272	1	1	1	0	1546.16876	1524.73457	1529.02510
72.699272	1	1	1	0	1546.16040	1524.73363	1529.02510
72.719271	1	1	1	0	1546.16487	1524.73665	1529.02719
72.739272	1	1	1	0	1546.16876	1524.73363	1529.02301
72.759271	1	1	1	0	1546.15165	1524.73287	1529.02719
72.779271	1	1	1	0	1546.16118	1524.73363	1529.02510
72.799271	1	1	1	0	1546.16487	1524.73287	1529.02510
72.819271	1	1	1	0	1546.16040	1524.73476	1529.02700
72.839270	1	1	1	0	1546.15826	1524.73476	1529.02890
72.859270	1	1	1	0	1546.16273	1524.73476	1529.02700
72.879270	1	1	1	0	1546.16642	1524.73665	1529.02719
72.899270	1	1	1	0	1546.15768	1524.73212	1529.02700
72.919270	1	1	1	0	1546.16040	1524.73193	1529.02700
72.939270	1	1	1	0	1546.16642	1524.73476	1529.02510
72.959269	1	1	1	0	1546.16273	1524.73363	1529.02510
72.979269	1	1	1	0	1546.16701	1524.73004	1529.02510
72.999269	1	1	1	0	1546.15612	1524.73363	1529.02700
73.019269	1	1	1	0	1546.16701	1524.73268	1529.02510
73.039268	1	1	1	0	1546.16273	1524.73268	1529.02700
73.059268	1	1	1	0	1546.15826	1524.73079	1529.02700
73.079268	1	1	1	0	1546.15981	1524.73363	1529.02890
73.099268	1	1	1	0	1546.16487	1524.73363	1529.02320
73.119267	1	1	1	0	1546.16137	1524.73268	1529.02510
73.139268	1	1	1	0	1546.15826	1524.73552	1529.02719
73.159267	1	1	1	0	1546.15826	1524.73193	1529.02510
73.179267	1	1	1	0	1546.16040	1524.73476	1529.02890
73.199267	1	1	1	0	1546.16040	1524.73287	1529.02700
73.219267	1	1	1	0	1546.15768	1524.73552	1529.02510
73.239266	1	1	1	0	1546.16273	1524.73193	1529.02871
73.259266	1	1	1	0	1546.16642	1524.73552	1529.02510
73.279266	1	1	1	0	1546.15981	1524.73552	1529.02301
73.299266	1	1	1	0	1546.15826	1524.73287	1529.02700
73.319266	1	1	1	0	1546.15768	1524.73193	1529.02510
73.339266	1	1	1	0	1546.16040	1524.73363	1529.02700
73.359265	1	1	1	0	1546.16584	1524.73363	1529.02510
73.379265	1	1	1	0	1546.16273	1524.73363	1529.02510
73.399265	1	1	1	0	1546.15981	1524.73287	1529.02301
73.419265	1	1	1	0	1546.16040	1524.73552	1529.02700
73.439265	1	1	1	0	1546.15981	1524.73401	1529.02719
73.459264	1	1	1	0	1546.16701	1524.73552	1529.02510
73.479264	1	1	1	0	1546.16642	1524.73665	1529.02700
73.499264	1	1	1	0	1546.15826	1524.73363	1529.02719
73.519264	1	1	1	0	1546.15612	1524.73363	1529.02510
73.539263	1	1	1	0	1546.16040	1524.73193	1529.02510
73.559263	1	1	1	0	1546.15165	1524.73004	1529.02510
73.579263	1	1	1	0	1546.15981	1524.73552	1529.02700
73.599263	1	1	1	0	1546.15612	1524.73287	1529.02301
73.619263	1	1	1	0	1546.16195	1524.73268	1529.02510
73.639262	1	1	1	0	1546.16040	1524.73193	1529.02700
73.659262	1	1	1	0	1546.15826	1524.73212	1529.02510
73.679262	1	1	1	0	1546.16195	1524.73363	1529.02890
73.699262	1	1	1	0	1546.16195	1524.73268	1529.02909
73.719262	1	1	1	0	1546.15768	1524.73268	1529.02700
73.739261	1	1	1	0	1546.15165	1524.73363	1529.02719
73.759261	1	1	1	0	1546.15457	1524.73363	1529.02700
73.779261	1	1	1	0	1546.16934	1524.73665	1529.02700
73.799261	1	1	1	0	1546.16876	1524.73363	1529.02700
73.819261	1	1	1	0	1546.16876	1524.73363	1529.02510
73.839261	1	1	1	0	1546.15612	1524.73363	1529.02700
73.859260	1	1	1	0	1546.15165	1524.73363	1529.02700
73.879260	1	1	1	0	1546.15379	1524.73363	1529.02719
73.899260	1	1	1	0	1546.15107	1524.73287	1529.02890
73.919260	1	1	1	0	1546.15981	1524.73363	1529.02700
73.939260	1	1	1	0	1546.15923	1524.73476	1529.02700
73.959259	1	1	1	0	1546.16118	1524.73193	1529.02320
73.979259	1	1	1	0	1546.15457	1524.73193	1529.02700
73.999259	1	1	1	0	1546.15981	1524.73552	1529.02700
74.019258	1	1	1	0	1546.16429	1524.73476	1529.02510
74.039258	1	1	1	0	1546.15981	1524.73665	1529.02301
74.059258	1	1	1	0	1546.15321	1524.73476	1529.02700
74.079258	1	1	1	0	1546.16642	1524.73363	1529.02510
74.099258	1	1	1	0	1546.16429	1524.73457	1529.02719
74.119258	1	1	1	0	1546.16273	1524.73363	1529.02529
74.139257	1	1	1	0	1546.16195	1524.73079	1529.02890
74.159257	1	1	1	0	1546.16701	1524.73665	1529.02890
74.179257	1	1	1	0	1546.15379	1524.73268	1529.02510
74.199257	1	1	1	0	1546.16876	1524.73627	1529.02700
74.219257	1	1	1	0	1546.16195	1524.73193	1529.02700
74.239256	1	1	1	0	1546.16040	1524.73552	1529.02510
74.259256	1	1	1	0	1546.15379	1524.73287	1529.02491
74.279256	1	1	1	0	1546.15982	1524.73552	1529.02510
74.299256	1	1	1	0	1546.15379	1524.73363	1529.02700
74.319256	1	1	1	0	1546.16643	1524.73552	1529.02320
74.339255	1	1	1	0	1546.15826	1524.73269	1529.02719
74.359255	1	1	1	0	1546.15884	1524.73193	1529.02510
74.379255	1	1	1	0	1546.16195	1524.73193	1529.02890
74.399255	1	1	1	0	1546.16643	1524.73401	1529.02890
74.419255	1	1	1	0	1546.16643	1524.73457	1529.02719
74.439255	1	1	1	0	1546.16643	1524.73363	1529.02700
74.459254	1	1	1	0	1546.16429	1524.73363	1529.02890
74.479254	1	1	1	0	1546.15923	1524.73552	1529.02510
74.499254	1	1	1	0	1546.15826	1524.73476	1529.02510
74.519255	1	1	1	0	1546.16487	1524.73476	1529.02700
74.539253	1	1	1	0	1546.16429	1524.73193	1529.02491
74.559253	1	1	1	0	1546.16487	1524.73287	1529.02491
74.579253	1	1	1	0	1546.15982	1524.73590	1529.02700
74.599253	1	1	1	0	1546.15884	1524.73363	1529.02320
74.619252	1	1	1	0	1546.15768	1524.73363	1529.02890
74.639252	1	1	1	0	1546.16273	1524.73476	1529.02700
74.659252	1	1	1	0	1546.15768	1524.73476	1529.02890
74.679252	1	1	1	0	1546.15535	1524.73269	1529.02700
74.699252	1	1	1	0	1546.16273	1524.73287	1529.02700
74.719252	1	1	1	0	1546.15826	1524.73287	1529.02719
74.739251	1	1	1	0	1546.16429	1524.73287	1529.02700
74.759251	1	1	1	0	1546.15107	1524.73363	1529.02700
74.779251	1	1	1	0	1546.15768	1524.73193	1529.02320
74.799251	1	1	1	0	1546.15982	1524.73476	1529.02510
74.819251	1	1	1	0	1546.15826	1524.73741	1529.02510
74.839250	1	1	1	0	1546.16273	1524.73552	1529.02510
74.859250	1	1	1	0	1546.16195	1524.73363	1529.02301
74.879250	1	1	1	0	1546.16701	1524.73363	1529.02890
74.899250	1	1	1	0	1546.15768	1524.73363	1529.02700
74.919250	1	1	1	0	1546.16992	1524.73193	1529.02700
74.939250	1	1	1	0	1546.15768	1524.73363	1529.02700
74.959249	1	1	1	0	1546.15923	1524.73363	1529.02700
74.979249	1	1	1	0	1546.16876	1524.73287	1529.02700
74.999249	1	1	1	0	1546.16332	1524.73552	1529.02510
75.019249	1	1	1	0	1546.16040	1524.73287	1529.03099
75.039248	1	1	1	0	1546.16195	1524.73287	1529.02890
75.059248	1	1	1	0	1546.15612	1524.73363	1529.02700
75.079248	1	1	1	0	1546.16273	1524.73363	1529.02320
75.099248	1	1	1	0	1546.16040	1524.73363	1529.02719
75.119248	1	1	1	0	1546.15165	1524.73363	1529.02700
75.139247	1	1	1	0	1546.16195	1524.73363	1529.02719
75.159247	1	1	1	0	1546.15768	1524.73476	1529.02890
75.179247	1	1	1	0	1546.16934	1524.73287	1529.02700
75.199247	1	1	1	0	1546.16429	1524.73363	1529.02719
75.219247	1	1	1	0	1546.16487	1524.73269	1529.02491
75.239246	1	1	1	0	1546.15826	1524.73193	1529.02700
75.259246	1	1	1	0	1546.15768	1524.73363	1529.02320
75.279246	1	1	1	0	1546.16195	1524.73269	1529.02510
75.299246	1	1	1	0	1546.16273	1524.73476	1529.02719
75.319246	1	1	1	0	1546.15826	1524.73363	1529.02491
75.339245	1	1	1	0	1546.16487	1524.73363	1529.02491
75.359245	1	1	1	0	1546.16429	1524.73457	1529.02510
75.379245	1	1	1	0	1546.15826	1524.73476	1529.02510
75.399245	1	1	1	0	1546.16040	1524.73552	1529.02700
75.419245	1	1	1	0	1546.15982	1524.73193	1529.02700
75.439245	1	1	1	0	1546.16040	1524.73193	1529.02700
75.459244	1	1	1	0	1546.16195	1524.73079	1529.02719
75.479244	1	1	1	0	1546.16429	1524.73193	1529.02909
75.499244	1	1	1	0	1546.15379	1524.73269	1529.02510
75.519243	1	1	1	0	1546.15768	1524.73552	1529.02510
75.539243	1	1	1	0	1546.16701	1524.73363	1529.02510
75.559243	1	1	1	0	1546.16040	1524.72890	1529.02700
75.579246	1	1	1	0	1546.16487	1524.73269	1529.02700
75.599243	1	1	1	0	1546.16370	1524.73079	1529.02510
75.619242	1	1	1	0	1546.15321	1524.73552	1529.02510
75.639242	1	1	1	0	1546.15768	1524.73287	1529.02700
75.659242	1	1	1	0	1546.15826	1524.73552	1529.02700
75.679242	1	1	1	0	1546.15982	1524.73287	1529.02491
75.699242	1	1	1	0	1546.16137	1524.73552	1529.02890
75.719242	1	1	1	0	1546.16429	1524.73363	1529.02301
75.739241	1	1	1	0	1546.16429	1524.73287	1529.02700
75.759241	1	1	1	0	1546.16487	1524.73193	1529.02510
75.779241	1	1	1	0	1546.15826	1524.73193	1529.02491
75.799241	1	1	1	0	1546.16195	1524.73363	1529.02510
75.819241	1	1	1	0	1546.16273	1524.73476	1529.02719
75.839240	1	1	1	0	1546.16195	1524.73363	1529.02510
75.859240	1	1	1	0	1546.14952	1524.73457	1529.02890
75.879240	1	1	1	0	1546.16040	1524.73476	1529.02700
75.899240	1	1	1	0	1546.16195	1524.73193	1529.02890
75.919240	1	1	1	0	1546.15826	1524.73212	1529.02719
75.939239	1	1	1	0	1546.15107	1524.73552	1529.02700
75.959239	1	1	1	0	1546.15982	1524.73193	1529.02909
75.979239	1	1	1	0	1546.16643	1524.73363	1529.02510
75.999239	1	1	1	0	1546.16195	1524.73193	1529.02890
76.019238	1	1	1	0	1546.16040	1524.73363	1529.02890
76.039238	1	1	1	0	1546.16195	1524.73363	1529.02890
76.059238	1	1	1	0	1546.15107	1524.73476	1529.02529
76.079238	1	1	1	0	1546.16487	1524.73193	1529.02700
76.099238	1	1	1	0	1546.15826	1524.73287	1529.02909
76.119238	1	1	1	0	1546.17148	1524.73363	1529.02510
76.139237	1	1	1	0	1546.16040	1524.73193	1529.02491
76.159237	1	1	1	0	1546.16429	1524.73363	1529.02510
76.179237	1	1	1	0	1546.16643	1524.73476	1529.02510
76.199237	1	1	1	0	1546.16429	1524.73552	1529.02719
76.219237	1	1	1	0	1546.15535	1524.73363	1529.02510
76.239236	1	1	1	0	1546.16701	1524.73287	1529.02700
76.259236	1	1	1	0	1546.15612	1524.73476	1529.02700
76.279236	1	1	1	0	1546.16195	1524.73363	1529.02510
76.299236	1	1	1	0	1546.16643	1524.73117	1529.02510
76.319236	1	1	1	0	1546.15982	1524.73269	1529.02700
76.339236	1	1	1	0	1546.16040	1524.73476	1529.02510
76.359235	1	1	1	0	1546.15982	1524.73363	1529.02510
76.379235	1	1	1	0	1546.15768	1524.73363	1529.02719
76.399235	1	1	1	0	1546.15535	1524.73363	1529.02510
76.419235	1	1	1	0	1546.15321	1524.73457	1529.02510
76.439234	1	1	1	0	1546.16273	1524.73552	1529.02700
76.459234	1	1	1	0	1546.16273	1524.73363	1529.02700
76.479234	1	1	1	0	1546.17303	1524.73401	1529.02700
76.499234	1	1	1	0	1546.16273	1524.73287	1529.02320
76.519233	1	1	1	0	1546.16195	1524.73287	1529.02719
76.539233	1	1	1	0	1546.16934	1524.73457	1529.02510
76.559233	1	1	1	0	1546.16040	1524.73287	1529.02700
76.579233	1	1	1	0	1546.16934	1524.73269	1529.02890
76.599233	1	1	1	0	1546.16195	1524.73457	1529.02510
76.619233	1	1	1	0	1546.16195	1524.73193	1529.02700
76.639232	1	1	1	0	1546.16798	1524.73269	1529.02510
76.659232	1	1	1	0	1546.16487	1524.73363	1529.02700
76.679232	1	1	1	0	1546.15535	1524.73193	1529.02510
76.699232	1	1	1	0	1546.15535	1524.73552	1529.02700
76.719232	1	1	1	0	1546.16429	1524.73477	1529.02700
76.739231	1	1	1	0	1546.15982	1524.73269	1529.02301
76.759231	1	1	1	0	1546.15613	1524.73193	1529.02510
76.779231	1	1	1	0	1546.16429	1524.73363	1529.02510
76.799231	1	1	1	0	1546.15613	1524.73288	1529.02700
76.819231	1	1	1	0	1546.15768	1524.73363	1529.02890
76.839231	1	1	1	0	1546.15768	1524.73477	1529.02890
76.859230	1	1	1	0	1546.15768	1524.73477	1529.02700
76.879230	1	1	1	0	1546.17304	1524.73477	1529.02510
76.899230	1	1	1	0	1546.15671	1524.73269	1529.02320
76.919230	1	1	1	0	1546.16040	1524.73363	1529.02719
76.939229	1	1	1	0	1546.15107	1524.73193	1529.02719
76.959229	1	1	1	0	1546.15826	1524.73288	1529.02909
76.979229	1	1	1	0	1546.16487	1524.73193	1529.02510
76.999229	1	1	1	0	1546.15982	1524.73288	1529.02491
77.019228	1	1	1	0	1546.15321	1524.73363	1529.02719
77.039228	1	1	1	0	1546.16273	1524.73741	1529.02510
77.059228	1	1	1	0	1546.15982	1524.73288	1529.02700
77.079228	1	1	1	0	1546.16196	1524.73288	1529.02700
77.099228	1	1	1	0	1546.16429	1524.73288	1529.02719
77.119228	1	1	1	0	1546.16273	1524.73269	1529.02700
77.139229	1	1	1	0	1546.16934	1524.73363	1529.02510
77.159227	1	1	1	0	1546.15768	1524.73477	1529.02700
77.179227	1	1	1	0	1546.15613	1524.73363	1529.02700
77.199227	1	1	1	0	1546.16196	1524.73288	1529.02510
77.219227	1	1	1	0	1546.15982	1524.73269	1529.02719
77.239226	1	1	1	0	1546.15321	1524.73193	1529.02510
77.259226	1	1	1	0	1546.15165	1524.73363	1529.02719
77.279226	1	1	1	0	1546.16487	1524.73288	1529.02890
77.299226	1	1	1	0	1546.16487	1524.73193	1529.02510
77.319226	1	1	1	0	1546.15826	1524.73477	1529.02700
77.339226	1	1	1	0	1546.16876	1524.73117	1529.02890
77.359225	1	1	1	0	1546.16487	1524.73193	1529.02890
77.379225	1	1	1	0	1546.16643	1524.73363	1529.02510
77.399225	1	1	1	0	1546.16040	1524.73288	1529.02719
77.419225	1	1	1	0	1546.16273	1524.73193	1529.02700
77.439225	1	1	1	0	1546.15982	1524.73269	1529.02510
77.459224	1	1	1	0	1546.16545	1524.73288	1529.02301
77.479224	1	1	1	0	1546.16040	1524.73363	1529.02700
77.499224	1	1	1	0	1546.15379	1524.73269	1529.02909
77.519224	1	1	1	0	1546.15982	1524.73363	1529.02510
77.539223	1	1	1	0	1546.16118	1524.73117	1529.02700
77.559223	1	1	1	0	1546.16273	1524.73288	1529.02510
77.579223	1	1	1	0	1546.16196	1524.73363	1529.02719
77.599223	1	1	1	0	1546.16487	1524.73269	1529.02700
77.619223	1	1	1	0	1546.16429	1524.73117	1529.02890
77.639222	1	1	1	0	1546.15826	1524.73363	1529.02510
77.659222	1	1	1	0	1546.16040	1524.73193	1529.02890
77.679222	1	1	1	0	1546.16779	1524.73628	1529.02700
77.699222	1	1	1	0	1546.16040	1524.73363	1529.02700
77.719222	1	1	1	0	1546.16196	1524.73363	1529.02719
77.739221	1	1	1	0	1546.15321	1524.73193	1529.02890
77.759221	1	1	1	0	1546.15321	1524.73288	1529.02700
77.779221	1	1	1	0	1546.16273	1524.73363	1529.03080
77.799221	1	1	1	0	1546.16196	1524.73193	1529.02890
77.819221	1	1	1	0	1546.15768	1524.73363	1529.02719
77.839220	1	1	1	0	1546.16040	1524.73363	1529.02491
77.859220	1	1	1	0	1546.17090	1524.73458	1529.02700
77.879220	1	1	1	0	1546.16779	1524.73552	1529.02510
77.899220	1	1	1	0	1546.15535	1524.73269	1529.02510
77.919219	1	1	1	0	1546.16273	1524.73193	1529.02320
77.939219	1	1	1	0	1546.16137	1524.73193	1529.02510
77.959219	1	1	1	0	1546.16429	1524.73458	1529.02890
77.979219	1	1	1	0	1546.16701	1524.73269	1529.02890
77.999219	1	1	1	0	1546.16273	1524.73288	1529.02510
78.019218	1	1	1	0	1546.15826	1524.73552	1529.02700
78.039218	1	1	1	0	1546.15826	1524.73363	1529.02510
78.059218	1	1	1	0	1546.16779	1524.73477	1529.02510
78.079218	1	1	1	0	1546.16196	1524.73363	1529.02510
78.099218	1	1	1	0	1546.16701	1524.73552	1529.02700
78.119218	1	1	1	0	1546.15826	1524.73288	1529.02510
78.139217	1	1	1	0	1546.16429	1524.73269	1529.02510
78.159217	1	1	1	0	1546.15982	1524.73117	1529.02700
78.179217	1	1	1	0	1546.16196	1524.73477	1529.02700
78.199217	1	1	1	0	1546.15379	1524.73193	1529.02700
78.219217	1	1	1	0	1546.14952	1524.73269	1529.02510
78.239217	1	1	1	0	1546.16487	1524.73288	1529.02510
78.259216	1	1	1	0	1546.16643	1524.73193	1529.02700
78.279216	1	1	1	0	1546.15982	1524.73212	1529.02700
78.299216	1	1	1	0	1546.16487	1524.73117	1529.02700
78.319216	1	1	1	0	1546.15826	1524.73477	1529.02510
78.339215	1	1	1	0	1546.16429	1524.73477	1529.02700
78.359215	1	1	1	0	1546.16487	1524.73666	1529.02510
78.379215	1	1	1	0	1546.15768	1524.73212	1529.02510
78.399215	1	1	1	0	1546.15379	1524.73193	1529.02700
78.419214	1	1	1	0	1546.15107	1524.73193	1529.02510
78.439214	1	1	1	0	1546.15613	1524.73363	1529.02719
78.459214	1	1	1	0	1546.15613	1524.73363	1529.02719
78.479214	1	1	1	0	1546.16040	1524.73458	1529.02510
78.499214	1	1	1	0	1546.16332	1524.73193	1529.02510
78.519213	1	1	1	0	1546.16429	1524.73458	1529.02700
78.539213	1	1	1	0	1546.15768	1524.73741	1529.02891
78.559213	1	1	1	0	1546.16429	1524.73212	1529.02510
78.579213	1	1	1	0	1546.16934	1524.73363	1529.02320
78.599213	1	1	1	0	1546.15982	1524.73552	1529.02320
78.619213	1	1	1	0	1546.15166	1524.73193	1529.02719
78.639212	1	1	1	0	1546.16196	1524.73552	1529.02700
78.659212	1	1	1	0	1546.17090	1524.73118	1529.02700
78.679212	1	1	1	0	1546.15982	1524.73552	1529.02700
78.699212	1	1	1	0	1546.16274	1524.73193	1529.02700
78.719212	1	1	1	0	1546.15379	1524.73269	1529.02301
78.739211	1	1	1	0	1546.16429	1524.73193	1529.02320
78.759211	1	1	1	0	1546.16332	1524.73118	1529.02700
78.779211	1	1	1	0	1546.16701	1524.73118	1529.02510
78.799211	1	1	1	0	1546.16585	1524.73363	1529.02719
78.819211	1	1	1	0	1546.16487	1524.73288	1529.02719
78.839210	1	1	1	0	1546.16196	1524.73552	1529.03100
78.859210	1	1	1	0	1546.16934	1524.73193	1529.02510
78.879210	1	1	1	0	1546.16701	1524.73363	1529.02510
78.899210	1	1	1	0	1546.15379	1524.73288	1529.02719
78.919209	1	1	1	0	1546.15768	1524.73363	1529.02700
78.939209	1	1	1	0	1546.16643	1524.73477	1529.02510
78.959209	1	1	1	0	1546.16196	1524.73363	1529.02700
78.979209	1	1	1	0	1546.16196	1524.73193	1529.02700
78.999209	1	1	1	0	1546.15768	1524.73118	1529.02320
79.019208	1	1	1	0	1546.15768	1524.73118	1529.02700
79.039208	1	1	1	0	1546.16487	1524.73193	1529.02719
79.059208	1	1	1	0	1546.15827	1524.73288	1529.02510
79.079208	1	1	1	0	1546.15982	1524.73458	1529.02111
79.099208	1	1	1	0	1546.15982	1524.73193	1529.02510
79.119208	1	1	1	0	1546.16487	1524.73193	1529.02320
79.139207	1	1	1	0	1546.15924	1524.73458	1529.02510
79.159207	1	1	1	0	1546.15982	1524.73363	1529.02510
79.179207	1	1	1	0	1546.15768	1524.73363	1529.02891
79.199207	1	1	1	0	1546.15827	1524.73552	1529.02700
79.219207	1	1	1	0	1546.16993	1524.73363	1529.02510
79.239206	1	1	1	0	1546.16429	1524.73477	1529.02510
79.259206	1	1	1	0	1546.15613	1524.73363	1529.02719
79.279206	1	1	1	0	1546.16274	1524.73269	1529.02891
79.299206	1	1	1	0	1546.15982	1524.73193	1529.02719
79.319206	1	1	1	0	1546.16643	1524.73363	1529.02719
79.339205	1	1	1	0	1546.15982	1524.73288	1529.02891
79.359205	1	1	1	0	1546.16701	1524.73269	1529.02510
79.379205	1	1	1	0	1546.16040	1524.73212	1529.02700
79.399205	1	1	1	0	1546.16643	1524.73401	1529.02320
79.419204	1	1	1	0	1546.16196	1524.73552	1529.02510
79.439204	1	1	1	0	1546.16429	1524.73193	1529.02510
79.459204	1	1	1	0	1546.16701	1524.73288	1529.02700
79.479204	1	1	1	0	1546.16585	1524.73118	1529.02700
79.499204	1	1	1	0	1546.15982	1524.73363	1529.02891
79.519203	1	1	1	0	1546.15827	1524.73552	1529.02510
79.539203	1	1	1	0	1546.16429	1524.73269	1529.02510
79.559203	1	1	1	0	1546.16643	1524.73269	1529.02111
79.579203	1	1	1	0	1546.15613	1524.73193	1529.02891
79.599203	1	1	1	0	1546.15768	1524.73118	1529.02510
79.619203	1	1	1	0	1546.16487	1524.73288	1529.02719
79.639202	1	1	1	0	1546.16429	1524.73288	1529.02700
79.659202	1	1	1	0	1546.16701	1524.73363	1529.02491
79.679202	1	1	1	0	1546.16487	1524.73552	1529.02700
79.699202	1	1	1	0	1546.16196	1524.73288	1529.02719
79.719202	1	1	1	0	1546.16040	1524.73363	1529.02510
79.739201	1	1	1	0	1546.16487	1524.73288	1529.02301
79.759201	1	1	1	0	1546.16429	1524.73477	1529.02510
79.779201	1	1	1	0	1546.15982	1524.73363	1529.02510
79.799201	1	1	1	0	1546.16487	1524.73193	1529.02719
79.819201	1	1	1	0	1546.16040	1524.73363	1529.02700
79.839200	1	1	1	0	1546.16274	1524.73552	1529.02719
79.859200	1	1	1	0	1546.16196	1524.73193	1529.02719
79.879200	1	1	1	0	1546.15885	1524.73552	1529.02700
79.899200	1	1	1	0	1546.16274	1524.73552	1529.02700
79.919200	1	1	1	0	1546.15613	1524.73269	1529.02529
79.939199	1	1	1	0	1546.15827	1524.73193	1529.02510
79.959199	1	1	1	0	1546.16643	1524.73363	1529.02510
79.979199	1	1	1	0	1546.16196	1524.73193	1529.02510
79.999199	1	1	1	0	1546.15827	1524.73553	1529.02510
80.019198	1	1	1	0	1546.15768	1524.73269	1529.02891
80.039198	1	1	1	0	1546.15768	1524.73364	1529.02510
80.059198	1	1	1	0	1546.16196	1524.73269	1529.02720
80.079198	1	1	1	0	1546.16041	1524.73193	1529.02700
80.099198	1	1	1	0	1546.17149	1524.73193	1529.02700
80.119197	1	1	1	0	1546.17149	1524.73193	1529.02700
80.139197	1	1	1	0	1546.16196	1524.73364	1529.02910
80.159197	1	1	1	0	1546.16041	1524.73193	1529.02700
80.179197	1	1	1	0	1546.16429	1524.73553	1529.02510
80.199197	1	1	1	0	1546.16701	1524.73458	1529.02891
80.219197	1	1	1	0	1546.16041	1524.73458	1529.02510
80.239196	1	1	1	0	1546.16429	1524.73288	1529.02510
80.259197	1	1	1	0	1546.15768	1524.73288	1529.02700
80.279196	1	1	1	0	1546.16274	1524.73193	1529.02510
80.299196	1	1	1	0	1546.16429	1524.73288	1529.02301
80.319196	1	1	1	0	1546.15768	1524.73458	1529.02720
80.339195	1	1	1	0	1546.15982	1524.73193	1529.02320
80.359195	1	1	1	0	1546.16274	1524.73193	1529.02510
80.379195	1	1	1	0	1546.16196	1524.73553	1529.02510
80.399195	1	1	1	0	1546.15613	1524.73364	1529.02492
80.419195	1	1	1	0	1546.15827	1524.73364	1529.02720
80.439194	1	1	1	0	1546.16196	1524.73364	1529.02700
80.459194	1	1	1	0	1546.16274	1524.73193	1529.02510
80.479194	1	1	1	0	1546.15827	1524.73553	1529.02700
80.499194	1	1	1	0	1546.16041	1524.73193	1529.02510
80.519193	1	1	1	0	1546.16643	1524.73477	1529.02111
80.539193	1	1	1	0	1546.16274	1524.73364	1529.02510
80.559193	1	1	1	0	1546.16488	1524.73193	1529.02720
80.579193	1	1	1	0	1546.16274	1524.73193	1529.02510
80.599193	1	1	1	0	1546.15982	1524.73269	1529.02700
80.619193	1	1	1	0	1546.16041	1524.73193	1529.02301
80.639192	1	1	1	0	1546.16041	1524.73269	1529.02510
80.659192	1	1	1	0	1546.16488	1524.73288	1529.02700
80.679192	1	1	1	0	1546.16429	1524.73193	1529.02301
80.699192	1	1	1	0	1546.16274	1524.73364	1529.02720
80.719192	1	1	1	0	1546.15827	1524.73553	1529.02700
80.739191	1	1	1	0	1546.17090	1524.73364	1529.02510
80.759191	1	1	1	0	1546.15768	1524.73364	1529.02510
80.779191	1	1	1	0	1546.15768	1524.73364	1529.02510
80.799191	1	1	1	0	1546.16702	1524.73288	1529.02891
80.819191	1	1	1	0	1546.16041	1524.73194	1529.02511
80.839190	1	1	1	0	1546.16488	1524.73477	1529.02511
80.859190	1	1	1	0	1546.16429	1524.73288	1529.02701
80.879190	1	1	1	0	1546.15827	1524.73477	1529.02511
80.899190	1	1	1	0	1546.15827	1524.73194	1529.02720
80.919189	1	1	1	0	1546.16702	1524.73364	1529.02511
80.939189	1	1	1	0	1546.16196	1524.73477	1529.02701
80.959189	1	1	1	0	1546.16488	1524.73288	1529.02511
80.979189	1	1	1	0	1546.16643	1524.73364	1529.02511
80.999189	1	1	1	0	1546.16429	1524.73194	1529.02891
81.019188	1	1	1	0	1546.16546	1524.73364	1529.02511
81.039188	1	1	1	0	1546.16429	1524.73288	1529.02891
81.059188	1	1	1	0	1546.15769	1524.73288	1529.02701
81.079188	1	1	1	0	1546.15613	1524.73553	1529.02891
81.099188	1	1	1	0	1546.16643	1524.73666	1529.02321
81.119188	1	1	1	0	1546.16274	1524.73194	1529.02701
81.139187	1	1	1	0	1546.16041	1524.73458	1529.02701
81.159187	1	1	1	0	1546.15769	1524.73477	1529.02301
81.179187	1	1	1	0	1546.15535	1524.73288	1529.02701
81.199187	1	1	1	0	1546.16643	1524.73288	1529.02701
81.219187	1	1	1	0	1546.16274	1524.73364	1529.02530
81.239186	1	1	1	0	1546.15982	1524.73364	1529.02511
81.259186	1	1	1	0	1546.15982	1524.73364	1529.02701
81.279186	1	1	1	0	1546.15166	1524.73553	1529.02301
81.299186	1	1	1	0	1546.16643	1524.73345	1529.02720
81.319185	1	1	1	0	1546.16332	1524.73364	1529.02701
81.339185	1	1	1	0	1546.16488	1524.73288	1529.02511
81.359185	1	1	1	0	1546.16274	1524.73364	1529.02720
81.379185	1	1	1	0	1546.15827	1524.73364	1529.02321
81.399185	1	1	1	0	1546.15827	1524.73118	1529.02301
81.419184	1	1	1	0	1546.15827	1524.73477	1529.02720
81.439184	1	1	1	0	1546.16488	1524.73553	1529.02511
81.459184	1	1	1	0	1546.16196	1524.73194	1529.02891
81.479184	1	1	1	0	1546.16876	1524.73364	1529.02111
81.499184	1	1	1	0	1546.15982	1524.73477	1529.02701
81.519184	1	1	1	0	1546.16643	1524.73364	1529.02511
81.539183	1	1	1	0	1546.15769	1524.73364	1529.02701
81.559183	1	1	1	0	1546.14952	1524.73194	1529.02511
81.579183	1	1	1	0	1546.15613	1524.73553	1529.03100
81.599183	1	1	1	0	1546.15458	1524.73288	1529.02511
81.619183	1	1	1	0	1546.15671	1524.73458	1529.02910
81.639182	1	1	1	0	1546.16041	1524.73364	1529.02511
81.659182	1	1	1	0	1546.15827	1524.73194	1529.02720
81.679182	1	1	1	0	1546.16429	1524.73477	1529.02701
81.699182	1	1	1	0	1546.16643	1524.73288	1529.02321
81.719182	1	1	1	0	1546.15982	1524.73477	1529.02891
81.739181	1	1	1	0	1546.16585	1524.73080	1529.02701
81.759181	1	1	1	0	1546.15380	1524.73364	1529.02321
81.779181	1	1	1	0	1546.15982	1524.73364	1529.02511
81.799181	1	1	1	0	1546.16488	1524.73194	1529.02511
81.819180	1	1	1	0	1546.16274	1524.73269	1529.02511
81.839180	1	1	1	0	1546.15477	1524.73364	1529.02701
81.859180	1	1	1	0	1546.16643	1524.73288	1529.02511
81.879180	1	1	1	0	1546.16643	1524.73269	1529.02321
81.899180	1	1	1	0	1546.16429	1524.73288	1529.03100
81.919180	1	1	1	0	1546.15613	1524.73364	1529.02511
81.939179	1	1	1	0	1546.15535	1524.73364	1529.02720
81.959179	1	1	1	0	1546.15982	1524.73194	1529.02301
81.979179	1	1	1	0	1546.16702	1524.73194	1529.02511
81.999179	1	1	1	0	1546.15827	1524.73194	1529.03100
82.019179	1	1	1	0	1546.17304	1524.73194	1529.02492
82.039178	1	1	1	0	1546.15982	1524.73364	1529.02891
82.059178	1	1	1	0	1546.16488	1524.73080	1529.02891
82.079178	1	1	1	0	1546.16118	1524.73553	1529.02720
82.099179	1	1	1	0	1546.16488	1524.73080	1529.02701
82.119177	1	1	1	0	1546.15982	1524.73364	1529.02720
82.139177	1	1	1	0	1546.16429	1524.73194	1529.02701
82.159177	1	1	1	0	1546.16274	1524.73194	1529.02910
82.179177	1	1	1	0	1546.15380	1524.73364	1529.02891
82.199177	1	1	1	0	1546.16274	1524.73194	1529.02701
82.219177	1	1	1	0	1546.16041	1524.73364	1529.02511
82.239176	1	1	1	0	1546.15613	1524.73269	1529.02701
82.259176	1	1	1	0	1546.16702	1524.73477	1529.02720
82.279176	1	1	1	0	1546.15827	1524.73458	1529.02321
82.299176	1	1	1	0	1546.16429	1524.73364	1529.02701
82.319176	1	1	1	0	1546.15769	1524.73553	1529.02511
82.339175	1	1	1	0	1546.16041	1524.73458	1529.02701
82.359175	1	1	1	0	1546.16041	1524.73364	1529.02891
82.379175	1	1	1	0	1546.16429	1524.73288	1529.02321
82.399175	1	1	1	0	1546.15535	1524.73477	1529.02511
82.419174	1	1	1	0	1546.16643	1524.73288	1529.02701
82.439174	1	1	1	0	1546.15672	1524.73288	1529.02511
82.459174	1	1	1	0	1546.16702	1524.73364	1529.02701
82.479174	1	1	1	0	1546.16644	1524.73288	1529.02720
82.499174	1	1	1	0	1546.16196	1524.73364	1529.02511
82.519174	1	1	1	0	1546.16274	1524.73402	1529.02891
82.539173	1	1	1	0	1546.16702	1524.73194	1529.02511
82.559173	1	1	1	0	1546.16877	1524.73553	1529.02511
82.579173	1	1	1	0	1546.16041	1524.73269	1529.02492
82.599173	1	1	1	0	1546.16488	1524.73364	1529.02112
82.619172	1	1	1	0	1546.16138	1524.73269	1529.02701
82.639172	1	1	1	0	1546.16274	1524.73269	1529.02302
82.659172	1	1	1	0	1546.16877	1524.73477	1529.02302
82.679172	1	1	1	0	1546.16041	1524.73364	1529.02720
82.699172	1	1	1	0	1546.15613	1524.73364	1529.02112
82.719172	1	1	1	0	1546.16041	1524.73364	1529.02701
82.739171	1	1	1	0	1546.16119	1524.73269	1529.02701
82.759171	1	1	1	0	1546.15613	1524.73553	1529.02511
82.779171	1	1	1	0	1546.16430	1524.73288	1529.02511
82.799171	1	1	1	0	1546.16935	1524.73194	1529.02891
82.819170	1	1	1	0	1546.16488	1524.73288	1529.02511
82.839170	1	1	1	0	1546.15769	1524.73364	1529.03081
82.859170	1	1	1	0	1546.15536	1524.73364	1529.02701
82.879170	1	1	1	0	1546.16274	1524.73364	1529.02492
82.899170	1	1	1	0	1546.15983	1524.73364	1529.02321
82.919169	1	1	1	0	1546.16041	1524.73364	1529.02511
82.939169	1	1	1	0	1546.15827	1524.73553	1529.02910
82.959169	1	1	1	0	1546.16644	1524.73288	1529.02321
82.979169	1	1	1	0	1546.17091	1524.73364	1529.02701
82.999169	1	1	1	0	1546.16430	1524.73194	1529.02701
83.019169	1	1	1	0	1546.16274	1524.73005	1529.02511
83.039168	1	1	1	0	1546.15827	1524.73288	1529.02511
83.059168	1	1	1	0	1546.16585	1524.73213	1529.02720
83.079168	1	1	1	0	1546.16333	1524.73477	1529.02891
83.099168	1	1	1	0	1546.15613	1524.73364	1529.02511
83.119168	1	1	1	0	1546.16935	1524.73118	1529.02492
83.139167	1	1	1	0	1546.15769	1524.73269	1529.02492
83.159167	1	1	1	0	1546.15769	1524.73364	1529.02891
83.179167	1	1	1	0	1546.15769	1524.73364	1529.02720
83.199167	1	1	1	0	1546.16430	1524.73629	1529.02701
83.219167	1	1	1	0	1546.16644	1524.73194	1529.02701
83.239166	1	1	1	0	1546.15827	1524.73288	1529.02321
83.259166	1	1	1	0	1546.16274	1524.73269	1529.02511
83.279166	1	1	1	0	1546.16041	1524.73269	1529.02720
83.299166	1	1	1	0	1546.16488	1524.73364	1529.02492
83.319165	1	1	1	0	1546.16702	1524.73364	1529.02511
83.339165	1	1	1	0	1546.16041	1524.73269	1529.02511
83.359165	1	1	1	0	1546.16644	1524.73477	1529.02701
83.379165	1	1	1	0	1546.16702	1524.73194	1529.02701
83.399165	1	1	1	0	1546.17596	1524.73458	1529.02131
83.419164	1	1	1	0	1546.16430	1524.73458	1529.02492
83.439164	1	1	1	0	1546.15769	1524.73553	1529.02511
83.459164	1	1	1	0	1546.17538	1524.73477	1529.02720
83.479164	1	1	1	0	1546.16430	1524.73118	1529.02511
83.499164	1	1	1	0	1546.16196	1524.73553	1529.02720
83.519164	1	1	1	0	1546.16488	1524.73477	1529.02511
83.539163	1	1	1	0	1546.16041	1524.73364	1529.02720
83.559163	1	1	1	0	1546.16041	1524.73364	1529.02891
83.579163	1	1	1	0	1546.15983	1524.73364	1529.02511
83.599163	1	1	1	0	1546.15827	1524.73364	1529.02511
83.619162	1	1	1	0	1546.17091	1524.73345	1529.02891
83.639162	1	1	1	0	1546.16430	1524.73364	1529.02701
83.659162	1	1	1	0	1546.15769	1524.73402	1529.02511
83.679162	1	1	1	0	1546.17149	1524.73194	1529.02701
83.699162	1	1	1	0	1546.15983	1524.73742	1529.02511
83.719162	1	1	1	0	1546.16430	1524.73194	1529.02891
83.739161	1	1	1	0	1546.16138	1524.73364	1529.02511
83.759161	1	1	1	0	1546.16935	1524.73269	1529.02701
83.779161	1	1	1	0	1546.15769	1524.73364	1529.02891
83.799161	1	1	1	0	1546.16488	1524.73364	1529.02511
83.819160	1	1	1	0	1546.16644	1524.73269	1529.02891
83.839160	1	1	1	0	1546.16644	1524.73364	1529.02302
83.859160	1	1	1	0	1546.15983	1524.73477	1529.02511
83.879160	1	1	1	0	1546.15769	1524.73194	1529.02720
83.899160	1	1	1	0	1546.16196	1524.73288	1529.02511
83.919159	1	1	1	0	1546.15827	1524.73477	1529.02511
83.939160	1	1	1	0	1546.16488	1524.73364	1529.02891
83.959159	1	1	1	0	1546.16196	1524.73553	1529.02891
83.979159	1	1	1	0	1546.16196	1524.73269	1529.02701
83.999159	1	1	1	0	1546.15983	1524.73080	1529.02891
84.019158	1	1	1	0	1546.16041	1524.73364	1529.02891
84.039158	1	1	1	0	1546.16041	1524.73458	1529.02720
84.059158	1	1	1	0	1546.16196	1524.73288	1529.02720
84.079158	1	1	1	0	1546.16488	1524.73364	1529.02701
84.099158	1	1	1	0	1546.16041	1524.73270	1529.02701
84.119157	1	1	1	0	1546.15983	1524.73364	1529.02302
84.139157	1	1	1	0	1546.15769	1524.73402	1529.02701
84.159157	1	1	1	0	1546.17091	1524.73270	1529.02720
84.179157	1	1	1	0	1546.15536	1524.73477	1529.02701
84.199157	1	1	1	0	1546.16644	1524.73477	1529.02511
84.219157	1	1	1	0	1546.17596	1524.73288	1529.02720
84.239156	1	1	1	0	1546.15769	1524.73270	1529.02511
84.259156	1	1	1	0	1546.16644	1524.73288	1529.02720
84.279156	1	1	1	0	1546.16644	1524.73194	1529.02701
84.299156	1	1	1	0	1546.15536	1524.73364	1529.02492
84.319155	1	1	1	0	1546.16119	1524.73364	1529.02701
84.339155	1	1	1	0	1546.16041	1524.73288	1529.02511
84.359155	1	1	1	0	1546.15983	1524.73364	1529.02701
84.379155	1	1	1	0	1546.16041	1524.73364	1529.02511
84.399155	1	1	1	0	1546.16041	1524.73080	1529.02720
84.419154	1	1	1	0	1546.15536	1524.73288	1529.02701
84.439154	1	1	1	0	1546.15769	1524.73364	1529.02701
84.459154	1	1	1	0	1546.15613	1524.73194	1529.02701
84.479154	1	1	1	0	1546.16585	1524.73194	1529.03100
84.499154	1	1	1	0	1546.16799	1524.73118	1529.02891
84.519153	1	1	1	0	1546.16488	1524.73288	1529.02511
84.539153	1	1	1	0	1546.15613	1524.73553	1529.02891
84.559153	1	1	1	0	1546.16041	1524.73270	1529.02720
84.579153	1	1	1	0	1546.16702	1524.73364	1529.02511
84.599153	1	1	1	0	1546.15613	1524.73288	1529.02720
84.619153	1	1	1	0	1546.16197	1524.73477	1529.02701
84.639152	1	1	1	0	1546.16197	1524.73364	1529.02720
84.659152	1	1	1	0	1546.16274	1524.73288	1529.02701
84.679152	1	1	1	0	1546.16138	1524.73364	1529.02511
84.699152	1	1	1	0	1546.16274	1524.73459	1529.02511
84.719151	1	1	1	0	1546.16274	1524.73118	1529.02511
84.739151	1	1	1	0	1546.16430	1524.73459	1529.02701
84.759151	1	1	1	0	1546.16644	1524.73288	1529.02302
84.779151	1	1	1	0	1546.16197	1524.73364	1529.02511
84.799151	1	1	1	0	1546.15827	1524.73553	1529.02720
84.819150	1	1	1	0	1546.16488	1524.73364	1529.02891
84.839150	1	1	1	0	1546.15769	1524.73364	1529.02891
84.859150	1	1	1	0	1546.16197	1524.73364	1529.02701
84.879150	1	1	1	0	1546.16430	1524.73194	1529.02511
84.899150	1	1	1	0	1546.16488	1524.73364	1529.02511
84.919149	1	1	1	0	1546.16702	1524.73459	1529.02511
84.939149	1	1	1	0	1546.16274	1524.73288	1529.02910
84.959149	1	1	1	0	1546.16644	1524.73364	1529.02910
84.979149	1	1	1	0	1546.15691	1524.73364	1529.02720
84.999149	1	1	1	0	1546.16702	1524.73270	1529.02511
85.019149	1	1	1	0	1546.16488	1524.73364	1529.02511
85.039148	1	1	1	0	1546.16644	1524.73553	1529.02511
85.059148	1	1	1	0	1546.16041	1524.73553	1529.02701
85.079148	1	1	1	0	1546.15983	1524.73364	1529.02701
85.099148	1	1	1	0	1546.15613	1524.73459	1529.02530
85.119148	1	1	1	0	1546.16274	1524.73364	1529.02511
85.139147	1	1	1	0	1546.15769	1524.73364	1529.02511
85.159147	1	1	1	0	1546.15983	1524.73364	1529.02511
85.179147	1	1	1	0	1546.16644	1524.73288	1529.02511
85.199147	1	1	1	0	1546.16041	1524.73477	1529.02701
85.219146	1	1	1	0	1546.15536	1524.73364	1529.02511
85.239146	1	1	1	0	1546.16935	1524.73270	1529.02511
85.259146	1	1	1	0	1546.15613	1524.73194	1529.02701
85.279146	1	1	1	0	1546.15322	1524.73288	1529.02511
85.299146	1	1	1	0	1546.16935	1524.73364	1529.02891
85.319145	1	1	1	0	1546.17149	1524.73477	1529.02701
85.339146	1	1	1	0	1546.16041	1524.73270	1529.02511
85.359145	1	1	1	0	1546.16488	1524.73194	1529.02701
85.379145	1	1	1	0	1546.16274	1524.73364	1529.02701
85.399145	1	1	1	0	1546.15322	1524.73194	1529.02701
85.419144	1	1	1	0	1546.16935	1524.73288	1529.02720
85.439144	1	1	1	0	1546.15536	1524.73364	1529.02720
85.459144	1	1	1	0	1546.16702	1524.73364	1529.02720
85.479144	1	1	1	0	1546.15691	1524.73288	1529.02891
85.499144	1	1	1	0	1546.16041	1524.73024	1529.02701
85.519143	1	1	1	0	1546.16994	1524.73118	1529.02701
85.539143	1	1	1	0	1546.16644	1524.73364	1529.02511
85.559143	1	1	1	0	1546.17149	1524.73364	1529.02511
85.579143	1	1	1	0	1546.17091	1524.73080	1529.02891
85.599143	1	1	1	0	1546.15769	1524.73194	1529.02511
85.619143	1	1	1	0	1546.16197	1524.73477	1529.02891
85.639143	1	1	1	0	1546.15983	1524.73477	1529.02891
85.659142	1	1	1	0	1546.16197	1524.73270	1529.02701
85.679142	1	1	1	0	1546.16585	1524.73364	1529.02720
85.699142	1	1	1	0	1546.16197	1524.73288	1529.02511
85.719141	1	1	1	0	1546.15983	1524.73270	1529.02701
85.739141	1	1	1	0	1546.15322	1524.73478	1529.02511
85.759141	1	1	1	0	1546.16197	1524.73289	1529.02701
85.779141	1	1	1	0	1546.15828	1524.73270	1529.02511
85.799141	1	1	1	0	1546.16041	1524.73364	1529.02701
85.819140	1	1	1	0	1546.16488	1524.73289	1529.02891
85.839140	1	1	1	0	1546.15380	1524.73364	1529.03081
85.859140	1	1	1	0	1546.16275	1524.73629	1529.02701
85.879140	1	1	1	0	1546.16138	1524.73289	1529.02701
85.899140	1	1	1	0	1546.16197	1524.73402	1529.02302
85.919139	1	1	1	0	1546.15614	1524.73270	1529.02701
85.939140	1	1	1	0	1546.16702	1524.73364	1529.02701
85.959139	1	1	1	0	1546.17033	1524.73270	1529.02891
85.979139	1	1	1	0	1546.15983	1524.73289	1529.02720
85.999139	1	1	1	0	1546.16275	1524.73289	1529.02701
86.019138	1	1	1	0	1546.16275	1524.73553	1529.02891
86.039138	1	1	1	0	1546.17091	1524.73478	1529.02492
86.059138	1	1	1	0	1546.16702	1524.73270	1529.02701
86.079138	1	1	1	0	1546.16275	1524.73289	1529.02511
86.099138	1	1	1	0	1546.15769	1524.73289	1529.02701
86.119138	1	1	1	0	1546.16197	1524.73364	1529.02701
86.139138	1	1	1	0	1546.15769	1524.73364	1529.02891
86.159137	1	1	1	0	1546.16041	1524.73553	1529.02511
86.179137	1	1	1	0	1546.16430	1524.73364	1529.02891
86.199137	1	1	1	0	1546.15769	1524.73629	1529.02492
86.219136	1	1	1	0	1546.16644	1524.73478	1529.02511
86.239136	1	1	1	0	1546.15536	1524.73270	1529.02511
86.259136	1	1	1	0	1546.16935	1524.73553	1529.02511
86.279136	1	1	1	0	1546.16644	1524.73364	1529.02701
86.299136	1	1	1	0	1546.16430	1524.73194	1529.02511
86.319135	1	1	1	0	1546.15983	1524.73119	1529.02701
86.339135	1	1	1	0	1546.16488	1524.73194	1529.02302
86.359135	1	1	1	0	1546.16430	1524.73270	1529.02511
86.379135	1	1	1	0	1546.15983	1524.73364	1529.02511
86.399135	1	1	1	0	1546.16197	1524.73553	1529.02720
86.419134	1	1	1	0	1546.15828	1524.73364	1529.02511
86.439134	1	1	1	0	1546.15536	1524.73270	1529.02492
86.459134	1	1	1	0	1546.16041	1524.73364	1529.02701
86.479134	1	1	1	0	1546.16041	1524.73364	1529.02511
86.499134	1	1	1	0	1546.16041	1524.73364	1529.02701
86.519133	1	1	1	0	1546.16041	1524.73194	1529.02511
86.539133	1	1	1	0	1546.16197	1524.73364	1529.02511
86.559133	1	1	1	0	1546.15828	1524.73553	1529.02511
86.579133	1	1	1	0	1546.15983	1524.73289	1529.02511
86.599133	1	1	1	0	1546.15983	1524.73194	1529.02511
86.619133	1	1	1	0	1546.16702	1524.73289	1529.02511
86.639132	1	1	1	0	1546.16936	1524.73119	1529.02701
86.659132	1	1	1	0	1546.16333	1524.73478	1529.02511
86.679132	1	1	1	0	1546.15828	1524.73194	1529.02511
86.699132	1	1	1	0	1546.16041	1524.73005	1529.02701
86.719131	1	1	1	0	1546.16197	1524.73005	1529.02892
86.739131	1	1	1	0	1546.16197	1524.73402	1529.02892
86.759131	1	1	1	0	1546.16489	1524.73194	1529.02511
86.779131	1	1	1	0	1546.15983	1524.73553	1529.02511
86.799131	1	1	1	0	1546.16644	1524.73402	1529.02511
86.819130	1	1	1	0	1546.15614	1524.73289	1529.02511
86.839130	1	1	1	0	1546.16275	1524.73194	1529.02511
86.859130	1	1	1	0	1546.16197	1524.73364	1529.02701
86.879130	1	1	1	0	1546.16877	1524.73364	1529.02892
86.899130	1	1	1	0	1546.16197	1524.73119	1529.02892
86.919129	1	1	1	0	1546.16489	1524.73081	1529.02492
86.939129	1	1	1	0	1546.16489	1524.73289	1529.02701
86.959129	1	1	1	0	1546.16430	1524.73478	1529.02721
86.979129	1	1	1	0	1546.15692	1524.73364	1529.02721
86.999129	1	1	1	0	1546.15536	1524.73478	1529.02892
87.019129	1	1	1	0	1546.15983	1524.73364	1529.02701
87.039128	1	1	1	0	1546.16041	1524.73364	1529.02701
87.059128	1	1	1	0	1546.15769	1524.73270	1529.02511
87.079128	1	1	1	0	1546.16275	1524.73081	1529.02911
87.099128	1	1	1	0	1546.16780	1524.73194	1529.02321
87.119128	1	1	1	0	1546.15828	1524.73081	1529.02892
87.139127	1	1	1	0	1546.15828	1524.73270	1529.02492
87.159127	1	1	1	0	1546.16644	1524.73270	1529.02511
87.179127	1	1	1	0	1546.15983	1524.73459	1529.02321
87.199127	1	1	1	0	1546.16041	1524.73364	1529.02892
87.219126	1	1	1	0	1546.16877	1524.73553	1529.02511
87.239126	1	1	1	0	1546.16275	1524.73478	1529.02492
87.259126	1	1	1	0	1546.15983	1524.73119	1529.02530
87.279126	1	1	1	0	1546.16489	1524.73478	1529.02511
87.299126	1	1	1	0	1546.16041	1524.73364	1529.02892
87.319125	1	1	1	0	1546.16197	1524.73364	1529.02701
87.339125	1	1	1	0	1546.16644	1524.73364	1529.02511
87.359125	1	1	1	0	1546.16877	1524.73364	1529.02321
87.379125	1	1	1	0	1546.16275	1524.73270	1529.02701
87.399125	1	1	1	0	1546.16489	1524.73194	1529.02492
87.419124	1	1	1	0	1546.16430	1524.73194	1529.02511
87.439124	1	1	1	0	1546.15983	1524.73270	1529.02701
87.459124	1	1	1	0	1546.16936	1524.73553	1529.02511
87.479124	1	1	1	0	1546.15381	1524.73194	1529.02511
87.499124	1	1	1	0	1546.15983	1524.73213	1529.02511
87.519123	1	1	1	0	1546.15769	1524.73364	1529.02701
87.539123	1	1	1	0	1546.16041	1524.73459	1529.02701
87.559123	1	1	1	0	1546.16197	1524.73194	1529.02511
87.579123	1	1	1	0	1546.16041	1524.73364	1529.02321
87.599123	1	1	1	0	1546.16430	1524.73194	1529.02511
87.619123	1	1	1	0	1546.17091	1524.73364	1529.02721
87.639122	1	1	1	0	1546.17149	1524.73364	1529.02892
87.659122	1	1	1	0	1546.16430	1524.73459	1529.02511
87.679122	1	1	1	0	1546.15828	1524.73459	1529.02511
87.699122	1	1	1	0	1546.15769	1524.73478	1529.02701
87.719121	1	1	1	0	1546.15983	1524.73289	1529.02892
87.739121	1	1	1	0	1546.16800	1524.73459	1529.02911
87.759121	1	1	1	0	1546.17091	1524.73364	1529.02892
87.779121	1	1	1	0	1546.16702	1524.73289	1529.02701
87.799121	1	1	1	0	1546.15983	1524.73270	1529.02321
87.819120	1	1	1	0	1546.15828	1524.73478	1529.02511
87.839120	1	1	1	0	1546.16041	1524.73194	1529.02511
87.859120	1	1	1	0	1546.15769	1524.73194	1529.02511
87.879120	1	1	1	0	1546.16197	1524.73194	1529.02511
87.899120	1	1	1	0	1546.17033	1524.73270	1529.02721
87.919119	1	1	1	0	1546.16430	1524.73364	1529.02721
87.939119	1	1	1	0	1546.15828	1524.73364	1529.02701
87.959119	1	1	1	0	1546.15886	1524.73364	1529.02892
87.979119	1	1	1	0	1546.15536	1524.73194	1529.02511
87.999119	1	1	1	0	1546.16041	1524.73553	1529.02701
88.019119	1	1	1	0	1546.15983	1524.73364	1529.02701
88.039118	1	1	1	0	1546.16586	1524.73289	1529.02701
88.059118	1	1	1	0	1546.15886	1524.73553	1529.02701
88.079118	1	1	1	0	1546.16702	1524.73364	1529.02511
88.099118	1	1	1	0	1546.15536	1524.73478	1529.02721
88.119117	1	1	1	0	1546.15828	1524.73289	1529.02701
88.139117	1	1	1	0	1546.16489	1524.73553	1529.02701
88.159117	1	1	1	0	1546.16119	1524.73270	1529.02511
88.179117	1	1	1	0	1546.15983	1524.73289	1529.02721
88.199117	1	1	1	0	1546.16197	1524.73478	1529.02702
88.219116	1	1	1	0	1546.16197	1524.73289	1529.02702
88.239116	1	1	1	0	1546.16430	1524.73365	1529.02721
88.259116	1	1	1	0	1546.16430	1524.73005	1529.02702
88.279116	1	1	1	0	1546.15828	1524.73365	1529.02512
88.299116	1	1	1	0	1546.15109	1524.73195	1529.02911
88.319115	1	1	1	0	1546.16139	1524.73195	1529.02512
88.339115	1	1	1	0	1546.16489	1524.73289	1529.02721
88.359115	1	1	1	0	1546.16877	1524.73119	1529.02512
88.379115	1	1	1	0	1546.15381	1524.73270	1529.02302
88.399115	1	1	1	0	1546.16197	1524.73081	1529.02512
88.419114	1	1	1	0	1546.16877	1524.73195	1529.02721
88.439114	1	1	1	0	1546.15828	1524.73478	1529.02512
88.459114	1	1	1	0	1546.17091	1524.73365	1529.02892
88.479114	1	1	1	0	1546.16936	1524.73478	1529.02721
88.499114	1	1	1	0	1546.15828	1524.73365	1529.02512
88.519114	1	1	1	0	1546.15983	1524.73119	1529.02322
88.539113	1	1	1	0	1546.16197	1524.73289	1529.02512
88.559113	1	1	1	0	1546.16042	1524.73195	1529.02512
88.579113	1	1	1	0	1546.16703	1524.73365	1529.02702
88.599113	1	1	1	0	1546.16703	1524.73365	1529.02892
88.619112	1	1	1	0	1546.15770	1524.73289	1529.02493
88.639112	1	1	1	0	1546.15983	1524.73365	1529.02512
88.659112	1	1	1	0	1546.16877	1524.73365	1529.02493
88.679112	1	1	1	0	1546.16644	1524.73554	1529.02721
88.699112	1	1	1	0	1546.16877	1524.73365	1529.02302
88.719111	1	1	1	0	1546.16430	1524.73195	1529.02892
88.739111	1	1	1	0	1546.16800	1524.73289	1529.02512
88.759111	1	1	1	0	1546.16197	1524.73478	1529.02721
88.779111	1	1	1	0	1546.16430	1524.73478	1529.02721
88.799111	1	1	1	0	1546.16042	1524.73270	1529.02702
88.819110	1	1	1	0	1546.16703	1524.73270	1529.02702
88.839110	1	1	1	0	1546.16489	1524.73365	1529.02911
88.859110	1	1	1	0	1546.16197	1524.73270	1529.02721
88.879110	1	1	1	0	1546.15614	1524.73289	1529.02892
88.899110	1	1	1	0	1546.15614	1524.73478	1529.02702
88.919110	1	1	1	0	1546.16430	1524.73365	1529.02702
88.939109	1	1	1	0	1546.16197	1524.73478	1529.02911
88.959109	1	1	1	0	1546.16644	1524.73195	1529.02702
88.979109	1	1	1	0	1546.16430	1524.73289	1529.02512
88.999109	1	1	1	0	1546.16644	1524.73289	1529.02911
89.019109	1	1	1	0	1546.15769	1524.73270	1529.02302
89.039108	1	1	1	0	1546.16372	1524.73364	1529.02511
89.059108	1	1	1	0	1546.15769	1524.73005	1529.02721
89.079108	1	1	1	0	1546.16275	1524.73194	1529.02511
89.099108	1	1	1	0	1546.16489	1524.73194	1529.02511
89.119107	1	1	1	0	1546.16041	1524.73289	1529.02701
89.139107	1	1	1	0	1546.16702	1524.73270	1529.02112
89.159107	1	1	1	0	1546.16489	1524.73364	1529.02701
89.179107	1	1	1	0	1546.16275	1524.73364	1529.02701
89.199107	1	1	1	0	1546.16430	1524.73364	1529.02511
89.219106	1	1	1	0	1546.15983	1524.73194	1529.02892
89.239106	1	1	1	0	1546.16197	1524.73194	1529.02321
89.259106	1	1	1	0	1546.16041	1524.73364	1529.02701
89.279106	1	1	1	0	1546.16197	1524.73289	1529.02701
89.299106	1	1	1	0	1546.17149	1524.73289	1529.02892
89.319105	1	1	1	0	1546.15828	1524.73364	1529.02701
89.339105	1	1	1	0	1546.16275	1524.73289	1529.02511
89.359105	1	1	1	0	1546.17305	1524.73364	1529.02511
89.379105	1	1	1	0	1546.15828	1524.73364	1529.02511
89.399105	1	1	1	0	1546.16275	1524.73364	1529.02302
89.419104	1	1	1	0	1546.16430	1524.73364	1529.02511
89.439104	1	1	1	0	1546.16275	1524.73194	1529.02511
89.459104	1	1	1	0	1546.16119	1524.73194	1529.02492
89.479104	1	1	1	0	1546.16644	1524.73364	1529.02701
89.499104	1	1	1	0	1546.16275	1524.73270	1529.02892
89.519103	1	1	1	0	1546.15536	1524.73364	1529.02701
89.539103	1	1	1	0	1546.16275	1524.73194	1529.02511
89.559103	1	1	1	0	1546.16197	1524.73081	1529.02511
89.579103	1	1	1	0	1546.16489	1524.73194	1529.02511
89.599102	1	1	1	0	1546.15614	1524.73005	1529.02511
89.619102	1	1	1	0	1546.16139	1524.73402	1529.02511
89.639102	1	1	1	0	1546.16041	1524.73289	1529.02721
89.659102	1	1	1	0	1546.16275	1524.73194	1529.02701
89.679102	1	1	1	0	1546.16644	1524.73364	1529.02721
89.699102	1	1	1	0	1546.17247	1524.73553	1529.02701
89.719101	1	1	1	0	1546.16702	1524.73289	1529.02892
89.739101	1	1	1	0	1546.16430	1524.73364	1529.02511
89.759101	1	1	1	0	1546.16119	1524.73478	1529.02511
89.779101	1	1	1	0	1546.16800	1524.73289	1529.02892
89.799101	1	1	1	0	1546.17091	1524.73194	1529.02721
89.819101	1	1	1	0	1546.15983	1524.73194	1529.02302
89.839100	1	1	1	0	1546.16275	1524.73289	1529.02891
89.859100	1	1	1	0	1546.15828	1524.73119	1529.02511
89.879100	1	1	1	0	1546.15108	1524.73194	1529.02720
89.899100	1	1	1	0	1546.15380	1524.73364	1529.02511
89.919099	1	1	1	0	1546.15983	1524.73364	1529.02701
89.939099	1	1	1	0	1546.16430	1524.73081	1529.02530
89.959099	1	1	1	0	1546.16275	1524.73194	1529.02701
89.979099	1	1	1	0	1546.16488	1524.73289	1529.02511
89.999099	1	1	1	0	1546.16547	1524.73289	1529.02720
90.019099	1	1	1	0	1546.16430	1524.73194	1529.02720
90.039098	1	1	1	0	1546.16702	1524.73119	1529.02511
90.059098	1	1	1	0	1546.15478	1524.73270	1529.02701
90.079098	1	1	1	0	1546.15167	1524.73194	1529.02891
90.099098	1	1	1	0	1546.15925	1524.73270	1529.02720
90.119097	1	1	1	0	1546.16586	1524.73459	1529.02720
90.139097	1	1	1	0	1546.16877	1524.73194	1529.02720
90.159097	1	1	1	0	1546.16275	1524.73005	1529.02511
90.179097	1	1	1	0	1546.16041	1524.73194	1529.02720
90.199097	1	1	1	0	1546.16275	1524.73364	1529.02511
90.219096	1	1	1	0	1546.15380	1524.73194	1529.02701
90.239096	1	1	1	0	1546.15536	1524.73289	1529.02701
90.259096	1	1	1	0	1546.16644	1524.73364	1529.02720
90.279096	1	1	1	0	1546.16994	1524.73194	1529.02302
90.299096	1	1	1	0	1546.16702	1524.73364	1529.02891
90.319095	1	1	1	0	1546.16547	1524.73289	1529.02701
90.339095	1	1	1	0	1546.16275	1524.73364	1529.02891
90.359095	1	1	1	0	1546.16275	1524.73364	1529.02701
90.379095	1	1	1	0	1546.16644	1524.73364	1529.02321
90.399095	1	1	1	0	1546.15828	1524.73270	1529.02701
90.419095	1	1	1	0	1546.17149	1524.73478	1529.02511
90.439094	1	1	1	0	1546.16702	1524.73364	1529.02511
90.459094	1	1	1	0	1546.15828	1524.73194	1529.02492
90.479094	1	1	1	0	1546.16430	1524.73289	1529.02511
90.499094	1	1	1	0	1546.16644	1524.73289	1529.02511
90.519094	1	1	1	0	1546.15983	1524.73459	1529.02511
90.539093	1	1	1	0	1546.16644	1524.73364	1529.02492
90.559093	1	1	1	0	1546.16644	1524.73119	1529.02511
90.579093	1	1	1	0	1546.16197	1524.73364	1529.02891
90.599092	1	1	1	0	1546.15458	1524.73364	1529.02720
90.619092	1	1	1	0	1546.16197	1524.73364	1529.02492
90.639092	1	1	1	0	1546.16197	1524.73289	1529.02701
90.659092	1	1	1	0	1546.16702	1524.73364	1529.02701
90.679092	1	1	1	0	1546.16041	1524.73119	1529.02511
90.699092	1	1	1	0	1546.15983	1524.73081	1529.02530
90.719091	1	1	1	0	1546.15983	1524.73289	1529.02701
90.739091	1	1	1	0	1546.16489	1524.73364	1529.02701
90.759091	1	1	1	0	1546.16644	1524.73194	1529.02511
90.779091	1	1	1	0	1546.15983	1524.73553	1529.03082
90.799091	1	1	1	0	1546.16936	1524.73364	1529.02511
90.819090	1	1	1	0	1546.15536	1524.73364	1529.02701
90.839090	1	1	1	0	1546.16372	1524.73289	1529.02511
90.859090	1	1	1	0	1546.15614	1524.73270	1529.02511
90.879090	1	1	1	0	1546.15769	1524.73478	1529.02302
90.899090	1	1	1	0	1546.16197	1524.73364	1529.02892
90.919089	1	1	1	0	1546.16489	1524.73194	1529.02511
90.939089	1	1	1	0	1546.16800	1524.73005	1529.02701
90.959089	1	1	1	0	1546.15983	1524.73005	1529.02511
90.979089	1	1	1	0	1546.16275	1524.73194	1529.02892
90.999089	1	1	1	0	1546.16430	1524.73289	1529.02721
91.019088	1	1	1	0	1546.16275	1524.73364	1529.02511
91.039088	1	1	1	0	1546.16275	1524.73194	1529.02511
91.059088	1	1	1	0	1546.16430	1524.73364	1529.02721
91.079088	1	1	1	0	1546.16489	1524.73194	1529.02701
91.099088	1	1	1	0	1546.15381	1524.73270	1529.02892
91.119087	1	1	1	0	1546.15828	1524.73270	1529.02511
91.139087	1	1	1	0	1546.16275	1524.73478	1529.02511
91.159087	1	1	1	0	1546.17149	1524.73005	1529.02721
91.179087	1	1	1	0	1546.15536	1524.73194	1529.02701
91.199087	1	1	1	0	1546.16430	1524.73364	1529.02721
91.219086	1	1	1	0	1546.15769	1524.73364	1529.02701
91.239086	1	1	1	0	1546.15925	1524.73289	1529.02511
91.259086	1	1	1	0	1546.16430	1524.73194	1529.02721
91.279086	1	1	1	0	1546.16877	1524.73289	1529.02721
91.299086	1	1	1	0	1546.16041	1524.73289	1529.02701
91.319085	1	1	1	0	1546.15769	1524.73364	1529.02701
91.339085	1	1	1	0	1546.16197	1524.73289	1529.02511
91.359085	1	1	1	0	1546.15769	1524.73364	1529.02530
91.379085	1	1	1	0	1546.16702	1524.73346	1529.02892
91.399085	1	1	1	0	1546.16547	1524.73119	1529.02511
91.419084	1	1	1	0	1546.16372	1524.73553	1529.02321
91.439084	1	1	1	0	1546.16275	1524.73081	1529.02511
91.459084	1	1	1	0	1546.16877	1524.73365	1529.02892
91.479084	1	1	1	0	1546.15983	1524.73459	1529.02721
91.499084	1	1	1	0	1546.16489	1524.73195	1529.02302
91.519083	1	1	1	0	1546.16936	1524.73365	1529.02702
91.539083	1	1	1	0	1546.16197	1524.73365	1529.02911
91.559083	1	1	1	0	1546.16489	1524.73005	1529.02702
91.579083	1	1	1	0	1546.15983	1524.73478	1529.02512
91.599082	1	1	1	0	1546.16197	1524.73459	1529.02512
91.619082	1	1	1	0	1546.15167	1524.73270	1529.02302
91.639082	1	1	1	0	1546.16430	1524.73402	1529.02512
91.659082	1	1	1	0	1546.17363	1524.73365	1529.02702
91.679082	1	1	1	0	1546.16042	1524.73195	1529.02302
91.699081	1	1	1	0	1546.15381	1524.73195	1529.02512
91.719081	1	1	1	0	1546.15536	1524.73195	1529.02512
91.739081	1	1	1	0	1546.15983	1524.73195	1529.02512
91.759081	1	1	1	0	1546.16936	1524.73270	1529.02322
91.779081	1	1	1	0	1546.16489	1524.73365	1529.02512
91.799081	1	1	1	0	1546.16430	1524.73195	1529.02512
91.819080	1	1	1	0	1546.16430	1524.73365	1529.02512
91.839080	1	1	1	0	1546.15167	1524.73195	1529.02512
91.859080	1	1	1	0	1546.15536	1524.73270	1529.02512
91.879080	1	1	1	0	1546.16430	1524.73459	1529.02702
91.899080	1	1	1	0	1546.16430	1524.73365	1529.02702
91.919079	1	1	1	0	1546.16644	1524.73270	1529.02512
91.939079	1	1	1	0	1546.16430	1524.73270	1529.02702
91.959079	1	1	1	0	1546.16275	1524.73478	1529.02512
91.979079	1	1	1	0	1546.15983	1524.73195	1529.02512
91.999079	1	1	1	0	1546.17150	1524.73119	1529.02892
92.019078	1	1	1	0	1546.16703	1524.73478	1529.02702
92.039078	1	1	1	0	1546.16703	1524.73365	1529.02702
92.059078	1	1	1	0	1546.16877	1524.73195	1529.02531
92.079078	1	1	1	0	1546.16644	1524.73289	1529.02702
92.099077	1	1	1	0	1546.16877	1524.73289	1529.02512
92.119077	1	1	1	0	1546.15983	1524.73459	1529.02512
92.139077	1	1	1	0	1546.15770	1524.73081	1529.02493
92.159077	1	1	1	0	1546.16489	1524.73459	1529.02892
92.179077	1	1	1	0	1546.16703	1524.73289	1529.02512
92.199077	1	1	1	0	1546.16430	1524.73005	1529.02892
92.219076	1	1	1	0	1546.16994	1524.73213	1529.02702
92.239076	1	1	1	0	1546.15770	1524.73289	1529.02702
92.259076	1	1	1	0	1546.15245	1524.73195	1529.02702
92.279076	1	1	1	0	1546.15983	1524.73289	1529.02721
92.299076	1	1	1	0	1546.16430	1524.73195	1529.02721
92.319075	1	1	1	0	1546.16430	1524.73289	1529.02702
92.339075	1	1	1	0	1546.16703	1524.73289	1529.02512
92.359075	1	1	1	0	1546.16430	1524.73478	1529.02322
92.379075	1	1	1	0	1546.16042	1524.73119	1529.02512
92.399075	1	1	1	0	1546.16430	1524.73478	1529.02512
92.419075	1	1	1	0	1546.15536	1524.73081	1529.02721
92.439074	1	1	1	0	1546.16703	1524.73195	1529.02512
92.459074	1	1	1	0	1546.15167	1524.73289	1529.02512
92.479074	1	1	1	0	1546.16644	1524.73195	1529.02702
92.499074	1	1	1	0	1546.16119	1524.73195	1529.02702
92.519073	1	1	1	0	1546.15109	1524.73554	1529.03082
92.539073	1	1	1	0	1546.16042	1524.73195	1529.02702
92.559073	1	1	1	0	1546.15983	1524.73365	1529.02512
92.579073	1	1	1	0	1546.16197	1524.73554	1529.02512
92.599073	1	1	1	0	1546.15983	1524.73365	1529.02702
92.619072	1	1	1	0	1546.17150	1524.73365	1529.02702
92.639072	1	1	1	0	1546.16489	1524.73195	1529.02512
92.659072	1	1	1	0	1546.16275	1524.73270	1529.02702
92.679072	1	1	1	0	1546.16042	1524.73289	1529.02702
92.699072	1	1	1	0	1546.16119	1524.73270	1529.02512
92.719071	1	1	1	0	1546.15828	1524.73365	1529.02702
92.739071	1	1	1	0	1546.15770	1524.73365	1529.02512
92.759071	1	1	1	0	1546.15614	1524.73365	1529.02302
92.779071	1	1	1	0	1546.16197	1524.73195	1529.02512
92.799071	1	1	1	0	1546.16430	1524.73081	1529.02512
92.819070	1	1	1	0	1546.15828	1524.73365	1529.02512
92.839070	1	1	1	0	1546.16877	1524.73119	1529.02721
92.859070	1	1	1	0	1546.16275	1524.73195	1529.02721
92.879070	1	1	1	0	1546.16877	1524.73478	1529.02721
92.899070	1	1	1	0	1546.16703	1524.72930	1529.02911
92.919069	1	1	1	0	1546.16489	1524.73289	1529.02322
92.939069	1	1	1	0	1546.16275	1524.73195	1529.02721
92.959069	1	1	1	0	1546.16430	1524.73081	1529.02512
92.979069	1	1	1	0	1546.16430	1524.73195	1529.02512
92.999068	1	1	1	0	1546.16547	1524.73289	1529.02702
93.019068	1	1	1	0	1546.16275	1524.73195	1529.02721
93.039068	1	1	1	0	1546.16489	1524.73365	1529.02512
93.059068	1	1	1	0	1546.15167	1524.73365	1529.02322
93.079068	1	1	1	0	1546.16489	1524.73195	1529.02512
93.099067	1	1	1	0	1546.16431	1524.73289	1529.02702
93.119067	1	1	1	0	1546.16703	1524.73289	1529.02322
93.139067	1	1	1	0	1546.15770	1524.73006	1529.02512
93.159067	1	1	1	0	1546.16431	1524.73006	1529.02721
93.179067	1	1	1	0	1546.15245	1524.73459	1529.02702
93.199067	1	1	1	0	1546.16489	1524.73365	1529.02512
93.219066	1	1	1	0	1546.16197	1524.73365	1529.02702
93.239066	1	1	1	0	1546.15614	1524.73289	1529.02892
93.259066	1	1	1	0	1546.16275	1524.73195	1529.02493
93.279066	1	1	1	0	1546.16431	1524.73214	1529.02512
93.299066	1	1	1	0	1546.16878	1524.73365	1529.02512
93.319065	1	1	1	0	1546.16489	1524.73195	1529.02512
93.339065	1	1	1	0	1546.16197	1524.73195	1529.02702
93.359065	1	1	1	0	1546.16703	1524.73081	1529.02702
93.379065	1	1	1	0	1546.15828	1524.73365	1529.02892
93.399065	1	1	1	0	1546.15828	1524.73195	1529.02512
93.419065	1	1	1	0	1546.15828	1524.73365	1529.02512
93.439064	1	1	1	0	1546.16800	1524.73270	1529.02303
93.459064	1	1	1	0	1546.15614	1524.73270	1529.02702
93.479064	1	1	1	0	1546.16275	1524.73081	1529.02721
93.499063	1	1	1	0	1546.16936	1524.73365	1529.02702
93.519063	1	1	1	0	1546.16489	1524.73289	1529.02512
93.539063	1	1	1	0	1546.16489	1524.73289	1529.02892
93.559063	1	1	1	0	1546.16489	1524.73119	1529.02322
93.579063	1	1	1	0	1546.16703	1524.73346	1529.02512
93.599062	1	1	1	0	1546.16197	1524.73006	1529.02512
93.619062	1	1	1	0	1546.15536	1524.73554	1529.02512
93.639062	1	1	1	0	1546.15828	1524.73365	1529.02512
93.659062	1	1	1	0	1546.15381	1524.73270	1529.02493
93.679062	1	1	1	0	1546.15167	1524.73195	1529.02702
93.699062	1	1	1	0	1546.16936	1524.73478	1529.02322
93.719061	1	1	1	0	1546.15828	1524.73195	1529.02493
93.739061	1	1	1	0	1546.17150	1524.73365	1529.02702
93.759061	1	1	1	0	1546.15983	1524.73119	1529.02512
93.779061	1	1	1	0	1546.15828	1524.73365	1529.02512
93.799061	1	1	1	0	1546.16489	1524.73478	1529.02892
93.819060	1	1	1	0	1546.16936	1524.73478	1529.02892
93.839060	1	1	1	0	1546.16042	1524.73365	1529.02911
93.859060	1	1	1	0	1546.16275	1524.73365	1529.02721
93.879060	1	1	1	0	1546.16431	1524.73270	1529.02892
93.899060	1	1	1	0	1546.16120	1524.73459	1529.02512
93.919059	1	1	1	0	1546.15983	1524.73365	1529.02702
93.939059	1	1	1	0	1546.16431	1524.73081	1529.02702
93.959059	1	1	1	0	1546.16431	1524.73365	1529.02512
93.979059	1	1	1	0	1546.16936	1524.73554	1529.02512
93.999059	1	1	1	0	1546.16431	1524.73289	1529.02721
94.019058	1	1	1	0	1546.16489	1524.73365	1529.02512
94.039058	1	1	1	0	1546.15770	1524.73289	1529.02512
94.059058	1	1	1	0	1546.16703	1524.73289	1529.02702
94.079058	1	1	1	0	1546.15770	1524.73195	1529.02303
94.099057	1	1	1	0	1546.16197	1524.73195	1529.02702
94.119057	1	1	1	0	1546.15770	1524.73195	1529.02892
94.139057	1	1	1	0	1546.16275	1524.73270	1529.02493
94.159057	1	1	1	0	1546.15770	1524.73289	1529.02303
94.179057	1	1	1	0	1546.16645	1524.73195	1529.02702
94.199057	1	1	1	0	1546.16645	1524.73270	1529.02512
94.219056	1	1	1	0	1546.16878	1524.73006	1529.02721
94.239057	1	1	1	0	1546.16489	1524.73006	1529.02702
94.259056	1	1	1	0	1546.16645	1524.73478	1529.02721
94.279056	1	1	1	0	1546.16275	1524.73006	1529.02873
94.299056	1	1	1	0	1546.15536	1524.73365	1529.02702
94.319055	1	1	1	0	1546.16275	1524.73006	1529.02493
94.339055	1	1	1	0	1546.16878	1524.73365	1529.02702
94.359055	1	1	1	0	1546.15381	1524.73365	1529.02702
94.379055	1	1	1	0	1546.16275	1524.73081	1529.02322
94.399055	1	1	1	0	1546.15983	1524.73365	1529.02531
94.419054	1	1	1	0	1546.15828	1524.73270	1529.02512
94.439054	1	1	1	0	1546.16042	1524.73289	1529.02512
94.459054	1	1	1	0	1546.16489	1524.73195	1529.02512
94.479054	1	1	1	0	1546.16042	1524.73289	1529.02702
94.499053	1	1	1	0	1546.15770	1524.73119	1529.02892
94.519053	1	1	1	0	1546.15770	1524.73365	1529.02702
94.539053	1	1	1	0	1546.17150	1524.73289	1529.02702
94.559053	1	1	1	0	1546.16431	1524.73195	1529.03101
94.579053	1	1	1	0	1546.16703	1524.73006	1529.02512
94.599053	1	1	1	0	1546.16431	1524.73365	1529.02702
94.619052	1	1	1	0	1546.16042	1524.73459	1529.02702
94.639052	1	1	1	0	1546.15983	1524.73006	1529.02702
94.659052	1	1	1	0	1546.16780	1524.73365	1529.02303
94.679052	1	1	1	0	1546.16275	1524.73365	1529.02512
94.699052	1	1	1	0	1546.16878	1524.73478	1529.02721
94.719052	1	1	1	0	1546.16197	1524.73365	1529.02702
94.739051	1	1	1	0	1546.16644	1524.73365	1529.02911
94.759051	1	1	1	0	1546.16042	1524.73478	1529.02512
94.779051	1	1	1	0	1546.16275	1524.73195	1529.02512
94.799051	1	1	1	0	1546.16703	1524.73119	1529.02702
94.819050	1	1	1	0	1546.15983	1524.73365	1529.02702
94.839050	1	1	1	0	1546.16877	1524.73289	1529.02493
94.859050	1	1	1	0	1546.16197	1524.73365	1529.02721
94.879050	1	1	1	0	1546.16275	1524.73743	1529.02493
94.899050	1	1	1	0	1546.16489	1524.73365	1529.02702
94.919049	1	1	1	0	1546.16197	1524.73195	1529.02512
94.939049	1	1	1	0	1546.16489	1524.73289	1529.02512
94.959049	1	1	1	0	1546.15770	1524.73554	1529.02721
94.979049	1	1	1	0	1546.16275	1524.72930	1529.02683
94.999049	1	1	1	0	1546.16430	1524.73213	1529.02702
95.019048	1	1	1	0	1546.15828	1524.73365	1529.02531
95.039048	1	1	1	0	1546.16489	1524.73365	1529.02702
95.059048	1	1	1	0	1546.16197	1524.73195	1529.02721
95.079048	1	1	1	0	1546.16703	1524.73289	1529.02512
95.099047	1	1	1	0	1546.17091	1524.73213	1529.02302
95.119047	1	1	1	0	1546.16197	1524.73289	1529.02512
95.139047	1	1	1	0	1546.15614	1524.73289	1529.02721
95.159047	1	1	1	0	1546.16042	1524.73365	1529.02531
95.179047	1	1	1	0	1546.15983	1524.73195	1529.02702
95.199047	1	1	1	0	1546.15983	1524.73289	1529.02512
95.219046	1	1	1	0	1546.16936	1524.73289	1529.02512
95.239046	1	1	1	0	1546.16197	1524.73459	1529.02302
95.259046	1	1	1	0	1546.16139	1524.73365	1529.02702
95.279046	1	1	1	0	1546.16430	1524.73402	1529.02702
95.299046	1	1	1	0	1546.15828	1524.73119	1529.02512
95.319045	1	1	1	0	1546.16197	1524.73289	1529.02702
95.339045	1	1	1	0	1546.15614	1524.73459	1529.02702
95.359045	1	1	1	0	1546.15828	1524.73289	1529.02512
95.379045	1	1	1	0	1546.16430	1524.73289	1529.02493
95.399045	1	1	1	0	1546.16275	1524.73119	1529.02302
95.419044	1	1	1	0	1546.16703	1524.73005	1529.02512
95.439044	1	1	1	0	1546.16703	1524.73289	1529.02512
95.459044	1	1	1	0	1546.16275	1524.73365	1529.02702
95.479044	1	1	1	0	1546.16197	1524.73365	1529.02512
95.499043	1	1	1	0	1546.16275	1524.73365	1529.02721
95.519043	1	1	1	0	1546.16644	1524.73478	1529.02721
95.539043	1	1	1	0	1546.16275	1524.73364	1529.02701
95.559043	1	1	1	0	1546.16197	1524.73364	1529.02511
95.579043	1	1	1	0	1546.16644	1524.73364	1529.02511
95.599042	1	1	1	0	1546.16430	1524.73553	1529.02511
95.619042	1	1	1	0	1546.15983	1524.73194	1529.02701
95.639042	1	1	1	0	1546.16197	1524.73289	1529.02511
95.659042	1	1	1	0	1546.15983	1524.73364	1529.02721
95.679042	1	1	1	0	1546.16041	1524.73364	1529.02511
95.699042	1	1	1	0	1546.16489	1524.73535	1529.02511
95.719041	1	1	1	0	1546.16489	1524.73194	1529.02892
95.739041	1	1	1	0	1546.15828	1524.73270	1529.02721
95.759041	1	1	1	0	1546.16489	1524.73478	1529.02892
95.779041	1	1	1	0	1546.15769	1524.73289	1529.02721
95.799041	1	1	1	0	1546.16275	1524.73270	1529.02321
95.819040	1	1	1	0	1546.16041	1524.73194	1529.02511
95.839040	1	1	1	0	1546.16275	1524.73289	1529.02701
95.859040	1	1	1	0	1546.16644	1524.73364	1529.02511
95.879040	1	1	1	0	1546.16275	1524.73364	1529.02892
95.899040	1	1	1	0	1546.15769	1524.73194	1529.02701
95.919039	1	1	1	0	1546.16275	1524.73459	1529.02701
95.939039	1	1	1	0	1546.16041	1524.73005	1529.02701
95.959039	1	1	1	0	1546.16430	1524.73459	1529.02701
95.979039	1	1	1	0	1546.15536	1524.73553	1529.02511
95.999038	1	1	1	0	1546.16275	1524.73081	1529.02511
96.019038	1	1	1	0	1546.15458	1524.73289	1529.02701
96.039038	1	1	1	0	1546.15167	1524.73364	1529.02511
96.059038	1	1	1	0	1546.16333	1524.73194	1529.02701
96.079038	1	1	1	0	1546.16936	1524.73364	1529.02511
96.099038	1	1	1	0	1546.15983	1524.73364	1529.02511
96.119037	1	1	1	0	1546.15381	1524.73194	1529.02701
96.139037	1	1	1	0	1546.15692	1524.73213	1529.02302
96.159037	1	1	1	0	1546.16702	1524.73553	1529.02511
96.179037	1	1	1	0	1546.16644	1524.73194	1529.02511
96.199037	1	1	1	0	1546.17091	1524.73194	1529.02721
96.219036	1	1	1	0	1546.16041	1524.73553	1529.02701
96.239036	1	1	1	0	1546.16702	1524.73346	1529.02511
96.259036	1	1	1	0	1546.16119	1524.73194	1529.02701
96.279036	1	1	1	0	1546.14875	1524.73478	1529.02701
96.299036	1	1	1	0	1546.15692	1524.73194	1529.02511
96.319035	1	1	1	0	1546.16197	1524.73459	1529.02721
96.339035	1	1	1	0	1546.16197	1524.73119	1529.02701
96.359035	1	1	1	0	1546.15828	1524.73289	1529.02702
96.379035	1	1	1	0	1546.15536	1524.73195	1529.02702
96.399035	1	1	1	0	1546.16644	1524.73195	1529.02702
96.419034	1	1	1	0	1546.16275	1524.73289	1529.02702
96.439034	1	1	1	0	1546.16042	1524.73195	1529.02702
96.459034	1	1	1	0	1546.16042	1524.73005	1529.02302
96.479034	1	1	1	0	1546.15983	1524.73365	1529.02512
96.499033	1	1	1	0	1546.15983	1524.73195	1529.02721
96.519033	1	1	1	0	1546.16197	1524.72930	1529.02702
96.539033	1	1	1	0	1546.16644	1524.73119	1529.02721
96.559033	1	1	1	0	1546.16644	1524.73289	1529.02302
96.579033	1	1	1	0	1546.16430	1524.73289	1529.02702
96.599032	1	1	1	0	1546.16430	1524.73195	1529.02512
96.619032	1	1	1	0	1546.16119	1524.73195	1529.02322
96.639032	1	1	1	0	1546.16430	1524.73554	1529.02512
96.659032	1	1	1	0	1546.16877	1524.73289	1529.02721
96.679032	1	1	1	0	1546.16644	1524.73119	1529.02721
96.699032	1	1	1	0	1546.15983	1524.73402	1529.02512
96.719031	1	1	1	0	1546.15828	1524.73195	1529.02721
96.739031	1	1	1	0	1546.16644	1524.73195	1529.02702
96.759031	1	1	1	0	1546.15770	1524.73119	1529.02702
96.779031	1	1	1	0	1546.15770	1524.73365	1529.02702
96.799031	1	1	1	0	1546.16333	1524.73195	1529.02702
96.819031	1	1	1	0	1546.16275	1524.73081	1529.02702
96.839030	1	1	1	0	1546.16119	1524.73365	1529.02512
96.859030	1	1	1	0	1546.16489	1524.73365	1529.02512
96.879030	1	1	1	0	1546.15828	1524.73119	1529.02721
96.899029	1	1	1	0	1546.16042	1524.73459	1529.02512
96.919029	1	1	1	0	1546.16275	1524.73365	1529.02721
96.939029	1	1	1	0	1546.16489	1524.73081	1529.02892
96.959029	1	1	1	0	1546.15672	1524.73289	1529.02892
96.979029	1	1	1	0	1546.16489	1524.73081	1529.02892
96.999028	1	1	1	0	1546.15770	1524.72930	1529.02702
97.019028	1	1	1	0	1546.15983	1524.73459	1529.02702
97.039028	1	1	1	0	1546.16489	1524.73365	1529.02512
97.059028	1	1	1	0	1546.16042	1524.73119	1529.02911
97.079028	1	1	1	0	1546.16489	1524.73365	1529.02911
97.099028	1	1	1	0	1546.16275	1524.73459	1529.02892
97.119027	1	1	1	0	1546.16644	1524.73478	1529.02302
97.139027	1	1	1	0	1546.16197	1524.73365	1529.02512
97.159027	1	1	1	0	1546.16936	1524.73365	1529.02721
97.179027	1	1	1	0	1546.16042	1524.73478	1529.02702
97.199027	1	1	1	0	1546.16489	1524.73195	1529.02512
97.219026	1	1	1	0	1546.16275	1524.73081	1529.02303
97.239026	1	1	1	0	1546.16275	1524.73270	1529.02512
97.259026	1	1	1	0	1546.15983	1524.73195	1529.02702
97.279026	1	1	1	0	1546.16489	1524.73365	1529.02512
97.299026	1	1	1	0	1546.16197	1524.73403	1529.02892
97.319025	1	1	1	0	1546.16197	1524.73119	1529.02512
97.339025	1	1	1	0	1546.16489	1524.73195	1529.02512
97.359025	1	1	1	0	1546.15828	1524.73365	1529.02721
97.379025	1	1	1	0	1546.15770	1524.73365	1529.02721
97.399024	1	1	1	0	1546.16197	1524.73081	1529.02702
97.419024	1	1	1	0	1546.16275	1524.73195	1529.02702
97.439024	1	1	1	0	1546.16645	1524.73195	1529.02721
97.459024	1	1	1	0	1546.16197	1524.73270	1529.02512
97.479024	1	1	1	0	1546.16645	1524.73365	1529.02512
97.499023	1	1	1	0	1546.15983	1524.73195	1529.02512
97.519023	1	1	1	0	1546.15770	1524.73289	1529.02702
97.539023	1	1	1	0	1546.16372	1524.73119	1529.02512
97.559023	1	1	1	0	1546.15828	1524.73195	1529.02512
97.579023	1	1	1	0	1546.16489	1524.73365	1529.02721
97.599023	1	1	1	0	1546.16645	1524.73195	1529.02512
97.619022	1	1	1	0	1546.16645	1524.73289	1529.02512
97.639022	1	1	1	0	1546.16431	1524.73195	1529.02702
97.659022	1	1	1	0	1546.16878	1524.73119	1529.02721
97.679022	1	1	1	0	1546.16275	1524.73478	1529.02892
97.699021	1	1	1	0	1546.16489	1524.73270	1529.02721
97.719021	1	1	1	0	1546.16489	1524.73365	1529.02702
97.739021	1	1	1	0	1546.15886	1524.73270	1529.02892
97.759021	1	1	1	0	1546.16936	1524.73365	1529.02721
97.779021	1	1	1	0	1546.16042	1524.73554	1529.03101
97.799021	1	1	1	0	1546.16431	1524.73459	1529.02892
97.819020	1	1	1	0	1546.16275	1524.73365	1529.02512
97.839020	1	1	1	0	1546.16489	1524.73459	1529.02512
97.859020	1	1	1	0	1546.17091	1524.73365	1529.02892
97.879020	1	1	1	0	1546.16275	1524.73195	1529.02512
97.899019	1	1	1	0	1546.16703	1524.73195	1529.02113
97.919020	1	1	1	0	1546.16275	1524.73289	1529.02702
97.939019	1	1	1	0	1546.15983	1524.73270	1529.02892
97.959019	1	1	1	0	1546.16275	1524.73289	1529.02721
97.979019	1	1	1	0	1546.16275	1524.73081	1529.02322
97.999019	1	1	1	0	1546.16275	1524.73270	1529.02892
98.019018	1	1	1	0	1546.16042	1524.73081	1529.02892
98.039018	1	1	1	0	1546.16042	1524.73081	1529.02721
98.059018	1	1	1	0	1546.16197	1524.73478	1529.02322
98.079018	1	1	1	0	1546.16275	1524.73119	1529.02512
98.099017	1	1	1	0	1546.16703	1524.73289	1529.02512
98.119017	1	1	1	0	1546.16042	1524.73119	1529.02512
98.139017	1	1	1	0	1546.16936	1524.73214	1529.02512
98.159017	1	1	1	0	1546.17091	1524.73195	1529.02702
98.179017	1	1	1	0	1546.16372	1524.73270	1529.02892
98.199016	1	1	1	0	1546.16431	1524.73119	1529.02721
98.219016	1	1	1	0	1546.16645	1524.73365	1529.02702
98.239016	1	1	1	0	1546.16275	1524.73119	1529.02702
98.259016	1	1	1	0	1546.15983	1524.73195	1529.02512
98.279016	1	1	1	0	1546.16703	1524.73365	1529.02892
98.299016	1	1	1	0	1546.15828	1524.73270	1529.02322
98.319015	1	1	1	0	1546.15828	1524.73365	1529.02892
98.339015	1	1	1	0	1546.15770	1524.73554	1529.02892
98.359015	1	1	1	0	1546.15536	1524.73195	1529.02512
98.379014	1	1	1	0	1546.16431	1524.73403	1529.02303
98.399014	1	1	1	0	1546.16645	1524.73195	1529.02512
98.419014	1	1	1	0	1546.15536	1524.73006	1529.02493
98.439014	1	1	1	0	1546.16042	1524.73478	1529.02322
98.459014	1	1	1	0	1546.16703	1524.73119	1529.02873
98.479014	1	1	1	0	1546.16431	1524.73270	1529.02512
98.499013	1	1	1	0	1546.16275	1524.73081	1529.02512
98.519013	1	1	1	0	1546.16431	1524.73365	1529.02512
98.539013	1	1	1	0	1546.16431	1524.73270	1529.02892
98.559013	1	1	1	0	1546.16275	1524.73195	1529.02721
98.579013	1	1	1	0	1546.16547	1524.73289	1529.02493
98.599012	1	1	1	0	1546.16431	1524.73403	1529.02113
98.619012	1	1	1	0	1546.16275	1524.73289	1529.02702
98.639012	1	1	1	0	1546.15770	1524.73195	1529.02512
98.659012	1	1	1	0	1546.16197	1524.73195	1529.02892
98.679012	1	1	1	0	1546.16197	1524.73195	1529.02512
98.699011	1	1	1	0	1546.16703	1524.73195	1529.02512
98.719011	1	1	1	0	1546.15167	1524.73478	1529.02531
98.739011	1	1	1	0	1546.15983	1524.73478	1529.02702
98.759011	1	1	1	0	1546.15770	1524.73554	1529.02702
98.779011	1	1	1	0	1546.15983	1524.73006	1529.02721
98.799011	1	1	1	0	1546.17539	1524.73365	1529.02493
98.819010	1	1	1	0	1546.16431	1524.73195	1529.03101
98.839010	1	1	1	0	1546.16197	1524.73365	1529.02702
98.859010	1	1	1	0	1546.16489	1524.73195	1529.02702
98.879010	1	1	1	0	1546.15983	1524.73270	1529.02512
98.899009	1	1	1	0	1546.16197	1524.73195	1529.02322
98.919009	1	1	1	0	1546.16703	1524.73214	1529.02512
98.939009	1	1	1	0	1546.16645	1524.73365	1529.02512
98.959009	1	1	1	0	1546.15983	1524.73459	1529.02493
98.979009	1	1	1	0	1546.16042	1524.73270	1529.02702
98.999008	1	1	1	0	1546.16042	1524.73195	1529.02512
99.019008	1	1	1	0	1546.16878	1524.73195	1529.02892
99.039008	1	1	1	0	1546.15828	1524.73365	1529.02512
99.059008	1	1	1	0	1546.16878	1524.73478	1529.02322
99.079008	1	1	1	0	1546.16431	1524.73289	1529.02512
99.099007	1	1	1	0	1546.16042	1524.73195	1529.02911
99.119007	1	1	1	0	1546.15381	1524.73195	1529.02512
99.139007	1	1	1	0	1546.16042	1524.73289	1529.02892
99.159007	1	1	1	0	1546.16645	1524.73289	1529.02721
99.179007	1	1	1	0	1546.15983	1524.73195	1529.02531
99.199007	1	1	1	0	1546.15614	1524.73270	1529.02721
99.219006	1	1	1	0	1546.16703	1524.73365	1529.02512
99.239006	1	1	1	0	1546.15614	1524.73195	1529.02303
99.259006	1	1	1	0	1546.15828	1524.73195	1529.02721
99.279006	1	1	1	0	1546.16586	1524.73289	1529.02512
99.299006	1	1	1	0	1546.15828	1524.73081	1529.02702
99.319005	1	1	1	0	1546.16197	1524.73195	1529.02892
99.339005	1	1	1	0	1546.16275	1524.73459	1529.02512
99.359005	1	1	1	0	1546.16703	1524.73195	1529.02721
99.379005	1	1	1	0	1546.16372	1524.73629	1529.02531
99.399004	1	1	1	0	1546.16431	1524.73289	1529.02702
99.419004	1	1	1	0	1546.16197	1524.73006	1529.02303
99.439004	1	1	1	0	1546.16489	1524.73195	1529.02512
99.459004	1	1	1	0	1546.15167	1524.73289	1529.02721
99.479004	1	1	1	0	1546.15770	1524.73289	1529.02322
99.499003	1	1	1	0	1546.15983	1524.73081	1529.02512
99.519003	1	1	1	0	1546.17091	1524.73195	1529.02303
99.539003	1	1	1	0	1546.15770	1524.73195	1529.02721
99.559003	1	1	1	0	1546.15983	1524.73006	1529.02702
99.579003	1	1	1	0	1546.16197	1524.73667	1529.02512
99.599002	1	1	1	0	1546.16275	1524.73365	1529.02512
99.619002	1	1	1	0	1546.15983	1524.73119	1529.02892
99.639002	1	1	1	0	1546.16489	1524.73289	1529.02721
99.659002	1	1	1	0	1546.15828	1524.73365	1529.02512
99.679002	1	1	1	0	1546.16275	1524.73270	1529.02702
99.699002	1	1	1	0	1546.15828	1524.73289	1529.03082
99.719001	1	1	1	0	1546.15828	1524.73365	1529.02702
99.739001	1	1	1	0	1546.16489	1524.73119	1529.02721
99.759001	1	1	1	0	1546.15828	1524.73478	1529.02721
99.779001	1	1	1	0	1546.15381	1524.73195	1529.02303
99.799001	1	1	1	0	1546.16703	1524.73289	1529.02512
99.819000	1	1	1	0	1546.15614	1524.73195	1529.02303
99.839000	1	1	1	0	1546.16197	1524.73289	1529.02493
99.859000	1	1	1	0	1546.15614	1524.73214	1529.02702
99.879000	1	1	1	0	1546.15692	1524.73289	1529.02721
99.898999	1	1	1	0	1546.16780	1524.73289	1529.02512
99.918999	1	1	1	0	1546.16703	1524.73365	1529.02512
99.938999	1	1	1	0	1546.16489	1524.73081	1529.02702
99.958999	1	1	1	0	1546.15614	1524.73119	1529.02892
99.978999	1	1	1	0	1546.16878	1524.73289	1529.02892
99.998998	1	1	1	0	1546.16275	1524.73289	1529.02493
100.018998	1	1	1	0	1546.16197	1524.73195	1529.02721
100.038998	1	1	1	0	1546.15536	1524.73270	1529.02702
100.058998	1	1	1	0	1546.16431	1524.73289	1529.02721
100.078998	1	1	1	0	1546.16275	1524.73119	1529.02702
100.098998	1	1	1	0	1546.16703	1524.73365	1529.02702
100.118997	1	1	1	0	1546.16333	1524.73289	1529.02322
100.138997	1	1	1	0	1546.15614	1524.73195	1529.02702
100.158997	1	1	1	0	1546.16042	1524.73365	1529.02721
100.178997	1	1	1	0	1546.16936	1524.73289	1529.02702
100.198996	1	1	1	0	1546.15983	1524.73195	1529.02702
100.218996	1	1	1	0	1546.15983	1524.73270	1529.02721
100.238996	1	1	1	0	1546.16042	1524.73195	1529.02721
100.258996	1	1	1	0	1546.16489	1524.73289	1529.02512
100.278996	1	1	1	0	1546.16489	1524.73289	1529.02702
100.298995	1	1	1	0	1546.15770	1524.73195	1529.02512
100.318995	1	1	1	0	1546.16547	1524.73006	1529.02702
100.338995	1	1	1	0	1546.16489	1524.73195	1529.02322
100.358995	1	1	1	0	1546.15983	1524.73081	1529.02512
100.378995	1	1	1	0	1546.16197	1524.73270	1529.02702
100.398994	1	1	1	0	1546.16645	1524.73214	1529.02892
100.418994	1	1	1	0	1546.16645	1524.73270	1529.02702
100.438994	1	1	1	0	1546.16372	1524.73289	1529.02512
100.458994	1	1	1	0	1546.15983	1524.73195	1529.02303
100.478994	1	1	1	0	1546.16275	1524.73478	1529.02702
100.498994	1	1	1	0	1546.15614	1524.73195	1529.02892
100.518993	1	1	1	0	1546.16042	1524.73478	1529.02702
100.538993	1	1	1	0	1546.16878	1524.73478	1529.02702
100.558993	1	1	1	0	1546.16431	1524.73024	1529.02512
100.578993	1	1	1	0	1546.16042	1524.73365	1529.02512
100.598993	1	1	1	0	1546.15614	1524.73365	1529.02892
100.618992	1	1	1	0	1546.16703	1524.73195	1529.02512
100.638992	1	1	1	0	1546.15828	1524.73195	1529.02721
100.658992	1	1	1	0	1546.16878	1524.73365	1529.02512
100.678992	1	1	1	0	1546.16042	1524.73195	1529.02702
100.698992	1	1	1	0	1546.16139	1524.73270	1529.02512
100.718991	1	1	1	0	1546.16431	1524.73289	1529.02892
100.738991	1	1	1	0	1546.15692	1524.73478	1529.02493
100.758991	1	1	1	0	1546.16275	1524.73478	1529.02512
100.778991	1	1	1	0	1546.15983	1524.73365	1529.02512
100.798990	1	1	1	0	1546.16042	1524.73195	1529.02493
100.818990	1	1	1	0	1546.15828	1524.73270	1529.02512
100.838990	1	1	1	0	1546.16333	1524.73270	1529.02702
100.858990	1	1	1	0	1546.15614	1524.73289	1529.02702
100.878990	1	1	1	0	1546.15614	1524.73365	1529.02911
100.898989	1	1	1	0	1546.16489	1524.73214	1529.02702
100.918989	1	1	1	0	1546.16197	1524.73270	1529.02303
100.938989	1	1	1	0	1546.16197	1524.73289	1529.02512
100.958989	1	1	1	0	1546.17150	1524.73270	1529.02892
100.978989	1	1	1	0	1546.16703	1524.73081	1529.02721
100.998989	1	1	1	0	1546.16431	1524.73081	1529.02512
101.018988	1	1	1	0	1546.15770	1524.73289	1529.02512
101.038988	1	1	1	0	1546.16042	1524.73081	1529.02702
101.058988	1	1	1	0	1546.16275	1524.73478	1529.02512
101.078988	1	1	1	0	1546.15381	1524.73289	1529.02702
101.098988	1	1	1	0	1546.16936	1524.73195	1529.02512
101.118987	1	1	1	0	1546.16645	1524.73006	1529.02892
101.138987	1	1	1	0	1546.15828	1524.73289	1529.02702
101.158987	1	1	1	0	1546.16275	1524.73365	1529.03082
101.178987	1	1	1	0	1546.15983	1524.73289	1529.02512
101.198987	1	1	1	0	1546.15828	1524.73006	1529.02512
101.218986	1	1	1	0	1546.16275	1524.73289	1529.03101
101.238986	1	1	1	0	1546.16042	1524.73365	1529.02303
101.258986	1	1	1	0	1546.16645	1524.73365	1529.02911
101.278986	1	1	1	0	1546.15614	1524.73289	1529.02721
101.298985	1	1	1	0	1546.16430	1524.73365	1529.02702
101.318985	1	1	1	0	1546.16275	1524.73365	1529.02702
101.338985	1	1	1	0	1546.16430	1524.73195	1529.02892
101.358985	1	1	1	0	1546.15245	1524.73195	1529.02702
101.378985	1	1	1	0	1546.16275	1524.73005	1529.03101
101.398984	1	1	1	0	1546.15828	1524.73195	1529.02512
101.418984	1	1	1	0	1546.16042	1524.73289	1529.02892
101.438984	1	1	1	0	1546.15983	1524.73195	1529.02892
101.458984	1	1	1	0	1546.16275	1524.73195	1529.02702
101.478984	1	1	1	0	1546.16275	1524.73119	1529.02512
101.498983	1	1	1	0	1546.15536	1524.73289	1529.02892
101.518983	1	1	1	0	1546.16877	1524.73195	1529.02322
101.538983	1	1	1	0	1546.15536	1524.73365	1529.02702
101.558983	1	1	1	0	1546.16197	1524.73270	1529.02322
101.578983	1	1	1	0	1546.15770	1524.72930	1529.02702
101.598983	1	1	1	0	1546.16042	1524.73119	1529.02512
101.618982	1	1	1	0	1546.17091	1524.73119	1529.02512
101.638982	1	1	1	0	1546.16703	1524.73119	1529.02702
101.658982	1	1	1	0	1546.16275	1524.73005	1529.02702
101.678982	1	1	1	0	1546.16489	1524.73289	1529.02512
101.698982	1	1	1	0	1546.16042	1524.73270	1529.02702
101.718981	1	1	1	0	1546.15828	1524.73213	1529.02702
101.738981	1	1	1	0	1546.16936	1524.73195	1529.02702
101.758981	1	1	1	0	1546.15983	1524.73289	1529.02702
101.778981	1	1	1	0	1546.16197	1524.73365	1529.02512
101.798980	1	1	1	0	1546.15614	1524.73195	1529.02702
101.818980	1	1	1	0	1546.16644	1524.73195	1529.02512
101.838980	1	1	1	0	1546.16703	1524.73289	1529.02512
101.858980	1	1	1	0	1546.15886	1524.73289	1529.02702
101.878980	1	1	1	0	1546.16430	1524.73195	1529.02512
101.898980	1	1	1	0	1546.16275	1524.73195	1529.02892
101.918979	1	1	1	0	1546.16197	1524.73195	1529.02892
101.938979	1	1	1	0	1546.15828	1524.73478	1529.02892
101.958979	1	1	1	0	1546.16430	1524.73478	1529.02512
101.978979	1	1	1	0	1546.16489	1524.73270	1529.02493
101.998978	1	1	1	0	1546.16644	1524.73119	1529.02702
102.018978	1	1	1	0	1546.15536	1524.73289	1529.02322
102.038978	1	1	1	0	1546.16275	1524.73195	1529.02892
102.058978	1	1	1	0	1546.16489	1524.73119	1529.02493
102.078978	1	1	1	0	1546.16703	1524.73119	1529.02721
102.098977	1	1	1	0	1546.16197	1524.73289	1529.02512
102.118977	1	1	1	0	1546.16431	1524.73195	1529.02512
102.138977	1	1	1	0	1546.16275	1524.73195	1529.02322
102.158977	1	1	1	0	1546.15828	1524.73459	1529.02702
102.178977	1	1	1	0	1546.16489	1524.73478	1529.02721
102.198977	1	1	1	0	1546.16042	1524.73195	1529.02512
102.218976	1	1	1	0	1546.16489	1524.73081	1529.02512
102.238976	1	1	1	0	1546.16120	1524.73459	1529.02702
102.258976	1	1	1	0	1546.16878	1524.73195	1529.02892
102.278976	1	1	1	0	1546.16372	1524.73365	1529.02512
102.298975	1	1	1	0	1546.15323	1524.73403	1529.02493
102.318975	1	1	1	0	1546.15886	1524.73365	1529.02892
102.338975	1	1	1	0	1546.15770	1524.73270	1529.02512
102.358975	1	1	1	0	1546.16197	1524.73289	1529.02702
102.378975	1	1	1	0	1546.15323	1524.73459	1529.02721
102.398974	1	1	1	0	1546.16197	1524.73006	1529.02512
102.418974	1	1	1	0	1546.16042	1524.73195	1529.02702
102.438974	1	1	1	0	1546.15983	1524.73289	1529.02702
102.458974	1	1	1	0	1546.16489	1524.73195	1529.02512
102.478974	1	1	1	0	1546.15886	1524.73195	1529.02702
102.498973	1	1	1	0	1546.15381	1524.73554	1529.02512
102.518973	1	1	1	0	1546.15828	1524.73289	1529.02721
102.538973	1	1	1	0	1546.15828	1524.73006	1529.02892
102.558973	1	1	1	0	1546.15983	1524.73270	1529.02721
102.578973	1	1	1	0	1546.16489	1524.73195	1529.02512
102.598972	1	1	1	0	1546.15692	1524.73289	1529.02702
102.618972	1	1	1	0	1546.16042	1524.73365	1529.02721
102.638972	1	1	1	0	1546.16936	1524.73195	1529.02702
102.658972	1	1	1	0	1546.16431	1524.73081	1529.02892
102.678972	1	1	1	0	1546.16703	1524.73006	1529.02892
102.698972	1	1	1	0	1546.15828	1524.73119	1529.02512
102.718971	1	1	1	0	1546.16431	1524.73289	1529.02702
102.738971	1	1	1	0	1546.15983	1524.73195	1529.02702
102.758971	1	1	1	0	1546.16197	1524.73478	1529.02512
102.778971	1	1	1	0	1546.15983	1524.73459	1529.02512
102.798970	1	1	1	0	1546.16703	1524.73195	1529.02721
102.818970	1	1	1	0	1546.16275	1524.73365	1529.02512
102.838970	1	1	1	0	1546.15828	1524.73365	1529.02512
102.858970	1	1	1	0	1546.15536	1524.73289	1529.02702
102.878970	1	1	1	0	1546.16703	1524.73289	1529.02892
102.898969	1	1	1	0	1546.16197	1524.73289	1529.02512
102.918969	1	1	1	0	1546.15536	1524.73081	1529.02512
102.938969	1	1	1	0	1546.15770	1524.73195	1529.02721
102.958969	1	1	1	0	1546.16877	1524.73195	1529.02721
102.978969	1	1	1	0	1546.16197	1524.73081	1529.02702
102.998968	1	1	1	0	1546.16877	1524.73195	1529.02911
103.018968	1	1	1	0	1546.15614	1524.73365	1529.02512
103.038968	1	1	1	0	1546.16936	1524.73195	1529.02702
103.058968	1	1	1	0	1546.16139	1524.73289	1529.02892
103.078968	1	1	1	0	1546.16275	1524.73289	1529.02702
103.098967	1	1	1	0	1546.15983	1524.73459	1529.02302
103.118967	1	1	1	0	1546.16703	1524.73459	1529.02512
103.138967	1	1	1	0	1546.15614	1524.73195	1529.02702
103.158967	1	1	1	0	1546.16333	1524.73270	1529.02721
103.178967	1	1	1	0	1546.16877	1524.73270	1529.02892
103.198967	1	1	1	0	1546.16877	1524.73289	1529.02512
103.218966	1	1	1	0	1546.16936	1524.73270	1529.02702
103.238966	1	1	1	0	1546.16197	1524.73081	1529.02512
103.258966	1	1	1	0	1546.16489	1524.73459	1529.02721
103.278966	1	1	1	0	1546.16936	1524.73365	1529.02702
103.298965	1	1	1	0	1546.16275	1524.73270	1529.02512
103.318965	1	1	1	0	1546.15614	1524.73459	1529.02892
103.338965	1	1	1	0	1546.17150	1524.73119	1529.02512
103.358965	1	1	1	0	1546.16800	1524.73459	1529.03101
103.378965	1	1	1	0	1546.15614	1524.73195	1529.02512
103.398964	1	1	1	0	1546.15828	1524.73195	1529.02512
103.418964	1	1	1	0	1546.15536	1524.73005	1529.02721
103.438964	1	1	1	0	1546.16042	1524.73081	1529.02702
103.458964	1	1	1	0	1546.15322	1524.73195	1529.02911
103.478964	1	1	1	0	1546.16489	1524.73289	1529.02702
103.498963	1	1	1	0	1546.16489	1524.73195	1529.02702
103.518963	1	1	1	0	1546.16042	1524.73195	1529.02512
103.538963	1	1	1	0	1546.16430	1524.73459	1529.02892
103.558963	1	1	1	0	1546.16430	1524.73365	1529.02702
103.578963	1	1	1	0	1546.16489	1524.73365	1529.02702
103.598962	1	1	1	0	1546.15828	1524.73365	1529.02892
103.618962	1	1	1	0	1546.16644	1524.73195	1529.02892
103.638962	1	1	1	0	1546.16877	1524.73289	1529.02702
103.658962	1	1	1	0	1546.15536	1524.73195	1529.02702
103.678962	1	1	1	0	1546.16877	1524.73478	1529.02721
103.698961	1	1	1	0	1546.16042	1524.73289	1529.02512
103.718961	1	1	1	0	1546.16042	1524.73119	1529.02702
103.738961	1	1	1	0	1546.16489	1524.73478	1529.02512
103.758961	1	1	1	0	1546.15828	1524.73195	1529.02702
103.778960	1	1	1	0	1546.16936	1524.73554	1529.02702
103.798960	1	1	1	0	1546.15381	1524.73270	1529.02702
103.818960	1	1	1	0	1546.16275	1524.73478	1529.02892
103.838960	1	1	1	0	1546.17305	1524.73289	1529.02512
103.858960	1	1	1	0	1546.16645	1524.73119	1529.02512
103.878960	1	1	1	0	1546.16645	1524.73289	1529.02512
103.898959	1	1	1	0	1546.15828	1524.73289	1529.02892
103.918959	1	1	1	0	1546.16042	1524.73365	1529.02892
103.938959	1	1	1	0	1546.15828	1524.73289	1529.02512
103.958959	1	1	1	0	1546.15983	1524.73195	1529.02702
103.978959	1	1	1	0	1546.16431	1524.73195	1529.02512
103.998958	1	1	1	0	1546.15983	1524.73195	1529.02702
104.018958	1	1	1	0	1546.16197	1524.73289	1529.02512
104.038958	1	1	1	0	1546.15536	1524.73119	1529.02721
104.058958	1	1	1	0	1546.16489	1524.73195	1529.02702
104.078958	1	1	1	0	1546.17091	1524.73365	1529.02512
104.098958	1	1	1	0	1546.17091	1524.73081	1529.02721
104.118957	1	1	1	0	1546.15828	1524.73289	1529.02702
104.138957	1	1	1	0	1546.16275	1524.73289	1529.02512
104.158957	1	1	1	0	1546.15167	1524.73119	1529.02702
104.178957	1	1	1	0	1546.16703	1524.73365	1529.02892
104.198956	1	1	1	0	1546.16431	1524.73289	1529.02512
104.218956	1	1	1	0	1546.16489	1524.73478	1529.02892
104.238956	1	1	1	0	1546.15828	1524.73081	1529.02721
104.258956	1	1	1	0	1546.16645	1524.73195	1529.02512
104.278955	1	1	1	0	1546.16645	1524.73289	1529.02512
104.298955	1	1	1	0	1546.15536	1524.73365	1529.02702
104.318955	1	1	1	0	1546.16489	1524.73289	1529.02702
104.338955	1	1	1	0	1546.16431	1524.73119	1529.02702
104.358955	1	1	1	0	1546.15381	1524.73459	1529.02702
104.378955	1	1	1	0	1546.16936	1524.73195	1529.02303
104.398955	1	1	1	0	1546.16489	1524.73270	1529.02702
104.418954	1	1	1	0	1546.15536	1524.73365	1529.02892
104.438954	1	1	1	0	1546.16197	1524.73459	1529.02702
104.458954	1	1	1	0	1546.16197	1524.73119	1529.02702
104.478954	1	1	1	0	1546.15886	1524.73195	1529.02702
104.498953	1	1	1	0	1546.15770	1524.73270	1529.02512
104.518953	1	1	1	0	1546.16197	1524.73195	1529.02512
104.538953	1	1	1	0	1546.16431	1524.73289	1529.02721
104.558953	1	1	1	0	1546.16431	1524.73006	1529.02892
104.578953	1	1	1	0	1546.16198	1524.73119	1529.02512
104.598953	1	1	1	0	1546.16645	1524.73365	1529.02493
104.618952	1	1	1	0	1546.16042	1524.73365	1529.02702
104.638952	1	1	1	0	1546.16703	1524.73365	1529.02531
104.658952	1	1	1	0	1546.16431	1524.73365	1529.02911
104.678952	1	1	1	0	1546.16275	1524.73289	1529.02512
104.698951	1	1	1	0	1546.17092	1524.73119	1529.02892
104.718951	1	1	1	0	1546.16275	1524.73081	1529.02911
104.738951	1	1	1	0	1546.15692	1524.73195	1529.02702
104.758951	1	1	1	0	1546.15984	1524.73289	1529.02892
104.778950	1	1	1	0	1546.16936	1524.73554	1529.02512
104.798950	1	1	1	0	1546.16431	1524.73214	1529.02892
104.818950	1	1	1	0	1546.16120	1524.73365	1529.02512
104.838950	1	1	1	0	1546.16703	1524.73365	1529.02721
104.858950	1	1	1	0	1546.16878	1524.73195	1529.02702
104.878950	1	1	1	0	1546.16275	1524.73365	1529.02512
104.898949	1	1	1	0	1546.15828	1524.73289	1529.02702
104.918949	1	1	1	0	1546.15984	1524.73289	1529.02721
104.938949	1	1	1	0	1546.16042	1524.73119	1529.02113
104.958949	1	1	1	0	1546.16645	1524.73119	1529.02512
104.978949	1	1	1	0	1546.16878	1524.73365	1529.02911
104.998948	1	1	1	0	1546.15828	1524.73081	1529.02721
105.018948	1	1	1	0	1546.16489	1524.73478	1529.02702
105.038948	1	1	1	0	1546.15770	1524.73478	1529.02702
105.058948	1	1	1	0	1546.15770	1524.73195	1529.02721
105.078948	1	1	1	0	1546.15770	1524.73478	1529.02721
105.098948	1	1	1	0	1546.16042	1524.73365	1529.02892
105.118947	1	1	1	0	1546.16431	1524.73289	1529.02702
105.138947	1	1	1	0	1546.16703	1524.73195	1529.02512
105.158947	1	1	1	0	1546.16431	1524.73195	1529.02512
105.178947	1	1	1	0	1546.16936	1524.73365	1529.02512
105.198946	1	1	1	0	1546.15167	1524.73119	1529.02702
105.218946	1	1	1	0	1546.15770	1524.73195	1529.02512
105.238946	1	1	1	0	1546.16703	1524.73119	1529.02493
105.258946	1	1	1	0	1546.16275	1524.73214	1529.02721
105.278945	1	1	1	0	1546.16198	1524.73119	1529.02892
105.298945	1	1	1	0	1546.16878	1524.73195	1529.02512
105.318945	1	1	1	0	1546.16042	1524.73006	1529.02892
105.338945	1	1	1	0	1546.16042	1524.73460	1529.02322
105.358945	1	1	1	0	1546.14954	1524.73271	1529.02721
105.378945	1	1	1	0	1546.16878	1524.73289	1529.02702
105.398944	1	1	1	0	1546.16275	1524.73271	1529.02493
105.418944	1	1	1	0	1546.16275	1524.73289	1529.02702
105.438944	1	1	1	0	1546.15984	1524.73119	1529.02721
105.458944	1	1	1	0	1546.15828	1524.73195	1529.02892
105.478944	1	1	1	0	1546.16334	1524.73214	1529.02512
105.498944	1	1	1	0	1546.15828	1524.73289	1529.02512
105.518943	1	1	1	0	1546.16431	1524.73365	1529.02702
105.538943	1	1	1	0	1546.15984	1524.73478	1529.02512
105.558943	1	1	1	0	1546.15984	1524.73195	1529.02493
105.578943	1	1	1	0	1546.16198	1524.73195	1529.02721
105.598942	1	1	1	0	1546.16645	1524.73195	1529.02512
105.618942	1	1	1	0	1546.16120	1524.73119	1529.03101
105.638942	1	1	1	0	1546.15614	1524.73081	1529.02512
105.658942	1	1	1	0	1546.16703	1524.73271	1529.02512
105.678941	1	1	1	0	1546.16275	1524.73195	1529.02702
105.698941	1	1	1	0	1546.16198	1524.73289	1529.02721
105.718941	1	1	1	0	1546.16275	1524.73119	1529.02512
105.738941	1	1	1	0	1546.16042	1524.73081	1529.02493
105.758941	1	1	1	0	1546.16645	1524.73195	1529.02721
105.778941	1	1	1	0	1546.16936	1524.73195	1529.02892
105.798940	1	1	1	0	1546.16878	1524.73195	1529.02303
105.818940	1	1	1	0	1546.16703	1524.73271	1529.02721
105.838940	1	1	1	0	1546.16275	1524.73554	1529.02702
105.858940	1	1	1	0	1546.15537	1524.73271	1529.02512
105.878940	1	1	1	0	1546.16936	1524.73365	1529.02512
105.898939	1	1	1	0	1546.16586	1524.73365	1529.02702
105.918940	1	1	1	0	1546.16198	1524.73195	1529.02702
105.938939	1	1	1	0	1546.15828	1524.73195	1529.02702
105.958939	1	1	1	0	1546.17306	1524.73365	1529.02892
105.978939	1	1	1	0	1546.16431	1524.73119	1529.02911
105.998939	1	1	1	0	1546.16042	1524.73271	1529.02911
106.018938	1	1	1	0	1546.15828	1524.73289	1529.02892
106.038938	1	1	1	0	1546.16198	1524.73271	1529.02303
106.058938	1	1	1	0	1546.16489	1524.73119	1529.02702
106.078938	1	1	1	0	1546.15984	1524.73195	1529.02512
106.098937	1	1	1	0	1546.16275	1524.73365	1529.02702
106.118937	1	1	1	0	1546.16042	1524.73460	1529.02512
106.138937	1	1	1	0	1546.16878	1524.73365	1529.02702
106.158937	1	1	1	0	1546.16489	1524.73554	1529.02911
106.178937	1	1	1	0	1546.16275	1524.73195	1529.02721
106.198936	1	1	1	0	1546.15828	1524.73195	1529.02721
106.218936	1	1	1	0	1546.16936	1524.73006	1529.02911
106.238936	1	1	1	0	1546.16878	1524.73195	1529.02512
106.258936	1	1	1	0	1546.16878	1524.73289	1529.02702
106.278936	1	1	1	0	1546.16878	1524.73365	1529.02702
106.298935	1	1	1	0	1546.16198	1524.73195	1529.02721
106.318935	1	1	1	0	1546.15692	1524.73289	1529.02721
106.338935	1	1	1	0	1546.16703	1524.73478	1529.02512
106.358935	1	1	1	0	1546.16489	1524.73271	1529.02512
106.378935	1	1	1	0	1546.16703	1524.73195	1529.02892
106.398934	1	1	1	0	1546.15614	1524.73289	1529.02702
106.418934	1	1	1	0	1546.16275	1524.73195	1529.02512
106.438934	1	1	1	0	1546.16198	1524.73195	1529.02512
106.458934	1	1	1	0	1546.16198	1524.73195	1529.02892
106.478934	1	1	1	0	1546.17150	1524.73006	1529.02702
106.498934	1	1	1	0	1546.15984	1524.73365	1529.02702
106.518933	1	1	1	0	1546.16198	1524.73460	1529.02512
106.538933	1	1	1	0	1546.15537	1524.73289	1529.02892
106.558933	1	1	1	0	1546.16198	1524.73460	1529.02512
106.578933	1	1	1	0	1546.16489	1524.73195	1529.02702
106.598932	1	1	1	0	1546.16431	1524.73195	1529.02892
106.618932	1	1	1	0	1546.15828	1524.73365	1529.02702
106.638932	1	1	1	0	1546.15925	1524.73365	1529.02303
106.658932	1	1	1	0	1546.16139	1524.73365	1529.02892
106.678931	1	1	1	0	1546.15381	1524.73081	1529.02702
106.698931	1	1	1	0	1546.16703	1524.72930	1529.02911
106.718931	1	1	1	0	1546.16042	1524.73365	1529.02702
106.738931	1	1	1	0	1546.16198	1524.73478	1529.02702
106.758931	1	1	1	0	1546.16431	1524.73006	1529.02702
106.778931	1	1	1	0	1546.16275	1524.73119	1529.02512
106.798930	1	1	1	0	1546.16042	1524.73289	1529.02721
106.818930	1	1	1	0	1546.16275	1524.73081	1529.02512
106.838930	1	1	1	0	1546.16042	1524.73365	1529.02702
106.858930	1	1	1	0	1546.16645	1524.73365	1529.02702
106.878929	1	1	1	0	1546.16645	1524.73195	1529.02512
106.898929	1	1	1	0	1546.16489	1524.73119	1529.02493
106.918929	1	1	1	0	1546.15614	1524.72892	1529.02702
106.938929	1	1	1	0	1546.16334	1524.73195	1529.02892
106.958929	1	1	1	0	1546.16198	1524.73119	1529.02892
106.978929	1	1	1	0	1546.15323	1524.73365	1529.02512
106.998928	1	1	1	0	1546.16489	1524.73271	1529.02512
107.018928	1	1	1	0	1546.17150	1524.73289	1529.02512
107.038928	1	1	1	0	1546.15984	1524.73460	1529.02702
107.058928	1	1	1	0	1546.15770	1524.73195	1529.02512
107.078928	1	1	1	0	1546.15828	1524.73365	1529.02702
107.098927	1	1	1	0	1546.16431	1524.73365	1529.02892
107.118927	1	1	1	0	1546.16275	1524.73271	1529.02892
107.138927	1	1	1	0	1546.15381	1524.73195	1529.02892
107.158927	1	1	1	0	1546.16120	1524.73195	1529.02322
107.178926	1	1	1	0	1546.15614	1524.73535	1529.02512
107.198926	1	1	1	0	1546.17364	1524.73365	1529.02493
107.218926	1	1	1	0	1546.16275	1524.73460	1529.02512
107.238926	1	1	1	0	1546.16936	1524.73271	1529.02512
107.258926	1	1	1	0	1546.16431	1524.73365	1529.02702
107.278925	1	1	1	0	1546.16334	1524.73289	1529.02892
107.298925	1	1	1	0	1546.16878	1524.73460	1529.02702
107.318925	1	1	1	0	1546.16878	1524.73365	1529.02512
107.338925	1	1	1	0	1546.15828	1524.73365	1529.02892
107.358925	1	1	1	0	1546.16198	1524.73006	1529.02702
107.378925	1	1	1	0	1546.15537	1524.73289	1529.02512
107.398924	1	1	1	0	1546.16275	1524.73214	1529.02892
107.418924	1	1	1	0	1546.16275	1524.73365	1529.02512
107.438924	1	1	1	0	1546.17539	1524.73195	1529.02702
107.458924	1	1	1	0	1546.15614	1524.73289	1529.02303
107.478924	1	1	1	0	1546.16489	1524.73271	1529.02512
107.498923	1	1	1	0	1546.16372	1524.73081	1529.02512
107.518923	1	1	1	0	1546.15537	1524.73289	1529.02512
107.538923	1	1	1	0	1546.15478	1524.73195	1529.02721
107.558923	1	1	1	0	1546.16275	1524.72741	1529.02892
107.578923	1	1	1	0	1546.16645	1524.73195	1529.02512
107.598922	1	1	1	0	1546.15984	1524.73460	1529.02892
107.618922	1	1	1	0	1546.15537	1524.73289	1529.02493
107.638922	1	1	1	0	1546.15537	1524.73460	1529.02892
107.658922	1	1	1	0	1546.15614	1524.73119	1529.02721
107.678921	1	1	1	0	1546.16275	1524.73289	1529.02512
107.698921	1	1	1	0	1546.16489	1524.73195	1529.02512
107.718921	1	1	1	0	1546.15828	1524.73006	1529.02512
107.738921	1	1	1	0	1546.16703	1524.73365	1529.02322
107.758921	1	1	1	0	1546.16645	1524.73195	1529.02702
107.778921	1	1	1	0	1546.16275	1524.73119	1529.02702
107.798920	1	1	1	0	1546.16703	1524.73478	1529.02493
107.818920	1	1	1	0	1546.16703	1524.73195	1529.02493
107.838920	1	1	1	0	1546.16198	1524.73119	1529.02702
107.858920	1	1	1	0	1546.16936	1524.73195	1529.02512
107.878920	1	1	1	0	1546.17092	1524.73478	1529.02702
107.898919	1	1	1	0	1546.15537	1524.73365	1529.02512
107.918919	1	1	1	0	1546.15828	1524.73365	1529.02702
107.938919	1	1	1	0	1546.15828	1524.73081	1529.02702
107.958919	1	1	1	0	1546.16198	1524.73195	1529.02721
107.978919	1	1	1	0	1546.16275	1524.73195	1529.02702
107.998918	1	1	1	0	1546.15770	1524.73025	1529.02702
108.018918	1	1	1	0	1546.16198	1524.73365	1529.02702
108.038918	1	1	1	0	1546.16042	1524.73195	1529.02683
108.058918	1	1	1	0	1546.15673	1524.73195	1529.02303
108.078918	1	1	1	0	1546.16431	1524.73006	1529.02721
108.098917	1	1	1	0	1546.16645	1524.73195	1529.02702
108.118917	1	1	1	0	1546.15265	1524.73365	1529.02721
108.138917	1	1	1	0	1546.16198	1524.73195	1529.02512
108.158917	1	1	1	0	1546.17092	1524.73289	1529.02892
108.178916	1	1	1	0	1546.15537	1524.73195	1529.02303
108.198916	1	1	1	0	1546.15828	1524.73289	1529.02512
108.218916	1	1	1	0	1546.16489	1524.73365	1529.02892
108.238916	1	1	1	0	1546.16275	1524.73271	1529.02303
108.258916	1	1	1	0	1546.15614	1524.73289	1529.02702
108.278916	1	1	1	0	1546.16645	1524.73289	1529.02721
108.298915	1	1	1	0	1546.15984	1524.73478	1529.02512
108.318915	1	1	1	0	1546.16645	1524.73365	1529.02512
108.338915	1	1	1	0	1546.16431	1524.73365	1529.02512
108.358915	1	1	1	0	1546.16198	1524.73365	1529.02512
108.378915	1	1	1	0	1546.16489	1524.73195	1529.02512
108.398914	1	1	1	0	1546.15984	1524.73365	1529.02702
108.418914	1	1	1	0	1546.16878	1524.73195	1529.02721
108.438914	1	1	1	0	1546.15984	1524.73460	1529.02892
108.458914	1	1	1	0	1546.16120	1524.73554	1529.02702
108.478914	1	1	1	0	1546.15614	1524.73195	1529.02702
108.498913	1	1	1	0	1546.16489	1524.73460	1529.02512
108.518913	1	1	1	0	1546.16878	1524.72930	1529.02512
108.538913	1	1	1	0	1546.16489	1524.73365	1529.02702
108.558913	1	1	1	0	1546.16275	1524.73119	1529.02702
108.578913	1	1	1	0	1546.16042	1524.73006	1529.02702
108.598912	1	1	1	0	1546.16489	1524.73289	1529.02911
108.618912	1	1	1	0	1546.16878	1524.73460	1529.02512
108.638912	1	1	1	0	1546.15614	1524.73119	1529.02892
108.658912	1	1	1	0	1546.16431	1524.73365	1529.02721
108.678912	1	1	1	0	1546.15167	1524.73365	1529.02702
108.698911	1	1	1	0	1546.15323	1524.73082	1529.02702
108.718911	1	1	1	0	1546.16275	1524.73290	1529.02493
108.738911	1	1	1	0	1546.16645	1524.73006	1529.02702
108.758911	1	1	1	0	1546.16198	1524.73195	1529.02702
108.778910	1	1	1	0	1546.15770	1524.73120	1529.02892
108.798910	1	1	1	0	1546.15323	1524.73290	1529.02512
108.818910	1	1	1	0	1546.15984	1524.73290	1529.02512
108.838910	1	1	1	0	1546.16042	1524.73195	1529.02512
108.858910	1	1	1	0	1546.16042	1524.73195	1529.02303
108.878910	1	1	1	0	1546.16431	1524.73365	1529.02512
108.898909	1	1	1	0	1546.17092	1524.73195	1529.02702
108.918909	1	1	1	0	1546.16139	1524.73006	1529.02892
108.938909	1	1	1	0	1546.15770	1524.73290	1529.02322
108.958909	1	1	1	0	1546.16198	1524.73006	1529.02512
108.978909	1	1	1	0	1546.16042	1524.73195	1529.02911
108.998908	1	1	1	0	1546.16275	1524.73290	1529.02721
109.018908	1	1	1	0	1546.16198	1524.73195	1529.02702
109.038908	1	1	1	0	1546.16645	1524.73195	1529.02892
109.058908	1	1	1	0	1546.16489	1524.73120	1529.02512
109.078907	1	1	1	0	1546.15770	1524.73120	1529.02721
109.098907	1	1	1	0	1546.16042	1524.73290	1529.02702
109.118907	1	1	1	0	1546.15984	1524.73271	1529.02911
109.138907	1	1	1	0	1546.15829	1524.73290	1529.02512
109.158907	1	1	1	0	1546.15984	1524.73479	1529.02512
109.178907	1	1	1	0	1546.16431	1524.73592	1529.02892
109.198906	1	1	1	0	1546.15770	1524.73290	1529.02892
109.218906	1	1	1	0	1546.15323	1524.73365	1529.02911
109.238906	1	1	1	0	1546.16489	1524.73082	1529.02512
109.258906	1	1	1	0	1546.15770	1524.73195	1529.02512
109.278905	1	1	1	0	1546.16645	1524.73668	1529.02721
109.298905	1	1	1	0	1546.15984	1524.73290	1529.02892
109.318905	1	1	1	0	1546.17092	1524.73271	1529.02702
109.338905	1	1	1	0	1546.16042	1524.73195	1529.02702
109.358905	1	1	1	0	1546.16489	1524.73271	1529.02512
109.378905	1	1	1	0	1546.16198	1524.73082	1529.02721
109.398905	1	1	1	0	1546.16198	1524.73365	1529.02512
109.418904	1	1	1	0	1546.16878	1524.73157	1529.02531
109.438904	1	1	1	0	1546.15673	1524.73195	1529.02512
109.458904	1	1	1	0	1546.15984	1524.73271	1529.02512
109.478904	1	1	1	0	1546.16042	1524.73290	1529.02702
109.498904	1	1	1	0	1546.15984	1524.73365	1529.02512
109.518903	1	1	1	0	1546.16042	1524.73195	1529.02512
109.538903	1	1	1	0	1546.15829	1524.73365	1529.02721
109.558903	1	1	1	0	1546.15829	1524.73346	1529.02512
109.578902	1	1	1	0	1546.16275	1524.73195	1529.02512
109.598902	1	1	1	0	1546.16198	1524.73290	1529.02512
109.618902	1	1	1	0	1546.16198	1524.73271	1529.02702
109.638902	1	1	1	0	1546.16703	1524.73082	1529.02721
109.658902	1	1	1	0	1546.16489	1524.73120	1529.02512
109.678902	1	1	1	0	1546.16489	1524.73195	1529.02512
109.698901	1	1	1	0	1546.16042	1524.73120	1529.02702
109.718901	1	1	1	0	1546.16489	1524.73290	1529.02892
109.738901	1	1	1	0	1546.16878	1524.73460	1529.02702
109.758901	1	1	1	0	1546.16334	1524.73082	1529.02512
109.778901	1	1	1	0	1546.15615	1524.73290	1529.02702
109.798900	1	1	1	0	1546.16489	1524.72817	1529.02702
109.818900	1	1	1	0	1546.15829	1524.73120	1529.02892
109.838900	1	1	1	0	1546.16275	1524.72930	1529.02512
109.858900	1	1	1	0	1546.16489	1524.73195	1529.02702
109.878900	1	1	1	0	1546.16645	1524.73082	1529.02702
109.898899	1	1	1	0	1546.16936	1524.73290	1529.02892
109.918899	1	1	1	0	1546.15770	1524.73082	1529.02512
109.938899	1	1	1	0	1546.15770	1524.73290	1529.02512
109.958899	1	1	1	0	1546.15984	1524.73195	1529.02892
109.978899	1	1	1	0	1546.15829	1524.73290	1529.02892
109.998898	1	1	1	0	1546.16936	1524.73365	1529.02892
110.018898	1	1	1	0	1546.16431	1524.73403	1529.02512
110.038898	1	1	1	0	1546.16042	1524.73195	1529.02512
110.058898	1	1	1	0	1546.17150	1524.73195	1529.02702
110.078897	1	1	1	0	1546.15984	1524.73290	1529.02892
110.098897	1	1	1	0	1546.16275	1524.73479	1529.02512
110.118897	1	1	1	0	1546.16489	1524.73271	1529.02892
110.138897	1	1	1	0	1546.15167	1524.73195	1529.02702
110.158897	1	1	1	0	1546.16275	1524.73120	1529.02911
110.178896	1	1	1	0	1546.16198	1524.73195	1529.02702
110.198896	1	1	1	0	1546.16703	1524.73195	1529.02512
110.218896	1	1	1	0	1546.15984	1524.73006	1529.02911
110.238896	1	1	1	0	1546.16878	1524.73195	1529.02721
110.258896	1	1	1	0	1546.15829	1524.73479	1529.02512
110.278896	1	1	1	0	1546.16645	1524.73195	1529.02892
110.298895	1	1	1	0	1546.16198	1524.73630	1529.02702
110.318895	1	1	1	0	1546.16042	1524.73365	1529.02702
110.338895	1	1	1	0	1546.16936	1524.73290	1529.02911
110.358895	1	1	1	0	1546.16548	1524.73082	1529.02512
110.378895	1	1	1	0	1546.15984	1524.72930	1529.02702
110.398894	1	1	1	0	1546.15984	1524.73365	1529.02911
110.418894	1	1	1	0	1546.16645	1524.73195	1529.02702
110.438894	1	1	1	0	1546.16275	1524.73195	1529.02911
110.458894	1	1	1	0	1546.17092	1524.73271	1529.02702
110.478894	1	1	1	0	1546.16139	1524.73195	1529.02702
110.498893	1	1	1	0	1546.15615	1524.73082	1529.02322
110.518893	1	1	1	0	1546.16275	1524.73290	1529.02721
110.538893	1	1	1	0	1546.17150	1524.73214	1529.02702
110.558893	1	1	1	0	1546.15829	1524.73195	1529.02911
110.578892	1	1	1	0	1546.15829	1524.73195	1529.02702
110.598892	1	1	1	0	1546.15829	1524.73365	1529.02512
110.618892	1	1	1	0	1546.16275	1524.73195	1529.02892
110.638892	1	1	1	0	1546.16275	1524.73365	1529.02113
110.658892	1	1	1	0	1546.16042	1524.73120	1529.02702
110.678892	1	1	1	0	1546.15926	1524.73195	1529.02702
110.698891	1	1	1	0	1546.16198	1524.73554	1529.02512
110.718891	1	1	1	0	1546.15615	1524.73271	1529.02702
110.738891	1	1	1	0	1546.16645	1524.73271	1529.02512
110.758891	1	1	1	0	1546.16275	1524.73290	1529.02512
110.778891	1	1	1	0	1546.16431	1524.73195	1529.02531
110.798890	1	1	1	0	1546.16431	1524.73195	1529.02892
110.818890	1	1	1	0	1546.16198	1524.73195	1529.02512
110.838890	1	1	1	0	1546.15984	1524.73195	1529.02702
110.858890	1	1	1	0	1546.16042	1524.73195	1529.02721
110.878890	1	1	1	0	1546.16489	1524.73195	1529.02493
110.898889	1	1	1	0	1546.15537	1524.73365	1529.02512
110.918889	1	1	1	0	1546.16198	1524.73554	1529.02512
110.938889	1	1	1	0	1546.16431	1524.72893	1529.02911
110.958889	1	1	1	0	1546.16645	1524.73195	1529.02892
110.978889	1	1	1	0	1546.16431	1524.73195	1529.02702
110.998888	1	1	1	0	1546.16042	1524.73006	1529.02512
111.018888	1	1	1	0	1546.16431	1524.73290	1529.02303
111.038888	1	1	1	0	1546.16936	1524.73365	1529.02512
